graph_index	t_ns	mode	n_nodes	op	path	detail	src0_name	dst_name	src0_type	src1_type	dst_type	ne00	ne01	ne02	ne03	ne10	ne11	ne12	ne13	nb01	nb02	nb03	nb11	nb12	nb13	src0_contiguous	src1_contiguous	src0_transposed	batch_count	launches
0	1788291912255893777	eager	1927	MUL_MAT	MMVQ	-	blk.0.attn_gate.weight	z-0	q4_K	f32	f32	2560	4096	1	1	2560	2	1	1	1440	5898240	5898240	10240	20480	20480	1	1	0	1	1
0	1788291912255893777	eager	1927	MUL_MAT	MMVQ	-	blk.0.attn_qkv.weight	node_13	q5_K	f32	f32	2560	8192	1	1	2560	2	1	1	1760	14417920	14417920	10240	20480	20480	1	1	0	1	1
0	1788291912255893777	eager	1927	MUL_MAT	MMVQ	-	blk.0.ffn_down.weight	ffn_out-0	q6_K	f32	f32	9216	2560	1	1	9216	2	1	1	7560	19353600	19353600	36864	73728	73728	1	1	0	1	1
0	1788291912255893777	eager	1927	MUL_MAT	MMVQ	-	blk.0.ffn_gate.weight	ffn_gate-0	q4_K	f32	f32	2560	9216	1	1	2560	2	1	1	1440	13271040	13271040	10240	20480	20480	1	1	0	1	1
0	1788291912255893777	eager	1927	MUL_MAT	MMVQ	-	blk.0.ffn_up.weight	ffn_up-0	q4_K	f32	f32	2560	9216	1	1	2560	2	1	1	1440	13271040	13271040	10240	20480	20480	1	1	0	1	1
0	1788291912255893777	eager	1927	MUL_MAT	MMVQ	-	blk.0.ssm_alpha.weight	node_34	q8_0	f32	f32	2560	32	1	1	2560	2	1	1	2720	87040	87040	10240	20480	20480	1	1	0	1	1
0	1788291912255893777	eager	1927	MUL_MAT	MMVQ	-	blk.0.ssm_beta.weight	node_40	q8_0	f32	f32	2560	32	1	1	2560	2	1	1	2720	87040	87040	10240	20480	20480	1	1	0	1	1
0	1788291912255893777	eager	1927	MUL_MAT	MMVQ	-	blk.0.ssm_out.weight	linear_attn_out-0	q5_K	f32	f32	4096	2560	1	1	4096	2	1	1	2816	7208960	7208960	16384	32768	32768	1	1	0	1	1
0	1788291912255893777	eager	1927	MUL_MAT	MMVQ	-	blk.1.attn_gate.weight	z-1	q4_K	f32	f32	2560	4096	1	1	2560	2	1	1	1440	5898240	5898240	10240	20480	20480	1	1	0	1	1
0	1788291912255893777	eager	1927	MUL_MAT	MMVQ	-	blk.1.attn_qkv.weight	node_76	q5_K	f32	f32	2560	8192	1	1	2560	2	1	1	1760	14417920	14417920	10240	20480	20480	1	1	0	1	1
0	1788291912255893777	eager	1927	MUL_MAT	MMVQ	-	blk.1.ffn_down.weight	ffn_out-1	q6_K	f32	f32	9216	2560	1	1	9216	2	1	1	7560	19353600	19353600	36864	73728	73728	1	1	0	1	1
0	1788291912255893777	eager	1927	MUL_MAT	MMVQ	-	blk.1.ffn_gate.weight	ffn_gate-1	q4_K	f32	f32	2560	9216	1	1	2560	2	1	1	1440	13271040	13271040	10240	20480	20480	1	1	0	1	1
0	1788291912255893777	eager	1927	MUL_MAT	MMVQ	-	blk.1.ffn_up.weight	ffn_up-1	q4_K	f32	f32	2560	9216	1	1	2560	2	1	1	1440	13271040	13271040	10240	20480	20480	1	1	0	1	1
0	1788291912255893777	eager	1927	MUL_MAT	MMVQ	-	blk.1.ssm_alpha.weight	node_97	q8_0	f32	f32	2560	32	1	1	2560	2	1	1	2720	87040	87040	10240	20480	20480	1	1	0	1	1
0	1788291912255893777	eager	1927	MUL_MAT	MMVQ	-	blk.1.ssm_beta.weight	node_103	q8_0	f32	f32	2560	32	1	1	2560	2	1	1	2720	87040	87040	10240	20480	20480	1	1	0	1	1
0	1788291912255893777	eager	1927	MUL_MAT	MMVQ	-	blk.1.ssm_out.weight	linear_attn_out-1	q5_K	f32	f32	4096	2560	1	1	4096	2	1	1	2816	7208960	7208960	16384	32768	32768	1	1	0	1	1
0	1788291912255893777	eager	1927	MUL_MAT	MMVQ	-	blk.10.attn_gate.weight	z-10	q4_K	f32	f32	2560	4096	1	1	2560	2	1	1	1440	5898240	5898240	10240	20480	20480	1	1	0	1	1
0	1788291912255893777	eager	1927	MUL_MAT	MMVQ	-	blk.10.attn_qkv.weight	node_619	q5_K	f32	f32	2560	8192	1	1	2560	2	1	1	1760	14417920	14417920	10240	20480	20480	1	1	0	1	1
0	1788291912255893777	eager	1927	MUL_MAT	MMVQ	-	blk.10.ffn_down.weight	ffn_out-10	q4_K	f32	f32	9216	2560	1	1	9216	2	1	1	5184	13271040	13271040	36864	73728	73728	1	1	0	1	1
0	1788291912255893777	eager	1927	MUL_MAT	MMVQ	-	blk.10.ffn_gate.weight	ffn_gate-10	q4_K	f32	f32	2560	9216	1	1	2560	2	1	1	1440	13271040	13271040	10240	20480	20480	1	1	0	1	1
0	1788291912255893777	eager	1927	MUL_MAT	MMVQ	-	blk.10.ffn_up.weight	ffn_up-10	q4_K	f32	f32	2560	9216	1	1	2560	2	1	1	1440	13271040	13271040	10240	20480	20480	1	1	0	1	1
0	1788291912255893777	eager	1927	MUL_MAT	MMVQ	-	blk.10.ssm_alpha.weight	node_640	q8_0	f32	f32	2560	32	1	1	2560	2	1	1	2720	87040	87040	10240	20480	20480	1	1	0	1	1
0	1788291912255893777	eager	1927	MUL_MAT	MMVQ	-	blk.10.ssm_beta.weight	node_646	q8_0	f32	f32	2560	32	1	1	2560	2	1	1	2720	87040	87040	10240	20480	20480	1	1	0	1	1
0	1788291912255893777	eager	1927	MUL_MAT	MMVQ	-	blk.10.ssm_out.weight	linear_attn_out-10	q5_K	f32	f32	4096	2560	1	1	4096	2	1	1	2816	7208960	7208960	16384	32768	32768	1	1	0	1	1
0	1788291912255893777	eager	1927	MUL_MAT	MMVQ	-	blk.11.attn_k.weight	Kcur-11	q4_K	f32	f32	2560	1024	1	1	2560	2	1	1	1440	1474560	1474560	10240	20480	20480	1	1	0	1	1
0	1788291912255893777	eager	1927	MUL_MAT	MMVQ	-	blk.11.attn_output.weight	attn_output-11	q4_K	f32	f32	4096	2560	1	1	4096	2	1	1	2304	5898240	5898240	16384	32768	32768	1	1	0	1	1
0	1788291912255893777	eager	1927	MUL_MAT	MMVQ	-	blk.11.attn_q.weight	Qcur_full-11	q4_K	f32	f32	2560	8192	1	1	2560	2	1	1	1440	11796480	11796480	10240	20480	20480	1	1	0	1	1
0	1788291912255893777	eager	1927	MUL_MAT	MMVQ	-	blk.11.attn_v.weight	Vcur-11	q6_K	f32	f32	2560	1024	1	1	2560	2	1	1	2100	2150400	2150400	10240	20480	20480	1	1	0	1	1
0	1788291912255893777	eager	1927	MUL_MAT	MMVQ	-	blk.11.ffn_down.weight	ffn_out-11	q4_K	f32	f32	9216	2560	1	1	9216	2	1	1	5184	13271040	13271040	36864	73728	73728	1	1	0	1	1
0	1788291912255893777	eager	1927	MUL_MAT	MMVQ	-	blk.11.ffn_gate.weight	ffn_gate-11	q4_K	f32	f32	2560	9216	1	1	2560	2	1	1	1440	13271040	13271040	10240	20480	20480	1	1	0	1	1
0	1788291912255893777	eager	1927	MUL_MAT	MMVQ	-	blk.11.ffn_up.weight	ffn_up-11	q4_K	f32	f32	2560	9216	1	1	2560	2	1	1	1440	13271040	13271040	10240	20480	20480	1	1	0	1	1
0	1788291912255893777	eager	1927	MUL_MAT	MMVQ	-	blk.12.attn_gate.weight	z-12	q4_K	f32	f32	2560	4096	1	1	2560	2	1	1	1440	5898240	5898240	10240	20480	20480	1	1	0	1	1
0	1788291912255893777	eager	1927	MUL_MAT	MMVQ	-	blk.12.attn_qkv.weight	node_733	q5_K	f32	f32	2560	8192	1	1	2560	2	1	1	1760	14417920	14417920	10240	20480	20480	1	1	0	1	1
0	1788291912255893777	eager	1927	MUL_MAT	MMVQ	-	blk.12.ffn_down.weight	ffn_out-12	q6_K	f32	f32	9216	2560	1	1	9216	2	1	1	7560	19353600	19353600	36864	73728	73728	1	1	0	1	1
0	1788291912255893777	eager	1927	MUL_MAT	MMVQ	-	blk.12.ffn_gate.weight	ffn_gate-12	q4_K	f32	f32	2560	9216	1	1	2560	2	1	1	1440	13271040	13271040	10240	20480	20480	1	1	0	1	1
0	1788291912255893777	eager	1927	MUL_MAT	MMVQ	-	blk.12.ffn_up.weight	ffn_up-12	q4_K	f32	f32	2560	9216	1	1	2560	2	1	1	1440	13271040	13271040	10240	20480	20480	1	1	0	1	1
0	1788291912255893777	eager	1927	MUL_MAT	MMVQ	-	blk.12.ssm_alpha.weight	node_754	q8_0	f32	f32	2560	32	1	1	2560	2	1	1	2720	87040	87040	10240	20480	20480	1	1	0	1	1
0	1788291912255893777	eager	1927	MUL_MAT	MMVQ	-	blk.12.ssm_beta.weight	node_760	q8_0	f32	f32	2560	32	1	1	2560	2	1	1	2720	87040	87040	10240	20480	20480	1	1	0	1	1
0	1788291912255893777	eager	1927	MUL_MAT	MMVQ	-	blk.12.ssm_out.weight	linear_attn_out-12	q5_K	f32	f32	4096	2560	1	1	4096	2	1	1	2816	7208960	7208960	16384	32768	32768	1	1	0	1	1
0	1788291912255893777	eager	1927	MUL_MAT	MMVQ	-	blk.13.attn_gate.weight	z-13	q4_K	f32	f32	2560	4096	1	1	2560	2	1	1	1440	5898240	5898240	10240	20480	20480	1	1	0	1	1
0	1788291912255893777	eager	1927	MUL_MAT	MMVQ	-	blk.13.attn_qkv.weight	node_796	q5_K	f32	f32	2560	8192	1	1	2560	2	1	1	1760	14417920	14417920	10240	20480	20480	1	1	0	1	1
0	1788291912255893777	eager	1927	MUL_MAT	MMVQ	-	blk.13.ffn_down.weight	ffn_out-13	q4_K	f32	f32	9216	2560	1	1	9216	2	1	1	5184	13271040	13271040	36864	73728	73728	1	1	0	1	1
0	1788291912255893777	eager	1927	MUL_MAT	MMVQ	-	blk.13.ffn_gate.weight	ffn_gate-13	q4_K	f32	f32	2560	9216	1	1	2560	2	1	1	1440	13271040	13271040	10240	20480	20480	1	1	0	1	1
0	1788291912255893777	eager	1927	MUL_MAT	MMVQ	-	blk.13.ffn_up.weight	ffn_up-13	q4_K	f32	f32	2560	9216	1	1	2560	2	1	1	1440	13271040	13271040	10240	20480	20480	1	1	0	1	1
0	1788291912255893777	eager	1927	MUL_MAT	MMVQ	-	blk.13.ssm_alpha.weight	node_817	q8_0	f32	f32	2560	32	1	1	2560	2	1	1	2720	87040	87040	10240	20480	20480	1	1	0	1	1
0	1788291912255893777	eager	1927	MUL_MAT	MMVQ	-	blk.13.ssm_beta.weight	node_823	q8_0	f32	f32	2560	32	1	1	2560	2	1	1	2720	87040	87040	10240	20480	20480	1	1	0	1	1
0	1788291912255893777	eager	1927	MUL_MAT	MMVQ	-	blk.13.ssm_out.weight	linear_attn_out-13	q5_K	f32	f32	4096	2560	1	1	4096	2	1	1	2816	7208960	7208960	16384	32768	32768	1	1	0	1	1
0	1788291912255893777	eager	1927	MUL_MAT	MMVQ	-	blk.14.attn_gate.weight	z-14	q4_K	f32	f32	2560	4096	1	1	2560	2	1	1	1440	5898240	5898240	10240	20480	20480	1	1	0	1	1
0	1788291912255893777	eager	1927	MUL_MAT	MMVQ	-	blk.14.attn_qkv.weight	node_859	q5_K	f32	f32	2560	8192	1	1	2560	2	1	1	1760	14417920	14417920	10240	20480	20480	1	1	0	1	1
0	1788291912255893777	eager	1927	MUL_MAT	MMVQ	-	blk.14.ffn_down.weight	ffn_out-14	q4_K	f32	f32	9216	2560	1	1	9216	2	1	1	5184	13271040	13271040	36864	73728	73728	1	1	0	1	1
0	1788291912255893777	eager	1927	MUL_MAT	MMVQ	-	blk.14.ffn_gate.weight	ffn_gate-14	q4_K	f32	f32	2560	9216	1	1	2560	2	1	1	1440	13271040	13271040	10240	20480	20480	1	1	0	1	1
0	1788291912255893777	eager	1927	MUL_MAT	MMVQ	-	blk.14.ffn_up.weight	ffn_up-14	q4_K	f32	f32	2560	9216	1	1	2560	2	1	1	1440	13271040	13271040	10240	20480	20480	1	1	0	1	1
0	1788291912255893777	eager	1927	MUL_MAT	MMVQ	-	blk.14.ssm_alpha.weight	node_880	q8_0	f32	f32	2560	32	1	1	2560	2	1	1	2720	87040	87040	10240	20480	20480	1	1	0	1	1
0	1788291912255893777	eager	1927	MUL_MAT	MMVQ	-	blk.14.ssm_beta.weight	node_886	q8_0	f32	f32	2560	32	1	1	2560	2	1	1	2720	87040	87040	10240	20480	20480	1	1	0	1	1
0	1788291912255893777	eager	1927	MUL_MAT	MMVQ	-	blk.14.ssm_out.weight	linear_attn_out-14	q5_K	f32	f32	4096	2560	1	1	4096	2	1	1	2816	7208960	7208960	16384	32768	32768	1	1	0	1	1
0	1788291912255893777	eager	1927	MUL_MAT	MMVQ	-	blk.15.attn_k.weight	Kcur-15	q4_K	f32	f32	2560	1024	1	1	2560	2	1	1	1440	1474560	1474560	10240	20480	20480	1	1	0	1	1
0	1788291912255893777	eager	1927	MUL_MAT	MMVQ	-	blk.15.attn_output.weight	attn_output-15	q4_K	f32	f32	4096	2560	1	1	4096	2	1	1	2304	5898240	5898240	16384	32768	32768	1	1	0	1	1
0	1788291912255893777	eager	1927	MUL_MAT	MMVQ	-	blk.15.attn_q.weight	Qcur_full-15	q4_K	f32	f32	2560	8192	1	1	2560	2	1	1	1440	11796480	11796480	10240	20480	20480	1	1	0	1	1
0	1788291912255893777	eager	1927	MUL_MAT	MMVQ	-	blk.15.attn_v.weight	Vcur-15	q6_K	f32	f32	2560	1024	1	1	2560	2	1	1	2100	2150400	2150400	10240	20480	20480	1	1	0	1	1
0	1788291912255893777	eager	1927	MUL_MAT	MMVQ	-	blk.15.ffn_down.weight	ffn_out-15	q6_K	f32	f32	9216	2560	1	1	9216	2	1	1	7560	19353600	19353600	36864	73728	73728	1	1	0	1	1
0	1788291912255893777	eager	1927	MUL_MAT	MMVQ	-	blk.15.ffn_gate.weight	ffn_gate-15	q4_K	f32	f32	2560	9216	1	1	2560	2	1	1	1440	13271040	13271040	10240	20480	20480	1	1	0	1	1
0	1788291912255893777	eager	1927	MUL_MAT	MMVQ	-	blk.15.ffn_up.weight	ffn_up-15	q4_K	f32	f32	2560	9216	1	1	2560	2	1	1	1440	13271040	13271040	10240	20480	20480	1	1	0	1	1
0	1788291912255893777	eager	1927	MUL_MAT	MMVQ	-	blk.16.attn_gate.weight	z-16	q4_K	f32	f32	2560	4096	1	1	2560	2	1	1	1440	5898240	5898240	10240	20480	20480	1	1	0	1	1
0	1788291912255893777	eager	1927	MUL_MAT	MMVQ	-	blk.16.attn_qkv.weight	node_973	q5_K	f32	f32	2560	8192	1	1	2560	2	1	1	1760	14417920	14417920	10240	20480	20480	1	1	0	1	1
0	1788291912255893777	eager	1927	MUL_MAT	MMVQ	-	blk.16.ffn_down.weight	ffn_out-16	q4_K	f32	f32	9216	2560	1	1	9216	2	1	1	5184	13271040	13271040	36864	73728	73728	1	1	0	1	1
0	1788291912255893777	eager	1927	MUL_MAT	MMVQ	-	blk.16.ffn_gate.weight	ffn_gate-16	q4_K	f32	f32	2560	9216	1	1	2560	2	1	1	1440	13271040	13271040	10240	20480	20480	1	1	0	1	1
0	1788291912255893777	eager	1927	MUL_MAT	MMVQ	-	blk.16.ffn_up.weight	ffn_up-16	q4_K	f32	f32	2560	9216	1	1	2560	2	1	1	1440	13271040	13271040	10240	20480	20480	1	1	0	1	1
0	1788291912255893777	eager	1927	MUL_MAT	MMVQ	-	blk.16.ssm_alpha.weight	node_994	q8_0	f32	f32	2560	32	1	1	2560	2	1	1	2720	87040	87040	10240	20480	20480	1	1	0	1	1
0	1788291912255893777	eager	1927	MUL_MAT	MMVQ	-	blk.16.ssm_beta.weight	node_1000	q8_0	f32	f32	2560	32	1	1	2560	2	1	1	2720	87040	87040	10240	20480	20480	1	1	0	1	1
0	1788291912255893777	eager	1927	MUL_MAT	MMVQ	-	blk.16.ssm_out.weight	linear_attn_out-16	q5_K	f32	f32	4096	2560	1	1	4096	2	1	1	2816	7208960	7208960	16384	32768	32768	1	1	0	1	1
0	1788291912255893777	eager	1927	MUL_MAT	MMVQ	-	blk.17.attn_gate.weight	z-17	q4_K	f32	f32	2560	4096	1	1	2560	2	1	1	1440	5898240	5898240	10240	20480	20480	1	1	0	1	1
0	1788291912255893777	eager	1927	MUL_MAT	MMVQ	-	blk.17.attn_qkv.weight	node_1036	q5_K	f32	f32	2560	8192	1	1	2560	2	1	1	1760	14417920	14417920	10240	20480	20480	1	1	0	1	1
0	1788291912255893777	eager	1927	MUL_MAT	MMVQ	-	blk.17.ffn_down.weight	ffn_out-17	q4_K	f32	f32	9216	2560	1	1	9216	2	1	1	5184	13271040	13271040	36864	73728	73728	1	1	0	1	1
0	1788291912255893777	eager	1927	MUL_MAT	MMVQ	-	blk.17.ffn_gate.weight	ffn_gate-17	q4_K	f32	f32	2560	9216	1	1	2560	2	1	1	1440	13271040	13271040	10240	20480	20480	1	1	0	1	1
0	1788291912255893777	eager	1927	MUL_MAT	MMVQ	-	blk.17.ffn_up.weight	ffn_up-17	q4_K	f32	f32	2560	9216	1	1	2560	2	1	1	1440	13271040	13271040	10240	20480	20480	1	1	0	1	1
0	1788291912255893777	eager	1927	MUL_MAT	MMVQ	-	blk.17.ssm_alpha.weight	node_1057	q8_0	f32	f32	2560	32	1	1	2560	2	1	1	2720	87040	87040	10240	20480	20480	1	1	0	1	1
0	1788291912255893777	eager	1927	MUL_MAT	MMVQ	-	blk.17.ssm_beta.weight	node_1063	q8_0	f32	f32	2560	32	1	1	2560	2	1	1	2720	87040	87040	10240	20480	20480	1	1	0	1	1
0	1788291912255893777	eager	1927	MUL_MAT	MMVQ	-	blk.17.ssm_out.weight	linear_attn_out-17	q5_K	f32	f32	4096	2560	1	1	4096	2	1	1	2816	7208960	7208960	16384	32768	32768	1	1	0	1	1
0	1788291912255893777	eager	1927	MUL_MAT	MMVQ	-	blk.18.attn_gate.weight	z-18	q4_K	f32	f32	2560	4096	1	1	2560	2	1	1	1440	5898240	5898240	10240	20480	20480	1	1	0	1	1
0	1788291912255893777	eager	1927	MUL_MAT	MMVQ	-	blk.18.attn_qkv.weight	node_1099	q5_K	f32	f32	2560	8192	1	1	2560	2	1	1	1760	14417920	14417920	10240	20480	20480	1	1	0	1	1
0	1788291912255893777	eager	1927	MUL_MAT	MMVQ	-	blk.18.ffn_down.weight	ffn_out-18	q6_K	f32	f32	9216	2560	1	1	9216	2	1	1	7560	19353600	19353600	36864	73728	73728	1	1	0	1	1
0	1788291912255893777	eager	1927	MUL_MAT	MMVQ	-	blk.18.ffn_gate.weight	ffn_gate-18	q4_K	f32	f32	2560	9216	1	1	2560	2	1	1	1440	13271040	13271040	10240	20480	20480	1	1	0	1	1
0	1788291912255893777	eager	1927	MUL_MAT	MMVQ	-	blk.18.ffn_up.weight	ffn_up-18	q4_K	f32	f32	2560	9216	1	1	2560	2	1	1	1440	13271040	13271040	10240	20480	20480	1	1	0	1	1
0	1788291912255893777	eager	1927	MUL_MAT	MMVQ	-	blk.18.ssm_alpha.weight	node_1120	q8_0	f32	f32	2560	32	1	1	2560	2	1	1	2720	87040	87040	10240	20480	20480	1	1	0	1	1
0	1788291912255893777	eager	1927	MUL_MAT	MMVQ	-	blk.18.ssm_beta.weight	node_1126	q8_0	f32	f32	2560	32	1	1	2560	2	1	1	2720	87040	87040	10240	20480	20480	1	1	0	1	1
0	1788291912255893777	eager	1927	MUL_MAT	MMVQ	-	blk.18.ssm_out.weight	linear_attn_out-18	q5_K	f32	f32	4096	2560	1	1	4096	2	1	1	2816	7208960	7208960	16384	32768	32768	1	1	0	1	1
0	1788291912255893777	eager	1927	MUL_MAT	MMVQ	-	blk.19.attn_k.weight	Kcur-19	q4_K	f32	f32	2560	1024	1	1	2560	2	1	1	1440	1474560	1474560	10240	20480	20480	1	1	0	1	1
0	1788291912255893777	eager	1927	MUL_MAT	MMVQ	-	blk.19.attn_output.weight	attn_output-19	q4_K	f32	f32	4096	2560	1	1	4096	2	1	1	2304	5898240	5898240	16384	32768	32768	1	1	0	1	1
0	1788291912255893777	eager	1927	MUL_MAT	MMVQ	-	blk.19.attn_q.weight	Qcur_full-19	q4_K	f32	f32	2560	8192	1	1	2560	2	1	1	1440	11796480	11796480	10240	20480	20480	1	1	0	1	1
0	1788291912255893777	eager	1927	MUL_MAT	MMVQ	-	blk.19.attn_v.weight	Vcur-19	q4_K	f32	f32	2560	1024	1	1	2560	2	1	1	1440	1474560	1474560	10240	20480	20480	1	1	0	1	1
0	1788291912255893777	eager	1927	MUL_MAT	MMVQ	-	blk.19.ffn_down.weight	ffn_out-19	q4_K	f32	f32	9216	2560	1	1	9216	2	1	1	5184	13271040	13271040	36864	73728	73728	1	1	0	1	1
0	1788291912255893777	eager	1927	MUL_MAT	MMVQ	-	blk.19.ffn_gate.weight	ffn_gate-19	q4_K	f32	f32	2560	9216	1	1	2560	2	1	1	1440	13271040	13271040	10240	20480	20480	1	1	0	1	1
0	1788291912255893777	eager	1927	MUL_MAT	MMVQ	-	blk.19.ffn_up.weight	ffn_up-19	q4_K	f32	f32	2560	9216	1	1	2560	2	1	1	1440	13271040	13271040	10240	20480	20480	1	1	0	1	1
0	1788291912255893777	eager	1927	MUL_MAT	MMVQ	-	blk.2.attn_gate.weight	z-2	q4_K	f32	f32	2560	4096	1	1	2560	2	1	1	1440	5898240	5898240	10240	20480	20480	1	1	0	1	1
0	1788291912255893777	eager	1927	MUL_MAT	MMVQ	-	blk.2.attn_qkv.weight	node_139	q5_K	f32	f32	2560	8192	1	1	2560	2	1	1	1760	14417920	14417920	10240	20480	20480	1	1	0	1	1
0	1788291912255893777	eager	1927	MUL_MAT	MMVQ	-	blk.2.ffn_down.weight	ffn_out-2	q6_K	f32	f32	9216	2560	1	1	9216	2	1	1	7560	19353600	19353600	36864	73728	73728	1	1	0	1	1
0	1788291912255893777	eager	1927	MUL_MAT	MMVQ	-	blk.2.ffn_gate.weight	ffn_gate-2	q4_K	f32	f32	2560	9216	1	1	2560	2	1	1	1440	13271040	13271040	10240	20480	20480	1	1	0	1	1
0	1788291912255893777	eager	1927	MUL_MAT	MMVQ	-	blk.2.ffn_up.weight	ffn_up-2	q4_K	f32	f32	2560	9216	1	1	2560	2	1	1	1440	13271040	13271040	10240	20480	20480	1	1	0	1	1
0	1788291912255893777	eager	1927	MUL_MAT	MMVQ	-	blk.2.ssm_alpha.weight	node_160	q8_0	f32	f32	2560	32	1	1	2560	2	1	1	2720	87040	87040	10240	20480	20480	1	1	0	1	1
0	1788291912255893777	eager	1927	MUL_MAT	MMVQ	-	blk.2.ssm_beta.weight	node_166	q8_0	f32	f32	2560	32	1	1	2560	2	1	1	2720	87040	87040	10240	20480	20480	1	1	0	1	1
0	1788291912255893777	eager	1927	MUL_MAT	MMVQ	-	blk.2.ssm_out.weight	linear_attn_out-2	q5_K	f32	f32	4096	2560	1	1	4096	2	1	1	2816	7208960	7208960	16384	32768	32768	1	1	0	1	1
0	1788291912255893777	eager	1927	MUL_MAT	MMVQ	-	blk.20.attn_gate.weight	z-20	q4_K	f32	f32	2560	4096	1	1	2560	2	1	1	1440	5898240	5898240	10240	20480	20480	1	1	0	1	1
0	1788291912255893777	eager	1927	MUL_MAT	MMVQ	-	blk.20.attn_qkv.weight	node_1213	q5_K	f32	f32	2560	8192	1	1	2560	2	1	1	1760	14417920	14417920	10240	20480	20480	1	1	0	1	1
0	1788291912255893777	eager	1927	MUL_MAT	MMVQ	-	blk.20.ffn_down.weight	ffn_out-20	q4_K	f32	f32	9216	2560	1	1	9216	2	1	1	5184	13271040	13271040	36864	73728	73728	1	1	0	1	1
0	1788291912255893777	eager	1927	MUL_MAT	MMVQ	-	blk.20.ffn_gate.weight	ffn_gate-20	q4_K	f32	f32	2560	9216	1	1	2560	2	1	1	1440	13271040	13271040	10240	20480	20480	1	1	0	1	1
0	1788291912255893777	eager	1927	MUL_MAT	MMVQ	-	blk.20.ffn_up.weight	ffn_up-20	q4_K	f32	f32	2560	9216	1	1	2560	2	1	1	1440	13271040	13271040	10240	20480	20480	1	1	0	1	1
0	1788291912255893777	eager	1927	MUL_MAT	MMVQ	-	blk.20.ssm_alpha.weight	node_1234	q8_0	f32	f32	2560	32	1	1	2560	2	1	1	2720	87040	87040	10240	20480	20480	1	1	0	1	1
0	1788291912255893777	eager	1927	MUL_MAT	MMVQ	-	blk.20.ssm_beta.weight	node_1240	q8_0	f32	f32	2560	32	1	1	2560	2	1	1	2720	87040	87040	10240	20480	20480	1	1	0	1	1
0	1788291912255893777	eager	1927	MUL_MAT	MMVQ	-	blk.20.ssm_out.weight	linear_attn_out-20	q5_K	f32	f32	4096	2560	1	1	4096	2	1	1	2816	7208960	7208960	16384	32768	32768	1	1	0	1	1
0	1788291912255893777	eager	1927	MUL_MAT	MMVQ	-	blk.21.attn_gate.weight	z-21	q4_K	f32	f32	2560	4096	1	1	2560	2	1	1	1440	5898240	5898240	10240	20480	20480	1	1	0	1	1
0	1788291912255893777	eager	1927	MUL_MAT	MMVQ	-	blk.21.attn_qkv.weight	node_1276	q5_K	f32	f32	2560	8192	1	1	2560	2	1	1	1760	14417920	14417920	10240	20480	20480	1	1	0	1	1
0	1788291912255893777	eager	1927	MUL_MAT	MMVQ	-	blk.21.ffn_down.weight	ffn_out-21	q6_K	f32	f32	9216	2560	1	1	9216	2	1	1	7560	19353600	19353600	36864	73728	73728	1	1	0	1	1
0	1788291912255893777	eager	1927	MUL_MAT	MMVQ	-	blk.21.ffn_gate.weight	ffn_gate-21	q4_K	f32	f32	2560	9216	1	1	2560	2	1	1	1440	13271040	13271040	10240	20480	20480	1	1	0	1	1
0	1788291912255893777	eager	1927	MUL_MAT	MMVQ	-	blk.21.ffn_up.weight	ffn_up-21	q4_K	f32	f32	2560	9216	1	1	2560	2	1	1	1440	13271040	13271040	10240	20480	20480	1	1	0	1	1
0	1788291912255893777	eager	1927	MUL_MAT	MMVQ	-	blk.21.ssm_alpha.weight	node_1297	q8_0	f32	f32	2560	32	1	1	2560	2	1	1	2720	87040	87040	10240	20480	20480	1	1	0	1	1
0	1788291912255893777	eager	1927	MUL_MAT	MMVQ	-	blk.21.ssm_beta.weight	node_1303	q8_0	f32	f32	2560	32	1	1	2560	2	1	1	2720	87040	87040	10240	20480	20480	1	1	0	1	1
0	1788291912255893777	eager	1927	MUL_MAT	MMVQ	-	blk.21.ssm_out.weight	linear_attn_out-21	q5_K	f32	f32	4096	2560	1	1	4096	2	1	1	2816	7208960	7208960	16384	32768	32768	1	1	0	1	1
0	1788291912255893777	eager	1927	MUL_MAT	MMVQ	-	blk.22.attn_gate.weight	z-22	q4_K	f32	f32	2560	4096	1	1	2560	2	1	1	1440	5898240	5898240	10240	20480	20480	1	1	0	1	1
0	1788291912255893777	eager	1927	MUL_MAT	MMVQ	-	blk.22.attn_qkv.weight	node_1339	q5_K	f32	f32	2560	8192	1	1	2560	2	1	1	1760	14417920	14417920	10240	20480	20480	1	1	0	1	1
0	1788291912255893777	eager	1927	MUL_MAT	MMVQ	-	blk.22.ffn_down.weight	ffn_out-22	q4_K	f32	f32	9216	2560	1	1	9216	2	1	1	5184	13271040	13271040	36864	73728	73728	1	1	0	1	1
0	1788291912255893777	eager	1927	MUL_MAT	MMVQ	-	blk.22.ffn_gate.weight	ffn_gate-22	q4_K	f32	f32	2560	9216	1	1	2560	2	1	1	1440	13271040	13271040	10240	20480	20480	1	1	0	1	1
0	1788291912255893777	eager	1927	MUL_MAT	MMVQ	-	blk.22.ffn_up.weight	ffn_up-22	q4_K	f32	f32	2560	9216	1	1	2560	2	1	1	1440	13271040	13271040	10240	20480	20480	1	1	0	1	1
0	1788291912255893777	eager	1927	MUL_MAT	MMVQ	-	blk.22.ssm_alpha.weight	node_1360	q8_0	f32	f32	2560	32	1	1	2560	2	1	1	2720	87040	87040	10240	20480	20480	1	1	0	1	1
0	1788291912255893777	eager	1927	MUL_MAT	MMVQ	-	blk.22.ssm_beta.weight	node_1366	q8_0	f32	f32	2560	32	1	1	2560	2	1	1	2720	87040	87040	10240	20480	20480	1	1	0	1	1
0	1788291912255893777	eager	1927	MUL_MAT	MMVQ	-	blk.22.ssm_out.weight	linear_attn_out-22	q5_K	f32	f32	4096	2560	1	1	4096	2	1	1	2816	7208960	7208960	16384	32768	32768	1	1	0	1	1
0	1788291912255893777	eager	1927	MUL_MAT	MMVQ	-	blk.23.attn_k.weight	Kcur-23	q4_K	f32	f32	2560	1024	1	1	2560	2	1	1	1440	1474560	1474560	10240	20480	20480	1	1	0	1	1
0	1788291912255893777	eager	1927	MUL_MAT	MMVQ	-	blk.23.attn_output.weight	attn_output-23	q4_K	f32	f32	4096	2560	1	1	4096	2	1	1	2304	5898240	5898240	16384	32768	32768	1	1	0	1	1
0	1788291912255893777	eager	1927	MUL_MAT	MMVQ	-	blk.23.attn_q.weight	Qcur_full-23	q4_K	f32	f32	2560	8192	1	1	2560	2	1	1	1440	11796480	11796480	10240	20480	20480	1	1	0	1	1
0	1788291912255893777	eager	1927	MUL_MAT	MMVQ	-	blk.23.attn_v.weight	Vcur-23	q4_K	f32	f32	2560	1024	1	1	2560	2	1	1	1440	1474560	1474560	10240	20480	20480	1	1	0	1	1
0	1788291912255893777	eager	1927	MUL_MAT	MMVQ	-	blk.23.ffn_down.weight	ffn_out-23	q4_K	f32	f32	9216	2560	1	1	9216	2	1	1	5184	13271040	13271040	36864	73728	73728	1	1	0	1	1
0	1788291912255893777	eager	1927	MUL_MAT	MMVQ	-	blk.23.ffn_gate.weight	ffn_gate-23	q4_K	f32	f32	2560	9216	1	1	2560	2	1	1	1440	13271040	13271040	10240	20480	20480	1	1	0	1	1
0	1788291912255893777	eager	1927	MUL_MAT	MMVQ	-	blk.23.ffn_up.weight	ffn_up-23	q4_K	f32	f32	2560	9216	1	1	2560	2	1	1	1440	13271040	13271040	10240	20480	20480	1	1	0	1	1
0	1788291912255893777	eager	1927	MUL_MAT	MMVQ	-	blk.24.attn_gate.weight	z-24	q4_K	f32	f32	2560	4096	1	1	2560	2	1	1	1440	5898240	5898240	10240	20480	20480	1	1	0	1	1
0	1788291912255893777	eager	1927	MUL_MAT	MMVQ	-	blk.24.attn_qkv.weight	node_1453	q5_K	f32	f32	2560	8192	1	1	2560	2	1	1	1760	14417920	14417920	10240	20480	20480	1	1	0	1	1
0	1788291912255893777	eager	1927	MUL_MAT	MMVQ	-	blk.24.ffn_down.weight	ffn_out-24	q6_K	f32	f32	9216	2560	1	1	9216	2	1	1	7560	19353600	19353600	36864	73728	73728	1	1	0	1	1
0	1788291912255893777	eager	1927	MUL_MAT	MMVQ	-	blk.24.ffn_gate.weight	ffn_gate-24	q4_K	f32	f32	2560	9216	1	1	2560	2	1	1	1440	13271040	13271040	10240	20480	20480	1	1	0	1	1
0	1788291912255893777	eager	1927	MUL_MAT	MMVQ	-	blk.24.ffn_up.weight	ffn_up-24	q4_K	f32	f32	2560	9216	1	1	2560	2	1	1	1440	13271040	13271040	10240	20480	20480	1	1	0	1	1
0	1788291912255893777	eager	1927	MUL_MAT	MMVQ	-	blk.24.ssm_alpha.weight	node_1474	q8_0	f32	f32	2560	32	1	1	2560	2	1	1	2720	87040	87040	10240	20480	20480	1	1	0	1	1
0	1788291912255893777	eager	1927	MUL_MAT	MMVQ	-	blk.24.ssm_beta.weight	node_1480	q8_0	f32	f32	2560	32	1	1	2560	2	1	1	2720	87040	87040	10240	20480	20480	1	1	0	1	1
0	1788291912255893777	eager	1927	MUL_MAT	MMVQ	-	blk.24.ssm_out.weight	linear_attn_out-24	q5_K	f32	f32	4096	2560	1	1	4096	2	1	1	2816	7208960	7208960	16384	32768	32768	1	1	0	1	1
0	1788291912255893777	eager	1927	MUL_MAT	MMVQ	-	blk.25.attn_gate.weight	z-25	q4_K	f32	f32	2560	4096	1	1	2560	2	1	1	1440	5898240	5898240	10240	20480	20480	1	1	0	1	1
0	1788291912255893777	eager	1927	MUL_MAT	MMVQ	-	blk.25.attn_qkv.weight	node_1516	q5_K	f32	f32	2560	8192	1	1	2560	2	1	1	1760	14417920	14417920	10240	20480	20480	1	1	0	1	1
0	1788291912255893777	eager	1927	MUL_MAT	MMVQ	-	blk.25.ffn_down.weight	ffn_out-25	q4_K	f32	f32	9216	2560	1	1	9216	2	1	1	5184	13271040	13271040	36864	73728	73728	1	1	0	1	1
0	1788291912255893777	eager	1927	MUL_MAT	MMVQ	-	blk.25.ffn_gate.weight	ffn_gate-25	q4_K	f32	f32	2560	9216	1	1	2560	2	1	1	1440	13271040	13271040	10240	20480	20480	1	1	0	1	1
0	1788291912255893777	eager	1927	MUL_MAT	MMVQ	-	blk.25.ffn_up.weight	ffn_up-25	q4_K	f32	f32	2560	9216	1	1	2560	2	1	1	1440	13271040	13271040	10240	20480	20480	1	1	0	1	1
0	1788291912255893777	eager	1927	MUL_MAT	MMVQ	-	blk.25.ssm_alpha.weight	node_1537	q8_0	f32	f32	2560	32	1	1	2560	2	1	1	2720	87040	87040	10240	20480	20480	1	1	0	1	1
0	1788291912255893777	eager	1927	MUL_MAT	MMVQ	-	blk.25.ssm_beta.weight	node_1543	q8_0	f32	f32	2560	32	1	1	2560	2	1	1	2720	87040	87040	10240	20480	20480	1	1	0	1	1
0	1788291912255893777	eager	1927	MUL_MAT	MMVQ	-	blk.25.ssm_out.weight	linear_attn_out-25	q5_K	f32	f32	4096	2560	1	1	4096	2	1	1	2816	7208960	7208960	16384	32768	32768	1	1	0	1	1
0	1788291912255893777	eager	1927	MUL_MAT	MMVQ	-	blk.26.attn_gate.weight	z-26	q4_K	f32	f32	2560	4096	1	1	2560	2	1	1	1440	5898240	5898240	10240	20480	20480	1	1	0	1	1
0	1788291912255893777	eager	1927	MUL_MAT	MMVQ	-	blk.26.attn_qkv.weight	node_1579	q5_K	f32	f32	2560	8192	1	1	2560	2	1	1	1760	14417920	14417920	10240	20480	20480	1	1	0	1	1
0	1788291912255893777	eager	1927	MUL_MAT	MMVQ	-	blk.26.ffn_down.weight	ffn_out-26	q4_K	f32	f32	9216	2560	1	1	9216	2	1	1	5184	13271040	13271040	36864	73728	73728	1	1	0	1	1
0	1788291912255893777	eager	1927	MUL_MAT	MMVQ	-	blk.26.ffn_gate.weight	ffn_gate-26	q4_K	f32	f32	2560	9216	1	1	2560	2	1	1	1440	13271040	13271040	10240	20480	20480	1	1	0	1	1
0	1788291912255893777	eager	1927	MUL_MAT	MMVQ	-	blk.26.ffn_up.weight	ffn_up-26	q4_K	f32	f32	2560	9216	1	1	2560	2	1	1	1440	13271040	13271040	10240	20480	20480	1	1	0	1	1
0	1788291912255893777	eager	1927	MUL_MAT	MMVQ	-	blk.26.ssm_alpha.weight	node_1600	q8_0	f32	f32	2560	32	1	1	2560	2	1	1	2720	87040	87040	10240	20480	20480	1	1	0	1	1
0	1788291912255893777	eager	1927	MUL_MAT	MMVQ	-	blk.26.ssm_beta.weight	node_1606	q8_0	f32	f32	2560	32	1	1	2560	2	1	1	2720	87040	87040	10240	20480	20480	1	1	0	1	1
0	1788291912255893777	eager	1927	MUL_MAT	MMVQ	-	blk.26.ssm_out.weight	linear_attn_out-26	q5_K	f32	f32	4096	2560	1	1	4096	2	1	1	2816	7208960	7208960	16384	32768	32768	1	1	0	1	1
0	1788291912255893777	eager	1927	MUL_MAT	MMVQ	-	blk.27.attn_k.weight	Kcur-27	q4_K	f32	f32	2560	1024	1	1	2560	2	1	1	1440	1474560	1474560	10240	20480	20480	1	1	0	1	1
0	1788291912255893777	eager	1927	MUL_MAT	MMVQ	-	blk.27.attn_output.weight	attn_output-27	q4_K	f32	f32	4096	2560	1	1	4096	2	1	1	2304	5898240	5898240	16384	32768	32768	1	1	0	1	1
0	1788291912255893777	eager	1927	MUL_MAT	MMVQ	-	blk.27.attn_q.weight	Qcur_full-27	q4_K	f32	f32	2560	8192	1	1	2560	2	1	1	1440	11796480	11796480	10240	20480	20480	1	1	0	1	1
0	1788291912255893777	eager	1927	MUL_MAT	MMVQ	-	blk.27.attn_v.weight	Vcur-27	q6_K	f32	f32	2560	1024	1	1	2560	2	1	1	2100	2150400	2150400	10240	20480	20480	1	1	0	1	1
0	1788291912255893777	eager	1927	MUL_MAT	MMVQ	-	blk.27.ffn_down.weight	ffn_out-27	q6_K	f32	f32	9216	2560	1	1	9216	2	1	1	7560	19353600	19353600	36864	73728	73728	1	1	0	1	1
0	1788291912255893777	eager	1927	MUL_MAT	MMVQ	-	blk.27.ffn_gate.weight	ffn_gate-27	q4_K	f32	f32	2560	9216	1	1	2560	2	1	1	1440	13271040	13271040	10240	20480	20480	1	1	0	1	1
0	1788291912255893777	eager	1927	MUL_MAT	MMVQ	-	blk.27.ffn_up.weight	ffn_up-27	q4_K	f32	f32	2560	9216	1	1	2560	2	1	1	1440	13271040	13271040	10240	20480	20480	1	1	0	1	1
0	1788291912255893777	eager	1927	MUL_MAT	MMVQ	-	blk.28.attn_gate.weight	z-28	q4_K	f32	f32	2560	4096	1	1	2560	2	1	1	1440	5898240	5898240	10240	20480	20480	1	1	0	1	1
0	1788291912255893777	eager	1927	MUL_MAT	MMVQ	-	blk.28.attn_qkv.weight	node_1693	q5_K	f32	f32	2560	8192	1	1	2560	2	1	1	1760	14417920	14417920	10240	20480	20480	1	1	0	1	1
0	1788291912255893777	eager	1927	MUL_MAT	MMVQ	-	blk.28.ffn_down.weight	ffn_out-28	q6_K	f32	f32	9216	2560	1	1	9216	2	1	1	7560	19353600	19353600	36864	73728	73728	1	1	0	1	1
0	1788291912255893777	eager	1927	MUL_MAT	MMVQ	-	blk.28.ffn_gate.weight	ffn_gate-28	q4_K	f32	f32	2560	9216	1	1	2560	2	1	1	1440	13271040	13271040	10240	20480	20480	1	1	0	1	1
0	1788291912255893777	eager	1927	MUL_MAT	MMVQ	-	blk.28.ffn_up.weight	ffn_up-28	q4_K	f32	f32	2560	9216	1	1	2560	2	1	1	1440	13271040	13271040	10240	20480	20480	1	1	0	1	1
0	1788291912255893777	eager	1927	MUL_MAT	MMVQ	-	blk.28.ssm_alpha.weight	node_1714	q8_0	f32	f32	2560	32	1	1	2560	2	1	1	2720	87040	87040	10240	20480	20480	1	1	0	1	1
0	1788291912255893777	eager	1927	MUL_MAT	MMVQ	-	blk.28.ssm_beta.weight	node_1720	q8_0	f32	f32	2560	32	1	1	2560	2	1	1	2720	87040	87040	10240	20480	20480	1	1	0	1	1
0	1788291912255893777	eager	1927	MUL_MAT	MMVQ	-	blk.28.ssm_out.weight	linear_attn_out-28	q5_K	f32	f32	4096	2560	1	1	4096	2	1	1	2816	7208960	7208960	16384	32768	32768	1	1	0	1	1
0	1788291912255893777	eager	1927	MUL_MAT	MMVQ	-	blk.29.attn_gate.weight	z-29	q4_K	f32	f32	2560	4096	1	1	2560	2	1	1	1440	5898240	5898240	10240	20480	20480	1	1	0	1	1
0	1788291912255893777	eager	1927	MUL_MAT	MMVQ	-	blk.29.attn_qkv.weight	node_1756	q5_K	f32	f32	2560	8192	1	1	2560	2	1	1	1760	14417920	14417920	10240	20480	20480	1	1	0	1	1
0	1788291912255893777	eager	1927	MUL_MAT	MMVQ	-	blk.29.ffn_down.weight	ffn_out-29	q6_K	f32	f32	9216	2560	1	1	9216	2	1	1	7560	19353600	19353600	36864	73728	73728	1	1	0	1	1
0	1788291912255893777	eager	1927	MUL_MAT	MMVQ	-	blk.29.ffn_gate.weight	ffn_gate-29	q4_K	f32	f32	2560	9216	1	1	2560	2	1	1	1440	13271040	13271040	10240	20480	20480	1	1	0	1	1
0	1788291912255893777	eager	1927	MUL_MAT	MMVQ	-	blk.29.ffn_up.weight	ffn_up-29	q4_K	f32	f32	2560	9216	1	1	2560	2	1	1	1440	13271040	13271040	10240	20480	20480	1	1	0	1	1
0	1788291912255893777	eager	1927	MUL_MAT	MMVQ	-	blk.29.ssm_alpha.weight	node_1777	q8_0	f32	f32	2560	32	1	1	2560	2	1	1	2720	87040	87040	10240	20480	20480	1	1	0	1	1
0	1788291912255893777	eager	1927	MUL_MAT	MMVQ	-	blk.29.ssm_beta.weight	node_1783	q8_0	f32	f32	2560	32	1	1	2560	2	1	1	2720	87040	87040	10240	20480	20480	1	1	0	1	1
0	1788291912255893777	eager	1927	MUL_MAT	MMVQ	-	blk.29.ssm_out.weight	linear_attn_out-29	q5_K	f32	f32	4096	2560	1	1	4096	2	1	1	2816	7208960	7208960	16384	32768	32768	1	1	0	1	1
0	1788291912255893777	eager	1927	MUL_MAT	MMVQ	-	blk.3.attn_k.weight	Kcur-3	q4_K	f32	f32	2560	1024	1	1	2560	2	1	1	1440	1474560	1474560	10240	20480	20480	1	1	0	1	1
0	1788291912255893777	eager	1927	MUL_MAT	MMVQ	-	blk.3.attn_output.weight	attn_output-3	q4_K	f32	f32	4096	2560	1	1	4096	2	1	1	2304	5898240	5898240	16384	32768	32768	1	1	0	1	1
0	1788291912255893777	eager	1927	MUL_MAT	MMVQ	-	blk.3.attn_q.weight	Qcur_full-3	q4_K	f32	f32	2560	8192	1	1	2560	2	1	1	1440	11796480	11796480	10240	20480	20480	1	1	0	1	1
0	1788291912255893777	eager	1927	MUL_MAT	MMVQ	-	blk.3.attn_v.weight	Vcur-3	q6_K	f32	f32	2560	1024	1	1	2560	2	1	1	2100	2150400	2150400	10240	20480	20480	1	1	0	1	1
0	1788291912255893777	eager	1927	MUL_MAT	MMVQ	-	blk.3.ffn_down.weight	ffn_out-3	q6_K	f32	f32	9216	2560	1	1	9216	2	1	1	7560	19353600	19353600	36864	73728	73728	1	1	0	1	1
0	1788291912255893777	eager	1927	MUL_MAT	MMVQ	-	blk.3.ffn_gate.weight	ffn_gate-3	q4_K	f32	f32	2560	9216	1	1	2560	2	1	1	1440	13271040	13271040	10240	20480	20480	1	1	0	1	1
0	1788291912255893777	eager	1927	MUL_MAT	MMVQ	-	blk.3.ffn_up.weight	ffn_up-3	q4_K	f32	f32	2560	9216	1	1	2560	2	1	1	1440	13271040	13271040	10240	20480	20480	1	1	0	1	1
0	1788291912255893777	eager	1927	MUL_MAT	MMVQ	-	blk.30.attn_gate.weight	z-30	q4_K	f32	f32	2560	4096	1	1	2560	2	1	1	1440	5898240	5898240	10240	20480	20480	1	1	0	1	1
0	1788291912255893777	eager	1927	MUL_MAT	MMVQ	-	blk.30.attn_qkv.weight	node_1819	q5_K	f32	f32	2560	8192	1	1	2560	2	1	1	1760	14417920	14417920	10240	20480	20480	1	1	0	1	1
0	1788291912255893777	eager	1927	MUL_MAT	MMVQ	-	blk.30.ffn_down.weight	ffn_out-30	q6_K	f32	f32	9216	2560	1	1	9216	2	1	1	7560	19353600	19353600	36864	73728	73728	1	1	0	1	1
0	1788291912255893777	eager	1927	MUL_MAT	MMVQ	-	blk.30.ffn_gate.weight	ffn_gate-30	q4_K	f32	f32	2560	9216	1	1	2560	2	1	1	1440	13271040	13271040	10240	20480	20480	1	1	0	1	1
0	1788291912255893777	eager	1927	MUL_MAT	MMVQ	-	blk.30.ffn_up.weight	ffn_up-30	q4_K	f32	f32	2560	9216	1	1	2560	2	1	1	1440	13271040	13271040	10240	20480	20480	1	1	0	1	1
0	1788291912255893777	eager	1927	MUL_MAT	MMVQ	-	blk.30.ssm_alpha.weight	node_1840	q8_0	f32	f32	2560	32	1	1	2560	2	1	1	2720	87040	87040	10240	20480	20480	1	1	0	1	1
0	1788291912255893777	eager	1927	MUL_MAT	MMVQ	-	blk.30.ssm_beta.weight	node_1846	q8_0	f32	f32	2560	32	1	1	2560	2	1	1	2720	87040	87040	10240	20480	20480	1	1	0	1	1
0	1788291912255893777	eager	1927	MUL_MAT	MMVQ	-	blk.30.ssm_out.weight	linear_attn_out-30	q5_K	f32	f32	4096	2560	1	1	4096	2	1	1	2816	7208960	7208960	16384	32768	32768	1	1	0	1	1
0	1788291912255893777	eager	1927	MUL_MAT	MMVQ	-	blk.31.attn_k.weight	Kcur-31	q4_K	f32	f32	2560	1024	1	1	2560	2	1	1	1440	1474560	1474560	10240	20480	20480	1	1	0	1	1
0	1788291912255893777	eager	1927	MUL_MAT	MMVQ	-	blk.31.attn_output.weight	attn_output-31	q4_K	f32	f32	4096	2560	1	1	4096	2	1	1	2304	5898240	5898240	16384	32768	32768	1	1	0	1	1
0	1788291912255893777	eager	1927	MUL_MAT	MMVQ	-	blk.31.attn_q.weight	Qcur_full-31	q4_K	f32	f32	2560	8192	1	1	2560	2	1	1	1440	11796480	11796480	10240	20480	20480	1	1	0	1	1
0	1788291912255893777	eager	1927	MUL_MAT	MMVQ	-	blk.31.attn_v.weight	Vcur-31	q4_K	f32	f32	2560	1024	1	1	2560	2	1	1	1440	1474560	1474560	10240	20480	20480	1	1	0	1	1
0	1788291912255893777	eager	1927	MUL_MAT	MMVQ	-	blk.31.ffn_down.weight	ffn_out-31	q6_K	f32	f32	9216	2560	1	1	9216	2	1	1	7560	19353600	19353600	36864	73728	73728	1	1	0	1	1
0	1788291912255893777	eager	1927	MUL_MAT	MMVQ	-	blk.31.ffn_gate.weight	ffn_gate-31	q4_K	f32	f32	2560	9216	1	1	2560	2	1	1	1440	13271040	13271040	10240	20480	20480	1	1	0	1	1
0	1788291912255893777	eager	1927	MUL_MAT	MMVQ	-	blk.31.ffn_up.weight	ffn_up-31	q4_K	f32	f32	2560	9216	1	1	2560	2	1	1	1440	13271040	13271040	10240	20480	20480	1	1	0	1	1
0	1788291912255893777	eager	1927	MUL_MAT	MMVQ	-	blk.4.attn_gate.weight	z-4	q4_K	f32	f32	2560	4096	1	1	2560	2	1	1	1440	5898240	5898240	10240	20480	20480	1	1	0	1	1
0	1788291912255893777	eager	1927	MUL_MAT	MMVQ	-	blk.4.attn_qkv.weight	node_253	q5_K	f32	f32	2560	8192	1	1	2560	2	1	1	1760	14417920	14417920	10240	20480	20480	1	1	0	1	1
0	1788291912255893777	eager	1927	MUL_MAT	MMVQ	-	blk.4.ffn_down.weight	ffn_out-4	q4_K	f32	f32	9216	2560	1	1	9216	2	1	1	5184	13271040	13271040	36864	73728	73728	1	1	0	1	1
0	1788291912255893777	eager	1927	MUL_MAT	MMVQ	-	blk.4.ffn_gate.weight	ffn_gate-4	q4_K	f32	f32	2560	9216	1	1	2560	2	1	1	1440	13271040	13271040	10240	20480	20480	1	1	0	1	1
0	1788291912255893777	eager	1927	MUL_MAT	MMVQ	-	blk.4.ffn_up.weight	ffn_up-4	q4_K	f32	f32	2560	9216	1	1	2560	2	1	1	1440	13271040	13271040	10240	20480	20480	1	1	0	1	1
0	1788291912255893777	eager	1927	MUL_MAT	MMVQ	-	blk.4.ssm_alpha.weight	node_274	q8_0	f32	f32	2560	32	1	1	2560	2	1	1	2720	87040	87040	10240	20480	20480	1	1	0	1	1
0	1788291912255893777	eager	1927	MUL_MAT	MMVQ	-	blk.4.ssm_beta.weight	node_280	q8_0	f32	f32	2560	32	1	1	2560	2	1	1	2720	87040	87040	10240	20480	20480	1	1	0	1	1
0	1788291912255893777	eager	1927	MUL_MAT	MMVQ	-	blk.4.ssm_out.weight	linear_attn_out-4	q5_K	f32	f32	4096	2560	1	1	4096	2	1	1	2816	7208960	7208960	16384	32768	32768	1	1	0	1	1
0	1788291912255893777	eager	1927	MUL_MAT	MMVQ	-	blk.5.attn_gate.weight	z-5	q4_K	f32	f32	2560	4096	1	1	2560	2	1	1	1440	5898240	5898240	10240	20480	20480	1	1	0	1	1
0	1788291912255893777	eager	1927	MUL_MAT	MMVQ	-	blk.5.attn_qkv.weight	node_316	q5_K	f32	f32	2560	8192	1	1	2560	2	1	1	1760	14417920	14417920	10240	20480	20480	1	1	0	1	1
0	1788291912255893777	eager	1927	MUL_MAT	MMVQ	-	blk.5.ffn_down.weight	ffn_out-5	q4_K	f32	f32	9216	2560	1	1	9216	2	1	1	5184	13271040	13271040	36864	73728	73728	1	1	0	1	1
0	1788291912255893777	eager	1927	MUL_MAT	MMVQ	-	blk.5.ffn_gate.weight	ffn_gate-5	q4_K	f32	f32	2560	9216	1	1	2560	2	1	1	1440	13271040	13271040	10240	20480	20480	1	1	0	1	1
0	1788291912255893777	eager	1927	MUL_MAT	MMVQ	-	blk.5.ffn_up.weight	ffn_up-5	q4_K	f32	f32	2560	9216	1	1	2560	2	1	1	1440	13271040	13271040	10240	20480	20480	1	1	0	1	1
0	1788291912255893777	eager	1927	MUL_MAT	MMVQ	-	blk.5.ssm_alpha.weight	node_337	q8_0	f32	f32	2560	32	1	1	2560	2	1	1	2720	87040	87040	10240	20480	20480	1	1	0	1	1
0	1788291912255893777	eager	1927	MUL_MAT	MMVQ	-	blk.5.ssm_beta.weight	node_343	q8_0	f32	f32	2560	32	1	1	2560	2	1	1	2720	87040	87040	10240	20480	20480	1	1	0	1	1
0	1788291912255893777	eager	1927	MUL_MAT	MMVQ	-	blk.5.ssm_out.weight	linear_attn_out-5	q5_K	f32	f32	4096	2560	1	1	4096	2	1	1	2816	7208960	7208960	16384	32768	32768	1	1	0	1	1
0	1788291912255893777	eager	1927	MUL_MAT	MMVQ	-	blk.6.attn_gate.weight	z-6	q4_K	f32	f32	2560	4096	1	1	2560	2	1	1	1440	5898240	5898240	10240	20480	20480	1	1	0	1	1
0	1788291912255893777	eager	1927	MUL_MAT	MMVQ	-	blk.6.attn_qkv.weight	node_379	q5_K	f32	f32	2560	8192	1	1	2560	2	1	1	1760	14417920	14417920	10240	20480	20480	1	1	0	1	1
0	1788291912255893777	eager	1927	MUL_MAT	MMVQ	-	blk.6.ffn_down.weight	ffn_out-6	q6_K	f32	f32	9216	2560	1	1	9216	2	1	1	7560	19353600	19353600	36864	73728	73728	1	1	0	1	1
0	1788291912255893777	eager	1927	MUL_MAT	MMVQ	-	blk.6.ffn_gate.weight	ffn_gate-6	q4_K	f32	f32	2560	9216	1	1	2560	2	1	1	1440	13271040	13271040	10240	20480	20480	1	1	0	1	1
0	1788291912255893777	eager	1927	MUL_MAT	MMVQ	-	blk.6.ffn_up.weight	ffn_up-6	q4_K	f32	f32	2560	9216	1	1	2560	2	1	1	1440	13271040	13271040	10240	20480	20480	1	1	0	1	1
0	1788291912255893777	eager	1927	MUL_MAT	MMVQ	-	blk.6.ssm_alpha.weight	node_400	q8_0	f32	f32	2560	32	1	1	2560	2	1	1	2720	87040	87040	10240	20480	20480	1	1	0	1	1
0	1788291912255893777	eager	1927	MUL_MAT	MMVQ	-	blk.6.ssm_beta.weight	node_406	q8_0	f32	f32	2560	32	1	1	2560	2	1	1	2720	87040	87040	10240	20480	20480	1	1	0	1	1
0	1788291912255893777	eager	1927	MUL_MAT	MMVQ	-	blk.6.ssm_out.weight	linear_attn_out-6	q5_K	f32	f32	4096	2560	1	1	4096	2	1	1	2816	7208960	7208960	16384	32768	32768	1	1	0	1	1
0	1788291912255893777	eager	1927	MUL_MAT	MMVQ	-	blk.7.attn_k.weight	Kcur-7	q4_K	f32	f32	2560	1024	1	1	2560	2	1	1	1440	1474560	1474560	10240	20480	20480	1	1	0	1	1
0	1788291912255893777	eager	1927	MUL_MAT	MMVQ	-	blk.7.attn_output.weight	attn_output-7	q4_K	f32	f32	4096	2560	1	1	4096	2	1	1	2304	5898240	5898240	16384	32768	32768	1	1	0	1	1
0	1788291912255893777	eager	1927	MUL_MAT	MMVQ	-	blk.7.attn_q.weight	Qcur_full-7	q4_K	f32	f32	2560	8192	1	1	2560	2	1	1	1440	11796480	11796480	10240	20480	20480	1	1	0	1	1
0	1788291912255893777	eager	1927	MUL_MAT	MMVQ	-	blk.7.attn_v.weight	Vcur-7	q6_K	f32	f32	2560	1024	1	1	2560	2	1	1	2100	2150400	2150400	10240	20480	20480	1	1	0	1	1
0	1788291912255893777	eager	1927	MUL_MAT	MMVQ	-	blk.7.ffn_down.weight	ffn_out-7	q4_K	f32	f32	9216	2560	1	1	9216	2	1	1	5184	13271040	13271040	36864	73728	73728	1	1	0	1	1
0	1788291912255893777	eager	1927	MUL_MAT	MMVQ	-	blk.7.ffn_gate.weight	ffn_gate-7	q4_K	f32	f32	2560	9216	1	1	2560	2	1	1	1440	13271040	13271040	10240	20480	20480	1	1	0	1	1
0	1788291912255893777	eager	1927	MUL_MAT	MMVQ	-	blk.7.ffn_up.weight	ffn_up-7	q4_K	f32	f32	2560	9216	1	1	2560	2	1	1	1440	13271040	13271040	10240	20480	20480	1	1	0	1	1
0	1788291912255893777	eager	1927	MUL_MAT	MMVQ	-	blk.8.attn_gate.weight	z-8	q4_K	f32	f32	2560	4096	1	1	2560	2	1	1	1440	5898240	5898240	10240	20480	20480	1	1	0	1	1
0	1788291912255893777	eager	1927	MUL_MAT	MMVQ	-	blk.8.attn_qkv.weight	node_493	q5_K	f32	f32	2560	8192	1	1	2560	2	1	1	1760	14417920	14417920	10240	20480	20480	1	1	0	1	1
0	1788291912255893777	eager	1927	MUL_MAT	MMVQ	-	blk.8.ffn_down.weight	ffn_out-8	q4_K	f32	f32	9216	2560	1	1	9216	2	1	1	5184	13271040	13271040	36864	73728	73728	1	1	0	1	1
0	1788291912255893777	eager	1927	MUL_MAT	MMVQ	-	blk.8.ffn_gate.weight	ffn_gate-8	q4_K	f32	f32	2560	9216	1	1	2560	2	1	1	1440	13271040	13271040	10240	20480	20480	1	1	0	1	1
0	1788291912255893777	eager	1927	MUL_MAT	MMVQ	-	blk.8.ffn_up.weight	ffn_up-8	q4_K	f32	f32	2560	9216	1	1	2560	2	1	1	1440	13271040	13271040	10240	20480	20480	1	1	0	1	1
0	1788291912255893777	eager	1927	MUL_MAT	MMVQ	-	blk.8.ssm_alpha.weight	node_514	q8_0	f32	f32	2560	32	1	1	2560	2	1	1	2720	87040	87040	10240	20480	20480	1	1	0	1	1
0	1788291912255893777	eager	1927	MUL_MAT	MMVQ	-	blk.8.ssm_beta.weight	node_520	q8_0	f32	f32	2560	32	1	1	2560	2	1	1	2720	87040	87040	10240	20480	20480	1	1	0	1	1
0	1788291912255893777	eager	1927	MUL_MAT	MMVQ	-	blk.8.ssm_out.weight	linear_attn_out-8	q5_K	f32	f32	4096	2560	1	1	4096	2	1	1	2816	7208960	7208960	16384	32768	32768	1	1	0	1	1
0	1788291912255893777	eager	1927	MUL_MAT	MMVQ	-	blk.9.attn_gate.weight	z-9	q4_K	f32	f32	2560	4096	1	1	2560	2	1	1	1440	5898240	5898240	10240	20480	20480	1	1	0	1	1
0	1788291912255893777	eager	1927	MUL_MAT	MMVQ	-	blk.9.attn_qkv.weight	node_556	q5_K	f32	f32	2560	8192	1	1	2560	2	1	1	1760	14417920	14417920	10240	20480	20480	1	1	0	1	1
0	1788291912255893777	eager	1927	MUL_MAT	MMVQ	-	blk.9.ffn_down.weight	ffn_out-9	q6_K	f32	f32	9216	2560	1	1	9216	2	1	1	7560	19353600	19353600	36864	73728	73728	1	1	0	1	1
0	1788291912255893777	eager	1927	MUL_MAT	MMVQ	-	blk.9.ffn_gate.weight	ffn_gate-9	q4_K	f32	f32	2560	9216	1	1	2560	2	1	1	1440	13271040	13271040	10240	20480	20480	1	1	0	1	1
0	1788291912255893777	eager	1927	MUL_MAT	MMVQ	-	blk.9.ffn_up.weight	ffn_up-9	q4_K	f32	f32	2560	9216	1	1	2560	2	1	1	1440	13271040	13271040	10240	20480	20480	1	1	0	1	1
0	1788291912255893777	eager	1927	MUL_MAT	MMVQ	-	blk.9.ssm_alpha.weight	node_577	q8_0	f32	f32	2560	32	1	1	2560	2	1	1	2720	87040	87040	10240	20480	20480	1	1	0	1	1
0	1788291912255893777	eager	1927	MUL_MAT	MMVQ	-	blk.9.ssm_beta.weight	node_583	q8_0	f32	f32	2560	32	1	1	2560	2	1	1	2720	87040	87040	10240	20480	20480	1	1	0	1	1
0	1788291912255893777	eager	1927	MUL_MAT	MMVQ	-	blk.9.ssm_out.weight	linear_attn_out-9	q5_K	f32	f32	4096	2560	1	1	4096	2	1	1	2816	7208960	7208960	16384	32768	32768	1	1	0	1	1
0	1788291912255893777	eager	1927	MUL_MAT	MMVQ	-	token_embd.weight	result_output	q6_K	f32	f32	2560	248320	1	1	2560	1	1	1	2100	521472000	521472000	10240	10240	10240	1	1	0	1	1
1	1788291912713375664	eager	1927	MUL_MAT	MMQ	-	blk.0.attn_gate.weight	z-0	q4_K	f32	f32	2560	4096	1	1	2560	28	1	1	1440	5898240	5898240	10240	286720	286720	1	1	0	1	1
1	1788291912713375664	eager	1927	MUL_MAT	MMQ	-	blk.0.attn_qkv.weight	node_13	q5_K	f32	f32	2560	8192	1	1	2560	28	1	1	1760	14417920	14417920	10240	286720	286720	1	1	0	1	1
1	1788291912713375664	eager	1927	MUL_MAT	MMQ	-	blk.0.ffn_down.weight	ffn_out-0	q6_K	f32	f32	9216	2560	1	1	9216	28	1	1	7560	19353600	19353600	36864	1032192	1032192	1	1	0	1	1
1	1788291912713375664	eager	1927	MUL_MAT	MMQ	-	blk.0.ffn_gate.weight	ffn_gate-0	q4_K	f32	f32	2560	9216	1	1	2560	28	1	1	1440	13271040	13271040	10240	286720	286720	1	1	0	1	1
1	1788291912713375664	eager	1927	MUL_MAT	MMQ	-	blk.0.ffn_up.weight	ffn_up-0	q4_K	f32	f32	2560	9216	1	1	2560	28	1	1	1440	13271040	13271040	10240	286720	286720	1	1	0	1	1
1	1788291912713375664	eager	1927	MUL_MAT	MMQ	-	blk.0.ssm_alpha.weight	node_34	q8_0	f32	f32	2560	32	1	1	2560	28	1	1	2720	87040	87040	10240	286720	286720	1	1	0	1	1
1	1788291912713375664	eager	1927	MUL_MAT	MMQ	-	blk.0.ssm_beta.weight	node_40	q8_0	f32	f32	2560	32	1	1	2560	28	1	1	2720	87040	87040	10240	286720	286720	1	1	0	1	1
1	1788291912713375664	eager	1927	MUL_MAT	MMQ	-	blk.0.ssm_out.weight	linear_attn_out-0	q5_K	f32	f32	4096	2560	1	1	4096	28	1	1	2816	7208960	7208960	16384	458752	458752	1	1	0	1	1
1	1788291912713375664	eager	1927	MUL_MAT	MMQ	-	blk.1.attn_gate.weight	z-1	q4_K	f32	f32	2560	4096	1	1	2560	28	1	1	1440	5898240	5898240	10240	286720	286720	1	1	0	1	1
1	1788291912713375664	eager	1927	MUL_MAT	MMQ	-	blk.1.attn_qkv.weight	node_76	q5_K	f32	f32	2560	8192	1	1	2560	28	1	1	1760	14417920	14417920	10240	286720	286720	1	1	0	1	1
1	1788291912713375664	eager	1927	MUL_MAT	MMQ	-	blk.1.ffn_down.weight	ffn_out-1	q6_K	f32	f32	9216	2560	1	1	9216	28	1	1	7560	19353600	19353600	36864	1032192	1032192	1	1	0	1	1
1	1788291912713375664	eager	1927	MUL_MAT	MMQ	-	blk.1.ffn_gate.weight	ffn_gate-1	q4_K	f32	f32	2560	9216	1	1	2560	28	1	1	1440	13271040	13271040	10240	286720	286720	1	1	0	1	1
1	1788291912713375664	eager	1927	MUL_MAT	MMQ	-	blk.1.ffn_up.weight	ffn_up-1	q4_K	f32	f32	2560	9216	1	1	2560	28	1	1	1440	13271040	13271040	10240	286720	286720	1	1	0	1	1
1	1788291912713375664	eager	1927	MUL_MAT	MMQ	-	blk.1.ssm_alpha.weight	node_97	q8_0	f32	f32	2560	32	1	1	2560	28	1	1	2720	87040	87040	10240	286720	286720	1	1	0	1	1
1	1788291912713375664	eager	1927	MUL_MAT	MMQ	-	blk.1.ssm_beta.weight	node_103	q8_0	f32	f32	2560	32	1	1	2560	28	1	1	2720	87040	87040	10240	286720	286720	1	1	0	1	1
1	1788291912713375664	eager	1927	MUL_MAT	MMQ	-	blk.1.ssm_out.weight	linear_attn_out-1	q5_K	f32	f32	4096	2560	1	1	4096	28	1	1	2816	7208960	7208960	16384	458752	458752	1	1	0	1	1
1	1788291912713375664	eager	1927	MUL_MAT	MMQ	-	blk.10.attn_gate.weight	z-10	q4_K	f32	f32	2560	4096	1	1	2560	28	1	1	1440	5898240	5898240	10240	286720	286720	1	1	0	1	1
1	1788291912713375664	eager	1927	MUL_MAT	MMQ	-	blk.10.attn_qkv.weight	node_619	q5_K	f32	f32	2560	8192	1	1	2560	28	1	1	1760	14417920	14417920	10240	286720	286720	1	1	0	1	1
1	1788291912713375664	eager	1927	MUL_MAT	MMQ	-	blk.10.ffn_down.weight	ffn_out-10	q4_K	f32	f32	9216	2560	1	1	9216	28	1	1	5184	13271040	13271040	36864	1032192	1032192	1	1	0	1	1
1	1788291912713375664	eager	1927	MUL_MAT	MMQ	-	blk.10.ffn_gate.weight	ffn_gate-10	q4_K	f32	f32	2560	9216	1	1	2560	28	1	1	1440	13271040	13271040	10240	286720	286720	1	1	0	1	1
1	1788291912713375664	eager	1927	MUL_MAT	MMQ	-	blk.10.ffn_up.weight	ffn_up-10	q4_K	f32	f32	2560	9216	1	1	2560	28	1	1	1440	13271040	13271040	10240	286720	286720	1	1	0	1	1
1	1788291912713375664	eager	1927	MUL_MAT	MMQ	-	blk.10.ssm_alpha.weight	node_640	q8_0	f32	f32	2560	32	1	1	2560	28	1	1	2720	87040	87040	10240	286720	286720	1	1	0	1	1
1	1788291912713375664	eager	1927	MUL_MAT	MMQ	-	blk.10.ssm_beta.weight	node_646	q8_0	f32	f32	2560	32	1	1	2560	28	1	1	2720	87040	87040	10240	286720	286720	1	1	0	1	1
1	1788291912713375664	eager	1927	MUL_MAT	MMQ	-	blk.10.ssm_out.weight	linear_attn_out-10	q5_K	f32	f32	4096	2560	1	1	4096	28	1	1	2816	7208960	7208960	16384	458752	458752	1	1	0	1	1
1	1788291912713375664	eager	1927	MUL_MAT	MMQ	-	blk.11.attn_k.weight	Kcur-11	q4_K	f32	f32	2560	1024	1	1	2560	28	1	1	1440	1474560	1474560	10240	286720	286720	1	1	0	1	1
1	1788291912713375664	eager	1927	MUL_MAT	MMQ	-	blk.11.attn_output.weight	attn_output-11	q4_K	f32	f32	4096	2560	1	1	4096	28	1	1	2304	5898240	5898240	16384	458752	458752	1	1	0	1	1
1	1788291912713375664	eager	1927	MUL_MAT	MMQ	-	blk.11.attn_q.weight	Qcur_full-11	q4_K	f32	f32	2560	8192	1	1	2560	28	1	1	1440	11796480	11796480	10240	286720	286720	1	1	0	1	1
1	1788291912713375664	eager	1927	MUL_MAT	MMQ	-	blk.11.attn_v.weight	Vcur-11	q6_K	f32	f32	2560	1024	1	1	2560	28	1	1	2100	2150400	2150400	10240	286720	286720	1	1	0	1	1
1	1788291912713375664	eager	1927	MUL_MAT	MMQ	-	blk.11.ffn_down.weight	ffn_out-11	q4_K	f32	f32	9216	2560	1	1	9216	28	1	1	5184	13271040	13271040	36864	1032192	1032192	1	1	0	1	1
1	1788291912713375664	eager	1927	MUL_MAT	MMQ	-	blk.11.ffn_gate.weight	ffn_gate-11	q4_K	f32	f32	2560	9216	1	1	2560	28	1	1	1440	13271040	13271040	10240	286720	286720	1	1	0	1	1
1	1788291912713375664	eager	1927	MUL_MAT	MMQ	-	blk.11.ffn_up.weight	ffn_up-11	q4_K	f32	f32	2560	9216	1	1	2560	28	1	1	1440	13271040	13271040	10240	286720	286720	1	1	0	1	1
1	1788291912713375664	eager	1927	MUL_MAT	MMQ	-	blk.12.attn_gate.weight	z-12	q4_K	f32	f32	2560	4096	1	1	2560	28	1	1	1440	5898240	5898240	10240	286720	286720	1	1	0	1	1
1	1788291912713375664	eager	1927	MUL_MAT	MMQ	-	blk.12.attn_qkv.weight	node_733	q5_K	f32	f32	2560	8192	1	1	2560	28	1	1	1760	14417920	14417920	10240	286720	286720	1	1	0	1	1
1	1788291912713375664	eager	1927	MUL_MAT	MMQ	-	blk.12.ffn_down.weight	ffn_out-12	q6_K	f32	f32	9216	2560	1	1	9216	28	1	1	7560	19353600	19353600	36864	1032192	1032192	1	1	0	1	1
1	1788291912713375664	eager	1927	MUL_MAT	MMQ	-	blk.12.ffn_gate.weight	ffn_gate-12	q4_K	f32	f32	2560	9216	1	1	2560	28	1	1	1440	13271040	13271040	10240	286720	286720	1	1	0	1	1
1	1788291912713375664	eager	1927	MUL_MAT	MMQ	-	blk.12.ffn_up.weight	ffn_up-12	q4_K	f32	f32	2560	9216	1	1	2560	28	1	1	1440	13271040	13271040	10240	286720	286720	1	1	0	1	1
1	1788291912713375664	eager	1927	MUL_MAT	MMQ	-	blk.12.ssm_alpha.weight	node_754	q8_0	f32	f32	2560	32	1	1	2560	28	1	1	2720	87040	87040	10240	286720	286720	1	1	0	1	1
1	1788291912713375664	eager	1927	MUL_MAT	MMQ	-	blk.12.ssm_beta.weight	node_760	q8_0	f32	f32	2560	32	1	1	2560	28	1	1	2720	87040	87040	10240	286720	286720	1	1	0	1	1
1	1788291912713375664	eager	1927	MUL_MAT	MMQ	-	blk.12.ssm_out.weight	linear_attn_out-12	q5_K	f32	f32	4096	2560	1	1	4096	28	1	1	2816	7208960	7208960	16384	458752	458752	1	1	0	1	1
1	1788291912713375664	eager	1927	MUL_MAT	MMQ	-	blk.13.attn_gate.weight	z-13	q4_K	f32	f32	2560	4096	1	1	2560	28	1	1	1440	5898240	5898240	10240	286720	286720	1	1	0	1	1
1	1788291912713375664	eager	1927	MUL_MAT	MMQ	-	blk.13.attn_qkv.weight	node_796	q5_K	f32	f32	2560	8192	1	1	2560	28	1	1	1760	14417920	14417920	10240	286720	286720	1	1	0	1	1
1	1788291912713375664	eager	1927	MUL_MAT	MMQ	-	blk.13.ffn_down.weight	ffn_out-13	q4_K	f32	f32	9216	2560	1	1	9216	28	1	1	5184	13271040	13271040	36864	1032192	1032192	1	1	0	1	1
1	1788291912713375664	eager	1927	MUL_MAT	MMQ	-	blk.13.ffn_gate.weight	ffn_gate-13	q4_K	f32	f32	2560	9216	1	1	2560	28	1	1	1440	13271040	13271040	10240	286720	286720	1	1	0	1	1
1	1788291912713375664	eager	1927	MUL_MAT	MMQ	-	blk.13.ffn_up.weight	ffn_up-13	q4_K	f32	f32	2560	9216	1	1	2560	28	1	1	1440	13271040	13271040	10240	286720	286720	1	1	0	1	1
1	1788291912713375664	eager	1927	MUL_MAT	MMQ	-	blk.13.ssm_alpha.weight	node_817	q8_0	f32	f32	2560	32	1	1	2560	28	1	1	2720	87040	87040	10240	286720	286720	1	1	0	1	1
1	1788291912713375664	eager	1927	MUL_MAT	MMQ	-	blk.13.ssm_beta.weight	node_823	q8_0	f32	f32	2560	32	1	1	2560	28	1	1	2720	87040	87040	10240	286720	286720	1	1	0	1	1
1	1788291912713375664	eager	1927	MUL_MAT	MMQ	-	blk.13.ssm_out.weight	linear_attn_out-13	q5_K	f32	f32	4096	2560	1	1	4096	28	1	1	2816	7208960	7208960	16384	458752	458752	1	1	0	1	1
1	1788291912713375664	eager	1927	MUL_MAT	MMQ	-	blk.14.attn_gate.weight	z-14	q4_K	f32	f32	2560	4096	1	1	2560	28	1	1	1440	5898240	5898240	10240	286720	286720	1	1	0	1	1
1	1788291912713375664	eager	1927	MUL_MAT	MMQ	-	blk.14.attn_qkv.weight	node_859	q5_K	f32	f32	2560	8192	1	1	2560	28	1	1	1760	14417920	14417920	10240	286720	286720	1	1	0	1	1
1	1788291912713375664	eager	1927	MUL_MAT	MMQ	-	blk.14.ffn_down.weight	ffn_out-14	q4_K	f32	f32	9216	2560	1	1	9216	28	1	1	5184	13271040	13271040	36864	1032192	1032192	1	1	0	1	1
1	1788291912713375664	eager	1927	MUL_MAT	MMQ	-	blk.14.ffn_gate.weight	ffn_gate-14	q4_K	f32	f32	2560	9216	1	1	2560	28	1	1	1440	13271040	13271040	10240	286720	286720	1	1	0	1	1
1	1788291912713375664	eager	1927	MUL_MAT	MMQ	-	blk.14.ffn_up.weight	ffn_up-14	q4_K	f32	f32	2560	9216	1	1	2560	28	1	1	1440	13271040	13271040	10240	286720	286720	1	1	0	1	1
1	1788291912713375664	eager	1927	MUL_MAT	MMQ	-	blk.14.ssm_alpha.weight	node_880	q8_0	f32	f32	2560	32	1	1	2560	28	1	1	2720	87040	87040	10240	286720	286720	1	1	0	1	1
1	1788291912713375664	eager	1927	MUL_MAT	MMQ	-	blk.14.ssm_beta.weight	node_886	q8_0	f32	f32	2560	32	1	1	2560	28	1	1	2720	87040	87040	10240	286720	286720	1	1	0	1	1
1	1788291912713375664	eager	1927	MUL_MAT	MMQ	-	blk.14.ssm_out.weight	linear_attn_out-14	q5_K	f32	f32	4096	2560	1	1	4096	28	1	1	2816	7208960	7208960	16384	458752	458752	1	1	0	1	1
1	1788291912713375664	eager	1927	MUL_MAT	MMQ	-	blk.15.attn_k.weight	Kcur-15	q4_K	f32	f32	2560	1024	1	1	2560	28	1	1	1440	1474560	1474560	10240	286720	286720	1	1	0	1	1
1	1788291912713375664	eager	1927	MUL_MAT	MMQ	-	blk.15.attn_output.weight	attn_output-15	q4_K	f32	f32	4096	2560	1	1	4096	28	1	1	2304	5898240	5898240	16384	458752	458752	1	1	0	1	1
1	1788291912713375664	eager	1927	MUL_MAT	MMQ	-	blk.15.attn_q.weight	Qcur_full-15	q4_K	f32	f32	2560	8192	1	1	2560	28	1	1	1440	11796480	11796480	10240	286720	286720	1	1	0	1	1
1	1788291912713375664	eager	1927	MUL_MAT	MMQ	-	blk.15.attn_v.weight	Vcur-15	q6_K	f32	f32	2560	1024	1	1	2560	28	1	1	2100	2150400	2150400	10240	286720	286720	1	1	0	1	1
1	1788291912713375664	eager	1927	MUL_MAT	MMQ	-	blk.15.ffn_down.weight	ffn_out-15	q6_K	f32	f32	9216	2560	1	1	9216	28	1	1	7560	19353600	19353600	36864	1032192	1032192	1	1	0	1	1
1	1788291912713375664	eager	1927	MUL_MAT	MMQ	-	blk.15.ffn_gate.weight	ffn_gate-15	q4_K	f32	f32	2560	9216	1	1	2560	28	1	1	1440	13271040	13271040	10240	286720	286720	1	1	0	1	1
1	1788291912713375664	eager	1927	MUL_MAT	MMQ	-	blk.15.ffn_up.weight	ffn_up-15	q4_K	f32	f32	2560	9216	1	1	2560	28	1	1	1440	13271040	13271040	10240	286720	286720	1	1	0	1	1
1	1788291912713375664	eager	1927	MUL_MAT	MMQ	-	blk.16.attn_gate.weight	z-16	q4_K	f32	f32	2560	4096	1	1	2560	28	1	1	1440	5898240	5898240	10240	286720	286720	1	1	0	1	1
1	1788291912713375664	eager	1927	MUL_MAT	MMQ	-	blk.16.attn_qkv.weight	node_973	q5_K	f32	f32	2560	8192	1	1	2560	28	1	1	1760	14417920	14417920	10240	286720	286720	1	1	0	1	1
1	1788291912713375664	eager	1927	MUL_MAT	MMQ	-	blk.16.ffn_down.weight	ffn_out-16	q4_K	f32	f32	9216	2560	1	1	9216	28	1	1	5184	13271040	13271040	36864	1032192	1032192	1	1	0	1	1
1	1788291912713375664	eager	1927	MUL_MAT	MMQ	-	blk.16.ffn_gate.weight	ffn_gate-16	q4_K	f32	f32	2560	9216	1	1	2560	28	1	1	1440	13271040	13271040	10240	286720	286720	1	1	0	1	1
1	1788291912713375664	eager	1927	MUL_MAT	MMQ	-	blk.16.ffn_up.weight	ffn_up-16	q4_K	f32	f32	2560	9216	1	1	2560	28	1	1	1440	13271040	13271040	10240	286720	286720	1	1	0	1	1
1	1788291912713375664	eager	1927	MUL_MAT	MMQ	-	blk.16.ssm_alpha.weight	node_994	q8_0	f32	f32	2560	32	1	1	2560	28	1	1	2720	87040	87040	10240	286720	286720	1	1	0	1	1
1	1788291912713375664	eager	1927	MUL_MAT	MMQ	-	blk.16.ssm_beta.weight	node_1000	q8_0	f32	f32	2560	32	1	1	2560	28	1	1	2720	87040	87040	10240	286720	286720	1	1	0	1	1
1	1788291912713375664	eager	1927	MUL_MAT	MMQ	-	blk.16.ssm_out.weight	linear_attn_out-16	q5_K	f32	f32	4096	2560	1	1	4096	28	1	1	2816	7208960	7208960	16384	458752	458752	1	1	0	1	1
1	1788291912713375664	eager	1927	MUL_MAT	MMQ	-	blk.17.attn_gate.weight	z-17	q4_K	f32	f32	2560	4096	1	1	2560	28	1	1	1440	5898240	5898240	10240	286720	286720	1	1	0	1	1
1	1788291912713375664	eager	1927	MUL_MAT	MMQ	-	blk.17.attn_qkv.weight	node_1036	q5_K	f32	f32	2560	8192	1	1	2560	28	1	1	1760	14417920	14417920	10240	286720	286720	1	1	0	1	1
1	1788291912713375664	eager	1927	MUL_MAT	MMQ	-	blk.17.ffn_down.weight	ffn_out-17	q4_K	f32	f32	9216	2560	1	1	9216	28	1	1	5184	13271040	13271040	36864	1032192	1032192	1	1	0	1	1
1	1788291912713375664	eager	1927	MUL_MAT	MMQ	-	blk.17.ffn_gate.weight	ffn_gate-17	q4_K	f32	f32	2560	9216	1	1	2560	28	1	1	1440	13271040	13271040	10240	286720	286720	1	1	0	1	1
1	1788291912713375664	eager	1927	MUL_MAT	MMQ	-	blk.17.ffn_up.weight	ffn_up-17	q4_K	f32	f32	2560	9216	1	1	2560	28	1	1	1440	13271040	13271040	10240	286720	286720	1	1	0	1	1
1	1788291912713375664	eager	1927	MUL_MAT	MMQ	-	blk.17.ssm_alpha.weight	node_1057	q8_0	f32	f32	2560	32	1	1	2560	28	1	1	2720	87040	87040	10240	286720	286720	1	1	0	1	1
1	1788291912713375664	eager	1927	MUL_MAT	MMQ	-	blk.17.ssm_beta.weight	node_1063	q8_0	f32	f32	2560	32	1	1	2560	28	1	1	2720	87040	87040	10240	286720	286720	1	1	0	1	1
1	1788291912713375664	eager	1927	MUL_MAT	MMQ	-	blk.17.ssm_out.weight	linear_attn_out-17	q5_K	f32	f32	4096	2560	1	1	4096	28	1	1	2816	7208960	7208960	16384	458752	458752	1	1	0	1	1
1	1788291912713375664	eager	1927	MUL_MAT	MMQ	-	blk.18.attn_gate.weight	z-18	q4_K	f32	f32	2560	4096	1	1	2560	28	1	1	1440	5898240	5898240	10240	286720	286720	1	1	0	1	1
1	1788291912713375664	eager	1927	MUL_MAT	MMQ	-	blk.18.attn_qkv.weight	node_1099	q5_K	f32	f32	2560	8192	1	1	2560	28	1	1	1760	14417920	14417920	10240	286720	286720	1	1	0	1	1
1	1788291912713375664	eager	1927	MUL_MAT	MMQ	-	blk.18.ffn_down.weight	ffn_out-18	q6_K	f32	f32	9216	2560	1	1	9216	28	1	1	7560	19353600	19353600	36864	1032192	1032192	1	1	0	1	1
1	1788291912713375664	eager	1927	MUL_MAT	MMQ	-	blk.18.ffn_gate.weight	ffn_gate-18	q4_K	f32	f32	2560	9216	1	1	2560	28	1	1	1440	13271040	13271040	10240	286720	286720	1	1	0	1	1
1	1788291912713375664	eager	1927	MUL_MAT	MMQ	-	blk.18.ffn_up.weight	ffn_up-18	q4_K	f32	f32	2560	9216	1	1	2560	28	1	1	1440	13271040	13271040	10240	286720	286720	1	1	0	1	1
1	1788291912713375664	eager	1927	MUL_MAT	MMQ	-	blk.18.ssm_alpha.weight	node_1120	q8_0	f32	f32	2560	32	1	1	2560	28	1	1	2720	87040	87040	10240	286720	286720	1	1	0	1	1
1	1788291912713375664	eager	1927	MUL_MAT	MMQ	-	blk.18.ssm_beta.weight	node_1126	q8_0	f32	f32	2560	32	1	1	2560	28	1	1	2720	87040	87040	10240	286720	286720	1	1	0	1	1
1	1788291912713375664	eager	1927	MUL_MAT	MMQ	-	blk.18.ssm_out.weight	linear_attn_out-18	q5_K	f32	f32	4096	2560	1	1	4096	28	1	1	2816	7208960	7208960	16384	458752	458752	1	1	0	1	1
1	1788291912713375664	eager	1927	MUL_MAT	MMQ	-	blk.19.attn_k.weight	Kcur-19	q4_K	f32	f32	2560	1024	1	1	2560	28	1	1	1440	1474560	1474560	10240	286720	286720	1	1	0	1	1
1	1788291912713375664	eager	1927	MUL_MAT	MMQ	-	blk.19.attn_output.weight	attn_output-19	q4_K	f32	f32	4096	2560	1	1	4096	28	1	1	2304	5898240	5898240	16384	458752	458752	1	1	0	1	1
1	1788291912713375664	eager	1927	MUL_MAT	MMQ	-	blk.19.attn_q.weight	Qcur_full-19	q4_K	f32	f32	2560	8192	1	1	2560	28	1	1	1440	11796480	11796480	10240	286720	286720	1	1	0	1	1
1	1788291912713375664	eager	1927	MUL_MAT	MMQ	-	blk.19.attn_v.weight	Vcur-19	q4_K	f32	f32	2560	1024	1	1	2560	28	1	1	1440	1474560	1474560	10240	286720	286720	1	1	0	1	1
1	1788291912713375664	eager	1927	MUL_MAT	MMQ	-	blk.19.ffn_down.weight	ffn_out-19	q4_K	f32	f32	9216	2560	1	1	9216	28	1	1	5184	13271040	13271040	36864	1032192	1032192	1	1	0	1	1
1	1788291912713375664	eager	1927	MUL_MAT	MMQ	-	blk.19.ffn_gate.weight	ffn_gate-19	q4_K	f32	f32	2560	9216	1	1	2560	28	1	1	1440	13271040	13271040	10240	286720	286720	1	1	0	1	1
1	1788291912713375664	eager	1927	MUL_MAT	MMQ	-	blk.19.ffn_up.weight	ffn_up-19	q4_K	f32	f32	2560	9216	1	1	2560	28	1	1	1440	13271040	13271040	10240	286720	286720	1	1	0	1	1
1	1788291912713375664	eager	1927	MUL_MAT	MMQ	-	blk.2.attn_gate.weight	z-2	q4_K	f32	f32	2560	4096	1	1	2560	28	1	1	1440	5898240	5898240	10240	286720	286720	1	1	0	1	1
1	1788291912713375664	eager	1927	MUL_MAT	MMQ	-	blk.2.attn_qkv.weight	node_139	q5_K	f32	f32	2560	8192	1	1	2560	28	1	1	1760	14417920	14417920	10240	286720	286720	1	1	0	1	1
1	1788291912713375664	eager	1927	MUL_MAT	MMQ	-	blk.2.ffn_down.weight	ffn_out-2	q6_K	f32	f32	9216	2560	1	1	9216	28	1	1	7560	19353600	19353600	36864	1032192	1032192	1	1	0	1	1
1	1788291912713375664	eager	1927	MUL_MAT	MMQ	-	blk.2.ffn_gate.weight	ffn_gate-2	q4_K	f32	f32	2560	9216	1	1	2560	28	1	1	1440	13271040	13271040	10240	286720	286720	1	1	0	1	1
1	1788291912713375664	eager	1927	MUL_MAT	MMQ	-	blk.2.ffn_up.weight	ffn_up-2	q4_K	f32	f32	2560	9216	1	1	2560	28	1	1	1440	13271040	13271040	10240	286720	286720	1	1	0	1	1
1	1788291912713375664	eager	1927	MUL_MAT	MMQ	-	blk.2.ssm_alpha.weight	node_160	q8_0	f32	f32	2560	32	1	1	2560	28	1	1	2720	87040	87040	10240	286720	286720	1	1	0	1	1
1	1788291912713375664	eager	1927	MUL_MAT	MMQ	-	blk.2.ssm_beta.weight	node_166	q8_0	f32	f32	2560	32	1	1	2560	28	1	1	2720	87040	87040	10240	286720	286720	1	1	0	1	1
1	1788291912713375664	eager	1927	MUL_MAT	MMQ	-	blk.2.ssm_out.weight	linear_attn_out-2	q5_K	f32	f32	4096	2560	1	1	4096	28	1	1	2816	7208960	7208960	16384	458752	458752	1	1	0	1	1
1	1788291912713375664	eager	1927	MUL_MAT	MMQ	-	blk.20.attn_gate.weight	z-20	q4_K	f32	f32	2560	4096	1	1	2560	28	1	1	1440	5898240	5898240	10240	286720	286720	1	1	0	1	1
1	1788291912713375664	eager	1927	MUL_MAT	MMQ	-	blk.20.attn_qkv.weight	node_1213	q5_K	f32	f32	2560	8192	1	1	2560	28	1	1	1760	14417920	14417920	10240	286720	286720	1	1	0	1	1
1	1788291912713375664	eager	1927	MUL_MAT	MMQ	-	blk.20.ffn_down.weight	ffn_out-20	q4_K	f32	f32	9216	2560	1	1	9216	28	1	1	5184	13271040	13271040	36864	1032192	1032192	1	1	0	1	1
1	1788291912713375664	eager	1927	MUL_MAT	MMQ	-	blk.20.ffn_gate.weight	ffn_gate-20	q4_K	f32	f32	2560	9216	1	1	2560	28	1	1	1440	13271040	13271040	10240	286720	286720	1	1	0	1	1
1	1788291912713375664	eager	1927	MUL_MAT	MMQ	-	blk.20.ffn_up.weight	ffn_up-20	q4_K	f32	f32	2560	9216	1	1	2560	28	1	1	1440	13271040	13271040	10240	286720	286720	1	1	0	1	1
1	1788291912713375664	eager	1927	MUL_MAT	MMQ	-	blk.20.ssm_alpha.weight	node_1234	q8_0	f32	f32	2560	32	1	1	2560	28	1	1	2720	87040	87040	10240	286720	286720	1	1	0	1	1
1	1788291912713375664	eager	1927	MUL_MAT	MMQ	-	blk.20.ssm_beta.weight	node_1240	q8_0	f32	f32	2560	32	1	1	2560	28	1	1	2720	87040	87040	10240	286720	286720	1	1	0	1	1
1	1788291912713375664	eager	1927	MUL_MAT	MMQ	-	blk.20.ssm_out.weight	linear_attn_out-20	q5_K	f32	f32	4096	2560	1	1	4096	28	1	1	2816	7208960	7208960	16384	458752	458752	1	1	0	1	1
1	1788291912713375664	eager	1927	MUL_MAT	MMQ	-	blk.21.attn_gate.weight	z-21	q4_K	f32	f32	2560	4096	1	1	2560	28	1	1	1440	5898240	5898240	10240	286720	286720	1	1	0	1	1
1	1788291912713375664	eager	1927	MUL_MAT	MMQ	-	blk.21.attn_qkv.weight	node_1276	q5_K	f32	f32	2560	8192	1	1	2560	28	1	1	1760	14417920	14417920	10240	286720	286720	1	1	0	1	1
1	1788291912713375664	eager	1927	MUL_MAT	MMQ	-	blk.21.ffn_down.weight	ffn_out-21	q6_K	f32	f32	9216	2560	1	1	9216	28	1	1	7560	19353600	19353600	36864	1032192	1032192	1	1	0	1	1
1	1788291912713375664	eager	1927	MUL_MAT	MMQ	-	blk.21.ffn_gate.weight	ffn_gate-21	q4_K	f32	f32	2560	9216	1	1	2560	28	1	1	1440	13271040	13271040	10240	286720	286720	1	1	0	1	1
1	1788291912713375664	eager	1927	MUL_MAT	MMQ	-	blk.21.ffn_up.weight	ffn_up-21	q4_K	f32	f32	2560	9216	1	1	2560	28	1	1	1440	13271040	13271040	10240	286720	286720	1	1	0	1	1
1	1788291912713375664	eager	1927	MUL_MAT	MMQ	-	blk.21.ssm_alpha.weight	node_1297	q8_0	f32	f32	2560	32	1	1	2560	28	1	1	2720	87040	87040	10240	286720	286720	1	1	0	1	1
1	1788291912713375664	eager	1927	MUL_MAT	MMQ	-	blk.21.ssm_beta.weight	node_1303	q8_0	f32	f32	2560	32	1	1	2560	28	1	1	2720	87040	87040	10240	286720	286720	1	1	0	1	1
1	1788291912713375664	eager	1927	MUL_MAT	MMQ	-	blk.21.ssm_out.weight	linear_attn_out-21	q5_K	f32	f32	4096	2560	1	1	4096	28	1	1	2816	7208960	7208960	16384	458752	458752	1	1	0	1	1
1	1788291912713375664	eager	1927	MUL_MAT	MMQ	-	blk.22.attn_gate.weight	z-22	q4_K	f32	f32	2560	4096	1	1	2560	28	1	1	1440	5898240	5898240	10240	286720	286720	1	1	0	1	1
1	1788291912713375664	eager	1927	MUL_MAT	MMQ	-	blk.22.attn_qkv.weight	node_1339	q5_K	f32	f32	2560	8192	1	1	2560	28	1	1	1760	14417920	14417920	10240	286720	286720	1	1	0	1	1
1	1788291912713375664	eager	1927	MUL_MAT	MMQ	-	blk.22.ffn_down.weight	ffn_out-22	q4_K	f32	f32	9216	2560	1	1	9216	28	1	1	5184	13271040	13271040	36864	1032192	1032192	1	1	0	1	1
1	1788291912713375664	eager	1927	MUL_MAT	MMQ	-	blk.22.ffn_gate.weight	ffn_gate-22	q4_K	f32	f32	2560	9216	1	1	2560	28	1	1	1440	13271040	13271040	10240	286720	286720	1	1	0	1	1
1	1788291912713375664	eager	1927	MUL_MAT	MMQ	-	blk.22.ffn_up.weight	ffn_up-22	q4_K	f32	f32	2560	9216	1	1	2560	28	1	1	1440	13271040	13271040	10240	286720	286720	1	1	0	1	1
1	1788291912713375664	eager	1927	MUL_MAT	MMQ	-	blk.22.ssm_alpha.weight	node_1360	q8_0	f32	f32	2560	32	1	1	2560	28	1	1	2720	87040	87040	10240	286720	286720	1	1	0	1	1
1	1788291912713375664	eager	1927	MUL_MAT	MMQ	-	blk.22.ssm_beta.weight	node_1366	q8_0	f32	f32	2560	32	1	1	2560	28	1	1	2720	87040	87040	10240	286720	286720	1	1	0	1	1
1	1788291912713375664	eager	1927	MUL_MAT	MMQ	-	blk.22.ssm_out.weight	linear_attn_out-22	q5_K	f32	f32	4096	2560	1	1	4096	28	1	1	2816	7208960	7208960	16384	458752	458752	1	1	0	1	1
1	1788291912713375664	eager	1927	MUL_MAT	MMQ	-	blk.23.attn_k.weight	Kcur-23	q4_K	f32	f32	2560	1024	1	1	2560	28	1	1	1440	1474560	1474560	10240	286720	286720	1	1	0	1	1
1	1788291912713375664	eager	1927	MUL_MAT	MMQ	-	blk.23.attn_output.weight	attn_output-23	q4_K	f32	f32	4096	2560	1	1	4096	28	1	1	2304	5898240	5898240	16384	458752	458752	1	1	0	1	1
1	1788291912713375664	eager	1927	MUL_MAT	MMQ	-	blk.23.attn_q.weight	Qcur_full-23	q4_K	f32	f32	2560	8192	1	1	2560	28	1	1	1440	11796480	11796480	10240	286720	286720	1	1	0	1	1
1	1788291912713375664	eager	1927	MUL_MAT	MMQ	-	blk.23.attn_v.weight	Vcur-23	q4_K	f32	f32	2560	1024	1	1	2560	28	1	1	1440	1474560	1474560	10240	286720	286720	1	1	0	1	1
1	1788291912713375664	eager	1927	MUL_MAT	MMQ	-	blk.23.ffn_down.weight	ffn_out-23	q4_K	f32	f32	9216	2560	1	1	9216	28	1	1	5184	13271040	13271040	36864	1032192	1032192	1	1	0	1	1
1	1788291912713375664	eager	1927	MUL_MAT	MMQ	-	blk.23.ffn_gate.weight	ffn_gate-23	q4_K	f32	f32	2560	9216	1	1	2560	28	1	1	1440	13271040	13271040	10240	286720	286720	1	1	0	1	1
1	1788291912713375664	eager	1927	MUL_MAT	MMQ	-	blk.23.ffn_up.weight	ffn_up-23	q4_K	f32	f32	2560	9216	1	1	2560	28	1	1	1440	13271040	13271040	10240	286720	286720	1	1	0	1	1
1	1788291912713375664	eager	1927	MUL_MAT	MMQ	-	blk.24.attn_gate.weight	z-24	q4_K	f32	f32	2560	4096	1	1	2560	28	1	1	1440	5898240	5898240	10240	286720	286720	1	1	0	1	1
1	1788291912713375664	eager	1927	MUL_MAT	MMQ	-	blk.24.attn_qkv.weight	node_1453	q5_K	f32	f32	2560	8192	1	1	2560	28	1	1	1760	14417920	14417920	10240	286720	286720	1	1	0	1	1
1	1788291912713375664	eager	1927	MUL_MAT	MMQ	-	blk.24.ffn_down.weight	ffn_out-24	q6_K	f32	f32	9216	2560	1	1	9216	28	1	1	7560	19353600	19353600	36864	1032192	1032192	1	1	0	1	1
1	1788291912713375664	eager	1927	MUL_MAT	MMQ	-	blk.24.ffn_gate.weight	ffn_gate-24	q4_K	f32	f32	2560	9216	1	1	2560	28	1	1	1440	13271040	13271040	10240	286720	286720	1	1	0	1	1
1	1788291912713375664	eager	1927	MUL_MAT	MMQ	-	blk.24.ffn_up.weight	ffn_up-24	q4_K	f32	f32	2560	9216	1	1	2560	28	1	1	1440	13271040	13271040	10240	286720	286720	1	1	0	1	1
1	1788291912713375664	eager	1927	MUL_MAT	MMQ	-	blk.24.ssm_alpha.weight	node_1474	q8_0	f32	f32	2560	32	1	1	2560	28	1	1	2720	87040	87040	10240	286720	286720	1	1	0	1	1
1	1788291912713375664	eager	1927	MUL_MAT	MMQ	-	blk.24.ssm_beta.weight	node_1480	q8_0	f32	f32	2560	32	1	1	2560	28	1	1	2720	87040	87040	10240	286720	286720	1	1	0	1	1
1	1788291912713375664	eager	1927	MUL_MAT	MMQ	-	blk.24.ssm_out.weight	linear_attn_out-24	q5_K	f32	f32	4096	2560	1	1	4096	28	1	1	2816	7208960	7208960	16384	458752	458752	1	1	0	1	1
1	1788291912713375664	eager	1927	MUL_MAT	MMQ	-	blk.25.attn_gate.weight	z-25	q4_K	f32	f32	2560	4096	1	1	2560	28	1	1	1440	5898240	5898240	10240	286720	286720	1	1	0	1	1
1	1788291912713375664	eager	1927	MUL_MAT	MMQ	-	blk.25.attn_qkv.weight	node_1516	q5_K	f32	f32	2560	8192	1	1	2560	28	1	1	1760	14417920	14417920	10240	286720	286720	1	1	0	1	1
1	1788291912713375664	eager	1927	MUL_MAT	MMQ	-	blk.25.ffn_down.weight	ffn_out-25	q4_K	f32	f32	9216	2560	1	1	9216	28	1	1	5184	13271040	13271040	36864	1032192	1032192	1	1	0	1	1
1	1788291912713375664	eager	1927	MUL_MAT	MMQ	-	blk.25.ffn_gate.weight	ffn_gate-25	q4_K	f32	f32	2560	9216	1	1	2560	28	1	1	1440	13271040	13271040	10240	286720	286720	1	1	0	1	1
1	1788291912713375664	eager	1927	MUL_MAT	MMQ	-	blk.25.ffn_up.weight	ffn_up-25	q4_K	f32	f32	2560	9216	1	1	2560	28	1	1	1440	13271040	13271040	10240	286720	286720	1	1	0	1	1
1	1788291912713375664	eager	1927	MUL_MAT	MMQ	-	blk.25.ssm_alpha.weight	node_1537	q8_0	f32	f32	2560	32	1	1	2560	28	1	1	2720	87040	87040	10240	286720	286720	1	1	0	1	1
1	1788291912713375664	eager	1927	MUL_MAT	MMQ	-	blk.25.ssm_beta.weight	node_1543	q8_0	f32	f32	2560	32	1	1	2560	28	1	1	2720	87040	87040	10240	286720	286720	1	1	0	1	1
1	1788291912713375664	eager	1927	MUL_MAT	MMQ	-	blk.25.ssm_out.weight	linear_attn_out-25	q5_K	f32	f32	4096	2560	1	1	4096	28	1	1	2816	7208960	7208960	16384	458752	458752	1	1	0	1	1
1	1788291912713375664	eager	1927	MUL_MAT	MMQ	-	blk.26.attn_gate.weight	z-26	q4_K	f32	f32	2560	4096	1	1	2560	28	1	1	1440	5898240	5898240	10240	286720	286720	1	1	0	1	1
1	1788291912713375664	eager	1927	MUL_MAT	MMQ	-	blk.26.attn_qkv.weight	node_1579	q5_K	f32	f32	2560	8192	1	1	2560	28	1	1	1760	14417920	14417920	10240	286720	286720	1	1	0	1	1
1	1788291912713375664	eager	1927	MUL_MAT	MMQ	-	blk.26.ffn_down.weight	ffn_out-26	q4_K	f32	f32	9216	2560	1	1	9216	28	1	1	5184	13271040	13271040	36864	1032192	1032192	1	1	0	1	1
1	1788291912713375664	eager	1927	MUL_MAT	MMQ	-	blk.26.ffn_gate.weight	ffn_gate-26	q4_K	f32	f32	2560	9216	1	1	2560	28	1	1	1440	13271040	13271040	10240	286720	286720	1	1	0	1	1
1	1788291912713375664	eager	1927	MUL_MAT	MMQ	-	blk.26.ffn_up.weight	ffn_up-26	q4_K	f32	f32	2560	9216	1	1	2560	28	1	1	1440	13271040	13271040	10240	286720	286720	1	1	0	1	1
1	1788291912713375664	eager	1927	MUL_MAT	MMQ	-	blk.26.ssm_alpha.weight	node_1600	q8_0	f32	f32	2560	32	1	1	2560	28	1	1	2720	87040	87040	10240	286720	286720	1	1	0	1	1
1	1788291912713375664	eager	1927	MUL_MAT	MMQ	-	blk.26.ssm_beta.weight	node_1606	q8_0	f32	f32	2560	32	1	1	2560	28	1	1	2720	87040	87040	10240	286720	286720	1	1	0	1	1
1	1788291912713375664	eager	1927	MUL_MAT	MMQ	-	blk.26.ssm_out.weight	linear_attn_out-26	q5_K	f32	f32	4096	2560	1	1	4096	28	1	1	2816	7208960	7208960	16384	458752	458752	1	1	0	1	1
1	1788291912713375664	eager	1927	MUL_MAT	MMQ	-	blk.27.attn_k.weight	Kcur-27	q4_K	f32	f32	2560	1024	1	1	2560	28	1	1	1440	1474560	1474560	10240	286720	286720	1	1	0	1	1
1	1788291912713375664	eager	1927	MUL_MAT	MMQ	-	blk.27.attn_output.weight	attn_output-27	q4_K	f32	f32	4096	2560	1	1	4096	28	1	1	2304	5898240	5898240	16384	458752	458752	1	1	0	1	1
1	1788291912713375664	eager	1927	MUL_MAT	MMQ	-	blk.27.attn_q.weight	Qcur_full-27	q4_K	f32	f32	2560	8192	1	1	2560	28	1	1	1440	11796480	11796480	10240	286720	286720	1	1	0	1	1
1	1788291912713375664	eager	1927	MUL_MAT	MMQ	-	blk.27.attn_v.weight	Vcur-27	q6_K	f32	f32	2560	1024	1	1	2560	28	1	1	2100	2150400	2150400	10240	286720	286720	1	1	0	1	1
1	1788291912713375664	eager	1927	MUL_MAT	MMQ	-	blk.27.ffn_down.weight	ffn_out-27	q6_K	f32	f32	9216	2560	1	1	9216	28	1	1	7560	19353600	19353600	36864	1032192	1032192	1	1	0	1	1
1	1788291912713375664	eager	1927	MUL_MAT	MMQ	-	blk.27.ffn_gate.weight	ffn_gate-27	q4_K	f32	f32	2560	9216	1	1	2560	28	1	1	1440	13271040	13271040	10240	286720	286720	1	1	0	1	1
1	1788291912713375664	eager	1927	MUL_MAT	MMQ	-	blk.27.ffn_up.weight	ffn_up-27	q4_K	f32	f32	2560	9216	1	1	2560	28	1	1	1440	13271040	13271040	10240	286720	286720	1	1	0	1	1
1	1788291912713375664	eager	1927	MUL_MAT	MMQ	-	blk.28.attn_gate.weight	z-28	q4_K	f32	f32	2560	4096	1	1	2560	28	1	1	1440	5898240	5898240	10240	286720	286720	1	1	0	1	1
1	1788291912713375664	eager	1927	MUL_MAT	MMQ	-	blk.28.attn_qkv.weight	node_1693	q5_K	f32	f32	2560	8192	1	1	2560	28	1	1	1760	14417920	14417920	10240	286720	286720	1	1	0	1	1
1	1788291912713375664	eager	1927	MUL_MAT	MMQ	-	blk.28.ffn_down.weight	ffn_out-28	q6_K	f32	f32	9216	2560	1	1	9216	28	1	1	7560	19353600	19353600	36864	1032192	1032192	1	1	0	1	1
1	1788291912713375664	eager	1927	MUL_MAT	MMQ	-	blk.28.ffn_gate.weight	ffn_gate-28	q4_K	f32	f32	2560	9216	1	1	2560	28	1	1	1440	13271040	13271040	10240	286720	286720	1	1	0	1	1
1	1788291912713375664	eager	1927	MUL_MAT	MMQ	-	blk.28.ffn_up.weight	ffn_up-28	q4_K	f32	f32	2560	9216	1	1	2560	28	1	1	1440	13271040	13271040	10240	286720	286720	1	1	0	1	1
1	1788291912713375664	eager	1927	MUL_MAT	MMQ	-	blk.28.ssm_alpha.weight	node_1714	q8_0	f32	f32	2560	32	1	1	2560	28	1	1	2720	87040	87040	10240	286720	286720	1	1	0	1	1
1	1788291912713375664	eager	1927	MUL_MAT	MMQ	-	blk.28.ssm_beta.weight	node_1720	q8_0	f32	f32	2560	32	1	1	2560	28	1	1	2720	87040	87040	10240	286720	286720	1	1	0	1	1
1	1788291912713375664	eager	1927	MUL_MAT	MMQ	-	blk.28.ssm_out.weight	linear_attn_out-28	q5_K	f32	f32	4096	2560	1	1	4096	28	1	1	2816	7208960	7208960	16384	458752	458752	1	1	0	1	1
1	1788291912713375664	eager	1927	MUL_MAT	MMQ	-	blk.29.attn_gate.weight	z-29	q4_K	f32	f32	2560	4096	1	1	2560	28	1	1	1440	5898240	5898240	10240	286720	286720	1	1	0	1	1
1	1788291912713375664	eager	1927	MUL_MAT	MMQ	-	blk.29.attn_qkv.weight	node_1756	q5_K	f32	f32	2560	8192	1	1	2560	28	1	1	1760	14417920	14417920	10240	286720	286720	1	1	0	1	1
1	1788291912713375664	eager	1927	MUL_MAT	MMQ	-	blk.29.ffn_down.weight	ffn_out-29	q6_K	f32	f32	9216	2560	1	1	9216	28	1	1	7560	19353600	19353600	36864	1032192	1032192	1	1	0	1	1
1	1788291912713375664	eager	1927	MUL_MAT	MMQ	-	blk.29.ffn_gate.weight	ffn_gate-29	q4_K	f32	f32	2560	9216	1	1	2560	28	1	1	1440	13271040	13271040	10240	286720	286720	1	1	0	1	1
1	1788291912713375664	eager	1927	MUL_MAT	MMQ	-	blk.29.ffn_up.weight	ffn_up-29	q4_K	f32	f32	2560	9216	1	1	2560	28	1	1	1440	13271040	13271040	10240	286720	286720	1	1	0	1	1
1	1788291912713375664	eager	1927	MUL_MAT	MMQ	-	blk.29.ssm_alpha.weight	node_1777	q8_0	f32	f32	2560	32	1	1	2560	28	1	1	2720	87040	87040	10240	286720	286720	1	1	0	1	1
1	1788291912713375664	eager	1927	MUL_MAT	MMQ	-	blk.29.ssm_beta.weight	node_1783	q8_0	f32	f32	2560	32	1	1	2560	28	1	1	2720	87040	87040	10240	286720	286720	1	1	0	1	1
1	1788291912713375664	eager	1927	MUL_MAT	MMQ	-	blk.29.ssm_out.weight	linear_attn_out-29	q5_K	f32	f32	4096	2560	1	1	4096	28	1	1	2816	7208960	7208960	16384	458752	458752	1	1	0	1	1
1	1788291912713375664	eager	1927	MUL_MAT	MMQ	-	blk.3.attn_k.weight	Kcur-3	q4_K	f32	f32	2560	1024	1	1	2560	28	1	1	1440	1474560	1474560	10240	286720	286720	1	1	0	1	1
1	1788291912713375664	eager	1927	MUL_MAT	MMQ	-	blk.3.attn_output.weight	attn_output-3	q4_K	f32	f32	4096	2560	1	1	4096	28	1	1	2304	5898240	5898240	16384	458752	458752	1	1	0	1	1
1	1788291912713375664	eager	1927	MUL_MAT	MMQ	-	blk.3.attn_q.weight	Qcur_full-3	q4_K	f32	f32	2560	8192	1	1	2560	28	1	1	1440	11796480	11796480	10240	286720	286720	1	1	0	1	1
1	1788291912713375664	eager	1927	MUL_MAT	MMQ	-	blk.3.attn_v.weight	Vcur-3	q6_K	f32	f32	2560	1024	1	1	2560	28	1	1	2100	2150400	2150400	10240	286720	286720	1	1	0	1	1
1	1788291912713375664	eager	1927	MUL_MAT	MMQ	-	blk.3.ffn_down.weight	ffn_out-3	q6_K	f32	f32	9216	2560	1	1	9216	28	1	1	7560	19353600	19353600	36864	1032192	1032192	1	1	0	1	1
1	1788291912713375664	eager	1927	MUL_MAT	MMQ	-	blk.3.ffn_gate.weight	ffn_gate-3	q4_K	f32	f32	2560	9216	1	1	2560	28	1	1	1440	13271040	13271040	10240	286720	286720	1	1	0	1	1
1	1788291912713375664	eager	1927	MUL_MAT	MMQ	-	blk.3.ffn_up.weight	ffn_up-3	q4_K	f32	f32	2560	9216	1	1	2560	28	1	1	1440	13271040	13271040	10240	286720	286720	1	1	0	1	1
1	1788291912713375664	eager	1927	MUL_MAT	MMQ	-	blk.30.attn_gate.weight	z-30	q4_K	f32	f32	2560	4096	1	1	2560	28	1	1	1440	5898240	5898240	10240	286720	286720	1	1	0	1	1
1	1788291912713375664	eager	1927	MUL_MAT	MMQ	-	blk.30.attn_qkv.weight	node_1819	q5_K	f32	f32	2560	8192	1	1	2560	28	1	1	1760	14417920	14417920	10240	286720	286720	1	1	0	1	1
1	1788291912713375664	eager	1927	MUL_MAT	MMQ	-	blk.30.ffn_down.weight	ffn_out-30	q6_K	f32	f32	9216	2560	1	1	9216	28	1	1	7560	19353600	19353600	36864	1032192	1032192	1	1	0	1	1
1	1788291912713375664	eager	1927	MUL_MAT	MMQ	-	blk.30.ffn_gate.weight	ffn_gate-30	q4_K	f32	f32	2560	9216	1	1	2560	28	1	1	1440	13271040	13271040	10240	286720	286720	1	1	0	1	1
1	1788291912713375664	eager	1927	MUL_MAT	MMQ	-	blk.30.ffn_up.weight	ffn_up-30	q4_K	f32	f32	2560	9216	1	1	2560	28	1	1	1440	13271040	13271040	10240	286720	286720	1	1	0	1	1
1	1788291912713375664	eager	1927	MUL_MAT	MMQ	-	blk.30.ssm_alpha.weight	node_1840	q8_0	f32	f32	2560	32	1	1	2560	28	1	1	2720	87040	87040	10240	286720	286720	1	1	0	1	1
1	1788291912713375664	eager	1927	MUL_MAT	MMQ	-	blk.30.ssm_beta.weight	node_1846	q8_0	f32	f32	2560	32	1	1	2560	28	1	1	2720	87040	87040	10240	286720	286720	1	1	0	1	1
1	1788291912713375664	eager	1927	MUL_MAT	MMQ	-	blk.30.ssm_out.weight	linear_attn_out-30	q5_K	f32	f32	4096	2560	1	1	4096	28	1	1	2816	7208960	7208960	16384	458752	458752	1	1	0	1	1
1	1788291912713375664	eager	1927	MUL_MAT	MMQ	-	blk.31.attn_k.weight	Kcur-31	q4_K	f32	f32	2560	1024	1	1	2560	28	1	1	1440	1474560	1474560	10240	286720	286720	1	1	0	1	1
1	1788291912713375664	eager	1927	MUL_MAT	MMQ	-	blk.31.attn_output.weight	attn_output-31	q4_K	f32	f32	4096	2560	1	1	4096	28	1	1	2304	5898240	5898240	16384	458752	458752	1	1	0	1	1
1	1788291912713375664	eager	1927	MUL_MAT	MMQ	-	blk.31.attn_q.weight	Qcur_full-31	q4_K	f32	f32	2560	8192	1	1	2560	28	1	1	1440	11796480	11796480	10240	286720	286720	1	1	0	1	1
1	1788291912713375664	eager	1927	MUL_MAT	MMQ	-	blk.31.attn_v.weight	Vcur-31	q4_K	f32	f32	2560	1024	1	1	2560	28	1	1	1440	1474560	1474560	10240	286720	286720	1	1	0	1	1
1	1788291912713375664	eager	1927	MUL_MAT	MMQ	-	blk.31.ffn_down.weight	ffn_out-31	q6_K	f32	f32	9216	2560	1	1	9216	28	1	1	7560	19353600	19353600	36864	1032192	1032192	1	1	0	1	1
1	1788291912713375664	eager	1927	MUL_MAT	MMQ	-	blk.31.ffn_gate.weight	ffn_gate-31	q4_K	f32	f32	2560	9216	1	1	2560	28	1	1	1440	13271040	13271040	10240	286720	286720	1	1	0	1	1
1	1788291912713375664	eager	1927	MUL_MAT	MMQ	-	blk.31.ffn_up.weight	ffn_up-31	q4_K	f32	f32	2560	9216	1	1	2560	28	1	1	1440	13271040	13271040	10240	286720	286720	1	1	0	1	1
1	1788291912713375664	eager	1927	MUL_MAT	MMQ	-	blk.4.attn_gate.weight	z-4	q4_K	f32	f32	2560	4096	1	1	2560	28	1	1	1440	5898240	5898240	10240	286720	286720	1	1	0	1	1
1	1788291912713375664	eager	1927	MUL_MAT	MMQ	-	blk.4.attn_qkv.weight	node_253	q5_K	f32	f32	2560	8192	1	1	2560	28	1	1	1760	14417920	14417920	10240	286720	286720	1	1	0	1	1
1	1788291912713375664	eager	1927	MUL_MAT	MMQ	-	blk.4.ffn_down.weight	ffn_out-4	q4_K	f32	f32	9216	2560	1	1	9216	28	1	1	5184	13271040	13271040	36864	1032192	1032192	1	1	0	1	1
1	1788291912713375664	eager	1927	MUL_MAT	MMQ	-	blk.4.ffn_gate.weight	ffn_gate-4	q4_K	f32	f32	2560	9216	1	1	2560	28	1	1	1440	13271040	13271040	10240	286720	286720	1	1	0	1	1
1	1788291912713375664	eager	1927	MUL_MAT	MMQ	-	blk.4.ffn_up.weight	ffn_up-4	q4_K	f32	f32	2560	9216	1	1	2560	28	1	1	1440	13271040	13271040	10240	286720	286720	1	1	0	1	1
1	1788291912713375664	eager	1927	MUL_MAT	MMQ	-	blk.4.ssm_alpha.weight	node_274	q8_0	f32	f32	2560	32	1	1	2560	28	1	1	2720	87040	87040	10240	286720	286720	1	1	0	1	1
1	1788291912713375664	eager	1927	MUL_MAT	MMQ	-	blk.4.ssm_beta.weight	node_280	q8_0	f32	f32	2560	32	1	1	2560	28	1	1	2720	87040	87040	10240	286720	286720	1	1	0	1	1
1	1788291912713375664	eager	1927	MUL_MAT	MMQ	-	blk.4.ssm_out.weight	linear_attn_out-4	q5_K	f32	f32	4096	2560	1	1	4096	28	1	1	2816	7208960	7208960	16384	458752	458752	1	1	0	1	1
1	1788291912713375664	eager	1927	MUL_MAT	MMQ	-	blk.5.attn_gate.weight	z-5	q4_K	f32	f32	2560	4096	1	1	2560	28	1	1	1440	5898240	5898240	10240	286720	286720	1	1	0	1	1
1	1788291912713375664	eager	1927	MUL_MAT	MMQ	-	blk.5.attn_qkv.weight	node_316	q5_K	f32	f32	2560	8192	1	1	2560	28	1	1	1760	14417920	14417920	10240	286720	286720	1	1	0	1	1
1	1788291912713375664	eager	1927	MUL_MAT	MMQ	-	blk.5.ffn_down.weight	ffn_out-5	q4_K	f32	f32	9216	2560	1	1	9216	28	1	1	5184	13271040	13271040	36864	1032192	1032192	1	1	0	1	1
1	1788291912713375664	eager	1927	MUL_MAT	MMQ	-	blk.5.ffn_gate.weight	ffn_gate-5	q4_K	f32	f32	2560	9216	1	1	2560	28	1	1	1440	13271040	13271040	10240	286720	286720	1	1	0	1	1
1	1788291912713375664	eager	1927	MUL_MAT	MMQ	-	blk.5.ffn_up.weight	ffn_up-5	q4_K	f32	f32	2560	9216	1	1	2560	28	1	1	1440	13271040	13271040	10240	286720	286720	1	1	0	1	1
1	1788291912713375664	eager	1927	MUL_MAT	MMQ	-	blk.5.ssm_alpha.weight	node_337	q8_0	f32	f32	2560	32	1	1	2560	28	1	1	2720	87040	87040	10240	286720	286720	1	1	0	1	1
1	1788291912713375664	eager	1927	MUL_MAT	MMQ	-	blk.5.ssm_beta.weight	node_343	q8_0	f32	f32	2560	32	1	1	2560	28	1	1	2720	87040	87040	10240	286720	286720	1	1	0	1	1
1	1788291912713375664	eager	1927	MUL_MAT	MMQ	-	blk.5.ssm_out.weight	linear_attn_out-5	q5_K	f32	f32	4096	2560	1	1	4096	28	1	1	2816	7208960	7208960	16384	458752	458752	1	1	0	1	1
1	1788291912713375664	eager	1927	MUL_MAT	MMQ	-	blk.6.attn_gate.weight	z-6	q4_K	f32	f32	2560	4096	1	1	2560	28	1	1	1440	5898240	5898240	10240	286720	286720	1	1	0	1	1
1	1788291912713375664	eager	1927	MUL_MAT	MMQ	-	blk.6.attn_qkv.weight	node_379	q5_K	f32	f32	2560	8192	1	1	2560	28	1	1	1760	14417920	14417920	10240	286720	286720	1	1	0	1	1
1	1788291912713375664	eager	1927	MUL_MAT	MMQ	-	blk.6.ffn_down.weight	ffn_out-6	q6_K	f32	f32	9216	2560	1	1	9216	28	1	1	7560	19353600	19353600	36864	1032192	1032192	1	1	0	1	1
1	1788291912713375664	eager	1927	MUL_MAT	MMQ	-	blk.6.ffn_gate.weight	ffn_gate-6	q4_K	f32	f32	2560	9216	1	1	2560	28	1	1	1440	13271040	13271040	10240	286720	286720	1	1	0	1	1
1	1788291912713375664	eager	1927	MUL_MAT	MMQ	-	blk.6.ffn_up.weight	ffn_up-6	q4_K	f32	f32	2560	9216	1	1	2560	28	1	1	1440	13271040	13271040	10240	286720	286720	1	1	0	1	1
1	1788291912713375664	eager	1927	MUL_MAT	MMQ	-	blk.6.ssm_alpha.weight	node_400	q8_0	f32	f32	2560	32	1	1	2560	28	1	1	2720	87040	87040	10240	286720	286720	1	1	0	1	1
1	1788291912713375664	eager	1927	MUL_MAT	MMQ	-	blk.6.ssm_beta.weight	node_406	q8_0	f32	f32	2560	32	1	1	2560	28	1	1	2720	87040	87040	10240	286720	286720	1	1	0	1	1
1	1788291912713375664	eager	1927	MUL_MAT	MMQ	-	blk.6.ssm_out.weight	linear_attn_out-6	q5_K	f32	f32	4096	2560	1	1	4096	28	1	1	2816	7208960	7208960	16384	458752	458752	1	1	0	1	1
1	1788291912713375664	eager	1927	MUL_MAT	MMQ	-	blk.7.attn_k.weight	Kcur-7	q4_K	f32	f32	2560	1024	1	1	2560	28	1	1	1440	1474560	1474560	10240	286720	286720	1	1	0	1	1
1	1788291912713375664	eager	1927	MUL_MAT	MMQ	-	blk.7.attn_output.weight	attn_output-7	q4_K	f32	f32	4096	2560	1	1	4096	28	1	1	2304	5898240	5898240	16384	458752	458752	1	1	0	1	1
1	1788291912713375664	eager	1927	MUL_MAT	MMQ	-	blk.7.attn_q.weight	Qcur_full-7	q4_K	f32	f32	2560	8192	1	1	2560	28	1	1	1440	11796480	11796480	10240	286720	286720	1	1	0	1	1
1	1788291912713375664	eager	1927	MUL_MAT	MMQ	-	blk.7.attn_v.weight	Vcur-7	q6_K	f32	f32	2560	1024	1	1	2560	28	1	1	2100	2150400	2150400	10240	286720	286720	1	1	0	1	1
1	1788291912713375664	eager	1927	MUL_MAT	MMQ	-	blk.7.ffn_down.weight	ffn_out-7	q4_K	f32	f32	9216	2560	1	1	9216	28	1	1	5184	13271040	13271040	36864	1032192	1032192	1	1	0	1	1
1	1788291912713375664	eager	1927	MUL_MAT	MMQ	-	blk.7.ffn_gate.weight	ffn_gate-7	q4_K	f32	f32	2560	9216	1	1	2560	28	1	1	1440	13271040	13271040	10240	286720	286720	1	1	0	1	1
1	1788291912713375664	eager	1927	MUL_MAT	MMQ	-	blk.7.ffn_up.weight	ffn_up-7	q4_K	f32	f32	2560	9216	1	1	2560	28	1	1	1440	13271040	13271040	10240	286720	286720	1	1	0	1	1
1	1788291912713375664	eager	1927	MUL_MAT	MMQ	-	blk.8.attn_gate.weight	z-8	q4_K	f32	f32	2560	4096	1	1	2560	28	1	1	1440	5898240	5898240	10240	286720	286720	1	1	0	1	1
1	1788291912713375664	eager	1927	MUL_MAT	MMQ	-	blk.8.attn_qkv.weight	node_493	q5_K	f32	f32	2560	8192	1	1	2560	28	1	1	1760	14417920	14417920	10240	286720	286720	1	1	0	1	1
1	1788291912713375664	eager	1927	MUL_MAT	MMQ	-	blk.8.ffn_down.weight	ffn_out-8	q4_K	f32	f32	9216	2560	1	1	9216	28	1	1	5184	13271040	13271040	36864	1032192	1032192	1	1	0	1	1
1	1788291912713375664	eager	1927	MUL_MAT	MMQ	-	blk.8.ffn_gate.weight	ffn_gate-8	q4_K	f32	f32	2560	9216	1	1	2560	28	1	1	1440	13271040	13271040	10240	286720	286720	1	1	0	1	1
1	1788291912713375664	eager	1927	MUL_MAT	MMQ	-	blk.8.ffn_up.weight	ffn_up-8	q4_K	f32	f32	2560	9216	1	1	2560	28	1	1	1440	13271040	13271040	10240	286720	286720	1	1	0	1	1
1	1788291912713375664	eager	1927	MUL_MAT	MMQ	-	blk.8.ssm_alpha.weight	node_514	q8_0	f32	f32	2560	32	1	1	2560	28	1	1	2720	87040	87040	10240	286720	286720	1	1	0	1	1
1	1788291912713375664	eager	1927	MUL_MAT	MMQ	-	blk.8.ssm_beta.weight	node_520	q8_0	f32	f32	2560	32	1	1	2560	28	1	1	2720	87040	87040	10240	286720	286720	1	1	0	1	1
1	1788291912713375664	eager	1927	MUL_MAT	MMQ	-	blk.8.ssm_out.weight	linear_attn_out-8	q5_K	f32	f32	4096	2560	1	1	4096	28	1	1	2816	7208960	7208960	16384	458752	458752	1	1	0	1	1
1	1788291912713375664	eager	1927	MUL_MAT	MMQ	-	blk.9.attn_gate.weight	z-9	q4_K	f32	f32	2560	4096	1	1	2560	28	1	1	1440	5898240	5898240	10240	286720	286720	1	1	0	1	1
1	1788291912713375664	eager	1927	MUL_MAT	MMQ	-	blk.9.attn_qkv.weight	node_556	q5_K	f32	f32	2560	8192	1	1	2560	28	1	1	1760	14417920	14417920	10240	286720	286720	1	1	0	1	1
1	1788291912713375664	eager	1927	MUL_MAT	MMQ	-	blk.9.ffn_down.weight	ffn_out-9	q6_K	f32	f32	9216	2560	1	1	9216	28	1	1	7560	19353600	19353600	36864	1032192	1032192	1	1	0	1	1
1	1788291912713375664	eager	1927	MUL_MAT	MMQ	-	blk.9.ffn_gate.weight	ffn_gate-9	q4_K	f32	f32	2560	9216	1	1	2560	28	1	1	1440	13271040	13271040	10240	286720	286720	1	1	0	1	1
1	1788291912713375664	eager	1927	MUL_MAT	MMQ	-	blk.9.ffn_up.weight	ffn_up-9	q4_K	f32	f32	2560	9216	1	1	2560	28	1	1	1440	13271040	13271040	10240	286720	286720	1	1	0	1	1
1	1788291912713375664	eager	1927	MUL_MAT	MMQ	-	blk.9.ssm_alpha.weight	node_577	q8_0	f32	f32	2560	32	1	1	2560	28	1	1	2720	87040	87040	10240	286720	286720	1	1	0	1	1
1	1788291912713375664	eager	1927	MUL_MAT	MMQ	-	blk.9.ssm_beta.weight	node_583	q8_0	f32	f32	2560	32	1	1	2560	28	1	1	2720	87040	87040	10240	286720	286720	1	1	0	1	1
1	1788291912713375664	eager	1927	MUL_MAT	MMQ	-	blk.9.ssm_out.weight	linear_attn_out-9	q5_K	f32	f32	4096	2560	1	1	4096	28	1	1	2816	7208960	7208960	16384	458752	458752	1	1	0	1	1
1	1788291912713375664	eager	1927	MUL_MAT	MMVQ	-	token_embd.weight	result_output	q6_K	f32	f32	2560	248320	1	1	2560	1	1	1	2100	521472000	521472000	10240	10240	10240	1	1	0	1	1
2	1788291912804475632	eager	1927	MUL_MAT	MMVQ	-	blk.0.attn_gate.weight	z-0	q4_K	f32	f32	2560	4096	1	1	2560	1	1	1	1440	5898240	5898240	10240	10240	10240	1	1	0	1	1
2	1788291912804475632	eager	1927	MUL_MAT	MMVQ	-	blk.0.attn_qkv.weight	node_13	q5_K	f32	f32	2560	8192	1	1	2560	1	1	1	1760	14417920	14417920	10240	10240	10240	1	1	0	1	1
2	1788291912804475632	eager	1927	MUL_MAT	MMVQ	-	blk.0.ssm_alpha.weight	node_34	q8_0	f32	f32	2560	32	1	1	2560	1	1	1	2720	87040	87040	10240	10240	10240	1	1	0	1	1
2	1788291912804475632	eager	1927	MUL_MAT	MMVQ	-	blk.0.ssm_beta.weight	node_40	q8_0	f32	f32	2560	32	1	1	2560	1	1	1	2720	87040	87040	10240	10240	10240	1	1	0	1	1
2	1788291912804475632	eager	1927	MUL_MAT	MMVQ	-	blk.0.ssm_out.weight	linear_attn_out-0	q5_K	f32	f32	4096	2560	1	1	4096	1	1	1	2816	7208960	7208960	16384	16384	16384	1	1	0	1	1
2	1788291912804475632	eager	1927	MUL_MAT	MMVQ	-	blk.1.attn_gate.weight	z-1	q4_K	f32	f32	2560	4096	1	1	2560	1	1	1	1440	5898240	5898240	10240	10240	10240	1	1	0	1	1
2	1788291912804475632	eager	1927	MUL_MAT	MMVQ	-	blk.1.attn_qkv.weight	node_76	q5_K	f32	f32	2560	8192	1	1	2560	1	1	1	1760	14417920	14417920	10240	10240	10240	1	1	0	1	1
2	1788291912804475632	eager	1927	MUL_MAT	MMVQ	-	blk.1.ssm_alpha.weight	node_97	q8_0	f32	f32	2560	32	1	1	2560	1	1	1	2720	87040	87040	10240	10240	10240	1	1	0	1	1
2	1788291912804475632	eager	1927	MUL_MAT	MMVQ	-	blk.1.ssm_beta.weight	node_103	q8_0	f32	f32	2560	32	1	1	2560	1	1	1	2720	87040	87040	10240	10240	10240	1	1	0	1	1
2	1788291912804475632	eager	1927	MUL_MAT	MMVQ	-	blk.1.ssm_out.weight	linear_attn_out-1	q5_K	f32	f32	4096	2560	1	1	4096	1	1	1	2816	7208960	7208960	16384	16384	16384	1	1	0	1	1
2	1788291912804475632	eager	1927	MUL_MAT	MMVQ	-	blk.10.attn_gate.weight	z-10	q4_K	f32	f32	2560	4096	1	1	2560	1	1	1	1440	5898240	5898240	10240	10240	10240	1	1	0	1	1
2	1788291912804475632	eager	1927	MUL_MAT	MMVQ	-	blk.10.attn_qkv.weight	node_619	q5_K	f32	f32	2560	8192	1	1	2560	1	1	1	1760	14417920	14417920	10240	10240	10240	1	1	0	1	1
2	1788291912804475632	eager	1927	MUL_MAT	MMVQ	-	blk.10.ssm_alpha.weight	node_640	q8_0	f32	f32	2560	32	1	1	2560	1	1	1	2720	87040	87040	10240	10240	10240	1	1	0	1	1
2	1788291912804475632	eager	1927	MUL_MAT	MMVQ	-	blk.10.ssm_beta.weight	node_646	q8_0	f32	f32	2560	32	1	1	2560	1	1	1	2720	87040	87040	10240	10240	10240	1	1	0	1	1
2	1788291912804475632	eager	1927	MUL_MAT	MMVQ	-	blk.10.ssm_out.weight	linear_attn_out-10	q5_K	f32	f32	4096	2560	1	1	4096	1	1	1	2816	7208960	7208960	16384	16384	16384	1	1	0	1	1
2	1788291912804475632	eager	1927	MUL_MAT	MMVQ	-	blk.11.attn_k.weight	Kcur-11	q4_K	f32	f32	2560	1024	1	1	2560	1	1	1	1440	1474560	1474560	10240	10240	10240	1	1	0	1	1
2	1788291912804475632	eager	1927	MUL_MAT	MMVQ	-	blk.11.attn_q.weight	Qcur_full-11	q4_K	f32	f32	2560	8192	1	1	2560	1	1	1	1440	11796480	11796480	10240	10240	10240	1	1	0	1	1
2	1788291912804475632	eager	1927	MUL_MAT	MMVQ	-	blk.11.attn_v.weight	Vcur-11	q6_K	f32	f32	2560	1024	1	1	2560	1	1	1	2100	2150400	2150400	10240	10240	10240	1	1	0	1	1
2	1788291912804475632	eager	1927	MUL_MAT	MMVQ	-	blk.12.attn_gate.weight	z-12	q4_K	f32	f32	2560	4096	1	1	2560	1	1	1	1440	5898240	5898240	10240	10240	10240	1	1	0	1	1
2	1788291912804475632	eager	1927	MUL_MAT	MMVQ	-	blk.12.attn_qkv.weight	node_733	q5_K	f32	f32	2560	8192	1	1	2560	1	1	1	1760	14417920	14417920	10240	10240	10240	1	1	0	1	1
2	1788291912804475632	eager	1927	MUL_MAT	MMVQ	-	blk.12.ssm_alpha.weight	node_754	q8_0	f32	f32	2560	32	1	1	2560	1	1	1	2720	87040	87040	10240	10240	10240	1	1	0	1	1
2	1788291912804475632	eager	1927	MUL_MAT	MMVQ	-	blk.12.ssm_beta.weight	node_760	q8_0	f32	f32	2560	32	1	1	2560	1	1	1	2720	87040	87040	10240	10240	10240	1	1	0	1	1
2	1788291912804475632	eager	1927	MUL_MAT	MMVQ	-	blk.12.ssm_out.weight	linear_attn_out-12	q5_K	f32	f32	4096	2560	1	1	4096	1	1	1	2816	7208960	7208960	16384	16384	16384	1	1	0	1	1
2	1788291912804475632	eager	1927	MUL_MAT	MMVQ	-	blk.13.attn_gate.weight	z-13	q4_K	f32	f32	2560	4096	1	1	2560	1	1	1	1440	5898240	5898240	10240	10240	10240	1	1	0	1	1
2	1788291912804475632	eager	1927	MUL_MAT	MMVQ	-	blk.13.attn_qkv.weight	node_796	q5_K	f32	f32	2560	8192	1	1	2560	1	1	1	1760	14417920	14417920	10240	10240	10240	1	1	0	1	1
2	1788291912804475632	eager	1927	MUL_MAT	MMVQ	-	blk.13.ssm_alpha.weight	node_817	q8_0	f32	f32	2560	32	1	1	2560	1	1	1	2720	87040	87040	10240	10240	10240	1	1	0	1	1
2	1788291912804475632	eager	1927	MUL_MAT	MMVQ	-	blk.13.ssm_beta.weight	node_823	q8_0	f32	f32	2560	32	1	1	2560	1	1	1	2720	87040	87040	10240	10240	10240	1	1	0	1	1
2	1788291912804475632	eager	1927	MUL_MAT	MMVQ	-	blk.13.ssm_out.weight	linear_attn_out-13	q5_K	f32	f32	4096	2560	1	1	4096	1	1	1	2816	7208960	7208960	16384	16384	16384	1	1	0	1	1
2	1788291912804475632	eager	1927	MUL_MAT	MMVQ	-	blk.14.attn_gate.weight	z-14	q4_K	f32	f32	2560	4096	1	1	2560	1	1	1	1440	5898240	5898240	10240	10240	10240	1	1	0	1	1
2	1788291912804475632	eager	1927	MUL_MAT	MMVQ	-	blk.14.attn_qkv.weight	node_859	q5_K	f32	f32	2560	8192	1	1	2560	1	1	1	1760	14417920	14417920	10240	10240	10240	1	1	0	1	1
2	1788291912804475632	eager	1927	MUL_MAT	MMVQ	-	blk.14.ssm_alpha.weight	node_880	q8_0	f32	f32	2560	32	1	1	2560	1	1	1	2720	87040	87040	10240	10240	10240	1	1	0	1	1
2	1788291912804475632	eager	1927	MUL_MAT	MMVQ	-	blk.14.ssm_beta.weight	node_886	q8_0	f32	f32	2560	32	1	1	2560	1	1	1	2720	87040	87040	10240	10240	10240	1	1	0	1	1
2	1788291912804475632	eager	1927	MUL_MAT	MMVQ	-	blk.14.ssm_out.weight	linear_attn_out-14	q5_K	f32	f32	4096	2560	1	1	4096	1	1	1	2816	7208960	7208960	16384	16384	16384	1	1	0	1	1
2	1788291912804475632	eager	1927	MUL_MAT	MMVQ	-	blk.15.attn_k.weight	Kcur-15	q4_K	f32	f32	2560	1024	1	1	2560	1	1	1	1440	1474560	1474560	10240	10240	10240	1	1	0	1	1
2	1788291912804475632	eager	1927	MUL_MAT	MMVQ	-	blk.15.attn_q.weight	Qcur_full-15	q4_K	f32	f32	2560	8192	1	1	2560	1	1	1	1440	11796480	11796480	10240	10240	10240	1	1	0	1	1
2	1788291912804475632	eager	1927	MUL_MAT	MMVQ	-	blk.15.attn_v.weight	Vcur-15	q6_K	f32	f32	2560	1024	1	1	2560	1	1	1	2100	2150400	2150400	10240	10240	10240	1	1	0	1	1
2	1788291912804475632	eager	1927	MUL_MAT	MMVQ	-	blk.16.attn_gate.weight	z-16	q4_K	f32	f32	2560	4096	1	1	2560	1	1	1	1440	5898240	5898240	10240	10240	10240	1	1	0	1	1
2	1788291912804475632	eager	1927	MUL_MAT	MMVQ	-	blk.16.attn_qkv.weight	node_973	q5_K	f32	f32	2560	8192	1	1	2560	1	1	1	1760	14417920	14417920	10240	10240	10240	1	1	0	1	1
2	1788291912804475632	eager	1927	MUL_MAT	MMVQ	-	blk.16.ssm_alpha.weight	node_994	q8_0	f32	f32	2560	32	1	1	2560	1	1	1	2720	87040	87040	10240	10240	10240	1	1	0	1	1
2	1788291912804475632	eager	1927	MUL_MAT	MMVQ	-	blk.16.ssm_beta.weight	node_1000	q8_0	f32	f32	2560	32	1	1	2560	1	1	1	2720	87040	87040	10240	10240	10240	1	1	0	1	1
2	1788291912804475632	eager	1927	MUL_MAT	MMVQ	-	blk.16.ssm_out.weight	linear_attn_out-16	q5_K	f32	f32	4096	2560	1	1	4096	1	1	1	2816	7208960	7208960	16384	16384	16384	1	1	0	1	1
2	1788291912804475632	eager	1927	MUL_MAT	MMVQ	-	blk.17.attn_gate.weight	z-17	q4_K	f32	f32	2560	4096	1	1	2560	1	1	1	1440	5898240	5898240	10240	10240	10240	1	1	0	1	1
2	1788291912804475632	eager	1927	MUL_MAT	MMVQ	-	blk.17.attn_qkv.weight	node_1036	q5_K	f32	f32	2560	8192	1	1	2560	1	1	1	1760	14417920	14417920	10240	10240	10240	1	1	0	1	1
2	1788291912804475632	eager	1927	MUL_MAT	MMVQ	-	blk.17.ssm_alpha.weight	node_1057	q8_0	f32	f32	2560	32	1	1	2560	1	1	1	2720	87040	87040	10240	10240	10240	1	1	0	1	1
2	1788291912804475632	eager	1927	MUL_MAT	MMVQ	-	blk.17.ssm_beta.weight	node_1063	q8_0	f32	f32	2560	32	1	1	2560	1	1	1	2720	87040	87040	10240	10240	10240	1	1	0	1	1
2	1788291912804475632	eager	1927	MUL_MAT	MMVQ	-	blk.17.ssm_out.weight	linear_attn_out-17	q5_K	f32	f32	4096	2560	1	1	4096	1	1	1	2816	7208960	7208960	16384	16384	16384	1	1	0	1	1
2	1788291912804475632	eager	1927	MUL_MAT	MMVQ	-	blk.18.attn_gate.weight	z-18	q4_K	f32	f32	2560	4096	1	1	2560	1	1	1	1440	5898240	5898240	10240	10240	10240	1	1	0	1	1
2	1788291912804475632	eager	1927	MUL_MAT	MMVQ	-	blk.18.attn_qkv.weight	node_1099	q5_K	f32	f32	2560	8192	1	1	2560	1	1	1	1760	14417920	14417920	10240	10240	10240	1	1	0	1	1
2	1788291912804475632	eager	1927	MUL_MAT	MMVQ	-	blk.18.ssm_alpha.weight	node_1120	q8_0	f32	f32	2560	32	1	1	2560	1	1	1	2720	87040	87040	10240	10240	10240	1	1	0	1	1
2	1788291912804475632	eager	1927	MUL_MAT	MMVQ	-	blk.18.ssm_beta.weight	node_1126	q8_0	f32	f32	2560	32	1	1	2560	1	1	1	2720	87040	87040	10240	10240	10240	1	1	0	1	1
2	1788291912804475632	eager	1927	MUL_MAT	MMVQ	-	blk.18.ssm_out.weight	linear_attn_out-18	q5_K	f32	f32	4096	2560	1	1	4096	1	1	1	2816	7208960	7208960	16384	16384	16384	1	1	0	1	1
2	1788291912804475632	eager	1927	MUL_MAT	MMVQ	-	blk.19.attn_k.weight	Kcur-19	q4_K	f32	f32	2560	1024	1	1	2560	1	1	1	1440	1474560	1474560	10240	10240	10240	1	1	0	1	1
2	1788291912804475632	eager	1927	MUL_MAT	MMVQ	-	blk.19.attn_q.weight	Qcur_full-19	q4_K	f32	f32	2560	8192	1	1	2560	1	1	1	1440	11796480	11796480	10240	10240	10240	1	1	0	1	1
2	1788291912804475632	eager	1927	MUL_MAT	MMVQ	-	blk.19.attn_v.weight	Vcur-19	q4_K	f32	f32	2560	1024	1	1	2560	1	1	1	1440	1474560	1474560	10240	10240	10240	1	1	0	1	1
2	1788291912804475632	eager	1927	MUL_MAT	MMVQ	-	blk.2.attn_gate.weight	z-2	q4_K	f32	f32	2560	4096	1	1	2560	1	1	1	1440	5898240	5898240	10240	10240	10240	1	1	0	1	1
2	1788291912804475632	eager	1927	MUL_MAT	MMVQ	-	blk.2.attn_qkv.weight	node_139	q5_K	f32	f32	2560	8192	1	1	2560	1	1	1	1760	14417920	14417920	10240	10240	10240	1	1	0	1	1
2	1788291912804475632	eager	1927	MUL_MAT	MMVQ	-	blk.2.ssm_alpha.weight	node_160	q8_0	f32	f32	2560	32	1	1	2560	1	1	1	2720	87040	87040	10240	10240	10240	1	1	0	1	1
2	1788291912804475632	eager	1927	MUL_MAT	MMVQ	-	blk.2.ssm_beta.weight	node_166	q8_0	f32	f32	2560	32	1	1	2560	1	1	1	2720	87040	87040	10240	10240	10240	1	1	0	1	1
2	1788291912804475632	eager	1927	MUL_MAT	MMVQ	-	blk.2.ssm_out.weight	linear_attn_out-2	q5_K	f32	f32	4096	2560	1	1	4096	1	1	1	2816	7208960	7208960	16384	16384	16384	1	1	0	1	1
2	1788291912804475632	eager	1927	MUL_MAT	MMVQ	-	blk.20.attn_gate.weight	z-20	q4_K	f32	f32	2560	4096	1	1	2560	1	1	1	1440	5898240	5898240	10240	10240	10240	1	1	0	1	1
2	1788291912804475632	eager	1927	MUL_MAT	MMVQ	-	blk.20.attn_qkv.weight	node_1213	q5_K	f32	f32	2560	8192	1	1	2560	1	1	1	1760	14417920	14417920	10240	10240	10240	1	1	0	1	1
2	1788291912804475632	eager	1927	MUL_MAT	MMVQ	-	blk.20.ssm_alpha.weight	node_1234	q8_0	f32	f32	2560	32	1	1	2560	1	1	1	2720	87040	87040	10240	10240	10240	1	1	0	1	1
2	1788291912804475632	eager	1927	MUL_MAT	MMVQ	-	blk.20.ssm_beta.weight	node_1240	q8_0	f32	f32	2560	32	1	1	2560	1	1	1	2720	87040	87040	10240	10240	10240	1	1	0	1	1
2	1788291912804475632	eager	1927	MUL_MAT	MMVQ	-	blk.20.ssm_out.weight	linear_attn_out-20	q5_K	f32	f32	4096	2560	1	1	4096	1	1	1	2816	7208960	7208960	16384	16384	16384	1	1	0	1	1
2	1788291912804475632	eager	1927	MUL_MAT	MMVQ	-	blk.21.attn_gate.weight	z-21	q4_K	f32	f32	2560	4096	1	1	2560	1	1	1	1440	5898240	5898240	10240	10240	10240	1	1	0	1	1
2	1788291912804475632	eager	1927	MUL_MAT	MMVQ	-	blk.21.attn_qkv.weight	node_1276	q5_K	f32	f32	2560	8192	1	1	2560	1	1	1	1760	14417920	14417920	10240	10240	10240	1	1	0	1	1
2	1788291912804475632	eager	1927	MUL_MAT	MMVQ	-	blk.21.ssm_alpha.weight	node_1297	q8_0	f32	f32	2560	32	1	1	2560	1	1	1	2720	87040	87040	10240	10240	10240	1	1	0	1	1
2	1788291912804475632	eager	1927	MUL_MAT	MMVQ	-	blk.21.ssm_beta.weight	node_1303	q8_0	f32	f32	2560	32	1	1	2560	1	1	1	2720	87040	87040	10240	10240	10240	1	1	0	1	1
2	1788291912804475632	eager	1927	MUL_MAT	MMVQ	-	blk.21.ssm_out.weight	linear_attn_out-21	q5_K	f32	f32	4096	2560	1	1	4096	1	1	1	2816	7208960	7208960	16384	16384	16384	1	1	0	1	1
2	1788291912804475632	eager	1927	MUL_MAT	MMVQ	-	blk.22.attn_gate.weight	z-22	q4_K	f32	f32	2560	4096	1	1	2560	1	1	1	1440	5898240	5898240	10240	10240	10240	1	1	0	1	1
2	1788291912804475632	eager	1927	MUL_MAT	MMVQ	-	blk.22.attn_qkv.weight	node_1339	q5_K	f32	f32	2560	8192	1	1	2560	1	1	1	1760	14417920	14417920	10240	10240	10240	1	1	0	1	1
2	1788291912804475632	eager	1927	MUL_MAT	MMVQ	-	blk.22.ssm_alpha.weight	node_1360	q8_0	f32	f32	2560	32	1	1	2560	1	1	1	2720	87040	87040	10240	10240	10240	1	1	0	1	1
2	1788291912804475632	eager	1927	MUL_MAT	MMVQ	-	blk.22.ssm_beta.weight	node_1366	q8_0	f32	f32	2560	32	1	1	2560	1	1	1	2720	87040	87040	10240	10240	10240	1	1	0	1	1
2	1788291912804475632	eager	1927	MUL_MAT	MMVQ	-	blk.22.ssm_out.weight	linear_attn_out-22	q5_K	f32	f32	4096	2560	1	1	4096	1	1	1	2816	7208960	7208960	16384	16384	16384	1	1	0	1	1
2	1788291912804475632	eager	1927	MUL_MAT	MMVQ	-	blk.23.attn_k.weight	Kcur-23	q4_K	f32	f32	2560	1024	1	1	2560	1	1	1	1440	1474560	1474560	10240	10240	10240	1	1	0	1	1
2	1788291912804475632	eager	1927	MUL_MAT	MMVQ	-	blk.23.attn_q.weight	Qcur_full-23	q4_K	f32	f32	2560	8192	1	1	2560	1	1	1	1440	11796480	11796480	10240	10240	10240	1	1	0	1	1
2	1788291912804475632	eager	1927	MUL_MAT	MMVQ	-	blk.23.attn_v.weight	Vcur-23	q4_K	f32	f32	2560	1024	1	1	2560	1	1	1	1440	1474560	1474560	10240	10240	10240	1	1	0	1	1
2	1788291912804475632	eager	1927	MUL_MAT	MMVQ	-	blk.24.attn_gate.weight	z-24	q4_K	f32	f32	2560	4096	1	1	2560	1	1	1	1440	5898240	5898240	10240	10240	10240	1	1	0	1	1
2	1788291912804475632	eager	1927	MUL_MAT	MMVQ	-	blk.24.attn_qkv.weight	node_1453	q5_K	f32	f32	2560	8192	1	1	2560	1	1	1	1760	14417920	14417920	10240	10240	10240	1	1	0	1	1
2	1788291912804475632	eager	1927	MUL_MAT	MMVQ	-	blk.24.ssm_alpha.weight	node_1474	q8_0	f32	f32	2560	32	1	1	2560	1	1	1	2720	87040	87040	10240	10240	10240	1	1	0	1	1
2	1788291912804475632	eager	1927	MUL_MAT	MMVQ	-	blk.24.ssm_beta.weight	node_1480	q8_0	f32	f32	2560	32	1	1	2560	1	1	1	2720	87040	87040	10240	10240	10240	1	1	0	1	1
2	1788291912804475632	eager	1927	MUL_MAT	MMVQ	-	blk.24.ssm_out.weight	linear_attn_out-24	q5_K	f32	f32	4096	2560	1	1	4096	1	1	1	2816	7208960	7208960	16384	16384	16384	1	1	0	1	1
2	1788291912804475632	eager	1927	MUL_MAT	MMVQ	-	blk.25.attn_gate.weight	z-25	q4_K	f32	f32	2560	4096	1	1	2560	1	1	1	1440	5898240	5898240	10240	10240	10240	1	1	0	1	1
2	1788291912804475632	eager	1927	MUL_MAT	MMVQ	-	blk.25.attn_qkv.weight	node_1516	q5_K	f32	f32	2560	8192	1	1	2560	1	1	1	1760	14417920	14417920	10240	10240	10240	1	1	0	1	1
2	1788291912804475632	eager	1927	MUL_MAT	MMVQ	-	blk.25.ssm_alpha.weight	node_1537	q8_0	f32	f32	2560	32	1	1	2560	1	1	1	2720	87040	87040	10240	10240	10240	1	1	0	1	1
2	1788291912804475632	eager	1927	MUL_MAT	MMVQ	-	blk.25.ssm_beta.weight	node_1543	q8_0	f32	f32	2560	32	1	1	2560	1	1	1	2720	87040	87040	10240	10240	10240	1	1	0	1	1
2	1788291912804475632	eager	1927	MUL_MAT	MMVQ	-	blk.25.ssm_out.weight	linear_attn_out-25	q5_K	f32	f32	4096	2560	1	1	4096	1	1	1	2816	7208960	7208960	16384	16384	16384	1	1	0	1	1
2	1788291912804475632	eager	1927	MUL_MAT	MMVQ	-	blk.26.attn_gate.weight	z-26	q4_K	f32	f32	2560	4096	1	1	2560	1	1	1	1440	5898240	5898240	10240	10240	10240	1	1	0	1	1
2	1788291912804475632	eager	1927	MUL_MAT	MMVQ	-	blk.26.attn_qkv.weight	node_1579	q5_K	f32	f32	2560	8192	1	1	2560	1	1	1	1760	14417920	14417920	10240	10240	10240	1	1	0	1	1
2	1788291912804475632	eager	1927	MUL_MAT	MMVQ	-	blk.26.ssm_alpha.weight	node_1600	q8_0	f32	f32	2560	32	1	1	2560	1	1	1	2720	87040	87040	10240	10240	10240	1	1	0	1	1
2	1788291912804475632	eager	1927	MUL_MAT	MMVQ	-	blk.26.ssm_beta.weight	node_1606	q8_0	f32	f32	2560	32	1	1	2560	1	1	1	2720	87040	87040	10240	10240	10240	1	1	0	1	1
2	1788291912804475632	eager	1927	MUL_MAT	MMVQ	-	blk.26.ssm_out.weight	linear_attn_out-26	q5_K	f32	f32	4096	2560	1	1	4096	1	1	1	2816	7208960	7208960	16384	16384	16384	1	1	0	1	1
2	1788291912804475632	eager	1927	MUL_MAT	MMVQ	-	blk.27.attn_k.weight	Kcur-27	q4_K	f32	f32	2560	1024	1	1	2560	1	1	1	1440	1474560	1474560	10240	10240	10240	1	1	0	1	1
2	1788291912804475632	eager	1927	MUL_MAT	MMVQ	-	blk.27.attn_q.weight	Qcur_full-27	q4_K	f32	f32	2560	8192	1	1	2560	1	1	1	1440	11796480	11796480	10240	10240	10240	1	1	0	1	1
2	1788291912804475632	eager	1927	MUL_MAT	MMVQ	-	blk.27.attn_v.weight	Vcur-27	q6_K	f32	f32	2560	1024	1	1	2560	1	1	1	2100	2150400	2150400	10240	10240	10240	1	1	0	1	1
2	1788291912804475632	eager	1927	MUL_MAT	MMVQ	-	blk.28.attn_gate.weight	z-28	q4_K	f32	f32	2560	4096	1	1	2560	1	1	1	1440	5898240	5898240	10240	10240	10240	1	1	0	1	1
2	1788291912804475632	eager	1927	MUL_MAT	MMVQ	-	blk.28.attn_qkv.weight	node_1693	q5_K	f32	f32	2560	8192	1	1	2560	1	1	1	1760	14417920	14417920	10240	10240	10240	1	1	0	1	1
2	1788291912804475632	eager	1927	MUL_MAT	MMVQ	-	blk.28.ssm_alpha.weight	node_1714	q8_0	f32	f32	2560	32	1	1	2560	1	1	1	2720	87040	87040	10240	10240	10240	1	1	0	1	1
2	1788291912804475632	eager	1927	MUL_MAT	MMVQ	-	blk.28.ssm_beta.weight	node_1720	q8_0	f32	f32	2560	32	1	1	2560	1	1	1	2720	87040	87040	10240	10240	10240	1	1	0	1	1
2	1788291912804475632	eager	1927	MUL_MAT	MMVQ	-	blk.28.ssm_out.weight	linear_attn_out-28	q5_K	f32	f32	4096	2560	1	1	4096	1	1	1	2816	7208960	7208960	16384	16384	16384	1	1	0	1	1
2	1788291912804475632	eager	1927	MUL_MAT	MMVQ	-	blk.29.attn_gate.weight	z-29	q4_K	f32	f32	2560	4096	1	1	2560	1	1	1	1440	5898240	5898240	10240	10240	10240	1	1	0	1	1
2	1788291912804475632	eager	1927	MUL_MAT	MMVQ	-	blk.29.attn_qkv.weight	node_1756	q5_K	f32	f32	2560	8192	1	1	2560	1	1	1	1760	14417920	14417920	10240	10240	10240	1	1	0	1	1
2	1788291912804475632	eager	1927	MUL_MAT	MMVQ	-	blk.29.ssm_alpha.weight	node_1777	q8_0	f32	f32	2560	32	1	1	2560	1	1	1	2720	87040	87040	10240	10240	10240	1	1	0	1	1
2	1788291912804475632	eager	1927	MUL_MAT	MMVQ	-	blk.29.ssm_beta.weight	node_1783	q8_0	f32	f32	2560	32	1	1	2560	1	1	1	2720	87040	87040	10240	10240	10240	1	1	0	1	1
2	1788291912804475632	eager	1927	MUL_MAT	MMVQ	-	blk.29.ssm_out.weight	linear_attn_out-29	q5_K	f32	f32	4096	2560	1	1	4096	1	1	1	2816	7208960	7208960	16384	16384	16384	1	1	0	1	1
2	1788291912804475632	eager	1927	MUL_MAT	MMVQ	-	blk.3.attn_k.weight	Kcur-3	q4_K	f32	f32	2560	1024	1	1	2560	1	1	1	1440	1474560	1474560	10240	10240	10240	1	1	0	1	1
2	1788291912804475632	eager	1927	MUL_MAT	MMVQ	-	blk.3.attn_q.weight	Qcur_full-3	q4_K	f32	f32	2560	8192	1	1	2560	1	1	1	1440	11796480	11796480	10240	10240	10240	1	1	0	1	1
2	1788291912804475632	eager	1927	MUL_MAT	MMVQ	-	blk.3.attn_v.weight	Vcur-3	q6_K	f32	f32	2560	1024	1	1	2560	1	1	1	2100	2150400	2150400	10240	10240	10240	1	1	0	1	1
2	1788291912804475632	eager	1927	MUL_MAT	MMVQ	-	blk.30.attn_gate.weight	z-30	q4_K	f32	f32	2560	4096	1	1	2560	1	1	1	1440	5898240	5898240	10240	10240	10240	1	1	0	1	1
2	1788291912804475632	eager	1927	MUL_MAT	MMVQ	-	blk.30.attn_qkv.weight	node_1819	q5_K	f32	f32	2560	8192	1	1	2560	1	1	1	1760	14417920	14417920	10240	10240	10240	1	1	0	1	1
2	1788291912804475632	eager	1927	MUL_MAT	MMVQ	-	blk.30.ssm_alpha.weight	node_1840	q8_0	f32	f32	2560	32	1	1	2560	1	1	1	2720	87040	87040	10240	10240	10240	1	1	0	1	1
2	1788291912804475632	eager	1927	MUL_MAT	MMVQ	-	blk.30.ssm_beta.weight	node_1846	q8_0	f32	f32	2560	32	1	1	2560	1	1	1	2720	87040	87040	10240	10240	10240	1	1	0	1	1
2	1788291912804475632	eager	1927	MUL_MAT	MMVQ	-	blk.30.ssm_out.weight	linear_attn_out-30	q5_K	f32	f32	4096	2560	1	1	4096	1	1	1	2816	7208960	7208960	16384	16384	16384	1	1	0	1	1
2	1788291912804475632	eager	1927	MUL_MAT	MMVQ	-	blk.31.attn_k.weight	Kcur-31	q4_K	f32	f32	2560	1024	1	1	2560	1	1	1	1440	1474560	1474560	10240	10240	10240	1	1	0	1	1
2	1788291912804475632	eager	1927	MUL_MAT	MMVQ	-	blk.31.attn_q.weight	Qcur_full-31	q4_K	f32	f32	2560	8192	1	1	2560	1	1	1	1440	11796480	11796480	10240	10240	10240	1	1	0	1	1
2	1788291912804475632	eager	1927	MUL_MAT	MMVQ	-	blk.31.attn_v.weight	Vcur-31	q4_K	f32	f32	2560	1024	1	1	2560	1	1	1	1440	1474560	1474560	10240	10240	10240	1	1	0	1	1
2	1788291912804475632	eager	1927	MUL_MAT	MMVQ	-	blk.4.attn_gate.weight	z-4	q4_K	f32	f32	2560	4096	1	1	2560	1	1	1	1440	5898240	5898240	10240	10240	10240	1	1	0	1	1
2	1788291912804475632	eager	1927	MUL_MAT	MMVQ	-	blk.4.attn_qkv.weight	node_253	q5_K	f32	f32	2560	8192	1	1	2560	1	1	1	1760	14417920	14417920	10240	10240	10240	1	1	0	1	1
2	1788291912804475632	eager	1927	MUL_MAT	MMVQ	-	blk.4.ssm_alpha.weight	node_274	q8_0	f32	f32	2560	32	1	1	2560	1	1	1	2720	87040	87040	10240	10240	10240	1	1	0	1	1
2	1788291912804475632	eager	1927	MUL_MAT	MMVQ	-	blk.4.ssm_beta.weight	node_280	q8_0	f32	f32	2560	32	1	1	2560	1	1	1	2720	87040	87040	10240	10240	10240	1	1	0	1	1
2	1788291912804475632	eager	1927	MUL_MAT	MMVQ	-	blk.4.ssm_out.weight	linear_attn_out-4	q5_K	f32	f32	4096	2560	1	1	4096	1	1	1	2816	7208960	7208960	16384	16384	16384	1	1	0	1	1
2	1788291912804475632	eager	1927	MUL_MAT	MMVQ	-	blk.5.attn_gate.weight	z-5	q4_K	f32	f32	2560	4096	1	1	2560	1	1	1	1440	5898240	5898240	10240	10240	10240	1	1	0	1	1
2	1788291912804475632	eager	1927	MUL_MAT	MMVQ	-	blk.5.attn_qkv.weight	node_316	q5_K	f32	f32	2560	8192	1	1	2560	1	1	1	1760	14417920	14417920	10240	10240	10240	1	1	0	1	1
2	1788291912804475632	eager	1927	MUL_MAT	MMVQ	-	blk.5.ssm_alpha.weight	node_337	q8_0	f32	f32	2560	32	1	1	2560	1	1	1	2720	87040	87040	10240	10240	10240	1	1	0	1	1
2	1788291912804475632	eager	1927	MUL_MAT	MMVQ	-	blk.5.ssm_beta.weight	node_343	q8_0	f32	f32	2560	32	1	1	2560	1	1	1	2720	87040	87040	10240	10240	10240	1	1	0	1	1
2	1788291912804475632	eager	1927	MUL_MAT	MMVQ	-	blk.5.ssm_out.weight	linear_attn_out-5	q5_K	f32	f32	4096	2560	1	1	4096	1	1	1	2816	7208960	7208960	16384	16384	16384	1	1	0	1	1
2	1788291912804475632	eager	1927	MUL_MAT	MMVQ	-	blk.6.attn_gate.weight	z-6	q4_K	f32	f32	2560	4096	1	1	2560	1	1	1	1440	5898240	5898240	10240	10240	10240	1	1	0	1	1
2	1788291912804475632	eager	1927	MUL_MAT	MMVQ	-	blk.6.attn_qkv.weight	node_379	q5_K	f32	f32	2560	8192	1	1	2560	1	1	1	1760	14417920	14417920	10240	10240	10240	1	1	0	1	1
2	1788291912804475632	eager	1927	MUL_MAT	MMVQ	-	blk.6.ssm_alpha.weight	node_400	q8_0	f32	f32	2560	32	1	1	2560	1	1	1	2720	87040	87040	10240	10240	10240	1	1	0	1	1
2	1788291912804475632	eager	1927	MUL_MAT	MMVQ	-	blk.6.ssm_beta.weight	node_406	q8_0	f32	f32	2560	32	1	1	2560	1	1	1	2720	87040	87040	10240	10240	10240	1	1	0	1	1
2	1788291912804475632	eager	1927	MUL_MAT	MMVQ	-	blk.6.ssm_out.weight	linear_attn_out-6	q5_K	f32	f32	4096	2560	1	1	4096	1	1	1	2816	7208960	7208960	16384	16384	16384	1	1	0	1	1
2	1788291912804475632	eager	1927	MUL_MAT	MMVQ	-	blk.7.attn_k.weight	Kcur-7	q4_K	f32	f32	2560	1024	1	1	2560	1	1	1	1440	1474560	1474560	10240	10240	10240	1	1	0	1	1
2	1788291912804475632	eager	1927	MUL_MAT	MMVQ	-	blk.7.attn_q.weight	Qcur_full-7	q4_K	f32	f32	2560	8192	1	1	2560	1	1	1	1440	11796480	11796480	10240	10240	10240	1	1	0	1	1
2	1788291912804475632	eager	1927	MUL_MAT	MMVQ	-	blk.7.attn_v.weight	Vcur-7	q6_K	f32	f32	2560	1024	1	1	2560	1	1	1	2100	2150400	2150400	10240	10240	10240	1	1	0	1	1
2	1788291912804475632	eager	1927	MUL_MAT	MMVQ	-	blk.8.attn_gate.weight	z-8	q4_K	f32	f32	2560	4096	1	1	2560	1	1	1	1440	5898240	5898240	10240	10240	10240	1	1	0	1	1
2	1788291912804475632	eager	1927	MUL_MAT	MMVQ	-	blk.8.attn_qkv.weight	node_493	q5_K	f32	f32	2560	8192	1	1	2560	1	1	1	1760	14417920	14417920	10240	10240	10240	1	1	0	1	1
2	1788291912804475632	eager	1927	MUL_MAT	MMVQ	-	blk.8.ssm_alpha.weight	node_514	q8_0	f32	f32	2560	32	1	1	2560	1	1	1	2720	87040	87040	10240	10240	10240	1	1	0	1	1
2	1788291912804475632	eager	1927	MUL_MAT	MMVQ	-	blk.8.ssm_beta.weight	node_520	q8_0	f32	f32	2560	32	1	1	2560	1	1	1	2720	87040	87040	10240	10240	10240	1	1	0	1	1
2	1788291912804475632	eager	1927	MUL_MAT	MMVQ	-	blk.8.ssm_out.weight	linear_attn_out-8	q5_K	f32	f32	4096	2560	1	1	4096	1	1	1	2816	7208960	7208960	16384	16384	16384	1	1	0	1	1
2	1788291912804475632	eager	1927	MUL_MAT	MMVQ	-	blk.9.attn_gate.weight	z-9	q4_K	f32	f32	2560	4096	1	1	2560	1	1	1	1440	5898240	5898240	10240	10240	10240	1	1	0	1	1
2	1788291912804475632	eager	1927	MUL_MAT	MMVQ	-	blk.9.attn_qkv.weight	node_556	q5_K	f32	f32	2560	8192	1	1	2560	1	1	1	1760	14417920	14417920	10240	10240	10240	1	1	0	1	1
2	1788291912804475632	eager	1927	MUL_MAT	MMVQ	-	blk.9.ssm_alpha.weight	node_577	q8_0	f32	f32	2560	32	1	1	2560	1	1	1	2720	87040	87040	10240	10240	10240	1	1	0	1	1
2	1788291912804475632	eager	1927	MUL_MAT	MMVQ	-	blk.9.ssm_beta.weight	node_583	q8_0	f32	f32	2560	32	1	1	2560	1	1	1	2720	87040	87040	10240	10240	10240	1	1	0	1	1
2	1788291912804475632	eager	1927	MUL_MAT	MMVQ	-	blk.9.ssm_out.weight	linear_attn_out-9	q5_K	f32	f32	4096	2560	1	1	4096	1	1	1	2816	7208960	7208960	16384	16384	16384	1	1	0	1	1
2	1788291912804475632	eager	1927	MUL_MAT	MMVQ	-	token_embd.weight	result_output	q6_K	f32	f32	2560	248320	1	1	2560	1	1	1	2100	521472000	521472000	10240	10240	10240	1	1	0	1	1
2	1788291912804475632	eager	1927	MUL_MAT	MMVQ	fused	blk.0.ffn_down.weight	l_out-0	q6_K	f32	f32	9216	2560	1	1	9216	1	1	1	7560	19353600	19353600	36864	36864	36864	1	1	0	1	1
2	1788291912804475632	eager	1927	MUL_MAT	MMVQ	fused	blk.0.ffn_up.weight	ffn_swiglu-0	q4_K	f32	f32	2560	9216	1	1	2560	1	1	1	1440	13271040	13271040	10240	10240	10240	1	1	0	1	1
2	1788291912804475632	eager	1927	MUL_MAT	MMVQ	fused	blk.1.ffn_down.weight	l_out-1	q6_K	f32	f32	9216	2560	1	1	9216	1	1	1	7560	19353600	19353600	36864	36864	36864	1	1	0	1	1
2	1788291912804475632	eager	1927	MUL_MAT	MMVQ	fused	blk.1.ffn_up.weight	ffn_swiglu-1	q4_K	f32	f32	2560	9216	1	1	2560	1	1	1	1440	13271040	13271040	10240	10240	10240	1	1	0	1	1
2	1788291912804475632	eager	1927	MUL_MAT	MMVQ	fused	blk.10.ffn_down.weight	l_out-10	q4_K	f32	f32	9216	2560	1	1	9216	1	1	1	5184	13271040	13271040	36864	36864	36864	1	1	0	1	1
2	1788291912804475632	eager	1927	MUL_MAT	MMVQ	fused	blk.10.ffn_up.weight	ffn_swiglu-10	q4_K	f32	f32	2560	9216	1	1	2560	1	1	1	1440	13271040	13271040	10240	10240	10240	1	1	0	1	1
2	1788291912804475632	eager	1927	MUL_MAT	MMVQ	fused	blk.11.attn_output.weight	attn_residual-11	q4_K	f32	f32	4096	2560	1	1	4096	1	1	1	2304	5898240	5898240	16384	16384	16384	1	1	0	1	1
2	1788291912804475632	eager	1927	MUL_MAT	MMVQ	fused	blk.11.ffn_down.weight	l_out-11	q4_K	f32	f32	9216	2560	1	1	9216	1	1	1	5184	13271040	13271040	36864	36864	36864	1	1	0	1	1
2	1788291912804475632	eager	1927	MUL_MAT	MMVQ	fused	blk.11.ffn_up.weight	ffn_swiglu-11	q4_K	f32	f32	2560	9216	1	1	2560	1	1	1	1440	13271040	13271040	10240	10240	10240	1	1	0	1	1
2	1788291912804475632	eager	1927	MUL_MAT	MMVQ	fused	blk.12.ffn_down.weight	l_out-12	q6_K	f32	f32	9216	2560	1	1	9216	1	1	1	7560	19353600	19353600	36864	36864	36864	1	1	0	1	1
2	1788291912804475632	eager	1927	MUL_MAT	MMVQ	fused	blk.12.ffn_up.weight	ffn_swiglu-12	q4_K	f32	f32	2560	9216	1	1	2560	1	1	1	1440	13271040	13271040	10240	10240	10240	1	1	0	1	1
2	1788291912804475632	eager	1927	MUL_MAT	MMVQ	fused	blk.13.ffn_down.weight	l_out-13	q4_K	f32	f32	9216	2560	1	1	9216	1	1	1	5184	13271040	13271040	36864	36864	36864	1	1	0	1	1
2	1788291912804475632	eager	1927	MUL_MAT	MMVQ	fused	blk.13.ffn_up.weight	ffn_swiglu-13	q4_K	f32	f32	2560	9216	1	1	2560	1	1	1	1440	13271040	13271040	10240	10240	10240	1	1	0	1	1
2	1788291912804475632	eager	1927	MUL_MAT	MMVQ	fused	blk.14.ffn_down.weight	l_out-14	q4_K	f32	f32	9216	2560	1	1	9216	1	1	1	5184	13271040	13271040	36864	36864	36864	1	1	0	1	1
2	1788291912804475632	eager	1927	MUL_MAT	MMVQ	fused	blk.14.ffn_up.weight	ffn_swiglu-14	q4_K	f32	f32	2560	9216	1	1	2560	1	1	1	1440	13271040	13271040	10240	10240	10240	1	1	0	1	1
2	1788291912804475632	eager	1927	MUL_MAT	MMVQ	fused	blk.15.attn_output.weight	attn_residual-15	q4_K	f32	f32	4096	2560	1	1	4096	1	1	1	2304	5898240	5898240	16384	16384	16384	1	1	0	1	1
2	1788291912804475632	eager	1927	MUL_MAT	MMVQ	fused	blk.15.ffn_down.weight	l_out-15	q6_K	f32	f32	9216	2560	1	1	9216	1	1	1	7560	19353600	19353600	36864	36864	36864	1	1	0	1	1
2	1788291912804475632	eager	1927	MUL_MAT	MMVQ	fused	blk.15.ffn_up.weight	ffn_swiglu-15	q4_K	f32	f32	2560	9216	1	1	2560	1	1	1	1440	13271040	13271040	10240	10240	10240	1	1	0	1	1
2	1788291912804475632	eager	1927	MUL_MAT	MMVQ	fused	blk.16.ffn_down.weight	l_out-16	q4_K	f32	f32	9216	2560	1	1	9216	1	1	1	5184	13271040	13271040	36864	36864	36864	1	1	0	1	1
2	1788291912804475632	eager	1927	MUL_MAT	MMVQ	fused	blk.16.ffn_up.weight	ffn_swiglu-16	q4_K	f32	f32	2560	9216	1	1	2560	1	1	1	1440	13271040	13271040	10240	10240	10240	1	1	0	1	1
2	1788291912804475632	eager	1927	MUL_MAT	MMVQ	fused	blk.17.ffn_down.weight	l_out-17	q4_K	f32	f32	9216	2560	1	1	9216	1	1	1	5184	13271040	13271040	36864	36864	36864	1	1	0	1	1
2	1788291912804475632	eager	1927	MUL_MAT	MMVQ	fused	blk.17.ffn_up.weight	ffn_swiglu-17	q4_K	f32	f32	2560	9216	1	1	2560	1	1	1	1440	13271040	13271040	10240	10240	10240	1	1	0	1	1
2	1788291912804475632	eager	1927	MUL_MAT	MMVQ	fused	blk.18.ffn_down.weight	l_out-18	q6_K	f32	f32	9216	2560	1	1	9216	1	1	1	7560	19353600	19353600	36864	36864	36864	1	1	0	1	1
2	1788291912804475632	eager	1927	MUL_MAT	MMVQ	fused	blk.18.ffn_up.weight	ffn_swiglu-18	q4_K	f32	f32	2560	9216	1	1	2560	1	1	1	1440	13271040	13271040	10240	10240	10240	1	1	0	1	1
2	1788291912804475632	eager	1927	MUL_MAT	MMVQ	fused	blk.19.attn_output.weight	attn_residual-19	q4_K	f32	f32	4096	2560	1	1	4096	1	1	1	2304	5898240	5898240	16384	16384	16384	1	1	0	1	1
2	1788291912804475632	eager	1927	MUL_MAT	MMVQ	fused	blk.19.ffn_down.weight	l_out-19	q4_K	f32	f32	9216	2560	1	1	9216	1	1	1	5184	13271040	13271040	36864	36864	36864	1	1	0	1	1
2	1788291912804475632	eager	1927	MUL_MAT	MMVQ	fused	blk.19.ffn_up.weight	ffn_swiglu-19	q4_K	f32	f32	2560	9216	1	1	2560	1	1	1	1440	13271040	13271040	10240	10240	10240	1	1	0	1	1
2	1788291912804475632	eager	1927	MUL_MAT	MMVQ	fused	blk.2.ffn_down.weight	l_out-2	q6_K	f32	f32	9216	2560	1	1	9216	1	1	1	7560	19353600	19353600	36864	36864	36864	1	1	0	1	1
2	1788291912804475632	eager	1927	MUL_MAT	MMVQ	fused	blk.2.ffn_up.weight	ffn_swiglu-2	q4_K	f32	f32	2560	9216	1	1	2560	1	1	1	1440	13271040	13271040	10240	10240	10240	1	1	0	1	1
2	1788291912804475632	eager	1927	MUL_MAT	MMVQ	fused	blk.20.ffn_down.weight	l_out-20	q4_K	f32	f32	9216	2560	1	1	9216	1	1	1	5184	13271040	13271040	36864	36864	36864	1	1	0	1	1
2	1788291912804475632	eager	1927	MUL_MAT	MMVQ	fused	blk.20.ffn_up.weight	ffn_swiglu-20	q4_K	f32	f32	2560	9216	1	1	2560	1	1	1	1440	13271040	13271040	10240	10240	10240	1	1	0	1	1
2	1788291912804475632	eager	1927	MUL_MAT	MMVQ	fused	blk.21.ffn_down.weight	l_out-21	q6_K	f32	f32	9216	2560	1	1	9216	1	1	1	7560	19353600	19353600	36864	36864	36864	1	1	0	1	1
2	1788291912804475632	eager	1927	MUL_MAT	MMVQ	fused	blk.21.ffn_up.weight	ffn_swiglu-21	q4_K	f32	f32	2560	9216	1	1	2560	1	1	1	1440	13271040	13271040	10240	10240	10240	1	1	0	1	1
2	1788291912804475632	eager	1927	MUL_MAT	MMVQ	fused	blk.22.ffn_down.weight	l_out-22	q4_K	f32	f32	9216	2560	1	1	9216	1	1	1	5184	13271040	13271040	36864	36864	36864	1	1	0	1	1
2	1788291912804475632	eager	1927	MUL_MAT	MMVQ	fused	blk.22.ffn_up.weight	ffn_swiglu-22	q4_K	f32	f32	2560	9216	1	1	2560	1	1	1	1440	13271040	13271040	10240	10240	10240	1	1	0	1	1
2	1788291912804475632	eager	1927	MUL_MAT	MMVQ	fused	blk.23.attn_output.weight	attn_residual-23	q4_K	f32	f32	4096	2560	1	1	4096	1	1	1	2304	5898240	5898240	16384	16384	16384	1	1	0	1	1
2	1788291912804475632	eager	1927	MUL_MAT	MMVQ	fused	blk.23.ffn_down.weight	l_out-23	q4_K	f32	f32	9216	2560	1	1	9216	1	1	1	5184	13271040	13271040	36864	36864	36864	1	1	0	1	1
2	1788291912804475632	eager	1927	MUL_MAT	MMVQ	fused	blk.23.ffn_up.weight	ffn_swiglu-23	q4_K	f32	f32	2560	9216	1	1	2560	1	1	1	1440	13271040	13271040	10240	10240	10240	1	1	0	1	1
2	1788291912804475632	eager	1927	MUL_MAT	MMVQ	fused	blk.24.ffn_down.weight	l_out-24	q6_K	f32	f32	9216	2560	1	1	9216	1	1	1	7560	19353600	19353600	36864	36864	36864	1	1	0	1	1
2	1788291912804475632	eager	1927	MUL_MAT	MMVQ	fused	blk.24.ffn_up.weight	ffn_swiglu-24	q4_K	f32	f32	2560	9216	1	1	2560	1	1	1	1440	13271040	13271040	10240	10240	10240	1	1	0	1	1
2	1788291912804475632	eager	1927	MUL_MAT	MMVQ	fused	blk.25.ffn_down.weight	l_out-25	q4_K	f32	f32	9216	2560	1	1	9216	1	1	1	5184	13271040	13271040	36864	36864	36864	1	1	0	1	1
2	1788291912804475632	eager	1927	MUL_MAT	MMVQ	fused	blk.25.ffn_up.weight	ffn_swiglu-25	q4_K	f32	f32	2560	9216	1	1	2560	1	1	1	1440	13271040	13271040	10240	10240	10240	1	1	0	1	1
2	1788291912804475632	eager	1927	MUL_MAT	MMVQ	fused	blk.26.ffn_down.weight	l_out-26	q4_K	f32	f32	9216	2560	1	1	9216	1	1	1	5184	13271040	13271040	36864	36864	36864	1	1	0	1	1
2	1788291912804475632	eager	1927	MUL_MAT	MMVQ	fused	blk.26.ffn_up.weight	ffn_swiglu-26	q4_K	f32	f32	2560	9216	1	1	2560	1	1	1	1440	13271040	13271040	10240	10240	10240	1	1	0	1	1
2	1788291912804475632	eager	1927	MUL_MAT	MMVQ	fused	blk.27.attn_output.weight	attn_residual-27	q4_K	f32	f32	4096	2560	1	1	4096	1	1	1	2304	5898240	5898240	16384	16384	16384	1	1	0	1	1
2	1788291912804475632	eager	1927	MUL_MAT	MMVQ	fused	blk.27.ffn_down.weight	l_out-27	q6_K	f32	f32	9216	2560	1	1	9216	1	1	1	7560	19353600	19353600	36864	36864	36864	1	1	0	1	1
2	1788291912804475632	eager	1927	MUL_MAT	MMVQ	fused	blk.27.ffn_up.weight	ffn_swiglu-27	q4_K	f32	f32	2560	9216	1	1	2560	1	1	1	1440	13271040	13271040	10240	10240	10240	1	1	0	1	1
2	1788291912804475632	eager	1927	MUL_MAT	MMVQ	fused	blk.28.ffn_down.weight	l_out-28	q6_K	f32	f32	9216	2560	1	1	9216	1	1	1	7560	19353600	19353600	36864	36864	36864	1	1	0	1	1
2	1788291912804475632	eager	1927	MUL_MAT	MMVQ	fused	blk.28.ffn_up.weight	ffn_swiglu-28	q4_K	f32	f32	2560	9216	1	1	2560	1	1	1	1440	13271040	13271040	10240	10240	10240	1	1	0	1	1
2	1788291912804475632	eager	1927	MUL_MAT	MMVQ	fused	blk.29.ffn_down.weight	l_out-29	q6_K	f32	f32	9216	2560	1	1	9216	1	1	1	7560	19353600	19353600	36864	36864	36864	1	1	0	1	1
2	1788291912804475632	eager	1927	MUL_MAT	MMVQ	fused	blk.29.ffn_up.weight	ffn_swiglu-29	q4_K	f32	f32	2560	9216	1	1	2560	1	1	1	1440	13271040	13271040	10240	10240	10240	1	1	0	1	1
2	1788291912804475632	eager	1927	MUL_MAT	MMVQ	fused	blk.3.attn_output.weight	attn_residual-3	q4_K	f32	f32	4096	2560	1	1	4096	1	1	1	2304	5898240	5898240	16384	16384	16384	1	1	0	1	1
2	1788291912804475632	eager	1927	MUL_MAT	MMVQ	fused	blk.3.ffn_down.weight	l_out-3	q6_K	f32	f32	9216	2560	1	1	9216	1	1	1	7560	19353600	19353600	36864	36864	36864	1	1	0	1	1
2	1788291912804475632	eager	1927	MUL_MAT	MMVQ	fused	blk.3.ffn_up.weight	ffn_swiglu-3	q4_K	f32	f32	2560	9216	1	1	2560	1	1	1	1440	13271040	13271040	10240	10240	10240	1	1	0	1	1
2	1788291912804475632	eager	1927	MUL_MAT	MMVQ	fused	blk.30.ffn_down.weight	l_out-30	q6_K	f32	f32	9216	2560	1	1	9216	1	1	1	7560	19353600	19353600	36864	36864	36864	1	1	0	1	1
2	1788291912804475632	eager	1927	MUL_MAT	MMVQ	fused	blk.30.ffn_up.weight	ffn_swiglu-30	q4_K	f32	f32	2560	9216	1	1	2560	1	1	1	1440	13271040	13271040	10240	10240	10240	1	1	0	1	1
2	1788291912804475632	eager	1927	MUL_MAT	MMVQ	fused	blk.31.attn_output.weight	attn_residual-31	q4_K	f32	f32	4096	2560	1	1	4096	1	1	1	2304	5898240	5898240	16384	16384	16384	1	1	0	1	1
2	1788291912804475632	eager	1927	MUL_MAT	MMVQ	fused	blk.31.ffn_down.weight	l_out-31	q6_K	f32	f32	9216	2560	1	1	9216	1	1	1	7560	19353600	19353600	36864	36864	36864	1	1	0	1	1
2	1788291912804475632	eager	1927	MUL_MAT	MMVQ	fused	blk.31.ffn_up.weight	ffn_swiglu-31	q4_K	f32	f32	2560	9216	1	1	2560	1	1	1	1440	13271040	13271040	10240	10240	10240	1	1	0	1	1
2	1788291912804475632	eager	1927	MUL_MAT	MMVQ	fused	blk.4.ffn_down.weight	l_out-4	q4_K	f32	f32	9216	2560	1	1	9216	1	1	1	5184	13271040	13271040	36864	36864	36864	1	1	0	1	1
2	1788291912804475632	eager	1927	MUL_MAT	MMVQ	fused	blk.4.ffn_up.weight	ffn_swiglu-4	q4_K	f32	f32	2560	9216	1	1	2560	1	1	1	1440	13271040	13271040	10240	10240	10240	1	1	0	1	1
2	1788291912804475632	eager	1927	MUL_MAT	MMVQ	fused	blk.5.ffn_down.weight	l_out-5	q4_K	f32	f32	9216	2560	1	1	9216	1	1	1	5184	13271040	13271040	36864	36864	36864	1	1	0	1	1
2	1788291912804475632	eager	1927	MUL_MAT	MMVQ	fused	blk.5.ffn_up.weight	ffn_swiglu-5	q4_K	f32	f32	2560	9216	1	1	2560	1	1	1	1440	13271040	13271040	10240	10240	10240	1	1	0	1	1
2	1788291912804475632	eager	1927	MUL_MAT	MMVQ	fused	blk.6.ffn_down.weight	l_out-6	q6_K	f32	f32	9216	2560	1	1	9216	1	1	1	7560	19353600	19353600	36864	36864	36864	1	1	0	1	1
2	1788291912804475632	eager	1927	MUL_MAT	MMVQ	fused	blk.6.ffn_up.weight	ffn_swiglu-6	q4_K	f32	f32	2560	9216	1	1	2560	1	1	1	1440	13271040	13271040	10240	10240	10240	1	1	0	1	1
2	1788291912804475632	eager	1927	MUL_MAT	MMVQ	fused	blk.7.attn_output.weight	attn_residual-7	q4_K	f32	f32	4096	2560	1	1	4096	1	1	1	2304	5898240	5898240	16384	16384	16384	1	1	0	1	1
2	1788291912804475632	eager	1927	MUL_MAT	MMVQ	fused	blk.7.ffn_down.weight	l_out-7	q4_K	f32	f32	9216	2560	1	1	9216	1	1	1	5184	13271040	13271040	36864	36864	36864	1	1	0	1	1
2	1788291912804475632	eager	1927	MUL_MAT	MMVQ	fused	blk.7.ffn_up.weight	ffn_swiglu-7	q4_K	f32	f32	2560	9216	1	1	2560	1	1	1	1440	13271040	13271040	10240	10240	10240	1	1	0	1	1
2	1788291912804475632	eager	1927	MUL_MAT	MMVQ	fused	blk.8.ffn_down.weight	l_out-8	q4_K	f32	f32	9216	2560	1	1	9216	1	1	1	5184	13271040	13271040	36864	36864	36864	1	1	0	1	1
2	1788291912804475632	eager	1927	MUL_MAT	MMVQ	fused	blk.8.ffn_up.weight	ffn_swiglu-8	q4_K	f32	f32	2560	9216	1	1	2560	1	1	1	1440	13271040	13271040	10240	10240	10240	1	1	0	1	1
2	1788291912804475632	eager	1927	MUL_MAT	MMVQ	fused	blk.9.ffn_down.weight	l_out-9	q6_K	f32	f32	9216	2560	1	1	9216	1	1	1	7560	19353600	19353600	36864	36864	36864	1	1	0	1	1
2	1788291912804475632	eager	1927	MUL_MAT	MMVQ	fused	blk.9.ffn_up.weight	ffn_swiglu-9	q4_K	f32	f32	2560	9216	1	1	2560	1	1	1	1440	13271040	13271040	10240	10240	10240	1	1	0	1	1
3	1788291912817660618	capture	1927	MUL_MAT	MMVQ	-	blk.0.attn_gate.weight	z-0	q4_K	f32	f32	2560	4096	1	1	2560	1	1	1	1440	5898240	5898240	10240	10240	10240	1	1	0	1	1
3	1788291912817660618	capture	1927	MUL_MAT	MMVQ	-	blk.0.attn_qkv.weight	node_13	q5_K	f32	f32	2560	8192	1	1	2560	1	1	1	1760	14417920	14417920	10240	10240	10240	1	1	0	1	1
3	1788291912817660618	capture	1927	MUL_MAT	MMVQ	-	blk.0.ssm_alpha.weight	node_34	q8_0	f32	f32	2560	32	1	1	2560	1	1	1	2720	87040	87040	10240	10240	10240	1	1	0	1	1
3	1788291912817660618	capture	1927	MUL_MAT	MMVQ	-	blk.0.ssm_beta.weight	node_40	q8_0	f32	f32	2560	32	1	1	2560	1	1	1	2720	87040	87040	10240	10240	10240	1	1	0	1	1
3	1788291912817660618	capture	1927	MUL_MAT	MMVQ	-	blk.0.ssm_out.weight	linear_attn_out-0	q5_K	f32	f32	4096	2560	1	1	4096	1	1	1	2816	7208960	7208960	16384	16384	16384	1	1	0	1	1
3	1788291912817660618	capture	1927	MUL_MAT	MMVQ	-	blk.1.attn_gate.weight	z-1	q4_K	f32	f32	2560	4096	1	1	2560	1	1	1	1440	5898240	5898240	10240	10240	10240	1	1	0	1	1
3	1788291912817660618	capture	1927	MUL_MAT	MMVQ	-	blk.1.attn_qkv.weight	node_76	q5_K	f32	f32	2560	8192	1	1	2560	1	1	1	1760	14417920	14417920	10240	10240	10240	1	1	0	1	1
3	1788291912817660618	capture	1927	MUL_MAT	MMVQ	-	blk.1.ssm_alpha.weight	node_97	q8_0	f32	f32	2560	32	1	1	2560	1	1	1	2720	87040	87040	10240	10240	10240	1	1	0	1	1
3	1788291912817660618	capture	1927	MUL_MAT	MMVQ	-	blk.1.ssm_beta.weight	node_103	q8_0	f32	f32	2560	32	1	1	2560	1	1	1	2720	87040	87040	10240	10240	10240	1	1	0	1	1
3	1788291912817660618	capture	1927	MUL_MAT	MMVQ	-	blk.1.ssm_out.weight	linear_attn_out-1	q5_K	f32	f32	4096	2560	1	1	4096	1	1	1	2816	7208960	7208960	16384	16384	16384	1	1	0	1	1
3	1788291912817660618	capture	1927	MUL_MAT	MMVQ	-	blk.10.attn_gate.weight	z-10	q4_K	f32	f32	2560	4096	1	1	2560	1	1	1	1440	5898240	5898240	10240	10240	10240	1	1	0	1	1
3	1788291912817660618	capture	1927	MUL_MAT	MMVQ	-	blk.10.attn_qkv.weight	node_619	q5_K	f32	f32	2560	8192	1	1	2560	1	1	1	1760	14417920	14417920	10240	10240	10240	1	1	0	1	1
3	1788291912817660618	capture	1927	MUL_MAT	MMVQ	-	blk.10.ssm_alpha.weight	node_640	q8_0	f32	f32	2560	32	1	1	2560	1	1	1	2720	87040	87040	10240	10240	10240	1	1	0	1	1
3	1788291912817660618	capture	1927	MUL_MAT	MMVQ	-	blk.10.ssm_beta.weight	node_646	q8_0	f32	f32	2560	32	1	1	2560	1	1	1	2720	87040	87040	10240	10240	10240	1	1	0	1	1
3	1788291912817660618	capture	1927	MUL_MAT	MMVQ	-	blk.10.ssm_out.weight	linear_attn_out-10	q5_K	f32	f32	4096	2560	1	1	4096	1	1	1	2816	7208960	7208960	16384	16384	16384	1	1	0	1	1
3	1788291912817660618	capture	1927	MUL_MAT	MMVQ	-	blk.11.attn_k.weight	Kcur-11	q4_K	f32	f32	2560	1024	1	1	2560	1	1	1	1440	1474560	1474560	10240	10240	10240	1	1	0	1	1
3	1788291912817660618	capture	1927	MUL_MAT	MMVQ	-	blk.11.attn_q.weight	Qcur_full-11	q4_K	f32	f32	2560	8192	1	1	2560	1	1	1	1440	11796480	11796480	10240	10240	10240	1	1	0	1	1
3	1788291912817660618	capture	1927	MUL_MAT	MMVQ	-	blk.11.attn_v.weight	Vcur-11	q6_K	f32	f32	2560	1024	1	1	2560	1	1	1	2100	2150400	2150400	10240	10240	10240	1	1	0	1	1
3	1788291912817660618	capture	1927	MUL_MAT	MMVQ	-	blk.12.attn_gate.weight	z-12	q4_K	f32	f32	2560	4096	1	1	2560	1	1	1	1440	5898240	5898240	10240	10240	10240	1	1	0	1	1
3	1788291912817660618	capture	1927	MUL_MAT	MMVQ	-	blk.12.attn_qkv.weight	node_733	q5_K	f32	f32	2560	8192	1	1	2560	1	1	1	1760	14417920	14417920	10240	10240	10240	1	1	0	1	1
3	1788291912817660618	capture	1927	MUL_MAT	MMVQ	-	blk.12.ssm_alpha.weight	node_754	q8_0	f32	f32	2560	32	1	1	2560	1	1	1	2720	87040	87040	10240	10240	10240	1	1	0	1	1
3	1788291912817660618	capture	1927	MUL_MAT	MMVQ	-	blk.12.ssm_beta.weight	node_760	q8_0	f32	f32	2560	32	1	1	2560	1	1	1	2720	87040	87040	10240	10240	10240	1	1	0	1	1
3	1788291912817660618	capture	1927	MUL_MAT	MMVQ	-	blk.12.ssm_out.weight	linear_attn_out-12	q5_K	f32	f32	4096	2560	1	1	4096	1	1	1	2816	7208960	7208960	16384	16384	16384	1	1	0	1	1
3	1788291912817660618	capture	1927	MUL_MAT	MMVQ	-	blk.13.attn_gate.weight	z-13	q4_K	f32	f32	2560	4096	1	1	2560	1	1	1	1440	5898240	5898240	10240	10240	10240	1	1	0	1	1
3	1788291912817660618	capture	1927	MUL_MAT	MMVQ	-	blk.13.attn_qkv.weight	node_796	q5_K	f32	f32	2560	8192	1	1	2560	1	1	1	1760	14417920	14417920	10240	10240	10240	1	1	0	1	1
3	1788291912817660618	capture	1927	MUL_MAT	MMVQ	-	blk.13.ssm_alpha.weight	node_817	q8_0	f32	f32	2560	32	1	1	2560	1	1	1	2720	87040	87040	10240	10240	10240	1	1	0	1	1
3	1788291912817660618	capture	1927	MUL_MAT	MMVQ	-	blk.13.ssm_beta.weight	node_823	q8_0	f32	f32	2560	32	1	1	2560	1	1	1	2720	87040	87040	10240	10240	10240	1	1	0	1	1
3	1788291912817660618	capture	1927	MUL_MAT	MMVQ	-	blk.13.ssm_out.weight	linear_attn_out-13	q5_K	f32	f32	4096	2560	1	1	4096	1	1	1	2816	7208960	7208960	16384	16384	16384	1	1	0	1	1
3	1788291912817660618	capture	1927	MUL_MAT	MMVQ	-	blk.14.attn_gate.weight	z-14	q4_K	f32	f32	2560	4096	1	1	2560	1	1	1	1440	5898240	5898240	10240	10240	10240	1	1	0	1	1
3	1788291912817660618	capture	1927	MUL_MAT	MMVQ	-	blk.14.attn_qkv.weight	node_859	q5_K	f32	f32	2560	8192	1	1	2560	1	1	1	1760	14417920	14417920	10240	10240	10240	1	1	0	1	1
3	1788291912817660618	capture	1927	MUL_MAT	MMVQ	-	blk.14.ssm_alpha.weight	node_880	q8_0	f32	f32	2560	32	1	1	2560	1	1	1	2720	87040	87040	10240	10240	10240	1	1	0	1	1
3	1788291912817660618	capture	1927	MUL_MAT	MMVQ	-	blk.14.ssm_beta.weight	node_886	q8_0	f32	f32	2560	32	1	1	2560	1	1	1	2720	87040	87040	10240	10240	10240	1	1	0	1	1
3	1788291912817660618	capture	1927	MUL_MAT	MMVQ	-	blk.14.ssm_out.weight	linear_attn_out-14	q5_K	f32	f32	4096	2560	1	1	4096	1	1	1	2816	7208960	7208960	16384	16384	16384	1	1	0	1	1
3	1788291912817660618	capture	1927	MUL_MAT	MMVQ	-	blk.15.attn_k.weight	Kcur-15	q4_K	f32	f32	2560	1024	1	1	2560	1	1	1	1440	1474560	1474560	10240	10240	10240	1	1	0	1	1
3	1788291912817660618	capture	1927	MUL_MAT	MMVQ	-	blk.15.attn_q.weight	Qcur_full-15	q4_K	f32	f32	2560	8192	1	1	2560	1	1	1	1440	11796480	11796480	10240	10240	10240	1	1	0	1	1
3	1788291912817660618	capture	1927	MUL_MAT	MMVQ	-	blk.15.attn_v.weight	Vcur-15	q6_K	f32	f32	2560	1024	1	1	2560	1	1	1	2100	2150400	2150400	10240	10240	10240	1	1	0	1	1
3	1788291912817660618	capture	1927	MUL_MAT	MMVQ	-	blk.16.attn_gate.weight	z-16	q4_K	f32	f32	2560	4096	1	1	2560	1	1	1	1440	5898240	5898240	10240	10240	10240	1	1	0	1	1
3	1788291912817660618	capture	1927	MUL_MAT	MMVQ	-	blk.16.attn_qkv.weight	node_973	q5_K	f32	f32	2560	8192	1	1	2560	1	1	1	1760	14417920	14417920	10240	10240	10240	1	1	0	1	1
3	1788291912817660618	capture	1927	MUL_MAT	MMVQ	-	blk.16.ssm_alpha.weight	node_994	q8_0	f32	f32	2560	32	1	1	2560	1	1	1	2720	87040	87040	10240	10240	10240	1	1	0	1	1
3	1788291912817660618	capture	1927	MUL_MAT	MMVQ	-	blk.16.ssm_beta.weight	node_1000	q8_0	f32	f32	2560	32	1	1	2560	1	1	1	2720	87040	87040	10240	10240	10240	1	1	0	1	1
3	1788291912817660618	capture	1927	MUL_MAT	MMVQ	-	blk.16.ssm_out.weight	linear_attn_out-16	q5_K	f32	f32	4096	2560	1	1	4096	1	1	1	2816	7208960	7208960	16384	16384	16384	1	1	0	1	1
3	1788291912817660618	capture	1927	MUL_MAT	MMVQ	-	blk.17.attn_gate.weight	z-17	q4_K	f32	f32	2560	4096	1	1	2560	1	1	1	1440	5898240	5898240	10240	10240	10240	1	1	0	1	1
3	1788291912817660618	capture	1927	MUL_MAT	MMVQ	-	blk.17.attn_qkv.weight	node_1036	q5_K	f32	f32	2560	8192	1	1	2560	1	1	1	1760	14417920	14417920	10240	10240	10240	1	1	0	1	1
3	1788291912817660618	capture	1927	MUL_MAT	MMVQ	-	blk.17.ssm_alpha.weight	node_1057	q8_0	f32	f32	2560	32	1	1	2560	1	1	1	2720	87040	87040	10240	10240	10240	1	1	0	1	1
3	1788291912817660618	capture	1927	MUL_MAT	MMVQ	-	blk.17.ssm_beta.weight	node_1063	q8_0	f32	f32	2560	32	1	1	2560	1	1	1	2720	87040	87040	10240	10240	10240	1	1	0	1	1
3	1788291912817660618	capture	1927	MUL_MAT	MMVQ	-	blk.17.ssm_out.weight	linear_attn_out-17	q5_K	f32	f32	4096	2560	1	1	4096	1	1	1	2816	7208960	7208960	16384	16384	16384	1	1	0	1	1
3	1788291912817660618	capture	1927	MUL_MAT	MMVQ	-	blk.18.attn_gate.weight	z-18	q4_K	f32	f32	2560	4096	1	1	2560	1	1	1	1440	5898240	5898240	10240	10240	10240	1	1	0	1	1
3	1788291912817660618	capture	1927	MUL_MAT	MMVQ	-	blk.18.attn_qkv.weight	node_1099	q5_K	f32	f32	2560	8192	1	1	2560	1	1	1	1760	14417920	14417920	10240	10240	10240	1	1	0	1	1
3	1788291912817660618	capture	1927	MUL_MAT	MMVQ	-	blk.18.ssm_alpha.weight	node_1120	q8_0	f32	f32	2560	32	1	1	2560	1	1	1	2720	87040	87040	10240	10240	10240	1	1	0	1	1
3	1788291912817660618	capture	1927	MUL_MAT	MMVQ	-	blk.18.ssm_beta.weight	node_1126	q8_0	f32	f32	2560	32	1	1	2560	1	1	1	2720	87040	87040	10240	10240	10240	1	1	0	1	1
3	1788291912817660618	capture	1927	MUL_MAT	MMVQ	-	blk.18.ssm_out.weight	linear_attn_out-18	q5_K	f32	f32	4096	2560	1	1	4096	1	1	1	2816	7208960	7208960	16384	16384	16384	1	1	0	1	1
3	1788291912817660618	capture	1927	MUL_MAT	MMVQ	-	blk.19.attn_k.weight	Kcur-19	q4_K	f32	f32	2560	1024	1	1	2560	1	1	1	1440	1474560	1474560	10240	10240	10240	1	1	0	1	1
3	1788291912817660618	capture	1927	MUL_MAT	MMVQ	-	blk.19.attn_q.weight	Qcur_full-19	q4_K	f32	f32	2560	8192	1	1	2560	1	1	1	1440	11796480	11796480	10240	10240	10240	1	1	0	1	1
3	1788291912817660618	capture	1927	MUL_MAT	MMVQ	-	blk.19.attn_v.weight	Vcur-19	q4_K	f32	f32	2560	1024	1	1	2560	1	1	1	1440	1474560	1474560	10240	10240	10240	1	1	0	1	1
3	1788291912817660618	capture	1927	MUL_MAT	MMVQ	-	blk.2.attn_gate.weight	z-2	q4_K	f32	f32	2560	4096	1	1	2560	1	1	1	1440	5898240	5898240	10240	10240	10240	1	1	0	1	1
3	1788291912817660618	capture	1927	MUL_MAT	MMVQ	-	blk.2.attn_qkv.weight	node_139	q5_K	f32	f32	2560	8192	1	1	2560	1	1	1	1760	14417920	14417920	10240	10240	10240	1	1	0	1	1
3	1788291912817660618	capture	1927	MUL_MAT	MMVQ	-	blk.2.ssm_alpha.weight	node_160	q8_0	f32	f32	2560	32	1	1	2560	1	1	1	2720	87040	87040	10240	10240	10240	1	1	0	1	1
3	1788291912817660618	capture	1927	MUL_MAT	MMVQ	-	blk.2.ssm_beta.weight	node_166	q8_0	f32	f32	2560	32	1	1	2560	1	1	1	2720	87040	87040	10240	10240	10240	1	1	0	1	1
3	1788291912817660618	capture	1927	MUL_MAT	MMVQ	-	blk.2.ssm_out.weight	linear_attn_out-2	q5_K	f32	f32	4096	2560	1	1	4096	1	1	1	2816	7208960	7208960	16384	16384	16384	1	1	0	1	1
3	1788291912817660618	capture	1927	MUL_MAT	MMVQ	-	blk.20.attn_gate.weight	z-20	q4_K	f32	f32	2560	4096	1	1	2560	1	1	1	1440	5898240	5898240	10240	10240	10240	1	1	0	1	1
3	1788291912817660618	capture	1927	MUL_MAT	MMVQ	-	blk.20.attn_qkv.weight	node_1213	q5_K	f32	f32	2560	8192	1	1	2560	1	1	1	1760	14417920	14417920	10240	10240	10240	1	1	0	1	1
3	1788291912817660618	capture	1927	MUL_MAT	MMVQ	-	blk.20.ssm_alpha.weight	node_1234	q8_0	f32	f32	2560	32	1	1	2560	1	1	1	2720	87040	87040	10240	10240	10240	1	1	0	1	1
3	1788291912817660618	capture	1927	MUL_MAT	MMVQ	-	blk.20.ssm_beta.weight	node_1240	q8_0	f32	f32	2560	32	1	1	2560	1	1	1	2720	87040	87040	10240	10240	10240	1	1	0	1	1
3	1788291912817660618	capture	1927	MUL_MAT	MMVQ	-	blk.20.ssm_out.weight	linear_attn_out-20	q5_K	f32	f32	4096	2560	1	1	4096	1	1	1	2816	7208960	7208960	16384	16384	16384	1	1	0	1	1
3	1788291912817660618	capture	1927	MUL_MAT	MMVQ	-	blk.21.attn_gate.weight	z-21	q4_K	f32	f32	2560	4096	1	1	2560	1	1	1	1440	5898240	5898240	10240	10240	10240	1	1	0	1	1
3	1788291912817660618	capture	1927	MUL_MAT	MMVQ	-	blk.21.attn_qkv.weight	node_1276	q5_K	f32	f32	2560	8192	1	1	2560	1	1	1	1760	14417920	14417920	10240	10240	10240	1	1	0	1	1
3	1788291912817660618	capture	1927	MUL_MAT	MMVQ	-	blk.21.ssm_alpha.weight	node_1297	q8_0	f32	f32	2560	32	1	1	2560	1	1	1	2720	87040	87040	10240	10240	10240	1	1	0	1	1
3	1788291912817660618	capture	1927	MUL_MAT	MMVQ	-	blk.21.ssm_beta.weight	node_1303	q8_0	f32	f32	2560	32	1	1	2560	1	1	1	2720	87040	87040	10240	10240	10240	1	1	0	1	1
3	1788291912817660618	capture	1927	MUL_MAT	MMVQ	-	blk.21.ssm_out.weight	linear_attn_out-21	q5_K	f32	f32	4096	2560	1	1	4096	1	1	1	2816	7208960	7208960	16384	16384	16384	1	1	0	1	1
3	1788291912817660618	capture	1927	MUL_MAT	MMVQ	-	blk.22.attn_gate.weight	z-22	q4_K	f32	f32	2560	4096	1	1	2560	1	1	1	1440	5898240	5898240	10240	10240	10240	1	1	0	1	1
3	1788291912817660618	capture	1927	MUL_MAT	MMVQ	-	blk.22.attn_qkv.weight	node_1339	q5_K	f32	f32	2560	8192	1	1	2560	1	1	1	1760	14417920	14417920	10240	10240	10240	1	1	0	1	1
3	1788291912817660618	capture	1927	MUL_MAT	MMVQ	-	blk.22.ssm_alpha.weight	node_1360	q8_0	f32	f32	2560	32	1	1	2560	1	1	1	2720	87040	87040	10240	10240	10240	1	1	0	1	1
3	1788291912817660618	capture	1927	MUL_MAT	MMVQ	-	blk.22.ssm_beta.weight	node_1366	q8_0	f32	f32	2560	32	1	1	2560	1	1	1	2720	87040	87040	10240	10240	10240	1	1	0	1	1
3	1788291912817660618	capture	1927	MUL_MAT	MMVQ	-	blk.22.ssm_out.weight	linear_attn_out-22	q5_K	f32	f32	4096	2560	1	1	4096	1	1	1	2816	7208960	7208960	16384	16384	16384	1	1	0	1	1
3	1788291912817660618	capture	1927	MUL_MAT	MMVQ	-	blk.23.attn_k.weight	Kcur-23	q4_K	f32	f32	2560	1024	1	1	2560	1	1	1	1440	1474560	1474560	10240	10240	10240	1	1	0	1	1
3	1788291912817660618	capture	1927	MUL_MAT	MMVQ	-	blk.23.attn_q.weight	Qcur_full-23	q4_K	f32	f32	2560	8192	1	1	2560	1	1	1	1440	11796480	11796480	10240	10240	10240	1	1	0	1	1
3	1788291912817660618	capture	1927	MUL_MAT	MMVQ	-	blk.23.attn_v.weight	Vcur-23	q4_K	f32	f32	2560	1024	1	1	2560	1	1	1	1440	1474560	1474560	10240	10240	10240	1	1	0	1	1
3	1788291912817660618	capture	1927	MUL_MAT	MMVQ	-	blk.24.attn_gate.weight	z-24	q4_K	f32	f32	2560	4096	1	1	2560	1	1	1	1440	5898240	5898240	10240	10240	10240	1	1	0	1	1
3	1788291912817660618	capture	1927	MUL_MAT	MMVQ	-	blk.24.attn_qkv.weight	node_1453	q5_K	f32	f32	2560	8192	1	1	2560	1	1	1	1760	14417920	14417920	10240	10240	10240	1	1	0	1	1
3	1788291912817660618	capture	1927	MUL_MAT	MMVQ	-	blk.24.ssm_alpha.weight	node_1474	q8_0	f32	f32	2560	32	1	1	2560	1	1	1	2720	87040	87040	10240	10240	10240	1	1	0	1	1
3	1788291912817660618	capture	1927	MUL_MAT	MMVQ	-	blk.24.ssm_beta.weight	node_1480	q8_0	f32	f32	2560	32	1	1	2560	1	1	1	2720	87040	87040	10240	10240	10240	1	1	0	1	1
3	1788291912817660618	capture	1927	MUL_MAT	MMVQ	-	blk.24.ssm_out.weight	linear_attn_out-24	q5_K	f32	f32	4096	2560	1	1	4096	1	1	1	2816	7208960	7208960	16384	16384	16384	1	1	0	1	1
3	1788291912817660618	capture	1927	MUL_MAT	MMVQ	-	blk.25.attn_gate.weight	z-25	q4_K	f32	f32	2560	4096	1	1	2560	1	1	1	1440	5898240	5898240	10240	10240	10240	1	1	0	1	1
3	1788291912817660618	capture	1927	MUL_MAT	MMVQ	-	blk.25.attn_qkv.weight	node_1516	q5_K	f32	f32	2560	8192	1	1	2560	1	1	1	1760	14417920	14417920	10240	10240	10240	1	1	0	1	1
3	1788291912817660618	capture	1927	MUL_MAT	MMVQ	-	blk.25.ssm_alpha.weight	node_1537	q8_0	f32	f32	2560	32	1	1	2560	1	1	1	2720	87040	87040	10240	10240	10240	1	1	0	1	1
3	1788291912817660618	capture	1927	MUL_MAT	MMVQ	-	blk.25.ssm_beta.weight	node_1543	q8_0	f32	f32	2560	32	1	1	2560	1	1	1	2720	87040	87040	10240	10240	10240	1	1	0	1	1
3	1788291912817660618	capture	1927	MUL_MAT	MMVQ	-	blk.25.ssm_out.weight	linear_attn_out-25	q5_K	f32	f32	4096	2560	1	1	4096	1	1	1	2816	7208960	7208960	16384	16384	16384	1	1	0	1	1
3	1788291912817660618	capture	1927	MUL_MAT	MMVQ	-	blk.26.attn_gate.weight	z-26	q4_K	f32	f32	2560	4096	1	1	2560	1	1	1	1440	5898240	5898240	10240	10240	10240	1	1	0	1	1
3	1788291912817660618	capture	1927	MUL_MAT	MMVQ	-	blk.26.attn_qkv.weight	node_1579	q5_K	f32	f32	2560	8192	1	1	2560	1	1	1	1760	14417920	14417920	10240	10240	10240	1	1	0	1	1
3	1788291912817660618	capture	1927	MUL_MAT	MMVQ	-	blk.26.ssm_alpha.weight	node_1600	q8_0	f32	f32	2560	32	1	1	2560	1	1	1	2720	87040	87040	10240	10240	10240	1	1	0	1	1
3	1788291912817660618	capture	1927	MUL_MAT	MMVQ	-	blk.26.ssm_beta.weight	node_1606	q8_0	f32	f32	2560	32	1	1	2560	1	1	1	2720	87040	87040	10240	10240	10240	1	1	0	1	1
3	1788291912817660618	capture	1927	MUL_MAT	MMVQ	-	blk.26.ssm_out.weight	linear_attn_out-26	q5_K	f32	f32	4096	2560	1	1	4096	1	1	1	2816	7208960	7208960	16384	16384	16384	1	1	0	1	1
3	1788291912817660618	capture	1927	MUL_MAT	MMVQ	-	blk.27.attn_k.weight	Kcur-27	q4_K	f32	f32	2560	1024	1	1	2560	1	1	1	1440	1474560	1474560	10240	10240	10240	1	1	0	1	1
3	1788291912817660618	capture	1927	MUL_MAT	MMVQ	-	blk.27.attn_q.weight	Qcur_full-27	q4_K	f32	f32	2560	8192	1	1	2560	1	1	1	1440	11796480	11796480	10240	10240	10240	1	1	0	1	1
3	1788291912817660618	capture	1927	MUL_MAT	MMVQ	-	blk.27.attn_v.weight	Vcur-27	q6_K	f32	f32	2560	1024	1	1	2560	1	1	1	2100	2150400	2150400	10240	10240	10240	1	1	0	1	1
3	1788291912817660618	capture	1927	MUL_MAT	MMVQ	-	blk.28.attn_gate.weight	z-28	q4_K	f32	f32	2560	4096	1	1	2560	1	1	1	1440	5898240	5898240	10240	10240	10240	1	1	0	1	1
3	1788291912817660618	capture	1927	MUL_MAT	MMVQ	-	blk.28.attn_qkv.weight	node_1693	q5_K	f32	f32	2560	8192	1	1	2560	1	1	1	1760	14417920	14417920	10240	10240	10240	1	1	0	1	1
3	1788291912817660618	capture	1927	MUL_MAT	MMVQ	-	blk.28.ssm_alpha.weight	node_1714	q8_0	f32	f32	2560	32	1	1	2560	1	1	1	2720	87040	87040	10240	10240	10240	1	1	0	1	1
3	1788291912817660618	capture	1927	MUL_MAT	MMVQ	-	blk.28.ssm_beta.weight	node_1720	q8_0	f32	f32	2560	32	1	1	2560	1	1	1	2720	87040	87040	10240	10240	10240	1	1	0	1	1
3	1788291912817660618	capture	1927	MUL_MAT	MMVQ	-	blk.28.ssm_out.weight	linear_attn_out-28	q5_K	f32	f32	4096	2560	1	1	4096	1	1	1	2816	7208960	7208960	16384	16384	16384	1	1	0	1	1
3	1788291912817660618	capture	1927	MUL_MAT	MMVQ	-	blk.29.attn_gate.weight	z-29	q4_K	f32	f32	2560	4096	1	1	2560	1	1	1	1440	5898240	5898240	10240	10240	10240	1	1	0	1	1
3	1788291912817660618	capture	1927	MUL_MAT	MMVQ	-	blk.29.attn_qkv.weight	node_1756	q5_K	f32	f32	2560	8192	1	1	2560	1	1	1	1760	14417920	14417920	10240	10240	10240	1	1	0	1	1
3	1788291912817660618	capture	1927	MUL_MAT	MMVQ	-	blk.29.ssm_alpha.weight	node_1777	q8_0	f32	f32	2560	32	1	1	2560	1	1	1	2720	87040	87040	10240	10240	10240	1	1	0	1	1
3	1788291912817660618	capture	1927	MUL_MAT	MMVQ	-	blk.29.ssm_beta.weight	node_1783	q8_0	f32	f32	2560	32	1	1	2560	1	1	1	2720	87040	87040	10240	10240	10240	1	1	0	1	1
3	1788291912817660618	capture	1927	MUL_MAT	MMVQ	-	blk.29.ssm_out.weight	linear_attn_out-29	q5_K	f32	f32	4096	2560	1	1	4096	1	1	1	2816	7208960	7208960	16384	16384	16384	1	1	0	1	1
3	1788291912817660618	capture	1927	MUL_MAT	MMVQ	-	blk.3.attn_k.weight	Kcur-3	q4_K	f32	f32	2560	1024	1	1	2560	1	1	1	1440	1474560	1474560	10240	10240	10240	1	1	0	1	1
3	1788291912817660618	capture	1927	MUL_MAT	MMVQ	-	blk.3.attn_q.weight	Qcur_full-3	q4_K	f32	f32	2560	8192	1	1	2560	1	1	1	1440	11796480	11796480	10240	10240	10240	1	1	0	1	1
3	1788291912817660618	capture	1927	MUL_MAT	MMVQ	-	blk.3.attn_v.weight	Vcur-3	q6_K	f32	f32	2560	1024	1	1	2560	1	1	1	2100	2150400	2150400	10240	10240	10240	1	1	0	1	1
3	1788291912817660618	capture	1927	MUL_MAT	MMVQ	-	blk.30.attn_gate.weight	z-30	q4_K	f32	f32	2560	4096	1	1	2560	1	1	1	1440	5898240	5898240	10240	10240	10240	1	1	0	1	1
3	1788291912817660618	capture	1927	MUL_MAT	MMVQ	-	blk.30.attn_qkv.weight	node_1819	q5_K	f32	f32	2560	8192	1	1	2560	1	1	1	1760	14417920	14417920	10240	10240	10240	1	1	0	1	1
3	1788291912817660618	capture	1927	MUL_MAT	MMVQ	-	blk.30.ssm_alpha.weight	node_1840	q8_0	f32	f32	2560	32	1	1	2560	1	1	1	2720	87040	87040	10240	10240	10240	1	1	0	1	1
3	1788291912817660618	capture	1927	MUL_MAT	MMVQ	-	blk.30.ssm_beta.weight	node_1846	q8_0	f32	f32	2560	32	1	1	2560	1	1	1	2720	87040	87040	10240	10240	10240	1	1	0	1	1
3	1788291912817660618	capture	1927	MUL_MAT	MMVQ	-	blk.30.ssm_out.weight	linear_attn_out-30	q5_K	f32	f32	4096	2560	1	1	4096	1	1	1	2816	7208960	7208960	16384	16384	16384	1	1	0	1	1
3	1788291912817660618	capture	1927	MUL_MAT	MMVQ	-	blk.31.attn_k.weight	Kcur-31	q4_K	f32	f32	2560	1024	1	1	2560	1	1	1	1440	1474560	1474560	10240	10240	10240	1	1	0	1	1
3	1788291912817660618	capture	1927	MUL_MAT	MMVQ	-	blk.31.attn_q.weight	Qcur_full-31	q4_K	f32	f32	2560	8192	1	1	2560	1	1	1	1440	11796480	11796480	10240	10240	10240	1	1	0	1	1
3	1788291912817660618	capture	1927	MUL_MAT	MMVQ	-	blk.31.attn_v.weight	Vcur-31	q4_K	f32	f32	2560	1024	1	1	2560	1	1	1	1440	1474560	1474560	10240	10240	10240	1	1	0	1	1
3	1788291912817660618	capture	1927	MUL_MAT	MMVQ	-	blk.4.attn_gate.weight	z-4	q4_K	f32	f32	2560	4096	1	1	2560	1	1	1	1440	5898240	5898240	10240	10240	10240	1	1	0	1	1
3	1788291912817660618	capture	1927	MUL_MAT	MMVQ	-	blk.4.attn_qkv.weight	node_253	q5_K	f32	f32	2560	8192	1	1	2560	1	1	1	1760	14417920	14417920	10240	10240	10240	1	1	0	1	1
3	1788291912817660618	capture	1927	MUL_MAT	MMVQ	-	blk.4.ssm_alpha.weight	node_274	q8_0	f32	f32	2560	32	1	1	2560	1	1	1	2720	87040	87040	10240	10240	10240	1	1	0	1	1
3	1788291912817660618	capture	1927	MUL_MAT	MMVQ	-	blk.4.ssm_beta.weight	node_280	q8_0	f32	f32	2560	32	1	1	2560	1	1	1	2720	87040	87040	10240	10240	10240	1	1	0	1	1
3	1788291912817660618	capture	1927	MUL_MAT	MMVQ	-	blk.4.ssm_out.weight	linear_attn_out-4	q5_K	f32	f32	4096	2560	1	1	4096	1	1	1	2816	7208960	7208960	16384	16384	16384	1	1	0	1	1
3	1788291912817660618	capture	1927	MUL_MAT	MMVQ	-	blk.5.attn_gate.weight	z-5	q4_K	f32	f32	2560	4096	1	1	2560	1	1	1	1440	5898240	5898240	10240	10240	10240	1	1	0	1	1
3	1788291912817660618	capture	1927	MUL_MAT	MMVQ	-	blk.5.attn_qkv.weight	node_316	q5_K	f32	f32	2560	8192	1	1	2560	1	1	1	1760	14417920	14417920	10240	10240	10240	1	1	0	1	1
3	1788291912817660618	capture	1927	MUL_MAT	MMVQ	-	blk.5.ssm_alpha.weight	node_337	q8_0	f32	f32	2560	32	1	1	2560	1	1	1	2720	87040	87040	10240	10240	10240	1	1	0	1	1
3	1788291912817660618	capture	1927	MUL_MAT	MMVQ	-	blk.5.ssm_beta.weight	node_343	q8_0	f32	f32	2560	32	1	1	2560	1	1	1	2720	87040	87040	10240	10240	10240	1	1	0	1	1
3	1788291912817660618	capture	1927	MUL_MAT	MMVQ	-	blk.5.ssm_out.weight	linear_attn_out-5	q5_K	f32	f32	4096	2560	1	1	4096	1	1	1	2816	7208960	7208960	16384	16384	16384	1	1	0	1	1
3	1788291912817660618	capture	1927	MUL_MAT	MMVQ	-	blk.6.attn_gate.weight	z-6	q4_K	f32	f32	2560	4096	1	1	2560	1	1	1	1440	5898240	5898240	10240	10240	10240	1	1	0	1	1
3	1788291912817660618	capture	1927	MUL_MAT	MMVQ	-	blk.6.attn_qkv.weight	node_379	q5_K	f32	f32	2560	8192	1	1	2560	1	1	1	1760	14417920	14417920	10240	10240	10240	1	1	0	1	1
3	1788291912817660618	capture	1927	MUL_MAT	MMVQ	-	blk.6.ssm_alpha.weight	node_400	q8_0	f32	f32	2560	32	1	1	2560	1	1	1	2720	87040	87040	10240	10240	10240	1	1	0	1	1
3	1788291912817660618	capture	1927	MUL_MAT	MMVQ	-	blk.6.ssm_beta.weight	node_406	q8_0	f32	f32	2560	32	1	1	2560	1	1	1	2720	87040	87040	10240	10240	10240	1	1	0	1	1
3	1788291912817660618	capture	1927	MUL_MAT	MMVQ	-	blk.6.ssm_out.weight	linear_attn_out-6	q5_K	f32	f32	4096	2560	1	1	4096	1	1	1	2816	7208960	7208960	16384	16384	16384	1	1	0	1	1
3	1788291912817660618	capture	1927	MUL_MAT	MMVQ	-	blk.7.attn_k.weight	Kcur-7	q4_K	f32	f32	2560	1024	1	1	2560	1	1	1	1440	1474560	1474560	10240	10240	10240	1	1	0	1	1
3	1788291912817660618	capture	1927	MUL_MAT	MMVQ	-	blk.7.attn_q.weight	Qcur_full-7	q4_K	f32	f32	2560	8192	1	1	2560	1	1	1	1440	11796480	11796480	10240	10240	10240	1	1	0	1	1
3	1788291912817660618	capture	1927	MUL_MAT	MMVQ	-	blk.7.attn_v.weight	Vcur-7	q6_K	f32	f32	2560	1024	1	1	2560	1	1	1	2100	2150400	2150400	10240	10240	10240	1	1	0	1	1
3	1788291912817660618	capture	1927	MUL_MAT	MMVQ	-	blk.8.attn_gate.weight	z-8	q4_K	f32	f32	2560	4096	1	1	2560	1	1	1	1440	5898240	5898240	10240	10240	10240	1	1	0	1	1
3	1788291912817660618	capture	1927	MUL_MAT	MMVQ	-	blk.8.attn_qkv.weight	node_493	q5_K	f32	f32	2560	8192	1	1	2560	1	1	1	1760	14417920	14417920	10240	10240	10240	1	1	0	1	1
3	1788291912817660618	capture	1927	MUL_MAT	MMVQ	-	blk.8.ssm_alpha.weight	node_514	q8_0	f32	f32	2560	32	1	1	2560	1	1	1	2720	87040	87040	10240	10240	10240	1	1	0	1	1
3	1788291912817660618	capture	1927	MUL_MAT	MMVQ	-	blk.8.ssm_beta.weight	node_520	q8_0	f32	f32	2560	32	1	1	2560	1	1	1	2720	87040	87040	10240	10240	10240	1	1	0	1	1
3	1788291912817660618	capture	1927	MUL_MAT	MMVQ	-	blk.8.ssm_out.weight	linear_attn_out-8	q5_K	f32	f32	4096	2560	1	1	4096	1	1	1	2816	7208960	7208960	16384	16384	16384	1	1	0	1	1
3	1788291912817660618	capture	1927	MUL_MAT	MMVQ	-	blk.9.attn_gate.weight	z-9	q4_K	f32	f32	2560	4096	1	1	2560	1	1	1	1440	5898240	5898240	10240	10240	10240	1	1	0	1	1
3	1788291912817660618	capture	1927	MUL_MAT	MMVQ	-	blk.9.attn_qkv.weight	node_556	q5_K	f32	f32	2560	8192	1	1	2560	1	1	1	1760	14417920	14417920	10240	10240	10240	1	1	0	1	1
3	1788291912817660618	capture	1927	MUL_MAT	MMVQ	-	blk.9.ssm_alpha.weight	node_577	q8_0	f32	f32	2560	32	1	1	2560	1	1	1	2720	87040	87040	10240	10240	10240	1	1	0	1	1
3	1788291912817660618	capture	1927	MUL_MAT	MMVQ	-	blk.9.ssm_beta.weight	node_583	q8_0	f32	f32	2560	32	1	1	2560	1	1	1	2720	87040	87040	10240	10240	10240	1	1	0	1	1
3	1788291912817660618	capture	1927	MUL_MAT	MMVQ	-	blk.9.ssm_out.weight	linear_attn_out-9	q5_K	f32	f32	4096	2560	1	1	4096	1	1	1	2816	7208960	7208960	16384	16384	16384	1	1	0	1	1
3	1788291912817660618	capture	1927	MUL_MAT	MMVQ	-	token_embd.weight	result_output	q6_K	f32	f32	2560	248320	1	1	2560	1	1	1	2100	521472000	521472000	10240	10240	10240	1	1	0	1	1
3	1788291912817660618	capture	1927	MUL_MAT	MMVQ	fused	blk.0.ffn_down.weight	l_out-0	q6_K	f32	f32	9216	2560	1	1	9216	1	1	1	7560	19353600	19353600	36864	36864	36864	1	1	0	1	1
3	1788291912817660618	capture	1927	MUL_MAT	MMVQ	fused	blk.0.ffn_up.weight	ffn_swiglu-0	q4_K	f32	f32	2560	9216	1	1	2560	1	1	1	1440	13271040	13271040	10240	10240	10240	1	1	0	1	1
3	1788291912817660618	capture	1927	MUL_MAT	MMVQ	fused	blk.1.ffn_down.weight	l_out-1	q6_K	f32	f32	9216	2560	1	1	9216	1	1	1	7560	19353600	19353600	36864	36864	36864	1	1	0	1	1
3	1788291912817660618	capture	1927	MUL_MAT	MMVQ	fused	blk.1.ffn_up.weight	ffn_swiglu-1	q4_K	f32	f32	2560	9216	1	1	2560	1	1	1	1440	13271040	13271040	10240	10240	10240	1	1	0	1	1
3	1788291912817660618	capture	1927	MUL_MAT	MMVQ	fused	blk.10.ffn_down.weight	l_out-10	q4_K	f32	f32	9216	2560	1	1	9216	1	1	1	5184	13271040	13271040	36864	36864	36864	1	1	0	1	1
3	1788291912817660618	capture	1927	MUL_MAT	MMVQ	fused	blk.10.ffn_up.weight	ffn_swiglu-10	q4_K	f32	f32	2560	9216	1	1	2560	1	1	1	1440	13271040	13271040	10240	10240	10240	1	1	0	1	1
3	1788291912817660618	capture	1927	MUL_MAT	MMVQ	fused	blk.11.attn_output.weight	attn_residual-11	q4_K	f32	f32	4096	2560	1	1	4096	1	1	1	2304	5898240	5898240	16384	16384	16384	1	1	0	1	1
3	1788291912817660618	capture	1927	MUL_MAT	MMVQ	fused	blk.11.ffn_down.weight	l_out-11	q4_K	f32	f32	9216	2560	1	1	9216	1	1	1	5184	13271040	13271040	36864	36864	36864	1	1	0	1	1
3	1788291912817660618	capture	1927	MUL_MAT	MMVQ	fused	blk.11.ffn_up.weight	ffn_swiglu-11	q4_K	f32	f32	2560	9216	1	1	2560	1	1	1	1440	13271040	13271040	10240	10240	10240	1	1	0	1	1
3	1788291912817660618	capture	1927	MUL_MAT	MMVQ	fused	blk.12.ffn_down.weight	l_out-12	q6_K	f32	f32	9216	2560	1	1	9216	1	1	1	7560	19353600	19353600	36864	36864	36864	1	1	0	1	1
3	1788291912817660618	capture	1927	MUL_MAT	MMVQ	fused	blk.12.ffn_up.weight	ffn_swiglu-12	q4_K	f32	f32	2560	9216	1	1	2560	1	1	1	1440	13271040	13271040	10240	10240	10240	1	1	0	1	1
3	1788291912817660618	capture	1927	MUL_MAT	MMVQ	fused	blk.13.ffn_down.weight	l_out-13	q4_K	f32	f32	9216	2560	1	1	9216	1	1	1	5184	13271040	13271040	36864	36864	36864	1	1	0	1	1
3	1788291912817660618	capture	1927	MUL_MAT	MMVQ	fused	blk.13.ffn_up.weight	ffn_swiglu-13	q4_K	f32	f32	2560	9216	1	1	2560	1	1	1	1440	13271040	13271040	10240	10240	10240	1	1	0	1	1
3	1788291912817660618	capture	1927	MUL_MAT	MMVQ	fused	blk.14.ffn_down.weight	l_out-14	q4_K	f32	f32	9216	2560	1	1	9216	1	1	1	5184	13271040	13271040	36864	36864	36864	1	1	0	1	1
3	1788291912817660618	capture	1927	MUL_MAT	MMVQ	fused	blk.14.ffn_up.weight	ffn_swiglu-14	q4_K	f32	f32	2560	9216	1	1	2560	1	1	1	1440	13271040	13271040	10240	10240	10240	1	1	0	1	1
3	1788291912817660618	capture	1927	MUL_MAT	MMVQ	fused	blk.15.attn_output.weight	attn_residual-15	q4_K	f32	f32	4096	2560	1	1	4096	1	1	1	2304	5898240	5898240	16384	16384	16384	1	1	0	1	1
3	1788291912817660618	capture	1927	MUL_MAT	MMVQ	fused	blk.15.ffn_down.weight	l_out-15	q6_K	f32	f32	9216	2560	1	1	9216	1	1	1	7560	19353600	19353600	36864	36864	36864	1	1	0	1	1
3	1788291912817660618	capture	1927	MUL_MAT	MMVQ	fused	blk.15.ffn_up.weight	ffn_swiglu-15	q4_K	f32	f32	2560	9216	1	1	2560	1	1	1	1440	13271040	13271040	10240	10240	10240	1	1	0	1	1
3	1788291912817660618	capture	1927	MUL_MAT	MMVQ	fused	blk.16.ffn_down.weight	l_out-16	q4_K	f32	f32	9216	2560	1	1	9216	1	1	1	5184	13271040	13271040	36864	36864	36864	1	1	0	1	1
3	1788291912817660618	capture	1927	MUL_MAT	MMVQ	fused	blk.16.ffn_up.weight	ffn_swiglu-16	q4_K	f32	f32	2560	9216	1	1	2560	1	1	1	1440	13271040	13271040	10240	10240	10240	1	1	0	1	1
3	1788291912817660618	capture	1927	MUL_MAT	MMVQ	fused	blk.17.ffn_down.weight	l_out-17	q4_K	f32	f32	9216	2560	1	1	9216	1	1	1	5184	13271040	13271040	36864	36864	36864	1	1	0	1	1
3	1788291912817660618	capture	1927	MUL_MAT	MMVQ	fused	blk.17.ffn_up.weight	ffn_swiglu-17	q4_K	f32	f32	2560	9216	1	1	2560	1	1	1	1440	13271040	13271040	10240	10240	10240	1	1	0	1	1
3	1788291912817660618	capture	1927	MUL_MAT	MMVQ	fused	blk.18.ffn_down.weight	l_out-18	q6_K	f32	f32	9216	2560	1	1	9216	1	1	1	7560	19353600	19353600	36864	36864	36864	1	1	0	1	1
3	1788291912817660618	capture	1927	MUL_MAT	MMVQ	fused	blk.18.ffn_up.weight	ffn_swiglu-18	q4_K	f32	f32	2560	9216	1	1	2560	1	1	1	1440	13271040	13271040	10240	10240	10240	1	1	0	1	1
3	1788291912817660618	capture	1927	MUL_MAT	MMVQ	fused	blk.19.attn_output.weight	attn_residual-19	q4_K	f32	f32	4096	2560	1	1	4096	1	1	1	2304	5898240	5898240	16384	16384	16384	1	1	0	1	1
3	1788291912817660618	capture	1927	MUL_MAT	MMVQ	fused	blk.19.ffn_down.weight	l_out-19	q4_K	f32	f32	9216	2560	1	1	9216	1	1	1	5184	13271040	13271040	36864	36864	36864	1	1	0	1	1
3	1788291912817660618	capture	1927	MUL_MAT	MMVQ	fused	blk.19.ffn_up.weight	ffn_swiglu-19	q4_K	f32	f32	2560	9216	1	1	2560	1	1	1	1440	13271040	13271040	10240	10240	10240	1	1	0	1	1
3	1788291912817660618	capture	1927	MUL_MAT	MMVQ	fused	blk.2.ffn_down.weight	l_out-2	q6_K	f32	f32	9216	2560	1	1	9216	1	1	1	7560	19353600	19353600	36864	36864	36864	1	1	0	1	1
3	1788291912817660618	capture	1927	MUL_MAT	MMVQ	fused	blk.2.ffn_up.weight	ffn_swiglu-2	q4_K	f32	f32	2560	9216	1	1	2560	1	1	1	1440	13271040	13271040	10240	10240	10240	1	1	0	1	1
3	1788291912817660618	capture	1927	MUL_MAT	MMVQ	fused	blk.20.ffn_down.weight	l_out-20	q4_K	f32	f32	9216	2560	1	1	9216	1	1	1	5184	13271040	13271040	36864	36864	36864	1	1	0	1	1
3	1788291912817660618	capture	1927	MUL_MAT	MMVQ	fused	blk.20.ffn_up.weight	ffn_swiglu-20	q4_K	f32	f32	2560	9216	1	1	2560	1	1	1	1440	13271040	13271040	10240	10240	10240	1	1	0	1	1
3	1788291912817660618	capture	1927	MUL_MAT	MMVQ	fused	blk.21.ffn_down.weight	l_out-21	q6_K	f32	f32	9216	2560	1	1	9216	1	1	1	7560	19353600	19353600	36864	36864	36864	1	1	0	1	1
3	1788291912817660618	capture	1927	MUL_MAT	MMVQ	fused	blk.21.ffn_up.weight	ffn_swiglu-21	q4_K	f32	f32	2560	9216	1	1	2560	1	1	1	1440	13271040	13271040	10240	10240	10240	1	1	0	1	1
3	1788291912817660618	capture	1927	MUL_MAT	MMVQ	fused	blk.22.ffn_down.weight	l_out-22	q4_K	f32	f32	9216	2560	1	1	9216	1	1	1	5184	13271040	13271040	36864	36864	36864	1	1	0	1	1
3	1788291912817660618	capture	1927	MUL_MAT	MMVQ	fused	blk.22.ffn_up.weight	ffn_swiglu-22	q4_K	f32	f32	2560	9216	1	1	2560	1	1	1	1440	13271040	13271040	10240	10240	10240	1	1	0	1	1
3	1788291912817660618	capture	1927	MUL_MAT	MMVQ	fused	blk.23.attn_output.weight	attn_residual-23	q4_K	f32	f32	4096	2560	1	1	4096	1	1	1	2304	5898240	5898240	16384	16384	16384	1	1	0	1	1
3	1788291912817660618	capture	1927	MUL_MAT	MMVQ	fused	blk.23.ffn_down.weight	l_out-23	q4_K	f32	f32	9216	2560	1	1	9216	1	1	1	5184	13271040	13271040	36864	36864	36864	1	1	0	1	1
3	1788291912817660618	capture	1927	MUL_MAT	MMVQ	fused	blk.23.ffn_up.weight	ffn_swiglu-23	q4_K	f32	f32	2560	9216	1	1	2560	1	1	1	1440	13271040	13271040	10240	10240	10240	1	1	0	1	1
3	1788291912817660618	capture	1927	MUL_MAT	MMVQ	fused	blk.24.ffn_down.weight	l_out-24	q6_K	f32	f32	9216	2560	1	1	9216	1	1	1	7560	19353600	19353600	36864	36864	36864	1	1	0	1	1
3	1788291912817660618	capture	1927	MUL_MAT	MMVQ	fused	blk.24.ffn_up.weight	ffn_swiglu-24	q4_K	f32	f32	2560	9216	1	1	2560	1	1	1	1440	13271040	13271040	10240	10240	10240	1	1	0	1	1
3	1788291912817660618	capture	1927	MUL_MAT	MMVQ	fused	blk.25.ffn_down.weight	l_out-25	q4_K	f32	f32	9216	2560	1	1	9216	1	1	1	5184	13271040	13271040	36864	36864	36864	1	1	0	1	1
3	1788291912817660618	capture	1927	MUL_MAT	MMVQ	fused	blk.25.ffn_up.weight	ffn_swiglu-25	q4_K	f32	f32	2560	9216	1	1	2560	1	1	1	1440	13271040	13271040	10240	10240	10240	1	1	0	1	1
3	1788291912817660618	capture	1927	MUL_MAT	MMVQ	fused	blk.26.ffn_down.weight	l_out-26	q4_K	f32	f32	9216	2560	1	1	9216	1	1	1	5184	13271040	13271040	36864	36864	36864	1	1	0	1	1
3	1788291912817660618	capture	1927	MUL_MAT	MMVQ	fused	blk.26.ffn_up.weight	ffn_swiglu-26	q4_K	f32	f32	2560	9216	1	1	2560	1	1	1	1440	13271040	13271040	10240	10240	10240	1	1	0	1	1
3	1788291912817660618	capture	1927	MUL_MAT	MMVQ	fused	blk.27.attn_output.weight	attn_residual-27	q4_K	f32	f32	4096	2560	1	1	4096	1	1	1	2304	5898240	5898240	16384	16384	16384	1	1	0	1	1
3	1788291912817660618	capture	1927	MUL_MAT	MMVQ	fused	blk.27.ffn_down.weight	l_out-27	q6_K	f32	f32	9216	2560	1	1	9216	1	1	1	7560	19353600	19353600	36864	36864	36864	1	1	0	1	1
3	1788291912817660618	capture	1927	MUL_MAT	MMVQ	fused	blk.27.ffn_up.weight	ffn_swiglu-27	q4_K	f32	f32	2560	9216	1	1	2560	1	1	1	1440	13271040	13271040	10240	10240	10240	1	1	0	1	1
3	1788291912817660618	capture	1927	MUL_MAT	MMVQ	fused	blk.28.ffn_down.weight	l_out-28	q6_K	f32	f32	9216	2560	1	1	9216	1	1	1	7560	19353600	19353600	36864	36864	36864	1	1	0	1	1
3	1788291912817660618	capture	1927	MUL_MAT	MMVQ	fused	blk.28.ffn_up.weight	ffn_swiglu-28	q4_K	f32	f32	2560	9216	1	1	2560	1	1	1	1440	13271040	13271040	10240	10240	10240	1	1	0	1	1
3	1788291912817660618	capture	1927	MUL_MAT	MMVQ	fused	blk.29.ffn_down.weight	l_out-29	q6_K	f32	f32	9216	2560	1	1	9216	1	1	1	7560	19353600	19353600	36864	36864	36864	1	1	0	1	1
3	1788291912817660618	capture	1927	MUL_MAT	MMVQ	fused	blk.29.ffn_up.weight	ffn_swiglu-29	q4_K	f32	f32	2560	9216	1	1	2560	1	1	1	1440	13271040	13271040	10240	10240	10240	1	1	0	1	1
3	1788291912817660618	capture	1927	MUL_MAT	MMVQ	fused	blk.3.attn_output.weight	attn_residual-3	q4_K	f32	f32	4096	2560	1	1	4096	1	1	1	2304	5898240	5898240	16384	16384	16384	1	1	0	1	1
3	1788291912817660618	capture	1927	MUL_MAT	MMVQ	fused	blk.3.ffn_down.weight	l_out-3	q6_K	f32	f32	9216	2560	1	1	9216	1	1	1	7560	19353600	19353600	36864	36864	36864	1	1	0	1	1
3	1788291912817660618	capture	1927	MUL_MAT	MMVQ	fused	blk.3.ffn_up.weight	ffn_swiglu-3	q4_K	f32	f32	2560	9216	1	1	2560	1	1	1	1440	13271040	13271040	10240	10240	10240	1	1	0	1	1
3	1788291912817660618	capture	1927	MUL_MAT	MMVQ	fused	blk.30.ffn_down.weight	l_out-30	q6_K	f32	f32	9216	2560	1	1	9216	1	1	1	7560	19353600	19353600	36864	36864	36864	1	1	0	1	1
3	1788291912817660618	capture	1927	MUL_MAT	MMVQ	fused	blk.30.ffn_up.weight	ffn_swiglu-30	q4_K	f32	f32	2560	9216	1	1	2560	1	1	1	1440	13271040	13271040	10240	10240	10240	1	1	0	1	1
3	1788291912817660618	capture	1927	MUL_MAT	MMVQ	fused	blk.31.attn_output.weight	attn_residual-31	q4_K	f32	f32	4096	2560	1	1	4096	1	1	1	2304	5898240	5898240	16384	16384	16384	1	1	0	1	1
3	1788291912817660618	capture	1927	MUL_MAT	MMVQ	fused	blk.31.ffn_down.weight	l_out-31	q6_K	f32	f32	9216	2560	1	1	9216	1	1	1	7560	19353600	19353600	36864	36864	36864	1	1	0	1	1
3	1788291912817660618	capture	1927	MUL_MAT	MMVQ	fused	blk.31.ffn_up.weight	ffn_swiglu-31	q4_K	f32	f32	2560	9216	1	1	2560	1	1	1	1440	13271040	13271040	10240	10240	10240	1	1	0	1	1
3	1788291912817660618	capture	1927	MUL_MAT	MMVQ	fused	blk.4.ffn_down.weight	l_out-4	q4_K	f32	f32	9216	2560	1	1	9216	1	1	1	5184	13271040	13271040	36864	36864	36864	1	1	0	1	1
3	1788291912817660618	capture	1927	MUL_MAT	MMVQ	fused	blk.4.ffn_up.weight	ffn_swiglu-4	q4_K	f32	f32	2560	9216	1	1	2560	1	1	1	1440	13271040	13271040	10240	10240	10240	1	1	0	1	1
3	1788291912817660618	capture	1927	MUL_MAT	MMVQ	fused	blk.5.ffn_down.weight	l_out-5	q4_K	f32	f32	9216	2560	1	1	9216	1	1	1	5184	13271040	13271040	36864	36864	36864	1	1	0	1	1
3	1788291912817660618	capture	1927	MUL_MAT	MMVQ	fused	blk.5.ffn_up.weight	ffn_swiglu-5	q4_K	f32	f32	2560	9216	1	1	2560	1	1	1	1440	13271040	13271040	10240	10240	10240	1	1	0	1	1
3	1788291912817660618	capture	1927	MUL_MAT	MMVQ	fused	blk.6.ffn_down.weight	l_out-6	q6_K	f32	f32	9216	2560	1	1	9216	1	1	1	7560	19353600	19353600	36864	36864	36864	1	1	0	1	1
3	1788291912817660618	capture	1927	MUL_MAT	MMVQ	fused	blk.6.ffn_up.weight	ffn_swiglu-6	q4_K	f32	f32	2560	9216	1	1	2560	1	1	1	1440	13271040	13271040	10240	10240	10240	1	1	0	1	1
3	1788291912817660618	capture	1927	MUL_MAT	MMVQ	fused	blk.7.attn_output.weight	attn_residual-7	q4_K	f32	f32	4096	2560	1	1	4096	1	1	1	2304	5898240	5898240	16384	16384	16384	1	1	0	1	1
3	1788291912817660618	capture	1927	MUL_MAT	MMVQ	fused	blk.7.ffn_down.weight	l_out-7	q4_K	f32	f32	9216	2560	1	1	9216	1	1	1	5184	13271040	13271040	36864	36864	36864	1	1	0	1	1
3	1788291912817660618	capture	1927	MUL_MAT	MMVQ	fused	blk.7.ffn_up.weight	ffn_swiglu-7	q4_K	f32	f32	2560	9216	1	1	2560	1	1	1	1440	13271040	13271040	10240	10240	10240	1	1	0	1	1
3	1788291912817660618	capture	1927	MUL_MAT	MMVQ	fused	blk.8.ffn_down.weight	l_out-8	q4_K	f32	f32	9216	2560	1	1	9216	1	1	1	5184	13271040	13271040	36864	36864	36864	1	1	0	1	1
3	1788291912817660618	capture	1927	MUL_MAT	MMVQ	fused	blk.8.ffn_up.weight	ffn_swiglu-8	q4_K	f32	f32	2560	9216	1	1	2560	1	1	1	1440	13271040	13271040	10240	10240	10240	1	1	0	1	1
3	1788291912817660618	capture	1927	MUL_MAT	MMVQ	fused	blk.9.ffn_down.weight	l_out-9	q6_K	f32	f32	9216	2560	1	1	9216	1	1	1	7560	19353600	19353600	36864	36864	36864	1	1	0	1	1
3	1788291912817660618	capture	1927	MUL_MAT	MMVQ	fused	blk.9.ffn_up.weight	ffn_swiglu-9	q4_K	f32	f32	2560	9216	1	1	2560	1	1	1	1440	13271040	13271040	10240	10240	10240	1	1	0	1	1
4	1788291912839027159	replay	1927	-	graph_replay	-	-	-	-	-	-	-	-	-	-	-	-	-	-	-	-	-	-	-	-	-	-	-	-	1
5	1788291912848128451	replay	1927	-	graph_replay	-	-	-	-	-	-	-	-	-	-	-	-	-	-	-	-	-	-	-	-	-	-	-	-	1
6	1788291912857086114	replay	1927	-	graph_replay	-	-	-	-	-	-	-	-	-	-	-	-	-	-	-	-	-	-	-	-	-	-	-	-	1
7	1788291912865821659	replay	1927	-	graph_replay	-	-	-	-	-	-	-	-	-	-	-	-	-	-	-	-	-	-	-	-	-	-	-	-	1
8	1788291912874658625	replay	1927	-	graph_replay	-	-	-	-	-	-	-	-	-	-	-	-	-	-	-	-	-	-	-	-	-	-	-	-	1
9	1788291912884668324	replay	1927	-	graph_replay	-	-	-	-	-	-	-	-	-	-	-	-	-	-	-	-	-	-	-	-	-	-	-	-	1
10	1788291912893904029	replay	1927	-	graph_replay	-	-	-	-	-	-	-	-	-	-	-	-	-	-	-	-	-	-	-	-	-	-	-	-	1
11	1788291912902759309	replay	1927	-	graph_replay	-	-	-	-	-	-	-	-	-	-	-	-	-	-	-	-	-	-	-	-	-	-	-	-	1
12	1788291912912061860	replay	1927	-	graph_replay	-	-	-	-	-	-	-	-	-	-	-	-	-	-	-	-	-	-	-	-	-	-	-	-	1
13	1788291912920799630	replay	1927	-	graph_replay	-	-	-	-	-	-	-	-	-	-	-	-	-	-	-	-	-	-	-	-	-	-	-	-	1
14	1788291912930060151	replay	1927	-	graph_replay	-	-	-	-	-	-	-	-	-	-	-	-	-	-	-	-	-	-	-	-	-	-	-	-	1
15	1788291912939046888	replay	1927	-	graph_replay	-	-	-	-	-	-	-	-	-	-	-	-	-	-	-	-	-	-	-	-	-	-	-	-	1
16	1788291912949018266	replay	1927	-	graph_replay	-	-	-	-	-	-	-	-	-	-	-	-	-	-	-	-	-	-	-	-	-	-	-	-	1
17	1788291912957869819	replay	1927	-	graph_replay	-	-	-	-	-	-	-	-	-	-	-	-	-	-	-	-	-	-	-	-	-	-	-	-	1
18	1788291912967263621	replay	1927	-	graph_replay	-	-	-	-	-	-	-	-	-	-	-	-	-	-	-	-	-	-	-	-	-	-	-	-	1
19	1788291912976147305	replay	1927	-	graph_replay	-	-	-	-	-	-	-	-	-	-	-	-	-	-	-	-	-	-	-	-	-	-	-	-	1
20	1788291912985013636	replay	1927	-	graph_replay	-	-	-	-	-	-	-	-	-	-	-	-	-	-	-	-	-	-	-	-	-	-	-	-	1
21	1788291912993782504	replay	1927	-	graph_replay	-	-	-	-	-	-	-	-	-	-	-	-	-	-	-	-	-	-	-	-	-	-	-	-	1
22	1788291913002861154	replay	1927	-	graph_replay	-	-	-	-	-	-	-	-	-	-	-	-	-	-	-	-	-	-	-	-	-	-	-	-	1
23	1788291913012003032	replay	1927	-	graph_replay	-	-	-	-	-	-	-	-	-	-	-	-	-	-	-	-	-	-	-	-	-	-	-	-	1
24	1788291913021955023	replay	1927	-	graph_replay	-	-	-	-	-	-	-	-	-	-	-	-	-	-	-	-	-	-	-	-	-	-	-	-	1
25	1788291913031293652	replay	1927	-	graph_replay	-	-	-	-	-	-	-	-	-	-	-	-	-	-	-	-	-	-	-	-	-	-	-	-	1
26	1788291913040279868	replay	1927	-	graph_replay	-	-	-	-	-	-	-	-	-	-	-	-	-	-	-	-	-	-	-	-	-	-	-	-	1
27	1788291913049477862	replay	1927	-	graph_replay	-	-	-	-	-	-	-	-	-	-	-	-	-	-	-	-	-	-	-	-	-	-	-	-	1
28	1788291913058439031	replay	1927	-	graph_replay	-	-	-	-	-	-	-	-	-	-	-	-	-	-	-	-	-	-	-	-	-	-	-	-	1
29	1788291913067512882	replay	1927	-	graph_replay	-	-	-	-	-	-	-	-	-	-	-	-	-	-	-	-	-	-	-	-	-	-	-	-	1
30	1788291913076645283	replay	1927	-	graph_replay	-	-	-	-	-	-	-	-	-	-	-	-	-	-	-	-	-	-	-	-	-	-	-	-	1
31	1788291913086925240	replay	1927	-	graph_replay	-	-	-	-	-	-	-	-	-	-	-	-	-	-	-	-	-	-	-	-	-	-	-	-	1
32	1788291913096073561	replay	1927	-	graph_replay	-	-	-	-	-	-	-	-	-	-	-	-	-	-	-	-	-	-	-	-	-	-	-	-	1
33	1788291913165018417	eager	1927	MUL_MAT	MMQ	-	blk.0.attn_gate.weight	z-0	q4_K	f32	f32	2560	4096	1	1	2560	17	1	1	1440	5898240	5898240	10240	174080	174080	1	1	0	1	1
33	1788291913165018417	eager	1927	MUL_MAT	MMQ	-	blk.0.attn_qkv.weight	node_13	q5_K	f32	f32	2560	8192	1	1	2560	17	1	1	1760	14417920	14417920	10240	174080	174080	1	1	0	1	1
33	1788291913165018417	eager	1927	MUL_MAT	MMQ	-	blk.0.ffn_down.weight	ffn_out-0	q6_K	f32	f32	9216	2560	1	1	9216	17	1	1	7560	19353600	19353600	36864	626688	626688	1	1	0	1	1
33	1788291913165018417	eager	1927	MUL_MAT	MMQ	-	blk.0.ffn_gate.weight	ffn_gate-0	q4_K	f32	f32	2560	9216	1	1	2560	17	1	1	1440	13271040	13271040	10240	174080	174080	1	1	0	1	1
33	1788291913165018417	eager	1927	MUL_MAT	MMQ	-	blk.0.ffn_up.weight	ffn_up-0	q4_K	f32	f32	2560	9216	1	1	2560	17	1	1	1440	13271040	13271040	10240	174080	174080	1	1	0	1	1
33	1788291913165018417	eager	1927	MUL_MAT	MMQ	-	blk.0.ssm_alpha.weight	node_34	q8_0	f32	f32	2560	32	1	1	2560	17	1	1	2720	87040	87040	10240	174080	174080	1	1	0	1	1
33	1788291913165018417	eager	1927	MUL_MAT	MMQ	-	blk.0.ssm_beta.weight	node_40	q8_0	f32	f32	2560	32	1	1	2560	17	1	1	2720	87040	87040	10240	174080	174080	1	1	0	1	1
33	1788291913165018417	eager	1927	MUL_MAT	MMQ	-	blk.0.ssm_out.weight	linear_attn_out-0	q5_K	f32	f32	4096	2560	1	1	4096	17	1	1	2816	7208960	7208960	16384	278528	278528	1	1	0	1	1
33	1788291913165018417	eager	1927	MUL_MAT	MMQ	-	blk.1.attn_gate.weight	z-1	q4_K	f32	f32	2560	4096	1	1	2560	17	1	1	1440	5898240	5898240	10240	174080	174080	1	1	0	1	1
33	1788291913165018417	eager	1927	MUL_MAT	MMQ	-	blk.1.attn_qkv.weight	node_76	q5_K	f32	f32	2560	8192	1	1	2560	17	1	1	1760	14417920	14417920	10240	174080	174080	1	1	0	1	1
33	1788291913165018417	eager	1927	MUL_MAT	MMQ	-	blk.1.ffn_down.weight	ffn_out-1	q6_K	f32	f32	9216	2560	1	1	9216	17	1	1	7560	19353600	19353600	36864	626688	626688	1	1	0	1	1
33	1788291913165018417	eager	1927	MUL_MAT	MMQ	-	blk.1.ffn_gate.weight	ffn_gate-1	q4_K	f32	f32	2560	9216	1	1	2560	17	1	1	1440	13271040	13271040	10240	174080	174080	1	1	0	1	1
33	1788291913165018417	eager	1927	MUL_MAT	MMQ	-	blk.1.ffn_up.weight	ffn_up-1	q4_K	f32	f32	2560	9216	1	1	2560	17	1	1	1440	13271040	13271040	10240	174080	174080	1	1	0	1	1
33	1788291913165018417	eager	1927	MUL_MAT	MMQ	-	blk.1.ssm_alpha.weight	node_97	q8_0	f32	f32	2560	32	1	1	2560	17	1	1	2720	87040	87040	10240	174080	174080	1	1	0	1	1
33	1788291913165018417	eager	1927	MUL_MAT	MMQ	-	blk.1.ssm_beta.weight	node_103	q8_0	f32	f32	2560	32	1	1	2560	17	1	1	2720	87040	87040	10240	174080	174080	1	1	0	1	1
33	1788291913165018417	eager	1927	MUL_MAT	MMQ	-	blk.1.ssm_out.weight	linear_attn_out-1	q5_K	f32	f32	4096	2560	1	1	4096	17	1	1	2816	7208960	7208960	16384	278528	278528	1	1	0	1	1
33	1788291913165018417	eager	1927	MUL_MAT	MMQ	-	blk.10.attn_gate.weight	z-10	q4_K	f32	f32	2560	4096	1	1	2560	17	1	1	1440	5898240	5898240	10240	174080	174080	1	1	0	1	1
33	1788291913165018417	eager	1927	MUL_MAT	MMQ	-	blk.10.attn_qkv.weight	node_619	q5_K	f32	f32	2560	8192	1	1	2560	17	1	1	1760	14417920	14417920	10240	174080	174080	1	1	0	1	1
33	1788291913165018417	eager	1927	MUL_MAT	MMQ	-	blk.10.ffn_down.weight	ffn_out-10	q4_K	f32	f32	9216	2560	1	1	9216	17	1	1	5184	13271040	13271040	36864	626688	626688	1	1	0	1	1
33	1788291913165018417	eager	1927	MUL_MAT	MMQ	-	blk.10.ffn_gate.weight	ffn_gate-10	q4_K	f32	f32	2560	9216	1	1	2560	17	1	1	1440	13271040	13271040	10240	174080	174080	1	1	0	1	1
33	1788291913165018417	eager	1927	MUL_MAT	MMQ	-	blk.10.ffn_up.weight	ffn_up-10	q4_K	f32	f32	2560	9216	1	1	2560	17	1	1	1440	13271040	13271040	10240	174080	174080	1	1	0	1	1
33	1788291913165018417	eager	1927	MUL_MAT	MMQ	-	blk.10.ssm_alpha.weight	node_640	q8_0	f32	f32	2560	32	1	1	2560	17	1	1	2720	87040	87040	10240	174080	174080	1	1	0	1	1
33	1788291913165018417	eager	1927	MUL_MAT	MMQ	-	blk.10.ssm_beta.weight	node_646	q8_0	f32	f32	2560	32	1	1	2560	17	1	1	2720	87040	87040	10240	174080	174080	1	1	0	1	1
33	1788291913165018417	eager	1927	MUL_MAT	MMQ	-	blk.10.ssm_out.weight	linear_attn_out-10	q5_K	f32	f32	4096	2560	1	1	4096	17	1	1	2816	7208960	7208960	16384	278528	278528	1	1	0	1	1
33	1788291913165018417	eager	1927	MUL_MAT	MMQ	-	blk.11.attn_k.weight	Kcur-11	q4_K	f32	f32	2560	1024	1	1	2560	17	1	1	1440	1474560	1474560	10240	174080	174080	1	1	0	1	1
33	1788291913165018417	eager	1927	MUL_MAT	MMQ	-	blk.11.attn_output.weight	attn_output-11	q4_K	f32	f32	4096	2560	1	1	4096	17	1	1	2304	5898240	5898240	16384	278528	278528	1	1	0	1	1
33	1788291913165018417	eager	1927	MUL_MAT	MMQ	-	blk.11.attn_q.weight	Qcur_full-11	q4_K	f32	f32	2560	8192	1	1	2560	17	1	1	1440	11796480	11796480	10240	174080	174080	1	1	0	1	1
33	1788291913165018417	eager	1927	MUL_MAT	MMQ	-	blk.11.attn_v.weight	Vcur-11	q6_K	f32	f32	2560	1024	1	1	2560	17	1	1	2100	2150400	2150400	10240	174080	174080	1	1	0	1	1
33	1788291913165018417	eager	1927	MUL_MAT	MMQ	-	blk.11.ffn_down.weight	ffn_out-11	q4_K	f32	f32	9216	2560	1	1	9216	17	1	1	5184	13271040	13271040	36864	626688	626688	1	1	0	1	1
33	1788291913165018417	eager	1927	MUL_MAT	MMQ	-	blk.11.ffn_gate.weight	ffn_gate-11	q4_K	f32	f32	2560	9216	1	1	2560	17	1	1	1440	13271040	13271040	10240	174080	174080	1	1	0	1	1
33	1788291913165018417	eager	1927	MUL_MAT	MMQ	-	blk.11.ffn_up.weight	ffn_up-11	q4_K	f32	f32	2560	9216	1	1	2560	17	1	1	1440	13271040	13271040	10240	174080	174080	1	1	0	1	1
33	1788291913165018417	eager	1927	MUL_MAT	MMQ	-	blk.12.attn_gate.weight	z-12	q4_K	f32	f32	2560	4096	1	1	2560	17	1	1	1440	5898240	5898240	10240	174080	174080	1	1	0	1	1
33	1788291913165018417	eager	1927	MUL_MAT	MMQ	-	blk.12.attn_qkv.weight	node_733	q5_K	f32	f32	2560	8192	1	1	2560	17	1	1	1760	14417920	14417920	10240	174080	174080	1	1	0	1	1
33	1788291913165018417	eager	1927	MUL_MAT	MMQ	-	blk.12.ffn_down.weight	ffn_out-12	q6_K	f32	f32	9216	2560	1	1	9216	17	1	1	7560	19353600	19353600	36864	626688	626688	1	1	0	1	1
33	1788291913165018417	eager	1927	MUL_MAT	MMQ	-	blk.12.ffn_gate.weight	ffn_gate-12	q4_K	f32	f32	2560	9216	1	1	2560	17	1	1	1440	13271040	13271040	10240	174080	174080	1	1	0	1	1
33	1788291913165018417	eager	1927	MUL_MAT	MMQ	-	blk.12.ffn_up.weight	ffn_up-12	q4_K	f32	f32	2560	9216	1	1	2560	17	1	1	1440	13271040	13271040	10240	174080	174080	1	1	0	1	1
33	1788291913165018417	eager	1927	MUL_MAT	MMQ	-	blk.12.ssm_alpha.weight	node_754	q8_0	f32	f32	2560	32	1	1	2560	17	1	1	2720	87040	87040	10240	174080	174080	1	1	0	1	1
33	1788291913165018417	eager	1927	MUL_MAT	MMQ	-	blk.12.ssm_beta.weight	node_760	q8_0	f32	f32	2560	32	1	1	2560	17	1	1	2720	87040	87040	10240	174080	174080	1	1	0	1	1
33	1788291913165018417	eager	1927	MUL_MAT	MMQ	-	blk.12.ssm_out.weight	linear_attn_out-12	q5_K	f32	f32	4096	2560	1	1	4096	17	1	1	2816	7208960	7208960	16384	278528	278528	1	1	0	1	1
33	1788291913165018417	eager	1927	MUL_MAT	MMQ	-	blk.13.attn_gate.weight	z-13	q4_K	f32	f32	2560	4096	1	1	2560	17	1	1	1440	5898240	5898240	10240	174080	174080	1	1	0	1	1
33	1788291913165018417	eager	1927	MUL_MAT	MMQ	-	blk.13.attn_qkv.weight	node_796	q5_K	f32	f32	2560	8192	1	1	2560	17	1	1	1760	14417920	14417920	10240	174080	174080	1	1	0	1	1
33	1788291913165018417	eager	1927	MUL_MAT	MMQ	-	blk.13.ffn_down.weight	ffn_out-13	q4_K	f32	f32	9216	2560	1	1	9216	17	1	1	5184	13271040	13271040	36864	626688	626688	1	1	0	1	1
33	1788291913165018417	eager	1927	MUL_MAT	MMQ	-	blk.13.ffn_gate.weight	ffn_gate-13	q4_K	f32	f32	2560	9216	1	1	2560	17	1	1	1440	13271040	13271040	10240	174080	174080	1	1	0	1	1
33	1788291913165018417	eager	1927	MUL_MAT	MMQ	-	blk.13.ffn_up.weight	ffn_up-13	q4_K	f32	f32	2560	9216	1	1	2560	17	1	1	1440	13271040	13271040	10240	174080	174080	1	1	0	1	1
33	1788291913165018417	eager	1927	MUL_MAT	MMQ	-	blk.13.ssm_alpha.weight	node_817	q8_0	f32	f32	2560	32	1	1	2560	17	1	1	2720	87040	87040	10240	174080	174080	1	1	0	1	1
33	1788291913165018417	eager	1927	MUL_MAT	MMQ	-	blk.13.ssm_beta.weight	node_823	q8_0	f32	f32	2560	32	1	1	2560	17	1	1	2720	87040	87040	10240	174080	174080	1	1	0	1	1
33	1788291913165018417	eager	1927	MUL_MAT	MMQ	-	blk.13.ssm_out.weight	linear_attn_out-13	q5_K	f32	f32	4096	2560	1	1	4096	17	1	1	2816	7208960	7208960	16384	278528	278528	1	1	0	1	1
33	1788291913165018417	eager	1927	MUL_MAT	MMQ	-	blk.14.attn_gate.weight	z-14	q4_K	f32	f32	2560	4096	1	1	2560	17	1	1	1440	5898240	5898240	10240	174080	174080	1	1	0	1	1
33	1788291913165018417	eager	1927	MUL_MAT	MMQ	-	blk.14.attn_qkv.weight	node_859	q5_K	f32	f32	2560	8192	1	1	2560	17	1	1	1760	14417920	14417920	10240	174080	174080	1	1	0	1	1
33	1788291913165018417	eager	1927	MUL_MAT	MMQ	-	blk.14.ffn_down.weight	ffn_out-14	q4_K	f32	f32	9216	2560	1	1	9216	17	1	1	5184	13271040	13271040	36864	626688	626688	1	1	0	1	1
33	1788291913165018417	eager	1927	MUL_MAT	MMQ	-	blk.14.ffn_gate.weight	ffn_gate-14	q4_K	f32	f32	2560	9216	1	1	2560	17	1	1	1440	13271040	13271040	10240	174080	174080	1	1	0	1	1
33	1788291913165018417	eager	1927	MUL_MAT	MMQ	-	blk.14.ffn_up.weight	ffn_up-14	q4_K	f32	f32	2560	9216	1	1	2560	17	1	1	1440	13271040	13271040	10240	174080	174080	1	1	0	1	1
33	1788291913165018417	eager	1927	MUL_MAT	MMQ	-	blk.14.ssm_alpha.weight	node_880	q8_0	f32	f32	2560	32	1	1	2560	17	1	1	2720	87040	87040	10240	174080	174080	1	1	0	1	1
33	1788291913165018417	eager	1927	MUL_MAT	MMQ	-	blk.14.ssm_beta.weight	node_886	q8_0	f32	f32	2560	32	1	1	2560	17	1	1	2720	87040	87040	10240	174080	174080	1	1	0	1	1
33	1788291913165018417	eager	1927	MUL_MAT	MMQ	-	blk.14.ssm_out.weight	linear_attn_out-14	q5_K	f32	f32	4096	2560	1	1	4096	17	1	1	2816	7208960	7208960	16384	278528	278528	1	1	0	1	1
33	1788291913165018417	eager	1927	MUL_MAT	MMQ	-	blk.15.attn_k.weight	Kcur-15	q4_K	f32	f32	2560	1024	1	1	2560	17	1	1	1440	1474560	1474560	10240	174080	174080	1	1	0	1	1
33	1788291913165018417	eager	1927	MUL_MAT	MMQ	-	blk.15.attn_output.weight	attn_output-15	q4_K	f32	f32	4096	2560	1	1	4096	17	1	1	2304	5898240	5898240	16384	278528	278528	1	1	0	1	1
33	1788291913165018417	eager	1927	MUL_MAT	MMQ	-	blk.15.attn_q.weight	Qcur_full-15	q4_K	f32	f32	2560	8192	1	1	2560	17	1	1	1440	11796480	11796480	10240	174080	174080	1	1	0	1	1
33	1788291913165018417	eager	1927	MUL_MAT	MMQ	-	blk.15.attn_v.weight	Vcur-15	q6_K	f32	f32	2560	1024	1	1	2560	17	1	1	2100	2150400	2150400	10240	174080	174080	1	1	0	1	1
33	1788291913165018417	eager	1927	MUL_MAT	MMQ	-	blk.15.ffn_down.weight	ffn_out-15	q6_K	f32	f32	9216	2560	1	1	9216	17	1	1	7560	19353600	19353600	36864	626688	626688	1	1	0	1	1
33	1788291913165018417	eager	1927	MUL_MAT	MMQ	-	blk.15.ffn_gate.weight	ffn_gate-15	q4_K	f32	f32	2560	9216	1	1	2560	17	1	1	1440	13271040	13271040	10240	174080	174080	1	1	0	1	1
33	1788291913165018417	eager	1927	MUL_MAT	MMQ	-	blk.15.ffn_up.weight	ffn_up-15	q4_K	f32	f32	2560	9216	1	1	2560	17	1	1	1440	13271040	13271040	10240	174080	174080	1	1	0	1	1
33	1788291913165018417	eager	1927	MUL_MAT	MMQ	-	blk.16.attn_gate.weight	z-16	q4_K	f32	f32	2560	4096	1	1	2560	17	1	1	1440	5898240	5898240	10240	174080	174080	1	1	0	1	1
33	1788291913165018417	eager	1927	MUL_MAT	MMQ	-	blk.16.attn_qkv.weight	node_973	q5_K	f32	f32	2560	8192	1	1	2560	17	1	1	1760	14417920	14417920	10240	174080	174080	1	1	0	1	1
33	1788291913165018417	eager	1927	MUL_MAT	MMQ	-	blk.16.ffn_down.weight	ffn_out-16	q4_K	f32	f32	9216	2560	1	1	9216	17	1	1	5184	13271040	13271040	36864	626688	626688	1	1	0	1	1
33	1788291913165018417	eager	1927	MUL_MAT	MMQ	-	blk.16.ffn_gate.weight	ffn_gate-16	q4_K	f32	f32	2560	9216	1	1	2560	17	1	1	1440	13271040	13271040	10240	174080	174080	1	1	0	1	1
33	1788291913165018417	eager	1927	MUL_MAT	MMQ	-	blk.16.ffn_up.weight	ffn_up-16	q4_K	f32	f32	2560	9216	1	1	2560	17	1	1	1440	13271040	13271040	10240	174080	174080	1	1	0	1	1
33	1788291913165018417	eager	1927	MUL_MAT	MMQ	-	blk.16.ssm_alpha.weight	node_994	q8_0	f32	f32	2560	32	1	1	2560	17	1	1	2720	87040	87040	10240	174080	174080	1	1	0	1	1
33	1788291913165018417	eager	1927	MUL_MAT	MMQ	-	blk.16.ssm_beta.weight	node_1000	q8_0	f32	f32	2560	32	1	1	2560	17	1	1	2720	87040	87040	10240	174080	174080	1	1	0	1	1
33	1788291913165018417	eager	1927	MUL_MAT	MMQ	-	blk.16.ssm_out.weight	linear_attn_out-16	q5_K	f32	f32	4096	2560	1	1	4096	17	1	1	2816	7208960	7208960	16384	278528	278528	1	1	0	1	1
33	1788291913165018417	eager	1927	MUL_MAT	MMQ	-	blk.17.attn_gate.weight	z-17	q4_K	f32	f32	2560	4096	1	1	2560	17	1	1	1440	5898240	5898240	10240	174080	174080	1	1	0	1	1
33	1788291913165018417	eager	1927	MUL_MAT	MMQ	-	blk.17.attn_qkv.weight	node_1036	q5_K	f32	f32	2560	8192	1	1	2560	17	1	1	1760	14417920	14417920	10240	174080	174080	1	1	0	1	1
33	1788291913165018417	eager	1927	MUL_MAT	MMQ	-	blk.17.ffn_down.weight	ffn_out-17	q4_K	f32	f32	9216	2560	1	1	9216	17	1	1	5184	13271040	13271040	36864	626688	626688	1	1	0	1	1
33	1788291913165018417	eager	1927	MUL_MAT	MMQ	-	blk.17.ffn_gate.weight	ffn_gate-17	q4_K	f32	f32	2560	9216	1	1	2560	17	1	1	1440	13271040	13271040	10240	174080	174080	1	1	0	1	1
33	1788291913165018417	eager	1927	MUL_MAT	MMQ	-	blk.17.ffn_up.weight	ffn_up-17	q4_K	f32	f32	2560	9216	1	1	2560	17	1	1	1440	13271040	13271040	10240	174080	174080	1	1	0	1	1
33	1788291913165018417	eager	1927	MUL_MAT	MMQ	-	blk.17.ssm_alpha.weight	node_1057	q8_0	f32	f32	2560	32	1	1	2560	17	1	1	2720	87040	87040	10240	174080	174080	1	1	0	1	1
33	1788291913165018417	eager	1927	MUL_MAT	MMQ	-	blk.17.ssm_beta.weight	node_1063	q8_0	f32	f32	2560	32	1	1	2560	17	1	1	2720	87040	87040	10240	174080	174080	1	1	0	1	1
33	1788291913165018417	eager	1927	MUL_MAT	MMQ	-	blk.17.ssm_out.weight	linear_attn_out-17	q5_K	f32	f32	4096	2560	1	1	4096	17	1	1	2816	7208960	7208960	16384	278528	278528	1	1	0	1	1
33	1788291913165018417	eager	1927	MUL_MAT	MMQ	-	blk.18.attn_gate.weight	z-18	q4_K	f32	f32	2560	4096	1	1	2560	17	1	1	1440	5898240	5898240	10240	174080	174080	1	1	0	1	1
33	1788291913165018417	eager	1927	MUL_MAT	MMQ	-	blk.18.attn_qkv.weight	node_1099	q5_K	f32	f32	2560	8192	1	1	2560	17	1	1	1760	14417920	14417920	10240	174080	174080	1	1	0	1	1
33	1788291913165018417	eager	1927	MUL_MAT	MMQ	-	blk.18.ffn_down.weight	ffn_out-18	q6_K	f32	f32	9216	2560	1	1	9216	17	1	1	7560	19353600	19353600	36864	626688	626688	1	1	0	1	1
33	1788291913165018417	eager	1927	MUL_MAT	MMQ	-	blk.18.ffn_gate.weight	ffn_gate-18	q4_K	f32	f32	2560	9216	1	1	2560	17	1	1	1440	13271040	13271040	10240	174080	174080	1	1	0	1	1
33	1788291913165018417	eager	1927	MUL_MAT	MMQ	-	blk.18.ffn_up.weight	ffn_up-18	q4_K	f32	f32	2560	9216	1	1	2560	17	1	1	1440	13271040	13271040	10240	174080	174080	1	1	0	1	1
33	1788291913165018417	eager	1927	MUL_MAT	MMQ	-	blk.18.ssm_alpha.weight	node_1120	q8_0	f32	f32	2560	32	1	1	2560	17	1	1	2720	87040	87040	10240	174080	174080	1	1	0	1	1
33	1788291913165018417	eager	1927	MUL_MAT	MMQ	-	blk.18.ssm_beta.weight	node_1126	q8_0	f32	f32	2560	32	1	1	2560	17	1	1	2720	87040	87040	10240	174080	174080	1	1	0	1	1
33	1788291913165018417	eager	1927	MUL_MAT	MMQ	-	blk.18.ssm_out.weight	linear_attn_out-18	q5_K	f32	f32	4096	2560	1	1	4096	17	1	1	2816	7208960	7208960	16384	278528	278528	1	1	0	1	1
33	1788291913165018417	eager	1927	MUL_MAT	MMQ	-	blk.19.attn_k.weight	Kcur-19	q4_K	f32	f32	2560	1024	1	1	2560	17	1	1	1440	1474560	1474560	10240	174080	174080	1	1	0	1	1
33	1788291913165018417	eager	1927	MUL_MAT	MMQ	-	blk.19.attn_output.weight	attn_output-19	q4_K	f32	f32	4096	2560	1	1	4096	17	1	1	2304	5898240	5898240	16384	278528	278528	1	1	0	1	1
33	1788291913165018417	eager	1927	MUL_MAT	MMQ	-	blk.19.attn_q.weight	Qcur_full-19	q4_K	f32	f32	2560	8192	1	1	2560	17	1	1	1440	11796480	11796480	10240	174080	174080	1	1	0	1	1
33	1788291913165018417	eager	1927	MUL_MAT	MMQ	-	blk.19.attn_v.weight	Vcur-19	q4_K	f32	f32	2560	1024	1	1	2560	17	1	1	1440	1474560	1474560	10240	174080	174080	1	1	0	1	1
33	1788291913165018417	eager	1927	MUL_MAT	MMQ	-	blk.19.ffn_down.weight	ffn_out-19	q4_K	f32	f32	9216	2560	1	1	9216	17	1	1	5184	13271040	13271040	36864	626688	626688	1	1	0	1	1
33	1788291913165018417	eager	1927	MUL_MAT	MMQ	-	blk.19.ffn_gate.weight	ffn_gate-19	q4_K	f32	f32	2560	9216	1	1	2560	17	1	1	1440	13271040	13271040	10240	174080	174080	1	1	0	1	1
33	1788291913165018417	eager	1927	MUL_MAT	MMQ	-	blk.19.ffn_up.weight	ffn_up-19	q4_K	f32	f32	2560	9216	1	1	2560	17	1	1	1440	13271040	13271040	10240	174080	174080	1	1	0	1	1
33	1788291913165018417	eager	1927	MUL_MAT	MMQ	-	blk.2.attn_gate.weight	z-2	q4_K	f32	f32	2560	4096	1	1	2560	17	1	1	1440	5898240	5898240	10240	174080	174080	1	1	0	1	1
33	1788291913165018417	eager	1927	MUL_MAT	MMQ	-	blk.2.attn_qkv.weight	node_139	q5_K	f32	f32	2560	8192	1	1	2560	17	1	1	1760	14417920	14417920	10240	174080	174080	1	1	0	1	1
33	1788291913165018417	eager	1927	MUL_MAT	MMQ	-	blk.2.ffn_down.weight	ffn_out-2	q6_K	f32	f32	9216	2560	1	1	9216	17	1	1	7560	19353600	19353600	36864	626688	626688	1	1	0	1	1
33	1788291913165018417	eager	1927	MUL_MAT	MMQ	-	blk.2.ffn_gate.weight	ffn_gate-2	q4_K	f32	f32	2560	9216	1	1	2560	17	1	1	1440	13271040	13271040	10240	174080	174080	1	1	0	1	1
33	1788291913165018417	eager	1927	MUL_MAT	MMQ	-	blk.2.ffn_up.weight	ffn_up-2	q4_K	f32	f32	2560	9216	1	1	2560	17	1	1	1440	13271040	13271040	10240	174080	174080	1	1	0	1	1
33	1788291913165018417	eager	1927	MUL_MAT	MMQ	-	blk.2.ssm_alpha.weight	node_160	q8_0	f32	f32	2560	32	1	1	2560	17	1	1	2720	87040	87040	10240	174080	174080	1	1	0	1	1
33	1788291913165018417	eager	1927	MUL_MAT	MMQ	-	blk.2.ssm_beta.weight	node_166	q8_0	f32	f32	2560	32	1	1	2560	17	1	1	2720	87040	87040	10240	174080	174080	1	1	0	1	1
33	1788291913165018417	eager	1927	MUL_MAT	MMQ	-	blk.2.ssm_out.weight	linear_attn_out-2	q5_K	f32	f32	4096	2560	1	1	4096	17	1	1	2816	7208960	7208960	16384	278528	278528	1	1	0	1	1
33	1788291913165018417	eager	1927	MUL_MAT	MMQ	-	blk.20.attn_gate.weight	z-20	q4_K	f32	f32	2560	4096	1	1	2560	17	1	1	1440	5898240	5898240	10240	174080	174080	1	1	0	1	1
33	1788291913165018417	eager	1927	MUL_MAT	MMQ	-	blk.20.attn_qkv.weight	node_1213	q5_K	f32	f32	2560	8192	1	1	2560	17	1	1	1760	14417920	14417920	10240	174080	174080	1	1	0	1	1
33	1788291913165018417	eager	1927	MUL_MAT	MMQ	-	blk.20.ffn_down.weight	ffn_out-20	q4_K	f32	f32	9216	2560	1	1	9216	17	1	1	5184	13271040	13271040	36864	626688	626688	1	1	0	1	1
33	1788291913165018417	eager	1927	MUL_MAT	MMQ	-	blk.20.ffn_gate.weight	ffn_gate-20	q4_K	f32	f32	2560	9216	1	1	2560	17	1	1	1440	13271040	13271040	10240	174080	174080	1	1	0	1	1
33	1788291913165018417	eager	1927	MUL_MAT	MMQ	-	blk.20.ffn_up.weight	ffn_up-20	q4_K	f32	f32	2560	9216	1	1	2560	17	1	1	1440	13271040	13271040	10240	174080	174080	1	1	0	1	1
33	1788291913165018417	eager	1927	MUL_MAT	MMQ	-	blk.20.ssm_alpha.weight	node_1234	q8_0	f32	f32	2560	32	1	1	2560	17	1	1	2720	87040	87040	10240	174080	174080	1	1	0	1	1
33	1788291913165018417	eager	1927	MUL_MAT	MMQ	-	blk.20.ssm_beta.weight	node_1240	q8_0	f32	f32	2560	32	1	1	2560	17	1	1	2720	87040	87040	10240	174080	174080	1	1	0	1	1
33	1788291913165018417	eager	1927	MUL_MAT	MMQ	-	blk.20.ssm_out.weight	linear_attn_out-20	q5_K	f32	f32	4096	2560	1	1	4096	17	1	1	2816	7208960	7208960	16384	278528	278528	1	1	0	1	1
33	1788291913165018417	eager	1927	MUL_MAT	MMQ	-	blk.21.attn_gate.weight	z-21	q4_K	f32	f32	2560	4096	1	1	2560	17	1	1	1440	5898240	5898240	10240	174080	174080	1	1	0	1	1
33	1788291913165018417	eager	1927	MUL_MAT	MMQ	-	blk.21.attn_qkv.weight	node_1276	q5_K	f32	f32	2560	8192	1	1	2560	17	1	1	1760	14417920	14417920	10240	174080	174080	1	1	0	1	1
33	1788291913165018417	eager	1927	MUL_MAT	MMQ	-	blk.21.ffn_down.weight	ffn_out-21	q6_K	f32	f32	9216	2560	1	1	9216	17	1	1	7560	19353600	19353600	36864	626688	626688	1	1	0	1	1
33	1788291913165018417	eager	1927	MUL_MAT	MMQ	-	blk.21.ffn_gate.weight	ffn_gate-21	q4_K	f32	f32	2560	9216	1	1	2560	17	1	1	1440	13271040	13271040	10240	174080	174080	1	1	0	1	1
33	1788291913165018417	eager	1927	MUL_MAT	MMQ	-	blk.21.ffn_up.weight	ffn_up-21	q4_K	f32	f32	2560	9216	1	1	2560	17	1	1	1440	13271040	13271040	10240	174080	174080	1	1	0	1	1
33	1788291913165018417	eager	1927	MUL_MAT	MMQ	-	blk.21.ssm_alpha.weight	node_1297	q8_0	f32	f32	2560	32	1	1	2560	17	1	1	2720	87040	87040	10240	174080	174080	1	1	0	1	1
33	1788291913165018417	eager	1927	MUL_MAT	MMQ	-	blk.21.ssm_beta.weight	node_1303	q8_0	f32	f32	2560	32	1	1	2560	17	1	1	2720	87040	87040	10240	174080	174080	1	1	0	1	1
33	1788291913165018417	eager	1927	MUL_MAT	MMQ	-	blk.21.ssm_out.weight	linear_attn_out-21	q5_K	f32	f32	4096	2560	1	1	4096	17	1	1	2816	7208960	7208960	16384	278528	278528	1	1	0	1	1
33	1788291913165018417	eager	1927	MUL_MAT	MMQ	-	blk.22.attn_gate.weight	z-22	q4_K	f32	f32	2560	4096	1	1	2560	17	1	1	1440	5898240	5898240	10240	174080	174080	1	1	0	1	1
33	1788291913165018417	eager	1927	MUL_MAT	MMQ	-	blk.22.attn_qkv.weight	node_1339	q5_K	f32	f32	2560	8192	1	1	2560	17	1	1	1760	14417920	14417920	10240	174080	174080	1	1	0	1	1
33	1788291913165018417	eager	1927	MUL_MAT	MMQ	-	blk.22.ffn_down.weight	ffn_out-22	q4_K	f32	f32	9216	2560	1	1	9216	17	1	1	5184	13271040	13271040	36864	626688	626688	1	1	0	1	1
33	1788291913165018417	eager	1927	MUL_MAT	MMQ	-	blk.22.ffn_gate.weight	ffn_gate-22	q4_K	f32	f32	2560	9216	1	1	2560	17	1	1	1440	13271040	13271040	10240	174080	174080	1	1	0	1	1
33	1788291913165018417	eager	1927	MUL_MAT	MMQ	-	blk.22.ffn_up.weight	ffn_up-22	q4_K	f32	f32	2560	9216	1	1	2560	17	1	1	1440	13271040	13271040	10240	174080	174080	1	1	0	1	1
33	1788291913165018417	eager	1927	MUL_MAT	MMQ	-	blk.22.ssm_alpha.weight	node_1360	q8_0	f32	f32	2560	32	1	1	2560	17	1	1	2720	87040	87040	10240	174080	174080	1	1	0	1	1
33	1788291913165018417	eager	1927	MUL_MAT	MMQ	-	blk.22.ssm_beta.weight	node_1366	q8_0	f32	f32	2560	32	1	1	2560	17	1	1	2720	87040	87040	10240	174080	174080	1	1	0	1	1
33	1788291913165018417	eager	1927	MUL_MAT	MMQ	-	blk.22.ssm_out.weight	linear_attn_out-22	q5_K	f32	f32	4096	2560	1	1	4096	17	1	1	2816	7208960	7208960	16384	278528	278528	1	1	0	1	1
33	1788291913165018417	eager	1927	MUL_MAT	MMQ	-	blk.23.attn_k.weight	Kcur-23	q4_K	f32	f32	2560	1024	1	1	2560	17	1	1	1440	1474560	1474560	10240	174080	174080	1	1	0	1	1
33	1788291913165018417	eager	1927	MUL_MAT	MMQ	-	blk.23.attn_output.weight	attn_output-23	q4_K	f32	f32	4096	2560	1	1	4096	17	1	1	2304	5898240	5898240	16384	278528	278528	1	1	0	1	1
33	1788291913165018417	eager	1927	MUL_MAT	MMQ	-	blk.23.attn_q.weight	Qcur_full-23	q4_K	f32	f32	2560	8192	1	1	2560	17	1	1	1440	11796480	11796480	10240	174080	174080	1	1	0	1	1
33	1788291913165018417	eager	1927	MUL_MAT	MMQ	-	blk.23.attn_v.weight	Vcur-23	q4_K	f32	f32	2560	1024	1	1	2560	17	1	1	1440	1474560	1474560	10240	174080	174080	1	1	0	1	1
33	1788291913165018417	eager	1927	MUL_MAT	MMQ	-	blk.23.ffn_down.weight	ffn_out-23	q4_K	f32	f32	9216	2560	1	1	9216	17	1	1	5184	13271040	13271040	36864	626688	626688	1	1	0	1	1
33	1788291913165018417	eager	1927	MUL_MAT	MMQ	-	blk.23.ffn_gate.weight	ffn_gate-23	q4_K	f32	f32	2560	9216	1	1	2560	17	1	1	1440	13271040	13271040	10240	174080	174080	1	1	0	1	1
33	1788291913165018417	eager	1927	MUL_MAT	MMQ	-	blk.23.ffn_up.weight	ffn_up-23	q4_K	f32	f32	2560	9216	1	1	2560	17	1	1	1440	13271040	13271040	10240	174080	174080	1	1	0	1	1
33	1788291913165018417	eager	1927	MUL_MAT	MMQ	-	blk.24.attn_gate.weight	z-24	q4_K	f32	f32	2560	4096	1	1	2560	17	1	1	1440	5898240	5898240	10240	174080	174080	1	1	0	1	1
33	1788291913165018417	eager	1927	MUL_MAT	MMQ	-	blk.24.attn_qkv.weight	node_1453	q5_K	f32	f32	2560	8192	1	1	2560	17	1	1	1760	14417920	14417920	10240	174080	174080	1	1	0	1	1
33	1788291913165018417	eager	1927	MUL_MAT	MMQ	-	blk.24.ffn_down.weight	ffn_out-24	q6_K	f32	f32	9216	2560	1	1	9216	17	1	1	7560	19353600	19353600	36864	626688	626688	1	1	0	1	1
33	1788291913165018417	eager	1927	MUL_MAT	MMQ	-	blk.24.ffn_gate.weight	ffn_gate-24	q4_K	f32	f32	2560	9216	1	1	2560	17	1	1	1440	13271040	13271040	10240	174080	174080	1	1	0	1	1
33	1788291913165018417	eager	1927	MUL_MAT	MMQ	-	blk.24.ffn_up.weight	ffn_up-24	q4_K	f32	f32	2560	9216	1	1	2560	17	1	1	1440	13271040	13271040	10240	174080	174080	1	1	0	1	1
33	1788291913165018417	eager	1927	MUL_MAT	MMQ	-	blk.24.ssm_alpha.weight	node_1474	q8_0	f32	f32	2560	32	1	1	2560	17	1	1	2720	87040	87040	10240	174080	174080	1	1	0	1	1
33	1788291913165018417	eager	1927	MUL_MAT	MMQ	-	blk.24.ssm_beta.weight	node_1480	q8_0	f32	f32	2560	32	1	1	2560	17	1	1	2720	87040	87040	10240	174080	174080	1	1	0	1	1
33	1788291913165018417	eager	1927	MUL_MAT	MMQ	-	blk.24.ssm_out.weight	linear_attn_out-24	q5_K	f32	f32	4096	2560	1	1	4096	17	1	1	2816	7208960	7208960	16384	278528	278528	1	1	0	1	1
33	1788291913165018417	eager	1927	MUL_MAT	MMQ	-	blk.25.attn_gate.weight	z-25	q4_K	f32	f32	2560	4096	1	1	2560	17	1	1	1440	5898240	5898240	10240	174080	174080	1	1	0	1	1
33	1788291913165018417	eager	1927	MUL_MAT	MMQ	-	blk.25.attn_qkv.weight	node_1516	q5_K	f32	f32	2560	8192	1	1	2560	17	1	1	1760	14417920	14417920	10240	174080	174080	1	1	0	1	1
33	1788291913165018417	eager	1927	MUL_MAT	MMQ	-	blk.25.ffn_down.weight	ffn_out-25	q4_K	f32	f32	9216	2560	1	1	9216	17	1	1	5184	13271040	13271040	36864	626688	626688	1	1	0	1	1
33	1788291913165018417	eager	1927	MUL_MAT	MMQ	-	blk.25.ffn_gate.weight	ffn_gate-25	q4_K	f32	f32	2560	9216	1	1	2560	17	1	1	1440	13271040	13271040	10240	174080	174080	1	1	0	1	1
33	1788291913165018417	eager	1927	MUL_MAT	MMQ	-	blk.25.ffn_up.weight	ffn_up-25	q4_K	f32	f32	2560	9216	1	1	2560	17	1	1	1440	13271040	13271040	10240	174080	174080	1	1	0	1	1
33	1788291913165018417	eager	1927	MUL_MAT	MMQ	-	blk.25.ssm_alpha.weight	node_1537	q8_0	f32	f32	2560	32	1	1	2560	17	1	1	2720	87040	87040	10240	174080	174080	1	1	0	1	1
33	1788291913165018417	eager	1927	MUL_MAT	MMQ	-	blk.25.ssm_beta.weight	node_1543	q8_0	f32	f32	2560	32	1	1	2560	17	1	1	2720	87040	87040	10240	174080	174080	1	1	0	1	1
33	1788291913165018417	eager	1927	MUL_MAT	MMQ	-	blk.25.ssm_out.weight	linear_attn_out-25	q5_K	f32	f32	4096	2560	1	1	4096	17	1	1	2816	7208960	7208960	16384	278528	278528	1	1	0	1	1
33	1788291913165018417	eager	1927	MUL_MAT	MMQ	-	blk.26.attn_gate.weight	z-26	q4_K	f32	f32	2560	4096	1	1	2560	17	1	1	1440	5898240	5898240	10240	174080	174080	1	1	0	1	1
33	1788291913165018417	eager	1927	MUL_MAT	MMQ	-	blk.26.attn_qkv.weight	node_1579	q5_K	f32	f32	2560	8192	1	1	2560	17	1	1	1760	14417920	14417920	10240	174080	174080	1	1	0	1	1
33	1788291913165018417	eager	1927	MUL_MAT	MMQ	-	blk.26.ffn_down.weight	ffn_out-26	q4_K	f32	f32	9216	2560	1	1	9216	17	1	1	5184	13271040	13271040	36864	626688	626688	1	1	0	1	1
33	1788291913165018417	eager	1927	MUL_MAT	MMQ	-	blk.26.ffn_gate.weight	ffn_gate-26	q4_K	f32	f32	2560	9216	1	1	2560	17	1	1	1440	13271040	13271040	10240	174080	174080	1	1	0	1	1
33	1788291913165018417	eager	1927	MUL_MAT	MMQ	-	blk.26.ffn_up.weight	ffn_up-26	q4_K	f32	f32	2560	9216	1	1	2560	17	1	1	1440	13271040	13271040	10240	174080	174080	1	1	0	1	1
33	1788291913165018417	eager	1927	MUL_MAT	MMQ	-	blk.26.ssm_alpha.weight	node_1600	q8_0	f32	f32	2560	32	1	1	2560	17	1	1	2720	87040	87040	10240	174080	174080	1	1	0	1	1
33	1788291913165018417	eager	1927	MUL_MAT	MMQ	-	blk.26.ssm_beta.weight	node_1606	q8_0	f32	f32	2560	32	1	1	2560	17	1	1	2720	87040	87040	10240	174080	174080	1	1	0	1	1
33	1788291913165018417	eager	1927	MUL_MAT	MMQ	-	blk.26.ssm_out.weight	linear_attn_out-26	q5_K	f32	f32	4096	2560	1	1	4096	17	1	1	2816	7208960	7208960	16384	278528	278528	1	1	0	1	1
33	1788291913165018417	eager	1927	MUL_MAT	MMQ	-	blk.27.attn_k.weight	Kcur-27	q4_K	f32	f32	2560	1024	1	1	2560	17	1	1	1440	1474560	1474560	10240	174080	174080	1	1	0	1	1
33	1788291913165018417	eager	1927	MUL_MAT	MMQ	-	blk.27.attn_output.weight	attn_output-27	q4_K	f32	f32	4096	2560	1	1	4096	17	1	1	2304	5898240	5898240	16384	278528	278528	1	1	0	1	1
33	1788291913165018417	eager	1927	MUL_MAT	MMQ	-	blk.27.attn_q.weight	Qcur_full-27	q4_K	f32	f32	2560	8192	1	1	2560	17	1	1	1440	11796480	11796480	10240	174080	174080	1	1	0	1	1
33	1788291913165018417	eager	1927	MUL_MAT	MMQ	-	blk.27.attn_v.weight	Vcur-27	q6_K	f32	f32	2560	1024	1	1	2560	17	1	1	2100	2150400	2150400	10240	174080	174080	1	1	0	1	1
33	1788291913165018417	eager	1927	MUL_MAT	MMQ	-	blk.27.ffn_down.weight	ffn_out-27	q6_K	f32	f32	9216	2560	1	1	9216	17	1	1	7560	19353600	19353600	36864	626688	626688	1	1	0	1	1
33	1788291913165018417	eager	1927	MUL_MAT	MMQ	-	blk.27.ffn_gate.weight	ffn_gate-27	q4_K	f32	f32	2560	9216	1	1	2560	17	1	1	1440	13271040	13271040	10240	174080	174080	1	1	0	1	1
33	1788291913165018417	eager	1927	MUL_MAT	MMQ	-	blk.27.ffn_up.weight	ffn_up-27	q4_K	f32	f32	2560	9216	1	1	2560	17	1	1	1440	13271040	13271040	10240	174080	174080	1	1	0	1	1
33	1788291913165018417	eager	1927	MUL_MAT	MMQ	-	blk.28.attn_gate.weight	z-28	q4_K	f32	f32	2560	4096	1	1	2560	17	1	1	1440	5898240	5898240	10240	174080	174080	1	1	0	1	1
33	1788291913165018417	eager	1927	MUL_MAT	MMQ	-	blk.28.attn_qkv.weight	node_1693	q5_K	f32	f32	2560	8192	1	1	2560	17	1	1	1760	14417920	14417920	10240	174080	174080	1	1	0	1	1
33	1788291913165018417	eager	1927	MUL_MAT	MMQ	-	blk.28.ffn_down.weight	ffn_out-28	q6_K	f32	f32	9216	2560	1	1	9216	17	1	1	7560	19353600	19353600	36864	626688	626688	1	1	0	1	1
33	1788291913165018417	eager	1927	MUL_MAT	MMQ	-	blk.28.ffn_gate.weight	ffn_gate-28	q4_K	f32	f32	2560	9216	1	1	2560	17	1	1	1440	13271040	13271040	10240	174080	174080	1	1	0	1	1
33	1788291913165018417	eager	1927	MUL_MAT	MMQ	-	blk.28.ffn_up.weight	ffn_up-28	q4_K	f32	f32	2560	9216	1	1	2560	17	1	1	1440	13271040	13271040	10240	174080	174080	1	1	0	1	1
33	1788291913165018417	eager	1927	MUL_MAT	MMQ	-	blk.28.ssm_alpha.weight	node_1714	q8_0	f32	f32	2560	32	1	1	2560	17	1	1	2720	87040	87040	10240	174080	174080	1	1	0	1	1
33	1788291913165018417	eager	1927	MUL_MAT	MMQ	-	blk.28.ssm_beta.weight	node_1720	q8_0	f32	f32	2560	32	1	1	2560	17	1	1	2720	87040	87040	10240	174080	174080	1	1	0	1	1
33	1788291913165018417	eager	1927	MUL_MAT	MMQ	-	blk.28.ssm_out.weight	linear_attn_out-28	q5_K	f32	f32	4096	2560	1	1	4096	17	1	1	2816	7208960	7208960	16384	278528	278528	1	1	0	1	1
33	1788291913165018417	eager	1927	MUL_MAT	MMQ	-	blk.29.attn_gate.weight	z-29	q4_K	f32	f32	2560	4096	1	1	2560	17	1	1	1440	5898240	5898240	10240	174080	174080	1	1	0	1	1
33	1788291913165018417	eager	1927	MUL_MAT	MMQ	-	blk.29.attn_qkv.weight	node_1756	q5_K	f32	f32	2560	8192	1	1	2560	17	1	1	1760	14417920	14417920	10240	174080	174080	1	1	0	1	1
33	1788291913165018417	eager	1927	MUL_MAT	MMQ	-	blk.29.ffn_down.weight	ffn_out-29	q6_K	f32	f32	9216	2560	1	1	9216	17	1	1	7560	19353600	19353600	36864	626688	626688	1	1	0	1	1
33	1788291913165018417	eager	1927	MUL_MAT	MMQ	-	blk.29.ffn_gate.weight	ffn_gate-29	q4_K	f32	f32	2560	9216	1	1	2560	17	1	1	1440	13271040	13271040	10240	174080	174080	1	1	0	1	1
33	1788291913165018417	eager	1927	MUL_MAT	MMQ	-	blk.29.ffn_up.weight	ffn_up-29	q4_K	f32	f32	2560	9216	1	1	2560	17	1	1	1440	13271040	13271040	10240	174080	174080	1	1	0	1	1
33	1788291913165018417	eager	1927	MUL_MAT	MMQ	-	blk.29.ssm_alpha.weight	node_1777	q8_0	f32	f32	2560	32	1	1	2560	17	1	1	2720	87040	87040	10240	174080	174080	1	1	0	1	1
33	1788291913165018417	eager	1927	MUL_MAT	MMQ	-	blk.29.ssm_beta.weight	node_1783	q8_0	f32	f32	2560	32	1	1	2560	17	1	1	2720	87040	87040	10240	174080	174080	1	1	0	1	1
33	1788291913165018417	eager	1927	MUL_MAT	MMQ	-	blk.29.ssm_out.weight	linear_attn_out-29	q5_K	f32	f32	4096	2560	1	1	4096	17	1	1	2816	7208960	7208960	16384	278528	278528	1	1	0	1	1
33	1788291913165018417	eager	1927	MUL_MAT	MMQ	-	blk.3.attn_k.weight	Kcur-3	q4_K	f32	f32	2560	1024	1	1	2560	17	1	1	1440	1474560	1474560	10240	174080	174080	1	1	0	1	1
33	1788291913165018417	eager	1927	MUL_MAT	MMQ	-	blk.3.attn_output.weight	attn_output-3	q4_K	f32	f32	4096	2560	1	1	4096	17	1	1	2304	5898240	5898240	16384	278528	278528	1	1	0	1	1
33	1788291913165018417	eager	1927	MUL_MAT	MMQ	-	blk.3.attn_q.weight	Qcur_full-3	q4_K	f32	f32	2560	8192	1	1	2560	17	1	1	1440	11796480	11796480	10240	174080	174080	1	1	0	1	1
33	1788291913165018417	eager	1927	MUL_MAT	MMQ	-	blk.3.attn_v.weight	Vcur-3	q6_K	f32	f32	2560	1024	1	1	2560	17	1	1	2100	2150400	2150400	10240	174080	174080	1	1	0	1	1
33	1788291913165018417	eager	1927	MUL_MAT	MMQ	-	blk.3.ffn_down.weight	ffn_out-3	q6_K	f32	f32	9216	2560	1	1	9216	17	1	1	7560	19353600	19353600	36864	626688	626688	1	1	0	1	1
33	1788291913165018417	eager	1927	MUL_MAT	MMQ	-	blk.3.ffn_gate.weight	ffn_gate-3	q4_K	f32	f32	2560	9216	1	1	2560	17	1	1	1440	13271040	13271040	10240	174080	174080	1	1	0	1	1
33	1788291913165018417	eager	1927	MUL_MAT	MMQ	-	blk.3.ffn_up.weight	ffn_up-3	q4_K	f32	f32	2560	9216	1	1	2560	17	1	1	1440	13271040	13271040	10240	174080	174080	1	1	0	1	1
33	1788291913165018417	eager	1927	MUL_MAT	MMQ	-	blk.30.attn_gate.weight	z-30	q4_K	f32	f32	2560	4096	1	1	2560	17	1	1	1440	5898240	5898240	10240	174080	174080	1	1	0	1	1
33	1788291913165018417	eager	1927	MUL_MAT	MMQ	-	blk.30.attn_qkv.weight	node_1819	q5_K	f32	f32	2560	8192	1	1	2560	17	1	1	1760	14417920	14417920	10240	174080	174080	1	1	0	1	1
33	1788291913165018417	eager	1927	MUL_MAT	MMQ	-	blk.30.ffn_down.weight	ffn_out-30	q6_K	f32	f32	9216	2560	1	1	9216	17	1	1	7560	19353600	19353600	36864	626688	626688	1	1	0	1	1
33	1788291913165018417	eager	1927	MUL_MAT	MMQ	-	blk.30.ffn_gate.weight	ffn_gate-30	q4_K	f32	f32	2560	9216	1	1	2560	17	1	1	1440	13271040	13271040	10240	174080	174080	1	1	0	1	1
33	1788291913165018417	eager	1927	MUL_MAT	MMQ	-	blk.30.ffn_up.weight	ffn_up-30	q4_K	f32	f32	2560	9216	1	1	2560	17	1	1	1440	13271040	13271040	10240	174080	174080	1	1	0	1	1
33	1788291913165018417	eager	1927	MUL_MAT	MMQ	-	blk.30.ssm_alpha.weight	node_1840	q8_0	f32	f32	2560	32	1	1	2560	17	1	1	2720	87040	87040	10240	174080	174080	1	1	0	1	1
33	1788291913165018417	eager	1927	MUL_MAT	MMQ	-	blk.30.ssm_beta.weight	node_1846	q8_0	f32	f32	2560	32	1	1	2560	17	1	1	2720	87040	87040	10240	174080	174080	1	1	0	1	1
33	1788291913165018417	eager	1927	MUL_MAT	MMQ	-	blk.30.ssm_out.weight	linear_attn_out-30	q5_K	f32	f32	4096	2560	1	1	4096	17	1	1	2816	7208960	7208960	16384	278528	278528	1	1	0	1	1
33	1788291913165018417	eager	1927	MUL_MAT	MMQ	-	blk.31.attn_k.weight	Kcur-31	q4_K	f32	f32	2560	1024	1	1	2560	17	1	1	1440	1474560	1474560	10240	174080	174080	1	1	0	1	1
33	1788291913165018417	eager	1927	MUL_MAT	MMQ	-	blk.31.attn_output.weight	attn_output-31	q4_K	f32	f32	4096	2560	1	1	4096	17	1	1	2304	5898240	5898240	16384	278528	278528	1	1	0	1	1
33	1788291913165018417	eager	1927	MUL_MAT	MMQ	-	blk.31.attn_q.weight	Qcur_full-31	q4_K	f32	f32	2560	8192	1	1	2560	17	1	1	1440	11796480	11796480	10240	174080	174080	1	1	0	1	1
33	1788291913165018417	eager	1927	MUL_MAT	MMQ	-	blk.31.attn_v.weight	Vcur-31	q4_K	f32	f32	2560	1024	1	1	2560	17	1	1	1440	1474560	1474560	10240	174080	174080	1	1	0	1	1
33	1788291913165018417	eager	1927	MUL_MAT	MMQ	-	blk.31.ffn_down.weight	ffn_out-31	q6_K	f32	f32	9216	2560	1	1	9216	17	1	1	7560	19353600	19353600	36864	626688	626688	1	1	0	1	1
33	1788291913165018417	eager	1927	MUL_MAT	MMQ	-	blk.31.ffn_gate.weight	ffn_gate-31	q4_K	f32	f32	2560	9216	1	1	2560	17	1	1	1440	13271040	13271040	10240	174080	174080	1	1	0	1	1
33	1788291913165018417	eager	1927	MUL_MAT	MMQ	-	blk.31.ffn_up.weight	ffn_up-31	q4_K	f32	f32	2560	9216	1	1	2560	17	1	1	1440	13271040	13271040	10240	174080	174080	1	1	0	1	1
33	1788291913165018417	eager	1927	MUL_MAT	MMQ	-	blk.4.attn_gate.weight	z-4	q4_K	f32	f32	2560	4096	1	1	2560	17	1	1	1440	5898240	5898240	10240	174080	174080	1	1	0	1	1
33	1788291913165018417	eager	1927	MUL_MAT	MMQ	-	blk.4.attn_qkv.weight	node_253	q5_K	f32	f32	2560	8192	1	1	2560	17	1	1	1760	14417920	14417920	10240	174080	174080	1	1	0	1	1
33	1788291913165018417	eager	1927	MUL_MAT	MMQ	-	blk.4.ffn_down.weight	ffn_out-4	q4_K	f32	f32	9216	2560	1	1	9216	17	1	1	5184	13271040	13271040	36864	626688	626688	1	1	0	1	1
33	1788291913165018417	eager	1927	MUL_MAT	MMQ	-	blk.4.ffn_gate.weight	ffn_gate-4	q4_K	f32	f32	2560	9216	1	1	2560	17	1	1	1440	13271040	13271040	10240	174080	174080	1	1	0	1	1
33	1788291913165018417	eager	1927	MUL_MAT	MMQ	-	blk.4.ffn_up.weight	ffn_up-4	q4_K	f32	f32	2560	9216	1	1	2560	17	1	1	1440	13271040	13271040	10240	174080	174080	1	1	0	1	1
33	1788291913165018417	eager	1927	MUL_MAT	MMQ	-	blk.4.ssm_alpha.weight	node_274	q8_0	f32	f32	2560	32	1	1	2560	17	1	1	2720	87040	87040	10240	174080	174080	1	1	0	1	1
33	1788291913165018417	eager	1927	MUL_MAT	MMQ	-	blk.4.ssm_beta.weight	node_280	q8_0	f32	f32	2560	32	1	1	2560	17	1	1	2720	87040	87040	10240	174080	174080	1	1	0	1	1
33	1788291913165018417	eager	1927	MUL_MAT	MMQ	-	blk.4.ssm_out.weight	linear_attn_out-4	q5_K	f32	f32	4096	2560	1	1	4096	17	1	1	2816	7208960	7208960	16384	278528	278528	1	1	0	1	1
33	1788291913165018417	eager	1927	MUL_MAT	MMQ	-	blk.5.attn_gate.weight	z-5	q4_K	f32	f32	2560	4096	1	1	2560	17	1	1	1440	5898240	5898240	10240	174080	174080	1	1	0	1	1
33	1788291913165018417	eager	1927	MUL_MAT	MMQ	-	blk.5.attn_qkv.weight	node_316	q5_K	f32	f32	2560	8192	1	1	2560	17	1	1	1760	14417920	14417920	10240	174080	174080	1	1	0	1	1
33	1788291913165018417	eager	1927	MUL_MAT	MMQ	-	blk.5.ffn_down.weight	ffn_out-5	q4_K	f32	f32	9216	2560	1	1	9216	17	1	1	5184	13271040	13271040	36864	626688	626688	1	1	0	1	1
33	1788291913165018417	eager	1927	MUL_MAT	MMQ	-	blk.5.ffn_gate.weight	ffn_gate-5	q4_K	f32	f32	2560	9216	1	1	2560	17	1	1	1440	13271040	13271040	10240	174080	174080	1	1	0	1	1
33	1788291913165018417	eager	1927	MUL_MAT	MMQ	-	blk.5.ffn_up.weight	ffn_up-5	q4_K	f32	f32	2560	9216	1	1	2560	17	1	1	1440	13271040	13271040	10240	174080	174080	1	1	0	1	1
33	1788291913165018417	eager	1927	MUL_MAT	MMQ	-	blk.5.ssm_alpha.weight	node_337	q8_0	f32	f32	2560	32	1	1	2560	17	1	1	2720	87040	87040	10240	174080	174080	1	1	0	1	1
33	1788291913165018417	eager	1927	MUL_MAT	MMQ	-	blk.5.ssm_beta.weight	node_343	q8_0	f32	f32	2560	32	1	1	2560	17	1	1	2720	87040	87040	10240	174080	174080	1	1	0	1	1
33	1788291913165018417	eager	1927	MUL_MAT	MMQ	-	blk.5.ssm_out.weight	linear_attn_out-5	q5_K	f32	f32	4096	2560	1	1	4096	17	1	1	2816	7208960	7208960	16384	278528	278528	1	1	0	1	1
33	1788291913165018417	eager	1927	MUL_MAT	MMQ	-	blk.6.attn_gate.weight	z-6	q4_K	f32	f32	2560	4096	1	1	2560	17	1	1	1440	5898240	5898240	10240	174080	174080	1	1	0	1	1
33	1788291913165018417	eager	1927	MUL_MAT	MMQ	-	blk.6.attn_qkv.weight	node_379	q5_K	f32	f32	2560	8192	1	1	2560	17	1	1	1760	14417920	14417920	10240	174080	174080	1	1	0	1	1
33	1788291913165018417	eager	1927	MUL_MAT	MMQ	-	blk.6.ffn_down.weight	ffn_out-6	q6_K	f32	f32	9216	2560	1	1	9216	17	1	1	7560	19353600	19353600	36864	626688	626688	1	1	0	1	1
33	1788291913165018417	eager	1927	MUL_MAT	MMQ	-	blk.6.ffn_gate.weight	ffn_gate-6	q4_K	f32	f32	2560	9216	1	1	2560	17	1	1	1440	13271040	13271040	10240	174080	174080	1	1	0	1	1
33	1788291913165018417	eager	1927	MUL_MAT	MMQ	-	blk.6.ffn_up.weight	ffn_up-6	q4_K	f32	f32	2560	9216	1	1	2560	17	1	1	1440	13271040	13271040	10240	174080	174080	1	1	0	1	1
33	1788291913165018417	eager	1927	MUL_MAT	MMQ	-	blk.6.ssm_alpha.weight	node_400	q8_0	f32	f32	2560	32	1	1	2560	17	1	1	2720	87040	87040	10240	174080	174080	1	1	0	1	1
33	1788291913165018417	eager	1927	MUL_MAT	MMQ	-	blk.6.ssm_beta.weight	node_406	q8_0	f32	f32	2560	32	1	1	2560	17	1	1	2720	87040	87040	10240	174080	174080	1	1	0	1	1
33	1788291913165018417	eager	1927	MUL_MAT	MMQ	-	blk.6.ssm_out.weight	linear_attn_out-6	q5_K	f32	f32	4096	2560	1	1	4096	17	1	1	2816	7208960	7208960	16384	278528	278528	1	1	0	1	1
33	1788291913165018417	eager	1927	MUL_MAT	MMQ	-	blk.7.attn_k.weight	Kcur-7	q4_K	f32	f32	2560	1024	1	1	2560	17	1	1	1440	1474560	1474560	10240	174080	174080	1	1	0	1	1
33	1788291913165018417	eager	1927	MUL_MAT	MMQ	-	blk.7.attn_output.weight	attn_output-7	q4_K	f32	f32	4096	2560	1	1	4096	17	1	1	2304	5898240	5898240	16384	278528	278528	1	1	0	1	1
33	1788291913165018417	eager	1927	MUL_MAT	MMQ	-	blk.7.attn_q.weight	Qcur_full-7	q4_K	f32	f32	2560	8192	1	1	2560	17	1	1	1440	11796480	11796480	10240	174080	174080	1	1	0	1	1
33	1788291913165018417	eager	1927	MUL_MAT	MMQ	-	blk.7.attn_v.weight	Vcur-7	q6_K	f32	f32	2560	1024	1	1	2560	17	1	1	2100	2150400	2150400	10240	174080	174080	1	1	0	1	1
33	1788291913165018417	eager	1927	MUL_MAT	MMQ	-	blk.7.ffn_down.weight	ffn_out-7	q4_K	f32	f32	9216	2560	1	1	9216	17	1	1	5184	13271040	13271040	36864	626688	626688	1	1	0	1	1
33	1788291913165018417	eager	1927	MUL_MAT	MMQ	-	blk.7.ffn_gate.weight	ffn_gate-7	q4_K	f32	f32	2560	9216	1	1	2560	17	1	1	1440	13271040	13271040	10240	174080	174080	1	1	0	1	1
33	1788291913165018417	eager	1927	MUL_MAT	MMQ	-	blk.7.ffn_up.weight	ffn_up-7	q4_K	f32	f32	2560	9216	1	1	2560	17	1	1	1440	13271040	13271040	10240	174080	174080	1	1	0	1	1
33	1788291913165018417	eager	1927	MUL_MAT	MMQ	-	blk.8.attn_gate.weight	z-8	q4_K	f32	f32	2560	4096	1	1	2560	17	1	1	1440	5898240	5898240	10240	174080	174080	1	1	0	1	1
33	1788291913165018417	eager	1927	MUL_MAT	MMQ	-	blk.8.attn_qkv.weight	node_493	q5_K	f32	f32	2560	8192	1	1	2560	17	1	1	1760	14417920	14417920	10240	174080	174080	1	1	0	1	1
33	1788291913165018417	eager	1927	MUL_MAT	MMQ	-	blk.8.ffn_down.weight	ffn_out-8	q4_K	f32	f32	9216	2560	1	1	9216	17	1	1	5184	13271040	13271040	36864	626688	626688	1	1	0	1	1
33	1788291913165018417	eager	1927	MUL_MAT	MMQ	-	blk.8.ffn_gate.weight	ffn_gate-8	q4_K	f32	f32	2560	9216	1	1	2560	17	1	1	1440	13271040	13271040	10240	174080	174080	1	1	0	1	1
33	1788291913165018417	eager	1927	MUL_MAT	MMQ	-	blk.8.ffn_up.weight	ffn_up-8	q4_K	f32	f32	2560	9216	1	1	2560	17	1	1	1440	13271040	13271040	10240	174080	174080	1	1	0	1	1
33	1788291913165018417	eager	1927	MUL_MAT	MMQ	-	blk.8.ssm_alpha.weight	node_514	q8_0	f32	f32	2560	32	1	1	2560	17	1	1	2720	87040	87040	10240	174080	174080	1	1	0	1	1
33	1788291913165018417	eager	1927	MUL_MAT	MMQ	-	blk.8.ssm_beta.weight	node_520	q8_0	f32	f32	2560	32	1	1	2560	17	1	1	2720	87040	87040	10240	174080	174080	1	1	0	1	1
33	1788291913165018417	eager	1927	MUL_MAT	MMQ	-	blk.8.ssm_out.weight	linear_attn_out-8	q5_K	f32	f32	4096	2560	1	1	4096	17	1	1	2816	7208960	7208960	16384	278528	278528	1	1	0	1	1
33	1788291913165018417	eager	1927	MUL_MAT	MMQ	-	blk.9.attn_gate.weight	z-9	q4_K	f32	f32	2560	4096	1	1	2560	17	1	1	1440	5898240	5898240	10240	174080	174080	1	1	0	1	1
33	1788291913165018417	eager	1927	MUL_MAT	MMQ	-	blk.9.attn_qkv.weight	node_556	q5_K	f32	f32	2560	8192	1	1	2560	17	1	1	1760	14417920	14417920	10240	174080	174080	1	1	0	1	1
33	1788291913165018417	eager	1927	MUL_MAT	MMQ	-	blk.9.ffn_down.weight	ffn_out-9	q6_K	f32	f32	9216	2560	1	1	9216	17	1	1	7560	19353600	19353600	36864	626688	626688	1	1	0	1	1
33	1788291913165018417	eager	1927	MUL_MAT	MMQ	-	blk.9.ffn_gate.weight	ffn_gate-9	q4_K	f32	f32	2560	9216	1	1	2560	17	1	1	1440	13271040	13271040	10240	174080	174080	1	1	0	1	1
33	1788291913165018417	eager	1927	MUL_MAT	MMQ	-	blk.9.ffn_up.weight	ffn_up-9	q4_K	f32	f32	2560	9216	1	1	2560	17	1	1	1440	13271040	13271040	10240	174080	174080	1	1	0	1	1
33	1788291913165018417	eager	1927	MUL_MAT	MMQ	-	blk.9.ssm_alpha.weight	node_577	q8_0	f32	f32	2560	32	1	1	2560	17	1	1	2720	87040	87040	10240	174080	174080	1	1	0	1	1
33	1788291913165018417	eager	1927	MUL_MAT	MMQ	-	blk.9.ssm_beta.weight	node_583	q8_0	f32	f32	2560	32	1	1	2560	17	1	1	2720	87040	87040	10240	174080	174080	1	1	0	1	1
33	1788291913165018417	eager	1927	MUL_MAT	MMQ	-	blk.9.ssm_out.weight	linear_attn_out-9	q5_K	f32	f32	4096	2560	1	1	4096	17	1	1	2816	7208960	7208960	16384	278528	278528	1	1	0	1	1
34	1788291913170751030	eager	736	MUL_MAT	cuBLAS	cublasGemmEx/F16	 (reshaped)	node_10	f16	f16	f32	768	352	1	1	768	1024	1	1	1536	540672	540672	1536	1572864	1572864	1	1	0	1	1
34	1788291913170751030	eager	736	MUL_MAT	cuBLAS	cublasGemmEx/F16	 (reshaped)	node_3	f16	f16	f32	768	352	1	1	768	1024	1	1	1536	540672	540672	1536	1572864	1572864	1	1	0	1	1
34	1788291913170751030	eager	736	MUL_MAT	cuBLAS	cublasGemmEx/F16	mm.0.weight	ffn_up	f16	f32	f32	4096	4096	1	1	4096	88	1	1	8192	33554432	33554432	16384	1441792	1441792	1	1	0	1	1
34	1788291913170751030	eager	736	MUL_MAT	cuBLAS	cublasGemmEx/F16	mm.2.weight	ffn_down	f16	f32	f32	4096	2560	1	1	4096	88	1	1	8192	20971520	20971520	16384	1441792	1441792	1	1	0	1	1
34	1788291913170751030	eager	736	MUL_MAT	cuBLAS	cublasGemmEx/F16	v.blk.0.attn_out.weight	node_48	f16	f32	f32	1024	1024	1	1	1024	352	1	1	2048	2097152	2097152	4096	1441792	1441792	1	1	0	1	1
34	1788291913170751030	eager	736	MUL_MAT	cuBLAS	cublasGemmEx/F16	v.blk.0.attn_qkv.weight	node_34	f16	f32	f32	1024	3072	1	1	1024	352	1	1	2048	6291456	6291456	4096	1441792	1441792	1	1	0	1	1
34	1788291913170751030	eager	736	MUL_MAT	cuBLAS	cublasGemmEx/F16	v.blk.0.ffn_down.weight	ffn_down-0	f16	f32	f32	4096	1024	1	1	4096	352	1	1	8192	8388608	8388608	16384	5767168	5767168	1	1	0	1	1
34	1788291913170751030	eager	736	MUL_MAT	cuBLAS	cublasGemmEx/F16	v.blk.0.ffn_up.weight	ffn_up-0	f16	f32	f32	1024	4096	1	1	1024	352	1	1	2048	8388608	8388608	4096	1441792	1441792	1	1	0	1	1
34	1788291913170751030	eager	736	MUL_MAT	cuBLAS	cublasGemmEx/F16	v.blk.1.attn_out.weight	node_77	f16	f32	f32	1024	1024	1	1	1024	352	1	1	2048	2097152	2097152	4096	1441792	1441792	1	1	0	1	1
34	1788291913170751030	eager	736	MUL_MAT	cuBLAS	cublasGemmEx/F16	v.blk.1.attn_qkv.weight	node_63	f16	f32	f32	1024	3072	1	1	1024	352	1	1	2048	6291456	6291456	4096	1441792	1441792	1	1	0	1	1
34	1788291913170751030	eager	736	MUL_MAT	cuBLAS	cublasGemmEx/F16	v.blk.1.ffn_down.weight	ffn_down-1	f16	f32	f32	4096	1024	1	1	4096	352	1	1	8192	8388608	8388608	16384	5767168	5767168	1	1	0	1	1
34	1788291913170751030	eager	736	MUL_MAT	cuBLAS	cublasGemmEx/F16	v.blk.1.ffn_up.weight	ffn_up-1	f16	f32	f32	1024	4096	1	1	1024	352	1	1	2048	8388608	8388608	4096	1441792	1441792	1	1	0	1	1
34	1788291913170751030	eager	736	MUL_MAT	cuBLAS	cublasGemmEx/F16	v.blk.10.attn_out.weight	node_338	f16	f32	f32	1024	1024	1	1	1024	352	1	1	2048	2097152	2097152	4096	1441792	1441792	1	1	0	1	1
34	1788291913170751030	eager	736	MUL_MAT	cuBLAS	cublasGemmEx/F16	v.blk.10.attn_qkv.weight	node_324	f16	f32	f32	1024	3072	1	1	1024	352	1	1	2048	6291456	6291456	4096	1441792	1441792	1	1	0	1	1
34	1788291913170751030	eager	736	MUL_MAT	cuBLAS	cublasGemmEx/F16	v.blk.10.ffn_down.weight	ffn_down-10	f16	f32	f32	4096	1024	1	1	4096	352	1	1	8192	8388608	8388608	16384	5767168	5767168	1	1	0	1	1
34	1788291913170751030	eager	736	MUL_MAT	cuBLAS	cublasGemmEx/F16	v.blk.10.ffn_up.weight	ffn_up-10	f16	f32	f32	1024	4096	1	1	1024	352	1	1	2048	8388608	8388608	4096	1441792	1441792	1	1	0	1	1
34	1788291913170751030	eager	736	MUL_MAT	cuBLAS	cublasGemmEx/F16	v.blk.11.attn_out.weight	node_367	f16	f32	f32	1024	1024	1	1	1024	352	1	1	2048	2097152	2097152	4096	1441792	1441792	1	1	0	1	1
34	1788291913170751030	eager	736	MUL_MAT	cuBLAS	cublasGemmEx/F16	v.blk.11.attn_qkv.weight	node_353	f16	f32	f32	1024	3072	1	1	1024	352	1	1	2048	6291456	6291456	4096	1441792	1441792	1	1	0	1	1
34	1788291913170751030	eager	736	MUL_MAT	cuBLAS	cublasGemmEx/F16	v.blk.11.ffn_down.weight	ffn_down-11	f16	f32	f32	4096	1024	1	1	4096	352	1	1	8192	8388608	8388608	16384	5767168	5767168	1	1	0	1	1
34	1788291913170751030	eager	736	MUL_MAT	cuBLAS	cublasGemmEx/F16	v.blk.11.ffn_up.weight	ffn_up-11	f16	f32	f32	1024	4096	1	1	1024	352	1	1	2048	8388608	8388608	4096	1441792	1441792	1	1	0	1	1
34	1788291913170751030	eager	736	MUL_MAT	cuBLAS	cublasGemmEx/F16	v.blk.12.attn_out.weight	node_396	f16	f32	f32	1024	1024	1	1	1024	352	1	1	2048	2097152	2097152	4096	1441792	1441792	1	1	0	1	1
34	1788291913170751030	eager	736	MUL_MAT	cuBLAS	cublasGemmEx/F16	v.blk.12.attn_qkv.weight	node_382	f16	f32	f32	1024	3072	1	1	1024	352	1	1	2048	6291456	6291456	4096	1441792	1441792	1	1	0	1	1
34	1788291913170751030	eager	736	MUL_MAT	cuBLAS	cublasGemmEx/F16	v.blk.12.ffn_down.weight	ffn_down-12	f16	f32	f32	4096	1024	1	1	4096	352	1	1	8192	8388608	8388608	16384	5767168	5767168	1	1	0	1	1
34	1788291913170751030	eager	736	MUL_MAT	cuBLAS	cublasGemmEx/F16	v.blk.12.ffn_up.weight	ffn_up-12	f16	f32	f32	1024	4096	1	1	1024	352	1	1	2048	8388608	8388608	4096	1441792	1441792	1	1	0	1	1
34	1788291913170751030	eager	736	MUL_MAT	cuBLAS	cublasGemmEx/F16	v.blk.13.attn_out.weight	node_425	f16	f32	f32	1024	1024	1	1	1024	352	1	1	2048	2097152	2097152	4096	1441792	1441792	1	1	0	1	1
34	1788291913170751030	eager	736	MUL_MAT	cuBLAS	cublasGemmEx/F16	v.blk.13.attn_qkv.weight	node_411	f16	f32	f32	1024	3072	1	1	1024	352	1	1	2048	6291456	6291456	4096	1441792	1441792	1	1	0	1	1
34	1788291913170751030	eager	736	MUL_MAT	cuBLAS	cublasGemmEx/F16	v.blk.13.ffn_down.weight	ffn_down-13	f16	f32	f32	4096	1024	1	1	4096	352	1	1	8192	8388608	8388608	16384	5767168	5767168	1	1	0	1	1
34	1788291913170751030	eager	736	MUL_MAT	cuBLAS	cublasGemmEx/F16	v.blk.13.ffn_up.weight	ffn_up-13	f16	f32	f32	1024	4096	1	1	1024	352	1	1	2048	8388608	8388608	4096	1441792	1441792	1	1	0	1	1
34	1788291913170751030	eager	736	MUL_MAT	cuBLAS	cublasGemmEx/F16	v.blk.14.attn_out.weight	node_454	f16	f32	f32	1024	1024	1	1	1024	352	1	1	2048	2097152	2097152	4096	1441792	1441792	1	1	0	1	1
34	1788291913170751030	eager	736	MUL_MAT	cuBLAS	cublasGemmEx/F16	v.blk.14.attn_qkv.weight	node_440	f16	f32	f32	1024	3072	1	1	1024	352	1	1	2048	6291456	6291456	4096	1441792	1441792	1	1	0	1	1
34	1788291913170751030	eager	736	MUL_MAT	cuBLAS	cublasGemmEx/F16	v.blk.14.ffn_down.weight	ffn_down-14	f16	f32	f32	4096	1024	1	1	4096	352	1	1	8192	8388608	8388608	16384	5767168	5767168	1	1	0	1	1
34	1788291913170751030	eager	736	MUL_MAT	cuBLAS	cublasGemmEx/F16	v.blk.14.ffn_up.weight	ffn_up-14	f16	f32	f32	1024	4096	1	1	1024	352	1	1	2048	8388608	8388608	4096	1441792	1441792	1	1	0	1	1
34	1788291913170751030	eager	736	MUL_MAT	cuBLAS	cublasGemmEx/F16	v.blk.15.attn_out.weight	node_483	f16	f32	f32	1024	1024	1	1	1024	352	1	1	2048	2097152	2097152	4096	1441792	1441792	1	1	0	1	1
34	1788291913170751030	eager	736	MUL_MAT	cuBLAS	cublasGemmEx/F16	v.blk.15.attn_qkv.weight	node_469	f16	f32	f32	1024	3072	1	1	1024	352	1	1	2048	6291456	6291456	4096	1441792	1441792	1	1	0	1	1
34	1788291913170751030	eager	736	MUL_MAT	cuBLAS	cublasGemmEx/F16	v.blk.15.ffn_down.weight	ffn_down-15	f16	f32	f32	4096	1024	1	1	4096	352	1	1	8192	8388608	8388608	16384	5767168	5767168	1	1	0	1	1
34	1788291913170751030	eager	736	MUL_MAT	cuBLAS	cublasGemmEx/F16	v.blk.15.ffn_up.weight	ffn_up-15	f16	f32	f32	1024	4096	1	1	1024	352	1	1	2048	8388608	8388608	4096	1441792	1441792	1	1	0	1	1
34	1788291913170751030	eager	736	MUL_MAT	cuBLAS	cublasGemmEx/F16	v.blk.16.attn_out.weight	node_512	f16	f32	f32	1024	1024	1	1	1024	352	1	1	2048	2097152	2097152	4096	1441792	1441792	1	1	0	1	1
34	1788291913170751030	eager	736	MUL_MAT	cuBLAS	cublasGemmEx/F16	v.blk.16.attn_qkv.weight	node_498	f16	f32	f32	1024	3072	1	1	1024	352	1	1	2048	6291456	6291456	4096	1441792	1441792	1	1	0	1	1
34	1788291913170751030	eager	736	MUL_MAT	cuBLAS	cublasGemmEx/F16	v.blk.16.ffn_down.weight	ffn_down-16	f16	f32	f32	4096	1024	1	1	4096	352	1	1	8192	8388608	8388608	16384	5767168	5767168	1	1	0	1	1
34	1788291913170751030	eager	736	MUL_MAT	cuBLAS	cublasGemmEx/F16	v.blk.16.ffn_up.weight	ffn_up-16	f16	f32	f32	1024	4096	1	1	1024	352	1	1	2048	8388608	8388608	4096	1441792	1441792	1	1	0	1	1
34	1788291913170751030	eager	736	MUL_MAT	cuBLAS	cublasGemmEx/F16	v.blk.17.attn_out.weight	node_541	f16	f32	f32	1024	1024	1	1	1024	352	1	1	2048	2097152	2097152	4096	1441792	1441792	1	1	0	1	1
34	1788291913170751030	eager	736	MUL_MAT	cuBLAS	cublasGemmEx/F16	v.blk.17.attn_qkv.weight	node_527	f16	f32	f32	1024	3072	1	1	1024	352	1	1	2048	6291456	6291456	4096	1441792	1441792	1	1	0	1	1
34	1788291913170751030	eager	736	MUL_MAT	cuBLAS	cublasGemmEx/F16	v.blk.17.ffn_down.weight	ffn_down-17	f16	f32	f32	4096	1024	1	1	4096	352	1	1	8192	8388608	8388608	16384	5767168	5767168	1	1	0	1	1
34	1788291913170751030	eager	736	MUL_MAT	cuBLAS	cublasGemmEx/F16	v.blk.17.ffn_up.weight	ffn_up-17	f16	f32	f32	1024	4096	1	1	1024	352	1	1	2048	8388608	8388608	4096	1441792	1441792	1	1	0	1	1
34	1788291913170751030	eager	736	MUL_MAT	cuBLAS	cublasGemmEx/F16	v.blk.18.attn_out.weight	node_570	f16	f32	f32	1024	1024	1	1	1024	352	1	1	2048	2097152	2097152	4096	1441792	1441792	1	1	0	1	1
34	1788291913170751030	eager	736	MUL_MAT	cuBLAS	cublasGemmEx/F16	v.blk.18.attn_qkv.weight	node_556	f16	f32	f32	1024	3072	1	1	1024	352	1	1	2048	6291456	6291456	4096	1441792	1441792	1	1	0	1	1
34	1788291913170751030	eager	736	MUL_MAT	cuBLAS	cublasGemmEx/F16	v.blk.18.ffn_down.weight	ffn_down-18	f16	f32	f32	4096	1024	1	1	4096	352	1	1	8192	8388608	8388608	16384	5767168	5767168	1	1	0	1	1
34	1788291913170751030	eager	736	MUL_MAT	cuBLAS	cublasGemmEx/F16	v.blk.18.ffn_up.weight	ffn_up-18	f16	f32	f32	1024	4096	1	1	1024	352	1	1	2048	8388608	8388608	4096	1441792	1441792	1	1	0	1	1
34	1788291913170751030	eager	736	MUL_MAT	cuBLAS	cublasGemmEx/F16	v.blk.19.attn_out.weight	node_599	f16	f32	f32	1024	1024	1	1	1024	352	1	1	2048	2097152	2097152	4096	1441792	1441792	1	1	0	1	1
34	1788291913170751030	eager	736	MUL_MAT	cuBLAS	cublasGemmEx/F16	v.blk.19.attn_qkv.weight	node_585	f16	f32	f32	1024	3072	1	1	1024	352	1	1	2048	6291456	6291456	4096	1441792	1441792	1	1	0	1	1
34	1788291913170751030	eager	736	MUL_MAT	cuBLAS	cublasGemmEx/F16	v.blk.19.ffn_down.weight	ffn_down-19	f16	f32	f32	4096	1024	1	1	4096	352	1	1	8192	8388608	8388608	16384	5767168	5767168	1	1	0	1	1
34	1788291913170751030	eager	736	MUL_MAT	cuBLAS	cublasGemmEx/F16	v.blk.19.ffn_up.weight	ffn_up-19	f16	f32	f32	1024	4096	1	1	1024	352	1	1	2048	8388608	8388608	4096	1441792	1441792	1	1	0	1	1
34	1788291913170751030	eager	736	MUL_MAT	cuBLAS	cublasGemmEx/F16	v.blk.2.attn_out.weight	node_106	f16	f32	f32	1024	1024	1	1	1024	352	1	1	2048	2097152	2097152	4096	1441792	1441792	1	1	0	1	1
34	1788291913170751030	eager	736	MUL_MAT	cuBLAS	cublasGemmEx/F16	v.blk.2.attn_qkv.weight	node_92	f16	f32	f32	1024	3072	1	1	1024	352	1	1	2048	6291456	6291456	4096	1441792	1441792	1	1	0	1	1
34	1788291913170751030	eager	736	MUL_MAT	cuBLAS	cublasGemmEx/F16	v.blk.2.ffn_down.weight	ffn_down-2	f16	f32	f32	4096	1024	1	1	4096	352	1	1	8192	8388608	8388608	16384	5767168	5767168	1	1	0	1	1
34	1788291913170751030	eager	736	MUL_MAT	cuBLAS	cublasGemmEx/F16	v.blk.2.ffn_up.weight	ffn_up-2	f16	f32	f32	1024	4096	1	1	1024	352	1	1	2048	8388608	8388608	4096	1441792	1441792	1	1	0	1	1
34	1788291913170751030	eager	736	MUL_MAT	cuBLAS	cublasGemmEx/F16	v.blk.20.attn_out.weight	node_628	f16	f32	f32	1024	1024	1	1	1024	352	1	1	2048	2097152	2097152	4096	1441792	1441792	1	1	0	1	1
34	1788291913170751030	eager	736	MUL_MAT	cuBLAS	cublasGemmEx/F16	v.blk.20.attn_qkv.weight	node_614	f16	f32	f32	1024	3072	1	1	1024	352	1	1	2048	6291456	6291456	4096	1441792	1441792	1	1	0	1	1
34	1788291913170751030	eager	736	MUL_MAT	cuBLAS	cublasGemmEx/F16	v.blk.20.ffn_down.weight	ffn_down-20	f16	f32	f32	4096	1024	1	1	4096	352	1	1	8192	8388608	8388608	16384	5767168	5767168	1	1	0	1	1
34	1788291913170751030	eager	736	MUL_MAT	cuBLAS	cublasGemmEx/F16	v.blk.20.ffn_up.weight	ffn_up-20	f16	f32	f32	1024	4096	1	1	1024	352	1	1	2048	8388608	8388608	4096	1441792	1441792	1	1	0	1	1
34	1788291913170751030	eager	736	MUL_MAT	cuBLAS	cublasGemmEx/F16	v.blk.21.attn_out.weight	node_657	f16	f32	f32	1024	1024	1	1	1024	352	1	1	2048	2097152	2097152	4096	1441792	1441792	1	1	0	1	1
34	1788291913170751030	eager	736	MUL_MAT	cuBLAS	cublasGemmEx/F16	v.blk.21.attn_qkv.weight	node_643	f16	f32	f32	1024	3072	1	1	1024	352	1	1	2048	6291456	6291456	4096	1441792	1441792	1	1	0	1	1
34	1788291913170751030	eager	736	MUL_MAT	cuBLAS	cublasGemmEx/F16	v.blk.21.ffn_down.weight	ffn_down-21	f16	f32	f32	4096	1024	1	1	4096	352	1	1	8192	8388608	8388608	16384	5767168	5767168	1	1	0	1	1
34	1788291913170751030	eager	736	MUL_MAT	cuBLAS	cublasGemmEx/F16	v.blk.21.ffn_up.weight	ffn_up-21	f16	f32	f32	1024	4096	1	1	1024	352	1	1	2048	8388608	8388608	4096	1441792	1441792	1	1	0	1	1
34	1788291913170751030	eager	736	MUL_MAT	cuBLAS	cublasGemmEx/F16	v.blk.22.attn_out.weight	node_686	f16	f32	f32	1024	1024	1	1	1024	352	1	1	2048	2097152	2097152	4096	1441792	1441792	1	1	0	1	1
34	1788291913170751030	eager	736	MUL_MAT	cuBLAS	cublasGemmEx/F16	v.blk.22.attn_qkv.weight	node_672	f16	f32	f32	1024	3072	1	1	1024	352	1	1	2048	6291456	6291456	4096	1441792	1441792	1	1	0	1	1
34	1788291913170751030	eager	736	MUL_MAT	cuBLAS	cublasGemmEx/F16	v.blk.22.ffn_down.weight	ffn_down-22	f16	f32	f32	4096	1024	1	1	4096	352	1	1	8192	8388608	8388608	16384	5767168	5767168	1	1	0	1	1
34	1788291913170751030	eager	736	MUL_MAT	cuBLAS	cublasGemmEx/F16	v.blk.22.ffn_up.weight	ffn_up-22	f16	f32	f32	1024	4096	1	1	1024	352	1	1	2048	8388608	8388608	4096	1441792	1441792	1	1	0	1	1
34	1788291913170751030	eager	736	MUL_MAT	cuBLAS	cublasGemmEx/F16	v.blk.23.attn_out.weight	node_715	f16	f32	f32	1024	1024	1	1	1024	352	1	1	2048	2097152	2097152	4096	1441792	1441792	1	1	0	1	1
34	1788291913170751030	eager	736	MUL_MAT	cuBLAS	cublasGemmEx/F16	v.blk.23.attn_qkv.weight	node_701	f16	f32	f32	1024	3072	1	1	1024	352	1	1	2048	6291456	6291456	4096	1441792	1441792	1	1	0	1	1
34	1788291913170751030	eager	736	MUL_MAT	cuBLAS	cublasGemmEx/F16	v.blk.23.ffn_down.weight	ffn_down-23	f16	f32	f32	4096	1024	1	1	4096	352	1	1	8192	8388608	8388608	16384	5767168	5767168	1	1	0	1	1
34	1788291913170751030	eager	736	MUL_MAT	cuBLAS	cublasGemmEx/F16	v.blk.23.ffn_up.weight	ffn_up-23	f16	f32	f32	1024	4096	1	1	1024	352	1	1	2048	8388608	8388608	4096	1441792	1441792	1	1	0	1	1
34	1788291913170751030	eager	736	MUL_MAT	cuBLAS	cublasGemmEx/F16	v.blk.3.attn_out.weight	node_135	f16	f32	f32	1024	1024	1	1	1024	352	1	1	2048	2097152	2097152	4096	1441792	1441792	1	1	0	1	1
34	1788291913170751030	eager	736	MUL_MAT	cuBLAS	cublasGemmEx/F16	v.blk.3.attn_qkv.weight	node_121	f16	f32	f32	1024	3072	1	1	1024	352	1	1	2048	6291456	6291456	4096	1441792	1441792	1	1	0	1	1
34	1788291913170751030	eager	736	MUL_MAT	cuBLAS	cublasGemmEx/F16	v.blk.3.ffn_down.weight	ffn_down-3	f16	f32	f32	4096	1024	1	1	4096	352	1	1	8192	8388608	8388608	16384	5767168	5767168	1	1	0	1	1
34	1788291913170751030	eager	736	MUL_MAT	cuBLAS	cublasGemmEx/F16	v.blk.3.ffn_up.weight	ffn_up-3	f16	f32	f32	1024	4096	1	1	1024	352	1	1	2048	8388608	8388608	4096	1441792	1441792	1	1	0	1	1
34	1788291913170751030	eager	736	MUL_MAT	cuBLAS	cublasGemmEx/F16	v.blk.4.attn_out.weight	node_164	f16	f32	f32	1024	1024	1	1	1024	352	1	1	2048	2097152	2097152	4096	1441792	1441792	1	1	0	1	1
34	1788291913170751030	eager	736	MUL_MAT	cuBLAS	cublasGemmEx/F16	v.blk.4.attn_qkv.weight	node_150	f16	f32	f32	1024	3072	1	1	1024	352	1	1	2048	6291456	6291456	4096	1441792	1441792	1	1	0	1	1
34	1788291913170751030	eager	736	MUL_MAT	cuBLAS	cublasGemmEx/F16	v.blk.4.ffn_down.weight	ffn_down-4	f16	f32	f32	4096	1024	1	1	4096	352	1	1	8192	8388608	8388608	16384	5767168	5767168	1	1	0	1	1
34	1788291913170751030	eager	736	MUL_MAT	cuBLAS	cublasGemmEx/F16	v.blk.4.ffn_up.weight	ffn_up-4	f16	f32	f32	1024	4096	1	1	1024	352	1	1	2048	8388608	8388608	4096	1441792	1441792	1	1	0	1	1
34	1788291913170751030	eager	736	MUL_MAT	cuBLAS	cublasGemmEx/F16	v.blk.5.attn_out.weight	node_193	f16	f32	f32	1024	1024	1	1	1024	352	1	1	2048	2097152	2097152	4096	1441792	1441792	1	1	0	1	1
34	1788291913170751030	eager	736	MUL_MAT	cuBLAS	cublasGemmEx/F16	v.blk.5.attn_qkv.weight	node_179	f16	f32	f32	1024	3072	1	1	1024	352	1	1	2048	6291456	6291456	4096	1441792	1441792	1	1	0	1	1
34	1788291913170751030	eager	736	MUL_MAT	cuBLAS	cublasGemmEx/F16	v.blk.5.ffn_down.weight	ffn_down-5	f16	f32	f32	4096	1024	1	1	4096	352	1	1	8192	8388608	8388608	16384	5767168	5767168	1	1	0	1	1
34	1788291913170751030	eager	736	MUL_MAT	cuBLAS	cublasGemmEx/F16	v.blk.5.ffn_up.weight	ffn_up-5	f16	f32	f32	1024	4096	1	1	1024	352	1	1	2048	8388608	8388608	4096	1441792	1441792	1	1	0	1	1
34	1788291913170751030	eager	736	MUL_MAT	cuBLAS	cublasGemmEx/F16	v.blk.6.attn_out.weight	node_222	f16	f32	f32	1024	1024	1	1	1024	352	1	1	2048	2097152	2097152	4096	1441792	1441792	1	1	0	1	1
34	1788291913170751030	eager	736	MUL_MAT	cuBLAS	cublasGemmEx/F16	v.blk.6.attn_qkv.weight	node_208	f16	f32	f32	1024	3072	1	1	1024	352	1	1	2048	6291456	6291456	4096	1441792	1441792	1	1	0	1	1
34	1788291913170751030	eager	736	MUL_MAT	cuBLAS	cublasGemmEx/F16	v.blk.6.ffn_down.weight	ffn_down-6	f16	f32	f32	4096	1024	1	1	4096	352	1	1	8192	8388608	8388608	16384	5767168	5767168	1	1	0	1	1
34	1788291913170751030	eager	736	MUL_MAT	cuBLAS	cublasGemmEx/F16	v.blk.6.ffn_up.weight	ffn_up-6	f16	f32	f32	1024	4096	1	1	1024	352	1	1	2048	8388608	8388608	4096	1441792	1441792	1	1	0	1	1
34	1788291913170751030	eager	736	MUL_MAT	cuBLAS	cublasGemmEx/F16	v.blk.7.attn_out.weight	node_251	f16	f32	f32	1024	1024	1	1	1024	352	1	1	2048	2097152	2097152	4096	1441792	1441792	1	1	0	1	1
34	1788291913170751030	eager	736	MUL_MAT	cuBLAS	cublasGemmEx/F16	v.blk.7.attn_qkv.weight	node_237	f16	f32	f32	1024	3072	1	1	1024	352	1	1	2048	6291456	6291456	4096	1441792	1441792	1	1	0	1	1
34	1788291913170751030	eager	736	MUL_MAT	cuBLAS	cublasGemmEx/F16	v.blk.7.ffn_down.weight	ffn_down-7	f16	f32	f32	4096	1024	1	1	4096	352	1	1	8192	8388608	8388608	16384	5767168	5767168	1	1	0	1	1
34	1788291913170751030	eager	736	MUL_MAT	cuBLAS	cublasGemmEx/F16	v.blk.7.ffn_up.weight	ffn_up-7	f16	f32	f32	1024	4096	1	1	1024	352	1	1	2048	8388608	8388608	4096	1441792	1441792	1	1	0	1	1
34	1788291913170751030	eager	736	MUL_MAT	cuBLAS	cublasGemmEx/F16	v.blk.8.attn_out.weight	node_280	f16	f32	f32	1024	1024	1	1	1024	352	1	1	2048	2097152	2097152	4096	1441792	1441792	1	1	0	1	1
34	1788291913170751030	eager	736	MUL_MAT	cuBLAS	cublasGemmEx/F16	v.blk.8.attn_qkv.weight	node_266	f16	f32	f32	1024	3072	1	1	1024	352	1	1	2048	6291456	6291456	4096	1441792	1441792	1	1	0	1	1
34	1788291913170751030	eager	736	MUL_MAT	cuBLAS	cublasGemmEx/F16	v.blk.8.ffn_down.weight	ffn_down-8	f16	f32	f32	4096	1024	1	1	4096	352	1	1	8192	8388608	8388608	16384	5767168	5767168	1	1	0	1	1
34	1788291913170751030	eager	736	MUL_MAT	cuBLAS	cublasGemmEx/F16	v.blk.8.ffn_up.weight	ffn_up-8	f16	f32	f32	1024	4096	1	1	1024	352	1	1	2048	8388608	8388608	4096	1441792	1441792	1	1	0	1	1
34	1788291913170751030	eager	736	MUL_MAT	cuBLAS	cublasGemmEx/F16	v.blk.9.attn_out.weight	node_309	f16	f32	f32	1024	1024	1	1	1024	352	1	1	2048	2097152	2097152	4096	1441792	1441792	1	1	0	1	1
34	1788291913170751030	eager	736	MUL_MAT	cuBLAS	cublasGemmEx/F16	v.blk.9.attn_qkv.weight	node_295	f16	f32	f32	1024	3072	1	1	1024	352	1	1	2048	6291456	6291456	4096	1441792	1441792	1	1	0	1	1
34	1788291913170751030	eager	736	MUL_MAT	cuBLAS	cublasGemmEx/F16	v.blk.9.ffn_down.weight	ffn_down-9	f16	f32	f32	4096	1024	1	1	4096	352	1	1	8192	8388608	8388608	16384	5767168	5767168	1	1	0	1	1
34	1788291913170751030	eager	736	MUL_MAT	cuBLAS	cublasGemmEx/F16	v.blk.9.ffn_up.weight	ffn_up-9	f16	f32	f32	1024	4096	1	1	1024	352	1	1	2048	8388608	8388608	4096	1441792	1441792	1	1	0	1	1
35	1788291913541982220	eager	1927	MUL_MAT	MMQ	-	blk.0.attn_gate.weight	z-0	q4_K	f32	f32	2560	4096	1	1	2560	88	1	1	1440	5898240	5898240	10240	901120	901120	1	1	0	1	1
35	1788291913541982220	eager	1927	MUL_MAT	MMQ	-	blk.0.attn_qkv.weight	node_13	q5_K	f32	f32	2560	8192	1	1	2560	88	1	1	1760	14417920	14417920	10240	901120	901120	1	1	0	1	1
35	1788291913541982220	eager	1927	MUL_MAT	MMQ	-	blk.0.ffn_down.weight	ffn_out-0	q6_K	f32	f32	9216	2560	1	1	9216	88	1	1	7560	19353600	19353600	36864	3244032	3244032	1	1	0	1	1
35	1788291913541982220	eager	1927	MUL_MAT	MMQ	-	blk.0.ffn_gate.weight	ffn_gate-0	q4_K	f32	f32	2560	9216	1	1	2560	88	1	1	1440	13271040	13271040	10240	901120	901120	1	1	0	1	1
35	1788291913541982220	eager	1927	MUL_MAT	MMQ	-	blk.0.ffn_up.weight	ffn_up-0	q4_K	f32	f32	2560	9216	1	1	2560	88	1	1	1440	13271040	13271040	10240	901120	901120	1	1	0	1	1
35	1788291913541982220	eager	1927	MUL_MAT	MMQ	-	blk.0.ssm_alpha.weight	node_34	q8_0	f32	f32	2560	32	1	1	2560	88	1	1	2720	87040	87040	10240	901120	901120	1	1	0	1	1
35	1788291913541982220	eager	1927	MUL_MAT	MMQ	-	blk.0.ssm_beta.weight	node_40	q8_0	f32	f32	2560	32	1	1	2560	88	1	1	2720	87040	87040	10240	901120	901120	1	1	0	1	1
35	1788291913541982220	eager	1927	MUL_MAT	MMQ	-	blk.0.ssm_out.weight	linear_attn_out-0	q5_K	f32	f32	4096	2560	1	1	4096	88	1	1	2816	7208960	7208960	16384	1441792	1441792	1	1	0	1	1
35	1788291913541982220	eager	1927	MUL_MAT	MMQ	-	blk.1.attn_gate.weight	z-1	q4_K	f32	f32	2560	4096	1	1	2560	88	1	1	1440	5898240	5898240	10240	901120	901120	1	1	0	1	1
35	1788291913541982220	eager	1927	MUL_MAT	MMQ	-	blk.1.attn_qkv.weight	node_76	q5_K	f32	f32	2560	8192	1	1	2560	88	1	1	1760	14417920	14417920	10240	901120	901120	1	1	0	1	1
35	1788291913541982220	eager	1927	MUL_MAT	MMQ	-	blk.1.ffn_down.weight	ffn_out-1	q6_K	f32	f32	9216	2560	1	1	9216	88	1	1	7560	19353600	19353600	36864	3244032	3244032	1	1	0	1	1
35	1788291913541982220	eager	1927	MUL_MAT	MMQ	-	blk.1.ffn_gate.weight	ffn_gate-1	q4_K	f32	f32	2560	9216	1	1	2560	88	1	1	1440	13271040	13271040	10240	901120	901120	1	1	0	1	1
35	1788291913541982220	eager	1927	MUL_MAT	MMQ	-	blk.1.ffn_up.weight	ffn_up-1	q4_K	f32	f32	2560	9216	1	1	2560	88	1	1	1440	13271040	13271040	10240	901120	901120	1	1	0	1	1
35	1788291913541982220	eager	1927	MUL_MAT	MMQ	-	blk.1.ssm_alpha.weight	node_97	q8_0	f32	f32	2560	32	1	1	2560	88	1	1	2720	87040	87040	10240	901120	901120	1	1	0	1	1
35	1788291913541982220	eager	1927	MUL_MAT	MMQ	-	blk.1.ssm_beta.weight	node_103	q8_0	f32	f32	2560	32	1	1	2560	88	1	1	2720	87040	87040	10240	901120	901120	1	1	0	1	1
35	1788291913541982220	eager	1927	MUL_MAT	MMQ	-	blk.1.ssm_out.weight	linear_attn_out-1	q5_K	f32	f32	4096	2560	1	1	4096	88	1	1	2816	7208960	7208960	16384	1441792	1441792	1	1	0	1	1
35	1788291913541982220	eager	1927	MUL_MAT	MMQ	-	blk.10.attn_gate.weight	z-10	q4_K	f32	f32	2560	4096	1	1	2560	88	1	1	1440	5898240	5898240	10240	901120	901120	1	1	0	1	1
35	1788291913541982220	eager	1927	MUL_MAT	MMQ	-	blk.10.attn_qkv.weight	node_619	q5_K	f32	f32	2560	8192	1	1	2560	88	1	1	1760	14417920	14417920	10240	901120	901120	1	1	0	1	1
35	1788291913541982220	eager	1927	MUL_MAT	MMQ	-	blk.10.ffn_down.weight	ffn_out-10	q4_K	f32	f32	9216	2560	1	1	9216	88	1	1	5184	13271040	13271040	36864	3244032	3244032	1	1	0	1	1
35	1788291913541982220	eager	1927	MUL_MAT	MMQ	-	blk.10.ffn_gate.weight	ffn_gate-10	q4_K	f32	f32	2560	9216	1	1	2560	88	1	1	1440	13271040	13271040	10240	901120	901120	1	1	0	1	1
35	1788291913541982220	eager	1927	MUL_MAT	MMQ	-	blk.10.ffn_up.weight	ffn_up-10	q4_K	f32	f32	2560	9216	1	1	2560	88	1	1	1440	13271040	13271040	10240	901120	901120	1	1	0	1	1
35	1788291913541982220	eager	1927	MUL_MAT	MMQ	-	blk.10.ssm_alpha.weight	node_640	q8_0	f32	f32	2560	32	1	1	2560	88	1	1	2720	87040	87040	10240	901120	901120	1	1	0	1	1
35	1788291913541982220	eager	1927	MUL_MAT	MMQ	-	blk.10.ssm_beta.weight	node_646	q8_0	f32	f32	2560	32	1	1	2560	88	1	1	2720	87040	87040	10240	901120	901120	1	1	0	1	1
35	1788291913541982220	eager	1927	MUL_MAT	MMQ	-	blk.10.ssm_out.weight	linear_attn_out-10	q5_K	f32	f32	4096	2560	1	1	4096	88	1	1	2816	7208960	7208960	16384	1441792	1441792	1	1	0	1	1
35	1788291913541982220	eager	1927	MUL_MAT	MMQ	-	blk.11.attn_k.weight	Kcur-11	q4_K	f32	f32	2560	1024	1	1	2560	88	1	1	1440	1474560	1474560	10240	901120	901120	1	1	0	1	1
35	1788291913541982220	eager	1927	MUL_MAT	MMQ	-	blk.11.attn_output.weight	attn_output-11	q4_K	f32	f32	4096	2560	1	1	4096	88	1	1	2304	5898240	5898240	16384	1441792	1441792	1	1	0	1	1
35	1788291913541982220	eager	1927	MUL_MAT	MMQ	-	blk.11.attn_q.weight	Qcur_full-11	q4_K	f32	f32	2560	8192	1	1	2560	88	1	1	1440	11796480	11796480	10240	901120	901120	1	1	0	1	1
35	1788291913541982220	eager	1927	MUL_MAT	MMQ	-	blk.11.attn_v.weight	Vcur-11	q6_K	f32	f32	2560	1024	1	1	2560	88	1	1	2100	2150400	2150400	10240	901120	901120	1	1	0	1	1
35	1788291913541982220	eager	1927	MUL_MAT	MMQ	-	blk.11.ffn_down.weight	ffn_out-11	q4_K	f32	f32	9216	2560	1	1	9216	88	1	1	5184	13271040	13271040	36864	3244032	3244032	1	1	0	1	1
35	1788291913541982220	eager	1927	MUL_MAT	MMQ	-	blk.11.ffn_gate.weight	ffn_gate-11	q4_K	f32	f32	2560	9216	1	1	2560	88	1	1	1440	13271040	13271040	10240	901120	901120	1	1	0	1	1
35	1788291913541982220	eager	1927	MUL_MAT	MMQ	-	blk.11.ffn_up.weight	ffn_up-11	q4_K	f32	f32	2560	9216	1	1	2560	88	1	1	1440	13271040	13271040	10240	901120	901120	1	1	0	1	1
35	1788291913541982220	eager	1927	MUL_MAT	MMQ	-	blk.12.attn_gate.weight	z-12	q4_K	f32	f32	2560	4096	1	1	2560	88	1	1	1440	5898240	5898240	10240	901120	901120	1	1	0	1	1
35	1788291913541982220	eager	1927	MUL_MAT	MMQ	-	blk.12.attn_qkv.weight	node_733	q5_K	f32	f32	2560	8192	1	1	2560	88	1	1	1760	14417920	14417920	10240	901120	901120	1	1	0	1	1
35	1788291913541982220	eager	1927	MUL_MAT	MMQ	-	blk.12.ffn_down.weight	ffn_out-12	q6_K	f32	f32	9216	2560	1	1	9216	88	1	1	7560	19353600	19353600	36864	3244032	3244032	1	1	0	1	1
35	1788291913541982220	eager	1927	MUL_MAT	MMQ	-	blk.12.ffn_gate.weight	ffn_gate-12	q4_K	f32	f32	2560	9216	1	1	2560	88	1	1	1440	13271040	13271040	10240	901120	901120	1	1	0	1	1
35	1788291913541982220	eager	1927	MUL_MAT	MMQ	-	blk.12.ffn_up.weight	ffn_up-12	q4_K	f32	f32	2560	9216	1	1	2560	88	1	1	1440	13271040	13271040	10240	901120	901120	1	1	0	1	1
35	1788291913541982220	eager	1927	MUL_MAT	MMQ	-	blk.12.ssm_alpha.weight	node_754	q8_0	f32	f32	2560	32	1	1	2560	88	1	1	2720	87040	87040	10240	901120	901120	1	1	0	1	1
35	1788291913541982220	eager	1927	MUL_MAT	MMQ	-	blk.12.ssm_beta.weight	node_760	q8_0	f32	f32	2560	32	1	1	2560	88	1	1	2720	87040	87040	10240	901120	901120	1	1	0	1	1
35	1788291913541982220	eager	1927	MUL_MAT	MMQ	-	blk.12.ssm_out.weight	linear_attn_out-12	q5_K	f32	f32	4096	2560	1	1	4096	88	1	1	2816	7208960	7208960	16384	1441792	1441792	1	1	0	1	1
35	1788291913541982220	eager	1927	MUL_MAT	MMQ	-	blk.13.attn_gate.weight	z-13	q4_K	f32	f32	2560	4096	1	1	2560	88	1	1	1440	5898240	5898240	10240	901120	901120	1	1	0	1	1
35	1788291913541982220	eager	1927	MUL_MAT	MMQ	-	blk.13.attn_qkv.weight	node_796	q5_K	f32	f32	2560	8192	1	1	2560	88	1	1	1760	14417920	14417920	10240	901120	901120	1	1	0	1	1
35	1788291913541982220	eager	1927	MUL_MAT	MMQ	-	blk.13.ffn_down.weight	ffn_out-13	q4_K	f32	f32	9216	2560	1	1	9216	88	1	1	5184	13271040	13271040	36864	3244032	3244032	1	1	0	1	1
35	1788291913541982220	eager	1927	MUL_MAT	MMQ	-	blk.13.ffn_gate.weight	ffn_gate-13	q4_K	f32	f32	2560	9216	1	1	2560	88	1	1	1440	13271040	13271040	10240	901120	901120	1	1	0	1	1
35	1788291913541982220	eager	1927	MUL_MAT	MMQ	-	blk.13.ffn_up.weight	ffn_up-13	q4_K	f32	f32	2560	9216	1	1	2560	88	1	1	1440	13271040	13271040	10240	901120	901120	1	1	0	1	1
35	1788291913541982220	eager	1927	MUL_MAT	MMQ	-	blk.13.ssm_alpha.weight	node_817	q8_0	f32	f32	2560	32	1	1	2560	88	1	1	2720	87040	87040	10240	901120	901120	1	1	0	1	1
35	1788291913541982220	eager	1927	MUL_MAT	MMQ	-	blk.13.ssm_beta.weight	node_823	q8_0	f32	f32	2560	32	1	1	2560	88	1	1	2720	87040	87040	10240	901120	901120	1	1	0	1	1
35	1788291913541982220	eager	1927	MUL_MAT	MMQ	-	blk.13.ssm_out.weight	linear_attn_out-13	q5_K	f32	f32	4096	2560	1	1	4096	88	1	1	2816	7208960	7208960	16384	1441792	1441792	1	1	0	1	1
35	1788291913541982220	eager	1927	MUL_MAT	MMQ	-	blk.14.attn_gate.weight	z-14	q4_K	f32	f32	2560	4096	1	1	2560	88	1	1	1440	5898240	5898240	10240	901120	901120	1	1	0	1	1
35	1788291913541982220	eager	1927	MUL_MAT	MMQ	-	blk.14.attn_qkv.weight	node_859	q5_K	f32	f32	2560	8192	1	1	2560	88	1	1	1760	14417920	14417920	10240	901120	901120	1	1	0	1	1
35	1788291913541982220	eager	1927	MUL_MAT	MMQ	-	blk.14.ffn_down.weight	ffn_out-14	q4_K	f32	f32	9216	2560	1	1	9216	88	1	1	5184	13271040	13271040	36864	3244032	3244032	1	1	0	1	1
35	1788291913541982220	eager	1927	MUL_MAT	MMQ	-	blk.14.ffn_gate.weight	ffn_gate-14	q4_K	f32	f32	2560	9216	1	1	2560	88	1	1	1440	13271040	13271040	10240	901120	901120	1	1	0	1	1
35	1788291913541982220	eager	1927	MUL_MAT	MMQ	-	blk.14.ffn_up.weight	ffn_up-14	q4_K	f32	f32	2560	9216	1	1	2560	88	1	1	1440	13271040	13271040	10240	901120	901120	1	1	0	1	1
35	1788291913541982220	eager	1927	MUL_MAT	MMQ	-	blk.14.ssm_alpha.weight	node_880	q8_0	f32	f32	2560	32	1	1	2560	88	1	1	2720	87040	87040	10240	901120	901120	1	1	0	1	1
35	1788291913541982220	eager	1927	MUL_MAT	MMQ	-	blk.14.ssm_beta.weight	node_886	q8_0	f32	f32	2560	32	1	1	2560	88	1	1	2720	87040	87040	10240	901120	901120	1	1	0	1	1
35	1788291913541982220	eager	1927	MUL_MAT	MMQ	-	blk.14.ssm_out.weight	linear_attn_out-14	q5_K	f32	f32	4096	2560	1	1	4096	88	1	1	2816	7208960	7208960	16384	1441792	1441792	1	1	0	1	1
35	1788291913541982220	eager	1927	MUL_MAT	MMQ	-	blk.15.attn_k.weight	Kcur-15	q4_K	f32	f32	2560	1024	1	1	2560	88	1	1	1440	1474560	1474560	10240	901120	901120	1	1	0	1	1
35	1788291913541982220	eager	1927	MUL_MAT	MMQ	-	blk.15.attn_output.weight	attn_output-15	q4_K	f32	f32	4096	2560	1	1	4096	88	1	1	2304	5898240	5898240	16384	1441792	1441792	1	1	0	1	1
35	1788291913541982220	eager	1927	MUL_MAT	MMQ	-	blk.15.attn_q.weight	Qcur_full-15	q4_K	f32	f32	2560	8192	1	1	2560	88	1	1	1440	11796480	11796480	10240	901120	901120	1	1	0	1	1
35	1788291913541982220	eager	1927	MUL_MAT	MMQ	-	blk.15.attn_v.weight	Vcur-15	q6_K	f32	f32	2560	1024	1	1	2560	88	1	1	2100	2150400	2150400	10240	901120	901120	1	1	0	1	1
35	1788291913541982220	eager	1927	MUL_MAT	MMQ	-	blk.15.ffn_down.weight	ffn_out-15	q6_K	f32	f32	9216	2560	1	1	9216	88	1	1	7560	19353600	19353600	36864	3244032	3244032	1	1	0	1	1
35	1788291913541982220	eager	1927	MUL_MAT	MMQ	-	blk.15.ffn_gate.weight	ffn_gate-15	q4_K	f32	f32	2560	9216	1	1	2560	88	1	1	1440	13271040	13271040	10240	901120	901120	1	1	0	1	1
35	1788291913541982220	eager	1927	MUL_MAT	MMQ	-	blk.15.ffn_up.weight	ffn_up-15	q4_K	f32	f32	2560	9216	1	1	2560	88	1	1	1440	13271040	13271040	10240	901120	901120	1	1	0	1	1
35	1788291913541982220	eager	1927	MUL_MAT	MMQ	-	blk.16.attn_gate.weight	z-16	q4_K	f32	f32	2560	4096	1	1	2560	88	1	1	1440	5898240	5898240	10240	901120	901120	1	1	0	1	1
35	1788291913541982220	eager	1927	MUL_MAT	MMQ	-	blk.16.attn_qkv.weight	node_973	q5_K	f32	f32	2560	8192	1	1	2560	88	1	1	1760	14417920	14417920	10240	901120	901120	1	1	0	1	1
35	1788291913541982220	eager	1927	MUL_MAT	MMQ	-	blk.16.ffn_down.weight	ffn_out-16	q4_K	f32	f32	9216	2560	1	1	9216	88	1	1	5184	13271040	13271040	36864	3244032	3244032	1	1	0	1	1
35	1788291913541982220	eager	1927	MUL_MAT	MMQ	-	blk.16.ffn_gate.weight	ffn_gate-16	q4_K	f32	f32	2560	9216	1	1	2560	88	1	1	1440	13271040	13271040	10240	901120	901120	1	1	0	1	1
35	1788291913541982220	eager	1927	MUL_MAT	MMQ	-	blk.16.ffn_up.weight	ffn_up-16	q4_K	f32	f32	2560	9216	1	1	2560	88	1	1	1440	13271040	13271040	10240	901120	901120	1	1	0	1	1
35	1788291913541982220	eager	1927	MUL_MAT	MMQ	-	blk.16.ssm_alpha.weight	node_994	q8_0	f32	f32	2560	32	1	1	2560	88	1	1	2720	87040	87040	10240	901120	901120	1	1	0	1	1
35	1788291913541982220	eager	1927	MUL_MAT	MMQ	-	blk.16.ssm_beta.weight	node_1000	q8_0	f32	f32	2560	32	1	1	2560	88	1	1	2720	87040	87040	10240	901120	901120	1	1	0	1	1
35	1788291913541982220	eager	1927	MUL_MAT	MMQ	-	blk.16.ssm_out.weight	linear_attn_out-16	q5_K	f32	f32	4096	2560	1	1	4096	88	1	1	2816	7208960	7208960	16384	1441792	1441792	1	1	0	1	1
35	1788291913541982220	eager	1927	MUL_MAT	MMQ	-	blk.17.attn_gate.weight	z-17	q4_K	f32	f32	2560	4096	1	1	2560	88	1	1	1440	5898240	5898240	10240	901120	901120	1	1	0	1	1
35	1788291913541982220	eager	1927	MUL_MAT	MMQ	-	blk.17.attn_qkv.weight	node_1036	q5_K	f32	f32	2560	8192	1	1	2560	88	1	1	1760	14417920	14417920	10240	901120	901120	1	1	0	1	1
35	1788291913541982220	eager	1927	MUL_MAT	MMQ	-	blk.17.ffn_down.weight	ffn_out-17	q4_K	f32	f32	9216	2560	1	1	9216	88	1	1	5184	13271040	13271040	36864	3244032	3244032	1	1	0	1	1
35	1788291913541982220	eager	1927	MUL_MAT	MMQ	-	blk.17.ffn_gate.weight	ffn_gate-17	q4_K	f32	f32	2560	9216	1	1	2560	88	1	1	1440	13271040	13271040	10240	901120	901120	1	1	0	1	1
35	1788291913541982220	eager	1927	MUL_MAT	MMQ	-	blk.17.ffn_up.weight	ffn_up-17	q4_K	f32	f32	2560	9216	1	1	2560	88	1	1	1440	13271040	13271040	10240	901120	901120	1	1	0	1	1
35	1788291913541982220	eager	1927	MUL_MAT	MMQ	-	blk.17.ssm_alpha.weight	node_1057	q8_0	f32	f32	2560	32	1	1	2560	88	1	1	2720	87040	87040	10240	901120	901120	1	1	0	1	1
35	1788291913541982220	eager	1927	MUL_MAT	MMQ	-	blk.17.ssm_beta.weight	node_1063	q8_0	f32	f32	2560	32	1	1	2560	88	1	1	2720	87040	87040	10240	901120	901120	1	1	0	1	1
35	1788291913541982220	eager	1927	MUL_MAT	MMQ	-	blk.17.ssm_out.weight	linear_attn_out-17	q5_K	f32	f32	4096	2560	1	1	4096	88	1	1	2816	7208960	7208960	16384	1441792	1441792	1	1	0	1	1
35	1788291913541982220	eager	1927	MUL_MAT	MMQ	-	blk.18.attn_gate.weight	z-18	q4_K	f32	f32	2560	4096	1	1	2560	88	1	1	1440	5898240	5898240	10240	901120	901120	1	1	0	1	1
35	1788291913541982220	eager	1927	MUL_MAT	MMQ	-	blk.18.attn_qkv.weight	node_1099	q5_K	f32	f32	2560	8192	1	1	2560	88	1	1	1760	14417920	14417920	10240	901120	901120	1	1	0	1	1
35	1788291913541982220	eager	1927	MUL_MAT	MMQ	-	blk.18.ffn_down.weight	ffn_out-18	q6_K	f32	f32	9216	2560	1	1	9216	88	1	1	7560	19353600	19353600	36864	3244032	3244032	1	1	0	1	1
35	1788291913541982220	eager	1927	MUL_MAT	MMQ	-	blk.18.ffn_gate.weight	ffn_gate-18	q4_K	f32	f32	2560	9216	1	1	2560	88	1	1	1440	13271040	13271040	10240	901120	901120	1	1	0	1	1
35	1788291913541982220	eager	1927	MUL_MAT	MMQ	-	blk.18.ffn_up.weight	ffn_up-18	q4_K	f32	f32	2560	9216	1	1	2560	88	1	1	1440	13271040	13271040	10240	901120	901120	1	1	0	1	1
35	1788291913541982220	eager	1927	MUL_MAT	MMQ	-	blk.18.ssm_alpha.weight	node_1120	q8_0	f32	f32	2560	32	1	1	2560	88	1	1	2720	87040	87040	10240	901120	901120	1	1	0	1	1
35	1788291913541982220	eager	1927	MUL_MAT	MMQ	-	blk.18.ssm_beta.weight	node_1126	q8_0	f32	f32	2560	32	1	1	2560	88	1	1	2720	87040	87040	10240	901120	901120	1	1	0	1	1
35	1788291913541982220	eager	1927	MUL_MAT	MMQ	-	blk.18.ssm_out.weight	linear_attn_out-18	q5_K	f32	f32	4096	2560	1	1	4096	88	1	1	2816	7208960	7208960	16384	1441792	1441792	1	1	0	1	1
35	1788291913541982220	eager	1927	MUL_MAT	MMQ	-	blk.19.attn_k.weight	Kcur-19	q4_K	f32	f32	2560	1024	1	1	2560	88	1	1	1440	1474560	1474560	10240	901120	901120	1	1	0	1	1
35	1788291913541982220	eager	1927	MUL_MAT	MMQ	-	blk.19.attn_output.weight	attn_output-19	q4_K	f32	f32	4096	2560	1	1	4096	88	1	1	2304	5898240	5898240	16384	1441792	1441792	1	1	0	1	1
35	1788291913541982220	eager	1927	MUL_MAT	MMQ	-	blk.19.attn_q.weight	Qcur_full-19	q4_K	f32	f32	2560	8192	1	1	2560	88	1	1	1440	11796480	11796480	10240	901120	901120	1	1	0	1	1
35	1788291913541982220	eager	1927	MUL_MAT	MMQ	-	blk.19.attn_v.weight	Vcur-19	q4_K	f32	f32	2560	1024	1	1	2560	88	1	1	1440	1474560	1474560	10240	901120	901120	1	1	0	1	1
35	1788291913541982220	eager	1927	MUL_MAT	MMQ	-	blk.19.ffn_down.weight	ffn_out-19	q4_K	f32	f32	9216	2560	1	1	9216	88	1	1	5184	13271040	13271040	36864	3244032	3244032	1	1	0	1	1
35	1788291913541982220	eager	1927	MUL_MAT	MMQ	-	blk.19.ffn_gate.weight	ffn_gate-19	q4_K	f32	f32	2560	9216	1	1	2560	88	1	1	1440	13271040	13271040	10240	901120	901120	1	1	0	1	1
35	1788291913541982220	eager	1927	MUL_MAT	MMQ	-	blk.19.ffn_up.weight	ffn_up-19	q4_K	f32	f32	2560	9216	1	1	2560	88	1	1	1440	13271040	13271040	10240	901120	901120	1	1	0	1	1
35	1788291913541982220	eager	1927	MUL_MAT	MMQ	-	blk.2.attn_gate.weight	z-2	q4_K	f32	f32	2560	4096	1	1	2560	88	1	1	1440	5898240	5898240	10240	901120	901120	1	1	0	1	1
35	1788291913541982220	eager	1927	MUL_MAT	MMQ	-	blk.2.attn_qkv.weight	node_139	q5_K	f32	f32	2560	8192	1	1	2560	88	1	1	1760	14417920	14417920	10240	901120	901120	1	1	0	1	1
35	1788291913541982220	eager	1927	MUL_MAT	MMQ	-	blk.2.ffn_down.weight	ffn_out-2	q6_K	f32	f32	9216	2560	1	1	9216	88	1	1	7560	19353600	19353600	36864	3244032	3244032	1	1	0	1	1
35	1788291913541982220	eager	1927	MUL_MAT	MMQ	-	blk.2.ffn_gate.weight	ffn_gate-2	q4_K	f32	f32	2560	9216	1	1	2560	88	1	1	1440	13271040	13271040	10240	901120	901120	1	1	0	1	1
35	1788291913541982220	eager	1927	MUL_MAT	MMQ	-	blk.2.ffn_up.weight	ffn_up-2	q4_K	f32	f32	2560	9216	1	1	2560	88	1	1	1440	13271040	13271040	10240	901120	901120	1	1	0	1	1
35	1788291913541982220	eager	1927	MUL_MAT	MMQ	-	blk.2.ssm_alpha.weight	node_160	q8_0	f32	f32	2560	32	1	1	2560	88	1	1	2720	87040	87040	10240	901120	901120	1	1	0	1	1
35	1788291913541982220	eager	1927	MUL_MAT	MMQ	-	blk.2.ssm_beta.weight	node_166	q8_0	f32	f32	2560	32	1	1	2560	88	1	1	2720	87040	87040	10240	901120	901120	1	1	0	1	1
35	1788291913541982220	eager	1927	MUL_MAT	MMQ	-	blk.2.ssm_out.weight	linear_attn_out-2	q5_K	f32	f32	4096	2560	1	1	4096	88	1	1	2816	7208960	7208960	16384	1441792	1441792	1	1	0	1	1
35	1788291913541982220	eager	1927	MUL_MAT	MMQ	-	blk.20.attn_gate.weight	z-20	q4_K	f32	f32	2560	4096	1	1	2560	88	1	1	1440	5898240	5898240	10240	901120	901120	1	1	0	1	1
35	1788291913541982220	eager	1927	MUL_MAT	MMQ	-	blk.20.attn_qkv.weight	node_1213	q5_K	f32	f32	2560	8192	1	1	2560	88	1	1	1760	14417920	14417920	10240	901120	901120	1	1	0	1	1
35	1788291913541982220	eager	1927	MUL_MAT	MMQ	-	blk.20.ffn_down.weight	ffn_out-20	q4_K	f32	f32	9216	2560	1	1	9216	88	1	1	5184	13271040	13271040	36864	3244032	3244032	1	1	0	1	1
35	1788291913541982220	eager	1927	MUL_MAT	MMQ	-	blk.20.ffn_gate.weight	ffn_gate-20	q4_K	f32	f32	2560	9216	1	1	2560	88	1	1	1440	13271040	13271040	10240	901120	901120	1	1	0	1	1
35	1788291913541982220	eager	1927	MUL_MAT	MMQ	-	blk.20.ffn_up.weight	ffn_up-20	q4_K	f32	f32	2560	9216	1	1	2560	88	1	1	1440	13271040	13271040	10240	901120	901120	1	1	0	1	1
35	1788291913541982220	eager	1927	MUL_MAT	MMQ	-	blk.20.ssm_alpha.weight	node_1234	q8_0	f32	f32	2560	32	1	1	2560	88	1	1	2720	87040	87040	10240	901120	901120	1	1	0	1	1
35	1788291913541982220	eager	1927	MUL_MAT	MMQ	-	blk.20.ssm_beta.weight	node_1240	q8_0	f32	f32	2560	32	1	1	2560	88	1	1	2720	87040	87040	10240	901120	901120	1	1	0	1	1
35	1788291913541982220	eager	1927	MUL_MAT	MMQ	-	blk.20.ssm_out.weight	linear_attn_out-20	q5_K	f32	f32	4096	2560	1	1	4096	88	1	1	2816	7208960	7208960	16384	1441792	1441792	1	1	0	1	1
35	1788291913541982220	eager	1927	MUL_MAT	MMQ	-	blk.21.attn_gate.weight	z-21	q4_K	f32	f32	2560	4096	1	1	2560	88	1	1	1440	5898240	5898240	10240	901120	901120	1	1	0	1	1
35	1788291913541982220	eager	1927	MUL_MAT	MMQ	-	blk.21.attn_qkv.weight	node_1276	q5_K	f32	f32	2560	8192	1	1	2560	88	1	1	1760	14417920	14417920	10240	901120	901120	1	1	0	1	1
35	1788291913541982220	eager	1927	MUL_MAT	MMQ	-	blk.21.ffn_down.weight	ffn_out-21	q6_K	f32	f32	9216	2560	1	1	9216	88	1	1	7560	19353600	19353600	36864	3244032	3244032	1	1	0	1	1
35	1788291913541982220	eager	1927	MUL_MAT	MMQ	-	blk.21.ffn_gate.weight	ffn_gate-21	q4_K	f32	f32	2560	9216	1	1	2560	88	1	1	1440	13271040	13271040	10240	901120	901120	1	1	0	1	1
35	1788291913541982220	eager	1927	MUL_MAT	MMQ	-	blk.21.ffn_up.weight	ffn_up-21	q4_K	f32	f32	2560	9216	1	1	2560	88	1	1	1440	13271040	13271040	10240	901120	901120	1	1	0	1	1
35	1788291913541982220	eager	1927	MUL_MAT	MMQ	-	blk.21.ssm_alpha.weight	node_1297	q8_0	f32	f32	2560	32	1	1	2560	88	1	1	2720	87040	87040	10240	901120	901120	1	1	0	1	1
35	1788291913541982220	eager	1927	MUL_MAT	MMQ	-	blk.21.ssm_beta.weight	node_1303	q8_0	f32	f32	2560	32	1	1	2560	88	1	1	2720	87040	87040	10240	901120	901120	1	1	0	1	1
35	1788291913541982220	eager	1927	MUL_MAT	MMQ	-	blk.21.ssm_out.weight	linear_attn_out-21	q5_K	f32	f32	4096	2560	1	1	4096	88	1	1	2816	7208960	7208960	16384	1441792	1441792	1	1	0	1	1
35	1788291913541982220	eager	1927	MUL_MAT	MMQ	-	blk.22.attn_gate.weight	z-22	q4_K	f32	f32	2560	4096	1	1	2560	88	1	1	1440	5898240	5898240	10240	901120	901120	1	1	0	1	1
35	1788291913541982220	eager	1927	MUL_MAT	MMQ	-	blk.22.attn_qkv.weight	node_1339	q5_K	f32	f32	2560	8192	1	1	2560	88	1	1	1760	14417920	14417920	10240	901120	901120	1	1	0	1	1
35	1788291913541982220	eager	1927	MUL_MAT	MMQ	-	blk.22.ffn_down.weight	ffn_out-22	q4_K	f32	f32	9216	2560	1	1	9216	88	1	1	5184	13271040	13271040	36864	3244032	3244032	1	1	0	1	1
35	1788291913541982220	eager	1927	MUL_MAT	MMQ	-	blk.22.ffn_gate.weight	ffn_gate-22	q4_K	f32	f32	2560	9216	1	1	2560	88	1	1	1440	13271040	13271040	10240	901120	901120	1	1	0	1	1
35	1788291913541982220	eager	1927	MUL_MAT	MMQ	-	blk.22.ffn_up.weight	ffn_up-22	q4_K	f32	f32	2560	9216	1	1	2560	88	1	1	1440	13271040	13271040	10240	901120	901120	1	1	0	1	1
35	1788291913541982220	eager	1927	MUL_MAT	MMQ	-	blk.22.ssm_alpha.weight	node_1360	q8_0	f32	f32	2560	32	1	1	2560	88	1	1	2720	87040	87040	10240	901120	901120	1	1	0	1	1
35	1788291913541982220	eager	1927	MUL_MAT	MMQ	-	blk.22.ssm_beta.weight	node_1366	q8_0	f32	f32	2560	32	1	1	2560	88	1	1	2720	87040	87040	10240	901120	901120	1	1	0	1	1
35	1788291913541982220	eager	1927	MUL_MAT	MMQ	-	blk.22.ssm_out.weight	linear_attn_out-22	q5_K	f32	f32	4096	2560	1	1	4096	88	1	1	2816	7208960	7208960	16384	1441792	1441792	1	1	0	1	1
35	1788291913541982220	eager	1927	MUL_MAT	MMQ	-	blk.23.attn_k.weight	Kcur-23	q4_K	f32	f32	2560	1024	1	1	2560	88	1	1	1440	1474560	1474560	10240	901120	901120	1	1	0	1	1
35	1788291913541982220	eager	1927	MUL_MAT	MMQ	-	blk.23.attn_output.weight	attn_output-23	q4_K	f32	f32	4096	2560	1	1	4096	88	1	1	2304	5898240	5898240	16384	1441792	1441792	1	1	0	1	1
35	1788291913541982220	eager	1927	MUL_MAT	MMQ	-	blk.23.attn_q.weight	Qcur_full-23	q4_K	f32	f32	2560	8192	1	1	2560	88	1	1	1440	11796480	11796480	10240	901120	901120	1	1	0	1	1
35	1788291913541982220	eager	1927	MUL_MAT	MMQ	-	blk.23.attn_v.weight	Vcur-23	q4_K	f32	f32	2560	1024	1	1	2560	88	1	1	1440	1474560	1474560	10240	901120	901120	1	1	0	1	1
35	1788291913541982220	eager	1927	MUL_MAT	MMQ	-	blk.23.ffn_down.weight	ffn_out-23	q4_K	f32	f32	9216	2560	1	1	9216	88	1	1	5184	13271040	13271040	36864	3244032	3244032	1	1	0	1	1
35	1788291913541982220	eager	1927	MUL_MAT	MMQ	-	blk.23.ffn_gate.weight	ffn_gate-23	q4_K	f32	f32	2560	9216	1	1	2560	88	1	1	1440	13271040	13271040	10240	901120	901120	1	1	0	1	1
35	1788291913541982220	eager	1927	MUL_MAT	MMQ	-	blk.23.ffn_up.weight	ffn_up-23	q4_K	f32	f32	2560	9216	1	1	2560	88	1	1	1440	13271040	13271040	10240	901120	901120	1	1	0	1	1
35	1788291913541982220	eager	1927	MUL_MAT	MMQ	-	blk.24.attn_gate.weight	z-24	q4_K	f32	f32	2560	4096	1	1	2560	88	1	1	1440	5898240	5898240	10240	901120	901120	1	1	0	1	1
35	1788291913541982220	eager	1927	MUL_MAT	MMQ	-	blk.24.attn_qkv.weight	node_1453	q5_K	f32	f32	2560	8192	1	1	2560	88	1	1	1760	14417920	14417920	10240	901120	901120	1	1	0	1	1
35	1788291913541982220	eager	1927	MUL_MAT	MMQ	-	blk.24.ffn_down.weight	ffn_out-24	q6_K	f32	f32	9216	2560	1	1	9216	88	1	1	7560	19353600	19353600	36864	3244032	3244032	1	1	0	1	1
35	1788291913541982220	eager	1927	MUL_MAT	MMQ	-	blk.24.ffn_gate.weight	ffn_gate-24	q4_K	f32	f32	2560	9216	1	1	2560	88	1	1	1440	13271040	13271040	10240	901120	901120	1	1	0	1	1
35	1788291913541982220	eager	1927	MUL_MAT	MMQ	-	blk.24.ffn_up.weight	ffn_up-24	q4_K	f32	f32	2560	9216	1	1	2560	88	1	1	1440	13271040	13271040	10240	901120	901120	1	1	0	1	1
35	1788291913541982220	eager	1927	MUL_MAT	MMQ	-	blk.24.ssm_alpha.weight	node_1474	q8_0	f32	f32	2560	32	1	1	2560	88	1	1	2720	87040	87040	10240	901120	901120	1	1	0	1	1
35	1788291913541982220	eager	1927	MUL_MAT	MMQ	-	blk.24.ssm_beta.weight	node_1480	q8_0	f32	f32	2560	32	1	1	2560	88	1	1	2720	87040	87040	10240	901120	901120	1	1	0	1	1
35	1788291913541982220	eager	1927	MUL_MAT	MMQ	-	blk.24.ssm_out.weight	linear_attn_out-24	q5_K	f32	f32	4096	2560	1	1	4096	88	1	1	2816	7208960	7208960	16384	1441792	1441792	1	1	0	1	1
35	1788291913541982220	eager	1927	MUL_MAT	MMQ	-	blk.25.attn_gate.weight	z-25	q4_K	f32	f32	2560	4096	1	1	2560	88	1	1	1440	5898240	5898240	10240	901120	901120	1	1	0	1	1
35	1788291913541982220	eager	1927	MUL_MAT	MMQ	-	blk.25.attn_qkv.weight	node_1516	q5_K	f32	f32	2560	8192	1	1	2560	88	1	1	1760	14417920	14417920	10240	901120	901120	1	1	0	1	1
35	1788291913541982220	eager	1927	MUL_MAT	MMQ	-	blk.25.ffn_down.weight	ffn_out-25	q4_K	f32	f32	9216	2560	1	1	9216	88	1	1	5184	13271040	13271040	36864	3244032	3244032	1	1	0	1	1
35	1788291913541982220	eager	1927	MUL_MAT	MMQ	-	blk.25.ffn_gate.weight	ffn_gate-25	q4_K	f32	f32	2560	9216	1	1	2560	88	1	1	1440	13271040	13271040	10240	901120	901120	1	1	0	1	1
35	1788291913541982220	eager	1927	MUL_MAT	MMQ	-	blk.25.ffn_up.weight	ffn_up-25	q4_K	f32	f32	2560	9216	1	1	2560	88	1	1	1440	13271040	13271040	10240	901120	901120	1	1	0	1	1
35	1788291913541982220	eager	1927	MUL_MAT	MMQ	-	blk.25.ssm_alpha.weight	node_1537	q8_0	f32	f32	2560	32	1	1	2560	88	1	1	2720	87040	87040	10240	901120	901120	1	1	0	1	1
35	1788291913541982220	eager	1927	MUL_MAT	MMQ	-	blk.25.ssm_beta.weight	node_1543	q8_0	f32	f32	2560	32	1	1	2560	88	1	1	2720	87040	87040	10240	901120	901120	1	1	0	1	1
35	1788291913541982220	eager	1927	MUL_MAT	MMQ	-	blk.25.ssm_out.weight	linear_attn_out-25	q5_K	f32	f32	4096	2560	1	1	4096	88	1	1	2816	7208960	7208960	16384	1441792	1441792	1	1	0	1	1
35	1788291913541982220	eager	1927	MUL_MAT	MMQ	-	blk.26.attn_gate.weight	z-26	q4_K	f32	f32	2560	4096	1	1	2560	88	1	1	1440	5898240	5898240	10240	901120	901120	1	1	0	1	1
35	1788291913541982220	eager	1927	MUL_MAT	MMQ	-	blk.26.attn_qkv.weight	node_1579	q5_K	f32	f32	2560	8192	1	1	2560	88	1	1	1760	14417920	14417920	10240	901120	901120	1	1	0	1	1
35	1788291913541982220	eager	1927	MUL_MAT	MMQ	-	blk.26.ffn_down.weight	ffn_out-26	q4_K	f32	f32	9216	2560	1	1	9216	88	1	1	5184	13271040	13271040	36864	3244032	3244032	1	1	0	1	1
35	1788291913541982220	eager	1927	MUL_MAT	MMQ	-	blk.26.ffn_gate.weight	ffn_gate-26	q4_K	f32	f32	2560	9216	1	1	2560	88	1	1	1440	13271040	13271040	10240	901120	901120	1	1	0	1	1
35	1788291913541982220	eager	1927	MUL_MAT	MMQ	-	blk.26.ffn_up.weight	ffn_up-26	q4_K	f32	f32	2560	9216	1	1	2560	88	1	1	1440	13271040	13271040	10240	901120	901120	1	1	0	1	1
35	1788291913541982220	eager	1927	MUL_MAT	MMQ	-	blk.26.ssm_alpha.weight	node_1600	q8_0	f32	f32	2560	32	1	1	2560	88	1	1	2720	87040	87040	10240	901120	901120	1	1	0	1	1
35	1788291913541982220	eager	1927	MUL_MAT	MMQ	-	blk.26.ssm_beta.weight	node_1606	q8_0	f32	f32	2560	32	1	1	2560	88	1	1	2720	87040	87040	10240	901120	901120	1	1	0	1	1
35	1788291913541982220	eager	1927	MUL_MAT	MMQ	-	blk.26.ssm_out.weight	linear_attn_out-26	q5_K	f32	f32	4096	2560	1	1	4096	88	1	1	2816	7208960	7208960	16384	1441792	1441792	1	1	0	1	1
35	1788291913541982220	eager	1927	MUL_MAT	MMQ	-	blk.27.attn_k.weight	Kcur-27	q4_K	f32	f32	2560	1024	1	1	2560	88	1	1	1440	1474560	1474560	10240	901120	901120	1	1	0	1	1
35	1788291913541982220	eager	1927	MUL_MAT	MMQ	-	blk.27.attn_output.weight	attn_output-27	q4_K	f32	f32	4096	2560	1	1	4096	88	1	1	2304	5898240	5898240	16384	1441792	1441792	1	1	0	1	1
35	1788291913541982220	eager	1927	MUL_MAT	MMQ	-	blk.27.attn_q.weight	Qcur_full-27	q4_K	f32	f32	2560	8192	1	1	2560	88	1	1	1440	11796480	11796480	10240	901120	901120	1	1	0	1	1
35	1788291913541982220	eager	1927	MUL_MAT	MMQ	-	blk.27.attn_v.weight	Vcur-27	q6_K	f32	f32	2560	1024	1	1	2560	88	1	1	2100	2150400	2150400	10240	901120	901120	1	1	0	1	1
35	1788291913541982220	eager	1927	MUL_MAT	MMQ	-	blk.27.ffn_down.weight	ffn_out-27	q6_K	f32	f32	9216	2560	1	1	9216	88	1	1	7560	19353600	19353600	36864	3244032	3244032	1	1	0	1	1
35	1788291913541982220	eager	1927	MUL_MAT	MMQ	-	blk.27.ffn_gate.weight	ffn_gate-27	q4_K	f32	f32	2560	9216	1	1	2560	88	1	1	1440	13271040	13271040	10240	901120	901120	1	1	0	1	1
35	1788291913541982220	eager	1927	MUL_MAT	MMQ	-	blk.27.ffn_up.weight	ffn_up-27	q4_K	f32	f32	2560	9216	1	1	2560	88	1	1	1440	13271040	13271040	10240	901120	901120	1	1	0	1	1
35	1788291913541982220	eager	1927	MUL_MAT	MMQ	-	blk.28.attn_gate.weight	z-28	q4_K	f32	f32	2560	4096	1	1	2560	88	1	1	1440	5898240	5898240	10240	901120	901120	1	1	0	1	1
35	1788291913541982220	eager	1927	MUL_MAT	MMQ	-	blk.28.attn_qkv.weight	node_1693	q5_K	f32	f32	2560	8192	1	1	2560	88	1	1	1760	14417920	14417920	10240	901120	901120	1	1	0	1	1
35	1788291913541982220	eager	1927	MUL_MAT	MMQ	-	blk.28.ffn_down.weight	ffn_out-28	q6_K	f32	f32	9216	2560	1	1	9216	88	1	1	7560	19353600	19353600	36864	3244032	3244032	1	1	0	1	1
35	1788291913541982220	eager	1927	MUL_MAT	MMQ	-	blk.28.ffn_gate.weight	ffn_gate-28	q4_K	f32	f32	2560	9216	1	1	2560	88	1	1	1440	13271040	13271040	10240	901120	901120	1	1	0	1	1
35	1788291913541982220	eager	1927	MUL_MAT	MMQ	-	blk.28.ffn_up.weight	ffn_up-28	q4_K	f32	f32	2560	9216	1	1	2560	88	1	1	1440	13271040	13271040	10240	901120	901120	1	1	0	1	1
35	1788291913541982220	eager	1927	MUL_MAT	MMQ	-	blk.28.ssm_alpha.weight	node_1714	q8_0	f32	f32	2560	32	1	1	2560	88	1	1	2720	87040	87040	10240	901120	901120	1	1	0	1	1
35	1788291913541982220	eager	1927	MUL_MAT	MMQ	-	blk.28.ssm_beta.weight	node_1720	q8_0	f32	f32	2560	32	1	1	2560	88	1	1	2720	87040	87040	10240	901120	901120	1	1	0	1	1
35	1788291913541982220	eager	1927	MUL_MAT	MMQ	-	blk.28.ssm_out.weight	linear_attn_out-28	q5_K	f32	f32	4096	2560	1	1	4096	88	1	1	2816	7208960	7208960	16384	1441792	1441792	1	1	0	1	1
35	1788291913541982220	eager	1927	MUL_MAT	MMQ	-	blk.29.attn_gate.weight	z-29	q4_K	f32	f32	2560	4096	1	1	2560	88	1	1	1440	5898240	5898240	10240	901120	901120	1	1	0	1	1
35	1788291913541982220	eager	1927	MUL_MAT	MMQ	-	blk.29.attn_qkv.weight	node_1756	q5_K	f32	f32	2560	8192	1	1	2560	88	1	1	1760	14417920	14417920	10240	901120	901120	1	1	0	1	1
35	1788291913541982220	eager	1927	MUL_MAT	MMQ	-	blk.29.ffn_down.weight	ffn_out-29	q6_K	f32	f32	9216	2560	1	1	9216	88	1	1	7560	19353600	19353600	36864	3244032	3244032	1	1	0	1	1
35	1788291913541982220	eager	1927	MUL_MAT	MMQ	-	blk.29.ffn_gate.weight	ffn_gate-29	q4_K	f32	f32	2560	9216	1	1	2560	88	1	1	1440	13271040	13271040	10240	901120	901120	1	1	0	1	1
35	1788291913541982220	eager	1927	MUL_MAT	MMQ	-	blk.29.ffn_up.weight	ffn_up-29	q4_K	f32	f32	2560	9216	1	1	2560	88	1	1	1440	13271040	13271040	10240	901120	901120	1	1	0	1	1
35	1788291913541982220	eager	1927	MUL_MAT	MMQ	-	blk.29.ssm_alpha.weight	node_1777	q8_0	f32	f32	2560	32	1	1	2560	88	1	1	2720	87040	87040	10240	901120	901120	1	1	0	1	1
35	1788291913541982220	eager	1927	MUL_MAT	MMQ	-	blk.29.ssm_beta.weight	node_1783	q8_0	f32	f32	2560	32	1	1	2560	88	1	1	2720	87040	87040	10240	901120	901120	1	1	0	1	1
35	1788291913541982220	eager	1927	MUL_MAT	MMQ	-	blk.29.ssm_out.weight	linear_attn_out-29	q5_K	f32	f32	4096	2560	1	1	4096	88	1	1	2816	7208960	7208960	16384	1441792	1441792	1	1	0	1	1
35	1788291913541982220	eager	1927	MUL_MAT	MMQ	-	blk.3.attn_k.weight	Kcur-3	q4_K	f32	f32	2560	1024	1	1	2560	88	1	1	1440	1474560	1474560	10240	901120	901120	1	1	0	1	1
35	1788291913541982220	eager	1927	MUL_MAT	MMQ	-	blk.3.attn_output.weight	attn_output-3	q4_K	f32	f32	4096	2560	1	1	4096	88	1	1	2304	5898240	5898240	16384	1441792	1441792	1	1	0	1	1
35	1788291913541982220	eager	1927	MUL_MAT	MMQ	-	blk.3.attn_q.weight	Qcur_full-3	q4_K	f32	f32	2560	8192	1	1	2560	88	1	1	1440	11796480	11796480	10240	901120	901120	1	1	0	1	1
35	1788291913541982220	eager	1927	MUL_MAT	MMQ	-	blk.3.attn_v.weight	Vcur-3	q6_K	f32	f32	2560	1024	1	1	2560	88	1	1	2100	2150400	2150400	10240	901120	901120	1	1	0	1	1
35	1788291913541982220	eager	1927	MUL_MAT	MMQ	-	blk.3.ffn_down.weight	ffn_out-3	q6_K	f32	f32	9216	2560	1	1	9216	88	1	1	7560	19353600	19353600	36864	3244032	3244032	1	1	0	1	1
35	1788291913541982220	eager	1927	MUL_MAT	MMQ	-	blk.3.ffn_gate.weight	ffn_gate-3	q4_K	f32	f32	2560	9216	1	1	2560	88	1	1	1440	13271040	13271040	10240	901120	901120	1	1	0	1	1
35	1788291913541982220	eager	1927	MUL_MAT	MMQ	-	blk.3.ffn_up.weight	ffn_up-3	q4_K	f32	f32	2560	9216	1	1	2560	88	1	1	1440	13271040	13271040	10240	901120	901120	1	1	0	1	1
35	1788291913541982220	eager	1927	MUL_MAT	MMQ	-	blk.30.attn_gate.weight	z-30	q4_K	f32	f32	2560	4096	1	1	2560	88	1	1	1440	5898240	5898240	10240	901120	901120	1	1	0	1	1
35	1788291913541982220	eager	1927	MUL_MAT	MMQ	-	blk.30.attn_qkv.weight	node_1819	q5_K	f32	f32	2560	8192	1	1	2560	88	1	1	1760	14417920	14417920	10240	901120	901120	1	1	0	1	1
35	1788291913541982220	eager	1927	MUL_MAT	MMQ	-	blk.30.ffn_down.weight	ffn_out-30	q6_K	f32	f32	9216	2560	1	1	9216	88	1	1	7560	19353600	19353600	36864	3244032	3244032	1	1	0	1	1
35	1788291913541982220	eager	1927	MUL_MAT	MMQ	-	blk.30.ffn_gate.weight	ffn_gate-30	q4_K	f32	f32	2560	9216	1	1	2560	88	1	1	1440	13271040	13271040	10240	901120	901120	1	1	0	1	1
35	1788291913541982220	eager	1927	MUL_MAT	MMQ	-	blk.30.ffn_up.weight	ffn_up-30	q4_K	f32	f32	2560	9216	1	1	2560	88	1	1	1440	13271040	13271040	10240	901120	901120	1	1	0	1	1
35	1788291913541982220	eager	1927	MUL_MAT	MMQ	-	blk.30.ssm_alpha.weight	node_1840	q8_0	f32	f32	2560	32	1	1	2560	88	1	1	2720	87040	87040	10240	901120	901120	1	1	0	1	1
35	1788291913541982220	eager	1927	MUL_MAT	MMQ	-	blk.30.ssm_beta.weight	node_1846	q8_0	f32	f32	2560	32	1	1	2560	88	1	1	2720	87040	87040	10240	901120	901120	1	1	0	1	1
35	1788291913541982220	eager	1927	MUL_MAT	MMQ	-	blk.30.ssm_out.weight	linear_attn_out-30	q5_K	f32	f32	4096	2560	1	1	4096	88	1	1	2816	7208960	7208960	16384	1441792	1441792	1	1	0	1	1
35	1788291913541982220	eager	1927	MUL_MAT	MMQ	-	blk.31.attn_k.weight	Kcur-31	q4_K	f32	f32	2560	1024	1	1	2560	88	1	1	1440	1474560	1474560	10240	901120	901120	1	1	0	1	1
35	1788291913541982220	eager	1927	MUL_MAT	MMQ	-	blk.31.attn_output.weight	attn_output-31	q4_K	f32	f32	4096	2560	1	1	4096	88	1	1	2304	5898240	5898240	16384	1441792	1441792	1	1	0	1	1
35	1788291913541982220	eager	1927	MUL_MAT	MMQ	-	blk.31.attn_q.weight	Qcur_full-31	q4_K	f32	f32	2560	8192	1	1	2560	88	1	1	1440	11796480	11796480	10240	901120	901120	1	1	0	1	1
35	1788291913541982220	eager	1927	MUL_MAT	MMQ	-	blk.31.attn_v.weight	Vcur-31	q4_K	f32	f32	2560	1024	1	1	2560	88	1	1	1440	1474560	1474560	10240	901120	901120	1	1	0	1	1
35	1788291913541982220	eager	1927	MUL_MAT	MMQ	-	blk.31.ffn_down.weight	ffn_out-31	q6_K	f32	f32	9216	2560	1	1	9216	88	1	1	7560	19353600	19353600	36864	3244032	3244032	1	1	0	1	1
35	1788291913541982220	eager	1927	MUL_MAT	MMQ	-	blk.31.ffn_gate.weight	ffn_gate-31	q4_K	f32	f32	2560	9216	1	1	2560	88	1	1	1440	13271040	13271040	10240	901120	901120	1	1	0	1	1
35	1788291913541982220	eager	1927	MUL_MAT	MMQ	-	blk.31.ffn_up.weight	ffn_up-31	q4_K	f32	f32	2560	9216	1	1	2560	88	1	1	1440	13271040	13271040	10240	901120	901120	1	1	0	1	1
35	1788291913541982220	eager	1927	MUL_MAT	MMQ	-	blk.4.attn_gate.weight	z-4	q4_K	f32	f32	2560	4096	1	1	2560	88	1	1	1440	5898240	5898240	10240	901120	901120	1	1	0	1	1
35	1788291913541982220	eager	1927	MUL_MAT	MMQ	-	blk.4.attn_qkv.weight	node_253	q5_K	f32	f32	2560	8192	1	1	2560	88	1	1	1760	14417920	14417920	10240	901120	901120	1	1	0	1	1
35	1788291913541982220	eager	1927	MUL_MAT	MMQ	-	blk.4.ffn_down.weight	ffn_out-4	q4_K	f32	f32	9216	2560	1	1	9216	88	1	1	5184	13271040	13271040	36864	3244032	3244032	1	1	0	1	1
35	1788291913541982220	eager	1927	MUL_MAT	MMQ	-	blk.4.ffn_gate.weight	ffn_gate-4	q4_K	f32	f32	2560	9216	1	1	2560	88	1	1	1440	13271040	13271040	10240	901120	901120	1	1	0	1	1
35	1788291913541982220	eager	1927	MUL_MAT	MMQ	-	blk.4.ffn_up.weight	ffn_up-4	q4_K	f32	f32	2560	9216	1	1	2560	88	1	1	1440	13271040	13271040	10240	901120	901120	1	1	0	1	1
35	1788291913541982220	eager	1927	MUL_MAT	MMQ	-	blk.4.ssm_alpha.weight	node_274	q8_0	f32	f32	2560	32	1	1	2560	88	1	1	2720	87040	87040	10240	901120	901120	1	1	0	1	1
35	1788291913541982220	eager	1927	MUL_MAT	MMQ	-	blk.4.ssm_beta.weight	node_280	q8_0	f32	f32	2560	32	1	1	2560	88	1	1	2720	87040	87040	10240	901120	901120	1	1	0	1	1
35	1788291913541982220	eager	1927	MUL_MAT	MMQ	-	blk.4.ssm_out.weight	linear_attn_out-4	q5_K	f32	f32	4096	2560	1	1	4096	88	1	1	2816	7208960	7208960	16384	1441792	1441792	1	1	0	1	1
35	1788291913541982220	eager	1927	MUL_MAT	MMQ	-	blk.5.attn_gate.weight	z-5	q4_K	f32	f32	2560	4096	1	1	2560	88	1	1	1440	5898240	5898240	10240	901120	901120	1	1	0	1	1
35	1788291913541982220	eager	1927	MUL_MAT	MMQ	-	blk.5.attn_qkv.weight	node_316	q5_K	f32	f32	2560	8192	1	1	2560	88	1	1	1760	14417920	14417920	10240	901120	901120	1	1	0	1	1
35	1788291913541982220	eager	1927	MUL_MAT	MMQ	-	blk.5.ffn_down.weight	ffn_out-5	q4_K	f32	f32	9216	2560	1	1	9216	88	1	1	5184	13271040	13271040	36864	3244032	3244032	1	1	0	1	1
35	1788291913541982220	eager	1927	MUL_MAT	MMQ	-	blk.5.ffn_gate.weight	ffn_gate-5	q4_K	f32	f32	2560	9216	1	1	2560	88	1	1	1440	13271040	13271040	10240	901120	901120	1	1	0	1	1
35	1788291913541982220	eager	1927	MUL_MAT	MMQ	-	blk.5.ffn_up.weight	ffn_up-5	q4_K	f32	f32	2560	9216	1	1	2560	88	1	1	1440	13271040	13271040	10240	901120	901120	1	1	0	1	1
35	1788291913541982220	eager	1927	MUL_MAT	MMQ	-	blk.5.ssm_alpha.weight	node_337	q8_0	f32	f32	2560	32	1	1	2560	88	1	1	2720	87040	87040	10240	901120	901120	1	1	0	1	1
35	1788291913541982220	eager	1927	MUL_MAT	MMQ	-	blk.5.ssm_beta.weight	node_343	q8_0	f32	f32	2560	32	1	1	2560	88	1	1	2720	87040	87040	10240	901120	901120	1	1	0	1	1
35	1788291913541982220	eager	1927	MUL_MAT	MMQ	-	blk.5.ssm_out.weight	linear_attn_out-5	q5_K	f32	f32	4096	2560	1	1	4096	88	1	1	2816	7208960	7208960	16384	1441792	1441792	1	1	0	1	1
35	1788291913541982220	eager	1927	MUL_MAT	MMQ	-	blk.6.attn_gate.weight	z-6	q4_K	f32	f32	2560	4096	1	1	2560	88	1	1	1440	5898240	5898240	10240	901120	901120	1	1	0	1	1
35	1788291913541982220	eager	1927	MUL_MAT	MMQ	-	blk.6.attn_qkv.weight	node_379	q5_K	f32	f32	2560	8192	1	1	2560	88	1	1	1760	14417920	14417920	10240	901120	901120	1	1	0	1	1
35	1788291913541982220	eager	1927	MUL_MAT	MMQ	-	blk.6.ffn_down.weight	ffn_out-6	q6_K	f32	f32	9216	2560	1	1	9216	88	1	1	7560	19353600	19353600	36864	3244032	3244032	1	1	0	1	1
35	1788291913541982220	eager	1927	MUL_MAT	MMQ	-	blk.6.ffn_gate.weight	ffn_gate-6	q4_K	f32	f32	2560	9216	1	1	2560	88	1	1	1440	13271040	13271040	10240	901120	901120	1	1	0	1	1
35	1788291913541982220	eager	1927	MUL_MAT	MMQ	-	blk.6.ffn_up.weight	ffn_up-6	q4_K	f32	f32	2560	9216	1	1	2560	88	1	1	1440	13271040	13271040	10240	901120	901120	1	1	0	1	1
35	1788291913541982220	eager	1927	MUL_MAT	MMQ	-	blk.6.ssm_alpha.weight	node_400	q8_0	f32	f32	2560	32	1	1	2560	88	1	1	2720	87040	87040	10240	901120	901120	1	1	0	1	1
35	1788291913541982220	eager	1927	MUL_MAT	MMQ	-	blk.6.ssm_beta.weight	node_406	q8_0	f32	f32	2560	32	1	1	2560	88	1	1	2720	87040	87040	10240	901120	901120	1	1	0	1	1
35	1788291913541982220	eager	1927	MUL_MAT	MMQ	-	blk.6.ssm_out.weight	linear_attn_out-6	q5_K	f32	f32	4096	2560	1	1	4096	88	1	1	2816	7208960	7208960	16384	1441792	1441792	1	1	0	1	1
35	1788291913541982220	eager	1927	MUL_MAT	MMQ	-	blk.7.attn_k.weight	Kcur-7	q4_K	f32	f32	2560	1024	1	1	2560	88	1	1	1440	1474560	1474560	10240	901120	901120	1	1	0	1	1
35	1788291913541982220	eager	1927	MUL_MAT	MMQ	-	blk.7.attn_output.weight	attn_output-7	q4_K	f32	f32	4096	2560	1	1	4096	88	1	1	2304	5898240	5898240	16384	1441792	1441792	1	1	0	1	1
35	1788291913541982220	eager	1927	MUL_MAT	MMQ	-	blk.7.attn_q.weight	Qcur_full-7	q4_K	f32	f32	2560	8192	1	1	2560	88	1	1	1440	11796480	11796480	10240	901120	901120	1	1	0	1	1
35	1788291913541982220	eager	1927	MUL_MAT	MMQ	-	blk.7.attn_v.weight	Vcur-7	q6_K	f32	f32	2560	1024	1	1	2560	88	1	1	2100	2150400	2150400	10240	901120	901120	1	1	0	1	1
35	1788291913541982220	eager	1927	MUL_MAT	MMQ	-	blk.7.ffn_down.weight	ffn_out-7	q4_K	f32	f32	9216	2560	1	1	9216	88	1	1	5184	13271040	13271040	36864	3244032	3244032	1	1	0	1	1
35	1788291913541982220	eager	1927	MUL_MAT	MMQ	-	blk.7.ffn_gate.weight	ffn_gate-7	q4_K	f32	f32	2560	9216	1	1	2560	88	1	1	1440	13271040	13271040	10240	901120	901120	1	1	0	1	1
35	1788291913541982220	eager	1927	MUL_MAT	MMQ	-	blk.7.ffn_up.weight	ffn_up-7	q4_K	f32	f32	2560	9216	1	1	2560	88	1	1	1440	13271040	13271040	10240	901120	901120	1	1	0	1	1
35	1788291913541982220	eager	1927	MUL_MAT	MMQ	-	blk.8.attn_gate.weight	z-8	q4_K	f32	f32	2560	4096	1	1	2560	88	1	1	1440	5898240	5898240	10240	901120	901120	1	1	0	1	1
35	1788291913541982220	eager	1927	MUL_MAT	MMQ	-	blk.8.attn_qkv.weight	node_493	q5_K	f32	f32	2560	8192	1	1	2560	88	1	1	1760	14417920	14417920	10240	901120	901120	1	1	0	1	1
35	1788291913541982220	eager	1927	MUL_MAT	MMQ	-	blk.8.ffn_down.weight	ffn_out-8	q4_K	f32	f32	9216	2560	1	1	9216	88	1	1	5184	13271040	13271040	36864	3244032	3244032	1	1	0	1	1
35	1788291913541982220	eager	1927	MUL_MAT	MMQ	-	blk.8.ffn_gate.weight	ffn_gate-8	q4_K	f32	f32	2560	9216	1	1	2560	88	1	1	1440	13271040	13271040	10240	901120	901120	1	1	0	1	1
35	1788291913541982220	eager	1927	MUL_MAT	MMQ	-	blk.8.ffn_up.weight	ffn_up-8	q4_K	f32	f32	2560	9216	1	1	2560	88	1	1	1440	13271040	13271040	10240	901120	901120	1	1	0	1	1
35	1788291913541982220	eager	1927	MUL_MAT	MMQ	-	blk.8.ssm_alpha.weight	node_514	q8_0	f32	f32	2560	32	1	1	2560	88	1	1	2720	87040	87040	10240	901120	901120	1	1	0	1	1
35	1788291913541982220	eager	1927	MUL_MAT	MMQ	-	blk.8.ssm_beta.weight	node_520	q8_0	f32	f32	2560	32	1	1	2560	88	1	1	2720	87040	87040	10240	901120	901120	1	1	0	1	1
35	1788291913541982220	eager	1927	MUL_MAT	MMQ	-	blk.8.ssm_out.weight	linear_attn_out-8	q5_K	f32	f32	4096	2560	1	1	4096	88	1	1	2816	7208960	7208960	16384	1441792	1441792	1	1	0	1	1
35	1788291913541982220	eager	1927	MUL_MAT	MMQ	-	blk.9.attn_gate.weight	z-9	q4_K	f32	f32	2560	4096	1	1	2560	88	1	1	1440	5898240	5898240	10240	901120	901120	1	1	0	1	1
35	1788291913541982220	eager	1927	MUL_MAT	MMQ	-	blk.9.attn_qkv.weight	node_556	q5_K	f32	f32	2560	8192	1	1	2560	88	1	1	1760	14417920	14417920	10240	901120	901120	1	1	0	1	1
35	1788291913541982220	eager	1927	MUL_MAT	MMQ	-	blk.9.ffn_down.weight	ffn_out-9	q6_K	f32	f32	9216	2560	1	1	9216	88	1	1	7560	19353600	19353600	36864	3244032	3244032	1	1	0	1	1
35	1788291913541982220	eager	1927	MUL_MAT	MMQ	-	blk.9.ffn_gate.weight	ffn_gate-9	q4_K	f32	f32	2560	9216	1	1	2560	88	1	1	1440	13271040	13271040	10240	901120	901120	1	1	0	1	1
35	1788291913541982220	eager	1927	MUL_MAT	MMQ	-	blk.9.ffn_up.weight	ffn_up-9	q4_K	f32	f32	2560	9216	1	1	2560	88	1	1	1440	13271040	13271040	10240	901120	901120	1	1	0	1	1
35	1788291913541982220	eager	1927	MUL_MAT	MMQ	-	blk.9.ssm_alpha.weight	node_577	q8_0	f32	f32	2560	32	1	1	2560	88	1	1	2720	87040	87040	10240	901120	901120	1	1	0	1	1
35	1788291913541982220	eager	1927	MUL_MAT	MMQ	-	blk.9.ssm_beta.weight	node_583	q8_0	f32	f32	2560	32	1	1	2560	88	1	1	2720	87040	87040	10240	901120	901120	1	1	0	1	1
35	1788291913541982220	eager	1927	MUL_MAT	MMQ	-	blk.9.ssm_out.weight	linear_attn_out-9	q5_K	f32	f32	4096	2560	1	1	4096	88	1	1	2816	7208960	7208960	16384	1441792	1441792	1	1	0	1	1
36	1788291913563536262	eager	1927	MUL_MAT	MMQ	-	blk.0.attn_gate.weight	z-0	q4_K	f32	f32	2560	4096	1	1	2560	10	1	1	1440	5898240	5898240	10240	102400	102400	1	1	0	1	1
36	1788291913563536262	eager	1927	MUL_MAT	MMQ	-	blk.0.attn_qkv.weight	node_13	q5_K	f32	f32	2560	8192	1	1	2560	10	1	1	1760	14417920	14417920	10240	102400	102400	1	1	0	1	1
36	1788291913563536262	eager	1927	MUL_MAT	MMQ	-	blk.0.ffn_gate.weight	ffn_gate-0	q4_K	f32	f32	2560	9216	1	1	2560	10	1	1	1440	13271040	13271040	10240	102400	102400	1	1	0	1	1
36	1788291913563536262	eager	1927	MUL_MAT	MMQ	-	blk.0.ffn_up.weight	ffn_up-0	q4_K	f32	f32	2560	9216	1	1	2560	10	1	1	1440	13271040	13271040	10240	102400	102400	1	1	0	1	1
36	1788291913563536262	eager	1927	MUL_MAT	MMQ	-	blk.0.ssm_out.weight	linear_attn_out-0	q5_K	f32	f32	4096	2560	1	1	4096	10	1	1	2816	7208960	7208960	16384	163840	163840	1	1	0	1	1
36	1788291913563536262	eager	1927	MUL_MAT	MMQ	-	blk.1.attn_gate.weight	z-1	q4_K	f32	f32	2560	4096	1	1	2560	10	1	1	1440	5898240	5898240	10240	102400	102400	1	1	0	1	1
36	1788291913563536262	eager	1927	MUL_MAT	MMQ	-	blk.1.attn_qkv.weight	node_76	q5_K	f32	f32	2560	8192	1	1	2560	10	1	1	1760	14417920	14417920	10240	102400	102400	1	1	0	1	1
36	1788291913563536262	eager	1927	MUL_MAT	MMQ	-	blk.1.ffn_gate.weight	ffn_gate-1	q4_K	f32	f32	2560	9216	1	1	2560	10	1	1	1440	13271040	13271040	10240	102400	102400	1	1	0	1	1
36	1788291913563536262	eager	1927	MUL_MAT	MMQ	-	blk.1.ffn_up.weight	ffn_up-1	q4_K	f32	f32	2560	9216	1	1	2560	10	1	1	1440	13271040	13271040	10240	102400	102400	1	1	0	1	1
36	1788291913563536262	eager	1927	MUL_MAT	MMQ	-	blk.1.ssm_out.weight	linear_attn_out-1	q5_K	f32	f32	4096	2560	1	1	4096	10	1	1	2816	7208960	7208960	16384	163840	163840	1	1	0	1	1
36	1788291913563536262	eager	1927	MUL_MAT	MMQ	-	blk.10.attn_gate.weight	z-10	q4_K	f32	f32	2560	4096	1	1	2560	10	1	1	1440	5898240	5898240	10240	102400	102400	1	1	0	1	1
36	1788291913563536262	eager	1927	MUL_MAT	MMQ	-	blk.10.attn_qkv.weight	node_619	q5_K	f32	f32	2560	8192	1	1	2560	10	1	1	1760	14417920	14417920	10240	102400	102400	1	1	0	1	1
36	1788291913563536262	eager	1927	MUL_MAT	MMQ	-	blk.10.ffn_down.weight	ffn_out-10	q4_K	f32	f32	9216	2560	1	1	9216	10	1	1	5184	13271040	13271040	36864	368640	368640	1	1	0	1	1
36	1788291913563536262	eager	1927	MUL_MAT	MMQ	-	blk.10.ffn_gate.weight	ffn_gate-10	q4_K	f32	f32	2560	9216	1	1	2560	10	1	1	1440	13271040	13271040	10240	102400	102400	1	1	0	1	1
36	1788291913563536262	eager	1927	MUL_MAT	MMQ	-	blk.10.ffn_up.weight	ffn_up-10	q4_K	f32	f32	2560	9216	1	1	2560	10	1	1	1440	13271040	13271040	10240	102400	102400	1	1	0	1	1
36	1788291913563536262	eager	1927	MUL_MAT	MMQ	-	blk.10.ssm_out.weight	linear_attn_out-10	q5_K	f32	f32	4096	2560	1	1	4096	10	1	1	2816	7208960	7208960	16384	163840	163840	1	1	0	1	1
36	1788291913563536262	eager	1927	MUL_MAT	MMQ	-	blk.11.attn_k.weight	Kcur-11	q4_K	f32	f32	2560	1024	1	1	2560	10	1	1	1440	1474560	1474560	10240	102400	102400	1	1	0	1	1
36	1788291913563536262	eager	1927	MUL_MAT	MMQ	-	blk.11.attn_output.weight	attn_output-11	q4_K	f32	f32	4096	2560	1	1	4096	10	1	1	2304	5898240	5898240	16384	163840	163840	1	1	0	1	1
36	1788291913563536262	eager	1927	MUL_MAT	MMQ	-	blk.11.attn_q.weight	Qcur_full-11	q4_K	f32	f32	2560	8192	1	1	2560	10	1	1	1440	11796480	11796480	10240	102400	102400	1	1	0	1	1
36	1788291913563536262	eager	1927	MUL_MAT	MMQ	-	blk.11.ffn_down.weight	ffn_out-11	q4_K	f32	f32	9216	2560	1	1	9216	10	1	1	5184	13271040	13271040	36864	368640	368640	1	1	0	1	1
36	1788291913563536262	eager	1927	MUL_MAT	MMQ	-	blk.11.ffn_gate.weight	ffn_gate-11	q4_K	f32	f32	2560	9216	1	1	2560	10	1	1	1440	13271040	13271040	10240	102400	102400	1	1	0	1	1
36	1788291913563536262	eager	1927	MUL_MAT	MMQ	-	blk.11.ffn_up.weight	ffn_up-11	q4_K	f32	f32	2560	9216	1	1	2560	10	1	1	1440	13271040	13271040	10240	102400	102400	1	1	0	1	1
36	1788291913563536262	eager	1927	MUL_MAT	MMQ	-	blk.12.attn_gate.weight	z-12	q4_K	f32	f32	2560	4096	1	1	2560	10	1	1	1440	5898240	5898240	10240	102400	102400	1	1	0	1	1
36	1788291913563536262	eager	1927	MUL_MAT	MMQ	-	blk.12.attn_qkv.weight	node_733	q5_K	f32	f32	2560	8192	1	1	2560	10	1	1	1760	14417920	14417920	10240	102400	102400	1	1	0	1	1
36	1788291913563536262	eager	1927	MUL_MAT	MMQ	-	blk.12.ffn_gate.weight	ffn_gate-12	q4_K	f32	f32	2560	9216	1	1	2560	10	1	1	1440	13271040	13271040	10240	102400	102400	1	1	0	1	1
36	1788291913563536262	eager	1927	MUL_MAT	MMQ	-	blk.12.ffn_up.weight	ffn_up-12	q4_K	f32	f32	2560	9216	1	1	2560	10	1	1	1440	13271040	13271040	10240	102400	102400	1	1	0	1	1
36	1788291913563536262	eager	1927	MUL_MAT	MMQ	-	blk.12.ssm_out.weight	linear_attn_out-12	q5_K	f32	f32	4096	2560	1	1	4096	10	1	1	2816	7208960	7208960	16384	163840	163840	1	1	0	1	1
36	1788291913563536262	eager	1927	MUL_MAT	MMQ	-	blk.13.attn_gate.weight	z-13	q4_K	f32	f32	2560	4096	1	1	2560	10	1	1	1440	5898240	5898240	10240	102400	102400	1	1	0	1	1
36	1788291913563536262	eager	1927	MUL_MAT	MMQ	-	blk.13.attn_qkv.weight	node_796	q5_K	f32	f32	2560	8192	1	1	2560	10	1	1	1760	14417920	14417920	10240	102400	102400	1	1	0	1	1
36	1788291913563536262	eager	1927	MUL_MAT	MMQ	-	blk.13.ffn_down.weight	ffn_out-13	q4_K	f32	f32	9216	2560	1	1	9216	10	1	1	5184	13271040	13271040	36864	368640	368640	1	1	0	1	1
36	1788291913563536262	eager	1927	MUL_MAT	MMQ	-	blk.13.ffn_gate.weight	ffn_gate-13	q4_K	f32	f32	2560	9216	1	1	2560	10	1	1	1440	13271040	13271040	10240	102400	102400	1	1	0	1	1
36	1788291913563536262	eager	1927	MUL_MAT	MMQ	-	blk.13.ffn_up.weight	ffn_up-13	q4_K	f32	f32	2560	9216	1	1	2560	10	1	1	1440	13271040	13271040	10240	102400	102400	1	1	0	1	1
36	1788291913563536262	eager	1927	MUL_MAT	MMQ	-	blk.13.ssm_out.weight	linear_attn_out-13	q5_K	f32	f32	4096	2560	1	1	4096	10	1	1	2816	7208960	7208960	16384	163840	163840	1	1	0	1	1
36	1788291913563536262	eager	1927	MUL_MAT	MMQ	-	blk.14.attn_gate.weight	z-14	q4_K	f32	f32	2560	4096	1	1	2560	10	1	1	1440	5898240	5898240	10240	102400	102400	1	1	0	1	1
36	1788291913563536262	eager	1927	MUL_MAT	MMQ	-	blk.14.attn_qkv.weight	node_859	q5_K	f32	f32	2560	8192	1	1	2560	10	1	1	1760	14417920	14417920	10240	102400	102400	1	1	0	1	1
36	1788291913563536262	eager	1927	MUL_MAT	MMQ	-	blk.14.ffn_down.weight	ffn_out-14	q4_K	f32	f32	9216	2560	1	1	9216	10	1	1	5184	13271040	13271040	36864	368640	368640	1	1	0	1	1
36	1788291913563536262	eager	1927	MUL_MAT	MMQ	-	blk.14.ffn_gate.weight	ffn_gate-14	q4_K	f32	f32	2560	9216	1	1	2560	10	1	1	1440	13271040	13271040	10240	102400	102400	1	1	0	1	1
36	1788291913563536262	eager	1927	MUL_MAT	MMQ	-	blk.14.ffn_up.weight	ffn_up-14	q4_K	f32	f32	2560	9216	1	1	2560	10	1	1	1440	13271040	13271040	10240	102400	102400	1	1	0	1	1
36	1788291913563536262	eager	1927	MUL_MAT	MMQ	-	blk.14.ssm_out.weight	linear_attn_out-14	q5_K	f32	f32	4096	2560	1	1	4096	10	1	1	2816	7208960	7208960	16384	163840	163840	1	1	0	1	1
36	1788291913563536262	eager	1927	MUL_MAT	MMQ	-	blk.15.attn_k.weight	Kcur-15	q4_K	f32	f32	2560	1024	1	1	2560	10	1	1	1440	1474560	1474560	10240	102400	102400	1	1	0	1	1
36	1788291913563536262	eager	1927	MUL_MAT	MMQ	-	blk.15.attn_output.weight	attn_output-15	q4_K	f32	f32	4096	2560	1	1	4096	10	1	1	2304	5898240	5898240	16384	163840	163840	1	1	0	1	1
36	1788291913563536262	eager	1927	MUL_MAT	MMQ	-	blk.15.attn_q.weight	Qcur_full-15	q4_K	f32	f32	2560	8192	1	1	2560	10	1	1	1440	11796480	11796480	10240	102400	102400	1	1	0	1	1
36	1788291913563536262	eager	1927	MUL_MAT	MMQ	-	blk.15.ffn_gate.weight	ffn_gate-15	q4_K	f32	f32	2560	9216	1	1	2560	10	1	1	1440	13271040	13271040	10240	102400	102400	1	1	0	1	1
36	1788291913563536262	eager	1927	MUL_MAT	MMQ	-	blk.15.ffn_up.weight	ffn_up-15	q4_K	f32	f32	2560	9216	1	1	2560	10	1	1	1440	13271040	13271040	10240	102400	102400	1	1	0	1	1
36	1788291913563536262	eager	1927	MUL_MAT	MMQ	-	blk.16.attn_gate.weight	z-16	q4_K	f32	f32	2560	4096	1	1	2560	10	1	1	1440	5898240	5898240	10240	102400	102400	1	1	0	1	1
36	1788291913563536262	eager	1927	MUL_MAT	MMQ	-	blk.16.attn_qkv.weight	node_973	q5_K	f32	f32	2560	8192	1	1	2560	10	1	1	1760	14417920	14417920	10240	102400	102400	1	1	0	1	1
36	1788291913563536262	eager	1927	MUL_MAT	MMQ	-	blk.16.ffn_down.weight	ffn_out-16	q4_K	f32	f32	9216	2560	1	1	9216	10	1	1	5184	13271040	13271040	36864	368640	368640	1	1	0	1	1
36	1788291913563536262	eager	1927	MUL_MAT	MMQ	-	blk.16.ffn_gate.weight	ffn_gate-16	q4_K	f32	f32	2560	9216	1	1	2560	10	1	1	1440	13271040	13271040	10240	102400	102400	1	1	0	1	1
36	1788291913563536262	eager	1927	MUL_MAT	MMQ	-	blk.16.ffn_up.weight	ffn_up-16	q4_K	f32	f32	2560	9216	1	1	2560	10	1	1	1440	13271040	13271040	10240	102400	102400	1	1	0	1	1
36	1788291913563536262	eager	1927	MUL_MAT	MMQ	-	blk.16.ssm_out.weight	linear_attn_out-16	q5_K	f32	f32	4096	2560	1	1	4096	10	1	1	2816	7208960	7208960	16384	163840	163840	1	1	0	1	1
36	1788291913563536262	eager	1927	MUL_MAT	MMQ	-	blk.17.attn_gate.weight	z-17	q4_K	f32	f32	2560	4096	1	1	2560	10	1	1	1440	5898240	5898240	10240	102400	102400	1	1	0	1	1
36	1788291913563536262	eager	1927	MUL_MAT	MMQ	-	blk.17.attn_qkv.weight	node_1036	q5_K	f32	f32	2560	8192	1	1	2560	10	1	1	1760	14417920	14417920	10240	102400	102400	1	1	0	1	1
36	1788291913563536262	eager	1927	MUL_MAT	MMQ	-	blk.17.ffn_down.weight	ffn_out-17	q4_K	f32	f32	9216	2560	1	1	9216	10	1	1	5184	13271040	13271040	36864	368640	368640	1	1	0	1	1
36	1788291913563536262	eager	1927	MUL_MAT	MMQ	-	blk.17.ffn_gate.weight	ffn_gate-17	q4_K	f32	f32	2560	9216	1	1	2560	10	1	1	1440	13271040	13271040	10240	102400	102400	1	1	0	1	1
36	1788291913563536262	eager	1927	MUL_MAT	MMQ	-	blk.17.ffn_up.weight	ffn_up-17	q4_K	f32	f32	2560	9216	1	1	2560	10	1	1	1440	13271040	13271040	10240	102400	102400	1	1	0	1	1
36	1788291913563536262	eager	1927	MUL_MAT	MMQ	-	blk.17.ssm_out.weight	linear_attn_out-17	q5_K	f32	f32	4096	2560	1	1	4096	10	1	1	2816	7208960	7208960	16384	163840	163840	1	1	0	1	1
36	1788291913563536262	eager	1927	MUL_MAT	MMQ	-	blk.18.attn_gate.weight	z-18	q4_K	f32	f32	2560	4096	1	1	2560	10	1	1	1440	5898240	5898240	10240	102400	102400	1	1	0	1	1
36	1788291913563536262	eager	1927	MUL_MAT	MMQ	-	blk.18.attn_qkv.weight	node_1099	q5_K	f32	f32	2560	8192	1	1	2560	10	1	1	1760	14417920	14417920	10240	102400	102400	1	1	0	1	1
36	1788291913563536262	eager	1927	MUL_MAT	MMQ	-	blk.18.ffn_gate.weight	ffn_gate-18	q4_K	f32	f32	2560	9216	1	1	2560	10	1	1	1440	13271040	13271040	10240	102400	102400	1	1	0	1	1
36	1788291913563536262	eager	1927	MUL_MAT	MMQ	-	blk.18.ffn_up.weight	ffn_up-18	q4_K	f32	f32	2560	9216	1	1	2560	10	1	1	1440	13271040	13271040	10240	102400	102400	1	1	0	1	1
36	1788291913563536262	eager	1927	MUL_MAT	MMQ	-	blk.18.ssm_out.weight	linear_attn_out-18	q5_K	f32	f32	4096	2560	1	1	4096	10	1	1	2816	7208960	7208960	16384	163840	163840	1	1	0	1	1
36	1788291913563536262	eager	1927	MUL_MAT	MMQ	-	blk.19.attn_k.weight	Kcur-19	q4_K	f32	f32	2560	1024	1	1	2560	10	1	1	1440	1474560	1474560	10240	102400	102400	1	1	0	1	1
36	1788291913563536262	eager	1927	MUL_MAT	MMQ	-	blk.19.attn_output.weight	attn_output-19	q4_K	f32	f32	4096	2560	1	1	4096	10	1	1	2304	5898240	5898240	16384	163840	163840	1	1	0	1	1
36	1788291913563536262	eager	1927	MUL_MAT	MMQ	-	blk.19.attn_q.weight	Qcur_full-19	q4_K	f32	f32	2560	8192	1	1	2560	10	1	1	1440	11796480	11796480	10240	102400	102400	1	1	0	1	1
36	1788291913563536262	eager	1927	MUL_MAT	MMQ	-	blk.19.attn_v.weight	Vcur-19	q4_K	f32	f32	2560	1024	1	1	2560	10	1	1	1440	1474560	1474560	10240	102400	102400	1	1	0	1	1
36	1788291913563536262	eager	1927	MUL_MAT	MMQ	-	blk.19.ffn_down.weight	ffn_out-19	q4_K	f32	f32	9216	2560	1	1	9216	10	1	1	5184	13271040	13271040	36864	368640	368640	1	1	0	1	1
36	1788291913563536262	eager	1927	MUL_MAT	MMQ	-	blk.19.ffn_gate.weight	ffn_gate-19	q4_K	f32	f32	2560	9216	1	1	2560	10	1	1	1440	13271040	13271040	10240	102400	102400	1	1	0	1	1
36	1788291913563536262	eager	1927	MUL_MAT	MMQ	-	blk.19.ffn_up.weight	ffn_up-19	q4_K	f32	f32	2560	9216	1	1	2560	10	1	1	1440	13271040	13271040	10240	102400	102400	1	1	0	1	1
36	1788291913563536262	eager	1927	MUL_MAT	MMQ	-	blk.2.attn_gate.weight	z-2	q4_K	f32	f32	2560	4096	1	1	2560	10	1	1	1440	5898240	5898240	10240	102400	102400	1	1	0	1	1
36	1788291913563536262	eager	1927	MUL_MAT	MMQ	-	blk.2.attn_qkv.weight	node_139	q5_K	f32	f32	2560	8192	1	1	2560	10	1	1	1760	14417920	14417920	10240	102400	102400	1	1	0	1	1
36	1788291913563536262	eager	1927	MUL_MAT	MMQ	-	blk.2.ffn_gate.weight	ffn_gate-2	q4_K	f32	f32	2560	9216	1	1	2560	10	1	1	1440	13271040	13271040	10240	102400	102400	1	1	0	1	1
36	1788291913563536262	eager	1927	MUL_MAT	MMQ	-	blk.2.ffn_up.weight	ffn_up-2	q4_K	f32	f32	2560	9216	1	1	2560	10	1	1	1440	13271040	13271040	10240	102400	102400	1	1	0	1	1
36	1788291913563536262	eager	1927	MUL_MAT	MMQ	-	blk.2.ssm_out.weight	linear_attn_out-2	q5_K	f32	f32	4096	2560	1	1	4096	10	1	1	2816	7208960	7208960	16384	163840	163840	1	1	0	1	1
36	1788291913563536262	eager	1927	MUL_MAT	MMQ	-	blk.20.attn_gate.weight	z-20	q4_K	f32	f32	2560	4096	1	1	2560	10	1	1	1440	5898240	5898240	10240	102400	102400	1	1	0	1	1
36	1788291913563536262	eager	1927	MUL_MAT	MMQ	-	blk.20.attn_qkv.weight	node_1213	q5_K	f32	f32	2560	8192	1	1	2560	10	1	1	1760	14417920	14417920	10240	102400	102400	1	1	0	1	1
36	1788291913563536262	eager	1927	MUL_MAT	MMQ	-	blk.20.ffn_down.weight	ffn_out-20	q4_K	f32	f32	9216	2560	1	1	9216	10	1	1	5184	13271040	13271040	36864	368640	368640	1	1	0	1	1
36	1788291913563536262	eager	1927	MUL_MAT	MMQ	-	blk.20.ffn_gate.weight	ffn_gate-20	q4_K	f32	f32	2560	9216	1	1	2560	10	1	1	1440	13271040	13271040	10240	102400	102400	1	1	0	1	1
36	1788291913563536262	eager	1927	MUL_MAT	MMQ	-	blk.20.ffn_up.weight	ffn_up-20	q4_K	f32	f32	2560	9216	1	1	2560	10	1	1	1440	13271040	13271040	10240	102400	102400	1	1	0	1	1
36	1788291913563536262	eager	1927	MUL_MAT	MMQ	-	blk.20.ssm_out.weight	linear_attn_out-20	q5_K	f32	f32	4096	2560	1	1	4096	10	1	1	2816	7208960	7208960	16384	163840	163840	1	1	0	1	1
36	1788291913563536262	eager	1927	MUL_MAT	MMQ	-	blk.21.attn_gate.weight	z-21	q4_K	f32	f32	2560	4096	1	1	2560	10	1	1	1440	5898240	5898240	10240	102400	102400	1	1	0	1	1
36	1788291913563536262	eager	1927	MUL_MAT	MMQ	-	blk.21.attn_qkv.weight	node_1276	q5_K	f32	f32	2560	8192	1	1	2560	10	1	1	1760	14417920	14417920	10240	102400	102400	1	1	0	1	1
36	1788291913563536262	eager	1927	MUL_MAT	MMQ	-	blk.21.ffn_gate.weight	ffn_gate-21	q4_K	f32	f32	2560	9216	1	1	2560	10	1	1	1440	13271040	13271040	10240	102400	102400	1	1	0	1	1
36	1788291913563536262	eager	1927	MUL_MAT	MMQ	-	blk.21.ffn_up.weight	ffn_up-21	q4_K	f32	f32	2560	9216	1	1	2560	10	1	1	1440	13271040	13271040	10240	102400	102400	1	1	0	1	1
36	1788291913563536262	eager	1927	MUL_MAT	MMQ	-	blk.21.ssm_out.weight	linear_attn_out-21	q5_K	f32	f32	4096	2560	1	1	4096	10	1	1	2816	7208960	7208960	16384	163840	163840	1	1	0	1	1
36	1788291913563536262	eager	1927	MUL_MAT	MMQ	-	blk.22.attn_gate.weight	z-22	q4_K	f32	f32	2560	4096	1	1	2560	10	1	1	1440	5898240	5898240	10240	102400	102400	1	1	0	1	1
36	1788291913563536262	eager	1927	MUL_MAT	MMQ	-	blk.22.attn_qkv.weight	node_1339	q5_K	f32	f32	2560	8192	1	1	2560	10	1	1	1760	14417920	14417920	10240	102400	102400	1	1	0	1	1
36	1788291913563536262	eager	1927	MUL_MAT	MMQ	-	blk.22.ffn_down.weight	ffn_out-22	q4_K	f32	f32	9216	2560	1	1	9216	10	1	1	5184	13271040	13271040	36864	368640	368640	1	1	0	1	1
36	1788291913563536262	eager	1927	MUL_MAT	MMQ	-	blk.22.ffn_gate.weight	ffn_gate-22	q4_K	f32	f32	2560	9216	1	1	2560	10	1	1	1440	13271040	13271040	10240	102400	102400	1	1	0	1	1
36	1788291913563536262	eager	1927	MUL_MAT	MMQ	-	blk.22.ffn_up.weight	ffn_up-22	q4_K	f32	f32	2560	9216	1	1	2560	10	1	1	1440	13271040	13271040	10240	102400	102400	1	1	0	1	1
36	1788291913563536262	eager	1927	MUL_MAT	MMQ	-	blk.22.ssm_out.weight	linear_attn_out-22	q5_K	f32	f32	4096	2560	1	1	4096	10	1	1	2816	7208960	7208960	16384	163840	163840	1	1	0	1	1
36	1788291913563536262	eager	1927	MUL_MAT	MMQ	-	blk.23.attn_k.weight	Kcur-23	q4_K	f32	f32	2560	1024	1	1	2560	10	1	1	1440	1474560	1474560	10240	102400	102400	1	1	0	1	1
36	1788291913563536262	eager	1927	MUL_MAT	MMQ	-	blk.23.attn_output.weight	attn_output-23	q4_K	f32	f32	4096	2560	1	1	4096	10	1	1	2304	5898240	5898240	16384	163840	163840	1	1	0	1	1
36	1788291913563536262	eager	1927	MUL_MAT	MMQ	-	blk.23.attn_q.weight	Qcur_full-23	q4_K	f32	f32	2560	8192	1	1	2560	10	1	1	1440	11796480	11796480	10240	102400	102400	1	1	0	1	1
36	1788291913563536262	eager	1927	MUL_MAT	MMQ	-	blk.23.attn_v.weight	Vcur-23	q4_K	f32	f32	2560	1024	1	1	2560	10	1	1	1440	1474560	1474560	10240	102400	102400	1	1	0	1	1
36	1788291913563536262	eager	1927	MUL_MAT	MMQ	-	blk.23.ffn_down.weight	ffn_out-23	q4_K	f32	f32	9216	2560	1	1	9216	10	1	1	5184	13271040	13271040	36864	368640	368640	1	1	0	1	1
36	1788291913563536262	eager	1927	MUL_MAT	MMQ	-	blk.23.ffn_gate.weight	ffn_gate-23	q4_K	f32	f32	2560	9216	1	1	2560	10	1	1	1440	13271040	13271040	10240	102400	102400	1	1	0	1	1
36	1788291913563536262	eager	1927	MUL_MAT	MMQ	-	blk.23.ffn_up.weight	ffn_up-23	q4_K	f32	f32	2560	9216	1	1	2560	10	1	1	1440	13271040	13271040	10240	102400	102400	1	1	0	1	1
36	1788291913563536262	eager	1927	MUL_MAT	MMQ	-	blk.24.attn_gate.weight	z-24	q4_K	f32	f32	2560	4096	1	1	2560	10	1	1	1440	5898240	5898240	10240	102400	102400	1	1	0	1	1
36	1788291913563536262	eager	1927	MUL_MAT	MMQ	-	blk.24.attn_qkv.weight	node_1453	q5_K	f32	f32	2560	8192	1	1	2560	10	1	1	1760	14417920	14417920	10240	102400	102400	1	1	0	1	1
36	1788291913563536262	eager	1927	MUL_MAT	MMQ	-	blk.24.ffn_gate.weight	ffn_gate-24	q4_K	f32	f32	2560	9216	1	1	2560	10	1	1	1440	13271040	13271040	10240	102400	102400	1	1	0	1	1
36	1788291913563536262	eager	1927	MUL_MAT	MMQ	-	blk.24.ffn_up.weight	ffn_up-24	q4_K	f32	f32	2560	9216	1	1	2560	10	1	1	1440	13271040	13271040	10240	102400	102400	1	1	0	1	1
36	1788291913563536262	eager	1927	MUL_MAT	MMQ	-	blk.24.ssm_out.weight	linear_attn_out-24	q5_K	f32	f32	4096	2560	1	1	4096	10	1	1	2816	7208960	7208960	16384	163840	163840	1	1	0	1	1
36	1788291913563536262	eager	1927	MUL_MAT	MMQ	-	blk.25.attn_gate.weight	z-25	q4_K	f32	f32	2560	4096	1	1	2560	10	1	1	1440	5898240	5898240	10240	102400	102400	1	1	0	1	1
36	1788291913563536262	eager	1927	MUL_MAT	MMQ	-	blk.25.attn_qkv.weight	node_1516	q5_K	f32	f32	2560	8192	1	1	2560	10	1	1	1760	14417920	14417920	10240	102400	102400	1	1	0	1	1
36	1788291913563536262	eager	1927	MUL_MAT	MMQ	-	blk.25.ffn_down.weight	ffn_out-25	q4_K	f32	f32	9216	2560	1	1	9216	10	1	1	5184	13271040	13271040	36864	368640	368640	1	1	0	1	1
36	1788291913563536262	eager	1927	MUL_MAT	MMQ	-	blk.25.ffn_gate.weight	ffn_gate-25	q4_K	f32	f32	2560	9216	1	1	2560	10	1	1	1440	13271040	13271040	10240	102400	102400	1	1	0	1	1
36	1788291913563536262	eager	1927	MUL_MAT	MMQ	-	blk.25.ffn_up.weight	ffn_up-25	q4_K	f32	f32	2560	9216	1	1	2560	10	1	1	1440	13271040	13271040	10240	102400	102400	1	1	0	1	1
36	1788291913563536262	eager	1927	MUL_MAT	MMQ	-	blk.25.ssm_out.weight	linear_attn_out-25	q5_K	f32	f32	4096	2560	1	1	4096	10	1	1	2816	7208960	7208960	16384	163840	163840	1	1	0	1	1
36	1788291913563536262	eager	1927	MUL_MAT	MMQ	-	blk.26.attn_gate.weight	z-26	q4_K	f32	f32	2560	4096	1	1	2560	10	1	1	1440	5898240	5898240	10240	102400	102400	1	1	0	1	1
36	1788291913563536262	eager	1927	MUL_MAT	MMQ	-	blk.26.attn_qkv.weight	node_1579	q5_K	f32	f32	2560	8192	1	1	2560	10	1	1	1760	14417920	14417920	10240	102400	102400	1	1	0	1	1
36	1788291913563536262	eager	1927	MUL_MAT	MMQ	-	blk.26.ffn_down.weight	ffn_out-26	q4_K	f32	f32	9216	2560	1	1	9216	10	1	1	5184	13271040	13271040	36864	368640	368640	1	1	0	1	1
36	1788291913563536262	eager	1927	MUL_MAT	MMQ	-	blk.26.ffn_gate.weight	ffn_gate-26	q4_K	f32	f32	2560	9216	1	1	2560	10	1	1	1440	13271040	13271040	10240	102400	102400	1	1	0	1	1
36	1788291913563536262	eager	1927	MUL_MAT	MMQ	-	blk.26.ffn_up.weight	ffn_up-26	q4_K	f32	f32	2560	9216	1	1	2560	10	1	1	1440	13271040	13271040	10240	102400	102400	1	1	0	1	1
36	1788291913563536262	eager	1927	MUL_MAT	MMQ	-	blk.26.ssm_out.weight	linear_attn_out-26	q5_K	f32	f32	4096	2560	1	1	4096	10	1	1	2816	7208960	7208960	16384	163840	163840	1	1	0	1	1
36	1788291913563536262	eager	1927	MUL_MAT	MMQ	-	blk.27.attn_k.weight	Kcur-27	q4_K	f32	f32	2560	1024	1	1	2560	10	1	1	1440	1474560	1474560	10240	102400	102400	1	1	0	1	1
36	1788291913563536262	eager	1927	MUL_MAT	MMQ	-	blk.27.attn_output.weight	attn_output-27	q4_K	f32	f32	4096	2560	1	1	4096	10	1	1	2304	5898240	5898240	16384	163840	163840	1	1	0	1	1
36	1788291913563536262	eager	1927	MUL_MAT	MMQ	-	blk.27.attn_q.weight	Qcur_full-27	q4_K	f32	f32	2560	8192	1	1	2560	10	1	1	1440	11796480	11796480	10240	102400	102400	1	1	0	1	1
36	1788291913563536262	eager	1927	MUL_MAT	MMQ	-	blk.27.ffn_gate.weight	ffn_gate-27	q4_K	f32	f32	2560	9216	1	1	2560	10	1	1	1440	13271040	13271040	10240	102400	102400	1	1	0	1	1
36	1788291913563536262	eager	1927	MUL_MAT	MMQ	-	blk.27.ffn_up.weight	ffn_up-27	q4_K	f32	f32	2560	9216	1	1	2560	10	1	1	1440	13271040	13271040	10240	102400	102400	1	1	0	1	1
36	1788291913563536262	eager	1927	MUL_MAT	MMQ	-	blk.28.attn_gate.weight	z-28	q4_K	f32	f32	2560	4096	1	1	2560	10	1	1	1440	5898240	5898240	10240	102400	102400	1	1	0	1	1
36	1788291913563536262	eager	1927	MUL_MAT	MMQ	-	blk.28.attn_qkv.weight	node_1693	q5_K	f32	f32	2560	8192	1	1	2560	10	1	1	1760	14417920	14417920	10240	102400	102400	1	1	0	1	1
36	1788291913563536262	eager	1927	MUL_MAT	MMQ	-	blk.28.ffn_gate.weight	ffn_gate-28	q4_K	f32	f32	2560	9216	1	1	2560	10	1	1	1440	13271040	13271040	10240	102400	102400	1	1	0	1	1
36	1788291913563536262	eager	1927	MUL_MAT	MMQ	-	blk.28.ffn_up.weight	ffn_up-28	q4_K	f32	f32	2560	9216	1	1	2560	10	1	1	1440	13271040	13271040	10240	102400	102400	1	1	0	1	1
36	1788291913563536262	eager	1927	MUL_MAT	MMQ	-	blk.28.ssm_out.weight	linear_attn_out-28	q5_K	f32	f32	4096	2560	1	1	4096	10	1	1	2816	7208960	7208960	16384	163840	163840	1	1	0	1	1
36	1788291913563536262	eager	1927	MUL_MAT	MMQ	-	blk.29.attn_gate.weight	z-29	q4_K	f32	f32	2560	4096	1	1	2560	10	1	1	1440	5898240	5898240	10240	102400	102400	1	1	0	1	1
36	1788291913563536262	eager	1927	MUL_MAT	MMQ	-	blk.29.attn_qkv.weight	node_1756	q5_K	f32	f32	2560	8192	1	1	2560	10	1	1	1760	14417920	14417920	10240	102400	102400	1	1	0	1	1
36	1788291913563536262	eager	1927	MUL_MAT	MMQ	-	blk.29.ffn_gate.weight	ffn_gate-29	q4_K	f32	f32	2560	9216	1	1	2560	10	1	1	1440	13271040	13271040	10240	102400	102400	1	1	0	1	1
36	1788291913563536262	eager	1927	MUL_MAT	MMQ	-	blk.29.ffn_up.weight	ffn_up-29	q4_K	f32	f32	2560	9216	1	1	2560	10	1	1	1440	13271040	13271040	10240	102400	102400	1	1	0	1	1
36	1788291913563536262	eager	1927	MUL_MAT	MMQ	-	blk.29.ssm_out.weight	linear_attn_out-29	q5_K	f32	f32	4096	2560	1	1	4096	10	1	1	2816	7208960	7208960	16384	163840	163840	1	1	0	1	1
36	1788291913563536262	eager	1927	MUL_MAT	MMQ	-	blk.3.attn_k.weight	Kcur-3	q4_K	f32	f32	2560	1024	1	1	2560	10	1	1	1440	1474560	1474560	10240	102400	102400	1	1	0	1	1
36	1788291913563536262	eager	1927	MUL_MAT	MMQ	-	blk.3.attn_output.weight	attn_output-3	q4_K	f32	f32	4096	2560	1	1	4096	10	1	1	2304	5898240	5898240	16384	163840	163840	1	1	0	1	1
36	1788291913563536262	eager	1927	MUL_MAT	MMQ	-	blk.3.attn_q.weight	Qcur_full-3	q4_K	f32	f32	2560	8192	1	1	2560	10	1	1	1440	11796480	11796480	10240	102400	102400	1	1	0	1	1
36	1788291913563536262	eager	1927	MUL_MAT	MMQ	-	blk.3.ffn_gate.weight	ffn_gate-3	q4_K	f32	f32	2560	9216	1	1	2560	10	1	1	1440	13271040	13271040	10240	102400	102400	1	1	0	1	1
36	1788291913563536262	eager	1927	MUL_MAT	MMQ	-	blk.3.ffn_up.weight	ffn_up-3	q4_K	f32	f32	2560	9216	1	1	2560	10	1	1	1440	13271040	13271040	10240	102400	102400	1	1	0	1	1
36	1788291913563536262	eager	1927	MUL_MAT	MMQ	-	blk.30.attn_gate.weight	z-30	q4_K	f32	f32	2560	4096	1	1	2560	10	1	1	1440	5898240	5898240	10240	102400	102400	1	1	0	1	1
36	1788291913563536262	eager	1927	MUL_MAT	MMQ	-	blk.30.attn_qkv.weight	node_1819	q5_K	f32	f32	2560	8192	1	1	2560	10	1	1	1760	14417920	14417920	10240	102400	102400	1	1	0	1	1
36	1788291913563536262	eager	1927	MUL_MAT	MMQ	-	blk.30.ffn_gate.weight	ffn_gate-30	q4_K	f32	f32	2560	9216	1	1	2560	10	1	1	1440	13271040	13271040	10240	102400	102400	1	1	0	1	1
36	1788291913563536262	eager	1927	MUL_MAT	MMQ	-	blk.30.ffn_up.weight	ffn_up-30	q4_K	f32	f32	2560	9216	1	1	2560	10	1	1	1440	13271040	13271040	10240	102400	102400	1	1	0	1	1
36	1788291913563536262	eager	1927	MUL_MAT	MMQ	-	blk.30.ssm_out.weight	linear_attn_out-30	q5_K	f32	f32	4096	2560	1	1	4096	10	1	1	2816	7208960	7208960	16384	163840	163840	1	1	0	1	1
36	1788291913563536262	eager	1927	MUL_MAT	MMQ	-	blk.31.attn_k.weight	Kcur-31	q4_K	f32	f32	2560	1024	1	1	2560	10	1	1	1440	1474560	1474560	10240	102400	102400	1	1	0	1	1
36	1788291913563536262	eager	1927	MUL_MAT	MMQ	-	blk.31.attn_output.weight	attn_output-31	q4_K	f32	f32	4096	2560	1	1	4096	10	1	1	2304	5898240	5898240	16384	163840	163840	1	1	0	1	1
36	1788291913563536262	eager	1927	MUL_MAT	MMQ	-	blk.31.attn_q.weight	Qcur_full-31	q4_K	f32	f32	2560	8192	1	1	2560	10	1	1	1440	11796480	11796480	10240	102400	102400	1	1	0	1	1
36	1788291913563536262	eager	1927	MUL_MAT	MMQ	-	blk.31.attn_v.weight	Vcur-31	q4_K	f32	f32	2560	1024	1	1	2560	10	1	1	1440	1474560	1474560	10240	102400	102400	1	1	0	1	1
36	1788291913563536262	eager	1927	MUL_MAT	MMQ	-	blk.31.ffn_gate.weight	ffn_gate-31	q4_K	f32	f32	2560	9216	1	1	2560	10	1	1	1440	13271040	13271040	10240	102400	102400	1	1	0	1	1
36	1788291913563536262	eager	1927	MUL_MAT	MMQ	-	blk.31.ffn_up.weight	ffn_up-31	q4_K	f32	f32	2560	9216	1	1	2560	10	1	1	1440	13271040	13271040	10240	102400	102400	1	1	0	1	1
36	1788291913563536262	eager	1927	MUL_MAT	MMQ	-	blk.4.attn_gate.weight	z-4	q4_K	f32	f32	2560	4096	1	1	2560	10	1	1	1440	5898240	5898240	10240	102400	102400	1	1	0	1	1
36	1788291913563536262	eager	1927	MUL_MAT	MMQ	-	blk.4.attn_qkv.weight	node_253	q5_K	f32	f32	2560	8192	1	1	2560	10	1	1	1760	14417920	14417920	10240	102400	102400	1	1	0	1	1
36	1788291913563536262	eager	1927	MUL_MAT	MMQ	-	blk.4.ffn_down.weight	ffn_out-4	q4_K	f32	f32	9216	2560	1	1	9216	10	1	1	5184	13271040	13271040	36864	368640	368640	1	1	0	1	1
36	1788291913563536262	eager	1927	MUL_MAT	MMQ	-	blk.4.ffn_gate.weight	ffn_gate-4	q4_K	f32	f32	2560	9216	1	1	2560	10	1	1	1440	13271040	13271040	10240	102400	102400	1	1	0	1	1
36	1788291913563536262	eager	1927	MUL_MAT	MMQ	-	blk.4.ffn_up.weight	ffn_up-4	q4_K	f32	f32	2560	9216	1	1	2560	10	1	1	1440	13271040	13271040	10240	102400	102400	1	1	0	1	1
36	1788291913563536262	eager	1927	MUL_MAT	MMQ	-	blk.4.ssm_out.weight	linear_attn_out-4	q5_K	f32	f32	4096	2560	1	1	4096	10	1	1	2816	7208960	7208960	16384	163840	163840	1	1	0	1	1
36	1788291913563536262	eager	1927	MUL_MAT	MMQ	-	blk.5.attn_gate.weight	z-5	q4_K	f32	f32	2560	4096	1	1	2560	10	1	1	1440	5898240	5898240	10240	102400	102400	1	1	0	1	1
36	1788291913563536262	eager	1927	MUL_MAT	MMQ	-	blk.5.attn_qkv.weight	node_316	q5_K	f32	f32	2560	8192	1	1	2560	10	1	1	1760	14417920	14417920	10240	102400	102400	1	1	0	1	1
36	1788291913563536262	eager	1927	MUL_MAT	MMQ	-	blk.5.ffn_down.weight	ffn_out-5	q4_K	f32	f32	9216	2560	1	1	9216	10	1	1	5184	13271040	13271040	36864	368640	368640	1	1	0	1	1
36	1788291913563536262	eager	1927	MUL_MAT	MMQ	-	blk.5.ffn_gate.weight	ffn_gate-5	q4_K	f32	f32	2560	9216	1	1	2560	10	1	1	1440	13271040	13271040	10240	102400	102400	1	1	0	1	1
36	1788291913563536262	eager	1927	MUL_MAT	MMQ	-	blk.5.ffn_up.weight	ffn_up-5	q4_K	f32	f32	2560	9216	1	1	2560	10	1	1	1440	13271040	13271040	10240	102400	102400	1	1	0	1	1
36	1788291913563536262	eager	1927	MUL_MAT	MMQ	-	blk.5.ssm_out.weight	linear_attn_out-5	q5_K	f32	f32	4096	2560	1	1	4096	10	1	1	2816	7208960	7208960	16384	163840	163840	1	1	0	1	1
36	1788291913563536262	eager	1927	MUL_MAT	MMQ	-	blk.6.attn_gate.weight	z-6	q4_K	f32	f32	2560	4096	1	1	2560	10	1	1	1440	5898240	5898240	10240	102400	102400	1	1	0	1	1
36	1788291913563536262	eager	1927	MUL_MAT	MMQ	-	blk.6.attn_qkv.weight	node_379	q5_K	f32	f32	2560	8192	1	1	2560	10	1	1	1760	14417920	14417920	10240	102400	102400	1	1	0	1	1
36	1788291913563536262	eager	1927	MUL_MAT	MMQ	-	blk.6.ffn_gate.weight	ffn_gate-6	q4_K	f32	f32	2560	9216	1	1	2560	10	1	1	1440	13271040	13271040	10240	102400	102400	1	1	0	1	1
36	1788291913563536262	eager	1927	MUL_MAT	MMQ	-	blk.6.ffn_up.weight	ffn_up-6	q4_K	f32	f32	2560	9216	1	1	2560	10	1	1	1440	13271040	13271040	10240	102400	102400	1	1	0	1	1
36	1788291913563536262	eager	1927	MUL_MAT	MMQ	-	blk.6.ssm_out.weight	linear_attn_out-6	q5_K	f32	f32	4096	2560	1	1	4096	10	1	1	2816	7208960	7208960	16384	163840	163840	1	1	0	1	1
36	1788291913563536262	eager	1927	MUL_MAT	MMQ	-	blk.7.attn_k.weight	Kcur-7	q4_K	f32	f32	2560	1024	1	1	2560	10	1	1	1440	1474560	1474560	10240	102400	102400	1	1	0	1	1
36	1788291913563536262	eager	1927	MUL_MAT	MMQ	-	blk.7.attn_output.weight	attn_output-7	q4_K	f32	f32	4096	2560	1	1	4096	10	1	1	2304	5898240	5898240	16384	163840	163840	1	1	0	1	1
36	1788291913563536262	eager	1927	MUL_MAT	MMQ	-	blk.7.attn_q.weight	Qcur_full-7	q4_K	f32	f32	2560	8192	1	1	2560	10	1	1	1440	11796480	11796480	10240	102400	102400	1	1	0	1	1
36	1788291913563536262	eager	1927	MUL_MAT	MMQ	-	blk.7.ffn_down.weight	ffn_out-7	q4_K	f32	f32	9216	2560	1	1	9216	10	1	1	5184	13271040	13271040	36864	368640	368640	1	1	0	1	1
36	1788291913563536262	eager	1927	MUL_MAT	MMQ	-	blk.7.ffn_gate.weight	ffn_gate-7	q4_K	f32	f32	2560	9216	1	1	2560	10	1	1	1440	13271040	13271040	10240	102400	102400	1	1	0	1	1
36	1788291913563536262	eager	1927	MUL_MAT	MMQ	-	blk.7.ffn_up.weight	ffn_up-7	q4_K	f32	f32	2560	9216	1	1	2560	10	1	1	1440	13271040	13271040	10240	102400	102400	1	1	0	1	1
36	1788291913563536262	eager	1927	MUL_MAT	MMQ	-	blk.8.attn_gate.weight	z-8	q4_K	f32	f32	2560	4096	1	1	2560	10	1	1	1440	5898240	5898240	10240	102400	102400	1	1	0	1	1
36	1788291913563536262	eager	1927	MUL_MAT	MMQ	-	blk.8.attn_qkv.weight	node_493	q5_K	f32	f32	2560	8192	1	1	2560	10	1	1	1760	14417920	14417920	10240	102400	102400	1	1	0	1	1
36	1788291913563536262	eager	1927	MUL_MAT	MMQ	-	blk.8.ffn_down.weight	ffn_out-8	q4_K	f32	f32	9216	2560	1	1	9216	10	1	1	5184	13271040	13271040	36864	368640	368640	1	1	0	1	1
36	1788291913563536262	eager	1927	MUL_MAT	MMQ	-	blk.8.ffn_gate.weight	ffn_gate-8	q4_K	f32	f32	2560	9216	1	1	2560	10	1	1	1440	13271040	13271040	10240	102400	102400	1	1	0	1	1
36	1788291913563536262	eager	1927	MUL_MAT	MMQ	-	blk.8.ffn_up.weight	ffn_up-8	q4_K	f32	f32	2560	9216	1	1	2560	10	1	1	1440	13271040	13271040	10240	102400	102400	1	1	0	1	1
36	1788291913563536262	eager	1927	MUL_MAT	MMQ	-	blk.8.ssm_out.weight	linear_attn_out-8	q5_K	f32	f32	4096	2560	1	1	4096	10	1	1	2816	7208960	7208960	16384	163840	163840	1	1	0	1	1
36	1788291913563536262	eager	1927	MUL_MAT	MMQ	-	blk.9.attn_gate.weight	z-9	q4_K	f32	f32	2560	4096	1	1	2560	10	1	1	1440	5898240	5898240	10240	102400	102400	1	1	0	1	1
36	1788291913563536262	eager	1927	MUL_MAT	MMQ	-	blk.9.attn_qkv.weight	node_556	q5_K	f32	f32	2560	8192	1	1	2560	10	1	1	1760	14417920	14417920	10240	102400	102400	1	1	0	1	1
36	1788291913563536262	eager	1927	MUL_MAT	MMQ	-	blk.9.ffn_gate.weight	ffn_gate-9	q4_K	f32	f32	2560	9216	1	1	2560	10	1	1	1440	13271040	13271040	10240	102400	102400	1	1	0	1	1
36	1788291913563536262	eager	1927	MUL_MAT	MMQ	-	blk.9.ffn_up.weight	ffn_up-9	q4_K	f32	f32	2560	9216	1	1	2560	10	1	1	1440	13271040	13271040	10240	102400	102400	1	1	0	1	1
36	1788291913563536262	eager	1927	MUL_MAT	MMQ	-	blk.9.ssm_out.weight	linear_attn_out-9	q5_K	f32	f32	4096	2560	1	1	4096	10	1	1	2816	7208960	7208960	16384	163840	163840	1	1	0	1	1
36	1788291913563536262	eager	1927	MUL_MAT	MMVQ	-	blk.0.ffn_down.weight	ffn_out-0	q6_K	f32	f32	9216	2560	1	1	9216	10	1	1	7560	19353600	19353600	36864	368640	368640	1	1	0	1	1
36	1788291913563536262	eager	1927	MUL_MAT	MMVQ	-	blk.0.ssm_alpha.weight	node_34	q8_0	f32	f32	2560	32	1	1	2560	10	1	1	2720	87040	87040	10240	102400	102400	1	1	0	1	1
36	1788291913563536262	eager	1927	MUL_MAT	MMVQ	-	blk.0.ssm_beta.weight	node_40	q8_0	f32	f32	2560	32	1	1	2560	10	1	1	2720	87040	87040	10240	102400	102400	1	1	0	1	1
36	1788291913563536262	eager	1927	MUL_MAT	MMVQ	-	blk.1.ffn_down.weight	ffn_out-1	q6_K	f32	f32	9216	2560	1	1	9216	10	1	1	7560	19353600	19353600	36864	368640	368640	1	1	0	1	1
36	1788291913563536262	eager	1927	MUL_MAT	MMVQ	-	blk.1.ssm_alpha.weight	node_97	q8_0	f32	f32	2560	32	1	1	2560	10	1	1	2720	87040	87040	10240	102400	102400	1	1	0	1	1
36	1788291913563536262	eager	1927	MUL_MAT	MMVQ	-	blk.1.ssm_beta.weight	node_103	q8_0	f32	f32	2560	32	1	1	2560	10	1	1	2720	87040	87040	10240	102400	102400	1	1	0	1	1
36	1788291913563536262	eager	1927	MUL_MAT	MMVQ	-	blk.10.ssm_alpha.weight	node_640	q8_0	f32	f32	2560	32	1	1	2560	10	1	1	2720	87040	87040	10240	102400	102400	1	1	0	1	1
36	1788291913563536262	eager	1927	MUL_MAT	MMVQ	-	blk.10.ssm_beta.weight	node_646	q8_0	f32	f32	2560	32	1	1	2560	10	1	1	2720	87040	87040	10240	102400	102400	1	1	0	1	1
36	1788291913563536262	eager	1927	MUL_MAT	MMVQ	-	blk.11.attn_v.weight	Vcur-11	q6_K	f32	f32	2560	1024	1	1	2560	10	1	1	2100	2150400	2150400	10240	102400	102400	1	1	0	1	1
36	1788291913563536262	eager	1927	MUL_MAT	MMVQ	-	blk.12.ffn_down.weight	ffn_out-12	q6_K	f32	f32	9216	2560	1	1	9216	10	1	1	7560	19353600	19353600	36864	368640	368640	1	1	0	1	1
36	1788291913563536262	eager	1927	MUL_MAT	MMVQ	-	blk.12.ssm_alpha.weight	node_754	q8_0	f32	f32	2560	32	1	1	2560	10	1	1	2720	87040	87040	10240	102400	102400	1	1	0	1	1
36	1788291913563536262	eager	1927	MUL_MAT	MMVQ	-	blk.12.ssm_beta.weight	node_760	q8_0	f32	f32	2560	32	1	1	2560	10	1	1	2720	87040	87040	10240	102400	102400	1	1	0	1	1
36	1788291913563536262	eager	1927	MUL_MAT	MMVQ	-	blk.13.ssm_alpha.weight	node_817	q8_0	f32	f32	2560	32	1	1	2560	10	1	1	2720	87040	87040	10240	102400	102400	1	1	0	1	1
36	1788291913563536262	eager	1927	MUL_MAT	MMVQ	-	blk.13.ssm_beta.weight	node_823	q8_0	f32	f32	2560	32	1	1	2560	10	1	1	2720	87040	87040	10240	102400	102400	1	1	0	1	1
36	1788291913563536262	eager	1927	MUL_MAT	MMVQ	-	blk.14.ssm_alpha.weight	node_880	q8_0	f32	f32	2560	32	1	1	2560	10	1	1	2720	87040	87040	10240	102400	102400	1	1	0	1	1
36	1788291913563536262	eager	1927	MUL_MAT	MMVQ	-	blk.14.ssm_beta.weight	node_886	q8_0	f32	f32	2560	32	1	1	2560	10	1	1	2720	87040	87040	10240	102400	102400	1	1	0	1	1
36	1788291913563536262	eager	1927	MUL_MAT	MMVQ	-	blk.15.attn_v.weight	Vcur-15	q6_K	f32	f32	2560	1024	1	1	2560	10	1	1	2100	2150400	2150400	10240	102400	102400	1	1	0	1	1
36	1788291913563536262	eager	1927	MUL_MAT	MMVQ	-	blk.15.ffn_down.weight	ffn_out-15	q6_K	f32	f32	9216	2560	1	1	9216	10	1	1	7560	19353600	19353600	36864	368640	368640	1	1	0	1	1
36	1788291913563536262	eager	1927	MUL_MAT	MMVQ	-	blk.16.ssm_alpha.weight	node_994	q8_0	f32	f32	2560	32	1	1	2560	10	1	1	2720	87040	87040	10240	102400	102400	1	1	0	1	1
36	1788291913563536262	eager	1927	MUL_MAT	MMVQ	-	blk.16.ssm_beta.weight	node_1000	q8_0	f32	f32	2560	32	1	1	2560	10	1	1	2720	87040	87040	10240	102400	102400	1	1	0	1	1
36	1788291913563536262	eager	1927	MUL_MAT	MMVQ	-	blk.17.ssm_alpha.weight	node_1057	q8_0	f32	f32	2560	32	1	1	2560	10	1	1	2720	87040	87040	10240	102400	102400	1	1	0	1	1
36	1788291913563536262	eager	1927	MUL_MAT	MMVQ	-	blk.17.ssm_beta.weight	node_1063	q8_0	f32	f32	2560	32	1	1	2560	10	1	1	2720	87040	87040	10240	102400	102400	1	1	0	1	1
36	1788291913563536262	eager	1927	MUL_MAT	MMVQ	-	blk.18.ffn_down.weight	ffn_out-18	q6_K	f32	f32	9216	2560	1	1	9216	10	1	1	7560	19353600	19353600	36864	368640	368640	1	1	0	1	1
36	1788291913563536262	eager	1927	MUL_MAT	MMVQ	-	blk.18.ssm_alpha.weight	node_1120	q8_0	f32	f32	2560	32	1	1	2560	10	1	1	2720	87040	87040	10240	102400	102400	1	1	0	1	1
36	1788291913563536262	eager	1927	MUL_MAT	MMVQ	-	blk.18.ssm_beta.weight	node_1126	q8_0	f32	f32	2560	32	1	1	2560	10	1	1	2720	87040	87040	10240	102400	102400	1	1	0	1	1
36	1788291913563536262	eager	1927	MUL_MAT	MMVQ	-	blk.2.ffn_down.weight	ffn_out-2	q6_K	f32	f32	9216	2560	1	1	9216	10	1	1	7560	19353600	19353600	36864	368640	368640	1	1	0	1	1
36	1788291913563536262	eager	1927	MUL_MAT	MMVQ	-	blk.2.ssm_alpha.weight	node_160	q8_0	f32	f32	2560	32	1	1	2560	10	1	1	2720	87040	87040	10240	102400	102400	1	1	0	1	1
36	1788291913563536262	eager	1927	MUL_MAT	MMVQ	-	blk.2.ssm_beta.weight	node_166	q8_0	f32	f32	2560	32	1	1	2560	10	1	1	2720	87040	87040	10240	102400	102400	1	1	0	1	1
36	1788291913563536262	eager	1927	MUL_MAT	MMVQ	-	blk.20.ssm_alpha.weight	node_1234	q8_0	f32	f32	2560	32	1	1	2560	10	1	1	2720	87040	87040	10240	102400	102400	1	1	0	1	1
36	1788291913563536262	eager	1927	MUL_MAT	MMVQ	-	blk.20.ssm_beta.weight	node_1240	q8_0	f32	f32	2560	32	1	1	2560	10	1	1	2720	87040	87040	10240	102400	102400	1	1	0	1	1
36	1788291913563536262	eager	1927	MUL_MAT	MMVQ	-	blk.21.ffn_down.weight	ffn_out-21	q6_K	f32	f32	9216	2560	1	1	9216	10	1	1	7560	19353600	19353600	36864	368640	368640	1	1	0	1	1
36	1788291913563536262	eager	1927	MUL_MAT	MMVQ	-	blk.21.ssm_alpha.weight	node_1297	q8_0	f32	f32	2560	32	1	1	2560	10	1	1	2720	87040	87040	10240	102400	102400	1	1	0	1	1
36	1788291913563536262	eager	1927	MUL_MAT	MMVQ	-	blk.21.ssm_beta.weight	node_1303	q8_0	f32	f32	2560	32	1	1	2560	10	1	1	2720	87040	87040	10240	102400	102400	1	1	0	1	1
36	1788291913563536262	eager	1927	MUL_MAT	MMVQ	-	blk.22.ssm_alpha.weight	node_1360	q8_0	f32	f32	2560	32	1	1	2560	10	1	1	2720	87040	87040	10240	102400	102400	1	1	0	1	1
36	1788291913563536262	eager	1927	MUL_MAT	MMVQ	-	blk.22.ssm_beta.weight	node_1366	q8_0	f32	f32	2560	32	1	1	2560	10	1	1	2720	87040	87040	10240	102400	102400	1	1	0	1	1
36	1788291913563536262	eager	1927	MUL_MAT	MMVQ	-	blk.24.ffn_down.weight	ffn_out-24	q6_K	f32	f32	9216	2560	1	1	9216	10	1	1	7560	19353600	19353600	36864	368640	368640	1	1	0	1	1
36	1788291913563536262	eager	1927	MUL_MAT	MMVQ	-	blk.24.ssm_alpha.weight	node_1474	q8_0	f32	f32	2560	32	1	1	2560	10	1	1	2720	87040	87040	10240	102400	102400	1	1	0	1	1
36	1788291913563536262	eager	1927	MUL_MAT	MMVQ	-	blk.24.ssm_beta.weight	node_1480	q8_0	f32	f32	2560	32	1	1	2560	10	1	1	2720	87040	87040	10240	102400	102400	1	1	0	1	1
36	1788291913563536262	eager	1927	MUL_MAT	MMVQ	-	blk.25.ssm_alpha.weight	node_1537	q8_0	f32	f32	2560	32	1	1	2560	10	1	1	2720	87040	87040	10240	102400	102400	1	1	0	1	1
36	1788291913563536262	eager	1927	MUL_MAT	MMVQ	-	blk.25.ssm_beta.weight	node_1543	q8_0	f32	f32	2560	32	1	1	2560	10	1	1	2720	87040	87040	10240	102400	102400	1	1	0	1	1
36	1788291913563536262	eager	1927	MUL_MAT	MMVQ	-	blk.26.ssm_alpha.weight	node_1600	q8_0	f32	f32	2560	32	1	1	2560	10	1	1	2720	87040	87040	10240	102400	102400	1	1	0	1	1
36	1788291913563536262	eager	1927	MUL_MAT	MMVQ	-	blk.26.ssm_beta.weight	node_1606	q8_0	f32	f32	2560	32	1	1	2560	10	1	1	2720	87040	87040	10240	102400	102400	1	1	0	1	1
36	1788291913563536262	eager	1927	MUL_MAT	MMVQ	-	blk.27.attn_v.weight	Vcur-27	q6_K	f32	f32	2560	1024	1	1	2560	10	1	1	2100	2150400	2150400	10240	102400	102400	1	1	0	1	1
36	1788291913563536262	eager	1927	MUL_MAT	MMVQ	-	blk.27.ffn_down.weight	ffn_out-27	q6_K	f32	f32	9216	2560	1	1	9216	10	1	1	7560	19353600	19353600	36864	368640	368640	1	1	0	1	1
36	1788291913563536262	eager	1927	MUL_MAT	MMVQ	-	blk.28.ffn_down.weight	ffn_out-28	q6_K	f32	f32	9216	2560	1	1	9216	10	1	1	7560	19353600	19353600	36864	368640	368640	1	1	0	1	1
36	1788291913563536262	eager	1927	MUL_MAT	MMVQ	-	blk.28.ssm_alpha.weight	node_1714	q8_0	f32	f32	2560	32	1	1	2560	10	1	1	2720	87040	87040	10240	102400	102400	1	1	0	1	1
36	1788291913563536262	eager	1927	MUL_MAT	MMVQ	-	blk.28.ssm_beta.weight	node_1720	q8_0	f32	f32	2560	32	1	1	2560	10	1	1	2720	87040	87040	10240	102400	102400	1	1	0	1	1
36	1788291913563536262	eager	1927	MUL_MAT	MMVQ	-	blk.29.ffn_down.weight	ffn_out-29	q6_K	f32	f32	9216	2560	1	1	9216	10	1	1	7560	19353600	19353600	36864	368640	368640	1	1	0	1	1
36	1788291913563536262	eager	1927	MUL_MAT	MMVQ	-	blk.29.ssm_alpha.weight	node_1777	q8_0	f32	f32	2560	32	1	1	2560	10	1	1	2720	87040	87040	10240	102400	102400	1	1	0	1	1
36	1788291913563536262	eager	1927	MUL_MAT	MMVQ	-	blk.29.ssm_beta.weight	node_1783	q8_0	f32	f32	2560	32	1	1	2560	10	1	1	2720	87040	87040	10240	102400	102400	1	1	0	1	1
36	1788291913563536262	eager	1927	MUL_MAT	MMVQ	-	blk.3.attn_v.weight	Vcur-3	q6_K	f32	f32	2560	1024	1	1	2560	10	1	1	2100	2150400	2150400	10240	102400	102400	1	1	0	1	1
36	1788291913563536262	eager	1927	MUL_MAT	MMVQ	-	blk.3.ffn_down.weight	ffn_out-3	q6_K	f32	f32	9216	2560	1	1	9216	10	1	1	7560	19353600	19353600	36864	368640	368640	1	1	0	1	1
36	1788291913563536262	eager	1927	MUL_MAT	MMVQ	-	blk.30.ffn_down.weight	ffn_out-30	q6_K	f32	f32	9216	2560	1	1	9216	10	1	1	7560	19353600	19353600	36864	368640	368640	1	1	0	1	1
36	1788291913563536262	eager	1927	MUL_MAT	MMVQ	-	blk.30.ssm_alpha.weight	node_1840	q8_0	f32	f32	2560	32	1	1	2560	10	1	1	2720	87040	87040	10240	102400	102400	1	1	0	1	1
36	1788291913563536262	eager	1927	MUL_MAT	MMVQ	-	blk.30.ssm_beta.weight	node_1846	q8_0	f32	f32	2560	32	1	1	2560	10	1	1	2720	87040	87040	10240	102400	102400	1	1	0	1	1
36	1788291913563536262	eager	1927	MUL_MAT	MMVQ	-	blk.31.ffn_down.weight	ffn_out-31	q6_K	f32	f32	9216	2560	1	1	9216	10	1	1	7560	19353600	19353600	36864	368640	368640	1	1	0	1	1
36	1788291913563536262	eager	1927	MUL_MAT	MMVQ	-	blk.4.ssm_alpha.weight	node_274	q8_0	f32	f32	2560	32	1	1	2560	10	1	1	2720	87040	87040	10240	102400	102400	1	1	0	1	1
36	1788291913563536262	eager	1927	MUL_MAT	MMVQ	-	blk.4.ssm_beta.weight	node_280	q8_0	f32	f32	2560	32	1	1	2560	10	1	1	2720	87040	87040	10240	102400	102400	1	1	0	1	1
36	1788291913563536262	eager	1927	MUL_MAT	MMVQ	-	blk.5.ssm_alpha.weight	node_337	q8_0	f32	f32	2560	32	1	1	2560	10	1	1	2720	87040	87040	10240	102400	102400	1	1	0	1	1
36	1788291913563536262	eager	1927	MUL_MAT	MMVQ	-	blk.5.ssm_beta.weight	node_343	q8_0	f32	f32	2560	32	1	1	2560	10	1	1	2720	87040	87040	10240	102400	102400	1	1	0	1	1
36	1788291913563536262	eager	1927	MUL_MAT	MMVQ	-	blk.6.ffn_down.weight	ffn_out-6	q6_K	f32	f32	9216	2560	1	1	9216	10	1	1	7560	19353600	19353600	36864	368640	368640	1	1	0	1	1
36	1788291913563536262	eager	1927	MUL_MAT	MMVQ	-	blk.6.ssm_alpha.weight	node_400	q8_0	f32	f32	2560	32	1	1	2560	10	1	1	2720	87040	87040	10240	102400	102400	1	1	0	1	1
36	1788291913563536262	eager	1927	MUL_MAT	MMVQ	-	blk.6.ssm_beta.weight	node_406	q8_0	f32	f32	2560	32	1	1	2560	10	1	1	2720	87040	87040	10240	102400	102400	1	1	0	1	1
36	1788291913563536262	eager	1927	MUL_MAT	MMVQ	-	blk.7.attn_v.weight	Vcur-7	q6_K	f32	f32	2560	1024	1	1	2560	10	1	1	2100	2150400	2150400	10240	102400	102400	1	1	0	1	1
36	1788291913563536262	eager	1927	MUL_MAT	MMVQ	-	blk.8.ssm_alpha.weight	node_514	q8_0	f32	f32	2560	32	1	1	2560	10	1	1	2720	87040	87040	10240	102400	102400	1	1	0	1	1
36	1788291913563536262	eager	1927	MUL_MAT	MMVQ	-	blk.8.ssm_beta.weight	node_520	q8_0	f32	f32	2560	32	1	1	2560	10	1	1	2720	87040	87040	10240	102400	102400	1	1	0	1	1
36	1788291913563536262	eager	1927	MUL_MAT	MMVQ	-	blk.9.ffn_down.weight	ffn_out-9	q6_K	f32	f32	9216	2560	1	1	9216	10	1	1	7560	19353600	19353600	36864	368640	368640	1	1	0	1	1
36	1788291913563536262	eager	1927	MUL_MAT	MMVQ	-	blk.9.ssm_alpha.weight	node_577	q8_0	f32	f32	2560	32	1	1	2560	10	1	1	2720	87040	87040	10240	102400	102400	1	1	0	1	1
36	1788291913563536262	eager	1927	MUL_MAT	MMVQ	-	blk.9.ssm_beta.weight	node_583	q8_0	f32	f32	2560	32	1	1	2560	10	1	1	2720	87040	87040	10240	102400	102400	1	1	0	1	1
36	1788291913563536262	eager	1927	MUL_MAT	MMVQ	-	token_embd.weight	result_output	q6_K	f32	f32	2560	248320	1	1	2560	1	1	1	2100	521472000	521472000	10240	10240	10240	1	1	0	1	1
37	1788291913582283411	eager	1927	MUL_MAT	MMVQ	-	blk.0.attn_gate.weight	z-0	q4_K	f32	f32	2560	4096	1	1	2560	1	1	1	1440	5898240	5898240	10240	10240	10240	1	1	0	1	1
37	1788291913582283411	eager	1927	MUL_MAT	MMVQ	-	blk.0.attn_qkv.weight	node_13	q5_K	f32	f32	2560	8192	1	1	2560	1	1	1	1760	14417920	14417920	10240	10240	10240	1	1	0	1	1
37	1788291913582283411	eager	1927	MUL_MAT	MMVQ	-	blk.0.ssm_alpha.weight	node_34	q8_0	f32	f32	2560	32	1	1	2560	1	1	1	2720	87040	87040	10240	10240	10240	1	1	0	1	1
37	1788291913582283411	eager	1927	MUL_MAT	MMVQ	-	blk.0.ssm_beta.weight	node_40	q8_0	f32	f32	2560	32	1	1	2560	1	1	1	2720	87040	87040	10240	10240	10240	1	1	0	1	1
37	1788291913582283411	eager	1927	MUL_MAT	MMVQ	-	blk.0.ssm_out.weight	linear_attn_out-0	q5_K	f32	f32	4096	2560	1	1	4096	1	1	1	2816	7208960	7208960	16384	16384	16384	1	1	0	1	1
37	1788291913582283411	eager	1927	MUL_MAT	MMVQ	-	blk.1.attn_gate.weight	z-1	q4_K	f32	f32	2560	4096	1	1	2560	1	1	1	1440	5898240	5898240	10240	10240	10240	1	1	0	1	1
37	1788291913582283411	eager	1927	MUL_MAT	MMVQ	-	blk.1.attn_qkv.weight	node_76	q5_K	f32	f32	2560	8192	1	1	2560	1	1	1	1760	14417920	14417920	10240	10240	10240	1	1	0	1	1
37	1788291913582283411	eager	1927	MUL_MAT	MMVQ	-	blk.1.ssm_alpha.weight	node_97	q8_0	f32	f32	2560	32	1	1	2560	1	1	1	2720	87040	87040	10240	10240	10240	1	1	0	1	1
37	1788291913582283411	eager	1927	MUL_MAT	MMVQ	-	blk.1.ssm_beta.weight	node_103	q8_0	f32	f32	2560	32	1	1	2560	1	1	1	2720	87040	87040	10240	10240	10240	1	1	0	1	1
37	1788291913582283411	eager	1927	MUL_MAT	MMVQ	-	blk.1.ssm_out.weight	linear_attn_out-1	q5_K	f32	f32	4096	2560	1	1	4096	1	1	1	2816	7208960	7208960	16384	16384	16384	1	1	0	1	1
37	1788291913582283411	eager	1927	MUL_MAT	MMVQ	-	blk.10.attn_gate.weight	z-10	q4_K	f32	f32	2560	4096	1	1	2560	1	1	1	1440	5898240	5898240	10240	10240	10240	1	1	0	1	1
37	1788291913582283411	eager	1927	MUL_MAT	MMVQ	-	blk.10.attn_qkv.weight	node_619	q5_K	f32	f32	2560	8192	1	1	2560	1	1	1	1760	14417920	14417920	10240	10240	10240	1	1	0	1	1
37	1788291913582283411	eager	1927	MUL_MAT	MMVQ	-	blk.10.ssm_alpha.weight	node_640	q8_0	f32	f32	2560	32	1	1	2560	1	1	1	2720	87040	87040	10240	10240	10240	1	1	0	1	1
37	1788291913582283411	eager	1927	MUL_MAT	MMVQ	-	blk.10.ssm_beta.weight	node_646	q8_0	f32	f32	2560	32	1	1	2560	1	1	1	2720	87040	87040	10240	10240	10240	1	1	0	1	1
37	1788291913582283411	eager	1927	MUL_MAT	MMVQ	-	blk.10.ssm_out.weight	linear_attn_out-10	q5_K	f32	f32	4096	2560	1	1	4096	1	1	1	2816	7208960	7208960	16384	16384	16384	1	1	0	1	1
37	1788291913582283411	eager	1927	MUL_MAT	MMVQ	-	blk.11.attn_k.weight	Kcur-11	q4_K	f32	f32	2560	1024	1	1	2560	1	1	1	1440	1474560	1474560	10240	10240	10240	1	1	0	1	1
37	1788291913582283411	eager	1927	MUL_MAT	MMVQ	-	blk.11.attn_q.weight	Qcur_full-11	q4_K	f32	f32	2560	8192	1	1	2560	1	1	1	1440	11796480	11796480	10240	10240	10240	1	1	0	1	1
37	1788291913582283411	eager	1927	MUL_MAT	MMVQ	-	blk.11.attn_v.weight	Vcur-11	q6_K	f32	f32	2560	1024	1	1	2560	1	1	1	2100	2150400	2150400	10240	10240	10240	1	1	0	1	1
37	1788291913582283411	eager	1927	MUL_MAT	MMVQ	-	blk.12.attn_gate.weight	z-12	q4_K	f32	f32	2560	4096	1	1	2560	1	1	1	1440	5898240	5898240	10240	10240	10240	1	1	0	1	1
37	1788291913582283411	eager	1927	MUL_MAT	MMVQ	-	blk.12.attn_qkv.weight	node_733	q5_K	f32	f32	2560	8192	1	1	2560	1	1	1	1760	14417920	14417920	10240	10240	10240	1	1	0	1	1
37	1788291913582283411	eager	1927	MUL_MAT	MMVQ	-	blk.12.ssm_alpha.weight	node_754	q8_0	f32	f32	2560	32	1	1	2560	1	1	1	2720	87040	87040	10240	10240	10240	1	1	0	1	1
37	1788291913582283411	eager	1927	MUL_MAT	MMVQ	-	blk.12.ssm_beta.weight	node_760	q8_0	f32	f32	2560	32	1	1	2560	1	1	1	2720	87040	87040	10240	10240	10240	1	1	0	1	1
37	1788291913582283411	eager	1927	MUL_MAT	MMVQ	-	blk.12.ssm_out.weight	linear_attn_out-12	q5_K	f32	f32	4096	2560	1	1	4096	1	1	1	2816	7208960	7208960	16384	16384	16384	1	1	0	1	1
37	1788291913582283411	eager	1927	MUL_MAT	MMVQ	-	blk.13.attn_gate.weight	z-13	q4_K	f32	f32	2560	4096	1	1	2560	1	1	1	1440	5898240	5898240	10240	10240	10240	1	1	0	1	1
37	1788291913582283411	eager	1927	MUL_MAT	MMVQ	-	blk.13.attn_qkv.weight	node_796	q5_K	f32	f32	2560	8192	1	1	2560	1	1	1	1760	14417920	14417920	10240	10240	10240	1	1	0	1	1
37	1788291913582283411	eager	1927	MUL_MAT	MMVQ	-	blk.13.ssm_alpha.weight	node_817	q8_0	f32	f32	2560	32	1	1	2560	1	1	1	2720	87040	87040	10240	10240	10240	1	1	0	1	1
37	1788291913582283411	eager	1927	MUL_MAT	MMVQ	-	blk.13.ssm_beta.weight	node_823	q8_0	f32	f32	2560	32	1	1	2560	1	1	1	2720	87040	87040	10240	10240	10240	1	1	0	1	1
37	1788291913582283411	eager	1927	MUL_MAT	MMVQ	-	blk.13.ssm_out.weight	linear_attn_out-13	q5_K	f32	f32	4096	2560	1	1	4096	1	1	1	2816	7208960	7208960	16384	16384	16384	1	1	0	1	1
37	1788291913582283411	eager	1927	MUL_MAT	MMVQ	-	blk.14.attn_gate.weight	z-14	q4_K	f32	f32	2560	4096	1	1	2560	1	1	1	1440	5898240	5898240	10240	10240	10240	1	1	0	1	1
37	1788291913582283411	eager	1927	MUL_MAT	MMVQ	-	blk.14.attn_qkv.weight	node_859	q5_K	f32	f32	2560	8192	1	1	2560	1	1	1	1760	14417920	14417920	10240	10240	10240	1	1	0	1	1
37	1788291913582283411	eager	1927	MUL_MAT	MMVQ	-	blk.14.ssm_alpha.weight	node_880	q8_0	f32	f32	2560	32	1	1	2560	1	1	1	2720	87040	87040	10240	10240	10240	1	1	0	1	1
37	1788291913582283411	eager	1927	MUL_MAT	MMVQ	-	blk.14.ssm_beta.weight	node_886	q8_0	f32	f32	2560	32	1	1	2560	1	1	1	2720	87040	87040	10240	10240	10240	1	1	0	1	1
37	1788291913582283411	eager	1927	MUL_MAT	MMVQ	-	blk.14.ssm_out.weight	linear_attn_out-14	q5_K	f32	f32	4096	2560	1	1	4096	1	1	1	2816	7208960	7208960	16384	16384	16384	1	1	0	1	1
37	1788291913582283411	eager	1927	MUL_MAT	MMVQ	-	blk.15.attn_k.weight	Kcur-15	q4_K	f32	f32	2560	1024	1	1	2560	1	1	1	1440	1474560	1474560	10240	10240	10240	1	1	0	1	1
37	1788291913582283411	eager	1927	MUL_MAT	MMVQ	-	blk.15.attn_q.weight	Qcur_full-15	q4_K	f32	f32	2560	8192	1	1	2560	1	1	1	1440	11796480	11796480	10240	10240	10240	1	1	0	1	1
37	1788291913582283411	eager	1927	MUL_MAT	MMVQ	-	blk.15.attn_v.weight	Vcur-15	q6_K	f32	f32	2560	1024	1	1	2560	1	1	1	2100	2150400	2150400	10240	10240	10240	1	1	0	1	1
37	1788291913582283411	eager	1927	MUL_MAT	MMVQ	-	blk.16.attn_gate.weight	z-16	q4_K	f32	f32	2560	4096	1	1	2560	1	1	1	1440	5898240	5898240	10240	10240	10240	1	1	0	1	1
37	1788291913582283411	eager	1927	MUL_MAT	MMVQ	-	blk.16.attn_qkv.weight	node_973	q5_K	f32	f32	2560	8192	1	1	2560	1	1	1	1760	14417920	14417920	10240	10240	10240	1	1	0	1	1
37	1788291913582283411	eager	1927	MUL_MAT	MMVQ	-	blk.16.ssm_alpha.weight	node_994	q8_0	f32	f32	2560	32	1	1	2560	1	1	1	2720	87040	87040	10240	10240	10240	1	1	0	1	1
37	1788291913582283411	eager	1927	MUL_MAT	MMVQ	-	blk.16.ssm_beta.weight	node_1000	q8_0	f32	f32	2560	32	1	1	2560	1	1	1	2720	87040	87040	10240	10240	10240	1	1	0	1	1
37	1788291913582283411	eager	1927	MUL_MAT	MMVQ	-	blk.16.ssm_out.weight	linear_attn_out-16	q5_K	f32	f32	4096	2560	1	1	4096	1	1	1	2816	7208960	7208960	16384	16384	16384	1	1	0	1	1
37	1788291913582283411	eager	1927	MUL_MAT	MMVQ	-	blk.17.attn_gate.weight	z-17	q4_K	f32	f32	2560	4096	1	1	2560	1	1	1	1440	5898240	5898240	10240	10240	10240	1	1	0	1	1
37	1788291913582283411	eager	1927	MUL_MAT	MMVQ	-	blk.17.attn_qkv.weight	node_1036	q5_K	f32	f32	2560	8192	1	1	2560	1	1	1	1760	14417920	14417920	10240	10240	10240	1	1	0	1	1
37	1788291913582283411	eager	1927	MUL_MAT	MMVQ	-	blk.17.ssm_alpha.weight	node_1057	q8_0	f32	f32	2560	32	1	1	2560	1	1	1	2720	87040	87040	10240	10240	10240	1	1	0	1	1
37	1788291913582283411	eager	1927	MUL_MAT	MMVQ	-	blk.17.ssm_beta.weight	node_1063	q8_0	f32	f32	2560	32	1	1	2560	1	1	1	2720	87040	87040	10240	10240	10240	1	1	0	1	1
37	1788291913582283411	eager	1927	MUL_MAT	MMVQ	-	blk.17.ssm_out.weight	linear_attn_out-17	q5_K	f32	f32	4096	2560	1	1	4096	1	1	1	2816	7208960	7208960	16384	16384	16384	1	1	0	1	1
37	1788291913582283411	eager	1927	MUL_MAT	MMVQ	-	blk.18.attn_gate.weight	z-18	q4_K	f32	f32	2560	4096	1	1	2560	1	1	1	1440	5898240	5898240	10240	10240	10240	1	1	0	1	1
37	1788291913582283411	eager	1927	MUL_MAT	MMVQ	-	blk.18.attn_qkv.weight	node_1099	q5_K	f32	f32	2560	8192	1	1	2560	1	1	1	1760	14417920	14417920	10240	10240	10240	1	1	0	1	1
37	1788291913582283411	eager	1927	MUL_MAT	MMVQ	-	blk.18.ssm_alpha.weight	node_1120	q8_0	f32	f32	2560	32	1	1	2560	1	1	1	2720	87040	87040	10240	10240	10240	1	1	0	1	1
37	1788291913582283411	eager	1927	MUL_MAT	MMVQ	-	blk.18.ssm_beta.weight	node_1126	q8_0	f32	f32	2560	32	1	1	2560	1	1	1	2720	87040	87040	10240	10240	10240	1	1	0	1	1
37	1788291913582283411	eager	1927	MUL_MAT	MMVQ	-	blk.18.ssm_out.weight	linear_attn_out-18	q5_K	f32	f32	4096	2560	1	1	4096	1	1	1	2816	7208960	7208960	16384	16384	16384	1	1	0	1	1
37	1788291913582283411	eager	1927	MUL_MAT	MMVQ	-	blk.19.attn_k.weight	Kcur-19	q4_K	f32	f32	2560	1024	1	1	2560	1	1	1	1440	1474560	1474560	10240	10240	10240	1	1	0	1	1
37	1788291913582283411	eager	1927	MUL_MAT	MMVQ	-	blk.19.attn_q.weight	Qcur_full-19	q4_K	f32	f32	2560	8192	1	1	2560	1	1	1	1440	11796480	11796480	10240	10240	10240	1	1	0	1	1
37	1788291913582283411	eager	1927	MUL_MAT	MMVQ	-	blk.19.attn_v.weight	Vcur-19	q4_K	f32	f32	2560	1024	1	1	2560	1	1	1	1440	1474560	1474560	10240	10240	10240	1	1	0	1	1
37	1788291913582283411	eager	1927	MUL_MAT	MMVQ	-	blk.2.attn_gate.weight	z-2	q4_K	f32	f32	2560	4096	1	1	2560	1	1	1	1440	5898240	5898240	10240	10240	10240	1	1	0	1	1
37	1788291913582283411	eager	1927	MUL_MAT	MMVQ	-	blk.2.attn_qkv.weight	node_139	q5_K	f32	f32	2560	8192	1	1	2560	1	1	1	1760	14417920	14417920	10240	10240	10240	1	1	0	1	1
37	1788291913582283411	eager	1927	MUL_MAT	MMVQ	-	blk.2.ssm_alpha.weight	node_160	q8_0	f32	f32	2560	32	1	1	2560	1	1	1	2720	87040	87040	10240	10240	10240	1	1	0	1	1
37	1788291913582283411	eager	1927	MUL_MAT	MMVQ	-	blk.2.ssm_beta.weight	node_166	q8_0	f32	f32	2560	32	1	1	2560	1	1	1	2720	87040	87040	10240	10240	10240	1	1	0	1	1
37	1788291913582283411	eager	1927	MUL_MAT	MMVQ	-	blk.2.ssm_out.weight	linear_attn_out-2	q5_K	f32	f32	4096	2560	1	1	4096	1	1	1	2816	7208960	7208960	16384	16384	16384	1	1	0	1	1
37	1788291913582283411	eager	1927	MUL_MAT	MMVQ	-	blk.20.attn_gate.weight	z-20	q4_K	f32	f32	2560	4096	1	1	2560	1	1	1	1440	5898240	5898240	10240	10240	10240	1	1	0	1	1
37	1788291913582283411	eager	1927	MUL_MAT	MMVQ	-	blk.20.attn_qkv.weight	node_1213	q5_K	f32	f32	2560	8192	1	1	2560	1	1	1	1760	14417920	14417920	10240	10240	10240	1	1	0	1	1
37	1788291913582283411	eager	1927	MUL_MAT	MMVQ	-	blk.20.ssm_alpha.weight	node_1234	q8_0	f32	f32	2560	32	1	1	2560	1	1	1	2720	87040	87040	10240	10240	10240	1	1	0	1	1
37	1788291913582283411	eager	1927	MUL_MAT	MMVQ	-	blk.20.ssm_beta.weight	node_1240	q8_0	f32	f32	2560	32	1	1	2560	1	1	1	2720	87040	87040	10240	10240	10240	1	1	0	1	1
37	1788291913582283411	eager	1927	MUL_MAT	MMVQ	-	blk.20.ssm_out.weight	linear_attn_out-20	q5_K	f32	f32	4096	2560	1	1	4096	1	1	1	2816	7208960	7208960	16384	16384	16384	1	1	0	1	1
37	1788291913582283411	eager	1927	MUL_MAT	MMVQ	-	blk.21.attn_gate.weight	z-21	q4_K	f32	f32	2560	4096	1	1	2560	1	1	1	1440	5898240	5898240	10240	10240	10240	1	1	0	1	1
37	1788291913582283411	eager	1927	MUL_MAT	MMVQ	-	blk.21.attn_qkv.weight	node_1276	q5_K	f32	f32	2560	8192	1	1	2560	1	1	1	1760	14417920	14417920	10240	10240	10240	1	1	0	1	1
37	1788291913582283411	eager	1927	MUL_MAT	MMVQ	-	blk.21.ssm_alpha.weight	node_1297	q8_0	f32	f32	2560	32	1	1	2560	1	1	1	2720	87040	87040	10240	10240	10240	1	1	0	1	1
37	1788291913582283411	eager	1927	MUL_MAT	MMVQ	-	blk.21.ssm_beta.weight	node_1303	q8_0	f32	f32	2560	32	1	1	2560	1	1	1	2720	87040	87040	10240	10240	10240	1	1	0	1	1
37	1788291913582283411	eager	1927	MUL_MAT	MMVQ	-	blk.21.ssm_out.weight	linear_attn_out-21	q5_K	f32	f32	4096	2560	1	1	4096	1	1	1	2816	7208960	7208960	16384	16384	16384	1	1	0	1	1
37	1788291913582283411	eager	1927	MUL_MAT	MMVQ	-	blk.22.attn_gate.weight	z-22	q4_K	f32	f32	2560	4096	1	1	2560	1	1	1	1440	5898240	5898240	10240	10240	10240	1	1	0	1	1
37	1788291913582283411	eager	1927	MUL_MAT	MMVQ	-	blk.22.attn_qkv.weight	node_1339	q5_K	f32	f32	2560	8192	1	1	2560	1	1	1	1760	14417920	14417920	10240	10240	10240	1	1	0	1	1
37	1788291913582283411	eager	1927	MUL_MAT	MMVQ	-	blk.22.ssm_alpha.weight	node_1360	q8_0	f32	f32	2560	32	1	1	2560	1	1	1	2720	87040	87040	10240	10240	10240	1	1	0	1	1
37	1788291913582283411	eager	1927	MUL_MAT	MMVQ	-	blk.22.ssm_beta.weight	node_1366	q8_0	f32	f32	2560	32	1	1	2560	1	1	1	2720	87040	87040	10240	10240	10240	1	1	0	1	1
37	1788291913582283411	eager	1927	MUL_MAT	MMVQ	-	blk.22.ssm_out.weight	linear_attn_out-22	q5_K	f32	f32	4096	2560	1	1	4096	1	1	1	2816	7208960	7208960	16384	16384	16384	1	1	0	1	1
37	1788291913582283411	eager	1927	MUL_MAT	MMVQ	-	blk.23.attn_k.weight	Kcur-23	q4_K	f32	f32	2560	1024	1	1	2560	1	1	1	1440	1474560	1474560	10240	10240	10240	1	1	0	1	1
37	1788291913582283411	eager	1927	MUL_MAT	MMVQ	-	blk.23.attn_q.weight	Qcur_full-23	q4_K	f32	f32	2560	8192	1	1	2560	1	1	1	1440	11796480	11796480	10240	10240	10240	1	1	0	1	1
37	1788291913582283411	eager	1927	MUL_MAT	MMVQ	-	blk.23.attn_v.weight	Vcur-23	q4_K	f32	f32	2560	1024	1	1	2560	1	1	1	1440	1474560	1474560	10240	10240	10240	1	1	0	1	1
37	1788291913582283411	eager	1927	MUL_MAT	MMVQ	-	blk.24.attn_gate.weight	z-24	q4_K	f32	f32	2560	4096	1	1	2560	1	1	1	1440	5898240	5898240	10240	10240	10240	1	1	0	1	1
37	1788291913582283411	eager	1927	MUL_MAT	MMVQ	-	blk.24.attn_qkv.weight	node_1453	q5_K	f32	f32	2560	8192	1	1	2560	1	1	1	1760	14417920	14417920	10240	10240	10240	1	1	0	1	1
37	1788291913582283411	eager	1927	MUL_MAT	MMVQ	-	blk.24.ssm_alpha.weight	node_1474	q8_0	f32	f32	2560	32	1	1	2560	1	1	1	2720	87040	87040	10240	10240	10240	1	1	0	1	1
37	1788291913582283411	eager	1927	MUL_MAT	MMVQ	-	blk.24.ssm_beta.weight	node_1480	q8_0	f32	f32	2560	32	1	1	2560	1	1	1	2720	87040	87040	10240	10240	10240	1	1	0	1	1
37	1788291913582283411	eager	1927	MUL_MAT	MMVQ	-	blk.24.ssm_out.weight	linear_attn_out-24	q5_K	f32	f32	4096	2560	1	1	4096	1	1	1	2816	7208960	7208960	16384	16384	16384	1	1	0	1	1
37	1788291913582283411	eager	1927	MUL_MAT	MMVQ	-	blk.25.attn_gate.weight	z-25	q4_K	f32	f32	2560	4096	1	1	2560	1	1	1	1440	5898240	5898240	10240	10240	10240	1	1	0	1	1
37	1788291913582283411	eager	1927	MUL_MAT	MMVQ	-	blk.25.attn_qkv.weight	node_1516	q5_K	f32	f32	2560	8192	1	1	2560	1	1	1	1760	14417920	14417920	10240	10240	10240	1	1	0	1	1
37	1788291913582283411	eager	1927	MUL_MAT	MMVQ	-	blk.25.ssm_alpha.weight	node_1537	q8_0	f32	f32	2560	32	1	1	2560	1	1	1	2720	87040	87040	10240	10240	10240	1	1	0	1	1
37	1788291913582283411	eager	1927	MUL_MAT	MMVQ	-	blk.25.ssm_beta.weight	node_1543	q8_0	f32	f32	2560	32	1	1	2560	1	1	1	2720	87040	87040	10240	10240	10240	1	1	0	1	1
37	1788291913582283411	eager	1927	MUL_MAT	MMVQ	-	blk.25.ssm_out.weight	linear_attn_out-25	q5_K	f32	f32	4096	2560	1	1	4096	1	1	1	2816	7208960	7208960	16384	16384	16384	1	1	0	1	1
37	1788291913582283411	eager	1927	MUL_MAT	MMVQ	-	blk.26.attn_gate.weight	z-26	q4_K	f32	f32	2560	4096	1	1	2560	1	1	1	1440	5898240	5898240	10240	10240	10240	1	1	0	1	1
37	1788291913582283411	eager	1927	MUL_MAT	MMVQ	-	blk.26.attn_qkv.weight	node_1579	q5_K	f32	f32	2560	8192	1	1	2560	1	1	1	1760	14417920	14417920	10240	10240	10240	1	1	0	1	1
37	1788291913582283411	eager	1927	MUL_MAT	MMVQ	-	blk.26.ssm_alpha.weight	node_1600	q8_0	f32	f32	2560	32	1	1	2560	1	1	1	2720	87040	87040	10240	10240	10240	1	1	0	1	1
37	1788291913582283411	eager	1927	MUL_MAT	MMVQ	-	blk.26.ssm_beta.weight	node_1606	q8_0	f32	f32	2560	32	1	1	2560	1	1	1	2720	87040	87040	10240	10240	10240	1	1	0	1	1
37	1788291913582283411	eager	1927	MUL_MAT	MMVQ	-	blk.26.ssm_out.weight	linear_attn_out-26	q5_K	f32	f32	4096	2560	1	1	4096	1	1	1	2816	7208960	7208960	16384	16384	16384	1	1	0	1	1
37	1788291913582283411	eager	1927	MUL_MAT	MMVQ	-	blk.27.attn_k.weight	Kcur-27	q4_K	f32	f32	2560	1024	1	1	2560	1	1	1	1440	1474560	1474560	10240	10240	10240	1	1	0	1	1
37	1788291913582283411	eager	1927	MUL_MAT	MMVQ	-	blk.27.attn_q.weight	Qcur_full-27	q4_K	f32	f32	2560	8192	1	1	2560	1	1	1	1440	11796480	11796480	10240	10240	10240	1	1	0	1	1
37	1788291913582283411	eager	1927	MUL_MAT	MMVQ	-	blk.27.attn_v.weight	Vcur-27	q6_K	f32	f32	2560	1024	1	1	2560	1	1	1	2100	2150400	2150400	10240	10240	10240	1	1	0	1	1
37	1788291913582283411	eager	1927	MUL_MAT	MMVQ	-	blk.28.attn_gate.weight	z-28	q4_K	f32	f32	2560	4096	1	1	2560	1	1	1	1440	5898240	5898240	10240	10240	10240	1	1	0	1	1
37	1788291913582283411	eager	1927	MUL_MAT	MMVQ	-	blk.28.attn_qkv.weight	node_1693	q5_K	f32	f32	2560	8192	1	1	2560	1	1	1	1760	14417920	14417920	10240	10240	10240	1	1	0	1	1
37	1788291913582283411	eager	1927	MUL_MAT	MMVQ	-	blk.28.ssm_alpha.weight	node_1714	q8_0	f32	f32	2560	32	1	1	2560	1	1	1	2720	87040	87040	10240	10240	10240	1	1	0	1	1
37	1788291913582283411	eager	1927	MUL_MAT	MMVQ	-	blk.28.ssm_beta.weight	node_1720	q8_0	f32	f32	2560	32	1	1	2560	1	1	1	2720	87040	87040	10240	10240	10240	1	1	0	1	1
37	1788291913582283411	eager	1927	MUL_MAT	MMVQ	-	blk.28.ssm_out.weight	linear_attn_out-28	q5_K	f32	f32	4096	2560	1	1	4096	1	1	1	2816	7208960	7208960	16384	16384	16384	1	1	0	1	1
37	1788291913582283411	eager	1927	MUL_MAT	MMVQ	-	blk.29.attn_gate.weight	z-29	q4_K	f32	f32	2560	4096	1	1	2560	1	1	1	1440	5898240	5898240	10240	10240	10240	1	1	0	1	1
37	1788291913582283411	eager	1927	MUL_MAT	MMVQ	-	blk.29.attn_qkv.weight	node_1756	q5_K	f32	f32	2560	8192	1	1	2560	1	1	1	1760	14417920	14417920	10240	10240	10240	1	1	0	1	1
37	1788291913582283411	eager	1927	MUL_MAT	MMVQ	-	blk.29.ssm_alpha.weight	node_1777	q8_0	f32	f32	2560	32	1	1	2560	1	1	1	2720	87040	87040	10240	10240	10240	1	1	0	1	1
37	1788291913582283411	eager	1927	MUL_MAT	MMVQ	-	blk.29.ssm_beta.weight	node_1783	q8_0	f32	f32	2560	32	1	1	2560	1	1	1	2720	87040	87040	10240	10240	10240	1	1	0	1	1
37	1788291913582283411	eager	1927	MUL_MAT	MMVQ	-	blk.29.ssm_out.weight	linear_attn_out-29	q5_K	f32	f32	4096	2560	1	1	4096	1	1	1	2816	7208960	7208960	16384	16384	16384	1	1	0	1	1
37	1788291913582283411	eager	1927	MUL_MAT	MMVQ	-	blk.3.attn_k.weight	Kcur-3	q4_K	f32	f32	2560	1024	1	1	2560	1	1	1	1440	1474560	1474560	10240	10240	10240	1	1	0	1	1
37	1788291913582283411	eager	1927	MUL_MAT	MMVQ	-	blk.3.attn_q.weight	Qcur_full-3	q4_K	f32	f32	2560	8192	1	1	2560	1	1	1	1440	11796480	11796480	10240	10240	10240	1	1	0	1	1
37	1788291913582283411	eager	1927	MUL_MAT	MMVQ	-	blk.3.attn_v.weight	Vcur-3	q6_K	f32	f32	2560	1024	1	1	2560	1	1	1	2100	2150400	2150400	10240	10240	10240	1	1	0	1	1
37	1788291913582283411	eager	1927	MUL_MAT	MMVQ	-	blk.30.attn_gate.weight	z-30	q4_K	f32	f32	2560	4096	1	1	2560	1	1	1	1440	5898240	5898240	10240	10240	10240	1	1	0	1	1
37	1788291913582283411	eager	1927	MUL_MAT	MMVQ	-	blk.30.attn_qkv.weight	node_1819	q5_K	f32	f32	2560	8192	1	1	2560	1	1	1	1760	14417920	14417920	10240	10240	10240	1	1	0	1	1
37	1788291913582283411	eager	1927	MUL_MAT	MMVQ	-	blk.30.ssm_alpha.weight	node_1840	q8_0	f32	f32	2560	32	1	1	2560	1	1	1	2720	87040	87040	10240	10240	10240	1	1	0	1	1
37	1788291913582283411	eager	1927	MUL_MAT	MMVQ	-	blk.30.ssm_beta.weight	node_1846	q8_0	f32	f32	2560	32	1	1	2560	1	1	1	2720	87040	87040	10240	10240	10240	1	1	0	1	1
37	1788291913582283411	eager	1927	MUL_MAT	MMVQ	-	blk.30.ssm_out.weight	linear_attn_out-30	q5_K	f32	f32	4096	2560	1	1	4096	1	1	1	2816	7208960	7208960	16384	16384	16384	1	1	0	1	1
37	1788291913582283411	eager	1927	MUL_MAT	MMVQ	-	blk.31.attn_k.weight	Kcur-31	q4_K	f32	f32	2560	1024	1	1	2560	1	1	1	1440	1474560	1474560	10240	10240	10240	1	1	0	1	1
37	1788291913582283411	eager	1927	MUL_MAT	MMVQ	-	blk.31.attn_q.weight	Qcur_full-31	q4_K	f32	f32	2560	8192	1	1	2560	1	1	1	1440	11796480	11796480	10240	10240	10240	1	1	0	1	1
37	1788291913582283411	eager	1927	MUL_MAT	MMVQ	-	blk.31.attn_v.weight	Vcur-31	q4_K	f32	f32	2560	1024	1	1	2560	1	1	1	1440	1474560	1474560	10240	10240	10240	1	1	0	1	1
37	1788291913582283411	eager	1927	MUL_MAT	MMVQ	-	blk.4.attn_gate.weight	z-4	q4_K	f32	f32	2560	4096	1	1	2560	1	1	1	1440	5898240	5898240	10240	10240	10240	1	1	0	1	1
37	1788291913582283411	eager	1927	MUL_MAT	MMVQ	-	blk.4.attn_qkv.weight	node_253	q5_K	f32	f32	2560	8192	1	1	2560	1	1	1	1760	14417920	14417920	10240	10240	10240	1	1	0	1	1
37	1788291913582283411	eager	1927	MUL_MAT	MMVQ	-	blk.4.ssm_alpha.weight	node_274	q8_0	f32	f32	2560	32	1	1	2560	1	1	1	2720	87040	87040	10240	10240	10240	1	1	0	1	1
37	1788291913582283411	eager	1927	MUL_MAT	MMVQ	-	blk.4.ssm_beta.weight	node_280	q8_0	f32	f32	2560	32	1	1	2560	1	1	1	2720	87040	87040	10240	10240	10240	1	1	0	1	1
37	1788291913582283411	eager	1927	MUL_MAT	MMVQ	-	blk.4.ssm_out.weight	linear_attn_out-4	q5_K	f32	f32	4096	2560	1	1	4096	1	1	1	2816	7208960	7208960	16384	16384	16384	1	1	0	1	1
37	1788291913582283411	eager	1927	MUL_MAT	MMVQ	-	blk.5.attn_gate.weight	z-5	q4_K	f32	f32	2560	4096	1	1	2560	1	1	1	1440	5898240	5898240	10240	10240	10240	1	1	0	1	1
37	1788291913582283411	eager	1927	MUL_MAT	MMVQ	-	blk.5.attn_qkv.weight	node_316	q5_K	f32	f32	2560	8192	1	1	2560	1	1	1	1760	14417920	14417920	10240	10240	10240	1	1	0	1	1
37	1788291913582283411	eager	1927	MUL_MAT	MMVQ	-	blk.5.ssm_alpha.weight	node_337	q8_0	f32	f32	2560	32	1	1	2560	1	1	1	2720	87040	87040	10240	10240	10240	1	1	0	1	1
37	1788291913582283411	eager	1927	MUL_MAT	MMVQ	-	blk.5.ssm_beta.weight	node_343	q8_0	f32	f32	2560	32	1	1	2560	1	1	1	2720	87040	87040	10240	10240	10240	1	1	0	1	1
37	1788291913582283411	eager	1927	MUL_MAT	MMVQ	-	blk.5.ssm_out.weight	linear_attn_out-5	q5_K	f32	f32	4096	2560	1	1	4096	1	1	1	2816	7208960	7208960	16384	16384	16384	1	1	0	1	1
37	1788291913582283411	eager	1927	MUL_MAT	MMVQ	-	blk.6.attn_gate.weight	z-6	q4_K	f32	f32	2560	4096	1	1	2560	1	1	1	1440	5898240	5898240	10240	10240	10240	1	1	0	1	1
37	1788291913582283411	eager	1927	MUL_MAT	MMVQ	-	blk.6.attn_qkv.weight	node_379	q5_K	f32	f32	2560	8192	1	1	2560	1	1	1	1760	14417920	14417920	10240	10240	10240	1	1	0	1	1
37	1788291913582283411	eager	1927	MUL_MAT	MMVQ	-	blk.6.ssm_alpha.weight	node_400	q8_0	f32	f32	2560	32	1	1	2560	1	1	1	2720	87040	87040	10240	10240	10240	1	1	0	1	1
37	1788291913582283411	eager	1927	MUL_MAT	MMVQ	-	blk.6.ssm_beta.weight	node_406	q8_0	f32	f32	2560	32	1	1	2560	1	1	1	2720	87040	87040	10240	10240	10240	1	1	0	1	1
37	1788291913582283411	eager	1927	MUL_MAT	MMVQ	-	blk.6.ssm_out.weight	linear_attn_out-6	q5_K	f32	f32	4096	2560	1	1	4096	1	1	1	2816	7208960	7208960	16384	16384	16384	1	1	0	1	1
37	1788291913582283411	eager	1927	MUL_MAT	MMVQ	-	blk.7.attn_k.weight	Kcur-7	q4_K	f32	f32	2560	1024	1	1	2560	1	1	1	1440	1474560	1474560	10240	10240	10240	1	1	0	1	1
37	1788291913582283411	eager	1927	MUL_MAT	MMVQ	-	blk.7.attn_q.weight	Qcur_full-7	q4_K	f32	f32	2560	8192	1	1	2560	1	1	1	1440	11796480	11796480	10240	10240	10240	1	1	0	1	1
37	1788291913582283411	eager	1927	MUL_MAT	MMVQ	-	blk.7.attn_v.weight	Vcur-7	q6_K	f32	f32	2560	1024	1	1	2560	1	1	1	2100	2150400	2150400	10240	10240	10240	1	1	0	1	1
37	1788291913582283411	eager	1927	MUL_MAT	MMVQ	-	blk.8.attn_gate.weight	z-8	q4_K	f32	f32	2560	4096	1	1	2560	1	1	1	1440	5898240	5898240	10240	10240	10240	1	1	0	1	1
37	1788291913582283411	eager	1927	MUL_MAT	MMVQ	-	blk.8.attn_qkv.weight	node_493	q5_K	f32	f32	2560	8192	1	1	2560	1	1	1	1760	14417920	14417920	10240	10240	10240	1	1	0	1	1
37	1788291913582283411	eager	1927	MUL_MAT	MMVQ	-	blk.8.ssm_alpha.weight	node_514	q8_0	f32	f32	2560	32	1	1	2560	1	1	1	2720	87040	87040	10240	10240	10240	1	1	0	1	1
37	1788291913582283411	eager	1927	MUL_MAT	MMVQ	-	blk.8.ssm_beta.weight	node_520	q8_0	f32	f32	2560	32	1	1	2560	1	1	1	2720	87040	87040	10240	10240	10240	1	1	0	1	1
37	1788291913582283411	eager	1927	MUL_MAT	MMVQ	-	blk.8.ssm_out.weight	linear_attn_out-8	q5_K	f32	f32	4096	2560	1	1	4096	1	1	1	2816	7208960	7208960	16384	16384	16384	1	1	0	1	1
37	1788291913582283411	eager	1927	MUL_MAT	MMVQ	-	blk.9.attn_gate.weight	z-9	q4_K	f32	f32	2560	4096	1	1	2560	1	1	1	1440	5898240	5898240	10240	10240	10240	1	1	0	1	1
37	1788291913582283411	eager	1927	MUL_MAT	MMVQ	-	blk.9.attn_qkv.weight	node_556	q5_K	f32	f32	2560	8192	1	1	2560	1	1	1	1760	14417920	14417920	10240	10240	10240	1	1	0	1	1
37	1788291913582283411	eager	1927	MUL_MAT	MMVQ	-	blk.9.ssm_alpha.weight	node_577	q8_0	f32	f32	2560	32	1	1	2560	1	1	1	2720	87040	87040	10240	10240	10240	1	1	0	1	1
37	1788291913582283411	eager	1927	MUL_MAT	MMVQ	-	blk.9.ssm_beta.weight	node_583	q8_0	f32	f32	2560	32	1	1	2560	1	1	1	2720	87040	87040	10240	10240	10240	1	1	0	1	1
37	1788291913582283411	eager	1927	MUL_MAT	MMVQ	-	blk.9.ssm_out.weight	linear_attn_out-9	q5_K	f32	f32	4096	2560	1	1	4096	1	1	1	2816	7208960	7208960	16384	16384	16384	1	1	0	1	1
37	1788291913582283411	eager	1927	MUL_MAT	MMVQ	-	token_embd.weight	result_output	q6_K	f32	f32	2560	248320	1	1	2560	1	1	1	2100	521472000	521472000	10240	10240	10240	1	1	0	1	1
37	1788291913582283411	eager	1927	MUL_MAT	MMVQ	fused	blk.0.ffn_down.weight	l_out-0	q6_K	f32	f32	9216	2560	1	1	9216	1	1	1	7560	19353600	19353600	36864	36864	36864	1	1	0	1	1
37	1788291913582283411	eager	1927	MUL_MAT	MMVQ	fused	blk.0.ffn_up.weight	ffn_swiglu-0	q4_K	f32	f32	2560	9216	1	1	2560	1	1	1	1440	13271040	13271040	10240	10240	10240	1	1	0	1	1
37	1788291913582283411	eager	1927	MUL_MAT	MMVQ	fused	blk.1.ffn_down.weight	l_out-1	q6_K	f32	f32	9216	2560	1	1	9216	1	1	1	7560	19353600	19353600	36864	36864	36864	1	1	0	1	1
37	1788291913582283411	eager	1927	MUL_MAT	MMVQ	fused	blk.1.ffn_up.weight	ffn_swiglu-1	q4_K	f32	f32	2560	9216	1	1	2560	1	1	1	1440	13271040	13271040	10240	10240	10240	1	1	0	1	1
37	1788291913582283411	eager	1927	MUL_MAT	MMVQ	fused	blk.10.ffn_down.weight	l_out-10	q4_K	f32	f32	9216	2560	1	1	9216	1	1	1	5184	13271040	13271040	36864	36864	36864	1	1	0	1	1
37	1788291913582283411	eager	1927	MUL_MAT	MMVQ	fused	blk.10.ffn_up.weight	ffn_swiglu-10	q4_K	f32	f32	2560	9216	1	1	2560	1	1	1	1440	13271040	13271040	10240	10240	10240	1	1	0	1	1
37	1788291913582283411	eager	1927	MUL_MAT	MMVQ	fused	blk.11.attn_output.weight	attn_residual-11	q4_K	f32	f32	4096	2560	1	1	4096	1	1	1	2304	5898240	5898240	16384	16384	16384	1	1	0	1	1
37	1788291913582283411	eager	1927	MUL_MAT	MMVQ	fused	blk.11.ffn_down.weight	l_out-11	q4_K	f32	f32	9216	2560	1	1	9216	1	1	1	5184	13271040	13271040	36864	36864	36864	1	1	0	1	1
37	1788291913582283411	eager	1927	MUL_MAT	MMVQ	fused	blk.11.ffn_up.weight	ffn_swiglu-11	q4_K	f32	f32	2560	9216	1	1	2560	1	1	1	1440	13271040	13271040	10240	10240	10240	1	1	0	1	1
37	1788291913582283411	eager	1927	MUL_MAT	MMVQ	fused	blk.12.ffn_down.weight	l_out-12	q6_K	f32	f32	9216	2560	1	1	9216	1	1	1	7560	19353600	19353600	36864	36864	36864	1	1	0	1	1
37	1788291913582283411	eager	1927	MUL_MAT	MMVQ	fused	blk.12.ffn_up.weight	ffn_swiglu-12	q4_K	f32	f32	2560	9216	1	1	2560	1	1	1	1440	13271040	13271040	10240	10240	10240	1	1	0	1	1
37	1788291913582283411	eager	1927	MUL_MAT	MMVQ	fused	blk.13.ffn_down.weight	l_out-13	q4_K	f32	f32	9216	2560	1	1	9216	1	1	1	5184	13271040	13271040	36864	36864	36864	1	1	0	1	1
37	1788291913582283411	eager	1927	MUL_MAT	MMVQ	fused	blk.13.ffn_up.weight	ffn_swiglu-13	q4_K	f32	f32	2560	9216	1	1	2560	1	1	1	1440	13271040	13271040	10240	10240	10240	1	1	0	1	1
37	1788291913582283411	eager	1927	MUL_MAT	MMVQ	fused	blk.14.ffn_down.weight	l_out-14	q4_K	f32	f32	9216	2560	1	1	9216	1	1	1	5184	13271040	13271040	36864	36864	36864	1	1	0	1	1
37	1788291913582283411	eager	1927	MUL_MAT	MMVQ	fused	blk.14.ffn_up.weight	ffn_swiglu-14	q4_K	f32	f32	2560	9216	1	1	2560	1	1	1	1440	13271040	13271040	10240	10240	10240	1	1	0	1	1
37	1788291913582283411	eager	1927	MUL_MAT	MMVQ	fused	blk.15.attn_output.weight	attn_residual-15	q4_K	f32	f32	4096	2560	1	1	4096	1	1	1	2304	5898240	5898240	16384	16384	16384	1	1	0	1	1
37	1788291913582283411	eager	1927	MUL_MAT	MMVQ	fused	blk.15.ffn_down.weight	l_out-15	q6_K	f32	f32	9216	2560	1	1	9216	1	1	1	7560	19353600	19353600	36864	36864	36864	1	1	0	1	1
37	1788291913582283411	eager	1927	MUL_MAT	MMVQ	fused	blk.15.ffn_up.weight	ffn_swiglu-15	q4_K	f32	f32	2560	9216	1	1	2560	1	1	1	1440	13271040	13271040	10240	10240	10240	1	1	0	1	1
37	1788291913582283411	eager	1927	MUL_MAT	MMVQ	fused	blk.16.ffn_down.weight	l_out-16	q4_K	f32	f32	9216	2560	1	1	9216	1	1	1	5184	13271040	13271040	36864	36864	36864	1	1	0	1	1
37	1788291913582283411	eager	1927	MUL_MAT	MMVQ	fused	blk.16.ffn_up.weight	ffn_swiglu-16	q4_K	f32	f32	2560	9216	1	1	2560	1	1	1	1440	13271040	13271040	10240	10240	10240	1	1	0	1	1
37	1788291913582283411	eager	1927	MUL_MAT	MMVQ	fused	blk.17.ffn_down.weight	l_out-17	q4_K	f32	f32	9216	2560	1	1	9216	1	1	1	5184	13271040	13271040	36864	36864	36864	1	1	0	1	1
37	1788291913582283411	eager	1927	MUL_MAT	MMVQ	fused	blk.17.ffn_up.weight	ffn_swiglu-17	q4_K	f32	f32	2560	9216	1	1	2560	1	1	1	1440	13271040	13271040	10240	10240	10240	1	1	0	1	1
37	1788291913582283411	eager	1927	MUL_MAT	MMVQ	fused	blk.18.ffn_down.weight	l_out-18	q6_K	f32	f32	9216	2560	1	1	9216	1	1	1	7560	19353600	19353600	36864	36864	36864	1	1	0	1	1
37	1788291913582283411	eager	1927	MUL_MAT	MMVQ	fused	blk.18.ffn_up.weight	ffn_swiglu-18	q4_K	f32	f32	2560	9216	1	1	2560	1	1	1	1440	13271040	13271040	10240	10240	10240	1	1	0	1	1
37	1788291913582283411	eager	1927	MUL_MAT	MMVQ	fused	blk.19.attn_output.weight	attn_residual-19	q4_K	f32	f32	4096	2560	1	1	4096	1	1	1	2304	5898240	5898240	16384	16384	16384	1	1	0	1	1
37	1788291913582283411	eager	1927	MUL_MAT	MMVQ	fused	blk.19.ffn_down.weight	l_out-19	q4_K	f32	f32	9216	2560	1	1	9216	1	1	1	5184	13271040	13271040	36864	36864	36864	1	1	0	1	1
37	1788291913582283411	eager	1927	MUL_MAT	MMVQ	fused	blk.19.ffn_up.weight	ffn_swiglu-19	q4_K	f32	f32	2560	9216	1	1	2560	1	1	1	1440	13271040	13271040	10240	10240	10240	1	1	0	1	1
37	1788291913582283411	eager	1927	MUL_MAT	MMVQ	fused	blk.2.ffn_down.weight	l_out-2	q6_K	f32	f32	9216	2560	1	1	9216	1	1	1	7560	19353600	19353600	36864	36864	36864	1	1	0	1	1
37	1788291913582283411	eager	1927	MUL_MAT	MMVQ	fused	blk.2.ffn_up.weight	ffn_swiglu-2	q4_K	f32	f32	2560	9216	1	1	2560	1	1	1	1440	13271040	13271040	10240	10240	10240	1	1	0	1	1
37	1788291913582283411	eager	1927	MUL_MAT	MMVQ	fused	blk.20.ffn_down.weight	l_out-20	q4_K	f32	f32	9216	2560	1	1	9216	1	1	1	5184	13271040	13271040	36864	36864	36864	1	1	0	1	1
37	1788291913582283411	eager	1927	MUL_MAT	MMVQ	fused	blk.20.ffn_up.weight	ffn_swiglu-20	q4_K	f32	f32	2560	9216	1	1	2560	1	1	1	1440	13271040	13271040	10240	10240	10240	1	1	0	1	1
37	1788291913582283411	eager	1927	MUL_MAT	MMVQ	fused	blk.21.ffn_down.weight	l_out-21	q6_K	f32	f32	9216	2560	1	1	9216	1	1	1	7560	19353600	19353600	36864	36864	36864	1	1	0	1	1
37	1788291913582283411	eager	1927	MUL_MAT	MMVQ	fused	blk.21.ffn_up.weight	ffn_swiglu-21	q4_K	f32	f32	2560	9216	1	1	2560	1	1	1	1440	13271040	13271040	10240	10240	10240	1	1	0	1	1
37	1788291913582283411	eager	1927	MUL_MAT	MMVQ	fused	blk.22.ffn_down.weight	l_out-22	q4_K	f32	f32	9216	2560	1	1	9216	1	1	1	5184	13271040	13271040	36864	36864	36864	1	1	0	1	1
37	1788291913582283411	eager	1927	MUL_MAT	MMVQ	fused	blk.22.ffn_up.weight	ffn_swiglu-22	q4_K	f32	f32	2560	9216	1	1	2560	1	1	1	1440	13271040	13271040	10240	10240	10240	1	1	0	1	1
37	1788291913582283411	eager	1927	MUL_MAT	MMVQ	fused	blk.23.attn_output.weight	attn_residual-23	q4_K	f32	f32	4096	2560	1	1	4096	1	1	1	2304	5898240	5898240	16384	16384	16384	1	1	0	1	1
37	1788291913582283411	eager	1927	MUL_MAT	MMVQ	fused	blk.23.ffn_down.weight	l_out-23	q4_K	f32	f32	9216	2560	1	1	9216	1	1	1	5184	13271040	13271040	36864	36864	36864	1	1	0	1	1
37	1788291913582283411	eager	1927	MUL_MAT	MMVQ	fused	blk.23.ffn_up.weight	ffn_swiglu-23	q4_K	f32	f32	2560	9216	1	1	2560	1	1	1	1440	13271040	13271040	10240	10240	10240	1	1	0	1	1
37	1788291913582283411	eager	1927	MUL_MAT	MMVQ	fused	blk.24.ffn_down.weight	l_out-24	q6_K	f32	f32	9216	2560	1	1	9216	1	1	1	7560	19353600	19353600	36864	36864	36864	1	1	0	1	1
37	1788291913582283411	eager	1927	MUL_MAT	MMVQ	fused	blk.24.ffn_up.weight	ffn_swiglu-24	q4_K	f32	f32	2560	9216	1	1	2560	1	1	1	1440	13271040	13271040	10240	10240	10240	1	1	0	1	1
37	1788291913582283411	eager	1927	MUL_MAT	MMVQ	fused	blk.25.ffn_down.weight	l_out-25	q4_K	f32	f32	9216	2560	1	1	9216	1	1	1	5184	13271040	13271040	36864	36864	36864	1	1	0	1	1
37	1788291913582283411	eager	1927	MUL_MAT	MMVQ	fused	blk.25.ffn_up.weight	ffn_swiglu-25	q4_K	f32	f32	2560	9216	1	1	2560	1	1	1	1440	13271040	13271040	10240	10240	10240	1	1	0	1	1
37	1788291913582283411	eager	1927	MUL_MAT	MMVQ	fused	blk.26.ffn_down.weight	l_out-26	q4_K	f32	f32	9216	2560	1	1	9216	1	1	1	5184	13271040	13271040	36864	36864	36864	1	1	0	1	1
37	1788291913582283411	eager	1927	MUL_MAT	MMVQ	fused	blk.26.ffn_up.weight	ffn_swiglu-26	q4_K	f32	f32	2560	9216	1	1	2560	1	1	1	1440	13271040	13271040	10240	10240	10240	1	1	0	1	1
37	1788291913582283411	eager	1927	MUL_MAT	MMVQ	fused	blk.27.attn_output.weight	attn_residual-27	q4_K	f32	f32	4096	2560	1	1	4096	1	1	1	2304	5898240	5898240	16384	16384	16384	1	1	0	1	1
37	1788291913582283411	eager	1927	MUL_MAT	MMVQ	fused	blk.27.ffn_down.weight	l_out-27	q6_K	f32	f32	9216	2560	1	1	9216	1	1	1	7560	19353600	19353600	36864	36864	36864	1	1	0	1	1
37	1788291913582283411	eager	1927	MUL_MAT	MMVQ	fused	blk.27.ffn_up.weight	ffn_swiglu-27	q4_K	f32	f32	2560	9216	1	1	2560	1	1	1	1440	13271040	13271040	10240	10240	10240	1	1	0	1	1
37	1788291913582283411	eager	1927	MUL_MAT	MMVQ	fused	blk.28.ffn_down.weight	l_out-28	q6_K	f32	f32	9216	2560	1	1	9216	1	1	1	7560	19353600	19353600	36864	36864	36864	1	1	0	1	1
37	1788291913582283411	eager	1927	MUL_MAT	MMVQ	fused	blk.28.ffn_up.weight	ffn_swiglu-28	q4_K	f32	f32	2560	9216	1	1	2560	1	1	1	1440	13271040	13271040	10240	10240	10240	1	1	0	1	1
37	1788291913582283411	eager	1927	MUL_MAT	MMVQ	fused	blk.29.ffn_down.weight	l_out-29	q6_K	f32	f32	9216	2560	1	1	9216	1	1	1	7560	19353600	19353600	36864	36864	36864	1	1	0	1	1
37	1788291913582283411	eager	1927	MUL_MAT	MMVQ	fused	blk.29.ffn_up.weight	ffn_swiglu-29	q4_K	f32	f32	2560	9216	1	1	2560	1	1	1	1440	13271040	13271040	10240	10240	10240	1	1	0	1	1
37	1788291913582283411	eager	1927	MUL_MAT	MMVQ	fused	blk.3.attn_output.weight	attn_residual-3	q4_K	f32	f32	4096	2560	1	1	4096	1	1	1	2304	5898240	5898240	16384	16384	16384	1	1	0	1	1
37	1788291913582283411	eager	1927	MUL_MAT	MMVQ	fused	blk.3.ffn_down.weight	l_out-3	q6_K	f32	f32	9216	2560	1	1	9216	1	1	1	7560	19353600	19353600	36864	36864	36864	1	1	0	1	1
37	1788291913582283411	eager	1927	MUL_MAT	MMVQ	fused	blk.3.ffn_up.weight	ffn_swiglu-3	q4_K	f32	f32	2560	9216	1	1	2560	1	1	1	1440	13271040	13271040	10240	10240	10240	1	1	0	1	1
37	1788291913582283411	eager	1927	MUL_MAT	MMVQ	fused	blk.30.ffn_down.weight	l_out-30	q6_K	f32	f32	9216	2560	1	1	9216	1	1	1	7560	19353600	19353600	36864	36864	36864	1	1	0	1	1
37	1788291913582283411	eager	1927	MUL_MAT	MMVQ	fused	blk.30.ffn_up.weight	ffn_swiglu-30	q4_K	f32	f32	2560	9216	1	1	2560	1	1	1	1440	13271040	13271040	10240	10240	10240	1	1	0	1	1
37	1788291913582283411	eager	1927	MUL_MAT	MMVQ	fused	blk.31.attn_output.weight	attn_residual-31	q4_K	f32	f32	4096	2560	1	1	4096	1	1	1	2304	5898240	5898240	16384	16384	16384	1	1	0	1	1
37	1788291913582283411	eager	1927	MUL_MAT	MMVQ	fused	blk.31.ffn_down.weight	l_out-31	q6_K	f32	f32	9216	2560	1	1	9216	1	1	1	7560	19353600	19353600	36864	36864	36864	1	1	0	1	1
37	1788291913582283411	eager	1927	MUL_MAT	MMVQ	fused	blk.31.ffn_up.weight	ffn_swiglu-31	q4_K	f32	f32	2560	9216	1	1	2560	1	1	1	1440	13271040	13271040	10240	10240	10240	1	1	0	1	1
37	1788291913582283411	eager	1927	MUL_MAT	MMVQ	fused	blk.4.ffn_down.weight	l_out-4	q4_K	f32	f32	9216	2560	1	1	9216	1	1	1	5184	13271040	13271040	36864	36864	36864	1	1	0	1	1
37	1788291913582283411	eager	1927	MUL_MAT	MMVQ	fused	blk.4.ffn_up.weight	ffn_swiglu-4	q4_K	f32	f32	2560	9216	1	1	2560	1	1	1	1440	13271040	13271040	10240	10240	10240	1	1	0	1	1
37	1788291913582283411	eager	1927	MUL_MAT	MMVQ	fused	blk.5.ffn_down.weight	l_out-5	q4_K	f32	f32	9216	2560	1	1	9216	1	1	1	5184	13271040	13271040	36864	36864	36864	1	1	0	1	1
37	1788291913582283411	eager	1927	MUL_MAT	MMVQ	fused	blk.5.ffn_up.weight	ffn_swiglu-5	q4_K	f32	f32	2560	9216	1	1	2560	1	1	1	1440	13271040	13271040	10240	10240	10240	1	1	0	1	1
37	1788291913582283411	eager	1927	MUL_MAT	MMVQ	fused	blk.6.ffn_down.weight	l_out-6	q6_K	f32	f32	9216	2560	1	1	9216	1	1	1	7560	19353600	19353600	36864	36864	36864	1	1	0	1	1
37	1788291913582283411	eager	1927	MUL_MAT	MMVQ	fused	blk.6.ffn_up.weight	ffn_swiglu-6	q4_K	f32	f32	2560	9216	1	1	2560	1	1	1	1440	13271040	13271040	10240	10240	10240	1	1	0	1	1
37	1788291913582283411	eager	1927	MUL_MAT	MMVQ	fused	blk.7.attn_output.weight	attn_residual-7	q4_K	f32	f32	4096	2560	1	1	4096	1	1	1	2304	5898240	5898240	16384	16384	16384	1	1	0	1	1
37	1788291913582283411	eager	1927	MUL_MAT	MMVQ	fused	blk.7.ffn_down.weight	l_out-7	q4_K	f32	f32	9216	2560	1	1	9216	1	1	1	5184	13271040	13271040	36864	36864	36864	1	1	0	1	1
37	1788291913582283411	eager	1927	MUL_MAT	MMVQ	fused	blk.7.ffn_up.weight	ffn_swiglu-7	q4_K	f32	f32	2560	9216	1	1	2560	1	1	1	1440	13271040	13271040	10240	10240	10240	1	1	0	1	1
37	1788291913582283411	eager	1927	MUL_MAT	MMVQ	fused	blk.8.ffn_down.weight	l_out-8	q4_K	f32	f32	9216	2560	1	1	9216	1	1	1	5184	13271040	13271040	36864	36864	36864	1	1	0	1	1
37	1788291913582283411	eager	1927	MUL_MAT	MMVQ	fused	blk.8.ffn_up.weight	ffn_swiglu-8	q4_K	f32	f32	2560	9216	1	1	2560	1	1	1	1440	13271040	13271040	10240	10240	10240	1	1	0	1	1
37	1788291913582283411	eager	1927	MUL_MAT	MMVQ	fused	blk.9.ffn_down.weight	l_out-9	q6_K	f32	f32	9216	2560	1	1	9216	1	1	1	7560	19353600	19353600	36864	36864	36864	1	1	0	1	1
37	1788291913582283411	eager	1927	MUL_MAT	MMVQ	fused	blk.9.ffn_up.weight	ffn_swiglu-9	q4_K	f32	f32	2560	9216	1	1	2560	1	1	1	1440	13271040	13271040	10240	10240	10240	1	1	0	1	1
38	1788291913592710695	capture	1927	MUL_MAT	MMVQ	-	blk.0.attn_gate.weight	z-0	q4_K	f32	f32	2560	4096	1	1	2560	1	1	1	1440	5898240	5898240	10240	10240	10240	1	1	0	1	1
38	1788291913592710695	capture	1927	MUL_MAT	MMVQ	-	blk.0.attn_qkv.weight	node_13	q5_K	f32	f32	2560	8192	1	1	2560	1	1	1	1760	14417920	14417920	10240	10240	10240	1	1	0	1	1
38	1788291913592710695	capture	1927	MUL_MAT	MMVQ	-	blk.0.ssm_alpha.weight	node_34	q8_0	f32	f32	2560	32	1	1	2560	1	1	1	2720	87040	87040	10240	10240	10240	1	1	0	1	1
38	1788291913592710695	capture	1927	MUL_MAT	MMVQ	-	blk.0.ssm_beta.weight	node_40	q8_0	f32	f32	2560	32	1	1	2560	1	1	1	2720	87040	87040	10240	10240	10240	1	1	0	1	1
38	1788291913592710695	capture	1927	MUL_MAT	MMVQ	-	blk.0.ssm_out.weight	linear_attn_out-0	q5_K	f32	f32	4096	2560	1	1	4096	1	1	1	2816	7208960	7208960	16384	16384	16384	1	1	0	1	1
38	1788291913592710695	capture	1927	MUL_MAT	MMVQ	-	blk.1.attn_gate.weight	z-1	q4_K	f32	f32	2560	4096	1	1	2560	1	1	1	1440	5898240	5898240	10240	10240	10240	1	1	0	1	1
38	1788291913592710695	capture	1927	MUL_MAT	MMVQ	-	blk.1.attn_qkv.weight	node_76	q5_K	f32	f32	2560	8192	1	1	2560	1	1	1	1760	14417920	14417920	10240	10240	10240	1	1	0	1	1
38	1788291913592710695	capture	1927	MUL_MAT	MMVQ	-	blk.1.ssm_alpha.weight	node_97	q8_0	f32	f32	2560	32	1	1	2560	1	1	1	2720	87040	87040	10240	10240	10240	1	1	0	1	1
38	1788291913592710695	capture	1927	MUL_MAT	MMVQ	-	blk.1.ssm_beta.weight	node_103	q8_0	f32	f32	2560	32	1	1	2560	1	1	1	2720	87040	87040	10240	10240	10240	1	1	0	1	1
38	1788291913592710695	capture	1927	MUL_MAT	MMVQ	-	blk.1.ssm_out.weight	linear_attn_out-1	q5_K	f32	f32	4096	2560	1	1	4096	1	1	1	2816	7208960	7208960	16384	16384	16384	1	1	0	1	1
38	1788291913592710695	capture	1927	MUL_MAT	MMVQ	-	blk.10.attn_gate.weight	z-10	q4_K	f32	f32	2560	4096	1	1	2560	1	1	1	1440	5898240	5898240	10240	10240	10240	1	1	0	1	1
38	1788291913592710695	capture	1927	MUL_MAT	MMVQ	-	blk.10.attn_qkv.weight	node_619	q5_K	f32	f32	2560	8192	1	1	2560	1	1	1	1760	14417920	14417920	10240	10240	10240	1	1	0	1	1
38	1788291913592710695	capture	1927	MUL_MAT	MMVQ	-	blk.10.ssm_alpha.weight	node_640	q8_0	f32	f32	2560	32	1	1	2560	1	1	1	2720	87040	87040	10240	10240	10240	1	1	0	1	1
38	1788291913592710695	capture	1927	MUL_MAT	MMVQ	-	blk.10.ssm_beta.weight	node_646	q8_0	f32	f32	2560	32	1	1	2560	1	1	1	2720	87040	87040	10240	10240	10240	1	1	0	1	1
38	1788291913592710695	capture	1927	MUL_MAT	MMVQ	-	blk.10.ssm_out.weight	linear_attn_out-10	q5_K	f32	f32	4096	2560	1	1	4096	1	1	1	2816	7208960	7208960	16384	16384	16384	1	1	0	1	1
38	1788291913592710695	capture	1927	MUL_MAT	MMVQ	-	blk.11.attn_k.weight	Kcur-11	q4_K	f32	f32	2560	1024	1	1	2560	1	1	1	1440	1474560	1474560	10240	10240	10240	1	1	0	1	1
38	1788291913592710695	capture	1927	MUL_MAT	MMVQ	-	blk.11.attn_q.weight	Qcur_full-11	q4_K	f32	f32	2560	8192	1	1	2560	1	1	1	1440	11796480	11796480	10240	10240	10240	1	1	0	1	1
38	1788291913592710695	capture	1927	MUL_MAT	MMVQ	-	blk.11.attn_v.weight	Vcur-11	q6_K	f32	f32	2560	1024	1	1	2560	1	1	1	2100	2150400	2150400	10240	10240	10240	1	1	0	1	1
38	1788291913592710695	capture	1927	MUL_MAT	MMVQ	-	blk.12.attn_gate.weight	z-12	q4_K	f32	f32	2560	4096	1	1	2560	1	1	1	1440	5898240	5898240	10240	10240	10240	1	1	0	1	1
38	1788291913592710695	capture	1927	MUL_MAT	MMVQ	-	blk.12.attn_qkv.weight	node_733	q5_K	f32	f32	2560	8192	1	1	2560	1	1	1	1760	14417920	14417920	10240	10240	10240	1	1	0	1	1
38	1788291913592710695	capture	1927	MUL_MAT	MMVQ	-	blk.12.ssm_alpha.weight	node_754	q8_0	f32	f32	2560	32	1	1	2560	1	1	1	2720	87040	87040	10240	10240	10240	1	1	0	1	1
38	1788291913592710695	capture	1927	MUL_MAT	MMVQ	-	blk.12.ssm_beta.weight	node_760	q8_0	f32	f32	2560	32	1	1	2560	1	1	1	2720	87040	87040	10240	10240	10240	1	1	0	1	1
38	1788291913592710695	capture	1927	MUL_MAT	MMVQ	-	blk.12.ssm_out.weight	linear_attn_out-12	q5_K	f32	f32	4096	2560	1	1	4096	1	1	1	2816	7208960	7208960	16384	16384	16384	1	1	0	1	1
38	1788291913592710695	capture	1927	MUL_MAT	MMVQ	-	blk.13.attn_gate.weight	z-13	q4_K	f32	f32	2560	4096	1	1	2560	1	1	1	1440	5898240	5898240	10240	10240	10240	1	1	0	1	1
38	1788291913592710695	capture	1927	MUL_MAT	MMVQ	-	blk.13.attn_qkv.weight	node_796	q5_K	f32	f32	2560	8192	1	1	2560	1	1	1	1760	14417920	14417920	10240	10240	10240	1	1	0	1	1
38	1788291913592710695	capture	1927	MUL_MAT	MMVQ	-	blk.13.ssm_alpha.weight	node_817	q8_0	f32	f32	2560	32	1	1	2560	1	1	1	2720	87040	87040	10240	10240	10240	1	1	0	1	1
38	1788291913592710695	capture	1927	MUL_MAT	MMVQ	-	blk.13.ssm_beta.weight	node_823	q8_0	f32	f32	2560	32	1	1	2560	1	1	1	2720	87040	87040	10240	10240	10240	1	1	0	1	1
38	1788291913592710695	capture	1927	MUL_MAT	MMVQ	-	blk.13.ssm_out.weight	linear_attn_out-13	q5_K	f32	f32	4096	2560	1	1	4096	1	1	1	2816	7208960	7208960	16384	16384	16384	1	1	0	1	1
38	1788291913592710695	capture	1927	MUL_MAT	MMVQ	-	blk.14.attn_gate.weight	z-14	q4_K	f32	f32	2560	4096	1	1	2560	1	1	1	1440	5898240	5898240	10240	10240	10240	1	1	0	1	1
38	1788291913592710695	capture	1927	MUL_MAT	MMVQ	-	blk.14.attn_qkv.weight	node_859	q5_K	f32	f32	2560	8192	1	1	2560	1	1	1	1760	14417920	14417920	10240	10240	10240	1	1	0	1	1
38	1788291913592710695	capture	1927	MUL_MAT	MMVQ	-	blk.14.ssm_alpha.weight	node_880	q8_0	f32	f32	2560	32	1	1	2560	1	1	1	2720	87040	87040	10240	10240	10240	1	1	0	1	1
38	1788291913592710695	capture	1927	MUL_MAT	MMVQ	-	blk.14.ssm_beta.weight	node_886	q8_0	f32	f32	2560	32	1	1	2560	1	1	1	2720	87040	87040	10240	10240	10240	1	1	0	1	1
38	1788291913592710695	capture	1927	MUL_MAT	MMVQ	-	blk.14.ssm_out.weight	linear_attn_out-14	q5_K	f32	f32	4096	2560	1	1	4096	1	1	1	2816	7208960	7208960	16384	16384	16384	1	1	0	1	1
38	1788291913592710695	capture	1927	MUL_MAT	MMVQ	-	blk.15.attn_k.weight	Kcur-15	q4_K	f32	f32	2560	1024	1	1	2560	1	1	1	1440	1474560	1474560	10240	10240	10240	1	1	0	1	1
38	1788291913592710695	capture	1927	MUL_MAT	MMVQ	-	blk.15.attn_q.weight	Qcur_full-15	q4_K	f32	f32	2560	8192	1	1	2560	1	1	1	1440	11796480	11796480	10240	10240	10240	1	1	0	1	1
38	1788291913592710695	capture	1927	MUL_MAT	MMVQ	-	blk.15.attn_v.weight	Vcur-15	q6_K	f32	f32	2560	1024	1	1	2560	1	1	1	2100	2150400	2150400	10240	10240	10240	1	1	0	1	1
38	1788291913592710695	capture	1927	MUL_MAT	MMVQ	-	blk.16.attn_gate.weight	z-16	q4_K	f32	f32	2560	4096	1	1	2560	1	1	1	1440	5898240	5898240	10240	10240	10240	1	1	0	1	1
38	1788291913592710695	capture	1927	MUL_MAT	MMVQ	-	blk.16.attn_qkv.weight	node_973	q5_K	f32	f32	2560	8192	1	1	2560	1	1	1	1760	14417920	14417920	10240	10240	10240	1	1	0	1	1
38	1788291913592710695	capture	1927	MUL_MAT	MMVQ	-	blk.16.ssm_alpha.weight	node_994	q8_0	f32	f32	2560	32	1	1	2560	1	1	1	2720	87040	87040	10240	10240	10240	1	1	0	1	1
38	1788291913592710695	capture	1927	MUL_MAT	MMVQ	-	blk.16.ssm_beta.weight	node_1000	q8_0	f32	f32	2560	32	1	1	2560	1	1	1	2720	87040	87040	10240	10240	10240	1	1	0	1	1
38	1788291913592710695	capture	1927	MUL_MAT	MMVQ	-	blk.16.ssm_out.weight	linear_attn_out-16	q5_K	f32	f32	4096	2560	1	1	4096	1	1	1	2816	7208960	7208960	16384	16384	16384	1	1	0	1	1
38	1788291913592710695	capture	1927	MUL_MAT	MMVQ	-	blk.17.attn_gate.weight	z-17	q4_K	f32	f32	2560	4096	1	1	2560	1	1	1	1440	5898240	5898240	10240	10240	10240	1	1	0	1	1
38	1788291913592710695	capture	1927	MUL_MAT	MMVQ	-	blk.17.attn_qkv.weight	node_1036	q5_K	f32	f32	2560	8192	1	1	2560	1	1	1	1760	14417920	14417920	10240	10240	10240	1	1	0	1	1
38	1788291913592710695	capture	1927	MUL_MAT	MMVQ	-	blk.17.ssm_alpha.weight	node_1057	q8_0	f32	f32	2560	32	1	1	2560	1	1	1	2720	87040	87040	10240	10240	10240	1	1	0	1	1
38	1788291913592710695	capture	1927	MUL_MAT	MMVQ	-	blk.17.ssm_beta.weight	node_1063	q8_0	f32	f32	2560	32	1	1	2560	1	1	1	2720	87040	87040	10240	10240	10240	1	1	0	1	1
38	1788291913592710695	capture	1927	MUL_MAT	MMVQ	-	blk.17.ssm_out.weight	linear_attn_out-17	q5_K	f32	f32	4096	2560	1	1	4096	1	1	1	2816	7208960	7208960	16384	16384	16384	1	1	0	1	1
38	1788291913592710695	capture	1927	MUL_MAT	MMVQ	-	blk.18.attn_gate.weight	z-18	q4_K	f32	f32	2560	4096	1	1	2560	1	1	1	1440	5898240	5898240	10240	10240	10240	1	1	0	1	1
38	1788291913592710695	capture	1927	MUL_MAT	MMVQ	-	blk.18.attn_qkv.weight	node_1099	q5_K	f32	f32	2560	8192	1	1	2560	1	1	1	1760	14417920	14417920	10240	10240	10240	1	1	0	1	1
38	1788291913592710695	capture	1927	MUL_MAT	MMVQ	-	blk.18.ssm_alpha.weight	node_1120	q8_0	f32	f32	2560	32	1	1	2560	1	1	1	2720	87040	87040	10240	10240	10240	1	1	0	1	1
38	1788291913592710695	capture	1927	MUL_MAT	MMVQ	-	blk.18.ssm_beta.weight	node_1126	q8_0	f32	f32	2560	32	1	1	2560	1	1	1	2720	87040	87040	10240	10240	10240	1	1	0	1	1
38	1788291913592710695	capture	1927	MUL_MAT	MMVQ	-	blk.18.ssm_out.weight	linear_attn_out-18	q5_K	f32	f32	4096	2560	1	1	4096	1	1	1	2816	7208960	7208960	16384	16384	16384	1	1	0	1	1
38	1788291913592710695	capture	1927	MUL_MAT	MMVQ	-	blk.19.attn_k.weight	Kcur-19	q4_K	f32	f32	2560	1024	1	1	2560	1	1	1	1440	1474560	1474560	10240	10240	10240	1	1	0	1	1
38	1788291913592710695	capture	1927	MUL_MAT	MMVQ	-	blk.19.attn_q.weight	Qcur_full-19	q4_K	f32	f32	2560	8192	1	1	2560	1	1	1	1440	11796480	11796480	10240	10240	10240	1	1	0	1	1
38	1788291913592710695	capture	1927	MUL_MAT	MMVQ	-	blk.19.attn_v.weight	Vcur-19	q4_K	f32	f32	2560	1024	1	1	2560	1	1	1	1440	1474560	1474560	10240	10240	10240	1	1	0	1	1
38	1788291913592710695	capture	1927	MUL_MAT	MMVQ	-	blk.2.attn_gate.weight	z-2	q4_K	f32	f32	2560	4096	1	1	2560	1	1	1	1440	5898240	5898240	10240	10240	10240	1	1	0	1	1
38	1788291913592710695	capture	1927	MUL_MAT	MMVQ	-	blk.2.attn_qkv.weight	node_139	q5_K	f32	f32	2560	8192	1	1	2560	1	1	1	1760	14417920	14417920	10240	10240	10240	1	1	0	1	1
38	1788291913592710695	capture	1927	MUL_MAT	MMVQ	-	blk.2.ssm_alpha.weight	node_160	q8_0	f32	f32	2560	32	1	1	2560	1	1	1	2720	87040	87040	10240	10240	10240	1	1	0	1	1
38	1788291913592710695	capture	1927	MUL_MAT	MMVQ	-	blk.2.ssm_beta.weight	node_166	q8_0	f32	f32	2560	32	1	1	2560	1	1	1	2720	87040	87040	10240	10240	10240	1	1	0	1	1
38	1788291913592710695	capture	1927	MUL_MAT	MMVQ	-	blk.2.ssm_out.weight	linear_attn_out-2	q5_K	f32	f32	4096	2560	1	1	4096	1	1	1	2816	7208960	7208960	16384	16384	16384	1	1	0	1	1
38	1788291913592710695	capture	1927	MUL_MAT	MMVQ	-	blk.20.attn_gate.weight	z-20	q4_K	f32	f32	2560	4096	1	1	2560	1	1	1	1440	5898240	5898240	10240	10240	10240	1	1	0	1	1
38	1788291913592710695	capture	1927	MUL_MAT	MMVQ	-	blk.20.attn_qkv.weight	node_1213	q5_K	f32	f32	2560	8192	1	1	2560	1	1	1	1760	14417920	14417920	10240	10240	10240	1	1	0	1	1
38	1788291913592710695	capture	1927	MUL_MAT	MMVQ	-	blk.20.ssm_alpha.weight	node_1234	q8_0	f32	f32	2560	32	1	1	2560	1	1	1	2720	87040	87040	10240	10240	10240	1	1	0	1	1
38	1788291913592710695	capture	1927	MUL_MAT	MMVQ	-	blk.20.ssm_beta.weight	node_1240	q8_0	f32	f32	2560	32	1	1	2560	1	1	1	2720	87040	87040	10240	10240	10240	1	1	0	1	1
38	1788291913592710695	capture	1927	MUL_MAT	MMVQ	-	blk.20.ssm_out.weight	linear_attn_out-20	q5_K	f32	f32	4096	2560	1	1	4096	1	1	1	2816	7208960	7208960	16384	16384	16384	1	1	0	1	1
38	1788291913592710695	capture	1927	MUL_MAT	MMVQ	-	blk.21.attn_gate.weight	z-21	q4_K	f32	f32	2560	4096	1	1	2560	1	1	1	1440	5898240	5898240	10240	10240	10240	1	1	0	1	1
38	1788291913592710695	capture	1927	MUL_MAT	MMVQ	-	blk.21.attn_qkv.weight	node_1276	q5_K	f32	f32	2560	8192	1	1	2560	1	1	1	1760	14417920	14417920	10240	10240	10240	1	1	0	1	1
38	1788291913592710695	capture	1927	MUL_MAT	MMVQ	-	blk.21.ssm_alpha.weight	node_1297	q8_0	f32	f32	2560	32	1	1	2560	1	1	1	2720	87040	87040	10240	10240	10240	1	1	0	1	1
38	1788291913592710695	capture	1927	MUL_MAT	MMVQ	-	blk.21.ssm_beta.weight	node_1303	q8_0	f32	f32	2560	32	1	1	2560	1	1	1	2720	87040	87040	10240	10240	10240	1	1	0	1	1
38	1788291913592710695	capture	1927	MUL_MAT	MMVQ	-	blk.21.ssm_out.weight	linear_attn_out-21	q5_K	f32	f32	4096	2560	1	1	4096	1	1	1	2816	7208960	7208960	16384	16384	16384	1	1	0	1	1
38	1788291913592710695	capture	1927	MUL_MAT	MMVQ	-	blk.22.attn_gate.weight	z-22	q4_K	f32	f32	2560	4096	1	1	2560	1	1	1	1440	5898240	5898240	10240	10240	10240	1	1	0	1	1
38	1788291913592710695	capture	1927	MUL_MAT	MMVQ	-	blk.22.attn_qkv.weight	node_1339	q5_K	f32	f32	2560	8192	1	1	2560	1	1	1	1760	14417920	14417920	10240	10240	10240	1	1	0	1	1
38	1788291913592710695	capture	1927	MUL_MAT	MMVQ	-	blk.22.ssm_alpha.weight	node_1360	q8_0	f32	f32	2560	32	1	1	2560	1	1	1	2720	87040	87040	10240	10240	10240	1	1	0	1	1
38	1788291913592710695	capture	1927	MUL_MAT	MMVQ	-	blk.22.ssm_beta.weight	node_1366	q8_0	f32	f32	2560	32	1	1	2560	1	1	1	2720	87040	87040	10240	10240	10240	1	1	0	1	1
38	1788291913592710695	capture	1927	MUL_MAT	MMVQ	-	blk.22.ssm_out.weight	linear_attn_out-22	q5_K	f32	f32	4096	2560	1	1	4096	1	1	1	2816	7208960	7208960	16384	16384	16384	1	1	0	1	1
38	1788291913592710695	capture	1927	MUL_MAT	MMVQ	-	blk.23.attn_k.weight	Kcur-23	q4_K	f32	f32	2560	1024	1	1	2560	1	1	1	1440	1474560	1474560	10240	10240	10240	1	1	0	1	1
38	1788291913592710695	capture	1927	MUL_MAT	MMVQ	-	blk.23.attn_q.weight	Qcur_full-23	q4_K	f32	f32	2560	8192	1	1	2560	1	1	1	1440	11796480	11796480	10240	10240	10240	1	1	0	1	1
38	1788291913592710695	capture	1927	MUL_MAT	MMVQ	-	blk.23.attn_v.weight	Vcur-23	q4_K	f32	f32	2560	1024	1	1	2560	1	1	1	1440	1474560	1474560	10240	10240	10240	1	1	0	1	1
38	1788291913592710695	capture	1927	MUL_MAT	MMVQ	-	blk.24.attn_gate.weight	z-24	q4_K	f32	f32	2560	4096	1	1	2560	1	1	1	1440	5898240	5898240	10240	10240	10240	1	1	0	1	1
38	1788291913592710695	capture	1927	MUL_MAT	MMVQ	-	blk.24.attn_qkv.weight	node_1453	q5_K	f32	f32	2560	8192	1	1	2560	1	1	1	1760	14417920	14417920	10240	10240	10240	1	1	0	1	1
38	1788291913592710695	capture	1927	MUL_MAT	MMVQ	-	blk.24.ssm_alpha.weight	node_1474	q8_0	f32	f32	2560	32	1	1	2560	1	1	1	2720	87040	87040	10240	10240	10240	1	1	0	1	1
38	1788291913592710695	capture	1927	MUL_MAT	MMVQ	-	blk.24.ssm_beta.weight	node_1480	q8_0	f32	f32	2560	32	1	1	2560	1	1	1	2720	87040	87040	10240	10240	10240	1	1	0	1	1
38	1788291913592710695	capture	1927	MUL_MAT	MMVQ	-	blk.24.ssm_out.weight	linear_attn_out-24	q5_K	f32	f32	4096	2560	1	1	4096	1	1	1	2816	7208960	7208960	16384	16384	16384	1	1	0	1	1
38	1788291913592710695	capture	1927	MUL_MAT	MMVQ	-	blk.25.attn_gate.weight	z-25	q4_K	f32	f32	2560	4096	1	1	2560	1	1	1	1440	5898240	5898240	10240	10240	10240	1	1	0	1	1
38	1788291913592710695	capture	1927	MUL_MAT	MMVQ	-	blk.25.attn_qkv.weight	node_1516	q5_K	f32	f32	2560	8192	1	1	2560	1	1	1	1760	14417920	14417920	10240	10240	10240	1	1	0	1	1
38	1788291913592710695	capture	1927	MUL_MAT	MMVQ	-	blk.25.ssm_alpha.weight	node_1537	q8_0	f32	f32	2560	32	1	1	2560	1	1	1	2720	87040	87040	10240	10240	10240	1	1	0	1	1
38	1788291913592710695	capture	1927	MUL_MAT	MMVQ	-	blk.25.ssm_beta.weight	node_1543	q8_0	f32	f32	2560	32	1	1	2560	1	1	1	2720	87040	87040	10240	10240	10240	1	1	0	1	1
38	1788291913592710695	capture	1927	MUL_MAT	MMVQ	-	blk.25.ssm_out.weight	linear_attn_out-25	q5_K	f32	f32	4096	2560	1	1	4096	1	1	1	2816	7208960	7208960	16384	16384	16384	1	1	0	1	1
38	1788291913592710695	capture	1927	MUL_MAT	MMVQ	-	blk.26.attn_gate.weight	z-26	q4_K	f32	f32	2560	4096	1	1	2560	1	1	1	1440	5898240	5898240	10240	10240	10240	1	1	0	1	1
38	1788291913592710695	capture	1927	MUL_MAT	MMVQ	-	blk.26.attn_qkv.weight	node_1579	q5_K	f32	f32	2560	8192	1	1	2560	1	1	1	1760	14417920	14417920	10240	10240	10240	1	1	0	1	1
38	1788291913592710695	capture	1927	MUL_MAT	MMVQ	-	blk.26.ssm_alpha.weight	node_1600	q8_0	f32	f32	2560	32	1	1	2560	1	1	1	2720	87040	87040	10240	10240	10240	1	1	0	1	1
38	1788291913592710695	capture	1927	MUL_MAT	MMVQ	-	blk.26.ssm_beta.weight	node_1606	q8_0	f32	f32	2560	32	1	1	2560	1	1	1	2720	87040	87040	10240	10240	10240	1	1	0	1	1
38	1788291913592710695	capture	1927	MUL_MAT	MMVQ	-	blk.26.ssm_out.weight	linear_attn_out-26	q5_K	f32	f32	4096	2560	1	1	4096	1	1	1	2816	7208960	7208960	16384	16384	16384	1	1	0	1	1
38	1788291913592710695	capture	1927	MUL_MAT	MMVQ	-	blk.27.attn_k.weight	Kcur-27	q4_K	f32	f32	2560	1024	1	1	2560	1	1	1	1440	1474560	1474560	10240	10240	10240	1	1	0	1	1
38	1788291913592710695	capture	1927	MUL_MAT	MMVQ	-	blk.27.attn_q.weight	Qcur_full-27	q4_K	f32	f32	2560	8192	1	1	2560	1	1	1	1440	11796480	11796480	10240	10240	10240	1	1	0	1	1
38	1788291913592710695	capture	1927	MUL_MAT	MMVQ	-	blk.27.attn_v.weight	Vcur-27	q6_K	f32	f32	2560	1024	1	1	2560	1	1	1	2100	2150400	2150400	10240	10240	10240	1	1	0	1	1
38	1788291913592710695	capture	1927	MUL_MAT	MMVQ	-	blk.28.attn_gate.weight	z-28	q4_K	f32	f32	2560	4096	1	1	2560	1	1	1	1440	5898240	5898240	10240	10240	10240	1	1	0	1	1
38	1788291913592710695	capture	1927	MUL_MAT	MMVQ	-	blk.28.attn_qkv.weight	node_1693	q5_K	f32	f32	2560	8192	1	1	2560	1	1	1	1760	14417920	14417920	10240	10240	10240	1	1	0	1	1
38	1788291913592710695	capture	1927	MUL_MAT	MMVQ	-	blk.28.ssm_alpha.weight	node_1714	q8_0	f32	f32	2560	32	1	1	2560	1	1	1	2720	87040	87040	10240	10240	10240	1	1	0	1	1
38	1788291913592710695	capture	1927	MUL_MAT	MMVQ	-	blk.28.ssm_beta.weight	node_1720	q8_0	f32	f32	2560	32	1	1	2560	1	1	1	2720	87040	87040	10240	10240	10240	1	1	0	1	1
38	1788291913592710695	capture	1927	MUL_MAT	MMVQ	-	blk.28.ssm_out.weight	linear_attn_out-28	q5_K	f32	f32	4096	2560	1	1	4096	1	1	1	2816	7208960	7208960	16384	16384	16384	1	1	0	1	1
38	1788291913592710695	capture	1927	MUL_MAT	MMVQ	-	blk.29.attn_gate.weight	z-29	q4_K	f32	f32	2560	4096	1	1	2560	1	1	1	1440	5898240	5898240	10240	10240	10240	1	1	0	1	1
38	1788291913592710695	capture	1927	MUL_MAT	MMVQ	-	blk.29.attn_qkv.weight	node_1756	q5_K	f32	f32	2560	8192	1	1	2560	1	1	1	1760	14417920	14417920	10240	10240	10240	1	1	0	1	1
38	1788291913592710695	capture	1927	MUL_MAT	MMVQ	-	blk.29.ssm_alpha.weight	node_1777	q8_0	f32	f32	2560	32	1	1	2560	1	1	1	2720	87040	87040	10240	10240	10240	1	1	0	1	1
38	1788291913592710695	capture	1927	MUL_MAT	MMVQ	-	blk.29.ssm_beta.weight	node_1783	q8_0	f32	f32	2560	32	1	1	2560	1	1	1	2720	87040	87040	10240	10240	10240	1	1	0	1	1
38	1788291913592710695	capture	1927	MUL_MAT	MMVQ	-	blk.29.ssm_out.weight	linear_attn_out-29	q5_K	f32	f32	4096	2560	1	1	4096	1	1	1	2816	7208960	7208960	16384	16384	16384	1	1	0	1	1
38	1788291913592710695	capture	1927	MUL_MAT	MMVQ	-	blk.3.attn_k.weight	Kcur-3	q4_K	f32	f32	2560	1024	1	1	2560	1	1	1	1440	1474560	1474560	10240	10240	10240	1	1	0	1	1
38	1788291913592710695	capture	1927	MUL_MAT	MMVQ	-	blk.3.attn_q.weight	Qcur_full-3	q4_K	f32	f32	2560	8192	1	1	2560	1	1	1	1440	11796480	11796480	10240	10240	10240	1	1	0	1	1
38	1788291913592710695	capture	1927	MUL_MAT	MMVQ	-	blk.3.attn_v.weight	Vcur-3	q6_K	f32	f32	2560	1024	1	1	2560	1	1	1	2100	2150400	2150400	10240	10240	10240	1	1	0	1	1
38	1788291913592710695	capture	1927	MUL_MAT	MMVQ	-	blk.30.attn_gate.weight	z-30	q4_K	f32	f32	2560	4096	1	1	2560	1	1	1	1440	5898240	5898240	10240	10240	10240	1	1	0	1	1
38	1788291913592710695	capture	1927	MUL_MAT	MMVQ	-	blk.30.attn_qkv.weight	node_1819	q5_K	f32	f32	2560	8192	1	1	2560	1	1	1	1760	14417920	14417920	10240	10240	10240	1	1	0	1	1
38	1788291913592710695	capture	1927	MUL_MAT	MMVQ	-	blk.30.ssm_alpha.weight	node_1840	q8_0	f32	f32	2560	32	1	1	2560	1	1	1	2720	87040	87040	10240	10240	10240	1	1	0	1	1
38	1788291913592710695	capture	1927	MUL_MAT	MMVQ	-	blk.30.ssm_beta.weight	node_1846	q8_0	f32	f32	2560	32	1	1	2560	1	1	1	2720	87040	87040	10240	10240	10240	1	1	0	1	1
38	1788291913592710695	capture	1927	MUL_MAT	MMVQ	-	blk.30.ssm_out.weight	linear_attn_out-30	q5_K	f32	f32	4096	2560	1	1	4096	1	1	1	2816	7208960	7208960	16384	16384	16384	1	1	0	1	1
38	1788291913592710695	capture	1927	MUL_MAT	MMVQ	-	blk.31.attn_k.weight	Kcur-31	q4_K	f32	f32	2560	1024	1	1	2560	1	1	1	1440	1474560	1474560	10240	10240	10240	1	1	0	1	1
38	1788291913592710695	capture	1927	MUL_MAT	MMVQ	-	blk.31.attn_q.weight	Qcur_full-31	q4_K	f32	f32	2560	8192	1	1	2560	1	1	1	1440	11796480	11796480	10240	10240	10240	1	1	0	1	1
38	1788291913592710695	capture	1927	MUL_MAT	MMVQ	-	blk.31.attn_v.weight	Vcur-31	q4_K	f32	f32	2560	1024	1	1	2560	1	1	1	1440	1474560	1474560	10240	10240	10240	1	1	0	1	1
38	1788291913592710695	capture	1927	MUL_MAT	MMVQ	-	blk.4.attn_gate.weight	z-4	q4_K	f32	f32	2560	4096	1	1	2560	1	1	1	1440	5898240	5898240	10240	10240	10240	1	1	0	1	1
38	1788291913592710695	capture	1927	MUL_MAT	MMVQ	-	blk.4.attn_qkv.weight	node_253	q5_K	f32	f32	2560	8192	1	1	2560	1	1	1	1760	14417920	14417920	10240	10240	10240	1	1	0	1	1
38	1788291913592710695	capture	1927	MUL_MAT	MMVQ	-	blk.4.ssm_alpha.weight	node_274	q8_0	f32	f32	2560	32	1	1	2560	1	1	1	2720	87040	87040	10240	10240	10240	1	1	0	1	1
38	1788291913592710695	capture	1927	MUL_MAT	MMVQ	-	blk.4.ssm_beta.weight	node_280	q8_0	f32	f32	2560	32	1	1	2560	1	1	1	2720	87040	87040	10240	10240	10240	1	1	0	1	1
38	1788291913592710695	capture	1927	MUL_MAT	MMVQ	-	blk.4.ssm_out.weight	linear_attn_out-4	q5_K	f32	f32	4096	2560	1	1	4096	1	1	1	2816	7208960	7208960	16384	16384	16384	1	1	0	1	1
38	1788291913592710695	capture	1927	MUL_MAT	MMVQ	-	blk.5.attn_gate.weight	z-5	q4_K	f32	f32	2560	4096	1	1	2560	1	1	1	1440	5898240	5898240	10240	10240	10240	1	1	0	1	1
38	1788291913592710695	capture	1927	MUL_MAT	MMVQ	-	blk.5.attn_qkv.weight	node_316	q5_K	f32	f32	2560	8192	1	1	2560	1	1	1	1760	14417920	14417920	10240	10240	10240	1	1	0	1	1
38	1788291913592710695	capture	1927	MUL_MAT	MMVQ	-	blk.5.ssm_alpha.weight	node_337	q8_0	f32	f32	2560	32	1	1	2560	1	1	1	2720	87040	87040	10240	10240	10240	1	1	0	1	1
38	1788291913592710695	capture	1927	MUL_MAT	MMVQ	-	blk.5.ssm_beta.weight	node_343	q8_0	f32	f32	2560	32	1	1	2560	1	1	1	2720	87040	87040	10240	10240	10240	1	1	0	1	1
38	1788291913592710695	capture	1927	MUL_MAT	MMVQ	-	blk.5.ssm_out.weight	linear_attn_out-5	q5_K	f32	f32	4096	2560	1	1	4096	1	1	1	2816	7208960	7208960	16384	16384	16384	1	1	0	1	1
38	1788291913592710695	capture	1927	MUL_MAT	MMVQ	-	blk.6.attn_gate.weight	z-6	q4_K	f32	f32	2560	4096	1	1	2560	1	1	1	1440	5898240	5898240	10240	10240	10240	1	1	0	1	1
38	1788291913592710695	capture	1927	MUL_MAT	MMVQ	-	blk.6.attn_qkv.weight	node_379	q5_K	f32	f32	2560	8192	1	1	2560	1	1	1	1760	14417920	14417920	10240	10240	10240	1	1	0	1	1
38	1788291913592710695	capture	1927	MUL_MAT	MMVQ	-	blk.6.ssm_alpha.weight	node_400	q8_0	f32	f32	2560	32	1	1	2560	1	1	1	2720	87040	87040	10240	10240	10240	1	1	0	1	1
38	1788291913592710695	capture	1927	MUL_MAT	MMVQ	-	blk.6.ssm_beta.weight	node_406	q8_0	f32	f32	2560	32	1	1	2560	1	1	1	2720	87040	87040	10240	10240	10240	1	1	0	1	1
38	1788291913592710695	capture	1927	MUL_MAT	MMVQ	-	blk.6.ssm_out.weight	linear_attn_out-6	q5_K	f32	f32	4096	2560	1	1	4096	1	1	1	2816	7208960	7208960	16384	16384	16384	1	1	0	1	1
38	1788291913592710695	capture	1927	MUL_MAT	MMVQ	-	blk.7.attn_k.weight	Kcur-7	q4_K	f32	f32	2560	1024	1	1	2560	1	1	1	1440	1474560	1474560	10240	10240	10240	1	1	0	1	1
38	1788291913592710695	capture	1927	MUL_MAT	MMVQ	-	blk.7.attn_q.weight	Qcur_full-7	q4_K	f32	f32	2560	8192	1	1	2560	1	1	1	1440	11796480	11796480	10240	10240	10240	1	1	0	1	1
38	1788291913592710695	capture	1927	MUL_MAT	MMVQ	-	blk.7.attn_v.weight	Vcur-7	q6_K	f32	f32	2560	1024	1	1	2560	1	1	1	2100	2150400	2150400	10240	10240	10240	1	1	0	1	1
38	1788291913592710695	capture	1927	MUL_MAT	MMVQ	-	blk.8.attn_gate.weight	z-8	q4_K	f32	f32	2560	4096	1	1	2560	1	1	1	1440	5898240	5898240	10240	10240	10240	1	1	0	1	1
38	1788291913592710695	capture	1927	MUL_MAT	MMVQ	-	blk.8.attn_qkv.weight	node_493	q5_K	f32	f32	2560	8192	1	1	2560	1	1	1	1760	14417920	14417920	10240	10240	10240	1	1	0	1	1
38	1788291913592710695	capture	1927	MUL_MAT	MMVQ	-	blk.8.ssm_alpha.weight	node_514	q8_0	f32	f32	2560	32	1	1	2560	1	1	1	2720	87040	87040	10240	10240	10240	1	1	0	1	1
38	1788291913592710695	capture	1927	MUL_MAT	MMVQ	-	blk.8.ssm_beta.weight	node_520	q8_0	f32	f32	2560	32	1	1	2560	1	1	1	2720	87040	87040	10240	10240	10240	1	1	0	1	1
38	1788291913592710695	capture	1927	MUL_MAT	MMVQ	-	blk.8.ssm_out.weight	linear_attn_out-8	q5_K	f32	f32	4096	2560	1	1	4096	1	1	1	2816	7208960	7208960	16384	16384	16384	1	1	0	1	1
38	1788291913592710695	capture	1927	MUL_MAT	MMVQ	-	blk.9.attn_gate.weight	z-9	q4_K	f32	f32	2560	4096	1	1	2560	1	1	1	1440	5898240	5898240	10240	10240	10240	1	1	0	1	1
38	1788291913592710695	capture	1927	MUL_MAT	MMVQ	-	blk.9.attn_qkv.weight	node_556	q5_K	f32	f32	2560	8192	1	1	2560	1	1	1	1760	14417920	14417920	10240	10240	10240	1	1	0	1	1
38	1788291913592710695	capture	1927	MUL_MAT	MMVQ	-	blk.9.ssm_alpha.weight	node_577	q8_0	f32	f32	2560	32	1	1	2560	1	1	1	2720	87040	87040	10240	10240	10240	1	1	0	1	1
38	1788291913592710695	capture	1927	MUL_MAT	MMVQ	-	blk.9.ssm_beta.weight	node_583	q8_0	f32	f32	2560	32	1	1	2560	1	1	1	2720	87040	87040	10240	10240	10240	1	1	0	1	1
38	1788291913592710695	capture	1927	MUL_MAT	MMVQ	-	blk.9.ssm_out.weight	linear_attn_out-9	q5_K	f32	f32	4096	2560	1	1	4096	1	1	1	2816	7208960	7208960	16384	16384	16384	1	1	0	1	1
38	1788291913592710695	capture	1927	MUL_MAT	MMVQ	-	token_embd.weight	result_output	q6_K	f32	f32	2560	248320	1	1	2560	1	1	1	2100	521472000	521472000	10240	10240	10240	1	1	0	1	1
38	1788291913592710695	capture	1927	MUL_MAT	MMVQ	fused	blk.0.ffn_down.weight	l_out-0	q6_K	f32	f32	9216	2560	1	1	9216	1	1	1	7560	19353600	19353600	36864	36864	36864	1	1	0	1	1
38	1788291913592710695	capture	1927	MUL_MAT	MMVQ	fused	blk.0.ffn_up.weight	ffn_swiglu-0	q4_K	f32	f32	2560	9216	1	1	2560	1	1	1	1440	13271040	13271040	10240	10240	10240	1	1	0	1	1
38	1788291913592710695	capture	1927	MUL_MAT	MMVQ	fused	blk.1.ffn_down.weight	l_out-1	q6_K	f32	f32	9216	2560	1	1	9216	1	1	1	7560	19353600	19353600	36864	36864	36864	1	1	0	1	1
38	1788291913592710695	capture	1927	MUL_MAT	MMVQ	fused	blk.1.ffn_up.weight	ffn_swiglu-1	q4_K	f32	f32	2560	9216	1	1	2560	1	1	1	1440	13271040	13271040	10240	10240	10240	1	1	0	1	1
38	1788291913592710695	capture	1927	MUL_MAT	MMVQ	fused	blk.10.ffn_down.weight	l_out-10	q4_K	f32	f32	9216	2560	1	1	9216	1	1	1	5184	13271040	13271040	36864	36864	36864	1	1	0	1	1
38	1788291913592710695	capture	1927	MUL_MAT	MMVQ	fused	blk.10.ffn_up.weight	ffn_swiglu-10	q4_K	f32	f32	2560	9216	1	1	2560	1	1	1	1440	13271040	13271040	10240	10240	10240	1	1	0	1	1
38	1788291913592710695	capture	1927	MUL_MAT	MMVQ	fused	blk.11.attn_output.weight	attn_residual-11	q4_K	f32	f32	4096	2560	1	1	4096	1	1	1	2304	5898240	5898240	16384	16384	16384	1	1	0	1	1
38	1788291913592710695	capture	1927	MUL_MAT	MMVQ	fused	blk.11.ffn_down.weight	l_out-11	q4_K	f32	f32	9216	2560	1	1	9216	1	1	1	5184	13271040	13271040	36864	36864	36864	1	1	0	1	1
38	1788291913592710695	capture	1927	MUL_MAT	MMVQ	fused	blk.11.ffn_up.weight	ffn_swiglu-11	q4_K	f32	f32	2560	9216	1	1	2560	1	1	1	1440	13271040	13271040	10240	10240	10240	1	1	0	1	1
38	1788291913592710695	capture	1927	MUL_MAT	MMVQ	fused	blk.12.ffn_down.weight	l_out-12	q6_K	f32	f32	9216	2560	1	1	9216	1	1	1	7560	19353600	19353600	36864	36864	36864	1	1	0	1	1
38	1788291913592710695	capture	1927	MUL_MAT	MMVQ	fused	blk.12.ffn_up.weight	ffn_swiglu-12	q4_K	f32	f32	2560	9216	1	1	2560	1	1	1	1440	13271040	13271040	10240	10240	10240	1	1	0	1	1
38	1788291913592710695	capture	1927	MUL_MAT	MMVQ	fused	blk.13.ffn_down.weight	l_out-13	q4_K	f32	f32	9216	2560	1	1	9216	1	1	1	5184	13271040	13271040	36864	36864	36864	1	1	0	1	1
38	1788291913592710695	capture	1927	MUL_MAT	MMVQ	fused	blk.13.ffn_up.weight	ffn_swiglu-13	q4_K	f32	f32	2560	9216	1	1	2560	1	1	1	1440	13271040	13271040	10240	10240	10240	1	1	0	1	1
38	1788291913592710695	capture	1927	MUL_MAT	MMVQ	fused	blk.14.ffn_down.weight	l_out-14	q4_K	f32	f32	9216	2560	1	1	9216	1	1	1	5184	13271040	13271040	36864	36864	36864	1	1	0	1	1
38	1788291913592710695	capture	1927	MUL_MAT	MMVQ	fused	blk.14.ffn_up.weight	ffn_swiglu-14	q4_K	f32	f32	2560	9216	1	1	2560	1	1	1	1440	13271040	13271040	10240	10240	10240	1	1	0	1	1
38	1788291913592710695	capture	1927	MUL_MAT	MMVQ	fused	blk.15.attn_output.weight	attn_residual-15	q4_K	f32	f32	4096	2560	1	1	4096	1	1	1	2304	5898240	5898240	16384	16384	16384	1	1	0	1	1
38	1788291913592710695	capture	1927	MUL_MAT	MMVQ	fused	blk.15.ffn_down.weight	l_out-15	q6_K	f32	f32	9216	2560	1	1	9216	1	1	1	7560	19353600	19353600	36864	36864	36864	1	1	0	1	1
38	1788291913592710695	capture	1927	MUL_MAT	MMVQ	fused	blk.15.ffn_up.weight	ffn_swiglu-15	q4_K	f32	f32	2560	9216	1	1	2560	1	1	1	1440	13271040	13271040	10240	10240	10240	1	1	0	1	1
38	1788291913592710695	capture	1927	MUL_MAT	MMVQ	fused	blk.16.ffn_down.weight	l_out-16	q4_K	f32	f32	9216	2560	1	1	9216	1	1	1	5184	13271040	13271040	36864	36864	36864	1	1	0	1	1
38	1788291913592710695	capture	1927	MUL_MAT	MMVQ	fused	blk.16.ffn_up.weight	ffn_swiglu-16	q4_K	f32	f32	2560	9216	1	1	2560	1	1	1	1440	13271040	13271040	10240	10240	10240	1	1	0	1	1
38	1788291913592710695	capture	1927	MUL_MAT	MMVQ	fused	blk.17.ffn_down.weight	l_out-17	q4_K	f32	f32	9216	2560	1	1	9216	1	1	1	5184	13271040	13271040	36864	36864	36864	1	1	0	1	1
38	1788291913592710695	capture	1927	MUL_MAT	MMVQ	fused	blk.17.ffn_up.weight	ffn_swiglu-17	q4_K	f32	f32	2560	9216	1	1	2560	1	1	1	1440	13271040	13271040	10240	10240	10240	1	1	0	1	1
38	1788291913592710695	capture	1927	MUL_MAT	MMVQ	fused	blk.18.ffn_down.weight	l_out-18	q6_K	f32	f32	9216	2560	1	1	9216	1	1	1	7560	19353600	19353600	36864	36864	36864	1	1	0	1	1
38	1788291913592710695	capture	1927	MUL_MAT	MMVQ	fused	blk.18.ffn_up.weight	ffn_swiglu-18	q4_K	f32	f32	2560	9216	1	1	2560	1	1	1	1440	13271040	13271040	10240	10240	10240	1	1	0	1	1
38	1788291913592710695	capture	1927	MUL_MAT	MMVQ	fused	blk.19.attn_output.weight	attn_residual-19	q4_K	f32	f32	4096	2560	1	1	4096	1	1	1	2304	5898240	5898240	16384	16384	16384	1	1	0	1	1
38	1788291913592710695	capture	1927	MUL_MAT	MMVQ	fused	blk.19.ffn_down.weight	l_out-19	q4_K	f32	f32	9216	2560	1	1	9216	1	1	1	5184	13271040	13271040	36864	36864	36864	1	1	0	1	1
38	1788291913592710695	capture	1927	MUL_MAT	MMVQ	fused	blk.19.ffn_up.weight	ffn_swiglu-19	q4_K	f32	f32	2560	9216	1	1	2560	1	1	1	1440	13271040	13271040	10240	10240	10240	1	1	0	1	1
38	1788291913592710695	capture	1927	MUL_MAT	MMVQ	fused	blk.2.ffn_down.weight	l_out-2	q6_K	f32	f32	9216	2560	1	1	9216	1	1	1	7560	19353600	19353600	36864	36864	36864	1	1	0	1	1
38	1788291913592710695	capture	1927	MUL_MAT	MMVQ	fused	blk.2.ffn_up.weight	ffn_swiglu-2	q4_K	f32	f32	2560	9216	1	1	2560	1	1	1	1440	13271040	13271040	10240	10240	10240	1	1	0	1	1
38	1788291913592710695	capture	1927	MUL_MAT	MMVQ	fused	blk.20.ffn_down.weight	l_out-20	q4_K	f32	f32	9216	2560	1	1	9216	1	1	1	5184	13271040	13271040	36864	36864	36864	1	1	0	1	1
38	1788291913592710695	capture	1927	MUL_MAT	MMVQ	fused	blk.20.ffn_up.weight	ffn_swiglu-20	q4_K	f32	f32	2560	9216	1	1	2560	1	1	1	1440	13271040	13271040	10240	10240	10240	1	1	0	1	1
38	1788291913592710695	capture	1927	MUL_MAT	MMVQ	fused	blk.21.ffn_down.weight	l_out-21	q6_K	f32	f32	9216	2560	1	1	9216	1	1	1	7560	19353600	19353600	36864	36864	36864	1	1	0	1	1
38	1788291913592710695	capture	1927	MUL_MAT	MMVQ	fused	blk.21.ffn_up.weight	ffn_swiglu-21	q4_K	f32	f32	2560	9216	1	1	2560	1	1	1	1440	13271040	13271040	10240	10240	10240	1	1	0	1	1
38	1788291913592710695	capture	1927	MUL_MAT	MMVQ	fused	blk.22.ffn_down.weight	l_out-22	q4_K	f32	f32	9216	2560	1	1	9216	1	1	1	5184	13271040	13271040	36864	36864	36864	1	1	0	1	1
38	1788291913592710695	capture	1927	MUL_MAT	MMVQ	fused	blk.22.ffn_up.weight	ffn_swiglu-22	q4_K	f32	f32	2560	9216	1	1	2560	1	1	1	1440	13271040	13271040	10240	10240	10240	1	1	0	1	1
38	1788291913592710695	capture	1927	MUL_MAT	MMVQ	fused	blk.23.attn_output.weight	attn_residual-23	q4_K	f32	f32	4096	2560	1	1	4096	1	1	1	2304	5898240	5898240	16384	16384	16384	1	1	0	1	1
38	1788291913592710695	capture	1927	MUL_MAT	MMVQ	fused	blk.23.ffn_down.weight	l_out-23	q4_K	f32	f32	9216	2560	1	1	9216	1	1	1	5184	13271040	13271040	36864	36864	36864	1	1	0	1	1
38	1788291913592710695	capture	1927	MUL_MAT	MMVQ	fused	blk.23.ffn_up.weight	ffn_swiglu-23	q4_K	f32	f32	2560	9216	1	1	2560	1	1	1	1440	13271040	13271040	10240	10240	10240	1	1	0	1	1
38	1788291913592710695	capture	1927	MUL_MAT	MMVQ	fused	blk.24.ffn_down.weight	l_out-24	q6_K	f32	f32	9216	2560	1	1	9216	1	1	1	7560	19353600	19353600	36864	36864	36864	1	1	0	1	1
38	1788291913592710695	capture	1927	MUL_MAT	MMVQ	fused	blk.24.ffn_up.weight	ffn_swiglu-24	q4_K	f32	f32	2560	9216	1	1	2560	1	1	1	1440	13271040	13271040	10240	10240	10240	1	1	0	1	1
38	1788291913592710695	capture	1927	MUL_MAT	MMVQ	fused	blk.25.ffn_down.weight	l_out-25	q4_K	f32	f32	9216	2560	1	1	9216	1	1	1	5184	13271040	13271040	36864	36864	36864	1	1	0	1	1
38	1788291913592710695	capture	1927	MUL_MAT	MMVQ	fused	blk.25.ffn_up.weight	ffn_swiglu-25	q4_K	f32	f32	2560	9216	1	1	2560	1	1	1	1440	13271040	13271040	10240	10240	10240	1	1	0	1	1
38	1788291913592710695	capture	1927	MUL_MAT	MMVQ	fused	blk.26.ffn_down.weight	l_out-26	q4_K	f32	f32	9216	2560	1	1	9216	1	1	1	5184	13271040	13271040	36864	36864	36864	1	1	0	1	1
38	1788291913592710695	capture	1927	MUL_MAT	MMVQ	fused	blk.26.ffn_up.weight	ffn_swiglu-26	q4_K	f32	f32	2560	9216	1	1	2560	1	1	1	1440	13271040	13271040	10240	10240	10240	1	1	0	1	1
38	1788291913592710695	capture	1927	MUL_MAT	MMVQ	fused	blk.27.attn_output.weight	attn_residual-27	q4_K	f32	f32	4096	2560	1	1	4096	1	1	1	2304	5898240	5898240	16384	16384	16384	1	1	0	1	1
38	1788291913592710695	capture	1927	MUL_MAT	MMVQ	fused	blk.27.ffn_down.weight	l_out-27	q6_K	f32	f32	9216	2560	1	1	9216	1	1	1	7560	19353600	19353600	36864	36864	36864	1	1	0	1	1
38	1788291913592710695	capture	1927	MUL_MAT	MMVQ	fused	blk.27.ffn_up.weight	ffn_swiglu-27	q4_K	f32	f32	2560	9216	1	1	2560	1	1	1	1440	13271040	13271040	10240	10240	10240	1	1	0	1	1
38	1788291913592710695	capture	1927	MUL_MAT	MMVQ	fused	blk.28.ffn_down.weight	l_out-28	q6_K	f32	f32	9216	2560	1	1	9216	1	1	1	7560	19353600	19353600	36864	36864	36864	1	1	0	1	1
38	1788291913592710695	capture	1927	MUL_MAT	MMVQ	fused	blk.28.ffn_up.weight	ffn_swiglu-28	q4_K	f32	f32	2560	9216	1	1	2560	1	1	1	1440	13271040	13271040	10240	10240	10240	1	1	0	1	1
38	1788291913592710695	capture	1927	MUL_MAT	MMVQ	fused	blk.29.ffn_down.weight	l_out-29	q6_K	f32	f32	9216	2560	1	1	9216	1	1	1	7560	19353600	19353600	36864	36864	36864	1	1	0	1	1
38	1788291913592710695	capture	1927	MUL_MAT	MMVQ	fused	blk.29.ffn_up.weight	ffn_swiglu-29	q4_K	f32	f32	2560	9216	1	1	2560	1	1	1	1440	13271040	13271040	10240	10240	10240	1	1	0	1	1
38	1788291913592710695	capture	1927	MUL_MAT	MMVQ	fused	blk.3.attn_output.weight	attn_residual-3	q4_K	f32	f32	4096	2560	1	1	4096	1	1	1	2304	5898240	5898240	16384	16384	16384	1	1	0	1	1
38	1788291913592710695	capture	1927	MUL_MAT	MMVQ	fused	blk.3.ffn_down.weight	l_out-3	q6_K	f32	f32	9216	2560	1	1	9216	1	1	1	7560	19353600	19353600	36864	36864	36864	1	1	0	1	1
38	1788291913592710695	capture	1927	MUL_MAT	MMVQ	fused	blk.3.ffn_up.weight	ffn_swiglu-3	q4_K	f32	f32	2560	9216	1	1	2560	1	1	1	1440	13271040	13271040	10240	10240	10240	1	1	0	1	1
38	1788291913592710695	capture	1927	MUL_MAT	MMVQ	fused	blk.30.ffn_down.weight	l_out-30	q6_K	f32	f32	9216	2560	1	1	9216	1	1	1	7560	19353600	19353600	36864	36864	36864	1	1	0	1	1
38	1788291913592710695	capture	1927	MUL_MAT	MMVQ	fused	blk.30.ffn_up.weight	ffn_swiglu-30	q4_K	f32	f32	2560	9216	1	1	2560	1	1	1	1440	13271040	13271040	10240	10240	10240	1	1	0	1	1
38	1788291913592710695	capture	1927	MUL_MAT	MMVQ	fused	blk.31.attn_output.weight	attn_residual-31	q4_K	f32	f32	4096	2560	1	1	4096	1	1	1	2304	5898240	5898240	16384	16384	16384	1	1	0	1	1
38	1788291913592710695	capture	1927	MUL_MAT	MMVQ	fused	blk.31.ffn_down.weight	l_out-31	q6_K	f32	f32	9216	2560	1	1	9216	1	1	1	7560	19353600	19353600	36864	36864	36864	1	1	0	1	1
38	1788291913592710695	capture	1927	MUL_MAT	MMVQ	fused	blk.31.ffn_up.weight	ffn_swiglu-31	q4_K	f32	f32	2560	9216	1	1	2560	1	1	1	1440	13271040	13271040	10240	10240	10240	1	1	0	1	1
38	1788291913592710695	capture	1927	MUL_MAT	MMVQ	fused	blk.4.ffn_down.weight	l_out-4	q4_K	f32	f32	9216	2560	1	1	9216	1	1	1	5184	13271040	13271040	36864	36864	36864	1	1	0	1	1
38	1788291913592710695	capture	1927	MUL_MAT	MMVQ	fused	blk.4.ffn_up.weight	ffn_swiglu-4	q4_K	f32	f32	2560	9216	1	1	2560	1	1	1	1440	13271040	13271040	10240	10240	10240	1	1	0	1	1
38	1788291913592710695	capture	1927	MUL_MAT	MMVQ	fused	blk.5.ffn_down.weight	l_out-5	q4_K	f32	f32	9216	2560	1	1	9216	1	1	1	5184	13271040	13271040	36864	36864	36864	1	1	0	1	1
38	1788291913592710695	capture	1927	MUL_MAT	MMVQ	fused	blk.5.ffn_up.weight	ffn_swiglu-5	q4_K	f32	f32	2560	9216	1	1	2560	1	1	1	1440	13271040	13271040	10240	10240	10240	1	1	0	1	1
38	1788291913592710695	capture	1927	MUL_MAT	MMVQ	fused	blk.6.ffn_down.weight	l_out-6	q6_K	f32	f32	9216	2560	1	1	9216	1	1	1	7560	19353600	19353600	36864	36864	36864	1	1	0	1	1
38	1788291913592710695	capture	1927	MUL_MAT	MMVQ	fused	blk.6.ffn_up.weight	ffn_swiglu-6	q4_K	f32	f32	2560	9216	1	1	2560	1	1	1	1440	13271040	13271040	10240	10240	10240	1	1	0	1	1
38	1788291913592710695	capture	1927	MUL_MAT	MMVQ	fused	blk.7.attn_output.weight	attn_residual-7	q4_K	f32	f32	4096	2560	1	1	4096	1	1	1	2304	5898240	5898240	16384	16384	16384	1	1	0	1	1
38	1788291913592710695	capture	1927	MUL_MAT	MMVQ	fused	blk.7.ffn_down.weight	l_out-7	q4_K	f32	f32	9216	2560	1	1	9216	1	1	1	5184	13271040	13271040	36864	36864	36864	1	1	0	1	1
38	1788291913592710695	capture	1927	MUL_MAT	MMVQ	fused	blk.7.ffn_up.weight	ffn_swiglu-7	q4_K	f32	f32	2560	9216	1	1	2560	1	1	1	1440	13271040	13271040	10240	10240	10240	1	1	0	1	1
38	1788291913592710695	capture	1927	MUL_MAT	MMVQ	fused	blk.8.ffn_down.weight	l_out-8	q4_K	f32	f32	9216	2560	1	1	9216	1	1	1	5184	13271040	13271040	36864	36864	36864	1	1	0	1	1
38	1788291913592710695	capture	1927	MUL_MAT	MMVQ	fused	blk.8.ffn_up.weight	ffn_swiglu-8	q4_K	f32	f32	2560	9216	1	1	2560	1	1	1	1440	13271040	13271040	10240	10240	10240	1	1	0	1	1
38	1788291913592710695	capture	1927	MUL_MAT	MMVQ	fused	blk.9.ffn_down.weight	l_out-9	q6_K	f32	f32	9216	2560	1	1	9216	1	1	1	7560	19353600	19353600	36864	36864	36864	1	1	0	1	1
38	1788291913592710695	capture	1927	MUL_MAT	MMVQ	fused	blk.9.ffn_up.weight	ffn_swiglu-9	q4_K	f32	f32	2560	9216	1	1	2560	1	1	1	1440	13271040	13271040	10240	10240	10240	1	1	0	1	1
39	1788291913610220838	replay	1927	-	graph_replay	-	-	-	-	-	-	-	-	-	-	-	-	-	-	-	-	-	-	-	-	-	-	-	-	1
40	1788291913619669283	replay	1927	-	graph_replay	-	-	-	-	-	-	-	-	-	-	-	-	-	-	-	-	-	-	-	-	-	-	-	-	1
41	1788291913629915036	replay	1927	-	graph_replay	-	-	-	-	-	-	-	-	-	-	-	-	-	-	-	-	-	-	-	-	-	-	-	-	1
42	1788291913639189123	replay	1927	-	graph_replay	-	-	-	-	-	-	-	-	-	-	-	-	-	-	-	-	-	-	-	-	-	-	-	-	1
43	1788291913648708912	replay	1927	-	graph_replay	-	-	-	-	-	-	-	-	-	-	-	-	-	-	-	-	-	-	-	-	-	-	-	-	1
44	1788291913657831325	replay	1927	-	graph_replay	-	-	-	-	-	-	-	-	-	-	-	-	-	-	-	-	-	-	-	-	-	-	-	-	1
45	1788291913667444158	replay	1927	-	graph_replay	-	-	-	-	-	-	-	-	-	-	-	-	-	-	-	-	-	-	-	-	-	-	-	-	1
46	1788291913677047063	replay	1927	-	graph_replay	-	-	-	-	-	-	-	-	-	-	-	-	-	-	-	-	-	-	-	-	-	-	-	-	1
47	1788291913686314097	replay	1927	-	graph_replay	-	-	-	-	-	-	-	-	-	-	-	-	-	-	-	-	-	-	-	-	-	-	-	-	1
48	1788291913695138910	replay	1927	-	graph_replay	-	-	-	-	-	-	-	-	-	-	-	-	-	-	-	-	-	-	-	-	-	-	-	-	1
49	1788291913704453904	replay	1927	-	graph_replay	-	-	-	-	-	-	-	-	-	-	-	-	-	-	-	-	-	-	-	-	-	-	-	-	1
50	1788291913714024789	replay	1927	-	graph_replay	-	-	-	-	-	-	-	-	-	-	-	-	-	-	-	-	-	-	-	-	-	-	-	-	1
51	1788291913723555979	replay	1927	-	graph_replay	-	-	-	-	-	-	-	-	-	-	-	-	-	-	-	-	-	-	-	-	-	-	-	-	1
52	1788291913733031505	replay	1927	-	graph_replay	-	-	-	-	-	-	-	-	-	-	-	-	-	-	-	-	-	-	-	-	-	-	-	-	1
53	1788291913742521468	replay	1927	-	graph_replay	-	-	-	-	-	-	-	-	-	-	-	-	-	-	-	-	-	-	-	-	-	-	-	-	1
54	1788291913752929105	replay	1927	-	graph_replay	-	-	-	-	-	-	-	-	-	-	-	-	-	-	-	-	-	-	-	-	-	-	-	-	1
55	1788291913762245372	replay	1927	-	graph_replay	-	-	-	-	-	-	-	-	-	-	-	-	-	-	-	-	-	-	-	-	-	-	-	-	1
56	1788291913771616762	replay	1927	-	graph_replay	-	-	-	-	-	-	-	-	-	-	-	-	-	-	-	-	-	-	-	-	-	-	-	-	1
57	1788291913780998711	replay	1927	-	graph_replay	-	-	-	-	-	-	-	-	-	-	-	-	-	-	-	-	-	-	-	-	-	-	-	-	1
58	1788291913789954280	replay	1927	-	graph_replay	-	-	-	-	-	-	-	-	-	-	-	-	-	-	-	-	-	-	-	-	-	-	-	-	1
59	1788291913799083245	replay	1927	-	graph_replay	-	-	-	-	-	-	-	-	-	-	-	-	-	-	-	-	-	-	-	-	-	-	-	-	1
60	1788291913808434397	replay	1927	-	graph_replay	-	-	-	-	-	-	-	-	-	-	-	-	-	-	-	-	-	-	-	-	-	-	-	-	1
61	1788291913818606201	replay	1927	-	graph_replay	-	-	-	-	-	-	-	-	-	-	-	-	-	-	-	-	-	-	-	-	-	-	-	-	1
62	1788291913828360260	replay	1927	-	graph_replay	-	-	-	-	-	-	-	-	-	-	-	-	-	-	-	-	-	-	-	-	-	-	-	-	1
63	1788291913838214447	replay	1927	-	graph_replay	-	-	-	-	-	-	-	-	-	-	-	-	-	-	-	-	-	-	-	-	-	-	-	-	1
64	1788291913847910828	replay	1927	-	graph_replay	-	-	-	-	-	-	-	-	-	-	-	-	-	-	-	-	-	-	-	-	-	-	-	-	1
65	1788291913857598622	replay	1927	-	graph_replay	-	-	-	-	-	-	-	-	-	-	-	-	-	-	-	-	-	-	-	-	-	-	-	-	1
66	1788291913867315361	replay	1927	-	graph_replay	-	-	-	-	-	-	-	-	-	-	-	-	-	-	-	-	-	-	-	-	-	-	-	-	1
67	1788291913877195257	replay	1927	-	graph_replay	-	-	-	-	-	-	-	-	-	-	-	-	-	-	-	-	-	-	-	-	-	-	-	-	1
68	1788291913931418249	eager	1927	MUL_MAT	MMQ	-	blk.0.attn_gate.weight	z-0	q4_K	f32	f32	2560	4096	1	1	2560	17	1	1	1440	5898240	5898240	10240	174080	174080	1	1	0	1	1
68	1788291913931418249	eager	1927	MUL_MAT	MMQ	-	blk.0.attn_qkv.weight	node_13	q5_K	f32	f32	2560	8192	1	1	2560	17	1	1	1760	14417920	14417920	10240	174080	174080	1	1	0	1	1
68	1788291913931418249	eager	1927	MUL_MAT	MMQ	-	blk.0.ffn_down.weight	ffn_out-0	q6_K	f32	f32	9216	2560	1	1	9216	17	1	1	7560	19353600	19353600	36864	626688	626688	1	1	0	1	1
68	1788291913931418249	eager	1927	MUL_MAT	MMQ	-	blk.0.ffn_gate.weight	ffn_gate-0	q4_K	f32	f32	2560	9216	1	1	2560	17	1	1	1440	13271040	13271040	10240	174080	174080	1	1	0	1	1
68	1788291913931418249	eager	1927	MUL_MAT	MMQ	-	blk.0.ffn_up.weight	ffn_up-0	q4_K	f32	f32	2560	9216	1	1	2560	17	1	1	1440	13271040	13271040	10240	174080	174080	1	1	0	1	1
68	1788291913931418249	eager	1927	MUL_MAT	MMQ	-	blk.0.ssm_alpha.weight	node_34	q8_0	f32	f32	2560	32	1	1	2560	17	1	1	2720	87040	87040	10240	174080	174080	1	1	0	1	1
68	1788291913931418249	eager	1927	MUL_MAT	MMQ	-	blk.0.ssm_beta.weight	node_40	q8_0	f32	f32	2560	32	1	1	2560	17	1	1	2720	87040	87040	10240	174080	174080	1	1	0	1	1
68	1788291913931418249	eager	1927	MUL_MAT	MMQ	-	blk.0.ssm_out.weight	linear_attn_out-0	q5_K	f32	f32	4096	2560	1	1	4096	17	1	1	2816	7208960	7208960	16384	278528	278528	1	1	0	1	1
68	1788291913931418249	eager	1927	MUL_MAT	MMQ	-	blk.1.attn_gate.weight	z-1	q4_K	f32	f32	2560	4096	1	1	2560	17	1	1	1440	5898240	5898240	10240	174080	174080	1	1	0	1	1
68	1788291913931418249	eager	1927	MUL_MAT	MMQ	-	blk.1.attn_qkv.weight	node_76	q5_K	f32	f32	2560	8192	1	1	2560	17	1	1	1760	14417920	14417920	10240	174080	174080	1	1	0	1	1
68	1788291913931418249	eager	1927	MUL_MAT	MMQ	-	blk.1.ffn_down.weight	ffn_out-1	q6_K	f32	f32	9216	2560	1	1	9216	17	1	1	7560	19353600	19353600	36864	626688	626688	1	1	0	1	1
68	1788291913931418249	eager	1927	MUL_MAT	MMQ	-	blk.1.ffn_gate.weight	ffn_gate-1	q4_K	f32	f32	2560	9216	1	1	2560	17	1	1	1440	13271040	13271040	10240	174080	174080	1	1	0	1	1
68	1788291913931418249	eager	1927	MUL_MAT	MMQ	-	blk.1.ffn_up.weight	ffn_up-1	q4_K	f32	f32	2560	9216	1	1	2560	17	1	1	1440	13271040	13271040	10240	174080	174080	1	1	0	1	1
68	1788291913931418249	eager	1927	MUL_MAT	MMQ	-	blk.1.ssm_alpha.weight	node_97	q8_0	f32	f32	2560	32	1	1	2560	17	1	1	2720	87040	87040	10240	174080	174080	1	1	0	1	1
68	1788291913931418249	eager	1927	MUL_MAT	MMQ	-	blk.1.ssm_beta.weight	node_103	q8_0	f32	f32	2560	32	1	1	2560	17	1	1	2720	87040	87040	10240	174080	174080	1	1	0	1	1
68	1788291913931418249	eager	1927	MUL_MAT	MMQ	-	blk.1.ssm_out.weight	linear_attn_out-1	q5_K	f32	f32	4096	2560	1	1	4096	17	1	1	2816	7208960	7208960	16384	278528	278528	1	1	0	1	1
68	1788291913931418249	eager	1927	MUL_MAT	MMQ	-	blk.10.attn_gate.weight	z-10	q4_K	f32	f32	2560	4096	1	1	2560	17	1	1	1440	5898240	5898240	10240	174080	174080	1	1	0	1	1
68	1788291913931418249	eager	1927	MUL_MAT	MMQ	-	blk.10.attn_qkv.weight	node_619	q5_K	f32	f32	2560	8192	1	1	2560	17	1	1	1760	14417920	14417920	10240	174080	174080	1	1	0	1	1
68	1788291913931418249	eager	1927	MUL_MAT	MMQ	-	blk.10.ffn_down.weight	ffn_out-10	q4_K	f32	f32	9216	2560	1	1	9216	17	1	1	5184	13271040	13271040	36864	626688	626688	1	1	0	1	1
68	1788291913931418249	eager	1927	MUL_MAT	MMQ	-	blk.10.ffn_gate.weight	ffn_gate-10	q4_K	f32	f32	2560	9216	1	1	2560	17	1	1	1440	13271040	13271040	10240	174080	174080	1	1	0	1	1
68	1788291913931418249	eager	1927	MUL_MAT	MMQ	-	blk.10.ffn_up.weight	ffn_up-10	q4_K	f32	f32	2560	9216	1	1	2560	17	1	1	1440	13271040	13271040	10240	174080	174080	1	1	0	1	1
68	1788291913931418249	eager	1927	MUL_MAT	MMQ	-	blk.10.ssm_alpha.weight	node_640	q8_0	f32	f32	2560	32	1	1	2560	17	1	1	2720	87040	87040	10240	174080	174080	1	1	0	1	1
68	1788291913931418249	eager	1927	MUL_MAT	MMQ	-	blk.10.ssm_beta.weight	node_646	q8_0	f32	f32	2560	32	1	1	2560	17	1	1	2720	87040	87040	10240	174080	174080	1	1	0	1	1
68	1788291913931418249	eager	1927	MUL_MAT	MMQ	-	blk.10.ssm_out.weight	linear_attn_out-10	q5_K	f32	f32	4096	2560	1	1	4096	17	1	1	2816	7208960	7208960	16384	278528	278528	1	1	0	1	1
68	1788291913931418249	eager	1927	MUL_MAT	MMQ	-	blk.11.attn_k.weight	Kcur-11	q4_K	f32	f32	2560	1024	1	1	2560	17	1	1	1440	1474560	1474560	10240	174080	174080	1	1	0	1	1
68	1788291913931418249	eager	1927	MUL_MAT	MMQ	-	blk.11.attn_output.weight	attn_output-11	q4_K	f32	f32	4096	2560	1	1	4096	17	1	1	2304	5898240	5898240	16384	278528	278528	1	1	0	1	1
68	1788291913931418249	eager	1927	MUL_MAT	MMQ	-	blk.11.attn_q.weight	Qcur_full-11	q4_K	f32	f32	2560	8192	1	1	2560	17	1	1	1440	11796480	11796480	10240	174080	174080	1	1	0	1	1
68	1788291913931418249	eager	1927	MUL_MAT	MMQ	-	blk.11.attn_v.weight	Vcur-11	q6_K	f32	f32	2560	1024	1	1	2560	17	1	1	2100	2150400	2150400	10240	174080	174080	1	1	0	1	1
68	1788291913931418249	eager	1927	MUL_MAT	MMQ	-	blk.11.ffn_down.weight	ffn_out-11	q4_K	f32	f32	9216	2560	1	1	9216	17	1	1	5184	13271040	13271040	36864	626688	626688	1	1	0	1	1
68	1788291913931418249	eager	1927	MUL_MAT	MMQ	-	blk.11.ffn_gate.weight	ffn_gate-11	q4_K	f32	f32	2560	9216	1	1	2560	17	1	1	1440	13271040	13271040	10240	174080	174080	1	1	0	1	1
68	1788291913931418249	eager	1927	MUL_MAT	MMQ	-	blk.11.ffn_up.weight	ffn_up-11	q4_K	f32	f32	2560	9216	1	1	2560	17	1	1	1440	13271040	13271040	10240	174080	174080	1	1	0	1	1
68	1788291913931418249	eager	1927	MUL_MAT	MMQ	-	blk.12.attn_gate.weight	z-12	q4_K	f32	f32	2560	4096	1	1	2560	17	1	1	1440	5898240	5898240	10240	174080	174080	1	1	0	1	1
68	1788291913931418249	eager	1927	MUL_MAT	MMQ	-	blk.12.attn_qkv.weight	node_733	q5_K	f32	f32	2560	8192	1	1	2560	17	1	1	1760	14417920	14417920	10240	174080	174080	1	1	0	1	1
68	1788291913931418249	eager	1927	MUL_MAT	MMQ	-	blk.12.ffn_down.weight	ffn_out-12	q6_K	f32	f32	9216	2560	1	1	9216	17	1	1	7560	19353600	19353600	36864	626688	626688	1	1	0	1	1
68	1788291913931418249	eager	1927	MUL_MAT	MMQ	-	blk.12.ffn_gate.weight	ffn_gate-12	q4_K	f32	f32	2560	9216	1	1	2560	17	1	1	1440	13271040	13271040	10240	174080	174080	1	1	0	1	1
68	1788291913931418249	eager	1927	MUL_MAT	MMQ	-	blk.12.ffn_up.weight	ffn_up-12	q4_K	f32	f32	2560	9216	1	1	2560	17	1	1	1440	13271040	13271040	10240	174080	174080	1	1	0	1	1
68	1788291913931418249	eager	1927	MUL_MAT	MMQ	-	blk.12.ssm_alpha.weight	node_754	q8_0	f32	f32	2560	32	1	1	2560	17	1	1	2720	87040	87040	10240	174080	174080	1	1	0	1	1
68	1788291913931418249	eager	1927	MUL_MAT	MMQ	-	blk.12.ssm_beta.weight	node_760	q8_0	f32	f32	2560	32	1	1	2560	17	1	1	2720	87040	87040	10240	174080	174080	1	1	0	1	1
68	1788291913931418249	eager	1927	MUL_MAT	MMQ	-	blk.12.ssm_out.weight	linear_attn_out-12	q5_K	f32	f32	4096	2560	1	1	4096	17	1	1	2816	7208960	7208960	16384	278528	278528	1	1	0	1	1
68	1788291913931418249	eager	1927	MUL_MAT	MMQ	-	blk.13.attn_gate.weight	z-13	q4_K	f32	f32	2560	4096	1	1	2560	17	1	1	1440	5898240	5898240	10240	174080	174080	1	1	0	1	1
68	1788291913931418249	eager	1927	MUL_MAT	MMQ	-	blk.13.attn_qkv.weight	node_796	q5_K	f32	f32	2560	8192	1	1	2560	17	1	1	1760	14417920	14417920	10240	174080	174080	1	1	0	1	1
68	1788291913931418249	eager	1927	MUL_MAT	MMQ	-	blk.13.ffn_down.weight	ffn_out-13	q4_K	f32	f32	9216	2560	1	1	9216	17	1	1	5184	13271040	13271040	36864	626688	626688	1	1	0	1	1
68	1788291913931418249	eager	1927	MUL_MAT	MMQ	-	blk.13.ffn_gate.weight	ffn_gate-13	q4_K	f32	f32	2560	9216	1	1	2560	17	1	1	1440	13271040	13271040	10240	174080	174080	1	1	0	1	1
68	1788291913931418249	eager	1927	MUL_MAT	MMQ	-	blk.13.ffn_up.weight	ffn_up-13	q4_K	f32	f32	2560	9216	1	1	2560	17	1	1	1440	13271040	13271040	10240	174080	174080	1	1	0	1	1
68	1788291913931418249	eager	1927	MUL_MAT	MMQ	-	blk.13.ssm_alpha.weight	node_817	q8_0	f32	f32	2560	32	1	1	2560	17	1	1	2720	87040	87040	10240	174080	174080	1	1	0	1	1
68	1788291913931418249	eager	1927	MUL_MAT	MMQ	-	blk.13.ssm_beta.weight	node_823	q8_0	f32	f32	2560	32	1	1	2560	17	1	1	2720	87040	87040	10240	174080	174080	1	1	0	1	1
68	1788291913931418249	eager	1927	MUL_MAT	MMQ	-	blk.13.ssm_out.weight	linear_attn_out-13	q5_K	f32	f32	4096	2560	1	1	4096	17	1	1	2816	7208960	7208960	16384	278528	278528	1	1	0	1	1
68	1788291913931418249	eager	1927	MUL_MAT	MMQ	-	blk.14.attn_gate.weight	z-14	q4_K	f32	f32	2560	4096	1	1	2560	17	1	1	1440	5898240	5898240	10240	174080	174080	1	1	0	1	1
68	1788291913931418249	eager	1927	MUL_MAT	MMQ	-	blk.14.attn_qkv.weight	node_859	q5_K	f32	f32	2560	8192	1	1	2560	17	1	1	1760	14417920	14417920	10240	174080	174080	1	1	0	1	1
68	1788291913931418249	eager	1927	MUL_MAT	MMQ	-	blk.14.ffn_down.weight	ffn_out-14	q4_K	f32	f32	9216	2560	1	1	9216	17	1	1	5184	13271040	13271040	36864	626688	626688	1	1	0	1	1
68	1788291913931418249	eager	1927	MUL_MAT	MMQ	-	blk.14.ffn_gate.weight	ffn_gate-14	q4_K	f32	f32	2560	9216	1	1	2560	17	1	1	1440	13271040	13271040	10240	174080	174080	1	1	0	1	1
68	1788291913931418249	eager	1927	MUL_MAT	MMQ	-	blk.14.ffn_up.weight	ffn_up-14	q4_K	f32	f32	2560	9216	1	1	2560	17	1	1	1440	13271040	13271040	10240	174080	174080	1	1	0	1	1
68	1788291913931418249	eager	1927	MUL_MAT	MMQ	-	blk.14.ssm_alpha.weight	node_880	q8_0	f32	f32	2560	32	1	1	2560	17	1	1	2720	87040	87040	10240	174080	174080	1	1	0	1	1
68	1788291913931418249	eager	1927	MUL_MAT	MMQ	-	blk.14.ssm_beta.weight	node_886	q8_0	f32	f32	2560	32	1	1	2560	17	1	1	2720	87040	87040	10240	174080	174080	1	1	0	1	1
68	1788291913931418249	eager	1927	MUL_MAT	MMQ	-	blk.14.ssm_out.weight	linear_attn_out-14	q5_K	f32	f32	4096	2560	1	1	4096	17	1	1	2816	7208960	7208960	16384	278528	278528	1	1	0	1	1
68	1788291913931418249	eager	1927	MUL_MAT	MMQ	-	blk.15.attn_k.weight	Kcur-15	q4_K	f32	f32	2560	1024	1	1	2560	17	1	1	1440	1474560	1474560	10240	174080	174080	1	1	0	1	1
68	1788291913931418249	eager	1927	MUL_MAT	MMQ	-	blk.15.attn_output.weight	attn_output-15	q4_K	f32	f32	4096	2560	1	1	4096	17	1	1	2304	5898240	5898240	16384	278528	278528	1	1	0	1	1
68	1788291913931418249	eager	1927	MUL_MAT	MMQ	-	blk.15.attn_q.weight	Qcur_full-15	q4_K	f32	f32	2560	8192	1	1	2560	17	1	1	1440	11796480	11796480	10240	174080	174080	1	1	0	1	1
68	1788291913931418249	eager	1927	MUL_MAT	MMQ	-	blk.15.attn_v.weight	Vcur-15	q6_K	f32	f32	2560	1024	1	1	2560	17	1	1	2100	2150400	2150400	10240	174080	174080	1	1	0	1	1
68	1788291913931418249	eager	1927	MUL_MAT	MMQ	-	blk.15.ffn_down.weight	ffn_out-15	q6_K	f32	f32	9216	2560	1	1	9216	17	1	1	7560	19353600	19353600	36864	626688	626688	1	1	0	1	1
68	1788291913931418249	eager	1927	MUL_MAT	MMQ	-	blk.15.ffn_gate.weight	ffn_gate-15	q4_K	f32	f32	2560	9216	1	1	2560	17	1	1	1440	13271040	13271040	10240	174080	174080	1	1	0	1	1
68	1788291913931418249	eager	1927	MUL_MAT	MMQ	-	blk.15.ffn_up.weight	ffn_up-15	q4_K	f32	f32	2560	9216	1	1	2560	17	1	1	1440	13271040	13271040	10240	174080	174080	1	1	0	1	1
68	1788291913931418249	eager	1927	MUL_MAT	MMQ	-	blk.16.attn_gate.weight	z-16	q4_K	f32	f32	2560	4096	1	1	2560	17	1	1	1440	5898240	5898240	10240	174080	174080	1	1	0	1	1
68	1788291913931418249	eager	1927	MUL_MAT	MMQ	-	blk.16.attn_qkv.weight	node_973	q5_K	f32	f32	2560	8192	1	1	2560	17	1	1	1760	14417920	14417920	10240	174080	174080	1	1	0	1	1
68	1788291913931418249	eager	1927	MUL_MAT	MMQ	-	blk.16.ffn_down.weight	ffn_out-16	q4_K	f32	f32	9216	2560	1	1	9216	17	1	1	5184	13271040	13271040	36864	626688	626688	1	1	0	1	1
68	1788291913931418249	eager	1927	MUL_MAT	MMQ	-	blk.16.ffn_gate.weight	ffn_gate-16	q4_K	f32	f32	2560	9216	1	1	2560	17	1	1	1440	13271040	13271040	10240	174080	174080	1	1	0	1	1
68	1788291913931418249	eager	1927	MUL_MAT	MMQ	-	blk.16.ffn_up.weight	ffn_up-16	q4_K	f32	f32	2560	9216	1	1	2560	17	1	1	1440	13271040	13271040	10240	174080	174080	1	1	0	1	1
68	1788291913931418249	eager	1927	MUL_MAT	MMQ	-	blk.16.ssm_alpha.weight	node_994	q8_0	f32	f32	2560	32	1	1	2560	17	1	1	2720	87040	87040	10240	174080	174080	1	1	0	1	1
68	1788291913931418249	eager	1927	MUL_MAT	MMQ	-	blk.16.ssm_beta.weight	node_1000	q8_0	f32	f32	2560	32	1	1	2560	17	1	1	2720	87040	87040	10240	174080	174080	1	1	0	1	1
68	1788291913931418249	eager	1927	MUL_MAT	MMQ	-	blk.16.ssm_out.weight	linear_attn_out-16	q5_K	f32	f32	4096	2560	1	1	4096	17	1	1	2816	7208960	7208960	16384	278528	278528	1	1	0	1	1
68	1788291913931418249	eager	1927	MUL_MAT	MMQ	-	blk.17.attn_gate.weight	z-17	q4_K	f32	f32	2560	4096	1	1	2560	17	1	1	1440	5898240	5898240	10240	174080	174080	1	1	0	1	1
68	1788291913931418249	eager	1927	MUL_MAT	MMQ	-	blk.17.attn_qkv.weight	node_1036	q5_K	f32	f32	2560	8192	1	1	2560	17	1	1	1760	14417920	14417920	10240	174080	174080	1	1	0	1	1
68	1788291913931418249	eager	1927	MUL_MAT	MMQ	-	blk.17.ffn_down.weight	ffn_out-17	q4_K	f32	f32	9216	2560	1	1	9216	17	1	1	5184	13271040	13271040	36864	626688	626688	1	1	0	1	1
68	1788291913931418249	eager	1927	MUL_MAT	MMQ	-	blk.17.ffn_gate.weight	ffn_gate-17	q4_K	f32	f32	2560	9216	1	1	2560	17	1	1	1440	13271040	13271040	10240	174080	174080	1	1	0	1	1
68	1788291913931418249	eager	1927	MUL_MAT	MMQ	-	blk.17.ffn_up.weight	ffn_up-17	q4_K	f32	f32	2560	9216	1	1	2560	17	1	1	1440	13271040	13271040	10240	174080	174080	1	1	0	1	1
68	1788291913931418249	eager	1927	MUL_MAT	MMQ	-	blk.17.ssm_alpha.weight	node_1057	q8_0	f32	f32	2560	32	1	1	2560	17	1	1	2720	87040	87040	10240	174080	174080	1	1	0	1	1
68	1788291913931418249	eager	1927	MUL_MAT	MMQ	-	blk.17.ssm_beta.weight	node_1063	q8_0	f32	f32	2560	32	1	1	2560	17	1	1	2720	87040	87040	10240	174080	174080	1	1	0	1	1
68	1788291913931418249	eager	1927	MUL_MAT	MMQ	-	blk.17.ssm_out.weight	linear_attn_out-17	q5_K	f32	f32	4096	2560	1	1	4096	17	1	1	2816	7208960	7208960	16384	278528	278528	1	1	0	1	1
68	1788291913931418249	eager	1927	MUL_MAT	MMQ	-	blk.18.attn_gate.weight	z-18	q4_K	f32	f32	2560	4096	1	1	2560	17	1	1	1440	5898240	5898240	10240	174080	174080	1	1	0	1	1
68	1788291913931418249	eager	1927	MUL_MAT	MMQ	-	blk.18.attn_qkv.weight	node_1099	q5_K	f32	f32	2560	8192	1	1	2560	17	1	1	1760	14417920	14417920	10240	174080	174080	1	1	0	1	1
68	1788291913931418249	eager	1927	MUL_MAT	MMQ	-	blk.18.ffn_down.weight	ffn_out-18	q6_K	f32	f32	9216	2560	1	1	9216	17	1	1	7560	19353600	19353600	36864	626688	626688	1	1	0	1	1
68	1788291913931418249	eager	1927	MUL_MAT	MMQ	-	blk.18.ffn_gate.weight	ffn_gate-18	q4_K	f32	f32	2560	9216	1	1	2560	17	1	1	1440	13271040	13271040	10240	174080	174080	1	1	0	1	1
68	1788291913931418249	eager	1927	MUL_MAT	MMQ	-	blk.18.ffn_up.weight	ffn_up-18	q4_K	f32	f32	2560	9216	1	1	2560	17	1	1	1440	13271040	13271040	10240	174080	174080	1	1	0	1	1
68	1788291913931418249	eager	1927	MUL_MAT	MMQ	-	blk.18.ssm_alpha.weight	node_1120	q8_0	f32	f32	2560	32	1	1	2560	17	1	1	2720	87040	87040	10240	174080	174080	1	1	0	1	1
68	1788291913931418249	eager	1927	MUL_MAT	MMQ	-	blk.18.ssm_beta.weight	node_1126	q8_0	f32	f32	2560	32	1	1	2560	17	1	1	2720	87040	87040	10240	174080	174080	1	1	0	1	1
68	1788291913931418249	eager	1927	MUL_MAT	MMQ	-	blk.18.ssm_out.weight	linear_attn_out-18	q5_K	f32	f32	4096	2560	1	1	4096	17	1	1	2816	7208960	7208960	16384	278528	278528	1	1	0	1	1
68	1788291913931418249	eager	1927	MUL_MAT	MMQ	-	blk.19.attn_k.weight	Kcur-19	q4_K	f32	f32	2560	1024	1	1	2560	17	1	1	1440	1474560	1474560	10240	174080	174080	1	1	0	1	1
68	1788291913931418249	eager	1927	MUL_MAT	MMQ	-	blk.19.attn_output.weight	attn_output-19	q4_K	f32	f32	4096	2560	1	1	4096	17	1	1	2304	5898240	5898240	16384	278528	278528	1	1	0	1	1
68	1788291913931418249	eager	1927	MUL_MAT	MMQ	-	blk.19.attn_q.weight	Qcur_full-19	q4_K	f32	f32	2560	8192	1	1	2560	17	1	1	1440	11796480	11796480	10240	174080	174080	1	1	0	1	1
68	1788291913931418249	eager	1927	MUL_MAT	MMQ	-	blk.19.attn_v.weight	Vcur-19	q4_K	f32	f32	2560	1024	1	1	2560	17	1	1	1440	1474560	1474560	10240	174080	174080	1	1	0	1	1
68	1788291913931418249	eager	1927	MUL_MAT	MMQ	-	blk.19.ffn_down.weight	ffn_out-19	q4_K	f32	f32	9216	2560	1	1	9216	17	1	1	5184	13271040	13271040	36864	626688	626688	1	1	0	1	1
68	1788291913931418249	eager	1927	MUL_MAT	MMQ	-	blk.19.ffn_gate.weight	ffn_gate-19	q4_K	f32	f32	2560	9216	1	1	2560	17	1	1	1440	13271040	13271040	10240	174080	174080	1	1	0	1	1
68	1788291913931418249	eager	1927	MUL_MAT	MMQ	-	blk.19.ffn_up.weight	ffn_up-19	q4_K	f32	f32	2560	9216	1	1	2560	17	1	1	1440	13271040	13271040	10240	174080	174080	1	1	0	1	1
68	1788291913931418249	eager	1927	MUL_MAT	MMQ	-	blk.2.attn_gate.weight	z-2	q4_K	f32	f32	2560	4096	1	1	2560	17	1	1	1440	5898240	5898240	10240	174080	174080	1	1	0	1	1
68	1788291913931418249	eager	1927	MUL_MAT	MMQ	-	blk.2.attn_qkv.weight	node_139	q5_K	f32	f32	2560	8192	1	1	2560	17	1	1	1760	14417920	14417920	10240	174080	174080	1	1	0	1	1
68	1788291913931418249	eager	1927	MUL_MAT	MMQ	-	blk.2.ffn_down.weight	ffn_out-2	q6_K	f32	f32	9216	2560	1	1	9216	17	1	1	7560	19353600	19353600	36864	626688	626688	1	1	0	1	1
68	1788291913931418249	eager	1927	MUL_MAT	MMQ	-	blk.2.ffn_gate.weight	ffn_gate-2	q4_K	f32	f32	2560	9216	1	1	2560	17	1	1	1440	13271040	13271040	10240	174080	174080	1	1	0	1	1
68	1788291913931418249	eager	1927	MUL_MAT	MMQ	-	blk.2.ffn_up.weight	ffn_up-2	q4_K	f32	f32	2560	9216	1	1	2560	17	1	1	1440	13271040	13271040	10240	174080	174080	1	1	0	1	1
68	1788291913931418249	eager	1927	MUL_MAT	MMQ	-	blk.2.ssm_alpha.weight	node_160	q8_0	f32	f32	2560	32	1	1	2560	17	1	1	2720	87040	87040	10240	174080	174080	1	1	0	1	1
68	1788291913931418249	eager	1927	MUL_MAT	MMQ	-	blk.2.ssm_beta.weight	node_166	q8_0	f32	f32	2560	32	1	1	2560	17	1	1	2720	87040	87040	10240	174080	174080	1	1	0	1	1
68	1788291913931418249	eager	1927	MUL_MAT	MMQ	-	blk.2.ssm_out.weight	linear_attn_out-2	q5_K	f32	f32	4096	2560	1	1	4096	17	1	1	2816	7208960	7208960	16384	278528	278528	1	1	0	1	1
68	1788291913931418249	eager	1927	MUL_MAT	MMQ	-	blk.20.attn_gate.weight	z-20	q4_K	f32	f32	2560	4096	1	1	2560	17	1	1	1440	5898240	5898240	10240	174080	174080	1	1	0	1	1
68	1788291913931418249	eager	1927	MUL_MAT	MMQ	-	blk.20.attn_qkv.weight	node_1213	q5_K	f32	f32	2560	8192	1	1	2560	17	1	1	1760	14417920	14417920	10240	174080	174080	1	1	0	1	1
68	1788291913931418249	eager	1927	MUL_MAT	MMQ	-	blk.20.ffn_down.weight	ffn_out-20	q4_K	f32	f32	9216	2560	1	1	9216	17	1	1	5184	13271040	13271040	36864	626688	626688	1	1	0	1	1
68	1788291913931418249	eager	1927	MUL_MAT	MMQ	-	blk.20.ffn_gate.weight	ffn_gate-20	q4_K	f32	f32	2560	9216	1	1	2560	17	1	1	1440	13271040	13271040	10240	174080	174080	1	1	0	1	1
68	1788291913931418249	eager	1927	MUL_MAT	MMQ	-	blk.20.ffn_up.weight	ffn_up-20	q4_K	f32	f32	2560	9216	1	1	2560	17	1	1	1440	13271040	13271040	10240	174080	174080	1	1	0	1	1
68	1788291913931418249	eager	1927	MUL_MAT	MMQ	-	blk.20.ssm_alpha.weight	node_1234	q8_0	f32	f32	2560	32	1	1	2560	17	1	1	2720	87040	87040	10240	174080	174080	1	1	0	1	1
68	1788291913931418249	eager	1927	MUL_MAT	MMQ	-	blk.20.ssm_beta.weight	node_1240	q8_0	f32	f32	2560	32	1	1	2560	17	1	1	2720	87040	87040	10240	174080	174080	1	1	0	1	1
68	1788291913931418249	eager	1927	MUL_MAT	MMQ	-	blk.20.ssm_out.weight	linear_attn_out-20	q5_K	f32	f32	4096	2560	1	1	4096	17	1	1	2816	7208960	7208960	16384	278528	278528	1	1	0	1	1
68	1788291913931418249	eager	1927	MUL_MAT	MMQ	-	blk.21.attn_gate.weight	z-21	q4_K	f32	f32	2560	4096	1	1	2560	17	1	1	1440	5898240	5898240	10240	174080	174080	1	1	0	1	1
68	1788291913931418249	eager	1927	MUL_MAT	MMQ	-	blk.21.attn_qkv.weight	node_1276	q5_K	f32	f32	2560	8192	1	1	2560	17	1	1	1760	14417920	14417920	10240	174080	174080	1	1	0	1	1
68	1788291913931418249	eager	1927	MUL_MAT	MMQ	-	blk.21.ffn_down.weight	ffn_out-21	q6_K	f32	f32	9216	2560	1	1	9216	17	1	1	7560	19353600	19353600	36864	626688	626688	1	1	0	1	1
68	1788291913931418249	eager	1927	MUL_MAT	MMQ	-	blk.21.ffn_gate.weight	ffn_gate-21	q4_K	f32	f32	2560	9216	1	1	2560	17	1	1	1440	13271040	13271040	10240	174080	174080	1	1	0	1	1
68	1788291913931418249	eager	1927	MUL_MAT	MMQ	-	blk.21.ffn_up.weight	ffn_up-21	q4_K	f32	f32	2560	9216	1	1	2560	17	1	1	1440	13271040	13271040	10240	174080	174080	1	1	0	1	1
68	1788291913931418249	eager	1927	MUL_MAT	MMQ	-	blk.21.ssm_alpha.weight	node_1297	q8_0	f32	f32	2560	32	1	1	2560	17	1	1	2720	87040	87040	10240	174080	174080	1	1	0	1	1
68	1788291913931418249	eager	1927	MUL_MAT	MMQ	-	blk.21.ssm_beta.weight	node_1303	q8_0	f32	f32	2560	32	1	1	2560	17	1	1	2720	87040	87040	10240	174080	174080	1	1	0	1	1
68	1788291913931418249	eager	1927	MUL_MAT	MMQ	-	blk.21.ssm_out.weight	linear_attn_out-21	q5_K	f32	f32	4096	2560	1	1	4096	17	1	1	2816	7208960	7208960	16384	278528	278528	1	1	0	1	1
68	1788291913931418249	eager	1927	MUL_MAT	MMQ	-	blk.22.attn_gate.weight	z-22	q4_K	f32	f32	2560	4096	1	1	2560	17	1	1	1440	5898240	5898240	10240	174080	174080	1	1	0	1	1
68	1788291913931418249	eager	1927	MUL_MAT	MMQ	-	blk.22.attn_qkv.weight	node_1339	q5_K	f32	f32	2560	8192	1	1	2560	17	1	1	1760	14417920	14417920	10240	174080	174080	1	1	0	1	1
68	1788291913931418249	eager	1927	MUL_MAT	MMQ	-	blk.22.ffn_down.weight	ffn_out-22	q4_K	f32	f32	9216	2560	1	1	9216	17	1	1	5184	13271040	13271040	36864	626688	626688	1	1	0	1	1
68	1788291913931418249	eager	1927	MUL_MAT	MMQ	-	blk.22.ffn_gate.weight	ffn_gate-22	q4_K	f32	f32	2560	9216	1	1	2560	17	1	1	1440	13271040	13271040	10240	174080	174080	1	1	0	1	1
68	1788291913931418249	eager	1927	MUL_MAT	MMQ	-	blk.22.ffn_up.weight	ffn_up-22	q4_K	f32	f32	2560	9216	1	1	2560	17	1	1	1440	13271040	13271040	10240	174080	174080	1	1	0	1	1
68	1788291913931418249	eager	1927	MUL_MAT	MMQ	-	blk.22.ssm_alpha.weight	node_1360	q8_0	f32	f32	2560	32	1	1	2560	17	1	1	2720	87040	87040	10240	174080	174080	1	1	0	1	1
68	1788291913931418249	eager	1927	MUL_MAT	MMQ	-	blk.22.ssm_beta.weight	node_1366	q8_0	f32	f32	2560	32	1	1	2560	17	1	1	2720	87040	87040	10240	174080	174080	1	1	0	1	1
68	1788291913931418249	eager	1927	MUL_MAT	MMQ	-	blk.22.ssm_out.weight	linear_attn_out-22	q5_K	f32	f32	4096	2560	1	1	4096	17	1	1	2816	7208960	7208960	16384	278528	278528	1	1	0	1	1
68	1788291913931418249	eager	1927	MUL_MAT	MMQ	-	blk.23.attn_k.weight	Kcur-23	q4_K	f32	f32	2560	1024	1	1	2560	17	1	1	1440	1474560	1474560	10240	174080	174080	1	1	0	1	1
68	1788291913931418249	eager	1927	MUL_MAT	MMQ	-	blk.23.attn_output.weight	attn_output-23	q4_K	f32	f32	4096	2560	1	1	4096	17	1	1	2304	5898240	5898240	16384	278528	278528	1	1	0	1	1
68	1788291913931418249	eager	1927	MUL_MAT	MMQ	-	blk.23.attn_q.weight	Qcur_full-23	q4_K	f32	f32	2560	8192	1	1	2560	17	1	1	1440	11796480	11796480	10240	174080	174080	1	1	0	1	1
68	1788291913931418249	eager	1927	MUL_MAT	MMQ	-	blk.23.attn_v.weight	Vcur-23	q4_K	f32	f32	2560	1024	1	1	2560	17	1	1	1440	1474560	1474560	10240	174080	174080	1	1	0	1	1
68	1788291913931418249	eager	1927	MUL_MAT	MMQ	-	blk.23.ffn_down.weight	ffn_out-23	q4_K	f32	f32	9216	2560	1	1	9216	17	1	1	5184	13271040	13271040	36864	626688	626688	1	1	0	1	1
68	1788291913931418249	eager	1927	MUL_MAT	MMQ	-	blk.23.ffn_gate.weight	ffn_gate-23	q4_K	f32	f32	2560	9216	1	1	2560	17	1	1	1440	13271040	13271040	10240	174080	174080	1	1	0	1	1
68	1788291913931418249	eager	1927	MUL_MAT	MMQ	-	blk.23.ffn_up.weight	ffn_up-23	q4_K	f32	f32	2560	9216	1	1	2560	17	1	1	1440	13271040	13271040	10240	174080	174080	1	1	0	1	1
68	1788291913931418249	eager	1927	MUL_MAT	MMQ	-	blk.24.attn_gate.weight	z-24	q4_K	f32	f32	2560	4096	1	1	2560	17	1	1	1440	5898240	5898240	10240	174080	174080	1	1	0	1	1
68	1788291913931418249	eager	1927	MUL_MAT	MMQ	-	blk.24.attn_qkv.weight	node_1453	q5_K	f32	f32	2560	8192	1	1	2560	17	1	1	1760	14417920	14417920	10240	174080	174080	1	1	0	1	1
68	1788291913931418249	eager	1927	MUL_MAT	MMQ	-	blk.24.ffn_down.weight	ffn_out-24	q6_K	f32	f32	9216	2560	1	1	9216	17	1	1	7560	19353600	19353600	36864	626688	626688	1	1	0	1	1
68	1788291913931418249	eager	1927	MUL_MAT	MMQ	-	blk.24.ffn_gate.weight	ffn_gate-24	q4_K	f32	f32	2560	9216	1	1	2560	17	1	1	1440	13271040	13271040	10240	174080	174080	1	1	0	1	1
68	1788291913931418249	eager	1927	MUL_MAT	MMQ	-	blk.24.ffn_up.weight	ffn_up-24	q4_K	f32	f32	2560	9216	1	1	2560	17	1	1	1440	13271040	13271040	10240	174080	174080	1	1	0	1	1
68	1788291913931418249	eager	1927	MUL_MAT	MMQ	-	blk.24.ssm_alpha.weight	node_1474	q8_0	f32	f32	2560	32	1	1	2560	17	1	1	2720	87040	87040	10240	174080	174080	1	1	0	1	1
68	1788291913931418249	eager	1927	MUL_MAT	MMQ	-	blk.24.ssm_beta.weight	node_1480	q8_0	f32	f32	2560	32	1	1	2560	17	1	1	2720	87040	87040	10240	174080	174080	1	1	0	1	1
68	1788291913931418249	eager	1927	MUL_MAT	MMQ	-	blk.24.ssm_out.weight	linear_attn_out-24	q5_K	f32	f32	4096	2560	1	1	4096	17	1	1	2816	7208960	7208960	16384	278528	278528	1	1	0	1	1
68	1788291913931418249	eager	1927	MUL_MAT	MMQ	-	blk.25.attn_gate.weight	z-25	q4_K	f32	f32	2560	4096	1	1	2560	17	1	1	1440	5898240	5898240	10240	174080	174080	1	1	0	1	1
68	1788291913931418249	eager	1927	MUL_MAT	MMQ	-	blk.25.attn_qkv.weight	node_1516	q5_K	f32	f32	2560	8192	1	1	2560	17	1	1	1760	14417920	14417920	10240	174080	174080	1	1	0	1	1
68	1788291913931418249	eager	1927	MUL_MAT	MMQ	-	blk.25.ffn_down.weight	ffn_out-25	q4_K	f32	f32	9216	2560	1	1	9216	17	1	1	5184	13271040	13271040	36864	626688	626688	1	1	0	1	1
68	1788291913931418249	eager	1927	MUL_MAT	MMQ	-	blk.25.ffn_gate.weight	ffn_gate-25	q4_K	f32	f32	2560	9216	1	1	2560	17	1	1	1440	13271040	13271040	10240	174080	174080	1	1	0	1	1
68	1788291913931418249	eager	1927	MUL_MAT	MMQ	-	blk.25.ffn_up.weight	ffn_up-25	q4_K	f32	f32	2560	9216	1	1	2560	17	1	1	1440	13271040	13271040	10240	174080	174080	1	1	0	1	1
68	1788291913931418249	eager	1927	MUL_MAT	MMQ	-	blk.25.ssm_alpha.weight	node_1537	q8_0	f32	f32	2560	32	1	1	2560	17	1	1	2720	87040	87040	10240	174080	174080	1	1	0	1	1
68	1788291913931418249	eager	1927	MUL_MAT	MMQ	-	blk.25.ssm_beta.weight	node_1543	q8_0	f32	f32	2560	32	1	1	2560	17	1	1	2720	87040	87040	10240	174080	174080	1	1	0	1	1
68	1788291913931418249	eager	1927	MUL_MAT	MMQ	-	blk.25.ssm_out.weight	linear_attn_out-25	q5_K	f32	f32	4096	2560	1	1	4096	17	1	1	2816	7208960	7208960	16384	278528	278528	1	1	0	1	1
68	1788291913931418249	eager	1927	MUL_MAT	MMQ	-	blk.26.attn_gate.weight	z-26	q4_K	f32	f32	2560	4096	1	1	2560	17	1	1	1440	5898240	5898240	10240	174080	174080	1	1	0	1	1
68	1788291913931418249	eager	1927	MUL_MAT	MMQ	-	blk.26.attn_qkv.weight	node_1579	q5_K	f32	f32	2560	8192	1	1	2560	17	1	1	1760	14417920	14417920	10240	174080	174080	1	1	0	1	1
68	1788291913931418249	eager	1927	MUL_MAT	MMQ	-	blk.26.ffn_down.weight	ffn_out-26	q4_K	f32	f32	9216	2560	1	1	9216	17	1	1	5184	13271040	13271040	36864	626688	626688	1	1	0	1	1
68	1788291913931418249	eager	1927	MUL_MAT	MMQ	-	blk.26.ffn_gate.weight	ffn_gate-26	q4_K	f32	f32	2560	9216	1	1	2560	17	1	1	1440	13271040	13271040	10240	174080	174080	1	1	0	1	1
68	1788291913931418249	eager	1927	MUL_MAT	MMQ	-	blk.26.ffn_up.weight	ffn_up-26	q4_K	f32	f32	2560	9216	1	1	2560	17	1	1	1440	13271040	13271040	10240	174080	174080	1	1	0	1	1
68	1788291913931418249	eager	1927	MUL_MAT	MMQ	-	blk.26.ssm_alpha.weight	node_1600	q8_0	f32	f32	2560	32	1	1	2560	17	1	1	2720	87040	87040	10240	174080	174080	1	1	0	1	1
68	1788291913931418249	eager	1927	MUL_MAT	MMQ	-	blk.26.ssm_beta.weight	node_1606	q8_0	f32	f32	2560	32	1	1	2560	17	1	1	2720	87040	87040	10240	174080	174080	1	1	0	1	1
68	1788291913931418249	eager	1927	MUL_MAT	MMQ	-	blk.26.ssm_out.weight	linear_attn_out-26	q5_K	f32	f32	4096	2560	1	1	4096	17	1	1	2816	7208960	7208960	16384	278528	278528	1	1	0	1	1
68	1788291913931418249	eager	1927	MUL_MAT	MMQ	-	blk.27.attn_k.weight	Kcur-27	q4_K	f32	f32	2560	1024	1	1	2560	17	1	1	1440	1474560	1474560	10240	174080	174080	1	1	0	1	1
68	1788291913931418249	eager	1927	MUL_MAT	MMQ	-	blk.27.attn_output.weight	attn_output-27	q4_K	f32	f32	4096	2560	1	1	4096	17	1	1	2304	5898240	5898240	16384	278528	278528	1	1	0	1	1
68	1788291913931418249	eager	1927	MUL_MAT	MMQ	-	blk.27.attn_q.weight	Qcur_full-27	q4_K	f32	f32	2560	8192	1	1	2560	17	1	1	1440	11796480	11796480	10240	174080	174080	1	1	0	1	1
68	1788291913931418249	eager	1927	MUL_MAT	MMQ	-	blk.27.attn_v.weight	Vcur-27	q6_K	f32	f32	2560	1024	1	1	2560	17	1	1	2100	2150400	2150400	10240	174080	174080	1	1	0	1	1
68	1788291913931418249	eager	1927	MUL_MAT	MMQ	-	blk.27.ffn_down.weight	ffn_out-27	q6_K	f32	f32	9216	2560	1	1	9216	17	1	1	7560	19353600	19353600	36864	626688	626688	1	1	0	1	1
68	1788291913931418249	eager	1927	MUL_MAT	MMQ	-	blk.27.ffn_gate.weight	ffn_gate-27	q4_K	f32	f32	2560	9216	1	1	2560	17	1	1	1440	13271040	13271040	10240	174080	174080	1	1	0	1	1
68	1788291913931418249	eager	1927	MUL_MAT	MMQ	-	blk.27.ffn_up.weight	ffn_up-27	q4_K	f32	f32	2560	9216	1	1	2560	17	1	1	1440	13271040	13271040	10240	174080	174080	1	1	0	1	1
68	1788291913931418249	eager	1927	MUL_MAT	MMQ	-	blk.28.attn_gate.weight	z-28	q4_K	f32	f32	2560	4096	1	1	2560	17	1	1	1440	5898240	5898240	10240	174080	174080	1	1	0	1	1
68	1788291913931418249	eager	1927	MUL_MAT	MMQ	-	blk.28.attn_qkv.weight	node_1693	q5_K	f32	f32	2560	8192	1	1	2560	17	1	1	1760	14417920	14417920	10240	174080	174080	1	1	0	1	1
68	1788291913931418249	eager	1927	MUL_MAT	MMQ	-	blk.28.ffn_down.weight	ffn_out-28	q6_K	f32	f32	9216	2560	1	1	9216	17	1	1	7560	19353600	19353600	36864	626688	626688	1	1	0	1	1
68	1788291913931418249	eager	1927	MUL_MAT	MMQ	-	blk.28.ffn_gate.weight	ffn_gate-28	q4_K	f32	f32	2560	9216	1	1	2560	17	1	1	1440	13271040	13271040	10240	174080	174080	1	1	0	1	1
68	1788291913931418249	eager	1927	MUL_MAT	MMQ	-	blk.28.ffn_up.weight	ffn_up-28	q4_K	f32	f32	2560	9216	1	1	2560	17	1	1	1440	13271040	13271040	10240	174080	174080	1	1	0	1	1
68	1788291913931418249	eager	1927	MUL_MAT	MMQ	-	blk.28.ssm_alpha.weight	node_1714	q8_0	f32	f32	2560	32	1	1	2560	17	1	1	2720	87040	87040	10240	174080	174080	1	1	0	1	1
68	1788291913931418249	eager	1927	MUL_MAT	MMQ	-	blk.28.ssm_beta.weight	node_1720	q8_0	f32	f32	2560	32	1	1	2560	17	1	1	2720	87040	87040	10240	174080	174080	1	1	0	1	1
68	1788291913931418249	eager	1927	MUL_MAT	MMQ	-	blk.28.ssm_out.weight	linear_attn_out-28	q5_K	f32	f32	4096	2560	1	1	4096	17	1	1	2816	7208960	7208960	16384	278528	278528	1	1	0	1	1
68	1788291913931418249	eager	1927	MUL_MAT	MMQ	-	blk.29.attn_gate.weight	z-29	q4_K	f32	f32	2560	4096	1	1	2560	17	1	1	1440	5898240	5898240	10240	174080	174080	1	1	0	1	1
68	1788291913931418249	eager	1927	MUL_MAT	MMQ	-	blk.29.attn_qkv.weight	node_1756	q5_K	f32	f32	2560	8192	1	1	2560	17	1	1	1760	14417920	14417920	10240	174080	174080	1	1	0	1	1
68	1788291913931418249	eager	1927	MUL_MAT	MMQ	-	blk.29.ffn_down.weight	ffn_out-29	q6_K	f32	f32	9216	2560	1	1	9216	17	1	1	7560	19353600	19353600	36864	626688	626688	1	1	0	1	1
68	1788291913931418249	eager	1927	MUL_MAT	MMQ	-	blk.29.ffn_gate.weight	ffn_gate-29	q4_K	f32	f32	2560	9216	1	1	2560	17	1	1	1440	13271040	13271040	10240	174080	174080	1	1	0	1	1
68	1788291913931418249	eager	1927	MUL_MAT	MMQ	-	blk.29.ffn_up.weight	ffn_up-29	q4_K	f32	f32	2560	9216	1	1	2560	17	1	1	1440	13271040	13271040	10240	174080	174080	1	1	0	1	1
68	1788291913931418249	eager	1927	MUL_MAT	MMQ	-	blk.29.ssm_alpha.weight	node_1777	q8_0	f32	f32	2560	32	1	1	2560	17	1	1	2720	87040	87040	10240	174080	174080	1	1	0	1	1
68	1788291913931418249	eager	1927	MUL_MAT	MMQ	-	blk.29.ssm_beta.weight	node_1783	q8_0	f32	f32	2560	32	1	1	2560	17	1	1	2720	87040	87040	10240	174080	174080	1	1	0	1	1
68	1788291913931418249	eager	1927	MUL_MAT	MMQ	-	blk.29.ssm_out.weight	linear_attn_out-29	q5_K	f32	f32	4096	2560	1	1	4096	17	1	1	2816	7208960	7208960	16384	278528	278528	1	1	0	1	1
68	1788291913931418249	eager	1927	MUL_MAT	MMQ	-	blk.3.attn_k.weight	Kcur-3	q4_K	f32	f32	2560	1024	1	1	2560	17	1	1	1440	1474560	1474560	10240	174080	174080	1	1	0	1	1
68	1788291913931418249	eager	1927	MUL_MAT	MMQ	-	blk.3.attn_output.weight	attn_output-3	q4_K	f32	f32	4096	2560	1	1	4096	17	1	1	2304	5898240	5898240	16384	278528	278528	1	1	0	1	1
68	1788291913931418249	eager	1927	MUL_MAT	MMQ	-	blk.3.attn_q.weight	Qcur_full-3	q4_K	f32	f32	2560	8192	1	1	2560	17	1	1	1440	11796480	11796480	10240	174080	174080	1	1	0	1	1
68	1788291913931418249	eager	1927	MUL_MAT	MMQ	-	blk.3.attn_v.weight	Vcur-3	q6_K	f32	f32	2560	1024	1	1	2560	17	1	1	2100	2150400	2150400	10240	174080	174080	1	1	0	1	1
68	1788291913931418249	eager	1927	MUL_MAT	MMQ	-	blk.3.ffn_down.weight	ffn_out-3	q6_K	f32	f32	9216	2560	1	1	9216	17	1	1	7560	19353600	19353600	36864	626688	626688	1	1	0	1	1
68	1788291913931418249	eager	1927	MUL_MAT	MMQ	-	blk.3.ffn_gate.weight	ffn_gate-3	q4_K	f32	f32	2560	9216	1	1	2560	17	1	1	1440	13271040	13271040	10240	174080	174080	1	1	0	1	1
68	1788291913931418249	eager	1927	MUL_MAT	MMQ	-	blk.3.ffn_up.weight	ffn_up-3	q4_K	f32	f32	2560	9216	1	1	2560	17	1	1	1440	13271040	13271040	10240	174080	174080	1	1	0	1	1
68	1788291913931418249	eager	1927	MUL_MAT	MMQ	-	blk.30.attn_gate.weight	z-30	q4_K	f32	f32	2560	4096	1	1	2560	17	1	1	1440	5898240	5898240	10240	174080	174080	1	1	0	1	1
68	1788291913931418249	eager	1927	MUL_MAT	MMQ	-	blk.30.attn_qkv.weight	node_1819	q5_K	f32	f32	2560	8192	1	1	2560	17	1	1	1760	14417920	14417920	10240	174080	174080	1	1	0	1	1
68	1788291913931418249	eager	1927	MUL_MAT	MMQ	-	blk.30.ffn_down.weight	ffn_out-30	q6_K	f32	f32	9216	2560	1	1	9216	17	1	1	7560	19353600	19353600	36864	626688	626688	1	1	0	1	1
68	1788291913931418249	eager	1927	MUL_MAT	MMQ	-	blk.30.ffn_gate.weight	ffn_gate-30	q4_K	f32	f32	2560	9216	1	1	2560	17	1	1	1440	13271040	13271040	10240	174080	174080	1	1	0	1	1
68	1788291913931418249	eager	1927	MUL_MAT	MMQ	-	blk.30.ffn_up.weight	ffn_up-30	q4_K	f32	f32	2560	9216	1	1	2560	17	1	1	1440	13271040	13271040	10240	174080	174080	1	1	0	1	1
68	1788291913931418249	eager	1927	MUL_MAT	MMQ	-	blk.30.ssm_alpha.weight	node_1840	q8_0	f32	f32	2560	32	1	1	2560	17	1	1	2720	87040	87040	10240	174080	174080	1	1	0	1	1
68	1788291913931418249	eager	1927	MUL_MAT	MMQ	-	blk.30.ssm_beta.weight	node_1846	q8_0	f32	f32	2560	32	1	1	2560	17	1	1	2720	87040	87040	10240	174080	174080	1	1	0	1	1
68	1788291913931418249	eager	1927	MUL_MAT	MMQ	-	blk.30.ssm_out.weight	linear_attn_out-30	q5_K	f32	f32	4096	2560	1	1	4096	17	1	1	2816	7208960	7208960	16384	278528	278528	1	1	0	1	1
68	1788291913931418249	eager	1927	MUL_MAT	MMQ	-	blk.31.attn_k.weight	Kcur-31	q4_K	f32	f32	2560	1024	1	1	2560	17	1	1	1440	1474560	1474560	10240	174080	174080	1	1	0	1	1
68	1788291913931418249	eager	1927	MUL_MAT	MMQ	-	blk.31.attn_output.weight	attn_output-31	q4_K	f32	f32	4096	2560	1	1	4096	17	1	1	2304	5898240	5898240	16384	278528	278528	1	1	0	1	1
68	1788291913931418249	eager	1927	MUL_MAT	MMQ	-	blk.31.attn_q.weight	Qcur_full-31	q4_K	f32	f32	2560	8192	1	1	2560	17	1	1	1440	11796480	11796480	10240	174080	174080	1	1	0	1	1
68	1788291913931418249	eager	1927	MUL_MAT	MMQ	-	blk.31.attn_v.weight	Vcur-31	q4_K	f32	f32	2560	1024	1	1	2560	17	1	1	1440	1474560	1474560	10240	174080	174080	1	1	0	1	1
68	1788291913931418249	eager	1927	MUL_MAT	MMQ	-	blk.31.ffn_down.weight	ffn_out-31	q6_K	f32	f32	9216	2560	1	1	9216	17	1	1	7560	19353600	19353600	36864	626688	626688	1	1	0	1	1
68	1788291913931418249	eager	1927	MUL_MAT	MMQ	-	blk.31.ffn_gate.weight	ffn_gate-31	q4_K	f32	f32	2560	9216	1	1	2560	17	1	1	1440	13271040	13271040	10240	174080	174080	1	1	0	1	1
68	1788291913931418249	eager	1927	MUL_MAT	MMQ	-	blk.31.ffn_up.weight	ffn_up-31	q4_K	f32	f32	2560	9216	1	1	2560	17	1	1	1440	13271040	13271040	10240	174080	174080	1	1	0	1	1
68	1788291913931418249	eager	1927	MUL_MAT	MMQ	-	blk.4.attn_gate.weight	z-4	q4_K	f32	f32	2560	4096	1	1	2560	17	1	1	1440	5898240	5898240	10240	174080	174080	1	1	0	1	1
68	1788291913931418249	eager	1927	MUL_MAT	MMQ	-	blk.4.attn_qkv.weight	node_253	q5_K	f32	f32	2560	8192	1	1	2560	17	1	1	1760	14417920	14417920	10240	174080	174080	1	1	0	1	1
68	1788291913931418249	eager	1927	MUL_MAT	MMQ	-	blk.4.ffn_down.weight	ffn_out-4	q4_K	f32	f32	9216	2560	1	1	9216	17	1	1	5184	13271040	13271040	36864	626688	626688	1	1	0	1	1
68	1788291913931418249	eager	1927	MUL_MAT	MMQ	-	blk.4.ffn_gate.weight	ffn_gate-4	q4_K	f32	f32	2560	9216	1	1	2560	17	1	1	1440	13271040	13271040	10240	174080	174080	1	1	0	1	1
68	1788291913931418249	eager	1927	MUL_MAT	MMQ	-	blk.4.ffn_up.weight	ffn_up-4	q4_K	f32	f32	2560	9216	1	1	2560	17	1	1	1440	13271040	13271040	10240	174080	174080	1	1	0	1	1
68	1788291913931418249	eager	1927	MUL_MAT	MMQ	-	blk.4.ssm_alpha.weight	node_274	q8_0	f32	f32	2560	32	1	1	2560	17	1	1	2720	87040	87040	10240	174080	174080	1	1	0	1	1
68	1788291913931418249	eager	1927	MUL_MAT	MMQ	-	blk.4.ssm_beta.weight	node_280	q8_0	f32	f32	2560	32	1	1	2560	17	1	1	2720	87040	87040	10240	174080	174080	1	1	0	1	1
68	1788291913931418249	eager	1927	MUL_MAT	MMQ	-	blk.4.ssm_out.weight	linear_attn_out-4	q5_K	f32	f32	4096	2560	1	1	4096	17	1	1	2816	7208960	7208960	16384	278528	278528	1	1	0	1	1
68	1788291913931418249	eager	1927	MUL_MAT	MMQ	-	blk.5.attn_gate.weight	z-5	q4_K	f32	f32	2560	4096	1	1	2560	17	1	1	1440	5898240	5898240	10240	174080	174080	1	1	0	1	1
68	1788291913931418249	eager	1927	MUL_MAT	MMQ	-	blk.5.attn_qkv.weight	node_316	q5_K	f32	f32	2560	8192	1	1	2560	17	1	1	1760	14417920	14417920	10240	174080	174080	1	1	0	1	1
68	1788291913931418249	eager	1927	MUL_MAT	MMQ	-	blk.5.ffn_down.weight	ffn_out-5	q4_K	f32	f32	9216	2560	1	1	9216	17	1	1	5184	13271040	13271040	36864	626688	626688	1	1	0	1	1
68	1788291913931418249	eager	1927	MUL_MAT	MMQ	-	blk.5.ffn_gate.weight	ffn_gate-5	q4_K	f32	f32	2560	9216	1	1	2560	17	1	1	1440	13271040	13271040	10240	174080	174080	1	1	0	1	1
68	1788291913931418249	eager	1927	MUL_MAT	MMQ	-	blk.5.ffn_up.weight	ffn_up-5	q4_K	f32	f32	2560	9216	1	1	2560	17	1	1	1440	13271040	13271040	10240	174080	174080	1	1	0	1	1
68	1788291913931418249	eager	1927	MUL_MAT	MMQ	-	blk.5.ssm_alpha.weight	node_337	q8_0	f32	f32	2560	32	1	1	2560	17	1	1	2720	87040	87040	10240	174080	174080	1	1	0	1	1
68	1788291913931418249	eager	1927	MUL_MAT	MMQ	-	blk.5.ssm_beta.weight	node_343	q8_0	f32	f32	2560	32	1	1	2560	17	1	1	2720	87040	87040	10240	174080	174080	1	1	0	1	1
68	1788291913931418249	eager	1927	MUL_MAT	MMQ	-	blk.5.ssm_out.weight	linear_attn_out-5	q5_K	f32	f32	4096	2560	1	1	4096	17	1	1	2816	7208960	7208960	16384	278528	278528	1	1	0	1	1
68	1788291913931418249	eager	1927	MUL_MAT	MMQ	-	blk.6.attn_gate.weight	z-6	q4_K	f32	f32	2560	4096	1	1	2560	17	1	1	1440	5898240	5898240	10240	174080	174080	1	1	0	1	1
68	1788291913931418249	eager	1927	MUL_MAT	MMQ	-	blk.6.attn_qkv.weight	node_379	q5_K	f32	f32	2560	8192	1	1	2560	17	1	1	1760	14417920	14417920	10240	174080	174080	1	1	0	1	1
68	1788291913931418249	eager	1927	MUL_MAT	MMQ	-	blk.6.ffn_down.weight	ffn_out-6	q6_K	f32	f32	9216	2560	1	1	9216	17	1	1	7560	19353600	19353600	36864	626688	626688	1	1	0	1	1
68	1788291913931418249	eager	1927	MUL_MAT	MMQ	-	blk.6.ffn_gate.weight	ffn_gate-6	q4_K	f32	f32	2560	9216	1	1	2560	17	1	1	1440	13271040	13271040	10240	174080	174080	1	1	0	1	1
68	1788291913931418249	eager	1927	MUL_MAT	MMQ	-	blk.6.ffn_up.weight	ffn_up-6	q4_K	f32	f32	2560	9216	1	1	2560	17	1	1	1440	13271040	13271040	10240	174080	174080	1	1	0	1	1
68	1788291913931418249	eager	1927	MUL_MAT	MMQ	-	blk.6.ssm_alpha.weight	node_400	q8_0	f32	f32	2560	32	1	1	2560	17	1	1	2720	87040	87040	10240	174080	174080	1	1	0	1	1
68	1788291913931418249	eager	1927	MUL_MAT	MMQ	-	blk.6.ssm_beta.weight	node_406	q8_0	f32	f32	2560	32	1	1	2560	17	1	1	2720	87040	87040	10240	174080	174080	1	1	0	1	1
68	1788291913931418249	eager	1927	MUL_MAT	MMQ	-	blk.6.ssm_out.weight	linear_attn_out-6	q5_K	f32	f32	4096	2560	1	1	4096	17	1	1	2816	7208960	7208960	16384	278528	278528	1	1	0	1	1
68	1788291913931418249	eager	1927	MUL_MAT	MMQ	-	blk.7.attn_k.weight	Kcur-7	q4_K	f32	f32	2560	1024	1	1	2560	17	1	1	1440	1474560	1474560	10240	174080	174080	1	1	0	1	1
68	1788291913931418249	eager	1927	MUL_MAT	MMQ	-	blk.7.attn_output.weight	attn_output-7	q4_K	f32	f32	4096	2560	1	1	4096	17	1	1	2304	5898240	5898240	16384	278528	278528	1	1	0	1	1
68	1788291913931418249	eager	1927	MUL_MAT	MMQ	-	blk.7.attn_q.weight	Qcur_full-7	q4_K	f32	f32	2560	8192	1	1	2560	17	1	1	1440	11796480	11796480	10240	174080	174080	1	1	0	1	1
68	1788291913931418249	eager	1927	MUL_MAT	MMQ	-	blk.7.attn_v.weight	Vcur-7	q6_K	f32	f32	2560	1024	1	1	2560	17	1	1	2100	2150400	2150400	10240	174080	174080	1	1	0	1	1
68	1788291913931418249	eager	1927	MUL_MAT	MMQ	-	blk.7.ffn_down.weight	ffn_out-7	q4_K	f32	f32	9216	2560	1	1	9216	17	1	1	5184	13271040	13271040	36864	626688	626688	1	1	0	1	1
68	1788291913931418249	eager	1927	MUL_MAT	MMQ	-	blk.7.ffn_gate.weight	ffn_gate-7	q4_K	f32	f32	2560	9216	1	1	2560	17	1	1	1440	13271040	13271040	10240	174080	174080	1	1	0	1	1
68	1788291913931418249	eager	1927	MUL_MAT	MMQ	-	blk.7.ffn_up.weight	ffn_up-7	q4_K	f32	f32	2560	9216	1	1	2560	17	1	1	1440	13271040	13271040	10240	174080	174080	1	1	0	1	1
68	1788291913931418249	eager	1927	MUL_MAT	MMQ	-	blk.8.attn_gate.weight	z-8	q4_K	f32	f32	2560	4096	1	1	2560	17	1	1	1440	5898240	5898240	10240	174080	174080	1	1	0	1	1
68	1788291913931418249	eager	1927	MUL_MAT	MMQ	-	blk.8.attn_qkv.weight	node_493	q5_K	f32	f32	2560	8192	1	1	2560	17	1	1	1760	14417920	14417920	10240	174080	174080	1	1	0	1	1
68	1788291913931418249	eager	1927	MUL_MAT	MMQ	-	blk.8.ffn_down.weight	ffn_out-8	q4_K	f32	f32	9216	2560	1	1	9216	17	1	1	5184	13271040	13271040	36864	626688	626688	1	1	0	1	1
68	1788291913931418249	eager	1927	MUL_MAT	MMQ	-	blk.8.ffn_gate.weight	ffn_gate-8	q4_K	f32	f32	2560	9216	1	1	2560	17	1	1	1440	13271040	13271040	10240	174080	174080	1	1	0	1	1
68	1788291913931418249	eager	1927	MUL_MAT	MMQ	-	blk.8.ffn_up.weight	ffn_up-8	q4_K	f32	f32	2560	9216	1	1	2560	17	1	1	1440	13271040	13271040	10240	174080	174080	1	1	0	1	1
68	1788291913931418249	eager	1927	MUL_MAT	MMQ	-	blk.8.ssm_alpha.weight	node_514	q8_0	f32	f32	2560	32	1	1	2560	17	1	1	2720	87040	87040	10240	174080	174080	1	1	0	1	1
68	1788291913931418249	eager	1927	MUL_MAT	MMQ	-	blk.8.ssm_beta.weight	node_520	q8_0	f32	f32	2560	32	1	1	2560	17	1	1	2720	87040	87040	10240	174080	174080	1	1	0	1	1
68	1788291913931418249	eager	1927	MUL_MAT	MMQ	-	blk.8.ssm_out.weight	linear_attn_out-8	q5_K	f32	f32	4096	2560	1	1	4096	17	1	1	2816	7208960	7208960	16384	278528	278528	1	1	0	1	1
68	1788291913931418249	eager	1927	MUL_MAT	MMQ	-	blk.9.attn_gate.weight	z-9	q4_K	f32	f32	2560	4096	1	1	2560	17	1	1	1440	5898240	5898240	10240	174080	174080	1	1	0	1	1
68	1788291913931418249	eager	1927	MUL_MAT	MMQ	-	blk.9.attn_qkv.weight	node_556	q5_K	f32	f32	2560	8192	1	1	2560	17	1	1	1760	14417920	14417920	10240	174080	174080	1	1	0	1	1
68	1788291913931418249	eager	1927	MUL_MAT	MMQ	-	blk.9.ffn_down.weight	ffn_out-9	q6_K	f32	f32	9216	2560	1	1	9216	17	1	1	7560	19353600	19353600	36864	626688	626688	1	1	0	1	1
68	1788291913931418249	eager	1927	MUL_MAT	MMQ	-	blk.9.ffn_gate.weight	ffn_gate-9	q4_K	f32	f32	2560	9216	1	1	2560	17	1	1	1440	13271040	13271040	10240	174080	174080	1	1	0	1	1
68	1788291913931418249	eager	1927	MUL_MAT	MMQ	-	blk.9.ffn_up.weight	ffn_up-9	q4_K	f32	f32	2560	9216	1	1	2560	17	1	1	1440	13271040	13271040	10240	174080	174080	1	1	0	1	1
68	1788291913931418249	eager	1927	MUL_MAT	MMQ	-	blk.9.ssm_alpha.weight	node_577	q8_0	f32	f32	2560	32	1	1	2560	17	1	1	2720	87040	87040	10240	174080	174080	1	1	0	1	1
68	1788291913931418249	eager	1927	MUL_MAT	MMQ	-	blk.9.ssm_beta.weight	node_583	q8_0	f32	f32	2560	32	1	1	2560	17	1	1	2720	87040	87040	10240	174080	174080	1	1	0	1	1
68	1788291913931418249	eager	1927	MUL_MAT	MMQ	-	blk.9.ssm_out.weight	linear_attn_out-9	q5_K	f32	f32	4096	2560	1	1	4096	17	1	1	2816	7208960	7208960	16384	278528	278528	1	1	0	1	1
69	1788291913936545203	capture	736	MUL_MAT	cuBLAS	cublasGemmEx/F16	 (reshaped)	node_10	f16	f16	f32	768	352	1	1	768	1024	1	1	1536	540672	540672	1536	1572864	1572864	1	1	0	1	1
69	1788291913936545203	capture	736	MUL_MAT	cuBLAS	cublasGemmEx/F16	 (reshaped)	node_3	f16	f16	f32	768	352	1	1	768	1024	1	1	1536	540672	540672	1536	1572864	1572864	1	1	0	1	1
69	1788291913936545203	capture	736	MUL_MAT	cuBLAS	cublasGemmEx/F16	mm.0.weight	ffn_up	f16	f32	f32	4096	4096	1	1	4096	88	1	1	8192	33554432	33554432	16384	1441792	1441792	1	1	0	1	1
69	1788291913936545203	capture	736	MUL_MAT	cuBLAS	cublasGemmEx/F16	mm.2.weight	ffn_down	f16	f32	f32	4096	2560	1	1	4096	88	1	1	8192	20971520	20971520	16384	1441792	1441792	1	1	0	1	1
69	1788291913936545203	capture	736	MUL_MAT	cuBLAS	cublasGemmEx/F16	v.blk.0.attn_out.weight	node_48	f16	f32	f32	1024	1024	1	1	1024	352	1	1	2048	2097152	2097152	4096	1441792	1441792	1	1	0	1	1
69	1788291913936545203	capture	736	MUL_MAT	cuBLAS	cublasGemmEx/F16	v.blk.0.attn_qkv.weight	node_34	f16	f32	f32	1024	3072	1	1	1024	352	1	1	2048	6291456	6291456	4096	1441792	1441792	1	1	0	1	1
69	1788291913936545203	capture	736	MUL_MAT	cuBLAS	cublasGemmEx/F16	v.blk.0.ffn_down.weight	ffn_down-0	f16	f32	f32	4096	1024	1	1	4096	352	1	1	8192	8388608	8388608	16384	5767168	5767168	1	1	0	1	1
69	1788291913936545203	capture	736	MUL_MAT	cuBLAS	cublasGemmEx/F16	v.blk.0.ffn_up.weight	ffn_up-0	f16	f32	f32	1024	4096	1	1	1024	352	1	1	2048	8388608	8388608	4096	1441792	1441792	1	1	0	1	1
69	1788291913936545203	capture	736	MUL_MAT	cuBLAS	cublasGemmEx/F16	v.blk.1.attn_out.weight	node_77	f16	f32	f32	1024	1024	1	1	1024	352	1	1	2048	2097152	2097152	4096	1441792	1441792	1	1	0	1	1
69	1788291913936545203	capture	736	MUL_MAT	cuBLAS	cublasGemmEx/F16	v.blk.1.attn_qkv.weight	node_63	f16	f32	f32	1024	3072	1	1	1024	352	1	1	2048	6291456	6291456	4096	1441792	1441792	1	1	0	1	1
69	1788291913936545203	capture	736	MUL_MAT	cuBLAS	cublasGemmEx/F16	v.blk.1.ffn_down.weight	ffn_down-1	f16	f32	f32	4096	1024	1	1	4096	352	1	1	8192	8388608	8388608	16384	5767168	5767168	1	1	0	1	1
69	1788291913936545203	capture	736	MUL_MAT	cuBLAS	cublasGemmEx/F16	v.blk.1.ffn_up.weight	ffn_up-1	f16	f32	f32	1024	4096	1	1	1024	352	1	1	2048	8388608	8388608	4096	1441792	1441792	1	1	0	1	1
69	1788291913936545203	capture	736	MUL_MAT	cuBLAS	cublasGemmEx/F16	v.blk.10.attn_out.weight	node_338	f16	f32	f32	1024	1024	1	1	1024	352	1	1	2048	2097152	2097152	4096	1441792	1441792	1	1	0	1	1
69	1788291913936545203	capture	736	MUL_MAT	cuBLAS	cublasGemmEx/F16	v.blk.10.attn_qkv.weight	node_324	f16	f32	f32	1024	3072	1	1	1024	352	1	1	2048	6291456	6291456	4096	1441792	1441792	1	1	0	1	1
69	1788291913936545203	capture	736	MUL_MAT	cuBLAS	cublasGemmEx/F16	v.blk.10.ffn_down.weight	ffn_down-10	f16	f32	f32	4096	1024	1	1	4096	352	1	1	8192	8388608	8388608	16384	5767168	5767168	1	1	0	1	1
69	1788291913936545203	capture	736	MUL_MAT	cuBLAS	cublasGemmEx/F16	v.blk.10.ffn_up.weight	ffn_up-10	f16	f32	f32	1024	4096	1	1	1024	352	1	1	2048	8388608	8388608	4096	1441792	1441792	1	1	0	1	1
69	1788291913936545203	capture	736	MUL_MAT	cuBLAS	cublasGemmEx/F16	v.blk.11.attn_out.weight	node_367	f16	f32	f32	1024	1024	1	1	1024	352	1	1	2048	2097152	2097152	4096	1441792	1441792	1	1	0	1	1
69	1788291913936545203	capture	736	MUL_MAT	cuBLAS	cublasGemmEx/F16	v.blk.11.attn_qkv.weight	node_353	f16	f32	f32	1024	3072	1	1	1024	352	1	1	2048	6291456	6291456	4096	1441792	1441792	1	1	0	1	1
69	1788291913936545203	capture	736	MUL_MAT	cuBLAS	cublasGemmEx/F16	v.blk.11.ffn_down.weight	ffn_down-11	f16	f32	f32	4096	1024	1	1	4096	352	1	1	8192	8388608	8388608	16384	5767168	5767168	1	1	0	1	1
69	1788291913936545203	capture	736	MUL_MAT	cuBLAS	cublasGemmEx/F16	v.blk.11.ffn_up.weight	ffn_up-11	f16	f32	f32	1024	4096	1	1	1024	352	1	1	2048	8388608	8388608	4096	1441792	1441792	1	1	0	1	1
69	1788291913936545203	capture	736	MUL_MAT	cuBLAS	cublasGemmEx/F16	v.blk.12.attn_out.weight	node_396	f16	f32	f32	1024	1024	1	1	1024	352	1	1	2048	2097152	2097152	4096	1441792	1441792	1	1	0	1	1
69	1788291913936545203	capture	736	MUL_MAT	cuBLAS	cublasGemmEx/F16	v.blk.12.attn_qkv.weight	node_382	f16	f32	f32	1024	3072	1	1	1024	352	1	1	2048	6291456	6291456	4096	1441792	1441792	1	1	0	1	1
69	1788291913936545203	capture	736	MUL_MAT	cuBLAS	cublasGemmEx/F16	v.blk.12.ffn_down.weight	ffn_down-12	f16	f32	f32	4096	1024	1	1	4096	352	1	1	8192	8388608	8388608	16384	5767168	5767168	1	1	0	1	1
69	1788291913936545203	capture	736	MUL_MAT	cuBLAS	cublasGemmEx/F16	v.blk.12.ffn_up.weight	ffn_up-12	f16	f32	f32	1024	4096	1	1	1024	352	1	1	2048	8388608	8388608	4096	1441792	1441792	1	1	0	1	1
69	1788291913936545203	capture	736	MUL_MAT	cuBLAS	cublasGemmEx/F16	v.blk.13.attn_out.weight	node_425	f16	f32	f32	1024	1024	1	1	1024	352	1	1	2048	2097152	2097152	4096	1441792	1441792	1	1	0	1	1
69	1788291913936545203	capture	736	MUL_MAT	cuBLAS	cublasGemmEx/F16	v.blk.13.attn_qkv.weight	node_411	f16	f32	f32	1024	3072	1	1	1024	352	1	1	2048	6291456	6291456	4096	1441792	1441792	1	1	0	1	1
69	1788291913936545203	capture	736	MUL_MAT	cuBLAS	cublasGemmEx/F16	v.blk.13.ffn_down.weight	ffn_down-13	f16	f32	f32	4096	1024	1	1	4096	352	1	1	8192	8388608	8388608	16384	5767168	5767168	1	1	0	1	1
69	1788291913936545203	capture	736	MUL_MAT	cuBLAS	cublasGemmEx/F16	v.blk.13.ffn_up.weight	ffn_up-13	f16	f32	f32	1024	4096	1	1	1024	352	1	1	2048	8388608	8388608	4096	1441792	1441792	1	1	0	1	1
69	1788291913936545203	capture	736	MUL_MAT	cuBLAS	cublasGemmEx/F16	v.blk.14.attn_out.weight	node_454	f16	f32	f32	1024	1024	1	1	1024	352	1	1	2048	2097152	2097152	4096	1441792	1441792	1	1	0	1	1
69	1788291913936545203	capture	736	MUL_MAT	cuBLAS	cublasGemmEx/F16	v.blk.14.attn_qkv.weight	node_440	f16	f32	f32	1024	3072	1	1	1024	352	1	1	2048	6291456	6291456	4096	1441792	1441792	1	1	0	1	1
69	1788291913936545203	capture	736	MUL_MAT	cuBLAS	cublasGemmEx/F16	v.blk.14.ffn_down.weight	ffn_down-14	f16	f32	f32	4096	1024	1	1	4096	352	1	1	8192	8388608	8388608	16384	5767168	5767168	1	1	0	1	1
69	1788291913936545203	capture	736	MUL_MAT	cuBLAS	cublasGemmEx/F16	v.blk.14.ffn_up.weight	ffn_up-14	f16	f32	f32	1024	4096	1	1	1024	352	1	1	2048	8388608	8388608	4096	1441792	1441792	1	1	0	1	1
69	1788291913936545203	capture	736	MUL_MAT	cuBLAS	cublasGemmEx/F16	v.blk.15.attn_out.weight	node_483	f16	f32	f32	1024	1024	1	1	1024	352	1	1	2048	2097152	2097152	4096	1441792	1441792	1	1	0	1	1
69	1788291913936545203	capture	736	MUL_MAT	cuBLAS	cublasGemmEx/F16	v.blk.15.attn_qkv.weight	node_469	f16	f32	f32	1024	3072	1	1	1024	352	1	1	2048	6291456	6291456	4096	1441792	1441792	1	1	0	1	1
69	1788291913936545203	capture	736	MUL_MAT	cuBLAS	cublasGemmEx/F16	v.blk.15.ffn_down.weight	ffn_down-15	f16	f32	f32	4096	1024	1	1	4096	352	1	1	8192	8388608	8388608	16384	5767168	5767168	1	1	0	1	1
69	1788291913936545203	capture	736	MUL_MAT	cuBLAS	cublasGemmEx/F16	v.blk.15.ffn_up.weight	ffn_up-15	f16	f32	f32	1024	4096	1	1	1024	352	1	1	2048	8388608	8388608	4096	1441792	1441792	1	1	0	1	1
69	1788291913936545203	capture	736	MUL_MAT	cuBLAS	cublasGemmEx/F16	v.blk.16.attn_out.weight	node_512	f16	f32	f32	1024	1024	1	1	1024	352	1	1	2048	2097152	2097152	4096	1441792	1441792	1	1	0	1	1
69	1788291913936545203	capture	736	MUL_MAT	cuBLAS	cublasGemmEx/F16	v.blk.16.attn_qkv.weight	node_498	f16	f32	f32	1024	3072	1	1	1024	352	1	1	2048	6291456	6291456	4096	1441792	1441792	1	1	0	1	1
69	1788291913936545203	capture	736	MUL_MAT	cuBLAS	cublasGemmEx/F16	v.blk.16.ffn_down.weight	ffn_down-16	f16	f32	f32	4096	1024	1	1	4096	352	1	1	8192	8388608	8388608	16384	5767168	5767168	1	1	0	1	1
69	1788291913936545203	capture	736	MUL_MAT	cuBLAS	cublasGemmEx/F16	v.blk.16.ffn_up.weight	ffn_up-16	f16	f32	f32	1024	4096	1	1	1024	352	1	1	2048	8388608	8388608	4096	1441792	1441792	1	1	0	1	1
69	1788291913936545203	capture	736	MUL_MAT	cuBLAS	cublasGemmEx/F16	v.blk.17.attn_out.weight	node_541	f16	f32	f32	1024	1024	1	1	1024	352	1	1	2048	2097152	2097152	4096	1441792	1441792	1	1	0	1	1
69	1788291913936545203	capture	736	MUL_MAT	cuBLAS	cublasGemmEx/F16	v.blk.17.attn_qkv.weight	node_527	f16	f32	f32	1024	3072	1	1	1024	352	1	1	2048	6291456	6291456	4096	1441792	1441792	1	1	0	1	1
69	1788291913936545203	capture	736	MUL_MAT	cuBLAS	cublasGemmEx/F16	v.blk.17.ffn_down.weight	ffn_down-17	f16	f32	f32	4096	1024	1	1	4096	352	1	1	8192	8388608	8388608	16384	5767168	5767168	1	1	0	1	1
69	1788291913936545203	capture	736	MUL_MAT	cuBLAS	cublasGemmEx/F16	v.blk.17.ffn_up.weight	ffn_up-17	f16	f32	f32	1024	4096	1	1	1024	352	1	1	2048	8388608	8388608	4096	1441792	1441792	1	1	0	1	1
69	1788291913936545203	capture	736	MUL_MAT	cuBLAS	cublasGemmEx/F16	v.blk.18.attn_out.weight	node_570	f16	f32	f32	1024	1024	1	1	1024	352	1	1	2048	2097152	2097152	4096	1441792	1441792	1	1	0	1	1
69	1788291913936545203	capture	736	MUL_MAT	cuBLAS	cublasGemmEx/F16	v.blk.18.attn_qkv.weight	node_556	f16	f32	f32	1024	3072	1	1	1024	352	1	1	2048	6291456	6291456	4096	1441792	1441792	1	1	0	1	1
69	1788291913936545203	capture	736	MUL_MAT	cuBLAS	cublasGemmEx/F16	v.blk.18.ffn_down.weight	ffn_down-18	f16	f32	f32	4096	1024	1	1	4096	352	1	1	8192	8388608	8388608	16384	5767168	5767168	1	1	0	1	1
69	1788291913936545203	capture	736	MUL_MAT	cuBLAS	cublasGemmEx/F16	v.blk.18.ffn_up.weight	ffn_up-18	f16	f32	f32	1024	4096	1	1	1024	352	1	1	2048	8388608	8388608	4096	1441792	1441792	1	1	0	1	1
69	1788291913936545203	capture	736	MUL_MAT	cuBLAS	cublasGemmEx/F16	v.blk.19.attn_out.weight	node_599	f16	f32	f32	1024	1024	1	1	1024	352	1	1	2048	2097152	2097152	4096	1441792	1441792	1	1	0	1	1
69	1788291913936545203	capture	736	MUL_MAT	cuBLAS	cublasGemmEx/F16	v.blk.19.attn_qkv.weight	node_585	f16	f32	f32	1024	3072	1	1	1024	352	1	1	2048	6291456	6291456	4096	1441792	1441792	1	1	0	1	1
69	1788291913936545203	capture	736	MUL_MAT	cuBLAS	cublasGemmEx/F16	v.blk.19.ffn_down.weight	ffn_down-19	f16	f32	f32	4096	1024	1	1	4096	352	1	1	8192	8388608	8388608	16384	5767168	5767168	1	1	0	1	1
69	1788291913936545203	capture	736	MUL_MAT	cuBLAS	cublasGemmEx/F16	v.blk.19.ffn_up.weight	ffn_up-19	f16	f32	f32	1024	4096	1	1	1024	352	1	1	2048	8388608	8388608	4096	1441792	1441792	1	1	0	1	1
69	1788291913936545203	capture	736	MUL_MAT	cuBLAS	cublasGemmEx/F16	v.blk.2.attn_out.weight	node_106	f16	f32	f32	1024	1024	1	1	1024	352	1	1	2048	2097152	2097152	4096	1441792	1441792	1	1	0	1	1
69	1788291913936545203	capture	736	MUL_MAT	cuBLAS	cublasGemmEx/F16	v.blk.2.attn_qkv.weight	node_92	f16	f32	f32	1024	3072	1	1	1024	352	1	1	2048	6291456	6291456	4096	1441792	1441792	1	1	0	1	1
69	1788291913936545203	capture	736	MUL_MAT	cuBLAS	cublasGemmEx/F16	v.blk.2.ffn_down.weight	ffn_down-2	f16	f32	f32	4096	1024	1	1	4096	352	1	1	8192	8388608	8388608	16384	5767168	5767168	1	1	0	1	1
69	1788291913936545203	capture	736	MUL_MAT	cuBLAS	cublasGemmEx/F16	v.blk.2.ffn_up.weight	ffn_up-2	f16	f32	f32	1024	4096	1	1	1024	352	1	1	2048	8388608	8388608	4096	1441792	1441792	1	1	0	1	1
69	1788291913936545203	capture	736	MUL_MAT	cuBLAS	cublasGemmEx/F16	v.blk.20.attn_out.weight	node_628	f16	f32	f32	1024	1024	1	1	1024	352	1	1	2048	2097152	2097152	4096	1441792	1441792	1	1	0	1	1
69	1788291913936545203	capture	736	MUL_MAT	cuBLAS	cublasGemmEx/F16	v.blk.20.attn_qkv.weight	node_614	f16	f32	f32	1024	3072	1	1	1024	352	1	1	2048	6291456	6291456	4096	1441792	1441792	1	1	0	1	1
69	1788291913936545203	capture	736	MUL_MAT	cuBLAS	cublasGemmEx/F16	v.blk.20.ffn_down.weight	ffn_down-20	f16	f32	f32	4096	1024	1	1	4096	352	1	1	8192	8388608	8388608	16384	5767168	5767168	1	1	0	1	1
69	1788291913936545203	capture	736	MUL_MAT	cuBLAS	cublasGemmEx/F16	v.blk.20.ffn_up.weight	ffn_up-20	f16	f32	f32	1024	4096	1	1	1024	352	1	1	2048	8388608	8388608	4096	1441792	1441792	1	1	0	1	1
69	1788291913936545203	capture	736	MUL_MAT	cuBLAS	cublasGemmEx/F16	v.blk.21.attn_out.weight	node_657	f16	f32	f32	1024	1024	1	1	1024	352	1	1	2048	2097152	2097152	4096	1441792	1441792	1	1	0	1	1
69	1788291913936545203	capture	736	MUL_MAT	cuBLAS	cublasGemmEx/F16	v.blk.21.attn_qkv.weight	node_643	f16	f32	f32	1024	3072	1	1	1024	352	1	1	2048	6291456	6291456	4096	1441792	1441792	1	1	0	1	1
69	1788291913936545203	capture	736	MUL_MAT	cuBLAS	cublasGemmEx/F16	v.blk.21.ffn_down.weight	ffn_down-21	f16	f32	f32	4096	1024	1	1	4096	352	1	1	8192	8388608	8388608	16384	5767168	5767168	1	1	0	1	1
69	1788291913936545203	capture	736	MUL_MAT	cuBLAS	cublasGemmEx/F16	v.blk.21.ffn_up.weight	ffn_up-21	f16	f32	f32	1024	4096	1	1	1024	352	1	1	2048	8388608	8388608	4096	1441792	1441792	1	1	0	1	1
69	1788291913936545203	capture	736	MUL_MAT	cuBLAS	cublasGemmEx/F16	v.blk.22.attn_out.weight	node_686	f16	f32	f32	1024	1024	1	1	1024	352	1	1	2048	2097152	2097152	4096	1441792	1441792	1	1	0	1	1
69	1788291913936545203	capture	736	MUL_MAT	cuBLAS	cublasGemmEx/F16	v.blk.22.attn_qkv.weight	node_672	f16	f32	f32	1024	3072	1	1	1024	352	1	1	2048	6291456	6291456	4096	1441792	1441792	1	1	0	1	1
69	1788291913936545203	capture	736	MUL_MAT	cuBLAS	cublasGemmEx/F16	v.blk.22.ffn_down.weight	ffn_down-22	f16	f32	f32	4096	1024	1	1	4096	352	1	1	8192	8388608	8388608	16384	5767168	5767168	1	1	0	1	1
69	1788291913936545203	capture	736	MUL_MAT	cuBLAS	cublasGemmEx/F16	v.blk.22.ffn_up.weight	ffn_up-22	f16	f32	f32	1024	4096	1	1	1024	352	1	1	2048	8388608	8388608	4096	1441792	1441792	1	1	0	1	1
69	1788291913936545203	capture	736	MUL_MAT	cuBLAS	cublasGemmEx/F16	v.blk.23.attn_out.weight	node_715	f16	f32	f32	1024	1024	1	1	1024	352	1	1	2048	2097152	2097152	4096	1441792	1441792	1	1	0	1	1
69	1788291913936545203	capture	736	MUL_MAT	cuBLAS	cublasGemmEx/F16	v.blk.23.attn_qkv.weight	node_701	f16	f32	f32	1024	3072	1	1	1024	352	1	1	2048	6291456	6291456	4096	1441792	1441792	1	1	0	1	1
69	1788291913936545203	capture	736	MUL_MAT	cuBLAS	cublasGemmEx/F16	v.blk.23.ffn_down.weight	ffn_down-23	f16	f32	f32	4096	1024	1	1	4096	352	1	1	8192	8388608	8388608	16384	5767168	5767168	1	1	0	1	1
69	1788291913936545203	capture	736	MUL_MAT	cuBLAS	cublasGemmEx/F16	v.blk.23.ffn_up.weight	ffn_up-23	f16	f32	f32	1024	4096	1	1	1024	352	1	1	2048	8388608	8388608	4096	1441792	1441792	1	1	0	1	1
69	1788291913936545203	capture	736	MUL_MAT	cuBLAS	cublasGemmEx/F16	v.blk.3.attn_out.weight	node_135	f16	f32	f32	1024	1024	1	1	1024	352	1	1	2048	2097152	2097152	4096	1441792	1441792	1	1	0	1	1
69	1788291913936545203	capture	736	MUL_MAT	cuBLAS	cublasGemmEx/F16	v.blk.3.attn_qkv.weight	node_121	f16	f32	f32	1024	3072	1	1	1024	352	1	1	2048	6291456	6291456	4096	1441792	1441792	1	1	0	1	1
69	1788291913936545203	capture	736	MUL_MAT	cuBLAS	cublasGemmEx/F16	v.blk.3.ffn_down.weight	ffn_down-3	f16	f32	f32	4096	1024	1	1	4096	352	1	1	8192	8388608	8388608	16384	5767168	5767168	1	1	0	1	1
69	1788291913936545203	capture	736	MUL_MAT	cuBLAS	cublasGemmEx/F16	v.blk.3.ffn_up.weight	ffn_up-3	f16	f32	f32	1024	4096	1	1	1024	352	1	1	2048	8388608	8388608	4096	1441792	1441792	1	1	0	1	1
69	1788291913936545203	capture	736	MUL_MAT	cuBLAS	cublasGemmEx/F16	v.blk.4.attn_out.weight	node_164	f16	f32	f32	1024	1024	1	1	1024	352	1	1	2048	2097152	2097152	4096	1441792	1441792	1	1	0	1	1
69	1788291913936545203	capture	736	MUL_MAT	cuBLAS	cublasGemmEx/F16	v.blk.4.attn_qkv.weight	node_150	f16	f32	f32	1024	3072	1	1	1024	352	1	1	2048	6291456	6291456	4096	1441792	1441792	1	1	0	1	1
69	1788291913936545203	capture	736	MUL_MAT	cuBLAS	cublasGemmEx/F16	v.blk.4.ffn_down.weight	ffn_down-4	f16	f32	f32	4096	1024	1	1	4096	352	1	1	8192	8388608	8388608	16384	5767168	5767168	1	1	0	1	1
69	1788291913936545203	capture	736	MUL_MAT	cuBLAS	cublasGemmEx/F16	v.blk.4.ffn_up.weight	ffn_up-4	f16	f32	f32	1024	4096	1	1	1024	352	1	1	2048	8388608	8388608	4096	1441792	1441792	1	1	0	1	1
69	1788291913936545203	capture	736	MUL_MAT	cuBLAS	cublasGemmEx/F16	v.blk.5.attn_out.weight	node_193	f16	f32	f32	1024	1024	1	1	1024	352	1	1	2048	2097152	2097152	4096	1441792	1441792	1	1	0	1	1
69	1788291913936545203	capture	736	MUL_MAT	cuBLAS	cublasGemmEx/F16	v.blk.5.attn_qkv.weight	node_179	f16	f32	f32	1024	3072	1	1	1024	352	1	1	2048	6291456	6291456	4096	1441792	1441792	1	1	0	1	1
69	1788291913936545203	capture	736	MUL_MAT	cuBLAS	cublasGemmEx/F16	v.blk.5.ffn_down.weight	ffn_down-5	f16	f32	f32	4096	1024	1	1	4096	352	1	1	8192	8388608	8388608	16384	5767168	5767168	1	1	0	1	1
69	1788291913936545203	capture	736	MUL_MAT	cuBLAS	cublasGemmEx/F16	v.blk.5.ffn_up.weight	ffn_up-5	f16	f32	f32	1024	4096	1	1	1024	352	1	1	2048	8388608	8388608	4096	1441792	1441792	1	1	0	1	1
69	1788291913936545203	capture	736	MUL_MAT	cuBLAS	cublasGemmEx/F16	v.blk.6.attn_out.weight	node_222	f16	f32	f32	1024	1024	1	1	1024	352	1	1	2048	2097152	2097152	4096	1441792	1441792	1	1	0	1	1
69	1788291913936545203	capture	736	MUL_MAT	cuBLAS	cublasGemmEx/F16	v.blk.6.attn_qkv.weight	node_208	f16	f32	f32	1024	3072	1	1	1024	352	1	1	2048	6291456	6291456	4096	1441792	1441792	1	1	0	1	1
69	1788291913936545203	capture	736	MUL_MAT	cuBLAS	cublasGemmEx/F16	v.blk.6.ffn_down.weight	ffn_down-6	f16	f32	f32	4096	1024	1	1	4096	352	1	1	8192	8388608	8388608	16384	5767168	5767168	1	1	0	1	1
69	1788291913936545203	capture	736	MUL_MAT	cuBLAS	cublasGemmEx/F16	v.blk.6.ffn_up.weight	ffn_up-6	f16	f32	f32	1024	4096	1	1	1024	352	1	1	2048	8388608	8388608	4096	1441792	1441792	1	1	0	1	1
69	1788291913936545203	capture	736	MUL_MAT	cuBLAS	cublasGemmEx/F16	v.blk.7.attn_out.weight	node_251	f16	f32	f32	1024	1024	1	1	1024	352	1	1	2048	2097152	2097152	4096	1441792	1441792	1	1	0	1	1
69	1788291913936545203	capture	736	MUL_MAT	cuBLAS	cublasGemmEx/F16	v.blk.7.attn_qkv.weight	node_237	f16	f32	f32	1024	3072	1	1	1024	352	1	1	2048	6291456	6291456	4096	1441792	1441792	1	1	0	1	1
69	1788291913936545203	capture	736	MUL_MAT	cuBLAS	cublasGemmEx/F16	v.blk.7.ffn_down.weight	ffn_down-7	f16	f32	f32	4096	1024	1	1	4096	352	1	1	8192	8388608	8388608	16384	5767168	5767168	1	1	0	1	1
69	1788291913936545203	capture	736	MUL_MAT	cuBLAS	cublasGemmEx/F16	v.blk.7.ffn_up.weight	ffn_up-7	f16	f32	f32	1024	4096	1	1	1024	352	1	1	2048	8388608	8388608	4096	1441792	1441792	1	1	0	1	1
69	1788291913936545203	capture	736	MUL_MAT	cuBLAS	cublasGemmEx/F16	v.blk.8.attn_out.weight	node_280	f16	f32	f32	1024	1024	1	1	1024	352	1	1	2048	2097152	2097152	4096	1441792	1441792	1	1	0	1	1
69	1788291913936545203	capture	736	MUL_MAT	cuBLAS	cublasGemmEx/F16	v.blk.8.attn_qkv.weight	node_266	f16	f32	f32	1024	3072	1	1	1024	352	1	1	2048	6291456	6291456	4096	1441792	1441792	1	1	0	1	1
69	1788291913936545203	capture	736	MUL_MAT	cuBLAS	cublasGemmEx/F16	v.blk.8.ffn_down.weight	ffn_down-8	f16	f32	f32	4096	1024	1	1	4096	352	1	1	8192	8388608	8388608	16384	5767168	5767168	1	1	0	1	1
69	1788291913936545203	capture	736	MUL_MAT	cuBLAS	cublasGemmEx/F16	v.blk.8.ffn_up.weight	ffn_up-8	f16	f32	f32	1024	4096	1	1	1024	352	1	1	2048	8388608	8388608	4096	1441792	1441792	1	1	0	1	1
69	1788291913936545203	capture	736	MUL_MAT	cuBLAS	cublasGemmEx/F16	v.blk.9.attn_out.weight	node_309	f16	f32	f32	1024	1024	1	1	1024	352	1	1	2048	2097152	2097152	4096	1441792	1441792	1	1	0	1	1
69	1788291913936545203	capture	736	MUL_MAT	cuBLAS	cublasGemmEx/F16	v.blk.9.attn_qkv.weight	node_295	f16	f32	f32	1024	3072	1	1	1024	352	1	1	2048	6291456	6291456	4096	1441792	1441792	1	1	0	1	1
69	1788291913936545203	capture	736	MUL_MAT	cuBLAS	cublasGemmEx/F16	v.blk.9.ffn_down.weight	ffn_down-9	f16	f32	f32	4096	1024	1	1	4096	352	1	1	8192	8388608	8388608	16384	5767168	5767168	1	1	0	1	1
69	1788291913936545203	capture	736	MUL_MAT	cuBLAS	cublasGemmEx/F16	v.blk.9.ffn_up.weight	ffn_up-9	f16	f32	f32	1024	4096	1	1	1024	352	1	1	2048	8388608	8388608	4096	1441792	1441792	1	1	0	1	1
70	1788291913951593210	eager	1927	MUL_MAT	MMQ	-	blk.0.attn_gate.weight	z-0	q4_K	f32	f32	2560	4096	1	1	2560	88	1	1	1440	5898240	5898240	10240	901120	901120	1	1	0	1	1
70	1788291913951593210	eager	1927	MUL_MAT	MMQ	-	blk.0.attn_qkv.weight	node_13	q5_K	f32	f32	2560	8192	1	1	2560	88	1	1	1760	14417920	14417920	10240	901120	901120	1	1	0	1	1
70	1788291913951593210	eager	1927	MUL_MAT	MMQ	-	blk.0.ffn_down.weight	ffn_out-0	q6_K	f32	f32	9216	2560	1	1	9216	88	1	1	7560	19353600	19353600	36864	3244032	3244032	1	1	0	1	1
70	1788291913951593210	eager	1927	MUL_MAT	MMQ	-	blk.0.ffn_gate.weight	ffn_gate-0	q4_K	f32	f32	2560	9216	1	1	2560	88	1	1	1440	13271040	13271040	10240	901120	901120	1	1	0	1	1
70	1788291913951593210	eager	1927	MUL_MAT	MMQ	-	blk.0.ffn_up.weight	ffn_up-0	q4_K	f32	f32	2560	9216	1	1	2560	88	1	1	1440	13271040	13271040	10240	901120	901120	1	1	0	1	1
70	1788291913951593210	eager	1927	MUL_MAT	MMQ	-	blk.0.ssm_alpha.weight	node_34	q8_0	f32	f32	2560	32	1	1	2560	88	1	1	2720	87040	87040	10240	901120	901120	1	1	0	1	1
70	1788291913951593210	eager	1927	MUL_MAT	MMQ	-	blk.0.ssm_beta.weight	node_40	q8_0	f32	f32	2560	32	1	1	2560	88	1	1	2720	87040	87040	10240	901120	901120	1	1	0	1	1
70	1788291913951593210	eager	1927	MUL_MAT	MMQ	-	blk.0.ssm_out.weight	linear_attn_out-0	q5_K	f32	f32	4096	2560	1	1	4096	88	1	1	2816	7208960	7208960	16384	1441792	1441792	1	1	0	1	1
70	1788291913951593210	eager	1927	MUL_MAT	MMQ	-	blk.1.attn_gate.weight	z-1	q4_K	f32	f32	2560	4096	1	1	2560	88	1	1	1440	5898240	5898240	10240	901120	901120	1	1	0	1	1
70	1788291913951593210	eager	1927	MUL_MAT	MMQ	-	blk.1.attn_qkv.weight	node_76	q5_K	f32	f32	2560	8192	1	1	2560	88	1	1	1760	14417920	14417920	10240	901120	901120	1	1	0	1	1
70	1788291913951593210	eager	1927	MUL_MAT	MMQ	-	blk.1.ffn_down.weight	ffn_out-1	q6_K	f32	f32	9216	2560	1	1	9216	88	1	1	7560	19353600	19353600	36864	3244032	3244032	1	1	0	1	1
70	1788291913951593210	eager	1927	MUL_MAT	MMQ	-	blk.1.ffn_gate.weight	ffn_gate-1	q4_K	f32	f32	2560	9216	1	1	2560	88	1	1	1440	13271040	13271040	10240	901120	901120	1	1	0	1	1
70	1788291913951593210	eager	1927	MUL_MAT	MMQ	-	blk.1.ffn_up.weight	ffn_up-1	q4_K	f32	f32	2560	9216	1	1	2560	88	1	1	1440	13271040	13271040	10240	901120	901120	1	1	0	1	1
70	1788291913951593210	eager	1927	MUL_MAT	MMQ	-	blk.1.ssm_alpha.weight	node_97	q8_0	f32	f32	2560	32	1	1	2560	88	1	1	2720	87040	87040	10240	901120	901120	1	1	0	1	1
70	1788291913951593210	eager	1927	MUL_MAT	MMQ	-	blk.1.ssm_beta.weight	node_103	q8_0	f32	f32	2560	32	1	1	2560	88	1	1	2720	87040	87040	10240	901120	901120	1	1	0	1	1
70	1788291913951593210	eager	1927	MUL_MAT	MMQ	-	blk.1.ssm_out.weight	linear_attn_out-1	q5_K	f32	f32	4096	2560	1	1	4096	88	1	1	2816	7208960	7208960	16384	1441792	1441792	1	1	0	1	1
70	1788291913951593210	eager	1927	MUL_MAT	MMQ	-	blk.10.attn_gate.weight	z-10	q4_K	f32	f32	2560	4096	1	1	2560	88	1	1	1440	5898240	5898240	10240	901120	901120	1	1	0	1	1
70	1788291913951593210	eager	1927	MUL_MAT	MMQ	-	blk.10.attn_qkv.weight	node_619	q5_K	f32	f32	2560	8192	1	1	2560	88	1	1	1760	14417920	14417920	10240	901120	901120	1	1	0	1	1
70	1788291913951593210	eager	1927	MUL_MAT	MMQ	-	blk.10.ffn_down.weight	ffn_out-10	q4_K	f32	f32	9216	2560	1	1	9216	88	1	1	5184	13271040	13271040	36864	3244032	3244032	1	1	0	1	1
70	1788291913951593210	eager	1927	MUL_MAT	MMQ	-	blk.10.ffn_gate.weight	ffn_gate-10	q4_K	f32	f32	2560	9216	1	1	2560	88	1	1	1440	13271040	13271040	10240	901120	901120	1	1	0	1	1
70	1788291913951593210	eager	1927	MUL_MAT	MMQ	-	blk.10.ffn_up.weight	ffn_up-10	q4_K	f32	f32	2560	9216	1	1	2560	88	1	1	1440	13271040	13271040	10240	901120	901120	1	1	0	1	1
70	1788291913951593210	eager	1927	MUL_MAT	MMQ	-	blk.10.ssm_alpha.weight	node_640	q8_0	f32	f32	2560	32	1	1	2560	88	1	1	2720	87040	87040	10240	901120	901120	1	1	0	1	1
70	1788291913951593210	eager	1927	MUL_MAT	MMQ	-	blk.10.ssm_beta.weight	node_646	q8_0	f32	f32	2560	32	1	1	2560	88	1	1	2720	87040	87040	10240	901120	901120	1	1	0	1	1
70	1788291913951593210	eager	1927	MUL_MAT	MMQ	-	blk.10.ssm_out.weight	linear_attn_out-10	q5_K	f32	f32	4096	2560	1	1	4096	88	1	1	2816	7208960	7208960	16384	1441792	1441792	1	1	0	1	1
70	1788291913951593210	eager	1927	MUL_MAT	MMQ	-	blk.11.attn_k.weight	Kcur-11	q4_K	f32	f32	2560	1024	1	1	2560	88	1	1	1440	1474560	1474560	10240	901120	901120	1	1	0	1	1
70	1788291913951593210	eager	1927	MUL_MAT	MMQ	-	blk.11.attn_output.weight	attn_output-11	q4_K	f32	f32	4096	2560	1	1	4096	88	1	1	2304	5898240	5898240	16384	1441792	1441792	1	1	0	1	1
70	1788291913951593210	eager	1927	MUL_MAT	MMQ	-	blk.11.attn_q.weight	Qcur_full-11	q4_K	f32	f32	2560	8192	1	1	2560	88	1	1	1440	11796480	11796480	10240	901120	901120	1	1	0	1	1
70	1788291913951593210	eager	1927	MUL_MAT	MMQ	-	blk.11.attn_v.weight	Vcur-11	q6_K	f32	f32	2560	1024	1	1	2560	88	1	1	2100	2150400	2150400	10240	901120	901120	1	1	0	1	1
70	1788291913951593210	eager	1927	MUL_MAT	MMQ	-	blk.11.ffn_down.weight	ffn_out-11	q4_K	f32	f32	9216	2560	1	1	9216	88	1	1	5184	13271040	13271040	36864	3244032	3244032	1	1	0	1	1
70	1788291913951593210	eager	1927	MUL_MAT	MMQ	-	blk.11.ffn_gate.weight	ffn_gate-11	q4_K	f32	f32	2560	9216	1	1	2560	88	1	1	1440	13271040	13271040	10240	901120	901120	1	1	0	1	1
70	1788291913951593210	eager	1927	MUL_MAT	MMQ	-	blk.11.ffn_up.weight	ffn_up-11	q4_K	f32	f32	2560	9216	1	1	2560	88	1	1	1440	13271040	13271040	10240	901120	901120	1	1	0	1	1
70	1788291913951593210	eager	1927	MUL_MAT	MMQ	-	blk.12.attn_gate.weight	z-12	q4_K	f32	f32	2560	4096	1	1	2560	88	1	1	1440	5898240	5898240	10240	901120	901120	1	1	0	1	1
70	1788291913951593210	eager	1927	MUL_MAT	MMQ	-	blk.12.attn_qkv.weight	node_733	q5_K	f32	f32	2560	8192	1	1	2560	88	1	1	1760	14417920	14417920	10240	901120	901120	1	1	0	1	1
70	1788291913951593210	eager	1927	MUL_MAT	MMQ	-	blk.12.ffn_down.weight	ffn_out-12	q6_K	f32	f32	9216	2560	1	1	9216	88	1	1	7560	19353600	19353600	36864	3244032	3244032	1	1	0	1	1
70	1788291913951593210	eager	1927	MUL_MAT	MMQ	-	blk.12.ffn_gate.weight	ffn_gate-12	q4_K	f32	f32	2560	9216	1	1	2560	88	1	1	1440	13271040	13271040	10240	901120	901120	1	1	0	1	1
70	1788291913951593210	eager	1927	MUL_MAT	MMQ	-	blk.12.ffn_up.weight	ffn_up-12	q4_K	f32	f32	2560	9216	1	1	2560	88	1	1	1440	13271040	13271040	10240	901120	901120	1	1	0	1	1
70	1788291913951593210	eager	1927	MUL_MAT	MMQ	-	blk.12.ssm_alpha.weight	node_754	q8_0	f32	f32	2560	32	1	1	2560	88	1	1	2720	87040	87040	10240	901120	901120	1	1	0	1	1
70	1788291913951593210	eager	1927	MUL_MAT	MMQ	-	blk.12.ssm_beta.weight	node_760	q8_0	f32	f32	2560	32	1	1	2560	88	1	1	2720	87040	87040	10240	901120	901120	1	1	0	1	1
70	1788291913951593210	eager	1927	MUL_MAT	MMQ	-	blk.12.ssm_out.weight	linear_attn_out-12	q5_K	f32	f32	4096	2560	1	1	4096	88	1	1	2816	7208960	7208960	16384	1441792	1441792	1	1	0	1	1
70	1788291913951593210	eager	1927	MUL_MAT	MMQ	-	blk.13.attn_gate.weight	z-13	q4_K	f32	f32	2560	4096	1	1	2560	88	1	1	1440	5898240	5898240	10240	901120	901120	1	1	0	1	1
70	1788291913951593210	eager	1927	MUL_MAT	MMQ	-	blk.13.attn_qkv.weight	node_796	q5_K	f32	f32	2560	8192	1	1	2560	88	1	1	1760	14417920	14417920	10240	901120	901120	1	1	0	1	1
70	1788291913951593210	eager	1927	MUL_MAT	MMQ	-	blk.13.ffn_down.weight	ffn_out-13	q4_K	f32	f32	9216	2560	1	1	9216	88	1	1	5184	13271040	13271040	36864	3244032	3244032	1	1	0	1	1
70	1788291913951593210	eager	1927	MUL_MAT	MMQ	-	blk.13.ffn_gate.weight	ffn_gate-13	q4_K	f32	f32	2560	9216	1	1	2560	88	1	1	1440	13271040	13271040	10240	901120	901120	1	1	0	1	1
70	1788291913951593210	eager	1927	MUL_MAT	MMQ	-	blk.13.ffn_up.weight	ffn_up-13	q4_K	f32	f32	2560	9216	1	1	2560	88	1	1	1440	13271040	13271040	10240	901120	901120	1	1	0	1	1
70	1788291913951593210	eager	1927	MUL_MAT	MMQ	-	blk.13.ssm_alpha.weight	node_817	q8_0	f32	f32	2560	32	1	1	2560	88	1	1	2720	87040	87040	10240	901120	901120	1	1	0	1	1
70	1788291913951593210	eager	1927	MUL_MAT	MMQ	-	blk.13.ssm_beta.weight	node_823	q8_0	f32	f32	2560	32	1	1	2560	88	1	1	2720	87040	87040	10240	901120	901120	1	1	0	1	1
70	1788291913951593210	eager	1927	MUL_MAT	MMQ	-	blk.13.ssm_out.weight	linear_attn_out-13	q5_K	f32	f32	4096	2560	1	1	4096	88	1	1	2816	7208960	7208960	16384	1441792	1441792	1	1	0	1	1
70	1788291913951593210	eager	1927	MUL_MAT	MMQ	-	blk.14.attn_gate.weight	z-14	q4_K	f32	f32	2560	4096	1	1	2560	88	1	1	1440	5898240	5898240	10240	901120	901120	1	1	0	1	1
70	1788291913951593210	eager	1927	MUL_MAT	MMQ	-	blk.14.attn_qkv.weight	node_859	q5_K	f32	f32	2560	8192	1	1	2560	88	1	1	1760	14417920	14417920	10240	901120	901120	1	1	0	1	1
70	1788291913951593210	eager	1927	MUL_MAT	MMQ	-	blk.14.ffn_down.weight	ffn_out-14	q4_K	f32	f32	9216	2560	1	1	9216	88	1	1	5184	13271040	13271040	36864	3244032	3244032	1	1	0	1	1
70	1788291913951593210	eager	1927	MUL_MAT	MMQ	-	blk.14.ffn_gate.weight	ffn_gate-14	q4_K	f32	f32	2560	9216	1	1	2560	88	1	1	1440	13271040	13271040	10240	901120	901120	1	1	0	1	1
70	1788291913951593210	eager	1927	MUL_MAT	MMQ	-	blk.14.ffn_up.weight	ffn_up-14	q4_K	f32	f32	2560	9216	1	1	2560	88	1	1	1440	13271040	13271040	10240	901120	901120	1	1	0	1	1
70	1788291913951593210	eager	1927	MUL_MAT	MMQ	-	blk.14.ssm_alpha.weight	node_880	q8_0	f32	f32	2560	32	1	1	2560	88	1	1	2720	87040	87040	10240	901120	901120	1	1	0	1	1
70	1788291913951593210	eager	1927	MUL_MAT	MMQ	-	blk.14.ssm_beta.weight	node_886	q8_0	f32	f32	2560	32	1	1	2560	88	1	1	2720	87040	87040	10240	901120	901120	1	1	0	1	1
70	1788291913951593210	eager	1927	MUL_MAT	MMQ	-	blk.14.ssm_out.weight	linear_attn_out-14	q5_K	f32	f32	4096	2560	1	1	4096	88	1	1	2816	7208960	7208960	16384	1441792	1441792	1	1	0	1	1
70	1788291913951593210	eager	1927	MUL_MAT	MMQ	-	blk.15.attn_k.weight	Kcur-15	q4_K	f32	f32	2560	1024	1	1	2560	88	1	1	1440	1474560	1474560	10240	901120	901120	1	1	0	1	1
70	1788291913951593210	eager	1927	MUL_MAT	MMQ	-	blk.15.attn_output.weight	attn_output-15	q4_K	f32	f32	4096	2560	1	1	4096	88	1	1	2304	5898240	5898240	16384	1441792	1441792	1	1	0	1	1
70	1788291913951593210	eager	1927	MUL_MAT	MMQ	-	blk.15.attn_q.weight	Qcur_full-15	q4_K	f32	f32	2560	8192	1	1	2560	88	1	1	1440	11796480	11796480	10240	901120	901120	1	1	0	1	1
70	1788291913951593210	eager	1927	MUL_MAT	MMQ	-	blk.15.attn_v.weight	Vcur-15	q6_K	f32	f32	2560	1024	1	1	2560	88	1	1	2100	2150400	2150400	10240	901120	901120	1	1	0	1	1
70	1788291913951593210	eager	1927	MUL_MAT	MMQ	-	blk.15.ffn_down.weight	ffn_out-15	q6_K	f32	f32	9216	2560	1	1	9216	88	1	1	7560	19353600	19353600	36864	3244032	3244032	1	1	0	1	1
70	1788291913951593210	eager	1927	MUL_MAT	MMQ	-	blk.15.ffn_gate.weight	ffn_gate-15	q4_K	f32	f32	2560	9216	1	1	2560	88	1	1	1440	13271040	13271040	10240	901120	901120	1	1	0	1	1
70	1788291913951593210	eager	1927	MUL_MAT	MMQ	-	blk.15.ffn_up.weight	ffn_up-15	q4_K	f32	f32	2560	9216	1	1	2560	88	1	1	1440	13271040	13271040	10240	901120	901120	1	1	0	1	1
70	1788291913951593210	eager	1927	MUL_MAT	MMQ	-	blk.16.attn_gate.weight	z-16	q4_K	f32	f32	2560	4096	1	1	2560	88	1	1	1440	5898240	5898240	10240	901120	901120	1	1	0	1	1
70	1788291913951593210	eager	1927	MUL_MAT	MMQ	-	blk.16.attn_qkv.weight	node_973	q5_K	f32	f32	2560	8192	1	1	2560	88	1	1	1760	14417920	14417920	10240	901120	901120	1	1	0	1	1
70	1788291913951593210	eager	1927	MUL_MAT	MMQ	-	blk.16.ffn_down.weight	ffn_out-16	q4_K	f32	f32	9216	2560	1	1	9216	88	1	1	5184	13271040	13271040	36864	3244032	3244032	1	1	0	1	1
70	1788291913951593210	eager	1927	MUL_MAT	MMQ	-	blk.16.ffn_gate.weight	ffn_gate-16	q4_K	f32	f32	2560	9216	1	1	2560	88	1	1	1440	13271040	13271040	10240	901120	901120	1	1	0	1	1
70	1788291913951593210	eager	1927	MUL_MAT	MMQ	-	blk.16.ffn_up.weight	ffn_up-16	q4_K	f32	f32	2560	9216	1	1	2560	88	1	1	1440	13271040	13271040	10240	901120	901120	1	1	0	1	1
70	1788291913951593210	eager	1927	MUL_MAT	MMQ	-	blk.16.ssm_alpha.weight	node_994	q8_0	f32	f32	2560	32	1	1	2560	88	1	1	2720	87040	87040	10240	901120	901120	1	1	0	1	1
70	1788291913951593210	eager	1927	MUL_MAT	MMQ	-	blk.16.ssm_beta.weight	node_1000	q8_0	f32	f32	2560	32	1	1	2560	88	1	1	2720	87040	87040	10240	901120	901120	1	1	0	1	1
70	1788291913951593210	eager	1927	MUL_MAT	MMQ	-	blk.16.ssm_out.weight	linear_attn_out-16	q5_K	f32	f32	4096	2560	1	1	4096	88	1	1	2816	7208960	7208960	16384	1441792	1441792	1	1	0	1	1
70	1788291913951593210	eager	1927	MUL_MAT	MMQ	-	blk.17.attn_gate.weight	z-17	q4_K	f32	f32	2560	4096	1	1	2560	88	1	1	1440	5898240	5898240	10240	901120	901120	1	1	0	1	1
70	1788291913951593210	eager	1927	MUL_MAT	MMQ	-	blk.17.attn_qkv.weight	node_1036	q5_K	f32	f32	2560	8192	1	1	2560	88	1	1	1760	14417920	14417920	10240	901120	901120	1	1	0	1	1
70	1788291913951593210	eager	1927	MUL_MAT	MMQ	-	blk.17.ffn_down.weight	ffn_out-17	q4_K	f32	f32	9216	2560	1	1	9216	88	1	1	5184	13271040	13271040	36864	3244032	3244032	1	1	0	1	1
70	1788291913951593210	eager	1927	MUL_MAT	MMQ	-	blk.17.ffn_gate.weight	ffn_gate-17	q4_K	f32	f32	2560	9216	1	1	2560	88	1	1	1440	13271040	13271040	10240	901120	901120	1	1	0	1	1
70	1788291913951593210	eager	1927	MUL_MAT	MMQ	-	blk.17.ffn_up.weight	ffn_up-17	q4_K	f32	f32	2560	9216	1	1	2560	88	1	1	1440	13271040	13271040	10240	901120	901120	1	1	0	1	1
70	1788291913951593210	eager	1927	MUL_MAT	MMQ	-	blk.17.ssm_alpha.weight	node_1057	q8_0	f32	f32	2560	32	1	1	2560	88	1	1	2720	87040	87040	10240	901120	901120	1	1	0	1	1
70	1788291913951593210	eager	1927	MUL_MAT	MMQ	-	blk.17.ssm_beta.weight	node_1063	q8_0	f32	f32	2560	32	1	1	2560	88	1	1	2720	87040	87040	10240	901120	901120	1	1	0	1	1
70	1788291913951593210	eager	1927	MUL_MAT	MMQ	-	blk.17.ssm_out.weight	linear_attn_out-17	q5_K	f32	f32	4096	2560	1	1	4096	88	1	1	2816	7208960	7208960	16384	1441792	1441792	1	1	0	1	1
70	1788291913951593210	eager	1927	MUL_MAT	MMQ	-	blk.18.attn_gate.weight	z-18	q4_K	f32	f32	2560	4096	1	1	2560	88	1	1	1440	5898240	5898240	10240	901120	901120	1	1	0	1	1
70	1788291913951593210	eager	1927	MUL_MAT	MMQ	-	blk.18.attn_qkv.weight	node_1099	q5_K	f32	f32	2560	8192	1	1	2560	88	1	1	1760	14417920	14417920	10240	901120	901120	1	1	0	1	1
70	1788291913951593210	eager	1927	MUL_MAT	MMQ	-	blk.18.ffn_down.weight	ffn_out-18	q6_K	f32	f32	9216	2560	1	1	9216	88	1	1	7560	19353600	19353600	36864	3244032	3244032	1	1	0	1	1
70	1788291913951593210	eager	1927	MUL_MAT	MMQ	-	blk.18.ffn_gate.weight	ffn_gate-18	q4_K	f32	f32	2560	9216	1	1	2560	88	1	1	1440	13271040	13271040	10240	901120	901120	1	1	0	1	1
70	1788291913951593210	eager	1927	MUL_MAT	MMQ	-	blk.18.ffn_up.weight	ffn_up-18	q4_K	f32	f32	2560	9216	1	1	2560	88	1	1	1440	13271040	13271040	10240	901120	901120	1	1	0	1	1
70	1788291913951593210	eager	1927	MUL_MAT	MMQ	-	blk.18.ssm_alpha.weight	node_1120	q8_0	f32	f32	2560	32	1	1	2560	88	1	1	2720	87040	87040	10240	901120	901120	1	1	0	1	1
70	1788291913951593210	eager	1927	MUL_MAT	MMQ	-	blk.18.ssm_beta.weight	node_1126	q8_0	f32	f32	2560	32	1	1	2560	88	1	1	2720	87040	87040	10240	901120	901120	1	1	0	1	1
70	1788291913951593210	eager	1927	MUL_MAT	MMQ	-	blk.18.ssm_out.weight	linear_attn_out-18	q5_K	f32	f32	4096	2560	1	1	4096	88	1	1	2816	7208960	7208960	16384	1441792	1441792	1	1	0	1	1
70	1788291913951593210	eager	1927	MUL_MAT	MMQ	-	blk.19.attn_k.weight	Kcur-19	q4_K	f32	f32	2560	1024	1	1	2560	88	1	1	1440	1474560	1474560	10240	901120	901120	1	1	0	1	1
70	1788291913951593210	eager	1927	MUL_MAT	MMQ	-	blk.19.attn_output.weight	attn_output-19	q4_K	f32	f32	4096	2560	1	1	4096	88	1	1	2304	5898240	5898240	16384	1441792	1441792	1	1	0	1	1
70	1788291913951593210	eager	1927	MUL_MAT	MMQ	-	blk.19.attn_q.weight	Qcur_full-19	q4_K	f32	f32	2560	8192	1	1	2560	88	1	1	1440	11796480	11796480	10240	901120	901120	1	1	0	1	1
70	1788291913951593210	eager	1927	MUL_MAT	MMQ	-	blk.19.attn_v.weight	Vcur-19	q4_K	f32	f32	2560	1024	1	1	2560	88	1	1	1440	1474560	1474560	10240	901120	901120	1	1	0	1	1
70	1788291913951593210	eager	1927	MUL_MAT	MMQ	-	blk.19.ffn_down.weight	ffn_out-19	q4_K	f32	f32	9216	2560	1	1	9216	88	1	1	5184	13271040	13271040	36864	3244032	3244032	1	1	0	1	1
70	1788291913951593210	eager	1927	MUL_MAT	MMQ	-	blk.19.ffn_gate.weight	ffn_gate-19	q4_K	f32	f32	2560	9216	1	1	2560	88	1	1	1440	13271040	13271040	10240	901120	901120	1	1	0	1	1
70	1788291913951593210	eager	1927	MUL_MAT	MMQ	-	blk.19.ffn_up.weight	ffn_up-19	q4_K	f32	f32	2560	9216	1	1	2560	88	1	1	1440	13271040	13271040	10240	901120	901120	1	1	0	1	1
70	1788291913951593210	eager	1927	MUL_MAT	MMQ	-	blk.2.attn_gate.weight	z-2	q4_K	f32	f32	2560	4096	1	1	2560	88	1	1	1440	5898240	5898240	10240	901120	901120	1	1	0	1	1
70	1788291913951593210	eager	1927	MUL_MAT	MMQ	-	blk.2.attn_qkv.weight	node_139	q5_K	f32	f32	2560	8192	1	1	2560	88	1	1	1760	14417920	14417920	10240	901120	901120	1	1	0	1	1
70	1788291913951593210	eager	1927	MUL_MAT	MMQ	-	blk.2.ffn_down.weight	ffn_out-2	q6_K	f32	f32	9216	2560	1	1	9216	88	1	1	7560	19353600	19353600	36864	3244032	3244032	1	1	0	1	1
70	1788291913951593210	eager	1927	MUL_MAT	MMQ	-	blk.2.ffn_gate.weight	ffn_gate-2	q4_K	f32	f32	2560	9216	1	1	2560	88	1	1	1440	13271040	13271040	10240	901120	901120	1	1	0	1	1
70	1788291913951593210	eager	1927	MUL_MAT	MMQ	-	blk.2.ffn_up.weight	ffn_up-2	q4_K	f32	f32	2560	9216	1	1	2560	88	1	1	1440	13271040	13271040	10240	901120	901120	1	1	0	1	1
70	1788291913951593210	eager	1927	MUL_MAT	MMQ	-	blk.2.ssm_alpha.weight	node_160	q8_0	f32	f32	2560	32	1	1	2560	88	1	1	2720	87040	87040	10240	901120	901120	1	1	0	1	1
70	1788291913951593210	eager	1927	MUL_MAT	MMQ	-	blk.2.ssm_beta.weight	node_166	q8_0	f32	f32	2560	32	1	1	2560	88	1	1	2720	87040	87040	10240	901120	901120	1	1	0	1	1
70	1788291913951593210	eager	1927	MUL_MAT	MMQ	-	blk.2.ssm_out.weight	linear_attn_out-2	q5_K	f32	f32	4096	2560	1	1	4096	88	1	1	2816	7208960	7208960	16384	1441792	1441792	1	1	0	1	1
70	1788291913951593210	eager	1927	MUL_MAT	MMQ	-	blk.20.attn_gate.weight	z-20	q4_K	f32	f32	2560	4096	1	1	2560	88	1	1	1440	5898240	5898240	10240	901120	901120	1	1	0	1	1
70	1788291913951593210	eager	1927	MUL_MAT	MMQ	-	blk.20.attn_qkv.weight	node_1213	q5_K	f32	f32	2560	8192	1	1	2560	88	1	1	1760	14417920	14417920	10240	901120	901120	1	1	0	1	1
70	1788291913951593210	eager	1927	MUL_MAT	MMQ	-	blk.20.ffn_down.weight	ffn_out-20	q4_K	f32	f32	9216	2560	1	1	9216	88	1	1	5184	13271040	13271040	36864	3244032	3244032	1	1	0	1	1
70	1788291913951593210	eager	1927	MUL_MAT	MMQ	-	blk.20.ffn_gate.weight	ffn_gate-20	q4_K	f32	f32	2560	9216	1	1	2560	88	1	1	1440	13271040	13271040	10240	901120	901120	1	1	0	1	1
70	1788291913951593210	eager	1927	MUL_MAT	MMQ	-	blk.20.ffn_up.weight	ffn_up-20	q4_K	f32	f32	2560	9216	1	1	2560	88	1	1	1440	13271040	13271040	10240	901120	901120	1	1	0	1	1
70	1788291913951593210	eager	1927	MUL_MAT	MMQ	-	blk.20.ssm_alpha.weight	node_1234	q8_0	f32	f32	2560	32	1	1	2560	88	1	1	2720	87040	87040	10240	901120	901120	1	1	0	1	1
70	1788291913951593210	eager	1927	MUL_MAT	MMQ	-	blk.20.ssm_beta.weight	node_1240	q8_0	f32	f32	2560	32	1	1	2560	88	1	1	2720	87040	87040	10240	901120	901120	1	1	0	1	1
70	1788291913951593210	eager	1927	MUL_MAT	MMQ	-	blk.20.ssm_out.weight	linear_attn_out-20	q5_K	f32	f32	4096	2560	1	1	4096	88	1	1	2816	7208960	7208960	16384	1441792	1441792	1	1	0	1	1
70	1788291913951593210	eager	1927	MUL_MAT	MMQ	-	blk.21.attn_gate.weight	z-21	q4_K	f32	f32	2560	4096	1	1	2560	88	1	1	1440	5898240	5898240	10240	901120	901120	1	1	0	1	1
70	1788291913951593210	eager	1927	MUL_MAT	MMQ	-	blk.21.attn_qkv.weight	node_1276	q5_K	f32	f32	2560	8192	1	1	2560	88	1	1	1760	14417920	14417920	10240	901120	901120	1	1	0	1	1
70	1788291913951593210	eager	1927	MUL_MAT	MMQ	-	blk.21.ffn_down.weight	ffn_out-21	q6_K	f32	f32	9216	2560	1	1	9216	88	1	1	7560	19353600	19353600	36864	3244032	3244032	1	1	0	1	1
70	1788291913951593210	eager	1927	MUL_MAT	MMQ	-	blk.21.ffn_gate.weight	ffn_gate-21	q4_K	f32	f32	2560	9216	1	1	2560	88	1	1	1440	13271040	13271040	10240	901120	901120	1	1	0	1	1
70	1788291913951593210	eager	1927	MUL_MAT	MMQ	-	blk.21.ffn_up.weight	ffn_up-21	q4_K	f32	f32	2560	9216	1	1	2560	88	1	1	1440	13271040	13271040	10240	901120	901120	1	1	0	1	1
70	1788291913951593210	eager	1927	MUL_MAT	MMQ	-	blk.21.ssm_alpha.weight	node_1297	q8_0	f32	f32	2560	32	1	1	2560	88	1	1	2720	87040	87040	10240	901120	901120	1	1	0	1	1
70	1788291913951593210	eager	1927	MUL_MAT	MMQ	-	blk.21.ssm_beta.weight	node_1303	q8_0	f32	f32	2560	32	1	1	2560	88	1	1	2720	87040	87040	10240	901120	901120	1	1	0	1	1
70	1788291913951593210	eager	1927	MUL_MAT	MMQ	-	blk.21.ssm_out.weight	linear_attn_out-21	q5_K	f32	f32	4096	2560	1	1	4096	88	1	1	2816	7208960	7208960	16384	1441792	1441792	1	1	0	1	1
70	1788291913951593210	eager	1927	MUL_MAT	MMQ	-	blk.22.attn_gate.weight	z-22	q4_K	f32	f32	2560	4096	1	1	2560	88	1	1	1440	5898240	5898240	10240	901120	901120	1	1	0	1	1
70	1788291913951593210	eager	1927	MUL_MAT	MMQ	-	blk.22.attn_qkv.weight	node_1339	q5_K	f32	f32	2560	8192	1	1	2560	88	1	1	1760	14417920	14417920	10240	901120	901120	1	1	0	1	1
70	1788291913951593210	eager	1927	MUL_MAT	MMQ	-	blk.22.ffn_down.weight	ffn_out-22	q4_K	f32	f32	9216	2560	1	1	9216	88	1	1	5184	13271040	13271040	36864	3244032	3244032	1	1	0	1	1
70	1788291913951593210	eager	1927	MUL_MAT	MMQ	-	blk.22.ffn_gate.weight	ffn_gate-22	q4_K	f32	f32	2560	9216	1	1	2560	88	1	1	1440	13271040	13271040	10240	901120	901120	1	1	0	1	1
70	1788291913951593210	eager	1927	MUL_MAT	MMQ	-	blk.22.ffn_up.weight	ffn_up-22	q4_K	f32	f32	2560	9216	1	1	2560	88	1	1	1440	13271040	13271040	10240	901120	901120	1	1	0	1	1
70	1788291913951593210	eager	1927	MUL_MAT	MMQ	-	blk.22.ssm_alpha.weight	node_1360	q8_0	f32	f32	2560	32	1	1	2560	88	1	1	2720	87040	87040	10240	901120	901120	1	1	0	1	1
70	1788291913951593210	eager	1927	MUL_MAT	MMQ	-	blk.22.ssm_beta.weight	node_1366	q8_0	f32	f32	2560	32	1	1	2560	88	1	1	2720	87040	87040	10240	901120	901120	1	1	0	1	1
70	1788291913951593210	eager	1927	MUL_MAT	MMQ	-	blk.22.ssm_out.weight	linear_attn_out-22	q5_K	f32	f32	4096	2560	1	1	4096	88	1	1	2816	7208960	7208960	16384	1441792	1441792	1	1	0	1	1
70	1788291913951593210	eager	1927	MUL_MAT	MMQ	-	blk.23.attn_k.weight	Kcur-23	q4_K	f32	f32	2560	1024	1	1	2560	88	1	1	1440	1474560	1474560	10240	901120	901120	1	1	0	1	1
70	1788291913951593210	eager	1927	MUL_MAT	MMQ	-	blk.23.attn_output.weight	attn_output-23	q4_K	f32	f32	4096	2560	1	1	4096	88	1	1	2304	5898240	5898240	16384	1441792	1441792	1	1	0	1	1
70	1788291913951593210	eager	1927	MUL_MAT	MMQ	-	blk.23.attn_q.weight	Qcur_full-23	q4_K	f32	f32	2560	8192	1	1	2560	88	1	1	1440	11796480	11796480	10240	901120	901120	1	1	0	1	1
70	1788291913951593210	eager	1927	MUL_MAT	MMQ	-	blk.23.attn_v.weight	Vcur-23	q4_K	f32	f32	2560	1024	1	1	2560	88	1	1	1440	1474560	1474560	10240	901120	901120	1	1	0	1	1
70	1788291913951593210	eager	1927	MUL_MAT	MMQ	-	blk.23.ffn_down.weight	ffn_out-23	q4_K	f32	f32	9216	2560	1	1	9216	88	1	1	5184	13271040	13271040	36864	3244032	3244032	1	1	0	1	1
70	1788291913951593210	eager	1927	MUL_MAT	MMQ	-	blk.23.ffn_gate.weight	ffn_gate-23	q4_K	f32	f32	2560	9216	1	1	2560	88	1	1	1440	13271040	13271040	10240	901120	901120	1	1	0	1	1
70	1788291913951593210	eager	1927	MUL_MAT	MMQ	-	blk.23.ffn_up.weight	ffn_up-23	q4_K	f32	f32	2560	9216	1	1	2560	88	1	1	1440	13271040	13271040	10240	901120	901120	1	1	0	1	1
70	1788291913951593210	eager	1927	MUL_MAT	MMQ	-	blk.24.attn_gate.weight	z-24	q4_K	f32	f32	2560	4096	1	1	2560	88	1	1	1440	5898240	5898240	10240	901120	901120	1	1	0	1	1
70	1788291913951593210	eager	1927	MUL_MAT	MMQ	-	blk.24.attn_qkv.weight	node_1453	q5_K	f32	f32	2560	8192	1	1	2560	88	1	1	1760	14417920	14417920	10240	901120	901120	1	1	0	1	1
70	1788291913951593210	eager	1927	MUL_MAT	MMQ	-	blk.24.ffn_down.weight	ffn_out-24	q6_K	f32	f32	9216	2560	1	1	9216	88	1	1	7560	19353600	19353600	36864	3244032	3244032	1	1	0	1	1
70	1788291913951593210	eager	1927	MUL_MAT	MMQ	-	blk.24.ffn_gate.weight	ffn_gate-24	q4_K	f32	f32	2560	9216	1	1	2560	88	1	1	1440	13271040	13271040	10240	901120	901120	1	1	0	1	1
70	1788291913951593210	eager	1927	MUL_MAT	MMQ	-	blk.24.ffn_up.weight	ffn_up-24	q4_K	f32	f32	2560	9216	1	1	2560	88	1	1	1440	13271040	13271040	10240	901120	901120	1	1	0	1	1
70	1788291913951593210	eager	1927	MUL_MAT	MMQ	-	blk.24.ssm_alpha.weight	node_1474	q8_0	f32	f32	2560	32	1	1	2560	88	1	1	2720	87040	87040	10240	901120	901120	1	1	0	1	1
70	1788291913951593210	eager	1927	MUL_MAT	MMQ	-	blk.24.ssm_beta.weight	node_1480	q8_0	f32	f32	2560	32	1	1	2560	88	1	1	2720	87040	87040	10240	901120	901120	1	1	0	1	1
70	1788291913951593210	eager	1927	MUL_MAT	MMQ	-	blk.24.ssm_out.weight	linear_attn_out-24	q5_K	f32	f32	4096	2560	1	1	4096	88	1	1	2816	7208960	7208960	16384	1441792	1441792	1	1	0	1	1
70	1788291913951593210	eager	1927	MUL_MAT	MMQ	-	blk.25.attn_gate.weight	z-25	q4_K	f32	f32	2560	4096	1	1	2560	88	1	1	1440	5898240	5898240	10240	901120	901120	1	1	0	1	1
70	1788291913951593210	eager	1927	MUL_MAT	MMQ	-	blk.25.attn_qkv.weight	node_1516	q5_K	f32	f32	2560	8192	1	1	2560	88	1	1	1760	14417920	14417920	10240	901120	901120	1	1	0	1	1
70	1788291913951593210	eager	1927	MUL_MAT	MMQ	-	blk.25.ffn_down.weight	ffn_out-25	q4_K	f32	f32	9216	2560	1	1	9216	88	1	1	5184	13271040	13271040	36864	3244032	3244032	1	1	0	1	1
70	1788291913951593210	eager	1927	MUL_MAT	MMQ	-	blk.25.ffn_gate.weight	ffn_gate-25	q4_K	f32	f32	2560	9216	1	1	2560	88	1	1	1440	13271040	13271040	10240	901120	901120	1	1	0	1	1
70	1788291913951593210	eager	1927	MUL_MAT	MMQ	-	blk.25.ffn_up.weight	ffn_up-25	q4_K	f32	f32	2560	9216	1	1	2560	88	1	1	1440	13271040	13271040	10240	901120	901120	1	1	0	1	1
70	1788291913951593210	eager	1927	MUL_MAT	MMQ	-	blk.25.ssm_alpha.weight	node_1537	q8_0	f32	f32	2560	32	1	1	2560	88	1	1	2720	87040	87040	10240	901120	901120	1	1	0	1	1
70	1788291913951593210	eager	1927	MUL_MAT	MMQ	-	blk.25.ssm_beta.weight	node_1543	q8_0	f32	f32	2560	32	1	1	2560	88	1	1	2720	87040	87040	10240	901120	901120	1	1	0	1	1
70	1788291913951593210	eager	1927	MUL_MAT	MMQ	-	blk.25.ssm_out.weight	linear_attn_out-25	q5_K	f32	f32	4096	2560	1	1	4096	88	1	1	2816	7208960	7208960	16384	1441792	1441792	1	1	0	1	1
70	1788291913951593210	eager	1927	MUL_MAT	MMQ	-	blk.26.attn_gate.weight	z-26	q4_K	f32	f32	2560	4096	1	1	2560	88	1	1	1440	5898240	5898240	10240	901120	901120	1	1	0	1	1
70	1788291913951593210	eager	1927	MUL_MAT	MMQ	-	blk.26.attn_qkv.weight	node_1579	q5_K	f32	f32	2560	8192	1	1	2560	88	1	1	1760	14417920	14417920	10240	901120	901120	1	1	0	1	1
70	1788291913951593210	eager	1927	MUL_MAT	MMQ	-	blk.26.ffn_down.weight	ffn_out-26	q4_K	f32	f32	9216	2560	1	1	9216	88	1	1	5184	13271040	13271040	36864	3244032	3244032	1	1	0	1	1
70	1788291913951593210	eager	1927	MUL_MAT	MMQ	-	blk.26.ffn_gate.weight	ffn_gate-26	q4_K	f32	f32	2560	9216	1	1	2560	88	1	1	1440	13271040	13271040	10240	901120	901120	1	1	0	1	1
70	1788291913951593210	eager	1927	MUL_MAT	MMQ	-	blk.26.ffn_up.weight	ffn_up-26	q4_K	f32	f32	2560	9216	1	1	2560	88	1	1	1440	13271040	13271040	10240	901120	901120	1	1	0	1	1
70	1788291913951593210	eager	1927	MUL_MAT	MMQ	-	blk.26.ssm_alpha.weight	node_1600	q8_0	f32	f32	2560	32	1	1	2560	88	1	1	2720	87040	87040	10240	901120	901120	1	1	0	1	1
70	1788291913951593210	eager	1927	MUL_MAT	MMQ	-	blk.26.ssm_beta.weight	node_1606	q8_0	f32	f32	2560	32	1	1	2560	88	1	1	2720	87040	87040	10240	901120	901120	1	1	0	1	1
70	1788291913951593210	eager	1927	MUL_MAT	MMQ	-	blk.26.ssm_out.weight	linear_attn_out-26	q5_K	f32	f32	4096	2560	1	1	4096	88	1	1	2816	7208960	7208960	16384	1441792	1441792	1	1	0	1	1
70	1788291913951593210	eager	1927	MUL_MAT	MMQ	-	blk.27.attn_k.weight	Kcur-27	q4_K	f32	f32	2560	1024	1	1	2560	88	1	1	1440	1474560	1474560	10240	901120	901120	1	1	0	1	1
70	1788291913951593210	eager	1927	MUL_MAT	MMQ	-	blk.27.attn_output.weight	attn_output-27	q4_K	f32	f32	4096	2560	1	1	4096	88	1	1	2304	5898240	5898240	16384	1441792	1441792	1	1	0	1	1
70	1788291913951593210	eager	1927	MUL_MAT	MMQ	-	blk.27.attn_q.weight	Qcur_full-27	q4_K	f32	f32	2560	8192	1	1	2560	88	1	1	1440	11796480	11796480	10240	901120	901120	1	1	0	1	1
70	1788291913951593210	eager	1927	MUL_MAT	MMQ	-	blk.27.attn_v.weight	Vcur-27	q6_K	f32	f32	2560	1024	1	1	2560	88	1	1	2100	2150400	2150400	10240	901120	901120	1	1	0	1	1
70	1788291913951593210	eager	1927	MUL_MAT	MMQ	-	blk.27.ffn_down.weight	ffn_out-27	q6_K	f32	f32	9216	2560	1	1	9216	88	1	1	7560	19353600	19353600	36864	3244032	3244032	1	1	0	1	1
70	1788291913951593210	eager	1927	MUL_MAT	MMQ	-	blk.27.ffn_gate.weight	ffn_gate-27	q4_K	f32	f32	2560	9216	1	1	2560	88	1	1	1440	13271040	13271040	10240	901120	901120	1	1	0	1	1
70	1788291913951593210	eager	1927	MUL_MAT	MMQ	-	blk.27.ffn_up.weight	ffn_up-27	q4_K	f32	f32	2560	9216	1	1	2560	88	1	1	1440	13271040	13271040	10240	901120	901120	1	1	0	1	1
70	1788291913951593210	eager	1927	MUL_MAT	MMQ	-	blk.28.attn_gate.weight	z-28	q4_K	f32	f32	2560	4096	1	1	2560	88	1	1	1440	5898240	5898240	10240	901120	901120	1	1	0	1	1
70	1788291913951593210	eager	1927	MUL_MAT	MMQ	-	blk.28.attn_qkv.weight	node_1693	q5_K	f32	f32	2560	8192	1	1	2560	88	1	1	1760	14417920	14417920	10240	901120	901120	1	1	0	1	1
70	1788291913951593210	eager	1927	MUL_MAT	MMQ	-	blk.28.ffn_down.weight	ffn_out-28	q6_K	f32	f32	9216	2560	1	1	9216	88	1	1	7560	19353600	19353600	36864	3244032	3244032	1	1	0	1	1
70	1788291913951593210	eager	1927	MUL_MAT	MMQ	-	blk.28.ffn_gate.weight	ffn_gate-28	q4_K	f32	f32	2560	9216	1	1	2560	88	1	1	1440	13271040	13271040	10240	901120	901120	1	1	0	1	1
70	1788291913951593210	eager	1927	MUL_MAT	MMQ	-	blk.28.ffn_up.weight	ffn_up-28	q4_K	f32	f32	2560	9216	1	1	2560	88	1	1	1440	13271040	13271040	10240	901120	901120	1	1	0	1	1
70	1788291913951593210	eager	1927	MUL_MAT	MMQ	-	blk.28.ssm_alpha.weight	node_1714	q8_0	f32	f32	2560	32	1	1	2560	88	1	1	2720	87040	87040	10240	901120	901120	1	1	0	1	1
70	1788291913951593210	eager	1927	MUL_MAT	MMQ	-	blk.28.ssm_beta.weight	node_1720	q8_0	f32	f32	2560	32	1	1	2560	88	1	1	2720	87040	87040	10240	901120	901120	1	1	0	1	1
70	1788291913951593210	eager	1927	MUL_MAT	MMQ	-	blk.28.ssm_out.weight	linear_attn_out-28	q5_K	f32	f32	4096	2560	1	1	4096	88	1	1	2816	7208960	7208960	16384	1441792	1441792	1	1	0	1	1
70	1788291913951593210	eager	1927	MUL_MAT	MMQ	-	blk.29.attn_gate.weight	z-29	q4_K	f32	f32	2560	4096	1	1	2560	88	1	1	1440	5898240	5898240	10240	901120	901120	1	1	0	1	1
70	1788291913951593210	eager	1927	MUL_MAT	MMQ	-	blk.29.attn_qkv.weight	node_1756	q5_K	f32	f32	2560	8192	1	1	2560	88	1	1	1760	14417920	14417920	10240	901120	901120	1	1	0	1	1
70	1788291913951593210	eager	1927	MUL_MAT	MMQ	-	blk.29.ffn_down.weight	ffn_out-29	q6_K	f32	f32	9216	2560	1	1	9216	88	1	1	7560	19353600	19353600	36864	3244032	3244032	1	1	0	1	1
70	1788291913951593210	eager	1927	MUL_MAT	MMQ	-	blk.29.ffn_gate.weight	ffn_gate-29	q4_K	f32	f32	2560	9216	1	1	2560	88	1	1	1440	13271040	13271040	10240	901120	901120	1	1	0	1	1
70	1788291913951593210	eager	1927	MUL_MAT	MMQ	-	blk.29.ffn_up.weight	ffn_up-29	q4_K	f32	f32	2560	9216	1	1	2560	88	1	1	1440	13271040	13271040	10240	901120	901120	1	1	0	1	1
70	1788291913951593210	eager	1927	MUL_MAT	MMQ	-	blk.29.ssm_alpha.weight	node_1777	q8_0	f32	f32	2560	32	1	1	2560	88	1	1	2720	87040	87040	10240	901120	901120	1	1	0	1	1
70	1788291913951593210	eager	1927	MUL_MAT	MMQ	-	blk.29.ssm_beta.weight	node_1783	q8_0	f32	f32	2560	32	1	1	2560	88	1	1	2720	87040	87040	10240	901120	901120	1	1	0	1	1
70	1788291913951593210	eager	1927	MUL_MAT	MMQ	-	blk.29.ssm_out.weight	linear_attn_out-29	q5_K	f32	f32	4096	2560	1	1	4096	88	1	1	2816	7208960	7208960	16384	1441792	1441792	1	1	0	1	1
70	1788291913951593210	eager	1927	MUL_MAT	MMQ	-	blk.3.attn_k.weight	Kcur-3	q4_K	f32	f32	2560	1024	1	1	2560	88	1	1	1440	1474560	1474560	10240	901120	901120	1	1	0	1	1
70	1788291913951593210	eager	1927	MUL_MAT	MMQ	-	blk.3.attn_output.weight	attn_output-3	q4_K	f32	f32	4096	2560	1	1	4096	88	1	1	2304	5898240	5898240	16384	1441792	1441792	1	1	0	1	1
70	1788291913951593210	eager	1927	MUL_MAT	MMQ	-	blk.3.attn_q.weight	Qcur_full-3	q4_K	f32	f32	2560	8192	1	1	2560	88	1	1	1440	11796480	11796480	10240	901120	901120	1	1	0	1	1
70	1788291913951593210	eager	1927	MUL_MAT	MMQ	-	blk.3.attn_v.weight	Vcur-3	q6_K	f32	f32	2560	1024	1	1	2560	88	1	1	2100	2150400	2150400	10240	901120	901120	1	1	0	1	1
70	1788291913951593210	eager	1927	MUL_MAT	MMQ	-	blk.3.ffn_down.weight	ffn_out-3	q6_K	f32	f32	9216	2560	1	1	9216	88	1	1	7560	19353600	19353600	36864	3244032	3244032	1	1	0	1	1
70	1788291913951593210	eager	1927	MUL_MAT	MMQ	-	blk.3.ffn_gate.weight	ffn_gate-3	q4_K	f32	f32	2560	9216	1	1	2560	88	1	1	1440	13271040	13271040	10240	901120	901120	1	1	0	1	1
70	1788291913951593210	eager	1927	MUL_MAT	MMQ	-	blk.3.ffn_up.weight	ffn_up-3	q4_K	f32	f32	2560	9216	1	1	2560	88	1	1	1440	13271040	13271040	10240	901120	901120	1	1	0	1	1
70	1788291913951593210	eager	1927	MUL_MAT	MMQ	-	blk.30.attn_gate.weight	z-30	q4_K	f32	f32	2560	4096	1	1	2560	88	1	1	1440	5898240	5898240	10240	901120	901120	1	1	0	1	1
70	1788291913951593210	eager	1927	MUL_MAT	MMQ	-	blk.30.attn_qkv.weight	node_1819	q5_K	f32	f32	2560	8192	1	1	2560	88	1	1	1760	14417920	14417920	10240	901120	901120	1	1	0	1	1
70	1788291913951593210	eager	1927	MUL_MAT	MMQ	-	blk.30.ffn_down.weight	ffn_out-30	q6_K	f32	f32	9216	2560	1	1	9216	88	1	1	7560	19353600	19353600	36864	3244032	3244032	1	1	0	1	1
70	1788291913951593210	eager	1927	MUL_MAT	MMQ	-	blk.30.ffn_gate.weight	ffn_gate-30	q4_K	f32	f32	2560	9216	1	1	2560	88	1	1	1440	13271040	13271040	10240	901120	901120	1	1	0	1	1
70	1788291913951593210	eager	1927	MUL_MAT	MMQ	-	blk.30.ffn_up.weight	ffn_up-30	q4_K	f32	f32	2560	9216	1	1	2560	88	1	1	1440	13271040	13271040	10240	901120	901120	1	1	0	1	1
70	1788291913951593210	eager	1927	MUL_MAT	MMQ	-	blk.30.ssm_alpha.weight	node_1840	q8_0	f32	f32	2560	32	1	1	2560	88	1	1	2720	87040	87040	10240	901120	901120	1	1	0	1	1
70	1788291913951593210	eager	1927	MUL_MAT	MMQ	-	blk.30.ssm_beta.weight	node_1846	q8_0	f32	f32	2560	32	1	1	2560	88	1	1	2720	87040	87040	10240	901120	901120	1	1	0	1	1
70	1788291913951593210	eager	1927	MUL_MAT	MMQ	-	blk.30.ssm_out.weight	linear_attn_out-30	q5_K	f32	f32	4096	2560	1	1	4096	88	1	1	2816	7208960	7208960	16384	1441792	1441792	1	1	0	1	1
70	1788291913951593210	eager	1927	MUL_MAT	MMQ	-	blk.31.attn_k.weight	Kcur-31	q4_K	f32	f32	2560	1024	1	1	2560	88	1	1	1440	1474560	1474560	10240	901120	901120	1	1	0	1	1
70	1788291913951593210	eager	1927	MUL_MAT	MMQ	-	blk.31.attn_output.weight	attn_output-31	q4_K	f32	f32	4096	2560	1	1	4096	88	1	1	2304	5898240	5898240	16384	1441792	1441792	1	1	0	1	1
70	1788291913951593210	eager	1927	MUL_MAT	MMQ	-	blk.31.attn_q.weight	Qcur_full-31	q4_K	f32	f32	2560	8192	1	1	2560	88	1	1	1440	11796480	11796480	10240	901120	901120	1	1	0	1	1
70	1788291913951593210	eager	1927	MUL_MAT	MMQ	-	blk.31.attn_v.weight	Vcur-31	q4_K	f32	f32	2560	1024	1	1	2560	88	1	1	1440	1474560	1474560	10240	901120	901120	1	1	0	1	1
70	1788291913951593210	eager	1927	MUL_MAT	MMQ	-	blk.31.ffn_down.weight	ffn_out-31	q6_K	f32	f32	9216	2560	1	1	9216	88	1	1	7560	19353600	19353600	36864	3244032	3244032	1	1	0	1	1
70	1788291913951593210	eager	1927	MUL_MAT	MMQ	-	blk.31.ffn_gate.weight	ffn_gate-31	q4_K	f32	f32	2560	9216	1	1	2560	88	1	1	1440	13271040	13271040	10240	901120	901120	1	1	0	1	1
70	1788291913951593210	eager	1927	MUL_MAT	MMQ	-	blk.31.ffn_up.weight	ffn_up-31	q4_K	f32	f32	2560	9216	1	1	2560	88	1	1	1440	13271040	13271040	10240	901120	901120	1	1	0	1	1
70	1788291913951593210	eager	1927	MUL_MAT	MMQ	-	blk.4.attn_gate.weight	z-4	q4_K	f32	f32	2560	4096	1	1	2560	88	1	1	1440	5898240	5898240	10240	901120	901120	1	1	0	1	1
70	1788291913951593210	eager	1927	MUL_MAT	MMQ	-	blk.4.attn_qkv.weight	node_253	q5_K	f32	f32	2560	8192	1	1	2560	88	1	1	1760	14417920	14417920	10240	901120	901120	1	1	0	1	1
70	1788291913951593210	eager	1927	MUL_MAT	MMQ	-	blk.4.ffn_down.weight	ffn_out-4	q4_K	f32	f32	9216	2560	1	1	9216	88	1	1	5184	13271040	13271040	36864	3244032	3244032	1	1	0	1	1
70	1788291913951593210	eager	1927	MUL_MAT	MMQ	-	blk.4.ffn_gate.weight	ffn_gate-4	q4_K	f32	f32	2560	9216	1	1	2560	88	1	1	1440	13271040	13271040	10240	901120	901120	1	1	0	1	1
70	1788291913951593210	eager	1927	MUL_MAT	MMQ	-	blk.4.ffn_up.weight	ffn_up-4	q4_K	f32	f32	2560	9216	1	1	2560	88	1	1	1440	13271040	13271040	10240	901120	901120	1	1	0	1	1
70	1788291913951593210	eager	1927	MUL_MAT	MMQ	-	blk.4.ssm_alpha.weight	node_274	q8_0	f32	f32	2560	32	1	1	2560	88	1	1	2720	87040	87040	10240	901120	901120	1	1	0	1	1
70	1788291913951593210	eager	1927	MUL_MAT	MMQ	-	blk.4.ssm_beta.weight	node_280	q8_0	f32	f32	2560	32	1	1	2560	88	1	1	2720	87040	87040	10240	901120	901120	1	1	0	1	1
70	1788291913951593210	eager	1927	MUL_MAT	MMQ	-	blk.4.ssm_out.weight	linear_attn_out-4	q5_K	f32	f32	4096	2560	1	1	4096	88	1	1	2816	7208960	7208960	16384	1441792	1441792	1	1	0	1	1
70	1788291913951593210	eager	1927	MUL_MAT	MMQ	-	blk.5.attn_gate.weight	z-5	q4_K	f32	f32	2560	4096	1	1	2560	88	1	1	1440	5898240	5898240	10240	901120	901120	1	1	0	1	1
70	1788291913951593210	eager	1927	MUL_MAT	MMQ	-	blk.5.attn_qkv.weight	node_316	q5_K	f32	f32	2560	8192	1	1	2560	88	1	1	1760	14417920	14417920	10240	901120	901120	1	1	0	1	1
70	1788291913951593210	eager	1927	MUL_MAT	MMQ	-	blk.5.ffn_down.weight	ffn_out-5	q4_K	f32	f32	9216	2560	1	1	9216	88	1	1	5184	13271040	13271040	36864	3244032	3244032	1	1	0	1	1
70	1788291913951593210	eager	1927	MUL_MAT	MMQ	-	blk.5.ffn_gate.weight	ffn_gate-5	q4_K	f32	f32	2560	9216	1	1	2560	88	1	1	1440	13271040	13271040	10240	901120	901120	1	1	0	1	1
70	1788291913951593210	eager	1927	MUL_MAT	MMQ	-	blk.5.ffn_up.weight	ffn_up-5	q4_K	f32	f32	2560	9216	1	1	2560	88	1	1	1440	13271040	13271040	10240	901120	901120	1	1	0	1	1
70	1788291913951593210	eager	1927	MUL_MAT	MMQ	-	blk.5.ssm_alpha.weight	node_337	q8_0	f32	f32	2560	32	1	1	2560	88	1	1	2720	87040	87040	10240	901120	901120	1	1	0	1	1
70	1788291913951593210	eager	1927	MUL_MAT	MMQ	-	blk.5.ssm_beta.weight	node_343	q8_0	f32	f32	2560	32	1	1	2560	88	1	1	2720	87040	87040	10240	901120	901120	1	1	0	1	1
70	1788291913951593210	eager	1927	MUL_MAT	MMQ	-	blk.5.ssm_out.weight	linear_attn_out-5	q5_K	f32	f32	4096	2560	1	1	4096	88	1	1	2816	7208960	7208960	16384	1441792	1441792	1	1	0	1	1
70	1788291913951593210	eager	1927	MUL_MAT	MMQ	-	blk.6.attn_gate.weight	z-6	q4_K	f32	f32	2560	4096	1	1	2560	88	1	1	1440	5898240	5898240	10240	901120	901120	1	1	0	1	1
70	1788291913951593210	eager	1927	MUL_MAT	MMQ	-	blk.6.attn_qkv.weight	node_379	q5_K	f32	f32	2560	8192	1	1	2560	88	1	1	1760	14417920	14417920	10240	901120	901120	1	1	0	1	1
70	1788291913951593210	eager	1927	MUL_MAT	MMQ	-	blk.6.ffn_down.weight	ffn_out-6	q6_K	f32	f32	9216	2560	1	1	9216	88	1	1	7560	19353600	19353600	36864	3244032	3244032	1	1	0	1	1
70	1788291913951593210	eager	1927	MUL_MAT	MMQ	-	blk.6.ffn_gate.weight	ffn_gate-6	q4_K	f32	f32	2560	9216	1	1	2560	88	1	1	1440	13271040	13271040	10240	901120	901120	1	1	0	1	1
70	1788291913951593210	eager	1927	MUL_MAT	MMQ	-	blk.6.ffn_up.weight	ffn_up-6	q4_K	f32	f32	2560	9216	1	1	2560	88	1	1	1440	13271040	13271040	10240	901120	901120	1	1	0	1	1
70	1788291913951593210	eager	1927	MUL_MAT	MMQ	-	blk.6.ssm_alpha.weight	node_400	q8_0	f32	f32	2560	32	1	1	2560	88	1	1	2720	87040	87040	10240	901120	901120	1	1	0	1	1
70	1788291913951593210	eager	1927	MUL_MAT	MMQ	-	blk.6.ssm_beta.weight	node_406	q8_0	f32	f32	2560	32	1	1	2560	88	1	1	2720	87040	87040	10240	901120	901120	1	1	0	1	1
70	1788291913951593210	eager	1927	MUL_MAT	MMQ	-	blk.6.ssm_out.weight	linear_attn_out-6	q5_K	f32	f32	4096	2560	1	1	4096	88	1	1	2816	7208960	7208960	16384	1441792	1441792	1	1	0	1	1
70	1788291913951593210	eager	1927	MUL_MAT	MMQ	-	blk.7.attn_k.weight	Kcur-7	q4_K	f32	f32	2560	1024	1	1	2560	88	1	1	1440	1474560	1474560	10240	901120	901120	1	1	0	1	1
70	1788291913951593210	eager	1927	MUL_MAT	MMQ	-	blk.7.attn_output.weight	attn_output-7	q4_K	f32	f32	4096	2560	1	1	4096	88	1	1	2304	5898240	5898240	16384	1441792	1441792	1	1	0	1	1
70	1788291913951593210	eager	1927	MUL_MAT	MMQ	-	blk.7.attn_q.weight	Qcur_full-7	q4_K	f32	f32	2560	8192	1	1	2560	88	1	1	1440	11796480	11796480	10240	901120	901120	1	1	0	1	1
70	1788291913951593210	eager	1927	MUL_MAT	MMQ	-	blk.7.attn_v.weight	Vcur-7	q6_K	f32	f32	2560	1024	1	1	2560	88	1	1	2100	2150400	2150400	10240	901120	901120	1	1	0	1	1
70	1788291913951593210	eager	1927	MUL_MAT	MMQ	-	blk.7.ffn_down.weight	ffn_out-7	q4_K	f32	f32	9216	2560	1	1	9216	88	1	1	5184	13271040	13271040	36864	3244032	3244032	1	1	0	1	1
70	1788291913951593210	eager	1927	MUL_MAT	MMQ	-	blk.7.ffn_gate.weight	ffn_gate-7	q4_K	f32	f32	2560	9216	1	1	2560	88	1	1	1440	13271040	13271040	10240	901120	901120	1	1	0	1	1
70	1788291913951593210	eager	1927	MUL_MAT	MMQ	-	blk.7.ffn_up.weight	ffn_up-7	q4_K	f32	f32	2560	9216	1	1	2560	88	1	1	1440	13271040	13271040	10240	901120	901120	1	1	0	1	1
70	1788291913951593210	eager	1927	MUL_MAT	MMQ	-	blk.8.attn_gate.weight	z-8	q4_K	f32	f32	2560	4096	1	1	2560	88	1	1	1440	5898240	5898240	10240	901120	901120	1	1	0	1	1
70	1788291913951593210	eager	1927	MUL_MAT	MMQ	-	blk.8.attn_qkv.weight	node_493	q5_K	f32	f32	2560	8192	1	1	2560	88	1	1	1760	14417920	14417920	10240	901120	901120	1	1	0	1	1
70	1788291913951593210	eager	1927	MUL_MAT	MMQ	-	blk.8.ffn_down.weight	ffn_out-8	q4_K	f32	f32	9216	2560	1	1	9216	88	1	1	5184	13271040	13271040	36864	3244032	3244032	1	1	0	1	1
70	1788291913951593210	eager	1927	MUL_MAT	MMQ	-	blk.8.ffn_gate.weight	ffn_gate-8	q4_K	f32	f32	2560	9216	1	1	2560	88	1	1	1440	13271040	13271040	10240	901120	901120	1	1	0	1	1
70	1788291913951593210	eager	1927	MUL_MAT	MMQ	-	blk.8.ffn_up.weight	ffn_up-8	q4_K	f32	f32	2560	9216	1	1	2560	88	1	1	1440	13271040	13271040	10240	901120	901120	1	1	0	1	1
70	1788291913951593210	eager	1927	MUL_MAT	MMQ	-	blk.8.ssm_alpha.weight	node_514	q8_0	f32	f32	2560	32	1	1	2560	88	1	1	2720	87040	87040	10240	901120	901120	1	1	0	1	1
70	1788291913951593210	eager	1927	MUL_MAT	MMQ	-	blk.8.ssm_beta.weight	node_520	q8_0	f32	f32	2560	32	1	1	2560	88	1	1	2720	87040	87040	10240	901120	901120	1	1	0	1	1
70	1788291913951593210	eager	1927	MUL_MAT	MMQ	-	blk.8.ssm_out.weight	linear_attn_out-8	q5_K	f32	f32	4096	2560	1	1	4096	88	1	1	2816	7208960	7208960	16384	1441792	1441792	1	1	0	1	1
70	1788291913951593210	eager	1927	MUL_MAT	MMQ	-	blk.9.attn_gate.weight	z-9	q4_K	f32	f32	2560	4096	1	1	2560	88	1	1	1440	5898240	5898240	10240	901120	901120	1	1	0	1	1
70	1788291913951593210	eager	1927	MUL_MAT	MMQ	-	blk.9.attn_qkv.weight	node_556	q5_K	f32	f32	2560	8192	1	1	2560	88	1	1	1760	14417920	14417920	10240	901120	901120	1	1	0	1	1
70	1788291913951593210	eager	1927	MUL_MAT	MMQ	-	blk.9.ffn_down.weight	ffn_out-9	q6_K	f32	f32	9216	2560	1	1	9216	88	1	1	7560	19353600	19353600	36864	3244032	3244032	1	1	0	1	1
70	1788291913951593210	eager	1927	MUL_MAT	MMQ	-	blk.9.ffn_gate.weight	ffn_gate-9	q4_K	f32	f32	2560	9216	1	1	2560	88	1	1	1440	13271040	13271040	10240	901120	901120	1	1	0	1	1
70	1788291913951593210	eager	1927	MUL_MAT	MMQ	-	blk.9.ffn_up.weight	ffn_up-9	q4_K	f32	f32	2560	9216	1	1	2560	88	1	1	1440	13271040	13271040	10240	901120	901120	1	1	0	1	1
70	1788291913951593210	eager	1927	MUL_MAT	MMQ	-	blk.9.ssm_alpha.weight	node_577	q8_0	f32	f32	2560	32	1	1	2560	88	1	1	2720	87040	87040	10240	901120	901120	1	1	0	1	1
70	1788291913951593210	eager	1927	MUL_MAT	MMQ	-	blk.9.ssm_beta.weight	node_583	q8_0	f32	f32	2560	32	1	1	2560	88	1	1	2720	87040	87040	10240	901120	901120	1	1	0	1	1
70	1788291913951593210	eager	1927	MUL_MAT	MMQ	-	blk.9.ssm_out.weight	linear_attn_out-9	q5_K	f32	f32	4096	2560	1	1	4096	88	1	1	2816	7208960	7208960	16384	1441792	1441792	1	1	0	1	1
71	1788291913972349033	eager	1927	MUL_MAT	MMQ	-	blk.0.attn_gate.weight	z-0	q4_K	f32	f32	2560	4096	1	1	2560	10	1	1	1440	5898240	5898240	10240	102400	102400	1	1	0	1	1
71	1788291913972349033	eager	1927	MUL_MAT	MMQ	-	blk.0.attn_qkv.weight	node_13	q5_K	f32	f32	2560	8192	1	1	2560	10	1	1	1760	14417920	14417920	10240	102400	102400	1	1	0	1	1
71	1788291913972349033	eager	1927	MUL_MAT	MMQ	-	blk.0.ffn_gate.weight	ffn_gate-0	q4_K	f32	f32	2560	9216	1	1	2560	10	1	1	1440	13271040	13271040	10240	102400	102400	1	1	0	1	1
71	1788291913972349033	eager	1927	MUL_MAT	MMQ	-	blk.0.ffn_up.weight	ffn_up-0	q4_K	f32	f32	2560	9216	1	1	2560	10	1	1	1440	13271040	13271040	10240	102400	102400	1	1	0	1	1
71	1788291913972349033	eager	1927	MUL_MAT	MMQ	-	blk.0.ssm_out.weight	linear_attn_out-0	q5_K	f32	f32	4096	2560	1	1	4096	10	1	1	2816	7208960	7208960	16384	163840	163840	1	1	0	1	1
71	1788291913972349033	eager	1927	MUL_MAT	MMQ	-	blk.1.attn_gate.weight	z-1	q4_K	f32	f32	2560	4096	1	1	2560	10	1	1	1440	5898240	5898240	10240	102400	102400	1	1	0	1	1
71	1788291913972349033	eager	1927	MUL_MAT	MMQ	-	blk.1.attn_qkv.weight	node_76	q5_K	f32	f32	2560	8192	1	1	2560	10	1	1	1760	14417920	14417920	10240	102400	102400	1	1	0	1	1
71	1788291913972349033	eager	1927	MUL_MAT	MMQ	-	blk.1.ffn_gate.weight	ffn_gate-1	q4_K	f32	f32	2560	9216	1	1	2560	10	1	1	1440	13271040	13271040	10240	102400	102400	1	1	0	1	1
71	1788291913972349033	eager	1927	MUL_MAT	MMQ	-	blk.1.ffn_up.weight	ffn_up-1	q4_K	f32	f32	2560	9216	1	1	2560	10	1	1	1440	13271040	13271040	10240	102400	102400	1	1	0	1	1
71	1788291913972349033	eager	1927	MUL_MAT	MMQ	-	blk.1.ssm_out.weight	linear_attn_out-1	q5_K	f32	f32	4096	2560	1	1	4096	10	1	1	2816	7208960	7208960	16384	163840	163840	1	1	0	1	1
71	1788291913972349033	eager	1927	MUL_MAT	MMQ	-	blk.10.attn_gate.weight	z-10	q4_K	f32	f32	2560	4096	1	1	2560	10	1	1	1440	5898240	5898240	10240	102400	102400	1	1	0	1	1
71	1788291913972349033	eager	1927	MUL_MAT	MMQ	-	blk.10.attn_qkv.weight	node_619	q5_K	f32	f32	2560	8192	1	1	2560	10	1	1	1760	14417920	14417920	10240	102400	102400	1	1	0	1	1
71	1788291913972349033	eager	1927	MUL_MAT	MMQ	-	blk.10.ffn_down.weight	ffn_out-10	q4_K	f32	f32	9216	2560	1	1	9216	10	1	1	5184	13271040	13271040	36864	368640	368640	1	1	0	1	1
71	1788291913972349033	eager	1927	MUL_MAT	MMQ	-	blk.10.ffn_gate.weight	ffn_gate-10	q4_K	f32	f32	2560	9216	1	1	2560	10	1	1	1440	13271040	13271040	10240	102400	102400	1	1	0	1	1
71	1788291913972349033	eager	1927	MUL_MAT	MMQ	-	blk.10.ffn_up.weight	ffn_up-10	q4_K	f32	f32	2560	9216	1	1	2560	10	1	1	1440	13271040	13271040	10240	102400	102400	1	1	0	1	1
71	1788291913972349033	eager	1927	MUL_MAT	MMQ	-	blk.10.ssm_out.weight	linear_attn_out-10	q5_K	f32	f32	4096	2560	1	1	4096	10	1	1	2816	7208960	7208960	16384	163840	163840	1	1	0	1	1
71	1788291913972349033	eager	1927	MUL_MAT	MMQ	-	blk.11.attn_k.weight	Kcur-11	q4_K	f32	f32	2560	1024	1	1	2560	10	1	1	1440	1474560	1474560	10240	102400	102400	1	1	0	1	1
71	1788291913972349033	eager	1927	MUL_MAT	MMQ	-	blk.11.attn_output.weight	attn_output-11	q4_K	f32	f32	4096	2560	1	1	4096	10	1	1	2304	5898240	5898240	16384	163840	163840	1	1	0	1	1
71	1788291913972349033	eager	1927	MUL_MAT	MMQ	-	blk.11.attn_q.weight	Qcur_full-11	q4_K	f32	f32	2560	8192	1	1	2560	10	1	1	1440	11796480	11796480	10240	102400	102400	1	1	0	1	1
71	1788291913972349033	eager	1927	MUL_MAT	MMQ	-	blk.11.ffn_down.weight	ffn_out-11	q4_K	f32	f32	9216	2560	1	1	9216	10	1	1	5184	13271040	13271040	36864	368640	368640	1	1	0	1	1
71	1788291913972349033	eager	1927	MUL_MAT	MMQ	-	blk.11.ffn_gate.weight	ffn_gate-11	q4_K	f32	f32	2560	9216	1	1	2560	10	1	1	1440	13271040	13271040	10240	102400	102400	1	1	0	1	1
71	1788291913972349033	eager	1927	MUL_MAT	MMQ	-	blk.11.ffn_up.weight	ffn_up-11	q4_K	f32	f32	2560	9216	1	1	2560	10	1	1	1440	13271040	13271040	10240	102400	102400	1	1	0	1	1
71	1788291913972349033	eager	1927	MUL_MAT	MMQ	-	blk.12.attn_gate.weight	z-12	q4_K	f32	f32	2560	4096	1	1	2560	10	1	1	1440	5898240	5898240	10240	102400	102400	1	1	0	1	1
71	1788291913972349033	eager	1927	MUL_MAT	MMQ	-	blk.12.attn_qkv.weight	node_733	q5_K	f32	f32	2560	8192	1	1	2560	10	1	1	1760	14417920	14417920	10240	102400	102400	1	1	0	1	1
71	1788291913972349033	eager	1927	MUL_MAT	MMQ	-	blk.12.ffn_gate.weight	ffn_gate-12	q4_K	f32	f32	2560	9216	1	1	2560	10	1	1	1440	13271040	13271040	10240	102400	102400	1	1	0	1	1
71	1788291913972349033	eager	1927	MUL_MAT	MMQ	-	blk.12.ffn_up.weight	ffn_up-12	q4_K	f32	f32	2560	9216	1	1	2560	10	1	1	1440	13271040	13271040	10240	102400	102400	1	1	0	1	1
71	1788291913972349033	eager	1927	MUL_MAT	MMQ	-	blk.12.ssm_out.weight	linear_attn_out-12	q5_K	f32	f32	4096	2560	1	1	4096	10	1	1	2816	7208960	7208960	16384	163840	163840	1	1	0	1	1
71	1788291913972349033	eager	1927	MUL_MAT	MMQ	-	blk.13.attn_gate.weight	z-13	q4_K	f32	f32	2560	4096	1	1	2560	10	1	1	1440	5898240	5898240	10240	102400	102400	1	1	0	1	1
71	1788291913972349033	eager	1927	MUL_MAT	MMQ	-	blk.13.attn_qkv.weight	node_796	q5_K	f32	f32	2560	8192	1	1	2560	10	1	1	1760	14417920	14417920	10240	102400	102400	1	1	0	1	1
71	1788291913972349033	eager	1927	MUL_MAT	MMQ	-	blk.13.ffn_down.weight	ffn_out-13	q4_K	f32	f32	9216	2560	1	1	9216	10	1	1	5184	13271040	13271040	36864	368640	368640	1	1	0	1	1
71	1788291913972349033	eager	1927	MUL_MAT	MMQ	-	blk.13.ffn_gate.weight	ffn_gate-13	q4_K	f32	f32	2560	9216	1	1	2560	10	1	1	1440	13271040	13271040	10240	102400	102400	1	1	0	1	1
71	1788291913972349033	eager	1927	MUL_MAT	MMQ	-	blk.13.ffn_up.weight	ffn_up-13	q4_K	f32	f32	2560	9216	1	1	2560	10	1	1	1440	13271040	13271040	10240	102400	102400	1	1	0	1	1
71	1788291913972349033	eager	1927	MUL_MAT	MMQ	-	blk.13.ssm_out.weight	linear_attn_out-13	q5_K	f32	f32	4096	2560	1	1	4096	10	1	1	2816	7208960	7208960	16384	163840	163840	1	1	0	1	1
71	1788291913972349033	eager	1927	MUL_MAT	MMQ	-	blk.14.attn_gate.weight	z-14	q4_K	f32	f32	2560	4096	1	1	2560	10	1	1	1440	5898240	5898240	10240	102400	102400	1	1	0	1	1
71	1788291913972349033	eager	1927	MUL_MAT	MMQ	-	blk.14.attn_qkv.weight	node_859	q5_K	f32	f32	2560	8192	1	1	2560	10	1	1	1760	14417920	14417920	10240	102400	102400	1	1	0	1	1
71	1788291913972349033	eager	1927	MUL_MAT	MMQ	-	blk.14.ffn_down.weight	ffn_out-14	q4_K	f32	f32	9216	2560	1	1	9216	10	1	1	5184	13271040	13271040	36864	368640	368640	1	1	0	1	1
71	1788291913972349033	eager	1927	MUL_MAT	MMQ	-	blk.14.ffn_gate.weight	ffn_gate-14	q4_K	f32	f32	2560	9216	1	1	2560	10	1	1	1440	13271040	13271040	10240	102400	102400	1	1	0	1	1
71	1788291913972349033	eager	1927	MUL_MAT	MMQ	-	blk.14.ffn_up.weight	ffn_up-14	q4_K	f32	f32	2560	9216	1	1	2560	10	1	1	1440	13271040	13271040	10240	102400	102400	1	1	0	1	1
71	1788291913972349033	eager	1927	MUL_MAT	MMQ	-	blk.14.ssm_out.weight	linear_attn_out-14	q5_K	f32	f32	4096	2560	1	1	4096	10	1	1	2816	7208960	7208960	16384	163840	163840	1	1	0	1	1
71	1788291913972349033	eager	1927	MUL_MAT	MMQ	-	blk.15.attn_k.weight	Kcur-15	q4_K	f32	f32	2560	1024	1	1	2560	10	1	1	1440	1474560	1474560	10240	102400	102400	1	1	0	1	1
71	1788291913972349033	eager	1927	MUL_MAT	MMQ	-	blk.15.attn_output.weight	attn_output-15	q4_K	f32	f32	4096	2560	1	1	4096	10	1	1	2304	5898240	5898240	16384	163840	163840	1	1	0	1	1
71	1788291913972349033	eager	1927	MUL_MAT	MMQ	-	blk.15.attn_q.weight	Qcur_full-15	q4_K	f32	f32	2560	8192	1	1	2560	10	1	1	1440	11796480	11796480	10240	102400	102400	1	1	0	1	1
71	1788291913972349033	eager	1927	MUL_MAT	MMQ	-	blk.15.ffn_gate.weight	ffn_gate-15	q4_K	f32	f32	2560	9216	1	1	2560	10	1	1	1440	13271040	13271040	10240	102400	102400	1	1	0	1	1
71	1788291913972349033	eager	1927	MUL_MAT	MMQ	-	blk.15.ffn_up.weight	ffn_up-15	q4_K	f32	f32	2560	9216	1	1	2560	10	1	1	1440	13271040	13271040	10240	102400	102400	1	1	0	1	1
71	1788291913972349033	eager	1927	MUL_MAT	MMQ	-	blk.16.attn_gate.weight	z-16	q4_K	f32	f32	2560	4096	1	1	2560	10	1	1	1440	5898240	5898240	10240	102400	102400	1	1	0	1	1
71	1788291913972349033	eager	1927	MUL_MAT	MMQ	-	blk.16.attn_qkv.weight	node_973	q5_K	f32	f32	2560	8192	1	1	2560	10	1	1	1760	14417920	14417920	10240	102400	102400	1	1	0	1	1
71	1788291913972349033	eager	1927	MUL_MAT	MMQ	-	blk.16.ffn_down.weight	ffn_out-16	q4_K	f32	f32	9216	2560	1	1	9216	10	1	1	5184	13271040	13271040	36864	368640	368640	1	1	0	1	1
71	1788291913972349033	eager	1927	MUL_MAT	MMQ	-	blk.16.ffn_gate.weight	ffn_gate-16	q4_K	f32	f32	2560	9216	1	1	2560	10	1	1	1440	13271040	13271040	10240	102400	102400	1	1	0	1	1
71	1788291913972349033	eager	1927	MUL_MAT	MMQ	-	blk.16.ffn_up.weight	ffn_up-16	q4_K	f32	f32	2560	9216	1	1	2560	10	1	1	1440	13271040	13271040	10240	102400	102400	1	1	0	1	1
71	1788291913972349033	eager	1927	MUL_MAT	MMQ	-	blk.16.ssm_out.weight	linear_attn_out-16	q5_K	f32	f32	4096	2560	1	1	4096	10	1	1	2816	7208960	7208960	16384	163840	163840	1	1	0	1	1
71	1788291913972349033	eager	1927	MUL_MAT	MMQ	-	blk.17.attn_gate.weight	z-17	q4_K	f32	f32	2560	4096	1	1	2560	10	1	1	1440	5898240	5898240	10240	102400	102400	1	1	0	1	1
71	1788291913972349033	eager	1927	MUL_MAT	MMQ	-	blk.17.attn_qkv.weight	node_1036	q5_K	f32	f32	2560	8192	1	1	2560	10	1	1	1760	14417920	14417920	10240	102400	102400	1	1	0	1	1
71	1788291913972349033	eager	1927	MUL_MAT	MMQ	-	blk.17.ffn_down.weight	ffn_out-17	q4_K	f32	f32	9216	2560	1	1	9216	10	1	1	5184	13271040	13271040	36864	368640	368640	1	1	0	1	1
71	1788291913972349033	eager	1927	MUL_MAT	MMQ	-	blk.17.ffn_gate.weight	ffn_gate-17	q4_K	f32	f32	2560	9216	1	1	2560	10	1	1	1440	13271040	13271040	10240	102400	102400	1	1	0	1	1
71	1788291913972349033	eager	1927	MUL_MAT	MMQ	-	blk.17.ffn_up.weight	ffn_up-17	q4_K	f32	f32	2560	9216	1	1	2560	10	1	1	1440	13271040	13271040	10240	102400	102400	1	1	0	1	1
71	1788291913972349033	eager	1927	MUL_MAT	MMQ	-	blk.17.ssm_out.weight	linear_attn_out-17	q5_K	f32	f32	4096	2560	1	1	4096	10	1	1	2816	7208960	7208960	16384	163840	163840	1	1	0	1	1
71	1788291913972349033	eager	1927	MUL_MAT	MMQ	-	blk.18.attn_gate.weight	z-18	q4_K	f32	f32	2560	4096	1	1	2560	10	1	1	1440	5898240	5898240	10240	102400	102400	1	1	0	1	1
71	1788291913972349033	eager	1927	MUL_MAT	MMQ	-	blk.18.attn_qkv.weight	node_1099	q5_K	f32	f32	2560	8192	1	1	2560	10	1	1	1760	14417920	14417920	10240	102400	102400	1	1	0	1	1
71	1788291913972349033	eager	1927	MUL_MAT	MMQ	-	blk.18.ffn_gate.weight	ffn_gate-18	q4_K	f32	f32	2560	9216	1	1	2560	10	1	1	1440	13271040	13271040	10240	102400	102400	1	1	0	1	1
71	1788291913972349033	eager	1927	MUL_MAT	MMQ	-	blk.18.ffn_up.weight	ffn_up-18	q4_K	f32	f32	2560	9216	1	1	2560	10	1	1	1440	13271040	13271040	10240	102400	102400	1	1	0	1	1
71	1788291913972349033	eager	1927	MUL_MAT	MMQ	-	blk.18.ssm_out.weight	linear_attn_out-18	q5_K	f32	f32	4096	2560	1	1	4096	10	1	1	2816	7208960	7208960	16384	163840	163840	1	1	0	1	1
71	1788291913972349033	eager	1927	MUL_MAT	MMQ	-	blk.19.attn_k.weight	Kcur-19	q4_K	f32	f32	2560	1024	1	1	2560	10	1	1	1440	1474560	1474560	10240	102400	102400	1	1	0	1	1
71	1788291913972349033	eager	1927	MUL_MAT	MMQ	-	blk.19.attn_output.weight	attn_output-19	q4_K	f32	f32	4096	2560	1	1	4096	10	1	1	2304	5898240	5898240	16384	163840	163840	1	1	0	1	1
71	1788291913972349033	eager	1927	MUL_MAT	MMQ	-	blk.19.attn_q.weight	Qcur_full-19	q4_K	f32	f32	2560	8192	1	1	2560	10	1	1	1440	11796480	11796480	10240	102400	102400	1	1	0	1	1
71	1788291913972349033	eager	1927	MUL_MAT	MMQ	-	blk.19.attn_v.weight	Vcur-19	q4_K	f32	f32	2560	1024	1	1	2560	10	1	1	1440	1474560	1474560	10240	102400	102400	1	1	0	1	1
71	1788291913972349033	eager	1927	MUL_MAT	MMQ	-	blk.19.ffn_down.weight	ffn_out-19	q4_K	f32	f32	9216	2560	1	1	9216	10	1	1	5184	13271040	13271040	36864	368640	368640	1	1	0	1	1
71	1788291913972349033	eager	1927	MUL_MAT	MMQ	-	blk.19.ffn_gate.weight	ffn_gate-19	q4_K	f32	f32	2560	9216	1	1	2560	10	1	1	1440	13271040	13271040	10240	102400	102400	1	1	0	1	1
71	1788291913972349033	eager	1927	MUL_MAT	MMQ	-	blk.19.ffn_up.weight	ffn_up-19	q4_K	f32	f32	2560	9216	1	1	2560	10	1	1	1440	13271040	13271040	10240	102400	102400	1	1	0	1	1
71	1788291913972349033	eager	1927	MUL_MAT	MMQ	-	blk.2.attn_gate.weight	z-2	q4_K	f32	f32	2560	4096	1	1	2560	10	1	1	1440	5898240	5898240	10240	102400	102400	1	1	0	1	1
71	1788291913972349033	eager	1927	MUL_MAT	MMQ	-	blk.2.attn_qkv.weight	node_139	q5_K	f32	f32	2560	8192	1	1	2560	10	1	1	1760	14417920	14417920	10240	102400	102400	1	1	0	1	1
71	1788291913972349033	eager	1927	MUL_MAT	MMQ	-	blk.2.ffn_gate.weight	ffn_gate-2	q4_K	f32	f32	2560	9216	1	1	2560	10	1	1	1440	13271040	13271040	10240	102400	102400	1	1	0	1	1
71	1788291913972349033	eager	1927	MUL_MAT	MMQ	-	blk.2.ffn_up.weight	ffn_up-2	q4_K	f32	f32	2560	9216	1	1	2560	10	1	1	1440	13271040	13271040	10240	102400	102400	1	1	0	1	1
71	1788291913972349033	eager	1927	MUL_MAT	MMQ	-	blk.2.ssm_out.weight	linear_attn_out-2	q5_K	f32	f32	4096	2560	1	1	4096	10	1	1	2816	7208960	7208960	16384	163840	163840	1	1	0	1	1
71	1788291913972349033	eager	1927	MUL_MAT	MMQ	-	blk.20.attn_gate.weight	z-20	q4_K	f32	f32	2560	4096	1	1	2560	10	1	1	1440	5898240	5898240	10240	102400	102400	1	1	0	1	1
71	1788291913972349033	eager	1927	MUL_MAT	MMQ	-	blk.20.attn_qkv.weight	node_1213	q5_K	f32	f32	2560	8192	1	1	2560	10	1	1	1760	14417920	14417920	10240	102400	102400	1	1	0	1	1
71	1788291913972349033	eager	1927	MUL_MAT	MMQ	-	blk.20.ffn_down.weight	ffn_out-20	q4_K	f32	f32	9216	2560	1	1	9216	10	1	1	5184	13271040	13271040	36864	368640	368640	1	1	0	1	1
71	1788291913972349033	eager	1927	MUL_MAT	MMQ	-	blk.20.ffn_gate.weight	ffn_gate-20	q4_K	f32	f32	2560	9216	1	1	2560	10	1	1	1440	13271040	13271040	10240	102400	102400	1	1	0	1	1
71	1788291913972349033	eager	1927	MUL_MAT	MMQ	-	blk.20.ffn_up.weight	ffn_up-20	q4_K	f32	f32	2560	9216	1	1	2560	10	1	1	1440	13271040	13271040	10240	102400	102400	1	1	0	1	1
71	1788291913972349033	eager	1927	MUL_MAT	MMQ	-	blk.20.ssm_out.weight	linear_attn_out-20	q5_K	f32	f32	4096	2560	1	1	4096	10	1	1	2816	7208960	7208960	16384	163840	163840	1	1	0	1	1
71	1788291913972349033	eager	1927	MUL_MAT	MMQ	-	blk.21.attn_gate.weight	z-21	q4_K	f32	f32	2560	4096	1	1	2560	10	1	1	1440	5898240	5898240	10240	102400	102400	1	1	0	1	1
71	1788291913972349033	eager	1927	MUL_MAT	MMQ	-	blk.21.attn_qkv.weight	node_1276	q5_K	f32	f32	2560	8192	1	1	2560	10	1	1	1760	14417920	14417920	10240	102400	102400	1	1	0	1	1
71	1788291913972349033	eager	1927	MUL_MAT	MMQ	-	blk.21.ffn_gate.weight	ffn_gate-21	q4_K	f32	f32	2560	9216	1	1	2560	10	1	1	1440	13271040	13271040	10240	102400	102400	1	1	0	1	1
71	1788291913972349033	eager	1927	MUL_MAT	MMQ	-	blk.21.ffn_up.weight	ffn_up-21	q4_K	f32	f32	2560	9216	1	1	2560	10	1	1	1440	13271040	13271040	10240	102400	102400	1	1	0	1	1
71	1788291913972349033	eager	1927	MUL_MAT	MMQ	-	blk.21.ssm_out.weight	linear_attn_out-21	q5_K	f32	f32	4096	2560	1	1	4096	10	1	1	2816	7208960	7208960	16384	163840	163840	1	1	0	1	1
71	1788291913972349033	eager	1927	MUL_MAT	MMQ	-	blk.22.attn_gate.weight	z-22	q4_K	f32	f32	2560	4096	1	1	2560	10	1	1	1440	5898240	5898240	10240	102400	102400	1	1	0	1	1
71	1788291913972349033	eager	1927	MUL_MAT	MMQ	-	blk.22.attn_qkv.weight	node_1339	q5_K	f32	f32	2560	8192	1	1	2560	10	1	1	1760	14417920	14417920	10240	102400	102400	1	1	0	1	1
71	1788291913972349033	eager	1927	MUL_MAT	MMQ	-	blk.22.ffn_down.weight	ffn_out-22	q4_K	f32	f32	9216	2560	1	1	9216	10	1	1	5184	13271040	13271040	36864	368640	368640	1	1	0	1	1
71	1788291913972349033	eager	1927	MUL_MAT	MMQ	-	blk.22.ffn_gate.weight	ffn_gate-22	q4_K	f32	f32	2560	9216	1	1	2560	10	1	1	1440	13271040	13271040	10240	102400	102400	1	1	0	1	1
71	1788291913972349033	eager	1927	MUL_MAT	MMQ	-	blk.22.ffn_up.weight	ffn_up-22	q4_K	f32	f32	2560	9216	1	1	2560	10	1	1	1440	13271040	13271040	10240	102400	102400	1	1	0	1	1
71	1788291913972349033	eager	1927	MUL_MAT	MMQ	-	blk.22.ssm_out.weight	linear_attn_out-22	q5_K	f32	f32	4096	2560	1	1	4096	10	1	1	2816	7208960	7208960	16384	163840	163840	1	1	0	1	1
71	1788291913972349033	eager	1927	MUL_MAT	MMQ	-	blk.23.attn_k.weight	Kcur-23	q4_K	f32	f32	2560	1024	1	1	2560	10	1	1	1440	1474560	1474560	10240	102400	102400	1	1	0	1	1
71	1788291913972349033	eager	1927	MUL_MAT	MMQ	-	blk.23.attn_output.weight	attn_output-23	q4_K	f32	f32	4096	2560	1	1	4096	10	1	1	2304	5898240	5898240	16384	163840	163840	1	1	0	1	1
71	1788291913972349033	eager	1927	MUL_MAT	MMQ	-	blk.23.attn_q.weight	Qcur_full-23	q4_K	f32	f32	2560	8192	1	1	2560	10	1	1	1440	11796480	11796480	10240	102400	102400	1	1	0	1	1
71	1788291913972349033	eager	1927	MUL_MAT	MMQ	-	blk.23.attn_v.weight	Vcur-23	q4_K	f32	f32	2560	1024	1	1	2560	10	1	1	1440	1474560	1474560	10240	102400	102400	1	1	0	1	1
71	1788291913972349033	eager	1927	MUL_MAT	MMQ	-	blk.23.ffn_down.weight	ffn_out-23	q4_K	f32	f32	9216	2560	1	1	9216	10	1	1	5184	13271040	13271040	36864	368640	368640	1	1	0	1	1
71	1788291913972349033	eager	1927	MUL_MAT	MMQ	-	blk.23.ffn_gate.weight	ffn_gate-23	q4_K	f32	f32	2560	9216	1	1	2560	10	1	1	1440	13271040	13271040	10240	102400	102400	1	1	0	1	1
71	1788291913972349033	eager	1927	MUL_MAT	MMQ	-	blk.23.ffn_up.weight	ffn_up-23	q4_K	f32	f32	2560	9216	1	1	2560	10	1	1	1440	13271040	13271040	10240	102400	102400	1	1	0	1	1
71	1788291913972349033	eager	1927	MUL_MAT	MMQ	-	blk.24.attn_gate.weight	z-24	q4_K	f32	f32	2560	4096	1	1	2560	10	1	1	1440	5898240	5898240	10240	102400	102400	1	1	0	1	1
71	1788291913972349033	eager	1927	MUL_MAT	MMQ	-	blk.24.attn_qkv.weight	node_1453	q5_K	f32	f32	2560	8192	1	1	2560	10	1	1	1760	14417920	14417920	10240	102400	102400	1	1	0	1	1
71	1788291913972349033	eager	1927	MUL_MAT	MMQ	-	blk.24.ffn_gate.weight	ffn_gate-24	q4_K	f32	f32	2560	9216	1	1	2560	10	1	1	1440	13271040	13271040	10240	102400	102400	1	1	0	1	1
71	1788291913972349033	eager	1927	MUL_MAT	MMQ	-	blk.24.ffn_up.weight	ffn_up-24	q4_K	f32	f32	2560	9216	1	1	2560	10	1	1	1440	13271040	13271040	10240	102400	102400	1	1	0	1	1
71	1788291913972349033	eager	1927	MUL_MAT	MMQ	-	blk.24.ssm_out.weight	linear_attn_out-24	q5_K	f32	f32	4096	2560	1	1	4096	10	1	1	2816	7208960	7208960	16384	163840	163840	1	1	0	1	1
71	1788291913972349033	eager	1927	MUL_MAT	MMQ	-	blk.25.attn_gate.weight	z-25	q4_K	f32	f32	2560	4096	1	1	2560	10	1	1	1440	5898240	5898240	10240	102400	102400	1	1	0	1	1
71	1788291913972349033	eager	1927	MUL_MAT	MMQ	-	blk.25.attn_qkv.weight	node_1516	q5_K	f32	f32	2560	8192	1	1	2560	10	1	1	1760	14417920	14417920	10240	102400	102400	1	1	0	1	1
71	1788291913972349033	eager	1927	MUL_MAT	MMQ	-	blk.25.ffn_down.weight	ffn_out-25	q4_K	f32	f32	9216	2560	1	1	9216	10	1	1	5184	13271040	13271040	36864	368640	368640	1	1	0	1	1
71	1788291913972349033	eager	1927	MUL_MAT	MMQ	-	blk.25.ffn_gate.weight	ffn_gate-25	q4_K	f32	f32	2560	9216	1	1	2560	10	1	1	1440	13271040	13271040	10240	102400	102400	1	1	0	1	1
71	1788291913972349033	eager	1927	MUL_MAT	MMQ	-	blk.25.ffn_up.weight	ffn_up-25	q4_K	f32	f32	2560	9216	1	1	2560	10	1	1	1440	13271040	13271040	10240	102400	102400	1	1	0	1	1
71	1788291913972349033	eager	1927	MUL_MAT	MMQ	-	blk.25.ssm_out.weight	linear_attn_out-25	q5_K	f32	f32	4096	2560	1	1	4096	10	1	1	2816	7208960	7208960	16384	163840	163840	1	1	0	1	1
71	1788291913972349033	eager	1927	MUL_MAT	MMQ	-	blk.26.attn_gate.weight	z-26	q4_K	f32	f32	2560	4096	1	1	2560	10	1	1	1440	5898240	5898240	10240	102400	102400	1	1	0	1	1
71	1788291913972349033	eager	1927	MUL_MAT	MMQ	-	blk.26.attn_qkv.weight	node_1579	q5_K	f32	f32	2560	8192	1	1	2560	10	1	1	1760	14417920	14417920	10240	102400	102400	1	1	0	1	1
71	1788291913972349033	eager	1927	MUL_MAT	MMQ	-	blk.26.ffn_down.weight	ffn_out-26	q4_K	f32	f32	9216	2560	1	1	9216	10	1	1	5184	13271040	13271040	36864	368640	368640	1	1	0	1	1
71	1788291913972349033	eager	1927	MUL_MAT	MMQ	-	blk.26.ffn_gate.weight	ffn_gate-26	q4_K	f32	f32	2560	9216	1	1	2560	10	1	1	1440	13271040	13271040	10240	102400	102400	1	1	0	1	1
71	1788291913972349033	eager	1927	MUL_MAT	MMQ	-	blk.26.ffn_up.weight	ffn_up-26	q4_K	f32	f32	2560	9216	1	1	2560	10	1	1	1440	13271040	13271040	10240	102400	102400	1	1	0	1	1
71	1788291913972349033	eager	1927	MUL_MAT	MMQ	-	blk.26.ssm_out.weight	linear_attn_out-26	q5_K	f32	f32	4096	2560	1	1	4096	10	1	1	2816	7208960	7208960	16384	163840	163840	1	1	0	1	1
71	1788291913972349033	eager	1927	MUL_MAT	MMQ	-	blk.27.attn_k.weight	Kcur-27	q4_K	f32	f32	2560	1024	1	1	2560	10	1	1	1440	1474560	1474560	10240	102400	102400	1	1	0	1	1
71	1788291913972349033	eager	1927	MUL_MAT	MMQ	-	blk.27.attn_output.weight	attn_output-27	q4_K	f32	f32	4096	2560	1	1	4096	10	1	1	2304	5898240	5898240	16384	163840	163840	1	1	0	1	1
71	1788291913972349033	eager	1927	MUL_MAT	MMQ	-	blk.27.attn_q.weight	Qcur_full-27	q4_K	f32	f32	2560	8192	1	1	2560	10	1	1	1440	11796480	11796480	10240	102400	102400	1	1	0	1	1
71	1788291913972349033	eager	1927	MUL_MAT	MMQ	-	blk.27.ffn_gate.weight	ffn_gate-27	q4_K	f32	f32	2560	9216	1	1	2560	10	1	1	1440	13271040	13271040	10240	102400	102400	1	1	0	1	1
71	1788291913972349033	eager	1927	MUL_MAT	MMQ	-	blk.27.ffn_up.weight	ffn_up-27	q4_K	f32	f32	2560	9216	1	1	2560	10	1	1	1440	13271040	13271040	10240	102400	102400	1	1	0	1	1
71	1788291913972349033	eager	1927	MUL_MAT	MMQ	-	blk.28.attn_gate.weight	z-28	q4_K	f32	f32	2560	4096	1	1	2560	10	1	1	1440	5898240	5898240	10240	102400	102400	1	1	0	1	1
71	1788291913972349033	eager	1927	MUL_MAT	MMQ	-	blk.28.attn_qkv.weight	node_1693	q5_K	f32	f32	2560	8192	1	1	2560	10	1	1	1760	14417920	14417920	10240	102400	102400	1	1	0	1	1
71	1788291913972349033	eager	1927	MUL_MAT	MMQ	-	blk.28.ffn_gate.weight	ffn_gate-28	q4_K	f32	f32	2560	9216	1	1	2560	10	1	1	1440	13271040	13271040	10240	102400	102400	1	1	0	1	1
71	1788291913972349033	eager	1927	MUL_MAT	MMQ	-	blk.28.ffn_up.weight	ffn_up-28	q4_K	f32	f32	2560	9216	1	1	2560	10	1	1	1440	13271040	13271040	10240	102400	102400	1	1	0	1	1
71	1788291913972349033	eager	1927	MUL_MAT	MMQ	-	blk.28.ssm_out.weight	linear_attn_out-28	q5_K	f32	f32	4096	2560	1	1	4096	10	1	1	2816	7208960	7208960	16384	163840	163840	1	1	0	1	1
71	1788291913972349033	eager	1927	MUL_MAT	MMQ	-	blk.29.attn_gate.weight	z-29	q4_K	f32	f32	2560	4096	1	1	2560	10	1	1	1440	5898240	5898240	10240	102400	102400	1	1	0	1	1
71	1788291913972349033	eager	1927	MUL_MAT	MMQ	-	blk.29.attn_qkv.weight	node_1756	q5_K	f32	f32	2560	8192	1	1	2560	10	1	1	1760	14417920	14417920	10240	102400	102400	1	1	0	1	1
71	1788291913972349033	eager	1927	MUL_MAT	MMQ	-	blk.29.ffn_gate.weight	ffn_gate-29	q4_K	f32	f32	2560	9216	1	1	2560	10	1	1	1440	13271040	13271040	10240	102400	102400	1	1	0	1	1
71	1788291913972349033	eager	1927	MUL_MAT	MMQ	-	blk.29.ffn_up.weight	ffn_up-29	q4_K	f32	f32	2560	9216	1	1	2560	10	1	1	1440	13271040	13271040	10240	102400	102400	1	1	0	1	1
71	1788291913972349033	eager	1927	MUL_MAT	MMQ	-	blk.29.ssm_out.weight	linear_attn_out-29	q5_K	f32	f32	4096	2560	1	1	4096	10	1	1	2816	7208960	7208960	16384	163840	163840	1	1	0	1	1
71	1788291913972349033	eager	1927	MUL_MAT	MMQ	-	blk.3.attn_k.weight	Kcur-3	q4_K	f32	f32	2560	1024	1	1	2560	10	1	1	1440	1474560	1474560	10240	102400	102400	1	1	0	1	1
71	1788291913972349033	eager	1927	MUL_MAT	MMQ	-	blk.3.attn_output.weight	attn_output-3	q4_K	f32	f32	4096	2560	1	1	4096	10	1	1	2304	5898240	5898240	16384	163840	163840	1	1	0	1	1
71	1788291913972349033	eager	1927	MUL_MAT	MMQ	-	blk.3.attn_q.weight	Qcur_full-3	q4_K	f32	f32	2560	8192	1	1	2560	10	1	1	1440	11796480	11796480	10240	102400	102400	1	1	0	1	1
71	1788291913972349033	eager	1927	MUL_MAT	MMQ	-	blk.3.ffn_gate.weight	ffn_gate-3	q4_K	f32	f32	2560	9216	1	1	2560	10	1	1	1440	13271040	13271040	10240	102400	102400	1	1	0	1	1
71	1788291913972349033	eager	1927	MUL_MAT	MMQ	-	blk.3.ffn_up.weight	ffn_up-3	q4_K	f32	f32	2560	9216	1	1	2560	10	1	1	1440	13271040	13271040	10240	102400	102400	1	1	0	1	1
71	1788291913972349033	eager	1927	MUL_MAT	MMQ	-	blk.30.attn_gate.weight	z-30	q4_K	f32	f32	2560	4096	1	1	2560	10	1	1	1440	5898240	5898240	10240	102400	102400	1	1	0	1	1
71	1788291913972349033	eager	1927	MUL_MAT	MMQ	-	blk.30.attn_qkv.weight	node_1819	q5_K	f32	f32	2560	8192	1	1	2560	10	1	1	1760	14417920	14417920	10240	102400	102400	1	1	0	1	1
71	1788291913972349033	eager	1927	MUL_MAT	MMQ	-	blk.30.ffn_gate.weight	ffn_gate-30	q4_K	f32	f32	2560	9216	1	1	2560	10	1	1	1440	13271040	13271040	10240	102400	102400	1	1	0	1	1
71	1788291913972349033	eager	1927	MUL_MAT	MMQ	-	blk.30.ffn_up.weight	ffn_up-30	q4_K	f32	f32	2560	9216	1	1	2560	10	1	1	1440	13271040	13271040	10240	102400	102400	1	1	0	1	1
71	1788291913972349033	eager	1927	MUL_MAT	MMQ	-	blk.30.ssm_out.weight	linear_attn_out-30	q5_K	f32	f32	4096	2560	1	1	4096	10	1	1	2816	7208960	7208960	16384	163840	163840	1	1	0	1	1
71	1788291913972349033	eager	1927	MUL_MAT	MMQ	-	blk.31.attn_k.weight	Kcur-31	q4_K	f32	f32	2560	1024	1	1	2560	10	1	1	1440	1474560	1474560	10240	102400	102400	1	1	0	1	1
71	1788291913972349033	eager	1927	MUL_MAT	MMQ	-	blk.31.attn_output.weight	attn_output-31	q4_K	f32	f32	4096	2560	1	1	4096	10	1	1	2304	5898240	5898240	16384	163840	163840	1	1	0	1	1
71	1788291913972349033	eager	1927	MUL_MAT	MMQ	-	blk.31.attn_q.weight	Qcur_full-31	q4_K	f32	f32	2560	8192	1	1	2560	10	1	1	1440	11796480	11796480	10240	102400	102400	1	1	0	1	1
71	1788291913972349033	eager	1927	MUL_MAT	MMQ	-	blk.31.attn_v.weight	Vcur-31	q4_K	f32	f32	2560	1024	1	1	2560	10	1	1	1440	1474560	1474560	10240	102400	102400	1	1	0	1	1
71	1788291913972349033	eager	1927	MUL_MAT	MMQ	-	blk.31.ffn_gate.weight	ffn_gate-31	q4_K	f32	f32	2560	9216	1	1	2560	10	1	1	1440	13271040	13271040	10240	102400	102400	1	1	0	1	1
71	1788291913972349033	eager	1927	MUL_MAT	MMQ	-	blk.31.ffn_up.weight	ffn_up-31	q4_K	f32	f32	2560	9216	1	1	2560	10	1	1	1440	13271040	13271040	10240	102400	102400	1	1	0	1	1
71	1788291913972349033	eager	1927	MUL_MAT	MMQ	-	blk.4.attn_gate.weight	z-4	q4_K	f32	f32	2560	4096	1	1	2560	10	1	1	1440	5898240	5898240	10240	102400	102400	1	1	0	1	1
71	1788291913972349033	eager	1927	MUL_MAT	MMQ	-	blk.4.attn_qkv.weight	node_253	q5_K	f32	f32	2560	8192	1	1	2560	10	1	1	1760	14417920	14417920	10240	102400	102400	1	1	0	1	1
71	1788291913972349033	eager	1927	MUL_MAT	MMQ	-	blk.4.ffn_down.weight	ffn_out-4	q4_K	f32	f32	9216	2560	1	1	9216	10	1	1	5184	13271040	13271040	36864	368640	368640	1	1	0	1	1
71	1788291913972349033	eager	1927	MUL_MAT	MMQ	-	blk.4.ffn_gate.weight	ffn_gate-4	q4_K	f32	f32	2560	9216	1	1	2560	10	1	1	1440	13271040	13271040	10240	102400	102400	1	1	0	1	1
71	1788291913972349033	eager	1927	MUL_MAT	MMQ	-	blk.4.ffn_up.weight	ffn_up-4	q4_K	f32	f32	2560	9216	1	1	2560	10	1	1	1440	13271040	13271040	10240	102400	102400	1	1	0	1	1
71	1788291913972349033	eager	1927	MUL_MAT	MMQ	-	blk.4.ssm_out.weight	linear_attn_out-4	q5_K	f32	f32	4096	2560	1	1	4096	10	1	1	2816	7208960	7208960	16384	163840	163840	1	1	0	1	1
71	1788291913972349033	eager	1927	MUL_MAT	MMQ	-	blk.5.attn_gate.weight	z-5	q4_K	f32	f32	2560	4096	1	1	2560	10	1	1	1440	5898240	5898240	10240	102400	102400	1	1	0	1	1
71	1788291913972349033	eager	1927	MUL_MAT	MMQ	-	blk.5.attn_qkv.weight	node_316	q5_K	f32	f32	2560	8192	1	1	2560	10	1	1	1760	14417920	14417920	10240	102400	102400	1	1	0	1	1
71	1788291913972349033	eager	1927	MUL_MAT	MMQ	-	blk.5.ffn_down.weight	ffn_out-5	q4_K	f32	f32	9216	2560	1	1	9216	10	1	1	5184	13271040	13271040	36864	368640	368640	1	1	0	1	1
71	1788291913972349033	eager	1927	MUL_MAT	MMQ	-	blk.5.ffn_gate.weight	ffn_gate-5	q4_K	f32	f32	2560	9216	1	1	2560	10	1	1	1440	13271040	13271040	10240	102400	102400	1	1	0	1	1
71	1788291913972349033	eager	1927	MUL_MAT	MMQ	-	blk.5.ffn_up.weight	ffn_up-5	q4_K	f32	f32	2560	9216	1	1	2560	10	1	1	1440	13271040	13271040	10240	102400	102400	1	1	0	1	1
71	1788291913972349033	eager	1927	MUL_MAT	MMQ	-	blk.5.ssm_out.weight	linear_attn_out-5	q5_K	f32	f32	4096	2560	1	1	4096	10	1	1	2816	7208960	7208960	16384	163840	163840	1	1	0	1	1
71	1788291913972349033	eager	1927	MUL_MAT	MMQ	-	blk.6.attn_gate.weight	z-6	q4_K	f32	f32	2560	4096	1	1	2560	10	1	1	1440	5898240	5898240	10240	102400	102400	1	1	0	1	1
71	1788291913972349033	eager	1927	MUL_MAT	MMQ	-	blk.6.attn_qkv.weight	node_379	q5_K	f32	f32	2560	8192	1	1	2560	10	1	1	1760	14417920	14417920	10240	102400	102400	1	1	0	1	1
71	1788291913972349033	eager	1927	MUL_MAT	MMQ	-	blk.6.ffn_gate.weight	ffn_gate-6	q4_K	f32	f32	2560	9216	1	1	2560	10	1	1	1440	13271040	13271040	10240	102400	102400	1	1	0	1	1
71	1788291913972349033	eager	1927	MUL_MAT	MMQ	-	blk.6.ffn_up.weight	ffn_up-6	q4_K	f32	f32	2560	9216	1	1	2560	10	1	1	1440	13271040	13271040	10240	102400	102400	1	1	0	1	1
71	1788291913972349033	eager	1927	MUL_MAT	MMQ	-	blk.6.ssm_out.weight	linear_attn_out-6	q5_K	f32	f32	4096	2560	1	1	4096	10	1	1	2816	7208960	7208960	16384	163840	163840	1	1	0	1	1
71	1788291913972349033	eager	1927	MUL_MAT	MMQ	-	blk.7.attn_k.weight	Kcur-7	q4_K	f32	f32	2560	1024	1	1	2560	10	1	1	1440	1474560	1474560	10240	102400	102400	1	1	0	1	1
71	1788291913972349033	eager	1927	MUL_MAT	MMQ	-	blk.7.attn_output.weight	attn_output-7	q4_K	f32	f32	4096	2560	1	1	4096	10	1	1	2304	5898240	5898240	16384	163840	163840	1	1	0	1	1
71	1788291913972349033	eager	1927	MUL_MAT	MMQ	-	blk.7.attn_q.weight	Qcur_full-7	q4_K	f32	f32	2560	8192	1	1	2560	10	1	1	1440	11796480	11796480	10240	102400	102400	1	1	0	1	1
71	1788291913972349033	eager	1927	MUL_MAT	MMQ	-	blk.7.ffn_down.weight	ffn_out-7	q4_K	f32	f32	9216	2560	1	1	9216	10	1	1	5184	13271040	13271040	36864	368640	368640	1	1	0	1	1
71	1788291913972349033	eager	1927	MUL_MAT	MMQ	-	blk.7.ffn_gate.weight	ffn_gate-7	q4_K	f32	f32	2560	9216	1	1	2560	10	1	1	1440	13271040	13271040	10240	102400	102400	1	1	0	1	1
71	1788291913972349033	eager	1927	MUL_MAT	MMQ	-	blk.7.ffn_up.weight	ffn_up-7	q4_K	f32	f32	2560	9216	1	1	2560	10	1	1	1440	13271040	13271040	10240	102400	102400	1	1	0	1	1
71	1788291913972349033	eager	1927	MUL_MAT	MMQ	-	blk.8.attn_gate.weight	z-8	q4_K	f32	f32	2560	4096	1	1	2560	10	1	1	1440	5898240	5898240	10240	102400	102400	1	1	0	1	1
71	1788291913972349033	eager	1927	MUL_MAT	MMQ	-	blk.8.attn_qkv.weight	node_493	q5_K	f32	f32	2560	8192	1	1	2560	10	1	1	1760	14417920	14417920	10240	102400	102400	1	1	0	1	1
71	1788291913972349033	eager	1927	MUL_MAT	MMQ	-	blk.8.ffn_down.weight	ffn_out-8	q4_K	f32	f32	9216	2560	1	1	9216	10	1	1	5184	13271040	13271040	36864	368640	368640	1	1	0	1	1
71	1788291913972349033	eager	1927	MUL_MAT	MMQ	-	blk.8.ffn_gate.weight	ffn_gate-8	q4_K	f32	f32	2560	9216	1	1	2560	10	1	1	1440	13271040	13271040	10240	102400	102400	1	1	0	1	1
71	1788291913972349033	eager	1927	MUL_MAT	MMQ	-	blk.8.ffn_up.weight	ffn_up-8	q4_K	f32	f32	2560	9216	1	1	2560	10	1	1	1440	13271040	13271040	10240	102400	102400	1	1	0	1	1
71	1788291913972349033	eager	1927	MUL_MAT	MMQ	-	blk.8.ssm_out.weight	linear_attn_out-8	q5_K	f32	f32	4096	2560	1	1	4096	10	1	1	2816	7208960	7208960	16384	163840	163840	1	1	0	1	1
71	1788291913972349033	eager	1927	MUL_MAT	MMQ	-	blk.9.attn_gate.weight	z-9	q4_K	f32	f32	2560	4096	1	1	2560	10	1	1	1440	5898240	5898240	10240	102400	102400	1	1	0	1	1
71	1788291913972349033	eager	1927	MUL_MAT	MMQ	-	blk.9.attn_qkv.weight	node_556	q5_K	f32	f32	2560	8192	1	1	2560	10	1	1	1760	14417920	14417920	10240	102400	102400	1	1	0	1	1
71	1788291913972349033	eager	1927	MUL_MAT	MMQ	-	blk.9.ffn_gate.weight	ffn_gate-9	q4_K	f32	f32	2560	9216	1	1	2560	10	1	1	1440	13271040	13271040	10240	102400	102400	1	1	0	1	1
71	1788291913972349033	eager	1927	MUL_MAT	MMQ	-	blk.9.ffn_up.weight	ffn_up-9	q4_K	f32	f32	2560	9216	1	1	2560	10	1	1	1440	13271040	13271040	10240	102400	102400	1	1	0	1	1
71	1788291913972349033	eager	1927	MUL_MAT	MMQ	-	blk.9.ssm_out.weight	linear_attn_out-9	q5_K	f32	f32	4096	2560	1	1	4096	10	1	1	2816	7208960	7208960	16384	163840	163840	1	1	0	1	1
71	1788291913972349033	eager	1927	MUL_MAT	MMVQ	-	blk.0.ffn_down.weight	ffn_out-0	q6_K	f32	f32	9216	2560	1	1	9216	10	1	1	7560	19353600	19353600	36864	368640	368640	1	1	0	1	1
71	1788291913972349033	eager	1927	MUL_MAT	MMVQ	-	blk.0.ssm_alpha.weight	node_34	q8_0	f32	f32	2560	32	1	1	2560	10	1	1	2720	87040	87040	10240	102400	102400	1	1	0	1	1
71	1788291913972349033	eager	1927	MUL_MAT	MMVQ	-	blk.0.ssm_beta.weight	node_40	q8_0	f32	f32	2560	32	1	1	2560	10	1	1	2720	87040	87040	10240	102400	102400	1	1	0	1	1
71	1788291913972349033	eager	1927	MUL_MAT	MMVQ	-	blk.1.ffn_down.weight	ffn_out-1	q6_K	f32	f32	9216	2560	1	1	9216	10	1	1	7560	19353600	19353600	36864	368640	368640	1	1	0	1	1
71	1788291913972349033	eager	1927	MUL_MAT	MMVQ	-	blk.1.ssm_alpha.weight	node_97	q8_0	f32	f32	2560	32	1	1	2560	10	1	1	2720	87040	87040	10240	102400	102400	1	1	0	1	1
71	1788291913972349033	eager	1927	MUL_MAT	MMVQ	-	blk.1.ssm_beta.weight	node_103	q8_0	f32	f32	2560	32	1	1	2560	10	1	1	2720	87040	87040	10240	102400	102400	1	1	0	1	1
71	1788291913972349033	eager	1927	MUL_MAT	MMVQ	-	blk.10.ssm_alpha.weight	node_640	q8_0	f32	f32	2560	32	1	1	2560	10	1	1	2720	87040	87040	10240	102400	102400	1	1	0	1	1
71	1788291913972349033	eager	1927	MUL_MAT	MMVQ	-	blk.10.ssm_beta.weight	node_646	q8_0	f32	f32	2560	32	1	1	2560	10	1	1	2720	87040	87040	10240	102400	102400	1	1	0	1	1
71	1788291913972349033	eager	1927	MUL_MAT	MMVQ	-	blk.11.attn_v.weight	Vcur-11	q6_K	f32	f32	2560	1024	1	1	2560	10	1	1	2100	2150400	2150400	10240	102400	102400	1	1	0	1	1
71	1788291913972349033	eager	1927	MUL_MAT	MMVQ	-	blk.12.ffn_down.weight	ffn_out-12	q6_K	f32	f32	9216	2560	1	1	9216	10	1	1	7560	19353600	19353600	36864	368640	368640	1	1	0	1	1
71	1788291913972349033	eager	1927	MUL_MAT	MMVQ	-	blk.12.ssm_alpha.weight	node_754	q8_0	f32	f32	2560	32	1	1	2560	10	1	1	2720	87040	87040	10240	102400	102400	1	1	0	1	1
71	1788291913972349033	eager	1927	MUL_MAT	MMVQ	-	blk.12.ssm_beta.weight	node_760	q8_0	f32	f32	2560	32	1	1	2560	10	1	1	2720	87040	87040	10240	102400	102400	1	1	0	1	1
71	1788291913972349033	eager	1927	MUL_MAT	MMVQ	-	blk.13.ssm_alpha.weight	node_817	q8_0	f32	f32	2560	32	1	1	2560	10	1	1	2720	87040	87040	10240	102400	102400	1	1	0	1	1
71	1788291913972349033	eager	1927	MUL_MAT	MMVQ	-	blk.13.ssm_beta.weight	node_823	q8_0	f32	f32	2560	32	1	1	2560	10	1	1	2720	87040	87040	10240	102400	102400	1	1	0	1	1
71	1788291913972349033	eager	1927	MUL_MAT	MMVQ	-	blk.14.ssm_alpha.weight	node_880	q8_0	f32	f32	2560	32	1	1	2560	10	1	1	2720	87040	87040	10240	102400	102400	1	1	0	1	1
71	1788291913972349033	eager	1927	MUL_MAT	MMVQ	-	blk.14.ssm_beta.weight	node_886	q8_0	f32	f32	2560	32	1	1	2560	10	1	1	2720	87040	87040	10240	102400	102400	1	1	0	1	1
71	1788291913972349033	eager	1927	MUL_MAT	MMVQ	-	blk.15.attn_v.weight	Vcur-15	q6_K	f32	f32	2560	1024	1	1	2560	10	1	1	2100	2150400	2150400	10240	102400	102400	1	1	0	1	1
71	1788291913972349033	eager	1927	MUL_MAT	MMVQ	-	blk.15.ffn_down.weight	ffn_out-15	q6_K	f32	f32	9216	2560	1	1	9216	10	1	1	7560	19353600	19353600	36864	368640	368640	1	1	0	1	1
71	1788291913972349033	eager	1927	MUL_MAT	MMVQ	-	blk.16.ssm_alpha.weight	node_994	q8_0	f32	f32	2560	32	1	1	2560	10	1	1	2720	87040	87040	10240	102400	102400	1	1	0	1	1
71	1788291913972349033	eager	1927	MUL_MAT	MMVQ	-	blk.16.ssm_beta.weight	node_1000	q8_0	f32	f32	2560	32	1	1	2560	10	1	1	2720	87040	87040	10240	102400	102400	1	1	0	1	1
71	1788291913972349033	eager	1927	MUL_MAT	MMVQ	-	blk.17.ssm_alpha.weight	node_1057	q8_0	f32	f32	2560	32	1	1	2560	10	1	1	2720	87040	87040	10240	102400	102400	1	1	0	1	1
71	1788291913972349033	eager	1927	MUL_MAT	MMVQ	-	blk.17.ssm_beta.weight	node_1063	q8_0	f32	f32	2560	32	1	1	2560	10	1	1	2720	87040	87040	10240	102400	102400	1	1	0	1	1
71	1788291913972349033	eager	1927	MUL_MAT	MMVQ	-	blk.18.ffn_down.weight	ffn_out-18	q6_K	f32	f32	9216	2560	1	1	9216	10	1	1	7560	19353600	19353600	36864	368640	368640	1	1	0	1	1
71	1788291913972349033	eager	1927	MUL_MAT	MMVQ	-	blk.18.ssm_alpha.weight	node_1120	q8_0	f32	f32	2560	32	1	1	2560	10	1	1	2720	87040	87040	10240	102400	102400	1	1	0	1	1
71	1788291913972349033	eager	1927	MUL_MAT	MMVQ	-	blk.18.ssm_beta.weight	node_1126	q8_0	f32	f32	2560	32	1	1	2560	10	1	1	2720	87040	87040	10240	102400	102400	1	1	0	1	1
71	1788291913972349033	eager	1927	MUL_MAT	MMVQ	-	blk.2.ffn_down.weight	ffn_out-2	q6_K	f32	f32	9216	2560	1	1	9216	10	1	1	7560	19353600	19353600	36864	368640	368640	1	1	0	1	1
71	1788291913972349033	eager	1927	MUL_MAT	MMVQ	-	blk.2.ssm_alpha.weight	node_160	q8_0	f32	f32	2560	32	1	1	2560	10	1	1	2720	87040	87040	10240	102400	102400	1	1	0	1	1
71	1788291913972349033	eager	1927	MUL_MAT	MMVQ	-	blk.2.ssm_beta.weight	node_166	q8_0	f32	f32	2560	32	1	1	2560	10	1	1	2720	87040	87040	10240	102400	102400	1	1	0	1	1
71	1788291913972349033	eager	1927	MUL_MAT	MMVQ	-	blk.20.ssm_alpha.weight	node_1234	q8_0	f32	f32	2560	32	1	1	2560	10	1	1	2720	87040	87040	10240	102400	102400	1	1	0	1	1
71	1788291913972349033	eager	1927	MUL_MAT	MMVQ	-	blk.20.ssm_beta.weight	node_1240	q8_0	f32	f32	2560	32	1	1	2560	10	1	1	2720	87040	87040	10240	102400	102400	1	1	0	1	1
71	1788291913972349033	eager	1927	MUL_MAT	MMVQ	-	blk.21.ffn_down.weight	ffn_out-21	q6_K	f32	f32	9216	2560	1	1	9216	10	1	1	7560	19353600	19353600	36864	368640	368640	1	1	0	1	1
71	1788291913972349033	eager	1927	MUL_MAT	MMVQ	-	blk.21.ssm_alpha.weight	node_1297	q8_0	f32	f32	2560	32	1	1	2560	10	1	1	2720	87040	87040	10240	102400	102400	1	1	0	1	1
71	1788291913972349033	eager	1927	MUL_MAT	MMVQ	-	blk.21.ssm_beta.weight	node_1303	q8_0	f32	f32	2560	32	1	1	2560	10	1	1	2720	87040	87040	10240	102400	102400	1	1	0	1	1
71	1788291913972349033	eager	1927	MUL_MAT	MMVQ	-	blk.22.ssm_alpha.weight	node_1360	q8_0	f32	f32	2560	32	1	1	2560	10	1	1	2720	87040	87040	10240	102400	102400	1	1	0	1	1
71	1788291913972349033	eager	1927	MUL_MAT	MMVQ	-	blk.22.ssm_beta.weight	node_1366	q8_0	f32	f32	2560	32	1	1	2560	10	1	1	2720	87040	87040	10240	102400	102400	1	1	0	1	1
71	1788291913972349033	eager	1927	MUL_MAT	MMVQ	-	blk.24.ffn_down.weight	ffn_out-24	q6_K	f32	f32	9216	2560	1	1	9216	10	1	1	7560	19353600	19353600	36864	368640	368640	1	1	0	1	1
71	1788291913972349033	eager	1927	MUL_MAT	MMVQ	-	blk.24.ssm_alpha.weight	node_1474	q8_0	f32	f32	2560	32	1	1	2560	10	1	1	2720	87040	87040	10240	102400	102400	1	1	0	1	1
71	1788291913972349033	eager	1927	MUL_MAT	MMVQ	-	blk.24.ssm_beta.weight	node_1480	q8_0	f32	f32	2560	32	1	1	2560	10	1	1	2720	87040	87040	10240	102400	102400	1	1	0	1	1
71	1788291913972349033	eager	1927	MUL_MAT	MMVQ	-	blk.25.ssm_alpha.weight	node_1537	q8_0	f32	f32	2560	32	1	1	2560	10	1	1	2720	87040	87040	10240	102400	102400	1	1	0	1	1
71	1788291913972349033	eager	1927	MUL_MAT	MMVQ	-	blk.25.ssm_beta.weight	node_1543	q8_0	f32	f32	2560	32	1	1	2560	10	1	1	2720	87040	87040	10240	102400	102400	1	1	0	1	1
71	1788291913972349033	eager	1927	MUL_MAT	MMVQ	-	blk.26.ssm_alpha.weight	node_1600	q8_0	f32	f32	2560	32	1	1	2560	10	1	1	2720	87040	87040	10240	102400	102400	1	1	0	1	1
71	1788291913972349033	eager	1927	MUL_MAT	MMVQ	-	blk.26.ssm_beta.weight	node_1606	q8_0	f32	f32	2560	32	1	1	2560	10	1	1	2720	87040	87040	10240	102400	102400	1	1	0	1	1
71	1788291913972349033	eager	1927	MUL_MAT	MMVQ	-	blk.27.attn_v.weight	Vcur-27	q6_K	f32	f32	2560	1024	1	1	2560	10	1	1	2100	2150400	2150400	10240	102400	102400	1	1	0	1	1
71	1788291913972349033	eager	1927	MUL_MAT	MMVQ	-	blk.27.ffn_down.weight	ffn_out-27	q6_K	f32	f32	9216	2560	1	1	9216	10	1	1	7560	19353600	19353600	36864	368640	368640	1	1	0	1	1
71	1788291913972349033	eager	1927	MUL_MAT	MMVQ	-	blk.28.ffn_down.weight	ffn_out-28	q6_K	f32	f32	9216	2560	1	1	9216	10	1	1	7560	19353600	19353600	36864	368640	368640	1	1	0	1	1
71	1788291913972349033	eager	1927	MUL_MAT	MMVQ	-	blk.28.ssm_alpha.weight	node_1714	q8_0	f32	f32	2560	32	1	1	2560	10	1	1	2720	87040	87040	10240	102400	102400	1	1	0	1	1
71	1788291913972349033	eager	1927	MUL_MAT	MMVQ	-	blk.28.ssm_beta.weight	node_1720	q8_0	f32	f32	2560	32	1	1	2560	10	1	1	2720	87040	87040	10240	102400	102400	1	1	0	1	1
71	1788291913972349033	eager	1927	MUL_MAT	MMVQ	-	blk.29.ffn_down.weight	ffn_out-29	q6_K	f32	f32	9216	2560	1	1	9216	10	1	1	7560	19353600	19353600	36864	368640	368640	1	1	0	1	1
71	1788291913972349033	eager	1927	MUL_MAT	MMVQ	-	blk.29.ssm_alpha.weight	node_1777	q8_0	f32	f32	2560	32	1	1	2560	10	1	1	2720	87040	87040	10240	102400	102400	1	1	0	1	1
71	1788291913972349033	eager	1927	MUL_MAT	MMVQ	-	blk.29.ssm_beta.weight	node_1783	q8_0	f32	f32	2560	32	1	1	2560	10	1	1	2720	87040	87040	10240	102400	102400	1	1	0	1	1
71	1788291913972349033	eager	1927	MUL_MAT	MMVQ	-	blk.3.attn_v.weight	Vcur-3	q6_K	f32	f32	2560	1024	1	1	2560	10	1	1	2100	2150400	2150400	10240	102400	102400	1	1	0	1	1
71	1788291913972349033	eager	1927	MUL_MAT	MMVQ	-	blk.3.ffn_down.weight	ffn_out-3	q6_K	f32	f32	9216	2560	1	1	9216	10	1	1	7560	19353600	19353600	36864	368640	368640	1	1	0	1	1
71	1788291913972349033	eager	1927	MUL_MAT	MMVQ	-	blk.30.ffn_down.weight	ffn_out-30	q6_K	f32	f32	9216	2560	1	1	9216	10	1	1	7560	19353600	19353600	36864	368640	368640	1	1	0	1	1
71	1788291913972349033	eager	1927	MUL_MAT	MMVQ	-	blk.30.ssm_alpha.weight	node_1840	q8_0	f32	f32	2560	32	1	1	2560	10	1	1	2720	87040	87040	10240	102400	102400	1	1	0	1	1
71	1788291913972349033	eager	1927	MUL_MAT	MMVQ	-	blk.30.ssm_beta.weight	node_1846	q8_0	f32	f32	2560	32	1	1	2560	10	1	1	2720	87040	87040	10240	102400	102400	1	1	0	1	1
71	1788291913972349033	eager	1927	MUL_MAT	MMVQ	-	blk.31.ffn_down.weight	ffn_out-31	q6_K	f32	f32	9216	2560	1	1	9216	10	1	1	7560	19353600	19353600	36864	368640	368640	1	1	0	1	1
71	1788291913972349033	eager	1927	MUL_MAT	MMVQ	-	blk.4.ssm_alpha.weight	node_274	q8_0	f32	f32	2560	32	1	1	2560	10	1	1	2720	87040	87040	10240	102400	102400	1	1	0	1	1
71	1788291913972349033	eager	1927	MUL_MAT	MMVQ	-	blk.4.ssm_beta.weight	node_280	q8_0	f32	f32	2560	32	1	1	2560	10	1	1	2720	87040	87040	10240	102400	102400	1	1	0	1	1
71	1788291913972349033	eager	1927	MUL_MAT	MMVQ	-	blk.5.ssm_alpha.weight	node_337	q8_0	f32	f32	2560	32	1	1	2560	10	1	1	2720	87040	87040	10240	102400	102400	1	1	0	1	1
71	1788291913972349033	eager	1927	MUL_MAT	MMVQ	-	blk.5.ssm_beta.weight	node_343	q8_0	f32	f32	2560	32	1	1	2560	10	1	1	2720	87040	87040	10240	102400	102400	1	1	0	1	1
71	1788291913972349033	eager	1927	MUL_MAT	MMVQ	-	blk.6.ffn_down.weight	ffn_out-6	q6_K	f32	f32	9216	2560	1	1	9216	10	1	1	7560	19353600	19353600	36864	368640	368640	1	1	0	1	1
71	1788291913972349033	eager	1927	MUL_MAT	MMVQ	-	blk.6.ssm_alpha.weight	node_400	q8_0	f32	f32	2560	32	1	1	2560	10	1	1	2720	87040	87040	10240	102400	102400	1	1	0	1	1
71	1788291913972349033	eager	1927	MUL_MAT	MMVQ	-	blk.6.ssm_beta.weight	node_406	q8_0	f32	f32	2560	32	1	1	2560	10	1	1	2720	87040	87040	10240	102400	102400	1	1	0	1	1
71	1788291913972349033	eager	1927	MUL_MAT	MMVQ	-	blk.7.attn_v.weight	Vcur-7	q6_K	f32	f32	2560	1024	1	1	2560	10	1	1	2100	2150400	2150400	10240	102400	102400	1	1	0	1	1
71	1788291913972349033	eager	1927	MUL_MAT	MMVQ	-	blk.8.ssm_alpha.weight	node_514	q8_0	f32	f32	2560	32	1	1	2560	10	1	1	2720	87040	87040	10240	102400	102400	1	1	0	1	1
71	1788291913972349033	eager	1927	MUL_MAT	MMVQ	-	blk.8.ssm_beta.weight	node_520	q8_0	f32	f32	2560	32	1	1	2560	10	1	1	2720	87040	87040	10240	102400	102400	1	1	0	1	1
71	1788291913972349033	eager	1927	MUL_MAT	MMVQ	-	blk.9.ffn_down.weight	ffn_out-9	q6_K	f32	f32	9216	2560	1	1	9216	10	1	1	7560	19353600	19353600	36864	368640	368640	1	1	0	1	1
71	1788291913972349033	eager	1927	MUL_MAT	MMVQ	-	blk.9.ssm_alpha.weight	node_577	q8_0	f32	f32	2560	32	1	1	2560	10	1	1	2720	87040	87040	10240	102400	102400	1	1	0	1	1
71	1788291913972349033	eager	1927	MUL_MAT	MMVQ	-	blk.9.ssm_beta.weight	node_583	q8_0	f32	f32	2560	32	1	1	2560	10	1	1	2720	87040	87040	10240	102400	102400	1	1	0	1	1
71	1788291913972349033	eager	1927	MUL_MAT	MMVQ	-	token_embd.weight	result_output	q6_K	f32	f32	2560	248320	1	1	2560	1	1	1	2100	521472000	521472000	10240	10240	10240	1	1	0	1	1
72	1788291913988280771	eager	1927	MUL_MAT	MMVQ	-	blk.0.attn_gate.weight	z-0	q4_K	f32	f32	2560	4096	1	1	2560	1	1	1	1440	5898240	5898240	10240	10240	10240	1	1	0	1	1
72	1788291913988280771	eager	1927	MUL_MAT	MMVQ	-	blk.0.attn_qkv.weight	node_13	q5_K	f32	f32	2560	8192	1	1	2560	1	1	1	1760	14417920	14417920	10240	10240	10240	1	1	0	1	1
72	1788291913988280771	eager	1927	MUL_MAT	MMVQ	-	blk.0.ssm_alpha.weight	node_34	q8_0	f32	f32	2560	32	1	1	2560	1	1	1	2720	87040	87040	10240	10240	10240	1	1	0	1	1
72	1788291913988280771	eager	1927	MUL_MAT	MMVQ	-	blk.0.ssm_beta.weight	node_40	q8_0	f32	f32	2560	32	1	1	2560	1	1	1	2720	87040	87040	10240	10240	10240	1	1	0	1	1
72	1788291913988280771	eager	1927	MUL_MAT	MMVQ	-	blk.0.ssm_out.weight	linear_attn_out-0	q5_K	f32	f32	4096	2560	1	1	4096	1	1	1	2816	7208960	7208960	16384	16384	16384	1	1	0	1	1
72	1788291913988280771	eager	1927	MUL_MAT	MMVQ	-	blk.1.attn_gate.weight	z-1	q4_K	f32	f32	2560	4096	1	1	2560	1	1	1	1440	5898240	5898240	10240	10240	10240	1	1	0	1	1
72	1788291913988280771	eager	1927	MUL_MAT	MMVQ	-	blk.1.attn_qkv.weight	node_76	q5_K	f32	f32	2560	8192	1	1	2560	1	1	1	1760	14417920	14417920	10240	10240	10240	1	1	0	1	1
72	1788291913988280771	eager	1927	MUL_MAT	MMVQ	-	blk.1.ssm_alpha.weight	node_97	q8_0	f32	f32	2560	32	1	1	2560	1	1	1	2720	87040	87040	10240	10240	10240	1	1	0	1	1
72	1788291913988280771	eager	1927	MUL_MAT	MMVQ	-	blk.1.ssm_beta.weight	node_103	q8_0	f32	f32	2560	32	1	1	2560	1	1	1	2720	87040	87040	10240	10240	10240	1	1	0	1	1
72	1788291913988280771	eager	1927	MUL_MAT	MMVQ	-	blk.1.ssm_out.weight	linear_attn_out-1	q5_K	f32	f32	4096	2560	1	1	4096	1	1	1	2816	7208960	7208960	16384	16384	16384	1	1	0	1	1
72	1788291913988280771	eager	1927	MUL_MAT	MMVQ	-	blk.10.attn_gate.weight	z-10	q4_K	f32	f32	2560	4096	1	1	2560	1	1	1	1440	5898240	5898240	10240	10240	10240	1	1	0	1	1
72	1788291913988280771	eager	1927	MUL_MAT	MMVQ	-	blk.10.attn_qkv.weight	node_619	q5_K	f32	f32	2560	8192	1	1	2560	1	1	1	1760	14417920	14417920	10240	10240	10240	1	1	0	1	1
72	1788291913988280771	eager	1927	MUL_MAT	MMVQ	-	blk.10.ssm_alpha.weight	node_640	q8_0	f32	f32	2560	32	1	1	2560	1	1	1	2720	87040	87040	10240	10240	10240	1	1	0	1	1
72	1788291913988280771	eager	1927	MUL_MAT	MMVQ	-	blk.10.ssm_beta.weight	node_646	q8_0	f32	f32	2560	32	1	1	2560	1	1	1	2720	87040	87040	10240	10240	10240	1	1	0	1	1
72	1788291913988280771	eager	1927	MUL_MAT	MMVQ	-	blk.10.ssm_out.weight	linear_attn_out-10	q5_K	f32	f32	4096	2560	1	1	4096	1	1	1	2816	7208960	7208960	16384	16384	16384	1	1	0	1	1
72	1788291913988280771	eager	1927	MUL_MAT	MMVQ	-	blk.11.attn_k.weight	Kcur-11	q4_K	f32	f32	2560	1024	1	1	2560	1	1	1	1440	1474560	1474560	10240	10240	10240	1	1	0	1	1
72	1788291913988280771	eager	1927	MUL_MAT	MMVQ	-	blk.11.attn_q.weight	Qcur_full-11	q4_K	f32	f32	2560	8192	1	1	2560	1	1	1	1440	11796480	11796480	10240	10240	10240	1	1	0	1	1
72	1788291913988280771	eager	1927	MUL_MAT	MMVQ	-	blk.11.attn_v.weight	Vcur-11	q6_K	f32	f32	2560	1024	1	1	2560	1	1	1	2100	2150400	2150400	10240	10240	10240	1	1	0	1	1
72	1788291913988280771	eager	1927	MUL_MAT	MMVQ	-	blk.12.attn_gate.weight	z-12	q4_K	f32	f32	2560	4096	1	1	2560	1	1	1	1440	5898240	5898240	10240	10240	10240	1	1	0	1	1
72	1788291913988280771	eager	1927	MUL_MAT	MMVQ	-	blk.12.attn_qkv.weight	node_733	q5_K	f32	f32	2560	8192	1	1	2560	1	1	1	1760	14417920	14417920	10240	10240	10240	1	1	0	1	1
72	1788291913988280771	eager	1927	MUL_MAT	MMVQ	-	blk.12.ssm_alpha.weight	node_754	q8_0	f32	f32	2560	32	1	1	2560	1	1	1	2720	87040	87040	10240	10240	10240	1	1	0	1	1
72	1788291913988280771	eager	1927	MUL_MAT	MMVQ	-	blk.12.ssm_beta.weight	node_760	q8_0	f32	f32	2560	32	1	1	2560	1	1	1	2720	87040	87040	10240	10240	10240	1	1	0	1	1
72	1788291913988280771	eager	1927	MUL_MAT	MMVQ	-	blk.12.ssm_out.weight	linear_attn_out-12	q5_K	f32	f32	4096	2560	1	1	4096	1	1	1	2816	7208960	7208960	16384	16384	16384	1	1	0	1	1
72	1788291913988280771	eager	1927	MUL_MAT	MMVQ	-	blk.13.attn_gate.weight	z-13	q4_K	f32	f32	2560	4096	1	1	2560	1	1	1	1440	5898240	5898240	10240	10240	10240	1	1	0	1	1
72	1788291913988280771	eager	1927	MUL_MAT	MMVQ	-	blk.13.attn_qkv.weight	node_796	q5_K	f32	f32	2560	8192	1	1	2560	1	1	1	1760	14417920	14417920	10240	10240	10240	1	1	0	1	1
72	1788291913988280771	eager	1927	MUL_MAT	MMVQ	-	blk.13.ssm_alpha.weight	node_817	q8_0	f32	f32	2560	32	1	1	2560	1	1	1	2720	87040	87040	10240	10240	10240	1	1	0	1	1
72	1788291913988280771	eager	1927	MUL_MAT	MMVQ	-	blk.13.ssm_beta.weight	node_823	q8_0	f32	f32	2560	32	1	1	2560	1	1	1	2720	87040	87040	10240	10240	10240	1	1	0	1	1
72	1788291913988280771	eager	1927	MUL_MAT	MMVQ	-	blk.13.ssm_out.weight	linear_attn_out-13	q5_K	f32	f32	4096	2560	1	1	4096	1	1	1	2816	7208960	7208960	16384	16384	16384	1	1	0	1	1
72	1788291913988280771	eager	1927	MUL_MAT	MMVQ	-	blk.14.attn_gate.weight	z-14	q4_K	f32	f32	2560	4096	1	1	2560	1	1	1	1440	5898240	5898240	10240	10240	10240	1	1	0	1	1
72	1788291913988280771	eager	1927	MUL_MAT	MMVQ	-	blk.14.attn_qkv.weight	node_859	q5_K	f32	f32	2560	8192	1	1	2560	1	1	1	1760	14417920	14417920	10240	10240	10240	1	1	0	1	1
72	1788291913988280771	eager	1927	MUL_MAT	MMVQ	-	blk.14.ssm_alpha.weight	node_880	q8_0	f32	f32	2560	32	1	1	2560	1	1	1	2720	87040	87040	10240	10240	10240	1	1	0	1	1
72	1788291913988280771	eager	1927	MUL_MAT	MMVQ	-	blk.14.ssm_beta.weight	node_886	q8_0	f32	f32	2560	32	1	1	2560	1	1	1	2720	87040	87040	10240	10240	10240	1	1	0	1	1
72	1788291913988280771	eager	1927	MUL_MAT	MMVQ	-	blk.14.ssm_out.weight	linear_attn_out-14	q5_K	f32	f32	4096	2560	1	1	4096	1	1	1	2816	7208960	7208960	16384	16384	16384	1	1	0	1	1
72	1788291913988280771	eager	1927	MUL_MAT	MMVQ	-	blk.15.attn_k.weight	Kcur-15	q4_K	f32	f32	2560	1024	1	1	2560	1	1	1	1440	1474560	1474560	10240	10240	10240	1	1	0	1	1
72	1788291913988280771	eager	1927	MUL_MAT	MMVQ	-	blk.15.attn_q.weight	Qcur_full-15	q4_K	f32	f32	2560	8192	1	1	2560	1	1	1	1440	11796480	11796480	10240	10240	10240	1	1	0	1	1
72	1788291913988280771	eager	1927	MUL_MAT	MMVQ	-	blk.15.attn_v.weight	Vcur-15	q6_K	f32	f32	2560	1024	1	1	2560	1	1	1	2100	2150400	2150400	10240	10240	10240	1	1	0	1	1
72	1788291913988280771	eager	1927	MUL_MAT	MMVQ	-	blk.16.attn_gate.weight	z-16	q4_K	f32	f32	2560	4096	1	1	2560	1	1	1	1440	5898240	5898240	10240	10240	10240	1	1	0	1	1
72	1788291913988280771	eager	1927	MUL_MAT	MMVQ	-	blk.16.attn_qkv.weight	node_973	q5_K	f32	f32	2560	8192	1	1	2560	1	1	1	1760	14417920	14417920	10240	10240	10240	1	1	0	1	1
72	1788291913988280771	eager	1927	MUL_MAT	MMVQ	-	blk.16.ssm_alpha.weight	node_994	q8_0	f32	f32	2560	32	1	1	2560	1	1	1	2720	87040	87040	10240	10240	10240	1	1	0	1	1
72	1788291913988280771	eager	1927	MUL_MAT	MMVQ	-	blk.16.ssm_beta.weight	node_1000	q8_0	f32	f32	2560	32	1	1	2560	1	1	1	2720	87040	87040	10240	10240	10240	1	1	0	1	1
72	1788291913988280771	eager	1927	MUL_MAT	MMVQ	-	blk.16.ssm_out.weight	linear_attn_out-16	q5_K	f32	f32	4096	2560	1	1	4096	1	1	1	2816	7208960	7208960	16384	16384	16384	1	1	0	1	1
72	1788291913988280771	eager	1927	MUL_MAT	MMVQ	-	blk.17.attn_gate.weight	z-17	q4_K	f32	f32	2560	4096	1	1	2560	1	1	1	1440	5898240	5898240	10240	10240	10240	1	1	0	1	1
72	1788291913988280771	eager	1927	MUL_MAT	MMVQ	-	blk.17.attn_qkv.weight	node_1036	q5_K	f32	f32	2560	8192	1	1	2560	1	1	1	1760	14417920	14417920	10240	10240	10240	1	1	0	1	1
72	1788291913988280771	eager	1927	MUL_MAT	MMVQ	-	blk.17.ssm_alpha.weight	node_1057	q8_0	f32	f32	2560	32	1	1	2560	1	1	1	2720	87040	87040	10240	10240	10240	1	1	0	1	1
72	1788291913988280771	eager	1927	MUL_MAT	MMVQ	-	blk.17.ssm_beta.weight	node_1063	q8_0	f32	f32	2560	32	1	1	2560	1	1	1	2720	87040	87040	10240	10240	10240	1	1	0	1	1
72	1788291913988280771	eager	1927	MUL_MAT	MMVQ	-	blk.17.ssm_out.weight	linear_attn_out-17	q5_K	f32	f32	4096	2560	1	1	4096	1	1	1	2816	7208960	7208960	16384	16384	16384	1	1	0	1	1
72	1788291913988280771	eager	1927	MUL_MAT	MMVQ	-	blk.18.attn_gate.weight	z-18	q4_K	f32	f32	2560	4096	1	1	2560	1	1	1	1440	5898240	5898240	10240	10240	10240	1	1	0	1	1
72	1788291913988280771	eager	1927	MUL_MAT	MMVQ	-	blk.18.attn_qkv.weight	node_1099	q5_K	f32	f32	2560	8192	1	1	2560	1	1	1	1760	14417920	14417920	10240	10240	10240	1	1	0	1	1
72	1788291913988280771	eager	1927	MUL_MAT	MMVQ	-	blk.18.ssm_alpha.weight	node_1120	q8_0	f32	f32	2560	32	1	1	2560	1	1	1	2720	87040	87040	10240	10240	10240	1	1	0	1	1
72	1788291913988280771	eager	1927	MUL_MAT	MMVQ	-	blk.18.ssm_beta.weight	node_1126	q8_0	f32	f32	2560	32	1	1	2560	1	1	1	2720	87040	87040	10240	10240	10240	1	1	0	1	1
72	1788291913988280771	eager	1927	MUL_MAT	MMVQ	-	blk.18.ssm_out.weight	linear_attn_out-18	q5_K	f32	f32	4096	2560	1	1	4096	1	1	1	2816	7208960	7208960	16384	16384	16384	1	1	0	1	1
72	1788291913988280771	eager	1927	MUL_MAT	MMVQ	-	blk.19.attn_k.weight	Kcur-19	q4_K	f32	f32	2560	1024	1	1	2560	1	1	1	1440	1474560	1474560	10240	10240	10240	1	1	0	1	1
72	1788291913988280771	eager	1927	MUL_MAT	MMVQ	-	blk.19.attn_q.weight	Qcur_full-19	q4_K	f32	f32	2560	8192	1	1	2560	1	1	1	1440	11796480	11796480	10240	10240	10240	1	1	0	1	1
72	1788291913988280771	eager	1927	MUL_MAT	MMVQ	-	blk.19.attn_v.weight	Vcur-19	q4_K	f32	f32	2560	1024	1	1	2560	1	1	1	1440	1474560	1474560	10240	10240	10240	1	1	0	1	1
72	1788291913988280771	eager	1927	MUL_MAT	MMVQ	-	blk.2.attn_gate.weight	z-2	q4_K	f32	f32	2560	4096	1	1	2560	1	1	1	1440	5898240	5898240	10240	10240	10240	1	1	0	1	1
72	1788291913988280771	eager	1927	MUL_MAT	MMVQ	-	blk.2.attn_qkv.weight	node_139	q5_K	f32	f32	2560	8192	1	1	2560	1	1	1	1760	14417920	14417920	10240	10240	10240	1	1	0	1	1
72	1788291913988280771	eager	1927	MUL_MAT	MMVQ	-	blk.2.ssm_alpha.weight	node_160	q8_0	f32	f32	2560	32	1	1	2560	1	1	1	2720	87040	87040	10240	10240	10240	1	1	0	1	1
72	1788291913988280771	eager	1927	MUL_MAT	MMVQ	-	blk.2.ssm_beta.weight	node_166	q8_0	f32	f32	2560	32	1	1	2560	1	1	1	2720	87040	87040	10240	10240	10240	1	1	0	1	1
72	1788291913988280771	eager	1927	MUL_MAT	MMVQ	-	blk.2.ssm_out.weight	linear_attn_out-2	q5_K	f32	f32	4096	2560	1	1	4096	1	1	1	2816	7208960	7208960	16384	16384	16384	1	1	0	1	1
72	1788291913988280771	eager	1927	MUL_MAT	MMVQ	-	blk.20.attn_gate.weight	z-20	q4_K	f32	f32	2560	4096	1	1	2560	1	1	1	1440	5898240	5898240	10240	10240	10240	1	1	0	1	1
72	1788291913988280771	eager	1927	MUL_MAT	MMVQ	-	blk.20.attn_qkv.weight	node_1213	q5_K	f32	f32	2560	8192	1	1	2560	1	1	1	1760	14417920	14417920	10240	10240	10240	1	1	0	1	1
72	1788291913988280771	eager	1927	MUL_MAT	MMVQ	-	blk.20.ssm_alpha.weight	node_1234	q8_0	f32	f32	2560	32	1	1	2560	1	1	1	2720	87040	87040	10240	10240	10240	1	1	0	1	1
72	1788291913988280771	eager	1927	MUL_MAT	MMVQ	-	blk.20.ssm_beta.weight	node_1240	q8_0	f32	f32	2560	32	1	1	2560	1	1	1	2720	87040	87040	10240	10240	10240	1	1	0	1	1
72	1788291913988280771	eager	1927	MUL_MAT	MMVQ	-	blk.20.ssm_out.weight	linear_attn_out-20	q5_K	f32	f32	4096	2560	1	1	4096	1	1	1	2816	7208960	7208960	16384	16384	16384	1	1	0	1	1
72	1788291913988280771	eager	1927	MUL_MAT	MMVQ	-	blk.21.attn_gate.weight	z-21	q4_K	f32	f32	2560	4096	1	1	2560	1	1	1	1440	5898240	5898240	10240	10240	10240	1	1	0	1	1
72	1788291913988280771	eager	1927	MUL_MAT	MMVQ	-	blk.21.attn_qkv.weight	node_1276	q5_K	f32	f32	2560	8192	1	1	2560	1	1	1	1760	14417920	14417920	10240	10240	10240	1	1	0	1	1
72	1788291913988280771	eager	1927	MUL_MAT	MMVQ	-	blk.21.ssm_alpha.weight	node_1297	q8_0	f32	f32	2560	32	1	1	2560	1	1	1	2720	87040	87040	10240	10240	10240	1	1	0	1	1
72	1788291913988280771	eager	1927	MUL_MAT	MMVQ	-	blk.21.ssm_beta.weight	node_1303	q8_0	f32	f32	2560	32	1	1	2560	1	1	1	2720	87040	87040	10240	10240	10240	1	1	0	1	1
72	1788291913988280771	eager	1927	MUL_MAT	MMVQ	-	blk.21.ssm_out.weight	linear_attn_out-21	q5_K	f32	f32	4096	2560	1	1	4096	1	1	1	2816	7208960	7208960	16384	16384	16384	1	1	0	1	1
72	1788291913988280771	eager	1927	MUL_MAT	MMVQ	-	blk.22.attn_gate.weight	z-22	q4_K	f32	f32	2560	4096	1	1	2560	1	1	1	1440	5898240	5898240	10240	10240	10240	1	1	0	1	1
72	1788291913988280771	eager	1927	MUL_MAT	MMVQ	-	blk.22.attn_qkv.weight	node_1339	q5_K	f32	f32	2560	8192	1	1	2560	1	1	1	1760	14417920	14417920	10240	10240	10240	1	1	0	1	1
72	1788291913988280771	eager	1927	MUL_MAT	MMVQ	-	blk.22.ssm_alpha.weight	node_1360	q8_0	f32	f32	2560	32	1	1	2560	1	1	1	2720	87040	87040	10240	10240	10240	1	1	0	1	1
72	1788291913988280771	eager	1927	MUL_MAT	MMVQ	-	blk.22.ssm_beta.weight	node_1366	q8_0	f32	f32	2560	32	1	1	2560	1	1	1	2720	87040	87040	10240	10240	10240	1	1	0	1	1
72	1788291913988280771	eager	1927	MUL_MAT	MMVQ	-	blk.22.ssm_out.weight	linear_attn_out-22	q5_K	f32	f32	4096	2560	1	1	4096	1	1	1	2816	7208960	7208960	16384	16384	16384	1	1	0	1	1
72	1788291913988280771	eager	1927	MUL_MAT	MMVQ	-	blk.23.attn_k.weight	Kcur-23	q4_K	f32	f32	2560	1024	1	1	2560	1	1	1	1440	1474560	1474560	10240	10240	10240	1	1	0	1	1
72	1788291913988280771	eager	1927	MUL_MAT	MMVQ	-	blk.23.attn_q.weight	Qcur_full-23	q4_K	f32	f32	2560	8192	1	1	2560	1	1	1	1440	11796480	11796480	10240	10240	10240	1	1	0	1	1
72	1788291913988280771	eager	1927	MUL_MAT	MMVQ	-	blk.23.attn_v.weight	Vcur-23	q4_K	f32	f32	2560	1024	1	1	2560	1	1	1	1440	1474560	1474560	10240	10240	10240	1	1	0	1	1
72	1788291913988280771	eager	1927	MUL_MAT	MMVQ	-	blk.24.attn_gate.weight	z-24	q4_K	f32	f32	2560	4096	1	1	2560	1	1	1	1440	5898240	5898240	10240	10240	10240	1	1	0	1	1
72	1788291913988280771	eager	1927	MUL_MAT	MMVQ	-	blk.24.attn_qkv.weight	node_1453	q5_K	f32	f32	2560	8192	1	1	2560	1	1	1	1760	14417920	14417920	10240	10240	10240	1	1	0	1	1
72	1788291913988280771	eager	1927	MUL_MAT	MMVQ	-	blk.24.ssm_alpha.weight	node_1474	q8_0	f32	f32	2560	32	1	1	2560	1	1	1	2720	87040	87040	10240	10240	10240	1	1	0	1	1
72	1788291913988280771	eager	1927	MUL_MAT	MMVQ	-	blk.24.ssm_beta.weight	node_1480	q8_0	f32	f32	2560	32	1	1	2560	1	1	1	2720	87040	87040	10240	10240	10240	1	1	0	1	1
72	1788291913988280771	eager	1927	MUL_MAT	MMVQ	-	blk.24.ssm_out.weight	linear_attn_out-24	q5_K	f32	f32	4096	2560	1	1	4096	1	1	1	2816	7208960	7208960	16384	16384	16384	1	1	0	1	1
72	1788291913988280771	eager	1927	MUL_MAT	MMVQ	-	blk.25.attn_gate.weight	z-25	q4_K	f32	f32	2560	4096	1	1	2560	1	1	1	1440	5898240	5898240	10240	10240	10240	1	1	0	1	1
72	1788291913988280771	eager	1927	MUL_MAT	MMVQ	-	blk.25.attn_qkv.weight	node_1516	q5_K	f32	f32	2560	8192	1	1	2560	1	1	1	1760	14417920	14417920	10240	10240	10240	1	1	0	1	1
72	1788291913988280771	eager	1927	MUL_MAT	MMVQ	-	blk.25.ssm_alpha.weight	node_1537	q8_0	f32	f32	2560	32	1	1	2560	1	1	1	2720	87040	87040	10240	10240	10240	1	1	0	1	1
72	1788291913988280771	eager	1927	MUL_MAT	MMVQ	-	blk.25.ssm_beta.weight	node_1543	q8_0	f32	f32	2560	32	1	1	2560	1	1	1	2720	87040	87040	10240	10240	10240	1	1	0	1	1
72	1788291913988280771	eager	1927	MUL_MAT	MMVQ	-	blk.25.ssm_out.weight	linear_attn_out-25	q5_K	f32	f32	4096	2560	1	1	4096	1	1	1	2816	7208960	7208960	16384	16384	16384	1	1	0	1	1
72	1788291913988280771	eager	1927	MUL_MAT	MMVQ	-	blk.26.attn_gate.weight	z-26	q4_K	f32	f32	2560	4096	1	1	2560	1	1	1	1440	5898240	5898240	10240	10240	10240	1	1	0	1	1
72	1788291913988280771	eager	1927	MUL_MAT	MMVQ	-	blk.26.attn_qkv.weight	node_1579	q5_K	f32	f32	2560	8192	1	1	2560	1	1	1	1760	14417920	14417920	10240	10240	10240	1	1	0	1	1
72	1788291913988280771	eager	1927	MUL_MAT	MMVQ	-	blk.26.ssm_alpha.weight	node_1600	q8_0	f32	f32	2560	32	1	1	2560	1	1	1	2720	87040	87040	10240	10240	10240	1	1	0	1	1
72	1788291913988280771	eager	1927	MUL_MAT	MMVQ	-	blk.26.ssm_beta.weight	node_1606	q8_0	f32	f32	2560	32	1	1	2560	1	1	1	2720	87040	87040	10240	10240	10240	1	1	0	1	1
72	1788291913988280771	eager	1927	MUL_MAT	MMVQ	-	blk.26.ssm_out.weight	linear_attn_out-26	q5_K	f32	f32	4096	2560	1	1	4096	1	1	1	2816	7208960	7208960	16384	16384	16384	1	1	0	1	1
72	1788291913988280771	eager	1927	MUL_MAT	MMVQ	-	blk.27.attn_k.weight	Kcur-27	q4_K	f32	f32	2560	1024	1	1	2560	1	1	1	1440	1474560	1474560	10240	10240	10240	1	1	0	1	1
72	1788291913988280771	eager	1927	MUL_MAT	MMVQ	-	blk.27.attn_q.weight	Qcur_full-27	q4_K	f32	f32	2560	8192	1	1	2560	1	1	1	1440	11796480	11796480	10240	10240	10240	1	1	0	1	1
72	1788291913988280771	eager	1927	MUL_MAT	MMVQ	-	blk.27.attn_v.weight	Vcur-27	q6_K	f32	f32	2560	1024	1	1	2560	1	1	1	2100	2150400	2150400	10240	10240	10240	1	1	0	1	1
72	1788291913988280771	eager	1927	MUL_MAT	MMVQ	-	blk.28.attn_gate.weight	z-28	q4_K	f32	f32	2560	4096	1	1	2560	1	1	1	1440	5898240	5898240	10240	10240	10240	1	1	0	1	1
72	1788291913988280771	eager	1927	MUL_MAT	MMVQ	-	blk.28.attn_qkv.weight	node_1693	q5_K	f32	f32	2560	8192	1	1	2560	1	1	1	1760	14417920	14417920	10240	10240	10240	1	1	0	1	1
72	1788291913988280771	eager	1927	MUL_MAT	MMVQ	-	blk.28.ssm_alpha.weight	node_1714	q8_0	f32	f32	2560	32	1	1	2560	1	1	1	2720	87040	87040	10240	10240	10240	1	1	0	1	1
72	1788291913988280771	eager	1927	MUL_MAT	MMVQ	-	blk.28.ssm_beta.weight	node_1720	q8_0	f32	f32	2560	32	1	1	2560	1	1	1	2720	87040	87040	10240	10240	10240	1	1	0	1	1
72	1788291913988280771	eager	1927	MUL_MAT	MMVQ	-	blk.28.ssm_out.weight	linear_attn_out-28	q5_K	f32	f32	4096	2560	1	1	4096	1	1	1	2816	7208960	7208960	16384	16384	16384	1	1	0	1	1
72	1788291913988280771	eager	1927	MUL_MAT	MMVQ	-	blk.29.attn_gate.weight	z-29	q4_K	f32	f32	2560	4096	1	1	2560	1	1	1	1440	5898240	5898240	10240	10240	10240	1	1	0	1	1
72	1788291913988280771	eager	1927	MUL_MAT	MMVQ	-	blk.29.attn_qkv.weight	node_1756	q5_K	f32	f32	2560	8192	1	1	2560	1	1	1	1760	14417920	14417920	10240	10240	10240	1	1	0	1	1
72	1788291913988280771	eager	1927	MUL_MAT	MMVQ	-	blk.29.ssm_alpha.weight	node_1777	q8_0	f32	f32	2560	32	1	1	2560	1	1	1	2720	87040	87040	10240	10240	10240	1	1	0	1	1
72	1788291913988280771	eager	1927	MUL_MAT	MMVQ	-	blk.29.ssm_beta.weight	node_1783	q8_0	f32	f32	2560	32	1	1	2560	1	1	1	2720	87040	87040	10240	10240	10240	1	1	0	1	1
72	1788291913988280771	eager	1927	MUL_MAT	MMVQ	-	blk.29.ssm_out.weight	linear_attn_out-29	q5_K	f32	f32	4096	2560	1	1	4096	1	1	1	2816	7208960	7208960	16384	16384	16384	1	1	0	1	1
72	1788291913988280771	eager	1927	MUL_MAT	MMVQ	-	blk.3.attn_k.weight	Kcur-3	q4_K	f32	f32	2560	1024	1	1	2560	1	1	1	1440	1474560	1474560	10240	10240	10240	1	1	0	1	1
72	1788291913988280771	eager	1927	MUL_MAT	MMVQ	-	blk.3.attn_q.weight	Qcur_full-3	q4_K	f32	f32	2560	8192	1	1	2560	1	1	1	1440	11796480	11796480	10240	10240	10240	1	1	0	1	1
72	1788291913988280771	eager	1927	MUL_MAT	MMVQ	-	blk.3.attn_v.weight	Vcur-3	q6_K	f32	f32	2560	1024	1	1	2560	1	1	1	2100	2150400	2150400	10240	10240	10240	1	1	0	1	1
72	1788291913988280771	eager	1927	MUL_MAT	MMVQ	-	blk.30.attn_gate.weight	z-30	q4_K	f32	f32	2560	4096	1	1	2560	1	1	1	1440	5898240	5898240	10240	10240	10240	1	1	0	1	1
72	1788291913988280771	eager	1927	MUL_MAT	MMVQ	-	blk.30.attn_qkv.weight	node_1819	q5_K	f32	f32	2560	8192	1	1	2560	1	1	1	1760	14417920	14417920	10240	10240	10240	1	1	0	1	1
72	1788291913988280771	eager	1927	MUL_MAT	MMVQ	-	blk.30.ssm_alpha.weight	node_1840	q8_0	f32	f32	2560	32	1	1	2560	1	1	1	2720	87040	87040	10240	10240	10240	1	1	0	1	1
72	1788291913988280771	eager	1927	MUL_MAT	MMVQ	-	blk.30.ssm_beta.weight	node_1846	q8_0	f32	f32	2560	32	1	1	2560	1	1	1	2720	87040	87040	10240	10240	10240	1	1	0	1	1
72	1788291913988280771	eager	1927	MUL_MAT	MMVQ	-	blk.30.ssm_out.weight	linear_attn_out-30	q5_K	f32	f32	4096	2560	1	1	4096	1	1	1	2816	7208960	7208960	16384	16384	16384	1	1	0	1	1
72	1788291913988280771	eager	1927	MUL_MAT	MMVQ	-	blk.31.attn_k.weight	Kcur-31	q4_K	f32	f32	2560	1024	1	1	2560	1	1	1	1440	1474560	1474560	10240	10240	10240	1	1	0	1	1
72	1788291913988280771	eager	1927	MUL_MAT	MMVQ	-	blk.31.attn_q.weight	Qcur_full-31	q4_K	f32	f32	2560	8192	1	1	2560	1	1	1	1440	11796480	11796480	10240	10240	10240	1	1	0	1	1
72	1788291913988280771	eager	1927	MUL_MAT	MMVQ	-	blk.31.attn_v.weight	Vcur-31	q4_K	f32	f32	2560	1024	1	1	2560	1	1	1	1440	1474560	1474560	10240	10240	10240	1	1	0	1	1
72	1788291913988280771	eager	1927	MUL_MAT	MMVQ	-	blk.4.attn_gate.weight	z-4	q4_K	f32	f32	2560	4096	1	1	2560	1	1	1	1440	5898240	5898240	10240	10240	10240	1	1	0	1	1
72	1788291913988280771	eager	1927	MUL_MAT	MMVQ	-	blk.4.attn_qkv.weight	node_253	q5_K	f32	f32	2560	8192	1	1	2560	1	1	1	1760	14417920	14417920	10240	10240	10240	1	1	0	1	1
72	1788291913988280771	eager	1927	MUL_MAT	MMVQ	-	blk.4.ssm_alpha.weight	node_274	q8_0	f32	f32	2560	32	1	1	2560	1	1	1	2720	87040	87040	10240	10240	10240	1	1	0	1	1
72	1788291913988280771	eager	1927	MUL_MAT	MMVQ	-	blk.4.ssm_beta.weight	node_280	q8_0	f32	f32	2560	32	1	1	2560	1	1	1	2720	87040	87040	10240	10240	10240	1	1	0	1	1
72	1788291913988280771	eager	1927	MUL_MAT	MMVQ	-	blk.4.ssm_out.weight	linear_attn_out-4	q5_K	f32	f32	4096	2560	1	1	4096	1	1	1	2816	7208960	7208960	16384	16384	16384	1	1	0	1	1
72	1788291913988280771	eager	1927	MUL_MAT	MMVQ	-	blk.5.attn_gate.weight	z-5	q4_K	f32	f32	2560	4096	1	1	2560	1	1	1	1440	5898240	5898240	10240	10240	10240	1	1	0	1	1
72	1788291913988280771	eager	1927	MUL_MAT	MMVQ	-	blk.5.attn_qkv.weight	node_316	q5_K	f32	f32	2560	8192	1	1	2560	1	1	1	1760	14417920	14417920	10240	10240	10240	1	1	0	1	1
72	1788291913988280771	eager	1927	MUL_MAT	MMVQ	-	blk.5.ssm_alpha.weight	node_337	q8_0	f32	f32	2560	32	1	1	2560	1	1	1	2720	87040	87040	10240	10240	10240	1	1	0	1	1
72	1788291913988280771	eager	1927	MUL_MAT	MMVQ	-	blk.5.ssm_beta.weight	node_343	q8_0	f32	f32	2560	32	1	1	2560	1	1	1	2720	87040	87040	10240	10240	10240	1	1	0	1	1
72	1788291913988280771	eager	1927	MUL_MAT	MMVQ	-	blk.5.ssm_out.weight	linear_attn_out-5	q5_K	f32	f32	4096	2560	1	1	4096	1	1	1	2816	7208960	7208960	16384	16384	16384	1	1	0	1	1
72	1788291913988280771	eager	1927	MUL_MAT	MMVQ	-	blk.6.attn_gate.weight	z-6	q4_K	f32	f32	2560	4096	1	1	2560	1	1	1	1440	5898240	5898240	10240	10240	10240	1	1	0	1	1
72	1788291913988280771	eager	1927	MUL_MAT	MMVQ	-	blk.6.attn_qkv.weight	node_379	q5_K	f32	f32	2560	8192	1	1	2560	1	1	1	1760	14417920	14417920	10240	10240	10240	1	1	0	1	1
72	1788291913988280771	eager	1927	MUL_MAT	MMVQ	-	blk.6.ssm_alpha.weight	node_400	q8_0	f32	f32	2560	32	1	1	2560	1	1	1	2720	87040	87040	10240	10240	10240	1	1	0	1	1
72	1788291913988280771	eager	1927	MUL_MAT	MMVQ	-	blk.6.ssm_beta.weight	node_406	q8_0	f32	f32	2560	32	1	1	2560	1	1	1	2720	87040	87040	10240	10240	10240	1	1	0	1	1
72	1788291913988280771	eager	1927	MUL_MAT	MMVQ	-	blk.6.ssm_out.weight	linear_attn_out-6	q5_K	f32	f32	4096	2560	1	1	4096	1	1	1	2816	7208960	7208960	16384	16384	16384	1	1	0	1	1
72	1788291913988280771	eager	1927	MUL_MAT	MMVQ	-	blk.7.attn_k.weight	Kcur-7	q4_K	f32	f32	2560	1024	1	1	2560	1	1	1	1440	1474560	1474560	10240	10240	10240	1	1	0	1	1
72	1788291913988280771	eager	1927	MUL_MAT	MMVQ	-	blk.7.attn_q.weight	Qcur_full-7	q4_K	f32	f32	2560	8192	1	1	2560	1	1	1	1440	11796480	11796480	10240	10240	10240	1	1	0	1	1
72	1788291913988280771	eager	1927	MUL_MAT	MMVQ	-	blk.7.attn_v.weight	Vcur-7	q6_K	f32	f32	2560	1024	1	1	2560	1	1	1	2100	2150400	2150400	10240	10240	10240	1	1	0	1	1
72	1788291913988280771	eager	1927	MUL_MAT	MMVQ	-	blk.8.attn_gate.weight	z-8	q4_K	f32	f32	2560	4096	1	1	2560	1	1	1	1440	5898240	5898240	10240	10240	10240	1	1	0	1	1
72	1788291913988280771	eager	1927	MUL_MAT	MMVQ	-	blk.8.attn_qkv.weight	node_493	q5_K	f32	f32	2560	8192	1	1	2560	1	1	1	1760	14417920	14417920	10240	10240	10240	1	1	0	1	1
72	1788291913988280771	eager	1927	MUL_MAT	MMVQ	-	blk.8.ssm_alpha.weight	node_514	q8_0	f32	f32	2560	32	1	1	2560	1	1	1	2720	87040	87040	10240	10240	10240	1	1	0	1	1
72	1788291913988280771	eager	1927	MUL_MAT	MMVQ	-	blk.8.ssm_beta.weight	node_520	q8_0	f32	f32	2560	32	1	1	2560	1	1	1	2720	87040	87040	10240	10240	10240	1	1	0	1	1
72	1788291913988280771	eager	1927	MUL_MAT	MMVQ	-	blk.8.ssm_out.weight	linear_attn_out-8	q5_K	f32	f32	4096	2560	1	1	4096	1	1	1	2816	7208960	7208960	16384	16384	16384	1	1	0	1	1
72	1788291913988280771	eager	1927	MUL_MAT	MMVQ	-	blk.9.attn_gate.weight	z-9	q4_K	f32	f32	2560	4096	1	1	2560	1	1	1	1440	5898240	5898240	10240	10240	10240	1	1	0	1	1
72	1788291913988280771	eager	1927	MUL_MAT	MMVQ	-	blk.9.attn_qkv.weight	node_556	q5_K	f32	f32	2560	8192	1	1	2560	1	1	1	1760	14417920	14417920	10240	10240	10240	1	1	0	1	1
72	1788291913988280771	eager	1927	MUL_MAT	MMVQ	-	blk.9.ssm_alpha.weight	node_577	q8_0	f32	f32	2560	32	1	1	2560	1	1	1	2720	87040	87040	10240	10240	10240	1	1	0	1	1
72	1788291913988280771	eager	1927	MUL_MAT	MMVQ	-	blk.9.ssm_beta.weight	node_583	q8_0	f32	f32	2560	32	1	1	2560	1	1	1	2720	87040	87040	10240	10240	10240	1	1	0	1	1
72	1788291913988280771	eager	1927	MUL_MAT	MMVQ	-	blk.9.ssm_out.weight	linear_attn_out-9	q5_K	f32	f32	4096	2560	1	1	4096	1	1	1	2816	7208960	7208960	16384	16384	16384	1	1	0	1	1
72	1788291913988280771	eager	1927	MUL_MAT	MMVQ	-	token_embd.weight	result_output	q6_K	f32	f32	2560	248320	1	1	2560	1	1	1	2100	521472000	521472000	10240	10240	10240	1	1	0	1	1
72	1788291913988280771	eager	1927	MUL_MAT	MMVQ	fused	blk.0.ffn_down.weight	l_out-0	q6_K	f32	f32	9216	2560	1	1	9216	1	1	1	7560	19353600	19353600	36864	36864	36864	1	1	0	1	1
72	1788291913988280771	eager	1927	MUL_MAT	MMVQ	fused	blk.0.ffn_up.weight	ffn_swiglu-0	q4_K	f32	f32	2560	9216	1	1	2560	1	1	1	1440	13271040	13271040	10240	10240	10240	1	1	0	1	1
72	1788291913988280771	eager	1927	MUL_MAT	MMVQ	fused	blk.1.ffn_down.weight	l_out-1	q6_K	f32	f32	9216	2560	1	1	9216	1	1	1	7560	19353600	19353600	36864	36864	36864	1	1	0	1	1
72	1788291913988280771	eager	1927	MUL_MAT	MMVQ	fused	blk.1.ffn_up.weight	ffn_swiglu-1	q4_K	f32	f32	2560	9216	1	1	2560	1	1	1	1440	13271040	13271040	10240	10240	10240	1	1	0	1	1
72	1788291913988280771	eager	1927	MUL_MAT	MMVQ	fused	blk.10.ffn_down.weight	l_out-10	q4_K	f32	f32	9216	2560	1	1	9216	1	1	1	5184	13271040	13271040	36864	36864	36864	1	1	0	1	1
72	1788291913988280771	eager	1927	MUL_MAT	MMVQ	fused	blk.10.ffn_up.weight	ffn_swiglu-10	q4_K	f32	f32	2560	9216	1	1	2560	1	1	1	1440	13271040	13271040	10240	10240	10240	1	1	0	1	1
72	1788291913988280771	eager	1927	MUL_MAT	MMVQ	fused	blk.11.attn_output.weight	attn_residual-11	q4_K	f32	f32	4096	2560	1	1	4096	1	1	1	2304	5898240	5898240	16384	16384	16384	1	1	0	1	1
72	1788291913988280771	eager	1927	MUL_MAT	MMVQ	fused	blk.11.ffn_down.weight	l_out-11	q4_K	f32	f32	9216	2560	1	1	9216	1	1	1	5184	13271040	13271040	36864	36864	36864	1	1	0	1	1
72	1788291913988280771	eager	1927	MUL_MAT	MMVQ	fused	blk.11.ffn_up.weight	ffn_swiglu-11	q4_K	f32	f32	2560	9216	1	1	2560	1	1	1	1440	13271040	13271040	10240	10240	10240	1	1	0	1	1
72	1788291913988280771	eager	1927	MUL_MAT	MMVQ	fused	blk.12.ffn_down.weight	l_out-12	q6_K	f32	f32	9216	2560	1	1	9216	1	1	1	7560	19353600	19353600	36864	36864	36864	1	1	0	1	1
72	1788291913988280771	eager	1927	MUL_MAT	MMVQ	fused	blk.12.ffn_up.weight	ffn_swiglu-12	q4_K	f32	f32	2560	9216	1	1	2560	1	1	1	1440	13271040	13271040	10240	10240	10240	1	1	0	1	1
72	1788291913988280771	eager	1927	MUL_MAT	MMVQ	fused	blk.13.ffn_down.weight	l_out-13	q4_K	f32	f32	9216	2560	1	1	9216	1	1	1	5184	13271040	13271040	36864	36864	36864	1	1	0	1	1
72	1788291913988280771	eager	1927	MUL_MAT	MMVQ	fused	blk.13.ffn_up.weight	ffn_swiglu-13	q4_K	f32	f32	2560	9216	1	1	2560	1	1	1	1440	13271040	13271040	10240	10240	10240	1	1	0	1	1
72	1788291913988280771	eager	1927	MUL_MAT	MMVQ	fused	blk.14.ffn_down.weight	l_out-14	q4_K	f32	f32	9216	2560	1	1	9216	1	1	1	5184	13271040	13271040	36864	36864	36864	1	1	0	1	1
72	1788291913988280771	eager	1927	MUL_MAT	MMVQ	fused	blk.14.ffn_up.weight	ffn_swiglu-14	q4_K	f32	f32	2560	9216	1	1	2560	1	1	1	1440	13271040	13271040	10240	10240	10240	1	1	0	1	1
72	1788291913988280771	eager	1927	MUL_MAT	MMVQ	fused	blk.15.attn_output.weight	attn_residual-15	q4_K	f32	f32	4096	2560	1	1	4096	1	1	1	2304	5898240	5898240	16384	16384	16384	1	1	0	1	1
72	1788291913988280771	eager	1927	MUL_MAT	MMVQ	fused	blk.15.ffn_down.weight	l_out-15	q6_K	f32	f32	9216	2560	1	1	9216	1	1	1	7560	19353600	19353600	36864	36864	36864	1	1	0	1	1
72	1788291913988280771	eager	1927	MUL_MAT	MMVQ	fused	blk.15.ffn_up.weight	ffn_swiglu-15	q4_K	f32	f32	2560	9216	1	1	2560	1	1	1	1440	13271040	13271040	10240	10240	10240	1	1	0	1	1
72	1788291913988280771	eager	1927	MUL_MAT	MMVQ	fused	blk.16.ffn_down.weight	l_out-16	q4_K	f32	f32	9216	2560	1	1	9216	1	1	1	5184	13271040	13271040	36864	36864	36864	1	1	0	1	1
72	1788291913988280771	eager	1927	MUL_MAT	MMVQ	fused	blk.16.ffn_up.weight	ffn_swiglu-16	q4_K	f32	f32	2560	9216	1	1	2560	1	1	1	1440	13271040	13271040	10240	10240	10240	1	1	0	1	1
72	1788291913988280771	eager	1927	MUL_MAT	MMVQ	fused	blk.17.ffn_down.weight	l_out-17	q4_K	f32	f32	9216	2560	1	1	9216	1	1	1	5184	13271040	13271040	36864	36864	36864	1	1	0	1	1
72	1788291913988280771	eager	1927	MUL_MAT	MMVQ	fused	blk.17.ffn_up.weight	ffn_swiglu-17	q4_K	f32	f32	2560	9216	1	1	2560	1	1	1	1440	13271040	13271040	10240	10240	10240	1	1	0	1	1
72	1788291913988280771	eager	1927	MUL_MAT	MMVQ	fused	blk.18.ffn_down.weight	l_out-18	q6_K	f32	f32	9216	2560	1	1	9216	1	1	1	7560	19353600	19353600	36864	36864	36864	1	1	0	1	1
72	1788291913988280771	eager	1927	MUL_MAT	MMVQ	fused	blk.18.ffn_up.weight	ffn_swiglu-18	q4_K	f32	f32	2560	9216	1	1	2560	1	1	1	1440	13271040	13271040	10240	10240	10240	1	1	0	1	1
72	1788291913988280771	eager	1927	MUL_MAT	MMVQ	fused	blk.19.attn_output.weight	attn_residual-19	q4_K	f32	f32	4096	2560	1	1	4096	1	1	1	2304	5898240	5898240	16384	16384	16384	1	1	0	1	1
72	1788291913988280771	eager	1927	MUL_MAT	MMVQ	fused	blk.19.ffn_down.weight	l_out-19	q4_K	f32	f32	9216	2560	1	1	9216	1	1	1	5184	13271040	13271040	36864	36864	36864	1	1	0	1	1
72	1788291913988280771	eager	1927	MUL_MAT	MMVQ	fused	blk.19.ffn_up.weight	ffn_swiglu-19	q4_K	f32	f32	2560	9216	1	1	2560	1	1	1	1440	13271040	13271040	10240	10240	10240	1	1	0	1	1
72	1788291913988280771	eager	1927	MUL_MAT	MMVQ	fused	blk.2.ffn_down.weight	l_out-2	q6_K	f32	f32	9216	2560	1	1	9216	1	1	1	7560	19353600	19353600	36864	36864	36864	1	1	0	1	1
72	1788291913988280771	eager	1927	MUL_MAT	MMVQ	fused	blk.2.ffn_up.weight	ffn_swiglu-2	q4_K	f32	f32	2560	9216	1	1	2560	1	1	1	1440	13271040	13271040	10240	10240	10240	1	1	0	1	1
72	1788291913988280771	eager	1927	MUL_MAT	MMVQ	fused	blk.20.ffn_down.weight	l_out-20	q4_K	f32	f32	9216	2560	1	1	9216	1	1	1	5184	13271040	13271040	36864	36864	36864	1	1	0	1	1
72	1788291913988280771	eager	1927	MUL_MAT	MMVQ	fused	blk.20.ffn_up.weight	ffn_swiglu-20	q4_K	f32	f32	2560	9216	1	1	2560	1	1	1	1440	13271040	13271040	10240	10240	10240	1	1	0	1	1
72	1788291913988280771	eager	1927	MUL_MAT	MMVQ	fused	blk.21.ffn_down.weight	l_out-21	q6_K	f32	f32	9216	2560	1	1	9216	1	1	1	7560	19353600	19353600	36864	36864	36864	1	1	0	1	1
72	1788291913988280771	eager	1927	MUL_MAT	MMVQ	fused	blk.21.ffn_up.weight	ffn_swiglu-21	q4_K	f32	f32	2560	9216	1	1	2560	1	1	1	1440	13271040	13271040	10240	10240	10240	1	1	0	1	1
72	1788291913988280771	eager	1927	MUL_MAT	MMVQ	fused	blk.22.ffn_down.weight	l_out-22	q4_K	f32	f32	9216	2560	1	1	9216	1	1	1	5184	13271040	13271040	36864	36864	36864	1	1	0	1	1
72	1788291913988280771	eager	1927	MUL_MAT	MMVQ	fused	blk.22.ffn_up.weight	ffn_swiglu-22	q4_K	f32	f32	2560	9216	1	1	2560	1	1	1	1440	13271040	13271040	10240	10240	10240	1	1	0	1	1
72	1788291913988280771	eager	1927	MUL_MAT	MMVQ	fused	blk.23.attn_output.weight	attn_residual-23	q4_K	f32	f32	4096	2560	1	1	4096	1	1	1	2304	5898240	5898240	16384	16384	16384	1	1	0	1	1
72	1788291913988280771	eager	1927	MUL_MAT	MMVQ	fused	blk.23.ffn_down.weight	l_out-23	q4_K	f32	f32	9216	2560	1	1	9216	1	1	1	5184	13271040	13271040	36864	36864	36864	1	1	0	1	1
72	1788291913988280771	eager	1927	MUL_MAT	MMVQ	fused	blk.23.ffn_up.weight	ffn_swiglu-23	q4_K	f32	f32	2560	9216	1	1	2560	1	1	1	1440	13271040	13271040	10240	10240	10240	1	1	0	1	1
72	1788291913988280771	eager	1927	MUL_MAT	MMVQ	fused	blk.24.ffn_down.weight	l_out-24	q6_K	f32	f32	9216	2560	1	1	9216	1	1	1	7560	19353600	19353600	36864	36864	36864	1	1	0	1	1
72	1788291913988280771	eager	1927	MUL_MAT	MMVQ	fused	blk.24.ffn_up.weight	ffn_swiglu-24	q4_K	f32	f32	2560	9216	1	1	2560	1	1	1	1440	13271040	13271040	10240	10240	10240	1	1	0	1	1
72	1788291913988280771	eager	1927	MUL_MAT	MMVQ	fused	blk.25.ffn_down.weight	l_out-25	q4_K	f32	f32	9216	2560	1	1	9216	1	1	1	5184	13271040	13271040	36864	36864	36864	1	1	0	1	1
72	1788291913988280771	eager	1927	MUL_MAT	MMVQ	fused	blk.25.ffn_up.weight	ffn_swiglu-25	q4_K	f32	f32	2560	9216	1	1	2560	1	1	1	1440	13271040	13271040	10240	10240	10240	1	1	0	1	1
72	1788291913988280771	eager	1927	MUL_MAT	MMVQ	fused	blk.26.ffn_down.weight	l_out-26	q4_K	f32	f32	9216	2560	1	1	9216	1	1	1	5184	13271040	13271040	36864	36864	36864	1	1	0	1	1
72	1788291913988280771	eager	1927	MUL_MAT	MMVQ	fused	blk.26.ffn_up.weight	ffn_swiglu-26	q4_K	f32	f32	2560	9216	1	1	2560	1	1	1	1440	13271040	13271040	10240	10240	10240	1	1	0	1	1
72	1788291913988280771	eager	1927	MUL_MAT	MMVQ	fused	blk.27.attn_output.weight	attn_residual-27	q4_K	f32	f32	4096	2560	1	1	4096	1	1	1	2304	5898240	5898240	16384	16384	16384	1	1	0	1	1
72	1788291913988280771	eager	1927	MUL_MAT	MMVQ	fused	blk.27.ffn_down.weight	l_out-27	q6_K	f32	f32	9216	2560	1	1	9216	1	1	1	7560	19353600	19353600	36864	36864	36864	1	1	0	1	1
72	1788291913988280771	eager	1927	MUL_MAT	MMVQ	fused	blk.27.ffn_up.weight	ffn_swiglu-27	q4_K	f32	f32	2560	9216	1	1	2560	1	1	1	1440	13271040	13271040	10240	10240	10240	1	1	0	1	1
72	1788291913988280771	eager	1927	MUL_MAT	MMVQ	fused	blk.28.ffn_down.weight	l_out-28	q6_K	f32	f32	9216	2560	1	1	9216	1	1	1	7560	19353600	19353600	36864	36864	36864	1	1	0	1	1
72	1788291913988280771	eager	1927	MUL_MAT	MMVQ	fused	blk.28.ffn_up.weight	ffn_swiglu-28	q4_K	f32	f32	2560	9216	1	1	2560	1	1	1	1440	13271040	13271040	10240	10240	10240	1	1	0	1	1
72	1788291913988280771	eager	1927	MUL_MAT	MMVQ	fused	blk.29.ffn_down.weight	l_out-29	q6_K	f32	f32	9216	2560	1	1	9216	1	1	1	7560	19353600	19353600	36864	36864	36864	1	1	0	1	1
72	1788291913988280771	eager	1927	MUL_MAT	MMVQ	fused	blk.29.ffn_up.weight	ffn_swiglu-29	q4_K	f32	f32	2560	9216	1	1	2560	1	1	1	1440	13271040	13271040	10240	10240	10240	1	1	0	1	1
72	1788291913988280771	eager	1927	MUL_MAT	MMVQ	fused	blk.3.attn_output.weight	attn_residual-3	q4_K	f32	f32	4096	2560	1	1	4096	1	1	1	2304	5898240	5898240	16384	16384	16384	1	1	0	1	1
72	1788291913988280771	eager	1927	MUL_MAT	MMVQ	fused	blk.3.ffn_down.weight	l_out-3	q6_K	f32	f32	9216	2560	1	1	9216	1	1	1	7560	19353600	19353600	36864	36864	36864	1	1	0	1	1
72	1788291913988280771	eager	1927	MUL_MAT	MMVQ	fused	blk.3.ffn_up.weight	ffn_swiglu-3	q4_K	f32	f32	2560	9216	1	1	2560	1	1	1	1440	13271040	13271040	10240	10240	10240	1	1	0	1	1
72	1788291913988280771	eager	1927	MUL_MAT	MMVQ	fused	blk.30.ffn_down.weight	l_out-30	q6_K	f32	f32	9216	2560	1	1	9216	1	1	1	7560	19353600	19353600	36864	36864	36864	1	1	0	1	1
72	1788291913988280771	eager	1927	MUL_MAT	MMVQ	fused	blk.30.ffn_up.weight	ffn_swiglu-30	q4_K	f32	f32	2560	9216	1	1	2560	1	1	1	1440	13271040	13271040	10240	10240	10240	1	1	0	1	1
72	1788291913988280771	eager	1927	MUL_MAT	MMVQ	fused	blk.31.attn_output.weight	attn_residual-31	q4_K	f32	f32	4096	2560	1	1	4096	1	1	1	2304	5898240	5898240	16384	16384	16384	1	1	0	1	1
72	1788291913988280771	eager	1927	MUL_MAT	MMVQ	fused	blk.31.ffn_down.weight	l_out-31	q6_K	f32	f32	9216	2560	1	1	9216	1	1	1	7560	19353600	19353600	36864	36864	36864	1	1	0	1	1
72	1788291913988280771	eager	1927	MUL_MAT	MMVQ	fused	blk.31.ffn_up.weight	ffn_swiglu-31	q4_K	f32	f32	2560	9216	1	1	2560	1	1	1	1440	13271040	13271040	10240	10240	10240	1	1	0	1	1
72	1788291913988280771	eager	1927	MUL_MAT	MMVQ	fused	blk.4.ffn_down.weight	l_out-4	q4_K	f32	f32	9216	2560	1	1	9216	1	1	1	5184	13271040	13271040	36864	36864	36864	1	1	0	1	1
72	1788291913988280771	eager	1927	MUL_MAT	MMVQ	fused	blk.4.ffn_up.weight	ffn_swiglu-4	q4_K	f32	f32	2560	9216	1	1	2560	1	1	1	1440	13271040	13271040	10240	10240	10240	1	1	0	1	1
72	1788291913988280771	eager	1927	MUL_MAT	MMVQ	fused	blk.5.ffn_down.weight	l_out-5	q4_K	f32	f32	9216	2560	1	1	9216	1	1	1	5184	13271040	13271040	36864	36864	36864	1	1	0	1	1
72	1788291913988280771	eager	1927	MUL_MAT	MMVQ	fused	blk.5.ffn_up.weight	ffn_swiglu-5	q4_K	f32	f32	2560	9216	1	1	2560	1	1	1	1440	13271040	13271040	10240	10240	10240	1	1	0	1	1
72	1788291913988280771	eager	1927	MUL_MAT	MMVQ	fused	blk.6.ffn_down.weight	l_out-6	q6_K	f32	f32	9216	2560	1	1	9216	1	1	1	7560	19353600	19353600	36864	36864	36864	1	1	0	1	1
72	1788291913988280771	eager	1927	MUL_MAT	MMVQ	fused	blk.6.ffn_up.weight	ffn_swiglu-6	q4_K	f32	f32	2560	9216	1	1	2560	1	1	1	1440	13271040	13271040	10240	10240	10240	1	1	0	1	1
72	1788291913988280771	eager	1927	MUL_MAT	MMVQ	fused	blk.7.attn_output.weight	attn_residual-7	q4_K	f32	f32	4096	2560	1	1	4096	1	1	1	2304	5898240	5898240	16384	16384	16384	1	1	0	1	1
72	1788291913988280771	eager	1927	MUL_MAT	MMVQ	fused	blk.7.ffn_down.weight	l_out-7	q4_K	f32	f32	9216	2560	1	1	9216	1	1	1	5184	13271040	13271040	36864	36864	36864	1	1	0	1	1
72	1788291913988280771	eager	1927	MUL_MAT	MMVQ	fused	blk.7.ffn_up.weight	ffn_swiglu-7	q4_K	f32	f32	2560	9216	1	1	2560	1	1	1	1440	13271040	13271040	10240	10240	10240	1	1	0	1	1
72	1788291913988280771	eager	1927	MUL_MAT	MMVQ	fused	blk.8.ffn_down.weight	l_out-8	q4_K	f32	f32	9216	2560	1	1	9216	1	1	1	5184	13271040	13271040	36864	36864	36864	1	1	0	1	1
72	1788291913988280771	eager	1927	MUL_MAT	MMVQ	fused	blk.8.ffn_up.weight	ffn_swiglu-8	q4_K	f32	f32	2560	9216	1	1	2560	1	1	1	1440	13271040	13271040	10240	10240	10240	1	1	0	1	1
72	1788291913988280771	eager	1927	MUL_MAT	MMVQ	fused	blk.9.ffn_down.weight	l_out-9	q6_K	f32	f32	9216	2560	1	1	9216	1	1	1	7560	19353600	19353600	36864	36864	36864	1	1	0	1	1
72	1788291913988280771	eager	1927	MUL_MAT	MMVQ	fused	blk.9.ffn_up.weight	ffn_swiglu-9	q4_K	f32	f32	2560	9216	1	1	2560	1	1	1	1440	13271040	13271040	10240	10240	10240	1	1	0	1	1
73	1788291913998108628	capture	1927	MUL_MAT	MMVQ	-	blk.0.attn_gate.weight	z-0	q4_K	f32	f32	2560	4096	1	1	2560	1	1	1	1440	5898240	5898240	10240	10240	10240	1	1	0	1	1
73	1788291913998108628	capture	1927	MUL_MAT	MMVQ	-	blk.0.attn_qkv.weight	node_13	q5_K	f32	f32	2560	8192	1	1	2560	1	1	1	1760	14417920	14417920	10240	10240	10240	1	1	0	1	1
73	1788291913998108628	capture	1927	MUL_MAT	MMVQ	-	blk.0.ssm_alpha.weight	node_34	q8_0	f32	f32	2560	32	1	1	2560	1	1	1	2720	87040	87040	10240	10240	10240	1	1	0	1	1
73	1788291913998108628	capture	1927	MUL_MAT	MMVQ	-	blk.0.ssm_beta.weight	node_40	q8_0	f32	f32	2560	32	1	1	2560	1	1	1	2720	87040	87040	10240	10240	10240	1	1	0	1	1
73	1788291913998108628	capture	1927	MUL_MAT	MMVQ	-	blk.0.ssm_out.weight	linear_attn_out-0	q5_K	f32	f32	4096	2560	1	1	4096	1	1	1	2816	7208960	7208960	16384	16384	16384	1	1	0	1	1
73	1788291913998108628	capture	1927	MUL_MAT	MMVQ	-	blk.1.attn_gate.weight	z-1	q4_K	f32	f32	2560	4096	1	1	2560	1	1	1	1440	5898240	5898240	10240	10240	10240	1	1	0	1	1
73	1788291913998108628	capture	1927	MUL_MAT	MMVQ	-	blk.1.attn_qkv.weight	node_76	q5_K	f32	f32	2560	8192	1	1	2560	1	1	1	1760	14417920	14417920	10240	10240	10240	1	1	0	1	1
73	1788291913998108628	capture	1927	MUL_MAT	MMVQ	-	blk.1.ssm_alpha.weight	node_97	q8_0	f32	f32	2560	32	1	1	2560	1	1	1	2720	87040	87040	10240	10240	10240	1	1	0	1	1
73	1788291913998108628	capture	1927	MUL_MAT	MMVQ	-	blk.1.ssm_beta.weight	node_103	q8_0	f32	f32	2560	32	1	1	2560	1	1	1	2720	87040	87040	10240	10240	10240	1	1	0	1	1
73	1788291913998108628	capture	1927	MUL_MAT	MMVQ	-	blk.1.ssm_out.weight	linear_attn_out-1	q5_K	f32	f32	4096	2560	1	1	4096	1	1	1	2816	7208960	7208960	16384	16384	16384	1	1	0	1	1
73	1788291913998108628	capture	1927	MUL_MAT	MMVQ	-	blk.10.attn_gate.weight	z-10	q4_K	f32	f32	2560	4096	1	1	2560	1	1	1	1440	5898240	5898240	10240	10240	10240	1	1	0	1	1
73	1788291913998108628	capture	1927	MUL_MAT	MMVQ	-	blk.10.attn_qkv.weight	node_619	q5_K	f32	f32	2560	8192	1	1	2560	1	1	1	1760	14417920	14417920	10240	10240	10240	1	1	0	1	1
73	1788291913998108628	capture	1927	MUL_MAT	MMVQ	-	blk.10.ssm_alpha.weight	node_640	q8_0	f32	f32	2560	32	1	1	2560	1	1	1	2720	87040	87040	10240	10240	10240	1	1	0	1	1
73	1788291913998108628	capture	1927	MUL_MAT	MMVQ	-	blk.10.ssm_beta.weight	node_646	q8_0	f32	f32	2560	32	1	1	2560	1	1	1	2720	87040	87040	10240	10240	10240	1	1	0	1	1
73	1788291913998108628	capture	1927	MUL_MAT	MMVQ	-	blk.10.ssm_out.weight	linear_attn_out-10	q5_K	f32	f32	4096	2560	1	1	4096	1	1	1	2816	7208960	7208960	16384	16384	16384	1	1	0	1	1
73	1788291913998108628	capture	1927	MUL_MAT	MMVQ	-	blk.11.attn_k.weight	Kcur-11	q4_K	f32	f32	2560	1024	1	1	2560	1	1	1	1440	1474560	1474560	10240	10240	10240	1	1	0	1	1
73	1788291913998108628	capture	1927	MUL_MAT	MMVQ	-	blk.11.attn_q.weight	Qcur_full-11	q4_K	f32	f32	2560	8192	1	1	2560	1	1	1	1440	11796480	11796480	10240	10240	10240	1	1	0	1	1
73	1788291913998108628	capture	1927	MUL_MAT	MMVQ	-	blk.11.attn_v.weight	Vcur-11	q6_K	f32	f32	2560	1024	1	1	2560	1	1	1	2100	2150400	2150400	10240	10240	10240	1	1	0	1	1
73	1788291913998108628	capture	1927	MUL_MAT	MMVQ	-	blk.12.attn_gate.weight	z-12	q4_K	f32	f32	2560	4096	1	1	2560	1	1	1	1440	5898240	5898240	10240	10240	10240	1	1	0	1	1
73	1788291913998108628	capture	1927	MUL_MAT	MMVQ	-	blk.12.attn_qkv.weight	node_733	q5_K	f32	f32	2560	8192	1	1	2560	1	1	1	1760	14417920	14417920	10240	10240	10240	1	1	0	1	1
73	1788291913998108628	capture	1927	MUL_MAT	MMVQ	-	blk.12.ssm_alpha.weight	node_754	q8_0	f32	f32	2560	32	1	1	2560	1	1	1	2720	87040	87040	10240	10240	10240	1	1	0	1	1
73	1788291913998108628	capture	1927	MUL_MAT	MMVQ	-	blk.12.ssm_beta.weight	node_760	q8_0	f32	f32	2560	32	1	1	2560	1	1	1	2720	87040	87040	10240	10240	10240	1	1	0	1	1
73	1788291913998108628	capture	1927	MUL_MAT	MMVQ	-	blk.12.ssm_out.weight	linear_attn_out-12	q5_K	f32	f32	4096	2560	1	1	4096	1	1	1	2816	7208960	7208960	16384	16384	16384	1	1	0	1	1
73	1788291913998108628	capture	1927	MUL_MAT	MMVQ	-	blk.13.attn_gate.weight	z-13	q4_K	f32	f32	2560	4096	1	1	2560	1	1	1	1440	5898240	5898240	10240	10240	10240	1	1	0	1	1
73	1788291913998108628	capture	1927	MUL_MAT	MMVQ	-	blk.13.attn_qkv.weight	node_796	q5_K	f32	f32	2560	8192	1	1	2560	1	1	1	1760	14417920	14417920	10240	10240	10240	1	1	0	1	1
73	1788291913998108628	capture	1927	MUL_MAT	MMVQ	-	blk.13.ssm_alpha.weight	node_817	q8_0	f32	f32	2560	32	1	1	2560	1	1	1	2720	87040	87040	10240	10240	10240	1	1	0	1	1
73	1788291913998108628	capture	1927	MUL_MAT	MMVQ	-	blk.13.ssm_beta.weight	node_823	q8_0	f32	f32	2560	32	1	1	2560	1	1	1	2720	87040	87040	10240	10240	10240	1	1	0	1	1
73	1788291913998108628	capture	1927	MUL_MAT	MMVQ	-	blk.13.ssm_out.weight	linear_attn_out-13	q5_K	f32	f32	4096	2560	1	1	4096	1	1	1	2816	7208960	7208960	16384	16384	16384	1	1	0	1	1
73	1788291913998108628	capture	1927	MUL_MAT	MMVQ	-	blk.14.attn_gate.weight	z-14	q4_K	f32	f32	2560	4096	1	1	2560	1	1	1	1440	5898240	5898240	10240	10240	10240	1	1	0	1	1
73	1788291913998108628	capture	1927	MUL_MAT	MMVQ	-	blk.14.attn_qkv.weight	node_859	q5_K	f32	f32	2560	8192	1	1	2560	1	1	1	1760	14417920	14417920	10240	10240	10240	1	1	0	1	1
73	1788291913998108628	capture	1927	MUL_MAT	MMVQ	-	blk.14.ssm_alpha.weight	node_880	q8_0	f32	f32	2560	32	1	1	2560	1	1	1	2720	87040	87040	10240	10240	10240	1	1	0	1	1
73	1788291913998108628	capture	1927	MUL_MAT	MMVQ	-	blk.14.ssm_beta.weight	node_886	q8_0	f32	f32	2560	32	1	1	2560	1	1	1	2720	87040	87040	10240	10240	10240	1	1	0	1	1
73	1788291913998108628	capture	1927	MUL_MAT	MMVQ	-	blk.14.ssm_out.weight	linear_attn_out-14	q5_K	f32	f32	4096	2560	1	1	4096	1	1	1	2816	7208960	7208960	16384	16384	16384	1	1	0	1	1
73	1788291913998108628	capture	1927	MUL_MAT	MMVQ	-	blk.15.attn_k.weight	Kcur-15	q4_K	f32	f32	2560	1024	1	1	2560	1	1	1	1440	1474560	1474560	10240	10240	10240	1	1	0	1	1
73	1788291913998108628	capture	1927	MUL_MAT	MMVQ	-	blk.15.attn_q.weight	Qcur_full-15	q4_K	f32	f32	2560	8192	1	1	2560	1	1	1	1440	11796480	11796480	10240	10240	10240	1	1	0	1	1
73	1788291913998108628	capture	1927	MUL_MAT	MMVQ	-	blk.15.attn_v.weight	Vcur-15	q6_K	f32	f32	2560	1024	1	1	2560	1	1	1	2100	2150400	2150400	10240	10240	10240	1	1	0	1	1
73	1788291913998108628	capture	1927	MUL_MAT	MMVQ	-	blk.16.attn_gate.weight	z-16	q4_K	f32	f32	2560	4096	1	1	2560	1	1	1	1440	5898240	5898240	10240	10240	10240	1	1	0	1	1
73	1788291913998108628	capture	1927	MUL_MAT	MMVQ	-	blk.16.attn_qkv.weight	node_973	q5_K	f32	f32	2560	8192	1	1	2560	1	1	1	1760	14417920	14417920	10240	10240	10240	1	1	0	1	1
73	1788291913998108628	capture	1927	MUL_MAT	MMVQ	-	blk.16.ssm_alpha.weight	node_994	q8_0	f32	f32	2560	32	1	1	2560	1	1	1	2720	87040	87040	10240	10240	10240	1	1	0	1	1
73	1788291913998108628	capture	1927	MUL_MAT	MMVQ	-	blk.16.ssm_beta.weight	node_1000	q8_0	f32	f32	2560	32	1	1	2560	1	1	1	2720	87040	87040	10240	10240	10240	1	1	0	1	1
73	1788291913998108628	capture	1927	MUL_MAT	MMVQ	-	blk.16.ssm_out.weight	linear_attn_out-16	q5_K	f32	f32	4096	2560	1	1	4096	1	1	1	2816	7208960	7208960	16384	16384	16384	1	1	0	1	1
73	1788291913998108628	capture	1927	MUL_MAT	MMVQ	-	blk.17.attn_gate.weight	z-17	q4_K	f32	f32	2560	4096	1	1	2560	1	1	1	1440	5898240	5898240	10240	10240	10240	1	1	0	1	1
73	1788291913998108628	capture	1927	MUL_MAT	MMVQ	-	blk.17.attn_qkv.weight	node_1036	q5_K	f32	f32	2560	8192	1	1	2560	1	1	1	1760	14417920	14417920	10240	10240	10240	1	1	0	1	1
73	1788291913998108628	capture	1927	MUL_MAT	MMVQ	-	blk.17.ssm_alpha.weight	node_1057	q8_0	f32	f32	2560	32	1	1	2560	1	1	1	2720	87040	87040	10240	10240	10240	1	1	0	1	1
73	1788291913998108628	capture	1927	MUL_MAT	MMVQ	-	blk.17.ssm_beta.weight	node_1063	q8_0	f32	f32	2560	32	1	1	2560	1	1	1	2720	87040	87040	10240	10240	10240	1	1	0	1	1
73	1788291913998108628	capture	1927	MUL_MAT	MMVQ	-	blk.17.ssm_out.weight	linear_attn_out-17	q5_K	f32	f32	4096	2560	1	1	4096	1	1	1	2816	7208960	7208960	16384	16384	16384	1	1	0	1	1
73	1788291913998108628	capture	1927	MUL_MAT	MMVQ	-	blk.18.attn_gate.weight	z-18	q4_K	f32	f32	2560	4096	1	1	2560	1	1	1	1440	5898240	5898240	10240	10240	10240	1	1	0	1	1
73	1788291913998108628	capture	1927	MUL_MAT	MMVQ	-	blk.18.attn_qkv.weight	node_1099	q5_K	f32	f32	2560	8192	1	1	2560	1	1	1	1760	14417920	14417920	10240	10240	10240	1	1	0	1	1
73	1788291913998108628	capture	1927	MUL_MAT	MMVQ	-	blk.18.ssm_alpha.weight	node_1120	q8_0	f32	f32	2560	32	1	1	2560	1	1	1	2720	87040	87040	10240	10240	10240	1	1	0	1	1
73	1788291913998108628	capture	1927	MUL_MAT	MMVQ	-	blk.18.ssm_beta.weight	node_1126	q8_0	f32	f32	2560	32	1	1	2560	1	1	1	2720	87040	87040	10240	10240	10240	1	1	0	1	1
73	1788291913998108628	capture	1927	MUL_MAT	MMVQ	-	blk.18.ssm_out.weight	linear_attn_out-18	q5_K	f32	f32	4096	2560	1	1	4096	1	1	1	2816	7208960	7208960	16384	16384	16384	1	1	0	1	1
73	1788291913998108628	capture	1927	MUL_MAT	MMVQ	-	blk.19.attn_k.weight	Kcur-19	q4_K	f32	f32	2560	1024	1	1	2560	1	1	1	1440	1474560	1474560	10240	10240	10240	1	1	0	1	1
73	1788291913998108628	capture	1927	MUL_MAT	MMVQ	-	blk.19.attn_q.weight	Qcur_full-19	q4_K	f32	f32	2560	8192	1	1	2560	1	1	1	1440	11796480	11796480	10240	10240	10240	1	1	0	1	1
73	1788291913998108628	capture	1927	MUL_MAT	MMVQ	-	blk.19.attn_v.weight	Vcur-19	q4_K	f32	f32	2560	1024	1	1	2560	1	1	1	1440	1474560	1474560	10240	10240	10240	1	1	0	1	1
73	1788291913998108628	capture	1927	MUL_MAT	MMVQ	-	blk.2.attn_gate.weight	z-2	q4_K	f32	f32	2560	4096	1	1	2560	1	1	1	1440	5898240	5898240	10240	10240	10240	1	1	0	1	1
73	1788291913998108628	capture	1927	MUL_MAT	MMVQ	-	blk.2.attn_qkv.weight	node_139	q5_K	f32	f32	2560	8192	1	1	2560	1	1	1	1760	14417920	14417920	10240	10240	10240	1	1	0	1	1
73	1788291913998108628	capture	1927	MUL_MAT	MMVQ	-	blk.2.ssm_alpha.weight	node_160	q8_0	f32	f32	2560	32	1	1	2560	1	1	1	2720	87040	87040	10240	10240	10240	1	1	0	1	1
73	1788291913998108628	capture	1927	MUL_MAT	MMVQ	-	blk.2.ssm_beta.weight	node_166	q8_0	f32	f32	2560	32	1	1	2560	1	1	1	2720	87040	87040	10240	10240	10240	1	1	0	1	1
73	1788291913998108628	capture	1927	MUL_MAT	MMVQ	-	blk.2.ssm_out.weight	linear_attn_out-2	q5_K	f32	f32	4096	2560	1	1	4096	1	1	1	2816	7208960	7208960	16384	16384	16384	1	1	0	1	1
73	1788291913998108628	capture	1927	MUL_MAT	MMVQ	-	blk.20.attn_gate.weight	z-20	q4_K	f32	f32	2560	4096	1	1	2560	1	1	1	1440	5898240	5898240	10240	10240	10240	1	1	0	1	1
73	1788291913998108628	capture	1927	MUL_MAT	MMVQ	-	blk.20.attn_qkv.weight	node_1213	q5_K	f32	f32	2560	8192	1	1	2560	1	1	1	1760	14417920	14417920	10240	10240	10240	1	1	0	1	1
73	1788291913998108628	capture	1927	MUL_MAT	MMVQ	-	blk.20.ssm_alpha.weight	node_1234	q8_0	f32	f32	2560	32	1	1	2560	1	1	1	2720	87040	87040	10240	10240	10240	1	1	0	1	1
73	1788291913998108628	capture	1927	MUL_MAT	MMVQ	-	blk.20.ssm_beta.weight	node_1240	q8_0	f32	f32	2560	32	1	1	2560	1	1	1	2720	87040	87040	10240	10240	10240	1	1	0	1	1
73	1788291913998108628	capture	1927	MUL_MAT	MMVQ	-	blk.20.ssm_out.weight	linear_attn_out-20	q5_K	f32	f32	4096	2560	1	1	4096	1	1	1	2816	7208960	7208960	16384	16384	16384	1	1	0	1	1
73	1788291913998108628	capture	1927	MUL_MAT	MMVQ	-	blk.21.attn_gate.weight	z-21	q4_K	f32	f32	2560	4096	1	1	2560	1	1	1	1440	5898240	5898240	10240	10240	10240	1	1	0	1	1
73	1788291913998108628	capture	1927	MUL_MAT	MMVQ	-	blk.21.attn_qkv.weight	node_1276	q5_K	f32	f32	2560	8192	1	1	2560	1	1	1	1760	14417920	14417920	10240	10240	10240	1	1	0	1	1
73	1788291913998108628	capture	1927	MUL_MAT	MMVQ	-	blk.21.ssm_alpha.weight	node_1297	q8_0	f32	f32	2560	32	1	1	2560	1	1	1	2720	87040	87040	10240	10240	10240	1	1	0	1	1
73	1788291913998108628	capture	1927	MUL_MAT	MMVQ	-	blk.21.ssm_beta.weight	node_1303	q8_0	f32	f32	2560	32	1	1	2560	1	1	1	2720	87040	87040	10240	10240	10240	1	1	0	1	1
73	1788291913998108628	capture	1927	MUL_MAT	MMVQ	-	blk.21.ssm_out.weight	linear_attn_out-21	q5_K	f32	f32	4096	2560	1	1	4096	1	1	1	2816	7208960	7208960	16384	16384	16384	1	1	0	1	1
73	1788291913998108628	capture	1927	MUL_MAT	MMVQ	-	blk.22.attn_gate.weight	z-22	q4_K	f32	f32	2560	4096	1	1	2560	1	1	1	1440	5898240	5898240	10240	10240	10240	1	1	0	1	1
73	1788291913998108628	capture	1927	MUL_MAT	MMVQ	-	blk.22.attn_qkv.weight	node_1339	q5_K	f32	f32	2560	8192	1	1	2560	1	1	1	1760	14417920	14417920	10240	10240	10240	1	1	0	1	1
73	1788291913998108628	capture	1927	MUL_MAT	MMVQ	-	blk.22.ssm_alpha.weight	node_1360	q8_0	f32	f32	2560	32	1	1	2560	1	1	1	2720	87040	87040	10240	10240	10240	1	1	0	1	1
73	1788291913998108628	capture	1927	MUL_MAT	MMVQ	-	blk.22.ssm_beta.weight	node_1366	q8_0	f32	f32	2560	32	1	1	2560	1	1	1	2720	87040	87040	10240	10240	10240	1	1	0	1	1
73	1788291913998108628	capture	1927	MUL_MAT	MMVQ	-	blk.22.ssm_out.weight	linear_attn_out-22	q5_K	f32	f32	4096	2560	1	1	4096	1	1	1	2816	7208960	7208960	16384	16384	16384	1	1	0	1	1
73	1788291913998108628	capture	1927	MUL_MAT	MMVQ	-	blk.23.attn_k.weight	Kcur-23	q4_K	f32	f32	2560	1024	1	1	2560	1	1	1	1440	1474560	1474560	10240	10240	10240	1	1	0	1	1
73	1788291913998108628	capture	1927	MUL_MAT	MMVQ	-	blk.23.attn_q.weight	Qcur_full-23	q4_K	f32	f32	2560	8192	1	1	2560	1	1	1	1440	11796480	11796480	10240	10240	10240	1	1	0	1	1
73	1788291913998108628	capture	1927	MUL_MAT	MMVQ	-	blk.23.attn_v.weight	Vcur-23	q4_K	f32	f32	2560	1024	1	1	2560	1	1	1	1440	1474560	1474560	10240	10240	10240	1	1	0	1	1
73	1788291913998108628	capture	1927	MUL_MAT	MMVQ	-	blk.24.attn_gate.weight	z-24	q4_K	f32	f32	2560	4096	1	1	2560	1	1	1	1440	5898240	5898240	10240	10240	10240	1	1	0	1	1
73	1788291913998108628	capture	1927	MUL_MAT	MMVQ	-	blk.24.attn_qkv.weight	node_1453	q5_K	f32	f32	2560	8192	1	1	2560	1	1	1	1760	14417920	14417920	10240	10240	10240	1	1	0	1	1
73	1788291913998108628	capture	1927	MUL_MAT	MMVQ	-	blk.24.ssm_alpha.weight	node_1474	q8_0	f32	f32	2560	32	1	1	2560	1	1	1	2720	87040	87040	10240	10240	10240	1	1	0	1	1
73	1788291913998108628	capture	1927	MUL_MAT	MMVQ	-	blk.24.ssm_beta.weight	node_1480	q8_0	f32	f32	2560	32	1	1	2560	1	1	1	2720	87040	87040	10240	10240	10240	1	1	0	1	1
73	1788291913998108628	capture	1927	MUL_MAT	MMVQ	-	blk.24.ssm_out.weight	linear_attn_out-24	q5_K	f32	f32	4096	2560	1	1	4096	1	1	1	2816	7208960	7208960	16384	16384	16384	1	1	0	1	1
73	1788291913998108628	capture	1927	MUL_MAT	MMVQ	-	blk.25.attn_gate.weight	z-25	q4_K	f32	f32	2560	4096	1	1	2560	1	1	1	1440	5898240	5898240	10240	10240	10240	1	1	0	1	1
73	1788291913998108628	capture	1927	MUL_MAT	MMVQ	-	blk.25.attn_qkv.weight	node_1516	q5_K	f32	f32	2560	8192	1	1	2560	1	1	1	1760	14417920	14417920	10240	10240	10240	1	1	0	1	1
73	1788291913998108628	capture	1927	MUL_MAT	MMVQ	-	blk.25.ssm_alpha.weight	node_1537	q8_0	f32	f32	2560	32	1	1	2560	1	1	1	2720	87040	87040	10240	10240	10240	1	1	0	1	1
73	1788291913998108628	capture	1927	MUL_MAT	MMVQ	-	blk.25.ssm_beta.weight	node_1543	q8_0	f32	f32	2560	32	1	1	2560	1	1	1	2720	87040	87040	10240	10240	10240	1	1	0	1	1
73	1788291913998108628	capture	1927	MUL_MAT	MMVQ	-	blk.25.ssm_out.weight	linear_attn_out-25	q5_K	f32	f32	4096	2560	1	1	4096	1	1	1	2816	7208960	7208960	16384	16384	16384	1	1	0	1	1
73	1788291913998108628	capture	1927	MUL_MAT	MMVQ	-	blk.26.attn_gate.weight	z-26	q4_K	f32	f32	2560	4096	1	1	2560	1	1	1	1440	5898240	5898240	10240	10240	10240	1	1	0	1	1
73	1788291913998108628	capture	1927	MUL_MAT	MMVQ	-	blk.26.attn_qkv.weight	node_1579	q5_K	f32	f32	2560	8192	1	1	2560	1	1	1	1760	14417920	14417920	10240	10240	10240	1	1	0	1	1
73	1788291913998108628	capture	1927	MUL_MAT	MMVQ	-	blk.26.ssm_alpha.weight	node_1600	q8_0	f32	f32	2560	32	1	1	2560	1	1	1	2720	87040	87040	10240	10240	10240	1	1	0	1	1
73	1788291913998108628	capture	1927	MUL_MAT	MMVQ	-	blk.26.ssm_beta.weight	node_1606	q8_0	f32	f32	2560	32	1	1	2560	1	1	1	2720	87040	87040	10240	10240	10240	1	1	0	1	1
73	1788291913998108628	capture	1927	MUL_MAT	MMVQ	-	blk.26.ssm_out.weight	linear_attn_out-26	q5_K	f32	f32	4096	2560	1	1	4096	1	1	1	2816	7208960	7208960	16384	16384	16384	1	1	0	1	1
73	1788291913998108628	capture	1927	MUL_MAT	MMVQ	-	blk.27.attn_k.weight	Kcur-27	q4_K	f32	f32	2560	1024	1	1	2560	1	1	1	1440	1474560	1474560	10240	10240	10240	1	1	0	1	1
73	1788291913998108628	capture	1927	MUL_MAT	MMVQ	-	blk.27.attn_q.weight	Qcur_full-27	q4_K	f32	f32	2560	8192	1	1	2560	1	1	1	1440	11796480	11796480	10240	10240	10240	1	1	0	1	1
73	1788291913998108628	capture	1927	MUL_MAT	MMVQ	-	blk.27.attn_v.weight	Vcur-27	q6_K	f32	f32	2560	1024	1	1	2560	1	1	1	2100	2150400	2150400	10240	10240	10240	1	1	0	1	1
73	1788291913998108628	capture	1927	MUL_MAT	MMVQ	-	blk.28.attn_gate.weight	z-28	q4_K	f32	f32	2560	4096	1	1	2560	1	1	1	1440	5898240	5898240	10240	10240	10240	1	1	0	1	1
73	1788291913998108628	capture	1927	MUL_MAT	MMVQ	-	blk.28.attn_qkv.weight	node_1693	q5_K	f32	f32	2560	8192	1	1	2560	1	1	1	1760	14417920	14417920	10240	10240	10240	1	1	0	1	1
73	1788291913998108628	capture	1927	MUL_MAT	MMVQ	-	blk.28.ssm_alpha.weight	node_1714	q8_0	f32	f32	2560	32	1	1	2560	1	1	1	2720	87040	87040	10240	10240	10240	1	1	0	1	1
73	1788291913998108628	capture	1927	MUL_MAT	MMVQ	-	blk.28.ssm_beta.weight	node_1720	q8_0	f32	f32	2560	32	1	1	2560	1	1	1	2720	87040	87040	10240	10240	10240	1	1	0	1	1
73	1788291913998108628	capture	1927	MUL_MAT	MMVQ	-	blk.28.ssm_out.weight	linear_attn_out-28	q5_K	f32	f32	4096	2560	1	1	4096	1	1	1	2816	7208960	7208960	16384	16384	16384	1	1	0	1	1
73	1788291913998108628	capture	1927	MUL_MAT	MMVQ	-	blk.29.attn_gate.weight	z-29	q4_K	f32	f32	2560	4096	1	1	2560	1	1	1	1440	5898240	5898240	10240	10240	10240	1	1	0	1	1
73	1788291913998108628	capture	1927	MUL_MAT	MMVQ	-	blk.29.attn_qkv.weight	node_1756	q5_K	f32	f32	2560	8192	1	1	2560	1	1	1	1760	14417920	14417920	10240	10240	10240	1	1	0	1	1
73	1788291913998108628	capture	1927	MUL_MAT	MMVQ	-	blk.29.ssm_alpha.weight	node_1777	q8_0	f32	f32	2560	32	1	1	2560	1	1	1	2720	87040	87040	10240	10240	10240	1	1	0	1	1
73	1788291913998108628	capture	1927	MUL_MAT	MMVQ	-	blk.29.ssm_beta.weight	node_1783	q8_0	f32	f32	2560	32	1	1	2560	1	1	1	2720	87040	87040	10240	10240	10240	1	1	0	1	1
73	1788291913998108628	capture	1927	MUL_MAT	MMVQ	-	blk.29.ssm_out.weight	linear_attn_out-29	q5_K	f32	f32	4096	2560	1	1	4096	1	1	1	2816	7208960	7208960	16384	16384	16384	1	1	0	1	1
73	1788291913998108628	capture	1927	MUL_MAT	MMVQ	-	blk.3.attn_k.weight	Kcur-3	q4_K	f32	f32	2560	1024	1	1	2560	1	1	1	1440	1474560	1474560	10240	10240	10240	1	1	0	1	1
73	1788291913998108628	capture	1927	MUL_MAT	MMVQ	-	blk.3.attn_q.weight	Qcur_full-3	q4_K	f32	f32	2560	8192	1	1	2560	1	1	1	1440	11796480	11796480	10240	10240	10240	1	1	0	1	1
73	1788291913998108628	capture	1927	MUL_MAT	MMVQ	-	blk.3.attn_v.weight	Vcur-3	q6_K	f32	f32	2560	1024	1	1	2560	1	1	1	2100	2150400	2150400	10240	10240	10240	1	1	0	1	1
73	1788291913998108628	capture	1927	MUL_MAT	MMVQ	-	blk.30.attn_gate.weight	z-30	q4_K	f32	f32	2560	4096	1	1	2560	1	1	1	1440	5898240	5898240	10240	10240	10240	1	1	0	1	1
73	1788291913998108628	capture	1927	MUL_MAT	MMVQ	-	blk.30.attn_qkv.weight	node_1819	q5_K	f32	f32	2560	8192	1	1	2560	1	1	1	1760	14417920	14417920	10240	10240	10240	1	1	0	1	1
73	1788291913998108628	capture	1927	MUL_MAT	MMVQ	-	blk.30.ssm_alpha.weight	node_1840	q8_0	f32	f32	2560	32	1	1	2560	1	1	1	2720	87040	87040	10240	10240	10240	1	1	0	1	1
73	1788291913998108628	capture	1927	MUL_MAT	MMVQ	-	blk.30.ssm_beta.weight	node_1846	q8_0	f32	f32	2560	32	1	1	2560	1	1	1	2720	87040	87040	10240	10240	10240	1	1	0	1	1
73	1788291913998108628	capture	1927	MUL_MAT	MMVQ	-	blk.30.ssm_out.weight	linear_attn_out-30	q5_K	f32	f32	4096	2560	1	1	4096	1	1	1	2816	7208960	7208960	16384	16384	16384	1	1	0	1	1
73	1788291913998108628	capture	1927	MUL_MAT	MMVQ	-	blk.31.attn_k.weight	Kcur-31	q4_K	f32	f32	2560	1024	1	1	2560	1	1	1	1440	1474560	1474560	10240	10240	10240	1	1	0	1	1
73	1788291913998108628	capture	1927	MUL_MAT	MMVQ	-	blk.31.attn_q.weight	Qcur_full-31	q4_K	f32	f32	2560	8192	1	1	2560	1	1	1	1440	11796480	11796480	10240	10240	10240	1	1	0	1	1
73	1788291913998108628	capture	1927	MUL_MAT	MMVQ	-	blk.31.attn_v.weight	Vcur-31	q4_K	f32	f32	2560	1024	1	1	2560	1	1	1	1440	1474560	1474560	10240	10240	10240	1	1	0	1	1
73	1788291913998108628	capture	1927	MUL_MAT	MMVQ	-	blk.4.attn_gate.weight	z-4	q4_K	f32	f32	2560	4096	1	1	2560	1	1	1	1440	5898240	5898240	10240	10240	10240	1	1	0	1	1
73	1788291913998108628	capture	1927	MUL_MAT	MMVQ	-	blk.4.attn_qkv.weight	node_253	q5_K	f32	f32	2560	8192	1	1	2560	1	1	1	1760	14417920	14417920	10240	10240	10240	1	1	0	1	1
73	1788291913998108628	capture	1927	MUL_MAT	MMVQ	-	blk.4.ssm_alpha.weight	node_274	q8_0	f32	f32	2560	32	1	1	2560	1	1	1	2720	87040	87040	10240	10240	10240	1	1	0	1	1
73	1788291913998108628	capture	1927	MUL_MAT	MMVQ	-	blk.4.ssm_beta.weight	node_280	q8_0	f32	f32	2560	32	1	1	2560	1	1	1	2720	87040	87040	10240	10240	10240	1	1	0	1	1
73	1788291913998108628	capture	1927	MUL_MAT	MMVQ	-	blk.4.ssm_out.weight	linear_attn_out-4	q5_K	f32	f32	4096	2560	1	1	4096	1	1	1	2816	7208960	7208960	16384	16384	16384	1	1	0	1	1
73	1788291913998108628	capture	1927	MUL_MAT	MMVQ	-	blk.5.attn_gate.weight	z-5	q4_K	f32	f32	2560	4096	1	1	2560	1	1	1	1440	5898240	5898240	10240	10240	10240	1	1	0	1	1
73	1788291913998108628	capture	1927	MUL_MAT	MMVQ	-	blk.5.attn_qkv.weight	node_316	q5_K	f32	f32	2560	8192	1	1	2560	1	1	1	1760	14417920	14417920	10240	10240	10240	1	1	0	1	1
73	1788291913998108628	capture	1927	MUL_MAT	MMVQ	-	blk.5.ssm_alpha.weight	node_337	q8_0	f32	f32	2560	32	1	1	2560	1	1	1	2720	87040	87040	10240	10240	10240	1	1	0	1	1
73	1788291913998108628	capture	1927	MUL_MAT	MMVQ	-	blk.5.ssm_beta.weight	node_343	q8_0	f32	f32	2560	32	1	1	2560	1	1	1	2720	87040	87040	10240	10240	10240	1	1	0	1	1
73	1788291913998108628	capture	1927	MUL_MAT	MMVQ	-	blk.5.ssm_out.weight	linear_attn_out-5	q5_K	f32	f32	4096	2560	1	1	4096	1	1	1	2816	7208960	7208960	16384	16384	16384	1	1	0	1	1
73	1788291913998108628	capture	1927	MUL_MAT	MMVQ	-	blk.6.attn_gate.weight	z-6	q4_K	f32	f32	2560	4096	1	1	2560	1	1	1	1440	5898240	5898240	10240	10240	10240	1	1	0	1	1
73	1788291913998108628	capture	1927	MUL_MAT	MMVQ	-	blk.6.attn_qkv.weight	node_379	q5_K	f32	f32	2560	8192	1	1	2560	1	1	1	1760	14417920	14417920	10240	10240	10240	1	1	0	1	1
73	1788291913998108628	capture	1927	MUL_MAT	MMVQ	-	blk.6.ssm_alpha.weight	node_400	q8_0	f32	f32	2560	32	1	1	2560	1	1	1	2720	87040	87040	10240	10240	10240	1	1	0	1	1
73	1788291913998108628	capture	1927	MUL_MAT	MMVQ	-	blk.6.ssm_beta.weight	node_406	q8_0	f32	f32	2560	32	1	1	2560	1	1	1	2720	87040	87040	10240	10240	10240	1	1	0	1	1
73	1788291913998108628	capture	1927	MUL_MAT	MMVQ	-	blk.6.ssm_out.weight	linear_attn_out-6	q5_K	f32	f32	4096	2560	1	1	4096	1	1	1	2816	7208960	7208960	16384	16384	16384	1	1	0	1	1
73	1788291913998108628	capture	1927	MUL_MAT	MMVQ	-	blk.7.attn_k.weight	Kcur-7	q4_K	f32	f32	2560	1024	1	1	2560	1	1	1	1440	1474560	1474560	10240	10240	10240	1	1	0	1	1
73	1788291913998108628	capture	1927	MUL_MAT	MMVQ	-	blk.7.attn_q.weight	Qcur_full-7	q4_K	f32	f32	2560	8192	1	1	2560	1	1	1	1440	11796480	11796480	10240	10240	10240	1	1	0	1	1
73	1788291913998108628	capture	1927	MUL_MAT	MMVQ	-	blk.7.attn_v.weight	Vcur-7	q6_K	f32	f32	2560	1024	1	1	2560	1	1	1	2100	2150400	2150400	10240	10240	10240	1	1	0	1	1
73	1788291913998108628	capture	1927	MUL_MAT	MMVQ	-	blk.8.attn_gate.weight	z-8	q4_K	f32	f32	2560	4096	1	1	2560	1	1	1	1440	5898240	5898240	10240	10240	10240	1	1	0	1	1
73	1788291913998108628	capture	1927	MUL_MAT	MMVQ	-	blk.8.attn_qkv.weight	node_493	q5_K	f32	f32	2560	8192	1	1	2560	1	1	1	1760	14417920	14417920	10240	10240	10240	1	1	0	1	1
73	1788291913998108628	capture	1927	MUL_MAT	MMVQ	-	blk.8.ssm_alpha.weight	node_514	q8_0	f32	f32	2560	32	1	1	2560	1	1	1	2720	87040	87040	10240	10240	10240	1	1	0	1	1
73	1788291913998108628	capture	1927	MUL_MAT	MMVQ	-	blk.8.ssm_beta.weight	node_520	q8_0	f32	f32	2560	32	1	1	2560	1	1	1	2720	87040	87040	10240	10240	10240	1	1	0	1	1
73	1788291913998108628	capture	1927	MUL_MAT	MMVQ	-	blk.8.ssm_out.weight	linear_attn_out-8	q5_K	f32	f32	4096	2560	1	1	4096	1	1	1	2816	7208960	7208960	16384	16384	16384	1	1	0	1	1
73	1788291913998108628	capture	1927	MUL_MAT	MMVQ	-	blk.9.attn_gate.weight	z-9	q4_K	f32	f32	2560	4096	1	1	2560	1	1	1	1440	5898240	5898240	10240	10240	10240	1	1	0	1	1
73	1788291913998108628	capture	1927	MUL_MAT	MMVQ	-	blk.9.attn_qkv.weight	node_556	q5_K	f32	f32	2560	8192	1	1	2560	1	1	1	1760	14417920	14417920	10240	10240	10240	1	1	0	1	1
73	1788291913998108628	capture	1927	MUL_MAT	MMVQ	-	blk.9.ssm_alpha.weight	node_577	q8_0	f32	f32	2560	32	1	1	2560	1	1	1	2720	87040	87040	10240	10240	10240	1	1	0	1	1
73	1788291913998108628	capture	1927	MUL_MAT	MMVQ	-	blk.9.ssm_beta.weight	node_583	q8_0	f32	f32	2560	32	1	1	2560	1	1	1	2720	87040	87040	10240	10240	10240	1	1	0	1	1
73	1788291913998108628	capture	1927	MUL_MAT	MMVQ	-	blk.9.ssm_out.weight	linear_attn_out-9	q5_K	f32	f32	4096	2560	1	1	4096	1	1	1	2816	7208960	7208960	16384	16384	16384	1	1	0	1	1
73	1788291913998108628	capture	1927	MUL_MAT	MMVQ	-	token_embd.weight	result_output	q6_K	f32	f32	2560	248320	1	1	2560	1	1	1	2100	521472000	521472000	10240	10240	10240	1	1	0	1	1
73	1788291913998108628	capture	1927	MUL_MAT	MMVQ	fused	blk.0.ffn_down.weight	l_out-0	q6_K	f32	f32	9216	2560	1	1	9216	1	1	1	7560	19353600	19353600	36864	36864	36864	1	1	0	1	1
73	1788291913998108628	capture	1927	MUL_MAT	MMVQ	fused	blk.0.ffn_up.weight	ffn_swiglu-0	q4_K	f32	f32	2560	9216	1	1	2560	1	1	1	1440	13271040	13271040	10240	10240	10240	1	1	0	1	1
73	1788291913998108628	capture	1927	MUL_MAT	MMVQ	fused	blk.1.ffn_down.weight	l_out-1	q6_K	f32	f32	9216	2560	1	1	9216	1	1	1	7560	19353600	19353600	36864	36864	36864	1	1	0	1	1
73	1788291913998108628	capture	1927	MUL_MAT	MMVQ	fused	blk.1.ffn_up.weight	ffn_swiglu-1	q4_K	f32	f32	2560	9216	1	1	2560	1	1	1	1440	13271040	13271040	10240	10240	10240	1	1	0	1	1
73	1788291913998108628	capture	1927	MUL_MAT	MMVQ	fused	blk.10.ffn_down.weight	l_out-10	q4_K	f32	f32	9216	2560	1	1	9216	1	1	1	5184	13271040	13271040	36864	36864	36864	1	1	0	1	1
73	1788291913998108628	capture	1927	MUL_MAT	MMVQ	fused	blk.10.ffn_up.weight	ffn_swiglu-10	q4_K	f32	f32	2560	9216	1	1	2560	1	1	1	1440	13271040	13271040	10240	10240	10240	1	1	0	1	1
73	1788291913998108628	capture	1927	MUL_MAT	MMVQ	fused	blk.11.attn_output.weight	attn_residual-11	q4_K	f32	f32	4096	2560	1	1	4096	1	1	1	2304	5898240	5898240	16384	16384	16384	1	1	0	1	1
73	1788291913998108628	capture	1927	MUL_MAT	MMVQ	fused	blk.11.ffn_down.weight	l_out-11	q4_K	f32	f32	9216	2560	1	1	9216	1	1	1	5184	13271040	13271040	36864	36864	36864	1	1	0	1	1
73	1788291913998108628	capture	1927	MUL_MAT	MMVQ	fused	blk.11.ffn_up.weight	ffn_swiglu-11	q4_K	f32	f32	2560	9216	1	1	2560	1	1	1	1440	13271040	13271040	10240	10240	10240	1	1	0	1	1
73	1788291913998108628	capture	1927	MUL_MAT	MMVQ	fused	blk.12.ffn_down.weight	l_out-12	q6_K	f32	f32	9216	2560	1	1	9216	1	1	1	7560	19353600	19353600	36864	36864	36864	1	1	0	1	1
73	1788291913998108628	capture	1927	MUL_MAT	MMVQ	fused	blk.12.ffn_up.weight	ffn_swiglu-12	q4_K	f32	f32	2560	9216	1	1	2560	1	1	1	1440	13271040	13271040	10240	10240	10240	1	1	0	1	1
73	1788291913998108628	capture	1927	MUL_MAT	MMVQ	fused	blk.13.ffn_down.weight	l_out-13	q4_K	f32	f32	9216	2560	1	1	9216	1	1	1	5184	13271040	13271040	36864	36864	36864	1	1	0	1	1
73	1788291913998108628	capture	1927	MUL_MAT	MMVQ	fused	blk.13.ffn_up.weight	ffn_swiglu-13	q4_K	f32	f32	2560	9216	1	1	2560	1	1	1	1440	13271040	13271040	10240	10240	10240	1	1	0	1	1
73	1788291913998108628	capture	1927	MUL_MAT	MMVQ	fused	blk.14.ffn_down.weight	l_out-14	q4_K	f32	f32	9216	2560	1	1	9216	1	1	1	5184	13271040	13271040	36864	36864	36864	1	1	0	1	1
73	1788291913998108628	capture	1927	MUL_MAT	MMVQ	fused	blk.14.ffn_up.weight	ffn_swiglu-14	q4_K	f32	f32	2560	9216	1	1	2560	1	1	1	1440	13271040	13271040	10240	10240	10240	1	1	0	1	1
73	1788291913998108628	capture	1927	MUL_MAT	MMVQ	fused	blk.15.attn_output.weight	attn_residual-15	q4_K	f32	f32	4096	2560	1	1	4096	1	1	1	2304	5898240	5898240	16384	16384	16384	1	1	0	1	1
73	1788291913998108628	capture	1927	MUL_MAT	MMVQ	fused	blk.15.ffn_down.weight	l_out-15	q6_K	f32	f32	9216	2560	1	1	9216	1	1	1	7560	19353600	19353600	36864	36864	36864	1	1	0	1	1
73	1788291913998108628	capture	1927	MUL_MAT	MMVQ	fused	blk.15.ffn_up.weight	ffn_swiglu-15	q4_K	f32	f32	2560	9216	1	1	2560	1	1	1	1440	13271040	13271040	10240	10240	10240	1	1	0	1	1
73	1788291913998108628	capture	1927	MUL_MAT	MMVQ	fused	blk.16.ffn_down.weight	l_out-16	q4_K	f32	f32	9216	2560	1	1	9216	1	1	1	5184	13271040	13271040	36864	36864	36864	1	1	0	1	1
73	1788291913998108628	capture	1927	MUL_MAT	MMVQ	fused	blk.16.ffn_up.weight	ffn_swiglu-16	q4_K	f32	f32	2560	9216	1	1	2560	1	1	1	1440	13271040	13271040	10240	10240	10240	1	1	0	1	1
73	1788291913998108628	capture	1927	MUL_MAT	MMVQ	fused	blk.17.ffn_down.weight	l_out-17	q4_K	f32	f32	9216	2560	1	1	9216	1	1	1	5184	13271040	13271040	36864	36864	36864	1	1	0	1	1
73	1788291913998108628	capture	1927	MUL_MAT	MMVQ	fused	blk.17.ffn_up.weight	ffn_swiglu-17	q4_K	f32	f32	2560	9216	1	1	2560	1	1	1	1440	13271040	13271040	10240	10240	10240	1	1	0	1	1
73	1788291913998108628	capture	1927	MUL_MAT	MMVQ	fused	blk.18.ffn_down.weight	l_out-18	q6_K	f32	f32	9216	2560	1	1	9216	1	1	1	7560	19353600	19353600	36864	36864	36864	1	1	0	1	1
73	1788291913998108628	capture	1927	MUL_MAT	MMVQ	fused	blk.18.ffn_up.weight	ffn_swiglu-18	q4_K	f32	f32	2560	9216	1	1	2560	1	1	1	1440	13271040	13271040	10240	10240	10240	1	1	0	1	1
73	1788291913998108628	capture	1927	MUL_MAT	MMVQ	fused	blk.19.attn_output.weight	attn_residual-19	q4_K	f32	f32	4096	2560	1	1	4096	1	1	1	2304	5898240	5898240	16384	16384	16384	1	1	0	1	1
73	1788291913998108628	capture	1927	MUL_MAT	MMVQ	fused	blk.19.ffn_down.weight	l_out-19	q4_K	f32	f32	9216	2560	1	1	9216	1	1	1	5184	13271040	13271040	36864	36864	36864	1	1	0	1	1
73	1788291913998108628	capture	1927	MUL_MAT	MMVQ	fused	blk.19.ffn_up.weight	ffn_swiglu-19	q4_K	f32	f32	2560	9216	1	1	2560	1	1	1	1440	13271040	13271040	10240	10240	10240	1	1	0	1	1
73	1788291913998108628	capture	1927	MUL_MAT	MMVQ	fused	blk.2.ffn_down.weight	l_out-2	q6_K	f32	f32	9216	2560	1	1	9216	1	1	1	7560	19353600	19353600	36864	36864	36864	1	1	0	1	1
73	1788291913998108628	capture	1927	MUL_MAT	MMVQ	fused	blk.2.ffn_up.weight	ffn_swiglu-2	q4_K	f32	f32	2560	9216	1	1	2560	1	1	1	1440	13271040	13271040	10240	10240	10240	1	1	0	1	1
73	1788291913998108628	capture	1927	MUL_MAT	MMVQ	fused	blk.20.ffn_down.weight	l_out-20	q4_K	f32	f32	9216	2560	1	1	9216	1	1	1	5184	13271040	13271040	36864	36864	36864	1	1	0	1	1
73	1788291913998108628	capture	1927	MUL_MAT	MMVQ	fused	blk.20.ffn_up.weight	ffn_swiglu-20	q4_K	f32	f32	2560	9216	1	1	2560	1	1	1	1440	13271040	13271040	10240	10240	10240	1	1	0	1	1
73	1788291913998108628	capture	1927	MUL_MAT	MMVQ	fused	blk.21.ffn_down.weight	l_out-21	q6_K	f32	f32	9216	2560	1	1	9216	1	1	1	7560	19353600	19353600	36864	36864	36864	1	1	0	1	1
73	1788291913998108628	capture	1927	MUL_MAT	MMVQ	fused	blk.21.ffn_up.weight	ffn_swiglu-21	q4_K	f32	f32	2560	9216	1	1	2560	1	1	1	1440	13271040	13271040	10240	10240	10240	1	1	0	1	1
73	1788291913998108628	capture	1927	MUL_MAT	MMVQ	fused	blk.22.ffn_down.weight	l_out-22	q4_K	f32	f32	9216	2560	1	1	9216	1	1	1	5184	13271040	13271040	36864	36864	36864	1	1	0	1	1
73	1788291913998108628	capture	1927	MUL_MAT	MMVQ	fused	blk.22.ffn_up.weight	ffn_swiglu-22	q4_K	f32	f32	2560	9216	1	1	2560	1	1	1	1440	13271040	13271040	10240	10240	10240	1	1	0	1	1
73	1788291913998108628	capture	1927	MUL_MAT	MMVQ	fused	blk.23.attn_output.weight	attn_residual-23	q4_K	f32	f32	4096	2560	1	1	4096	1	1	1	2304	5898240	5898240	16384	16384	16384	1	1	0	1	1
73	1788291913998108628	capture	1927	MUL_MAT	MMVQ	fused	blk.23.ffn_down.weight	l_out-23	q4_K	f32	f32	9216	2560	1	1	9216	1	1	1	5184	13271040	13271040	36864	36864	36864	1	1	0	1	1
73	1788291913998108628	capture	1927	MUL_MAT	MMVQ	fused	blk.23.ffn_up.weight	ffn_swiglu-23	q4_K	f32	f32	2560	9216	1	1	2560	1	1	1	1440	13271040	13271040	10240	10240	10240	1	1	0	1	1
73	1788291913998108628	capture	1927	MUL_MAT	MMVQ	fused	blk.24.ffn_down.weight	l_out-24	q6_K	f32	f32	9216	2560	1	1	9216	1	1	1	7560	19353600	19353600	36864	36864	36864	1	1	0	1	1
73	1788291913998108628	capture	1927	MUL_MAT	MMVQ	fused	blk.24.ffn_up.weight	ffn_swiglu-24	q4_K	f32	f32	2560	9216	1	1	2560	1	1	1	1440	13271040	13271040	10240	10240	10240	1	1	0	1	1
73	1788291913998108628	capture	1927	MUL_MAT	MMVQ	fused	blk.25.ffn_down.weight	l_out-25	q4_K	f32	f32	9216	2560	1	1	9216	1	1	1	5184	13271040	13271040	36864	36864	36864	1	1	0	1	1
73	1788291913998108628	capture	1927	MUL_MAT	MMVQ	fused	blk.25.ffn_up.weight	ffn_swiglu-25	q4_K	f32	f32	2560	9216	1	1	2560	1	1	1	1440	13271040	13271040	10240	10240	10240	1	1	0	1	1
73	1788291913998108628	capture	1927	MUL_MAT	MMVQ	fused	blk.26.ffn_down.weight	l_out-26	q4_K	f32	f32	9216	2560	1	1	9216	1	1	1	5184	13271040	13271040	36864	36864	36864	1	1	0	1	1
73	1788291913998108628	capture	1927	MUL_MAT	MMVQ	fused	blk.26.ffn_up.weight	ffn_swiglu-26	q4_K	f32	f32	2560	9216	1	1	2560	1	1	1	1440	13271040	13271040	10240	10240	10240	1	1	0	1	1
73	1788291913998108628	capture	1927	MUL_MAT	MMVQ	fused	blk.27.attn_output.weight	attn_residual-27	q4_K	f32	f32	4096	2560	1	1	4096	1	1	1	2304	5898240	5898240	16384	16384	16384	1	1	0	1	1
73	1788291913998108628	capture	1927	MUL_MAT	MMVQ	fused	blk.27.ffn_down.weight	l_out-27	q6_K	f32	f32	9216	2560	1	1	9216	1	1	1	7560	19353600	19353600	36864	36864	36864	1	1	0	1	1
73	1788291913998108628	capture	1927	MUL_MAT	MMVQ	fused	blk.27.ffn_up.weight	ffn_swiglu-27	q4_K	f32	f32	2560	9216	1	1	2560	1	1	1	1440	13271040	13271040	10240	10240	10240	1	1	0	1	1
73	1788291913998108628	capture	1927	MUL_MAT	MMVQ	fused	blk.28.ffn_down.weight	l_out-28	q6_K	f32	f32	9216	2560	1	1	9216	1	1	1	7560	19353600	19353600	36864	36864	36864	1	1	0	1	1
73	1788291913998108628	capture	1927	MUL_MAT	MMVQ	fused	blk.28.ffn_up.weight	ffn_swiglu-28	q4_K	f32	f32	2560	9216	1	1	2560	1	1	1	1440	13271040	13271040	10240	10240	10240	1	1	0	1	1
73	1788291913998108628	capture	1927	MUL_MAT	MMVQ	fused	blk.29.ffn_down.weight	l_out-29	q6_K	f32	f32	9216	2560	1	1	9216	1	1	1	7560	19353600	19353600	36864	36864	36864	1	1	0	1	1
73	1788291913998108628	capture	1927	MUL_MAT	MMVQ	fused	blk.29.ffn_up.weight	ffn_swiglu-29	q4_K	f32	f32	2560	9216	1	1	2560	1	1	1	1440	13271040	13271040	10240	10240	10240	1	1	0	1	1
73	1788291913998108628	capture	1927	MUL_MAT	MMVQ	fused	blk.3.attn_output.weight	attn_residual-3	q4_K	f32	f32	4096	2560	1	1	4096	1	1	1	2304	5898240	5898240	16384	16384	16384	1	1	0	1	1
73	1788291913998108628	capture	1927	MUL_MAT	MMVQ	fused	blk.3.ffn_down.weight	l_out-3	q6_K	f32	f32	9216	2560	1	1	9216	1	1	1	7560	19353600	19353600	36864	36864	36864	1	1	0	1	1
73	1788291913998108628	capture	1927	MUL_MAT	MMVQ	fused	blk.3.ffn_up.weight	ffn_swiglu-3	q4_K	f32	f32	2560	9216	1	1	2560	1	1	1	1440	13271040	13271040	10240	10240	10240	1	1	0	1	1
73	1788291913998108628	capture	1927	MUL_MAT	MMVQ	fused	blk.30.ffn_down.weight	l_out-30	q6_K	f32	f32	9216	2560	1	1	9216	1	1	1	7560	19353600	19353600	36864	36864	36864	1	1	0	1	1
73	1788291913998108628	capture	1927	MUL_MAT	MMVQ	fused	blk.30.ffn_up.weight	ffn_swiglu-30	q4_K	f32	f32	2560	9216	1	1	2560	1	1	1	1440	13271040	13271040	10240	10240	10240	1	1	0	1	1
73	1788291913998108628	capture	1927	MUL_MAT	MMVQ	fused	blk.31.attn_output.weight	attn_residual-31	q4_K	f32	f32	4096	2560	1	1	4096	1	1	1	2304	5898240	5898240	16384	16384	16384	1	1	0	1	1
73	1788291913998108628	capture	1927	MUL_MAT	MMVQ	fused	blk.31.ffn_down.weight	l_out-31	q6_K	f32	f32	9216	2560	1	1	9216	1	1	1	7560	19353600	19353600	36864	36864	36864	1	1	0	1	1
73	1788291913998108628	capture	1927	MUL_MAT	MMVQ	fused	blk.31.ffn_up.weight	ffn_swiglu-31	q4_K	f32	f32	2560	9216	1	1	2560	1	1	1	1440	13271040	13271040	10240	10240	10240	1	1	0	1	1
73	1788291913998108628	capture	1927	MUL_MAT	MMVQ	fused	blk.4.ffn_down.weight	l_out-4	q4_K	f32	f32	9216	2560	1	1	9216	1	1	1	5184	13271040	13271040	36864	36864	36864	1	1	0	1	1
73	1788291913998108628	capture	1927	MUL_MAT	MMVQ	fused	blk.4.ffn_up.weight	ffn_swiglu-4	q4_K	f32	f32	2560	9216	1	1	2560	1	1	1	1440	13271040	13271040	10240	10240	10240	1	1	0	1	1
73	1788291913998108628	capture	1927	MUL_MAT	MMVQ	fused	blk.5.ffn_down.weight	l_out-5	q4_K	f32	f32	9216	2560	1	1	9216	1	1	1	5184	13271040	13271040	36864	36864	36864	1	1	0	1	1
73	1788291913998108628	capture	1927	MUL_MAT	MMVQ	fused	blk.5.ffn_up.weight	ffn_swiglu-5	q4_K	f32	f32	2560	9216	1	1	2560	1	1	1	1440	13271040	13271040	10240	10240	10240	1	1	0	1	1
73	1788291913998108628	capture	1927	MUL_MAT	MMVQ	fused	blk.6.ffn_down.weight	l_out-6	q6_K	f32	f32	9216	2560	1	1	9216	1	1	1	7560	19353600	19353600	36864	36864	36864	1	1	0	1	1
73	1788291913998108628	capture	1927	MUL_MAT	MMVQ	fused	blk.6.ffn_up.weight	ffn_swiglu-6	q4_K	f32	f32	2560	9216	1	1	2560	1	1	1	1440	13271040	13271040	10240	10240	10240	1	1	0	1	1
73	1788291913998108628	capture	1927	MUL_MAT	MMVQ	fused	blk.7.attn_output.weight	attn_residual-7	q4_K	f32	f32	4096	2560	1	1	4096	1	1	1	2304	5898240	5898240	16384	16384	16384	1	1	0	1	1
73	1788291913998108628	capture	1927	MUL_MAT	MMVQ	fused	blk.7.ffn_down.weight	l_out-7	q4_K	f32	f32	9216	2560	1	1	9216	1	1	1	5184	13271040	13271040	36864	36864	36864	1	1	0	1	1
73	1788291913998108628	capture	1927	MUL_MAT	MMVQ	fused	blk.7.ffn_up.weight	ffn_swiglu-7	q4_K	f32	f32	2560	9216	1	1	2560	1	1	1	1440	13271040	13271040	10240	10240	10240	1	1	0	1	1
73	1788291913998108628	capture	1927	MUL_MAT	MMVQ	fused	blk.8.ffn_down.weight	l_out-8	q4_K	f32	f32	9216	2560	1	1	9216	1	1	1	5184	13271040	13271040	36864	36864	36864	1	1	0	1	1
73	1788291913998108628	capture	1927	MUL_MAT	MMVQ	fused	blk.8.ffn_up.weight	ffn_swiglu-8	q4_K	f32	f32	2560	9216	1	1	2560	1	1	1	1440	13271040	13271040	10240	10240	10240	1	1	0	1	1
73	1788291913998108628	capture	1927	MUL_MAT	MMVQ	fused	blk.9.ffn_down.weight	l_out-9	q6_K	f32	f32	9216	2560	1	1	9216	1	1	1	7560	19353600	19353600	36864	36864	36864	1	1	0	1	1
73	1788291913998108628	capture	1927	MUL_MAT	MMVQ	fused	blk.9.ffn_up.weight	ffn_swiglu-9	q4_K	f32	f32	2560	9216	1	1	2560	1	1	1	1440	13271040	13271040	10240	10240	10240	1	1	0	1	1
74	1788291914011517565	replay	1927	-	graph_replay	-	-	-	-	-	-	-	-	-	-	-	-	-	-	-	-	-	-	-	-	-	-	-	-	1
75	1788291914021697014	replay	1927	-	graph_replay	-	-	-	-	-	-	-	-	-	-	-	-	-	-	-	-	-	-	-	-	-	-	-	-	1
76	1788291914031083592	replay	1927	-	graph_replay	-	-	-	-	-	-	-	-	-	-	-	-	-	-	-	-	-	-	-	-	-	-	-	-	1
77	1788291914040058998	replay	1927	-	graph_replay	-	-	-	-	-	-	-	-	-	-	-	-	-	-	-	-	-	-	-	-	-	-	-	-	1
78	1788291914049451157	replay	1927	-	graph_replay	-	-	-	-	-	-	-	-	-	-	-	-	-	-	-	-	-	-	-	-	-	-	-	-	1
79	1788291914058851782	replay	1927	-	graph_replay	-	-	-	-	-	-	-	-	-	-	-	-	-	-	-	-	-	-	-	-	-	-	-	-	1
80	1788291914067771313	replay	1927	-	graph_replay	-	-	-	-	-	-	-	-	-	-	-	-	-	-	-	-	-	-	-	-	-	-	-	-	1
81	1788291914076772628	replay	1927	-	graph_replay	-	-	-	-	-	-	-	-	-	-	-	-	-	-	-	-	-	-	-	-	-	-	-	-	1
82	1788291914086267700	replay	1927	-	graph_replay	-	-	-	-	-	-	-	-	-	-	-	-	-	-	-	-	-	-	-	-	-	-	-	-	1
83	1788291914096929525	replay	1927	-	graph_replay	-	-	-	-	-	-	-	-	-	-	-	-	-	-	-	-	-	-	-	-	-	-	-	-	1
84	1788291914106136326	replay	1927	-	graph_replay	-	-	-	-	-	-	-	-	-	-	-	-	-	-	-	-	-	-	-	-	-	-	-	-	1
85	1788291914115286951	replay	1927	-	graph_replay	-	-	-	-	-	-	-	-	-	-	-	-	-	-	-	-	-	-	-	-	-	-	-	-	1
86	1788291914124516605	replay	1927	-	graph_replay	-	-	-	-	-	-	-	-	-	-	-	-	-	-	-	-	-	-	-	-	-	-	-	-	1
87	1788291914133849793	replay	1927	-	graph_replay	-	-	-	-	-	-	-	-	-	-	-	-	-	-	-	-	-	-	-	-	-	-	-	-	1
88	1788291914143359783	replay	1927	-	graph_replay	-	-	-	-	-	-	-	-	-	-	-	-	-	-	-	-	-	-	-	-	-	-	-	-	1
89	1788291914153423133	replay	1927	-	graph_replay	-	-	-	-	-	-	-	-	-	-	-	-	-	-	-	-	-	-	-	-	-	-	-	-	1
90	1788291914162874093	replay	1927	-	graph_replay	-	-	-	-	-	-	-	-	-	-	-	-	-	-	-	-	-	-	-	-	-	-	-	-	1
91	1788291914172498639	replay	1927	-	graph_replay	-	-	-	-	-	-	-	-	-	-	-	-	-	-	-	-	-	-	-	-	-	-	-	-	1
92	1788291914181805077	replay	1927	-	graph_replay	-	-	-	-	-	-	-	-	-	-	-	-	-	-	-	-	-	-	-	-	-	-	-	-	1
93	1788291914191245096	replay	1927	-	graph_replay	-	-	-	-	-	-	-	-	-	-	-	-	-	-	-	-	-	-	-	-	-	-	-	-	1
94	1788291914200936437	replay	1927	-	graph_replay	-	-	-	-	-	-	-	-	-	-	-	-	-	-	-	-	-	-	-	-	-	-	-	-	1
95	1788291914210601328	replay	1927	-	graph_replay	-	-	-	-	-	-	-	-	-	-	-	-	-	-	-	-	-	-	-	-	-	-	-	-	1
96	1788291914220864114	replay	1927	-	graph_replay	-	-	-	-	-	-	-	-	-	-	-	-	-	-	-	-	-	-	-	-	-	-	-	-	1
97	1788291914230998327	replay	1927	-	graph_replay	-	-	-	-	-	-	-	-	-	-	-	-	-	-	-	-	-	-	-	-	-	-	-	-	1
98	1788291914240530810	replay	1927	-	graph_replay	-	-	-	-	-	-	-	-	-	-	-	-	-	-	-	-	-	-	-	-	-	-	-	-	1
99	1788291914250043315	replay	1927	-	graph_replay	-	-	-	-	-	-	-	-	-	-	-	-	-	-	-	-	-	-	-	-	-	-	-	-	1
100	1788291914259643875	replay	1927	-	graph_replay	-	-	-	-	-	-	-	-	-	-	-	-	-	-	-	-	-	-	-	-	-	-	-	-	1
101	1788291914269282027	replay	1927	-	graph_replay	-	-	-	-	-	-	-	-	-	-	-	-	-	-	-	-	-	-	-	-	-	-	-	-	1
102	1788291914279141785	replay	1927	-	graph_replay	-	-	-	-	-	-	-	-	-	-	-	-	-	-	-	-	-	-	-	-	-	-	-	-	1
