graph_index	t_ns	mode	n_nodes	op	path	detail	src0_name	dst_name	src0_type	src1_type	dst_type	ne00	ne01	ne02	ne03	ne10	ne11	ne12	ne13	nb01	nb02	nb03	nb11	nb12	nb13	src0_contiguous	src1_contiguous	src0_transposed	batch_count	launches
0	1788292028181743704	eager	1447	MUL_MAT	MMVQ	-	blk.0.attn_gate.weight	z-0	q4_K	f32	f32	2048	2048	1	1	2048	2	1	1	1152	2359296	2359296	8192	16384	16384	1	1	0	1	1
0	1788292028181743704	eager	1447	MUL_MAT	MMVQ	-	blk.0.attn_qkv.weight	node_13	q6_K	f32	f32	2048	6144	1	1	2048	2	1	1	1680	10321920	10321920	8192	16384	16384	1	1	0	1	1
0	1788292028181743704	eager	1447	MUL_MAT	MMVQ	-	blk.0.ffn_down.weight	ffn_out-0	q6_K	f32	f32	6144	2048	1	1	6144	2	1	1	5040	10321920	10321920	24576	49152	49152	1	1	0	1	1
0	1788292028181743704	eager	1447	MUL_MAT	MMVQ	-	blk.0.ffn_gate.weight	ffn_gate-0	q4_K	f32	f32	2048	6144	1	1	2048	2	1	1	1152	7077888	7077888	8192	16384	16384	1	1	0	1	1
0	1788292028181743704	eager	1447	MUL_MAT	MMVQ	-	blk.0.ffn_up.weight	ffn_up-0	q4_K	f32	f32	2048	6144	1	1	2048	2	1	1	1152	7077888	7077888	8192	16384	16384	1	1	0	1	1
0	1788292028181743704	eager	1447	MUL_MAT	MMVQ	-	blk.0.ssm_alpha.weight	node_34	q4_K	f32	f32	2048	16	1	1	2048	2	1	1	1152	18432	18432	8192	16384	16384	1	1	0	1	1
0	1788292028181743704	eager	1447	MUL_MAT	MMVQ	-	blk.0.ssm_beta.weight	node_40	q4_K	f32	f32	2048	16	1	1	2048	2	1	1	1152	18432	18432	8192	16384	16384	1	1	0	1	1
0	1788292028181743704	eager	1447	MUL_MAT	MMVQ	-	blk.0.ssm_out.weight	linear_attn_out-0	q4_K	f32	f32	2048	2048	1	1	2048	2	1	1	1152	2359296	2359296	8192	16384	16384	1	1	0	1	1
0	1788292028181743704	eager	1447	MUL_MAT	MMVQ	-	blk.1.attn_gate.weight	z-1	q4_K	f32	f32	2048	2048	1	1	2048	2	1	1	1152	2359296	2359296	8192	16384	16384	1	1	0	1	1
0	1788292028181743704	eager	1447	MUL_MAT	MMVQ	-	blk.1.attn_qkv.weight	node_76	q6_K	f32	f32	2048	6144	1	1	2048	2	1	1	1680	10321920	10321920	8192	16384	16384	1	1	0	1	1
0	1788292028181743704	eager	1447	MUL_MAT	MMVQ	-	blk.1.ffn_down.weight	ffn_out-1	q6_K	f32	f32	6144	2048	1	1	6144	2	1	1	5040	10321920	10321920	24576	49152	49152	1	1	0	1	1
0	1788292028181743704	eager	1447	MUL_MAT	MMVQ	-	blk.1.ffn_gate.weight	ffn_gate-1	q4_K	f32	f32	2048	6144	1	1	2048	2	1	1	1152	7077888	7077888	8192	16384	16384	1	1	0	1	1
0	1788292028181743704	eager	1447	MUL_MAT	MMVQ	-	blk.1.ffn_up.weight	ffn_up-1	q4_K	f32	f32	2048	6144	1	1	2048	2	1	1	1152	7077888	7077888	8192	16384	16384	1	1	0	1	1
0	1788292028181743704	eager	1447	MUL_MAT	MMVQ	-	blk.1.ssm_alpha.weight	node_97	q4_K	f32	f32	2048	16	1	1	2048	2	1	1	1152	18432	18432	8192	16384	16384	1	1	0	1	1
0	1788292028181743704	eager	1447	MUL_MAT	MMVQ	-	blk.1.ssm_beta.weight	node_103	q4_K	f32	f32	2048	16	1	1	2048	2	1	1	1152	18432	18432	8192	16384	16384	1	1	0	1	1
0	1788292028181743704	eager	1447	MUL_MAT	MMVQ	-	blk.1.ssm_out.weight	linear_attn_out-1	q4_K	f32	f32	2048	2048	1	1	2048	2	1	1	1152	2359296	2359296	8192	16384	16384	1	1	0	1	1
0	1788292028181743704	eager	1447	MUL_MAT	MMVQ	-	blk.10.attn_gate.weight	z-10	q4_K	f32	f32	2048	2048	1	1	2048	2	1	1	1152	2359296	2359296	8192	16384	16384	1	1	0	1	1
0	1788292028181743704	eager	1447	MUL_MAT	MMVQ	-	blk.10.attn_qkv.weight	node_619	q4_K	f32	f32	2048	6144	1	1	2048	2	1	1	1152	7077888	7077888	8192	16384	16384	1	1	0	1	1
0	1788292028181743704	eager	1447	MUL_MAT	MMVQ	-	blk.10.ffn_down.weight	ffn_out-10	q4_K	f32	f32	6144	2048	1	1	6144	2	1	1	3456	7077888	7077888	24576	49152	49152	1	1	0	1	1
0	1788292028181743704	eager	1447	MUL_MAT	MMVQ	-	blk.10.ffn_gate.weight	ffn_gate-10	q4_K	f32	f32	2048	6144	1	1	2048	2	1	1	1152	7077888	7077888	8192	16384	16384	1	1	0	1	1
0	1788292028181743704	eager	1447	MUL_MAT	MMVQ	-	blk.10.ffn_up.weight	ffn_up-10	q4_K	f32	f32	2048	6144	1	1	2048	2	1	1	1152	7077888	7077888	8192	16384	16384	1	1	0	1	1
0	1788292028181743704	eager	1447	MUL_MAT	MMVQ	-	blk.10.ssm_alpha.weight	node_640	q4_K	f32	f32	2048	16	1	1	2048	2	1	1	1152	18432	18432	8192	16384	16384	1	1	0	1	1
0	1788292028181743704	eager	1447	MUL_MAT	MMVQ	-	blk.10.ssm_beta.weight	node_646	q4_K	f32	f32	2048	16	1	1	2048	2	1	1	1152	18432	18432	8192	16384	16384	1	1	0	1	1
0	1788292028181743704	eager	1447	MUL_MAT	MMVQ	-	blk.10.ssm_out.weight	linear_attn_out-10	q4_K	f32	f32	2048	2048	1	1	2048	2	1	1	1152	2359296	2359296	8192	16384	16384	1	1	0	1	1
0	1788292028181743704	eager	1447	MUL_MAT	MMVQ	-	blk.11.attn_k.weight	Kcur-11	q4_K	f32	f32	2048	512	1	1	2048	2	1	1	1152	589824	589824	8192	16384	16384	1	1	0	1	1
0	1788292028181743704	eager	1447	MUL_MAT	MMVQ	-	blk.11.attn_output.weight	attn_output-11	q4_K	f32	f32	2048	2048	1	1	2048	2	1	1	1152	2359296	2359296	8192	16384	16384	1	1	0	1	1
0	1788292028181743704	eager	1447	MUL_MAT	MMVQ	-	blk.11.attn_q.weight	Qcur_full-11	q4_K	f32	f32	2048	4096	1	1	2048	2	1	1	1152	4718592	4718592	8192	16384	16384	1	1	0	1	1
0	1788292028181743704	eager	1447	MUL_MAT	MMVQ	-	blk.11.attn_v.weight	Vcur-11	q6_K	f32	f32	2048	512	1	1	2048	2	1	1	1680	860160	860160	8192	16384	16384	1	1	0	1	1
0	1788292028181743704	eager	1447	MUL_MAT	MMVQ	-	blk.11.ffn_down.weight	ffn_out-11	q6_K	f32	f32	6144	2048	1	1	6144	2	1	1	5040	10321920	10321920	24576	49152	49152	1	1	0	1	1
0	1788292028181743704	eager	1447	MUL_MAT	MMVQ	-	blk.11.ffn_gate.weight	ffn_gate-11	q4_K	f32	f32	2048	6144	1	1	2048	2	1	1	1152	7077888	7077888	8192	16384	16384	1	1	0	1	1
0	1788292028181743704	eager	1447	MUL_MAT	MMVQ	-	blk.11.ffn_up.weight	ffn_up-11	q4_K	f32	f32	2048	6144	1	1	2048	2	1	1	1152	7077888	7077888	8192	16384	16384	1	1	0	1	1
0	1788292028181743704	eager	1447	MUL_MAT	MMVQ	-	blk.12.attn_gate.weight	z-12	q4_K	f32	f32	2048	2048	1	1	2048	2	1	1	1152	2359296	2359296	8192	16384	16384	1	1	0	1	1
0	1788292028181743704	eager	1447	MUL_MAT	MMVQ	-	blk.12.attn_qkv.weight	node_733	q4_K	f32	f32	2048	6144	1	1	2048	2	1	1	1152	7077888	7077888	8192	16384	16384	1	1	0	1	1
0	1788292028181743704	eager	1447	MUL_MAT	MMVQ	-	blk.12.ffn_down.weight	ffn_out-12	q4_K	f32	f32	6144	2048	1	1	6144	2	1	1	3456	7077888	7077888	24576	49152	49152	1	1	0	1	1
0	1788292028181743704	eager	1447	MUL_MAT	MMVQ	-	blk.12.ffn_gate.weight	ffn_gate-12	q4_K	f32	f32	2048	6144	1	1	2048	2	1	1	1152	7077888	7077888	8192	16384	16384	1	1	0	1	1
0	1788292028181743704	eager	1447	MUL_MAT	MMVQ	-	blk.12.ffn_up.weight	ffn_up-12	q4_K	f32	f32	2048	6144	1	1	2048	2	1	1	1152	7077888	7077888	8192	16384	16384	1	1	0	1	1
0	1788292028181743704	eager	1447	MUL_MAT	MMVQ	-	blk.12.ssm_alpha.weight	node_754	q4_K	f32	f32	2048	16	1	1	2048	2	1	1	1152	18432	18432	8192	16384	16384	1	1	0	1	1
0	1788292028181743704	eager	1447	MUL_MAT	MMVQ	-	blk.12.ssm_beta.weight	node_760	q4_K	f32	f32	2048	16	1	1	2048	2	1	1	1152	18432	18432	8192	16384	16384	1	1	0	1	1
0	1788292028181743704	eager	1447	MUL_MAT	MMVQ	-	blk.12.ssm_out.weight	linear_attn_out-12	q4_K	f32	f32	2048	2048	1	1	2048	2	1	1	1152	2359296	2359296	8192	16384	16384	1	1	0	1	1
0	1788292028181743704	eager	1447	MUL_MAT	MMVQ	-	blk.13.attn_gate.weight	z-13	q4_K	f32	f32	2048	2048	1	1	2048	2	1	1	1152	2359296	2359296	8192	16384	16384	1	1	0	1	1
0	1788292028181743704	eager	1447	MUL_MAT	MMVQ	-	blk.13.attn_qkv.weight	node_796	q4_K	f32	f32	2048	6144	1	1	2048	2	1	1	1152	7077888	7077888	8192	16384	16384	1	1	0	1	1
0	1788292028181743704	eager	1447	MUL_MAT	MMVQ	-	blk.13.ffn_down.weight	ffn_out-13	q4_K	f32	f32	6144	2048	1	1	6144	2	1	1	3456	7077888	7077888	24576	49152	49152	1	1	0	1	1
0	1788292028181743704	eager	1447	MUL_MAT	MMVQ	-	blk.13.ffn_gate.weight	ffn_gate-13	q4_K	f32	f32	2048	6144	1	1	2048	2	1	1	1152	7077888	7077888	8192	16384	16384	1	1	0	1	1
0	1788292028181743704	eager	1447	MUL_MAT	MMVQ	-	blk.13.ffn_up.weight	ffn_up-13	q4_K	f32	f32	2048	6144	1	1	2048	2	1	1	1152	7077888	7077888	8192	16384	16384	1	1	0	1	1
0	1788292028181743704	eager	1447	MUL_MAT	MMVQ	-	blk.13.ssm_alpha.weight	node_817	q4_K	f32	f32	2048	16	1	1	2048	2	1	1	1152	18432	18432	8192	16384	16384	1	1	0	1	1
0	1788292028181743704	eager	1447	MUL_MAT	MMVQ	-	blk.13.ssm_beta.weight	node_823	q4_K	f32	f32	2048	16	1	1	2048	2	1	1	1152	18432	18432	8192	16384	16384	1	1	0	1	1
0	1788292028181743704	eager	1447	MUL_MAT	MMVQ	-	blk.13.ssm_out.weight	linear_attn_out-13	q4_K	f32	f32	2048	2048	1	1	2048	2	1	1	1152	2359296	2359296	8192	16384	16384	1	1	0	1	1
0	1788292028181743704	eager	1447	MUL_MAT	MMVQ	-	blk.14.attn_gate.weight	z-14	q4_K	f32	f32	2048	2048	1	1	2048	2	1	1	1152	2359296	2359296	8192	16384	16384	1	1	0	1	1
0	1788292028181743704	eager	1447	MUL_MAT	MMVQ	-	blk.14.attn_qkv.weight	node_859	q6_K	f32	f32	2048	6144	1	1	2048	2	1	1	1680	10321920	10321920	8192	16384	16384	1	1	0	1	1
0	1788292028181743704	eager	1447	MUL_MAT	MMVQ	-	blk.14.ffn_down.weight	ffn_out-14	q6_K	f32	f32	6144	2048	1	1	6144	2	1	1	5040	10321920	10321920	24576	49152	49152	1	1	0	1	1
0	1788292028181743704	eager	1447	MUL_MAT	MMVQ	-	blk.14.ffn_gate.weight	ffn_gate-14	q4_K	f32	f32	2048	6144	1	1	2048	2	1	1	1152	7077888	7077888	8192	16384	16384	1	1	0	1	1
0	1788292028181743704	eager	1447	MUL_MAT	MMVQ	-	blk.14.ffn_up.weight	ffn_up-14	q4_K	f32	f32	2048	6144	1	1	2048	2	1	1	1152	7077888	7077888	8192	16384	16384	1	1	0	1	1
0	1788292028181743704	eager	1447	MUL_MAT	MMVQ	-	blk.14.ssm_alpha.weight	node_880	q4_K	f32	f32	2048	16	1	1	2048	2	1	1	1152	18432	18432	8192	16384	16384	1	1	0	1	1
0	1788292028181743704	eager	1447	MUL_MAT	MMVQ	-	blk.14.ssm_beta.weight	node_886	q4_K	f32	f32	2048	16	1	1	2048	2	1	1	1152	18432	18432	8192	16384	16384	1	1	0	1	1
0	1788292028181743704	eager	1447	MUL_MAT	MMVQ	-	blk.14.ssm_out.weight	linear_attn_out-14	q4_K	f32	f32	2048	2048	1	1	2048	2	1	1	1152	2359296	2359296	8192	16384	16384	1	1	0	1	1
0	1788292028181743704	eager	1447	MUL_MAT	MMVQ	-	blk.15.attn_k.weight	Kcur-15	q4_K	f32	f32	2048	512	1	1	2048	2	1	1	1152	589824	589824	8192	16384	16384	1	1	0	1	1
0	1788292028181743704	eager	1447	MUL_MAT	MMVQ	-	blk.15.attn_output.weight	attn_output-15	q4_K	f32	f32	2048	2048	1	1	2048	2	1	1	1152	2359296	2359296	8192	16384	16384	1	1	0	1	1
0	1788292028181743704	eager	1447	MUL_MAT	MMVQ	-	blk.15.attn_q.weight	Qcur_full-15	q4_K	f32	f32	2048	4096	1	1	2048	2	1	1	1152	4718592	4718592	8192	16384	16384	1	1	0	1	1
0	1788292028181743704	eager	1447	MUL_MAT	MMVQ	-	blk.15.attn_v.weight	Vcur-15	q4_K	f32	f32	2048	512	1	1	2048	2	1	1	1152	589824	589824	8192	16384	16384	1	1	0	1	1
0	1788292028181743704	eager	1447	MUL_MAT	MMVQ	-	blk.15.ffn_down.weight	ffn_out-15	q4_K	f32	f32	6144	2048	1	1	6144	2	1	1	3456	7077888	7077888	24576	49152	49152	1	1	0	1	1
0	1788292028181743704	eager	1447	MUL_MAT	MMVQ	-	blk.15.ffn_gate.weight	ffn_gate-15	q4_K	f32	f32	2048	6144	1	1	2048	2	1	1	1152	7077888	7077888	8192	16384	16384	1	1	0	1	1
0	1788292028181743704	eager	1447	MUL_MAT	MMVQ	-	blk.15.ffn_up.weight	ffn_up-15	q4_K	f32	f32	2048	6144	1	1	2048	2	1	1	1152	7077888	7077888	8192	16384	16384	1	1	0	1	1
0	1788292028181743704	eager	1447	MUL_MAT	MMVQ	-	blk.16.attn_gate.weight	z-16	q4_K	f32	f32	2048	2048	1	1	2048	2	1	1	1152	2359296	2359296	8192	16384	16384	1	1	0	1	1
0	1788292028181743704	eager	1447	MUL_MAT	MMVQ	-	blk.16.attn_qkv.weight	node_973	q4_K	f32	f32	2048	6144	1	1	2048	2	1	1	1152	7077888	7077888	8192	16384	16384	1	1	0	1	1
0	1788292028181743704	eager	1447	MUL_MAT	MMVQ	-	blk.16.ffn_down.weight	ffn_out-16	q4_K	f32	f32	6144	2048	1	1	6144	2	1	1	3456	7077888	7077888	24576	49152	49152	1	1	0	1	1
0	1788292028181743704	eager	1447	MUL_MAT	MMVQ	-	blk.16.ffn_gate.weight	ffn_gate-16	q4_K	f32	f32	2048	6144	1	1	2048	2	1	1	1152	7077888	7077888	8192	16384	16384	1	1	0	1	1
0	1788292028181743704	eager	1447	MUL_MAT	MMVQ	-	blk.16.ffn_up.weight	ffn_up-16	q4_K	f32	f32	2048	6144	1	1	2048	2	1	1	1152	7077888	7077888	8192	16384	16384	1	1	0	1	1
0	1788292028181743704	eager	1447	MUL_MAT	MMVQ	-	blk.16.ssm_alpha.weight	node_994	q4_K	f32	f32	2048	16	1	1	2048	2	1	1	1152	18432	18432	8192	16384	16384	1	1	0	1	1
0	1788292028181743704	eager	1447	MUL_MAT	MMVQ	-	blk.16.ssm_beta.weight	node_1000	q4_K	f32	f32	2048	16	1	1	2048	2	1	1	1152	18432	18432	8192	16384	16384	1	1	0	1	1
0	1788292028181743704	eager	1447	MUL_MAT	MMVQ	-	blk.16.ssm_out.weight	linear_attn_out-16	q4_K	f32	f32	2048	2048	1	1	2048	2	1	1	1152	2359296	2359296	8192	16384	16384	1	1	0	1	1
0	1788292028181743704	eager	1447	MUL_MAT	MMVQ	-	blk.17.attn_gate.weight	z-17	q4_K	f32	f32	2048	2048	1	1	2048	2	1	1	1152	2359296	2359296	8192	16384	16384	1	1	0	1	1
0	1788292028181743704	eager	1447	MUL_MAT	MMVQ	-	blk.17.attn_qkv.weight	node_1036	q6_K	f32	f32	2048	6144	1	1	2048	2	1	1	1680	10321920	10321920	8192	16384	16384	1	1	0	1	1
0	1788292028181743704	eager	1447	MUL_MAT	MMVQ	-	blk.17.ffn_down.weight	ffn_out-17	q6_K	f32	f32	6144	2048	1	1	6144	2	1	1	5040	10321920	10321920	24576	49152	49152	1	1	0	1	1
0	1788292028181743704	eager	1447	MUL_MAT	MMVQ	-	blk.17.ffn_gate.weight	ffn_gate-17	q4_K	f32	f32	2048	6144	1	1	2048	2	1	1	1152	7077888	7077888	8192	16384	16384	1	1	0	1	1
0	1788292028181743704	eager	1447	MUL_MAT	MMVQ	-	blk.17.ffn_up.weight	ffn_up-17	q4_K	f32	f32	2048	6144	1	1	2048	2	1	1	1152	7077888	7077888	8192	16384	16384	1	1	0	1	1
0	1788292028181743704	eager	1447	MUL_MAT	MMVQ	-	blk.17.ssm_alpha.weight	node_1057	q4_K	f32	f32	2048	16	1	1	2048	2	1	1	1152	18432	18432	8192	16384	16384	1	1	0	1	1
0	1788292028181743704	eager	1447	MUL_MAT	MMVQ	-	blk.17.ssm_beta.weight	node_1063	q4_K	f32	f32	2048	16	1	1	2048	2	1	1	1152	18432	18432	8192	16384	16384	1	1	0	1	1
0	1788292028181743704	eager	1447	MUL_MAT	MMVQ	-	blk.17.ssm_out.weight	linear_attn_out-17	q4_K	f32	f32	2048	2048	1	1	2048	2	1	1	1152	2359296	2359296	8192	16384	16384	1	1	0	1	1
0	1788292028181743704	eager	1447	MUL_MAT	MMVQ	-	blk.18.attn_gate.weight	z-18	q4_K	f32	f32	2048	2048	1	1	2048	2	1	1	1152	2359296	2359296	8192	16384	16384	1	1	0	1	1
0	1788292028181743704	eager	1447	MUL_MAT	MMVQ	-	blk.18.attn_qkv.weight	node_1099	q4_K	f32	f32	2048	6144	1	1	2048	2	1	1	1152	7077888	7077888	8192	16384	16384	1	1	0	1	1
0	1788292028181743704	eager	1447	MUL_MAT	MMVQ	-	blk.18.ffn_down.weight	ffn_out-18	q4_K	f32	f32	6144	2048	1	1	6144	2	1	1	3456	7077888	7077888	24576	49152	49152	1	1	0	1	1
0	1788292028181743704	eager	1447	MUL_MAT	MMVQ	-	blk.18.ffn_gate.weight	ffn_gate-18	q4_K	f32	f32	2048	6144	1	1	2048	2	1	1	1152	7077888	7077888	8192	16384	16384	1	1	0	1	1
0	1788292028181743704	eager	1447	MUL_MAT	MMVQ	-	blk.18.ffn_up.weight	ffn_up-18	q4_K	f32	f32	2048	6144	1	1	2048	2	1	1	1152	7077888	7077888	8192	16384	16384	1	1	0	1	1
0	1788292028181743704	eager	1447	MUL_MAT	MMVQ	-	blk.18.ssm_alpha.weight	node_1120	q4_K	f32	f32	2048	16	1	1	2048	2	1	1	1152	18432	18432	8192	16384	16384	1	1	0	1	1
0	1788292028181743704	eager	1447	MUL_MAT	MMVQ	-	blk.18.ssm_beta.weight	node_1126	q4_K	f32	f32	2048	16	1	1	2048	2	1	1	1152	18432	18432	8192	16384	16384	1	1	0	1	1
0	1788292028181743704	eager	1447	MUL_MAT	MMVQ	-	blk.18.ssm_out.weight	linear_attn_out-18	q4_K	f32	f32	2048	2048	1	1	2048	2	1	1	1152	2359296	2359296	8192	16384	16384	1	1	0	1	1
0	1788292028181743704	eager	1447	MUL_MAT	MMVQ	-	blk.19.attn_k.weight	Kcur-19	q4_K	f32	f32	2048	512	1	1	2048	2	1	1	1152	589824	589824	8192	16384	16384	1	1	0	1	1
0	1788292028181743704	eager	1447	MUL_MAT	MMVQ	-	blk.19.attn_output.weight	attn_output-19	q4_K	f32	f32	2048	2048	1	1	2048	2	1	1	1152	2359296	2359296	8192	16384	16384	1	1	0	1	1
0	1788292028181743704	eager	1447	MUL_MAT	MMVQ	-	blk.19.attn_q.weight	Qcur_full-19	q4_K	f32	f32	2048	4096	1	1	2048	2	1	1	1152	4718592	4718592	8192	16384	16384	1	1	0	1	1
0	1788292028181743704	eager	1447	MUL_MAT	MMVQ	-	blk.19.attn_v.weight	Vcur-19	q4_K	f32	f32	2048	512	1	1	2048	2	1	1	1152	589824	589824	8192	16384	16384	1	1	0	1	1
0	1788292028181743704	eager	1447	MUL_MAT	MMVQ	-	blk.19.ffn_down.weight	ffn_out-19	q4_K	f32	f32	6144	2048	1	1	6144	2	1	1	3456	7077888	7077888	24576	49152	49152	1	1	0	1	1
0	1788292028181743704	eager	1447	MUL_MAT	MMVQ	-	blk.19.ffn_gate.weight	ffn_gate-19	q4_K	f32	f32	2048	6144	1	1	2048	2	1	1	1152	7077888	7077888	8192	16384	16384	1	1	0	1	1
0	1788292028181743704	eager	1447	MUL_MAT	MMVQ	-	blk.19.ffn_up.weight	ffn_up-19	q4_K	f32	f32	2048	6144	1	1	2048	2	1	1	1152	7077888	7077888	8192	16384	16384	1	1	0	1	1
0	1788292028181743704	eager	1447	MUL_MAT	MMVQ	-	blk.2.attn_gate.weight	z-2	q4_K	f32	f32	2048	2048	1	1	2048	2	1	1	1152	2359296	2359296	8192	16384	16384	1	1	0	1	1
0	1788292028181743704	eager	1447	MUL_MAT	MMVQ	-	blk.2.attn_qkv.weight	node_139	q6_K	f32	f32	2048	6144	1	1	2048	2	1	1	1680	10321920	10321920	8192	16384	16384	1	1	0	1	1
0	1788292028181743704	eager	1447	MUL_MAT	MMVQ	-	blk.2.ffn_down.weight	ffn_out-2	q6_K	f32	f32	6144	2048	1	1	6144	2	1	1	5040	10321920	10321920	24576	49152	49152	1	1	0	1	1
0	1788292028181743704	eager	1447	MUL_MAT	MMVQ	-	blk.2.ffn_gate.weight	ffn_gate-2	q4_K	f32	f32	2048	6144	1	1	2048	2	1	1	1152	7077888	7077888	8192	16384	16384	1	1	0	1	1
0	1788292028181743704	eager	1447	MUL_MAT	MMVQ	-	blk.2.ffn_up.weight	ffn_up-2	q4_K	f32	f32	2048	6144	1	1	2048	2	1	1	1152	7077888	7077888	8192	16384	16384	1	1	0	1	1
0	1788292028181743704	eager	1447	MUL_MAT	MMVQ	-	blk.2.ssm_alpha.weight	node_160	q4_K	f32	f32	2048	16	1	1	2048	2	1	1	1152	18432	18432	8192	16384	16384	1	1	0	1	1
0	1788292028181743704	eager	1447	MUL_MAT	MMVQ	-	blk.2.ssm_beta.weight	node_166	q4_K	f32	f32	2048	16	1	1	2048	2	1	1	1152	18432	18432	8192	16384	16384	1	1	0	1	1
0	1788292028181743704	eager	1447	MUL_MAT	MMVQ	-	blk.2.ssm_out.weight	linear_attn_out-2	q4_K	f32	f32	2048	2048	1	1	2048	2	1	1	1152	2359296	2359296	8192	16384	16384	1	1	0	1	1
0	1788292028181743704	eager	1447	MUL_MAT	MMVQ	-	blk.20.attn_gate.weight	z-20	q4_K	f32	f32	2048	2048	1	1	2048	2	1	1	1152	2359296	2359296	8192	16384	16384	1	1	0	1	1
0	1788292028181743704	eager	1447	MUL_MAT	MMVQ	-	blk.20.attn_qkv.weight	node_1213	q6_K	f32	f32	2048	6144	1	1	2048	2	1	1	1680	10321920	10321920	8192	16384	16384	1	1	0	1	1
0	1788292028181743704	eager	1447	MUL_MAT	MMVQ	-	blk.20.ffn_down.weight	ffn_out-20	q6_K	f32	f32	6144	2048	1	1	6144	2	1	1	5040	10321920	10321920	24576	49152	49152	1	1	0	1	1
0	1788292028181743704	eager	1447	MUL_MAT	MMVQ	-	blk.20.ffn_gate.weight	ffn_gate-20	q4_K	f32	f32	2048	6144	1	1	2048	2	1	1	1152	7077888	7077888	8192	16384	16384	1	1	0	1	1
0	1788292028181743704	eager	1447	MUL_MAT	MMVQ	-	blk.20.ffn_up.weight	ffn_up-20	q4_K	f32	f32	2048	6144	1	1	2048	2	1	1	1152	7077888	7077888	8192	16384	16384	1	1	0	1	1
0	1788292028181743704	eager	1447	MUL_MAT	MMVQ	-	blk.20.ssm_alpha.weight	node_1234	q4_K	f32	f32	2048	16	1	1	2048	2	1	1	1152	18432	18432	8192	16384	16384	1	1	0	1	1
0	1788292028181743704	eager	1447	MUL_MAT	MMVQ	-	blk.20.ssm_beta.weight	node_1240	q4_K	f32	f32	2048	16	1	1	2048	2	1	1	1152	18432	18432	8192	16384	16384	1	1	0	1	1
0	1788292028181743704	eager	1447	MUL_MAT	MMVQ	-	blk.20.ssm_out.weight	linear_attn_out-20	q4_K	f32	f32	2048	2048	1	1	2048	2	1	1	1152	2359296	2359296	8192	16384	16384	1	1	0	1	1
0	1788292028181743704	eager	1447	MUL_MAT	MMVQ	-	blk.21.attn_gate.weight	z-21	q4_K	f32	f32	2048	2048	1	1	2048	2	1	1	1152	2359296	2359296	8192	16384	16384	1	1	0	1	1
0	1788292028181743704	eager	1447	MUL_MAT	MMVQ	-	blk.21.attn_qkv.weight	node_1276	q6_K	f32	f32	2048	6144	1	1	2048	2	1	1	1680	10321920	10321920	8192	16384	16384	1	1	0	1	1
0	1788292028181743704	eager	1447	MUL_MAT	MMVQ	-	blk.21.ffn_down.weight	ffn_out-21	q6_K	f32	f32	6144	2048	1	1	6144	2	1	1	5040	10321920	10321920	24576	49152	49152	1	1	0	1	1
0	1788292028181743704	eager	1447	MUL_MAT	MMVQ	-	blk.21.ffn_gate.weight	ffn_gate-21	q4_K	f32	f32	2048	6144	1	1	2048	2	1	1	1152	7077888	7077888	8192	16384	16384	1	1	0	1	1
0	1788292028181743704	eager	1447	MUL_MAT	MMVQ	-	blk.21.ffn_up.weight	ffn_up-21	q4_K	f32	f32	2048	6144	1	1	2048	2	1	1	1152	7077888	7077888	8192	16384	16384	1	1	0	1	1
0	1788292028181743704	eager	1447	MUL_MAT	MMVQ	-	blk.21.ssm_alpha.weight	node_1297	q4_K	f32	f32	2048	16	1	1	2048	2	1	1	1152	18432	18432	8192	16384	16384	1	1	0	1	1
0	1788292028181743704	eager	1447	MUL_MAT	MMVQ	-	blk.21.ssm_beta.weight	node_1303	q4_K	f32	f32	2048	16	1	1	2048	2	1	1	1152	18432	18432	8192	16384	16384	1	1	0	1	1
0	1788292028181743704	eager	1447	MUL_MAT	MMVQ	-	blk.21.ssm_out.weight	linear_attn_out-21	q4_K	f32	f32	2048	2048	1	1	2048	2	1	1	1152	2359296	2359296	8192	16384	16384	1	1	0	1	1
0	1788292028181743704	eager	1447	MUL_MAT	MMVQ	-	blk.22.attn_gate.weight	z-22	q4_K	f32	f32	2048	2048	1	1	2048	2	1	1	1152	2359296	2359296	8192	16384	16384	1	1	0	1	1
0	1788292028181743704	eager	1447	MUL_MAT	MMVQ	-	blk.22.attn_qkv.weight	node_1339	q6_K	f32	f32	2048	6144	1	1	2048	2	1	1	1680	10321920	10321920	8192	16384	16384	1	1	0	1	1
0	1788292028181743704	eager	1447	MUL_MAT	MMVQ	-	blk.22.ffn_down.weight	ffn_out-22	q6_K	f32	f32	6144	2048	1	1	6144	2	1	1	5040	10321920	10321920	24576	49152	49152	1	1	0	1	1
0	1788292028181743704	eager	1447	MUL_MAT	MMVQ	-	blk.22.ffn_gate.weight	ffn_gate-22	q4_K	f32	f32	2048	6144	1	1	2048	2	1	1	1152	7077888	7077888	8192	16384	16384	1	1	0	1	1
0	1788292028181743704	eager	1447	MUL_MAT	MMVQ	-	blk.22.ffn_up.weight	ffn_up-22	q4_K	f32	f32	2048	6144	1	1	2048	2	1	1	1152	7077888	7077888	8192	16384	16384	1	1	0	1	1
0	1788292028181743704	eager	1447	MUL_MAT	MMVQ	-	blk.22.ssm_alpha.weight	node_1360	q4_K	f32	f32	2048	16	1	1	2048	2	1	1	1152	18432	18432	8192	16384	16384	1	1	0	1	1
0	1788292028181743704	eager	1447	MUL_MAT	MMVQ	-	blk.22.ssm_beta.weight	node_1366	q4_K	f32	f32	2048	16	1	1	2048	2	1	1	1152	18432	18432	8192	16384	16384	1	1	0	1	1
0	1788292028181743704	eager	1447	MUL_MAT	MMVQ	-	blk.22.ssm_out.weight	linear_attn_out-22	q4_K	f32	f32	2048	2048	1	1	2048	2	1	1	1152	2359296	2359296	8192	16384	16384	1	1	0	1	1
0	1788292028181743704	eager	1447	MUL_MAT	MMVQ	-	blk.23.attn_k.weight	Kcur-23	q4_K	f32	f32	2048	512	1	1	2048	2	1	1	1152	589824	589824	8192	16384	16384	1	1	0	1	1
0	1788292028181743704	eager	1447	MUL_MAT	MMVQ	-	blk.23.attn_output.weight	attn_output-23	q4_K	f32	f32	2048	2048	1	1	2048	2	1	1	1152	2359296	2359296	8192	16384	16384	1	1	0	1	1
0	1788292028181743704	eager	1447	MUL_MAT	MMVQ	-	blk.23.attn_q.weight	Qcur_full-23	q4_K	f32	f32	2048	4096	1	1	2048	2	1	1	1152	4718592	4718592	8192	16384	16384	1	1	0	1	1
0	1788292028181743704	eager	1447	MUL_MAT	MMVQ	-	blk.23.attn_v.weight	Vcur-23	q6_K	f32	f32	2048	512	1	1	2048	2	1	1	1680	860160	860160	8192	16384	16384	1	1	0	1	1
0	1788292028181743704	eager	1447	MUL_MAT	MMVQ	-	blk.23.ffn_down.weight	ffn_out-23	q6_K	f32	f32	6144	2048	1	1	6144	2	1	1	5040	10321920	10321920	24576	49152	49152	1	1	0	1	1
0	1788292028181743704	eager	1447	MUL_MAT	MMVQ	-	blk.23.ffn_gate.weight	ffn_gate-23	q4_K	f32	f32	2048	6144	1	1	2048	2	1	1	1152	7077888	7077888	8192	16384	16384	1	1	0	1	1
0	1788292028181743704	eager	1447	MUL_MAT	MMVQ	-	blk.23.ffn_up.weight	ffn_up-23	q4_K	f32	f32	2048	6144	1	1	2048	2	1	1	1152	7077888	7077888	8192	16384	16384	1	1	0	1	1
0	1788292028181743704	eager	1447	MUL_MAT	MMVQ	-	blk.3.attn_k.weight	Kcur-3	q4_K	f32	f32	2048	512	1	1	2048	2	1	1	1152	589824	589824	8192	16384	16384	1	1	0	1	1
0	1788292028181743704	eager	1447	MUL_MAT	MMVQ	-	blk.3.attn_output.weight	attn_output-3	q4_K	f32	f32	2048	2048	1	1	2048	2	1	1	1152	2359296	2359296	8192	16384	16384	1	1	0	1	1
0	1788292028181743704	eager	1447	MUL_MAT	MMVQ	-	blk.3.attn_q.weight	Qcur_full-3	q4_K	f32	f32	2048	4096	1	1	2048	2	1	1	1152	4718592	4718592	8192	16384	16384	1	1	0	1	1
0	1788292028181743704	eager	1447	MUL_MAT	MMVQ	-	blk.3.attn_v.weight	Vcur-3	q4_K	f32	f32	2048	512	1	1	2048	2	1	1	1152	589824	589824	8192	16384	16384	1	1	0	1	1
0	1788292028181743704	eager	1447	MUL_MAT	MMVQ	-	blk.3.ffn_down.weight	ffn_out-3	q4_K	f32	f32	6144	2048	1	1	6144	2	1	1	3456	7077888	7077888	24576	49152	49152	1	1	0	1	1
0	1788292028181743704	eager	1447	MUL_MAT	MMVQ	-	blk.3.ffn_gate.weight	ffn_gate-3	q4_K	f32	f32	2048	6144	1	1	2048	2	1	1	1152	7077888	7077888	8192	16384	16384	1	1	0	1	1
0	1788292028181743704	eager	1447	MUL_MAT	MMVQ	-	blk.3.ffn_up.weight	ffn_up-3	q4_K	f32	f32	2048	6144	1	1	2048	2	1	1	1152	7077888	7077888	8192	16384	16384	1	1	0	1	1
0	1788292028181743704	eager	1447	MUL_MAT	MMVQ	-	blk.4.attn_gate.weight	z-4	q4_K	f32	f32	2048	2048	1	1	2048	2	1	1	1152	2359296	2359296	8192	16384	16384	1	1	0	1	1
0	1788292028181743704	eager	1447	MUL_MAT	MMVQ	-	blk.4.attn_qkv.weight	node_253	q4_K	f32	f32	2048	6144	1	1	2048	2	1	1	1152	7077888	7077888	8192	16384	16384	1	1	0	1	1
0	1788292028181743704	eager	1447	MUL_MAT	MMVQ	-	blk.4.ffn_down.weight	ffn_out-4	q4_K	f32	f32	6144	2048	1	1	6144	2	1	1	3456	7077888	7077888	24576	49152	49152	1	1	0	1	1
0	1788292028181743704	eager	1447	MUL_MAT	MMVQ	-	blk.4.ffn_gate.weight	ffn_gate-4	q4_K	f32	f32	2048	6144	1	1	2048	2	1	1	1152	7077888	7077888	8192	16384	16384	1	1	0	1	1
0	1788292028181743704	eager	1447	MUL_MAT	MMVQ	-	blk.4.ffn_up.weight	ffn_up-4	q4_K	f32	f32	2048	6144	1	1	2048	2	1	1	1152	7077888	7077888	8192	16384	16384	1	1	0	1	1
0	1788292028181743704	eager	1447	MUL_MAT	MMVQ	-	blk.4.ssm_alpha.weight	node_274	q4_K	f32	f32	2048	16	1	1	2048	2	1	1	1152	18432	18432	8192	16384	16384	1	1	0	1	1
0	1788292028181743704	eager	1447	MUL_MAT	MMVQ	-	blk.4.ssm_beta.weight	node_280	q4_K	f32	f32	2048	16	1	1	2048	2	1	1	1152	18432	18432	8192	16384	16384	1	1	0	1	1
0	1788292028181743704	eager	1447	MUL_MAT	MMVQ	-	blk.4.ssm_out.weight	linear_attn_out-4	q4_K	f32	f32	2048	2048	1	1	2048	2	1	1	1152	2359296	2359296	8192	16384	16384	1	1	0	1	1
0	1788292028181743704	eager	1447	MUL_MAT	MMVQ	-	blk.5.attn_gate.weight	z-5	q4_K	f32	f32	2048	2048	1	1	2048	2	1	1	1152	2359296	2359296	8192	16384	16384	1	1	0	1	1
0	1788292028181743704	eager	1447	MUL_MAT	MMVQ	-	blk.5.attn_qkv.weight	node_316	q6_K	f32	f32	2048	6144	1	1	2048	2	1	1	1680	10321920	10321920	8192	16384	16384	1	1	0	1	1
0	1788292028181743704	eager	1447	MUL_MAT	MMVQ	-	blk.5.ffn_down.weight	ffn_out-5	q6_K	f32	f32	6144	2048	1	1	6144	2	1	1	5040	10321920	10321920	24576	49152	49152	1	1	0	1	1
0	1788292028181743704	eager	1447	MUL_MAT	MMVQ	-	blk.5.ffn_gate.weight	ffn_gate-5	q4_K	f32	f32	2048	6144	1	1	2048	2	1	1	1152	7077888	7077888	8192	16384	16384	1	1	0	1	1
0	1788292028181743704	eager	1447	MUL_MAT	MMVQ	-	blk.5.ffn_up.weight	ffn_up-5	q4_K	f32	f32	2048	6144	1	1	2048	2	1	1	1152	7077888	7077888	8192	16384	16384	1	1	0	1	1
0	1788292028181743704	eager	1447	MUL_MAT	MMVQ	-	blk.5.ssm_alpha.weight	node_337	q4_K	f32	f32	2048	16	1	1	2048	2	1	1	1152	18432	18432	8192	16384	16384	1	1	0	1	1
0	1788292028181743704	eager	1447	MUL_MAT	MMVQ	-	blk.5.ssm_beta.weight	node_343	q4_K	f32	f32	2048	16	1	1	2048	2	1	1	1152	18432	18432	8192	16384	16384	1	1	0	1	1
0	1788292028181743704	eager	1447	MUL_MAT	MMVQ	-	blk.5.ssm_out.weight	linear_attn_out-5	q4_K	f32	f32	2048	2048	1	1	2048	2	1	1	1152	2359296	2359296	8192	16384	16384	1	1	0	1	1
0	1788292028181743704	eager	1447	MUL_MAT	MMVQ	-	blk.6.attn_gate.weight	z-6	q4_K	f32	f32	2048	2048	1	1	2048	2	1	1	1152	2359296	2359296	8192	16384	16384	1	1	0	1	1
0	1788292028181743704	eager	1447	MUL_MAT	MMVQ	-	blk.6.attn_qkv.weight	node_379	q4_K	f32	f32	2048	6144	1	1	2048	2	1	1	1152	7077888	7077888	8192	16384	16384	1	1	0	1	1
0	1788292028181743704	eager	1447	MUL_MAT	MMVQ	-	blk.6.ffn_down.weight	ffn_out-6	q4_K	f32	f32	6144	2048	1	1	6144	2	1	1	3456	7077888	7077888	24576	49152	49152	1	1	0	1	1
0	1788292028181743704	eager	1447	MUL_MAT	MMVQ	-	blk.6.ffn_gate.weight	ffn_gate-6	q4_K	f32	f32	2048	6144	1	1	2048	2	1	1	1152	7077888	7077888	8192	16384	16384	1	1	0	1	1
0	1788292028181743704	eager	1447	MUL_MAT	MMVQ	-	blk.6.ffn_up.weight	ffn_up-6	q4_K	f32	f32	2048	6144	1	1	2048	2	1	1	1152	7077888	7077888	8192	16384	16384	1	1	0	1	1
0	1788292028181743704	eager	1447	MUL_MAT	MMVQ	-	blk.6.ssm_alpha.weight	node_400	q4_K	f32	f32	2048	16	1	1	2048	2	1	1	1152	18432	18432	8192	16384	16384	1	1	0	1	1
0	1788292028181743704	eager	1447	MUL_MAT	MMVQ	-	blk.6.ssm_beta.weight	node_406	q4_K	f32	f32	2048	16	1	1	2048	2	1	1	1152	18432	18432	8192	16384	16384	1	1	0	1	1
0	1788292028181743704	eager	1447	MUL_MAT	MMVQ	-	blk.6.ssm_out.weight	linear_attn_out-6	q4_K	f32	f32	2048	2048	1	1	2048	2	1	1	1152	2359296	2359296	8192	16384	16384	1	1	0	1	1
0	1788292028181743704	eager	1447	MUL_MAT	MMVQ	-	blk.7.attn_k.weight	Kcur-7	q4_K	f32	f32	2048	512	1	1	2048	2	1	1	1152	589824	589824	8192	16384	16384	1	1	0	1	1
0	1788292028181743704	eager	1447	MUL_MAT	MMVQ	-	blk.7.attn_output.weight	attn_output-7	q4_K	f32	f32	2048	2048	1	1	2048	2	1	1	1152	2359296	2359296	8192	16384	16384	1	1	0	1	1
0	1788292028181743704	eager	1447	MUL_MAT	MMVQ	-	blk.7.attn_q.weight	Qcur_full-7	q4_K	f32	f32	2048	4096	1	1	2048	2	1	1	1152	4718592	4718592	8192	16384	16384	1	1	0	1	1
0	1788292028181743704	eager	1447	MUL_MAT	MMVQ	-	blk.7.attn_v.weight	Vcur-7	q4_K	f32	f32	2048	512	1	1	2048	2	1	1	1152	589824	589824	8192	16384	16384	1	1	0	1	1
0	1788292028181743704	eager	1447	MUL_MAT	MMVQ	-	blk.7.ffn_down.weight	ffn_out-7	q4_K	f32	f32	6144	2048	1	1	6144	2	1	1	3456	7077888	7077888	24576	49152	49152	1	1	0	1	1
0	1788292028181743704	eager	1447	MUL_MAT	MMVQ	-	blk.7.ffn_gate.weight	ffn_gate-7	q4_K	f32	f32	2048	6144	1	1	2048	2	1	1	1152	7077888	7077888	8192	16384	16384	1	1	0	1	1
0	1788292028181743704	eager	1447	MUL_MAT	MMVQ	-	blk.7.ffn_up.weight	ffn_up-7	q4_K	f32	f32	2048	6144	1	1	2048	2	1	1	1152	7077888	7077888	8192	16384	16384	1	1	0	1	1
0	1788292028181743704	eager	1447	MUL_MAT	MMVQ	-	blk.8.attn_gate.weight	z-8	q4_K	f32	f32	2048	2048	1	1	2048	2	1	1	1152	2359296	2359296	8192	16384	16384	1	1	0	1	1
0	1788292028181743704	eager	1447	MUL_MAT	MMVQ	-	blk.8.attn_qkv.weight	node_493	q6_K	f32	f32	2048	6144	1	1	2048	2	1	1	1680	10321920	10321920	8192	16384	16384	1	1	0	1	1
0	1788292028181743704	eager	1447	MUL_MAT	MMVQ	-	blk.8.ffn_down.weight	ffn_out-8	q6_K	f32	f32	6144	2048	1	1	6144	2	1	1	5040	10321920	10321920	24576	49152	49152	1	1	0	1	1
0	1788292028181743704	eager	1447	MUL_MAT	MMVQ	-	blk.8.ffn_gate.weight	ffn_gate-8	q4_K	f32	f32	2048	6144	1	1	2048	2	1	1	1152	7077888	7077888	8192	16384	16384	1	1	0	1	1
0	1788292028181743704	eager	1447	MUL_MAT	MMVQ	-	blk.8.ffn_up.weight	ffn_up-8	q4_K	f32	f32	2048	6144	1	1	2048	2	1	1	1152	7077888	7077888	8192	16384	16384	1	1	0	1	1
0	1788292028181743704	eager	1447	MUL_MAT	MMVQ	-	blk.8.ssm_alpha.weight	node_514	q4_K	f32	f32	2048	16	1	1	2048	2	1	1	1152	18432	18432	8192	16384	16384	1	1	0	1	1
0	1788292028181743704	eager	1447	MUL_MAT	MMVQ	-	blk.8.ssm_beta.weight	node_520	q4_K	f32	f32	2048	16	1	1	2048	2	1	1	1152	18432	18432	8192	16384	16384	1	1	0	1	1
0	1788292028181743704	eager	1447	MUL_MAT	MMVQ	-	blk.8.ssm_out.weight	linear_attn_out-8	q4_K	f32	f32	2048	2048	1	1	2048	2	1	1	1152	2359296	2359296	8192	16384	16384	1	1	0	1	1
0	1788292028181743704	eager	1447	MUL_MAT	MMVQ	-	blk.9.attn_gate.weight	z-9	q4_K	f32	f32	2048	2048	1	1	2048	2	1	1	1152	2359296	2359296	8192	16384	16384	1	1	0	1	1
0	1788292028181743704	eager	1447	MUL_MAT	MMVQ	-	blk.9.attn_qkv.weight	node_556	q4_K	f32	f32	2048	6144	1	1	2048	2	1	1	1152	7077888	7077888	8192	16384	16384	1	1	0	1	1
0	1788292028181743704	eager	1447	MUL_MAT	MMVQ	-	blk.9.ffn_down.weight	ffn_out-9	q4_K	f32	f32	6144	2048	1	1	6144	2	1	1	3456	7077888	7077888	24576	49152	49152	1	1	0	1	1
0	1788292028181743704	eager	1447	MUL_MAT	MMVQ	-	blk.9.ffn_gate.weight	ffn_gate-9	q4_K	f32	f32	2048	6144	1	1	2048	2	1	1	1152	7077888	7077888	8192	16384	16384	1	1	0	1	1
0	1788292028181743704	eager	1447	MUL_MAT	MMVQ	-	blk.9.ffn_up.weight	ffn_up-9	q4_K	f32	f32	2048	6144	1	1	2048	2	1	1	1152	7077888	7077888	8192	16384	16384	1	1	0	1	1
0	1788292028181743704	eager	1447	MUL_MAT	MMVQ	-	blk.9.ssm_alpha.weight	node_577	q4_K	f32	f32	2048	16	1	1	2048	2	1	1	1152	18432	18432	8192	16384	16384	1	1	0	1	1
0	1788292028181743704	eager	1447	MUL_MAT	MMVQ	-	blk.9.ssm_beta.weight	node_583	q4_K	f32	f32	2048	16	1	1	2048	2	1	1	1152	18432	18432	8192	16384	16384	1	1	0	1	1
0	1788292028181743704	eager	1447	MUL_MAT	MMVQ	-	blk.9.ssm_out.weight	linear_attn_out-9	q4_K	f32	f32	2048	2048	1	1	2048	2	1	1	1152	2359296	2359296	8192	16384	16384	1	1	0	1	1
0	1788292028181743704	eager	1447	MUL_MAT	MMVQ	-	token_embd.weight	result_output	q6_K	f32	f32	2048	248320	1	1	2048	1	1	1	1680	417177600	417177600	8192	8192	8192	1	1	0	1	1
1	1788292028396072643	eager	1447	MUL_MAT	MMQ	-	blk.0.attn_gate.weight	z-0	q4_K	f32	f32	2048	2048	1	1	2048	512	1	1	1152	2359296	2359296	8192	4194304	4194304	1	1	0	1	1
1	1788292028396072643	eager	1447	MUL_MAT	MMQ	-	blk.0.attn_qkv.weight	node_13	q6_K	f32	f32	2048	6144	1	1	2048	512	1	1	1680	10321920	10321920	8192	4194304	4194304	1	1	0	1	1
1	1788292028396072643	eager	1447	MUL_MAT	MMQ	-	blk.0.ffn_down.weight	ffn_out-0	q6_K	f32	f32	6144	2048	1	1	6144	512	1	1	5040	10321920	10321920	24576	12582912	12582912	1	1	0	1	1
1	1788292028396072643	eager	1447	MUL_MAT	MMQ	-	blk.0.ffn_gate.weight	ffn_gate-0	q4_K	f32	f32	2048	6144	1	1	2048	512	1	1	1152	7077888	7077888	8192	4194304	4194304	1	1	0	1	1
1	1788292028396072643	eager	1447	MUL_MAT	MMQ	-	blk.0.ffn_up.weight	ffn_up-0	q4_K	f32	f32	2048	6144	1	1	2048	512	1	1	1152	7077888	7077888	8192	4194304	4194304	1	1	0	1	1
1	1788292028396072643	eager	1447	MUL_MAT	MMQ	-	blk.0.ssm_alpha.weight	node_34	q4_K	f32	f32	2048	16	1	1	2048	512	1	1	1152	18432	18432	8192	4194304	4194304	1	1	0	1	1
1	1788292028396072643	eager	1447	MUL_MAT	MMQ	-	blk.0.ssm_beta.weight	node_40	q4_K	f32	f32	2048	16	1	1	2048	512	1	1	1152	18432	18432	8192	4194304	4194304	1	1	0	1	1
1	1788292028396072643	eager	1447	MUL_MAT	MMQ	-	blk.0.ssm_out.weight	linear_attn_out-0	q4_K	f32	f32	2048	2048	1	1	2048	512	1	1	1152	2359296	2359296	8192	4194304	4194304	1	1	0	1	1
1	1788292028396072643	eager	1447	MUL_MAT	MMQ	-	blk.1.attn_gate.weight	z-1	q4_K	f32	f32	2048	2048	1	1	2048	512	1	1	1152	2359296	2359296	8192	4194304	4194304	1	1	0	1	1
1	1788292028396072643	eager	1447	MUL_MAT	MMQ	-	blk.1.attn_qkv.weight	node_76	q6_K	f32	f32	2048	6144	1	1	2048	512	1	1	1680	10321920	10321920	8192	4194304	4194304	1	1	0	1	1
1	1788292028396072643	eager	1447	MUL_MAT	MMQ	-	blk.1.ffn_down.weight	ffn_out-1	q6_K	f32	f32	6144	2048	1	1	6144	512	1	1	5040	10321920	10321920	24576	12582912	12582912	1	1	0	1	1
1	1788292028396072643	eager	1447	MUL_MAT	MMQ	-	blk.1.ffn_gate.weight	ffn_gate-1	q4_K	f32	f32	2048	6144	1	1	2048	512	1	1	1152	7077888	7077888	8192	4194304	4194304	1	1	0	1	1
1	1788292028396072643	eager	1447	MUL_MAT	MMQ	-	blk.1.ffn_up.weight	ffn_up-1	q4_K	f32	f32	2048	6144	1	1	2048	512	1	1	1152	7077888	7077888	8192	4194304	4194304	1	1	0	1	1
1	1788292028396072643	eager	1447	MUL_MAT	MMQ	-	blk.1.ssm_alpha.weight	node_97	q4_K	f32	f32	2048	16	1	1	2048	512	1	1	1152	18432	18432	8192	4194304	4194304	1	1	0	1	1
1	1788292028396072643	eager	1447	MUL_MAT	MMQ	-	blk.1.ssm_beta.weight	node_103	q4_K	f32	f32	2048	16	1	1	2048	512	1	1	1152	18432	18432	8192	4194304	4194304	1	1	0	1	1
1	1788292028396072643	eager	1447	MUL_MAT	MMQ	-	blk.1.ssm_out.weight	linear_attn_out-1	q4_K	f32	f32	2048	2048	1	1	2048	512	1	1	1152	2359296	2359296	8192	4194304	4194304	1	1	0	1	1
1	1788292028396072643	eager	1447	MUL_MAT	MMQ	-	blk.10.attn_gate.weight	z-10	q4_K	f32	f32	2048	2048	1	1	2048	512	1	1	1152	2359296	2359296	8192	4194304	4194304	1	1	0	1	1
1	1788292028396072643	eager	1447	MUL_MAT	MMQ	-	blk.10.attn_qkv.weight	node_619	q4_K	f32	f32	2048	6144	1	1	2048	512	1	1	1152	7077888	7077888	8192	4194304	4194304	1	1	0	1	1
1	1788292028396072643	eager	1447	MUL_MAT	MMQ	-	blk.10.ffn_down.weight	ffn_out-10	q4_K	f32	f32	6144	2048	1	1	6144	512	1	1	3456	7077888	7077888	24576	12582912	12582912	1	1	0	1	1
1	1788292028396072643	eager	1447	MUL_MAT	MMQ	-	blk.10.ffn_gate.weight	ffn_gate-10	q4_K	f32	f32	2048	6144	1	1	2048	512	1	1	1152	7077888	7077888	8192	4194304	4194304	1	1	0	1	1
1	1788292028396072643	eager	1447	MUL_MAT	MMQ	-	blk.10.ffn_up.weight	ffn_up-10	q4_K	f32	f32	2048	6144	1	1	2048	512	1	1	1152	7077888	7077888	8192	4194304	4194304	1	1	0	1	1
1	1788292028396072643	eager	1447	MUL_MAT	MMQ	-	blk.10.ssm_alpha.weight	node_640	q4_K	f32	f32	2048	16	1	1	2048	512	1	1	1152	18432	18432	8192	4194304	4194304	1	1	0	1	1
1	1788292028396072643	eager	1447	MUL_MAT	MMQ	-	blk.10.ssm_beta.weight	node_646	q4_K	f32	f32	2048	16	1	1	2048	512	1	1	1152	18432	18432	8192	4194304	4194304	1	1	0	1	1
1	1788292028396072643	eager	1447	MUL_MAT	MMQ	-	blk.10.ssm_out.weight	linear_attn_out-10	q4_K	f32	f32	2048	2048	1	1	2048	512	1	1	1152	2359296	2359296	8192	4194304	4194304	1	1	0	1	1
1	1788292028396072643	eager	1447	MUL_MAT	MMQ	-	blk.11.attn_k.weight	Kcur-11	q4_K	f32	f32	2048	512	1	1	2048	512	1	1	1152	589824	589824	8192	4194304	4194304	1	1	0	1	1
1	1788292028396072643	eager	1447	MUL_MAT	MMQ	-	blk.11.attn_output.weight	attn_output-11	q4_K	f32	f32	2048	2048	1	1	2048	512	1	1	1152	2359296	2359296	8192	4194304	4194304	1	1	0	1	1
1	1788292028396072643	eager	1447	MUL_MAT	MMQ	-	blk.11.attn_q.weight	Qcur_full-11	q4_K	f32	f32	2048	4096	1	1	2048	512	1	1	1152	4718592	4718592	8192	4194304	4194304	1	1	0	1	1
1	1788292028396072643	eager	1447	MUL_MAT	MMQ	-	blk.11.attn_v.weight	Vcur-11	q6_K	f32	f32	2048	512	1	1	2048	512	1	1	1680	860160	860160	8192	4194304	4194304	1	1	0	1	1
1	1788292028396072643	eager	1447	MUL_MAT	MMQ	-	blk.11.ffn_down.weight	ffn_out-11	q6_K	f32	f32	6144	2048	1	1	6144	512	1	1	5040	10321920	10321920	24576	12582912	12582912	1	1	0	1	1
1	1788292028396072643	eager	1447	MUL_MAT	MMQ	-	blk.11.ffn_gate.weight	ffn_gate-11	q4_K	f32	f32	2048	6144	1	1	2048	512	1	1	1152	7077888	7077888	8192	4194304	4194304	1	1	0	1	1
1	1788292028396072643	eager	1447	MUL_MAT	MMQ	-	blk.11.ffn_up.weight	ffn_up-11	q4_K	f32	f32	2048	6144	1	1	2048	512	1	1	1152	7077888	7077888	8192	4194304	4194304	1	1	0	1	1
1	1788292028396072643	eager	1447	MUL_MAT	MMQ	-	blk.12.attn_gate.weight	z-12	q4_K	f32	f32	2048	2048	1	1	2048	512	1	1	1152	2359296	2359296	8192	4194304	4194304	1	1	0	1	1
1	1788292028396072643	eager	1447	MUL_MAT	MMQ	-	blk.12.attn_qkv.weight	node_733	q4_K	f32	f32	2048	6144	1	1	2048	512	1	1	1152	7077888	7077888	8192	4194304	4194304	1	1	0	1	1
1	1788292028396072643	eager	1447	MUL_MAT	MMQ	-	blk.12.ffn_down.weight	ffn_out-12	q4_K	f32	f32	6144	2048	1	1	6144	512	1	1	3456	7077888	7077888	24576	12582912	12582912	1	1	0	1	1
1	1788292028396072643	eager	1447	MUL_MAT	MMQ	-	blk.12.ffn_gate.weight	ffn_gate-12	q4_K	f32	f32	2048	6144	1	1	2048	512	1	1	1152	7077888	7077888	8192	4194304	4194304	1	1	0	1	1
1	1788292028396072643	eager	1447	MUL_MAT	MMQ	-	blk.12.ffn_up.weight	ffn_up-12	q4_K	f32	f32	2048	6144	1	1	2048	512	1	1	1152	7077888	7077888	8192	4194304	4194304	1	1	0	1	1
1	1788292028396072643	eager	1447	MUL_MAT	MMQ	-	blk.12.ssm_alpha.weight	node_754	q4_K	f32	f32	2048	16	1	1	2048	512	1	1	1152	18432	18432	8192	4194304	4194304	1	1	0	1	1
1	1788292028396072643	eager	1447	MUL_MAT	MMQ	-	blk.12.ssm_beta.weight	node_760	q4_K	f32	f32	2048	16	1	1	2048	512	1	1	1152	18432	18432	8192	4194304	4194304	1	1	0	1	1
1	1788292028396072643	eager	1447	MUL_MAT	MMQ	-	blk.12.ssm_out.weight	linear_attn_out-12	q4_K	f32	f32	2048	2048	1	1	2048	512	1	1	1152	2359296	2359296	8192	4194304	4194304	1	1	0	1	1
1	1788292028396072643	eager	1447	MUL_MAT	MMQ	-	blk.13.attn_gate.weight	z-13	q4_K	f32	f32	2048	2048	1	1	2048	512	1	1	1152	2359296	2359296	8192	4194304	4194304	1	1	0	1	1
1	1788292028396072643	eager	1447	MUL_MAT	MMQ	-	blk.13.attn_qkv.weight	node_796	q4_K	f32	f32	2048	6144	1	1	2048	512	1	1	1152	7077888	7077888	8192	4194304	4194304	1	1	0	1	1
1	1788292028396072643	eager	1447	MUL_MAT	MMQ	-	blk.13.ffn_down.weight	ffn_out-13	q4_K	f32	f32	6144	2048	1	1	6144	512	1	1	3456	7077888	7077888	24576	12582912	12582912	1	1	0	1	1
1	1788292028396072643	eager	1447	MUL_MAT	MMQ	-	blk.13.ffn_gate.weight	ffn_gate-13	q4_K	f32	f32	2048	6144	1	1	2048	512	1	1	1152	7077888	7077888	8192	4194304	4194304	1	1	0	1	1
1	1788292028396072643	eager	1447	MUL_MAT	MMQ	-	blk.13.ffn_up.weight	ffn_up-13	q4_K	f32	f32	2048	6144	1	1	2048	512	1	1	1152	7077888	7077888	8192	4194304	4194304	1	1	0	1	1
1	1788292028396072643	eager	1447	MUL_MAT	MMQ	-	blk.13.ssm_alpha.weight	node_817	q4_K	f32	f32	2048	16	1	1	2048	512	1	1	1152	18432	18432	8192	4194304	4194304	1	1	0	1	1
1	1788292028396072643	eager	1447	MUL_MAT	MMQ	-	blk.13.ssm_beta.weight	node_823	q4_K	f32	f32	2048	16	1	1	2048	512	1	1	1152	18432	18432	8192	4194304	4194304	1	1	0	1	1
1	1788292028396072643	eager	1447	MUL_MAT	MMQ	-	blk.13.ssm_out.weight	linear_attn_out-13	q4_K	f32	f32	2048	2048	1	1	2048	512	1	1	1152	2359296	2359296	8192	4194304	4194304	1	1	0	1	1
1	1788292028396072643	eager	1447	MUL_MAT	MMQ	-	blk.14.attn_gate.weight	z-14	q4_K	f32	f32	2048	2048	1	1	2048	512	1	1	1152	2359296	2359296	8192	4194304	4194304	1	1	0	1	1
1	1788292028396072643	eager	1447	MUL_MAT	MMQ	-	blk.14.attn_qkv.weight	node_859	q6_K	f32	f32	2048	6144	1	1	2048	512	1	1	1680	10321920	10321920	8192	4194304	4194304	1	1	0	1	1
1	1788292028396072643	eager	1447	MUL_MAT	MMQ	-	blk.14.ffn_down.weight	ffn_out-14	q6_K	f32	f32	6144	2048	1	1	6144	512	1	1	5040	10321920	10321920	24576	12582912	12582912	1	1	0	1	1
1	1788292028396072643	eager	1447	MUL_MAT	MMQ	-	blk.14.ffn_gate.weight	ffn_gate-14	q4_K	f32	f32	2048	6144	1	1	2048	512	1	1	1152	7077888	7077888	8192	4194304	4194304	1	1	0	1	1
1	1788292028396072643	eager	1447	MUL_MAT	MMQ	-	blk.14.ffn_up.weight	ffn_up-14	q4_K	f32	f32	2048	6144	1	1	2048	512	1	1	1152	7077888	7077888	8192	4194304	4194304	1	1	0	1	1
1	1788292028396072643	eager	1447	MUL_MAT	MMQ	-	blk.14.ssm_alpha.weight	node_880	q4_K	f32	f32	2048	16	1	1	2048	512	1	1	1152	18432	18432	8192	4194304	4194304	1	1	0	1	1
1	1788292028396072643	eager	1447	MUL_MAT	MMQ	-	blk.14.ssm_beta.weight	node_886	q4_K	f32	f32	2048	16	1	1	2048	512	1	1	1152	18432	18432	8192	4194304	4194304	1	1	0	1	1
1	1788292028396072643	eager	1447	MUL_MAT	MMQ	-	blk.14.ssm_out.weight	linear_attn_out-14	q4_K	f32	f32	2048	2048	1	1	2048	512	1	1	1152	2359296	2359296	8192	4194304	4194304	1	1	0	1	1
1	1788292028396072643	eager	1447	MUL_MAT	MMQ	-	blk.15.attn_k.weight	Kcur-15	q4_K	f32	f32	2048	512	1	1	2048	512	1	1	1152	589824	589824	8192	4194304	4194304	1	1	0	1	1
1	1788292028396072643	eager	1447	MUL_MAT	MMQ	-	blk.15.attn_output.weight	attn_output-15	q4_K	f32	f32	2048	2048	1	1	2048	512	1	1	1152	2359296	2359296	8192	4194304	4194304	1	1	0	1	1
1	1788292028396072643	eager	1447	MUL_MAT	MMQ	-	blk.15.attn_q.weight	Qcur_full-15	q4_K	f32	f32	2048	4096	1	1	2048	512	1	1	1152	4718592	4718592	8192	4194304	4194304	1	1	0	1	1
1	1788292028396072643	eager	1447	MUL_MAT	MMQ	-	blk.15.attn_v.weight	Vcur-15	q4_K	f32	f32	2048	512	1	1	2048	512	1	1	1152	589824	589824	8192	4194304	4194304	1	1	0	1	1
1	1788292028396072643	eager	1447	MUL_MAT	MMQ	-	blk.15.ffn_down.weight	ffn_out-15	q4_K	f32	f32	6144	2048	1	1	6144	512	1	1	3456	7077888	7077888	24576	12582912	12582912	1	1	0	1	1
1	1788292028396072643	eager	1447	MUL_MAT	MMQ	-	blk.15.ffn_gate.weight	ffn_gate-15	q4_K	f32	f32	2048	6144	1	1	2048	512	1	1	1152	7077888	7077888	8192	4194304	4194304	1	1	0	1	1
1	1788292028396072643	eager	1447	MUL_MAT	MMQ	-	blk.15.ffn_up.weight	ffn_up-15	q4_K	f32	f32	2048	6144	1	1	2048	512	1	1	1152	7077888	7077888	8192	4194304	4194304	1	1	0	1	1
1	1788292028396072643	eager	1447	MUL_MAT	MMQ	-	blk.16.attn_gate.weight	z-16	q4_K	f32	f32	2048	2048	1	1	2048	512	1	1	1152	2359296	2359296	8192	4194304	4194304	1	1	0	1	1
1	1788292028396072643	eager	1447	MUL_MAT	MMQ	-	blk.16.attn_qkv.weight	node_973	q4_K	f32	f32	2048	6144	1	1	2048	512	1	1	1152	7077888	7077888	8192	4194304	4194304	1	1	0	1	1
1	1788292028396072643	eager	1447	MUL_MAT	MMQ	-	blk.16.ffn_down.weight	ffn_out-16	q4_K	f32	f32	6144	2048	1	1	6144	512	1	1	3456	7077888	7077888	24576	12582912	12582912	1	1	0	1	1
1	1788292028396072643	eager	1447	MUL_MAT	MMQ	-	blk.16.ffn_gate.weight	ffn_gate-16	q4_K	f32	f32	2048	6144	1	1	2048	512	1	1	1152	7077888	7077888	8192	4194304	4194304	1	1	0	1	1
1	1788292028396072643	eager	1447	MUL_MAT	MMQ	-	blk.16.ffn_up.weight	ffn_up-16	q4_K	f32	f32	2048	6144	1	1	2048	512	1	1	1152	7077888	7077888	8192	4194304	4194304	1	1	0	1	1
1	1788292028396072643	eager	1447	MUL_MAT	MMQ	-	blk.16.ssm_alpha.weight	node_994	q4_K	f32	f32	2048	16	1	1	2048	512	1	1	1152	18432	18432	8192	4194304	4194304	1	1	0	1	1
1	1788292028396072643	eager	1447	MUL_MAT	MMQ	-	blk.16.ssm_beta.weight	node_1000	q4_K	f32	f32	2048	16	1	1	2048	512	1	1	1152	18432	18432	8192	4194304	4194304	1	1	0	1	1
1	1788292028396072643	eager	1447	MUL_MAT	MMQ	-	blk.16.ssm_out.weight	linear_attn_out-16	q4_K	f32	f32	2048	2048	1	1	2048	512	1	1	1152	2359296	2359296	8192	4194304	4194304	1	1	0	1	1
1	1788292028396072643	eager	1447	MUL_MAT	MMQ	-	blk.17.attn_gate.weight	z-17	q4_K	f32	f32	2048	2048	1	1	2048	512	1	1	1152	2359296	2359296	8192	4194304	4194304	1	1	0	1	1
1	1788292028396072643	eager	1447	MUL_MAT	MMQ	-	blk.17.attn_qkv.weight	node_1036	q6_K	f32	f32	2048	6144	1	1	2048	512	1	1	1680	10321920	10321920	8192	4194304	4194304	1	1	0	1	1
1	1788292028396072643	eager	1447	MUL_MAT	MMQ	-	blk.17.ffn_down.weight	ffn_out-17	q6_K	f32	f32	6144	2048	1	1	6144	512	1	1	5040	10321920	10321920	24576	12582912	12582912	1	1	0	1	1
1	1788292028396072643	eager	1447	MUL_MAT	MMQ	-	blk.17.ffn_gate.weight	ffn_gate-17	q4_K	f32	f32	2048	6144	1	1	2048	512	1	1	1152	7077888	7077888	8192	4194304	4194304	1	1	0	1	1
1	1788292028396072643	eager	1447	MUL_MAT	MMQ	-	blk.17.ffn_up.weight	ffn_up-17	q4_K	f32	f32	2048	6144	1	1	2048	512	1	1	1152	7077888	7077888	8192	4194304	4194304	1	1	0	1	1
1	1788292028396072643	eager	1447	MUL_MAT	MMQ	-	blk.17.ssm_alpha.weight	node_1057	q4_K	f32	f32	2048	16	1	1	2048	512	1	1	1152	18432	18432	8192	4194304	4194304	1	1	0	1	1
1	1788292028396072643	eager	1447	MUL_MAT	MMQ	-	blk.17.ssm_beta.weight	node_1063	q4_K	f32	f32	2048	16	1	1	2048	512	1	1	1152	18432	18432	8192	4194304	4194304	1	1	0	1	1
1	1788292028396072643	eager	1447	MUL_MAT	MMQ	-	blk.17.ssm_out.weight	linear_attn_out-17	q4_K	f32	f32	2048	2048	1	1	2048	512	1	1	1152	2359296	2359296	8192	4194304	4194304	1	1	0	1	1
1	1788292028396072643	eager	1447	MUL_MAT	MMQ	-	blk.18.attn_gate.weight	z-18	q4_K	f32	f32	2048	2048	1	1	2048	512	1	1	1152	2359296	2359296	8192	4194304	4194304	1	1	0	1	1
1	1788292028396072643	eager	1447	MUL_MAT	MMQ	-	blk.18.attn_qkv.weight	node_1099	q4_K	f32	f32	2048	6144	1	1	2048	512	1	1	1152	7077888	7077888	8192	4194304	4194304	1	1	0	1	1
1	1788292028396072643	eager	1447	MUL_MAT	MMQ	-	blk.18.ffn_down.weight	ffn_out-18	q4_K	f32	f32	6144	2048	1	1	6144	512	1	1	3456	7077888	7077888	24576	12582912	12582912	1	1	0	1	1
1	1788292028396072643	eager	1447	MUL_MAT	MMQ	-	blk.18.ffn_gate.weight	ffn_gate-18	q4_K	f32	f32	2048	6144	1	1	2048	512	1	1	1152	7077888	7077888	8192	4194304	4194304	1	1	0	1	1
1	1788292028396072643	eager	1447	MUL_MAT	MMQ	-	blk.18.ffn_up.weight	ffn_up-18	q4_K	f32	f32	2048	6144	1	1	2048	512	1	1	1152	7077888	7077888	8192	4194304	4194304	1	1	0	1	1
1	1788292028396072643	eager	1447	MUL_MAT	MMQ	-	blk.18.ssm_alpha.weight	node_1120	q4_K	f32	f32	2048	16	1	1	2048	512	1	1	1152	18432	18432	8192	4194304	4194304	1	1	0	1	1
1	1788292028396072643	eager	1447	MUL_MAT	MMQ	-	blk.18.ssm_beta.weight	node_1126	q4_K	f32	f32	2048	16	1	1	2048	512	1	1	1152	18432	18432	8192	4194304	4194304	1	1	0	1	1
1	1788292028396072643	eager	1447	MUL_MAT	MMQ	-	blk.18.ssm_out.weight	linear_attn_out-18	q4_K	f32	f32	2048	2048	1	1	2048	512	1	1	1152	2359296	2359296	8192	4194304	4194304	1	1	0	1	1
1	1788292028396072643	eager	1447	MUL_MAT	MMQ	-	blk.19.attn_k.weight	Kcur-19	q4_K	f32	f32	2048	512	1	1	2048	512	1	1	1152	589824	589824	8192	4194304	4194304	1	1	0	1	1
1	1788292028396072643	eager	1447	MUL_MAT	MMQ	-	blk.19.attn_output.weight	attn_output-19	q4_K	f32	f32	2048	2048	1	1	2048	512	1	1	1152	2359296	2359296	8192	4194304	4194304	1	1	0	1	1
1	1788292028396072643	eager	1447	MUL_MAT	MMQ	-	blk.19.attn_q.weight	Qcur_full-19	q4_K	f32	f32	2048	4096	1	1	2048	512	1	1	1152	4718592	4718592	8192	4194304	4194304	1	1	0	1	1
1	1788292028396072643	eager	1447	MUL_MAT	MMQ	-	blk.19.attn_v.weight	Vcur-19	q4_K	f32	f32	2048	512	1	1	2048	512	1	1	1152	589824	589824	8192	4194304	4194304	1	1	0	1	1
1	1788292028396072643	eager	1447	MUL_MAT	MMQ	-	blk.19.ffn_down.weight	ffn_out-19	q4_K	f32	f32	6144	2048	1	1	6144	512	1	1	3456	7077888	7077888	24576	12582912	12582912	1	1	0	1	1
1	1788292028396072643	eager	1447	MUL_MAT	MMQ	-	blk.19.ffn_gate.weight	ffn_gate-19	q4_K	f32	f32	2048	6144	1	1	2048	512	1	1	1152	7077888	7077888	8192	4194304	4194304	1	1	0	1	1
1	1788292028396072643	eager	1447	MUL_MAT	MMQ	-	blk.19.ffn_up.weight	ffn_up-19	q4_K	f32	f32	2048	6144	1	1	2048	512	1	1	1152	7077888	7077888	8192	4194304	4194304	1	1	0	1	1
1	1788292028396072643	eager	1447	MUL_MAT	MMQ	-	blk.2.attn_gate.weight	z-2	q4_K	f32	f32	2048	2048	1	1	2048	512	1	1	1152	2359296	2359296	8192	4194304	4194304	1	1	0	1	1
1	1788292028396072643	eager	1447	MUL_MAT	MMQ	-	blk.2.attn_qkv.weight	node_139	q6_K	f32	f32	2048	6144	1	1	2048	512	1	1	1680	10321920	10321920	8192	4194304	4194304	1	1	0	1	1
1	1788292028396072643	eager	1447	MUL_MAT	MMQ	-	blk.2.ffn_down.weight	ffn_out-2	q6_K	f32	f32	6144	2048	1	1	6144	512	1	1	5040	10321920	10321920	24576	12582912	12582912	1	1	0	1	1
1	1788292028396072643	eager	1447	MUL_MAT	MMQ	-	blk.2.ffn_gate.weight	ffn_gate-2	q4_K	f32	f32	2048	6144	1	1	2048	512	1	1	1152	7077888	7077888	8192	4194304	4194304	1	1	0	1	1
1	1788292028396072643	eager	1447	MUL_MAT	MMQ	-	blk.2.ffn_up.weight	ffn_up-2	q4_K	f32	f32	2048	6144	1	1	2048	512	1	1	1152	7077888	7077888	8192	4194304	4194304	1	1	0	1	1
1	1788292028396072643	eager	1447	MUL_MAT	MMQ	-	blk.2.ssm_alpha.weight	node_160	q4_K	f32	f32	2048	16	1	1	2048	512	1	1	1152	18432	18432	8192	4194304	4194304	1	1	0	1	1
1	1788292028396072643	eager	1447	MUL_MAT	MMQ	-	blk.2.ssm_beta.weight	node_166	q4_K	f32	f32	2048	16	1	1	2048	512	1	1	1152	18432	18432	8192	4194304	4194304	1	1	0	1	1
1	1788292028396072643	eager	1447	MUL_MAT	MMQ	-	blk.2.ssm_out.weight	linear_attn_out-2	q4_K	f32	f32	2048	2048	1	1	2048	512	1	1	1152	2359296	2359296	8192	4194304	4194304	1	1	0	1	1
1	1788292028396072643	eager	1447	MUL_MAT	MMQ	-	blk.20.attn_gate.weight	z-20	q4_K	f32	f32	2048	2048	1	1	2048	512	1	1	1152	2359296	2359296	8192	4194304	4194304	1	1	0	1	1
1	1788292028396072643	eager	1447	MUL_MAT	MMQ	-	blk.20.attn_qkv.weight	node_1213	q6_K	f32	f32	2048	6144	1	1	2048	512	1	1	1680	10321920	10321920	8192	4194304	4194304	1	1	0	1	1
1	1788292028396072643	eager	1447	MUL_MAT	MMQ	-	blk.20.ffn_down.weight	ffn_out-20	q6_K	f32	f32	6144	2048	1	1	6144	512	1	1	5040	10321920	10321920	24576	12582912	12582912	1	1	0	1	1
1	1788292028396072643	eager	1447	MUL_MAT	MMQ	-	blk.20.ffn_gate.weight	ffn_gate-20	q4_K	f32	f32	2048	6144	1	1	2048	512	1	1	1152	7077888	7077888	8192	4194304	4194304	1	1	0	1	1
1	1788292028396072643	eager	1447	MUL_MAT	MMQ	-	blk.20.ffn_up.weight	ffn_up-20	q4_K	f32	f32	2048	6144	1	1	2048	512	1	1	1152	7077888	7077888	8192	4194304	4194304	1	1	0	1	1
1	1788292028396072643	eager	1447	MUL_MAT	MMQ	-	blk.20.ssm_alpha.weight	node_1234	q4_K	f32	f32	2048	16	1	1	2048	512	1	1	1152	18432	18432	8192	4194304	4194304	1	1	0	1	1
1	1788292028396072643	eager	1447	MUL_MAT	MMQ	-	blk.20.ssm_beta.weight	node_1240	q4_K	f32	f32	2048	16	1	1	2048	512	1	1	1152	18432	18432	8192	4194304	4194304	1	1	0	1	1
1	1788292028396072643	eager	1447	MUL_MAT	MMQ	-	blk.20.ssm_out.weight	linear_attn_out-20	q4_K	f32	f32	2048	2048	1	1	2048	512	1	1	1152	2359296	2359296	8192	4194304	4194304	1	1	0	1	1
1	1788292028396072643	eager	1447	MUL_MAT	MMQ	-	blk.21.attn_gate.weight	z-21	q4_K	f32	f32	2048	2048	1	1	2048	512	1	1	1152	2359296	2359296	8192	4194304	4194304	1	1	0	1	1
1	1788292028396072643	eager	1447	MUL_MAT	MMQ	-	blk.21.attn_qkv.weight	node_1276	q6_K	f32	f32	2048	6144	1	1	2048	512	1	1	1680	10321920	10321920	8192	4194304	4194304	1	1	0	1	1
1	1788292028396072643	eager	1447	MUL_MAT	MMQ	-	blk.21.ffn_down.weight	ffn_out-21	q6_K	f32	f32	6144	2048	1	1	6144	512	1	1	5040	10321920	10321920	24576	12582912	12582912	1	1	0	1	1
1	1788292028396072643	eager	1447	MUL_MAT	MMQ	-	blk.21.ffn_gate.weight	ffn_gate-21	q4_K	f32	f32	2048	6144	1	1	2048	512	1	1	1152	7077888	7077888	8192	4194304	4194304	1	1	0	1	1
1	1788292028396072643	eager	1447	MUL_MAT	MMQ	-	blk.21.ffn_up.weight	ffn_up-21	q4_K	f32	f32	2048	6144	1	1	2048	512	1	1	1152	7077888	7077888	8192	4194304	4194304	1	1	0	1	1
1	1788292028396072643	eager	1447	MUL_MAT	MMQ	-	blk.21.ssm_alpha.weight	node_1297	q4_K	f32	f32	2048	16	1	1	2048	512	1	1	1152	18432	18432	8192	4194304	4194304	1	1	0	1	1
1	1788292028396072643	eager	1447	MUL_MAT	MMQ	-	blk.21.ssm_beta.weight	node_1303	q4_K	f32	f32	2048	16	1	1	2048	512	1	1	1152	18432	18432	8192	4194304	4194304	1	1	0	1	1
1	1788292028396072643	eager	1447	MUL_MAT	MMQ	-	blk.21.ssm_out.weight	linear_attn_out-21	q4_K	f32	f32	2048	2048	1	1	2048	512	1	1	1152	2359296	2359296	8192	4194304	4194304	1	1	0	1	1
1	1788292028396072643	eager	1447	MUL_MAT	MMQ	-	blk.22.attn_gate.weight	z-22	q4_K	f32	f32	2048	2048	1	1	2048	512	1	1	1152	2359296	2359296	8192	4194304	4194304	1	1	0	1	1
1	1788292028396072643	eager	1447	MUL_MAT	MMQ	-	blk.22.attn_qkv.weight	node_1339	q6_K	f32	f32	2048	6144	1	1	2048	512	1	1	1680	10321920	10321920	8192	4194304	4194304	1	1	0	1	1
1	1788292028396072643	eager	1447	MUL_MAT	MMQ	-	blk.22.ffn_down.weight	ffn_out-22	q6_K	f32	f32	6144	2048	1	1	6144	512	1	1	5040	10321920	10321920	24576	12582912	12582912	1	1	0	1	1
1	1788292028396072643	eager	1447	MUL_MAT	MMQ	-	blk.22.ffn_gate.weight	ffn_gate-22	q4_K	f32	f32	2048	6144	1	1	2048	512	1	1	1152	7077888	7077888	8192	4194304	4194304	1	1	0	1	1
1	1788292028396072643	eager	1447	MUL_MAT	MMQ	-	blk.22.ffn_up.weight	ffn_up-22	q4_K	f32	f32	2048	6144	1	1	2048	512	1	1	1152	7077888	7077888	8192	4194304	4194304	1	1	0	1	1
1	1788292028396072643	eager	1447	MUL_MAT	MMQ	-	blk.22.ssm_alpha.weight	node_1360	q4_K	f32	f32	2048	16	1	1	2048	512	1	1	1152	18432	18432	8192	4194304	4194304	1	1	0	1	1
1	1788292028396072643	eager	1447	MUL_MAT	MMQ	-	blk.22.ssm_beta.weight	node_1366	q4_K	f32	f32	2048	16	1	1	2048	512	1	1	1152	18432	18432	8192	4194304	4194304	1	1	0	1	1
1	1788292028396072643	eager	1447	MUL_MAT	MMQ	-	blk.22.ssm_out.weight	linear_attn_out-22	q4_K	f32	f32	2048	2048	1	1	2048	512	1	1	1152	2359296	2359296	8192	4194304	4194304	1	1	0	1	1
1	1788292028396072643	eager	1447	MUL_MAT	MMQ	-	blk.23.attn_k.weight	Kcur-23	q4_K	f32	f32	2048	512	1	1	2048	512	1	1	1152	589824	589824	8192	4194304	4194304	1	1	0	1	1
1	1788292028396072643	eager	1447	MUL_MAT	MMQ	-	blk.23.attn_output.weight	attn_output-23	q4_K	f32	f32	2048	2048	1	1	2048	512	1	1	1152	2359296	2359296	8192	4194304	4194304	1	1	0	1	1
1	1788292028396072643	eager	1447	MUL_MAT	MMQ	-	blk.23.attn_q.weight	Qcur_full-23	q4_K	f32	f32	2048	4096	1	1	2048	512	1	1	1152	4718592	4718592	8192	4194304	4194304	1	1	0	1	1
1	1788292028396072643	eager	1447	MUL_MAT	MMQ	-	blk.23.attn_v.weight	Vcur-23	q6_K	f32	f32	2048	512	1	1	2048	512	1	1	1680	860160	860160	8192	4194304	4194304	1	1	0	1	1
1	1788292028396072643	eager	1447	MUL_MAT	MMQ	-	blk.23.ffn_down.weight	ffn_out-23	q6_K	f32	f32	6144	2048	1	1	6144	512	1	1	5040	10321920	10321920	24576	12582912	12582912	1	1	0	1	1
1	1788292028396072643	eager	1447	MUL_MAT	MMQ	-	blk.23.ffn_gate.weight	ffn_gate-23	q4_K	f32	f32	2048	6144	1	1	2048	512	1	1	1152	7077888	7077888	8192	4194304	4194304	1	1	0	1	1
1	1788292028396072643	eager	1447	MUL_MAT	MMQ	-	blk.23.ffn_up.weight	ffn_up-23	q4_K	f32	f32	2048	6144	1	1	2048	512	1	1	1152	7077888	7077888	8192	4194304	4194304	1	1	0	1	1
1	1788292028396072643	eager	1447	MUL_MAT	MMQ	-	blk.3.attn_k.weight	Kcur-3	q4_K	f32	f32	2048	512	1	1	2048	512	1	1	1152	589824	589824	8192	4194304	4194304	1	1	0	1	1
1	1788292028396072643	eager	1447	MUL_MAT	MMQ	-	blk.3.attn_output.weight	attn_output-3	q4_K	f32	f32	2048	2048	1	1	2048	512	1	1	1152	2359296	2359296	8192	4194304	4194304	1	1	0	1	1
1	1788292028396072643	eager	1447	MUL_MAT	MMQ	-	blk.3.attn_q.weight	Qcur_full-3	q4_K	f32	f32	2048	4096	1	1	2048	512	1	1	1152	4718592	4718592	8192	4194304	4194304	1	1	0	1	1
1	1788292028396072643	eager	1447	MUL_MAT	MMQ	-	blk.3.attn_v.weight	Vcur-3	q4_K	f32	f32	2048	512	1	1	2048	512	1	1	1152	589824	589824	8192	4194304	4194304	1	1	0	1	1
1	1788292028396072643	eager	1447	MUL_MAT	MMQ	-	blk.3.ffn_down.weight	ffn_out-3	q4_K	f32	f32	6144	2048	1	1	6144	512	1	1	3456	7077888	7077888	24576	12582912	12582912	1	1	0	1	1
1	1788292028396072643	eager	1447	MUL_MAT	MMQ	-	blk.3.ffn_gate.weight	ffn_gate-3	q4_K	f32	f32	2048	6144	1	1	2048	512	1	1	1152	7077888	7077888	8192	4194304	4194304	1	1	0	1	1
1	1788292028396072643	eager	1447	MUL_MAT	MMQ	-	blk.3.ffn_up.weight	ffn_up-3	q4_K	f32	f32	2048	6144	1	1	2048	512	1	1	1152	7077888	7077888	8192	4194304	4194304	1	1	0	1	1
1	1788292028396072643	eager	1447	MUL_MAT	MMQ	-	blk.4.attn_gate.weight	z-4	q4_K	f32	f32	2048	2048	1	1	2048	512	1	1	1152	2359296	2359296	8192	4194304	4194304	1	1	0	1	1
1	1788292028396072643	eager	1447	MUL_MAT	MMQ	-	blk.4.attn_qkv.weight	node_253	q4_K	f32	f32	2048	6144	1	1	2048	512	1	1	1152	7077888	7077888	8192	4194304	4194304	1	1	0	1	1
1	1788292028396072643	eager	1447	MUL_MAT	MMQ	-	blk.4.ffn_down.weight	ffn_out-4	q4_K	f32	f32	6144	2048	1	1	6144	512	1	1	3456	7077888	7077888	24576	12582912	12582912	1	1	0	1	1
1	1788292028396072643	eager	1447	MUL_MAT	MMQ	-	blk.4.ffn_gate.weight	ffn_gate-4	q4_K	f32	f32	2048	6144	1	1	2048	512	1	1	1152	7077888	7077888	8192	4194304	4194304	1	1	0	1	1
1	1788292028396072643	eager	1447	MUL_MAT	MMQ	-	blk.4.ffn_up.weight	ffn_up-4	q4_K	f32	f32	2048	6144	1	1	2048	512	1	1	1152	7077888	7077888	8192	4194304	4194304	1	1	0	1	1
1	1788292028396072643	eager	1447	MUL_MAT	MMQ	-	blk.4.ssm_alpha.weight	node_274	q4_K	f32	f32	2048	16	1	1	2048	512	1	1	1152	18432	18432	8192	4194304	4194304	1	1	0	1	1
1	1788292028396072643	eager	1447	MUL_MAT	MMQ	-	blk.4.ssm_beta.weight	node_280	q4_K	f32	f32	2048	16	1	1	2048	512	1	1	1152	18432	18432	8192	4194304	4194304	1	1	0	1	1
1	1788292028396072643	eager	1447	MUL_MAT	MMQ	-	blk.4.ssm_out.weight	linear_attn_out-4	q4_K	f32	f32	2048	2048	1	1	2048	512	1	1	1152	2359296	2359296	8192	4194304	4194304	1	1	0	1	1
1	1788292028396072643	eager	1447	MUL_MAT	MMQ	-	blk.5.attn_gate.weight	z-5	q4_K	f32	f32	2048	2048	1	1	2048	512	1	1	1152	2359296	2359296	8192	4194304	4194304	1	1	0	1	1
1	1788292028396072643	eager	1447	MUL_MAT	MMQ	-	blk.5.attn_qkv.weight	node_316	q6_K	f32	f32	2048	6144	1	1	2048	512	1	1	1680	10321920	10321920	8192	4194304	4194304	1	1	0	1	1
1	1788292028396072643	eager	1447	MUL_MAT	MMQ	-	blk.5.ffn_down.weight	ffn_out-5	q6_K	f32	f32	6144	2048	1	1	6144	512	1	1	5040	10321920	10321920	24576	12582912	12582912	1	1	0	1	1
1	1788292028396072643	eager	1447	MUL_MAT	MMQ	-	blk.5.ffn_gate.weight	ffn_gate-5	q4_K	f32	f32	2048	6144	1	1	2048	512	1	1	1152	7077888	7077888	8192	4194304	4194304	1	1	0	1	1
1	1788292028396072643	eager	1447	MUL_MAT	MMQ	-	blk.5.ffn_up.weight	ffn_up-5	q4_K	f32	f32	2048	6144	1	1	2048	512	1	1	1152	7077888	7077888	8192	4194304	4194304	1	1	0	1	1
1	1788292028396072643	eager	1447	MUL_MAT	MMQ	-	blk.5.ssm_alpha.weight	node_337	q4_K	f32	f32	2048	16	1	1	2048	512	1	1	1152	18432	18432	8192	4194304	4194304	1	1	0	1	1
1	1788292028396072643	eager	1447	MUL_MAT	MMQ	-	blk.5.ssm_beta.weight	node_343	q4_K	f32	f32	2048	16	1	1	2048	512	1	1	1152	18432	18432	8192	4194304	4194304	1	1	0	1	1
1	1788292028396072643	eager	1447	MUL_MAT	MMQ	-	blk.5.ssm_out.weight	linear_attn_out-5	q4_K	f32	f32	2048	2048	1	1	2048	512	1	1	1152	2359296	2359296	8192	4194304	4194304	1	1	0	1	1
1	1788292028396072643	eager	1447	MUL_MAT	MMQ	-	blk.6.attn_gate.weight	z-6	q4_K	f32	f32	2048	2048	1	1	2048	512	1	1	1152	2359296	2359296	8192	4194304	4194304	1	1	0	1	1
1	1788292028396072643	eager	1447	MUL_MAT	MMQ	-	blk.6.attn_qkv.weight	node_379	q4_K	f32	f32	2048	6144	1	1	2048	512	1	1	1152	7077888	7077888	8192	4194304	4194304	1	1	0	1	1
1	1788292028396072643	eager	1447	MUL_MAT	MMQ	-	blk.6.ffn_down.weight	ffn_out-6	q4_K	f32	f32	6144	2048	1	1	6144	512	1	1	3456	7077888	7077888	24576	12582912	12582912	1	1	0	1	1
1	1788292028396072643	eager	1447	MUL_MAT	MMQ	-	blk.6.ffn_gate.weight	ffn_gate-6	q4_K	f32	f32	2048	6144	1	1	2048	512	1	1	1152	7077888	7077888	8192	4194304	4194304	1	1	0	1	1
1	1788292028396072643	eager	1447	MUL_MAT	MMQ	-	blk.6.ffn_up.weight	ffn_up-6	q4_K	f32	f32	2048	6144	1	1	2048	512	1	1	1152	7077888	7077888	8192	4194304	4194304	1	1	0	1	1
1	1788292028396072643	eager	1447	MUL_MAT	MMQ	-	blk.6.ssm_alpha.weight	node_400	q4_K	f32	f32	2048	16	1	1	2048	512	1	1	1152	18432	18432	8192	4194304	4194304	1	1	0	1	1
1	1788292028396072643	eager	1447	MUL_MAT	MMQ	-	blk.6.ssm_beta.weight	node_406	q4_K	f32	f32	2048	16	1	1	2048	512	1	1	1152	18432	18432	8192	4194304	4194304	1	1	0	1	1
1	1788292028396072643	eager	1447	MUL_MAT	MMQ	-	blk.6.ssm_out.weight	linear_attn_out-6	q4_K	f32	f32	2048	2048	1	1	2048	512	1	1	1152	2359296	2359296	8192	4194304	4194304	1	1	0	1	1
1	1788292028396072643	eager	1447	MUL_MAT	MMQ	-	blk.7.attn_k.weight	Kcur-7	q4_K	f32	f32	2048	512	1	1	2048	512	1	1	1152	589824	589824	8192	4194304	4194304	1	1	0	1	1
1	1788292028396072643	eager	1447	MUL_MAT	MMQ	-	blk.7.attn_output.weight	attn_output-7	q4_K	f32	f32	2048	2048	1	1	2048	512	1	1	1152	2359296	2359296	8192	4194304	4194304	1	1	0	1	1
1	1788292028396072643	eager	1447	MUL_MAT	MMQ	-	blk.7.attn_q.weight	Qcur_full-7	q4_K	f32	f32	2048	4096	1	1	2048	512	1	1	1152	4718592	4718592	8192	4194304	4194304	1	1	0	1	1
1	1788292028396072643	eager	1447	MUL_MAT	MMQ	-	blk.7.attn_v.weight	Vcur-7	q4_K	f32	f32	2048	512	1	1	2048	512	1	1	1152	589824	589824	8192	4194304	4194304	1	1	0	1	1
1	1788292028396072643	eager	1447	MUL_MAT	MMQ	-	blk.7.ffn_down.weight	ffn_out-7	q4_K	f32	f32	6144	2048	1	1	6144	512	1	1	3456	7077888	7077888	24576	12582912	12582912	1	1	0	1	1
1	1788292028396072643	eager	1447	MUL_MAT	MMQ	-	blk.7.ffn_gate.weight	ffn_gate-7	q4_K	f32	f32	2048	6144	1	1	2048	512	1	1	1152	7077888	7077888	8192	4194304	4194304	1	1	0	1	1
1	1788292028396072643	eager	1447	MUL_MAT	MMQ	-	blk.7.ffn_up.weight	ffn_up-7	q4_K	f32	f32	2048	6144	1	1	2048	512	1	1	1152	7077888	7077888	8192	4194304	4194304	1	1	0	1	1
1	1788292028396072643	eager	1447	MUL_MAT	MMQ	-	blk.8.attn_gate.weight	z-8	q4_K	f32	f32	2048	2048	1	1	2048	512	1	1	1152	2359296	2359296	8192	4194304	4194304	1	1	0	1	1
1	1788292028396072643	eager	1447	MUL_MAT	MMQ	-	blk.8.attn_qkv.weight	node_493	q6_K	f32	f32	2048	6144	1	1	2048	512	1	1	1680	10321920	10321920	8192	4194304	4194304	1	1	0	1	1
1	1788292028396072643	eager	1447	MUL_MAT	MMQ	-	blk.8.ffn_down.weight	ffn_out-8	q6_K	f32	f32	6144	2048	1	1	6144	512	1	1	5040	10321920	10321920	24576	12582912	12582912	1	1	0	1	1
1	1788292028396072643	eager	1447	MUL_MAT	MMQ	-	blk.8.ffn_gate.weight	ffn_gate-8	q4_K	f32	f32	2048	6144	1	1	2048	512	1	1	1152	7077888	7077888	8192	4194304	4194304	1	1	0	1	1
1	1788292028396072643	eager	1447	MUL_MAT	MMQ	-	blk.8.ffn_up.weight	ffn_up-8	q4_K	f32	f32	2048	6144	1	1	2048	512	1	1	1152	7077888	7077888	8192	4194304	4194304	1	1	0	1	1
1	1788292028396072643	eager	1447	MUL_MAT	MMQ	-	blk.8.ssm_alpha.weight	node_514	q4_K	f32	f32	2048	16	1	1	2048	512	1	1	1152	18432	18432	8192	4194304	4194304	1	1	0	1	1
1	1788292028396072643	eager	1447	MUL_MAT	MMQ	-	blk.8.ssm_beta.weight	node_520	q4_K	f32	f32	2048	16	1	1	2048	512	1	1	1152	18432	18432	8192	4194304	4194304	1	1	0	1	1
1	1788292028396072643	eager	1447	MUL_MAT	MMQ	-	blk.8.ssm_out.weight	linear_attn_out-8	q4_K	f32	f32	2048	2048	1	1	2048	512	1	1	1152	2359296	2359296	8192	4194304	4194304	1	1	0	1	1
1	1788292028396072643	eager	1447	MUL_MAT	MMQ	-	blk.9.attn_gate.weight	z-9	q4_K	f32	f32	2048	2048	1	1	2048	512	1	1	1152	2359296	2359296	8192	4194304	4194304	1	1	0	1	1
1	1788292028396072643	eager	1447	MUL_MAT	MMQ	-	blk.9.attn_qkv.weight	node_556	q4_K	f32	f32	2048	6144	1	1	2048	512	1	1	1152	7077888	7077888	8192	4194304	4194304	1	1	0	1	1
1	1788292028396072643	eager	1447	MUL_MAT	MMQ	-	blk.9.ffn_down.weight	ffn_out-9	q4_K	f32	f32	6144	2048	1	1	6144	512	1	1	3456	7077888	7077888	24576	12582912	12582912	1	1	0	1	1
1	1788292028396072643	eager	1447	MUL_MAT	MMQ	-	blk.9.ffn_gate.weight	ffn_gate-9	q4_K	f32	f32	2048	6144	1	1	2048	512	1	1	1152	7077888	7077888	8192	4194304	4194304	1	1	0	1	1
1	1788292028396072643	eager	1447	MUL_MAT	MMQ	-	blk.9.ffn_up.weight	ffn_up-9	q4_K	f32	f32	2048	6144	1	1	2048	512	1	1	1152	7077888	7077888	8192	4194304	4194304	1	1	0	1	1
1	1788292028396072643	eager	1447	MUL_MAT	MMQ	-	blk.9.ssm_alpha.weight	node_577	q4_K	f32	f32	2048	16	1	1	2048	512	1	1	1152	18432	18432	8192	4194304	4194304	1	1	0	1	1
1	1788292028396072643	eager	1447	MUL_MAT	MMQ	-	blk.9.ssm_beta.weight	node_583	q4_K	f32	f32	2048	16	1	1	2048	512	1	1	1152	18432	18432	8192	4194304	4194304	1	1	0	1	1
1	1788292028396072643	eager	1447	MUL_MAT	MMQ	-	blk.9.ssm_out.weight	linear_attn_out-9	q4_K	f32	f32	2048	2048	1	1	2048	512	1	1	1152	2359296	2359296	8192	4194304	4194304	1	1	0	1	1
1	1788292028396072643	eager	1447	MUL_MAT	MMVQ	-	token_embd.weight	result_output	q6_K	f32	f32	2048	248320	1	1	2048	1	1	1	1680	417177600	417177600	8192	8192	8192	1	1	0	1	1
2	1788292028441889093	eager	1447	MUL_MAT	MMVQ	-	blk.0.attn_gate.weight	z-0	q4_K	f32	f32	2048	2048	1	1	2048	1	1	1	1152	2359296	2359296	8192	8192	8192	1	1	0	1	1
2	1788292028441889093	eager	1447	MUL_MAT	MMVQ	-	blk.0.attn_qkv.weight	node_13	q6_K	f32	f32	2048	6144	1	1	2048	1	1	1	1680	10321920	10321920	8192	8192	8192	1	1	0	1	1
2	1788292028441889093	eager	1447	MUL_MAT	MMVQ	-	blk.0.ssm_alpha.weight	node_34	q4_K	f32	f32	2048	16	1	1	2048	1	1	1	1152	18432	18432	8192	8192	8192	1	1	0	1	1
2	1788292028441889093	eager	1447	MUL_MAT	MMVQ	-	blk.0.ssm_beta.weight	node_40	q4_K	f32	f32	2048	16	1	1	2048	1	1	1	1152	18432	18432	8192	8192	8192	1	1	0	1	1
2	1788292028441889093	eager	1447	MUL_MAT	MMVQ	-	blk.0.ssm_out.weight	linear_attn_out-0	q4_K	f32	f32	2048	2048	1	1	2048	1	1	1	1152	2359296	2359296	8192	8192	8192	1	1	0	1	1
2	1788292028441889093	eager	1447	MUL_MAT	MMVQ	-	blk.1.attn_gate.weight	z-1	q4_K	f32	f32	2048	2048	1	1	2048	1	1	1	1152	2359296	2359296	8192	8192	8192	1	1	0	1	1
2	1788292028441889093	eager	1447	MUL_MAT	MMVQ	-	blk.1.attn_qkv.weight	node_76	q6_K	f32	f32	2048	6144	1	1	2048	1	1	1	1680	10321920	10321920	8192	8192	8192	1	1	0	1	1
2	1788292028441889093	eager	1447	MUL_MAT	MMVQ	-	blk.1.ssm_alpha.weight	node_97	q4_K	f32	f32	2048	16	1	1	2048	1	1	1	1152	18432	18432	8192	8192	8192	1	1	0	1	1
2	1788292028441889093	eager	1447	MUL_MAT	MMVQ	-	blk.1.ssm_beta.weight	node_103	q4_K	f32	f32	2048	16	1	1	2048	1	1	1	1152	18432	18432	8192	8192	8192	1	1	0	1	1
2	1788292028441889093	eager	1447	MUL_MAT	MMVQ	-	blk.1.ssm_out.weight	linear_attn_out-1	q4_K	f32	f32	2048	2048	1	1	2048	1	1	1	1152	2359296	2359296	8192	8192	8192	1	1	0	1	1
2	1788292028441889093	eager	1447	MUL_MAT	MMVQ	-	blk.10.attn_gate.weight	z-10	q4_K	f32	f32	2048	2048	1	1	2048	1	1	1	1152	2359296	2359296	8192	8192	8192	1	1	0	1	1
2	1788292028441889093	eager	1447	MUL_MAT	MMVQ	-	blk.10.attn_qkv.weight	node_619	q4_K	f32	f32	2048	6144	1	1	2048	1	1	1	1152	7077888	7077888	8192	8192	8192	1	1	0	1	1
2	1788292028441889093	eager	1447	MUL_MAT	MMVQ	-	blk.10.ssm_alpha.weight	node_640	q4_K	f32	f32	2048	16	1	1	2048	1	1	1	1152	18432	18432	8192	8192	8192	1	1	0	1	1
2	1788292028441889093	eager	1447	MUL_MAT	MMVQ	-	blk.10.ssm_beta.weight	node_646	q4_K	f32	f32	2048	16	1	1	2048	1	1	1	1152	18432	18432	8192	8192	8192	1	1	0	1	1
2	1788292028441889093	eager	1447	MUL_MAT	MMVQ	-	blk.10.ssm_out.weight	linear_attn_out-10	q4_K	f32	f32	2048	2048	1	1	2048	1	1	1	1152	2359296	2359296	8192	8192	8192	1	1	0	1	1
2	1788292028441889093	eager	1447	MUL_MAT	MMVQ	-	blk.11.attn_k.weight	Kcur-11	q4_K	f32	f32	2048	512	1	1	2048	1	1	1	1152	589824	589824	8192	8192	8192	1	1	0	1	1
2	1788292028441889093	eager	1447	MUL_MAT	MMVQ	-	blk.11.attn_q.weight	Qcur_full-11	q4_K	f32	f32	2048	4096	1	1	2048	1	1	1	1152	4718592	4718592	8192	8192	8192	1	1	0	1	1
2	1788292028441889093	eager	1447	MUL_MAT	MMVQ	-	blk.11.attn_v.weight	Vcur-11	q6_K	f32	f32	2048	512	1	1	2048	1	1	1	1680	860160	860160	8192	8192	8192	1	1	0	1	1
2	1788292028441889093	eager	1447	MUL_MAT	MMVQ	-	blk.12.attn_gate.weight	z-12	q4_K	f32	f32	2048	2048	1	1	2048	1	1	1	1152	2359296	2359296	8192	8192	8192	1	1	0	1	1
2	1788292028441889093	eager	1447	MUL_MAT	MMVQ	-	blk.12.attn_qkv.weight	node_733	q4_K	f32	f32	2048	6144	1	1	2048	1	1	1	1152	7077888	7077888	8192	8192	8192	1	1	0	1	1
2	1788292028441889093	eager	1447	MUL_MAT	MMVQ	-	blk.12.ssm_alpha.weight	node_754	q4_K	f32	f32	2048	16	1	1	2048	1	1	1	1152	18432	18432	8192	8192	8192	1	1	0	1	1
2	1788292028441889093	eager	1447	MUL_MAT	MMVQ	-	blk.12.ssm_beta.weight	node_760	q4_K	f32	f32	2048	16	1	1	2048	1	1	1	1152	18432	18432	8192	8192	8192	1	1	0	1	1
2	1788292028441889093	eager	1447	MUL_MAT	MMVQ	-	blk.12.ssm_out.weight	linear_attn_out-12	q4_K	f32	f32	2048	2048	1	1	2048	1	1	1	1152	2359296	2359296	8192	8192	8192	1	1	0	1	1
2	1788292028441889093	eager	1447	MUL_MAT	MMVQ	-	blk.13.attn_gate.weight	z-13	q4_K	f32	f32	2048	2048	1	1	2048	1	1	1	1152	2359296	2359296	8192	8192	8192	1	1	0	1	1
2	1788292028441889093	eager	1447	MUL_MAT	MMVQ	-	blk.13.attn_qkv.weight	node_796	q4_K	f32	f32	2048	6144	1	1	2048	1	1	1	1152	7077888	7077888	8192	8192	8192	1	1	0	1	1
2	1788292028441889093	eager	1447	MUL_MAT	MMVQ	-	blk.13.ssm_alpha.weight	node_817	q4_K	f32	f32	2048	16	1	1	2048	1	1	1	1152	18432	18432	8192	8192	8192	1	1	0	1	1
2	1788292028441889093	eager	1447	MUL_MAT	MMVQ	-	blk.13.ssm_beta.weight	node_823	q4_K	f32	f32	2048	16	1	1	2048	1	1	1	1152	18432	18432	8192	8192	8192	1	1	0	1	1
2	1788292028441889093	eager	1447	MUL_MAT	MMVQ	-	blk.13.ssm_out.weight	linear_attn_out-13	q4_K	f32	f32	2048	2048	1	1	2048	1	1	1	1152	2359296	2359296	8192	8192	8192	1	1	0	1	1
2	1788292028441889093	eager	1447	MUL_MAT	MMVQ	-	blk.14.attn_gate.weight	z-14	q4_K	f32	f32	2048	2048	1	1	2048	1	1	1	1152	2359296	2359296	8192	8192	8192	1	1	0	1	1
2	1788292028441889093	eager	1447	MUL_MAT	MMVQ	-	blk.14.attn_qkv.weight	node_859	q6_K	f32	f32	2048	6144	1	1	2048	1	1	1	1680	10321920	10321920	8192	8192	8192	1	1	0	1	1
2	1788292028441889093	eager	1447	MUL_MAT	MMVQ	-	blk.14.ssm_alpha.weight	node_880	q4_K	f32	f32	2048	16	1	1	2048	1	1	1	1152	18432	18432	8192	8192	8192	1	1	0	1	1
2	1788292028441889093	eager	1447	MUL_MAT	MMVQ	-	blk.14.ssm_beta.weight	node_886	q4_K	f32	f32	2048	16	1	1	2048	1	1	1	1152	18432	18432	8192	8192	8192	1	1	0	1	1
2	1788292028441889093	eager	1447	MUL_MAT	MMVQ	-	blk.14.ssm_out.weight	linear_attn_out-14	q4_K	f32	f32	2048	2048	1	1	2048	1	1	1	1152	2359296	2359296	8192	8192	8192	1	1	0	1	1
2	1788292028441889093	eager	1447	MUL_MAT	MMVQ	-	blk.15.attn_k.weight	Kcur-15	q4_K	f32	f32	2048	512	1	1	2048	1	1	1	1152	589824	589824	8192	8192	8192	1	1	0	1	1
2	1788292028441889093	eager	1447	MUL_MAT	MMVQ	-	blk.15.attn_q.weight	Qcur_full-15	q4_K	f32	f32	2048	4096	1	1	2048	1	1	1	1152	4718592	4718592	8192	8192	8192	1	1	0	1	1
2	1788292028441889093	eager	1447	MUL_MAT	MMVQ	-	blk.15.attn_v.weight	Vcur-15	q4_K	f32	f32	2048	512	1	1	2048	1	1	1	1152	589824	589824	8192	8192	8192	1	1	0	1	1
2	1788292028441889093	eager	1447	MUL_MAT	MMVQ	-	blk.16.attn_gate.weight	z-16	q4_K	f32	f32	2048	2048	1	1	2048	1	1	1	1152	2359296	2359296	8192	8192	8192	1	1	0	1	1
2	1788292028441889093	eager	1447	MUL_MAT	MMVQ	-	blk.16.attn_qkv.weight	node_973	q4_K	f32	f32	2048	6144	1	1	2048	1	1	1	1152	7077888	7077888	8192	8192	8192	1	1	0	1	1
2	1788292028441889093	eager	1447	MUL_MAT	MMVQ	-	blk.16.ssm_alpha.weight	node_994	q4_K	f32	f32	2048	16	1	1	2048	1	1	1	1152	18432	18432	8192	8192	8192	1	1	0	1	1
2	1788292028441889093	eager	1447	MUL_MAT	MMVQ	-	blk.16.ssm_beta.weight	node_1000	q4_K	f32	f32	2048	16	1	1	2048	1	1	1	1152	18432	18432	8192	8192	8192	1	1	0	1	1
2	1788292028441889093	eager	1447	MUL_MAT	MMVQ	-	blk.16.ssm_out.weight	linear_attn_out-16	q4_K	f32	f32	2048	2048	1	1	2048	1	1	1	1152	2359296	2359296	8192	8192	8192	1	1	0	1	1
2	1788292028441889093	eager	1447	MUL_MAT	MMVQ	-	blk.17.attn_gate.weight	z-17	q4_K	f32	f32	2048	2048	1	1	2048	1	1	1	1152	2359296	2359296	8192	8192	8192	1	1	0	1	1
2	1788292028441889093	eager	1447	MUL_MAT	MMVQ	-	blk.17.attn_qkv.weight	node_1036	q6_K	f32	f32	2048	6144	1	1	2048	1	1	1	1680	10321920	10321920	8192	8192	8192	1	1	0	1	1
2	1788292028441889093	eager	1447	MUL_MAT	MMVQ	-	blk.17.ssm_alpha.weight	node_1057	q4_K	f32	f32	2048	16	1	1	2048	1	1	1	1152	18432	18432	8192	8192	8192	1	1	0	1	1
2	1788292028441889093	eager	1447	MUL_MAT	MMVQ	-	blk.17.ssm_beta.weight	node_1063	q4_K	f32	f32	2048	16	1	1	2048	1	1	1	1152	18432	18432	8192	8192	8192	1	1	0	1	1
2	1788292028441889093	eager	1447	MUL_MAT	MMVQ	-	blk.17.ssm_out.weight	linear_attn_out-17	q4_K	f32	f32	2048	2048	1	1	2048	1	1	1	1152	2359296	2359296	8192	8192	8192	1	1	0	1	1
2	1788292028441889093	eager	1447	MUL_MAT	MMVQ	-	blk.18.attn_gate.weight	z-18	q4_K	f32	f32	2048	2048	1	1	2048	1	1	1	1152	2359296	2359296	8192	8192	8192	1	1	0	1	1
2	1788292028441889093	eager	1447	MUL_MAT	MMVQ	-	blk.18.attn_qkv.weight	node_1099	q4_K	f32	f32	2048	6144	1	1	2048	1	1	1	1152	7077888	7077888	8192	8192	8192	1	1	0	1	1
2	1788292028441889093	eager	1447	MUL_MAT	MMVQ	-	blk.18.ssm_alpha.weight	node_1120	q4_K	f32	f32	2048	16	1	1	2048	1	1	1	1152	18432	18432	8192	8192	8192	1	1	0	1	1
2	1788292028441889093	eager	1447	MUL_MAT	MMVQ	-	blk.18.ssm_beta.weight	node_1126	q4_K	f32	f32	2048	16	1	1	2048	1	1	1	1152	18432	18432	8192	8192	8192	1	1	0	1	1
2	1788292028441889093	eager	1447	MUL_MAT	MMVQ	-	blk.18.ssm_out.weight	linear_attn_out-18	q4_K	f32	f32	2048	2048	1	1	2048	1	1	1	1152	2359296	2359296	8192	8192	8192	1	1	0	1	1
2	1788292028441889093	eager	1447	MUL_MAT	MMVQ	-	blk.19.attn_k.weight	Kcur-19	q4_K	f32	f32	2048	512	1	1	2048	1	1	1	1152	589824	589824	8192	8192	8192	1	1	0	1	1
2	1788292028441889093	eager	1447	MUL_MAT	MMVQ	-	blk.19.attn_q.weight	Qcur_full-19	q4_K	f32	f32	2048	4096	1	1	2048	1	1	1	1152	4718592	4718592	8192	8192	8192	1	1	0	1	1
2	1788292028441889093	eager	1447	MUL_MAT	MMVQ	-	blk.19.attn_v.weight	Vcur-19	q4_K	f32	f32	2048	512	1	1	2048	1	1	1	1152	589824	589824	8192	8192	8192	1	1	0	1	1
2	1788292028441889093	eager	1447	MUL_MAT	MMVQ	-	blk.2.attn_gate.weight	z-2	q4_K	f32	f32	2048	2048	1	1	2048	1	1	1	1152	2359296	2359296	8192	8192	8192	1	1	0	1	1
2	1788292028441889093	eager	1447	MUL_MAT	MMVQ	-	blk.2.attn_qkv.weight	node_139	q6_K	f32	f32	2048	6144	1	1	2048	1	1	1	1680	10321920	10321920	8192	8192	8192	1	1	0	1	1
2	1788292028441889093	eager	1447	MUL_MAT	MMVQ	-	blk.2.ssm_alpha.weight	node_160	q4_K	f32	f32	2048	16	1	1	2048	1	1	1	1152	18432	18432	8192	8192	8192	1	1	0	1	1
2	1788292028441889093	eager	1447	MUL_MAT	MMVQ	-	blk.2.ssm_beta.weight	node_166	q4_K	f32	f32	2048	16	1	1	2048	1	1	1	1152	18432	18432	8192	8192	8192	1	1	0	1	1
2	1788292028441889093	eager	1447	MUL_MAT	MMVQ	-	blk.2.ssm_out.weight	linear_attn_out-2	q4_K	f32	f32	2048	2048	1	1	2048	1	1	1	1152	2359296	2359296	8192	8192	8192	1	1	0	1	1
2	1788292028441889093	eager	1447	MUL_MAT	MMVQ	-	blk.20.attn_gate.weight	z-20	q4_K	f32	f32	2048	2048	1	1	2048	1	1	1	1152	2359296	2359296	8192	8192	8192	1	1	0	1	1
2	1788292028441889093	eager	1447	MUL_MAT	MMVQ	-	blk.20.attn_qkv.weight	node_1213	q6_K	f32	f32	2048	6144	1	1	2048	1	1	1	1680	10321920	10321920	8192	8192	8192	1	1	0	1	1
2	1788292028441889093	eager	1447	MUL_MAT	MMVQ	-	blk.20.ssm_alpha.weight	node_1234	q4_K	f32	f32	2048	16	1	1	2048	1	1	1	1152	18432	18432	8192	8192	8192	1	1	0	1	1
2	1788292028441889093	eager	1447	MUL_MAT	MMVQ	-	blk.20.ssm_beta.weight	node_1240	q4_K	f32	f32	2048	16	1	1	2048	1	1	1	1152	18432	18432	8192	8192	8192	1	1	0	1	1
2	1788292028441889093	eager	1447	MUL_MAT	MMVQ	-	blk.20.ssm_out.weight	linear_attn_out-20	q4_K	f32	f32	2048	2048	1	1	2048	1	1	1	1152	2359296	2359296	8192	8192	8192	1	1	0	1	1
2	1788292028441889093	eager	1447	MUL_MAT	MMVQ	-	blk.21.attn_gate.weight	z-21	q4_K	f32	f32	2048	2048	1	1	2048	1	1	1	1152	2359296	2359296	8192	8192	8192	1	1	0	1	1
2	1788292028441889093	eager	1447	MUL_MAT	MMVQ	-	blk.21.attn_qkv.weight	node_1276	q6_K	f32	f32	2048	6144	1	1	2048	1	1	1	1680	10321920	10321920	8192	8192	8192	1	1	0	1	1
2	1788292028441889093	eager	1447	MUL_MAT	MMVQ	-	blk.21.ssm_alpha.weight	node_1297	q4_K	f32	f32	2048	16	1	1	2048	1	1	1	1152	18432	18432	8192	8192	8192	1	1	0	1	1
2	1788292028441889093	eager	1447	MUL_MAT	MMVQ	-	blk.21.ssm_beta.weight	node_1303	q4_K	f32	f32	2048	16	1	1	2048	1	1	1	1152	18432	18432	8192	8192	8192	1	1	0	1	1
2	1788292028441889093	eager	1447	MUL_MAT	MMVQ	-	blk.21.ssm_out.weight	linear_attn_out-21	q4_K	f32	f32	2048	2048	1	1	2048	1	1	1	1152	2359296	2359296	8192	8192	8192	1	1	0	1	1
2	1788292028441889093	eager	1447	MUL_MAT	MMVQ	-	blk.22.attn_gate.weight	z-22	q4_K	f32	f32	2048	2048	1	1	2048	1	1	1	1152	2359296	2359296	8192	8192	8192	1	1	0	1	1
2	1788292028441889093	eager	1447	MUL_MAT	MMVQ	-	blk.22.attn_qkv.weight	node_1339	q6_K	f32	f32	2048	6144	1	1	2048	1	1	1	1680	10321920	10321920	8192	8192	8192	1	1	0	1	1
2	1788292028441889093	eager	1447	MUL_MAT	MMVQ	-	blk.22.ssm_alpha.weight	node_1360	q4_K	f32	f32	2048	16	1	1	2048	1	1	1	1152	18432	18432	8192	8192	8192	1	1	0	1	1
2	1788292028441889093	eager	1447	MUL_MAT	MMVQ	-	blk.22.ssm_beta.weight	node_1366	q4_K	f32	f32	2048	16	1	1	2048	1	1	1	1152	18432	18432	8192	8192	8192	1	1	0	1	1
2	1788292028441889093	eager	1447	MUL_MAT	MMVQ	-	blk.22.ssm_out.weight	linear_attn_out-22	q4_K	f32	f32	2048	2048	1	1	2048	1	1	1	1152	2359296	2359296	8192	8192	8192	1	1	0	1	1
2	1788292028441889093	eager	1447	MUL_MAT	MMVQ	-	blk.23.attn_k.weight	Kcur-23	q4_K	f32	f32	2048	512	1	1	2048	1	1	1	1152	589824	589824	8192	8192	8192	1	1	0	1	1
2	1788292028441889093	eager	1447	MUL_MAT	MMVQ	-	blk.23.attn_q.weight	Qcur_full-23	q4_K	f32	f32	2048	4096	1	1	2048	1	1	1	1152	4718592	4718592	8192	8192	8192	1	1	0	1	1
2	1788292028441889093	eager	1447	MUL_MAT	MMVQ	-	blk.23.attn_v.weight	Vcur-23	q6_K	f32	f32	2048	512	1	1	2048	1	1	1	1680	860160	860160	8192	8192	8192	1	1	0	1	1
2	1788292028441889093	eager	1447	MUL_MAT	MMVQ	-	blk.3.attn_k.weight	Kcur-3	q4_K	f32	f32	2048	512	1	1	2048	1	1	1	1152	589824	589824	8192	8192	8192	1	1	0	1	1
2	1788292028441889093	eager	1447	MUL_MAT	MMVQ	-	blk.3.attn_q.weight	Qcur_full-3	q4_K	f32	f32	2048	4096	1	1	2048	1	1	1	1152	4718592	4718592	8192	8192	8192	1	1	0	1	1
2	1788292028441889093	eager	1447	MUL_MAT	MMVQ	-	blk.3.attn_v.weight	Vcur-3	q4_K	f32	f32	2048	512	1	1	2048	1	1	1	1152	589824	589824	8192	8192	8192	1	1	0	1	1
2	1788292028441889093	eager	1447	MUL_MAT	MMVQ	-	blk.4.attn_gate.weight	z-4	q4_K	f32	f32	2048	2048	1	1	2048	1	1	1	1152	2359296	2359296	8192	8192	8192	1	1	0	1	1
2	1788292028441889093	eager	1447	MUL_MAT	MMVQ	-	blk.4.attn_qkv.weight	node_253	q4_K	f32	f32	2048	6144	1	1	2048	1	1	1	1152	7077888	7077888	8192	8192	8192	1	1	0	1	1
2	1788292028441889093	eager	1447	MUL_MAT	MMVQ	-	blk.4.ssm_alpha.weight	node_274	q4_K	f32	f32	2048	16	1	1	2048	1	1	1	1152	18432	18432	8192	8192	8192	1	1	0	1	1
2	1788292028441889093	eager	1447	MUL_MAT	MMVQ	-	blk.4.ssm_beta.weight	node_280	q4_K	f32	f32	2048	16	1	1	2048	1	1	1	1152	18432	18432	8192	8192	8192	1	1	0	1	1
2	1788292028441889093	eager	1447	MUL_MAT	MMVQ	-	blk.4.ssm_out.weight	linear_attn_out-4	q4_K	f32	f32	2048	2048	1	1	2048	1	1	1	1152	2359296	2359296	8192	8192	8192	1	1	0	1	1
2	1788292028441889093	eager	1447	MUL_MAT	MMVQ	-	blk.5.attn_gate.weight	z-5	q4_K	f32	f32	2048	2048	1	1	2048	1	1	1	1152	2359296	2359296	8192	8192	8192	1	1	0	1	1
2	1788292028441889093	eager	1447	MUL_MAT	MMVQ	-	blk.5.attn_qkv.weight	node_316	q6_K	f32	f32	2048	6144	1	1	2048	1	1	1	1680	10321920	10321920	8192	8192	8192	1	1	0	1	1
2	1788292028441889093	eager	1447	MUL_MAT	MMVQ	-	blk.5.ssm_alpha.weight	node_337	q4_K	f32	f32	2048	16	1	1	2048	1	1	1	1152	18432	18432	8192	8192	8192	1	1	0	1	1
2	1788292028441889093	eager	1447	MUL_MAT	MMVQ	-	blk.5.ssm_beta.weight	node_343	q4_K	f32	f32	2048	16	1	1	2048	1	1	1	1152	18432	18432	8192	8192	8192	1	1	0	1	1
2	1788292028441889093	eager	1447	MUL_MAT	MMVQ	-	blk.5.ssm_out.weight	linear_attn_out-5	q4_K	f32	f32	2048	2048	1	1	2048	1	1	1	1152	2359296	2359296	8192	8192	8192	1	1	0	1	1
2	1788292028441889093	eager	1447	MUL_MAT	MMVQ	-	blk.6.attn_gate.weight	z-6	q4_K	f32	f32	2048	2048	1	1	2048	1	1	1	1152	2359296	2359296	8192	8192	8192	1	1	0	1	1
2	1788292028441889093	eager	1447	MUL_MAT	MMVQ	-	blk.6.attn_qkv.weight	node_379	q4_K	f32	f32	2048	6144	1	1	2048	1	1	1	1152	7077888	7077888	8192	8192	8192	1	1	0	1	1
2	1788292028441889093	eager	1447	MUL_MAT	MMVQ	-	blk.6.ssm_alpha.weight	node_400	q4_K	f32	f32	2048	16	1	1	2048	1	1	1	1152	18432	18432	8192	8192	8192	1	1	0	1	1
2	1788292028441889093	eager	1447	MUL_MAT	MMVQ	-	blk.6.ssm_beta.weight	node_406	q4_K	f32	f32	2048	16	1	1	2048	1	1	1	1152	18432	18432	8192	8192	8192	1	1	0	1	1
2	1788292028441889093	eager	1447	MUL_MAT	MMVQ	-	blk.6.ssm_out.weight	linear_attn_out-6	q4_K	f32	f32	2048	2048	1	1	2048	1	1	1	1152	2359296	2359296	8192	8192	8192	1	1	0	1	1
2	1788292028441889093	eager	1447	MUL_MAT	MMVQ	-	blk.7.attn_k.weight	Kcur-7	q4_K	f32	f32	2048	512	1	1	2048	1	1	1	1152	589824	589824	8192	8192	8192	1	1	0	1	1
2	1788292028441889093	eager	1447	MUL_MAT	MMVQ	-	blk.7.attn_q.weight	Qcur_full-7	q4_K	f32	f32	2048	4096	1	1	2048	1	1	1	1152	4718592	4718592	8192	8192	8192	1	1	0	1	1
2	1788292028441889093	eager	1447	MUL_MAT	MMVQ	-	blk.7.attn_v.weight	Vcur-7	q4_K	f32	f32	2048	512	1	1	2048	1	1	1	1152	589824	589824	8192	8192	8192	1	1	0	1	1
2	1788292028441889093	eager	1447	MUL_MAT	MMVQ	-	blk.8.attn_gate.weight	z-8	q4_K	f32	f32	2048	2048	1	1	2048	1	1	1	1152	2359296	2359296	8192	8192	8192	1	1	0	1	1
2	1788292028441889093	eager	1447	MUL_MAT	MMVQ	-	blk.8.attn_qkv.weight	node_493	q6_K	f32	f32	2048	6144	1	1	2048	1	1	1	1680	10321920	10321920	8192	8192	8192	1	1	0	1	1
2	1788292028441889093	eager	1447	MUL_MAT	MMVQ	-	blk.8.ssm_alpha.weight	node_514	q4_K	f32	f32	2048	16	1	1	2048	1	1	1	1152	18432	18432	8192	8192	8192	1	1	0	1	1
2	1788292028441889093	eager	1447	MUL_MAT	MMVQ	-	blk.8.ssm_beta.weight	node_520	q4_K	f32	f32	2048	16	1	1	2048	1	1	1	1152	18432	18432	8192	8192	8192	1	1	0	1	1
2	1788292028441889093	eager	1447	MUL_MAT	MMVQ	-	blk.8.ssm_out.weight	linear_attn_out-8	q4_K	f32	f32	2048	2048	1	1	2048	1	1	1	1152	2359296	2359296	8192	8192	8192	1	1	0	1	1
2	1788292028441889093	eager	1447	MUL_MAT	MMVQ	-	blk.9.attn_gate.weight	z-9	q4_K	f32	f32	2048	2048	1	1	2048	1	1	1	1152	2359296	2359296	8192	8192	8192	1	1	0	1	1
2	1788292028441889093	eager	1447	MUL_MAT	MMVQ	-	blk.9.attn_qkv.weight	node_556	q4_K	f32	f32	2048	6144	1	1	2048	1	1	1	1152	7077888	7077888	8192	8192	8192	1	1	0	1	1
2	1788292028441889093	eager	1447	MUL_MAT	MMVQ	-	blk.9.ssm_alpha.weight	node_577	q4_K	f32	f32	2048	16	1	1	2048	1	1	1	1152	18432	18432	8192	8192	8192	1	1	0	1	1
2	1788292028441889093	eager	1447	MUL_MAT	MMVQ	-	blk.9.ssm_beta.weight	node_583	q4_K	f32	f32	2048	16	1	1	2048	1	1	1	1152	18432	18432	8192	8192	8192	1	1	0	1	1
2	1788292028441889093	eager	1447	MUL_MAT	MMVQ	-	blk.9.ssm_out.weight	linear_attn_out-9	q4_K	f32	f32	2048	2048	1	1	2048	1	1	1	1152	2359296	2359296	8192	8192	8192	1	1	0	1	1
2	1788292028441889093	eager	1447	MUL_MAT	MMVQ	-	token_embd.weight	result_output	q6_K	f32	f32	2048	248320	1	1	2048	1	1	1	1680	417177600	417177600	8192	8192	8192	1	1	0	1	1
2	1788292028441889093	eager	1447	MUL_MAT	MMVQ	fused	blk.0.ffn_down.weight	l_out-0	q6_K	f32	f32	6144	2048	1	1	6144	1	1	1	5040	10321920	10321920	24576	24576	24576	1	1	0	1	1
2	1788292028441889093	eager	1447	MUL_MAT	MMVQ	fused	blk.0.ffn_up.weight	ffn_swiglu-0	q4_K	f32	f32	2048	6144	1	1	2048	1	1	1	1152	7077888	7077888	8192	8192	8192	1	1	0	1	1
2	1788292028441889093	eager	1447	MUL_MAT	MMVQ	fused	blk.1.ffn_down.weight	l_out-1	q6_K	f32	f32	6144	2048	1	1	6144	1	1	1	5040	10321920	10321920	24576	24576	24576	1	1	0	1	1
2	1788292028441889093	eager	1447	MUL_MAT	MMVQ	fused	blk.1.ffn_up.weight	ffn_swiglu-1	q4_K	f32	f32	2048	6144	1	1	2048	1	1	1	1152	7077888	7077888	8192	8192	8192	1	1	0	1	1
2	1788292028441889093	eager	1447	MUL_MAT	MMVQ	fused	blk.10.ffn_down.weight	l_out-10	q4_K	f32	f32	6144	2048	1	1	6144	1	1	1	3456	7077888	7077888	24576	24576	24576	1	1	0	1	1
2	1788292028441889093	eager	1447	MUL_MAT	MMVQ	fused	blk.10.ffn_up.weight	ffn_swiglu-10	q4_K	f32	f32	2048	6144	1	1	2048	1	1	1	1152	7077888	7077888	8192	8192	8192	1	1	0	1	1
2	1788292028441889093	eager	1447	MUL_MAT	MMVQ	fused	blk.11.attn_output.weight	attn_residual-11	q4_K	f32	f32	2048	2048	1	1	2048	1	1	1	1152	2359296	2359296	8192	8192	8192	1	1	0	1	1
2	1788292028441889093	eager	1447	MUL_MAT	MMVQ	fused	blk.11.ffn_down.weight	l_out-11	q6_K	f32	f32	6144	2048	1	1	6144	1	1	1	5040	10321920	10321920	24576	24576	24576	1	1	0	1	1
2	1788292028441889093	eager	1447	MUL_MAT	MMVQ	fused	blk.11.ffn_up.weight	ffn_swiglu-11	q4_K	f32	f32	2048	6144	1	1	2048	1	1	1	1152	7077888	7077888	8192	8192	8192	1	1	0	1	1
2	1788292028441889093	eager	1447	MUL_MAT	MMVQ	fused	blk.12.ffn_down.weight	l_out-12	q4_K	f32	f32	6144	2048	1	1	6144	1	1	1	3456	7077888	7077888	24576	24576	24576	1	1	0	1	1
2	1788292028441889093	eager	1447	MUL_MAT	MMVQ	fused	blk.12.ffn_up.weight	ffn_swiglu-12	q4_K	f32	f32	2048	6144	1	1	2048	1	1	1	1152	7077888	7077888	8192	8192	8192	1	1	0	1	1
2	1788292028441889093	eager	1447	MUL_MAT	MMVQ	fused	blk.13.ffn_down.weight	l_out-13	q4_K	f32	f32	6144	2048	1	1	6144	1	1	1	3456	7077888	7077888	24576	24576	24576	1	1	0	1	1
2	1788292028441889093	eager	1447	MUL_MAT	MMVQ	fused	blk.13.ffn_up.weight	ffn_swiglu-13	q4_K	f32	f32	2048	6144	1	1	2048	1	1	1	1152	7077888	7077888	8192	8192	8192	1	1	0	1	1
2	1788292028441889093	eager	1447	MUL_MAT	MMVQ	fused	blk.14.ffn_down.weight	l_out-14	q6_K	f32	f32	6144	2048	1	1	6144	1	1	1	5040	10321920	10321920	24576	24576	24576	1	1	0	1	1
2	1788292028441889093	eager	1447	MUL_MAT	MMVQ	fused	blk.14.ffn_up.weight	ffn_swiglu-14	q4_K	f32	f32	2048	6144	1	1	2048	1	1	1	1152	7077888	7077888	8192	8192	8192	1	1	0	1	1
2	1788292028441889093	eager	1447	MUL_MAT	MMVQ	fused	blk.15.attn_output.weight	attn_residual-15	q4_K	f32	f32	2048	2048	1	1	2048	1	1	1	1152	2359296	2359296	8192	8192	8192	1	1	0	1	1
2	1788292028441889093	eager	1447	MUL_MAT	MMVQ	fused	blk.15.ffn_down.weight	l_out-15	q4_K	f32	f32	6144	2048	1	1	6144	1	1	1	3456	7077888	7077888	24576	24576	24576	1	1	0	1	1
2	1788292028441889093	eager	1447	MUL_MAT	MMVQ	fused	blk.15.ffn_up.weight	ffn_swiglu-15	q4_K	f32	f32	2048	6144	1	1	2048	1	1	1	1152	7077888	7077888	8192	8192	8192	1	1	0	1	1
2	1788292028441889093	eager	1447	MUL_MAT	MMVQ	fused	blk.16.ffn_down.weight	l_out-16	q4_K	f32	f32	6144	2048	1	1	6144	1	1	1	3456	7077888	7077888	24576	24576	24576	1	1	0	1	1
2	1788292028441889093	eager	1447	MUL_MAT	MMVQ	fused	blk.16.ffn_up.weight	ffn_swiglu-16	q4_K	f32	f32	2048	6144	1	1	2048	1	1	1	1152	7077888	7077888	8192	8192	8192	1	1	0	1	1
2	1788292028441889093	eager	1447	MUL_MAT	MMVQ	fused	blk.17.ffn_down.weight	l_out-17	q6_K	f32	f32	6144	2048	1	1	6144	1	1	1	5040	10321920	10321920	24576	24576	24576	1	1	0	1	1
2	1788292028441889093	eager	1447	MUL_MAT	MMVQ	fused	blk.17.ffn_up.weight	ffn_swiglu-17	q4_K	f32	f32	2048	6144	1	1	2048	1	1	1	1152	7077888	7077888	8192	8192	8192	1	1	0	1	1
2	1788292028441889093	eager	1447	MUL_MAT	MMVQ	fused	blk.18.ffn_down.weight	l_out-18	q4_K	f32	f32	6144	2048	1	1	6144	1	1	1	3456	7077888	7077888	24576	24576	24576	1	1	0	1	1
2	1788292028441889093	eager	1447	MUL_MAT	MMVQ	fused	blk.18.ffn_up.weight	ffn_swiglu-18	q4_K	f32	f32	2048	6144	1	1	2048	1	1	1	1152	7077888	7077888	8192	8192	8192	1	1	0	1	1
2	1788292028441889093	eager	1447	MUL_MAT	MMVQ	fused	blk.19.attn_output.weight	attn_residual-19	q4_K	f32	f32	2048	2048	1	1	2048	1	1	1	1152	2359296	2359296	8192	8192	8192	1	1	0	1	1
2	1788292028441889093	eager	1447	MUL_MAT	MMVQ	fused	blk.19.ffn_down.weight	l_out-19	q4_K	f32	f32	6144	2048	1	1	6144	1	1	1	3456	7077888	7077888	24576	24576	24576	1	1	0	1	1
2	1788292028441889093	eager	1447	MUL_MAT	MMVQ	fused	blk.19.ffn_up.weight	ffn_swiglu-19	q4_K	f32	f32	2048	6144	1	1	2048	1	1	1	1152	7077888	7077888	8192	8192	8192	1	1	0	1	1
2	1788292028441889093	eager	1447	MUL_MAT	MMVQ	fused	blk.2.ffn_down.weight	l_out-2	q6_K	f32	f32	6144	2048	1	1	6144	1	1	1	5040	10321920	10321920	24576	24576	24576	1	1	0	1	1
2	1788292028441889093	eager	1447	MUL_MAT	MMVQ	fused	blk.2.ffn_up.weight	ffn_swiglu-2	q4_K	f32	f32	2048	6144	1	1	2048	1	1	1	1152	7077888	7077888	8192	8192	8192	1	1	0	1	1
2	1788292028441889093	eager	1447	MUL_MAT	MMVQ	fused	blk.20.ffn_down.weight	l_out-20	q6_K	f32	f32	6144	2048	1	1	6144	1	1	1	5040	10321920	10321920	24576	24576	24576	1	1	0	1	1
2	1788292028441889093	eager	1447	MUL_MAT	MMVQ	fused	blk.20.ffn_up.weight	ffn_swiglu-20	q4_K	f32	f32	2048	6144	1	1	2048	1	1	1	1152	7077888	7077888	8192	8192	8192	1	1	0	1	1
2	1788292028441889093	eager	1447	MUL_MAT	MMVQ	fused	blk.21.ffn_down.weight	l_out-21	q6_K	f32	f32	6144	2048	1	1	6144	1	1	1	5040	10321920	10321920	24576	24576	24576	1	1	0	1	1
2	1788292028441889093	eager	1447	MUL_MAT	MMVQ	fused	blk.21.ffn_up.weight	ffn_swiglu-21	q4_K	f32	f32	2048	6144	1	1	2048	1	1	1	1152	7077888	7077888	8192	8192	8192	1	1	0	1	1
2	1788292028441889093	eager	1447	MUL_MAT	MMVQ	fused	blk.22.ffn_down.weight	l_out-22	q6_K	f32	f32	6144	2048	1	1	6144	1	1	1	5040	10321920	10321920	24576	24576	24576	1	1	0	1	1
2	1788292028441889093	eager	1447	MUL_MAT	MMVQ	fused	blk.22.ffn_up.weight	ffn_swiglu-22	q4_K	f32	f32	2048	6144	1	1	2048	1	1	1	1152	7077888	7077888	8192	8192	8192	1	1	0	1	1
2	1788292028441889093	eager	1447	MUL_MAT	MMVQ	fused	blk.23.attn_output.weight	attn_residual-23	q4_K	f32	f32	2048	2048	1	1	2048	1	1	1	1152	2359296	2359296	8192	8192	8192	1	1	0	1	1
2	1788292028441889093	eager	1447	MUL_MAT	MMVQ	fused	blk.23.ffn_down.weight	l_out-23	q6_K	f32	f32	6144	2048	1	1	6144	1	1	1	5040	10321920	10321920	24576	24576	24576	1	1	0	1	1
2	1788292028441889093	eager	1447	MUL_MAT	MMVQ	fused	blk.23.ffn_up.weight	ffn_swiglu-23	q4_K	f32	f32	2048	6144	1	1	2048	1	1	1	1152	7077888	7077888	8192	8192	8192	1	1	0	1	1
2	1788292028441889093	eager	1447	MUL_MAT	MMVQ	fused	blk.3.attn_output.weight	attn_residual-3	q4_K	f32	f32	2048	2048	1	1	2048	1	1	1	1152	2359296	2359296	8192	8192	8192	1	1	0	1	1
2	1788292028441889093	eager	1447	MUL_MAT	MMVQ	fused	blk.3.ffn_down.weight	l_out-3	q4_K	f32	f32	6144	2048	1	1	6144	1	1	1	3456	7077888	7077888	24576	24576	24576	1	1	0	1	1
2	1788292028441889093	eager	1447	MUL_MAT	MMVQ	fused	blk.3.ffn_up.weight	ffn_swiglu-3	q4_K	f32	f32	2048	6144	1	1	2048	1	1	1	1152	7077888	7077888	8192	8192	8192	1	1	0	1	1
2	1788292028441889093	eager	1447	MUL_MAT	MMVQ	fused	blk.4.ffn_down.weight	l_out-4	q4_K	f32	f32	6144	2048	1	1	6144	1	1	1	3456	7077888	7077888	24576	24576	24576	1	1	0	1	1
2	1788292028441889093	eager	1447	MUL_MAT	MMVQ	fused	blk.4.ffn_up.weight	ffn_swiglu-4	q4_K	f32	f32	2048	6144	1	1	2048	1	1	1	1152	7077888	7077888	8192	8192	8192	1	1	0	1	1
2	1788292028441889093	eager	1447	MUL_MAT	MMVQ	fused	blk.5.ffn_down.weight	l_out-5	q6_K	f32	f32	6144	2048	1	1	6144	1	1	1	5040	10321920	10321920	24576	24576	24576	1	1	0	1	1
2	1788292028441889093	eager	1447	MUL_MAT	MMVQ	fused	blk.5.ffn_up.weight	ffn_swiglu-5	q4_K	f32	f32	2048	6144	1	1	2048	1	1	1	1152	7077888	7077888	8192	8192	8192	1	1	0	1	1
2	1788292028441889093	eager	1447	MUL_MAT	MMVQ	fused	blk.6.ffn_down.weight	l_out-6	q4_K	f32	f32	6144	2048	1	1	6144	1	1	1	3456	7077888	7077888	24576	24576	24576	1	1	0	1	1
2	1788292028441889093	eager	1447	MUL_MAT	MMVQ	fused	blk.6.ffn_up.weight	ffn_swiglu-6	q4_K	f32	f32	2048	6144	1	1	2048	1	1	1	1152	7077888	7077888	8192	8192	8192	1	1	0	1	1
2	1788292028441889093	eager	1447	MUL_MAT	MMVQ	fused	blk.7.attn_output.weight	attn_residual-7	q4_K	f32	f32	2048	2048	1	1	2048	1	1	1	1152	2359296	2359296	8192	8192	8192	1	1	0	1	1
2	1788292028441889093	eager	1447	MUL_MAT	MMVQ	fused	blk.7.ffn_down.weight	l_out-7	q4_K	f32	f32	6144	2048	1	1	6144	1	1	1	3456	7077888	7077888	24576	24576	24576	1	1	0	1	1
2	1788292028441889093	eager	1447	MUL_MAT	MMVQ	fused	blk.7.ffn_up.weight	ffn_swiglu-7	q4_K	f32	f32	2048	6144	1	1	2048	1	1	1	1152	7077888	7077888	8192	8192	8192	1	1	0	1	1
2	1788292028441889093	eager	1447	MUL_MAT	MMVQ	fused	blk.8.ffn_down.weight	l_out-8	q6_K	f32	f32	6144	2048	1	1	6144	1	1	1	5040	10321920	10321920	24576	24576	24576	1	1	0	1	1
2	1788292028441889093	eager	1447	MUL_MAT	MMVQ	fused	blk.8.ffn_up.weight	ffn_swiglu-8	q4_K	f32	f32	2048	6144	1	1	2048	1	1	1	1152	7077888	7077888	8192	8192	8192	1	1	0	1	1
2	1788292028441889093	eager	1447	MUL_MAT	MMVQ	fused	blk.9.ffn_down.weight	l_out-9	q4_K	f32	f32	6144	2048	1	1	6144	1	1	1	3456	7077888	7077888	24576	24576	24576	1	1	0	1	1
2	1788292028441889093	eager	1447	MUL_MAT	MMVQ	fused	blk.9.ffn_up.weight	ffn_swiglu-9	q4_K	f32	f32	2048	6144	1	1	2048	1	1	1	1152	7077888	7077888	8192	8192	8192	1	1	0	1	1
3	1788292028450290620	capture	1447	MUL_MAT	MMVQ	-	blk.0.attn_gate.weight	z-0	q4_K	f32	f32	2048	2048	1	1	2048	1	1	1	1152	2359296	2359296	8192	8192	8192	1	1	0	1	1
3	1788292028450290620	capture	1447	MUL_MAT	MMVQ	-	blk.0.attn_qkv.weight	node_13	q6_K	f32	f32	2048	6144	1	1	2048	1	1	1	1680	10321920	10321920	8192	8192	8192	1	1	0	1	1
3	1788292028450290620	capture	1447	MUL_MAT	MMVQ	-	blk.0.ssm_alpha.weight	node_34	q4_K	f32	f32	2048	16	1	1	2048	1	1	1	1152	18432	18432	8192	8192	8192	1	1	0	1	1
3	1788292028450290620	capture	1447	MUL_MAT	MMVQ	-	blk.0.ssm_beta.weight	node_40	q4_K	f32	f32	2048	16	1	1	2048	1	1	1	1152	18432	18432	8192	8192	8192	1	1	0	1	1
3	1788292028450290620	capture	1447	MUL_MAT	MMVQ	-	blk.0.ssm_out.weight	linear_attn_out-0	q4_K	f32	f32	2048	2048	1	1	2048	1	1	1	1152	2359296	2359296	8192	8192	8192	1	1	0	1	1
3	1788292028450290620	capture	1447	MUL_MAT	MMVQ	-	blk.1.attn_gate.weight	z-1	q4_K	f32	f32	2048	2048	1	1	2048	1	1	1	1152	2359296	2359296	8192	8192	8192	1	1	0	1	1
3	1788292028450290620	capture	1447	MUL_MAT	MMVQ	-	blk.1.attn_qkv.weight	node_76	q6_K	f32	f32	2048	6144	1	1	2048	1	1	1	1680	10321920	10321920	8192	8192	8192	1	1	0	1	1
3	1788292028450290620	capture	1447	MUL_MAT	MMVQ	-	blk.1.ssm_alpha.weight	node_97	q4_K	f32	f32	2048	16	1	1	2048	1	1	1	1152	18432	18432	8192	8192	8192	1	1	0	1	1
3	1788292028450290620	capture	1447	MUL_MAT	MMVQ	-	blk.1.ssm_beta.weight	node_103	q4_K	f32	f32	2048	16	1	1	2048	1	1	1	1152	18432	18432	8192	8192	8192	1	1	0	1	1
3	1788292028450290620	capture	1447	MUL_MAT	MMVQ	-	blk.1.ssm_out.weight	linear_attn_out-1	q4_K	f32	f32	2048	2048	1	1	2048	1	1	1	1152	2359296	2359296	8192	8192	8192	1	1	0	1	1
3	1788292028450290620	capture	1447	MUL_MAT	MMVQ	-	blk.10.attn_gate.weight	z-10	q4_K	f32	f32	2048	2048	1	1	2048	1	1	1	1152	2359296	2359296	8192	8192	8192	1	1	0	1	1
3	1788292028450290620	capture	1447	MUL_MAT	MMVQ	-	blk.10.attn_qkv.weight	node_619	q4_K	f32	f32	2048	6144	1	1	2048	1	1	1	1152	7077888	7077888	8192	8192	8192	1	1	0	1	1
3	1788292028450290620	capture	1447	MUL_MAT	MMVQ	-	blk.10.ssm_alpha.weight	node_640	q4_K	f32	f32	2048	16	1	1	2048	1	1	1	1152	18432	18432	8192	8192	8192	1	1	0	1	1
3	1788292028450290620	capture	1447	MUL_MAT	MMVQ	-	blk.10.ssm_beta.weight	node_646	q4_K	f32	f32	2048	16	1	1	2048	1	1	1	1152	18432	18432	8192	8192	8192	1	1	0	1	1
3	1788292028450290620	capture	1447	MUL_MAT	MMVQ	-	blk.10.ssm_out.weight	linear_attn_out-10	q4_K	f32	f32	2048	2048	1	1	2048	1	1	1	1152	2359296	2359296	8192	8192	8192	1	1	0	1	1
3	1788292028450290620	capture	1447	MUL_MAT	MMVQ	-	blk.11.attn_k.weight	Kcur-11	q4_K	f32	f32	2048	512	1	1	2048	1	1	1	1152	589824	589824	8192	8192	8192	1	1	0	1	1
3	1788292028450290620	capture	1447	MUL_MAT	MMVQ	-	blk.11.attn_q.weight	Qcur_full-11	q4_K	f32	f32	2048	4096	1	1	2048	1	1	1	1152	4718592	4718592	8192	8192	8192	1	1	0	1	1
3	1788292028450290620	capture	1447	MUL_MAT	MMVQ	-	blk.11.attn_v.weight	Vcur-11	q6_K	f32	f32	2048	512	1	1	2048	1	1	1	1680	860160	860160	8192	8192	8192	1	1	0	1	1
3	1788292028450290620	capture	1447	MUL_MAT	MMVQ	-	blk.12.attn_gate.weight	z-12	q4_K	f32	f32	2048	2048	1	1	2048	1	1	1	1152	2359296	2359296	8192	8192	8192	1	1	0	1	1
3	1788292028450290620	capture	1447	MUL_MAT	MMVQ	-	blk.12.attn_qkv.weight	node_733	q4_K	f32	f32	2048	6144	1	1	2048	1	1	1	1152	7077888	7077888	8192	8192	8192	1	1	0	1	1
3	1788292028450290620	capture	1447	MUL_MAT	MMVQ	-	blk.12.ssm_alpha.weight	node_754	q4_K	f32	f32	2048	16	1	1	2048	1	1	1	1152	18432	18432	8192	8192	8192	1	1	0	1	1
3	1788292028450290620	capture	1447	MUL_MAT	MMVQ	-	blk.12.ssm_beta.weight	node_760	q4_K	f32	f32	2048	16	1	1	2048	1	1	1	1152	18432	18432	8192	8192	8192	1	1	0	1	1
3	1788292028450290620	capture	1447	MUL_MAT	MMVQ	-	blk.12.ssm_out.weight	linear_attn_out-12	q4_K	f32	f32	2048	2048	1	1	2048	1	1	1	1152	2359296	2359296	8192	8192	8192	1	1	0	1	1
3	1788292028450290620	capture	1447	MUL_MAT	MMVQ	-	blk.13.attn_gate.weight	z-13	q4_K	f32	f32	2048	2048	1	1	2048	1	1	1	1152	2359296	2359296	8192	8192	8192	1	1	0	1	1
3	1788292028450290620	capture	1447	MUL_MAT	MMVQ	-	blk.13.attn_qkv.weight	node_796	q4_K	f32	f32	2048	6144	1	1	2048	1	1	1	1152	7077888	7077888	8192	8192	8192	1	1	0	1	1
3	1788292028450290620	capture	1447	MUL_MAT	MMVQ	-	blk.13.ssm_alpha.weight	node_817	q4_K	f32	f32	2048	16	1	1	2048	1	1	1	1152	18432	18432	8192	8192	8192	1	1	0	1	1
3	1788292028450290620	capture	1447	MUL_MAT	MMVQ	-	blk.13.ssm_beta.weight	node_823	q4_K	f32	f32	2048	16	1	1	2048	1	1	1	1152	18432	18432	8192	8192	8192	1	1	0	1	1
3	1788292028450290620	capture	1447	MUL_MAT	MMVQ	-	blk.13.ssm_out.weight	linear_attn_out-13	q4_K	f32	f32	2048	2048	1	1	2048	1	1	1	1152	2359296	2359296	8192	8192	8192	1	1	0	1	1
3	1788292028450290620	capture	1447	MUL_MAT	MMVQ	-	blk.14.attn_gate.weight	z-14	q4_K	f32	f32	2048	2048	1	1	2048	1	1	1	1152	2359296	2359296	8192	8192	8192	1	1	0	1	1
3	1788292028450290620	capture	1447	MUL_MAT	MMVQ	-	blk.14.attn_qkv.weight	node_859	q6_K	f32	f32	2048	6144	1	1	2048	1	1	1	1680	10321920	10321920	8192	8192	8192	1	1	0	1	1
3	1788292028450290620	capture	1447	MUL_MAT	MMVQ	-	blk.14.ssm_alpha.weight	node_880	q4_K	f32	f32	2048	16	1	1	2048	1	1	1	1152	18432	18432	8192	8192	8192	1	1	0	1	1
3	1788292028450290620	capture	1447	MUL_MAT	MMVQ	-	blk.14.ssm_beta.weight	node_886	q4_K	f32	f32	2048	16	1	1	2048	1	1	1	1152	18432	18432	8192	8192	8192	1	1	0	1	1
3	1788292028450290620	capture	1447	MUL_MAT	MMVQ	-	blk.14.ssm_out.weight	linear_attn_out-14	q4_K	f32	f32	2048	2048	1	1	2048	1	1	1	1152	2359296	2359296	8192	8192	8192	1	1	0	1	1
3	1788292028450290620	capture	1447	MUL_MAT	MMVQ	-	blk.15.attn_k.weight	Kcur-15	q4_K	f32	f32	2048	512	1	1	2048	1	1	1	1152	589824	589824	8192	8192	8192	1	1	0	1	1
3	1788292028450290620	capture	1447	MUL_MAT	MMVQ	-	blk.15.attn_q.weight	Qcur_full-15	q4_K	f32	f32	2048	4096	1	1	2048	1	1	1	1152	4718592	4718592	8192	8192	8192	1	1	0	1	1
3	1788292028450290620	capture	1447	MUL_MAT	MMVQ	-	blk.15.attn_v.weight	Vcur-15	q4_K	f32	f32	2048	512	1	1	2048	1	1	1	1152	589824	589824	8192	8192	8192	1	1	0	1	1
3	1788292028450290620	capture	1447	MUL_MAT	MMVQ	-	blk.16.attn_gate.weight	z-16	q4_K	f32	f32	2048	2048	1	1	2048	1	1	1	1152	2359296	2359296	8192	8192	8192	1	1	0	1	1
3	1788292028450290620	capture	1447	MUL_MAT	MMVQ	-	blk.16.attn_qkv.weight	node_973	q4_K	f32	f32	2048	6144	1	1	2048	1	1	1	1152	7077888	7077888	8192	8192	8192	1	1	0	1	1
3	1788292028450290620	capture	1447	MUL_MAT	MMVQ	-	blk.16.ssm_alpha.weight	node_994	q4_K	f32	f32	2048	16	1	1	2048	1	1	1	1152	18432	18432	8192	8192	8192	1	1	0	1	1
3	1788292028450290620	capture	1447	MUL_MAT	MMVQ	-	blk.16.ssm_beta.weight	node_1000	q4_K	f32	f32	2048	16	1	1	2048	1	1	1	1152	18432	18432	8192	8192	8192	1	1	0	1	1
3	1788292028450290620	capture	1447	MUL_MAT	MMVQ	-	blk.16.ssm_out.weight	linear_attn_out-16	q4_K	f32	f32	2048	2048	1	1	2048	1	1	1	1152	2359296	2359296	8192	8192	8192	1	1	0	1	1
3	1788292028450290620	capture	1447	MUL_MAT	MMVQ	-	blk.17.attn_gate.weight	z-17	q4_K	f32	f32	2048	2048	1	1	2048	1	1	1	1152	2359296	2359296	8192	8192	8192	1	1	0	1	1
3	1788292028450290620	capture	1447	MUL_MAT	MMVQ	-	blk.17.attn_qkv.weight	node_1036	q6_K	f32	f32	2048	6144	1	1	2048	1	1	1	1680	10321920	10321920	8192	8192	8192	1	1	0	1	1
3	1788292028450290620	capture	1447	MUL_MAT	MMVQ	-	blk.17.ssm_alpha.weight	node_1057	q4_K	f32	f32	2048	16	1	1	2048	1	1	1	1152	18432	18432	8192	8192	8192	1	1	0	1	1
3	1788292028450290620	capture	1447	MUL_MAT	MMVQ	-	blk.17.ssm_beta.weight	node_1063	q4_K	f32	f32	2048	16	1	1	2048	1	1	1	1152	18432	18432	8192	8192	8192	1	1	0	1	1
3	1788292028450290620	capture	1447	MUL_MAT	MMVQ	-	blk.17.ssm_out.weight	linear_attn_out-17	q4_K	f32	f32	2048	2048	1	1	2048	1	1	1	1152	2359296	2359296	8192	8192	8192	1	1	0	1	1
3	1788292028450290620	capture	1447	MUL_MAT	MMVQ	-	blk.18.attn_gate.weight	z-18	q4_K	f32	f32	2048	2048	1	1	2048	1	1	1	1152	2359296	2359296	8192	8192	8192	1	1	0	1	1
3	1788292028450290620	capture	1447	MUL_MAT	MMVQ	-	blk.18.attn_qkv.weight	node_1099	q4_K	f32	f32	2048	6144	1	1	2048	1	1	1	1152	7077888	7077888	8192	8192	8192	1	1	0	1	1
3	1788292028450290620	capture	1447	MUL_MAT	MMVQ	-	blk.18.ssm_alpha.weight	node_1120	q4_K	f32	f32	2048	16	1	1	2048	1	1	1	1152	18432	18432	8192	8192	8192	1	1	0	1	1
3	1788292028450290620	capture	1447	MUL_MAT	MMVQ	-	blk.18.ssm_beta.weight	node_1126	q4_K	f32	f32	2048	16	1	1	2048	1	1	1	1152	18432	18432	8192	8192	8192	1	1	0	1	1
3	1788292028450290620	capture	1447	MUL_MAT	MMVQ	-	blk.18.ssm_out.weight	linear_attn_out-18	q4_K	f32	f32	2048	2048	1	1	2048	1	1	1	1152	2359296	2359296	8192	8192	8192	1	1	0	1	1
3	1788292028450290620	capture	1447	MUL_MAT	MMVQ	-	blk.19.attn_k.weight	Kcur-19	q4_K	f32	f32	2048	512	1	1	2048	1	1	1	1152	589824	589824	8192	8192	8192	1	1	0	1	1
3	1788292028450290620	capture	1447	MUL_MAT	MMVQ	-	blk.19.attn_q.weight	Qcur_full-19	q4_K	f32	f32	2048	4096	1	1	2048	1	1	1	1152	4718592	4718592	8192	8192	8192	1	1	0	1	1
3	1788292028450290620	capture	1447	MUL_MAT	MMVQ	-	blk.19.attn_v.weight	Vcur-19	q4_K	f32	f32	2048	512	1	1	2048	1	1	1	1152	589824	589824	8192	8192	8192	1	1	0	1	1
3	1788292028450290620	capture	1447	MUL_MAT	MMVQ	-	blk.2.attn_gate.weight	z-2	q4_K	f32	f32	2048	2048	1	1	2048	1	1	1	1152	2359296	2359296	8192	8192	8192	1	1	0	1	1
3	1788292028450290620	capture	1447	MUL_MAT	MMVQ	-	blk.2.attn_qkv.weight	node_139	q6_K	f32	f32	2048	6144	1	1	2048	1	1	1	1680	10321920	10321920	8192	8192	8192	1	1	0	1	1
3	1788292028450290620	capture	1447	MUL_MAT	MMVQ	-	blk.2.ssm_alpha.weight	node_160	q4_K	f32	f32	2048	16	1	1	2048	1	1	1	1152	18432	18432	8192	8192	8192	1	1	0	1	1
3	1788292028450290620	capture	1447	MUL_MAT	MMVQ	-	blk.2.ssm_beta.weight	node_166	q4_K	f32	f32	2048	16	1	1	2048	1	1	1	1152	18432	18432	8192	8192	8192	1	1	0	1	1
3	1788292028450290620	capture	1447	MUL_MAT	MMVQ	-	blk.2.ssm_out.weight	linear_attn_out-2	q4_K	f32	f32	2048	2048	1	1	2048	1	1	1	1152	2359296	2359296	8192	8192	8192	1	1	0	1	1
3	1788292028450290620	capture	1447	MUL_MAT	MMVQ	-	blk.20.attn_gate.weight	z-20	q4_K	f32	f32	2048	2048	1	1	2048	1	1	1	1152	2359296	2359296	8192	8192	8192	1	1	0	1	1
3	1788292028450290620	capture	1447	MUL_MAT	MMVQ	-	blk.20.attn_qkv.weight	node_1213	q6_K	f32	f32	2048	6144	1	1	2048	1	1	1	1680	10321920	10321920	8192	8192	8192	1	1	0	1	1
3	1788292028450290620	capture	1447	MUL_MAT	MMVQ	-	blk.20.ssm_alpha.weight	node_1234	q4_K	f32	f32	2048	16	1	1	2048	1	1	1	1152	18432	18432	8192	8192	8192	1	1	0	1	1
3	1788292028450290620	capture	1447	MUL_MAT	MMVQ	-	blk.20.ssm_beta.weight	node_1240	q4_K	f32	f32	2048	16	1	1	2048	1	1	1	1152	18432	18432	8192	8192	8192	1	1	0	1	1
3	1788292028450290620	capture	1447	MUL_MAT	MMVQ	-	blk.20.ssm_out.weight	linear_attn_out-20	q4_K	f32	f32	2048	2048	1	1	2048	1	1	1	1152	2359296	2359296	8192	8192	8192	1	1	0	1	1
3	1788292028450290620	capture	1447	MUL_MAT	MMVQ	-	blk.21.attn_gate.weight	z-21	q4_K	f32	f32	2048	2048	1	1	2048	1	1	1	1152	2359296	2359296	8192	8192	8192	1	1	0	1	1
3	1788292028450290620	capture	1447	MUL_MAT	MMVQ	-	blk.21.attn_qkv.weight	node_1276	q6_K	f32	f32	2048	6144	1	1	2048	1	1	1	1680	10321920	10321920	8192	8192	8192	1	1	0	1	1
3	1788292028450290620	capture	1447	MUL_MAT	MMVQ	-	blk.21.ssm_alpha.weight	node_1297	q4_K	f32	f32	2048	16	1	1	2048	1	1	1	1152	18432	18432	8192	8192	8192	1	1	0	1	1
3	1788292028450290620	capture	1447	MUL_MAT	MMVQ	-	blk.21.ssm_beta.weight	node_1303	q4_K	f32	f32	2048	16	1	1	2048	1	1	1	1152	18432	18432	8192	8192	8192	1	1	0	1	1
3	1788292028450290620	capture	1447	MUL_MAT	MMVQ	-	blk.21.ssm_out.weight	linear_attn_out-21	q4_K	f32	f32	2048	2048	1	1	2048	1	1	1	1152	2359296	2359296	8192	8192	8192	1	1	0	1	1
3	1788292028450290620	capture	1447	MUL_MAT	MMVQ	-	blk.22.attn_gate.weight	z-22	q4_K	f32	f32	2048	2048	1	1	2048	1	1	1	1152	2359296	2359296	8192	8192	8192	1	1	0	1	1
3	1788292028450290620	capture	1447	MUL_MAT	MMVQ	-	blk.22.attn_qkv.weight	node_1339	q6_K	f32	f32	2048	6144	1	1	2048	1	1	1	1680	10321920	10321920	8192	8192	8192	1	1	0	1	1
3	1788292028450290620	capture	1447	MUL_MAT	MMVQ	-	blk.22.ssm_alpha.weight	node_1360	q4_K	f32	f32	2048	16	1	1	2048	1	1	1	1152	18432	18432	8192	8192	8192	1	1	0	1	1
3	1788292028450290620	capture	1447	MUL_MAT	MMVQ	-	blk.22.ssm_beta.weight	node_1366	q4_K	f32	f32	2048	16	1	1	2048	1	1	1	1152	18432	18432	8192	8192	8192	1	1	0	1	1
3	1788292028450290620	capture	1447	MUL_MAT	MMVQ	-	blk.22.ssm_out.weight	linear_attn_out-22	q4_K	f32	f32	2048	2048	1	1	2048	1	1	1	1152	2359296	2359296	8192	8192	8192	1	1	0	1	1
3	1788292028450290620	capture	1447	MUL_MAT	MMVQ	-	blk.23.attn_k.weight	Kcur-23	q4_K	f32	f32	2048	512	1	1	2048	1	1	1	1152	589824	589824	8192	8192	8192	1	1	0	1	1
3	1788292028450290620	capture	1447	MUL_MAT	MMVQ	-	blk.23.attn_q.weight	Qcur_full-23	q4_K	f32	f32	2048	4096	1	1	2048	1	1	1	1152	4718592	4718592	8192	8192	8192	1	1	0	1	1
3	1788292028450290620	capture	1447	MUL_MAT	MMVQ	-	blk.23.attn_v.weight	Vcur-23	q6_K	f32	f32	2048	512	1	1	2048	1	1	1	1680	860160	860160	8192	8192	8192	1	1	0	1	1
3	1788292028450290620	capture	1447	MUL_MAT	MMVQ	-	blk.3.attn_k.weight	Kcur-3	q4_K	f32	f32	2048	512	1	1	2048	1	1	1	1152	589824	589824	8192	8192	8192	1	1	0	1	1
3	1788292028450290620	capture	1447	MUL_MAT	MMVQ	-	blk.3.attn_q.weight	Qcur_full-3	q4_K	f32	f32	2048	4096	1	1	2048	1	1	1	1152	4718592	4718592	8192	8192	8192	1	1	0	1	1
3	1788292028450290620	capture	1447	MUL_MAT	MMVQ	-	blk.3.attn_v.weight	Vcur-3	q4_K	f32	f32	2048	512	1	1	2048	1	1	1	1152	589824	589824	8192	8192	8192	1	1	0	1	1
3	1788292028450290620	capture	1447	MUL_MAT	MMVQ	-	blk.4.attn_gate.weight	z-4	q4_K	f32	f32	2048	2048	1	1	2048	1	1	1	1152	2359296	2359296	8192	8192	8192	1	1	0	1	1
3	1788292028450290620	capture	1447	MUL_MAT	MMVQ	-	blk.4.attn_qkv.weight	node_253	q4_K	f32	f32	2048	6144	1	1	2048	1	1	1	1152	7077888	7077888	8192	8192	8192	1	1	0	1	1
3	1788292028450290620	capture	1447	MUL_MAT	MMVQ	-	blk.4.ssm_alpha.weight	node_274	q4_K	f32	f32	2048	16	1	1	2048	1	1	1	1152	18432	18432	8192	8192	8192	1	1	0	1	1
3	1788292028450290620	capture	1447	MUL_MAT	MMVQ	-	blk.4.ssm_beta.weight	node_280	q4_K	f32	f32	2048	16	1	1	2048	1	1	1	1152	18432	18432	8192	8192	8192	1	1	0	1	1
3	1788292028450290620	capture	1447	MUL_MAT	MMVQ	-	blk.4.ssm_out.weight	linear_attn_out-4	q4_K	f32	f32	2048	2048	1	1	2048	1	1	1	1152	2359296	2359296	8192	8192	8192	1	1	0	1	1
3	1788292028450290620	capture	1447	MUL_MAT	MMVQ	-	blk.5.attn_gate.weight	z-5	q4_K	f32	f32	2048	2048	1	1	2048	1	1	1	1152	2359296	2359296	8192	8192	8192	1	1	0	1	1
3	1788292028450290620	capture	1447	MUL_MAT	MMVQ	-	blk.5.attn_qkv.weight	node_316	q6_K	f32	f32	2048	6144	1	1	2048	1	1	1	1680	10321920	10321920	8192	8192	8192	1	1	0	1	1
3	1788292028450290620	capture	1447	MUL_MAT	MMVQ	-	blk.5.ssm_alpha.weight	node_337	q4_K	f32	f32	2048	16	1	1	2048	1	1	1	1152	18432	18432	8192	8192	8192	1	1	0	1	1
3	1788292028450290620	capture	1447	MUL_MAT	MMVQ	-	blk.5.ssm_beta.weight	node_343	q4_K	f32	f32	2048	16	1	1	2048	1	1	1	1152	18432	18432	8192	8192	8192	1	1	0	1	1
3	1788292028450290620	capture	1447	MUL_MAT	MMVQ	-	blk.5.ssm_out.weight	linear_attn_out-5	q4_K	f32	f32	2048	2048	1	1	2048	1	1	1	1152	2359296	2359296	8192	8192	8192	1	1	0	1	1
3	1788292028450290620	capture	1447	MUL_MAT	MMVQ	-	blk.6.attn_gate.weight	z-6	q4_K	f32	f32	2048	2048	1	1	2048	1	1	1	1152	2359296	2359296	8192	8192	8192	1	1	0	1	1
3	1788292028450290620	capture	1447	MUL_MAT	MMVQ	-	blk.6.attn_qkv.weight	node_379	q4_K	f32	f32	2048	6144	1	1	2048	1	1	1	1152	7077888	7077888	8192	8192	8192	1	1	0	1	1
3	1788292028450290620	capture	1447	MUL_MAT	MMVQ	-	blk.6.ssm_alpha.weight	node_400	q4_K	f32	f32	2048	16	1	1	2048	1	1	1	1152	18432	18432	8192	8192	8192	1	1	0	1	1
3	1788292028450290620	capture	1447	MUL_MAT	MMVQ	-	blk.6.ssm_beta.weight	node_406	q4_K	f32	f32	2048	16	1	1	2048	1	1	1	1152	18432	18432	8192	8192	8192	1	1	0	1	1
3	1788292028450290620	capture	1447	MUL_MAT	MMVQ	-	blk.6.ssm_out.weight	linear_attn_out-6	q4_K	f32	f32	2048	2048	1	1	2048	1	1	1	1152	2359296	2359296	8192	8192	8192	1	1	0	1	1
3	1788292028450290620	capture	1447	MUL_MAT	MMVQ	-	blk.7.attn_k.weight	Kcur-7	q4_K	f32	f32	2048	512	1	1	2048	1	1	1	1152	589824	589824	8192	8192	8192	1	1	0	1	1
3	1788292028450290620	capture	1447	MUL_MAT	MMVQ	-	blk.7.attn_q.weight	Qcur_full-7	q4_K	f32	f32	2048	4096	1	1	2048	1	1	1	1152	4718592	4718592	8192	8192	8192	1	1	0	1	1
3	1788292028450290620	capture	1447	MUL_MAT	MMVQ	-	blk.7.attn_v.weight	Vcur-7	q4_K	f32	f32	2048	512	1	1	2048	1	1	1	1152	589824	589824	8192	8192	8192	1	1	0	1	1
3	1788292028450290620	capture	1447	MUL_MAT	MMVQ	-	blk.8.attn_gate.weight	z-8	q4_K	f32	f32	2048	2048	1	1	2048	1	1	1	1152	2359296	2359296	8192	8192	8192	1	1	0	1	1
3	1788292028450290620	capture	1447	MUL_MAT	MMVQ	-	blk.8.attn_qkv.weight	node_493	q6_K	f32	f32	2048	6144	1	1	2048	1	1	1	1680	10321920	10321920	8192	8192	8192	1	1	0	1	1
3	1788292028450290620	capture	1447	MUL_MAT	MMVQ	-	blk.8.ssm_alpha.weight	node_514	q4_K	f32	f32	2048	16	1	1	2048	1	1	1	1152	18432	18432	8192	8192	8192	1	1	0	1	1
3	1788292028450290620	capture	1447	MUL_MAT	MMVQ	-	blk.8.ssm_beta.weight	node_520	q4_K	f32	f32	2048	16	1	1	2048	1	1	1	1152	18432	18432	8192	8192	8192	1	1	0	1	1
3	1788292028450290620	capture	1447	MUL_MAT	MMVQ	-	blk.8.ssm_out.weight	linear_attn_out-8	q4_K	f32	f32	2048	2048	1	1	2048	1	1	1	1152	2359296	2359296	8192	8192	8192	1	1	0	1	1
3	1788292028450290620	capture	1447	MUL_MAT	MMVQ	-	blk.9.attn_gate.weight	z-9	q4_K	f32	f32	2048	2048	1	1	2048	1	1	1	1152	2359296	2359296	8192	8192	8192	1	1	0	1	1
3	1788292028450290620	capture	1447	MUL_MAT	MMVQ	-	blk.9.attn_qkv.weight	node_556	q4_K	f32	f32	2048	6144	1	1	2048	1	1	1	1152	7077888	7077888	8192	8192	8192	1	1	0	1	1
3	1788292028450290620	capture	1447	MUL_MAT	MMVQ	-	blk.9.ssm_alpha.weight	node_577	q4_K	f32	f32	2048	16	1	1	2048	1	1	1	1152	18432	18432	8192	8192	8192	1	1	0	1	1
3	1788292028450290620	capture	1447	MUL_MAT	MMVQ	-	blk.9.ssm_beta.weight	node_583	q4_K	f32	f32	2048	16	1	1	2048	1	1	1	1152	18432	18432	8192	8192	8192	1	1	0	1	1
3	1788292028450290620	capture	1447	MUL_MAT	MMVQ	-	blk.9.ssm_out.weight	linear_attn_out-9	q4_K	f32	f32	2048	2048	1	1	2048	1	1	1	1152	2359296	2359296	8192	8192	8192	1	1	0	1	1
3	1788292028450290620	capture	1447	MUL_MAT	MMVQ	-	token_embd.weight	result_output	q6_K	f32	f32	2048	248320	1	1	2048	1	1	1	1680	417177600	417177600	8192	8192	8192	1	1	0	1	1
3	1788292028450290620	capture	1447	MUL_MAT	MMVQ	fused	blk.0.ffn_down.weight	l_out-0	q6_K	f32	f32	6144	2048	1	1	6144	1	1	1	5040	10321920	10321920	24576	24576	24576	1	1	0	1	1
3	1788292028450290620	capture	1447	MUL_MAT	MMVQ	fused	blk.0.ffn_up.weight	ffn_swiglu-0	q4_K	f32	f32	2048	6144	1	1	2048	1	1	1	1152	7077888	7077888	8192	8192	8192	1	1	0	1	1
3	1788292028450290620	capture	1447	MUL_MAT	MMVQ	fused	blk.1.ffn_down.weight	l_out-1	q6_K	f32	f32	6144	2048	1	1	6144	1	1	1	5040	10321920	10321920	24576	24576	24576	1	1	0	1	1
3	1788292028450290620	capture	1447	MUL_MAT	MMVQ	fused	blk.1.ffn_up.weight	ffn_swiglu-1	q4_K	f32	f32	2048	6144	1	1	2048	1	1	1	1152	7077888	7077888	8192	8192	8192	1	1	0	1	1
3	1788292028450290620	capture	1447	MUL_MAT	MMVQ	fused	blk.10.ffn_down.weight	l_out-10	q4_K	f32	f32	6144	2048	1	1	6144	1	1	1	3456	7077888	7077888	24576	24576	24576	1	1	0	1	1
3	1788292028450290620	capture	1447	MUL_MAT	MMVQ	fused	blk.10.ffn_up.weight	ffn_swiglu-10	q4_K	f32	f32	2048	6144	1	1	2048	1	1	1	1152	7077888	7077888	8192	8192	8192	1	1	0	1	1
3	1788292028450290620	capture	1447	MUL_MAT	MMVQ	fused	blk.11.attn_output.weight	attn_residual-11	q4_K	f32	f32	2048	2048	1	1	2048	1	1	1	1152	2359296	2359296	8192	8192	8192	1	1	0	1	1
3	1788292028450290620	capture	1447	MUL_MAT	MMVQ	fused	blk.11.ffn_down.weight	l_out-11	q6_K	f32	f32	6144	2048	1	1	6144	1	1	1	5040	10321920	10321920	24576	24576	24576	1	1	0	1	1
3	1788292028450290620	capture	1447	MUL_MAT	MMVQ	fused	blk.11.ffn_up.weight	ffn_swiglu-11	q4_K	f32	f32	2048	6144	1	1	2048	1	1	1	1152	7077888	7077888	8192	8192	8192	1	1	0	1	1
3	1788292028450290620	capture	1447	MUL_MAT	MMVQ	fused	blk.12.ffn_down.weight	l_out-12	q4_K	f32	f32	6144	2048	1	1	6144	1	1	1	3456	7077888	7077888	24576	24576	24576	1	1	0	1	1
3	1788292028450290620	capture	1447	MUL_MAT	MMVQ	fused	blk.12.ffn_up.weight	ffn_swiglu-12	q4_K	f32	f32	2048	6144	1	1	2048	1	1	1	1152	7077888	7077888	8192	8192	8192	1	1	0	1	1
3	1788292028450290620	capture	1447	MUL_MAT	MMVQ	fused	blk.13.ffn_down.weight	l_out-13	q4_K	f32	f32	6144	2048	1	1	6144	1	1	1	3456	7077888	7077888	24576	24576	24576	1	1	0	1	1
3	1788292028450290620	capture	1447	MUL_MAT	MMVQ	fused	blk.13.ffn_up.weight	ffn_swiglu-13	q4_K	f32	f32	2048	6144	1	1	2048	1	1	1	1152	7077888	7077888	8192	8192	8192	1	1	0	1	1
3	1788292028450290620	capture	1447	MUL_MAT	MMVQ	fused	blk.14.ffn_down.weight	l_out-14	q6_K	f32	f32	6144	2048	1	1	6144	1	1	1	5040	10321920	10321920	24576	24576	24576	1	1	0	1	1
3	1788292028450290620	capture	1447	MUL_MAT	MMVQ	fused	blk.14.ffn_up.weight	ffn_swiglu-14	q4_K	f32	f32	2048	6144	1	1	2048	1	1	1	1152	7077888	7077888	8192	8192	8192	1	1	0	1	1
3	1788292028450290620	capture	1447	MUL_MAT	MMVQ	fused	blk.15.attn_output.weight	attn_residual-15	q4_K	f32	f32	2048	2048	1	1	2048	1	1	1	1152	2359296	2359296	8192	8192	8192	1	1	0	1	1
3	1788292028450290620	capture	1447	MUL_MAT	MMVQ	fused	blk.15.ffn_down.weight	l_out-15	q4_K	f32	f32	6144	2048	1	1	6144	1	1	1	3456	7077888	7077888	24576	24576	24576	1	1	0	1	1
3	1788292028450290620	capture	1447	MUL_MAT	MMVQ	fused	blk.15.ffn_up.weight	ffn_swiglu-15	q4_K	f32	f32	2048	6144	1	1	2048	1	1	1	1152	7077888	7077888	8192	8192	8192	1	1	0	1	1
3	1788292028450290620	capture	1447	MUL_MAT	MMVQ	fused	blk.16.ffn_down.weight	l_out-16	q4_K	f32	f32	6144	2048	1	1	6144	1	1	1	3456	7077888	7077888	24576	24576	24576	1	1	0	1	1
3	1788292028450290620	capture	1447	MUL_MAT	MMVQ	fused	blk.16.ffn_up.weight	ffn_swiglu-16	q4_K	f32	f32	2048	6144	1	1	2048	1	1	1	1152	7077888	7077888	8192	8192	8192	1	1	0	1	1
3	1788292028450290620	capture	1447	MUL_MAT	MMVQ	fused	blk.17.ffn_down.weight	l_out-17	q6_K	f32	f32	6144	2048	1	1	6144	1	1	1	5040	10321920	10321920	24576	24576	24576	1	1	0	1	1
3	1788292028450290620	capture	1447	MUL_MAT	MMVQ	fused	blk.17.ffn_up.weight	ffn_swiglu-17	q4_K	f32	f32	2048	6144	1	1	2048	1	1	1	1152	7077888	7077888	8192	8192	8192	1	1	0	1	1
3	1788292028450290620	capture	1447	MUL_MAT	MMVQ	fused	blk.18.ffn_down.weight	l_out-18	q4_K	f32	f32	6144	2048	1	1	6144	1	1	1	3456	7077888	7077888	24576	24576	24576	1	1	0	1	1
3	1788292028450290620	capture	1447	MUL_MAT	MMVQ	fused	blk.18.ffn_up.weight	ffn_swiglu-18	q4_K	f32	f32	2048	6144	1	1	2048	1	1	1	1152	7077888	7077888	8192	8192	8192	1	1	0	1	1
3	1788292028450290620	capture	1447	MUL_MAT	MMVQ	fused	blk.19.attn_output.weight	attn_residual-19	q4_K	f32	f32	2048	2048	1	1	2048	1	1	1	1152	2359296	2359296	8192	8192	8192	1	1	0	1	1
3	1788292028450290620	capture	1447	MUL_MAT	MMVQ	fused	blk.19.ffn_down.weight	l_out-19	q4_K	f32	f32	6144	2048	1	1	6144	1	1	1	3456	7077888	7077888	24576	24576	24576	1	1	0	1	1
3	1788292028450290620	capture	1447	MUL_MAT	MMVQ	fused	blk.19.ffn_up.weight	ffn_swiglu-19	q4_K	f32	f32	2048	6144	1	1	2048	1	1	1	1152	7077888	7077888	8192	8192	8192	1	1	0	1	1
3	1788292028450290620	capture	1447	MUL_MAT	MMVQ	fused	blk.2.ffn_down.weight	l_out-2	q6_K	f32	f32	6144	2048	1	1	6144	1	1	1	5040	10321920	10321920	24576	24576	24576	1	1	0	1	1
3	1788292028450290620	capture	1447	MUL_MAT	MMVQ	fused	blk.2.ffn_up.weight	ffn_swiglu-2	q4_K	f32	f32	2048	6144	1	1	2048	1	1	1	1152	7077888	7077888	8192	8192	8192	1	1	0	1	1
3	1788292028450290620	capture	1447	MUL_MAT	MMVQ	fused	blk.20.ffn_down.weight	l_out-20	q6_K	f32	f32	6144	2048	1	1	6144	1	1	1	5040	10321920	10321920	24576	24576	24576	1	1	0	1	1
3	1788292028450290620	capture	1447	MUL_MAT	MMVQ	fused	blk.20.ffn_up.weight	ffn_swiglu-20	q4_K	f32	f32	2048	6144	1	1	2048	1	1	1	1152	7077888	7077888	8192	8192	8192	1	1	0	1	1
3	1788292028450290620	capture	1447	MUL_MAT	MMVQ	fused	blk.21.ffn_down.weight	l_out-21	q6_K	f32	f32	6144	2048	1	1	6144	1	1	1	5040	10321920	10321920	24576	24576	24576	1	1	0	1	1
3	1788292028450290620	capture	1447	MUL_MAT	MMVQ	fused	blk.21.ffn_up.weight	ffn_swiglu-21	q4_K	f32	f32	2048	6144	1	1	2048	1	1	1	1152	7077888	7077888	8192	8192	8192	1	1	0	1	1
3	1788292028450290620	capture	1447	MUL_MAT	MMVQ	fused	blk.22.ffn_down.weight	l_out-22	q6_K	f32	f32	6144	2048	1	1	6144	1	1	1	5040	10321920	10321920	24576	24576	24576	1	1	0	1	1
3	1788292028450290620	capture	1447	MUL_MAT	MMVQ	fused	blk.22.ffn_up.weight	ffn_swiglu-22	q4_K	f32	f32	2048	6144	1	1	2048	1	1	1	1152	7077888	7077888	8192	8192	8192	1	1	0	1	1
3	1788292028450290620	capture	1447	MUL_MAT	MMVQ	fused	blk.23.attn_output.weight	attn_residual-23	q4_K	f32	f32	2048	2048	1	1	2048	1	1	1	1152	2359296	2359296	8192	8192	8192	1	1	0	1	1
3	1788292028450290620	capture	1447	MUL_MAT	MMVQ	fused	blk.23.ffn_down.weight	l_out-23	q6_K	f32	f32	6144	2048	1	1	6144	1	1	1	5040	10321920	10321920	24576	24576	24576	1	1	0	1	1
3	1788292028450290620	capture	1447	MUL_MAT	MMVQ	fused	blk.23.ffn_up.weight	ffn_swiglu-23	q4_K	f32	f32	2048	6144	1	1	2048	1	1	1	1152	7077888	7077888	8192	8192	8192	1	1	0	1	1
3	1788292028450290620	capture	1447	MUL_MAT	MMVQ	fused	blk.3.attn_output.weight	attn_residual-3	q4_K	f32	f32	2048	2048	1	1	2048	1	1	1	1152	2359296	2359296	8192	8192	8192	1	1	0	1	1
3	1788292028450290620	capture	1447	MUL_MAT	MMVQ	fused	blk.3.ffn_down.weight	l_out-3	q4_K	f32	f32	6144	2048	1	1	6144	1	1	1	3456	7077888	7077888	24576	24576	24576	1	1	0	1	1
3	1788292028450290620	capture	1447	MUL_MAT	MMVQ	fused	blk.3.ffn_up.weight	ffn_swiglu-3	q4_K	f32	f32	2048	6144	1	1	2048	1	1	1	1152	7077888	7077888	8192	8192	8192	1	1	0	1	1
3	1788292028450290620	capture	1447	MUL_MAT	MMVQ	fused	blk.4.ffn_down.weight	l_out-4	q4_K	f32	f32	6144	2048	1	1	6144	1	1	1	3456	7077888	7077888	24576	24576	24576	1	1	0	1	1
3	1788292028450290620	capture	1447	MUL_MAT	MMVQ	fused	blk.4.ffn_up.weight	ffn_swiglu-4	q4_K	f32	f32	2048	6144	1	1	2048	1	1	1	1152	7077888	7077888	8192	8192	8192	1	1	0	1	1
3	1788292028450290620	capture	1447	MUL_MAT	MMVQ	fused	blk.5.ffn_down.weight	l_out-5	q6_K	f32	f32	6144	2048	1	1	6144	1	1	1	5040	10321920	10321920	24576	24576	24576	1	1	0	1	1
3	1788292028450290620	capture	1447	MUL_MAT	MMVQ	fused	blk.5.ffn_up.weight	ffn_swiglu-5	q4_K	f32	f32	2048	6144	1	1	2048	1	1	1	1152	7077888	7077888	8192	8192	8192	1	1	0	1	1
3	1788292028450290620	capture	1447	MUL_MAT	MMVQ	fused	blk.6.ffn_down.weight	l_out-6	q4_K	f32	f32	6144	2048	1	1	6144	1	1	1	3456	7077888	7077888	24576	24576	24576	1	1	0	1	1
3	1788292028450290620	capture	1447	MUL_MAT	MMVQ	fused	blk.6.ffn_up.weight	ffn_swiglu-6	q4_K	f32	f32	2048	6144	1	1	2048	1	1	1	1152	7077888	7077888	8192	8192	8192	1	1	0	1	1
3	1788292028450290620	capture	1447	MUL_MAT	MMVQ	fused	blk.7.attn_output.weight	attn_residual-7	q4_K	f32	f32	2048	2048	1	1	2048	1	1	1	1152	2359296	2359296	8192	8192	8192	1	1	0	1	1
3	1788292028450290620	capture	1447	MUL_MAT	MMVQ	fused	blk.7.ffn_down.weight	l_out-7	q4_K	f32	f32	6144	2048	1	1	6144	1	1	1	3456	7077888	7077888	24576	24576	24576	1	1	0	1	1
3	1788292028450290620	capture	1447	MUL_MAT	MMVQ	fused	blk.7.ffn_up.weight	ffn_swiglu-7	q4_K	f32	f32	2048	6144	1	1	2048	1	1	1	1152	7077888	7077888	8192	8192	8192	1	1	0	1	1
3	1788292028450290620	capture	1447	MUL_MAT	MMVQ	fused	blk.8.ffn_down.weight	l_out-8	q6_K	f32	f32	6144	2048	1	1	6144	1	1	1	5040	10321920	10321920	24576	24576	24576	1	1	0	1	1
3	1788292028450290620	capture	1447	MUL_MAT	MMVQ	fused	blk.8.ffn_up.weight	ffn_swiglu-8	q4_K	f32	f32	2048	6144	1	1	2048	1	1	1	1152	7077888	7077888	8192	8192	8192	1	1	0	1	1
3	1788292028450290620	capture	1447	MUL_MAT	MMVQ	fused	blk.9.ffn_down.weight	l_out-9	q4_K	f32	f32	6144	2048	1	1	6144	1	1	1	3456	7077888	7077888	24576	24576	24576	1	1	0	1	1
3	1788292028450290620	capture	1447	MUL_MAT	MMVQ	fused	blk.9.ffn_up.weight	ffn_swiglu-9	q4_K	f32	f32	2048	6144	1	1	2048	1	1	1	1152	7077888	7077888	8192	8192	8192	1	1	0	1	1
4	1788292028460174522	replay	1447	-	graph_replay	-	-	-	-	-	-	-	-	-	-	-	-	-	-	-	-	-	-	-	-	-	-	-	-	1
5	1788292028464699144	replay	1447	-	graph_replay	-	-	-	-	-	-	-	-	-	-	-	-	-	-	-	-	-	-	-	-	-	-	-	-	1
6	1788292028469640358	replay	1447	-	graph_replay	-	-	-	-	-	-	-	-	-	-	-	-	-	-	-	-	-	-	-	-	-	-	-	-	1
7	1788292028474342654	replay	1447	-	graph_replay	-	-	-	-	-	-	-	-	-	-	-	-	-	-	-	-	-	-	-	-	-	-	-	-	1
8	1788292028479091507	replay	1447	-	graph_replay	-	-	-	-	-	-	-	-	-	-	-	-	-	-	-	-	-	-	-	-	-	-	-	-	1
9	1788292028483373693	replay	1447	-	graph_replay	-	-	-	-	-	-	-	-	-	-	-	-	-	-	-	-	-	-	-	-	-	-	-	-	1
10	1788292028487975961	replay	1447	-	graph_replay	-	-	-	-	-	-	-	-	-	-	-	-	-	-	-	-	-	-	-	-	-	-	-	-	1
11	1788292028492799545	replay	1447	-	graph_replay	-	-	-	-	-	-	-	-	-	-	-	-	-	-	-	-	-	-	-	-	-	-	-	-	1
12	1788292028497557605	replay	1447	-	graph_replay	-	-	-	-	-	-	-	-	-	-	-	-	-	-	-	-	-	-	-	-	-	-	-	-	1
13	1788292028502106773	replay	1447	-	graph_replay	-	-	-	-	-	-	-	-	-	-	-	-	-	-	-	-	-	-	-	-	-	-	-	-	1
14	1788292028507350526	replay	1447	-	graph_replay	-	-	-	-	-	-	-	-	-	-	-	-	-	-	-	-	-	-	-	-	-	-	-	-	1
15	1788292028512852795	replay	1447	-	graph_replay	-	-	-	-	-	-	-	-	-	-	-	-	-	-	-	-	-	-	-	-	-	-	-	-	1
16	1788292028517374402	replay	1447	-	graph_replay	-	-	-	-	-	-	-	-	-	-	-	-	-	-	-	-	-	-	-	-	-	-	-	-	1
17	1788292028522249312	replay	1447	-	graph_replay	-	-	-	-	-	-	-	-	-	-	-	-	-	-	-	-	-	-	-	-	-	-	-	-	1
18	1788292028526904900	replay	1447	-	graph_replay	-	-	-	-	-	-	-	-	-	-	-	-	-	-	-	-	-	-	-	-	-	-	-	-	1
19	1788292028531450000	replay	1447	-	graph_replay	-	-	-	-	-	-	-	-	-	-	-	-	-	-	-	-	-	-	-	-	-	-	-	-	1
20	1788292028536735000	replay	1447	-	graph_replay	-	-	-	-	-	-	-	-	-	-	-	-	-	-	-	-	-	-	-	-	-	-	-	-	1
21	1788292028541509672	replay	1447	-	graph_replay	-	-	-	-	-	-	-	-	-	-	-	-	-	-	-	-	-	-	-	-	-	-	-	-	1
22	1788292028546703131	replay	1447	-	graph_replay	-	-	-	-	-	-	-	-	-	-	-	-	-	-	-	-	-	-	-	-	-	-	-	-	1
23	1788292028551244003	replay	1447	-	graph_replay	-	-	-	-	-	-	-	-	-	-	-	-	-	-	-	-	-	-	-	-	-	-	-	-	1
24	1788292028555730754	replay	1447	-	graph_replay	-	-	-	-	-	-	-	-	-	-	-	-	-	-	-	-	-	-	-	-	-	-	-	-	1
25	1788292028560877244	replay	1447	-	graph_replay	-	-	-	-	-	-	-	-	-	-	-	-	-	-	-	-	-	-	-	-	-	-	-	-	1
26	1788292028566345610	replay	1447	-	graph_replay	-	-	-	-	-	-	-	-	-	-	-	-	-	-	-	-	-	-	-	-	-	-	-	-	1
27	1788292028571228264	replay	1447	-	graph_replay	-	-	-	-	-	-	-	-	-	-	-	-	-	-	-	-	-	-	-	-	-	-	-	-	1
28	1788292028575689016	replay	1447	-	graph_replay	-	-	-	-	-	-	-	-	-	-	-	-	-	-	-	-	-	-	-	-	-	-	-	-	1
29	1788292028580276676	replay	1447	-	graph_replay	-	-	-	-	-	-	-	-	-	-	-	-	-	-	-	-	-	-	-	-	-	-	-	-	1
30	1788292028584969935	replay	1447	-	graph_replay	-	-	-	-	-	-	-	-	-	-	-	-	-	-	-	-	-	-	-	-	-	-	-	-	1
31	1788292028589688962	replay	1447	-	graph_replay	-	-	-	-	-	-	-	-	-	-	-	-	-	-	-	-	-	-	-	-	-	-	-	-	1
32	1788292028594335162	replay	1447	-	graph_replay	-	-	-	-	-	-	-	-	-	-	-	-	-	-	-	-	-	-	-	-	-	-	-	-	1
33	1788292028599064359	replay	1447	-	graph_replay	-	-	-	-	-	-	-	-	-	-	-	-	-	-	-	-	-	-	-	-	-	-	-	-	1
34	1788292028603766504	replay	1447	-	graph_replay	-	-	-	-	-	-	-	-	-	-	-	-	-	-	-	-	-	-	-	-	-	-	-	-	1
35	1788292028608197169	replay	1447	-	graph_replay	-	-	-	-	-	-	-	-	-	-	-	-	-	-	-	-	-	-	-	-	-	-	-	-	1
36	1788292028613818031	replay	1447	-	graph_replay	-	-	-	-	-	-	-	-	-	-	-	-	-	-	-	-	-	-	-	-	-	-	-	-	1
37	1788292028618850718	replay	1447	-	graph_replay	-	-	-	-	-	-	-	-	-	-	-	-	-	-	-	-	-	-	-	-	-	-	-	-	1
38	1788292028623457935	replay	1447	-	graph_replay	-	-	-	-	-	-	-	-	-	-	-	-	-	-	-	-	-	-	-	-	-	-	-	-	1
39	1788292028627623442	replay	1447	-	graph_replay	-	-	-	-	-	-	-	-	-	-	-	-	-	-	-	-	-	-	-	-	-	-	-	-	1
40	1788292028632205201	replay	1447	-	graph_replay	-	-	-	-	-	-	-	-	-	-	-	-	-	-	-	-	-	-	-	-	-	-	-	-	1
41	1788292028637386256	replay	1447	-	graph_replay	-	-	-	-	-	-	-	-	-	-	-	-	-	-	-	-	-	-	-	-	-	-	-	-	1
42	1788292028641956023	replay	1447	-	graph_replay	-	-	-	-	-	-	-	-	-	-	-	-	-	-	-	-	-	-	-	-	-	-	-	-	1
43	1788292028646808892	replay	1447	-	graph_replay	-	-	-	-	-	-	-	-	-	-	-	-	-	-	-	-	-	-	-	-	-	-	-	-	1
44	1788292028651299019	replay	1447	-	graph_replay	-	-	-	-	-	-	-	-	-	-	-	-	-	-	-	-	-	-	-	-	-	-	-	-	1
45	1788292028656662858	replay	1447	-	graph_replay	-	-	-	-	-	-	-	-	-	-	-	-	-	-	-	-	-	-	-	-	-	-	-	-	1
46	1788292028661591839	replay	1447	-	graph_replay	-	-	-	-	-	-	-	-	-	-	-	-	-	-	-	-	-	-	-	-	-	-	-	-	1
47	1788292028666168289	replay	1447	-	graph_replay	-	-	-	-	-	-	-	-	-	-	-	-	-	-	-	-	-	-	-	-	-	-	-	-	1
48	1788292028670591239	replay	1447	-	graph_replay	-	-	-	-	-	-	-	-	-	-	-	-	-	-	-	-	-	-	-	-	-	-	-	-	1
49	1788292028675275100	replay	1447	-	graph_replay	-	-	-	-	-	-	-	-	-	-	-	-	-	-	-	-	-	-	-	-	-	-	-	-	1
50	1788292028679996702	replay	1447	-	graph_replay	-	-	-	-	-	-	-	-	-	-	-	-	-	-	-	-	-	-	-	-	-	-	-	-	1
51	1788292028684560818	replay	1447	-	graph_replay	-	-	-	-	-	-	-	-	-	-	-	-	-	-	-	-	-	-	-	-	-	-	-	-	1
52	1788292028689038923	replay	1447	-	graph_replay	-	-	-	-	-	-	-	-	-	-	-	-	-	-	-	-	-	-	-	-	-	-	-	-	1
53	1788292028693810719	replay	1447	-	graph_replay	-	-	-	-	-	-	-	-	-	-	-	-	-	-	-	-	-	-	-	-	-	-	-	-	1
54	1788292028698215626	replay	1447	-	graph_replay	-	-	-	-	-	-	-	-	-	-	-	-	-	-	-	-	-	-	-	-	-	-	-	-	1
55	1788292028702830478	replay	1447	-	graph_replay	-	-	-	-	-	-	-	-	-	-	-	-	-	-	-	-	-	-	-	-	-	-	-	-	1
56	1788292028707216419	replay	1447	-	graph_replay	-	-	-	-	-	-	-	-	-	-	-	-	-	-	-	-	-	-	-	-	-	-	-	-	1
57	1788292028712093363	replay	1447	-	graph_replay	-	-	-	-	-	-	-	-	-	-	-	-	-	-	-	-	-	-	-	-	-	-	-	-	1
58	1788292028716899704	replay	1447	-	graph_replay	-	-	-	-	-	-	-	-	-	-	-	-	-	-	-	-	-	-	-	-	-	-	-	-	1
59	1788292028721865856	replay	1447	-	graph_replay	-	-	-	-	-	-	-	-	-	-	-	-	-	-	-	-	-	-	-	-	-	-	-	-	1
60	1788292028726615901	replay	1447	-	graph_replay	-	-	-	-	-	-	-	-	-	-	-	-	-	-	-	-	-	-	-	-	-	-	-	-	1
61	1788292028732447509	replay	1447	-	graph_replay	-	-	-	-	-	-	-	-	-	-	-	-	-	-	-	-	-	-	-	-	-	-	-	-	1
62	1788292028737353938	replay	1447	-	graph_replay	-	-	-	-	-	-	-	-	-	-	-	-	-	-	-	-	-	-	-	-	-	-	-	-	1
63	1788292028742143788	replay	1447	-	graph_replay	-	-	-	-	-	-	-	-	-	-	-	-	-	-	-	-	-	-	-	-	-	-	-	-	1
64	1788292028747078070	replay	1447	-	graph_replay	-	-	-	-	-	-	-	-	-	-	-	-	-	-	-	-	-	-	-	-	-	-	-	-	1
