graph_ordinal	arm	cycle	phase	topology_digest	n_tokens	n_outputs	n_kv	n_rs	action	executable	reset	change_reason	change_categories	change_node	change_op	change_name	host_us	device_ms
0	-	-1	-	7565fec99ff6ebb7	2	1	256	-1	direct	none	0	first_compute	-	-1	-	-	32961	38.6427
1	fixed	0	T0	da7570afdbb81394	252	0	256	-1	direct	none	0	structure	shape,data	0	GET_ROWS	model.input_embed	14480	37.0196
2	fixed	0	T0	802ba1f19f5ea689	4	1	256	-1	direct	none	0	structure	shape,data	0	GET_ROWS	model.input_embed	8182	13.4656
3	fixed	0	T0	0dfa7fc3533697c4	1	1	512	-1	direct	none	0	structure	shape,data	0	GET_ROWS	model.input_embed	3395	8.5421
4	fixed	0	T0	0dfa7fc3533697c4	1	1	512	-1	capture	update	0	none	-	-1	-	-	2917	9.8995
5	fixed	0	T0	0dfa7fc3533697c4	1	1	512	-1	replay	none	0	none	-	-1	-	-	507	7.4129
6	fixed	0	T0	0dfa7fc3533697c4	1	1	512	-1	replay	none	0	none	-	-1	-	-	483	7.4478
7	fixed	0	T0	0dfa7fc3533697c4	1	1	512	-1	replay	none	0	none	-	-1	-	-	458	7.5016
8	fixed	0	T0	0dfa7fc3533697c4	1	1	512	-1	replay	none	0	none	-	-1	-	-	458	7.5972
9	fixed	0	T0	0dfa7fc3533697c4	1	1	512	-1	replay	none	0	none	-	-1	-	-	462	7.5716
10	fixed	0	T0	0dfa7fc3533697c4	1	1	512	-1	replay	none	0	none	-	-1	-	-	459	7.5867
11	fixed	0	T0	0dfa7fc3533697c4	1	1	512	-1	replay	none	0	none	-	-1	-	-	459	7.6057
12	fixed	0	T0	0dfa7fc3533697c4	1	1	512	-1	replay	none	0	none	-	-1	-	-	461	7.5784
13	fixed	0	T0	0dfa7fc3533697c4	1	1	512	-1	replay	none	0	none	-	-1	-	-	462	7.6442
14	fixed	0	T0	0dfa7fc3533697c4	1	1	512	-1	replay	none	0	none	-	-1	-	-	462	7.5786
15	fixed	0	T0	0dfa7fc3533697c4	1	1	512	-1	replay	none	0	none	-	-1	-	-	465	7.6230
16	fixed	0	T0	0dfa7fc3533697c4	1	1	512	-1	replay	none	0	none	-	-1	-	-	465	7.6360
17	fixed	0	T0	0dfa7fc3533697c4	1	1	512	-1	replay	none	0	none	-	-1	-	-	463	7.6071
18	fixed	0	T0	0dfa7fc3533697c4	1	1	512	-1	replay	none	0	none	-	-1	-	-	467	7.5822
19	fixed	0	T0	0dfa7fc3533697c4	1	1	512	-1	replay	none	0	none	-	-1	-	-	462	7.6602
20	fixed	0	T0	0dfa7fc3533697c4	1	1	512	-1	replay	none	0	none	-	-1	-	-	467	7.6339
21	fixed	0	T0	0dfa7fc3533697c4	1	1	512	-1	replay	none	0	none	-	-1	-	-	469	7.5780
22	fixed	0	T0	0dfa7fc3533697c4	1	1	512	-1	replay	none	0	none	-	-1	-	-	478	7.6380
23	fixed	0	T0	0dfa7fc3533697c4	1	1	512	-1	replay	none	0	none	-	-1	-	-	465	7.6257
24	fixed	0	T0	0dfa7fc3533697c4	1	1	512	-1	replay	none	0	none	-	-1	-	-	466	7.5897
25	fixed	0	T0	0dfa7fc3533697c4	1	1	512	-1	replay	none	0	none	-	-1	-	-	463	7.6790
26	fixed	0	T0	0dfa7fc3533697c4	1	1	512	-1	replay	none	0	none	-	-1	-	-	466	7.6243
27	fixed	0	T1	94dc22ce3d23b91b	2	1	512	-1	direct	none	1	structure	shape,data	0	GET_ROWS	model.input_embed	2639	9.0615
28	fixed	0	T1	d8f873be867a8271	251	0	256	-1	direct	none	0	structure	shape,data	0	GET_ROWS	model.input_embed	3051	30.2422
29	fixed	0	T1	79cc5f245f480542	2	1	512	-1	direct	none	0	structure	shape,data	0	GET_ROWS	model.input_embed	2406	4.6316
30	fixed	0	T1	bcd06391008a2d68	3	1	256	-1	direct	none	0	structure	shape,data	0	GET_ROWS	model.input_embed	2445	4.5971
31	fixed	0	T2	d702fd6fe588b6cb	2	2	512	-1	direct	none	0	structure	shape,data	0	GET_ROWS	model.input_embed	2418	4.5884
32	fixed	0	T2	d702fd6fe588b6cb	2	2	512	-1	capture	reinstantiate	0	none	-	-1	-	-	2865	6.4291
33	fixed	0	T2	d702fd6fe588b6cb	2	2	512	-1	replay	none	0	none	-	-1	-	-	468	4.2205
34	fixed	0	T2	d702fd6fe588b6cb	2	2	512	-1	replay	none	0	none	-	-1	-	-	466	4.0551
35	fixed	0	T2	d702fd6fe588b6cb	2	2	512	-1	replay	none	0	none	-	-1	-	-	465	4.0376
36	fixed	0	T2	d702fd6fe588b6cb	2	2	512	-1	replay	none	0	none	-	-1	-	-	465	4.0337
37	fixed	0	T2	d702fd6fe588b6cb	2	2	512	-1	replay	none	0	none	-	-1	-	-	464	4.0386
38	fixed	0	T2	d702fd6fe588b6cb	2	2	512	-1	replay	none	0	none	-	-1	-	-	462	4.0328
39	fixed	0	T2	d702fd6fe588b6cb	2	2	512	-1	replay	none	0	none	-	-1	-	-	463	4.0357
40	fixed	0	T2	d702fd6fe588b6cb	2	2	512	-1	replay	none	0	none	-	-1	-	-	461	4.0374
41	fixed	0	T2	d702fd6fe588b6cb	2	2	512	-1	replay	none	0	none	-	-1	-	-	473	4.0379
42	fixed	0	T2	d702fd6fe588b6cb	2	2	512	-1	replay	none	0	none	-	-1	-	-	462	4.0488
43	fixed	0	T2	d702fd6fe588b6cb	2	2	512	-1	replay	none	0	none	-	-1	-	-	464	4.0124
44	fixed	0	T2	d702fd6fe588b6cb	2	2	512	-1	replay	none	0	none	-	-1	-	-	459	4.0383
45	fixed	0	T2	d702fd6fe588b6cb	2	2	512	-1	replay	none	0	none	-	-1	-	-	463	4.0467
46	fixed	0	T2	d702fd6fe588b6cb	2	2	512	-1	replay	none	0	none	-	-1	-	-	461	4.0350
47	fixed	0	T2	d702fd6fe588b6cb	2	2	512	-1	replay	none	0	none	-	-1	-	-	460	4.0441
48	fixed	0	T2	d702fd6fe588b6cb	2	2	512	-1	replay	none	0	none	-	-1	-	-	459	4.0274
49	fixed	0	T2	d702fd6fe588b6cb	2	2	512	-1	replay	none	0	none	-	-1	-	-	469	4.0348
50	fixed	0	T2	d702fd6fe588b6cb	2	2	512	-1	replay	none	0	none	-	-1	-	-	465	4.0557
51	fixed	0	T2	d702fd6fe588b6cb	2	2	512	-1	replay	none	0	none	-	-1	-	-	463	4.0378
52	fixed	0	T2	d702fd6fe588b6cb	2	2	512	-1	replay	none	0	none	-	-1	-	-	465	4.0736
53	fixed	0	T2	d702fd6fe588b6cb	2	2	512	-1	replay	none	0	none	-	-1	-	-	464	4.0404
54	fixed	0	T2	d702fd6fe588b6cb	2	2	512	-1	replay	none	0	none	-	-1	-	-	463	4.0514
55	fixed	0	T2	d702fd6fe588b6cb	2	2	512	-1	replay	none	0	none	-	-1	-	-	462	4.0802
56	fixed	0	T2	d702fd6fe588b6cb	2	2	512	-1	replay	none	0	none	-	-1	-	-	460	4.0372
57	fixed	0	T2	d702fd6fe588b6cb	2	2	512	-1	replay	none	0	none	-	-1	-	-	461	4.0331
58	fixed	0	T2	d702fd6fe588b6cb	2	2	512	-1	replay	none	0	none	-	-1	-	-	461	4.0789
59	fixed	0	T2	d702fd6fe588b6cb	2	2	512	-1	replay	none	0	none	-	-1	-	-	462	4.0536
60	fixed	0	T2	d702fd6fe588b6cb	2	2	512	-1	replay	none	0	none	-	-1	-	-	460	4.0358
61	fixed	0	T2	d702fd6fe588b6cb	2	2	512	-1	replay	none	0	none	-	-1	-	-	463	4.0444
62	fixed	0	T3	0dfa7fc3533697c4	1	1	512	-1	direct	none	1	structure	shape,data	0	GET_ROWS	model.input_embed	2161	4.2437
63	fixed	0	T3	0dfa7fc3533697c4	1	1	512	-1	capture	reinstantiate	0	none	-	-1	-	-	2218	5.5271
64	fixed	0	T3	0dfa7fc3533697c4	1	1	512	-1	replay	none	0	none	-	-1	-	-	489	3.7496
65	fixed	0	T3	0dfa7fc3533697c4	1	1	512	-1	replay	none	0	none	-	-1	-	-	466	3.7289
66	fixed	0	T3	0dfa7fc3533697c4	1	1	512	-1	replay	none	0	none	-	-1	-	-	465	3.7861
67	fixed	0	T3	0dfa7fc3533697c4	1	1	512	-1	replay	none	0	none	-	-1	-	-	464	3.7482
68	fixed	0	T3	0dfa7fc3533697c4	1	1	512	-1	replay	none	0	none	-	-1	-	-	464	3.7399
69	fixed	0	T3	0dfa7fc3533697c4	1	1	512	-1	replay	none	0	none	-	-1	-	-	462	3.7620
70	fixed	0	T3	0dfa7fc3533697c4	1	1	512	-1	replay	none	0	none	-	-1	-	-	464	3.7614
71	fixed	0	T3	0dfa7fc3533697c4	1	1	512	-1	replay	none	0	none	-	-1	-	-	463	3.7584
72	fixed	0	T3	0dfa7fc3533697c4	1	1	512	-1	replay	none	0	none	-	-1	-	-	466	3.7580
73	fixed	0	T3	0dfa7fc3533697c4	1	1	512	-1	replay	none	0	none	-	-1	-	-	462	3.7289
74	fixed	0	T3	0dfa7fc3533697c4	1	1	512	-1	replay	none	0	none	-	-1	-	-	467	3.7508
75	fixed	0	T3	0dfa7fc3533697c4	1	1	512	-1	replay	none	0	none	-	-1	-	-	463	3.7600
76	fixed	0	T3	0dfa7fc3533697c4	1	1	512	-1	replay	none	0	none	-	-1	-	-	465	3.7225
77	fixed	0	T3	0dfa7fc3533697c4	1	1	512	-1	replay	none	0	none	-	-1	-	-	461	3.7379
78	fixed	0	T3	0dfa7fc3533697c4	1	1	512	-1	replay	none	0	none	-	-1	-	-	465	3.7287
79	fixed	0	T3	0dfa7fc3533697c4	1	1	512	-1	replay	none	0	none	-	-1	-	-	462	3.7385
80	fixed	0	T3	0dfa7fc3533697c4	1	1	512	-1	replay	none	0	none	-	-1	-	-	466	3.7088
81	fixed	0	T3	0dfa7fc3533697c4	1	1	512	-1	replay	none	0	none	-	-1	-	-	462	3.7341
82	fixed	0	T3	0dfa7fc3533697c4	1	1	512	-1	replay	none	0	none	-	-1	-	-	465	3.7322
83	fixed	0	T3	0dfa7fc3533697c4	1	1	512	-1	replay	none	0	none	-	-1	-	-	460	3.7063
84	fixed	0	T3	0dfa7fc3533697c4	1	1	512	-1	replay	none	0	none	-	-1	-	-	471	3.7574
85	fixed	0	T3	0dfa7fc3533697c4	1	1	512	-1	replay	none	0	none	-	-1	-	-	464	3.7312
86	fixed	0	T3	0dfa7fc3533697c4	1	1	512	-1	replay	none	0	none	-	-1	-	-	466	3.7365
87	fixed	0	T3	0dfa7fc3533697c4	1	1	512	-1	replay	none	0	none	-	-1	-	-	461	3.7305
88	fixed	0	T3	0dfa7fc3533697c4	1	1	512	-1	replay	none	0	none	-	-1	-	-	463	3.7418
89	fixed	0	T3	0dfa7fc3533697c4	1	1	512	-1	replay	none	0	none	-	-1	-	-	472	3.7327
90	fixed	0	T3	0dfa7fc3533697c4	1	1	512	-1	replay	none	0	none	-	-1	-	-	470	3.7566
91	fixed	0	T3	0dfa7fc3533697c4	1	1	512	-1	replay	none	0	none	-	-1	-	-	477	3.7295
92	fixed	0	T3	0dfa7fc3533697c4	1	1	512	-1	replay	none	0	none	-	-1	-	-	465	3.7637
93	fixed	0	T3	0dfa7fc3533697c4	1	1	512	-1	replay	none	0	none	-	-1	-	-	466	3.7371
94	fixed	0	T3	0dfa7fc3533697c4	1	1	512	-1	replay	none	0	none	-	-1	-	-	472	3.7534
95	fixed	0	T3	0dfa7fc3533697c4	1	1	512	-1	replay	none	0	none	-	-1	-	-	471	3.7768
96	fixed	0	T3	0dfa7fc3533697c4	1	1	512	-1	replay	none	0	none	-	-1	-	-	469	3.7376
97	fixed	0	T3	0dfa7fc3533697c4	1	1	512	-1	replay	none	0	none	-	-1	-	-	465	3.7662
98	fixed	0	T3	0dfa7fc3533697c4	1	1	512	-1	replay	none	0	none	-	-1	-	-	463	3.7513
99	fixed	0	T3	0dfa7fc3533697c4	1	1	512	-1	replay	none	0	none	-	-1	-	-	463	3.7521
100	fixed	0	T3	0dfa7fc3533697c4	1	1	512	-1	replay	none	0	none	-	-1	-	-	466	3.7424
101	fixed	0	T3	0dfa7fc3533697c4	1	1	512	-1	replay	none	0	none	-	-1	-	-	462	3.7257
102	fixed	0	T3	0dfa7fc3533697c4	1	1	512	-1	replay	none	0	none	-	-1	-	-	464	3.7249
103	fixed	0	T3	0dfa7fc3533697c4	1	1	512	-1	replay	none	0	none	-	-1	-	-	469	3.7222
104	fixed	0	T3	0dfa7fc3533697c4	1	1	512	-1	replay	none	0	none	-	-1	-	-	468	3.7295
105	fixed	0	T3	0dfa7fc3533697c4	1	1	512	-1	replay	none	0	none	-	-1	-	-	469	3.7233
106	fixed	0	T3	0dfa7fc3533697c4	1	1	512	-1	replay	none	0	none	-	-1	-	-	472	3.7303
107	fixed	0	T3	0dfa7fc3533697c4	1	1	512	-1	replay	none	0	none	-	-1	-	-	463	3.7343
108	fixed	0	T3	0dfa7fc3533697c4	1	1	512	-1	replay	none	0	none	-	-1	-	-	466	3.7360
109	fixed	0	T3	0dfa7fc3533697c4	1	1	512	-1	replay	none	0	none	-	-1	-	-	462	3.7101
110	fixed	0	T3	0dfa7fc3533697c4	1	1	512	-1	replay	none	0	none	-	-1	-	-	463	3.7470
111	fixed	0	T3	0dfa7fc3533697c4	1	1	512	-1	replay	none	0	none	-	-1	-	-	538	3.7328
112	fixed	0	T3	0dfa7fc3533697c4	1	1	512	-1	replay	none	0	none	-	-1	-	-	469	3.7638
113	fixed	0	T3	0dfa7fc3533697c4	1	1	512	-1	replay	none	0	none	-	-1	-	-	472	3.7295
114	fixed	0	T3	0dfa7fc3533697c4	1	1	512	-1	replay	none	0	none	-	-1	-	-	462	3.7344
115	fixed	0	T3	0dfa7fc3533697c4	1	1	512	-1	replay	none	0	none	-	-1	-	-	470	3.7688
116	fixed	0	T3	0dfa7fc3533697c4	1	1	512	-1	replay	none	0	none	-	-1	-	-	463	3.7252
117	fixed	0	T3	0dfa7fc3533697c4	1	1	512	-1	replay	none	0	none	-	-1	-	-	476	3.7777
118	fixed	0	T3	0dfa7fc3533697c4	1	1	512	-1	replay	none	0	none	-	-1	-	-	461	3.7507
119	fixed	0	T3	0dfa7fc3533697c4	1	1	512	-1	replay	none	0	none	-	-1	-	-	464	3.7427
120	fixed	0	T3	0dfa7fc3533697c4	1	1	512	-1	replay	none	0	none	-	-1	-	-	462	3.7488
121	fixed	0	T3	0dfa7fc3533697c4	1	1	512	-1	replay	none	0	none	-	-1	-	-	463	3.7801
122	fixed	0	T3	0dfa7fc3533697c4	1	1	512	-1	replay	none	0	none	-	-1	-	-	467	3.7406
123	fixed	0	T3	0dfa7fc3533697c4	1	1	512	-1	replay	none	0	none	-	-1	-	-	466	3.7176
124	fixed	0	T3	0dfa7fc3533697c4	1	1	512	-1	replay	none	0	none	-	-1	-	-	463	3.7340
125	fixed	0	T3	0dfa7fc3533697c4	1	1	512	-1	replay	none	0	none	-	-1	-	-	463	3.7325
126	fixed	0	T3	0dfa7fc3533697c4	1	1	512	-1	replay	none	0	none	-	-1	-	-	459	3.7247
127	fixed	0	T3	0dfa7fc3533697c4	1	1	512	-1	replay	none	0	none	-	-1	-	-	463	3.7200
128	fixed	0	T3	0dfa7fc3533697c4	1	1	512	-1	replay	none	0	none	-	-1	-	-	463	3.7467
129	fixed	0	T3	0dfa7fc3533697c4	1	1	512	-1	replay	none	0	none	-	-1	-	-	461	3.7181
130	fixed	0	T3	0dfa7fc3533697c4	1	1	512	-1	replay	none	0	none	-	-1	-	-	460	3.7296
131	fixed	0	T3	0dfa7fc3533697c4	1	1	512	-1	replay	none	0	none	-	-1	-	-	468	3.7284
132	fixed	1	T0	802ba1f19f5ea689	4	1	256	-1	direct	none	1	structure	shape,data	0	GET_ROWS	model.input_embed	2582	4.6622
133	fixed	1	T0	0dfa7fc3533697c4	1	1	512	-1	direct	none	0	structure	shape,data	0	GET_ROWS	model.input_embed	2162	4.2134
134	fixed	1	T0	0dfa7fc3533697c4	1	1	512	-1	capture	update	0	none	-	-1	-	-	1647	4.8932
135	fixed	1	T0	0dfa7fc3533697c4	1	1	512	-1	replay	none	0	none	-	-1	-	-	472	3.7301
136	fixed	1	T0	0dfa7fc3533697c4	1	1	512	-1	replay	none	0	none	-	-1	-	-	473	3.7358
137	fixed	1	T0	0dfa7fc3533697c4	1	1	512	-1	replay	none	0	none	-	-1	-	-	535	3.7519
138	fixed	1	T0	0dfa7fc3533697c4	1	1	512	-1	replay	none	0	none	-	-1	-	-	475	3.7112
139	fixed	1	T0	0dfa7fc3533697c4	1	1	512	-1	replay	none	0	none	-	-1	-	-	470	3.7294
140	fixed	1	T0	0dfa7fc3533697c4	1	1	512	-1	replay	none	0	none	-	-1	-	-	472	3.7197
141	fixed	1	T0	0dfa7fc3533697c4	1	1	512	-1	replay	none	0	none	-	-1	-	-	470	3.7276
142	fixed	1	T0	0dfa7fc3533697c4	1	1	512	-1	replay	none	0	none	-	-1	-	-	471	3.7166
143	fixed	1	T0	0dfa7fc3533697c4	1	1	512	-1	replay	none	0	none	-	-1	-	-	507	3.7434
144	fixed	1	T0	0dfa7fc3533697c4	1	1	512	-1	replay	none	0	none	-	-1	-	-	470	3.7307
145	fixed	1	T0	0dfa7fc3533697c4	1	1	512	-1	replay	none	0	none	-	-1	-	-	470	3.7258
146	fixed	1	T0	0dfa7fc3533697c4	1	1	512	-1	replay	none	0	none	-	-1	-	-	472	3.7060
147	fixed	1	T0	0dfa7fc3533697c4	1	1	512	-1	replay	none	0	none	-	-1	-	-	472	3.7331
148	fixed	1	T0	0dfa7fc3533697c4	1	1	512	-1	replay	none	0	none	-	-1	-	-	471	3.7328
149	fixed	1	T0	0dfa7fc3533697c4	1	1	512	-1	replay	none	0	none	-	-1	-	-	471	3.7035
150	fixed	1	T0	0dfa7fc3533697c4	1	1	512	-1	replay	none	0	none	-	-1	-	-	512	3.7257
151	fixed	1	T0	0dfa7fc3533697c4	1	1	512	-1	replay	none	0	none	-	-1	-	-	470	3.7295
152	fixed	1	T0	0dfa7fc3533697c4	1	1	512	-1	replay	none	0	none	-	-1	-	-	469	3.7404
153	fixed	1	T0	0dfa7fc3533697c4	1	1	512	-1	replay	none	0	none	-	-1	-	-	473	3.7580
154	fixed	1	T0	0dfa7fc3533697c4	1	1	512	-1	replay	none	0	none	-	-1	-	-	504	3.7414
155	fixed	1	T0	0dfa7fc3533697c4	1	1	512	-1	replay	none	0	none	-	-1	-	-	469	3.7475
156	fixed	1	T0	0dfa7fc3533697c4	1	1	512	-1	replay	none	0	none	-	-1	-	-	471	3.7223
157	fixed	1	T1	94dc22ce3d23b91b	2	1	512	-1	direct	none	1	structure	shape,data	0	GET_ROWS	model.input_embed	2573	4.6200
158	fixed	1	T1	d8f873be867a8271	251	0	256	-1	direct	none	0	structure	shape,data	0	GET_ROWS	model.input_embed	3075	16.0340
159	fixed	1	T1	79cc5f245f480542	2	1	512	-1	direct	none	0	structure	shape,data	0	GET_ROWS	model.input_embed	2509	4.5976
160	fixed	1	T1	bcd06391008a2d68	3	1	256	-1	direct	none	0	structure	shape,data	0	GET_ROWS	model.input_embed	2455	4.4965
161	fixed	1	T2	d702fd6fe588b6cb	2	2	512	-1	direct	none	0	structure	shape,data	0	GET_ROWS	model.input_embed	2410	4.5735
162	fixed	1	T2	d702fd6fe588b6cb	2	2	512	-1	capture	reinstantiate	0	none	-	-1	-	-	2589	6.1670
163	fixed	1	T2	d702fd6fe588b6cb	2	2	512	-1	replay	none	0	none	-	-1	-	-	472	4.0409
164	fixed	1	T2	d702fd6fe588b6cb	2	2	512	-1	replay	none	0	none	-	-1	-	-	474	4.0354
165	fixed	1	T2	d702fd6fe588b6cb	2	2	512	-1	replay	none	0	none	-	-1	-	-	470	4.0191
166	fixed	1	T2	d702fd6fe588b6cb	2	2	512	-1	replay	none	0	none	-	-1	-	-	472	4.0422
167	fixed	1	T2	d702fd6fe588b6cb	2	2	512	-1	replay	none	0	none	-	-1	-	-	473	4.0688
168	fixed	1	T2	d702fd6fe588b6cb	2	2	512	-1	replay	none	0	none	-	-1	-	-	472	4.0286
169	fixed	1	T2	d702fd6fe588b6cb	2	2	512	-1	replay	none	0	none	-	-1	-	-	471	4.0303
170	fixed	1	T2	d702fd6fe588b6cb	2	2	512	-1	replay	none	0	none	-	-1	-	-	470	4.0028
171	fixed	1	T2	d702fd6fe588b6cb	2	2	512	-1	replay	none	0	none	-	-1	-	-	469	4.0185
172	fixed	1	T2	d702fd6fe588b6cb	2	2	512	-1	replay	none	0	none	-	-1	-	-	469	4.0481
173	fixed	1	T2	d702fd6fe588b6cb	2	2	512	-1	replay	none	0	none	-	-1	-	-	469	4.0221
174	fixed	1	T2	d702fd6fe588b6cb	2	2	512	-1	replay	none	0	none	-	-1	-	-	469	4.0456
175	fixed	1	T2	d702fd6fe588b6cb	2	2	512	-1	replay	none	0	none	-	-1	-	-	468	4.0218
176	fixed	1	T2	d702fd6fe588b6cb	2	2	512	-1	replay	none	0	none	-	-1	-	-	468	4.0304
177	fixed	1	T2	d702fd6fe588b6cb	2	2	512	-1	replay	none	0	none	-	-1	-	-	465	4.0442
178	fixed	1	T2	d702fd6fe588b6cb	2	2	512	-1	replay	none	0	none	-	-1	-	-	467	4.0226
179	fixed	1	T2	d702fd6fe588b6cb	2	2	512	-1	replay	none	0	none	-	-1	-	-	466	4.0298
180	fixed	1	T2	d702fd6fe588b6cb	2	2	512	-1	replay	none	0	none	-	-1	-	-	467	4.0255
181	fixed	1	T2	d702fd6fe588b6cb	2	2	512	-1	replay	none	0	none	-	-1	-	-	466	4.0335
182	fixed	1	T2	d702fd6fe588b6cb	2	2	512	-1	replay	none	0	none	-	-1	-	-	469	4.0345
183	fixed	1	T2	d702fd6fe588b6cb	2	2	512	-1	replay	none	0	none	-	-1	-	-	466	4.0279
184	fixed	1	T2	d702fd6fe588b6cb	2	2	512	-1	replay	none	0	none	-	-1	-	-	466	4.0172
185	fixed	1	T2	d702fd6fe588b6cb	2	2	512	-1	replay	none	0	none	-	-1	-	-	464	4.0508
186	fixed	1	T2	d702fd6fe588b6cb	2	2	512	-1	replay	none	0	none	-	-1	-	-	468	4.0182
187	fixed	1	T2	d702fd6fe588b6cb	2	2	512	-1	replay	none	0	none	-	-1	-	-	468	4.0343
188	fixed	1	T2	d702fd6fe588b6cb	2	2	512	-1	replay	none	0	none	-	-1	-	-	468	4.0290
189	fixed	1	T2	d702fd6fe588b6cb	2	2	512	-1	replay	none	0	none	-	-1	-	-	468	4.0247
190	fixed	1	T2	d702fd6fe588b6cb	2	2	512	-1	replay	none	0	none	-	-1	-	-	467	4.0352
191	fixed	1	T2	d702fd6fe588b6cb	2	2	512	-1	replay	none	0	none	-	-1	-	-	466	4.0181
192	fixed	1	T3	0dfa7fc3533697c4	1	1	512	-1	direct	none	1	structure	shape,data	0	GET_ROWS	model.input_embed	2430	4.3197
193	fixed	1	T3	0dfa7fc3533697c4	1	1	512	-1	capture	reinstantiate	0	none	-	-1	-	-	2134	5.3965
194	fixed	1	T3	0dfa7fc3533697c4	1	1	512	-1	replay	none	0	none	-	-1	-	-	473	3.7468
195	fixed	1	T3	0dfa7fc3533697c4	1	1	512	-1	replay	none	0	none	-	-1	-	-	467	3.7313
196	fixed	1	T3	0dfa7fc3533697c4	1	1	512	-1	replay	none	0	none	-	-1	-	-	468	3.7400
197	fixed	1	T3	0dfa7fc3533697c4	1	1	512	-1	replay	none	0	none	-	-1	-	-	464	3.7246
198	fixed	1	T3	0dfa7fc3533697c4	1	1	512	-1	replay	none	0	none	-	-1	-	-	467	3.7391
199	fixed	1	T3	0dfa7fc3533697c4	1	1	512	-1	replay	none	0	none	-	-1	-	-	467	3.7279
200	fixed	1	T3	0dfa7fc3533697c4	1	1	512	-1	replay	none	0	none	-	-1	-	-	467	3.7237
201	fixed	1	T3	0dfa7fc3533697c4	1	1	512	-1	replay	none	0	none	-	-1	-	-	465	3.7415
202	fixed	1	T3	0dfa7fc3533697c4	1	1	512	-1	replay	none	0	none	-	-1	-	-	467	3.7249
203	fixed	1	T3	0dfa7fc3533697c4	1	1	512	-1	replay	none	0	none	-	-1	-	-	466	3.7311
204	fixed	1	T3	0dfa7fc3533697c4	1	1	512	-1	replay	none	0	none	-	-1	-	-	465	3.7209
205	fixed	1	T3	0dfa7fc3533697c4	1	1	512	-1	replay	none	0	none	-	-1	-	-	466	3.7558
206	fixed	1	T3	0dfa7fc3533697c4	1	1	512	-1	replay	none	0	none	-	-1	-	-	463	3.7401
207	fixed	1	T3	0dfa7fc3533697c4	1	1	512	-1	replay	none	0	none	-	-1	-	-	466	3.7209
208	fixed	1	T3	0dfa7fc3533697c4	1	1	512	-1	replay	none	0	none	-	-1	-	-	464	3.7335
209	fixed	1	T3	0dfa7fc3533697c4	1	1	512	-1	replay	none	0	none	-	-1	-	-	465	3.7402
210	fixed	1	T3	0dfa7fc3533697c4	1	1	512	-1	replay	none	0	none	-	-1	-	-	464	3.7180
211	fixed	1	T3	0dfa7fc3533697c4	1	1	512	-1	replay	none	0	none	-	-1	-	-	468	3.7453
212	fixed	1	T3	0dfa7fc3533697c4	1	1	512	-1	replay	none	0	none	-	-1	-	-	463	3.7450
213	fixed	1	T3	0dfa7fc3533697c4	1	1	512	-1	replay	none	0	none	-	-1	-	-	465	3.7414
214	fixed	1	T3	0dfa7fc3533697c4	1	1	512	-1	replay	none	0	none	-	-1	-	-	463	3.7598
215	fixed	1	T3	0dfa7fc3533697c4	1	1	512	-1	replay	none	0	none	-	-1	-	-	466	3.7255
216	fixed	1	T3	0dfa7fc3533697c4	1	1	512	-1	replay	none	0	none	-	-1	-	-	463	3.7353
217	fixed	1	T3	0dfa7fc3533697c4	1	1	512	-1	replay	none	0	none	-	-1	-	-	466	3.7364
218	fixed	1	T3	0dfa7fc3533697c4	1	1	512	-1	replay	none	0	none	-	-1	-	-	463	3.7228
219	fixed	1	T3	0dfa7fc3533697c4	1	1	512	-1	replay	none	0	none	-	-1	-	-	464	3.7243
220	fixed	1	T3	0dfa7fc3533697c4	1	1	512	-1	replay	none	0	none	-	-1	-	-	468	3.7398
221	fixed	1	T3	0dfa7fc3533697c4	1	1	512	-1	replay	none	0	none	-	-1	-	-	467	3.7263
222	fixed	1	T3	0dfa7fc3533697c4	1	1	512	-1	replay	none	0	none	-	-1	-	-	464	3.7187
223	fixed	1	T3	0dfa7fc3533697c4	1	1	512	-1	replay	none	0	none	-	-1	-	-	466	3.7456
224	fixed	1	T3	0dfa7fc3533697c4	1	1	512	-1	replay	none	0	none	-	-1	-	-	463	3.7308
225	fixed	1	T3	0dfa7fc3533697c4	1	1	512	-1	replay	none	0	none	-	-1	-	-	466	3.7337
226	fixed	1	T3	0dfa7fc3533697c4	1	1	512	-1	replay	none	0	none	-	-1	-	-	463	3.7277
227	fixed	1	T3	0dfa7fc3533697c4	1	1	512	-1	replay	none	0	none	-	-1	-	-	465	3.7261
228	fixed	1	T3	0dfa7fc3533697c4	1	1	512	-1	replay	none	0	none	-	-1	-	-	464	3.7345
229	fixed	1	T3	0dfa7fc3533697c4	1	1	512	-1	replay	none	0	none	-	-1	-	-	464	3.7241
230	fixed	1	T3	0dfa7fc3533697c4	1	1	512	-1	replay	none	0	none	-	-1	-	-	462	3.7337
231	fixed	1	T3	0dfa7fc3533697c4	1	1	512	-1	replay	none	0	none	-	-1	-	-	462	3.7315
232	fixed	1	T3	0dfa7fc3533697c4	1	1	512	-1	replay	none	0	none	-	-1	-	-	465	3.7425
233	fixed	1	T3	0dfa7fc3533697c4	1	1	512	-1	replay	none	0	none	-	-1	-	-	461	3.7083
234	fixed	1	T3	0dfa7fc3533697c4	1	1	512	-1	replay	none	0	none	-	-1	-	-	464	3.7452
235	fixed	1	T3	0dfa7fc3533697c4	1	1	512	-1	replay	none	0	none	-	-1	-	-	463	3.7332
236	fixed	1	T3	0dfa7fc3533697c4	1	1	512	-1	replay	none	0	none	-	-1	-	-	465	3.7132
237	fixed	1	T3	0dfa7fc3533697c4	1	1	512	-1	replay	none	0	none	-	-1	-	-	462	3.7278
238	fixed	1	T3	0dfa7fc3533697c4	1	1	512	-1	replay	none	0	none	-	-1	-	-	467	3.7389
239	fixed	1	T3	0dfa7fc3533697c4	1	1	512	-1	replay	none	0	none	-	-1	-	-	464	3.7536
240	fixed	1	T3	0dfa7fc3533697c4	1	1	512	-1	replay	none	0	none	-	-1	-	-	465	3.7236
241	fixed	1	T3	0dfa7fc3533697c4	1	1	512	-1	replay	none	0	none	-	-1	-	-	463	3.7479
242	fixed	1	T3	0dfa7fc3533697c4	1	1	512	-1	replay	none	0	none	-	-1	-	-	465	3.7291
243	fixed	1	T3	0dfa7fc3533697c4	1	1	512	-1	replay	none	0	none	-	-1	-	-	463	3.7347
244	fixed	1	T3	0dfa7fc3533697c4	1	1	512	-1	replay	none	0	none	-	-1	-	-	464	3.7268
245	fixed	1	T3	0dfa7fc3533697c4	1	1	512	-1	replay	none	0	none	-	-1	-	-	461	3.7377
246	fixed	1	T3	0dfa7fc3533697c4	1	1	512	-1	replay	none	0	none	-	-1	-	-	464	3.7389
247	fixed	1	T3	0dfa7fc3533697c4	1	1	512	-1	replay	none	0	none	-	-1	-	-	462	3.7163
248	fixed	1	T3	0dfa7fc3533697c4	1	1	512	-1	replay	none	0	none	-	-1	-	-	463	3.7452
249	fixed	1	T3	0dfa7fc3533697c4	1	1	512	-1	replay	none	0	none	-	-1	-	-	462	3.7393
250	fixed	1	T3	0dfa7fc3533697c4	1	1	512	-1	replay	none	0	none	-	-1	-	-	463	3.7383
251	fixed	1	T3	0dfa7fc3533697c4	1	1	512	-1	replay	none	0	none	-	-1	-	-	461	3.7158
252	fixed	1	T3	0dfa7fc3533697c4	1	1	512	-1	replay	none	0	none	-	-1	-	-	466	3.7572
253	fixed	1	T3	0dfa7fc3533697c4	1	1	512	-1	replay	none	0	none	-	-1	-	-	463	3.7159
254	fixed	1	T3	0dfa7fc3533697c4	1	1	512	-1	replay	none	0	none	-	-1	-	-	464	3.7231
255	fixed	1	T3	0dfa7fc3533697c4	1	1	512	-1	replay	none	0	none	-	-1	-	-	463	3.7299
256	fixed	1	T3	0dfa7fc3533697c4	1	1	512	-1	replay	none	0	none	-	-1	-	-	464	3.7174
257	fixed	1	T3	0dfa7fc3533697c4	1	1	512	-1	replay	none	0	none	-	-1	-	-	463	3.7294
258	fixed	1	T3	0dfa7fc3533697c4	1	1	512	-1	replay	none	0	none	-	-1	-	-	462	3.7202
259	fixed	1	T3	0dfa7fc3533697c4	1	1	512	-1	replay	none	0	none	-	-1	-	-	462	3.7396
260	fixed	1	T3	0dfa7fc3533697c4	1	1	512	-1	replay	none	0	none	-	-1	-	-	463	3.7310
261	fixed	1	T3	0dfa7fc3533697c4	1	1	512	-1	replay	none	0	none	-	-1	-	-	465	3.7295
262	fixed	2	T0	802ba1f19f5ea689	4	1	256	-1	direct	none	1	structure	shape,data	0	GET_ROWS	model.input_embed	2504	4.6375
263	fixed	2	T0	0dfa7fc3533697c4	1	1	512	-1	direct	none	0	structure	shape,data	0	GET_ROWS	model.input_embed	2141	4.2024
264	fixed	2	T0	0dfa7fc3533697c4	1	1	512	-1	capture	update	0	none	-	-1	-	-	1618	4.8664
265	fixed	2	T0	0dfa7fc3533697c4	1	1	512	-1	replay	none	0	none	-	-1	-	-	473	3.7192
266	fixed	2	T0	0dfa7fc3533697c4	1	1	512	-1	replay	none	0	none	-	-1	-	-	470	3.7415
267	fixed	2	T0	0dfa7fc3533697c4	1	1	512	-1	replay	none	0	none	-	-1	-	-	469	3.7205
268	fixed	2	T0	0dfa7fc3533697c4	1	1	512	-1	replay	none	0	none	-	-1	-	-	469	3.7359
269	fixed	2	T0	0dfa7fc3533697c4	1	1	512	-1	replay	none	0	none	-	-1	-	-	468	3.7214
270	fixed	2	T0	0dfa7fc3533697c4	1	1	512	-1	replay	none	0	none	-	-1	-	-	469	3.7465
271	fixed	2	T0	0dfa7fc3533697c4	1	1	512	-1	replay	none	0	none	-	-1	-	-	467	3.7325
272	fixed	2	T0	0dfa7fc3533697c4	1	1	512	-1	replay	none	0	none	-	-1	-	-	468	3.7250
273	fixed	2	T0	0dfa7fc3533697c4	1	1	512	-1	replay	none	0	none	-	-1	-	-	466	3.7309
274	fixed	2	T0	0dfa7fc3533697c4	1	1	512	-1	replay	none	0	none	-	-1	-	-	471	3.7379
275	fixed	2	T0	0dfa7fc3533697c4	1	1	512	-1	replay	none	0	none	-	-1	-	-	467	3.7340
276	fixed	2	T0	0dfa7fc3533697c4	1	1	512	-1	replay	none	0	none	-	-1	-	-	473	3.7225
277	fixed	2	T0	0dfa7fc3533697c4	1	1	512	-1	replay	none	0	none	-	-1	-	-	476	3.7456
278	fixed	2	T0	0dfa7fc3533697c4	1	1	512	-1	replay	none	0	none	-	-1	-	-	473	3.7229
279	fixed	2	T0	0dfa7fc3533697c4	1	1	512	-1	replay	none	0	none	-	-1	-	-	471	3.7318
280	fixed	2	T0	0dfa7fc3533697c4	1	1	512	-1	replay	none	0	none	-	-1	-	-	469	3.7302
281	fixed	2	T0	0dfa7fc3533697c4	1	1	512	-1	replay	none	0	none	-	-1	-	-	466	3.7334
282	fixed	2	T0	0dfa7fc3533697c4	1	1	512	-1	replay	none	0	none	-	-1	-	-	465	3.7289
283	fixed	2	T0	0dfa7fc3533697c4	1	1	512	-1	replay	none	0	none	-	-1	-	-	468	3.7240
284	fixed	2	T0	0dfa7fc3533697c4	1	1	512	-1	replay	none	0	none	-	-1	-	-	467	3.7235
285	fixed	2	T0	0dfa7fc3533697c4	1	1	512	-1	replay	none	0	none	-	-1	-	-	470	3.7333
286	fixed	2	T0	0dfa7fc3533697c4	1	1	512	-1	replay	none	0	none	-	-1	-	-	467	3.7348
287	fixed	2	T1	94dc22ce3d23b91b	2	1	512	-1	direct	none	1	structure	shape,data	0	GET_ROWS	model.input_embed	2501	4.6201
288	fixed	2	T1	d8f873be867a8271	251	0	256	-1	direct	none	0	structure	shape,data	0	GET_ROWS	model.input_embed	3195	15.9786
289	fixed	2	T1	79cc5f245f480542	2	1	512	-1	direct	none	0	structure	shape,data	0	GET_ROWS	model.input_embed	2407	4.6478
290	fixed	2	T1	bcd06391008a2d68	3	1	256	-1	direct	none	0	structure	shape,data	0	GET_ROWS	model.input_embed	2417	4.5045
291	fixed	2	T2	d702fd6fe588b6cb	2	2	512	-1	direct	none	0	structure	shape,data	0	GET_ROWS	model.input_embed	2424	4.5637
292	fixed	2	T2	d702fd6fe588b6cb	2	2	512	-1	capture	reinstantiate	0	none	-	-1	-	-	2553	6.1230
293	fixed	2	T2	d702fd6fe588b6cb	2	2	512	-1	replay	none	0	none	-	-1	-	-	474	4.0201
294	fixed	2	T2	d702fd6fe588b6cb	2	2	512	-1	replay	none	0	none	-	-1	-	-	473	4.0238
295	fixed	2	T2	d702fd6fe588b6cb	2	2	512	-1	replay	none	0	none	-	-1	-	-	474	4.0307
296	fixed	2	T2	d702fd6fe588b6cb	2	2	512	-1	replay	none	0	none	-	-1	-	-	472	4.0316
297	fixed	2	T2	d702fd6fe588b6cb	2	2	512	-1	replay	none	0	none	-	-1	-	-	470	4.0418
298	fixed	2	T2	d702fd6fe588b6cb	2	2	512	-1	replay	none	0	none	-	-1	-	-	471	4.0158
299	fixed	2	T2	d702fd6fe588b6cb	2	2	512	-1	replay	none	0	none	-	-1	-	-	476	4.0149
300	fixed	2	T2	d702fd6fe588b6cb	2	2	512	-1	replay	none	0	none	-	-1	-	-	482	4.0482
301	fixed	2	T2	d702fd6fe588b6cb	2	2	512	-1	replay	none	0	none	-	-1	-	-	473	4.0093
302	fixed	2	T2	d702fd6fe588b6cb	2	2	512	-1	replay	none	0	none	-	-1	-	-	469	4.0322
303	fixed	2	T2	d702fd6fe588b6cb	2	2	512	-1	replay	none	0	none	-	-1	-	-	468	4.0194
304	fixed	2	T2	d702fd6fe588b6cb	2	2	512	-1	replay	none	0	none	-	-1	-	-	468	4.0246
305	fixed	2	T2	d702fd6fe588b6cb	2	2	512	-1	replay	none	0	none	-	-1	-	-	475	4.0389
306	fixed	2	T2	d702fd6fe588b6cb	2	2	512	-1	replay	none	0	none	-	-1	-	-	469	4.0338
307	fixed	2	T2	d702fd6fe588b6cb	2	2	512	-1	replay	none	0	none	-	-1	-	-	467	4.0372
308	fixed	2	T2	d702fd6fe588b6cb	2	2	512	-1	replay	none	0	none	-	-1	-	-	467	4.0239
309	fixed	2	T2	d702fd6fe588b6cb	2	2	512	-1	replay	none	0	none	-	-1	-	-	470	4.0204
310	fixed	2	T2	d702fd6fe588b6cb	2	2	512	-1	replay	none	0	none	-	-1	-	-	475	4.0263
311	fixed	2	T2	d702fd6fe588b6cb	2	2	512	-1	replay	none	0	none	-	-1	-	-	471	4.0324
312	fixed	2	T2	d702fd6fe588b6cb	2	2	512	-1	replay	none	0	none	-	-1	-	-	471	4.0142
313	fixed	2	T2	d702fd6fe588b6cb	2	2	512	-1	replay	none	0	none	-	-1	-	-	469	4.0714
314	fixed	2	T2	d702fd6fe588b6cb	2	2	512	-1	replay	none	0	none	-	-1	-	-	470	4.0133
315	fixed	2	T2	d702fd6fe588b6cb	2	2	512	-1	replay	none	0	none	-	-1	-	-	469	4.0325
316	fixed	2	T2	d702fd6fe588b6cb	2	2	512	-1	replay	none	0	none	-	-1	-	-	468	4.0309
317	fixed	2	T2	d702fd6fe588b6cb	2	2	512	-1	replay	none	0	none	-	-1	-	-	465	4.0549
318	fixed	2	T2	d702fd6fe588b6cb	2	2	512	-1	replay	none	0	none	-	-1	-	-	465	4.0452
319	fixed	2	T2	d702fd6fe588b6cb	2	2	512	-1	replay	none	0	none	-	-1	-	-	489	4.0639
320	fixed	2	T2	d702fd6fe588b6cb	2	2	512	-1	replay	none	0	none	-	-1	-	-	467	4.0518
321	fixed	2	T2	d702fd6fe588b6cb	2	2	512	-1	replay	none	0	none	-	-1	-	-	466	4.0429
322	fixed	2	T3	0dfa7fc3533697c4	1	1	512	-1	direct	none	1	structure	shape,data	0	GET_ROWS	model.input_embed	2142	4.2241
323	fixed	2	T3	0dfa7fc3533697c4	1	1	512	-1	capture	reinstantiate	0	none	-	-1	-	-	2155	5.4267
324	fixed	2	T3	0dfa7fc3533697c4	1	1	512	-1	replay	none	0	none	-	-1	-	-	470	3.7167
325	fixed	2	T3	0dfa7fc3533697c4	1	1	512	-1	replay	none	0	none	-	-1	-	-	471	3.7217
326	fixed	2	T3	0dfa7fc3533697c4	1	1	512	-1	replay	none	0	none	-	-1	-	-	469	3.7442
327	fixed	2	T3	0dfa7fc3533697c4	1	1	512	-1	replay	none	0	none	-	-1	-	-	471	3.7236
328	fixed	2	T3	0dfa7fc3533697c4	1	1	512	-1	replay	none	0	none	-	-1	-	-	467	3.7383
329	fixed	2	T3	0dfa7fc3533697c4	1	1	512	-1	replay	none	0	none	-	-1	-	-	468	3.7208
330	fixed	2	T3	0dfa7fc3533697c4	1	1	512	-1	replay	none	0	none	-	-1	-	-	468	3.7502
331	fixed	2	T3	0dfa7fc3533697c4	1	1	512	-1	replay	none	0	none	-	-1	-	-	469	3.7399
332	fixed	2	T3	0dfa7fc3533697c4	1	1	512	-1	replay	none	0	none	-	-1	-	-	466	3.7243
333	fixed	2	T3	0dfa7fc3533697c4	1	1	512	-1	replay	none	0	none	-	-1	-	-	469	3.7288
334	fixed	2	T3	0dfa7fc3533697c4	1	1	512	-1	replay	none	0	none	-	-1	-	-	465	3.7411
335	fixed	2	T3	0dfa7fc3533697c4	1	1	512	-1	replay	none	0	none	-	-1	-	-	469	3.7355
336	fixed	2	T3	0dfa7fc3533697c4	1	1	512	-1	replay	none	0	none	-	-1	-	-	466	3.7218
337	fixed	2	T3	0dfa7fc3533697c4	1	1	512	-1	replay	none	0	none	-	-1	-	-	469	3.7482
338	fixed	2	T3	0dfa7fc3533697c4	1	1	512	-1	replay	none	0	none	-	-1	-	-	475	3.7558
339	fixed	2	T3	0dfa7fc3533697c4	1	1	512	-1	replay	none	0	none	-	-1	-	-	471	3.7385
340	fixed	2	T3	0dfa7fc3533697c4	1	1	512	-1	replay	none	0	none	-	-1	-	-	472	3.7274
341	fixed	2	T3	0dfa7fc3533697c4	1	1	512	-1	replay	none	0	none	-	-1	-	-	468	3.7409
342	fixed	2	T3	0dfa7fc3533697c4	1	1	512	-1	replay	none	0	none	-	-1	-	-	472	3.7290
343	fixed	2	T3	0dfa7fc3533697c4	1	1	512	-1	replay	none	0	none	-	-1	-	-	467	3.7289
344	fixed	2	T3	0dfa7fc3533697c4	1	1	512	-1	replay	none	0	none	-	-1	-	-	469	3.7228
345	fixed	2	T3	0dfa7fc3533697c4	1	1	512	-1	replay	none	0	none	-	-1	-	-	467	3.7361
346	fixed	2	T3	0dfa7fc3533697c4	1	1	512	-1	replay	none	0	none	-	-1	-	-	469	3.7376
347	fixed	2	T3	0dfa7fc3533697c4	1	1	512	-1	replay	none	0	none	-	-1	-	-	467	3.7069
348	fixed	2	T3	0dfa7fc3533697c4	1	1	512	-1	replay	none	0	none	-	-1	-	-	471	3.7489
349	fixed	2	T3	0dfa7fc3533697c4	1	1	512	-1	replay	none	0	none	-	-1	-	-	466	3.7340
350	fixed	2	T3	0dfa7fc3533697c4	1	1	512	-1	replay	none	0	none	-	-1	-	-	469	3.7457
351	fixed	2	T3	0dfa7fc3533697c4	1	1	512	-1	replay	none	0	none	-	-1	-	-	466	3.7288
352	fixed	2	T3	0dfa7fc3533697c4	1	1	512	-1	replay	none	0	none	-	-1	-	-	469	3.7389
353	fixed	2	T3	0dfa7fc3533697c4	1	1	512	-1	replay	none	0	none	-	-1	-	-	467	3.7300
354	fixed	2	T3	0dfa7fc3533697c4	1	1	512	-1	replay	none	0	none	-	-1	-	-	468	3.7232
355	fixed	2	T3	0dfa7fc3533697c4	1	1	512	-1	replay	none	0	none	-	-1	-	-	465	3.7411
356	fixed	2	T3	0dfa7fc3533697c4	1	1	512	-1	replay	none	0	none	-	-1	-	-	468	3.7322
357	fixed	2	T3	0dfa7fc3533697c4	1	1	512	-1	replay	none	0	none	-	-1	-	-	466	3.7307
358	fixed	2	T3	0dfa7fc3533697c4	1	1	512	-1	replay	none	0	none	-	-1	-	-	470	3.7177
359	fixed	2	T3	0dfa7fc3533697c4	1	1	512	-1	replay	none	0	none	-	-1	-	-	467	3.7492
360	fixed	2	T3	0dfa7fc3533697c4	1	1	512	-1	replay	none	0	none	-	-1	-	-	467	3.7363
361	fixed	2	T3	0dfa7fc3533697c4	1	1	512	-1	replay	none	0	none	-	-1	-	-	467	3.7181
362	fixed	2	T3	0dfa7fc3533697c4	1	1	512	-1	replay	none	0	none	-	-1	-	-	466	3.7327
363	fixed	2	T3	0dfa7fc3533697c4	1	1	512	-1	replay	none	0	none	-	-1	-	-	468	3.7402
364	fixed	2	T3	0dfa7fc3533697c4	1	1	512	-1	replay	none	0	none	-	-1	-	-	473	3.7246
365	fixed	2	T3	0dfa7fc3533697c4	1	1	512	-1	replay	none	0	none	-	-1	-	-	471	3.7171
366	fixed	2	T3	0dfa7fc3533697c4	1	1	512	-1	replay	none	0	none	-	-1	-	-	469	3.7438
367	fixed	2	T3	0dfa7fc3533697c4	1	1	512	-1	replay	none	0	none	-	-1	-	-	469	3.7190
368	fixed	2	T3	0dfa7fc3533697c4	1	1	512	-1	replay	none	0	none	-	-1	-	-	470	3.7323
369	fixed	2	T3	0dfa7fc3533697c4	1	1	512	-1	replay	none	0	none	-	-1	-	-	470	3.7275
370	fixed	2	T3	0dfa7fc3533697c4	1	1	512	-1	replay	none	0	none	-	-1	-	-	467	3.7399
371	fixed	2	T3	0dfa7fc3533697c4	1	1	512	-1	replay	none	0	none	-	-1	-	-	467	3.7361
372	fixed	2	T3	0dfa7fc3533697c4	1	1	512	-1	replay	none	0	none	-	-1	-	-	465	3.7212
373	fixed	2	T3	0dfa7fc3533697c4	1	1	512	-1	replay	none	0	none	-	-1	-	-	467	3.7273
374	fixed	2	T3	0dfa7fc3533697c4	1	1	512	-1	replay	none	0	none	-	-1	-	-	465	3.7372
375	fixed	2	T3	0dfa7fc3533697c4	1	1	512	-1	replay	none	0	none	-	-1	-	-	469	3.7317
376	fixed	2	T3	0dfa7fc3533697c4	1	1	512	-1	replay	none	0	none	-	-1	-	-	465	3.7174
377	fixed	2	T3	0dfa7fc3533697c4	1	1	512	-1	replay	none	0	none	-	-1	-	-	467	3.7432
378	fixed	2	T3	0dfa7fc3533697c4	1	1	512	-1	replay	none	0	none	-	-1	-	-	464	3.7267
379	fixed	2	T3	0dfa7fc3533697c4	1	1	512	-1	replay	none	0	none	-	-1	-	-	467	3.7333
380	fixed	2	T3	0dfa7fc3533697c4	1	1	512	-1	replay	none	0	none	-	-1	-	-	465	3.9017
381	fixed	2	T3	0dfa7fc3533697c4	1	1	512	-1	replay	none	0	none	-	-1	-	-	465	3.7345
382	fixed	2	T3	0dfa7fc3533697c4	1	1	512	-1	replay	none	0	none	-	-1	-	-	467	3.7396
383	fixed	2	T3	0dfa7fc3533697c4	1	1	512	-1	replay	none	0	none	-	-1	-	-	464	3.7202
384	fixed	2	T3	0dfa7fc3533697c4	1	1	512	-1	replay	none	0	none	-	-1	-	-	466	3.7283
385	fixed	2	T3	0dfa7fc3533697c4	1	1	512	-1	replay	none	0	none	-	-1	-	-	464	3.7298
386	fixed	2	T3	0dfa7fc3533697c4	1	1	512	-1	replay	none	0	none	-	-1	-	-	468	3.7425
387	fixed	2	T3	0dfa7fc3533697c4	1	1	512	-1	replay	none	0	none	-	-1	-	-	463	3.7113
388	fixed	2	T3	0dfa7fc3533697c4	1	1	512	-1	replay	none	0	none	-	-1	-	-	466	3.7423
389	fixed	2	T3	0dfa7fc3533697c4	1	1	512	-1	replay	none	0	none	-	-1	-	-	464	3.7338
390	fixed	2	T3	0dfa7fc3533697c4	1	1	512	-1	replay	none	0	none	-	-1	-	-	467	3.7171
391	fixed	2	T3	0dfa7fc3533697c4	1	1	512	-1	replay	none	0	none	-	-1	-	-	465	3.7304
392	fixed	3	T0	802ba1f19f5ea689	4	1	256	-1	direct	none	1	structure	shape,data	0	GET_ROWS	model.input_embed	2555	4.6630
393	fixed	3	T0	0dfa7fc3533697c4	1	1	512	-1	direct	none	0	structure	shape,data	0	GET_ROWS	model.input_embed	2185	4.2036
394	fixed	3	T0	0dfa7fc3533697c4	1	1	512	-1	capture	update	0	none	-	-1	-	-	1632	4.8752
395	fixed	3	T0	0dfa7fc3533697c4	1	1	512	-1	replay	none	0	none	-	-1	-	-	477	3.7310
396	fixed	3	T0	0dfa7fc3533697c4	1	1	512	-1	replay	none	0	none	-	-1	-	-	472	3.7233
397	fixed	3	T0	0dfa7fc3533697c4	1	1	512	-1	replay	none	0	none	-	-1	-	-	476	3.7419
398	fixed	3	T0	0dfa7fc3533697c4	1	1	512	-1	replay	none	0	none	-	-1	-	-	470	3.7372
399	fixed	3	T0	0dfa7fc3533697c4	1	1	512	-1	replay	none	0	none	-	-1	-	-	594	3.7399
400	fixed	3	T0	0dfa7fc3533697c4	1	1	512	-1	replay	none	0	none	-	-1	-	-	478	3.7147
401	fixed	3	T0	0dfa7fc3533697c4	1	1	512	-1	replay	none	0	none	-	-1	-	-	486	3.7521
402	fixed	3	T0	0dfa7fc3533697c4	1	1	512	-1	replay	none	0	none	-	-1	-	-	485	3.7316
403	fixed	3	T0	0dfa7fc3533697c4	1	1	512	-1	replay	none	0	none	-	-1	-	-	471	3.7257
404	fixed	3	T0	0dfa7fc3533697c4	1	1	512	-1	replay	none	0	none	-	-1	-	-	483	3.7607
405	fixed	3	T0	0dfa7fc3533697c4	1	1	512	-1	replay	none	0	none	-	-1	-	-	473	3.7294
406	fixed	3	T0	0dfa7fc3533697c4	1	1	512	-1	replay	none	0	none	-	-1	-	-	473	3.7375
407	fixed	3	T0	0dfa7fc3533697c4	1	1	512	-1	replay	none	0	none	-	-1	-	-	473	3.7272
408	fixed	3	T0	0dfa7fc3533697c4	1	1	512	-1	replay	none	0	none	-	-1	-	-	474	3.7465
409	fixed	3	T0	0dfa7fc3533697c4	1	1	512	-1	replay	none	0	none	-	-1	-	-	539	3.7390
410	fixed	3	T0	0dfa7fc3533697c4	1	1	512	-1	replay	none	0	none	-	-1	-	-	473	3.7389
411	fixed	3	T0	0dfa7fc3533697c4	1	1	512	-1	replay	none	0	none	-	-1	-	-	475	3.7156
412	fixed	3	T0	0dfa7fc3533697c4	1	1	512	-1	replay	none	0	none	-	-1	-	-	473	3.7764
413	fixed	3	T0	0dfa7fc3533697c4	1	1	512	-1	replay	none	0	none	-	-1	-	-	473	3.7392
414	fixed	3	T0	0dfa7fc3533697c4	1	1	512	-1	replay	none	0	none	-	-1	-	-	471	3.7470
415	fixed	3	T0	0dfa7fc3533697c4	1	1	512	-1	replay	none	0	none	-	-1	-	-	470	3.7297
416	fixed	3	T0	0dfa7fc3533697c4	1	1	512	-1	replay	none	0	none	-	-1	-	-	469	3.7375
417	fixed	3	T1	94dc22ce3d23b91b	2	1	512	-1	direct	none	1	structure	shape,data	0	GET_ROWS	model.input_embed	2547	4.6108
418	fixed	3	T1	d8f873be867a8271	251	0	256	-1	direct	none	0	structure	shape,data	0	GET_ROWS	model.input_embed	3031	15.9996
419	fixed	3	T1	79cc5f245f480542	2	1	512	-1	direct	none	0	structure	shape,data	0	GET_ROWS	model.input_embed	2417	4.5882
420	fixed	3	T1	bcd06391008a2d68	3	1	256	-1	direct	none	0	structure	shape,data	0	GET_ROWS	model.input_embed	2423	4.5145
421	fixed	3	T2	d702fd6fe588b6cb	2	2	512	-1	direct	none	0	structure	shape,data	0	GET_ROWS	model.input_embed	2409	4.5660
422	fixed	3	T2	d702fd6fe588b6cb	2	2	512	-1	capture	reinstantiate	0	none	-	-1	-	-	2665	6.1463
423	fixed	3	T2	d702fd6fe588b6cb	2	2	512	-1	replay	none	0	none	-	-1	-	-	474	4.0377
424	fixed	3	T2	d702fd6fe588b6cb	2	2	512	-1	replay	none	0	none	-	-1	-	-	473	4.0281
425	fixed	3	T2	d702fd6fe588b6cb	2	2	512	-1	replay	none	0	none	-	-1	-	-	471	4.0151
426	fixed	3	T2	d702fd6fe588b6cb	2	2	512	-1	replay	none	0	none	-	-1	-	-	471	4.0392
427	fixed	3	T2	d702fd6fe588b6cb	2	2	512	-1	replay	none	0	none	-	-1	-	-	470	4.0257
428	fixed	3	T2	d702fd6fe588b6cb	2	2	512	-1	replay	none	0	none	-	-1	-	-	470	4.0225
429	fixed	3	T2	d702fd6fe588b6cb	2	2	512	-1	replay	none	0	none	-	-1	-	-	470	4.0314
430	fixed	3	T2	d702fd6fe588b6cb	2	2	512	-1	replay	none	0	none	-	-1	-	-	470	4.0239
431	fixed	3	T2	d702fd6fe588b6cb	2	2	512	-1	replay	none	0	none	-	-1	-	-	469	4.0228
432	fixed	3	T2	d702fd6fe588b6cb	2	2	512	-1	replay	none	0	none	-	-1	-	-	472	4.0367
433	fixed	3	T2	d702fd6fe588b6cb	2	2	512	-1	replay	none	0	none	-	-1	-	-	473	4.0272
434	fixed	3	T2	d702fd6fe588b6cb	2	2	512	-1	replay	none	0	none	-	-1	-	-	472	4.0374
435	fixed	3	T2	d702fd6fe588b6cb	2	2	512	-1	replay	none	0	none	-	-1	-	-	471	3.9935
436	fixed	3	T2	d702fd6fe588b6cb	2	2	512	-1	replay	none	0	none	-	-1	-	-	471	4.0291
437	fixed	3	T2	d702fd6fe588b6cb	2	2	512	-1	replay	none	0	none	-	-1	-	-	472	4.0394
438	fixed	3	T2	d702fd6fe588b6cb	2	2	512	-1	replay	none	0	none	-	-1	-	-	471	4.2555
439	fixed	3	T2	d702fd6fe588b6cb	2	2	512	-1	replay	none	0	none	-	-1	-	-	470	4.0523
440	fixed	3	T2	d702fd6fe588b6cb	2	2	512	-1	replay	none	0	none	-	-1	-	-	469	4.0200
441	fixed	3	T2	d702fd6fe588b6cb	2	2	512	-1	replay	none	0	none	-	-1	-	-	468	4.0230
442	fixed	3	T2	d702fd6fe588b6cb	2	2	512	-1	replay	none	0	none	-	-1	-	-	469	4.0504
443	fixed	3	T2	d702fd6fe588b6cb	2	2	512	-1	replay	none	0	none	-	-1	-	-	469	4.0204
444	fixed	3	T2	d702fd6fe588b6cb	2	2	512	-1	replay	none	0	none	-	-1	-	-	468	4.0308
445	fixed	3	T2	d702fd6fe588b6cb	2	2	512	-1	replay	none	0	none	-	-1	-	-	469	4.0382
446	fixed	3	T2	d702fd6fe588b6cb	2	2	512	-1	replay	none	0	none	-	-1	-	-	470	4.0094
447	fixed	3	T2	d702fd6fe588b6cb	2	2	512	-1	replay	none	0	none	-	-1	-	-	472	4.0405
448	fixed	3	T2	d702fd6fe588b6cb	2	2	512	-1	replay	none	0	none	-	-1	-	-	471	4.0310
449	fixed	3	T2	d702fd6fe588b6cb	2	2	512	-1	replay	none	0	none	-	-1	-	-	471	4.0230
450	fixed	3	T2	d702fd6fe588b6cb	2	2	512	-1	replay	none	0	none	-	-1	-	-	470	4.0370
451	fixed	3	T2	d702fd6fe588b6cb	2	2	512	-1	replay	none	0	none	-	-1	-	-	471	4.0136
452	fixed	3	T3	0dfa7fc3533697c4	1	1	512	-1	direct	none	1	structure	shape,data	0	GET_ROWS	model.input_embed	2134	4.2050
453	fixed	3	T3	0dfa7fc3533697c4	1	1	512	-1	capture	reinstantiate	0	none	-	-1	-	-	2160	5.3631
454	fixed	3	T3	0dfa7fc3533697c4	1	1	512	-1	replay	none	0	none	-	-1	-	-	472	3.7358
455	fixed	3	T3	0dfa7fc3533697c4	1	1	512	-1	replay	none	0	none	-	-1	-	-	471	3.7299
456	fixed	3	T3	0dfa7fc3533697c4	1	1	512	-1	replay	none	0	none	-	-1	-	-	468	3.7217
457	fixed	3	T3	0dfa7fc3533697c4	1	1	512	-1	replay	none	0	none	-	-1	-	-	468	3.7264
458	fixed	3	T3	0dfa7fc3533697c4	1	1	512	-1	replay	none	0	none	-	-1	-	-	468	3.7338
459	fixed	3	T3	0dfa7fc3533697c4	1	1	512	-1	replay	none	0	none	-	-1	-	-	469	3.7325
460	fixed	3	T3	0dfa7fc3533697c4	1	1	512	-1	replay	none	0	none	-	-1	-	-	470	3.7098
461	fixed	3	T3	0dfa7fc3533697c4	1	1	512	-1	replay	none	0	none	-	-1	-	-	468	3.7455
462	fixed	3	T3	0dfa7fc3533697c4	1	1	512	-1	replay	none	0	none	-	-1	-	-	471	3.7296
463	fixed	3	T3	0dfa7fc3533697c4	1	1	512	-1	replay	none	0	none	-	-1	-	-	467	3.7343
464	fixed	3	T3	0dfa7fc3533697c4	1	1	512	-1	replay	none	0	none	-	-1	-	-	471	3.7297
465	fixed	3	T3	0dfa7fc3533697c4	1	1	512	-1	replay	none	0	none	-	-1	-	-	468	3.7386
466	fixed	3	T3	0dfa7fc3533697c4	1	1	512	-1	replay	none	0	none	-	-1	-	-	471	3.7328
467	fixed	3	T3	0dfa7fc3533697c4	1	1	512	-1	replay	none	0	none	-	-1	-	-	468	3.7244
468	fixed	3	T3	0dfa7fc3533697c4	1	1	512	-1	replay	none	0	none	-	-1	-	-	472	3.7500
469	fixed	3	T3	0dfa7fc3533697c4	1	1	512	-1	replay	none	0	none	-	-1	-	-	467	3.7326
470	fixed	3	T3	0dfa7fc3533697c4	1	1	512	-1	replay	none	0	none	-	-1	-	-	470	3.7396
471	fixed	3	T3	0dfa7fc3533697c4	1	1	512	-1	replay	none	0	none	-	-1	-	-	466	3.7149
472	fixed	3	T3	0dfa7fc3533697c4	1	1	512	-1	replay	none	0	none	-	-1	-	-	470	3.7471
473	fixed	3	T3	0dfa7fc3533697c4	1	1	512	-1	replay	none	0	none	-	-1	-	-	467	3.7403
474	fixed	3	T3	0dfa7fc3533697c4	1	1	512	-1	replay	none	0	none	-	-1	-	-	469	3.7151
475	fixed	3	T3	0dfa7fc3533697c4	1	1	512	-1	replay	none	0	none	-	-1	-	-	466	3.7354
476	fixed	3	T3	0dfa7fc3533697c4	1	1	512	-1	replay	none	0	none	-	-1	-	-	470	3.7328
477	fixed	3	T3	0dfa7fc3533697c4	1	1	512	-1	replay	none	0	none	-	-1	-	-	466	3.7276
478	fixed	3	T3	0dfa7fc3533697c4	1	1	512	-1	replay	none	0	none	-	-1	-	-	468	3.7206
479	fixed	3	T3	0dfa7fc3533697c4	1	1	512	-1	replay	none	0	none	-	-1	-	-	467	3.7481
480	fixed	3	T3	0dfa7fc3533697c4	1	1	512	-1	replay	none	0	none	-	-1	-	-	469	3.7164
481	fixed	3	T3	0dfa7fc3533697c4	1	1	512	-1	replay	none	0	none	-	-1	-	-	465	3.7295
482	fixed	3	T3	0dfa7fc3533697c4	1	1	512	-1	replay	none	0	none	-	-1	-	-	469	3.7310
483	fixed	3	T3	0dfa7fc3533697c4	1	1	512	-1	replay	none	0	none	-	-1	-	-	466	3.7251
484	fixed	3	T3	0dfa7fc3533697c4	1	1	512	-1	replay	none	0	none	-	-1	-	-	469	3.7367
485	fixed	3	T3	0dfa7fc3533697c4	1	1	512	-1	replay	none	0	none	-	-1	-	-	466	3.7216
486	fixed	3	T3	0dfa7fc3533697c4	1	1	512	-1	replay	none	0	none	-	-1	-	-	467	3.7407
487	fixed	3	T3	0dfa7fc3533697c4	1	1	512	-1	replay	none	0	none	-	-1	-	-	467	3.7408
488	fixed	3	T3	0dfa7fc3533697c4	1	1	512	-1	replay	none	0	none	-	-1	-	-	466	3.7289
489	fixed	3	T3	0dfa7fc3533697c4	1	1	512	-1	replay	none	0	none	-	-1	-	-	468	3.7260
490	fixed	3	T3	0dfa7fc3533697c4	1	1	512	-1	replay	none	0	none	-	-1	-	-	467	3.7539
491	fixed	3	T3	0dfa7fc3533697c4	1	1	512	-1	replay	none	0	none	-	-1	-	-	467	3.7236
492	fixed	3	T3	0dfa7fc3533697c4	1	1	512	-1	replay	none	0	none	-	-1	-	-	466	3.7273
493	fixed	3	T3	0dfa7fc3533697c4	1	1	512	-1	replay	none	0	none	-	-1	-	-	467	3.7304
494	fixed	3	T3	0dfa7fc3533697c4	1	1	512	-1	replay	none	0	none	-	-1	-	-	465	3.7221
495	fixed	3	T3	0dfa7fc3533697c4	1	1	512	-1	replay	none	0	none	-	-1	-	-	468	3.7311
496	fixed	3	T3	0dfa7fc3533697c4	1	1	512	-1	replay	none	0	none	-	-1	-	-	465	3.7259
497	fixed	3	T3	0dfa7fc3533697c4	1	1	512	-1	replay	none	0	none	-	-1	-	-	468	3.7390
498	fixed	3	T3	0dfa7fc3533697c4	1	1	512	-1	replay	none	0	none	-	-1	-	-	464	3.7347
499	fixed	3	T3	0dfa7fc3533697c4	1	1	512	-1	replay	none	0	none	-	-1	-	-	466	3.7346
500	fixed	3	T3	0dfa7fc3533697c4	1	1	512	-1	replay	none	0	none	-	-1	-	-	467	3.7071
501	fixed	3	T3	0dfa7fc3533697c4	1	1	512	-1	replay	none	0	none	-	-1	-	-	467	3.7367
502	fixed	3	T3	0dfa7fc3533697c4	1	1	512	-1	replay	none	0	none	-	-1	-	-	522	3.7349
503	fixed	3	T3	0dfa7fc3533697c4	1	1	512	-1	replay	none	0	none	-	-1	-	-	471	3.7072
504	fixed	3	T3	0dfa7fc3533697c4	1	1	512	-1	replay	none	0	none	-	-1	-	-	467	3.7308
505	fixed	3	T3	0dfa7fc3533697c4	1	1	512	-1	replay	none	0	none	-	-1	-	-	469	3.7299
506	fixed	3	T3	0dfa7fc3533697c4	1	1	512	-1	replay	none	0	none	-	-1	-	-	493	3.7367
507	fixed	3	T3	0dfa7fc3533697c4	1	1	512	-1	replay	none	0	none	-	-1	-	-	468	3.7271
508	fixed	3	T3	0dfa7fc3533697c4	1	1	512	-1	replay	none	0	none	-	-1	-	-	470	3.7467
509	fixed	3	T3	0dfa7fc3533697c4	1	1	512	-1	replay	none	0	none	-	-1	-	-	466	3.7314
510	fixed	3	T3	0dfa7fc3533697c4	1	1	512	-1	replay	none	0	none	-	-1	-	-	468	3.7263
511	fixed	3	T3	0dfa7fc3533697c4	1	1	512	-1	replay	none	0	none	-	-1	-	-	466	3.7250
512	fixed	3	T3	0dfa7fc3533697c4	1	1	512	-1	replay	none	0	none	-	-1	-	-	468	3.7329
513	fixed	3	T3	0dfa7fc3533697c4	1	1	512	-1	replay	none	0	none	-	-1	-	-	470	3.7400
514	fixed	3	T3	0dfa7fc3533697c4	1	1	512	-1	replay	none	0	none	-	-1	-	-	469	3.7128
515	fixed	3	T3	0dfa7fc3533697c4	1	1	512	-1	replay	none	0	none	-	-1	-	-	467	3.7491
516	fixed	3	T3	0dfa7fc3533697c4	1	1	512	-1	replay	none	0	none	-	-1	-	-	469	3.7374
517	fixed	3	T3	0dfa7fc3533697c4	1	1	512	-1	replay	none	0	none	-	-1	-	-	465	3.7397
518	fixed	3	T3	0dfa7fc3533697c4	1	1	512	-1	replay	none	0	none	-	-1	-	-	468	3.7226
519	fixed	3	T3	0dfa7fc3533697c4	1	1	512	-1	replay	none	0	none	-	-1	-	-	467	3.7510
520	fixed	3	T3	0dfa7fc3533697c4	1	1	512	-1	replay	none	0	none	-	-1	-	-	469	3.7174
521	fixed	3	T3	0dfa7fc3533697c4	1	1	512	-1	replay	none	0	none	-	-1	-	-	466	3.7195
522	fixed	4	T0	802ba1f19f5ea689	4	1	256	-1	direct	none	1	structure	shape,data	0	GET_ROWS	model.input_embed	2607	4.6435
523	fixed	4	T0	0dfa7fc3533697c4	1	1	512	-1	direct	none	0	structure	shape,data	0	GET_ROWS	model.input_embed	2185	4.2085
524	fixed	4	T0	0dfa7fc3533697c4	1	1	512	-1	capture	update	0	none	-	-1	-	-	1681	4.9320
525	fixed	4	T0	0dfa7fc3533697c4	1	1	512	-1	replay	none	0	none	-	-1	-	-	477	3.7353
526	fixed	4	T0	0dfa7fc3533697c4	1	1	512	-1	replay	none	0	none	-	-1	-	-	561	3.7415
527	fixed	4	T0	0dfa7fc3533697c4	1	1	512	-1	replay	none	0	none	-	-1	-	-	476	3.7075
528	fixed	4	T0	0dfa7fc3533697c4	1	1	512	-1	replay	none	0	none	-	-1	-	-	476	3.7462
529	fixed	4	T0	0dfa7fc3533697c4	1	1	512	-1	replay	none	0	none	-	-1	-	-	472	3.7328
530	fixed	4	T0	0dfa7fc3533697c4	1	1	512	-1	replay	none	0	none	-	-1	-	-	474	3.7450
531	fixed	4	T0	0dfa7fc3533697c4	1	1	512	-1	replay	none	0	none	-	-1	-	-	472	3.7266
532	fixed	4	T0	0dfa7fc3533697c4	1	1	512	-1	replay	none	0	none	-	-1	-	-	476	3.7451
533	fixed	4	T0	0dfa7fc3533697c4	1	1	512	-1	replay	none	0	none	-	-1	-	-	472	3.7273
534	fixed	4	T0	0dfa7fc3533697c4	1	1	512	-1	replay	none	0	none	-	-1	-	-	476	3.7307
535	fixed	4	T0	0dfa7fc3533697c4	1	1	512	-1	replay	none	0	none	-	-1	-	-	471	3.7401
536	fixed	4	T0	0dfa7fc3533697c4	1	1	512	-1	replay	none	0	none	-	-1	-	-	472	3.7272
537	fixed	4	T0	0dfa7fc3533697c4	1	1	512	-1	replay	none	0	none	-	-1	-	-	473	3.7328
538	fixed	4	T0	0dfa7fc3533697c4	1	1	512	-1	replay	none	0	none	-	-1	-	-	474	3.7164
539	fixed	4	T0	0dfa7fc3533697c4	1	1	512	-1	replay	none	0	none	-	-1	-	-	476	3.7550
540	fixed	4	T0	0dfa7fc3533697c4	1	1	512	-1	replay	none	0	none	-	-1	-	-	471	3.7388
541	fixed	4	T0	0dfa7fc3533697c4	1	1	512	-1	replay	none	0	none	-	-1	-	-	474	3.7247
542	fixed	4	T0	0dfa7fc3533697c4	1	1	512	-1	replay	none	0	none	-	-1	-	-	474	3.7345
543	fixed	4	T0	0dfa7fc3533697c4	1	1	512	-1	replay	none	0	none	-	-1	-	-	475	3.7440
544	fixed	4	T0	0dfa7fc3533697c4	1	1	512	-1	replay	none	0	none	-	-1	-	-	471	3.8838
545	fixed	4	T0	0dfa7fc3533697c4	1	1	512	-1	replay	none	0	none	-	-1	-	-	473	3.7410
546	fixed	4	T0	0dfa7fc3533697c4	1	1	512	-1	replay	none	0	none	-	-1	-	-	471	3.7342
547	fixed	4	T1	94dc22ce3d23b91b	2	1	512	-1	direct	none	1	structure	shape,data	0	GET_ROWS	model.input_embed	2554	4.6372
548	fixed	4	T1	d8f873be867a8271	251	0	256	-1	direct	none	0	structure	shape,data	0	GET_ROWS	model.input_embed	3072	15.9787
549	fixed	4	T1	79cc5f245f480542	2	1	512	-1	direct	none	0	structure	shape,data	0	GET_ROWS	model.input_embed	2459	4.5964
550	fixed	4	T1	bcd06391008a2d68	3	1	256	-1	direct	none	0	structure	shape,data	0	GET_ROWS	model.input_embed	2427	4.5163
551	fixed	4	T2	d702fd6fe588b6cb	2	2	512	-1	direct	none	0	structure	shape,data	0	GET_ROWS	model.input_embed	2417	4.5608
552	fixed	4	T2	d702fd6fe588b6cb	2	2	512	-1	capture	reinstantiate	0	none	-	-1	-	-	2593	6.1592
553	fixed	4	T2	d702fd6fe588b6cb	2	2	512	-1	replay	none	0	none	-	-1	-	-	479	4.0275
554	fixed	4	T2	d702fd6fe588b6cb	2	2	512	-1	replay	none	0	none	-	-1	-	-	477	4.0133
555	fixed	4	T2	d702fd6fe588b6cb	2	2	512	-1	replay	none	0	none	-	-1	-	-	472	4.0257
556	fixed	4	T2	d702fd6fe588b6cb	2	2	512	-1	replay	none	0	none	-	-1	-	-	474	4.0171
557	fixed	4	T2	d702fd6fe588b6cb	2	2	512	-1	replay	none	0	none	-	-1	-	-	471	4.0430
558	fixed	4	T2	d702fd6fe588b6cb	2	2	512	-1	replay	none	0	none	-	-1	-	-	471	4.0221
559	fixed	4	T2	d702fd6fe588b6cb	2	2	512	-1	replay	none	0	none	-	-1	-	-	472	4.0300
560	fixed	4	T2	d702fd6fe588b6cb	2	2	512	-1	replay	none	0	none	-	-1	-	-	472	4.0526
561	fixed	4	T2	d702fd6fe588b6cb	2	2	512	-1	replay	none	0	none	-	-1	-	-	472	4.0153
562	fixed	4	T2	d702fd6fe588b6cb	2	2	512	-1	replay	none	0	none	-	-1	-	-	471	4.0325
563	fixed	4	T2	d702fd6fe588b6cb	2	2	512	-1	replay	none	0	none	-	-1	-	-	472	4.0362
564	fixed	4	T2	d702fd6fe588b6cb	2	2	512	-1	replay	none	0	none	-	-1	-	-	473	4.0261
565	fixed	4	T2	d702fd6fe588b6cb	2	2	512	-1	replay	none	0	none	-	-1	-	-	475	4.0322
566	fixed	4	T2	d702fd6fe588b6cb	2	2	512	-1	replay	none	0	none	-	-1	-	-	473	4.0193
567	fixed	4	T2	d702fd6fe588b6cb	2	2	512	-1	replay	none	0	none	-	-1	-	-	475	4.0180
568	fixed	4	T2	d702fd6fe588b6cb	2	2	512	-1	replay	none	0	none	-	-1	-	-	473	4.0429
569	fixed	4	T2	d702fd6fe588b6cb	2	2	512	-1	replay	none	0	none	-	-1	-	-	474	4.0193
570	fixed	4	T2	d702fd6fe588b6cb	2	2	512	-1	replay	none	0	none	-	-1	-	-	474	4.0298
571	fixed	4	T2	d702fd6fe588b6cb	2	2	512	-1	replay	none	0	none	-	-1	-	-	472	4.0300
572	fixed	4	T2	d702fd6fe588b6cb	2	2	512	-1	replay	none	0	none	-	-1	-	-	472	4.0093
573	fixed	4	T2	d702fd6fe588b6cb	2	2	512	-1	replay	none	0	none	-	-1	-	-	471	4.0470
574	fixed	4	T2	d702fd6fe588b6cb	2	2	512	-1	replay	none	0	none	-	-1	-	-	471	4.0277
575	fixed	4	T2	d702fd6fe588b6cb	2	2	512	-1	replay	none	0	none	-	-1	-	-	470	4.0403
576	fixed	4	T2	d702fd6fe588b6cb	2	2	512	-1	replay	none	0	none	-	-1	-	-	472	4.0392
577	fixed	4	T2	d702fd6fe588b6cb	2	2	512	-1	replay	none	0	none	-	-1	-	-	471	4.0217
578	fixed	4	T2	d702fd6fe588b6cb	2	2	512	-1	replay	none	0	none	-	-1	-	-	470	4.0327
579	fixed	4	T2	d702fd6fe588b6cb	2	2	512	-1	replay	none	0	none	-	-1	-	-	470	4.0315
580	fixed	4	T2	d702fd6fe588b6cb	2	2	512	-1	replay	none	0	none	-	-1	-	-	471	4.0172
581	fixed	4	T2	d702fd6fe588b6cb	2	2	512	-1	replay	none	0	none	-	-1	-	-	472	4.0275
582	fixed	4	T3	0dfa7fc3533697c4	1	1	512	-1	direct	none	1	structure	shape,data	0	GET_ROWS	model.input_embed	2147	4.2059
583	fixed	4	T3	0dfa7fc3533697c4	1	1	512	-1	capture	reinstantiate	0	none	-	-1	-	-	2356	5.5992
584	fixed	4	T3	0dfa7fc3533697c4	1	1	512	-1	replay	none	0	none	-	-1	-	-	479	3.7191
585	fixed	4	T3	0dfa7fc3533697c4	1	1	512	-1	replay	none	0	none	-	-1	-	-	475	3.7375
586	fixed	4	T3	0dfa7fc3533697c4	1	1	512	-1	replay	none	0	none	-	-1	-	-	473	3.7394
587	fixed	4	T3	0dfa7fc3533697c4	1	1	512	-1	replay	none	0	none	-	-1	-	-	470	3.7065
588	fixed	4	T3	0dfa7fc3533697c4	1	1	512	-1	replay	none	0	none	-	-1	-	-	471	3.7468
589	fixed	4	T3	0dfa7fc3533697c4	1	1	512	-1	replay	none	0	none	-	-1	-	-	470	3.7319
590	fixed	4	T3	0dfa7fc3533697c4	1	1	512	-1	replay	none	0	none	-	-1	-	-	474	3.7428
591	fixed	4	T3	0dfa7fc3533697c4	1	1	512	-1	replay	none	0	none	-	-1	-	-	469	3.7258
592	fixed	4	T3	0dfa7fc3533697c4	1	1	512	-1	replay	none	0	none	-	-1	-	-	473	3.7524
593	fixed	4	T3	0dfa7fc3533697c4	1	1	512	-1	replay	none	0	none	-	-1	-	-	470	3.7185
594	fixed	4	T3	0dfa7fc3533697c4	1	1	512	-1	replay	none	0	none	-	-1	-	-	480	3.7279
595	fixed	4	T3	0dfa7fc3533697c4	1	1	512	-1	replay	none	0	none	-	-1	-	-	471	3.7381
596	fixed	4	T3	0dfa7fc3533697c4	1	1	512	-1	replay	none	0	none	-	-1	-	-	477	3.7284
597	fixed	4	T3	0dfa7fc3533697c4	1	1	512	-1	replay	none	0	none	-	-1	-	-	470	3.7691
598	fixed	4	T3	0dfa7fc3533697c4	1	1	512	-1	replay	none	0	none	-	-1	-	-	474	3.7186
599	fixed	4	T3	0dfa7fc3533697c4	1	1	512	-1	replay	none	0	none	-	-1	-	-	470	3.7845
600	fixed	4	T3	0dfa7fc3533697c4	1	1	512	-1	replay	none	0	none	-	-1	-	-	473	3.7387
601	fixed	4	T3	0dfa7fc3533697c4	1	1	512	-1	replay	none	0	none	-	-1	-	-	470	3.7658
602	fixed	4	T3	0dfa7fc3533697c4	1	1	512	-1	replay	none	0	none	-	-1	-	-	475	3.7572
603	fixed	4	T3	0dfa7fc3533697c4	1	1	512	-1	replay	none	0	none	-	-1	-	-	473	3.7563
604	fixed	4	T3	0dfa7fc3533697c4	1	1	512	-1	replay	none	0	none	-	-1	-	-	479	3.7264
605	fixed	4	T3	0dfa7fc3533697c4	1	1	512	-1	replay	none	0	none	-	-1	-	-	477	3.7272
606	fixed	4	T3	0dfa7fc3533697c4	1	1	512	-1	replay	none	0	none	-	-1	-	-	475	3.7361
607	fixed	4	T3	0dfa7fc3533697c4	1	1	512	-1	replay	none	0	none	-	-1	-	-	480	3.7258
608	fixed	4	T3	0dfa7fc3533697c4	1	1	512	-1	replay	none	0	none	-	-1	-	-	483	3.7326
609	fixed	4	T3	0dfa7fc3533697c4	1	1	512	-1	replay	none	0	none	-	-1	-	-	478	3.7256
610	fixed	4	T3	0dfa7fc3533697c4	1	1	512	-1	replay	none	0	none	-	-1	-	-	482	3.7418
611	fixed	4	T3	0dfa7fc3533697c4	1	1	512	-1	replay	none	0	none	-	-1	-	-	484	3.7353
612	fixed	4	T3	0dfa7fc3533697c4	1	1	512	-1	replay	none	0	none	-	-1	-	-	472	3.7432
613	fixed	4	T3	0dfa7fc3533697c4	1	1	512	-1	replay	none	0	none	-	-1	-	-	485	3.7183
614	fixed	4	T3	0dfa7fc3533697c4	1	1	512	-1	replay	none	0	none	-	-1	-	-	472	3.7416
615	fixed	4	T3	0dfa7fc3533697c4	1	1	512	-1	replay	none	0	none	-	-1	-	-	472	3.7407
616	fixed	4	T3	0dfa7fc3533697c4	1	1	512	-1	replay	none	0	none	-	-1	-	-	481	3.7162
617	fixed	4	T3	0dfa7fc3533697c4	1	1	512	-1	replay	none	0	none	-	-1	-	-	472	3.7305
618	fixed	4	T3	0dfa7fc3533697c4	1	1	512	-1	replay	none	0	none	-	-1	-	-	484	3.7477
619	fixed	4	T3	0dfa7fc3533697c4	1	1	512	-1	replay	none	0	none	-	-1	-	-	475	3.7357
620	fixed	4	T3	0dfa7fc3533697c4	1	1	512	-1	replay	none	0	none	-	-1	-	-	486	3.7257
621	fixed	4	T3	0dfa7fc3533697c4	1	1	512	-1	replay	none	0	none	-	-1	-	-	470	3.7493
622	fixed	4	T3	0dfa7fc3533697c4	1	1	512	-1	replay	none	0	none	-	-1	-	-	473	3.7291
623	fixed	4	T3	0dfa7fc3533697c4	1	1	512	-1	replay	none	0	none	-	-1	-	-	469	3.7361
624	fixed	4	T3	0dfa7fc3533697c4	1	1	512	-1	replay	none	0	none	-	-1	-	-	473	3.7299
625	fixed	4	T3	0dfa7fc3533697c4	1	1	512	-1	replay	none	0	none	-	-1	-	-	470	3.7433
626	fixed	4	T3	0dfa7fc3533697c4	1	1	512	-1	replay	none	0	none	-	-1	-	-	475	3.7383
627	fixed	4	T3	0dfa7fc3533697c4	1	1	512	-1	replay	none	0	none	-	-1	-	-	470	3.7182
628	fixed	4	T3	0dfa7fc3533697c4	1	1	512	-1	replay	none	0	none	-	-1	-	-	470	3.7395
629	fixed	4	T3	0dfa7fc3533697c4	1	1	512	-1	replay	none	0	none	-	-1	-	-	475	3.7401
630	fixed	4	T3	0dfa7fc3533697c4	1	1	512	-1	replay	none	0	none	-	-1	-	-	470	3.7364
631	fixed	4	T3	0dfa7fc3533697c4	1	1	512	-1	replay	none	0	none	-	-1	-	-	479	3.7270
632	fixed	4	T3	0dfa7fc3533697c4	1	1	512	-1	replay	none	0	none	-	-1	-	-	470	3.7562
633	fixed	4	T3	0dfa7fc3533697c4	1	1	512	-1	replay	none	0	none	-	-1	-	-	471	3.7224
634	fixed	4	T3	0dfa7fc3533697c4	1	1	512	-1	replay	none	0	none	-	-1	-	-	469	3.7292
635	fixed	4	T3	0dfa7fc3533697c4	1	1	512	-1	replay	none	0	none	-	-1	-	-	470	3.7228
636	fixed	4	T3	0dfa7fc3533697c4	1	1	512	-1	replay	none	0	none	-	-1	-	-	469	3.7242
637	fixed	4	T3	0dfa7fc3533697c4	1	1	512	-1	replay	none	0	none	-	-1	-	-	470	3.7292
638	fixed	4	T3	0dfa7fc3533697c4	1	1	512	-1	replay	none	0	none	-	-1	-	-	468	3.7225
639	fixed	4	T3	0dfa7fc3533697c4	1	1	512	-1	replay	none	0	none	-	-1	-	-	469	3.7277
640	fixed	4	T3	0dfa7fc3533697c4	1	1	512	-1	replay	none	0	none	-	-1	-	-	473	3.7347
641	fixed	4	T3	0dfa7fc3533697c4	1	1	512	-1	replay	none	0	none	-	-1	-	-	470	3.7372
642	fixed	4	T3	0dfa7fc3533697c4	1	1	512	-1	replay	none	0	none	-	-1	-	-	468	3.7132
643	fixed	4	T3	0dfa7fc3533697c4	1	1	512	-1	replay	none	0	none	-	-1	-	-	469	3.7478
644	fixed	4	T3	0dfa7fc3533697c4	1	1	512	-1	replay	none	0	none	-	-1	-	-	473	3.7298
645	fixed	4	T3	0dfa7fc3533697c4	1	1	512	-1	replay	none	0	none	-	-1	-	-	470	3.7295
646	fixed	4	T3	0dfa7fc3533697c4	1	1	512	-1	replay	none	0	none	-	-1	-	-	469	3.7377
647	fixed	4	T3	0dfa7fc3533697c4	1	1	512	-1	replay	none	0	none	-	-1	-	-	484	3.7340
648	fixed	4	T3	0dfa7fc3533697c4	1	1	512	-1	replay	none	0	none	-	-1	-	-	472	3.7408
649	fixed	4	T3	0dfa7fc3533697c4	1	1	512	-1	replay	none	0	none	-	-1	-	-	468	3.7302
650	fixed	4	T3	0dfa7fc3533697c4	1	1	512	-1	replay	none	0	none	-	-1	-	-	470	3.7479
651	fixed	4	T3	0dfa7fc3533697c4	1	1	512	-1	replay	none	0	none	-	-1	-	-	467	3.7325
652	fixed	5	T0	802ba1f19f5ea689	4	1	256	-1	direct	none	1	structure	shape,data	0	GET_ROWS	model.input_embed	2518	4.6416
653	fixed	5	T0	0dfa7fc3533697c4	1	1	512	-1	direct	none	0	structure	shape,data	0	GET_ROWS	model.input_embed	2182	4.2223
654	fixed	5	T0	0dfa7fc3533697c4	1	1	512	-1	capture	update	0	none	-	-1	-	-	1646	4.9251
655	fixed	5	T0	0dfa7fc3533697c4	1	1	512	-1	replay	none	0	none	-	-1	-	-	491	3.7548
656	fixed	5	T0	0dfa7fc3533697c4	1	1	512	-1	replay	none	0	none	-	-1	-	-	480	3.7532
657	fixed	5	T0	0dfa7fc3533697c4	1	1	512	-1	replay	none	0	none	-	-1	-	-	475	3.7591
658	fixed	5	T0	0dfa7fc3533697c4	1	1	512	-1	replay	none	0	none	-	-1	-	-	482	3.7607
659	fixed	5	T0	0dfa7fc3533697c4	1	1	512	-1	replay	none	0	none	-	-1	-	-	482	3.7348
660	fixed	5	T0	0dfa7fc3533697c4	1	1	512	-1	replay	none	0	none	-	-1	-	-	484	3.7625
661	fixed	5	T0	0dfa7fc3533697c4	1	1	512	-1	replay	none	0	none	-	-1	-	-	494	3.7610
662	fixed	5	T0	0dfa7fc3533697c4	1	1	512	-1	replay	none	0	none	-	-1	-	-	485	3.7288
663	fixed	5	T0	0dfa7fc3533697c4	1	1	512	-1	replay	none	0	none	-	-1	-	-	475	3.7648
664	fixed	5	T0	0dfa7fc3533697c4	1	1	512	-1	replay	none	0	none	-	-1	-	-	489	3.7626
665	fixed	5	T0	0dfa7fc3533697c4	1	1	512	-1	replay	none	0	none	-	-1	-	-	484	3.7482
666	fixed	5	T0	0dfa7fc3533697c4	1	1	512	-1	replay	none	0	none	-	-1	-	-	482	3.7389
667	fixed	5	T0	0dfa7fc3533697c4	1	1	512	-1	replay	none	0	none	-	-1	-	-	478	3.7699
668	fixed	5	T0	0dfa7fc3533697c4	1	1	512	-1	replay	none	0	none	-	-1	-	-	475	3.7375
669	fixed	5	T0	0dfa7fc3533697c4	1	1	512	-1	replay	none	0	none	-	-1	-	-	475	3.7546
670	fixed	5	T0	0dfa7fc3533697c4	1	1	512	-1	replay	none	0	none	-	-1	-	-	473	3.7569
671	fixed	5	T0	0dfa7fc3533697c4	1	1	512	-1	replay	none	0	none	-	-1	-	-	487	3.7342
672	fixed	5	T0	0dfa7fc3533697c4	1	1	512	-1	replay	none	0	none	-	-1	-	-	473	3.7485
673	fixed	5	T0	0dfa7fc3533697c4	1	1	512	-1	replay	none	0	none	-	-1	-	-	474	3.7203
674	fixed	5	T0	0dfa7fc3533697c4	1	1	512	-1	replay	none	0	none	-	-1	-	-	475	3.7509
675	fixed	5	T0	0dfa7fc3533697c4	1	1	512	-1	replay	none	0	none	-	-1	-	-	479	3.7436
676	fixed	5	T0	0dfa7fc3533697c4	1	1	512	-1	replay	none	0	none	-	-1	-	-	477	3.7367
677	fixed	5	T1	94dc22ce3d23b91b	2	1	512	-1	direct	none	1	structure	shape,data	0	GET_ROWS	model.input_embed	2551	4.6256
678	fixed	5	T1	d8f873be867a8271	251	0	256	-1	direct	none	0	structure	shape,data	0	GET_ROWS	model.input_embed	3061	16.0635
679	fixed	5	T1	79cc5f245f480542	2	1	512	-1	direct	none	0	structure	shape,data	0	GET_ROWS	model.input_embed	2408	4.6036
680	fixed	5	T1	bcd06391008a2d68	3	1	256	-1	direct	none	0	structure	shape,data	0	GET_ROWS	model.input_embed	2425	4.5018
681	fixed	5	T2	d702fd6fe588b6cb	2	2	512	-1	direct	none	0	structure	shape,data	0	GET_ROWS	model.input_embed	2416	4.5621
682	fixed	5	T2	d702fd6fe588b6cb	2	2	512	-1	capture	reinstantiate	0	none	-	-1	-	-	2563	6.1269
683	fixed	5	T2	d702fd6fe588b6cb	2	2	512	-1	replay	none	0	none	-	-1	-	-	478	4.0211
684	fixed	5	T2	d702fd6fe588b6cb	2	2	512	-1	replay	none	0	none	-	-1	-	-	474	4.0428
685	fixed	5	T2	d702fd6fe588b6cb	2	2	512	-1	replay	none	0	none	-	-1	-	-	473	4.0208
686	fixed	5	T2	d702fd6fe588b6cb	2	2	512	-1	replay	none	0	none	-	-1	-	-	473	4.0318
687	fixed	5	T2	d702fd6fe588b6cb	2	2	512	-1	replay	none	0	none	-	-1	-	-	472	4.0494
688	fixed	5	T2	d702fd6fe588b6cb	2	2	512	-1	replay	none	0	none	-	-1	-	-	473	4.0163
689	fixed	5	T2	d702fd6fe588b6cb	2	2	512	-1	replay	none	0	none	-	-1	-	-	472	4.0321
690	fixed	5	T2	d702fd6fe588b6cb	2	2	512	-1	replay	none	0	none	-	-1	-	-	475	4.0429
691	fixed	5	T2	d702fd6fe588b6cb	2	2	512	-1	replay	none	0	none	-	-1	-	-	477	4.0271
692	fixed	5	T2	d702fd6fe588b6cb	2	2	512	-1	replay	none	0	none	-	-1	-	-	475	4.0301
693	fixed	5	T2	d702fd6fe588b6cb	2	2	512	-1	replay	none	0	none	-	-1	-	-	474	4.0188
694	fixed	5	T2	d702fd6fe588b6cb	2	2	512	-1	replay	none	0	none	-	-1	-	-	474	4.0207
695	fixed	5	T2	d702fd6fe588b6cb	2	2	512	-1	replay	none	0	none	-	-1	-	-	473	4.0453
696	fixed	5	T2	d702fd6fe588b6cb	2	2	512	-1	replay	none	0	none	-	-1	-	-	476	4.0198
697	fixed	5	T2	d702fd6fe588b6cb	2	2	512	-1	replay	none	0	none	-	-1	-	-	480	4.0262
698	fixed	5	T2	d702fd6fe588b6cb	2	2	512	-1	replay	none	0	none	-	-1	-	-	477	4.0369
699	fixed	5	T2	d702fd6fe588b6cb	2	2	512	-1	replay	none	0	none	-	-1	-	-	475	4.0199
700	fixed	5	T2	d702fd6fe588b6cb	2	2	512	-1	replay	none	0	none	-	-1	-	-	473	4.0406
701	fixed	5	T2	d702fd6fe588b6cb	2	2	512	-1	replay	none	0	none	-	-1	-	-	484	4.0305
702	fixed	5	T2	d702fd6fe588b6cb	2	2	512	-1	replay	none	0	none	-	-1	-	-	532	4.0386
703	fixed	5	T2	d702fd6fe588b6cb	2	2	512	-1	replay	none	0	none	-	-1	-	-	478	4.0461
704	fixed	5	T2	d702fd6fe588b6cb	2	2	512	-1	replay	none	0	none	-	-1	-	-	474	4.0142
705	fixed	5	T2	d702fd6fe588b6cb	2	2	512	-1	replay	none	0	none	-	-1	-	-	481	4.0212
706	fixed	5	T2	d702fd6fe588b6cb	2	2	512	-1	replay	none	0	none	-	-1	-	-	475	4.0420
707	fixed	5	T2	d702fd6fe588b6cb	2	2	512	-1	replay	none	0	none	-	-1	-	-	481	4.0465
708	fixed	5	T2	d702fd6fe588b6cb	2	2	512	-1	replay	none	0	none	-	-1	-	-	477	4.0572
709	fixed	5	T2	d702fd6fe588b6cb	2	2	512	-1	replay	none	0	none	-	-1	-	-	477	4.0268
710	fixed	5	T2	d702fd6fe588b6cb	2	2	512	-1	replay	none	0	none	-	-1	-	-	475	4.0537
711	fixed	5	T2	d702fd6fe588b6cb	2	2	512	-1	replay	none	0	none	-	-1	-	-	475	4.0686
712	fixed	5	T3	0dfa7fc3533697c4	1	1	512	-1	direct	none	1	structure	shape,data	0	GET_ROWS	model.input_embed	2231	4.2507
713	fixed	5	T3	0dfa7fc3533697c4	1	1	512	-1	capture	reinstantiate	0	none	-	-1	-	-	2277	5.5787
714	fixed	5	T3	0dfa7fc3533697c4	1	1	512	-1	replay	none	0	none	-	-1	-	-	476	3.7374
715	fixed	5	T3	0dfa7fc3533697c4	1	1	512	-1	replay	none	0	none	-	-1	-	-	475	3.7563
716	fixed	5	T3	0dfa7fc3533697c4	1	1	512	-1	replay	none	0	none	-	-1	-	-	476	3.7599
717	fixed	5	T3	0dfa7fc3533697c4	1	1	512	-1	replay	none	0	none	-	-1	-	-	476	3.7353
718	fixed	5	T3	0dfa7fc3533697c4	1	1	512	-1	replay	none	0	none	-	-1	-	-	473	3.7519
719	fixed	5	T3	0dfa7fc3533697c4	1	1	512	-1	replay	none	0	none	-	-1	-	-	473	3.7230
720	fixed	5	T3	0dfa7fc3533697c4	1	1	512	-1	replay	none	0	none	-	-1	-	-	471	3.7487
721	fixed	5	T3	0dfa7fc3533697c4	1	1	512	-1	replay	none	0	none	-	-1	-	-	471	3.7520
722	fixed	5	T3	0dfa7fc3533697c4	1	1	512	-1	replay	none	0	none	-	-1	-	-	473	3.7405
723	fixed	5	T3	0dfa7fc3533697c4	1	1	512	-1	replay	none	0	none	-	-1	-	-	471	3.7238
724	fixed	5	T3	0dfa7fc3533697c4	1	1	512	-1	replay	none	0	none	-	-1	-	-	473	3.7868
725	fixed	5	T3	0dfa7fc3533697c4	1	1	512	-1	replay	none	0	none	-	-1	-	-	471	3.7391
726	fixed	5	T3	0dfa7fc3533697c4	1	1	512	-1	replay	none	0	none	-	-1	-	-	480	3.7532
727	fixed	5	T3	0dfa7fc3533697c4	1	1	512	-1	replay	none	0	none	-	-1	-	-	472	3.7570
728	fixed	5	T3	0dfa7fc3533697c4	1	1	512	-1	replay	none	0	none	-	-1	-	-	474	3.7428
729	fixed	5	T3	0dfa7fc3533697c4	1	1	512	-1	replay	none	0	none	-	-1	-	-	471	3.7657
730	fixed	5	T3	0dfa7fc3533697c4	1	1	512	-1	replay	none	0	none	-	-1	-	-	475	3.7486
731	fixed	5	T3	0dfa7fc3533697c4	1	1	512	-1	replay	none	0	none	-	-1	-	-	488	3.7406
732	fixed	5	T3	0dfa7fc3533697c4	1	1	512	-1	replay	none	0	none	-	-1	-	-	485	3.7694
733	fixed	5	T3	0dfa7fc3533697c4	1	1	512	-1	replay	none	0	none	-	-1	-	-	579	3.7767
734	fixed	5	T3	0dfa7fc3533697c4	1	1	512	-1	replay	none	0	none	-	-1	-	-	485	3.7284
735	fixed	5	T3	0dfa7fc3533697c4	1	1	512	-1	replay	none	0	none	-	-1	-	-	477	3.7840
736	fixed	5	T3	0dfa7fc3533697c4	1	1	512	-1	replay	none	0	none	-	-1	-	-	470	3.7303
737	fixed	5	T3	0dfa7fc3533697c4	1	1	512	-1	replay	none	0	none	-	-1	-	-	473	3.7411
738	fixed	5	T3	0dfa7fc3533697c4	1	1	512	-1	replay	none	0	none	-	-1	-	-	472	3.7533
739	fixed	5	T3	0dfa7fc3533697c4	1	1	512	-1	replay	none	0	none	-	-1	-	-	471	3.7658
740	fixed	5	T3	0dfa7fc3533697c4	1	1	512	-1	replay	none	0	none	-	-1	-	-	474	3.7407
741	fixed	5	T3	0dfa7fc3533697c4	1	1	512	-1	replay	none	0	none	-	-1	-	-	470	3.7386
742	fixed	5	T3	0dfa7fc3533697c4	1	1	512	-1	replay	none	0	none	-	-1	-	-	473	3.7638
743	fixed	5	T3	0dfa7fc3533697c4	1	1	512	-1	replay	none	0	none	-	-1	-	-	474	3.7373
744	fixed	5	T3	0dfa7fc3533697c4	1	1	512	-1	replay	none	0	none	-	-1	-	-	471	3.7508
745	fixed	5	T3	0dfa7fc3533697c4	1	1	512	-1	replay	none	0	none	-	-1	-	-	475	3.7526
746	fixed	5	T3	0dfa7fc3533697c4	1	1	512	-1	replay	none	0	none	-	-1	-	-	470	3.7497
747	fixed	5	T3	0dfa7fc3533697c4	1	1	512	-1	replay	none	0	none	-	-1	-	-	469	3.7400
748	fixed	5	T3	0dfa7fc3533697c4	1	1	512	-1	replay	none	0	none	-	-1	-	-	471	3.7315
749	fixed	5	T3	0dfa7fc3533697c4	1	1	512	-1	replay	none	0	none	-	-1	-	-	474	3.7321
750	fixed	5	T3	0dfa7fc3533697c4	1	1	512	-1	replay	none	0	none	-	-1	-	-	477	3.7734
751	fixed	5	T3	0dfa7fc3533697c4	1	1	512	-1	replay	none	0	none	-	-1	-	-	475	3.7405
752	fixed	5	T3	0dfa7fc3533697c4	1	1	512	-1	replay	none	0	none	-	-1	-	-	470	3.7228
753	fixed	5	T3	0dfa7fc3533697c4	1	1	512	-1	replay	none	0	none	-	-1	-	-	476	3.7452
754	fixed	5	T3	0dfa7fc3533697c4	1	1	512	-1	replay	none	0	none	-	-1	-	-	481	3.7378
755	fixed	5	T3	0dfa7fc3533697c4	1	1	512	-1	replay	none	0	none	-	-1	-	-	473	3.7371
756	fixed	5	T3	0dfa7fc3533697c4	1	1	512	-1	replay	none	0	none	-	-1	-	-	480	3.7451
757	fixed	5	T3	0dfa7fc3533697c4	1	1	512	-1	replay	none	0	none	-	-1	-	-	475	3.7432
758	fixed	5	T3	0dfa7fc3533697c4	1	1	512	-1	replay	none	0	none	-	-1	-	-	479	3.7322
759	fixed	5	T3	0dfa7fc3533697c4	1	1	512	-1	replay	none	0	none	-	-1	-	-	471	3.7789
760	fixed	5	T3	0dfa7fc3533697c4	1	1	512	-1	replay	none	0	none	-	-1	-	-	474	3.7283
761	fixed	5	T3	0dfa7fc3533697c4	1	1	512	-1	replay	none	0	none	-	-1	-	-	474	3.7797
762	fixed	5	T3	0dfa7fc3533697c4	1	1	512	-1	replay	none	0	none	-	-1	-	-	472	3.7654
763	fixed	5	T3	0dfa7fc3533697c4	1	1	512	-1	replay	none	0	none	-	-1	-	-	470	3.7299
764	fixed	5	T3	0dfa7fc3533697c4	1	1	512	-1	replay	none	0	none	-	-1	-	-	472	3.7609
765	fixed	5	T3	0dfa7fc3533697c4	1	1	512	-1	replay	none	0	none	-	-1	-	-	474	3.7647
766	fixed	5	T3	0dfa7fc3533697c4	1	1	512	-1	replay	none	0	none	-	-1	-	-	470	3.7383
767	fixed	5	T3	0dfa7fc3533697c4	1	1	512	-1	replay	none	0	none	-	-1	-	-	475	3.7558
768	fixed	5	T3	0dfa7fc3533697c4	1	1	512	-1	replay	none	0	none	-	-1	-	-	469	3.7788
769	fixed	5	T3	0dfa7fc3533697c4	1	1	512	-1	replay	none	0	none	-	-1	-	-	471	3.7396
770	fixed	5	T3	0dfa7fc3533697c4	1	1	512	-1	replay	none	0	none	-	-1	-	-	468	3.7617
771	fixed	5	T3	0dfa7fc3533697c4	1	1	512	-1	replay	none	0	none	-	-1	-	-	469	3.7237
772	fixed	5	T3	0dfa7fc3533697c4	1	1	512	-1	replay	none	0	none	-	-1	-	-	467	3.7521
773	fixed	5	T3	0dfa7fc3533697c4	1	1	512	-1	replay	none	0	none	-	-1	-	-	471	3.7169
774	fixed	5	T3	0dfa7fc3533697c4	1	1	512	-1	replay	none	0	none	-	-1	-	-	468	3.7196
775	fixed	5	T3	0dfa7fc3533697c4	1	1	512	-1	replay	none	0	none	-	-1	-	-	469	3.7330
776	fixed	5	T3	0dfa7fc3533697c4	1	1	512	-1	replay	none	0	none	-	-1	-	-	471	3.7182
777	fixed	5	T3	0dfa7fc3533697c4	1	1	512	-1	replay	none	0	none	-	-1	-	-	469	3.7307
778	fixed	5	T3	0dfa7fc3533697c4	1	1	512	-1	replay	none	0	none	-	-1	-	-	471	3.7262
779	fixed	5	T3	0dfa7fc3533697c4	1	1	512	-1	replay	none	0	none	-	-1	-	-	470	3.7709
780	fixed	5	T3	0dfa7fc3533697c4	1	1	512	-1	replay	none	0	none	-	-1	-	-	470	3.7343
781	fixed	5	T3	0dfa7fc3533697c4	1	1	512	-1	replay	none	0	none	-	-1	-	-	469	3.9093
782	permuted	0	T0	dbdb0ad78cf67443	252	0	256	-1	direct	none	1	structure	shape,data	0	GET_ROWS	model.input_embed	3265	16.1053
783	permuted	0	T0	5e879b663492f411	4	1	256	-1	direct	none	0	structure	shape,data	0	GET_ROWS	model.input_embed	2528	4.6367
784	permuted	0	T0	0fdbf3977c990123	1	1	512	-1	direct	none	0	structure	shape,data	0	GET_ROWS	model.input_embed	2181	4.2148
785	permuted	0	T0	0fdbf3977c990123	1	1	512	-1	capture	update	0	none	-	-1	-	-	1677	4.9533
786	permuted	0	T0	0fdbf3977c990123	1	1	512	-1	replay	none	0	none	-	-1	-	-	482	3.7272
787	permuted	0	T0	0fdbf3977c990123	1	1	512	-1	replay	none	0	none	-	-1	-	-	473	3.7388
788	permuted	0	T0	0fdbf3977c990123	1	1	512	-1	replay	none	0	none	-	-1	-	-	477	3.7326
789	permuted	0	T0	0fdbf3977c990123	1	1	512	-1	replay	none	0	none	-	-1	-	-	474	3.7752
790	permuted	0	T0	0fdbf3977c990123	1	1	512	-1	replay	none	0	none	-	-1	-	-	475	3.7677
791	permuted	0	T0	0fdbf3977c990123	1	1	512	-1	replay	none	0	none	-	-1	-	-	474	3.7473
792	permuted	0	T0	0fdbf3977c990123	1	1	512	-1	replay	none	0	none	-	-1	-	-	473	3.7903
793	permuted	0	T0	0fdbf3977c990123	1	1	512	-1	replay	none	0	none	-	-1	-	-	478	3.7392
794	permuted	0	T0	0fdbf3977c990123	1	1	512	-1	replay	none	0	none	-	-1	-	-	478	3.7690
795	permuted	0	T0	0fdbf3977c990123	1	1	512	-1	replay	none	0	none	-	-1	-	-	476	3.7234
796	permuted	0	T0	0fdbf3977c990123	1	1	512	-1	replay	none	0	none	-	-1	-	-	472	3.7405
797	permuted	0	T0	0fdbf3977c990123	1	1	512	-1	replay	none	0	none	-	-1	-	-	482	3.7238
798	permuted	0	T0	0fdbf3977c990123	1	1	512	-1	replay	none	0	none	-	-1	-	-	474	3.7416
799	permuted	0	T0	0fdbf3977c990123	1	1	512	-1	replay	none	0	none	-	-1	-	-	477	3.7253
800	permuted	0	T0	0fdbf3977c990123	1	1	512	-1	replay	none	0	none	-	-1	-	-	473	3.7363
801	permuted	0	T0	0fdbf3977c990123	1	1	512	-1	replay	none	0	none	-	-1	-	-	474	3.7354
802	permuted	0	T0	0fdbf3977c990123	1	1	512	-1	replay	none	0	none	-	-1	-	-	472	3.7139
803	permuted	0	T0	0fdbf3977c990123	1	1	512	-1	replay	none	0	none	-	-1	-	-	473	3.7252
804	permuted	0	T0	0fdbf3977c990123	1	1	512	-1	replay	none	0	none	-	-1	-	-	475	3.7323
805	permuted	0	T0	0fdbf3977c990123	1	1	512	-1	replay	none	0	none	-	-1	-	-	471	3.7397
806	permuted	0	T0	0fdbf3977c990123	1	1	512	-1	replay	none	0	none	-	-1	-	-	474	3.7159
807	permuted	0	T0	0fdbf3977c990123	1	1	512	-1	replay	none	0	none	-	-1	-	-	470	3.7455
808	permuted	0	T1	0fdbf3977c990123	1	1	512	-1	replay	none	0	none	-	-1	-	-	480	3.7379
809	permuted	0	T1	da7570afdbb81394	252	0	256	-1	direct	none	1	structure	shape,data	0	GET_ROWS	model.input_embed	3125	16.0771
810	permuted	0	T1	0fdbf3977c990123	1	1	512	-1	direct	none	0	structure	shape,data	0	GET_ROWS	model.input_embed	2180	4.2435
811	permuted	0	T1	802ba1f19f5ea689	4	1	256	-1	direct	none	0	structure	shape,data	0	GET_ROWS	model.input_embed	2615	4.6250
812	permuted	0	T2	d702fd6fe588b6cb	2	2	512	-1	direct	none	0	structure	shape,data	0	GET_ROWS	model.input_embed	2515	4.6687
813	permuted	0	T2	d702fd6fe588b6cb	2	2	512	-1	capture	reinstantiate	0	none	-	-1	-	-	2805	6.5518
814	permuted	0	T2	d702fd6fe588b6cb	2	2	512	-1	replay	none	0	none	-	-1	-	-	482	4.0289
815	permuted	0	T2	d702fd6fe588b6cb	2	2	512	-1	replay	none	0	none	-	-1	-	-	481	4.0746
816	permuted	0	T2	d702fd6fe588b6cb	2	2	512	-1	replay	none	0	none	-	-1	-	-	485	4.0749
817	permuted	0	T2	d702fd6fe588b6cb	2	2	512	-1	replay	none	0	none	-	-1	-	-	478	4.0835
818	permuted	0	T2	d702fd6fe588b6cb	2	2	512	-1	replay	none	0	none	-	-1	-	-	534	4.0391
819	permuted	0	T2	d702fd6fe588b6cb	2	2	512	-1	replay	none	0	none	-	-1	-	-	476	4.0308
820	permuted	0	T2	d702fd6fe588b6cb	2	2	512	-1	replay	none	0	none	-	-1	-	-	477	4.0249
821	permuted	0	T2	d702fd6fe588b6cb	2	2	512	-1	replay	none	0	none	-	-1	-	-	515	4.0384
822	permuted	0	T2	d702fd6fe588b6cb	2	2	512	-1	replay	none	0	none	-	-1	-	-	475	4.0140
823	permuted	0	T2	d702fd6fe588b6cb	2	2	512	-1	replay	none	0	none	-	-1	-	-	478	4.0289
824	permuted	0	T2	d702fd6fe588b6cb	2	2	512	-1	replay	none	0	none	-	-1	-	-	477	4.0356
825	permuted	0	T2	d702fd6fe588b6cb	2	2	512	-1	replay	none	0	none	-	-1	-	-	475	4.0278
826	permuted	0	T2	d702fd6fe588b6cb	2	2	512	-1	replay	none	0	none	-	-1	-	-	477	4.0475
827	permuted	0	T2	d702fd6fe588b6cb	2	2	512	-1	replay	none	0	none	-	-1	-	-	476	4.0114
828	permuted	0	T2	d702fd6fe588b6cb	2	2	512	-1	replay	none	0	none	-	-1	-	-	476	4.0277
829	permuted	0	T2	d702fd6fe588b6cb	2	2	512	-1	replay	none	0	none	-	-1	-	-	512	4.0424
830	permuted	0	T2	d702fd6fe588b6cb	2	2	512	-1	replay	none	0	none	-	-1	-	-	476	4.0292
831	permuted	0	T2	d702fd6fe588b6cb	2	2	512	-1	replay	none	0	none	-	-1	-	-	473	4.0330
832	permuted	0	T2	d702fd6fe588b6cb	2	2	512	-1	replay	none	0	none	-	-1	-	-	587	4.0442
833	permuted	0	T2	d702fd6fe588b6cb	2	2	512	-1	replay	none	0	none	-	-1	-	-	488	4.0217
834	permuted	0	T2	d702fd6fe588b6cb	2	2	512	-1	replay	none	0	none	-	-1	-	-	488	4.0421
835	permuted	0	T2	d702fd6fe588b6cb	2	2	512	-1	replay	none	0	none	-	-1	-	-	486	4.0251
836	permuted	0	T2	d702fd6fe588b6cb	2	2	512	-1	replay	none	0	none	-	-1	-	-	482	4.0332
837	permuted	0	T2	d702fd6fe588b6cb	2	2	512	-1	replay	none	0	none	-	-1	-	-	481	4.0428
838	permuted	0	T2	d702fd6fe588b6cb	2	2	512	-1	replay	none	0	none	-	-1	-	-	481	4.0467
839	permuted	0	T2	d702fd6fe588b6cb	2	2	512	-1	replay	none	0	none	-	-1	-	-	477	4.0411
840	permuted	0	T2	d702fd6fe588b6cb	2	2	512	-1	replay	none	0	none	-	-1	-	-	607	4.1058
841	permuted	0	T2	d702fd6fe588b6cb	2	2	512	-1	replay	none	0	none	-	-1	-	-	483	4.0259
842	permuted	0	T2	d702fd6fe588b6cb	2	2	512	-1	replay	none	0	none	-	-1	-	-	479	4.0515
843	permuted	0	T3	0fdbf3977c990123	1	1	512	-1	direct	none	1	structure	shape,data	0	GET_ROWS	model.input_embed	2228	4.4675
844	permuted	0	T3	0fdbf3977c990123	1	1	512	-1	capture	reinstantiate	0	none	-	-1	-	-	2699	5.9325
845	permuted	0	T3	0fdbf3977c990123	1	1	512	-1	replay	none	0	none	-	-1	-	-	521	3.7635
846	permuted	0	T3	0fdbf3977c990123	1	1	512	-1	replay	none	0	none	-	-1	-	-	480	3.7250
847	permuted	0	T3	0fdbf3977c990123	1	1	512	-1	replay	none	0	none	-	-1	-	-	487	3.7717
848	permuted	0	T3	0fdbf3977c990123	1	1	512	-1	replay	none	0	none	-	-1	-	-	491	3.7520
849	permuted	0	T3	0fdbf3977c990123	1	1	512	-1	replay	none	0	none	-	-1	-	-	481	3.7228
850	permuted	0	T3	0fdbf3977c990123	1	1	512	-1	replay	none	0	none	-	-1	-	-	477	3.7612
851	permuted	0	T3	0fdbf3977c990123	1	1	512	-1	replay	none	0	none	-	-1	-	-	475	3.7387
852	permuted	0	T3	0fdbf3977c990123	1	1	512	-1	replay	none	0	none	-	-1	-	-	472	3.7366
853	permuted	0	T3	0fdbf3977c990123	1	1	512	-1	replay	none	0	none	-	-1	-	-	470	3.7420
854	permuted	0	T3	0fdbf3977c990123	1	1	512	-1	replay	none	0	none	-	-1	-	-	476	3.7452
855	permuted	0	T3	0fdbf3977c990123	1	1	512	-1	replay	none	0	none	-	-1	-	-	471	3.7278
856	permuted	0	T3	0fdbf3977c990123	1	1	512	-1	replay	none	0	none	-	-1	-	-	475	3.7650
857	permuted	0	T3	0fdbf3977c990123	1	1	512	-1	replay	none	0	none	-	-1	-	-	471	3.7268
858	permuted	0	T3	0fdbf3977c990123	1	1	512	-1	replay	none	0	none	-	-1	-	-	474	3.7739
859	permuted	0	T3	0fdbf3977c990123	1	1	512	-1	replay	none	0	none	-	-1	-	-	473	3.7631
860	permuted	0	T3	0fdbf3977c990123	1	1	512	-1	replay	none	0	none	-	-1	-	-	474	3.7307
861	permuted	0	T3	0fdbf3977c990123	1	1	512	-1	replay	none	0	none	-	-1	-	-	608	3.7624
862	permuted	0	T3	0fdbf3977c990123	1	1	512	-1	replay	none	0	none	-	-1	-	-	479	3.7680
863	permuted	0	T3	0fdbf3977c990123	1	1	512	-1	replay	none	0	none	-	-1	-	-	479	3.7359
864	permuted	0	T3	0fdbf3977c990123	1	1	512	-1	replay	none	0	none	-	-1	-	-	473	3.7497
865	permuted	0	T3	0fdbf3977c990123	1	1	512	-1	replay	none	0	none	-	-1	-	-	476	3.7757
866	permuted	0	T3	0fdbf3977c990123	1	1	512	-1	replay	none	0	none	-	-1	-	-	602	3.7403
867	permuted	0	T3	0fdbf3977c990123	1	1	512	-1	replay	none	0	none	-	-1	-	-	481	3.7704
868	permuted	0	T3	0fdbf3977c990123	1	1	512	-1	replay	none	0	none	-	-1	-	-	482	3.7608
869	permuted	0	T3	0fdbf3977c990123	1	1	512	-1	replay	none	0	none	-	-1	-	-	474	3.7397
870	permuted	0	T3	0fdbf3977c990123	1	1	512	-1	replay	none	0	none	-	-1	-	-	478	3.7510
871	permuted	0	T3	0fdbf3977c990123	1	1	512	-1	replay	none	0	none	-	-1	-	-	472	3.7683
872	permuted	0	T3	0fdbf3977c990123	1	1	512	-1	replay	none	0	none	-	-1	-	-	475	3.7278
873	permuted	0	T3	0fdbf3977c990123	1	1	512	-1	replay	none	0	none	-	-1	-	-	473	3.7637
874	permuted	0	T3	0fdbf3977c990123	1	1	512	-1	replay	none	0	none	-	-1	-	-	479	3.7624
875	permuted	0	T3	0fdbf3977c990123	1	1	512	-1	replay	none	0	none	-	-1	-	-	472	3.7189
876	permuted	0	T3	0fdbf3977c990123	1	1	512	-1	replay	none	0	none	-	-1	-	-	470	3.7475
877	permuted	0	T3	0fdbf3977c990123	1	1	512	-1	replay	none	0	none	-	-1	-	-	473	3.7570
878	permuted	0	T3	0fdbf3977c990123	1	1	512	-1	replay	none	0	none	-	-1	-	-	471	3.7355
879	permuted	0	T3	0fdbf3977c990123	1	1	512	-1	replay	none	0	none	-	-1	-	-	473	3.7474
880	permuted	0	T3	0fdbf3977c990123	1	1	512	-1	replay	none	0	none	-	-1	-	-	469	3.7442
881	permuted	0	T3	0fdbf3977c990123	1	1	512	-1	replay	none	0	none	-	-1	-	-	473	3.7308
882	permuted	0	T3	0fdbf3977c990123	1	1	512	-1	replay	none	0	none	-	-1	-	-	472	3.7733
883	permuted	0	T3	0fdbf3977c990123	1	1	512	-1	replay	none	0	none	-	-1	-	-	473	3.7290
884	permuted	0	T3	0fdbf3977c990123	1	1	512	-1	replay	none	0	none	-	-1	-	-	470	3.7371
885	permuted	0	T3	0fdbf3977c990123	1	1	512	-1	replay	none	0	none	-	-1	-	-	472	3.7542
886	permuted	0	T3	0fdbf3977c990123	1	1	512	-1	replay	none	0	none	-	-1	-	-	481	3.7292
887	permuted	0	T3	0fdbf3977c990123	1	1	512	-1	replay	none	0	none	-	-1	-	-	475	3.7383
888	permuted	0	T3	0fdbf3977c990123	1	1	512	-1	replay	none	0	none	-	-1	-	-	477	3.7299
889	permuted	0	T3	0fdbf3977c990123	1	1	512	-1	replay	none	0	none	-	-1	-	-	473	3.7615
890	permuted	0	T3	0fdbf3977c990123	1	1	512	-1	replay	none	0	none	-	-1	-	-	476	3.7228
891	permuted	0	T3	0fdbf3977c990123	1	1	512	-1	replay	none	0	none	-	-1	-	-	471	3.7764
892	permuted	0	T3	0fdbf3977c990123	1	1	512	-1	replay	none	0	none	-	-1	-	-	474	3.7331
893	permuted	0	T3	0fdbf3977c990123	1	1	512	-1	replay	none	0	none	-	-1	-	-	472	3.7614
894	permuted	0	T3	0fdbf3977c990123	1	1	512	-1	replay	none	0	none	-	-1	-	-	475	3.7475
895	permuted	0	T3	0fdbf3977c990123	1	1	512	-1	replay	none	0	none	-	-1	-	-	473	3.7431
896	permuted	0	T3	0fdbf3977c990123	1	1	512	-1	replay	none	0	none	-	-1	-	-	474	3.7528
897	permuted	0	T3	0fdbf3977c990123	1	1	512	-1	replay	none	0	none	-	-1	-	-	471	3.7462
898	permuted	0	T3	0fdbf3977c990123	1	1	512	-1	replay	none	0	none	-	-1	-	-	473	3.7317
899	permuted	0	T3	0fdbf3977c990123	1	1	512	-1	replay	none	0	none	-	-1	-	-	470	4.0092
900	permuted	0	T3	0fdbf3977c990123	1	1	512	-1	replay	none	0	none	-	-1	-	-	496	3.7776
901	permuted	0	T3	0fdbf3977c990123	1	1	512	-1	replay	none	0	none	-	-1	-	-	488	3.7221
902	permuted	0	T3	0fdbf3977c990123	1	1	512	-1	replay	none	0	none	-	-1	-	-	524	3.7730
903	permuted	0	T3	0fdbf3977c990123	1	1	512	-1	replay	none	0	none	-	-1	-	-	541	3.7629
904	permuted	0	T3	0fdbf3977c990123	1	1	512	-1	replay	none	0	none	-	-1	-	-	476	3.7465
905	permuted	0	T3	0fdbf3977c990123	1	1	512	-1	replay	none	0	none	-	-1	-	-	472	3.7475
906	permuted	0	T3	0fdbf3977c990123	1	1	512	-1	replay	none	0	none	-	-1	-	-	475	3.7792
907	permuted	0	T3	0fdbf3977c990123	1	1	512	-1	replay	none	0	none	-	-1	-	-	471	3.7286
908	permuted	0	T3	0fdbf3977c990123	1	1	512	-1	replay	none	0	none	-	-1	-	-	474	4.9958
909	permuted	0	T3	0fdbf3977c990123	1	1	512	-1	replay	none	0	none	-	-1	-	-	476	3.7414
910	permuted	0	T3	0fdbf3977c990123	1	1	512	-1	replay	none	0	none	-	-1	-	-	472	3.7309
911	permuted	0	T3	0fdbf3977c990123	1	1	512	-1	replay	none	0	none	-	-1	-	-	475	3.7786
912	permuted	0	T3	0fdbf3977c990123	1	1	512	-1	replay	none	0	none	-	-1	-	-	474	4.1152
913	permuted	1	T0	5e879b663492f411	4	1	256	-1	direct	none	1	structure	shape,data	0	GET_ROWS	model.input_embed	2570	5.2534
914	permuted	1	T0	0fdbf3977c990123	1	1	512	-1	direct	none	0	structure	shape,data	0	GET_ROWS	model.input_embed	2145	4.3887
915	permuted	1	T0	0fdbf3977c990123	1	1	512	-1	capture	update	0	none	-	-1	-	-	1677	5.3120
916	permuted	1	T0	0fdbf3977c990123	1	1	512	-1	replay	none	0	none	-	-1	-	-	481	4.0441
917	permuted	1	T0	0fdbf3977c990123	1	1	512	-1	replay	none	0	none	-	-1	-	-	477	3.9153
918	permuted	1	T0	0fdbf3977c990123	1	1	512	-1	replay	none	0	none	-	-1	-	-	482	3.7375
919	permuted	1	T0	0fdbf3977c990123	1	1	512	-1	replay	none	0	none	-	-1	-	-	477	4.0772
920	permuted	1	T0	0fdbf3977c990123	1	1	512	-1	replay	none	0	none	-	-1	-	-	480	4.1036
921	permuted	1	T0	0fdbf3977c990123	1	1	512	-1	replay	none	0	none	-	-1	-	-	477	4.1411
922	permuted	1	T0	0fdbf3977c990123	1	1	512	-1	replay	none	0	none	-	-1	-	-	482	3.7758
923	permuted	1	T0	0fdbf3977c990123	1	1	512	-1	replay	none	0	none	-	-1	-	-	482	3.7524
924	permuted	1	T0	0fdbf3977c990123	1	1	512	-1	replay	none	0	none	-	-1	-	-	516	4.1196
925	permuted	1	T0	0fdbf3977c990123	1	1	512	-1	replay	none	0	none	-	-1	-	-	478	4.1683
926	permuted	1	T0	0fdbf3977c990123	1	1	512	-1	replay	none	0	none	-	-1	-	-	480	4.1240
927	permuted	1	T0	0fdbf3977c990123	1	1	512	-1	replay	none	0	none	-	-1	-	-	480	3.7735
928	permuted	1	T0	0fdbf3977c990123	1	1	512	-1	replay	none	0	none	-	-1	-	-	486	3.7773
929	permuted	1	T0	0fdbf3977c990123	1	1	512	-1	replay	none	0	none	-	-1	-	-	554	4.1563
930	permuted	1	T0	0fdbf3977c990123	1	1	512	-1	replay	none	0	none	-	-1	-	-	534	3.9566
931	permuted	1	T0	0fdbf3977c990123	1	1	512	-1	replay	none	0	none	-	-1	-	-	487	3.7604
932	permuted	1	T0	0fdbf3977c990123	1	1	512	-1	replay	none	0	none	-	-1	-	-	483	3.7556
933	permuted	1	T0	0fdbf3977c990123	1	1	512	-1	replay	none	0	none	-	-1	-	-	517	4.0738
934	permuted	1	T0	0fdbf3977c990123	1	1	512	-1	replay	none	0	none	-	-1	-	-	487	4.0022
935	permuted	1	T0	0fdbf3977c990123	1	1	512	-1	replay	none	0	none	-	-1	-	-	521	3.7732
936	permuted	1	T0	0fdbf3977c990123	1	1	512	-1	replay	none	0	none	-	-1	-	-	486	3.7652
937	permuted	1	T0	0fdbf3977c990123	1	1	512	-1	replay	none	0	none	-	-1	-	-	483	3.8424
938	permuted	1	T1	0fdbf3977c990123	1	1	512	-1	replay	none	0	none	-	-1	-	-	478	3.8733
939	permuted	1	T1	da7570afdbb81394	252	0	256	-1	direct	none	1	structure	shape,data	0	GET_ROWS	model.input_embed	3187	16.1863
940	permuted	1	T1	0fdbf3977c990123	1	1	512	-1	direct	none	0	structure	shape,data	0	GET_ROWS	model.input_embed	2175	4.2658
941	permuted	1	T1	802ba1f19f5ea689	4	1	256	-1	direct	none	0	structure	shape,data	0	GET_ROWS	model.input_embed	2470	5.2633
942	permuted	1	T2	d702fd6fe588b6cb	2	2	512	-1	direct	none	0	structure	shape,data	0	GET_ROWS	model.input_embed	2418	4.7137
943	permuted	1	T2	d702fd6fe588b6cb	2	2	512	-1	capture	reinstantiate	0	none	-	-1	-	-	2791	6.6817
944	permuted	1	T2	d702fd6fe588b6cb	2	2	512	-1	replay	none	0	none	-	-1	-	-	478	4.3768
945	permuted	1	T2	d702fd6fe588b6cb	2	2	512	-1	replay	none	0	none	-	-1	-	-	479	4.4490
946	permuted	1	T2	d702fd6fe588b6cb	2	2	512	-1	replay	none	0	none	-	-1	-	-	474	4.4184
947	permuted	1	T2	d702fd6fe588b6cb	2	2	512	-1	replay	none	0	none	-	-1	-	-	477	4.0701
948	permuted	1	T2	d702fd6fe588b6cb	2	2	512	-1	replay	none	0	none	-	-1	-	-	483	4.0611
949	permuted	1	T2	d702fd6fe588b6cb	2	2	512	-1	replay	none	0	none	-	-1	-	-	488	4.1342
950	permuted	1	T2	d702fd6fe588b6cb	2	2	512	-1	replay	none	0	none	-	-1	-	-	491	4.3872
951	permuted	1	T2	d702fd6fe588b6cb	2	2	512	-1	replay	none	0	none	-	-1	-	-	475	4.1098
952	permuted	1	T2	d702fd6fe588b6cb	2	2	512	-1	replay	none	0	none	-	-1	-	-	591	4.2903
953	permuted	1	T2	d702fd6fe588b6cb	2	2	512	-1	replay	none	0	none	-	-1	-	-	479	4.3420
954	permuted	1	T2	d702fd6fe588b6cb	2	2	512	-1	replay	none	0	none	-	-1	-	-	474	4.3702
955	permuted	1	T2	d702fd6fe588b6cb	2	2	512	-1	replay	none	0	none	-	-1	-	-	476	4.2542
956	permuted	1	T2	d702fd6fe588b6cb	2	2	512	-1	replay	none	0	none	-	-1	-	-	474	4.0611
957	permuted	1	T2	d702fd6fe588b6cb	2	2	512	-1	replay	none	0	none	-	-1	-	-	473	4.0879
958	permuted	1	T2	d702fd6fe588b6cb	2	2	512	-1	replay	none	0	none	-	-1	-	-	474	4.1298
959	permuted	1	T2	d702fd6fe588b6cb	2	2	512	-1	replay	none	0	none	-	-1	-	-	477	4.0334
960	permuted	1	T2	d702fd6fe588b6cb	2	2	512	-1	replay	none	0	none	-	-1	-	-	476	4.0658
961	permuted	1	T2	d702fd6fe588b6cb	2	2	512	-1	replay	none	0	none	-	-1	-	-	475	4.0395
962	permuted	1	T2	d702fd6fe588b6cb	2	2	512	-1	replay	none	0	none	-	-1	-	-	473	4.0558
963	permuted	1	T2	d702fd6fe588b6cb	2	2	512	-1	replay	none	0	none	-	-1	-	-	472	4.0378
964	permuted	1	T2	d702fd6fe588b6cb	2	2	512	-1	replay	none	0	none	-	-1	-	-	475	4.0300
965	permuted	1	T2	d702fd6fe588b6cb	2	2	512	-1	replay	none	0	none	-	-1	-	-	473	4.0649
966	permuted	1	T2	d702fd6fe588b6cb	2	2	512	-1	replay	none	0	none	-	-1	-	-	472	4.0469
967	permuted	1	T2	d702fd6fe588b6cb	2	2	512	-1	replay	none	0	none	-	-1	-	-	470	4.0498
968	permuted	1	T2	d702fd6fe588b6cb	2	2	512	-1	replay	none	0	none	-	-1	-	-	474	4.0844
969	permuted	1	T2	d702fd6fe588b6cb	2	2	512	-1	replay	none	0	none	-	-1	-	-	480	4.3188
970	permuted	1	T2	d702fd6fe588b6cb	2	2	512	-1	replay	none	0	none	-	-1	-	-	480	4.0336
971	permuted	1	T2	d702fd6fe588b6cb	2	2	512	-1	replay	none	0	none	-	-1	-	-	473	4.0724
972	permuted	1	T2	d702fd6fe588b6cb	2	2	512	-1	replay	none	0	none	-	-1	-	-	471	4.0437
973	permuted	1	T3	0fdbf3977c990123	1	1	512	-1	direct	none	1	structure	shape,data	0	GET_ROWS	model.input_embed	2197	4.2724
974	permuted	1	T3	0fdbf3977c990123	1	1	512	-1	capture	reinstantiate	0	none	-	-1	-	-	2671	5.9286
975	permuted	1	T3	0fdbf3977c990123	1	1	512	-1	replay	none	0	none	-	-1	-	-	481	3.7714
976	permuted	1	T3	0fdbf3977c990123	1	1	512	-1	replay	none	0	none	-	-1	-	-	474	3.7350
977	permuted	1	T3	0fdbf3977c990123	1	1	512	-1	replay	none	0	none	-	-1	-	-	475	3.7572
978	permuted	1	T3	0fdbf3977c990123	1	1	512	-1	replay	none	0	none	-	-1	-	-	475	4.0208
979	permuted	1	T3	0fdbf3977c990123	1	1	512	-1	replay	none	0	none	-	-1	-	-	472	3.7837
980	permuted	1	T3	0fdbf3977c990123	1	1	512	-1	replay	none	0	none	-	-1	-	-	472	3.7240
981	permuted	1	T3	0fdbf3977c990123	1	1	512	-1	replay	none	0	none	-	-1	-	-	473	3.7669
982	permuted	1	T3	0fdbf3977c990123	1	1	512	-1	replay	none	0	none	-	-1	-	-	472	4.2028
983	permuted	1	T3	0fdbf3977c990123	1	1	512	-1	replay	none	0	none	-	-1	-	-	473	3.8637
984	permuted	1	T3	0fdbf3977c990123	1	1	512	-1	replay	none	0	none	-	-1	-	-	474	4.5083
985	permuted	1	T3	0fdbf3977c990123	1	1	512	-1	replay	none	0	none	-	-1	-	-	475	4.2826
986	permuted	1	T3	0fdbf3977c990123	1	1	512	-1	replay	none	0	none	-	-1	-	-	483	3.9522
987	permuted	1	T3	0fdbf3977c990123	1	1	512	-1	replay	none	0	none	-	-1	-	-	481	3.7817
988	permuted	1	T3	0fdbf3977c990123	1	1	512	-1	replay	none	0	none	-	-1	-	-	477	3.8499
989	permuted	1	T3	0fdbf3977c990123	1	1	512	-1	replay	none	0	none	-	-1	-	-	480	4.0744
990	permuted	1	T3	0fdbf3977c990123	1	1	512	-1	replay	none	0	none	-	-1	-	-	486	4.0135
991	permuted	1	T3	0fdbf3977c990123	1	1	512	-1	replay	none	0	none	-	-1	-	-	476	3.7972
992	permuted	1	T3	0fdbf3977c990123	1	1	512	-1	replay	none	0	none	-	-1	-	-	476	3.7918
993	permuted	1	T3	0fdbf3977c990123	1	1	512	-1	replay	none	0	none	-	-1	-	-	479	4.1325
994	permuted	1	T3	0fdbf3977c990123	1	1	512	-1	replay	none	0	none	-	-1	-	-	480	4.0824
995	permuted	1	T3	0fdbf3977c990123	1	1	512	-1	replay	none	0	none	-	-1	-	-	475	3.7630
996	permuted	1	T3	0fdbf3977c990123	1	1	512	-1	replay	none	0	none	-	-1	-	-	482	3.7631
997	permuted	1	T3	0fdbf3977c990123	1	1	512	-1	replay	none	0	none	-	-1	-	-	475	4.0963
998	permuted	1	T3	0fdbf3977c990123	1	1	512	-1	replay	none	0	none	-	-1	-	-	480	4.0450
999	permuted	1	T3	0fdbf3977c990123	1	1	512	-1	replay	none	0	none	-	-1	-	-	477	3.7693
1000	permuted	1	T3	0fdbf3977c990123	1	1	512	-1	replay	none	0	none	-	-1	-	-	482	3.7483
1001	permuted	1	T3	0fdbf3977c990123	1	1	512	-1	replay	none	0	none	-	-1	-	-	478	3.7857
1002	permuted	1	T3	0fdbf3977c990123	1	1	512	-1	replay	none	0	none	-	-1	-	-	496	4.0912
1003	permuted	1	T3	0fdbf3977c990123	1	1	512	-1	replay	none	0	none	-	-1	-	-	473	3.8607
1004	permuted	1	T3	0fdbf3977c990123	1	1	512	-1	replay	none	0	none	-	-1	-	-	474	3.7575
1005	permuted	1	T3	0fdbf3977c990123	1	1	512	-1	replay	none	0	none	-	-1	-	-	474	3.7723
1006	permuted	1	T3	0fdbf3977c990123	1	1	512	-1	replay	none	0	none	-	-1	-	-	494	4.0905
1007	permuted	1	T3	0fdbf3977c990123	1	1	512	-1	replay	none	0	none	-	-1	-	-	471	3.9649
1008	permuted	1	T3	0fdbf3977c990123	1	1	512	-1	replay	none	0	none	-	-1	-	-	480	3.7632
1009	permuted	1	T3	0fdbf3977c990123	1	1	512	-1	replay	none	0	none	-	-1	-	-	473	3.7666
1010	permuted	1	T3	0fdbf3977c990123	1	1	512	-1	replay	none	0	none	-	-1	-	-	475	4.0708
1011	permuted	1	T3	0fdbf3977c990123	1	1	512	-1	replay	none	0	none	-	-1	-	-	475	4.0591
1012	permuted	1	T3	0fdbf3977c990123	1	1	512	-1	replay	none	0	none	-	-1	-	-	473	3.7670
1013	permuted	1	T3	0fdbf3977c990123	1	1	512	-1	replay	none	0	none	-	-1	-	-	480	3.7516
1014	permuted	1	T3	0fdbf3977c990123	1	1	512	-1	replay	none	0	none	-	-1	-	-	474	4.1774
1015	permuted	1	T3	0fdbf3977c990123	1	1	512	-1	replay	none	0	none	-	-1	-	-	472	3.9910
1016	permuted	1	T3	0fdbf3977c990123	1	1	512	-1	replay	none	0	none	-	-1	-	-	471	3.7655
1017	permuted	1	T3	0fdbf3977c990123	1	1	512	-1	replay	none	0	none	-	-1	-	-	472	3.7669
1018	permuted	1	T3	0fdbf3977c990123	1	1	512	-1	replay	none	0	none	-	-1	-	-	470	4.0403
1019	permuted	1	T3	0fdbf3977c990123	1	1	512	-1	replay	none	0	none	-	-1	-	-	471	4.0707
1020	permuted	1	T3	0fdbf3977c990123	1	1	512	-1	replay	none	0	none	-	-1	-	-	478	3.7750
1021	permuted	1	T3	0fdbf3977c990123	1	1	512	-1	replay	none	0	none	-	-1	-	-	474	3.7588
1022	permuted	1	T3	0fdbf3977c990123	1	1	512	-1	replay	none	0	none	-	-1	-	-	480	3.8308
1023	permuted	1	T3	0fdbf3977c990123	1	1	512	-1	replay	none	0	none	-	-1	-	-	469	4.0975
1024	permuted	1	T3	0fdbf3977c990123	1	1	512	-1	replay	none	0	none	-	-1	-	-	473	3.7603
1025	permuted	1	T3	0fdbf3977c990123	1	1	512	-1	replay	none	0	none	-	-1	-	-	469	3.7608
1026	permuted	1	T3	0fdbf3977c990123	1	1	512	-1	replay	none	0	none	-	-1	-	-	479	4.0631
1027	permuted	1	T3	0fdbf3977c990123	1	1	512	-1	replay	none	0	none	-	-1	-	-	543	4.0952
1028	permuted	1	T3	0fdbf3977c990123	1	1	512	-1	replay	none	0	none	-	-1	-	-	539	3.9993
1029	permuted	1	T3	0fdbf3977c990123	1	1	512	-1	replay	none	0	none	-	-1	-	-	474	3.7793
1030	permuted	1	T3	0fdbf3977c990123	1	1	512	-1	replay	none	0	none	-	-1	-	-	473	3.7644
1031	permuted	1	T3	0fdbf3977c990123	1	1	512	-1	replay	none	0	none	-	-1	-	-	521	4.0092
1032	permuted	1	T3	0fdbf3977c990123	1	1	512	-1	replay	none	0	none	-	-1	-	-	475	4.0388
1033	permuted	1	T3	0fdbf3977c990123	1	1	512	-1	replay	none	0	none	-	-1	-	-	474	3.7685
1034	permuted	1	T3	0fdbf3977c990123	1	1	512	-1	replay	none	0	none	-	-1	-	-	477	3.7651
1035	permuted	1	T3	0fdbf3977c990123	1	1	512	-1	replay	none	0	none	-	-1	-	-	497	3.9682
1036	permuted	1	T3	0fdbf3977c990123	1	1	512	-1	replay	none	0	none	-	-1	-	-	474	3.9136
1037	permuted	1	T3	0fdbf3977c990123	1	1	512	-1	replay	none	0	none	-	-1	-	-	470	3.7878
1038	permuted	1	T3	0fdbf3977c990123	1	1	512	-1	replay	none	0	none	-	-1	-	-	473	3.7790
1039	permuted	1	T3	0fdbf3977c990123	1	1	512	-1	replay	none	0	none	-	-1	-	-	472	4.1173
1040	permuted	1	T3	0fdbf3977c990123	1	1	512	-1	replay	none	0	none	-	-1	-	-	471	4.1666
1041	permuted	1	T3	0fdbf3977c990123	1	1	512	-1	replay	none	0	none	-	-1	-	-	473	3.7310
1042	permuted	1	T3	0fdbf3977c990123	1	1	512	-1	replay	none	0	none	-	-1	-	-	473	4.2282
1043	permuted	2	T0	5e879b663492f411	4	1	256	-1	direct	none	1	structure	shape,data	0	GET_ROWS	model.input_embed	2608	4.6747
1044	permuted	2	T0	0fdbf3977c990123	1	1	512	-1	direct	none	0	structure	shape,data	0	GET_ROWS	model.input_embed	2214	4.2041
1045	permuted	2	T0	0fdbf3977c990123	1	1	512	-1	capture	update	0	none	-	-1	-	-	1675	4.9111
1046	permuted	2	T0	0fdbf3977c990123	1	1	512	-1	replay	none	0	none	-	-1	-	-	480	3.7279
1047	permuted	2	T0	0fdbf3977c990123	1	1	512	-1	replay	none	0	none	-	-1	-	-	482	3.7365
1048	permuted	2	T0	0fdbf3977c990123	1	1	512	-1	replay	none	0	none	-	-1	-	-	480	3.7179
1049	permuted	2	T0	0fdbf3977c990123	1	1	512	-1	replay	none	0	none	-	-1	-	-	475	3.7376
1050	permuted	2	T0	0fdbf3977c990123	1	1	512	-1	replay	none	0	none	-	-1	-	-	485	3.7416
1051	permuted	2	T0	0fdbf3977c990123	1	1	512	-1	replay	none	0	none	-	-1	-	-	476	3.7371
1052	permuted	2	T0	0fdbf3977c990123	1	1	512	-1	replay	none	0	none	-	-1	-	-	487	3.7258
1053	permuted	2	T0	0fdbf3977c990123	1	1	512	-1	replay	none	0	none	-	-1	-	-	478	3.7530
1054	permuted	2	T0	0fdbf3977c990123	1	1	512	-1	replay	none	0	none	-	-1	-	-	480	3.7274
1055	permuted	2	T0	0fdbf3977c990123	1	1	512	-1	replay	none	0	none	-	-1	-	-	485	3.7621
1056	permuted	2	T0	0fdbf3977c990123	1	1	512	-1	replay	none	0	none	-	-1	-	-	486	3.7386
1057	permuted	2	T0	0fdbf3977c990123	1	1	512	-1	replay	none	0	none	-	-1	-	-	478	3.7304
1058	permuted	2	T0	0fdbf3977c990123	1	1	512	-1	replay	none	0	none	-	-1	-	-	498	3.7386
1059	permuted	2	T0	0fdbf3977c990123	1	1	512	-1	replay	none	0	none	-	-1	-	-	506	3.7485
1060	permuted	2	T0	0fdbf3977c990123	1	1	512	-1	replay	none	0	none	-	-1	-	-	483	3.7614
1061	permuted	2	T0	0fdbf3977c990123	1	1	512	-1	replay	none	0	none	-	-1	-	-	494	3.7384
1062	permuted	2	T0	0fdbf3977c990123	1	1	512	-1	replay	none	0	none	-	-1	-	-	477	3.7551
1063	permuted	2	T0	0fdbf3977c990123	1	1	512	-1	replay	none	0	none	-	-1	-	-	481	3.7530
1064	permuted	2	T0	0fdbf3977c990123	1	1	512	-1	replay	none	0	none	-	-1	-	-	479	3.7852
1065	permuted	2	T0	0fdbf3977c990123	1	1	512	-1	replay	none	0	none	-	-1	-	-	482	3.7298
1066	permuted	2	T0	0fdbf3977c990123	1	1	512	-1	replay	none	0	none	-	-1	-	-	552	3.7663
1067	permuted	2	T0	0fdbf3977c990123	1	1	512	-1	replay	none	0	none	-	-1	-	-	483	3.7332
1068	permuted	2	T1	0fdbf3977c990123	1	1	512	-1	replay	none	0	none	-	-1	-	-	480	3.7461
1069	permuted	2	T1	da7570afdbb81394	252	0	256	-1	direct	none	1	structure	shape,data	0	GET_ROWS	model.input_embed	3113	16.1033
1070	permuted	2	T1	0fdbf3977c990123	1	1	512	-1	direct	none	0	structure	shape,data	0	GET_ROWS	model.input_embed	2125	4.2609
1071	permuted	2	T1	802ba1f19f5ea689	4	1	256	-1	direct	none	0	structure	shape,data	0	GET_ROWS	model.input_embed	2431	4.6156
1072	permuted	2	T2	d702fd6fe588b6cb	2	2	512	-1	direct	none	0	structure	shape,data	0	GET_ROWS	model.input_embed	2425	4.5708
1073	permuted	2	T2	d702fd6fe588b6cb	2	2	512	-1	capture	reinstantiate	0	none	-	-1	-	-	2737	6.2554
1074	permuted	2	T2	d702fd6fe588b6cb	2	2	512	-1	replay	none	0	none	-	-1	-	-	479	4.0320
1075	permuted	2	T2	d702fd6fe588b6cb	2	2	512	-1	replay	none	0	none	-	-1	-	-	479	4.2924
1076	permuted	2	T2	d702fd6fe588b6cb	2	2	512	-1	replay	none	0	none	-	-1	-	-	480	4.6493
1077	permuted	2	T2	d702fd6fe588b6cb	2	2	512	-1	replay	none	0	none	-	-1	-	-	475	4.2770
1078	permuted	2	T2	d702fd6fe588b6cb	2	2	512	-1	replay	none	0	none	-	-1	-	-	475	4.5525
1079	permuted	2	T2	d702fd6fe588b6cb	2	2	512	-1	replay	none	0	none	-	-1	-	-	474	4.2885
1080	permuted	2	T2	d702fd6fe588b6cb	2	2	512	-1	replay	none	0	none	-	-1	-	-	476	4.3625
1081	permuted	2	T2	d702fd6fe588b6cb	2	2	512	-1	replay	none	0	none	-	-1	-	-	476	4.4340
1082	permuted	2	T2	d702fd6fe588b6cb	2	2	512	-1	replay	none	0	none	-	-1	-	-	475	4.2578
1083	permuted	2	T2	d702fd6fe588b6cb	2	2	512	-1	replay	none	0	none	-	-1	-	-	477	4.2912
1084	permuted	2	T2	d702fd6fe588b6cb	2	2	512	-1	replay	none	0	none	-	-1	-	-	474	4.1227
1085	permuted	2	T2	d702fd6fe588b6cb	2	2	512	-1	replay	none	0	none	-	-1	-	-	475	4.0866
1086	permuted	2	T2	d702fd6fe588b6cb	2	2	512	-1	replay	none	0	none	-	-1	-	-	479	4.3021
1087	permuted	2	T2	d702fd6fe588b6cb	2	2	512	-1	replay	none	0	none	-	-1	-	-	476	4.5788
1088	permuted	2	T2	d702fd6fe588b6cb	2	2	512	-1	replay	none	0	none	-	-1	-	-	482	4.5138
1089	permuted	2	T2	d702fd6fe588b6cb	2	2	512	-1	replay	none	0	none	-	-1	-	-	485	4.3030
1090	permuted	2	T2	d702fd6fe588b6cb	2	2	512	-1	replay	none	0	none	-	-1	-	-	482	4.3372
1091	permuted	2	T2	d702fd6fe588b6cb	2	2	512	-1	replay	none	0	none	-	-1	-	-	480	4.0670
1092	permuted	2	T2	d702fd6fe588b6cb	2	2	512	-1	replay	none	0	none	-	-1	-	-	477	4.1078
1093	permuted	2	T2	d702fd6fe588b6cb	2	2	512	-1	replay	none	0	none	-	-1	-	-	475	4.1479
1094	permuted	2	T2	d702fd6fe588b6cb	2	2	512	-1	replay	none	0	none	-	-1	-	-	473	4.4805
1095	permuted	2	T2	d702fd6fe588b6cb	2	2	512	-1	replay	none	0	none	-	-1	-	-	478	4.4450
1096	permuted	2	T2	d702fd6fe588b6cb	2	2	512	-1	replay	none	0	none	-	-1	-	-	473	4.3323
1097	permuted	2	T2	d702fd6fe588b6cb	2	2	512	-1	replay	none	0	none	-	-1	-	-	473	4.3300
1098	permuted	2	T2	d702fd6fe588b6cb	2	2	512	-1	replay	none	0	none	-	-1	-	-	475	4.0725
1099	permuted	2	T2	d702fd6fe588b6cb	2	2	512	-1	replay	none	0	none	-	-1	-	-	472	4.1047
1100	permuted	2	T2	d702fd6fe588b6cb	2	2	512	-1	replay	none	0	none	-	-1	-	-	473	4.3755
1101	permuted	2	T2	d702fd6fe588b6cb	2	2	512	-1	replay	none	0	none	-	-1	-	-	475	4.6068
1102	permuted	2	T2	d702fd6fe588b6cb	2	2	512	-1	replay	none	0	none	-	-1	-	-	478	4.7133
1103	permuted	2	T3	0fdbf3977c990123	1	1	512	-1	direct	none	1	structure	shape,data	0	GET_ROWS	model.input_embed	2217	5.6484
1104	permuted	2	T3	0fdbf3977c990123	1	1	512	-1	capture	reinstantiate	0	none	-	-1	-	-	2651	6.0418
1105	permuted	2	T3	0fdbf3977c990123	1	1	512	-1	replay	none	0	none	-	-1	-	-	483	4.5781
1106	permuted	2	T3	0fdbf3977c990123	1	1	512	-1	replay	none	0	none	-	-1	-	-	475	4.3945
1107	permuted	2	T3	0fdbf3977c990123	1	1	512	-1	replay	none	0	none	-	-1	-	-	487	4.5043
1108	permuted	2	T3	0fdbf3977c990123	1	1	512	-1	replay	none	0	none	-	-1	-	-	478	4.4103
1109	permuted	2	T3	0fdbf3977c990123	1	1	512	-1	replay	none	0	none	-	-1	-	-	479	4.0579
1110	permuted	2	T3	0fdbf3977c990123	1	1	512	-1	replay	none	0	none	-	-1	-	-	499	4.3376
1111	permuted	2	T3	0fdbf3977c990123	1	1	512	-1	replay	none	0	none	-	-1	-	-	485	3.8112
1112	permuted	2	T3	0fdbf3977c990123	1	1	512	-1	replay	none	0	none	-	-1	-	-	482	4.7270
1113	permuted	2	T3	0fdbf3977c990123	1	1	512	-1	replay	none	0	none	-	-1	-	-	495	3.8478
1114	permuted	2	T3	0fdbf3977c990123	1	1	512	-1	replay	none	0	none	-	-1	-	-	486	3.7315
1115	permuted	2	T3	0fdbf3977c990123	1	1	512	-1	replay	none	0	none	-	-1	-	-	474	4.1278
1116	permuted	2	T3	0fdbf3977c990123	1	1	512	-1	replay	none	0	none	-	-1	-	-	473	4.0076
1117	permuted	2	T3	0fdbf3977c990123	1	1	512	-1	replay	none	0	none	-	-1	-	-	477	3.8002
1118	permuted	2	T3	0fdbf3977c990123	1	1	512	-1	replay	none	0	none	-	-1	-	-	474	3.7756
1119	permuted	2	T3	0fdbf3977c990123	1	1	512	-1	replay	none	0	none	-	-1	-	-	485	4.1956
1120	permuted	2	T3	0fdbf3977c990123	1	1	512	-1	replay	none	0	none	-	-1	-	-	474	3.7790
1121	permuted	2	T3	0fdbf3977c990123	1	1	512	-1	replay	none	0	none	-	-1	-	-	472	3.8138
1122	permuted	2	T3	0fdbf3977c990123	1	1	512	-1	replay	none	0	none	-	-1	-	-	483	4.4148
1123	permuted	2	T3	0fdbf3977c990123	1	1	512	-1	replay	none	0	none	-	-1	-	-	490	4.7522
1124	permuted	2	T3	0fdbf3977c990123	1	1	512	-1	replay	none	0	none	-	-1	-	-	482	4.4245
1125	permuted	2	T3	0fdbf3977c990123	1	1	512	-1	replay	none	0	none	-	-1	-	-	483	4.9613
1126	permuted	2	T3	0fdbf3977c990123	1	1	512	-1	replay	none	0	none	-	-1	-	-	474	4.0653
1127	permuted	2	T3	0fdbf3977c990123	1	1	512	-1	replay	none	0	none	-	-1	-	-	487	4.0590
1128	permuted	2	T3	0fdbf3977c990123	1	1	512	-1	replay	none	0	none	-	-1	-	-	476	3.8193
1129	permuted	2	T3	0fdbf3977c990123	1	1	512	-1	replay	none	0	none	-	-1	-	-	482	4.2487
1130	permuted	2	T3	0fdbf3977c990123	1	1	512	-1	replay	none	0	none	-	-1	-	-	479	4.5687
1131	permuted	2	T3	0fdbf3977c990123	1	1	512	-1	replay	none	0	none	-	-1	-	-	476	4.9040
1132	permuted	2	T3	0fdbf3977c990123	1	1	512	-1	replay	none	0	none	-	-1	-	-	499	4.6882
1133	permuted	2	T3	0fdbf3977c990123	1	1	512	-1	replay	none	0	none	-	-1	-	-	484	4.1057
1134	permuted	2	T3	0fdbf3977c990123	1	1	512	-1	replay	none	0	none	-	-1	-	-	483	4.0132
1135	permuted	2	T3	0fdbf3977c990123	1	1	512	-1	replay	none	0	none	-	-1	-	-	482	3.8158
1136	permuted	2	T3	0fdbf3977c990123	1	1	512	-1	replay	none	0	none	-	-1	-	-	479	4.4016
1137	permuted	2	T3	0fdbf3977c990123	1	1	512	-1	replay	none	0	none	-	-1	-	-	500	4.4711
1138	permuted	2	T3	0fdbf3977c990123	1	1	512	-1	replay	none	0	none	-	-1	-	-	488	4.0794
1139	permuted	2	T3	0fdbf3977c990123	1	1	512	-1	replay	none	0	none	-	-1	-	-	472	3.7841
1140	permuted	2	T3	0fdbf3977c990123	1	1	512	-1	replay	none	0	none	-	-1	-	-	473	4.2775
1141	permuted	2	T3	0fdbf3977c990123	1	1	512	-1	replay	none	0	none	-	-1	-	-	473	4.2503
1142	permuted	2	T3	0fdbf3977c990123	1	1	512	-1	replay	none	0	none	-	-1	-	-	472	4.1854
1143	permuted	2	T3	0fdbf3977c990123	1	1	512	-1	replay	none	0	none	-	-1	-	-	470	3.9991
1144	permuted	2	T3	0fdbf3977c990123	1	1	512	-1	replay	none	0	none	-	-1	-	-	473	3.7387
1145	permuted	2	T3	0fdbf3977c990123	1	1	512	-1	replay	none	0	none	-	-1	-	-	471	4.0039
1146	permuted	2	T3	0fdbf3977c990123	1	1	512	-1	replay	none	0	none	-	-1	-	-	474	3.8232
1147	permuted	2	T3	0fdbf3977c990123	1	1	512	-1	replay	none	0	none	-	-1	-	-	471	4.4780
1148	permuted	2	T3	0fdbf3977c990123	1	1	512	-1	replay	none	0	none	-	-1	-	-	472	3.7336
1149	permuted	2	T3	0fdbf3977c990123	1	1	512	-1	replay	none	0	none	-	-1	-	-	477	3.7681
1150	permuted	2	T3	0fdbf3977c990123	1	1	512	-1	replay	none	0	none	-	-1	-	-	477	4.1236
1151	permuted	2	T3	0fdbf3977c990123	1	1	512	-1	replay	none	0	none	-	-1	-	-	473	4.5056
1152	permuted	2	T3	0fdbf3977c990123	1	1	512	-1	replay	none	0	none	-	-1	-	-	515	4.5721
1153	permuted	2	T3	0fdbf3977c990123	1	1	512	-1	replay	none	0	none	-	-1	-	-	499	4.0780
1154	permuted	2	T3	0fdbf3977c990123	1	1	512	-1	replay	none	0	none	-	-1	-	-	475	4.0641
1155	permuted	2	T3	0fdbf3977c990123	1	1	512	-1	replay	none	0	none	-	-1	-	-	473	3.8024
1156	permuted	2	T3	0fdbf3977c990123	1	1	512	-1	replay	none	0	none	-	-1	-	-	471	3.8784
1157	permuted	2	T3	0fdbf3977c990123	1	1	512	-1	replay	none	0	none	-	-1	-	-	521	4.4224
1158	permuted	2	T3	0fdbf3977c990123	1	1	512	-1	replay	none	0	none	-	-1	-	-	474	4.1017
1159	permuted	2	T3	0fdbf3977c990123	1	1	512	-1	replay	none	0	none	-	-1	-	-	471	3.7766
1160	permuted	2	T3	0fdbf3977c990123	1	1	512	-1	replay	none	0	none	-	-1	-	-	471	3.7973
1161	permuted	2	T3	0fdbf3977c990123	1	1	512	-1	replay	none	0	none	-	-1	-	-	498	4.1178
1162	permuted	2	T3	0fdbf3977c990123	1	1	512	-1	replay	none	0	none	-	-1	-	-	583	4.2759
1163	permuted	2	T3	0fdbf3977c990123	1	1	512	-1	replay	none	0	none	-	-1	-	-	474	4.0436
1164	permuted	2	T3	0fdbf3977c990123	1	1	512	-1	replay	none	0	none	-	-1	-	-	510	3.8114
1165	permuted	2	T3	0fdbf3977c990123	1	1	512	-1	replay	none	0	none	-	-1	-	-	494	3.8439
1166	permuted	2	T3	0fdbf3977c990123	1	1	512	-1	replay	none	0	none	-	-1	-	-	471	3.9122
1167	permuted	2	T3	0fdbf3977c990123	1	1	512	-1	replay	none	0	none	-	-1	-	-	509	3.7396
1168	permuted	2	T3	0fdbf3977c990123	1	1	512	-1	replay	none	0	none	-	-1	-	-	471	3.7700
1169	permuted	2	T3	0fdbf3977c990123	1	1	512	-1	replay	none	0	none	-	-1	-	-	470	3.7405
1170	permuted	2	T3	0fdbf3977c990123	1	1	512	-1	replay	none	0	none	-	-1	-	-	523	3.7485
1171	permuted	2	T3	0fdbf3977c990123	1	1	512	-1	replay	none	0	none	-	-1	-	-	469	3.7279
1172	permuted	2	T3	0fdbf3977c990123	1	1	512	-1	replay	none	0	none	-	-1	-	-	473	3.7640
1173	permuted	3	T0	5e879b663492f411	4	1	256	-1	direct	none	1	structure	shape,data	0	GET_ROWS	model.input_embed	2591	4.6901
1174	permuted	3	T0	0fdbf3977c990123	1	1	512	-1	direct	none	0	structure	shape,data	0	GET_ROWS	model.input_embed	2227	4.2077
1175	permuted	3	T0	0fdbf3977c990123	1	1	512	-1	capture	update	0	none	-	-1	-	-	1660	4.9058
1176	permuted	3	T0	0fdbf3977c990123	1	1	512	-1	replay	none	0	none	-	-1	-	-	492	3.7471
1177	permuted	3	T0	0fdbf3977c990123	1	1	512	-1	replay	none	0	none	-	-1	-	-	476	3.7329
1178	permuted	3	T0	0fdbf3977c990123	1	1	512	-1	replay	none	0	none	-	-1	-	-	514	3.8147
1179	permuted	3	T0	0fdbf3977c990123	1	1	512	-1	replay	none	0	none	-	-1	-	-	476	4.1156
1180	permuted	3	T0	0fdbf3977c990123	1	1	512	-1	replay	none	0	none	-	-1	-	-	514	4.2132
1181	permuted	3	T0	0fdbf3977c990123	1	1	512	-1	replay	none	0	none	-	-1	-	-	508	3.7399
1182	permuted	3	T0	0fdbf3977c990123	1	1	512	-1	replay	none	0	none	-	-1	-	-	612	3.7916
1183	permuted	3	T0	0fdbf3977c990123	1	1	512	-1	replay	none	0	none	-	-1	-	-	621	3.7882
1184	permuted	3	T0	0fdbf3977c990123	1	1	512	-1	replay	none	0	none	-	-1	-	-	1647	4.1026
1185	permuted	3	T0	0fdbf3977c990123	1	1	512	-1	replay	none	0	none	-	-1	-	-	545	4.0417
1186	permuted	3	T0	0fdbf3977c990123	1	1	512	-1	replay	none	0	none	-	-1	-	-	501	3.7645
1187	permuted	3	T0	0fdbf3977c990123	1	1	512	-1	replay	none	0	none	-	-1	-	-	617	4.3709
1188	permuted	3	T0	0fdbf3977c990123	1	1	512	-1	replay	none	0	none	-	-1	-	-	586	4.1764
1189	permuted	3	T0	0fdbf3977c990123	1	1	512	-1	replay	none	0	none	-	-1	-	-	494	4.0610
1190	permuted	3	T0	0fdbf3977c990123	1	1	512	-1	replay	none	0	none	-	-1	-	-	601	4.0754
1191	permuted	3	T0	0fdbf3977c990123	1	1	512	-1	replay	none	0	none	-	-1	-	-	612	3.8341
1192	permuted	3	T0	0fdbf3977c990123	1	1	512	-1	replay	none	0	none	-	-1	-	-	591	4.1502
1193	permuted	3	T0	0fdbf3977c990123	1	1	512	-1	replay	none	0	none	-	-1	-	-	631	4.3331
1194	permuted	3	T0	0fdbf3977c990123	1	1	512	-1	replay	none	0	none	-	-1	-	-	569	4.2518
1195	permuted	3	T0	0fdbf3977c990123	1	1	512	-1	replay	none	0	none	-	-1	-	-	491	3.9565
1196	permuted	3	T0	0fdbf3977c990123	1	1	512	-1	replay	none	0	none	-	-1	-	-	550	3.7630
1197	permuted	3	T0	0fdbf3977c990123	1	1	512	-1	replay	none	0	none	-	-1	-	-	486	3.7582
1198	permuted	3	T1	0fdbf3977c990123	1	1	512	-1	replay	none	0	none	-	-1	-	-	498	3.7701
1199	permuted	3	T1	da7570afdbb81394	252	0	256	-1	direct	none	1	structure	shape,data	0	GET_ROWS	model.input_embed	3355	18.9344
1200	permuted	3	T1	0fdbf3977c990123	1	1	512	-1	direct	none	0	structure	shape,data	0	GET_ROWS	model.input_embed	2301	6.0147
1201	permuted	3	T1	802ba1f19f5ea689	4	1	256	-1	direct	none	0	structure	shape,data	0	GET_ROWS	model.input_embed	2527	5.7007
1202	permuted	3	T2	d702fd6fe588b6cb	2	2	512	-1	direct	none	0	structure	shape,data	0	GET_ROWS	model.input_embed	2490	5.5285
1203	permuted	3	T2	d702fd6fe588b6cb	2	2	512	-1	capture	reinstantiate	0	none	-	-1	-	-	2821	6.8306
1204	permuted	3	T2	d702fd6fe588b6cb	2	2	512	-1	replay	none	0	none	-	-1	-	-	480	4.5730
1205	permuted	3	T2	d702fd6fe588b6cb	2	2	512	-1	replay	none	0	none	-	-1	-	-	478	4.6843
1206	permuted	3	T2	d702fd6fe588b6cb	2	2	512	-1	replay	none	0	none	-	-1	-	-	483	4.9370
1207	permuted	3	T2	d702fd6fe588b6cb	2	2	512	-1	replay	none	0	none	-	-1	-	-	477	4.8428
1208	permuted	3	T2	d702fd6fe588b6cb	2	2	512	-1	replay	none	0	none	-	-1	-	-	475	4.7753
1209	permuted	3	T2	d702fd6fe588b6cb	2	2	512	-1	replay	none	0	none	-	-1	-	-	479	4.6967
1210	permuted	3	T2	d702fd6fe588b6cb	2	2	512	-1	replay	none	0	none	-	-1	-	-	480	4.9904
1211	permuted	3	T2	d702fd6fe588b6cb	2	2	512	-1	replay	none	0	none	-	-1	-	-	479	5.0630
1212	permuted	3	T2	d702fd6fe588b6cb	2	2	512	-1	replay	none	0	none	-	-1	-	-	474	4.7532
1213	permuted	3	T2	d702fd6fe588b6cb	2	2	512	-1	replay	none	0	none	-	-1	-	-	487	4.9282
1214	permuted	3	T2	d702fd6fe588b6cb	2	2	512	-1	replay	none	0	none	-	-1	-	-	488	5.0544
1215	permuted	3	T2	d702fd6fe588b6cb	2	2	512	-1	replay	none	0	none	-	-1	-	-	476	4.7673
1216	permuted	3	T2	d702fd6fe588b6cb	2	2	512	-1	replay	none	0	none	-	-1	-	-	476	4.8225
1217	permuted	3	T2	d702fd6fe588b6cb	2	2	512	-1	replay	none	0	none	-	-1	-	-	477	4.7067
1218	permuted	3	T2	d702fd6fe588b6cb	2	2	512	-1	replay	none	0	none	-	-1	-	-	479	4.7185
1219	permuted	3	T2	d702fd6fe588b6cb	2	2	512	-1	replay	none	0	none	-	-1	-	-	479	4.5831
1220	permuted	3	T2	d702fd6fe588b6cb	2	2	512	-1	replay	none	0	none	-	-1	-	-	478	4.4580
1221	permuted	3	T2	d702fd6fe588b6cb	2	2	512	-1	replay	none	0	none	-	-1	-	-	478	4.8116
1222	permuted	3	T2	d702fd6fe588b6cb	2	2	512	-1	replay	none	0	none	-	-1	-	-	475	4.5962
1223	permuted	3	T2	d702fd6fe588b6cb	2	2	512	-1	replay	none	0	none	-	-1	-	-	482	4.5737
1224	permuted	3	T2	d702fd6fe588b6cb	2	2	512	-1	replay	none	0	none	-	-1	-	-	480	4.3785
1225	permuted	3	T2	d702fd6fe588b6cb	2	2	512	-1	replay	none	0	none	-	-1	-	-	478	4.1572
1226	permuted	3	T2	d702fd6fe588b6cb	2	2	512	-1	replay	none	0	none	-	-1	-	-	477	4.6736
1227	permuted	3	T2	d702fd6fe588b6cb	2	2	512	-1	replay	none	0	none	-	-1	-	-	477	4.6153
1228	permuted	3	T2	d702fd6fe588b6cb	2	2	512	-1	replay	none	0	none	-	-1	-	-	476	4.7524
1229	permuted	3	T2	d702fd6fe588b6cb	2	2	512	-1	replay	none	0	none	-	-1	-	-	496	4.6078
1230	permuted	3	T2	d702fd6fe588b6cb	2	2	512	-1	replay	none	0	none	-	-1	-	-	485	4.1413
1231	permuted	3	T2	d702fd6fe588b6cb	2	2	512	-1	replay	none	0	none	-	-1	-	-	489	4.5005
1232	permuted	3	T2	d702fd6fe588b6cb	2	2	512	-1	replay	none	0	none	-	-1	-	-	482	4.2120
1233	permuted	3	T3	0fdbf3977c990123	1	1	512	-1	direct	none	1	structure	shape,data	0	GET_ROWS	model.input_embed	2314	4.4276
1234	permuted	3	T3	0fdbf3977c990123	1	1	512	-1	capture	reinstantiate	0	none	-	-1	-	-	3063	6.2309
1235	permuted	3	T3	0fdbf3977c990123	1	1	512	-1	replay	none	0	none	-	-1	-	-	492	4.1728
1236	permuted	3	T3	0fdbf3977c990123	1	1	512	-1	replay	none	0	none	-	-1	-	-	485	3.8066
1237	permuted	3	T3	0fdbf3977c990123	1	1	512	-1	replay	none	0	none	-	-1	-	-	477	4.2189
1238	permuted	3	T3	0fdbf3977c990123	1	1	512	-1	replay	none	0	none	-	-1	-	-	474	3.7457
1239	permuted	3	T3	0fdbf3977c990123	1	1	512	-1	replay	none	0	none	-	-1	-	-	481	3.7349
1240	permuted	3	T3	0fdbf3977c990123	1	1	512	-1	replay	none	0	none	-	-1	-	-	477	3.7580
1241	permuted	3	T3	0fdbf3977c990123	1	1	512	-1	replay	none	0	none	-	-1	-	-	481	3.7508
1242	permuted	3	T3	0fdbf3977c990123	1	1	512	-1	replay	none	0	none	-	-1	-	-	479	3.7348
1243	permuted	3	T3	0fdbf3977c990123	1	1	512	-1	replay	none	0	none	-	-1	-	-	477	3.7314
1244	permuted	3	T3	0fdbf3977c990123	1	1	512	-1	replay	none	0	none	-	-1	-	-	477	3.7359
1245	permuted	3	T3	0fdbf3977c990123	1	1	512	-1	replay	none	0	none	-	-1	-	-	477	3.7724
1246	permuted	3	T3	0fdbf3977c990123	1	1	512	-1	replay	none	0	none	-	-1	-	-	481	3.7308
1247	permuted	3	T3	0fdbf3977c990123	1	1	512	-1	replay	none	0	none	-	-1	-	-	474	3.7633
1248	permuted	3	T3	0fdbf3977c990123	1	1	512	-1	replay	none	0	none	-	-1	-	-	480	3.7556
1249	permuted	3	T3	0fdbf3977c990123	1	1	512	-1	replay	none	0	none	-	-1	-	-	475	3.7474
1250	permuted	3	T3	0fdbf3977c990123	1	1	512	-1	replay	none	0	none	-	-1	-	-	479	3.9302
1251	permuted	3	T3	0fdbf3977c990123	1	1	512	-1	replay	none	0	none	-	-1	-	-	479	3.7573
1252	permuted	3	T3	0fdbf3977c990123	1	1	512	-1	replay	none	0	none	-	-1	-	-	474	3.7541
1253	permuted	3	T3	0fdbf3977c990123	1	1	512	-1	replay	none	0	none	-	-1	-	-	481	3.7301
1254	permuted	3	T3	0fdbf3977c990123	1	1	512	-1	replay	none	0	none	-	-1	-	-	472	3.7398
1255	permuted	3	T3	0fdbf3977c990123	1	1	512	-1	replay	none	0	none	-	-1	-	-	481	3.7432
1256	permuted	3	T3	0fdbf3977c990123	1	1	512	-1	replay	none	0	none	-	-1	-	-	472	3.7622
1257	permuted	3	T3	0fdbf3977c990123	1	1	512	-1	replay	none	0	none	-	-1	-	-	480	3.7413
1258	permuted	3	T3	0fdbf3977c990123	1	1	512	-1	replay	none	0	none	-	-1	-	-	477	3.7676
1259	permuted	3	T3	0fdbf3977c990123	1	1	512	-1	replay	none	0	none	-	-1	-	-	477	4.0412
1260	permuted	3	T3	0fdbf3977c990123	1	1	512	-1	replay	none	0	none	-	-1	-	-	476	4.3268
1261	permuted	3	T3	0fdbf3977c990123	1	1	512	-1	replay	none	0	none	-	-1	-	-	474	4.4584
1262	permuted	3	T3	0fdbf3977c990123	1	1	512	-1	replay	none	0	none	-	-1	-	-	473	3.7849
1263	permuted	3	T3	0fdbf3977c990123	1	1	512	-1	replay	none	0	none	-	-1	-	-	476	3.7780
1264	permuted	3	T3	0fdbf3977c990123	1	1	512	-1	replay	none	0	none	-	-1	-	-	476	3.8067
1265	permuted	3	T3	0fdbf3977c990123	1	1	512	-1	replay	none	0	none	-	-1	-	-	474	4.4332
1266	permuted	3	T3	0fdbf3977c990123	1	1	512	-1	replay	none	0	none	-	-1	-	-	471	4.1172
1267	permuted	3	T3	0fdbf3977c990123	1	1	512	-1	replay	none	0	none	-	-1	-	-	474	4.0018
1268	permuted	3	T3	0fdbf3977c990123	1	1	512	-1	replay	none	0	none	-	-1	-	-	472	3.7726
1269	permuted	3	T3	0fdbf3977c990123	1	1	512	-1	replay	none	0	none	-	-1	-	-	476	4.1226
1270	permuted	3	T3	0fdbf3977c990123	1	1	512	-1	replay	none	0	none	-	-1	-	-	473	4.3572
1271	permuted	3	T3	0fdbf3977c990123	1	1	512	-1	replay	none	0	none	-	-1	-	-	487	4.1214
1272	permuted	3	T3	0fdbf3977c990123	1	1	512	-1	replay	none	0	none	-	-1	-	-	474	3.7777
1273	permuted	3	T3	0fdbf3977c990123	1	1	512	-1	replay	none	0	none	-	-1	-	-	477	3.7557
1274	permuted	3	T3	0fdbf3977c990123	1	1	512	-1	replay	none	0	none	-	-1	-	-	477	4.1778
1275	permuted	3	T3	0fdbf3977c990123	1	1	512	-1	replay	none	0	none	-	-1	-	-	481	4.2842
1276	permuted	3	T3	0fdbf3977c990123	1	1	512	-1	replay	none	0	none	-	-1	-	-	478	4.1225
1277	permuted	3	T3	0fdbf3977c990123	1	1	512	-1	replay	none	0	none	-	-1	-	-	480	3.7630
1278	permuted	3	T3	0fdbf3977c990123	1	1	512	-1	replay	none	0	none	-	-1	-	-	474	3.8529
1279	permuted	3	T3	0fdbf3977c990123	1	1	512	-1	replay	none	0	none	-	-1	-	-	477	4.2365
1280	permuted	3	T3	0fdbf3977c990123	1	1	512	-1	replay	none	0	none	-	-1	-	-	477	4.1994
1281	permuted	3	T3	0fdbf3977c990123	1	1	512	-1	replay	none	0	none	-	-1	-	-	487	3.7612
1282	permuted	3	T3	0fdbf3977c990123	1	1	512	-1	replay	none	0	none	-	-1	-	-	499	3.8301
1283	permuted	3	T3	0fdbf3977c990123	1	1	512	-1	replay	none	0	none	-	-1	-	-	483	3.9005
1284	permuted	3	T3	0fdbf3977c990123	1	1	512	-1	replay	none	0	none	-	-1	-	-	478	3.7615
1285	permuted	3	T3	0fdbf3977c990123	1	1	512	-1	replay	none	0	none	-	-1	-	-	478	3.7390
1286	permuted	3	T3	0fdbf3977c990123	1	1	512	-1	replay	none	0	none	-	-1	-	-	504	3.7214
1287	permuted	3	T3	0fdbf3977c990123	1	1	512	-1	replay	none	0	none	-	-1	-	-	501	3.7517
1288	permuted	3	T3	0fdbf3977c990123	1	1	512	-1	replay	none	0	none	-	-1	-	-	477	3.7581
1289	permuted	3	T3	0fdbf3977c990123	1	1	512	-1	replay	none	0	none	-	-1	-	-	478	3.7232
1290	permuted	3	T3	0fdbf3977c990123	1	1	512	-1	replay	none	0	none	-	-1	-	-	476	3.7715
1291	permuted	3	T3	0fdbf3977c990123	1	1	512	-1	replay	none	0	none	-	-1	-	-	475	3.7542
1292	permuted	3	T3	0fdbf3977c990123	1	1	512	-1	replay	none	0	none	-	-1	-	-	476	4.0597
1293	permuted	3	T3	0fdbf3977c990123	1	1	512	-1	replay	none	0	none	-	-1	-	-	486	3.7666
1294	permuted	3	T3	0fdbf3977c990123	1	1	512	-1	replay	none	0	none	-	-1	-	-	522	3.8740
1295	permuted	3	T3	0fdbf3977c990123	1	1	512	-1	replay	none	0	none	-	-1	-	-	479	4.2593
1296	permuted	3	T3	0fdbf3977c990123	1	1	512	-1	replay	none	0	none	-	-1	-	-	478	4.2686
1297	permuted	3	T3	0fdbf3977c990123	1	1	512	-1	replay	none	0	none	-	-1	-	-	474	3.9510
1298	permuted	3	T3	0fdbf3977c990123	1	1	512	-1	replay	none	0	none	-	-1	-	-	477	3.7612
1299	permuted	3	T3	0fdbf3977c990123	1	1	512	-1	replay	none	0	none	-	-1	-	-	477	4.3344
1300	permuted	3	T3	0fdbf3977c990123	1	1	512	-1	replay	none	0	none	-	-1	-	-	475	4.2673
1301	permuted	3	T3	0fdbf3977c990123	1	1	512	-1	replay	none	0	none	-	-1	-	-	478	4.1721
1302	permuted	3	T3	0fdbf3977c990123	1	1	512	-1	replay	none	0	none	-	-1	-	-	483	3.7521
1303	permuted	4	T0	5e879b663492f411	4	1	256	-1	direct	none	1	structure	shape,data	0	GET_ROWS	model.input_embed	2583	4.7057
1304	permuted	4	T0	0fdbf3977c990123	1	1	512	-1	direct	none	0	structure	shape,data	0	GET_ROWS	model.input_embed	2175	4.3026
1305	permuted	4	T0	0fdbf3977c990123	1	1	512	-1	capture	update	0	none	-	-1	-	-	1900	5.2458
1306	permuted	4	T0	0fdbf3977c990123	1	1	512	-1	replay	none	0	none	-	-1	-	-	488	3.8120
1307	permuted	4	T0	0fdbf3977c990123	1	1	512	-1	replay	none	0	none	-	-1	-	-	491	4.2200
1308	permuted	4	T0	0fdbf3977c990123	1	1	512	-1	replay	none	0	none	-	-1	-	-	479	4.1753
1309	permuted	4	T0	0fdbf3977c990123	1	1	512	-1	replay	none	0	none	-	-1	-	-	477	3.7604
1310	permuted	4	T0	0fdbf3977c990123	1	1	512	-1	replay	none	0	none	-	-1	-	-	482	3.7585
1311	permuted	4	T0	0fdbf3977c990123	1	1	512	-1	replay	none	0	none	-	-1	-	-	482	4.2933
1312	permuted	4	T0	0fdbf3977c990123	1	1	512	-1	replay	none	0	none	-	-1	-	-	496	4.2620
1313	permuted	4	T0	0fdbf3977c990123	1	1	512	-1	replay	none	0	none	-	-1	-	-	480	3.7819
1314	permuted	4	T0	0fdbf3977c990123	1	1	512	-1	replay	none	0	none	-	-1	-	-	481	4.1000
1315	permuted	4	T0	0fdbf3977c990123	1	1	512	-1	replay	none	0	none	-	-1	-	-	482	3.8061
1316	permuted	4	T0	0fdbf3977c990123	1	1	512	-1	replay	none	0	none	-	-1	-	-	493	4.3013
1317	permuted	4	T0	0fdbf3977c990123	1	1	512	-1	replay	none	0	none	-	-1	-	-	480	4.2591
1318	permuted	4	T0	0fdbf3977c990123	1	1	512	-1	replay	none	0	none	-	-1	-	-	482	3.7461
1319	permuted	4	T0	0fdbf3977c990123	1	1	512	-1	replay	none	0	none	-	-1	-	-	477	3.7742
1320	permuted	4	T0	0fdbf3977c990123	1	1	512	-1	replay	none	0	none	-	-1	-	-	481	3.8009
1321	permuted	4	T0	0fdbf3977c990123	1	1	512	-1	replay	none	0	none	-	-1	-	-	488	4.3980
1322	permuted	4	T0	0fdbf3977c990123	1	1	512	-1	replay	none	0	none	-	-1	-	-	479	4.2349
1323	permuted	4	T0	0fdbf3977c990123	1	1	512	-1	replay	none	0	none	-	-1	-	-	478	3.7639
1324	permuted	4	T0	0fdbf3977c990123	1	1	512	-1	replay	none	0	none	-	-1	-	-	481	3.7556
1325	permuted	4	T0	0fdbf3977c990123	1	1	512	-1	replay	none	0	none	-	-1	-	-	570	3.8909
1326	permuted	4	T0	0fdbf3977c990123	1	1	512	-1	replay	none	0	none	-	-1	-	-	487	4.2892
1327	permuted	4	T0	0fdbf3977c990123	1	1	512	-1	replay	none	0	none	-	-1	-	-	526	3.7811
1328	permuted	4	T1	0fdbf3977c990123	1	1	512	-1	replay	none	0	none	-	-1	-	-	508	3.7945
1329	permuted	4	T1	da7570afdbb81394	252	0	256	-1	direct	none	1	structure	shape,data	0	GET_ROWS	model.input_embed	3310	17.1960
1330	permuted	4	T1	0fdbf3977c990123	1	1	512	-1	direct	none	0	structure	shape,data	0	GET_ROWS	model.input_embed	2167	4.3080
1331	permuted	4	T1	802ba1f19f5ea689	4	1	256	-1	direct	none	0	structure	shape,data	0	GET_ROWS	model.input_embed	2530	4.5978
1332	permuted	4	T2	d702fd6fe588b6cb	2	2	512	-1	direct	none	0	structure	shape,data	0	GET_ROWS	model.input_embed	2489	4.5986
1333	permuted	4	T2	d702fd6fe588b6cb	2	2	512	-1	capture	reinstantiate	0	none	-	-1	-	-	2918	6.4859
1334	permuted	4	T2	d702fd6fe588b6cb	2	2	512	-1	replay	none	0	none	-	-1	-	-	481	4.0381
1335	permuted	4	T2	d702fd6fe588b6cb	2	2	512	-1	replay	none	0	none	-	-1	-	-	479	4.0231
1336	permuted	4	T2	d702fd6fe588b6cb	2	2	512	-1	replay	none	0	none	-	-1	-	-	517	4.0646
1337	permuted	4	T2	d702fd6fe588b6cb	2	2	512	-1	replay	none	0	none	-	-1	-	-	573	4.4424
1338	permuted	4	T2	d702fd6fe588b6cb	2	2	512	-1	replay	none	0	none	-	-1	-	-	483	4.4744
1339	permuted	4	T2	d702fd6fe588b6cb	2	2	512	-1	replay	none	0	none	-	-1	-	-	477	4.4244
1340	permuted	4	T2	d702fd6fe588b6cb	2	2	512	-1	replay	none	0	none	-	-1	-	-	479	4.4823
1341	permuted	4	T2	d702fd6fe588b6cb	2	2	512	-1	replay	none	0	none	-	-1	-	-	528	4.2545
1342	permuted	4	T2	d702fd6fe588b6cb	2	2	512	-1	replay	none	0	none	-	-1	-	-	499	4.0872
1343	permuted	4	T2	d702fd6fe588b6cb	2	2	512	-1	replay	none	0	none	-	-1	-	-	479	4.0574
1344	permuted	4	T2	d702fd6fe588b6cb	2	2	512	-1	replay	none	0	none	-	-1	-	-	475	4.4056
1345	permuted	4	T2	d702fd6fe588b6cb	2	2	512	-1	replay	none	0	none	-	-1	-	-	506	4.4485
1346	permuted	4	T2	d702fd6fe588b6cb	2	2	512	-1	replay	none	0	none	-	-1	-	-	507	4.5229
1347	permuted	4	T2	d702fd6fe588b6cb	2	2	512	-1	replay	none	0	none	-	-1	-	-	479	4.4487
1348	permuted	4	T2	d702fd6fe588b6cb	2	2	512	-1	replay	none	0	none	-	-1	-	-	477	4.2999
1349	permuted	4	T2	d702fd6fe588b6cb	2	2	512	-1	replay	none	0	none	-	-1	-	-	479	4.0677
1350	permuted	4	T2	d702fd6fe588b6cb	2	2	512	-1	replay	none	0	none	-	-1	-	-	516	4.0724
1351	permuted	4	T2	d702fd6fe588b6cb	2	2	512	-1	replay	none	0	none	-	-1	-	-	474	4.0990
1352	permuted	4	T2	d702fd6fe588b6cb	2	2	512	-1	replay	none	0	none	-	-1	-	-	475	4.5903
1353	permuted	4	T2	d702fd6fe588b6cb	2	2	512	-1	replay	none	0	none	-	-1	-	-	476	4.5379
1354	permuted	4	T2	d702fd6fe588b6cb	2	2	512	-1	replay	none	0	none	-	-1	-	-	477	4.4901
1355	permuted	4	T2	d702fd6fe588b6cb	2	2	512	-1	replay	none	0	none	-	-1	-	-	474	4.2508
1356	permuted	4	T2	d702fd6fe588b6cb	2	2	512	-1	replay	none	0	none	-	-1	-	-	507	4.0713
1357	permuted	4	T2	d702fd6fe588b6cb	2	2	512	-1	replay	none	0	none	-	-1	-	-	477	4.0159
1358	permuted	4	T2	d702fd6fe588b6cb	2	2	512	-1	replay	none	0	none	-	-1	-	-	476	4.0411
1359	permuted	4	T2	d702fd6fe588b6cb	2	2	512	-1	replay	none	0	none	-	-1	-	-	476	4.0254
1360	permuted	4	T2	d702fd6fe588b6cb	2	2	512	-1	replay	none	0	none	-	-1	-	-	474	4.0239
1361	permuted	4	T2	d702fd6fe588b6cb	2	2	512	-1	replay	none	0	none	-	-1	-	-	511	4.0422
1362	permuted	4	T2	d702fd6fe588b6cb	2	2	512	-1	replay	none	0	none	-	-1	-	-	474	4.0270
1363	permuted	4	T3	0fdbf3977c990123	1	1	512	-1	direct	none	1	structure	shape,data	0	GET_ROWS	model.input_embed	2250	4.2369
1364	permuted	4	T3	0fdbf3977c990123	1	1	512	-1	capture	reinstantiate	0	none	-	-1	-	-	2726	6.0653
1365	permuted	4	T3	0fdbf3977c990123	1	1	512	-1	replay	none	0	none	-	-1	-	-	489	3.7725
1366	permuted	4	T3	0fdbf3977c990123	1	1	512	-1	replay	none	0	none	-	-1	-	-	480	4.1419
1367	permuted	4	T3	0fdbf3977c990123	1	1	512	-1	replay	none	0	none	-	-1	-	-	514	4.2609
1368	permuted	4	T3	0fdbf3977c990123	1	1	512	-1	replay	none	0	none	-	-1	-	-	499	4.0960
1369	permuted	4	T3	0fdbf3977c990123	1	1	512	-1	replay	none	0	none	-	-1	-	-	477	3.7516
1370	permuted	4	T3	0fdbf3977c990123	1	1	512	-1	replay	none	0	none	-	-1	-	-	474	3.7775
1371	permuted	4	T3	0fdbf3977c990123	1	1	512	-1	replay	none	0	none	-	-1	-	-	498	4.1129
1372	permuted	4	T3	0fdbf3977c990123	1	1	512	-1	replay	none	0	none	-	-1	-	-	474	4.1978
1373	permuted	4	T3	0fdbf3977c990123	1	1	512	-1	replay	none	0	none	-	-1	-	-	506	3.7500
1374	permuted	4	T3	0fdbf3977c990123	1	1	512	-1	replay	none	0	none	-	-1	-	-	485	3.7841
1375	permuted	4	T3	0fdbf3977c990123	1	1	512	-1	replay	none	0	none	-	-1	-	-	480	4.1435
1376	permuted	4	T3	0fdbf3977c990123	1	1	512	-1	replay	none	0	none	-	-1	-	-	490	4.2635
1377	permuted	4	T3	0fdbf3977c990123	1	1	512	-1	replay	none	0	none	-	-1	-	-	479	4.2895
1378	permuted	4	T3	0fdbf3977c990123	1	1	512	-1	replay	none	0	none	-	-1	-	-	478	3.7361
1379	permuted	4	T3	0fdbf3977c990123	1	1	512	-1	replay	none	0	none	-	-1	-	-	490	3.7556
1380	permuted	4	T3	0fdbf3977c990123	1	1	512	-1	replay	none	0	none	-	-1	-	-	474	3.7807
1381	permuted	4	T3	0fdbf3977c990123	1	1	512	-1	replay	none	0	none	-	-1	-	-	481	3.9466
1382	permuted	4	T3	0fdbf3977c990123	1	1	512	-1	replay	none	0	none	-	-1	-	-	481	3.7994
1383	permuted	4	T3	0fdbf3977c990123	1	1	512	-1	replay	none	0	none	-	-1	-	-	477	3.7630
1384	permuted	4	T3	0fdbf3977c990123	1	1	512	-1	replay	none	0	none	-	-1	-	-	484	3.8496
1385	permuted	4	T3	0fdbf3977c990123	1	1	512	-1	replay	none	0	none	-	-1	-	-	484	4.1885
1386	permuted	4	T3	0fdbf3977c990123	1	1	512	-1	replay	none	0	none	-	-1	-	-	478	4.0789
1387	permuted	4	T3	0fdbf3977c990123	1	1	512	-1	replay	none	0	none	-	-1	-	-	478	3.7364
1388	permuted	4	T3	0fdbf3977c990123	1	1	512	-1	replay	none	0	none	-	-1	-	-	478	3.8631
1389	permuted	4	T3	0fdbf3977c990123	1	1	512	-1	replay	none	0	none	-	-1	-	-	479	4.2469
1390	permuted	4	T3	0fdbf3977c990123	1	1	512	-1	replay	none	0	none	-	-1	-	-	477	4.2843
1391	permuted	4	T3	0fdbf3977c990123	1	1	512	-1	replay	none	0	none	-	-1	-	-	477	3.7373
1392	permuted	4	T3	0fdbf3977c990123	1	1	512	-1	replay	none	0	none	-	-1	-	-	509	3.7676
1393	permuted	4	T3	0fdbf3977c990123	1	1	512	-1	replay	none	0	none	-	-1	-	-	475	4.2836
1394	permuted	4	T3	0fdbf3977c990123	1	1	512	-1	replay	none	0	none	-	-1	-	-	476	4.2392
1395	permuted	4	T3	0fdbf3977c990123	1	1	512	-1	replay	none	0	none	-	-1	-	-	477	4.0728
1396	permuted	4	T3	0fdbf3977c990123	1	1	512	-1	replay	none	0	none	-	-1	-	-	477	3.7664
1397	permuted	4	T3	0fdbf3977c990123	1	1	512	-1	replay	none	0	none	-	-1	-	-	481	4.1775
1398	permuted	4	T3	0fdbf3977c990123	1	1	512	-1	replay	none	0	none	-	-1	-	-	482	4.2057
1399	permuted	4	T3	0fdbf3977c990123	1	1	512	-1	replay	none	0	none	-	-1	-	-	478	4.2694
1400	permuted	4	T3	0fdbf3977c990123	1	1	512	-1	replay	none	0	none	-	-1	-	-	475	3.9111
1401	permuted	4	T3	0fdbf3977c990123	1	1	512	-1	replay	none	0	none	-	-1	-	-	482	3.7738
1402	permuted	4	T3	0fdbf3977c990123	1	1	512	-1	replay	none	0	none	-	-1	-	-	516	4.2627
1403	permuted	4	T3	0fdbf3977c990123	1	1	512	-1	replay	none	0	none	-	-1	-	-	477	4.2780
1404	permuted	4	T3	0fdbf3977c990123	1	1	512	-1	replay	none	0	none	-	-1	-	-	475	4.1825
1405	permuted	4	T3	0fdbf3977c990123	1	1	512	-1	replay	none	0	none	-	-1	-	-	473	3.7604
1406	permuted	4	T3	0fdbf3977c990123	1	1	512	-1	replay	none	0	none	-	-1	-	-	474	3.7873
1407	permuted	4	T3	0fdbf3977c990123	1	1	512	-1	replay	none	0	none	-	-1	-	-	504	4.2737
1408	permuted	4	T3	0fdbf3977c990123	1	1	512	-1	replay	none	0	none	-	-1	-	-	476	4.1649
1409	permuted	4	T3	0fdbf3977c990123	1	1	512	-1	replay	none	0	none	-	-1	-	-	474	3.7342
1410	permuted	4	T3	0fdbf3977c990123	1	1	512	-1	replay	none	0	none	-	-1	-	-	473	3.7725
1411	permuted	4	T3	0fdbf3977c990123	1	1	512	-1	replay	none	0	none	-	-1	-	-	470	3.8495
1412	permuted	4	T3	0fdbf3977c990123	1	1	512	-1	replay	none	0	none	-	-1	-	-	476	4.2464
1413	permuted	4	T3	0fdbf3977c990123	1	1	512	-1	replay	none	0	none	-	-1	-	-	473	3.7482
1414	permuted	4	T3	0fdbf3977c990123	1	1	512	-1	replay	none	0	none	-	-1	-	-	475	3.7790
1415	permuted	4	T3	0fdbf3977c990123	1	1	512	-1	replay	none	0	none	-	-1	-	-	473	3.8499
1416	permuted	4	T3	0fdbf3977c990123	1	1	512	-1	replay	none	0	none	-	-1	-	-	475	4.2348
1417	permuted	4	T3	0fdbf3977c990123	1	1	512	-1	replay	none	0	none	-	-1	-	-	472	3.7724
1418	permuted	4	T3	0fdbf3977c990123	1	1	512	-1	replay	none	0	none	-	-1	-	-	491	3.7708
1419	permuted	4	T3	0fdbf3977c990123	1	1	512	-1	replay	none	0	none	-	-1	-	-	476	3.8673
1420	permuted	4	T3	0fdbf3977c990123	1	1	512	-1	replay	none	0	none	-	-1	-	-	477	4.2412
1421	permuted	4	T3	0fdbf3977c990123	1	1	512	-1	replay	none	0	none	-	-1	-	-	474	4.2455
1422	permuted	4	T3	0fdbf3977c990123	1	1	512	-1	replay	none	0	none	-	-1	-	-	472	3.7262
1423	permuted	4	T3	0fdbf3977c990123	1	1	512	-1	replay	none	0	none	-	-1	-	-	482	3.7674
1424	permuted	4	T3	0fdbf3977c990123	1	1	512	-1	replay	none	0	none	-	-1	-	-	473	4.2886
1425	permuted	4	T3	0fdbf3977c990123	1	1	512	-1	replay	none	0	none	-	-1	-	-	485	4.2506
1426	permuted	4	T3	0fdbf3977c990123	1	1	512	-1	replay	none	0	none	-	-1	-	-	484	4.1179
1427	permuted	4	T3	0fdbf3977c990123	1	1	512	-1	replay	none	0	none	-	-1	-	-	479	3.7623
1428	permuted	4	T3	0fdbf3977c990123	1	1	512	-1	replay	none	0	none	-	-1	-	-	475	3.8552
1429	permuted	4	T3	0fdbf3977c990123	1	1	512	-1	replay	none	0	none	-	-1	-	-	477	4.2290
1430	permuted	4	T3	0fdbf3977c990123	1	1	512	-1	replay	none	0	none	-	-1	-	-	475	4.2702
1431	permuted	4	T3	0fdbf3977c990123	1	1	512	-1	replay	none	0	none	-	-1	-	-	471	3.7372
1432	permuted	4	T3	0fdbf3977c990123	1	1	512	-1	replay	none	0	none	-	-1	-	-	473	3.7541
1433	permuted	5	T0	5e879b663492f411	4	1	256	-1	direct	none	1	structure	shape,data	0	GET_ROWS	model.input_embed	2530	4.6938
1434	permuted	5	T0	0fdbf3977c990123	1	1	512	-1	direct	none	0	structure	shape,data	0	GET_ROWS	model.input_embed	2152	4.2100
1435	permuted	5	T0	0fdbf3977c990123	1	1	512	-1	capture	update	0	none	-	-1	-	-	1664	4.8965
1436	permuted	5	T0	0fdbf3977c990123	1	1	512	-1	replay	none	0	none	-	-1	-	-	483	3.7240
1437	permuted	5	T0	0fdbf3977c990123	1	1	512	-1	replay	none	0	none	-	-1	-	-	479	3.7321
1438	permuted	5	T0	0fdbf3977c990123	1	1	512	-1	replay	none	0	none	-	-1	-	-	479	3.7348
1439	permuted	5	T0	0fdbf3977c990123	1	1	512	-1	replay	none	0	none	-	-1	-	-	475	3.7141
1440	permuted	5	T0	0fdbf3977c990123	1	1	512	-1	replay	none	0	none	-	-1	-	-	478	3.7439
1441	permuted	5	T0	0fdbf3977c990123	1	1	512	-1	replay	none	0	none	-	-1	-	-	476	3.7285
1442	permuted	5	T0	0fdbf3977c990123	1	1	512	-1	replay	none	0	none	-	-1	-	-	487	3.7409
1443	permuted	5	T0	0fdbf3977c990123	1	1	512	-1	replay	none	0	none	-	-1	-	-	476	3.7335
1444	permuted	5	T0	0fdbf3977c990123	1	1	512	-1	replay	none	0	none	-	-1	-	-	478	3.7353
1445	permuted	5	T0	0fdbf3977c990123	1	1	512	-1	replay	none	0	none	-	-1	-	-	474	3.7224
1446	permuted	5	T0	0fdbf3977c990123	1	1	512	-1	replay	none	0	none	-	-1	-	-	479	3.7268
1447	permuted	5	T0	0fdbf3977c990123	1	1	512	-1	replay	none	0	none	-	-1	-	-	474	3.7423
1448	permuted	5	T0	0fdbf3977c990123	1	1	512	-1	replay	none	0	none	-	-1	-	-	478	3.7303
1449	permuted	5	T0	0fdbf3977c990123	1	1	512	-1	replay	none	0	none	-	-1	-	-	475	3.7360
1450	permuted	5	T0	0fdbf3977c990123	1	1	512	-1	replay	none	0	none	-	-1	-	-	475	3.7254
1451	permuted	5	T0	0fdbf3977c990123	1	1	512	-1	replay	none	0	none	-	-1	-	-	474	3.7484
1452	permuted	5	T0	0fdbf3977c990123	1	1	512	-1	replay	none	0	none	-	-1	-	-	478	3.7328
1453	permuted	5	T0	0fdbf3977c990123	1	1	512	-1	replay	none	0	none	-	-1	-	-	483	3.7308
1454	permuted	5	T0	0fdbf3977c990123	1	1	512	-1	replay	none	0	none	-	-1	-	-	476	3.7305
1455	permuted	5	T0	0fdbf3977c990123	1	1	512	-1	replay	none	0	none	-	-1	-	-	479	3.7367
1456	permuted	5	T0	0fdbf3977c990123	1	1	512	-1	replay	none	0	none	-	-1	-	-	476	3.7200
1457	permuted	5	T0	0fdbf3977c990123	1	1	512	-1	replay	none	0	none	-	-1	-	-	479	3.7273
1458	permuted	5	T1	0fdbf3977c990123	1	1	512	-1	replay	none	0	none	-	-1	-	-	479	3.7347
1459	permuted	5	T1	da7570afdbb81394	252	0	256	-1	direct	none	1	structure	shape,data	0	GET_ROWS	model.input_embed	3120	16.0733
1460	permuted	5	T1	0fdbf3977c990123	1	1	512	-1	direct	none	0	structure	shape,data	0	GET_ROWS	model.input_embed	2219	4.2527
1461	permuted	5	T1	802ba1f19f5ea689	4	1	256	-1	direct	none	0	structure	shape,data	0	GET_ROWS	model.input_embed	2501	5.5957
1462	permuted	5	T2	d702fd6fe588b6cb	2	2	512	-1	direct	none	0	structure	shape,data	0	GET_ROWS	model.input_embed	2484	4.6139
1463	permuted	5	T2	d702fd6fe588b6cb	2	2	512	-1	capture	reinstantiate	0	none	-	-1	-	-	3165	6.6976
1464	permuted	5	T2	d702fd6fe588b6cb	2	2	512	-1	replay	none	0	none	-	-1	-	-	490	4.0328
1465	permuted	5	T2	d702fd6fe588b6cb	2	2	512	-1	replay	none	0	none	-	-1	-	-	484	4.0475
1466	permuted	5	T2	d702fd6fe588b6cb	2	2	512	-1	replay	none	0	none	-	-1	-	-	481	4.0347
1467	permuted	5	T2	d702fd6fe588b6cb	2	2	512	-1	replay	none	0	none	-	-1	-	-	482	4.0295
1468	permuted	5	T2	d702fd6fe588b6cb	2	2	512	-1	replay	none	0	none	-	-1	-	-	479	4.0332
1469	permuted	5	T2	d702fd6fe588b6cb	2	2	512	-1	replay	none	0	none	-	-1	-	-	483	4.0242
1470	permuted	5	T2	d702fd6fe588b6cb	2	2	512	-1	replay	none	0	none	-	-1	-	-	479	4.0333
1471	permuted	5	T2	d702fd6fe588b6cb	2	2	512	-1	replay	none	0	none	-	-1	-	-	482	4.0344
1472	permuted	5	T2	d702fd6fe588b6cb	2	2	512	-1	replay	none	0	none	-	-1	-	-	478	4.0364
1473	permuted	5	T2	d702fd6fe588b6cb	2	2	512	-1	replay	none	0	none	-	-1	-	-	485	4.0776
1474	permuted	5	T2	d702fd6fe588b6cb	2	2	512	-1	replay	none	0	none	-	-1	-	-	480	4.0141
1475	permuted	5	T2	d702fd6fe588b6cb	2	2	512	-1	replay	none	0	none	-	-1	-	-	482	4.0359
1476	permuted	5	T2	d702fd6fe588b6cb	2	2	512	-1	replay	none	0	none	-	-1	-	-	480	4.0429
1477	permuted	5	T2	d702fd6fe588b6cb	2	2	512	-1	replay	none	0	none	-	-1	-	-	479	4.0316
1478	permuted	5	T2	d702fd6fe588b6cb	2	2	512	-1	replay	none	0	none	-	-1	-	-	477	4.0372
1479	permuted	5	T2	d702fd6fe588b6cb	2	2	512	-1	replay	none	0	none	-	-1	-	-	478	4.0281
1480	permuted	5	T2	d702fd6fe588b6cb	2	2	512	-1	replay	none	0	none	-	-1	-	-	476	4.0512
1481	permuted	5	T2	d702fd6fe588b6cb	2	2	512	-1	replay	none	0	none	-	-1	-	-	476	4.0550
1482	permuted	5	T2	d702fd6fe588b6cb	2	2	512	-1	replay	none	0	none	-	-1	-	-	475	4.0278
1483	permuted	5	T2	d702fd6fe588b6cb	2	2	512	-1	replay	none	0	none	-	-1	-	-	477	4.0356
1484	permuted	5	T2	d702fd6fe588b6cb	2	2	512	-1	replay	none	0	none	-	-1	-	-	485	4.0816
1485	permuted	5	T2	d702fd6fe588b6cb	2	2	512	-1	replay	none	0	none	-	-1	-	-	479	4.5255
1486	permuted	5	T2	d702fd6fe588b6cb	2	2	512	-1	replay	none	0	none	-	-1	-	-	477	4.2792
1487	permuted	5	T2	d702fd6fe588b6cb	2	2	512	-1	replay	none	0	none	-	-1	-	-	475	4.2160
1488	permuted	5	T2	d702fd6fe588b6cb	2	2	512	-1	replay	none	0	none	-	-1	-	-	475	4.1277
1489	permuted	5	T2	d702fd6fe588b6cb	2	2	512	-1	replay	none	0	none	-	-1	-	-	477	4.1808
1490	permuted	5	T2	d702fd6fe588b6cb	2	2	512	-1	replay	none	0	none	-	-1	-	-	477	4.2745
1491	permuted	5	T2	d702fd6fe588b6cb	2	2	512	-1	replay	none	0	none	-	-1	-	-	476	4.0817
1492	permuted	5	T2	d702fd6fe588b6cb	2	2	512	-1	replay	none	0	none	-	-1	-	-	481	4.2828
1493	permuted	5	T3	0fdbf3977c990123	1	1	512	-1	direct	none	1	structure	shape,data	0	GET_ROWS	model.input_embed	2326	4.4358
1494	permuted	5	T3	0fdbf3977c990123	1	1	512	-1	capture	reinstantiate	0	none	-	-1	-	-	2803	6.3386
1495	permuted	5	T3	0fdbf3977c990123	1	1	512	-1	replay	none	0	none	-	-1	-	-	484	4.0078
1496	permuted	5	T3	0fdbf3977c990123	1	1	512	-1	replay	none	0	none	-	-1	-	-	483	3.7844
1497	permuted	5	T3	0fdbf3977c990123	1	1	512	-1	replay	none	0	none	-	-1	-	-	489	3.9116
1498	permuted	5	T3	0fdbf3977c990123	1	1	512	-1	replay	none	0	none	-	-1	-	-	548	3.9720
1499	permuted	5	T3	0fdbf3977c990123	1	1	512	-1	replay	none	0	none	-	-1	-	-	478	3.9972
1500	permuted	5	T3	0fdbf3977c990123	1	1	512	-1	replay	none	0	none	-	-1	-	-	480	3.7799
1501	permuted	5	T3	0fdbf3977c990123	1	1	512	-1	replay	none	0	none	-	-1	-	-	490	3.8518
1502	permuted	5	T3	0fdbf3977c990123	1	1	512	-1	replay	none	0	none	-	-1	-	-	538	3.8628
1503	permuted	5	T3	0fdbf3977c990123	1	1	512	-1	replay	none	0	none	-	-1	-	-	475	4.0100
1504	permuted	5	T3	0fdbf3977c990123	1	1	512	-1	replay	none	0	none	-	-1	-	-	479	4.2055
1505	permuted	5	T3	0fdbf3977c990123	1	1	512	-1	replay	none	0	none	-	-1	-	-	482	4.2794
1506	permuted	5	T3	0fdbf3977c990123	1	1	512	-1	replay	none	0	none	-	-1	-	-	478	4.1926
1507	permuted	5	T3	0fdbf3977c990123	1	1	512	-1	replay	none	0	none	-	-1	-	-	476	4.1124
1508	permuted	5	T3	0fdbf3977c990123	1	1	512	-1	replay	none	0	none	-	-1	-	-	478	4.1779
1509	permuted	5	T3	0fdbf3977c990123	1	1	512	-1	replay	none	0	none	-	-1	-	-	476	4.0015
1510	permuted	5	T3	0fdbf3977c990123	1	1	512	-1	replay	none	0	none	-	-1	-	-	477	3.7836
1511	permuted	5	T3	0fdbf3977c990123	1	1	512	-1	replay	none	0	none	-	-1	-	-	479	3.9827
1512	permuted	5	T3	0fdbf3977c990123	1	1	512	-1	replay	none	0	none	-	-1	-	-	478	3.8267
1513	permuted	5	T3	0fdbf3977c990123	1	1	512	-1	replay	none	0	none	-	-1	-	-	479	4.0116
1514	permuted	5	T3	0fdbf3977c990123	1	1	512	-1	replay	none	0	none	-	-1	-	-	476	3.7786
1515	permuted	5	T3	0fdbf3977c990123	1	1	512	-1	replay	none	0	none	-	-1	-	-	478	3.9757
1516	permuted	5	T3	0fdbf3977c990123	1	1	512	-1	replay	none	0	none	-	-1	-	-	478	3.8285
1517	permuted	5	T3	0fdbf3977c990123	1	1	512	-1	replay	none	0	none	-	-1	-	-	473	4.0123
1518	permuted	5	T3	0fdbf3977c990123	1	1	512	-1	replay	none	0	none	-	-1	-	-	473	3.7848
1519	permuted	5	T3	0fdbf3977c990123	1	1	512	-1	replay	none	0	none	-	-1	-	-	476	3.9850
1520	permuted	5	T3	0fdbf3977c990123	1	1	512	-1	replay	none	0	none	-	-1	-	-	474	4.0657
1521	permuted	5	T3	0fdbf3977c990123	1	1	512	-1	replay	none	0	none	-	-1	-	-	477	4.0029
1522	permuted	5	T3	0fdbf3977c990123	1	1	512	-1	replay	none	0	none	-	-1	-	-	475	3.7670
1523	permuted	5	T3	0fdbf3977c990123	1	1	512	-1	replay	none	0	none	-	-1	-	-	476	3.9873
1524	permuted	5	T3	0fdbf3977c990123	1	1	512	-1	replay	none	0	none	-	-1	-	-	478	3.8666
1525	permuted	5	T3	0fdbf3977c990123	1	1	512	-1	replay	none	0	none	-	-1	-	-	472	4.0042
1526	permuted	5	T3	0fdbf3977c990123	1	1	512	-1	replay	none	0	none	-	-1	-	-	473	4.0184
1527	permuted	5	T3	0fdbf3977c990123	1	1	512	-1	replay	none	0	none	-	-1	-	-	472	3.8036
1528	permuted	5	T3	0fdbf3977c990123	1	1	512	-1	replay	none	0	none	-	-1	-	-	607	3.9932
1529	permuted	5	T3	0fdbf3977c990123	1	1	512	-1	replay	none	0	none	-	-1	-	-	606	4.0910
1530	permuted	5	T3	0fdbf3977c990123	1	1	512	-1	replay	none	0	none	-	-1	-	-	483	4.0087
1531	permuted	5	T3	0fdbf3977c990123	1	1	512	-1	replay	none	0	none	-	-1	-	-	604	3.7852
1532	permuted	5	T3	0fdbf3977c990123	1	1	512	-1	replay	none	0	none	-	-1	-	-	598	3.8173
1533	permuted	5	T3	0fdbf3977c990123	1	1	512	-1	replay	none	0	none	-	-1	-	-	608	3.9951
1534	permuted	5	T3	0fdbf3977c990123	1	1	512	-1	replay	none	0	none	-	-1	-	-	542	3.8311
1535	permuted	5	T3	0fdbf3977c990123	1	1	512	-1	replay	none	0	none	-	-1	-	-	549	4.0121
1536	permuted	5	T3	0fdbf3977c990123	1	1	512	-1	replay	none	0	none	-	-1	-	-	486	3.7863
1537	permuted	5	T3	0fdbf3977c990123	1	1	512	-1	replay	none	0	none	-	-1	-	-	497	3.8964
1538	permuted	5	T3	0fdbf3977c990123	1	1	512	-1	replay	none	0	none	-	-1	-	-	542	4.0625
1539	permuted	5	T3	0fdbf3977c990123	1	1	512	-1	replay	none	0	none	-	-1	-	-	480	3.9950
1540	permuted	5	T3	0fdbf3977c990123	1	1	512	-1	replay	none	0	none	-	-1	-	-	482	3.7747
1541	permuted	5	T3	0fdbf3977c990123	1	1	512	-1	replay	none	0	none	-	-1	-	-	515	3.8287
1542	permuted	5	T3	0fdbf3977c990123	1	1	512	-1	replay	none	0	none	-	-1	-	-	478	3.9325
1543	permuted	5	T3	0fdbf3977c990123	1	1	512	-1	replay	none	0	none	-	-1	-	-	514	4.0145
1544	permuted	5	T3	0fdbf3977c990123	1	1	512	-1	replay	none	0	none	-	-1	-	-	484	3.9879
1545	permuted	5	T3	0fdbf3977c990123	1	1	512	-1	replay	none	0	none	-	-1	-	-	511	3.7528
1546	permuted	5	T3	0fdbf3977c990123	1	1	512	-1	replay	none	0	none	-	-1	-	-	477	3.9788
1547	permuted	5	T3	0fdbf3977c990123	1	1	512	-1	replay	none	0	none	-	-1	-	-	520	3.8214
1548	permuted	5	T3	0fdbf3977c990123	1	1	512	-1	replay	none	0	none	-	-1	-	-	483	3.9757
1549	permuted	5	T3	0fdbf3977c990123	1	1	512	-1	replay	none	0	none	-	-1	-	-	475	3.7890
1550	permuted	5	T3	0fdbf3977c990123	1	1	512	-1	replay	none	0	none	-	-1	-	-	483	3.9797
1551	permuted	5	T3	0fdbf3977c990123	1	1	512	-1	replay	none	0	none	-	-1	-	-	520	4.0632
1552	permuted	5	T3	0fdbf3977c990123	1	1	512	-1	replay	none	0	none	-	-1	-	-	473	3.9971
1553	permuted	5	T3	0fdbf3977c990123	1	1	512	-1	replay	none	0	none	-	-1	-	-	474	3.7783
1554	permuted	5	T3	0fdbf3977c990123	1	1	512	-1	replay	none	0	none	-	-1	-	-	506	3.8791
1555	permuted	5	T3	0fdbf3977c990123	1	1	512	-1	replay	none	0	none	-	-1	-	-	477	3.8916
1556	permuted	5	T3	0fdbf3977c990123	1	1	512	-1	replay	none	0	none	-	-1	-	-	513	4.0080
1557	permuted	5	T3	0fdbf3977c990123	1	1	512	-1	replay	none	0	none	-	-1	-	-	478	3.9220
1558	permuted	5	T3	0fdbf3977c990123	1	1	512	-1	replay	none	0	none	-	-1	-	-	538	3.8378
1559	permuted	5	T3	0fdbf3977c990123	1	1	512	-1	replay	none	0	none	-	-1	-	-	611	4.0046
1560	permuted	5	T3	0fdbf3977c990123	1	1	512	-1	replay	none	0	none	-	-1	-	-	492	3.8251
1561	permuted	5	T3	0fdbf3977c990123	1	1	512	-1	replay	none	0	none	-	-1	-	-	481	4.0080
