graph_ordinal	t_begin_ns	key	key_ordinal	topology_digest	pointer_digest	n_nodes	n_tokens	n_outputs	n_kv	n_rs	enabled	compatible	properties_changed	change_reason	change_node	change_op	change_name	change_categories	warmup_before	warmup_after	action	executable	host_us	device_ms
0	1788562116235724653	0x7f7af08c93b0	1	7565fec99ff6ebb7	c196cc1514ebb831	1459	2	1	256	-1	1	1	1	first_compute	-1	-	-	-	0	0	direct	none	37385	51.5287
1	1788562116510436798	0x7f7af08c93b0	1	da7570afdbb81394	2431a8fa2ddc5a4e	1459	252	0	256	-1	1	1	1	structure	0	GET_ROWS	model.input_embed	shape,data	0	0	direct	none	25859	123.9948
2	1788562116637538157	0x7f7af08c93b0	1	802ba1f19f5ea689	439a0fd9a059e2a3	1459	4	1	256	-1	1	1	1	structure	0	GET_ROWS	model.input_embed	shape,data	0	0	direct	none	9110	28.5870
3	1788562116668015361	0x7f7af08c93b0	1	0dfa7fc3533697c4	f8f9550d75030dd3	1459	1	1	512	-1	1	1	1	structure	0	GET_ROWS	model.input_embed	shape,data	0	0	direct	none	4082	16.7850
4	1788562116685645034	0x7f7af08c93b0	1	0dfa7fc3533697c4	f8f9550d75030dd3	1459	1	1	512	-1	1	1	0	none	-1	-	-	-	0	1	capture	update	3064	18.3685
5	1788562116704844632	0x7f7af08c93b0	1	0dfa7fc3533697c4	f8f9550d75030dd3	1459	1	1	512	-1	1	1	0	none	-1	-	-	-	1	1	replay	none	499	15.8018
6	1788562116721470592	0x7f7af08c93b0	1	0dfa7fc3533697c4	f8f9550d75030dd3	1459	1	1	512	-1	1	1	0	none	-1	-	-	-	1	1	replay	none	481	15.8029
7	1788562116738081033	0x7f7af08c93b0	1	0dfa7fc3533697c4	f8f9550d75030dd3	1459	1	1	512	-1	1	1	0	none	-1	-	-	-	1	1	replay	none	467	9.8363
8	1788562116748705855	0x7f7af08c93b0	1	0dfa7fc3533697c4	f8f9550d75030dd3	1459	1	1	512	-1	1	1	0	none	-1	-	-	-	1	1	replay	none	456	4.6944
9	1788562116754176618	0x7f7af08c93b0	1	0dfa7fc3533697c4	f8f9550d75030dd3	1459	1	1	512	-1	1	1	0	none	-1	-	-	-	1	1	replay	none	459	4.6678
10	1788562116759623236	0x7f7af08c93b0	1	0dfa7fc3533697c4	f8f9550d75030dd3	1459	1	1	512	-1	1	1	0	none	-1	-	-	-	1	1	replay	none	458	4.6832
11	1788562116765087096	0x7f7af08c93b0	1	0dfa7fc3533697c4	f8f9550d75030dd3	1459	1	1	512	-1	1	1	0	none	-1	-	-	-	1	1	replay	none	459	4.1631
12	1788562116770027584	0x7f7af08c93b0	1	0dfa7fc3533697c4	f8f9550d75030dd3	1459	1	1	512	-1	1	1	0	none	-1	-	-	-	1	1	replay	none	459	4.1656
13	1788562116775070685	0x7f7af08c93b0	1	0dfa7fc3533697c4	f8f9550d75030dd3	1459	1	1	512	-1	1	1	0	none	-1	-	-	-	1	1	replay	none	484	4.1720
14	1788562116780061257	0x7f7af08c93b0	1	0dfa7fc3533697c4	f8f9550d75030dd3	1459	1	1	512	-1	1	1	0	none	-1	-	-	-	1	1	replay	none	464	3.9323
15	1788562116784814494	0x7f7af08c93b0	1	0dfa7fc3533697c4	f8f9550d75030dd3	1459	1	1	512	-1	1	1	0	none	-1	-	-	-	1	1	replay	none	460	3.9831
16	1788562116789585284	0x7f7af08c93b0	1	0dfa7fc3533697c4	f8f9550d75030dd3	1459	1	1	512	-1	1	1	0	none	-1	-	-	-	1	1	replay	none	459	3.9658
17	1788562116794373917	0x7f7af08c93b0	1	0dfa7fc3533697c4	f8f9550d75030dd3	1459	1	1	512	-1	1	1	0	none	-1	-	-	-	1	1	replay	none	462	3.9560
18	1788562116799129489	0x7f7af08c93b0	1	0dfa7fc3533697c4	f8f9550d75030dd3	1459	1	1	512	-1	1	1	0	none	-1	-	-	-	1	1	replay	none	461	3.8570
19	1788562116803774022	0x7f7af08c93b0	1	0dfa7fc3533697c4	f8f9550d75030dd3	1459	1	1	512	-1	1	1	0	none	-1	-	-	-	1	1	replay	none	457	3.8608
20	1788562116808419717	0x7f7af08c93b0	1	0dfa7fc3533697c4	f8f9550d75030dd3	1459	1	1	512	-1	1	1	0	none	-1	-	-	-	1	1	replay	none	457	3.8324
21	1788562116813035065	0x7f7af08c93b0	1	0dfa7fc3533697c4	f8f9550d75030dd3	1459	1	1	512	-1	1	1	0	none	-1	-	-	-	1	1	replay	none	459	3.8663
22	1788562116817685098	0x7f7af08c93b0	1	0dfa7fc3533697c4	f8f9550d75030dd3	1459	1	1	512	-1	1	1	0	none	-1	-	-	-	1	1	replay	none	456	3.8417
23	1788562116822314042	0x7f7af08c93b0	1	0dfa7fc3533697c4	f8f9550d75030dd3	1459	1	1	512	-1	1	1	0	none	-1	-	-	-	1	1	replay	none	458	3.7782
24	1788562116826877383	0x7f7af08c93b0	1	0dfa7fc3533697c4	f8f9550d75030dd3	1459	1	1	512	-1	1	1	0	none	-1	-	-	-	1	1	replay	none	460	3.7936
25	1788562116831449170	0x7f7af08c93b0	1	0dfa7fc3533697c4	f8f9550d75030dd3	1459	1	1	512	-1	1	1	0	none	-1	-	-	-	1	1	replay	none	477	3.8223
26	1788562116836071932	0x7f7af08c93b0	1	0dfa7fc3533697c4	f8f9550d75030dd3	1459	1	1	512	-1	1	1	0	none	-1	-	-	-	1	1	replay	none	462	3.7663
27	1788562116841201264	0x7f7af08c93b0	1	94dc22ce3d23b91b	7c4559878961a07b	1459	2	1	512	-1	1	1	1	structure	0	GET_ROWS	model.input_embed	shape,data	1	0	direct	none	2614	4.7512
28	1788562116846512799	0x7f7af08c93b0	1	d8f873be867a8271	ddb557abc1c1694b	1459	251	0	256	-1	1	1	1	structure	0	GET_ROWS	model.input_embed	shape,data	0	0	direct	none	3051	17.1032
29	1788562116870968086	0x7f7af08c93b0	1	79cc5f245f480542	a107d5712f53f2bc	1459	2	1	512	-1	1	1	1	structure	0	GET_ROWS	model.input_embed	shape,data	0	0	direct	none	2458	4.6987
30	1788562116876226942	0x7f7af08c93b0	1	bcd06391008a2d68	c41dd1f2af32248f	1459	3	1	256	-1	1	1	1	structure	0	GET_ROWS	model.input_embed	shape,data	0	0	direct	none	2510	4.6275
31	1788562116882804591	0x7f7af08c93b0	1	d702fd6fe588b6cb	a107d5712f53f2bc	1459	2	2	512	-1	1	1	1	structure	0	GET_ROWS	model.input_embed	shape,data	0	0	direct	none	2463	4.6567
32	1788562116888539921	0x7f7af08c93b0	1	d702fd6fe588b6cb	a107d5712f53f2bc	1459	2	2	512	-1	1	1	0	none	-1	-	-	-	0	1	capture	reinstantiate	2952	6.5777
33	1788562116896158603	0x7f7af08c93b0	1	d702fd6fe588b6cb	a107d5712f53f2bc	1459	2	2	512	-1	1	1	0	none	-1	-	-	-	1	1	replay	none	468	4.1104
34	1788562116901302483	0x7f7af08c93b0	1	d702fd6fe588b6cb	a107d5712f53f2bc	1459	2	2	512	-1	1	1	0	none	-1	-	-	-	1	1	replay	none	465	4.1125
35	1788562116906471380	0x7f7af08c93b0	1	d702fd6fe588b6cb	a107d5712f53f2bc	1459	2	2	512	-1	1	1	0	none	-1	-	-	-	1	1	replay	none	464	4.1057
36	1788562116911617955	0x7f7af08c93b0	1	d702fd6fe588b6cb	a107d5712f53f2bc	1459	2	2	512	-1	1	1	0	none	-1	-	-	-	1	1	replay	none	465	4.0823
37	1788562116916728822	0x7f7af08c93b0	1	d702fd6fe588b6cb	a107d5712f53f2bc	1459	2	2	512	-1	1	1	0	none	-1	-	-	-	1	1	replay	none	460	4.0922
38	1788562116921842385	0x7f7af08c93b0	1	d702fd6fe588b6cb	a107d5712f53f2bc	1459	2	2	512	-1	1	1	0	none	-1	-	-	-	1	1	replay	none	461	4.1389
39	1788562116927018295	0x7f7af08c93b0	1	d702fd6fe588b6cb	a107d5712f53f2bc	1459	2	2	512	-1	1	1	0	none	-1	-	-	-	1	1	replay	none	463	4.0981
40	1788562116932137529	0x7f7af08c93b0	1	d702fd6fe588b6cb	a107d5712f53f2bc	1459	2	2	512	-1	1	1	0	none	-1	-	-	-	1	1	replay	none	462	4.0911
41	1788562116937253376	0x7f7af08c93b0	1	d702fd6fe588b6cb	a107d5712f53f2bc	1459	2	2	512	-1	1	1	0	none	-1	-	-	-	1	1	replay	none	461	4.1332
42	1788562116942409489	0x7f7af08c93b0	1	d702fd6fe588b6cb	a107d5712f53f2bc	1459	2	2	512	-1	1	1	0	none	-1	-	-	-	1	1	replay	none	459	4.0410
43	1788562116947478869	0x7f7af08c93b0	1	d702fd6fe588b6cb	a107d5712f53f2bc	1459	2	2	512	-1	1	1	0	none	-1	-	-	-	1	1	replay	none	459	4.0100
44	1788562116952507613	0x7f7af08c93b0	1	d702fd6fe588b6cb	a107d5712f53f2bc	1459	2	2	512	-1	1	1	0	none	-1	-	-	-	1	1	replay	none	460	4.0172
45	1788562116957547167	0x7f7af08c93b0	1	d702fd6fe588b6cb	a107d5712f53f2bc	1459	2	2	512	-1	1	1	0	none	-1	-	-	-	1	1	replay	none	458	4.0229
46	1788562116962586941	0x7f7af08c93b0	1	d702fd6fe588b6cb	a107d5712f53f2bc	1459	2	2	512	-1	1	1	0	none	-1	-	-	-	1	1	replay	none	459	4.0370
47	1788562116967651462	0x7f7af08c93b0	1	d702fd6fe588b6cb	a107d5712f53f2bc	1459	2	2	512	-1	1	1	0	none	-1	-	-	-	1	1	replay	none	459	3.9940
48	1788562116972666641	0x7f7af08c93b0	1	d702fd6fe588b6cb	a107d5712f53f2bc	1459	2	2	512	-1	1	1	0	none	-1	-	-	-	1	1	replay	none	459	4.0212
49	1788562116977703319	0x7f7af08c93b0	1	d702fd6fe588b6cb	a107d5712f53f2bc	1459	2	2	512	-1	1	1	0	none	-1	-	-	-	1	1	replay	none	459	4.0352
50	1788562116982758182	0x7f7af08c93b0	1	d702fd6fe588b6cb	a107d5712f53f2bc	1459	2	2	512	-1	1	1	0	none	-1	-	-	-	1	1	replay	none	459	4.0100
51	1788562116987787106	0x7f7af08c93b0	1	d702fd6fe588b6cb	a107d5712f53f2bc	1459	2	2	512	-1	1	1	0	none	-1	-	-	-	1	1	replay	none	459	4.0324
52	1788562116992846357	0x7f7af08c93b0	1	d702fd6fe588b6cb	a107d5712f53f2bc	1459	2	2	512	-1	1	1	0	none	-1	-	-	-	1	1	replay	none	461	4.0135
53	1788562116997885230	0x7f7af08c93b0	1	d702fd6fe588b6cb	a107d5712f53f2bc	1459	2	2	512	-1	1	1	0	none	-1	-	-	-	1	1	replay	none	464	4.0151
54	1788562117002928742	0x7f7af08c93b0	1	d702fd6fe588b6cb	a107d5712f53f2bc	1459	2	2	512	-1	1	1	0	none	-1	-	-	-	1	1	replay	none	462	4.0280
55	1788562117007975760	0x7f7af08c93b0	1	d702fd6fe588b6cb	a107d5712f53f2bc	1459	2	2	512	-1	1	1	0	none	-1	-	-	-	1	1	replay	none	462	4.0145
56	1788562117013010084	0x7f7af08c93b0	1	d702fd6fe588b6cb	a107d5712f53f2bc	1459	2	2	512	-1	1	1	0	none	-1	-	-	-	1	1	replay	none	461	4.0330
57	1788562117018075727	0x7f7af08c93b0	1	d702fd6fe588b6cb	a107d5712f53f2bc	1459	2	2	512	-1	1	1	0	none	-1	-	-	-	1	1	replay	none	461	4.0112
58	1788562117023113718	0x7f7af08c93b0	1	d702fd6fe588b6cb	a107d5712f53f2bc	1459	2	2	512	-1	1	1	0	none	-1	-	-	-	1	1	replay	none	460	3.9881
59	1788562117028128857	0x7f7af08c93b0	1	d702fd6fe588b6cb	a107d5712f53f2bc	1459	2	2	512	-1	1	1	0	none	-1	-	-	-	1	1	replay	none	462	4.0376
60	1788562117033192386	0x7f7af08c93b0	1	d702fd6fe588b6cb	a107d5712f53f2bc	1459	2	2	512	-1	1	1	0	none	-1	-	-	-	1	1	replay	none	462	4.0275
61	1788562117038242409	0x7f7af08c93b0	1	d702fd6fe588b6cb	a107d5712f53f2bc	1459	2	2	512	-1	1	1	0	none	-1	-	-	-	1	1	replay	none	469	4.0139
62	1788562117043688506	0x7f7af08c93b0	1	0dfa7fc3533697c4	f8f9550d75030dd3	1459	1	1	512	-1	1	1	1	structure	0	GET_ROWS	model.input_embed	shape,data	1	0	direct	none	2208	4.1995
63	1788562117048679279	0x7f7af08c93b0	1	0dfa7fc3533697c4	f8f9550d75030dd3	1459	1	1	512	-1	1	1	0	none	-1	-	-	-	0	1	capture	reinstantiate	2147	5.4311
64	1788562117054902844	0x7f7af08c93b0	1	0dfa7fc3533697c4	f8f9550d75030dd3	1459	1	1	512	-1	1	1	0	none	-1	-	-	-	1	1	replay	none	489	3.7453
65	1788562117059465614	0x7f7af08c93b0	1	0dfa7fc3533697c4	f8f9550d75030dd3	1459	1	1	512	-1	1	1	0	none	-1	-	-	-	1	1	replay	none	463	3.7371
66	1788562117063996293	0x7f7af08c93b0	1	0dfa7fc3533697c4	f8f9550d75030dd3	1459	1	1	512	-1	1	1	0	none	-1	-	-	-	1	1	replay	none	464	3.7228
67	1788562117068503899	0x7f7af08c93b0	1	0dfa7fc3533697c4	f8f9550d75030dd3	1459	1	1	512	-1	1	1	0	none	-1	-	-	-	1	1	replay	none	462	4.0252
68	1788562117073311148	0x7f7af08c93b0	1	0dfa7fc3533697c4	f8f9550d75030dd3	1459	1	1	512	-1	1	1	0	none	-1	-	-	-	1	1	replay	none	464	3.7108
69	1788562117077812853	0x7f7af08c93b0	1	0dfa7fc3533697c4	f8f9550d75030dd3	1459	1	1	512	-1	1	1	0	none	-1	-	-	-	1	1	replay	none	461	3.7435
70	1788562117082348301	0x7f7af08c93b0	1	0dfa7fc3533697c4	f8f9550d75030dd3	1459	1	1	512	-1	1	1	0	none	-1	-	-	-	1	1	replay	none	463	3.7509
71	1788562117086884030	0x7f7af08c93b0	1	0dfa7fc3533697c4	f8f9550d75030dd3	1459	1	1	512	-1	1	1	0	none	-1	-	-	-	1	1	replay	none	463	3.7070
72	1788562117091372320	0x7f7af08c93b0	1	0dfa7fc3533697c4	f8f9550d75030dd3	1459	1	1	512	-1	1	1	0	none	-1	-	-	-	1	1	replay	none	462	3.7373
73	1788562117095910203	0x7f7af08c93b0	1	0dfa7fc3533697c4	f8f9550d75030dd3	1459	1	1	512	-1	1	1	0	none	-1	-	-	-	1	1	replay	none	471	3.7442
74	1788562117100449438	0x7f7af08c93b0	1	0dfa7fc3533697c4	f8f9550d75030dd3	1459	1	1	512	-1	1	1	0	none	-1	-	-	-	1	1	replay	none	464	3.7327
75	1788562117104976501	0x7f7af08c93b0	1	0dfa7fc3533697c4	f8f9550d75030dd3	1459	1	1	512	-1	1	1	0	none	-1	-	-	-	1	1	replay	none	466	3.7224
76	1788562117109490850	0x7f7af08c93b0	1	0dfa7fc3533697c4	f8f9550d75030dd3	1459	1	1	512	-1	1	1	0	none	-1	-	-	-	1	1	replay	none	497	3.7593
77	1788562117114066614	0x7f7af08c93b0	1	0dfa7fc3533697c4	f8f9550d75030dd3	1459	1	1	512	-1	1	1	0	none	-1	-	-	-	1	1	replay	none	467	3.7065
78	1788562117118563881	0x7f7af08c93b0	1	0dfa7fc3533697c4	f8f9550d75030dd3	1459	1	1	512	-1	1	1	0	none	-1	-	-	-	1	1	replay	none	463	3.7413
79	1788562117123093639	0x7f7af08c93b0	1	0dfa7fc3533697c4	f8f9550d75030dd3	1459	1	1	512	-1	1	1	0	none	-1	-	-	-	1	1	replay	none	466	3.7252
80	1788562117127616594	0x7f7af08c93b0	1	0dfa7fc3533697c4	f8f9550d75030dd3	1459	1	1	512	-1	1	1	0	none	-1	-	-	-	1	1	replay	none	462	3.7052
81	1788562117132103401	0x7f7af08c93b0	1	0dfa7fc3533697c4	f8f9550d75030dd3	1459	1	1	512	-1	1	1	0	none	-1	-	-	-	1	1	replay	none	463	3.7380
82	1788562117136634301	0x7f7af08c93b0	1	0dfa7fc3533697c4	f8f9550d75030dd3	1459	1	1	512	-1	1	1	0	none	-1	-	-	-	1	1	replay	none	460	3.7426
83	1788562117141189787	0x7f7af08c93b0	1	0dfa7fc3533697c4	f8f9550d75030dd3	1459	1	1	512	-1	1	1	0	none	-1	-	-	-	1	1	replay	none	466	3.7073
84	1788562117145729513	0x7f7af08c93b0	1	0dfa7fc3533697c4	f8f9550d75030dd3	1459	1	1	512	-1	1	1	0	none	-1	-	-	-	1	1	replay	none	462	3.7394
85	1788562117150259962	0x7f7af08c93b0	1	0dfa7fc3533697c4	f8f9550d75030dd3	1459	1	1	512	-1	1	1	0	none	-1	-	-	-	1	1	replay	none	464	3.7322
86	1788562117154783057	0x7f7af08c93b0	1	0dfa7fc3533697c4	f8f9550d75030dd3	1459	1	1	512	-1	1	1	0	none	-1	-	-	-	1	1	replay	none	462	3.7027
87	1788562117159286185	0x7f7af08c93b0	1	0dfa7fc3533697c4	f8f9550d75030dd3	1459	1	1	512	-1	1	1	0	none	-1	-	-	-	1	1	replay	none	470	3.7604
88	1788562117163846139	0x7f7af08c93b0	1	0dfa7fc3533697c4	f8f9550d75030dd3	1459	1	1	512	-1	1	1	0	none	-1	-	-	-	1	1	replay	none	462	3.7197
89	1788562117168355950	0x7f7af08c93b0	1	0dfa7fc3533697c4	f8f9550d75030dd3	1459	1	1	512	-1	1	1	0	none	-1	-	-	-	1	1	replay	none	464	3.7161
90	1788562117172861031	0x7f7af08c93b0	1	0dfa7fc3533697c4	f8f9550d75030dd3	1459	1	1	512	-1	1	1	0	none	-1	-	-	-	1	1	replay	none	464	3.7468
91	1788562117177398744	0x7f7af08c93b0	1	0dfa7fc3533697c4	f8f9550d75030dd3	1459	1	1	512	-1	1	1	0	none	-1	-	-	-	1	1	replay	none	466	3.7225
92	1788562117181911870	0x7f7af08c93b0	1	0dfa7fc3533697c4	f8f9550d75030dd3	1459	1	1	512	-1	1	1	0	none	-1	-	-	-	1	1	replay	none	463	3.7344
93	1788562117186431118	0x7f7af08c93b0	1	0dfa7fc3533697c4	f8f9550d75030dd3	1459	1	1	512	-1	1	1	0	none	-1	-	-	-	1	1	replay	none	460	3.7419
94	1788562117190952130	0x7f7af08c93b0	1	0dfa7fc3533697c4	f8f9550d75030dd3	1459	1	1	512	-1	1	1	0	none	-1	-	-	-	1	1	replay	none	462	3.7360
95	1788562117195482990	0x7f7af08c93b0	1	0dfa7fc3533697c4	f8f9550d75030dd3	1459	1	1	512	-1	1	1	0	none	-1	-	-	-	1	1	replay	none	460	3.7299
96	1788562117199992499	0x7f7af08c93b0	1	0dfa7fc3533697c4	f8f9550d75030dd3	1459	1	1	512	-1	1	1	0	none	-1	-	-	-	1	1	replay	none	462	3.7683
97	1788562117204543367	0x7f7af08c93b0	1	0dfa7fc3533697c4	f8f9550d75030dd3	1459	1	1	512	-1	1	1	0	none	-1	-	-	-	1	1	replay	none	460	3.7037
98	1788562117209027208	0x7f7af08c93b0	1	0dfa7fc3533697c4	f8f9550d75030dd3	1459	1	1	512	-1	1	1	0	none	-1	-	-	-	1	1	replay	none	460	3.7374
99	1788562117213541788	0x7f7af08c93b0	1	0dfa7fc3533697c4	f8f9550d75030dd3	1459	1	1	512	-1	1	1	0	none	-1	-	-	-	1	1	replay	none	460	3.7429
100	1788562117218065223	0x7f7af08c93b0	1	0dfa7fc3533697c4	f8f9550d75030dd3	1459	1	1	512	-1	1	1	0	none	-1	-	-	-	1	1	replay	none	461	3.7009
101	1788562117222546130	0x7f7af08c93b0	1	0dfa7fc3533697c4	f8f9550d75030dd3	1459	1	1	512	-1	1	1	0	none	-1	-	-	-	1	1	replay	none	458	3.7499
102	1788562117227074224	0x7f7af08c93b0	1	0dfa7fc3533697c4	f8f9550d75030dd3	1459	1	1	512	-1	1	1	0	none	-1	-	-	-	1	1	replay	none	459	3.7276
103	1788562117231576210	0x7f7af08c93b0	1	0dfa7fc3533697c4	f8f9550d75030dd3	1459	1	1	512	-1	1	1	0	none	-1	-	-	-	1	1	replay	none	459	3.7333
104	1788562117236093164	0x7f7af08c93b0	1	0dfa7fc3533697c4	f8f9550d75030dd3	1459	1	1	512	-1	1	1	0	none	-1	-	-	-	1	1	replay	none	464	3.7317
105	1788562117240611710	0x7f7af08c93b0	1	0dfa7fc3533697c4	f8f9550d75030dd3	1459	1	1	512	-1	1	1	0	none	-1	-	-	-	1	1	replay	none	461	3.7468
106	1788562117245137230	0x7f7af08c93b0	1	0dfa7fc3533697c4	f8f9550d75030dd3	1459	1	1	512	-1	1	1	0	none	-1	-	-	-	1	1	replay	none	460	3.7126
107	1788562117249627514	0x7f7af08c93b0	1	0dfa7fc3533697c4	f8f9550d75030dd3	1459	1	1	512	-1	1	1	0	none	-1	-	-	-	1	1	replay	none	459	3.7413
108	1788562117254145830	0x7f7af08c93b0	1	0dfa7fc3533697c4	f8f9550d75030dd3	1459	1	1	512	-1	1	1	0	none	-1	-	-	-	1	1	replay	none	460	3.7164
109	1788562117258645611	0x7f7af08c93b0	1	0dfa7fc3533697c4	f8f9550d75030dd3	1459	1	1	512	-1	1	1	0	none	-1	-	-	-	1	1	replay	none	459	3.7122
110	1788562117263138580	0x7f7af08c93b0	1	0dfa7fc3533697c4	f8f9550d75030dd3	1459	1	1	512	-1	1	1	0	none	-1	-	-	-	1	1	replay	none	460	3.7461
111	1788562117267668168	0x7f7af08c93b0	1	0dfa7fc3533697c4	f8f9550d75030dd3	1459	1	1	512	-1	1	1	0	none	-1	-	-	-	1	1	replay	none	459	3.7081
112	1788562117272161767	0x7f7af08c93b0	1	0dfa7fc3533697c4	f8f9550d75030dd3	1459	1	1	512	-1	1	1	0	none	-1	-	-	-	1	1	replay	none	463	3.7415
113	1788562117276691756	0x7f7af08c93b0	1	0dfa7fc3533697c4	f8f9550d75030dd3	1459	1	1	512	-1	1	1	0	none	-1	-	-	-	1	1	replay	none	459	3.7470
114	1788562117281220281	0x7f7af08c93b0	1	0dfa7fc3533697c4	f8f9550d75030dd3	1459	1	1	512	-1	1	1	0	none	-1	-	-	-	1	1	replay	none	461	3.7116
115	1788562117285719932	0x7f7af08c93b0	1	0dfa7fc3533697c4	f8f9550d75030dd3	1459	1	1	512	-1	1	1	0	none	-1	-	-	-	1	1	replay	none	461	3.7249
116	1788562117290235503	0x7f7af08c93b0	1	0dfa7fc3533697c4	f8f9550d75030dd3	1459	1	1	512	-1	1	1	0	none	-1	-	-	-	1	1	replay	none	462	3.7453
117	1788562117294762636	0x7f7af08c93b0	1	0dfa7fc3533697c4	f8f9550d75030dd3	1459	1	1	512	-1	1	1	0	none	-1	-	-	-	1	1	replay	none	459	3.7047
118	1788562117299244334	0x7f7af08c93b0	1	0dfa7fc3533697c4	f8f9550d75030dd3	1459	1	1	512	-1	1	1	0	none	-1	-	-	-	1	1	replay	none	460	3.7189
119	1788562117303750758	0x7f7af08c93b0	1	0dfa7fc3533697c4	f8f9550d75030dd3	1459	1	1	512	-1	1	1	0	none	-1	-	-	-	1	1	replay	none	458	3.7368
120	1788562117308258995	0x7f7af08c93b0	1	0dfa7fc3533697c4	f8f9550d75030dd3	1459	1	1	512	-1	1	1	0	none	-1	-	-	-	1	1	replay	none	460	3.7082
121	1788562117312750882	0x7f7af08c93b0	1	0dfa7fc3533697c4	f8f9550d75030dd3	1459	1	1	512	-1	1	1	0	none	-1	-	-	-	1	1	replay	none	461	3.7597
122	1788562117317292442	0x7f7af08c93b0	1	0dfa7fc3533697c4	f8f9550d75030dd3	1459	1	1	512	-1	1	1	0	none	-1	-	-	-	1	1	replay	none	461	3.7257
123	1788562117321800529	0x7f7af08c93b0	1	0dfa7fc3533697c4	f8f9550d75030dd3	1459	1	1	512	-1	1	1	0	none	-1	-	-	-	1	1	replay	none	459	3.7181
124	1788562117326304007	0x7f7af08c93b0	1	0dfa7fc3533697c4	f8f9550d75030dd3	1459	1	1	512	-1	1	1	0	none	-1	-	-	-	1	1	replay	none	459	3.7357
125	1788562117330817314	0x7f7af08c93b0	1	0dfa7fc3533697c4	f8f9550d75030dd3	1459	1	1	512	-1	1	1	0	none	-1	-	-	-	1	1	replay	none	459	3.7191
126	1788562117335315763	0x7f7af08c93b0	1	0dfa7fc3533697c4	f8f9550d75030dd3	1459	1	1	512	-1	1	1	0	none	-1	-	-	-	1	1	replay	none	460	3.7128
127	1788562117339812178	0x7f7af08c93b0	1	0dfa7fc3533697c4	f8f9550d75030dd3	1459	1	1	512	-1	1	1	0	none	-1	-	-	-	1	1	replay	none	460	3.7441
128	1788562117344341956	0x7f7af08c93b0	1	0dfa7fc3533697c4	f8f9550d75030dd3	1459	1	1	512	-1	1	1	0	none	-1	-	-	-	1	1	replay	none	466	3.7159
129	1788562117348855123	0x7f7af08c93b0	1	0dfa7fc3533697c4	f8f9550d75030dd3	1459	1	1	512	-1	1	1	0	none	-1	-	-	-	1	1	replay	none	461	3.7098
130	1788562117353365484	0x7f7af08c93b0	1	0dfa7fc3533697c4	f8f9550d75030dd3	1459	1	1	512	-1	1	1	0	none	-1	-	-	-	1	1	replay	none	540	3.8032
131	1788562117358001441	0x7f7af08c93b0	1	0dfa7fc3533697c4	f8f9550d75030dd3	1459	1	1	512	-1	1	1	0	none	-1	-	-	-	1	1	replay	none	464	3.7193
132	1788562117872550325	0x7f7af08c93b0	1	802ba1f19f5ea689	439a0fd9a059e2a3	1459	4	1	256	-1	1	1	1	structure	0	GET_ROWS	model.input_embed	shape,data	1	0	direct	none	2548	4.6158
133	1788562117878874880	0x7f7af08c93b0	1	0dfa7fc3533697c4	f8f9550d75030dd3	1459	1	1	512	-1	1	1	1	structure	0	GET_ROWS	model.input_embed	shape,data	0	0	direct	none	2176	4.1719
134	1788562117883835375	0x7f7af08c93b0	1	0dfa7fc3533697c4	f8f9550d75030dd3	1459	1	1	512	-1	1	1	0	none	-1	-	-	-	0	1	capture	update	1651	4.8929
135	1788562117889531191	0x7f7af08c93b0	1	0dfa7fc3533697c4	f8f9550d75030dd3	1459	1	1	512	-1	1	1	0	none	-1	-	-	-	1	1	replay	none	488	3.7349
136	1788562117894075806	0x7f7af08c93b0	1	0dfa7fc3533697c4	f8f9550d75030dd3	1459	1	1	512	-1	1	1	0	none	-1	-	-	-	1	1	replay	none	470	3.7565
137	1788562117898628427	0x7f7af08c93b0	1	0dfa7fc3533697c4	f8f9550d75030dd3	1459	1	1	512	-1	1	1	0	none	-1	-	-	-	1	1	replay	none	469	3.7053
138	1788562117903117568	0x7f7af08c93b0	1	0dfa7fc3533697c4	f8f9550d75030dd3	1459	1	1	512	-1	1	1	0	none	-1	-	-	-	1	1	replay	none	468	3.7581
139	1788562117907663887	0x7f7af08c93b0	1	0dfa7fc3533697c4	f8f9550d75030dd3	1459	1	1	512	-1	1	1	0	none	-1	-	-	-	1	1	replay	none	464	3.7358
140	1788562117912187133	0x7f7af08c93b0	1	0dfa7fc3533697c4	f8f9550d75030dd3	1459	1	1	512	-1	1	1	0	none	-1	-	-	-	1	1	replay	none	467	3.7085
141	1788562117916683348	0x7f7af08c93b0	1	0dfa7fc3533697c4	f8f9550d75030dd3	1459	1	1	512	-1	1	1	0	none	-1	-	-	-	1	1	replay	none	464	3.7326
142	1788562117921198187	0x7f7af08c93b0	1	0dfa7fc3533697c4	f8f9550d75030dd3	1459	1	1	512	-1	1	1	0	none	-1	-	-	-	1	1	replay	none	467	3.7268
143	1788562117925718207	0x7f7af08c93b0	1	0dfa7fc3533697c4	f8f9550d75030dd3	1459	1	1	512	-1	1	1	0	none	-1	-	-	-	1	1	replay	none	465	3.7180
144	1788562117930226675	0x7f7af08c93b0	1	0dfa7fc3533697c4	f8f9550d75030dd3	1459	1	1	512	-1	1	1	0	none	-1	-	-	-	1	1	replay	none	468	3.7368
145	1788562117934764768	0x7f7af08c93b0	1	0dfa7fc3533697c4	f8f9550d75030dd3	1459	1	1	512	-1	1	1	0	none	-1	-	-	-	1	1	replay	none	468	3.7329
146	1788562117939286270	0x7f7af08c93b0	1	0dfa7fc3533697c4	f8f9550d75030dd3	1459	1	1	512	-1	1	1	0	none	-1	-	-	-	1	1	replay	none	475	3.7204
147	1788562117943800839	0x7f7af08c93b0	1	0dfa7fc3533697c4	f8f9550d75030dd3	1459	1	1	512	-1	1	1	0	none	-1	-	-	-	1	1	replay	none	468	3.7671
148	1788562117948360123	0x7f7af08c93b0	1	0dfa7fc3533697c4	f8f9550d75030dd3	1459	1	1	512	-1	1	1	0	none	-1	-	-	-	1	1	replay	none	466	3.7125
149	1788562117952863180	0x7f7af08c93b0	1	0dfa7fc3533697c4	f8f9550d75030dd3	1459	1	1	512	-1	1	1	0	none	-1	-	-	-	1	1	replay	none	467	3.7163
150	1788562117957362922	0x7f7af08c93b0	1	0dfa7fc3533697c4	f8f9550d75030dd3	1459	1	1	512	-1	1	1	0	none	-1	-	-	-	1	1	replay	none	465	3.7494
151	1788562117961896957	0x7f7af08c93b0	1	0dfa7fc3533697c4	f8f9550d75030dd3	1459	1	1	512	-1	1	1	0	none	-1	-	-	-	1	1	replay	none	466	3.7048
152	1788562117966392551	0x7f7af08c93b0	1	0dfa7fc3533697c4	f8f9550d75030dd3	1459	1	1	512	-1	1	1	0	none	-1	-	-	-	1	1	replay	none	465	3.7374
153	1788562117970914715	0x7f7af08c93b0	1	0dfa7fc3533697c4	f8f9550d75030dd3	1459	1	1	512	-1	1	1	0	none	-1	-	-	-	1	1	replay	none	466	3.7413
154	1788562117975447428	0x7f7af08c93b0	1	0dfa7fc3533697c4	f8f9550d75030dd3	1459	1	1	512	-1	1	1	0	none	-1	-	-	-	1	1	replay	none	463	3.7309
155	1788562117980004777	0x7f7af08c93b0	1	0dfa7fc3533697c4	f8f9550d75030dd3	1459	1	1	512	-1	1	1	0	none	-1	-	-	-	1	1	replay	none	470	3.7245
156	1788562117984744329	0x7f7af08c93b0	1	0dfa7fc3533697c4	f8f9550d75030dd3	1459	1	1	512	-1	1	1	0	none	-1	-	-	-	1	1	replay	none	604	3.7838
157	1788562117991458885	0x7f7af08c93b0	1	94dc22ce3d23b91b	7c4559878961a07b	1459	2	1	512	-1	1	1	1	structure	0	GET_ROWS	model.input_embed	shape,data	1	0	direct	none	3653	4.8043
158	1788562117996906535	0x7f7af08c93b0	1	d8f873be867a8271	ddb557abc1c1694b	1459	251	0	256	-1	1	1	1	structure	0	GET_ROWS	model.input_embed	shape,data	0	0	direct	none	3100	15.9496
159	1788562118019710184	0x7f7af08c93b0	1	79cc5f245f480542	a107d5712f53f2bc	1459	2	1	512	-1	1	1	1	structure	0	GET_ROWS	model.input_embed	shape,data	0	0	direct	none	2438	4.5750
160	1788562118024844536	0x7f7af08c93b0	1	bcd06391008a2d68	c41dd1f2af32248f	1459	3	1	256	-1	1	1	1	structure	0	GET_ROWS	model.input_embed	shape,data	0	0	direct	none	2470	4.5094
161	1788562118030844632	0x7f7af08c93b0	1	d702fd6fe588b6cb	a107d5712f53f2bc	1459	2	2	512	-1	1	1	1	structure	0	GET_ROWS	model.input_embed	shape,data	0	0	direct	none	2452	4.5523
162	1788562118036446591	0x7f7af08c93b0	1	d702fd6fe588b6cb	a107d5712f53f2bc	1459	2	2	512	-1	1	1	0	none	-1	-	-	-	0	1	capture	reinstantiate	2682	6.2347
163	1788562118043811478	0x7f7af08c93b0	1	d702fd6fe588b6cb	a107d5712f53f2bc	1459	2	2	512	-1	1	1	0	none	-1	-	-	-	1	1	replay	none	546	4.0573
164	1788562118048980004	0x7f7af08c93b0	1	d702fd6fe588b6cb	a107d5712f53f2bc	1459	2	2	512	-1	1	1	0	none	-1	-	-	-	1	1	replay	none	473	4.0130
165	1788562118054035197	0x7f7af08c93b0	1	d702fd6fe588b6cb	a107d5712f53f2bc	1459	2	2	512	-1	1	1	0	none	-1	-	-	-	1	1	replay	none	469	4.0246
166	1788562118059089419	0x7f7af08c93b0	1	d702fd6fe588b6cb	a107d5712f53f2bc	1459	2	2	512	-1	1	1	0	none	-1	-	-	-	1	1	replay	none	469	4.0266
167	1788562118064148169	0x7f7af08c93b0	1	d702fd6fe588b6cb	a107d5712f53f2bc	1459	2	2	512	-1	1	1	0	none	-1	-	-	-	1	1	replay	none	468	4.0118
168	1788562118069184918	0x7f7af08c93b0	1	d702fd6fe588b6cb	a107d5712f53f2bc	1459	2	2	512	-1	1	1	0	none	-1	-	-	-	1	1	replay	none	471	4.1808
169	1788562118074403017	0x7f7af08c93b0	1	d702fd6fe588b6cb	a107d5712f53f2bc	1459	2	2	512	-1	1	1	0	none	-1	-	-	-	1	1	replay	none	464	4.0749
170	1788562118079496261	0x7f7af08c93b0	1	d702fd6fe588b6cb	a107d5712f53f2bc	1459	2	2	512	-1	1	1	0	none	-1	-	-	-	1	1	replay	none	464	4.0098
171	1788562118084534153	0x7f7af08c93b0	1	d702fd6fe588b6cb	a107d5712f53f2bc	1459	2	2	512	-1	1	1	0	none	-1	-	-	-	1	1	replay	none	467	4.0412
172	1788562118089604154	0x7f7af08c93b0	1	d702fd6fe588b6cb	a107d5712f53f2bc	1459	2	2	512	-1	1	1	0	none	-1	-	-	-	1	1	replay	none	485	4.0404
173	1788562118094699863	0x7f7af08c93b0	1	d702fd6fe588b6cb	a107d5712f53f2bc	1459	2	2	512	-1	1	1	0	none	-1	-	-	-	1	1	replay	none	466	4.0340
174	1788562118099773652	0x7f7af08c93b0	1	d702fd6fe588b6cb	a107d5712f53f2bc	1459	2	2	512	-1	1	1	0	none	-1	-	-	-	1	1	replay	none	463	4.0296
175	1788562118104824597	0x7f7af08c93b0	1	d702fd6fe588b6cb	a107d5712f53f2bc	1459	2	2	512	-1	1	1	0	none	-1	-	-	-	1	1	replay	none	464	4.0096
176	1788562118109859122	0x7f7af08c93b0	1	d702fd6fe588b6cb	a107d5712f53f2bc	1459	2	2	512	-1	1	1	0	none	-1	-	-	-	1	1	replay	none	465	4.0494
177	1788562118114927520	0x7f7af08c93b0	1	d702fd6fe588b6cb	a107d5712f53f2bc	1459	2	2	512	-1	1	1	0	none	-1	-	-	-	1	1	replay	none	465	4.0195
178	1788562118120021236	0x7f7af08c93b0	1	d702fd6fe588b6cb	a107d5712f53f2bc	1459	2	2	512	-1	1	1	0	none	-1	-	-	-	1	1	replay	none	470	4.0087
179	1788562118125060499	0x7f7af08c93b0	1	d702fd6fe588b6cb	a107d5712f53f2bc	1459	2	2	512	-1	1	1	0	none	-1	-	-	-	1	1	replay	none	466	4.0537
180	1788562118130146731	0x7f7af08c93b0	1	d702fd6fe588b6cb	a107d5712f53f2bc	1459	2	2	512	-1	1	1	0	none	-1	-	-	-	1	1	replay	none	465	4.0406
181	1788562118135211623	0x7f7af08c93b0	1	d702fd6fe588b6cb	a107d5712f53f2bc	1459	2	2	512	-1	1	1	0	none	-1	-	-	-	1	1	replay	none	465	4.0148
182	1788562118140291011	0x7f7af08c93b0	1	d702fd6fe588b6cb	a107d5712f53f2bc	1459	2	2	512	-1	1	1	0	none	-1	-	-	-	1	1	replay	none	471	4.0286
183	1788562118145358839	0x7f7af08c93b0	1	d702fd6fe588b6cb	a107d5712f53f2bc	1459	2	2	512	-1	1	1	0	none	-1	-	-	-	1	1	replay	none	463	4.0317
184	1788562118150414854	0x7f7af08c93b0	1	d702fd6fe588b6cb	a107d5712f53f2bc	1459	2	2	512	-1	1	1	0	none	-1	-	-	-	1	1	replay	none	462	4.0486
185	1788562118155486969	0x7f7af08c93b0	1	d702fd6fe588b6cb	a107d5712f53f2bc	1459	2	2	512	-1	1	1	0	none	-1	-	-	-	1	1	replay	none	461	4.0094
186	1788562118160516264	0x7f7af08c93b0	1	d702fd6fe588b6cb	a107d5712f53f2bc	1459	2	2	512	-1	1	1	0	none	-1	-	-	-	1	1	replay	none	462	4.0203
187	1788562118165574062	0x7f7af08c93b0	1	d702fd6fe588b6cb	a107d5712f53f2bc	1459	2	2	512	-1	1	1	0	none	-1	-	-	-	1	1	replay	none	465	4.0632
188	1788562118170669180	0x7f7af08c93b0	1	d702fd6fe588b6cb	a107d5712f53f2bc	1459	2	2	512	-1	1	1	0	none	-1	-	-	-	1	1	replay	none	461	4.0209
189	1788562118175711399	0x7f7af08c93b0	1	d702fd6fe588b6cb	a107d5712f53f2bc	1459	2	2	512	-1	1	1	0	none	-1	-	-	-	1	1	replay	none	462	4.0137
190	1788562118180738190	0x7f7af08c93b0	1	d702fd6fe588b6cb	a107d5712f53f2bc	1459	2	2	512	-1	1	1	0	none	-1	-	-	-	1	1	replay	none	461	4.0337
191	1788562118185795146	0x7f7af08c93b0	1	d702fd6fe588b6cb	a107d5712f53f2bc	1459	2	2	512	-1	1	1	0	none	-1	-	-	-	1	1	replay	none	463	4.0298
192	1788562118191337624	0x7f7af08c93b0	1	0dfa7fc3533697c4	f8f9550d75030dd3	1459	1	1	512	-1	1	1	1	structure	0	GET_ROWS	model.input_embed	shape,data	1	0	direct	none	2218	4.2077
193	1788562118196343285	0x7f7af08c93b0	1	0dfa7fc3533697c4	f8f9550d75030dd3	1459	1	1	512	-1	1	1	0	none	-1	-	-	-	0	1	capture	reinstantiate	2655	5.9076
194	1788562118203041340	0x7f7af08c93b0	1	0dfa7fc3533697c4	f8f9550d75030dd3	1459	1	1	512	-1	1	1	0	none	-1	-	-	-	1	1	replay	none	469	3.7243
195	1788562118207560708	0x7f7af08c93b0	1	0dfa7fc3533697c4	f8f9550d75030dd3	1459	1	1	512	-1	1	1	0	none	-1	-	-	-	1	1	replay	none	466	3.7505
196	1788562118212098481	0x7f7af08c93b0	1	0dfa7fc3533697c4	f8f9550d75030dd3	1459	1	1	512	-1	1	1	0	none	-1	-	-	-	1	1	replay	none	466	3.7043
197	1788562118216591440	0x7f7af08c93b0	1	0dfa7fc3533697c4	f8f9550d75030dd3	1459	1	1	512	-1	1	1	0	none	-1	-	-	-	1	1	replay	none	463	3.7309
198	1788562118221104887	0x7f7af08c93b0	1	0dfa7fc3533697c4	f8f9550d75030dd3	1459	1	1	512	-1	1	1	0	none	-1	-	-	-	1	1	replay	none	464	3.7454
199	1788562118225636578	0x7f7af08c93b0	1	0dfa7fc3533697c4	f8f9550d75030dd3	1459	1	1	512	-1	1	1	0	none	-1	-	-	-	1	1	replay	none	462	3.7220
200	1788562118230137592	0x7f7af08c93b0	1	0dfa7fc3533697c4	f8f9550d75030dd3	1459	1	1	512	-1	1	1	0	none	-1	-	-	-	1	1	replay	none	464	3.7200
201	1788562118234646090	0x7f7af08c93b0	1	0dfa7fc3533697c4	f8f9550d75030dd3	1459	1	1	512	-1	1	1	0	none	-1	-	-	-	1	1	replay	none	462	3.7586
202	1788562118239184193	0x7f7af08c93b0	1	0dfa7fc3533697c4	f8f9550d75030dd3	1459	1	1	512	-1	1	1	0	none	-1	-	-	-	1	1	replay	none	463	3.7089
203	1788562118243680839	0x7f7af08c93b0	1	0dfa7fc3533697c4	f8f9550d75030dd3	1459	1	1	512	-1	1	1	0	none	-1	-	-	-	1	1	replay	none	463	3.7474
204	1788562118248223060	0x7f7af08c93b0	1	0dfa7fc3533697c4	f8f9550d75030dd3	1459	1	1	512	-1	1	1	0	none	-1	-	-	-	1	1	replay	none	473	3.7290
205	1788562118252749031	0x7f7af08c93b0	1	0dfa7fc3533697c4	f8f9550d75030dd3	1459	1	1	512	-1	1	1	0	none	-1	-	-	-	1	1	replay	none	462	3.7090
206	1788562118257241949	0x7f7af08c93b0	1	0dfa7fc3533697c4	f8f9550d75030dd3	1459	1	1	512	-1	1	1	0	none	-1	-	-	-	1	1	replay	none	467	3.7313
207	1788562118261756739	0x7f7af08c93b0	1	0dfa7fc3533697c4	f8f9550d75030dd3	1459	1	1	512	-1	1	1	0	none	-1	-	-	-	1	1	replay	none	462	3.7470
208	1788562118266301245	0x7f7af08c93b0	1	0dfa7fc3533697c4	f8f9550d75030dd3	1459	1	1	512	-1	1	1	0	none	-1	-	-	-	1	1	replay	none	471	3.7018
209	1788562118270796788	0x7f7af08c93b0	1	0dfa7fc3533697c4	f8f9550d75030dd3	1459	1	1	512	-1	1	1	0	none	-1	-	-	-	1	1	replay	none	465	3.7442
210	1788562118275333539	0x7f7af08c93b0	1	0dfa7fc3533697c4	f8f9550d75030dd3	1459	1	1	512	-1	1	1	0	none	-1	-	-	-	1	1	replay	none	463	3.7325
211	1788562118279853759	0x7f7af08c93b0	1	0dfa7fc3533697c4	f8f9550d75030dd3	1459	1	1	512	-1	1	1	0	none	-1	-	-	-	1	1	replay	none	464	3.7039
212	1788562118284346507	0x7f7af08c93b0	1	0dfa7fc3533697c4	f8f9550d75030dd3	1459	1	1	512	-1	1	1	0	none	-1	-	-	-	1	1	replay	none	462	3.7596
213	1788562118288892084	0x7f7af08c93b0	1	0dfa7fc3533697c4	f8f9550d75030dd3	1459	1	1	512	-1	1	1	0	none	-1	-	-	-	1	1	replay	none	463	3.7195
214	1788562118293400783	0x7f7af08c93b0	1	0dfa7fc3533697c4	f8f9550d75030dd3	1459	1	1	512	-1	1	1	0	none	-1	-	-	-	1	1	replay	none	463	3.7179
215	1788562118297901145	0x7f7af08c93b0	1	0dfa7fc3533697c4	f8f9550d75030dd3	1459	1	1	512	-1	1	1	0	none	-1	-	-	-	1	1	replay	none	463	3.7429
216	1788562118302431504	0x7f7af08c93b0	1	0dfa7fc3533697c4	f8f9550d75030dd3	1459	1	1	512	-1	1	1	0	none	-1	-	-	-	1	1	replay	none	461	3.7187
217	1788562118306935985	0x7f7af08c93b0	1	0dfa7fc3533697c4	f8f9550d75030dd3	1459	1	1	512	-1	1	1	0	none	-1	-	-	-	1	1	replay	none	464	3.7283
218	1788562118311449722	0x7f7af08c93b0	1	0dfa7fc3533697c4	f8f9550d75030dd3	1459	1	1	512	-1	1	1	0	none	-1	-	-	-	1	1	replay	none	461	3.7444
219	1788562118315972908	0x7f7af08c93b0	1	0dfa7fc3533697c4	f8f9550d75030dd3	1459	1	1	512	-1	1	1	0	none	-1	-	-	-	1	1	replay	none	462	3.7333
220	1788562118320495752	0x7f7af08c93b0	1	0dfa7fc3533697c4	f8f9550d75030dd3	1459	1	1	512	-1	1	1	0	none	-1	-	-	-	1	1	replay	none	461	3.7294
221	1788562118325005202	0x7f7af08c93b0	1	0dfa7fc3533697c4	f8f9550d75030dd3	1459	1	1	512	-1	1	1	0	none	-1	-	-	-	1	1	replay	none	461	3.7664
222	1788562118329549908	0x7f7af08c93b0	1	0dfa7fc3533697c4	f8f9550d75030dd3	1459	1	1	512	-1	1	1	0	none	-1	-	-	-	1	1	replay	none	462	3.7016
223	1788562118334032577	0x7f7af08c93b0	1	0dfa7fc3533697c4	f8f9550d75030dd3	1459	1	1	512	-1	1	1	0	none	-1	-	-	-	1	1	replay	none	463	3.7409
224	1788562118338556985	0x7f7af08c93b0	1	0dfa7fc3533697c4	f8f9550d75030dd3	1459	1	1	512	-1	1	1	0	none	-1	-	-	-	1	1	replay	none	460	3.7419
225	1788562118343081493	0x7f7af08c93b0	1	0dfa7fc3533697c4	f8f9550d75030dd3	1459	1	1	512	-1	1	1	0	none	-1	-	-	-	1	1	replay	none	464	3.7021
226	1788562118347571165	0x7f7af08c93b0	1	0dfa7fc3533697c4	f8f9550d75030dd3	1459	1	1	512	-1	1	1	0	none	-1	-	-	-	1	1	replay	none	460	3.7491
227	1788562118352107125	0x7f7af08c93b0	1	0dfa7fc3533697c4	f8f9550d75030dd3	1459	1	1	512	-1	1	1	0	none	-1	-	-	-	1	1	replay	none	463	3.7295
228	1788562118356621554	0x7f7af08c93b0	1	0dfa7fc3533697c4	f8f9550d75030dd3	1459	1	1	512	-1	1	1	0	none	-1	-	-	-	1	1	replay	none	461	3.7339
229	1788562118361138457	0x7f7af08c93b0	1	0dfa7fc3533697c4	f8f9550d75030dd3	1459	1	1	512	-1	1	1	0	none	-1	-	-	-	1	1	replay	none	462	3.7342
230	1788562118365657585	0x7f7af08c93b0	1	0dfa7fc3533697c4	f8f9550d75030dd3	1459	1	1	512	-1	1	1	0	none	-1	-	-	-	1	1	replay	none	460	3.7487
231	1788562118370190068	0x7f7af08c93b0	1	0dfa7fc3533697c4	f8f9550d75030dd3	1459	1	1	512	-1	1	1	0	none	-1	-	-	-	1	1	replay	none	462	3.7107
232	1788562118374707342	0x7f7af08c93b0	1	0dfa7fc3533697c4	f8f9550d75030dd3	1459	1	1	512	-1	1	1	0	none	-1	-	-	-	1	1	replay	none	468	3.7486
233	1788562118379244544	0x7f7af08c93b0	1	0dfa7fc3533697c4	f8f9550d75030dd3	1459	1	1	512	-1	1	1	0	none	-1	-	-	-	1	1	replay	none	464	3.7145
234	1788562118383753302	0x7f7af08c93b0	1	0dfa7fc3533697c4	f8f9550d75030dd3	1459	1	1	512	-1	1	1	0	none	-1	-	-	-	1	1	replay	none	460	3.7082
235	1788562118388242234	0x7f7af08c93b0	1	0dfa7fc3533697c4	f8f9550d75030dd3	1459	1	1	512	-1	1	1	0	none	-1	-	-	-	1	1	replay	none	461	3.7506
236	1788562118392783323	0x7f7af08c93b0	1	0dfa7fc3533697c4	f8f9550d75030dd3	1459	1	1	512	-1	1	1	0	none	-1	-	-	-	1	1	replay	none	462	3.7085
237	1788562118397276852	0x7f7af08c93b0	1	0dfa7fc3533697c4	f8f9550d75030dd3	1459	1	1	512	-1	1	1	0	none	-1	-	-	-	1	1	replay	none	466	3.7374
238	1788562118401795048	0x7f7af08c93b0	1	0dfa7fc3533697c4	f8f9550d75030dd3	1459	1	1	512	-1	1	1	0	none	-1	-	-	-	1	1	replay	none	462	3.7477
239	1788562118406329575	0x7f7af08c93b0	1	0dfa7fc3533697c4	f8f9550d75030dd3	1459	1	1	512	-1	1	1	0	none	-1	-	-	-	1	1	replay	none	461	3.7177
240	1788562118410825870	0x7f7af08c93b0	1	0dfa7fc3533697c4	f8f9550d75030dd3	1459	1	1	512	-1	1	1	0	none	-1	-	-	-	1	1	replay	none	460	3.7215
241	1788562118415329890	0x7f7af08c93b0	1	0dfa7fc3533697c4	f8f9550d75030dd3	1459	1	1	512	-1	1	1	0	none	-1	-	-	-	1	1	replay	none	460	3.7461
242	1788562118419856972	0x7f7af08c93b0	1	0dfa7fc3533697c4	f8f9550d75030dd3	1459	1	1	512	-1	1	1	0	none	-1	-	-	-	1	1	replay	none	463	3.7094
243	1788562118424350733	0x7f7af08c93b0	1	0dfa7fc3533697c4	f8f9550d75030dd3	1459	1	1	512	-1	1	1	0	none	-1	-	-	-	1	1	replay	none	460	3.7190
244	1788562118429001427	0x7f7af08c93b0	1	0dfa7fc3533697c4	f8f9550d75030dd3	1459	1	1	512	-1	1	1	0	none	-1	-	-	-	1	1	replay	none	525	3.7412
245	1788562118433601036	0x7f7af08c93b0	1	0dfa7fc3533697c4	f8f9550d75030dd3	1459	1	1	512	-1	1	1	0	none	-1	-	-	-	1	1	replay	none	466	3.7086
246	1788562118438103202	0x7f7af08c93b0	1	0dfa7fc3533697c4	f8f9550d75030dd3	1459	1	1	512	-1	1	1	0	none	-1	-	-	-	1	1	replay	none	468	3.7437
247	1788562118442646144	0x7f7af08c93b0	1	0dfa7fc3533697c4	f8f9550d75030dd3	1459	1	1	512	-1	1	1	0	none	-1	-	-	-	1	1	replay	none	464	3.7476
248	1788562118447192904	0x7f7af08c93b0	1	0dfa7fc3533697c4	f8f9550d75030dd3	1459	1	1	512	-1	1	1	0	none	-1	-	-	-	1	1	replay	none	470	3.7229
249	1788562118451713044	0x7f7af08c93b0	1	0dfa7fc3533697c4	f8f9550d75030dd3	1459	1	1	512	-1	1	1	0	none	-1	-	-	-	1	1	replay	none	463	3.7349
250	1788562118456231280	0x7f7af08c93b0	1	0dfa7fc3533697c4	f8f9550d75030dd3	1459	1	1	512	-1	1	1	0	none	-1	-	-	-	1	1	replay	none	463	3.7408
251	1788562118460756669	0x7f7af08c93b0	1	0dfa7fc3533697c4	f8f9550d75030dd3	1459	1	1	512	-1	1	1	0	none	-1	-	-	-	1	1	replay	none	463	3.6938
252	1788562118465239259	0x7f7af08c93b0	1	0dfa7fc3533697c4	f8f9550d75030dd3	1459	1	1	512	-1	1	1	0	none	-1	-	-	-	1	1	replay	none	467	3.7432
253	1788562118469769207	0x7f7af08c93b0	1	0dfa7fc3533697c4	f8f9550d75030dd3	1459	1	1	512	-1	1	1	0	none	-1	-	-	-	1	1	replay	none	461	3.7291
254	1788562118474281402	0x7f7af08c93b0	1	0dfa7fc3533697c4	f8f9550d75030dd3	1459	1	1	512	-1	1	1	0	none	-1	-	-	-	1	1	replay	none	463	3.7030
255	1788562118478764061	0x7f7af08c93b0	1	0dfa7fc3533697c4	f8f9550d75030dd3	1459	1	1	512	-1	1	1	0	none	-1	-	-	-	1	1	replay	none	463	3.7537
256	1788562118483305180	0x7f7af08c93b0	1	0dfa7fc3533697c4	f8f9550d75030dd3	1459	1	1	512	-1	1	1	0	none	-1	-	-	-	1	1	replay	none	463	3.7205
257	1788562118487804761	0x7f7af08c93b0	1	0dfa7fc3533697c4	f8f9550d75030dd3	1459	1	1	512	-1	1	1	0	none	-1	-	-	-	1	1	replay	none	460	3.7419
258	1788562118492334900	0x7f7af08c93b0	1	0dfa7fc3533697c4	f8f9550d75030dd3	1459	1	1	512	-1	1	1	0	none	-1	-	-	-	1	1	replay	none	462	3.7428
259	1788562118496881359	0x7f7af08c93b0	1	0dfa7fc3533697c4	f8f9550d75030dd3	1459	1	1	512	-1	1	1	0	none	-1	-	-	-	1	1	replay	none	469	3.7368
260	1788562118501413180	0x7f7af08c93b0	1	0dfa7fc3533697c4	f8f9550d75030dd3	1459	1	1	512	-1	1	1	0	none	-1	-	-	-	1	1	replay	none	462	3.7205
261	1788562118505920135	0x7f7af08c93b0	1	0dfa7fc3533697c4	f8f9550d75030dd3	1459	1	1	512	-1	1	1	0	none	-1	-	-	-	1	1	replay	none	463	3.7490
262	1788562119020094649	0x7f7af08c93b0	1	802ba1f19f5ea689	439a0fd9a059e2a3	1459	4	1	256	-1	1	1	1	structure	0	GET_ROWS	model.input_embed	shape,data	1	0	direct	none	2615	4.6224
263	1788562119026039301	0x7f7af08c93b0	1	0dfa7fc3533697c4	f8f9550d75030dd3	1459	1	1	512	-1	1	1	1	structure	0	GET_ROWS	model.input_embed	shape,data	0	0	direct	none	2186	4.1980
264	1788562119031037668	0x7f7af08c93b0	1	0dfa7fc3533697c4	f8f9550d75030dd3	1459	1	1	512	-1	1	1	0	none	-1	-	-	-	0	1	capture	update	1647	4.9048
265	1788562119036737971	0x7f7af08c93b0	1	0dfa7fc3533697c4	f8f9550d75030dd3	1459	1	1	512	-1	1	1	0	none	-1	-	-	-	1	1	replay	none	471	3.6985
266	1788562119041277217	0x7f7af08c93b0	1	0dfa7fc3533697c4	f8f9550d75030dd3	1459	1	1	512	-1	1	1	0	none	-1	-	-	-	1	1	replay	none	477	3.7518
267	1788562119045827543	0x7f7af08c93b0	1	0dfa7fc3533697c4	f8f9550d75030dd3	1459	1	1	512	-1	1	1	0	none	-1	-	-	-	1	1	replay	none	467	3.7196
268	1788562119050334979	0x7f7af08c93b0	1	0dfa7fc3533697c4	f8f9550d75030dd3	1459	1	1	512	-1	1	1	0	none	-1	-	-	-	1	1	replay	none	467	3.7388
269	1788562119054865729	0x7f7af08c93b0	1	0dfa7fc3533697c4	f8f9550d75030dd3	1459	1	1	512	-1	1	1	0	none	-1	-	-	-	1	1	replay	none	467	3.7421
270	1788562119059399845	0x7f7af08c93b0	1	0dfa7fc3533697c4	f8f9550d75030dd3	1459	1	1	512	-1	1	1	0	none	-1	-	-	-	1	1	replay	none	467	3.7323
271	1788562119063917670	0x7f7af08c93b0	1	0dfa7fc3533697c4	f8f9550d75030dd3	1459	1	1	512	-1	1	1	0	none	-1	-	-	-	1	1	replay	none	474	3.7209
272	1788562119068433091	0x7f7af08c93b0	1	0dfa7fc3533697c4	f8f9550d75030dd3	1459	1	1	512	-1	1	1	0	none	-1	-	-	-	1	1	replay	none	468	4.0149
273	1788562119073240900	0x7f7af08c93b0	1	0dfa7fc3533697c4	f8f9550d75030dd3	1459	1	1	512	-1	1	1	0	none	-1	-	-	-	1	1	replay	none	467	3.7348
274	1788562119077766080	0x7f7af08c93b0	1	0dfa7fc3533697c4	f8f9550d75030dd3	1459	1	1	512	-1	1	1	0	none	-1	-	-	-	1	1	replay	none	464	3.7133
275	1788562119082262485	0x7f7af08c93b0	1	0dfa7fc3533697c4	f8f9550d75030dd3	1459	1	1	512	-1	1	1	0	none	-1	-	-	-	1	1	replay	none	467	3.7509
276	1788562119086799226	0x7f7af08c93b0	1	0dfa7fc3533697c4	f8f9550d75030dd3	1459	1	1	512	-1	1	1	0	none	-1	-	-	-	1	1	replay	none	465	3.7024
277	1788562119091306251	0x7f7af08c93b0	1	0dfa7fc3533697c4	f8f9550d75030dd3	1459	1	1	512	-1	1	1	0	none	-1	-	-	-	1	1	replay	none	477	3.7410
278	1788562119095848923	0x7f7af08c93b0	1	0dfa7fc3533697c4	f8f9550d75030dd3	1459	1	1	512	-1	1	1	0	none	-1	-	-	-	1	1	replay	none	467	3.7380
279	1788562119100380063	0x7f7af08c93b0	1	0dfa7fc3533697c4	f8f9550d75030dd3	1459	1	1	512	-1	1	1	0	none	-1	-	-	-	1	1	replay	none	464	3.7333
280	1788562119104898700	0x7f7af08c93b0	1	0dfa7fc3533697c4	f8f9550d75030dd3	1459	1	1	512	-1	1	1	0	none	-1	-	-	-	1	1	replay	none	466	3.7209
281	1788562119109413520	0x7f7af08c93b0	1	0dfa7fc3533697c4	f8f9550d75030dd3	1459	1	1	512	-1	1	1	0	none	-1	-	-	-	1	1	replay	none	465	3.7554
282	1788562119113950721	0x7f7af08c93b0	1	0dfa7fc3533697c4	f8f9550d75030dd3	1459	1	1	512	-1	1	1	0	none	-1	-	-	-	1	1	replay	none	466	3.7041
283	1788562119118445824	0x7f7af08c93b0	1	0dfa7fc3533697c4	f8f9550d75030dd3	1459	1	1	512	-1	1	1	0	none	-1	-	-	-	1	1	replay	none	465	3.7346
284	1788562119122967407	0x7f7af08c93b0	1	0dfa7fc3533697c4	f8f9550d75030dd3	1459	1	1	512	-1	1	1	0	none	-1	-	-	-	1	1	replay	none	466	3.7238
285	1788562119127473430	0x7f7af08c93b0	1	0dfa7fc3533697c4	f8f9550d75030dd3	1459	1	1	512	-1	1	1	0	none	-1	-	-	-	1	1	replay	none	463	3.7004
286	1788562119131953394	0x7f7af08c93b0	1	0dfa7fc3533697c4	f8f9550d75030dd3	1459	1	1	512	-1	1	1	0	none	-1	-	-	-	1	1	replay	none	466	3.7415
287	1788562119137069732	0x7f7af08c93b0	1	94dc22ce3d23b91b	7c4559878961a07b	1459	2	1	512	-1	1	1	1	structure	0	GET_ROWS	model.input_embed	shape,data	1	0	direct	none	2538	4.6189
288	1788562119142252676	0x7f7af08c93b0	1	d8f873be867a8271	ddb557abc1c1694b	1459	251	0	256	-1	1	1	1	structure	0	GET_ROWS	model.input_embed	shape,data	0	0	direct	none	3034	15.9685
289	1788562119162404720	0x7f7af08c93b0	1	79cc5f245f480542	a107d5712f53f2bc	1459	2	1	512	-1	1	1	1	structure	0	GET_ROWS	model.input_embed	shape,data	0	0	direct	none	2450	4.5944
290	1788562119167555363	0x7f7af08c93b0	1	bcd06391008a2d68	c41dd1f2af32248f	1459	3	1	256	-1	1	1	1	structure	0	GET_ROWS	model.input_embed	shape,data	0	0	direct	none	2471	4.4861
291	1788562119173548556	0x7f7af08c93b0	1	d702fd6fe588b6cb	a107d5712f53f2bc	1459	2	2	512	-1	1	1	1	structure	0	GET_ROWS	model.input_embed	shape,data	0	0	direct	none	2460	4.5348
292	1788562119179127903	0x7f7af08c93b0	1	d702fd6fe588b6cb	a107d5712f53f2bc	1459	2	2	512	-1	1	1	0	none	-1	-	-	-	0	1	capture	reinstantiate	2663	6.2511
293	1788562119186424732	0x7f7af08c93b0	1	d702fd6fe588b6cb	a107d5712f53f2bc	1459	2	2	512	-1	1	1	0	none	-1	-	-	-	1	1	replay	none	469	4.0329
294	1788562119191619637	0x7f7af08c93b0	1	d702fd6fe588b6cb	a107d5712f53f2bc	1459	2	2	512	-1	1	1	0	none	-1	-	-	-	1	1	replay	none	569	4.0223
295	1788562119196790428	0x7f7af08c93b0	1	d702fd6fe588b6cb	a107d5712f53f2bc	1459	2	2	512	-1	1	1	0	none	-1	-	-	-	1	1	replay	none	472	4.0274
296	1788562119201853796	0x7f7af08c93b0	1	d702fd6fe588b6cb	a107d5712f53f2bc	1459	2	2	512	-1	1	1	0	none	-1	-	-	-	1	1	replay	none	471	4.0322
297	1788562119206923757	0x7f7af08c93b0	1	d702fd6fe588b6cb	a107d5712f53f2bc	1459	2	2	512	-1	1	1	0	none	-1	-	-	-	1	1	replay	none	469	4.0490
298	1788562119212012865	0x7f7af08c93b0	1	d702fd6fe588b6cb	a107d5712f53f2bc	1459	2	2	512	-1	1	1	0	none	-1	-	-	-	1	1	replay	none	478	4.0095
299	1788562119217059592	0x7f7af08c93b0	1	d702fd6fe588b6cb	a107d5712f53f2bc	1459	2	2	512	-1	1	1	0	none	-1	-	-	-	1	1	replay	none	468	4.0036
300	1788562119222104637	0x7f7af08c93b0	1	d702fd6fe588b6cb	a107d5712f53f2bc	1459	2	2	512	-1	1	1	0	none	-1	-	-	-	1	1	replay	none	471	4.0493
301	1788562119227192982	0x7f7af08c93b0	1	d702fd6fe588b6cb	a107d5712f53f2bc	1459	2	2	512	-1	1	1	0	none	-1	-	-	-	1	1	replay	none	466	4.0300
302	1788562119232246112	0x7f7af08c93b0	1	d702fd6fe588b6cb	a107d5712f53f2bc	1459	2	2	512	-1	1	1	0	none	-1	-	-	-	1	1	replay	none	467	4.0092
303	1788562119237287579	0x7f7af08c93b0	1	d702fd6fe588b6cb	a107d5712f53f2bc	1459	2	2	512	-1	1	1	0	none	-1	-	-	-	1	1	replay	none	465	4.0429
304	1788562119242364323	0x7f7af08c93b0	1	d702fd6fe588b6cb	a107d5712f53f2bc	1459	2	2	512	-1	1	1	0	none	-1	-	-	-	1	1	replay	none	466	4.0293
305	1788562119247422723	0x7f7af08c93b0	1	d702fd6fe588b6cb	a107d5712f53f2bc	1459	2	2	512	-1	1	1	0	none	-1	-	-	-	1	1	replay	none	464	4.0308
306	1788562119252485030	0x7f7af08c93b0	1	d702fd6fe588b6cb	a107d5712f53f2bc	1459	2	2	512	-1	1	1	0	none	-1	-	-	-	1	1	replay	none	464	4.0079
307	1788562119257518352	0x7f7af08c93b0	1	d702fd6fe588b6cb	a107d5712f53f2bc	1459	2	2	512	-1	1	1	0	none	-1	-	-	-	1	1	replay	none	464	4.0200
308	1788562119262562695	0x7f7af08c93b0	1	d702fd6fe588b6cb	a107d5712f53f2bc	1459	2	2	512	-1	1	1	0	none	-1	-	-	-	1	1	replay	none	465	4.0552
309	1788562119267648606	0x7f7af08c93b0	1	d702fd6fe588b6cb	a107d5712f53f2bc	1459	2	2	512	-1	1	1	0	none	-1	-	-	-	1	1	replay	none	463	4.0101
310	1788562119272733526	0x7f7af08c93b0	1	d702fd6fe588b6cb	a107d5712f53f2bc	1459	2	2	512	-1	1	1	0	none	-1	-	-	-	1	1	replay	none	471	4.0088
311	1788562119277795091	0x7f7af08c93b0	1	d702fd6fe588b6cb	a107d5712f53f2bc	1459	2	2	512	-1	1	1	0	none	-1	-	-	-	1	1	replay	none	467	4.0428
312	1788562119282881523	0x7f7af08c93b0	1	d702fd6fe588b6cb	a107d5712f53f2bc	1459	2	2	512	-1	1	1	0	none	-1	-	-	-	1	1	replay	none	471	4.0324
313	1788562119287947166	0x7f7af08c93b0	1	d702fd6fe588b6cb	a107d5712f53f2bc	1459	2	2	512	-1	1	1	0	none	-1	-	-	-	1	1	replay	none	469	4.0365
314	1788562119293021816	0x7f7af08c93b0	1	d702fd6fe588b6cb	a107d5712f53f2bc	1459	2	2	512	-1	1	1	0	none	-1	-	-	-	1	1	replay	none	468	4.0175
315	1788562119298074946	0x7f7af08c93b0	1	d702fd6fe588b6cb	a107d5712f53f2bc	1459	2	2	512	-1	1	1	0	none	-1	-	-	-	1	1	replay	none	466	4.0291
316	1788562119303124970	0x7f7af08c93b0	1	d702fd6fe588b6cb	a107d5712f53f2bc	1459	2	2	512	-1	1	1	0	none	-1	-	-	-	1	1	replay	none	466	4.0526
317	1788562119308206192	0x7f7af08c93b0	1	d702fd6fe588b6cb	a107d5712f53f2bc	1459	2	2	512	-1	1	1	0	none	-1	-	-	-	1	1	replay	none	466	4.0166
318	1788562119313243532	0x7f7af08c93b0	1	d702fd6fe588b6cb	a107d5712f53f2bc	1459	2	2	512	-1	1	1	0	none	-1	-	-	-	1	1	replay	none	468	4.0248
319	1788562119318303033	0x7f7af08c93b0	1	d702fd6fe588b6cb	a107d5712f53f2bc	1459	2	2	512	-1	1	1	0	none	-1	-	-	-	1	1	replay	none	467	4.0449
320	1788562119323377333	0x7f7af08c93b0	1	d702fd6fe588b6cb	a107d5712f53f2bc	1459	2	2	512	-1	1	1	0	none	-1	-	-	-	1	1	replay	none	464	4.0073
321	1788562119328418450	0x7f7af08c93b0	1	d702fd6fe588b6cb	a107d5712f53f2bc	1459	2	2	512	-1	1	1	0	none	-1	-	-	-	1	1	replay	none	463	4.0208
322	1788562119333974192	0x7f7af08c93b0	1	0dfa7fc3533697c4	f8f9550d75030dd3	1459	1	1	512	-1	1	1	1	structure	0	GET_ROWS	model.input_embed	shape,data	1	0	direct	none	2241	4.2596
323	1788562119339028724	0x7f7af08c93b0	1	0dfa7fc3533697c4	f8f9550d75030dd3	1459	1	1	512	-1	1	1	0	none	-1	-	-	-	0	1	capture	reinstantiate	2663	5.9481
324	1788562119345773788	0x7f7af08c93b0	1	0dfa7fc3533697c4	f8f9550d75030dd3	1459	1	1	512	-1	1	1	0	none	-1	-	-	-	1	1	replay	none	471	3.7421
325	1788562119350303105	0x7f7af08c93b0	1	0dfa7fc3533697c4	f8f9550d75030dd3	1459	1	1	512	-1	1	1	0	none	-1	-	-	-	1	1	replay	none	469	3.7339
326	1788562119354822874	0x7f7af08c93b0	1	0dfa7fc3533697c4	f8f9550d75030dd3	1459	1	1	512	-1	1	1	0	none	-1	-	-	-	1	1	replay	none	465	3.7216
327	1788562119359334057	0x7f7af08c93b0	1	0dfa7fc3533697c4	f8f9550d75030dd3	1459	1	1	512	-1	1	1	0	none	-1	-	-	-	1	1	replay	none	464	3.7546
328	1788562119363875126	0x7f7af08c93b0	1	0dfa7fc3533697c4	f8f9550d75030dd3	1459	1	1	512	-1	1	1	0	none	-1	-	-	-	1	1	replay	none	467	3.7103
329	1788562119368372894	0x7f7af08c93b0	1	0dfa7fc3533697c4	f8f9550d75030dd3	1459	1	1	512	-1	1	1	0	none	-1	-	-	-	1	1	replay	none	465	3.7358
330	1788562119372884457	0x7f7af08c93b0	1	0dfa7fc3533697c4	f8f9550d75030dd3	1459	1	1	512	-1	1	1	0	none	-1	-	-	-	1	1	replay	none	466	3.7269
331	1788562119377401772	0x7f7af08c93b0	1	0dfa7fc3533697c4	f8f9550d75030dd3	1459	1	1	512	-1	1	1	0	none	-1	-	-	-	1	1	replay	none	464	3.7035
332	1788562119381880554	0x7f7af08c93b0	1	0dfa7fc3533697c4	f8f9550d75030dd3	1459	1	1	512	-1	1	1	0	none	-1	-	-	-	1	1	replay	none	466	3.7472
333	1788562119386411133	0x7f7af08c93b0	1	0dfa7fc3533697c4	f8f9550d75030dd3	1459	1	1	512	-1	1	1	0	none	-1	-	-	-	1	1	replay	none	463	3.7269
334	1788562119390916405	0x7f7af08c93b0	1	0dfa7fc3533697c4	f8f9550d75030dd3	1459	1	1	512	-1	1	1	0	none	-1	-	-	-	1	1	replay	none	473	3.7231
335	1788562119395436264	0x7f7af08c93b0	1	0dfa7fc3533697c4	f8f9550d75030dd3	1459	1	1	512	-1	1	1	0	none	-1	-	-	-	1	1	replay	none	465	3.7461
336	1788562119399988895	0x7f7af08c93b0	1	0dfa7fc3533697c4	f8f9550d75030dd3	1459	1	1	512	-1	1	1	0	none	-1	-	-	-	1	1	replay	none	474	3.7196
337	1788562119404507031	0x7f7af08c93b0	1	0dfa7fc3533697c4	f8f9550d75030dd3	1459	1	1	512	-1	1	1	0	none	-1	-	-	-	1	1	replay	none	466	3.7085
338	1788562119409012363	0x7f7af08c93b0	1	0dfa7fc3533697c4	f8f9550d75030dd3	1459	1	1	512	-1	1	1	0	none	-1	-	-	-	1	1	replay	none	469	3.7543
339	1788562119413558120	0x7f7af08c93b0	1	0dfa7fc3533697c4	f8f9550d75030dd3	1459	1	1	512	-1	1	1	0	none	-1	-	-	-	1	1	replay	none	465	3.7189
340	1788562119418059014	0x7f7af08c93b0	1	0dfa7fc3533697c4	f8f9550d75030dd3	1459	1	1	512	-1	1	1	0	none	-1	-	-	-	1	1	replay	none	468	3.7118
341	1788562119422573173	0x7f7af08c93b0	1	0dfa7fc3533697c4	f8f9550d75030dd3	1459	1	1	512	-1	1	1	0	none	-1	-	-	-	1	1	replay	none	466	3.7477
342	1788562119427111536	0x7f7af08c93b0	1	0dfa7fc3533697c4	f8f9550d75030dd3	1459	1	1	512	-1	1	1	0	none	-1	-	-	-	1	1	replay	none	468	3.7151
343	1788562119431621237	0x7f7af08c93b0	1	0dfa7fc3533697c4	f8f9550d75030dd3	1459	1	1	512	-1	1	1	0	none	-1	-	-	-	1	1	replay	none	466	3.7487
344	1788562119436161213	0x7f7af08c93b0	1	0dfa7fc3533697c4	f8f9550d75030dd3	1459	1	1	512	-1	1	1	0	none	-1	-	-	-	1	1	replay	none	469	3.7471
345	1788562119440691813	0x7f7af08c93b0	1	0dfa7fc3533697c4	f8f9550d75030dd3	1459	1	1	512	-1	1	1	0	none	-1	-	-	-	1	1	replay	none	467	3.7353
346	1788562119445213846	0x7f7af08c93b0	1	0dfa7fc3533697c4	f8f9550d75030dd3	1459	1	1	512	-1	1	1	0	none	-1	-	-	-	1	1	replay	none	470	3.7303
347	1788562119449733996	0x7f7af08c93b0	1	0dfa7fc3533697c4	f8f9550d75030dd3	1459	1	1	512	-1	1	1	0	none	-1	-	-	-	1	1	replay	none	463	3.7589
348	1788562119454278081	0x7f7af08c93b0	1	0dfa7fc3533697c4	f8f9550d75030dd3	1459	1	1	512	-1	1	1	0	none	-1	-	-	-	1	1	replay	none	492	3.6996
349	1788562119458789404	0x7f7af08c93b0	1	0dfa7fc3533697c4	f8f9550d75030dd3	1459	1	1	512	-1	1	1	0	none	-1	-	-	-	1	1	replay	none	463	3.7341
350	1788562119463360900	0x7f7af08c93b0	1	0dfa7fc3533697c4	f8f9550d75030dd3	1459	1	1	512	-1	1	1	0	none	-1	-	-	-	1	1	replay	none	471	3.7488
351	1788562119467899895	0x7f7af08c93b0	1	0dfa7fc3533697c4	f8f9550d75030dd3	1459	1	1	512	-1	1	1	0	none	-1	-	-	-	1	1	replay	none	468	3.6980
352	1788562119472387383	0x7f7af08c93b0	1	0dfa7fc3533697c4	f8f9550d75030dd3	1459	1	1	512	-1	1	1	0	none	-1	-	-	-	1	1	replay	none	465	3.7596
353	1788562119476932730	0x7f7af08c93b0	1	0dfa7fc3533697c4	f8f9550d75030dd3	1459	1	1	512	-1	1	1	0	none	-1	-	-	-	1	1	replay	none	465	3.7262
354	1788562119481442260	0x7f7af08c93b0	1	0dfa7fc3533697c4	f8f9550d75030dd3	1459	1	1	512	-1	1	1	0	none	-1	-	-	-	1	1	replay	none	464	3.7371
355	1788562119485965085	0x7f7af08c93b0	1	0dfa7fc3533697c4	f8f9550d75030dd3	1459	1	1	512	-1	1	1	0	none	-1	-	-	-	1	1	replay	none	464	3.7366
356	1788562119490482620	0x7f7af08c93b0	1	0dfa7fc3533697c4	f8f9550d75030dd3	1459	1	1	512	-1	1	1	0	none	-1	-	-	-	1	1	replay	none	462	3.7394
357	1788562119495011786	0x7f7af08c93b0	1	0dfa7fc3533697c4	f8f9550d75030dd3	1459	1	1	512	-1	1	1	0	none	-1	-	-	-	1	1	replay	none	468	3.7157
358	1788562119499520655	0x7f7af08c93b0	1	0dfa7fc3533697c4	f8f9550d75030dd3	1459	1	1	512	-1	1	1	0	none	-1	-	-	-	1	1	replay	none	462	3.7353
359	1788562119504038971	0x7f7af08c93b0	1	0dfa7fc3533697c4	f8f9550d75030dd3	1459	1	1	512	-1	1	1	0	none	-1	-	-	-	1	1	replay	none	465	3.7168
360	1788562119508545415	0x7f7af08c93b0	1	0dfa7fc3533697c4	f8f9550d75030dd3	1459	1	1	512	-1	1	1	0	none	-1	-	-	-	1	1	replay	none	462	3.7158
361	1788562119513042672	0x7f7af08c93b0	1	0dfa7fc3533697c4	f8f9550d75030dd3	1459	1	1	512	-1	1	1	0	none	-1	-	-	-	1	1	replay	none	464	3.7559
362	1788562119517579363	0x7f7af08c93b0	1	0dfa7fc3533697c4	f8f9550d75030dd3	1459	1	1	512	-1	1	1	0	none	-1	-	-	-	1	1	replay	none	462	3.7114
363	1788562119522069075	0x7f7af08c93b0	1	0dfa7fc3533697c4	f8f9550d75030dd3	1459	1	1	512	-1	1	1	0	none	-1	-	-	-	1	1	replay	none	464	3.7436
364	1788562119526604414	0x7f7af08c93b0	1	0dfa7fc3533697c4	f8f9550d75030dd3	1459	1	1	512	-1	1	1	0	none	-1	-	-	-	1	1	replay	none	461	3.7469
365	1788562119531130955	0x7f7af08c93b0	1	0dfa7fc3533697c4	f8f9550d75030dd3	1459	1	1	512	-1	1	1	0	none	-1	-	-	-	1	1	replay	none	465	3.7118
366	1788562119535629815	0x7f7af08c93b0	1	0dfa7fc3533697c4	f8f9550d75030dd3	1459	1	1	512	-1	1	1	0	none	-1	-	-	-	1	1	replay	none	462	3.7304
367	1788562119540145937	0x7f7af08c93b0	1	0dfa7fc3533697c4	f8f9550d75030dd3	1459	1	1	512	-1	1	1	0	none	-1	-	-	-	1	1	replay	none	466	3.7399
368	1788562119544671968	0x7f7af08c93b0	1	0dfa7fc3533697c4	f8f9550d75030dd3	1459	1	1	512	-1	1	1	0	none	-1	-	-	-	1	1	replay	none	464	3.7129
369	1788562119549167502	0x7f7af08c93b0	1	0dfa7fc3533697c4	f8f9550d75030dd3	1459	1	1	512	-1	1	1	0	none	-1	-	-	-	1	1	replay	none	464	3.7253
370	1788562119553675899	0x7f7af08c93b0	1	0dfa7fc3533697c4	f8f9550d75030dd3	1459	1	1	512	-1	1	1	0	none	-1	-	-	-	1	1	replay	none	463	3.7465
371	1788562119558202752	0x7f7af08c93b0	1	0dfa7fc3533697c4	f8f9550d75030dd3	1459	1	1	512	-1	1	1	0	none	-1	-	-	-	1	1	replay	none	464	3.7089
372	1788562119562694578	0x7f7af08c93b0	1	0dfa7fc3533697c4	f8f9550d75030dd3	1459	1	1	512	-1	1	1	0	none	-1	-	-	-	1	1	replay	none	462	3.7645
373	1788562119567245265	0x7f7af08c93b0	1	0dfa7fc3533697c4	f8f9550d75030dd3	1459	1	1	512	-1	1	1	0	none	-1	-	-	-	1	1	replay	none	464	3.7269
374	1788562119571805490	0x7f7af08c93b0	1	0dfa7fc3533697c4	f8f9550d75030dd3	1459	1	1	512	-1	1	1	0	none	-1	-	-	-	1	1	replay	none	462	3.7273
375	1788562119576323105	0x7f7af08c93b0	1	0dfa7fc3533697c4	f8f9550d75030dd3	1459	1	1	512	-1	1	1	0	none	-1	-	-	-	1	1	replay	none	462	3.7701
376	1788562119580877148	0x7f7af08c93b0	1	0dfa7fc3533697c4	f8f9550d75030dd3	1459	1	1	512	-1	1	1	0	none	-1	-	-	-	1	1	replay	none	464	3.7245
377	1788562119585387770	0x7f7af08c93b0	1	0dfa7fc3533697c4	f8f9550d75030dd3	1459	1	1	512	-1	1	1	0	none	-1	-	-	-	1	1	replay	none	463	3.7048
378	1788562119589878705	0x7f7af08c93b0	1	0dfa7fc3533697c4	f8f9550d75030dd3	1459	1	1	512	-1	1	1	0	none	-1	-	-	-	1	1	replay	none	465	3.7443
379	1788562119594418492	0x7f7af08c93b0	1	0dfa7fc3533697c4	f8f9550d75030dd3	1459	1	1	512	-1	1	1	0	none	-1	-	-	-	1	1	replay	none	464	3.7162
380	1788562119598919235	0x7f7af08c93b0	1	0dfa7fc3533697c4	f8f9550d75030dd3	1459	1	1	512	-1	1	1	0	none	-1	-	-	-	1	1	replay	none	466	3.7094
381	1788562119603470463	0x7f7af08c93b0	1	0dfa7fc3533697c4	f8f9550d75030dd3	1459	1	1	512	-1	1	1	0	none	-1	-	-	-	1	1	replay	none	462	3.7740
382	1788562119608028564	0x7f7af08c93b0	1	0dfa7fc3533697c4	f8f9550d75030dd3	1459	1	1	512	-1	1	1	0	none	-1	-	-	-	1	1	replay	none	464	3.7208
383	1788562119612532283	0x7f7af08c93b0	1	0dfa7fc3533697c4	f8f9550d75030dd3	1459	1	1	512	-1	1	1	0	none	-1	-	-	-	1	1	replay	none	463	3.7412
384	1788562119617052874	0x7f7af08c93b0	1	0dfa7fc3533697c4	f8f9550d75030dd3	1459	1	1	512	-1	1	1	0	none	-1	-	-	-	1	1	replay	none	464	3.7354
385	1788562119621573123	0x7f7af08c93b0	1	0dfa7fc3533697c4	f8f9550d75030dd3	1459	1	1	512	-1	1	1	0	none	-1	-	-	-	1	1	replay	none	462	3.7196
386	1788562119626078145	0x7f7af08c93b0	1	0dfa7fc3533697c4	f8f9550d75030dd3	1459	1	1	512	-1	1	1	0	none	-1	-	-	-	1	1	replay	none	463	3.7233
387	1788562119630579700	0x7f7af08c93b0	1	0dfa7fc3533697c4	f8f9550d75030dd3	1459	1	1	512	-1	1	1	0	none	-1	-	-	-	1	1	replay	none	461	3.7438
388	1788562119635104548	0x7f7af08c93b0	1	0dfa7fc3533697c4	f8f9550d75030dd3	1459	1	1	512	-1	1	1	0	none	-1	-	-	-	1	1	replay	none	464	3.7080
389	1788562119639595002	0x7f7af08c93b0	1	0dfa7fc3533697c4	f8f9550d75030dd3	1459	1	1	512	-1	1	1	0	none	-1	-	-	-	1	1	replay	none	462	3.7329
390	1788562119644117637	0x7f7af08c93b0	1	0dfa7fc3533697c4	f8f9550d75030dd3	1459	1	1	512	-1	1	1	0	none	-1	-	-	-	1	1	replay	none	465	3.7512
391	1788562119648655309	0x7f7af08c93b0	1	0dfa7fc3533697c4	f8f9550d75030dd3	1459	1	1	512	-1	1	1	0	none	-1	-	-	-	1	1	replay	none	463	3.7038
392	1788562120160050711	0x7f7af08c93b0	1	802ba1f19f5ea689	439a0fd9a059e2a3	1459	4	1	256	-1	1	1	1	structure	0	GET_ROWS	model.input_embed	shape,data	1	0	direct	none	2570	4.6171
393	1788562120165996044	0x7f7af08c93b0	1	0dfa7fc3533697c4	f8f9550d75030dd3	1459	1	1	512	-1	1	1	1	structure	0	GET_ROWS	model.input_embed	shape,data	0	0	direct	none	2184	4.2086
394	1788562120171003849	0x7f7af08c93b0	1	0dfa7fc3533697c4	f8f9550d75030dd3	1459	1	1	512	-1	1	1	0	none	-1	-	-	-	0	1	capture	update	1659	4.9449
395	1788562120176750239	0x7f7af08c93b0	1	0dfa7fc3533697c4	f8f9550d75030dd3	1459	1	1	512	-1	1	1	0	none	-1	-	-	-	1	1	replay	none	474	3.7119
396	1788562120181257534	0x7f7af08c93b0	1	0dfa7fc3533697c4	f8f9550d75030dd3	1459	1	1	512	-1	1	1	0	none	-1	-	-	-	1	1	replay	none	472	3.7496
397	1788562120185798924	0x7f7af08c93b0	1	0dfa7fc3533697c4	f8f9550d75030dd3	1459	1	1	512	-1	1	1	0	none	-1	-	-	-	1	1	replay	none	468	3.7285
398	1788562120190310658	0x7f7af08c93b0	1	0dfa7fc3533697c4	f8f9550d75030dd3	1459	1	1	512	-1	1	1	0	none	-1	-	-	-	1	1	replay	none	472	3.7105
399	1788562120194820358	0x7f7af08c93b0	1	0dfa7fc3533697c4	f8f9550d75030dd3	1459	1	1	512	-1	1	1	0	none	-1	-	-	-	1	1	replay	none	471	3.7305
400	1788562120199343593	0x7f7af08c93b0	1	0dfa7fc3533697c4	f8f9550d75030dd3	1459	1	1	512	-1	1	1	0	none	-1	-	-	-	1	1	replay	none	468	3.7461
401	1788562120203877960	0x7f7af08c93b0	1	0dfa7fc3533697c4	f8f9550d75030dd3	1459	1	1	512	-1	1	1	0	none	-1	-	-	-	1	1	replay	none	472	3.7000
402	1788562120208364326	0x7f7af08c93b0	1	0dfa7fc3533697c4	f8f9550d75030dd3	1459	1	1	512	-1	1	1	0	none	-1	-	-	-	1	1	replay	none	468	3.7400
403	1788562120212893042	0x7f7af08c93b0	1	0dfa7fc3533697c4	f8f9550d75030dd3	1459	1	1	512	-1	1	1	0	none	-1	-	-	-	1	1	replay	none	470	3.7299
404	1788562120217408754	0x7f7af08c93b0	1	0dfa7fc3533697c4	f8f9550d75030dd3	1459	1	1	512	-1	1	1	0	none	-1	-	-	-	1	1	replay	none	466	3.7022
405	1788562120221893447	0x7f7af08c93b0	1	0dfa7fc3533697c4	f8f9550d75030dd3	1459	1	1	512	-1	1	1	0	none	-1	-	-	-	1	1	replay	none	471	3.7627
406	1788562120226444625	0x7f7af08c93b0	1	0dfa7fc3533697c4	f8f9550d75030dd3	1459	1	1	512	-1	1	1	0	none	-1	-	-	-	1	1	replay	none	468	3.7183
407	1788562120230969624	0x7f7af08c93b0	1	0dfa7fc3533697c4	f8f9550d75030dd3	1459	1	1	512	-1	1	1	0	none	-1	-	-	-	1	1	replay	none	479	3.7259
408	1788562120235505563	0x7f7af08c93b0	1	0dfa7fc3533697c4	f8f9550d75030dd3	1459	1	1	512	-1	1	1	0	none	-1	-	-	-	1	1	replay	none	512	3.7418
409	1788562120240081297	0x7f7af08c93b0	1	0dfa7fc3533697c4	f8f9550d75030dd3	1459	1	1	512	-1	1	1	0	none	-1	-	-	-	1	1	replay	none	474	3.7244
410	1788562120244600545	0x7f7af08c93b0	1	0dfa7fc3533697c4	f8f9550d75030dd3	1459	1	1	512	-1	1	1	0	none	-1	-	-	-	1	1	replay	none	475	3.7220
411	1788562120249126395	0x7f7af08c93b0	1	0dfa7fc3533697c4	f8f9550d75030dd3	1459	1	1	512	-1	1	1	0	none	-1	-	-	-	1	1	replay	none	475	3.7463
412	1788562120253701057	0x7f7af08c93b0	1	0dfa7fc3533697c4	f8f9550d75030dd3	1459	1	1	512	-1	1	1	0	none	-1	-	-	-	1	1	replay	none	472	3.7245
413	1788562120258227609	0x7f7af08c93b0	1	0dfa7fc3533697c4	f8f9550d75030dd3	1459	1	1	512	-1	1	1	0	none	-1	-	-	-	1	1	replay	none	474	3.7283
414	1788562120262747288	0x7f7af08c93b0	1	0dfa7fc3533697c4	f8f9550d75030dd3	1459	1	1	512	-1	1	1	0	none	-1	-	-	-	1	1	replay	none	470	3.7704
415	1788562120267304117	0x7f7af08c93b0	1	0dfa7fc3533697c4	f8f9550d75030dd3	1459	1	1	512	-1	1	1	0	none	-1	-	-	-	1	1	replay	none	473	3.7069
416	1788562120271833213	0x7f7af08c93b0	1	0dfa7fc3533697c4	f8f9550d75030dd3	1459	1	1	512	-1	1	1	0	none	-1	-	-	-	1	1	replay	none	475	3.7567
417	1788562120276964930	0x7f7af08c93b0	1	94dc22ce3d23b91b	7c4559878961a07b	1459	2	1	512	-1	1	1	1	structure	0	GET_ROWS	model.input_embed	shape,data	1	0	direct	none	2584	4.6055
418	1788562120282136682	0x7f7af08c93b0	1	d8f873be867a8271	ddb557abc1c1694b	1459	251	0	256	-1	1	1	1	structure	0	GET_ROWS	model.input_embed	shape,data	0	0	direct	none	3066	15.9352
419	1788562120302250516	0x7f7af08c93b0	1	79cc5f245f480542	a107d5712f53f2bc	1459	2	1	512	-1	1	1	1	structure	0	GET_ROWS	model.input_embed	shape,data	0	0	direct	none	2489	4.5834
420	1788562120307397932	0x7f7af08c93b0	1	bcd06391008a2d68	c41dd1f2af32248f	1459	3	1	256	-1	1	1	1	structure	0	GET_ROWS	model.input_embed	shape,data	0	0	direct	none	2506	4.4753
421	1788562120313369184	0x7f7af08c93b0	1	d702fd6fe588b6cb	a107d5712f53f2bc	1459	2	2	512	-1	1	1	1	structure	0	GET_ROWS	model.input_embed	shape,data	0	0	direct	none	2489	4.5361
422	1788562120318954202	0x7f7af08c93b0	1	d702fd6fe588b6cb	a107d5712f53f2bc	1459	2	2	512	-1	1	1	0	none	-1	-	-	-	0	1	capture	reinstantiate	2556	6.1037
423	1788562120326091461	0x7f7af08c93b0	1	d702fd6fe588b6cb	a107d5712f53f2bc	1459	2	2	512	-1	1	1	0	none	-1	-	-	-	1	1	replay	none	478	4.0328
424	1788562120331159238	0x7f7af08c93b0	1	d702fd6fe588b6cb	a107d5712f53f2bc	1459	2	2	512	-1	1	1	0	none	-1	-	-	-	1	1	replay	none	473	4.0549
425	1788562120336247544	0x7f7af08c93b0	1	d702fd6fe588b6cb	a107d5712f53f2bc	1459	2	2	512	-1	1	1	0	none	-1	-	-	-	1	1	replay	none	473	4.0129
426	1788562120341285695	0x7f7af08c93b0	1	d702fd6fe588b6cb	a107d5712f53f2bc	1459	2	2	512	-1	1	1	0	none	-1	-	-	-	1	1	replay	none	474	4.0322
427	1788562120346349004	0x7f7af08c93b0	1	d702fd6fe588b6cb	a107d5712f53f2bc	1459	2	2	512	-1	1	1	0	none	-1	-	-	-	1	1	replay	none	471	4.0484
428	1788562120351427812	0x7f7af08c93b0	1	d702fd6fe588b6cb	a107d5712f53f2bc	1459	2	2	512	-1	1	1	0	none	-1	-	-	-	1	1	replay	none	469	4.0210
429	1788562120356478978	0x7f7af08c93b0	1	d702fd6fe588b6cb	a107d5712f53f2bc	1459	2	2	512	-1	1	1	0	none	-1	-	-	-	1	1	replay	none	469	4.0348
430	1788562120361539381	0x7f7af08c93b0	1	d702fd6fe588b6cb	a107d5712f53f2bc	1459	2	2	512	-1	1	1	0	none	-1	-	-	-	1	1	replay	none	470	4.0152
431	1788562120366590146	0x7f7af08c93b0	1	d702fd6fe588b6cb	a107d5712f53f2bc	1459	2	2	512	-1	1	1	0	none	-1	-	-	-	1	1	replay	none	470	4.0225
432	1788562120371638607	0x7f7af08c93b0	1	d702fd6fe588b6cb	a107d5712f53f2bc	1459	2	2	512	-1	1	1	0	none	-1	-	-	-	1	1	replay	none	469	4.0356
433	1788562120376700703	0x7f7af08c93b0	1	d702fd6fe588b6cb	a107d5712f53f2bc	1459	2	2	512	-1	1	1	0	none	-1	-	-	-	1	1	replay	none	469	4.0147
434	1788562120381752761	0x7f7af08c93b0	1	d702fd6fe588b6cb	a107d5712f53f2bc	1459	2	2	512	-1	1	1	0	none	-1	-	-	-	1	1	replay	none	470	4.0419
435	1788562120386821019	0x7f7af08c93b0	1	d702fd6fe588b6cb	a107d5712f53f2bc	1459	2	2	512	-1	1	1	0	none	-1	-	-	-	1	1	replay	none	470	4.0462
436	1788562120391903654	0x7f7af08c93b0	1	d702fd6fe588b6cb	a107d5712f53f2bc	1459	2	2	512	-1	1	1	0	none	-1	-	-	-	1	1	replay	none	476	4.0140
437	1788562120396968195	0x7f7af08c93b0	1	d702fd6fe588b6cb	a107d5712f53f2bc	1459	2	2	512	-1	1	1	0	none	-1	-	-	-	1	1	replay	none	475	4.0438
438	1788562120402041773	0x7f7af08c93b0	1	d702fd6fe588b6cb	a107d5712f53f2bc	1459	2	2	512	-1	1	1	0	none	-1	-	-	-	1	1	replay	none	472	4.0365
439	1788562120407103158	0x7f7af08c93b0	1	d702fd6fe588b6cb	a107d5712f53f2bc	1459	2	2	512	-1	1	1	0	none	-1	-	-	-	1	1	replay	none	471	4.0324
440	1788562120412160205	0x7f7af08c93b0	1	d702fd6fe588b6cb	a107d5712f53f2bc	1459	2	2	512	-1	1	1	0	none	-1	-	-	-	1	1	replay	none	471	4.0293
441	1788562120417213064	0x7f7af08c93b0	1	d702fd6fe588b6cb	a107d5712f53f2bc	1459	2	2	512	-1	1	1	0	none	-1	-	-	-	1	1	replay	none	470	4.0159
442	1788562120422392861	0x7f7af08c93b0	1	d702fd6fe588b6cb	a107d5712f53f2bc	1459	2	2	512	-1	1	1	0	none	-1	-	-	-	1	1	replay	none	588	4.0440
443	1788562120427594239	0x7f7af08c93b0	1	d702fd6fe588b6cb	a107d5712f53f2bc	1459	2	2	512	-1	1	1	0	none	-1	-	-	-	1	1	replay	none	472	4.0283
444	1788562120432655744	0x7f7af08c93b0	1	d702fd6fe588b6cb	a107d5712f53f2bc	1459	2	2	512	-1	1	1	0	none	-1	-	-	-	1	1	replay	none	470	4.0095
445	1788562120437699035	0x7f7af08c93b0	1	d702fd6fe588b6cb	a107d5712f53f2bc	1459	2	2	512	-1	1	1	0	none	-1	-	-	-	1	1	replay	none	467	4.0506
446	1788562120442807218	0x7f7af08c93b0	1	d702fd6fe588b6cb	a107d5712f53f2bc	1459	2	2	512	-1	1	1	0	none	-1	-	-	-	1	1	replay	none	477	4.0368
447	1788562120447893791	0x7f7af08c93b0	1	d702fd6fe588b6cb	a107d5712f53f2bc	1459	2	2	512	-1	1	1	0	none	-1	-	-	-	1	1	replay	none	478	4.0114
448	1788562120452947040	0x7f7af08c93b0	1	d702fd6fe588b6cb	a107d5712f53f2bc	1459	2	2	512	-1	1	1	0	none	-1	-	-	-	1	1	replay	none	471	4.0281
449	1788562120458006131	0x7f7af08c93b0	1	d702fd6fe588b6cb	a107d5712f53f2bc	1459	2	2	512	-1	1	1	0	none	-1	-	-	-	1	1	replay	none	469	4.0310
450	1788562120463072115	0x7f7af08c93b0	1	d702fd6fe588b6cb	a107d5712f53f2bc	1459	2	2	512	-1	1	1	0	none	-1	-	-	-	1	1	replay	none	469	4.0500
451	1788562120468149119	0x7f7af08c93b0	1	d702fd6fe588b6cb	a107d5712f53f2bc	1459	2	2	512	-1	1	1	0	none	-1	-	-	-	1	1	replay	none	469	4.0135
452	1788562120473597450	0x7f7af08c93b0	1	0dfa7fc3533697c4	f8f9550d75030dd3	1459	1	1	512	-1	1	1	1	structure	0	GET_ROWS	model.input_embed	shape,data	1	0	direct	none	2184	4.1761
453	1788562120478581911	0x7f7af08c93b0	1	0dfa7fc3533697c4	f8f9550d75030dd3	1459	1	1	512	-1	1	1	0	none	-1	-	-	-	0	1	capture	reinstantiate	2262	5.4499
454	1788562120484837827	0x7f7af08c93b0	1	0dfa7fc3533697c4	f8f9550d75030dd3	1459	1	1	512	-1	1	1	0	none	-1	-	-	-	1	1	replay	none	474	3.7577
455	1788562120489390428	0x7f7af08c93b0	1	0dfa7fc3533697c4	f8f9550d75030dd3	1459	1	1	512	-1	1	1	0	none	-1	-	-	-	1	1	replay	none	469	3.7134
456	1788562120493903955	0x7f7af08c93b0	1	0dfa7fc3533697c4	f8f9550d75030dd3	1459	1	1	512	-1	1	1	0	none	-1	-	-	-	1	1	replay	none	470	3.7543
457	1788562120498447960	0x7f7af08c93b0	1	0dfa7fc3533697c4	f8f9550d75030dd3	1459	1	1	512	-1	1	1	0	none	-1	-	-	-	1	1	replay	none	466	3.7350
458	1788562120502969201	0x7f7af08c93b0	1	0dfa7fc3533697c4	f8f9550d75030dd3	1459	1	1	512	-1	1	1	0	none	-1	-	-	-	1	1	replay	none	467	3.7180
459	1788562120507477098	0x7f7af08c93b0	1	0dfa7fc3533697c4	f8f9550d75030dd3	1459	1	1	512	-1	1	1	0	none	-1	-	-	-	1	1	replay	none	467	3.7324
460	1788562120511987840	0x7f7af08c93b0	1	0dfa7fc3533697c4	f8f9550d75030dd3	1459	1	1	512	-1	1	1	0	none	-1	-	-	-	1	1	replay	none	468	3.7479
461	1788562120516526825	0x7f7af08c93b0	1	0dfa7fc3533697c4	f8f9550d75030dd3	1459	1	1	512	-1	1	1	0	none	-1	-	-	-	1	1	replay	none	468	3.6978
462	1788562120521007571	0x7f7af08c93b0	1	0dfa7fc3533697c4	f8f9550d75030dd3	1459	1	1	512	-1	1	1	0	none	-1	-	-	-	1	1	replay	none	468	3.7372
463	1788562120525536938	0x7f7af08c93b0	1	0dfa7fc3533697c4	f8f9550d75030dd3	1459	1	1	512	-1	1	1	0	none	-1	-	-	-	1	1	replay	none	465	3.7356
464	1788562120530061496	0x7f7af08c93b0	1	0dfa7fc3533697c4	f8f9550d75030dd3	1459	1	1	512	-1	1	1	0	none	-1	-	-	-	1	1	replay	none	467	3.7024
465	1788562120534551379	0x7f7af08c93b0	1	0dfa7fc3533697c4	f8f9550d75030dd3	1459	1	1	512	-1	1	1	0	none	-1	-	-	-	1	1	replay	none	465	3.7636
466	1788562120539098940	0x7f7af08c93b0	1	0dfa7fc3533697c4	f8f9550d75030dd3	1459	1	1	512	-1	1	1	0	none	-1	-	-	-	1	1	replay	none	468	3.7241
467	1788562120543612187	0x7f7af08c93b0	1	0dfa7fc3533697c4	f8f9550d75030dd3	1459	1	1	512	-1	1	1	0	none	-1	-	-	-	1	1	replay	none	467	3.7264
468	1788562120548134080	0x7f7af08c93b0	1	0dfa7fc3533697c4	f8f9550d75030dd3	1459	1	1	512	-1	1	1	0	none	-1	-	-	-	1	1	replay	none	469	3.7432
469	1788562120552670641	0x7f7af08c93b0	1	0dfa7fc3533697c4	f8f9550d75030dd3	1459	1	1	512	-1	1	1	0	none	-1	-	-	-	1	1	replay	none	465	3.7285
470	1788562120557187574	0x7f7af08c93b0	1	0dfa7fc3533697c4	f8f9550d75030dd3	1459	1	1	512	-1	1	1	0	none	-1	-	-	-	1	1	replay	none	467	3.7182
471	1788562120561690852	0x7f7af08c93b0	1	0dfa7fc3533697c4	f8f9550d75030dd3	1459	1	1	512	-1	1	1	0	none	-1	-	-	-	1	1	replay	none	463	3.7436
472	1788562120566221512	0x7f7af08c93b0	1	0dfa7fc3533697c4	f8f9550d75030dd3	1459	1	1	512	-1	1	1	0	none	-1	-	-	-	1	1	replay	none	466	3.7255
473	1788562120570736462	0x7f7af08c93b0	1	0dfa7fc3533697c4	f8f9550d75030dd3	1459	1	1	512	-1	1	1	0	none	-1	-	-	-	1	1	replay	none	530	4.0979
474	1788562120575682881	0x7f7af08c93b0	1	0dfa7fc3533697c4	f8f9550d75030dd3	1459	1	1	512	-1	1	1	0	none	-1	-	-	-	1	1	replay	none	471	3.7798
475	1788562120580255980	0x7f7af08c93b0	1	0dfa7fc3533697c4	f8f9550d75030dd3	1459	1	1	512	-1	1	1	0	none	-1	-	-	-	1	1	replay	none	471	3.7083
476	1788562120584759659	0x7f7af08c93b0	1	0dfa7fc3533697c4	f8f9550d75030dd3	1459	1	1	512	-1	1	1	0	none	-1	-	-	-	1	1	replay	none	467	3.7379
477	1788562120589289026	0x7f7af08c93b0	1	0dfa7fc3533697c4	f8f9550d75030dd3	1459	1	1	512	-1	1	1	0	none	-1	-	-	-	1	1	replay	none	468	3.7517
478	1788562120593834924	0x7f7af08c93b0	1	0dfa7fc3533697c4	f8f9550d75030dd3	1459	1	1	512	-1	1	1	0	none	-1	-	-	-	1	1	replay	none	468	3.7180
479	1788562120598342270	0x7f7af08c93b0	1	0dfa7fc3533697c4	f8f9550d75030dd3	1459	1	1	512	-1	1	1	0	none	-1	-	-	-	1	1	replay	none	466	3.7240
480	1788562120602851870	0x7f7af08c93b0	1	0dfa7fc3533697c4	f8f9550d75030dd3	1459	1	1	512	-1	1	1	0	none	-1	-	-	-	1	1	replay	none	467	3.8773
481	1788562120607523534	0x7f7af08c93b0	1	0dfa7fc3533697c4	f8f9550d75030dd3	1459	1	1	512	-1	1	1	0	none	-1	-	-	-	1	1	replay	none	466	3.7134
482	1788562120612019518	0x7f7af08c93b0	1	0dfa7fc3533697c4	f8f9550d75030dd3	1459	1	1	512	-1	1	1	0	none	-1	-	-	-	1	1	replay	none	468	3.7201
483	1788562120616534448	0x7f7af08c93b0	1	0dfa7fc3533697c4	f8f9550d75030dd3	1459	1	1	512	-1	1	1	0	none	-1	-	-	-	1	1	replay	none	465	3.7386
484	1788562120621053516	0x7f7af08c93b0	1	0dfa7fc3533697c4	f8f9550d75030dd3	1459	1	1	512	-1	1	1	0	none	-1	-	-	-	1	1	replay	none	468	3.7091
485	1788562120625551374	0x7f7af08c93b0	1	0dfa7fc3533697c4	f8f9550d75030dd3	1459	1	1	512	-1	1	1	0	none	-1	-	-	-	1	1	replay	none	466	3.7434
486	1788562120630073357	0x7f7af08c93b0	1	0dfa7fc3533697c4	f8f9550d75030dd3	1459	1	1	512	-1	1	1	0	none	-1	-	-	-	1	1	replay	none	467	3.7455
487	1788562120634605730	0x7f7af08c93b0	1	0dfa7fc3533697c4	f8f9550d75030dd3	1459	1	1	512	-1	1	1	0	none	-1	-	-	-	1	1	replay	none	464	3.7191
488	1788562120639111032	0x7f7af08c93b0	1	0dfa7fc3533697c4	f8f9550d75030dd3	1459	1	1	512	-1	1	1	0	none	-1	-	-	-	1	1	replay	none	467	3.7360
489	1788562120643639367	0x7f7af08c93b0	1	0dfa7fc3533697c4	f8f9550d75030dd3	1459	1	1	512	-1	1	1	0	none	-1	-	-	-	1	1	replay	none	467	3.7376
490	1788562120648168073	0x7f7af08c93b0	1	0dfa7fc3533697c4	f8f9550d75030dd3	1459	1	1	512	-1	1	1	0	none	-1	-	-	-	1	1	replay	none	468	3.6945
491	1788562120652653427	0x7f7af08c93b0	1	0dfa7fc3533697c4	f8f9550d75030dd3	1459	1	1	512	-1	1	1	0	none	-1	-	-	-	1	1	replay	none	465	3.7399
492	1788562120657177424	0x7f7af08c93b0	1	0dfa7fc3533697c4	f8f9550d75030dd3	1459	1	1	512	-1	1	1	0	none	-1	-	-	-	1	1	replay	none	466	3.7298
493	1788562120661693666	0x7f7af08c93b0	1	0dfa7fc3533697c4	f8f9550d75030dd3	1459	1	1	512	-1	1	1	0	none	-1	-	-	-	1	1	replay	none	463	3.7065
494	1788562120666190833	0x7f7af08c93b0	1	0dfa7fc3533697c4	f8f9550d75030dd3	1459	1	1	512	-1	1	1	0	none	-1	-	-	-	1	1	replay	none	465	3.7601
495	1788562120670735549	0x7f7af08c93b0	1	0dfa7fc3533697c4	f8f9550d75030dd3	1459	1	1	512	-1	1	1	0	none	-1	-	-	-	1	1	replay	none	464	3.7216
496	1788562120675237104	0x7f7af08c93b0	1	0dfa7fc3533697c4	f8f9550d75030dd3	1459	1	1	512	-1	1	1	0	none	-1	-	-	-	1	1	replay	none	466	3.7436
497	1788562120679773524	0x7f7af08c93b0	1	0dfa7fc3533697c4	f8f9550d75030dd3	1459	1	1	512	-1	1	1	0	none	-1	-	-	-	1	1	replay	none	471	3.7439
498	1788562120684307850	0x7f7af08c93b0	1	0dfa7fc3533697c4	f8f9550d75030dd3	1459	1	1	512	-1	1	1	0	none	-1	-	-	-	1	1	replay	none	466	3.7335
499	1788562120688829914	0x7f7af08c93b0	1	0dfa7fc3533697c4	f8f9550d75030dd3	1459	1	1	512	-1	1	1	0	none	-1	-	-	-	1	1	replay	none	466	3.7237
500	1788562120693354051	0x7f7af08c93b0	1	0dfa7fc3533697c4	f8f9550d75030dd3	1459	1	1	512	-1	1	1	0	none	-1	-	-	-	1	1	replay	none	466	3.7452
501	1788562120697883318	0x7f7af08c93b0	1	0dfa7fc3533697c4	f8f9550d75030dd3	1459	1	1	512	-1	1	1	0	none	-1	-	-	-	1	1	replay	none	468	3.7090
502	1788562120702381977	0x7f7af08c93b0	1	0dfa7fc3533697c4	f8f9550d75030dd3	1459	1	1	512	-1	1	1	0	none	-1	-	-	-	1	1	replay	none	464	3.7319
503	1788562120706906285	0x7f7af08c93b0	1	0dfa7fc3533697c4	f8f9550d75030dd3	1459	1	1	512	-1	1	1	0	none	-1	-	-	-	1	1	replay	none	468	3.7610
504	1788562120711455509	0x7f7af08c93b0	1	0dfa7fc3533697c4	f8f9550d75030dd3	1459	1	1	512	-1	1	1	0	none	-1	-	-	-	1	1	replay	none	463	3.7076
505	1788562120715949550	0x7f7af08c93b0	1	0dfa7fc3533697c4	f8f9550d75030dd3	1459	1	1	512	-1	1	1	0	none	-1	-	-	-	1	1	replay	none	468	3.7539
506	1788562120720490118	0x7f7af08c93b0	1	0dfa7fc3533697c4	f8f9550d75030dd3	1459	1	1	512	-1	1	1	0	none	-1	-	-	-	1	1	replay	none	465	3.7367
507	1788562120725010658	0x7f7af08c93b0	1	0dfa7fc3533697c4	f8f9550d75030dd3	1459	1	1	512	-1	1	1	0	none	-1	-	-	-	1	1	replay	none	466	3.7236
508	1788562120729515860	0x7f7af08c93b0	1	0dfa7fc3533697c4	f8f9550d75030dd3	1459	1	1	512	-1	1	1	0	none	-1	-	-	-	1	1	replay	none	464	3.7240
509	1788562120734025640	0x7f7af08c93b0	1	0dfa7fc3533697c4	f8f9550d75030dd3	1459	1	1	512	-1	1	1	0	none	-1	-	-	-	1	1	replay	none	466	3.7373
510	1788562120738549227	0x7f7af08c93b0	1	0dfa7fc3533697c4	f8f9550d75030dd3	1459	1	1	512	-1	1	1	0	none	-1	-	-	-	1	1	replay	none	462	3.7069
511	1788562120743047495	0x7f7af08c93b0	1	0dfa7fc3533697c4	f8f9550d75030dd3	1459	1	1	512	-1	1	1	0	none	-1	-	-	-	1	1	replay	none	475	3.7284
512	1788562120747591640	0x7f7af08c93b0	1	0dfa7fc3533697c4	f8f9550d75030dd3	1459	1	1	512	-1	1	1	0	none	-1	-	-	-	1	1	replay	none	473	3.7281
513	1788562120752113222	0x7f7af08c93b0	1	0dfa7fc3533697c4	f8f9550d75030dd3	1459	1	1	512	-1	1	1	0	none	-1	-	-	-	1	1	replay	none	470	3.7158
514	1788562120756622241	0x7f7af08c93b0	1	0dfa7fc3533697c4	f8f9550d75030dd3	1459	1	1	512	-1	1	1	0	none	-1	-	-	-	1	1	replay	none	468	3.7617
515	1788562120761173309	0x7f7af08c93b0	1	0dfa7fc3533697c4	f8f9550d75030dd3	1459	1	1	512	-1	1	1	0	none	-1	-	-	-	1	1	replay	none	467	3.7111
516	1788562120765673381	0x7f7af08c93b0	1	0dfa7fc3533697c4	f8f9550d75030dd3	1459	1	1	512	-1	1	1	0	none	-1	-	-	-	1	1	replay	none	465	3.7253
517	1788562120770181608	0x7f7af08c93b0	1	0dfa7fc3533697c4	f8f9550d75030dd3	1459	1	1	512	-1	1	1	0	none	-1	-	-	-	1	1	replay	none	467	3.7485
518	1788562120774721756	0x7f7af08c93b0	1	0dfa7fc3533697c4	f8f9550d75030dd3	1459	1	1	512	-1	1	1	0	none	-1	-	-	-	1	1	replay	none	464	3.7104
519	1788562120779295797	0x7f7af08c93b0	1	0dfa7fc3533697c4	f8f9550d75030dd3	1459	1	1	512	-1	1	1	0	none	-1	-	-	-	1	1	replay	none	551	3.7158
520	1788562120783889053	0x7f7af08c93b0	1	0dfa7fc3533697c4	f8f9550d75030dd3	1459	1	1	512	-1	1	1	0	none	-1	-	-	-	1	1	replay	none	471	3.7524
521	1788562120788435432	0x7f7af08c93b0	1	0dfa7fc3533697c4	f8f9550d75030dd3	1459	1	1	512	-1	1	1	0	none	-1	-	-	-	1	1	replay	none	466	3.7209
522	1788562121299807722	0x7f7af08c93b0	1	802ba1f19f5ea689	439a0fd9a059e2a3	1459	4	1	256	-1	1	1	1	structure	0	GET_ROWS	model.input_embed	shape,data	1	0	direct	none	2608	4.6419
523	1788562121305785125	0x7f7af08c93b0	1	0dfa7fc3533697c4	f8f9550d75030dd3	1459	1	1	512	-1	1	1	1	structure	0	GET_ROWS	model.input_embed	shape,data	0	0	direct	none	2216	4.2158
524	1788562121310804662	0x7f7af08c93b0	1	0dfa7fc3533697c4	f8f9550d75030dd3	1459	1	1	512	-1	1	1	0	none	-1	-	-	-	0	1	capture	update	1660	4.9272
525	1788562121316528460	0x7f7af08c93b0	1	0dfa7fc3533697c4	f8f9550d75030dd3	1459	1	1	512	-1	1	1	0	none	-1	-	-	-	1	1	replay	none	474	3.7207
526	1788562121321037459	0x7f7af08c93b0	1	0dfa7fc3533697c4	f8f9550d75030dd3	1459	1	1	512	-1	1	1	0	none	-1	-	-	-	1	1	replay	none	474	3.7160
527	1788562121325547780	0x7f7af08c93b0	1	0dfa7fc3533697c4	f8f9550d75030dd3	1459	1	1	512	-1	1	1	0	none	-1	-	-	-	1	1	replay	none	471	3.7548
528	1788562121330085152	0x7f7af08c93b0	1	0dfa7fc3533697c4	f8f9550d75030dd3	1459	1	1	512	-1	1	1	0	none	-1	-	-	-	1	1	replay	none	472	3.7129
529	1788562121334590614	0x7f7af08c93b0	1	0dfa7fc3533697c4	f8f9550d75030dd3	1459	1	1	512	-1	1	1	0	none	-1	-	-	-	1	1	replay	none	468	3.7442
530	1788562121339115653	0x7f7af08c93b0	1	0dfa7fc3533697c4	f8f9550d75030dd3	1459	1	1	512	-1	1	1	0	none	-1	-	-	-	1	1	replay	none	472	3.7457
531	1788562121343671590	0x7f7af08c93b0	1	0dfa7fc3533697c4	f8f9550d75030dd3	1459	1	1	512	-1	1	1	0	none	-1	-	-	-	1	1	replay	none	489	3.7161
532	1788562121348188784	0x7f7af08c93b0	1	0dfa7fc3533697c4	f8f9550d75030dd3	1459	1	1	512	-1	1	1	0	none	-1	-	-	-	1	1	replay	none	473	3.7338
533	1788562121352713743	0x7f7af08c93b0	1	0dfa7fc3533697c4	f8f9550d75030dd3	1459	1	1	512	-1	1	1	0	none	-1	-	-	-	1	1	replay	none	469	3.7446
534	1788562121357244503	0x7f7af08c93b0	1	0dfa7fc3533697c4	f8f9550d75030dd3	1459	1	1	512	-1	1	1	0	none	-1	-	-	-	1	1	replay	none	472	3.7060
535	1788562121361735598	0x7f7af08c93b0	1	0dfa7fc3533697c4	f8f9550d75030dd3	1459	1	1	512	-1	1	1	0	none	-1	-	-	-	1	1	replay	none	468	3.7227
536	1788562121366240148	0x7f7af08c93b0	1	0dfa7fc3533697c4	f8f9550d75030dd3	1459	1	1	512	-1	1	1	0	none	-1	-	-	-	1	1	replay	none	470	3.7433
537	1788562121370766189	0x7f7af08c93b0	1	0dfa7fc3533697c4	f8f9550d75030dd3	1459	1	1	512	-1	1	1	0	none	-1	-	-	-	1	1	replay	none	468	3.7099
538	1788562121375260971	0x7f7af08c93b0	1	0dfa7fc3533697c4	f8f9550d75030dd3	1459	1	1	512	-1	1	1	0	none	-1	-	-	-	1	1	replay	none	470	3.7609
539	1788562121379809825	0x7f7af08c93b0	1	0dfa7fc3533697c4	f8f9550d75030dd3	1459	1	1	512	-1	1	1	0	none	-1	-	-	-	1	1	replay	none	469	3.7311
540	1788562121384325326	0x7f7af08c93b0	1	0dfa7fc3533697c4	f8f9550d75030dd3	1459	1	1	512	-1	1	1	0	none	-1	-	-	-	1	1	replay	none	468	3.7225
541	1788562121388839394	0x7f7af08c93b0	1	0dfa7fc3533697c4	f8f9550d75030dd3	1459	1	1	512	-1	1	1	0	none	-1	-	-	-	1	1	replay	none	468	3.7423
542	1788562121393366898	0x7f7af08c93b0	1	0dfa7fc3533697c4	f8f9550d75030dd3	1459	1	1	512	-1	1	1	0	none	-1	-	-	-	1	1	replay	none	494	3.7321
543	1788562121397908688	0x7f7af08c93b0	1	0dfa7fc3533697c4	f8f9550d75030dd3	1459	1	1	512	-1	1	1	0	none	-1	-	-	-	1	1	replay	none	472	3.7047
544	1788562121402403190	0x7f7af08c93b0	1	0dfa7fc3533697c4	f8f9550d75030dd3	1459	1	1	512	-1	1	1	0	none	-1	-	-	-	1	1	replay	none	468	3.7385
545	1788562121406928710	0x7f7af08c93b0	1	0dfa7fc3533697c4	f8f9550d75030dd3	1459	1	1	512	-1	1	1	0	none	-1	-	-	-	1	1	replay	none	471	3.7177
546	1788562121411434623	0x7f7af08c93b0	1	0dfa7fc3533697c4	f8f9550d75030dd3	1459	1	1	512	-1	1	1	0	none	-1	-	-	-	1	1	replay	none	469	3.7118
547	1788562121416521225	0x7f7af08c93b0	1	94dc22ce3d23b91b	7c4559878961a07b	1459	2	1	512	-1	1	1	1	structure	0	GET_ROWS	model.input_embed	shape,data	1	0	direct	none	2582	4.5905
548	1788562121421673681	0x7f7af08c93b0	1	d8f873be867a8271	ddb557abc1c1694b	1459	251	0	256	-1	1	1	1	structure	0	GET_ROWS	model.input_embed	shape,data	0	0	direct	none	3009	15.9578
549	1788562121441795079	0x7f7af08c93b0	1	79cc5f245f480542	a107d5712f53f2bc	1459	2	1	512	-1	1	1	1	structure	0	GET_ROWS	model.input_embed	shape,data	0	0	direct	none	2487	4.5957
550	1788562121446957714	0x7f7af08c93b0	1	bcd06391008a2d68	c41dd1f2af32248f	1459	3	1	256	-1	1	1	1	structure	0	GET_ROWS	model.input_embed	shape,data	0	0	direct	none	2486	4.4941
551	1788562121452977046	0x7f7af08c93b0	1	d702fd6fe588b6cb	a107d5712f53f2bc	1459	2	2	512	-1	1	1	1	structure	0	GET_ROWS	model.input_embed	shape,data	0	0	direct	none	2469	4.5595
552	1788562121458610765	0x7f7af08c93b0	1	d702fd6fe588b6cb	a107d5712f53f2bc	1459	2	2	512	-1	1	1	0	none	-1	-	-	-	0	1	capture	reinstantiate	2648	6.1877
553	1788562121465848483	0x7f7af08c93b0	1	d702fd6fe588b6cb	a107d5712f53f2bc	1459	2	2	512	-1	1	1	0	none	-1	-	-	-	1	1	replay	none	484	4.0527
554	1788562121470944913	0x7f7af08c93b0	1	d702fd6fe588b6cb	a107d5712f53f2bc	1459	2	2	512	-1	1	1	0	none	-1	-	-	-	1	1	replay	none	476	4.0379
555	1788562121476035002	0x7f7af08c93b0	1	d702fd6fe588b6cb	a107d5712f53f2bc	1459	2	2	512	-1	1	1	0	none	-1	-	-	-	1	1	replay	none	476	4.0146
556	1788562121481081199	0x7f7af08c93b0	1	d702fd6fe588b6cb	a107d5712f53f2bc	1459	2	2	512	-1	1	1	0	none	-1	-	-	-	1	1	replay	none	476	4.0448
557	1788562121486250998	0x7f7af08c93b0	1	d702fd6fe588b6cb	a107d5712f53f2bc	1459	2	2	512	-1	1	1	0	none	-1	-	-	-	1	1	replay	none	478	4.0179
558	1788562121491310208	0x7f7af08c93b0	1	d702fd6fe588b6cb	a107d5712f53f2bc	1459	2	2	512	-1	1	1	0	none	-1	-	-	-	1	1	replay	none	474	4.0329
559	1788562121496389998	0x7f7af08c93b0	1	d702fd6fe588b6cb	a107d5712f53f2bc	1459	2	2	512	-1	1	1	0	none	-1	-	-	-	1	1	replay	none	473	4.0309
560	1788562121501453547	0x7f7af08c93b0	1	d702fd6fe588b6cb	a107d5712f53f2bc	1459	2	2	512	-1	1	1	0	none	-1	-	-	-	1	1	replay	none	472	4.0180
561	1788562121506507168	0x7f7af08c93b0	1	d702fd6fe588b6cb	a107d5712f53f2bc	1459	2	2	512	-1	1	1	0	none	-1	-	-	-	1	1	replay	none	472	4.0556
562	1788562121511589492	0x7f7af08c93b0	1	d702fd6fe588b6cb	a107d5712f53f2bc	1459	2	2	512	-1	1	1	0	none	-1	-	-	-	1	1	replay	none	471	4.0393
563	1788562121516669342	0x7f7af08c93b0	1	d702fd6fe588b6cb	a107d5712f53f2bc	1459	2	2	512	-1	1	1	0	none	-1	-	-	-	1	1	replay	none	473	4.0014
564	1788562121521732951	0x7f7af08c93b0	1	d702fd6fe588b6cb	a107d5712f53f2bc	1459	2	2	512	-1	1	1	0	none	-1	-	-	-	1	1	replay	none	476	4.0500
565	1788562121526822880	0x7f7af08c93b0	1	d702fd6fe588b6cb	a107d5712f53f2bc	1459	2	2	512	-1	1	1	0	none	-1	-	-	-	1	1	replay	none	472	4.0355
566	1788562121531892811	0x7f7af08c93b0	1	d702fd6fe588b6cb	a107d5712f53f2bc	1459	2	2	512	-1	1	1	0	none	-1	-	-	-	1	1	replay	none	478	4.0335
567	1788562121536966028	0x7f7af08c93b0	1	d702fd6fe588b6cb	a107d5712f53f2bc	1459	2	2	512	-1	1	1	0	none	-1	-	-	-	1	1	replay	none	473	4.0137
568	1788562121542006234	0x7f7af08c93b0	1	d702fd6fe588b6cb	a107d5712f53f2bc	1459	2	2	512	-1	1	1	0	none	-1	-	-	-	1	1	replay	none	472	4.0155
569	1788562121547064583	0x7f7af08c93b0	1	d702fd6fe588b6cb	a107d5712f53f2bc	1459	2	2	512	-1	1	1	0	none	-1	-	-	-	1	1	replay	none	473	4.0566
570	1788562121552152798	0x7f7af08c93b0	1	d702fd6fe588b6cb	a107d5712f53f2bc	1459	2	2	512	-1	1	1	0	none	-1	-	-	-	1	1	replay	none	473	4.0223
571	1788562121557206159	0x7f7af08c93b0	1	d702fd6fe588b6cb	a107d5712f53f2bc	1459	2	2	512	-1	1	1	0	none	-1	-	-	-	1	1	replay	none	471	4.0146
572	1788562121562251393	0x7f7af08c93b0	1	d702fd6fe588b6cb	a107d5712f53f2bc	1459	2	2	512	-1	1	1	0	none	-1	-	-	-	1	1	replay	none	471	4.0555
573	1788562121567338938	0x7f7af08c93b0	1	d702fd6fe588b6cb	a107d5712f53f2bc	1459	2	2	512	-1	1	1	0	none	-1	-	-	-	1	1	replay	none	469	4.0412
574	1788562121572459213	0x7f7af08c93b0	1	d702fd6fe588b6cb	a107d5712f53f2bc	1459	2	2	512	-1	1	1	0	none	-1	-	-	-	1	1	replay	none	469	4.0223
575	1788562121577513555	0x7f7af08c93b0	1	d702fd6fe588b6cb	a107d5712f53f2bc	1459	2	2	512	-1	1	1	0	none	-1	-	-	-	1	1	replay	none	469	4.0217
576	1788562121582553710	0x7f7af08c93b0	1	d702fd6fe588b6cb	a107d5712f53f2bc	1459	2	2	512	-1	1	1	0	none	-1	-	-	-	1	1	replay	none	468	4.0324
577	1788562121587614324	0x7f7af08c93b0	1	d702fd6fe588b6cb	a107d5712f53f2bc	1459	2	2	512	-1	1	1	0	none	-1	-	-	-	1	1	replay	none	468	4.0418
578	1788562121592681159	0x7f7af08c93b0	1	d702fd6fe588b6cb	a107d5712f53f2bc	1459	2	2	512	-1	1	1	0	none	-1	-	-	-	1	1	replay	none	467	4.0025
579	1788562121597715103	0x7f7af08c93b0	1	d702fd6fe588b6cb	a107d5712f53f2bc	1459	2	2	512	-1	1	1	0	none	-1	-	-	-	1	1	replay	none	469	4.0310
580	1788562121602767742	0x7f7af08c93b0	1	d702fd6fe588b6cb	a107d5712f53f2bc	1459	2	2	512	-1	1	1	0	none	-1	-	-	-	1	1	replay	none	469	4.0463
581	1788562121607846660	0x7f7af08c93b0	1	d702fd6fe588b6cb	a107d5712f53f2bc	1459	2	2	512	-1	1	1	0	none	-1	-	-	-	1	1	replay	none	468	4.0199
582	1788562121613276777	0x7f7af08c93b0	1	0dfa7fc3533697c4	f8f9550d75030dd3	1459	1	1	512	-1	1	1	1	structure	0	GET_ROWS	model.input_embed	shape,data	1	0	direct	none	2228	4.1781
583	1788562121618264283	0x7f7af08c93b0	1	0dfa7fc3533697c4	f8f9550d75030dd3	1459	1	1	512	-1	1	1	0	none	-1	-	-	-	0	1	capture	reinstantiate	2357	5.5744
584	1788562121624643050	0x7f7af08c93b0	1	0dfa7fc3533697c4	f8f9550d75030dd3	1459	1	1	512	-1	1	1	0	none	-1	-	-	-	1	1	replay	none	471	3.7459
585	1788562121629172417	0x7f7af08c93b0	1	0dfa7fc3533697c4	f8f9550d75030dd3	1459	1	1	512	-1	1	1	0	none	-1	-	-	-	1	1	replay	none	470	3.7181
586	1788562121633680604	0x7f7af08c93b0	1	0dfa7fc3533697c4	f8f9550d75030dd3	1459	1	1	512	-1	1	1	0	none	-1	-	-	-	1	1	replay	none	467	3.7117
587	1788562121638262710	0x7f7af08c93b0	1	0dfa7fc3533697c4	f8f9550d75030dd3	1459	1	1	512	-1	1	1	0	none	-1	-	-	-	1	1	replay	none	485	3.7531
588	1788562121642830088	0x7f7af08c93b0	1	0dfa7fc3533697c4	f8f9550d75030dd3	1459	1	1	512	-1	1	1	0	none	-1	-	-	-	1	1	replay	none	472	3.7100
589	1788562121647339818	0x7f7af08c93b0	1	0dfa7fc3533697c4	f8f9550d75030dd3	1459	1	1	512	-1	1	1	0	none	-1	-	-	-	1	1	replay	none	471	3.7372
590	1788562121651864096	0x7f7af08c93b0	1	0dfa7fc3533697c4	f8f9550d75030dd3	1459	1	1	512	-1	1	1	0	none	-1	-	-	-	1	1	replay	none	471	3.7534
591	1788562121656412178	0x7f7af08c93b0	1	0dfa7fc3533697c4	f8f9550d75030dd3	1459	1	1	512	-1	1	1	0	none	-1	-	-	-	1	1	replay	none	468	3.7166
592	1788562121660916498	0x7f7af08c93b0	1	0dfa7fc3533697c4	f8f9550d75030dd3	1459	1	1	512	-1	1	1	0	none	-1	-	-	-	1	1	replay	none	470	3.7219
593	1788562121665432370	0x7f7af08c93b0	1	0dfa7fc3533697c4	f8f9550d75030dd3	1459	1	1	512	-1	1	1	0	none	-1	-	-	-	1	1	replay	none	469	3.7511
594	1788562121669969872	0x7f7af08c93b0	1	0dfa7fc3533697c4	f8f9550d75030dd3	1459	1	1	512	-1	1	1	0	none	-1	-	-	-	1	1	replay	none	469	3.7118
595	1788562121674472970	0x7f7af08c93b0	1	0dfa7fc3533697c4	f8f9550d75030dd3	1459	1	1	512	-1	1	1	0	none	-1	-	-	-	1	1	replay	none	466	3.7157
596	1788562121678973323	0x7f7af08c93b0	1	0dfa7fc3533697c4	f8f9550d75030dd3	1459	1	1	512	-1	1	1	0	none	-1	-	-	-	1	1	replay	none	469	3.7377
597	1788562121683496348	0x7f7af08c93b0	1	0dfa7fc3533697c4	f8f9550d75030dd3	1459	1	1	512	-1	1	1	0	none	-1	-	-	-	1	1	replay	none	467	3.7071
598	1788562121687989206	0x7f7af08c93b0	1	0dfa7fc3533697c4	f8f9550d75030dd3	1459	1	1	512	-1	1	1	0	none	-1	-	-	-	1	1	replay	none	469	3.7483
599	1788562121692527190	0x7f7af08c93b0	1	0dfa7fc3533697c4	f8f9550d75030dd3	1459	1	1	512	-1	1	1	0	none	-1	-	-	-	1	1	replay	none	467	3.7432
600	1788562121697056967	0x7f7af08c93b0	1	0dfa7fc3533697c4	f8f9550d75030dd3	1459	1	1	512	-1	1	1	0	none	-1	-	-	-	1	1	replay	none	470	3.7224
601	1788562121701573971	0x7f7af08c93b0	1	0dfa7fc3533697c4	f8f9550d75030dd3	1459	1	1	512	-1	1	1	0	none	-1	-	-	-	1	1	replay	none	468	3.7375
602	1788562121706096375	0x7f7af08c93b0	1	0dfa7fc3533697c4	f8f9550d75030dd3	1459	1	1	512	-1	1	1	0	none	-1	-	-	-	1	1	replay	none	469	3.7361
603	1788562121710615854	0x7f7af08c93b0	1	0dfa7fc3533697c4	f8f9550d75030dd3	1459	1	1	512	-1	1	1	0	none	-1	-	-	-	1	1	replay	none	466	3.6964
604	1788562121715096740	0x7f7af08c93b0	1	0dfa7fc3533697c4	f8f9550d75030dd3	1459	1	1	512	-1	1	1	0	none	-1	-	-	-	1	1	replay	none	469	3.7436
605	1788562121719632930	0x7f7af08c93b0	1	0dfa7fc3533697c4	f8f9550d75030dd3	1459	1	1	512	-1	1	1	0	none	-1	-	-	-	1	1	replay	none	466	3.7273
606	1788562121724142970	0x7f7af08c93b0	1	0dfa7fc3533697c4	f8f9550d75030dd3	1459	1	1	512	-1	1	1	0	none	-1	-	-	-	1	1	replay	none	468	3.7074
607	1788562121728640848	0x7f7af08c93b0	1	0dfa7fc3533697c4	f8f9550d75030dd3	1459	1	1	512	-1	1	1	0	none	-1	-	-	-	1	1	replay	none	465	3.7615
608	1788562121733185905	0x7f7af08c93b0	1	0dfa7fc3533697c4	f8f9550d75030dd3	1459	1	1	512	-1	1	1	0	none	-1	-	-	-	1	1	replay	none	468	3.7238
609	1788562121737691227	0x7f7af08c93b0	1	0dfa7fc3533697c4	f8f9550d75030dd3	1459	1	1	512	-1	1	1	0	none	-1	-	-	-	1	1	replay	none	465	3.7447
610	1788562121742226034	0x7f7af08c93b0	1	0dfa7fc3533697c4	f8f9550d75030dd3	1459	1	1	512	-1	1	1	0	none	-1	-	-	-	1	1	replay	none	468	3.7428
611	1788562121746765690	0x7f7af08c93b0	1	0dfa7fc3533697c4	f8f9550d75030dd3	1459	1	1	512	-1	1	1	0	none	-1	-	-	-	1	1	replay	none	468	3.7394
612	1788562121751289908	0x7f7af08c93b0	1	0dfa7fc3533697c4	f8f9550d75030dd3	1459	1	1	512	-1	1	1	0	none	-1	-	-	-	1	1	replay	none	469	3.7267
613	1788562121755807773	0x7f7af08c93b0	1	0dfa7fc3533697c4	f8f9550d75030dd3	1459	1	1	512	-1	1	1	0	none	-1	-	-	-	1	1	replay	none	468	3.7423
614	1788562121760329446	0x7f7af08c93b0	1	0dfa7fc3533697c4	f8f9550d75030dd3	1459	1	1	512	-1	1	1	0	none	-1	-	-	-	1	1	replay	none	466	3.7125
615	1788562121764833215	0x7f7af08c93b0	1	0dfa7fc3533697c4	f8f9550d75030dd3	1459	1	1	512	-1	1	1	0	none	-1	-	-	-	1	1	replay	none	466	3.7317
616	1788562121769348065	0x7f7af08c93b0	1	0dfa7fc3533697c4	f8f9550d75030dd3	1459	1	1	512	-1	1	1	0	none	-1	-	-	-	1	1	replay	none	465	3.7629
617	1788562121773896778	0x7f7af08c93b0	1	0dfa7fc3533697c4	f8f9550d75030dd3	1459	1	1	512	-1	1	1	0	none	-1	-	-	-	1	1	replay	none	468	3.7073
618	1788562121778391149	0x7f7af08c93b0	1	0dfa7fc3533697c4	f8f9550d75030dd3	1459	1	1	512	-1	1	1	0	none	-1	-	-	-	1	1	replay	none	466	3.7582
619	1788562121782936617	0x7f7af08c93b0	1	0dfa7fc3533697c4	f8f9550d75030dd3	1459	1	1	512	-1	1	1	0	none	-1	-	-	-	1	1	replay	none	468	3.7383
620	1788562121787464070	0x7f7af08c93b0	1	0dfa7fc3533697c4	f8f9550d75030dd3	1459	1	1	512	-1	1	1	0	none	-1	-	-	-	1	1	replay	none	466	3.7201
621	1788562121791968520	0x7f7af08c93b0	1	0dfa7fc3533697c4	f8f9550d75030dd3	1459	1	1	512	-1	1	1	0	none	-1	-	-	-	1	1	replay	none	467	3.7290
622	1788562121796485143	0x7f7af08c93b0	1	0dfa7fc3533697c4	f8f9550d75030dd3	1459	1	1	512	-1	1	1	0	none	-1	-	-	-	1	1	replay	none	468	3.7375
623	1788562121801009631	0x7f7af08c93b0	1	0dfa7fc3533697c4	f8f9550d75030dd3	1459	1	1	512	-1	1	1	0	none	-1	-	-	-	1	1	replay	none	468	3.7093
624	1788562121805507179	0x7f7af08c93b0	1	0dfa7fc3533697c4	f8f9550d75030dd3	1459	1	1	512	-1	1	1	0	none	-1	-	-	-	1	1	replay	none	465	3.7318
625	1788562121810021488	0x7f7af08c93b0	1	0dfa7fc3533697c4	f8f9550d75030dd3	1459	1	1	512	-1	1	1	0	none	-1	-	-	-	1	1	replay	none	468	3.7311
626	1788562121814542950	0x7f7af08c93b0	1	0dfa7fc3533697c4	f8f9550d75030dd3	1459	1	1	512	-1	1	1	0	none	-1	-	-	-	1	1	replay	none	464	3.7201
627	1788562121819046308	0x7f7af08c93b0	1	0dfa7fc3533697c4	f8f9550d75030dd3	1459	1	1	512	-1	1	1	0	none	-1	-	-	-	1	1	replay	none	467	3.7668
628	1788562121823596314	0x7f7af08c93b0	1	0dfa7fc3533697c4	f8f9550d75030dd3	1459	1	1	512	-1	1	1	0	none	-1	-	-	-	1	1	replay	none	466	3.7142
629	1788562121828101285	0x7f7af08c93b0	1	0dfa7fc3533697c4	f8f9550d75030dd3	1459	1	1	512	-1	1	1	0	none	-1	-	-	-	1	1	replay	none	468	3.7262
630	1788562121832675697	0x7f7af08c93b0	1	0dfa7fc3533697c4	f8f9550d75030dd3	1459	1	1	512	-1	1	1	0	none	-1	-	-	-	1	1	replay	none	506	3.7617
631	1788562121837252833	0x7f7af08c93b0	1	0dfa7fc3533697c4	f8f9550d75030dd3	1459	1	1	512	-1	1	1	0	none	-1	-	-	-	1	1	replay	none	470	3.7129
632	1788562121841758616	0x7f7af08c93b0	1	0dfa7fc3533697c4	f8f9550d75030dd3	1459	1	1	512	-1	1	1	0	none	-1	-	-	-	1	1	replay	none	467	3.7216
633	1788562121846274297	0x7f7af08c93b0	1	0dfa7fc3533697c4	f8f9550d75030dd3	1459	1	1	512	-1	1	1	0	none	-1	-	-	-	1	1	replay	none	472	3.7487
634	1788562121850808283	0x7f7af08c93b0	1	0dfa7fc3533697c4	f8f9550d75030dd3	1459	1	1	512	-1	1	1	0	none	-1	-	-	-	1	1	replay	none	467	3.7238
635	1788562121855320488	0x7f7af08c93b0	1	0dfa7fc3533697c4	f8f9550d75030dd3	1459	1	1	512	-1	1	1	0	none	-1	-	-	-	1	1	replay	none	469	3.7193
636	1788562121859831621	0x7f7af08c93b0	1	0dfa7fc3533697c4	f8f9550d75030dd3	1459	1	1	512	-1	1	1	0	none	-1	-	-	-	1	1	replay	none	466	3.7578
637	1788562121864380224	0x7f7af08c93b0	1	0dfa7fc3533697c4	f8f9550d75030dd3	1459	1	1	512	-1	1	1	0	none	-1	-	-	-	1	1	replay	none	466	3.7129
638	1788562121868877120	0x7f7af08c93b0	1	0dfa7fc3533697c4	f8f9550d75030dd3	1459	1	1	512	-1	1	1	0	none	-1	-	-	-	1	1	replay	none	469	3.7568
639	1788562121873431775	0x7f7af08c93b0	1	0dfa7fc3533697c4	f8f9550d75030dd3	1459	1	1	512	-1	1	1	0	none	-1	-	-	-	1	1	replay	none	467	3.7380
640	1788562121877954098	0x7f7af08c93b0	1	0dfa7fc3533697c4	f8f9550d75030dd3	1459	1	1	512	-1	1	1	0	none	-1	-	-	-	1	1	replay	none	467	3.7200
641	1788562121882469169	0x7f7af08c93b0	1	0dfa7fc3533697c4	f8f9550d75030dd3	1459	1	1	512	-1	1	1	0	none	-1	-	-	-	1	1	replay	none	467	3.7347
642	1788562121886988407	0x7f7af08c93b0	1	0dfa7fc3533697c4	f8f9550d75030dd3	1459	1	1	512	-1	1	1	0	none	-1	-	-	-	1	1	replay	none	469	3.7468
643	1788562121891567858	0x7f7af08c93b0	1	0dfa7fc3533697c4	f8f9550d75030dd3	1459	1	1	512	-1	1	1	0	none	-1	-	-	-	1	1	replay	none	473	3.7004
644	1788562121896150064	0x7f7af08c93b0	1	0dfa7fc3533697c4	f8f9550d75030dd3	1459	1	1	512	-1	1	1	0	none	-1	-	-	-	1	1	replay	none	593	3.7442
645	1788562121900798013	0x7f7af08c93b0	1	0dfa7fc3533697c4	f8f9550d75030dd3	1459	1	1	512	-1	1	1	0	none	-1	-	-	-	1	1	replay	none	469	3.7453
646	1788562121905336067	0x7f7af08c93b0	1	0dfa7fc3533697c4	f8f9550d75030dd3	1459	1	1	512	-1	1	1	0	none	-1	-	-	-	1	1	replay	none	468	3.6974
647	1788562121909822223	0x7f7af08c93b0	1	0dfa7fc3533697c4	f8f9550d75030dd3	1459	1	1	512	-1	1	1	0	none	-1	-	-	-	1	1	replay	none	467	3.7608
648	1788562121914372419	0x7f7af08c93b0	1	0dfa7fc3533697c4	f8f9550d75030dd3	1459	1	1	512	-1	1	1	0	none	-1	-	-	-	1	1	replay	none	466	3.7272
649	1788562121918893831	0x7f7af08c93b0	1	0dfa7fc3533697c4	f8f9550d75030dd3	1459	1	1	512	-1	1	1	0	none	-1	-	-	-	1	1	replay	none	470	3.7416
650	1788562121923425863	0x7f7af08c93b0	1	0dfa7fc3533697c4	f8f9550d75030dd3	1459	1	1	512	-1	1	1	0	none	-1	-	-	-	1	1	replay	none	465	3.7377
651	1788562121927951693	0x7f7af08c93b0	1	0dfa7fc3533697c4	f8f9550d75030dd3	1459	1	1	512	-1	1	1	0	none	-1	-	-	-	1	1	replay	none	467	3.7366
652	1788562122438826051	0x7f7af08c93b0	1	802ba1f19f5ea689	439a0fd9a059e2a3	1459	4	1	256	-1	1	1	1	structure	0	GET_ROWS	model.input_embed	shape,data	1	0	direct	none	2608	4.6133
653	1788562122444760965	0x7f7af08c93b0	1	0dfa7fc3533697c4	f8f9550d75030dd3	1459	1	1	512	-1	1	1	1	structure	0	GET_ROWS	model.input_embed	shape,data	0	0	direct	none	2249	4.1873
654	1788562122449771815	0x7f7af08c93b0	1	0dfa7fc3533697c4	f8f9550d75030dd3	1459	1	1	512	-1	1	1	0	none	-1	-	-	-	0	1	capture	update	1659	4.9292
655	1788562122455500452	0x7f7af08c93b0	1	0dfa7fc3533697c4	f8f9550d75030dd3	1459	1	1	512	-1	1	1	0	none	-1	-	-	-	1	1	replay	none	475	3.7115
656	1788562122460014060	0x7f7af08c93b0	1	0dfa7fc3533697c4	f8f9550d75030dd3	1459	1	1	512	-1	1	1	0	none	-1	-	-	-	1	1	replay	none	476	3.7279
657	1788562122464539489	0x7f7af08c93b0	1	0dfa7fc3533697c4	f8f9550d75030dd3	1459	1	1	512	-1	1	1	0	none	-1	-	-	-	1	1	replay	none	471	3.7552
658	1788562122469079586	0x7f7af08c93b0	1	0dfa7fc3533697c4	f8f9550d75030dd3	1459	1	1	512	-1	1	1	0	none	-1	-	-	-	1	1	replay	none	473	3.7193
659	1788562122473587984	0x7f7af08c93b0	1	0dfa7fc3533697c4	f8f9550d75030dd3	1459	1	1	512	-1	1	1	0	none	-1	-	-	-	1	1	replay	none	471	3.7141
660	1788562122478091272	0x7f7af08c93b0	1	0dfa7fc3533697c4	f8f9550d75030dd3	1459	1	1	512	-1	1	1	0	none	-1	-	-	-	1	1	replay	none	474	3.7639
661	1788562122482649824	0x7f7af08c93b0	1	0dfa7fc3533697c4	f8f9550d75030dd3	1459	1	1	512	-1	1	1	0	none	-1	-	-	-	1	1	replay	none	472	3.7139
662	1788562122487149405	0x7f7af08c93b0	1	0dfa7fc3533697c4	f8f9550d75030dd3	1459	1	1	512	-1	1	1	0	none	-1	-	-	-	1	1	replay	none	473	3.7276
663	1788562122491667221	0x7f7af08c93b0	1	0dfa7fc3533697c4	f8f9550d75030dd3	1459	1	1	512	-1	1	1	0	none	-1	-	-	-	1	1	replay	none	471	3.7370
664	1788562122496195195	0x7f7af08c93b0	1	0dfa7fc3533697c4	f8f9550d75030dd3	1459	1	1	512	-1	1	1	0	none	-1	-	-	-	1	1	replay	none	475	3.7122
665	1788562122500698203	0x7f7af08c93b0	1	0dfa7fc3533697c4	f8f9550d75030dd3	1459	1	1	512	-1	1	1	0	none	-1	-	-	-	1	1	replay	none	471	3.7447
666	1788562122505231828	0x7f7af08c93b0	1	0dfa7fc3533697c4	f8f9550d75030dd3	1459	1	1	512	-1	1	1	0	none	-1	-	-	-	1	1	replay	none	474	3.7459
667	1788562122509768569	0x7f7af08c93b0	1	0dfa7fc3533697c4	f8f9550d75030dd3	1459	1	1	512	-1	1	1	0	none	-1	-	-	-	1	1	replay	none	471	3.7179
668	1788562122514278148	0x7f7af08c93b0	1	0dfa7fc3533697c4	f8f9550d75030dd3	1459	1	1	512	-1	1	1	0	none	-1	-	-	-	1	1	replay	none	474	3.7350
669	1788562122518807826	0x7f7af08c93b0	1	0dfa7fc3533697c4	f8f9550d75030dd3	1459	1	1	512	-1	1	1	0	none	-1	-	-	-	1	1	replay	none	472	3.7485
670	1788562122523342603	0x7f7af08c93b0	1	0dfa7fc3533697c4	f8f9550d75030dd3	1459	1	1	512	-1	1	1	0	none	-1	-	-	-	1	1	replay	none	471	3.6931
671	1788562122527829190	0x7f7af08c93b0	1	0dfa7fc3533697c4	f8f9550d75030dd3	1459	1	1	512	-1	1	1	0	none	-1	-	-	-	1	1	replay	none	472	3.7508
672	1788562122532365140	0x7f7af08c93b0	1	0dfa7fc3533697c4	f8f9550d75030dd3	1459	1	1	512	-1	1	1	0	none	-1	-	-	-	1	1	replay	none	471	3.7349
673	1788562122536891421	0x7f7af08c93b0	1	0dfa7fc3533697c4	f8f9550d75030dd3	1459	1	1	512	-1	1	1	0	none	-1	-	-	-	1	1	replay	none	472	3.7014
674	1788562122541384360	0x7f7af08c93b0	1	0dfa7fc3533697c4	f8f9550d75030dd3	1459	1	1	512	-1	1	1	0	none	-1	-	-	-	1	1	replay	none	470	3.7482
675	1788562122545922213	0x7f7af08c93b0	1	0dfa7fc3533697c4	f8f9550d75030dd3	1459	1	1	512	-1	1	1	0	none	-1	-	-	-	1	1	replay	none	474	3.7280
676	1788562122550441871	0x7f7af08c93b0	1	0dfa7fc3533697c4	f8f9550d75030dd3	1459	1	1	512	-1	1	1	0	none	-1	-	-	-	1	1	replay	none	470	3.7355
677	1788562122555546458	0x7f7af08c93b0	1	94dc22ce3d23b91b	7c4559878961a07b	1459	2	1	512	-1	1	1	1	structure	0	GET_ROWS	model.input_embed	shape,data	1	0	direct	none	2541	4.6281
678	1788562122560734120	0x7f7af08c93b0	1	d8f873be867a8271	ddb557abc1c1694b	1459	251	0	256	-1	1	1	1	structure	0	GET_ROWS	model.input_embed	shape,data	0	0	direct	none	3032	16.1403
679	1788562122581048579	0x7f7af08c93b0	1	79cc5f245f480542	a107d5712f53f2bc	1459	2	1	512	-1	1	1	1	structure	0	GET_ROWS	model.input_embed	shape,data	0	0	direct	none	2496	4.6182
680	1788562122586236802	0x7f7af08c93b0	1	bcd06391008a2d68	c41dd1f2af32248f	1459	3	1	256	-1	1	1	1	structure	0	GET_ROWS	model.input_embed	shape,data	0	0	direct	none	2520	4.4729
681	1788562122592221079	0x7f7af08c93b0	1	d702fd6fe588b6cb	a107d5712f53f2bc	1459	2	2	512	-1	1	1	1	structure	0	GET_ROWS	model.input_embed	shape,data	0	0	direct	none	2458	4.5390
682	1788562122597812178	0x7f7af08c93b0	1	d702fd6fe588b6cb	a107d5712f53f2bc	1459	2	2	512	-1	1	1	0	none	-1	-	-	-	0	1	capture	reinstantiate	2748	6.3302
683	1788562122605241084	0x7f7af08c93b0	1	d702fd6fe588b6cb	a107d5712f53f2bc	1459	2	2	512	-1	1	1	0	none	-1	-	-	-	1	1	replay	none	481	4.0164
684	1788562122610299273	0x7f7af08c93b0	1	d702fd6fe588b6cb	a107d5712f53f2bc	1459	2	2	512	-1	1	1	0	none	-1	-	-	-	1	1	replay	none	475	4.0308
685	1788562122615367792	0x7f7af08c93b0	1	d702fd6fe588b6cb	a107d5712f53f2bc	1459	2	2	512	-1	1	1	0	none	-1	-	-	-	1	1	replay	none	471	4.0432
686	1788562122620435789	0x7f7af08c93b0	1	d702fd6fe588b6cb	a107d5712f53f2bc	1459	2	2	512	-1	1	1	0	none	-1	-	-	-	1	1	replay	none	471	4.0111
687	1788562122625476315	0x7f7af08c93b0	1	d702fd6fe588b6cb	a107d5712f53f2bc	1459	2	2	512	-1	1	1	0	none	-1	-	-	-	1	1	replay	none	469	4.0344
688	1788562122630544002	0x7f7af08c93b0	1	d702fd6fe588b6cb	a107d5712f53f2bc	1459	2	2	512	-1	1	1	0	none	-1	-	-	-	1	1	replay	none	471	4.0365
689	1788562122635612571	0x7f7af08c93b0	1	d702fd6fe588b6cb	a107d5712f53f2bc	1459	2	2	512	-1	1	1	0	none	-1	-	-	-	1	1	replay	none	468	4.0096
690	1788562122640644210	0x7f7af08c93b0	1	d702fd6fe588b6cb	a107d5712f53f2bc	1459	2	2	512	-1	1	1	0	none	-1	-	-	-	1	1	replay	none	471	4.0303
691	1788562122645723218	0x7f7af08c93b0	1	d702fd6fe588b6cb	a107d5712f53f2bc	1459	2	2	512	-1	1	1	0	none	-1	-	-	-	1	1	replay	none	473	4.0339
692	1788562122650782600	0x7f7af08c93b0	1	d702fd6fe588b6cb	a107d5712f53f2bc	1459	2	2	512	-1	1	1	0	none	-1	-	-	-	1	1	replay	none	471	4.0453
693	1788562122655861458	0x7f7af08c93b0	1	d702fd6fe588b6cb	a107d5712f53f2bc	1459	2	2	512	-1	1	1	0	none	-1	-	-	-	1	1	replay	none	474	4.0193
694	1788562122660910510	0x7f7af08c93b0	1	d702fd6fe588b6cb	a107d5712f53f2bc	1459	2	2	512	-1	1	1	0	none	-1	-	-	-	1	1	replay	none	472	4.0130
695	1788562122665950635	0x7f7af08c93b0	1	d702fd6fe588b6cb	a107d5712f53f2bc	1459	2	2	512	-1	1	1	0	none	-1	-	-	-	1	1	replay	none	473	4.0595
696	1788562122671045753	0x7f7af08c93b0	1	d702fd6fe588b6cb	a107d5712f53f2bc	1459	2	2	512	-1	1	1	0	none	-1	-	-	-	1	1	replay	none	472	4.0213
697	1788562122676102600	0x7f7af08c93b0	1	d702fd6fe588b6cb	a107d5712f53f2bc	1459	2	2	512	-1	1	1	0	none	-1	-	-	-	1	1	replay	none	472	4.0084
698	1788562122681140972	0x7f7af08c93b0	1	d702fd6fe588b6cb	a107d5712f53f2bc	1459	2	2	512	-1	1	1	0	none	-1	-	-	-	1	1	replay	none	473	4.0501
699	1788562122686235179	0x7f7af08c93b0	1	d702fd6fe588b6cb	a107d5712f53f2bc	1459	2	2	512	-1	1	1	0	none	-1	-	-	-	1	1	replay	none	474	4.0343
700	1788562122691302174	0x7f7af08c93b0	1	d702fd6fe588b6cb	a107d5712f53f2bc	1459	2	2	512	-1	1	1	0	none	-1	-	-	-	1	1	replay	none	472	4.0215
701	1788562122696357668	0x7f7af08c93b0	1	d702fd6fe588b6cb	a107d5712f53f2bc	1459	2	2	512	-1	1	1	0	none	-1	-	-	-	1	1	replay	none	471	4.0117
702	1788562122701397453	0x7f7af08c93b0	1	d702fd6fe588b6cb	a107d5712f53f2bc	1459	2	2	512	-1	1	1	0	none	-1	-	-	-	1	1	replay	none	471	4.0270
703	1788562122706453498	0x7f7af08c93b0	1	d702fd6fe588b6cb	a107d5712f53f2bc	1459	2	2	512	-1	1	1	0	none	-1	-	-	-	1	1	replay	none	469	4.0634
704	1788562122711545551	0x7f7af08c93b0	1	d702fd6fe588b6cb	a107d5712f53f2bc	1459	2	2	512	-1	1	1	0	none	-1	-	-	-	1	1	replay	none	469	4.0064
705	1788562122716581638	0x7f7af08c93b0	1	d702fd6fe588b6cb	a107d5712f53f2bc	1459	2	2	512	-1	1	1	0	none	-1	-	-	-	1	1	replay	none	470	4.0153
706	1788562122721621774	0x7f7af08c93b0	1	d702fd6fe588b6cb	a107d5712f53f2bc	1459	2	2	512	-1	1	1	0	none	-1	-	-	-	1	1	replay	none	469	4.0592
707	1788562122726837979	0x7f7af08c93b0	1	d702fd6fe588b6cb	a107d5712f53f2bc	1459	2	2	512	-1	1	1	0	none	-1	-	-	-	1	1	replay	none	579	4.0295
708	1788562122732019830	0x7f7af08c93b0	1	d702fd6fe588b6cb	a107d5712f53f2bc	1459	2	2	512	-1	1	1	0	none	-1	-	-	-	1	1	replay	none	473	4.0154
709	1788562122737088790	0x7f7af08c93b0	1	d702fd6fe588b6cb	a107d5712f53f2bc	1459	2	2	512	-1	1	1	0	none	-1	-	-	-	1	1	replay	none	476	4.0324
710	1788562122742157689	0x7f7af08c93b0	1	d702fd6fe588b6cb	a107d5712f53f2bc	1459	2	2	512	-1	1	1	0	none	-1	-	-	-	1	1	replay	none	472	4.0313
711	1788562122747227880	0x7f7af08c93b0	1	d702fd6fe588b6cb	a107d5712f53f2bc	1459	2	2	512	-1	1	1	0	none	-1	-	-	-	1	1	replay	none	472	4.0398
712	1788562122752690418	0x7f7af08c93b0	1	0dfa7fc3533697c4	f8f9550d75030dd3	1459	1	1	512	-1	1	1	1	structure	0	GET_ROWS	model.input_embed	shape,data	1	0	direct	none	2172	4.1969
713	1788562122757691781	0x7f7af08c93b0	1	0dfa7fc3533697c4	f8f9550d75030dd3	1459	1	1	512	-1	1	1	0	none	-1	-	-	-	0	1	capture	reinstantiate	2180	5.4433
714	1788562122763932218	0x7f7af08c93b0	1	0dfa7fc3533697c4	f8f9550d75030dd3	1459	1	1	512	-1	1	1	0	none	-1	-	-	-	1	1	replay	none	474	3.7399
715	1788562122768467616	0x7f7af08c93b0	1	0dfa7fc3533697c4	f8f9550d75030dd3	1459	1	1	512	-1	1	1	0	none	-1	-	-	-	1	1	replay	none	469	3.7340
716	1788562122772987736	0x7f7af08c93b0	1	0dfa7fc3533697c4	f8f9550d75030dd3	1459	1	1	512	-1	1	1	0	none	-1	-	-	-	1	1	replay	none	471	3.7028
717	1788562122777478581	0x7f7af08c93b0	1	0dfa7fc3533697c4	f8f9550d75030dd3	1459	1	1	512	-1	1	1	0	none	-1	-	-	-	1	1	replay	none	468	3.7455
718	1788562122782009500	0x7f7af08c93b0	1	0dfa7fc3533697c4	f8f9550d75030dd3	1459	1	1	512	-1	1	1	0	none	-1	-	-	-	1	1	replay	none	469	3.7167
719	1788562122786519601	0x7f7af08c93b0	1	0dfa7fc3533697c4	f8f9550d75030dd3	1459	1	1	512	-1	1	1	0	none	-1	-	-	-	1	1	replay	none	467	3.7091
720	1788562122791010236	0x7f7af08c93b0	1	0dfa7fc3533697c4	f8f9550d75030dd3	1459	1	1	512	-1	1	1	0	none	-1	-	-	-	1	1	replay	none	468	3.7667
721	1788562122795578446	0x7f7af08c93b0	1	0dfa7fc3533697c4	f8f9550d75030dd3	1459	1	1	512	-1	1	1	0	none	-1	-	-	-	1	1	replay	none	469	3.7225
722	1788562122800087935	0x7f7af08c93b0	1	0dfa7fc3533697c4	f8f9550d75030dd3	1459	1	1	512	-1	1	1	0	none	-1	-	-	-	1	1	replay	none	469	3.7461
723	1788562122804624606	0x7f7af08c93b0	1	0dfa7fc3533697c4	f8f9550d75030dd3	1459	1	1	512	-1	1	1	0	none	-1	-	-	-	1	1	replay	none	465	3.7441
724	1788562122809154825	0x7f7af08c93b0	1	0dfa7fc3533697c4	f8f9550d75030dd3	1459	1	1	512	-1	1	1	0	none	-1	-	-	-	1	1	replay	none	468	3.7251
725	1788562122813662441	0x7f7af08c93b0	1	0dfa7fc3533697c4	f8f9550d75030dd3	1459	1	1	512	-1	1	1	0	none	-1	-	-	-	1	1	replay	none	465	3.7288
726	1788562122818178393	0x7f7af08c93b0	1	0dfa7fc3533697c4	f8f9550d75030dd3	1459	1	1	512	-1	1	1	0	none	-1	-	-	-	1	1	replay	none	468	3.7396
727	1788562122822705015	0x7f7af08c93b0	1	0dfa7fc3533697c4	f8f9550d75030dd3	1459	1	1	512	-1	1	1	0	none	-1	-	-	-	1	1	replay	none	468	3.7071
728	1788562122827197312	0x7f7af08c93b0	1	0dfa7fc3533697c4	f8f9550d75030dd3	1459	1	1	512	-1	1	1	0	none	-1	-	-	-	1	1	replay	none	468	3.7356
729	1788562122831718374	0x7f7af08c93b0	1	0dfa7fc3533697c4	f8f9550d75030dd3	1459	1	1	512	-1	1	1	0	none	-1	-	-	-	1	1	replay	none	483	3.7668
730	1788562122836286113	0x7f7af08c93b0	1	0dfa7fc3533697c4	f8f9550d75030dd3	1459	1	1	512	-1	1	1	0	none	-1	-	-	-	1	1	replay	none	472	3.7104
731	1788562122840807184	0x7f7af08c93b0	1	0dfa7fc3533697c4	f8f9550d75030dd3	1459	1	1	512	-1	1	1	0	none	-1	-	-	-	1	1	replay	none	498	3.7595
732	1788562122845401553	0x7f7af08c93b0	1	0dfa7fc3533697c4	f8f9550d75030dd3	1459	1	1	512	-1	1	1	0	none	-1	-	-	-	1	1	replay	none	479	3.7398
733	1788562122849942232	0x7f7af08c93b0	1	0dfa7fc3533697c4	f8f9550d75030dd3	1459	1	1	512	-1	1	1	0	none	-1	-	-	-	1	1	replay	none	470	3.7196
734	1788562122854540268	0x7f7af08c93b0	1	0dfa7fc3533697c4	f8f9550d75030dd3	1459	1	1	512	-1	1	1	0	none	-1	-	-	-	1	1	replay	none	485	3.7312
735	1788562122859089682	0x7f7af08c93b0	1	0dfa7fc3533697c4	f8f9550d75030dd3	1459	1	1	512	-1	1	1	0	none	-1	-	-	-	1	1	replay	none	476	3.7431
736	1788562122863635781	0x7f7af08c93b0	1	0dfa7fc3533697c4	f8f9550d75030dd3	1459	1	1	512	-1	1	1	0	none	-1	-	-	-	1	1	replay	none	469	3.7080
737	1788562122868136805	0x7f7af08c93b0	1	0dfa7fc3533697c4	f8f9550d75030dd3	1459	1	1	512	-1	1	1	0	none	-1	-	-	-	1	1	replay	none	469	3.7275
738	1788562122872657255	0x7f7af08c93b0	1	0dfa7fc3533697c4	f8f9550d75030dd3	1459	1	1	512	-1	1	1	0	none	-1	-	-	-	1	1	replay	none	467	3.7256
739	1788562122877166905	0x7f7af08c93b0	1	0dfa7fc3533697c4	f8f9550d75030dd3	1459	1	1	512	-1	1	1	0	none	-1	-	-	-	1	1	replay	none	468	3.7166
740	1788562122881672638	0x7f7af08c93b0	1	0dfa7fc3533697c4	f8f9550d75030dd3	1459	1	1	512	-1	1	1	0	none	-1	-	-	-	1	1	replay	none	467	3.7599
741	1788562122886216632	0x7f7af08c93b0	1	0dfa7fc3533697c4	f8f9550d75030dd3	1459	1	1	512	-1	1	1	0	none	-1	-	-	-	1	1	replay	none	468	3.7188
742	1788562122890722245	0x7f7af08c93b0	1	0dfa7fc3533697c4	f8f9550d75030dd3	1459	1	1	512	-1	1	1	0	none	-1	-	-	-	1	1	replay	none	465	3.7251
743	1788562122895250900	0x7f7af08c93b0	1	0dfa7fc3533697c4	f8f9550d75030dd3	1459	1	1	512	-1	1	1	0	none	-1	-	-	-	1	1	replay	none	492	3.7471
744	1788562122899886256	0x7f7af08c93b0	1	0dfa7fc3533697c4	f8f9550d75030dd3	1459	1	1	512	-1	1	1	0	none	-1	-	-	-	1	1	replay	none	592	3.7247
745	1788562122904517434	0x7f7af08c93b0	1	0dfa7fc3533697c4	f8f9550d75030dd3	1459	1	1	512	-1	1	1	0	none	-1	-	-	-	1	1	replay	none	470	3.7084
746	1788562122909013970	0x7f7af08c93b0	1	0dfa7fc3533697c4	f8f9550d75030dd3	1459	1	1	512	-1	1	1	0	none	-1	-	-	-	1	1	replay	none	473	3.7577
747	1788562122913574165	0x7f7af08c93b0	1	0dfa7fc3533697c4	f8f9550d75030dd3	1459	1	1	512	-1	1	1	0	none	-1	-	-	-	1	1	replay	none	468	3.7222
748	1788562122918088814	0x7f7af08c93b0	1	0dfa7fc3533697c4	f8f9550d75030dd3	1459	1	1	512	-1	1	1	0	none	-1	-	-	-	1	1	replay	none	472	3.7123
749	1788562122922618883	0x7f7af08c93b0	1	0dfa7fc3533697c4	f8f9550d75030dd3	1459	1	1	512	-1	1	1	0	none	-1	-	-	-	1	1	replay	none	475	3.7507
750	1788562122927185169	0x7f7af08c93b0	1	0dfa7fc3533697c4	f8f9550d75030dd3	1459	1	1	512	-1	1	1	0	none	-1	-	-	-	1	1	replay	none	474	3.7195
751	1788562122931715087	0x7f7af08c93b0	1	0dfa7fc3533697c4	f8f9550d75030dd3	1459	1	1	512	-1	1	1	0	none	-1	-	-	-	1	1	replay	none	474	3.7468
752	1788562122936257549	0x7f7af08c93b0	1	0dfa7fc3533697c4	f8f9550d75030dd3	1459	1	1	512	-1	1	1	0	none	-1	-	-	-	1	1	replay	none	473	3.7466
753	1788562122940796504	0x7f7af08c93b0	1	0dfa7fc3533697c4	f8f9550d75030dd3	1459	1	1	512	-1	1	1	0	none	-1	-	-	-	1	1	replay	none	467	3.7366
754	1788562122945344876	0x7f7af08c93b0	1	0dfa7fc3533697c4	f8f9550d75030dd3	1459	1	1	512	-1	1	1	0	none	-1	-	-	-	1	1	replay	none	485	3.7327
755	1788562122949888400	0x7f7af08c93b0	1	0dfa7fc3533697c4	f8f9550d75030dd3	1459	1	1	512	-1	1	1	0	none	-1	-	-	-	1	1	replay	none	469	3.7630
756	1788562122954444147	0x7f7af08c93b0	1	0dfa7fc3533697c4	f8f9550d75030dd3	1459	1	1	512	-1	1	1	0	none	-1	-	-	-	1	1	replay	none	466	3.7025
757	1788562122958936925	0x7f7af08c93b0	1	0dfa7fc3533697c4	f8f9550d75030dd3	1459	1	1	512	-1	1	1	0	none	-1	-	-	-	1	1	replay	none	468	3.7394
758	1788562122963461132	0x7f7af08c93b0	1	0dfa7fc3533697c4	f8f9550d75030dd3	1459	1	1	512	-1	1	1	0	none	-1	-	-	-	1	1	replay	none	465	3.7428
759	1788562122967992183	0x7f7af08c93b0	1	0dfa7fc3533697c4	f8f9550d75030dd3	1459	1	1	512	-1	1	1	0	none	-1	-	-	-	1	1	replay	none	471	3.7010
760	1788562122972481985	0x7f7af08c93b0	1	0dfa7fc3533697c4	f8f9550d75030dd3	1459	1	1	512	-1	1	1	0	none	-1	-	-	-	1	1	replay	none	467	3.7551
761	1788562122977019127	0x7f7af08c93b0	1	0dfa7fc3533697c4	f8f9550d75030dd3	1459	1	1	512	-1	1	1	0	none	-1	-	-	-	1	1	replay	none	468	3.7294
762	1788562122981533806	0x7f7af08c93b0	1	0dfa7fc3533697c4	f8f9550d75030dd3	1459	1	1	512	-1	1	1	0	none	-1	-	-	-	1	1	replay	none	464	3.7357
763	1788562122986051792	0x7f7af08c93b0	1	0dfa7fc3533697c4	f8f9550d75030dd3	1459	1	1	512	-1	1	1	0	none	-1	-	-	-	1	1	replay	none	469	3.7358
764	1788562122990569868	0x7f7af08c93b0	1	0dfa7fc3533697c4	f8f9550d75030dd3	1459	1	1	512	-1	1	1	0	none	-1	-	-	-	1	1	replay	none	466	3.7480
765	1788562122995107100	0x7f7af08c93b0	1	0dfa7fc3533697c4	f8f9550d75030dd3	1459	1	1	512	-1	1	1	0	none	-1	-	-	-	1	1	replay	none	488	3.7205
766	1788562122999634383	0x7f7af08c93b0	1	0dfa7fc3533697c4	f8f9550d75030dd3	1459	1	1	512	-1	1	1	0	none	-1	-	-	-	1	1	replay	none	469	3.7430
767	1788562123004163510	0x7f7af08c93b0	1	0dfa7fc3533697c4	f8f9550d75030dd3	1459	1	1	512	-1	1	1	0	none	-1	-	-	-	1	1	replay	none	468	3.7211
768	1788562123008672308	0x7f7af08c93b0	1	0dfa7fc3533697c4	f8f9550d75030dd3	1459	1	1	512	-1	1	1	0	none	-1	-	-	-	1	1	replay	none	465	3.7149
769	1788562123013176268	0x7f7af08c93b0	1	0dfa7fc3533697c4	f8f9550d75030dd3	1459	1	1	512	-1	1	1	0	none	-1	-	-	-	1	1	replay	none	466	3.7493
770	1788562123017709291	0x7f7af08c93b0	1	0dfa7fc3533697c4	f8f9550d75030dd3	1459	1	1	512	-1	1	1	0	none	-1	-	-	-	1	1	replay	none	464	3.7095
771	1788562123022205216	0x7f7af08c93b0	1	0dfa7fc3533697c4	f8f9550d75030dd3	1459	1	1	512	-1	1	1	0	none	-1	-	-	-	1	1	replay	none	468	3.7423
772	1788562123026732569	0x7f7af08c93b0	1	0dfa7fc3533697c4	f8f9550d75030dd3	1459	1	1	512	-1	1	1	0	none	-1	-	-	-	1	1	replay	none	466	3.7461
773	1788562123031262637	0x7f7af08c93b0	1	0dfa7fc3533697c4	f8f9550d75030dd3	1459	1	1	512	-1	1	1	0	none	-1	-	-	-	1	1	replay	none	475	3.7178
774	1788562123035783318	0x7f7af08c93b0	1	0dfa7fc3533697c4	f8f9550d75030dd3	1459	1	1	512	-1	1	1	0	none	-1	-	-	-	1	1	replay	none	466	3.7231
775	1788562123040291556	0x7f7af08c93b0	1	0dfa7fc3533697c4	f8f9550d75030dd3	1459	1	1	512	-1	1	1	0	none	-1	-	-	-	1	1	replay	none	468	3.7455
776	1788562123044821724	0x7f7af08c93b0	1	0dfa7fc3533697c4	f8f9550d75030dd3	1459	1	1	512	-1	1	1	0	none	-1	-	-	-	1	1	replay	none	470	3.7083
777	1788562123049319702	0x7f7af08c93b0	1	0dfa7fc3533697c4	f8f9550d75030dd3	1459	1	1	512	-1	1	1	0	none	-1	-	-	-	1	1	replay	none	469	3.7222
778	1788562123053837398	0x7f7af08c93b0	1	0dfa7fc3533697c4	f8f9550d75030dd3	1459	1	1	512	-1	1	1	0	none	-1	-	-	-	1	1	replay	none	466	3.7391
779	1788562123058369850	0x7f7af08c93b0	1	0dfa7fc3533697c4	f8f9550d75030dd3	1459	1	1	512	-1	1	1	0	none	-1	-	-	-	1	1	replay	none	465	3.7057
780	1788562123062860906	0x7f7af08c93b0	1	0dfa7fc3533697c4	f8f9550d75030dd3	1459	1	1	512	-1	1	1	0	none	-1	-	-	-	1	1	replay	none	469	3.7581
781	1788562123067409038	0x7f7af08c93b0	1	0dfa7fc3533697c4	f8f9550d75030dd3	1459	1	1	512	-1	1	1	0	none	-1	-	-	-	1	1	replay	none	466	3.7398
782	1788562124631069919	0x7f7af08c93b0	1	dbdb0ad78cf67443	30cc668f2ab76eaf	1459	252	0	256	-1	1	1	1	structure	0	GET_ROWS	model.input_embed	shape,data	1	0	direct	none	3291	16.0677
783	1788562124650139032	0x7f7af08c93b0	1	5e879b663492f411	08e88e7ade74d8a2	1459	4	1	256	-1	1	1	1	structure	0	GET_ROWS	model.input_embed	shape,data	0	0	direct	none	2533	4.6428
784	1788562124656092180	0x7f7af08c93b0	1	0fdbf3977c990123	d545d947533e5583	1459	1	1	512	-1	1	1	1	structure	0	GET_ROWS	model.input_embed	shape,data	0	0	direct	none	2221	4.1771
785	1788562124661074106	0x7f7af08c93b0	1	0fdbf3977c990123	d545d947533e5583	1459	1	1	512	-1	1	1	0	none	-1	-	-	-	0	1	capture	update	1677	4.9158
786	1788562124666781022	0x7f7af08c93b0	1	0fdbf3977c990123	d545d947533e5583	1459	1	1	512	-1	1	1	0	none	-1	-	-	-	1	1	replay	none	474	3.7272
787	1788562124671301693	0x7f7af08c93b0	1	0fdbf3977c990123	d545d947533e5583	1459	1	1	512	-1	1	1	0	none	-1	-	-	-	1	1	replay	none	474	3.7307
788	1788562124675821803	0x7f7af08c93b0	1	0fdbf3977c990123	d545d947533e5583	1459	1	1	512	-1	1	1	0	none	-1	-	-	-	1	1	replay	none	471	3.7181
789	1788562124680323268	0x7f7af08c93b0	1	0fdbf3977c990123	d545d947533e5583	1459	1	1	512	-1	1	1	0	none	-1	-	-	-	1	1	replay	none	470	3.7355
790	1788562124684847124	0x7f7af08c93b0	1	0fdbf3977c990123	d545d947533e5583	1459	1	1	512	-1	1	1	0	none	-1	-	-	-	1	1	replay	none	471	3.7336
791	1788562124689367174	0x7f7af08c93b0	1	0fdbf3977c990123	d545d947533e5583	1459	1	1	512	-1	1	1	0	none	-1	-	-	-	1	1	replay	none	471	3.7172
792	1788562124693880461	0x7f7af08c93b0	1	0fdbf3977c990123	d545d947533e5583	1459	1	1	512	-1	1	1	0	none	-1	-	-	-	1	1	replay	none	471	3.7700
793	1788562124698445074	0x7f7af08c93b0	1	0fdbf3977c990123	d545d947533e5583	1459	1	1	512	-1	1	1	0	none	-1	-	-	-	1	1	replay	none	470	3.7121
794	1788562124702950126	0x7f7af08c93b0	1	0fdbf3977c990123	d545d947533e5583	1459	1	1	512	-1	1	1	0	none	-1	-	-	-	1	1	replay	none	473	3.7198
795	1788562124707464705	0x7f7af08c93b0	1	0fdbf3977c990123	d545d947533e5583	1459	1	1	512	-1	1	1	0	none	-1	-	-	-	1	1	replay	none	470	3.7473
796	1788562124712022696	0x7f7af08c93b0	1	0fdbf3977c990123	d545d947533e5583	1459	1	1	512	-1	1	1	0	none	-1	-	-	-	1	1	replay	none	479	3.7064
797	1788562124716528378	0x7f7af08c93b0	1	0fdbf3977c990123	d545d947533e5583	1459	1	1	512	-1	1	1	0	none	-1	-	-	-	1	1	replay	none	473	3.7301
798	1788562124721054499	0x7f7af08c93b0	1	0fdbf3977c990123	d545d947533e5583	1459	1	1	512	-1	1	1	0	none	-1	-	-	-	1	1	replay	none	473	3.7419
799	1788562124725593945	0x7f7af08c93b0	1	0fdbf3977c990123	d545d947533e5583	1459	1	1	512	-1	1	1	0	none	-1	-	-	-	1	1	replay	none	471	3.7256
800	1788562124730118313	0x7f7af08c93b0	1	0fdbf3977c990123	d545d947533e5583	1459	1	1	512	-1	1	1	0	none	-1	-	-	-	1	1	replay	none	474	3.7191
801	1788562124734624216	0x7f7af08c93b0	1	0fdbf3977c990123	d545d947533e5583	1459	1	1	512	-1	1	1	0	none	-1	-	-	-	1	1	replay	none	507	3.7607
802	1788562124739222543	0x7f7af08c93b0	1	0fdbf3977c990123	d545d947533e5583	1459	1	1	512	-1	1	1	0	none	-1	-	-	-	1	1	replay	none	474	3.7097
803	1788562124743722254	0x7f7af08c93b0	1	0fdbf3977c990123	d545d947533e5583	1459	1	1	512	-1	1	1	0	none	-1	-	-	-	1	1	replay	none	467	3.7494
804	1788562124748266098	0x7f7af08c93b0	1	0fdbf3977c990123	d545d947533e5583	1459	1	1	512	-1	1	1	0	none	-1	-	-	-	1	1	replay	none	474	3.7285
805	1788562124752791488	0x7f7af08c93b0	1	0fdbf3977c990123	d545d947533e5583	1459	1	1	512	-1	1	1	0	none	-1	-	-	-	1	1	replay	none	471	3.7119
806	1788562124757298132	0x7f7af08c93b0	1	0fdbf3977c990123	d545d947533e5583	1459	1	1	512	-1	1	1	0	none	-1	-	-	-	1	1	replay	none	472	3.7347
807	1788562124761825616	0x7f7af08c93b0	1	0fdbf3977c990123	d545d947533e5583	1459	1	1	512	-1	1	1	0	none	-1	-	-	-	1	1	replay	none	471	3.7510
808	1788562124767465486	0x7f7af08c93b0	1	0fdbf3977c990123	d545d947533e5583	1459	1	1	512	-1	1	1	0	none	-1	-	-	-	1	1	replay	none	472	3.7122
809	1788562124771741558	0x7f7af08c93b0	1	da7570afdbb81394	2431a8fa2ddc5a4e	1459	252	0	256	-1	1	1	1	structure	0	GET_ROWS	model.input_embed	shape,data	1	0	direct	none	3195	16.0705
810	1788562124792018958	0x7f7af08c93b0	1	0fdbf3977c990123	d545d947533e5583	1459	1	1	512	-1	1	1	1	structure	0	GET_ROWS	model.input_embed	shape,data	0	0	direct	none	2209	4.2230
811	1788562124796806921	0x7f7af08c93b0	1	802ba1f19f5ea689	439a0fd9a059e2a3	1459	4	1	256	-1	1	1	1	structure	0	GET_ROWS	model.input_embed	shape,data	0	0	direct	none	2616	4.6094
812	1788562124802953752	0x7f7af08c93b0	1	d702fd6fe588b6cb	a107d5712f53f2bc	1459	2	2	512	-1	1	1	1	structure	0	GET_ROWS	model.input_embed	shape,data	0	0	direct	none	2585	4.6157
813	1788562124808625873	0x7f7af08c93b0	1	d702fd6fe588b6cb	a107d5712f53f2bc	1459	2	2	512	-1	1	1	0	none	-1	-	-	-	0	1	capture	reinstantiate	2660	6.2259
814	1788562124815896924	0x7f7af08c93b0	1	d702fd6fe588b6cb	a107d5712f53f2bc	1459	2	2	512	-1	1	1	0	none	-1	-	-	-	1	1	replay	none	515	4.0379
815	1788562124821011068	0x7f7af08c93b0	1	d702fd6fe588b6cb	a107d5712f53f2bc	1459	2	2	512	-1	1	1	0	none	-1	-	-	-	1	1	replay	none	475	4.0165
816	1788562124826061422	0x7f7af08c93b0	1	d702fd6fe588b6cb	a107d5712f53f2bc	1459	2	2	512	-1	1	1	0	none	-1	-	-	-	1	1	replay	none	513	4.0334
817	1788562124831172320	0x7f7af08c93b0	1	d702fd6fe588b6cb	a107d5712f53f2bc	1459	2	2	512	-1	1	1	0	none	-1	-	-	-	1	1	replay	none	473	4.0572
818	1788562124836269933	0x7f7af08c93b0	1	d702fd6fe588b6cb	a107d5712f53f2bc	1459	2	2	512	-1	1	1	0	none	-1	-	-	-	1	1	replay	none	476	4.0103
819	1788562124841353590	0x7f7af08c93b0	1	d702fd6fe588b6cb	a107d5712f53f2bc	1459	2	2	512	-1	1	1	0	none	-1	-	-	-	1	1	replay	none	471	4.0287
820	1788562124846417931	0x7f7af08c93b0	1	d702fd6fe588b6cb	a107d5712f53f2bc	1459	2	2	512	-1	1	1	0	none	-1	-	-	-	1	1	replay	none	470	4.0522
821	1788562124851505916	0x7f7af08c93b0	1	d702fd6fe588b6cb	a107d5712f53f2bc	1459	2	2	512	-1	1	1	0	none	-1	-	-	-	1	1	replay	none	473	4.0207
822	1788562124856566750	0x7f7af08c93b0	1	d702fd6fe588b6cb	a107d5712f53f2bc	1459	2	2	512	-1	1	1	0	none	-1	-	-	-	1	1	replay	none	470	4.0310
823	1788562124861634667	0x7f7af08c93b0	1	d702fd6fe588b6cb	a107d5712f53f2bc	1459	2	2	512	-1	1	1	0	none	-1	-	-	-	1	1	replay	none	472	4.0153
824	1788562124866686034	0x7f7af08c93b0	1	d702fd6fe588b6cb	a107d5712f53f2bc	1459	2	2	512	-1	1	1	0	none	-1	-	-	-	1	1	replay	none	476	4.0339
825	1788562124871752629	0x7f7af08c93b0	1	d702fd6fe588b6cb	a107d5712f53f2bc	1459	2	2	512	-1	1	1	0	none	-1	-	-	-	1	1	replay	none	505	4.0383
826	1788562124876855091	0x7f7af08c93b0	1	d702fd6fe588b6cb	a107d5712f53f2bc	1459	2	2	512	-1	1	1	0	none	-1	-	-	-	1	1	replay	none	475	4.0206
827	1788562124881946532	0x7f7af08c93b0	1	d702fd6fe588b6cb	a107d5712f53f2bc	1459	2	2	512	-1	1	1	0	none	-1	-	-	-	1	1	replay	none	472	4.0316
828	1788562124887009651	0x7f7af08c93b0	1	d702fd6fe588b6cb	a107d5712f53f2bc	1459	2	2	512	-1	1	1	0	none	-1	-	-	-	1	1	replay	none	476	4.0508
829	1788562124892088839	0x7f7af08c93b0	1	d702fd6fe588b6cb	a107d5712f53f2bc	1459	2	2	512	-1	1	1	0	none	-1	-	-	-	1	1	replay	none	472	4.0109
830	1788562124897137931	0x7f7af08c93b0	1	d702fd6fe588b6cb	a107d5712f53f2bc	1459	2	2	512	-1	1	1	0	none	-1	-	-	-	1	1	replay	none	534	4.0406
831	1788562124902404852	0x7f7af08c93b0	1	d702fd6fe588b6cb	a107d5712f53f2bc	1459	2	2	512	-1	1	1	0	none	-1	-	-	-	1	1	replay	none	487	4.0306
832	1788562124907499209	0x7f7af08c93b0	1	d702fd6fe588b6cb	a107d5712f53f2bc	1459	2	2	512	-1	1	1	0	none	-1	-	-	-	1	1	replay	none	474	4.0352
833	1788562124912577736	0x7f7af08c93b0	1	d702fd6fe588b6cb	a107d5712f53f2bc	1459	2	2	512	-1	1	1	0	none	-1	-	-	-	1	1	replay	none	472	4.0480
834	1788562124917667024	0x7f7af08c93b0	1	d702fd6fe588b6cb	a107d5712f53f2bc	1459	2	2	512	-1	1	1	0	none	-1	-	-	-	1	1	replay	none	472	4.0110
835	1788562124922714142	0x7f7af08c93b0	1	d702fd6fe588b6cb	a107d5712f53f2bc	1459	2	2	512	-1	1	1	0	none	-1	-	-	-	1	1	replay	none	471	4.0319
836	1788562124927779725	0x7f7af08c93b0	1	d702fd6fe588b6cb	a107d5712f53f2bc	1459	2	2	512	-1	1	1	0	none	-1	-	-	-	1	1	replay	none	471	4.0393
837	1788562124932848735	0x7f7af08c93b0	1	d702fd6fe588b6cb	a107d5712f53f2bc	1459	2	2	512	-1	1	1	0	none	-1	-	-	-	1	1	replay	none	470	4.0112
838	1788562124937894030	0x7f7af08c93b0	1	d702fd6fe588b6cb	a107d5712f53f2bc	1459	2	2	512	-1	1	1	0	none	-1	-	-	-	1	1	replay	none	473	4.0403
839	1788562124942968590	0x7f7af08c93b0	1	d702fd6fe588b6cb	a107d5712f53f2bc	1459	2	2	512	-1	1	1	0	none	-1	-	-	-	1	1	replay	none	473	4.0336
840	1788562124948051746	0x7f7af08c93b0	1	d702fd6fe588b6cb	a107d5712f53f2bc	1459	2	2	512	-1	1	1	0	none	-1	-	-	-	1	1	replay	none	474	4.0100
841	1788562124953100487	0x7f7af08c93b0	1	d702fd6fe588b6cb	a107d5712f53f2bc	1459	2	2	512	-1	1	1	0	none	-1	-	-	-	1	1	replay	none	508	4.0255
842	1788562124958235280	0x7f7af08c93b0	1	d702fd6fe588b6cb	a107d5712f53f2bc	1459	2	2	512	-1	1	1	0	none	-1	-	-	-	1	1	replay	none	474	4.0325
843	1788562124963717124	0x7f7af08c93b0	1	0fdbf3977c990123	d545d947533e5583	1459	1	1	512	-1	1	1	1	structure	0	GET_ROWS	model.input_embed	shape,data	1	0	direct	none	2313	4.2132
844	1788562124968741139	0x7f7af08c93b0	1	0fdbf3977c990123	d545d947533e5583	1459	1	1	512	-1	1	1	0	none	-1	-	-	-	0	1	capture	reinstantiate	2283	5.5551
845	1788562124975103194	0x7f7af08c93b0	1	0fdbf3977c990123	d545d947533e5583	1459	1	1	512	-1	1	1	0	none	-1	-	-	-	1	1	replay	none	477	3.7282
846	1788562124979631389	0x7f7af08c93b0	1	0fdbf3977c990123	d545d947533e5583	1459	1	1	512	-1	1	1	0	none	-1	-	-	-	1	1	replay	none	471	3.7269
847	1788562124984150346	0x7f7af08c93b0	1	0fdbf3977c990123	d545d947533e5583	1459	1	1	512	-1	1	1	0	none	-1	-	-	-	1	1	replay	none	472	3.7449
848	1788562124988685354	0x7f7af08c93b0	1	0fdbf3977c990123	d545d947533e5583	1459	1	1	512	-1	1	1	0	none	-1	-	-	-	1	1	replay	none	471	3.7075
849	1788562124993180647	0x7f7af08c93b0	1	0fdbf3977c990123	d545d947533e5583	1459	1	1	512	-1	1	1	0	none	-1	-	-	-	1	1	replay	none	473	3.7294
850	1788562124997720985	0x7f7af08c93b0	1	0fdbf3977c990123	d545d947533e5583	1459	1	1	512	-1	1	1	0	none	-1	-	-	-	1	1	replay	none	490	3.7293
851	1788562125002263126	0x7f7af08c93b0	1	0fdbf3977c990123	d545d947533e5583	1459	1	1	512	-1	1	1	0	none	-1	-	-	-	1	1	replay	none	473	3.7106
852	1788562125006808303	0x7f7af08c93b0	1	0fdbf3977c990123	d545d947533e5583	1459	1	1	512	-1	1	1	0	none	-1	-	-	-	1	1	replay	none	474	3.7512
853	1788562125011352648	0x7f7af08c93b0	1	0fdbf3977c990123	d545d947533e5583	1459	1	1	512	-1	1	1	0	none	-1	-	-	-	1	1	replay	none	471	3.7302
854	1788562125015875022	0x7f7af08c93b0	1	0fdbf3977c990123	d545d947533e5583	1459	1	1	512	-1	1	1	0	none	-1	-	-	-	1	1	replay	none	511	3.7181
855	1788562125020421020	0x7f7af08c93b0	1	0fdbf3977c990123	d545d947533e5583	1459	1	1	512	-1	1	1	0	none	-1	-	-	-	1	1	replay	none	512	3.7431
856	1788562125024992697	0x7f7af08c93b0	1	0fdbf3977c990123	d545d947533e5583	1459	1	1	512	-1	1	1	0	none	-1	-	-	-	1	1	replay	none	472	3.7185
857	1788562125029503399	0x7f7af08c93b0	1	0fdbf3977c990123	d545d947533e5583	1459	1	1	512	-1	1	1	0	none	-1	-	-	-	1	1	replay	none	470	3.7099
858	1788562125034001026	0x7f7af08c93b0	1	0fdbf3977c990123	d545d947533e5583	1459	1	1	512	-1	1	1	0	none	-1	-	-	-	1	1	replay	none	510	3.7539
859	1788562125038593542	0x7f7af08c93b0	1	0fdbf3977c990123	d545d947533e5583	1459	1	1	512	-1	1	1	0	none	-1	-	-	-	1	1	replay	none	469	3.7155
860	1788562125043100407	0x7f7af08c93b0	1	0fdbf3977c990123	d545d947533e5583	1459	1	1	512	-1	1	1	0	none	-1	-	-	-	1	1	replay	none	472	3.7117
861	1788562125047619955	0x7f7af08c93b0	1	0fdbf3977c990123	d545d947533e5583	1459	1	1	512	-1	1	1	0	none	-1	-	-	-	1	1	replay	none	481	3.7469
862	1788562125052166976	0x7f7af08c93b0	1	0fdbf3977c990123	d545d947533e5583	1459	1	1	512	-1	1	1	0	none	-1	-	-	-	1	1	replay	none	472	3.7178
863	1788562125056680052	0x7f7af08c93b0	1	0fdbf3977c990123	d545d947533e5583	1459	1	1	512	-1	1	1	0	none	-1	-	-	-	1	1	replay	none	470	3.7447
864	1788562125061210992	0x7f7af08c93b0	1	0fdbf3977c990123	d545d947533e5583	1459	1	1	512	-1	1	1	0	none	-1	-	-	-	1	1	replay	none	471	3.7482
865	1788562125065760146	0x7f7af08c93b0	1	0fdbf3977c990123	d545d947533e5583	1459	1	1	512	-1	1	1	0	none	-1	-	-	-	1	1	replay	none	505	3.7339
866	1788562125070323748	0x7f7af08c93b0	1	0fdbf3977c990123	d545d947533e5583	1459	1	1	512	-1	1	1	0	none	-1	-	-	-	1	1	replay	none	470	3.9613
867	1788562125075074039	0x7f7af08c93b0	1	0fdbf3977c990123	d545d947533e5583	1459	1	1	512	-1	1	1	0	none	-1	-	-	-	1	1	replay	none	472	3.8027
868	1788562125079668218	0x7f7af08c93b0	1	0fdbf3977c990123	d545d947533e5583	1459	1	1	512	-1	1	1	0	none	-1	-	-	-	1	1	replay	none	470	3.7069
869	1788562125084167098	0x7f7af08c93b0	1	0fdbf3977c990123	d545d947533e5583	1459	1	1	512	-1	1	1	0	none	-1	-	-	-	1	1	replay	none	472	3.7420
870	1788562125088694812	0x7f7af08c93b0	1	0fdbf3977c990123	d545d947533e5583	1459	1	1	512	-1	1	1	0	none	-1	-	-	-	1	1	replay	none	469	3.7458
871	1788562125093227856	0x7f7af08c93b0	1	0fdbf3977c990123	d545d947533e5583	1459	1	1	512	-1	1	1	0	none	-1	-	-	-	1	1	replay	none	472	3.7050
872	1788562125097736283	0x7f7af08c93b0	1	0fdbf3977c990123	d545d947533e5583	1459	1	1	512	-1	1	1	0	none	-1	-	-	-	1	1	replay	none	480	3.7453
873	1788562125102281591	0x7f7af08c93b0	1	0fdbf3977c990123	d545d947533e5583	1459	1	1	512	-1	1	1	0	none	-1	-	-	-	1	1	replay	none	473	3.7344
874	1788562125106812270	0x7f7af08c93b0	1	0fdbf3977c990123	d545d947533e5583	1459	1	1	512	-1	1	1	0	none	-1	-	-	-	1	1	replay	none	470	3.7230
875	1788562125111326509	0x7f7af08c93b0	1	0fdbf3977c990123	d545d947533e5583	1459	1	1	512	-1	1	1	0	none	-1	-	-	-	1	1	replay	none	469	3.7272
876	1788562125115840317	0x7f7af08c93b0	1	0fdbf3977c990123	d545d947533e5583	1459	1	1	512	-1	1	1	0	none	-1	-	-	-	1	1	replay	none	509	3.7568
877	1788562125120421952	0x7f7af08c93b0	1	0fdbf3977c990123	d545d947533e5583	1459	1	1	512	-1	1	1	0	none	-1	-	-	-	1	1	replay	none	469	3.7080
878	1788562125124957030	0x7f7af08c93b0	1	0fdbf3977c990123	d545d947533e5583	1459	1	1	512	-1	1	1	0	none	-1	-	-	-	1	1	replay	none	471	3.7549
879	1788562125129503319	0x7f7af08c93b0	1	0fdbf3977c990123	d545d947533e5583	1459	1	1	512	-1	1	1	0	none	-1	-	-	-	1	1	replay	none	469	3.7181
880	1788562125134011977	0x7f7af08c93b0	1	0fdbf3977c990123	d545d947533e5583	1459	1	1	512	-1	1	1	0	none	-1	-	-	-	1	1	replay	none	471	3.7087
881	1788562125138520635	0x7f7af08c93b0	1	0fdbf3977c990123	d545d947533e5583	1459	1	1	512	-1	1	1	0	none	-1	-	-	-	1	1	replay	none	508	3.7402
882	1788562125143093704	0x7f7af08c93b0	1	0fdbf3977c990123	d545d947533e5583	1459	1	1	512	-1	1	1	0	none	-1	-	-	-	1	1	replay	none	472	3.7112
883	1788562125147614315	0x7f7af08c93b0	1	0fdbf3977c990123	d545d947533e5583	1459	1	1	512	-1	1	1	0	none	-1	-	-	-	1	1	replay	none	486	3.7218
884	1788562125152134615	0x7f7af08c93b0	1	0fdbf3977c990123	d545d947533e5583	1459	1	1	512	-1	1	1	0	none	-1	-	-	-	1	1	replay	none	511	3.7486
885	1788562125156713815	0x7f7af08c93b0	1	0fdbf3977c990123	d545d947533e5583	1459	1	1	512	-1	1	1	0	none	-1	-	-	-	1	1	replay	none	468	3.7140
886	1788562125161234737	0x7f7af08c93b0	1	0fdbf3977c990123	d545d947533e5583	1459	1	1	512	-1	1	1	0	none	-1	-	-	-	1	1	replay	none	477	3.7165
887	1788562125165749586	0x7f7af08c93b0	1	0fdbf3977c990123	d545d947533e5583	1459	1	1	512	-1	1	1	0	none	-1	-	-	-	1	1	replay	none	471	3.7701
888	1788562125170330069	0x7f7af08c93b0	1	0fdbf3977c990123	d545d947533e5583	1459	1	1	512	-1	1	1	0	none	-1	-	-	-	1	1	replay	none	476	3.7180
889	1788562125174843046	0x7f7af08c93b0	1	0fdbf3977c990123	d545d947533e5583	1459	1	1	512	-1	1	1	0	none	-1	-	-	-	1	1	replay	none	471	3.7356
890	1788562125179376681	0x7f7af08c93b0	1	0fdbf3977c990123	d545d947533e5583	1459	1	1	512	-1	1	1	0	none	-1	-	-	-	1	1	replay	none	468	3.7345
891	1788562125183899005	0x7f7af08c93b0	1	0fdbf3977c990123	d545d947533e5583	1459	1	1	512	-1	1	1	0	none	-1	-	-	-	1	1	replay	none	470	3.7202
892	1788562125188416239	0x7f7af08c93b0	1	0fdbf3977c990123	d545d947533e5583	1459	1	1	512	-1	1	1	0	none	-1	-	-	-	1	1	replay	none	468	3.7346
893	1788562125192942771	0x7f7af08c93b0	1	0fdbf3977c990123	d545d947533e5583	1459	1	1	512	-1	1	1	0	none	-1	-	-	-	1	1	replay	none	471	3.7451
894	1788562125197488609	0x7f7af08c93b0	1	0fdbf3977c990123	d545d947533e5583	1459	1	1	512	-1	1	1	0	none	-1	-	-	-	1	1	replay	none	497	3.7253
895	1788562125202014650	0x7f7af08c93b0	1	0fdbf3977c990123	d545d947533e5583	1459	1	1	512	-1	1	1	0	none	-1	-	-	-	1	1	replay	none	473	3.7345
896	1788562125206549397	0x7f7af08c93b0	1	0fdbf3977c990123	d545d947533e5583	1459	1	1	512	-1	1	1	0	none	-1	-	-	-	1	1	replay	none	469	3.7548
897	1788562125211097409	0x7f7af08c93b0	1	0fdbf3977c990123	d545d947533e5583	1459	1	1	512	-1	1	1	0	none	-1	-	-	-	1	1	replay	none	471	3.7039
898	1788562125215591430	0x7f7af08c93b0	1	0fdbf3977c990123	d545d947533e5583	1459	1	1	512	-1	1	1	0	none	-1	-	-	-	1	1	replay	none	467	3.7553
899	1788562125220131236	0x7f7af08c93b0	1	0fdbf3977c990123	d545d947533e5583	1459	1	1	512	-1	1	1	0	none	-1	-	-	-	1	1	replay	none	469	3.7377
900	1788562125224658530	0x7f7af08c93b0	1	0fdbf3977c990123	d545d947533e5583	1459	1	1	512	-1	1	1	0	none	-1	-	-	-	1	1	replay	none	469	3.7070
901	1788562125229152079	0x7f7af08c93b0	1	0fdbf3977c990123	d545d947533e5583	1459	1	1	512	-1	1	1	0	none	-1	-	-	-	1	1	replay	none	471	3.7334
902	1788562125233678731	0x7f7af08c93b0	1	0fdbf3977c990123	d545d947533e5583	1459	1	1	512	-1	1	1	0	none	-1	-	-	-	1	1	replay	none	468	3.7295
903	1788562125238200765	0x7f7af08c93b0	1	0fdbf3977c990123	d545d947533e5583	1459	1	1	512	-1	1	1	0	none	-1	-	-	-	1	1	replay	none	471	3.7189
904	1788562125242707910	0x7f7af08c93b0	1	0fdbf3977c990123	d545d947533e5583	1459	1	1	512	-1	1	1	0	none	-1	-	-	-	1	1	replay	none	468	3.7371
905	1788562125247230324	0x7f7af08c93b0	1	0fdbf3977c990123	d545d947533e5583	1459	1	1	512	-1	1	1	0	none	-1	-	-	-	1	1	replay	none	472	3.7358
906	1788562125251757647	0x7f7af08c93b0	1	0fdbf3977c990123	d545d947533e5583	1459	1	1	512	-1	1	1	0	none	-1	-	-	-	1	1	replay	none	470	3.7194
907	1788562125256265434	0x7f7af08c93b0	1	0fdbf3977c990123	d545d947533e5583	1459	1	1	512	-1	1	1	0	none	-1	-	-	-	1	1	replay	none	470	3.7692
908	1788562125260823335	0x7f7af08c93b0	1	0fdbf3977c990123	d545d947533e5583	1459	1	1	512	-1	1	1	0	none	-1	-	-	-	1	1	replay	none	468	3.7119
909	1788562125265329679	0x7f7af08c93b0	1	0fdbf3977c990123	d545d947533e5583	1459	1	1	512	-1	1	1	0	none	-1	-	-	-	1	1	replay	none	467	3.7145
910	1788562125269829320	0x7f7af08c93b0	1	0fdbf3977c990123	d545d947533e5583	1459	1	1	512	-1	1	1	0	none	-1	-	-	-	1	1	replay	none	466	3.7525
911	1788562125274370068	0x7f7af08c93b0	1	0fdbf3977c990123	d545d947533e5583	1459	1	1	512	-1	1	1	0	none	-1	-	-	-	1	1	replay	none	468	3.7070
912	1788562125278863909	0x7f7af08c93b0	1	0fdbf3977c990123	d545d947533e5583	1459	1	1	512	-1	1	1	0	none	-1	-	-	-	1	1	replay	none	470	3.7405
913	1788562125792763785	0x7f7af08c93b0	1	5e879b663492f411	08e88e7ade74d8a2	1459	4	1	256	-1	1	1	1	structure	0	GET_ROWS	model.input_embed	shape,data	1	0	direct	none	2614	4.6317
914	1788562125798759112	0x7f7af08c93b0	1	0fdbf3977c990123	d545d947533e5583	1459	1	1	512	-1	1	1	1	structure	0	GET_ROWS	model.input_embed	shape,data	0	0	direct	none	2226	4.1854
915	1788562125803743914	0x7f7af08c93b0	1	0fdbf3977c990123	d545d947533e5583	1459	1	1	512	-1	1	1	0	none	-1	-	-	-	0	1	capture	update	1681	4.9487
916	1788562125809494141	0x7f7af08c93b0	1	0fdbf3977c990123	d545d947533e5583	1459	1	1	512	-1	1	1	0	none	-1	-	-	-	1	1	replay	none	475	3.7368
917	1788562125814028157	0x7f7af08c93b0	1	0fdbf3977c990123	d545d947533e5583	1459	1	1	512	-1	1	1	0	none	-1	-	-	-	1	1	replay	none	477	3.7232
918	1788562125818553947	0x7f7af08c93b0	1	0fdbf3977c990123	d545d947533e5583	1459	1	1	512	-1	1	1	0	none	-1	-	-	-	1	1	replay	none	472	3.7519
919	1788562125823096960	0x7f7af08c93b0	1	0fdbf3977c990123	d545d947533e5583	1459	1	1	512	-1	1	1	0	none	-1	-	-	-	1	1	replay	none	474	3.7087
920	1788562125827597793	0x7f7af08c93b0	1	0fdbf3977c990123	d545d947533e5583	1459	1	1	512	-1	1	1	0	none	-1	-	-	-	1	1	replay	none	475	3.7221
921	1788562125832114286	0x7f7af08c93b0	1	0fdbf3977c990123	d545d947533e5583	1459	1	1	512	-1	1	1	0	none	-1	-	-	-	1	1	replay	none	504	3.7677
922	1788562125836697074	0x7f7af08c93b0	1	0fdbf3977c990123	d545d947533e5583	1459	1	1	512	-1	1	1	0	none	-1	-	-	-	1	1	replay	none	473	3.7084
923	1788562125841195142	0x7f7af08c93b0	1	0fdbf3977c990123	d545d947533e5583	1459	1	1	512	-1	1	1	0	none	-1	-	-	-	1	1	replay	none	474	3.7481
924	1788562125845738606	0x7f7af08c93b0	1	0fdbf3977c990123	d545d947533e5583	1459	1	1	512	-1	1	1	0	none	-1	-	-	-	1	1	replay	none	472	3.7364
925	1788562125850264446	0x7f7af08c93b0	1	0fdbf3977c990123	d545d947533e5583	1459	1	1	512	-1	1	1	0	none	-1	-	-	-	1	1	replay	none	477	3.7364
926	1788562125854794515	0x7f7af08c93b0	1	0fdbf3977c990123	d545d947533e5583	1459	1	1	512	-1	1	1	0	none	-1	-	-	-	1	1	replay	none	469	3.7250
927	1788562125859309845	0x7f7af08c93b0	1	0fdbf3977c990123	d545d947533e5583	1459	1	1	512	-1	1	1	0	none	-1	-	-	-	1	1	replay	none	475	3.7545
928	1788562125863871894	0x7f7af08c93b0	1	0fdbf3977c990123	d545d947533e5583	1459	1	1	512	-1	1	1	0	none	-1	-	-	-	1	1	replay	none	483	3.7097
929	1788562125868393636	0x7f7af08c93b0	1	0fdbf3977c990123	d545d947533e5583	1459	1	1	512	-1	1	1	0	none	-1	-	-	-	1	1	replay	none	475	3.7333
930	1788562125872928374	0x7f7af08c93b0	1	0fdbf3977c990123	d545d947533e5583	1459	1	1	512	-1	1	1	0	none	-1	-	-	-	1	1	replay	none	475	3.7263
931	1788562125877447582	0x7f7af08c93b0	1	0fdbf3977c990123	d545d947533e5583	1459	1	1	512	-1	1	1	0	none	-1	-	-	-	1	1	replay	none	473	3.7029
932	1788562125881950850	0x7f7af08c93b0	1	0fdbf3977c990123	d545d947533e5583	1459	1	1	512	-1	1	1	0	none	-1	-	-	-	1	1	replay	none	476	3.7432
933	1788562125886486238	0x7f7af08c93b0	1	0fdbf3977c990123	d545d947533e5583	1459	1	1	512	-1	1	1	0	none	-1	-	-	-	1	1	replay	none	476	3.7295
934	1788562125891011558	0x7f7af08c93b0	1	0fdbf3977c990123	d545d947533e5583	1459	1	1	512	-1	1	1	0	none	-1	-	-	-	1	1	replay	none	474	3.7163
935	1788562125895517511	0x7f7af08c93b0	1	0fdbf3977c990123	d545d947533e5583	1459	1	1	512	-1	1	1	0	none	-1	-	-	-	1	1	replay	none	472	3.7438
936	1788562125900052028	0x7f7af08c93b0	1	0fdbf3977c990123	d545d947533e5583	1459	1	1	512	-1	1	1	0	none	-1	-	-	-	1	1	replay	none	476	3.7174
937	1788562125904569683	0x7f7af08c93b0	1	0fdbf3977c990123	d545d947533e5583	1459	1	1	512	-1	1	1	0	none	-1	-	-	-	1	1	replay	none	472	3.7064
938	1788562125909284778	0x7f7af08c93b0	1	0fdbf3977c990123	d545d947533e5583	1459	1	1	512	-1	1	1	0	none	-1	-	-	-	1	1	replay	none	478	3.7605
939	1788562125913613148	0x7f7af08c93b0	1	da7570afdbb81394	2431a8fa2ddc5a4e	1459	252	0	256	-1	1	1	1	structure	0	GET_ROWS	model.input_embed	shape,data	1	0	direct	none	3169	16.0325
940	1788562125933781765	0x7f7af08c93b0	1	0fdbf3977c990123	d545d947533e5583	1459	1	1	512	-1	1	1	1	structure	0	GET_ROWS	model.input_embed	shape,data	0	0	direct	none	2215	4.2363
941	1788562125938580307	0x7f7af08c93b0	1	802ba1f19f5ea689	439a0fd9a059e2a3	1459	4	1	256	-1	1	1	1	structure	0	GET_ROWS	model.input_embed	shape,data	0	0	direct	none	2523	4.5636
942	1788562125944780188	0x7f7af08c93b0	1	d702fd6fe588b6cb	a107d5712f53f2bc	1459	2	2	512	-1	1	1	1	structure	0	GET_ROWS	model.input_embed	shape,data	0	0	direct	none	2524	4.5524
943	1788562125950392276	0x7f7af08c93b0	1	d702fd6fe588b6cb	a107d5712f53f2bc	1459	2	2	512	-1	1	1	0	none	-1	-	-	-	0	1	capture	reinstantiate	2608	6.1594
944	1788562125957604035	0x7f7af08c93b0	1	d702fd6fe588b6cb	a107d5712f53f2bc	1459	2	2	512	-1	1	1	0	none	-1	-	-	-	1	1	replay	none	480	4.0333
945	1788562125962680799	0x7f7af08c93b0	1	d702fd6fe588b6cb	a107d5712f53f2bc	1459	2	2	512	-1	1	1	0	none	-1	-	-	-	1	1	replay	none	474	4.0434
946	1788562125967756962	0x7f7af08c93b0	1	d702fd6fe588b6cb	a107d5712f53f2bc	1459	2	2	512	-1	1	1	0	none	-1	-	-	-	1	1	replay	none	474	4.0082
947	1788562125972795775	0x7f7af08c93b0	1	d702fd6fe588b6cb	a107d5712f53f2bc	1459	2	2	512	-1	1	1	0	none	-1	-	-	-	1	1	replay	none	473	4.0289
948	1788562125977859534	0x7f7af08c93b0	1	d702fd6fe588b6cb	a107d5712f53f2bc	1459	2	2	512	-1	1	1	0	none	-1	-	-	-	1	1	replay	none	474	4.0531
949	1788562125982948101	0x7f7af08c93b0	1	d702fd6fe588b6cb	a107d5712f53f2bc	1459	2	2	512	-1	1	1	0	none	-1	-	-	-	1	1	replay	none	475	4.0195
950	1788562125987997904	0x7f7af08c93b0	1	d702fd6fe588b6cb	a107d5712f53f2bc	1459	2	2	512	-1	1	1	0	none	-1	-	-	-	1	1	replay	none	475	4.0255
951	1788562125993046976	0x7f7af08c93b0	1	d702fd6fe588b6cb	a107d5712f53f2bc	1459	2	2	512	-1	1	1	0	none	-1	-	-	-	1	1	replay	none	475	4.0276
952	1788562125998113341	0x7f7af08c93b0	1	d702fd6fe588b6cb	a107d5712f53f2bc	1459	2	2	512	-1	1	1	0	none	-1	-	-	-	1	1	replay	none	481	4.0253
953	1788562126003186127	0x7f7af08c93b0	1	d702fd6fe588b6cb	a107d5712f53f2bc	1459	2	2	512	-1	1	1	0	none	-1	-	-	-	1	1	replay	none	479	4.0445
954	1788562126008269303	0x7f7af08c93b0	1	d702fd6fe588b6cb	a107d5712f53f2bc	1459	2	2	512	-1	1	1	0	none	-1	-	-	-	1	1	replay	none	475	4.0217
955	1788562126013327583	0x7f7af08c93b0	1	d702fd6fe588b6cb	a107d5712f53f2bc	1459	2	2	512	-1	1	1	0	none	-1	-	-	-	1	1	replay	none	472	4.0312
956	1788562126018388627	0x7f7af08c93b0	1	d702fd6fe588b6cb	a107d5712f53f2bc	1459	2	2	512	-1	1	1	0	none	-1	-	-	-	1	1	replay	none	472	4.0359
957	1788562126023457626	0x7f7af08c93b0	1	d702fd6fe588b6cb	a107d5712f53f2bc	1459	2	2	512	-1	1	1	0	none	-1	-	-	-	1	1	replay	none	473	4.0089
958	1788562126028497361	0x7f7af08c93b0	1	d702fd6fe588b6cb	a107d5712f53f2bc	1459	2	2	512	-1	1	1	0	none	-1	-	-	-	1	1	replay	none	471	4.0418
959	1788562126033563625	0x7f7af08c93b0	1	d702fd6fe588b6cb	a107d5712f53f2bc	1459	2	2	512	-1	1	1	0	none	-1	-	-	-	1	1	replay	none	470	4.0438
960	1788562126038651891	0x7f7af08c93b0	1	d702fd6fe588b6cb	a107d5712f53f2bc	1459	2	2	512	-1	1	1	0	none	-1	-	-	-	1	1	replay	none	472	4.0187
961	1788562126043711723	0x7f7af08c93b0	1	d702fd6fe588b6cb	a107d5712f53f2bc	1459	2	2	512	-1	1	1	0	none	-1	-	-	-	1	1	replay	none	472	4.0409
962	1788562126048826579	0x7f7af08c93b0	1	d702fd6fe588b6cb	a107d5712f53f2bc	1459	2	2	512	-1	1	1	0	none	-1	-	-	-	1	1	replay	none	483	4.0175
963	1788562126053893995	0x7f7af08c93b0	1	d702fd6fe588b6cb	a107d5712f53f2bc	1459	2	2	512	-1	1	1	0	none	-1	-	-	-	1	1	replay	none	476	4.0328
964	1788562126058959518	0x7f7af08c93b0	1	d702fd6fe588b6cb	a107d5712f53f2bc	1459	2	2	512	-1	1	1	0	none	-1	-	-	-	1	1	replay	none	474	4.0289
965	1788562126064014421	0x7f7af08c93b0	1	d702fd6fe588b6cb	a107d5712f53f2bc	1459	2	2	512	-1	1	1	0	none	-1	-	-	-	1	1	replay	none	474	4.0162
966	1788562126069064375	0x7f7af08c93b0	1	d702fd6fe588b6cb	a107d5712f53f2bc	1459	2	2	512	-1	1	1	0	none	-1	-	-	-	1	1	replay	none	475	4.1886
967	1788562126074280921	0x7f7af08c93b0	1	d702fd6fe588b6cb	a107d5712f53f2bc	1459	2	2	512	-1	1	1	0	none	-1	-	-	-	1	1	replay	none	473	4.0727
968	1788562126079388763	0x7f7af08c93b0	1	d702fd6fe588b6cb	a107d5712f53f2bc	1459	2	2	512	-1	1	1	0	none	-1	-	-	-	1	1	replay	none	472	4.0113
969	1788562126084444157	0x7f7af08c93b0	1	d702fd6fe588b6cb	a107d5712f53f2bc	1459	2	2	512	-1	1	1	0	none	-1	-	-	-	1	1	replay	none	470	4.0434
970	1788562126089512275	0x7f7af08c93b0	1	d702fd6fe588b6cb	a107d5712f53f2bc	1459	2	2	512	-1	1	1	0	none	-1	-	-	-	1	1	replay	none	470	4.0358
971	1788562126094577167	0x7f7af08c93b0	1	d702fd6fe588b6cb	a107d5712f53f2bc	1459	2	2	512	-1	1	1	0	none	-1	-	-	-	1	1	replay	none	472	4.0348
972	1788562126099650003	0x7f7af08c93b0	1	d702fd6fe588b6cb	a107d5712f53f2bc	1459	2	2	512	-1	1	1	0	none	-1	-	-	-	1	1	replay	none	472	4.0244
973	1788562126105159700	0x7f7af08c93b0	1	0fdbf3977c990123	d545d947533e5583	1459	1	1	512	-1	1	1	1	structure	0	GET_ROWS	model.input_embed	shape,data	1	0	direct	none	2270	4.2002
974	1788562126110162224	0x7f7af08c93b0	1	0fdbf3977c990123	d545d947533e5583	1459	1	1	512	-1	1	1	0	none	-1	-	-	-	0	1	capture	reinstantiate	2509	5.7698
975	1788562126116739012	0x7f7af08c93b0	1	0fdbf3977c990123	d545d947533e5583	1459	1	1	512	-1	1	1	0	none	-1	-	-	-	1	1	replay	none	475	3.7367
976	1788562126121265875	0x7f7af08c93b0	1	0fdbf3977c990123	d545d947533e5583	1459	1	1	512	-1	1	1	0	none	-1	-	-	-	1	1	replay	none	474	3.7153
977	1788562126125775485	0x7f7af08c93b0	1	0fdbf3977c990123	d545d947533e5583	1459	1	1	512	-1	1	1	0	none	-1	-	-	-	1	1	replay	none	470	3.7379
978	1788562126130304321	0x7f7af08c93b0	1	0fdbf3977c990123	d545d947533e5583	1459	1	1	512	-1	1	1	0	none	-1	-	-	-	1	1	replay	none	472	3.7483
979	1788562126134847093	0x7f7af08c93b0	1	0fdbf3977c990123	d545d947533e5583	1459	1	1	512	-1	1	1	0	none	-1	-	-	-	1	1	replay	none	469	3.7170
980	1788562126139355962	0x7f7af08c93b0	1	0fdbf3977c990123	d545d947533e5583	1459	1	1	512	-1	1	1	0	none	-1	-	-	-	1	1	replay	none	470	3.7350
981	1788562126143879408	0x7f7af08c93b0	1	0fdbf3977c990123	d545d947533e5583	1459	1	1	512	-1	1	1	0	none	-1	-	-	-	1	1	replay	none	472	3.7545
982	1788562126148434934	0x7f7af08c93b0	1	0fdbf3977c990123	d545d947533e5583	1459	1	1	512	-1	1	1	0	none	-1	-	-	-	1	1	replay	none	477	3.6980
983	1788562126152922352	0x7f7af08c93b0	1	0fdbf3977c990123	d545d947533e5583	1459	1	1	512	-1	1	1	0	none	-1	-	-	-	1	1	replay	none	473	3.7509
984	1788562126157467629	0x7f7af08c93b0	1	0fdbf3977c990123	d545d947533e5583	1459	1	1	512	-1	1	1	0	none	-1	-	-	-	1	1	replay	none	469	3.7353
985	1788562126161992077	0x7f7af08c93b0	1	0fdbf3977c990123	d545d947533e5583	1459	1	1	512	-1	1	1	0	none	-1	-	-	-	1	1	replay	none	471	3.7021
986	1788562126166482441	0x7f7af08c93b0	1	0fdbf3977c990123	d545d947533e5583	1459	1	1	512	-1	1	1	0	none	-1	-	-	-	1	1	replay	none	468	3.7437
987	1788562126171010215	0x7f7af08c93b0	1	0fdbf3977c990123	d545d947533e5583	1459	1	1	512	-1	1	1	0	none	-1	-	-	-	1	1	replay	none	471	3.7272
988	1788562126175524264	0x7f7af08c93b0	1	0fdbf3977c990123	d545d947533e5583	1459	1	1	512	-1	1	1	0	none	-1	-	-	-	1	1	replay	none	469	3.7306
989	1788562126180048401	0x7f7af08c93b0	1	0fdbf3977c990123	d545d947533e5583	1459	1	1	512	-1	1	1	0	none	-1	-	-	-	1	1	replay	none	472	3.7429
990	1788562126184587797	0x7f7af08c93b0	1	0fdbf3977c990123	d545d947533e5583	1459	1	1	512	-1	1	1	0	none	-1	-	-	-	1	1	replay	none	469	3.7345
991	1788562126189109500	0x7f7af08c93b0	1	0fdbf3977c990123	d545d947533e5583	1459	1	1	512	-1	1	1	0	none	-1	-	-	-	1	1	replay	none	473	3.7260
992	1788562126193621554	0x7f7af08c93b0	1	0fdbf3977c990123	d545d947533e5583	1459	1	1	512	-1	1	1	0	none	-1	-	-	-	1	1	replay	none	468	3.7601
993	1788562126198169516	0x7f7af08c93b0	1	0fdbf3977c990123	d545d947533e5583	1459	1	1	512	-1	1	1	0	none	-1	-	-	-	1	1	replay	none	471	3.7104
994	1788562126202668246	0x7f7af08c93b0	1	0fdbf3977c990123	d545d947533e5583	1459	1	1	512	-1	1	1	0	none	-1	-	-	-	1	1	replay	none	472	3.7212
995	1788562126207186081	0x7f7af08c93b0	1	0fdbf3977c990123	d545d947533e5583	1459	1	1	512	-1	1	1	0	none	-1	-	-	-	1	1	replay	none	473	3.7562
996	1788562126211729094	0x7f7af08c93b0	1	0fdbf3977c990123	d545d947533e5583	1459	1	1	512	-1	1	1	0	none	-1	-	-	-	1	1	replay	none	469	3.7084
997	1788562126216224487	0x7f7af08c93b0	1	0fdbf3977c990123	d545d947533e5583	1459	1	1	512	-1	1	1	0	none	-1	-	-	-	1	1	replay	none	472	3.7467
998	1788562126220758423	0x7f7af08c93b0	1	0fdbf3977c990123	d545d947533e5583	1459	1	1	512	-1	1	1	0	none	-1	-	-	-	1	1	replay	none	468	3.7384
999	1788562126225283542	0x7f7af08c93b0	1	0fdbf3977c990123	d545d947533e5583	1459	1	1	512	-1	1	1	0	none	-1	-	-	-	1	1	replay	none	471	3.7356
1000	1788562126229801388	0x7f7af08c93b0	1	0fdbf3977c990123	d545d947533e5583	1459	1	1	512	-1	1	1	0	none	-1	-	-	-	1	1	replay	none	467	3.7266
1001	1788562126234315737	0x7f7af08c93b0	1	0fdbf3977c990123	d545d947533e5583	1459	1	1	512	-1	1	1	0	none	-1	-	-	-	1	1	replay	none	471	3.7541
1002	1788562126238860302	0x7f7af08c93b0	1	0fdbf3977c990123	d545d947533e5583	1459	1	1	512	-1	1	1	0	none	-1	-	-	-	1	1	replay	none	470	3.7083
1003	1788562126243355114	0x7f7af08c93b0	1	0fdbf3977c990123	d545d947533e5583	1459	1	1	512	-1	1	1	0	none	-1	-	-	-	1	1	replay	none	468	3.7307
1004	1788562126247886275	0x7f7af08c93b0	1	0fdbf3977c990123	d545d947533e5583	1459	1	1	512	-1	1	1	0	none	-1	-	-	-	1	1	replay	none	477	3.7335
1005	1788562126252423617	0x7f7af08c93b0	1	0fdbf3977c990123	d545d947533e5583	1459	1	1	512	-1	1	1	0	none	-1	-	-	-	1	1	replay	none	472	3.7034
1006	1788562126256918810	0x7f7af08c93b0	1	0fdbf3977c990123	d545d947533e5583	1459	1	1	512	-1	1	1	0	none	-1	-	-	-	1	1	replay	none	472	3.7447
1007	1788562126261453497	0x7f7af08c93b0	1	0fdbf3977c990123	d545d947533e5583	1459	1	1	512	-1	1	1	0	none	-1	-	-	-	1	1	replay	none	467	3.7314
1008	1788562126265968647	0x7f7af08c93b0	1	0fdbf3977c990123	d545d947533e5583	1459	1	1	512	-1	1	1	0	none	-1	-	-	-	1	1	replay	none	471	3.7173
1009	1788562126270480151	0x7f7af08c93b0	1	0fdbf3977c990123	d545d947533e5583	1459	1	1	512	-1	1	1	0	none	-1	-	-	-	1	1	replay	none	468	3.7442
1010	1788562126275015560	0x7f7af08c93b0	1	0fdbf3977c990123	d545d947533e5583	1459	1	1	512	-1	1	1	0	none	-1	-	-	-	1	1	replay	none	469	3.7182
1011	1788562126279528726	0x7f7af08c93b0	1	0fdbf3977c990123	d545d947533e5583	1459	1	1	512	-1	1	1	0	none	-1	-	-	-	1	1	replay	none	467	3.7076
1012	1788562126284023418	0x7f7af08c93b0	1	0fdbf3977c990123	d545d947533e5583	1459	1	1	512	-1	1	1	0	none	-1	-	-	-	1	1	replay	none	471	3.7530
1013	1788562126288564567	0x7f7af08c93b0	1	0fdbf3977c990123	d545d947533e5583	1459	1	1	512	-1	1	1	0	none	-1	-	-	-	1	1	replay	none	467	3.7196
1014	1788562126293070621	0x7f7af08c93b0	1	0fdbf3977c990123	d545d947533e5583	1459	1	1	512	-1	1	1	0	none	-1	-	-	-	1	1	replay	none	468	3.7140
1015	1788562126297575312	0x7f7af08c93b0	1	0fdbf3977c990123	d545d947533e5583	1459	1	1	512	-1	1	1	0	none	-1	-	-	-	1	1	replay	none	466	3.7475
1016	1788562126302108225	0x7f7af08c93b0	1	0fdbf3977c990123	d545d947533e5583	1459	1	1	512	-1	1	1	0	none	-1	-	-	-	1	1	replay	none	472	3.7206
1017	1788562126306617114	0x7f7af08c93b0	1	0fdbf3977c990123	d545d947533e5583	1459	1	1	512	-1	1	1	0	none	-1	-	-	-	1	1	replay	none	467	3.7487
1018	1788562126311146752	0x7f7af08c93b0	1	0fdbf3977c990123	d545d947533e5583	1459	1	1	512	-1	1	1	0	none	-1	-	-	-	1	1	replay	none	469	3.7437
1019	1788562126315673855	0x7f7af08c93b0	1	0fdbf3977c990123	d545d947533e5583	1459	1	1	512	-1	1	1	0	none	-1	-	-	-	1	1	replay	none	467	3.7335
1020	1788562126320195838	0x7f7af08c93b0	1	0fdbf3977c990123	d545d947533e5583	1459	1	1	512	-1	1	1	0	none	-1	-	-	-	1	1	replay	none	469	3.7279
1021	1788562126324716719	0x7f7af08c93b0	1	0fdbf3977c990123	d545d947533e5583	1459	1	1	512	-1	1	1	0	none	-1	-	-	-	1	1	replay	none	467	3.7594
1022	1788562126329258720	0x7f7af08c93b0	1	0fdbf3977c990123	d545d947533e5583	1459	1	1	512	-1	1	1	0	none	-1	-	-	-	1	1	replay	none	470	3.7010
1023	1788562126333752039	0x7f7af08c93b0	1	0fdbf3977c990123	d545d947533e5583	1459	1	1	512	-1	1	1	0	none	-1	-	-	-	1	1	replay	none	466	3.7353
1024	1788562126338275095	0x7f7af08c93b0	1	0fdbf3977c990123	d545d947533e5583	1459	1	1	512	-1	1	1	0	none	-1	-	-	-	1	1	replay	none	468	3.7435
1025	1788562126342801115	0x7f7af08c93b0	1	0fdbf3977c990123	d545d947533e5583	1459	1	1	512	-1	1	1	0	none	-1	-	-	-	1	1	replay	none	468	3.6969
1026	1788562126347286921	0x7f7af08c93b0	1	0fdbf3977c990123	d545d947533e5583	1459	1	1	512	-1	1	1	0	none	-1	-	-	-	1	1	replay	none	468	3.7603
1027	1788562126351841034	0x7f7af08c93b0	1	0fdbf3977c990123	d545d947533e5583	1459	1	1	512	-1	1	1	0	none	-1	-	-	-	1	1	replay	none	467	3.7289
1028	1788562126356353550	0x7f7af08c93b0	1	0fdbf3977c990123	d545d947533e5583	1459	1	1	512	-1	1	1	0	none	-1	-	-	-	1	1	replay	none	467	3.7388
1029	1788562126360874651	0x7f7af08c93b0	1	0fdbf3977c990123	d545d947533e5583	1459	1	1	512	-1	1	1	0	none	-1	-	-	-	1	1	replay	none	468	3.7394
1030	1788562126365402946	0x7f7af08c93b0	1	0fdbf3977c990123	d545d947533e5583	1459	1	1	512	-1	1	1	0	none	-1	-	-	-	1	1	replay	none	465	3.7344
1031	1788562126370079500	0x7f7af08c93b0	1	0fdbf3977c990123	d545d947533e5583	1459	1	1	512	-1	1	1	0	none	-1	-	-	-	1	1	replay	none	471	3.7214
1032	1788562126374618395	0x7f7af08c93b0	1	0fdbf3977c990123	d545d947533e5583	1459	1	1	512	-1	1	1	0	none	-1	-	-	-	1	1	replay	none	481	3.7668
1033	1788562126379373866	0x7f7af08c93b0	1	0fdbf3977c990123	d545d947533e5583	1459	1	1	512	-1	1	1	0	none	-1	-	-	-	1	1	replay	none	473	3.7287
1034	1788562126383902221	0x7f7af08c93b0	1	0fdbf3977c990123	d545d947533e5583	1459	1	1	512	-1	1	1	0	none	-1	-	-	-	1	1	replay	none	477	3.7073
1035	1788562126388418724	0x7f7af08c93b0	1	0fdbf3977c990123	d545d947533e5583	1459	1	1	512	-1	1	1	0	none	-1	-	-	-	1	1	replay	none	477	3.7464
1036	1788562126392968710	0x7f7af08c93b0	1	0fdbf3977c990123	d545d947533e5583	1459	1	1	512	-1	1	1	0	none	-1	-	-	-	1	1	replay	none	472	3.7113
1037	1788562126397488108	0x7f7af08c93b0	1	0fdbf3977c990123	d545d947533e5583	1459	1	1	512	-1	1	1	0	none	-1	-	-	-	1	1	replay	none	481	3.7301
1038	1788562126402013287	0x7f7af08c93b0	1	0fdbf3977c990123	d545d947533e5583	1459	1	1	512	-1	1	1	0	none	-1	-	-	-	1	1	replay	none	486	3.7659
1039	1788562126406581778	0x7f7af08c93b0	1	0fdbf3977c990123	d545d947533e5583	1459	1	1	512	-1	1	1	0	none	-1	-	-	-	1	1	replay	none	470	3.7162
1040	1788562126411099303	0x7f7af08c93b0	1	0fdbf3977c990123	d545d947533e5583	1459	1	1	512	-1	1	1	0	none	-1	-	-	-	1	1	replay	none	473	3.7159
1041	1788562126415613301	0x7f7af08c93b0	1	0fdbf3977c990123	d545d947533e5583	1459	1	1	512	-1	1	1	0	none	-1	-	-	-	1	1	replay	none	473	3.7661
1042	1788562126420193283	0x7f7af08c93b0	1	0fdbf3977c990123	d545d947533e5583	1459	1	1	512	-1	1	1	0	none	-1	-	-	-	1	1	replay	none	476	3.7156
1043	1788562126931482032	0x7f7af08c93b0	1	5e879b663492f411	08e88e7ade74d8a2	1459	4	1	256	-1	1	1	1	structure	0	GET_ROWS	model.input_embed	shape,data	1	0	direct	none	2628	4.6554
1044	1788562126937489101	0x7f7af08c93b0	1	0fdbf3977c990123	d545d947533e5583	1459	1	1	512	-1	1	1	1	structure	0	GET_ROWS	model.input_embed	shape,data	0	0	direct	none	2419	4.2147
1045	1788562126942517845	0x7f7af08c93b0	1	0fdbf3977c990123	d545d947533e5583	1459	1	1	512	-1	1	1	0	none	-1	-	-	-	0	1	capture	update	1657	4.9385
1046	1788562126948253615	0x7f7af08c93b0	1	0fdbf3977c990123	d545d947533e5583	1459	1	1	512	-1	1	1	0	none	-1	-	-	-	1	1	replay	none	482	3.7111
1047	1788562126952770509	0x7f7af08c93b0	1	0fdbf3977c990123	d545d947533e5583	1459	1	1	512	-1	1	1	0	none	-1	-	-	-	1	1	replay	none	477	3.7152
1048	1788562126957277795	0x7f7af08c93b0	1	0fdbf3977c990123	d545d947533e5583	1459	1	1	512	-1	1	1	0	none	-1	-	-	-	1	1	replay	none	477	3.7535
1049	1788562126961823623	0x7f7af08c93b0	1	0fdbf3977c990123	d545d947533e5583	1459	1	1	512	-1	1	1	0	none	-1	-	-	-	1	1	replay	none	473	3.7099
1050	1788562126966323755	0x7f7af08c93b0	1	0fdbf3977c990123	d545d947533e5583	1459	1	1	512	-1	1	1	0	none	-1	-	-	-	1	1	replay	none	476	3.7371
1051	1788562126970851018	0x7f7af08c93b0	1	0fdbf3977c990123	d545d947533e5583	1459	1	1	512	-1	1	1	0	none	-1	-	-	-	1	1	replay	none	477	3.7415
1052	1788562126975388460	0x7f7af08c93b0	1	0fdbf3977c990123	d545d947533e5583	1459	1	1	512	-1	1	1	0	none	-1	-	-	-	1	1	replay	none	473	3.7346
1053	1788562126979908099	0x7f7af08c93b0	1	0fdbf3977c990123	d545d947533e5583	1459	1	1	512	-1	1	1	0	none	-1	-	-	-	1	1	replay	none	479	3.7241
1054	1788562126984436545	0x7f7af08c93b0	1	0fdbf3977c990123	d545d947533e5583	1459	1	1	512	-1	1	1	0	none	-1	-	-	-	1	1	replay	none	474	3.7550
1055	1788562126988979988	0x7f7af08c93b0	1	0fdbf3977c990123	d545d947533e5583	1459	1	1	512	-1	1	1	0	none	-1	-	-	-	1	1	replay	none	477	3.7085
1056	1788562126993486282	0x7f7af08c93b0	1	0fdbf3977c990123	d545d947533e5583	1459	1	1	512	-1	1	1	0	none	-1	-	-	-	1	1	replay	none	476	3.7375
1057	1788562126998012834	0x7f7af08c93b0	1	0fdbf3977c990123	d545d947533e5583	1459	1	1	512	-1	1	1	0	none	-1	-	-	-	1	1	replay	none	477	3.7253
1058	1788562127002537682	0x7f7af08c93b0	1	0fdbf3977c990123	d545d947533e5583	1459	1	1	512	-1	1	1	0	none	-1	-	-	-	1	1	replay	none	475	3.7066
1059	1788562127007039448	0x7f7af08c93b0	1	0fdbf3977c990123	d545d947533e5583	1459	1	1	512	-1	1	1	0	none	-1	-	-	-	1	1	replay	none	476	3.7384
1060	1788562127011574385	0x7f7af08c93b0	1	0fdbf3977c990123	d545d947533e5583	1459	1	1	512	-1	1	1	0	none	-1	-	-	-	1	1	replay	none	475	3.7379
1061	1788562127016115364	0x7f7af08c93b0	1	0fdbf3977c990123	d545d947533e5583	1459	1	1	512	-1	1	1	0	none	-1	-	-	-	1	1	replay	none	481	3.7115
1062	1788562127020665681	0x7f7af08c93b0	1	0fdbf3977c990123	d545d947533e5583	1459	1	1	512	-1	1	1	0	none	-1	-	-	-	1	1	replay	none	479	3.7464
1063	1788562127025225886	0x7f7af08c93b0	1	0fdbf3977c990123	d545d947533e5583	1459	1	1	512	-1	1	1	0	none	-1	-	-	-	1	1	replay	none	488	3.7381
1064	1788562127029795769	0x7f7af08c93b0	1	0fdbf3977c990123	d545d947533e5583	1459	1	1	512	-1	1	1	0	none	-1	-	-	-	1	1	replay	none	480	3.7060
1065	1788562127034308745	0x7f7af08c93b0	1	0fdbf3977c990123	d545d947533e5583	1459	1	1	512	-1	1	1	0	none	-1	-	-	-	1	1	replay	none	475	3.7619
1066	1788562127038870262	0x7f7af08c93b0	1	0fdbf3977c990123	d545d947533e5583	1459	1	1	512	-1	1	1	0	none	-1	-	-	-	1	1	replay	none	475	3.9268
1067	1788562127043588494	0x7f7af08c93b0	1	0fdbf3977c990123	d545d947533e5583	1459	1	1	512	-1	1	1	0	none	-1	-	-	-	1	1	replay	none	474	3.7268
1068	1788562127048330550	0x7f7af08c93b0	1	0fdbf3977c990123	d545d947533e5583	1459	1	1	512	-1	1	1	0	none	-1	-	-	-	1	1	replay	none	474	3.7375
1069	1788562127052635566	0x7f7af08c93b0	1	da7570afdbb81394	2431a8fa2ddc5a4e	1459	252	0	256	-1	1	1	1	structure	0	GET_ROWS	model.input_embed	shape,data	1	0	direct	none	3253	16.0733
1070	1788562127072952511	0x7f7af08c93b0	1	0fdbf3977c990123	d545d947533e5583	1459	1	1	512	-1	1	1	1	structure	0	GET_ROWS	model.input_embed	shape,data	0	0	direct	none	2161	4.2197
1071	1788562127077735574	0x7f7af08c93b0	1	802ba1f19f5ea689	439a0fd9a059e2a3	1459	4	1	256	-1	1	1	1	structure	0	GET_ROWS	model.input_embed	shape,data	0	0	direct	none	2457	4.5806
1072	1788562127083879400	0x7f7af08c93b0	1	d702fd6fe588b6cb	a107d5712f53f2bc	1459	2	2	512	-1	1	1	1	structure	0	GET_ROWS	model.input_embed	shape,data	0	0	direct	none	2509	4.5703
1073	1788562127089522045	0x7f7af08c93b0	1	d702fd6fe588b6cb	a107d5712f53f2bc	1459	2	2	512	-1	1	1	0	none	-1	-	-	-	0	1	capture	reinstantiate	2832	6.2843
1074	1788562127096894877	0x7f7af08c93b0	1	d702fd6fe588b6cb	a107d5712f53f2bc	1459	2	2	512	-1	1	1	0	none	-1	-	-	-	1	1	replay	none	499	4.0569
1075	1788562127102023478	0x7f7af08c93b0	1	d702fd6fe588b6cb	a107d5712f53f2bc	1459	2	2	512	-1	1	1	0	none	-1	-	-	-	1	1	replay	none	480	4.0284
1076	1788562127107094151	0x7f7af08c93b0	1	d702fd6fe588b6cb	a107d5712f53f2bc	1459	2	2	512	-1	1	1	0	none	-1	-	-	-	1	1	replay	none	478	4.0139
1077	1788562127112147631	0x7f7af08c93b0	1	d702fd6fe588b6cb	a107d5712f53f2bc	1459	2	2	512	-1	1	1	0	none	-1	-	-	-	1	1	replay	none	476	4.0413
1078	1788562127117231298	0x7f7af08c93b0	1	d702fd6fe588b6cb	a107d5712f53f2bc	1459	2	2	512	-1	1	1	0	none	-1	-	-	-	1	1	replay	none	476	4.0281
1079	1788562127122344140	0x7f7af08c93b0	1	d702fd6fe588b6cb	a107d5712f53f2bc	1459	2	2	512	-1	1	1	0	none	-1	-	-	-	1	1	replay	none	474	4.0354
1080	1788562127127547832	0x7f7af08c93b0	1	d702fd6fe588b6cb	a107d5712f53f2bc	1459	2	2	512	-1	1	1	0	none	-1	-	-	-	1	1	replay	none	499	4.0275
1081	1788562127132641367	0x7f7af08c93b0	1	d702fd6fe588b6cb	a107d5712f53f2bc	1459	2	2	512	-1	1	1	0	none	-1	-	-	-	1	1	replay	none	474	4.0240
1082	1788562127137710878	0x7f7af08c93b0	1	d702fd6fe588b6cb	a107d5712f53f2bc	1459	2	2	512	-1	1	1	0	none	-1	-	-	-	1	1	replay	none	474	4.0567
1083	1788562127142825082	0x7f7af08c93b0	1	d702fd6fe588b6cb	a107d5712f53f2bc	1459	2	2	512	-1	1	1	0	none	-1	-	-	-	1	1	replay	none	479	4.0152
1084	1788562127147881378	0x7f7af08c93b0	1	d702fd6fe588b6cb	a107d5712f53f2bc	1459	2	2	512	-1	1	1	0	none	-1	-	-	-	1	1	replay	none	477	4.0049
1085	1788562127152926773	0x7f7af08c93b0	1	d702fd6fe588b6cb	a107d5712f53f2bc	1459	2	2	512	-1	1	1	0	none	-1	-	-	-	1	1	replay	none	477	4.0504
1086	1788562127158023344	0x7f7af08c93b0	1	d702fd6fe588b6cb	a107d5712f53f2bc	1459	2	2	512	-1	1	1	0	none	-1	-	-	-	1	1	replay	none	476	4.0351
1087	1788562127163095209	0x7f7af08c93b0	1	d702fd6fe588b6cb	a107d5712f53f2bc	1459	2	2	512	-1	1	1	0	none	-1	-	-	-	1	1	replay	none	477	4.0316
1088	1788562127168170811	0x7f7af08c93b0	1	d702fd6fe588b6cb	a107d5712f53f2bc	1459	2	2	512	-1	1	1	0	none	-1	-	-	-	1	1	replay	none	477	4.0219
1089	1788562127173219061	0x7f7af08c93b0	1	d702fd6fe588b6cb	a107d5712f53f2bc	1459	2	2	512	-1	1	1	0	none	-1	-	-	-	1	1	replay	none	475	4.0243
1090	1788562127178278403	0x7f7af08c93b0	1	d702fd6fe588b6cb	a107d5712f53f2bc	1459	2	2	512	-1	1	1	0	none	-1	-	-	-	1	1	replay	none	474	4.0526
1091	1788562127183371437	0x7f7af08c93b0	1	d702fd6fe588b6cb	a107d5712f53f2bc	1459	2	2	512	-1	1	1	0	none	-1	-	-	-	1	1	replay	none	472	4.0186
1092	1788562127188425639	0x7f7af08c93b0	1	d702fd6fe588b6cb	a107d5712f53f2bc	1459	2	2	512	-1	1	1	0	none	-1	-	-	-	1	1	replay	none	471	4.0259
1093	1788562127193482025	0x7f7af08c93b0	1	d702fd6fe588b6cb	a107d5712f53f2bc	1459	2	2	512	-1	1	1	0	none	-1	-	-	-	1	1	replay	none	471	4.0552
1094	1788562127198575620	0x7f7af08c93b0	1	d702fd6fe588b6cb	a107d5712f53f2bc	1459	2	2	512	-1	1	1	0	none	-1	-	-	-	1	1	replay	none	473	4.0257
1095	1788562127203635142	0x7f7af08c93b0	1	d702fd6fe588b6cb	a107d5712f53f2bc	1459	2	2	512	-1	1	1	0	none	-1	-	-	-	1	1	replay	none	472	4.0094
1096	1788562127208681539	0x7f7af08c93b0	1	d702fd6fe588b6cb	a107d5712f53f2bc	1459	2	2	512	-1	1	1	0	none	-1	-	-	-	1	1	replay	none	473	4.0297
1097	1788562127213739578	0x7f7af08c93b0	1	d702fd6fe588b6cb	a107d5712f53f2bc	1459	2	2	512	-1	1	1	0	none	-1	-	-	-	1	1	replay	none	470	4.0410
1098	1788562127218805732	0x7f7af08c93b0	1	d702fd6fe588b6cb	a107d5712f53f2bc	1459	2	2	512	-1	1	1	0	none	-1	-	-	-	1	1	replay	none	470	4.0194
1099	1788562127223856517	0x7f7af08c93b0	1	d702fd6fe588b6cb	a107d5712f53f2bc	1459	2	2	512	-1	1	1	0	none	-1	-	-	-	1	1	replay	none	473	4.0073
1100	1788562127228890982	0x7f7af08c93b0	1	d702fd6fe588b6cb	a107d5712f53f2bc	1459	2	2	512	-1	1	1	0	none	-1	-	-	-	1	1	replay	none	473	4.0312
1101	1788562127233951916	0x7f7af08c93b0	1	d702fd6fe588b6cb	a107d5712f53f2bc	1459	2	2	512	-1	1	1	0	none	-1	-	-	-	1	1	replay	none	473	4.0378
1102	1788562127239024332	0x7f7af08c93b0	1	d702fd6fe588b6cb	a107d5712f53f2bc	1459	2	2	512	-1	1	1	0	none	-1	-	-	-	1	1	replay	none	473	4.0132
1103	1788562127244474857	0x7f7af08c93b0	1	0fdbf3977c990123	d545d947533e5583	1459	1	1	512	-1	1	1	1	structure	0	GET_ROWS	model.input_embed	shape,data	1	0	direct	none	2193	4.1852
1104	1788562127249462655	0x7f7af08c93b0	1	0fdbf3977c990123	d545d947533e5583	1459	1	1	512	-1	1	1	0	none	-1	-	-	-	0	1	capture	reinstantiate	2280	5.5339
1105	1788562127255806295	0x7f7af08c93b0	1	0fdbf3977c990123	d545d947533e5583	1459	1	1	512	-1	1	1	0	none	-1	-	-	-	1	1	replay	none	475	3.7433
1106	1788562127260356191	0x7f7af08c93b0	1	0fdbf3977c990123	d545d947533e5583	1459	1	1	512	-1	1	1	0	none	-1	-	-	-	1	1	replay	none	472	3.7086
1107	1788562127264858387	0x7f7af08c93b0	1	0fdbf3977c990123	d545d947533e5583	1459	1	1	512	-1	1	1	0	none	-1	-	-	-	1	1	replay	none	474	3.7342
1108	1788562127269387443	0x7f7af08c93b0	1	0fdbf3977c990123	d545d947533e5583	1459	1	1	512	-1	1	1	0	none	-1	-	-	-	1	1	replay	none	470	3.7608
1109	1788562127274117487	0x7f7af08c93b0	1	0fdbf3977c990123	d545d947533e5583	1459	1	1	512	-1	1	1	0	none	-1	-	-	-	1	1	replay	none	478	3.7207
1110	1788562127278637847	0x7f7af08c93b0	1	0fdbf3977c990123	d545d947533e5583	1459	1	1	512	-1	1	1	0	none	-1	-	-	-	1	1	replay	none	470	3.7765
1111	1788562127283219523	0x7f7af08c93b0	1	0fdbf3977c990123	d545d947533e5583	1459	1	1	512	-1	1	1	0	none	-1	-	-	-	1	1	replay	none	478	3.7421
1112	1788562127287763988	0x7f7af08c93b0	1	0fdbf3977c990123	d545d947533e5583	1459	1	1	512	-1	1	1	0	none	-1	-	-	-	1	1	replay	none	473	3.7366
1113	1788562127292290670	0x7f7af08c93b0	1	0fdbf3977c990123	d545d947533e5583	1459	1	1	512	-1	1	1	0	none	-1	-	-	-	1	1	replay	none	473	3.7248
1114	1788562127296810920	0x7f7af08c93b0	1	0fdbf3977c990123	d545d947533e5583	1459	1	1	512	-1	1	1	0	none	-1	-	-	-	1	1	replay	none	467	3.7506
1115	1788562127301363942	0x7f7af08c93b0	1	0fdbf3977c990123	d545d947533e5583	1459	1	1	512	-1	1	1	0	none	-1	-	-	-	1	1	replay	none	478	3.7110
1116	1788562127305883761	0x7f7af08c93b0	1	0fdbf3977c990123	d545d947533e5583	1459	1	1	512	-1	1	1	0	none	-1	-	-	-	1	1	replay	none	476	3.7306
1117	1788562127310419370	0x7f7af08c93b0	1	0fdbf3977c990123	d545d947533e5583	1459	1	1	512	-1	1	1	0	none	-1	-	-	-	1	1	replay	none	471	3.7285
1118	1788562127314942535	0x7f7af08c93b0	1	0fdbf3977c990123	d545d947533e5583	1459	1	1	512	-1	1	1	0	none	-1	-	-	-	1	1	replay	none	474	3.7038
1119	1788562127319473736	0x7f7af08c93b0	1	0fdbf3977c990123	d545d947533e5583	1459	1	1	512	-1	1	1	0	none	-1	-	-	-	1	1	replay	none	472	3.7440
1120	1788562127324013302	0x7f7af08c93b0	1	0fdbf3977c990123	d545d947533e5583	1459	1	1	512	-1	1	1	0	none	-1	-	-	-	1	1	replay	none	473	3.7323
1121	1788562127328576182	0x7f7af08c93b0	1	0fdbf3977c990123	d545d947533e5583	1459	1	1	512	-1	1	1	0	none	-1	-	-	-	1	1	replay	none	470	3.7144
1122	1788562127333119756	0x7f7af08c93b0	1	0fdbf3977c990123	d545d947533e5583	1459	1	1	512	-1	1	1	0	none	-1	-	-	-	1	1	replay	none	476	3.7439
1123	1788562127337676725	0x7f7af08c93b0	1	0fdbf3977c990123	d545d947533e5583	1459	1	1	512	-1	1	1	0	none	-1	-	-	-	1	1	replay	none	475	3.7296
1124	1788562127342203016	0x7f7af08c93b0	1	0fdbf3977c990123	d545d947533e5583	1459	1	1	512	-1	1	1	0	none	-1	-	-	-	1	1	replay	none	472	3.7114
1125	1788562127346708799	0x7f7af08c93b0	1	0fdbf3977c990123	d545d947533e5583	1459	1	1	512	-1	1	1	0	none	-1	-	-	-	1	1	replay	none	470	3.7590
1126	1788562127351268683	0x7f7af08c93b0	1	0fdbf3977c990123	d545d947533e5583	1459	1	1	512	-1	1	1	0	none	-1	-	-	-	1	1	replay	none	474	3.7188
1127	1788562127355784665	0x7f7af08c93b0	1	0fdbf3977c990123	d545d947533e5583	1459	1	1	512	-1	1	1	0	none	-1	-	-	-	1	1	replay	none	467	3.7121
1128	1788562127360283896	0x7f7af08c93b0	1	0fdbf3977c990123	d545d947533e5583	1459	1	1	512	-1	1	1	0	none	-1	-	-	-	1	1	replay	none	470	3.7492
1129	1788562127364827650	0x7f7af08c93b0	1	0fdbf3977c990123	d545d947533e5583	1459	1	1	512	-1	1	1	0	none	-1	-	-	-	1	1	replay	none	467	3.7189
1130	1788562127369334835	0x7f7af08c93b0	1	0fdbf3977c990123	d545d947533e5583	1459	1	1	512	-1	1	1	0	none	-1	-	-	-	1	1	replay	none	469	3.7372
1131	1788562127373862239	0x7f7af08c93b0	1	0fdbf3977c990123	d545d947533e5583	1459	1	1	512	-1	1	1	0	none	-1	-	-	-	1	1	replay	none	471	3.7495
1132	1788562127378404199	0x7f7af08c93b0	1	0fdbf3977c990123	d545d947533e5583	1459	1	1	512	-1	1	1	0	none	-1	-	-	-	1	1	replay	none	467	3.7372
1133	1788562127382930551	0x7f7af08c93b0	1	0fdbf3977c990123	d545d947533e5583	1459	1	1	512	-1	1	1	0	none	-1	-	-	-	1	1	replay	none	469	3.7283
1134	1788562127387446463	0x7f7af08c93b0	1	0fdbf3977c990123	d545d947533e5583	1459	1	1	512	-1	1	1	0	none	-1	-	-	-	1	1	replay	none	465	3.7655
1135	1788562127391995998	0x7f7af08c93b0	1	0fdbf3977c990123	d545d947533e5583	1459	1	1	512	-1	1	1	0	none	-1	-	-	-	1	1	replay	none	469	3.7007
1136	1788562127396490750	0x7f7af08c93b0	1	0fdbf3977c990123	d545d947533e5583	1459	1	1	512	-1	1	1	0	none	-1	-	-	-	1	1	replay	none	467	3.7382
1137	1788562127401019656	0x7f7af08c93b0	1	0fdbf3977c990123	d545d947533e5583	1459	1	1	512	-1	1	1	0	none	-1	-	-	-	1	1	replay	none	473	3.7462
1138	1788562127405557539	0x7f7af08c93b0	1	0fdbf3977c990123	d545d947533e5583	1459	1	1	512	-1	1	1	0	none	-1	-	-	-	1	1	replay	none	467	3.7042
1139	1788562127410047613	0x7f7af08c93b0	1	0fdbf3977c990123	d545d947533e5583	1459	1	1	512	-1	1	1	0	none	-1	-	-	-	1	1	replay	none	469	3.7486
1140	1788562127414582530	0x7f7af08c93b0	1	0fdbf3977c990123	d545d947533e5583	1459	1	1	512	-1	1	1	0	none	-1	-	-	-	1	1	replay	none	465	3.7316
1141	1788562127419110715	0x7f7af08c93b0	1	0fdbf3977c990123	d545d947533e5583	1459	1	1	512	-1	1	1	0	none	-1	-	-	-	1	1	replay	none	470	3.7319
1142	1788562127423637046	0x7f7af08c93b0	1	0fdbf3977c990123	d545d947533e5583	1459	1	1	512	-1	1	1	0	none	-1	-	-	-	1	1	replay	none	467	3.7341
1143	1788562127428157256	0x7f7af08c93b0	1	0fdbf3977c990123	d545d947533e5583	1459	1	1	512	-1	1	1	0	none	-1	-	-	-	1	1	replay	none	467	3.7476
1144	1788562127432693977	0x7f7af08c93b0	1	0fdbf3977c990123	d545d947533e5583	1459	1	1	512	-1	1	1	0	none	-1	-	-	-	1	1	replay	none	470	3.7110
1145	1788562127437198808	0x7f7af08c93b0	1	0fdbf3977c990123	d545d947533e5583	1459	1	1	512	-1	1	1	0	none	-1	-	-	-	1	1	replay	none	471	3.7449
1146	1788562127441735409	0x7f7af08c93b0	1	0fdbf3977c990123	d545d947533e5583	1459	1	1	512	-1	1	1	0	none	-1	-	-	-	1	1	replay	none	466	3.7161
1147	1788562127446235732	0x7f7af08c93b0	1	0fdbf3977c990123	d545d947533e5583	1459	1	1	512	-1	1	1	0	none	-1	-	-	-	1	1	replay	none	469	3.7088
1148	1788562127450827476	0x7f7af08c93b0	1	0fdbf3977c990123	d545d947533e5583	1459	1	1	512	-1	1	1	0	none	-1	-	-	-	1	1	replay	none	562	3.7463
1149	1788562127455457211	0x7f7af08c93b0	1	0fdbf3977c990123	d545d947533e5583	1459	1	1	512	-1	1	1	0	none	-1	-	-	-	1	1	replay	none	469	3.7118
1150	1788562127459966551	0x7f7af08c93b0	1	0fdbf3977c990123	d545d947533e5583	1459	1	1	512	-1	1	1	0	none	-1	-	-	-	1	1	replay	none	473	3.7304
1151	1788562127464508962	0x7f7af08c93b0	1	0fdbf3977c990123	d545d947533e5583	1459	1	1	512	-1	1	1	0	none	-1	-	-	-	1	1	replay	none	486	3.7634
1152	1788562127469140962	0x7f7af08c93b0	1	0fdbf3977c990123	d545d947533e5583	1459	1	1	512	-1	1	1	0	none	-1	-	-	-	1	1	replay	none	506	3.7214
1153	1788562127473686640	0x7f7af08c93b0	1	0fdbf3977c990123	d545d947533e5583	1459	1	1	512	-1	1	1	0	none	-1	-	-	-	1	1	replay	none	469	3.7141
1154	1788562127478193565	0x7f7af08c93b0	1	0fdbf3977c990123	d545d947533e5583	1459	1	1	512	-1	1	1	0	none	-1	-	-	-	1	1	replay	none	469	3.7658
1155	1788562127482746376	0x7f7af08c93b0	1	0fdbf3977c990123	d545d947533e5583	1459	1	1	512	-1	1	1	0	none	-1	-	-	-	1	1	replay	none	468	3.7157
1156	1788562127487249694	0x7f7af08c93b0	1	0fdbf3977c990123	d545d947533e5583	1459	1	1	512	-1	1	1	0	none	-1	-	-	-	1	1	replay	none	468	3.7321
1157	1788562127491765776	0x7f7af08c93b0	1	0fdbf3977c990123	d545d947533e5583	1459	1	1	512	-1	1	1	0	none	-1	-	-	-	1	1	replay	none	465	3.7368
1158	1788562127496294091	0x7f7af08c93b0	1	0fdbf3977c990123	d545d947533e5583	1459	1	1	512	-1	1	1	0	none	-1	-	-	-	1	1	replay	none	469	3.7172
1159	1788562127500826274	0x7f7af08c93b0	1	0fdbf3977c990123	d545d947533e5583	1459	1	1	512	-1	1	1	0	none	-1	-	-	-	1	1	replay	none	471	3.7358
1160	1788562127505359218	0x7f7af08c93b0	1	0fdbf3977c990123	d545d947533e5583	1459	1	1	512	-1	1	1	0	none	-1	-	-	-	1	1	replay	none	466	3.7454
1161	1788562127509891340	0x7f7af08c93b0	1	0fdbf3977c990123	d545d947533e5583	1459	1	1	512	-1	1	1	0	none	-1	-	-	-	1	1	replay	none	469	3.7161
1162	1788562127514401451	0x7f7af08c93b0	1	0fdbf3977c990123	d545d947533e5583	1459	1	1	512	-1	1	1	0	none	-1	-	-	-	1	1	replay	none	466	3.7316
1163	1788562127518916651	0x7f7af08c93b0	1	0fdbf3977c990123	d545d947533e5583	1459	1	1	512	-1	1	1	0	none	-1	-	-	-	1	1	replay	none	467	3.7532
1164	1788562127523457400	0x7f7af08c93b0	1	0fdbf3977c990123	d545d947533e5583	1459	1	1	512	-1	1	1	0	none	-1	-	-	-	1	1	replay	none	465	3.6937
1165	1788562127527938897	0x7f7af08c93b0	1	0fdbf3977c990123	d545d947533e5583	1459	1	1	512	-1	1	1	0	none	-1	-	-	-	1	1	replay	none	468	3.7477
1166	1788562127532477431	0x7f7af08c93b0	1	0fdbf3977c990123	d545d947533e5583	1459	1	1	512	-1	1	1	0	none	-1	-	-	-	1	1	replay	none	465	3.7362
1167	1788562127537005746	0x7f7af08c93b0	1	0fdbf3977c990123	d545d947533e5583	1459	1	1	512	-1	1	1	0	none	-1	-	-	-	1	1	replay	none	471	3.7005
1168	1788562127541493776	0x7f7af08c93b0	1	0fdbf3977c990123	d545d947533e5583	1459	1	1	512	-1	1	1	0	none	-1	-	-	-	1	1	replay	none	465	3.7379
1169	1788562127546022722	0x7f7af08c93b0	1	0fdbf3977c990123	d545d947533e5583	1459	1	1	512	-1	1	1	0	none	-1	-	-	-	1	1	replay	none	468	3.7272
1170	1788562127550554584	0x7f7af08c93b0	1	0fdbf3977c990123	d545d947533e5583	1459	1	1	512	-1	1	1	0	none	-1	-	-	-	1	1	replay	none	475	3.7319
1171	1788562127555086045	0x7f7af08c93b0	1	0fdbf3977c990123	d545d947533e5583	1459	1	1	512	-1	1	1	0	none	-1	-	-	-	1	1	replay	none	467	3.7403
1172	1788562127559615182	0x7f7af08c93b0	1	0fdbf3977c990123	d545d947533e5583	1459	1	1	512	-1	1	1	0	none	-1	-	-	-	1	1	replay	none	464	3.7327
1173	1788562128071079221	0x7f7af08c93b0	1	5e879b663492f411	08e88e7ade74d8a2	1459	4	1	256	-1	1	1	1	structure	0	GET_ROWS	model.input_embed	shape,data	1	0	direct	none	2623	4.6647
1174	1788562128077094265	0x7f7af08c93b0	1	0fdbf3977c990123	d545d947533e5583	1459	1	1	512	-1	1	1	1	structure	0	GET_ROWS	model.input_embed	shape,data	0	0	direct	none	2177	4.1914
1175	1788562128082093904	0x7f7af08c93b0	1	0fdbf3977c990123	d545d947533e5583	1459	1	1	512	-1	1	1	0	none	-1	-	-	-	0	1	capture	update	1677	4.9429
1176	1788562128087837840	0x7f7af08c93b0	1	0fdbf3977c990123	d545d947533e5583	1459	1	1	512	-1	1	1	0	none	-1	-	-	-	1	1	replay	none	477	3.7271
1177	1788562128092364572	0x7f7af08c93b0	1	0fdbf3977c990123	d545d947533e5583	1459	1	1	512	-1	1	1	0	none	-1	-	-	-	1	1	replay	none	476	3.7103
1178	1788562128096890984	0x7f7af08c93b0	1	0fdbf3977c990123	d545d947533e5583	1459	1	1	512	-1	1	1	0	none	-1	-	-	-	1	1	replay	none	483	3.7662
1179	1788562128101469653	0x7f7af08c93b0	1	0fdbf3977c990123	d545d947533e5583	1459	1	1	512	-1	1	1	0	none	-1	-	-	-	1	1	replay	none	478	3.7247
1180	1788562128106012516	0x7f7af08c93b0	1	0fdbf3977c990123	d545d947533e5583	1459	1	1	512	-1	1	1	0	none	-1	-	-	-	1	1	replay	none	485	3.7312
1181	1788562128110546011	0x7f7af08c93b0	1	0fdbf3977c990123	d545d947533e5583	1459	1	1	512	-1	1	1	0	none	-1	-	-	-	1	1	replay	none	476	3.7439
1182	1788562128115090185	0x7f7af08c93b0	1	0fdbf3977c990123	d545d947533e5583	1459	1	1	512	-1	1	1	0	none	-1	-	-	-	1	1	replay	none	478	3.7294
1183	1788562128119614784	0x7f7af08c93b0	1	0fdbf3977c990123	d545d947533e5583	1459	1	1	512	-1	1	1	0	none	-1	-	-	-	1	1	replay	none	475	3.7295
1184	1788562128124135254	0x7f7af08c93b0	1	0fdbf3977c990123	d545d947533e5583	1459	1	1	512	-1	1	1	0	none	-1	-	-	-	1	1	replay	none	478	3.7445
1185	1788562128128679659	0x7f7af08c93b0	1	0fdbf3977c990123	d545d947533e5583	1459	1	1	512	-1	1	1	0	none	-1	-	-	-	1	1	replay	none	476	3.7323
1186	1788562128133209608	0x7f7af08c93b0	1	0fdbf3977c990123	d545d947533e5583	1459	1	1	512	-1	1	1	0	none	-1	-	-	-	1	1	replay	none	478	3.7285
1187	1788562128137729908	0x7f7af08c93b0	1	0fdbf3977c990123	d545d947533e5583	1459	1	1	512	-1	1	1	0	none	-1	-	-	-	1	1	replay	none	476	3.7754
1188	1788562128142306363	0x7f7af08c93b0	1	0fdbf3977c990123	d545d947533e5583	1459	1	1	512	-1	1	1	0	none	-1	-	-	-	1	1	replay	none	477	3.7125
1189	1788562128146815292	0x7f7af08c93b0	1	0fdbf3977c990123	d545d947533e5583	1459	1	1	512	-1	1	1	0	none	-1	-	-	-	1	1	replay	none	474	3.7539
1190	1788562128151471467	0x7f7af08c93b0	1	0fdbf3977c990123	d545d947533e5583	1459	1	1	512	-1	1	1	0	none	-1	-	-	-	1	1	replay	none	499	3.7452
1191	1788562128156039577	0x7f7af08c93b0	1	0fdbf3977c990123	d545d947533e5583	1459	1	1	512	-1	1	1	0	none	-1	-	-	-	1	1	replay	none	478	3.7187
1192	1788562128160568373	0x7f7af08c93b0	1	0fdbf3977c990123	d545d947533e5583	1459	1	1	512	-1	1	1	0	none	-1	-	-	-	1	1	replay	none	473	3.7349
1193	1788562128165096678	0x7f7af08c93b0	1	0fdbf3977c990123	d545d947533e5583	1459	1	1	512	-1	1	1	0	none	-1	-	-	-	1	1	replay	none	477	3.7378
1194	1788562128169633319	0x7f7af08c93b0	1	0fdbf3977c990123	d545d947533e5583	1459	1	1	512	-1	1	1	0	none	-1	-	-	-	1	1	replay	none	473	3.7134
1195	1788562128174149160	0x7f7af08c93b0	1	0fdbf3977c990123	d545d947533e5583	1459	1	1	512	-1	1	1	0	none	-1	-	-	-	1	1	replay	none	477	3.7237
1196	1788562128178671434	0x7f7af08c93b0	1	0fdbf3977c990123	d545d947533e5583	1459	1	1	512	-1	1	1	0	none	-1	-	-	-	1	1	replay	none	475	3.7399
1197	1788562128183213044	0x7f7af08c93b0	1	0fdbf3977c990123	d545d947533e5583	1459	1	1	512	-1	1	1	0	none	-1	-	-	-	1	1	replay	none	480	3.7150
1198	1788562128187957104	0x7f7af08c93b0	1	0fdbf3977c990123	d545d947533e5583	1459	1	1	512	-1	1	1	0	none	-1	-	-	-	1	1	replay	none	480	3.7533
1199	1788562128192279473	0x7f7af08c93b0	1	da7570afdbb81394	2431a8fa2ddc5a4e	1459	252	0	256	-1	1	1	1	structure	0	GET_ROWS	model.input_embed	shape,data	1	0	direct	none	3222	16.0532
1200	1788562128212562825	0x7f7af08c93b0	1	0fdbf3977c990123	d545d947533e5583	1459	1	1	512	-1	1	1	1	structure	0	GET_ROWS	model.input_embed	shape,data	0	0	direct	none	2241	4.2445
1201	1788562128217376034	0x7f7af08c93b0	1	802ba1f19f5ea689	439a0fd9a059e2a3	1459	4	1	256	-1	1	1	1	structure	0	GET_ROWS	model.input_embed	shape,data	0	0	direct	none	2494	4.5530
1202	1788562128223441974	0x7f7af08c93b0	1	d702fd6fe588b6cb	a107d5712f53f2bc	1459	2	2	512	-1	1	1	1	structure	0	GET_ROWS	model.input_embed	shape,data	0	0	direct	none	2475	4.5365
1203	1788562128229030428	0x7f7af08c93b0	1	d702fd6fe588b6cb	a107d5712f53f2bc	1459	2	2	512	-1	1	1	0	none	-1	-	-	-	0	1	capture	reinstantiate	2930	6.4914
1204	1788562128236578969	0x7f7af08c93b0	1	d702fd6fe588b6cb	a107d5712f53f2bc	1459	2	2	512	-1	1	1	0	none	-1	-	-	-	1	1	replay	none	482	4.0198
1205	1788562128241647488	0x7f7af08c93b0	1	d702fd6fe588b6cb	a107d5712f53f2bc	1459	2	2	512	-1	1	1	0	none	-1	-	-	-	1	1	replay	none	477	4.0306
1206	1788562128246718371	0x7f7af08c93b0	1	d702fd6fe588b6cb	a107d5712f53f2bc	1459	2	2	512	-1	1	1	0	none	-1	-	-	-	1	1	replay	none	475	4.0481
1207	1788562128251812387	0x7f7af08c93b0	1	d702fd6fe588b6cb	a107d5712f53f2bc	1459	2	2	512	-1	1	1	0	none	-1	-	-	-	1	1	replay	none	475	4.0252
1208	1788562128256874514	0x7f7af08c93b0	1	d702fd6fe588b6cb	a107d5712f53f2bc	1459	2	2	512	-1	1	1	0	none	-1	-	-	-	1	1	replay	none	480	4.0426
1209	1788562128261957730	0x7f7af08c93b0	1	d702fd6fe588b6cb	a107d5712f53f2bc	1459	2	2	512	-1	1	1	0	none	-1	-	-	-	1	1	replay	none	476	4.0459
1210	1788562128267032761	0x7f7af08c93b0	1	d702fd6fe588b6cb	a107d5712f53f2bc	1459	2	2	512	-1	1	1	0	none	-1	-	-	-	1	1	replay	none	476	4.0158
1211	1788562128272088996	0x7f7af08c93b0	1	d702fd6fe588b6cb	a107d5712f53f2bc	1459	2	2	512	-1	1	1	0	none	-1	-	-	-	1	1	replay	none	476	4.0471
1212	1788562128277171200	0x7f7af08c93b0	1	d702fd6fe588b6cb	a107d5712f53f2bc	1459	2	2	512	-1	1	1	0	none	-1	-	-	-	1	1	replay	none	474	4.0440
1213	1788562128282248886	0x7f7af08c93b0	1	d702fd6fe588b6cb	a107d5712f53f2bc	1459	2	2	512	-1	1	1	0	none	-1	-	-	-	1	1	replay	none	474	4.0300
1214	1788562128287320030	0x7f7af08c93b0	1	d702fd6fe588b6cb	a107d5712f53f2bc	1459	2	2	512	-1	1	1	0	none	-1	-	-	-	1	1	replay	none	480	4.0437
1215	1788562128292413826	0x7f7af08c93b0	1	d702fd6fe588b6cb	a107d5712f53f2bc	1459	2	2	512	-1	1	1	0	none	-1	-	-	-	1	1	replay	none	474	4.0185
1216	1788562128297477876	0x7f7af08c93b0	1	d702fd6fe588b6cb	a107d5712f53f2bc	1459	2	2	512	-1	1	1	0	none	-1	-	-	-	1	1	replay	none	472	4.0404
1217	1788562128302567835	0x7f7af08c93b0	1	d702fd6fe588b6cb	a107d5712f53f2bc	1459	2	2	512	-1	1	1	0	none	-1	-	-	-	1	1	replay	none	479	4.0331
1218	1788562128307649247	0x7f7af08c93b0	1	d702fd6fe588b6cb	a107d5712f53f2bc	1459	2	2	512	-1	1	1	0	none	-1	-	-	-	1	1	replay	none	477	4.0168
1219	1788562128312702618	0x7f7af08c93b0	1	d702fd6fe588b6cb	a107d5712f53f2bc	1459	2	2	512	-1	1	1	0	none	-1	-	-	-	1	1	replay	none	474	4.0576
1220	1788562128317799580	0x7f7af08c93b0	1	d702fd6fe588b6cb	a107d5712f53f2bc	1459	2	2	512	-1	1	1	0	none	-1	-	-	-	1	1	replay	none	473	4.0462
1221	1788562128322884098	0x7f7af08c93b0	1	d702fd6fe588b6cb	a107d5712f53f2bc	1459	2	2	512	-1	1	1	0	none	-1	-	-	-	1	1	replay	none	477	4.0117
1222	1788562128327929373	0x7f7af08c93b0	1	d702fd6fe588b6cb	a107d5712f53f2bc	1459	2	2	512	-1	1	1	0	none	-1	-	-	-	1	1	replay	none	475	4.0463
1223	1788562128333004594	0x7f7af08c93b0	1	d702fd6fe588b6cb	a107d5712f53f2bc	1459	2	2	512	-1	1	1	0	none	-1	-	-	-	1	1	replay	none	476	4.0340
1224	1788562128338077621	0x7f7af08c93b0	1	d702fd6fe588b6cb	a107d5712f53f2bc	1459	2	2	512	-1	1	1	0	none	-1	-	-	-	1	1	replay	none	475	4.0422
1225	1788562128343156860	0x7f7af08c93b0	1	d702fd6fe588b6cb	a107d5712f53f2bc	1459	2	2	512	-1	1	1	0	none	-1	-	-	-	1	1	replay	none	476	4.0146
1226	1788562128348205191	0x7f7af08c93b0	1	d702fd6fe588b6cb	a107d5712f53f2bc	1459	2	2	512	-1	1	1	0	none	-1	-	-	-	1	1	replay	none	476	4.0175
1227	1788562128353264792	0x7f7af08c93b0	1	d702fd6fe588b6cb	a107d5712f53f2bc	1459	2	2	512	-1	1	1	0	none	-1	-	-	-	1	1	replay	none	476	4.0685
1228	1788562128358499292	0x7f7af08c93b0	1	d702fd6fe588b6cb	a107d5712f53f2bc	1459	2	2	512	-1	1	1	0	none	-1	-	-	-	1	1	replay	none	571	4.0266
1229	1788562128363674681	0x7f7af08c93b0	1	d702fd6fe588b6cb	a107d5712f53f2bc	1459	2	2	512	-1	1	1	0	none	-1	-	-	-	1	1	replay	none	477	4.0149
1230	1788562128368723042	0x7f7af08c93b0	1	d702fd6fe588b6cb	a107d5712f53f2bc	1459	2	2	512	-1	1	1	0	none	-1	-	-	-	1	1	replay	none	473	4.0527
1231	1788562128373814424	0x7f7af08c93b0	1	d702fd6fe588b6cb	a107d5712f53f2bc	1459	2	2	512	-1	1	1	0	none	-1	-	-	-	1	1	replay	none	471	4.0403
1232	1788562128378893773	0x7f7af08c93b0	1	d702fd6fe588b6cb	a107d5712f53f2bc	1459	2	2	512	-1	1	1	0	none	-1	-	-	-	1	1	replay	none	473	4.0224
1233	1788562128384343597	0x7f7af08c93b0	1	0fdbf3977c990123	d545d947533e5583	1459	1	1	512	-1	1	1	1	structure	0	GET_ROWS	model.input_embed	shape,data	1	0	direct	none	2177	4.1996
1234	1788562128389344969	0x7f7af08c93b0	1	0fdbf3977c990123	d545d947533e5583	1459	1	1	512	-1	1	1	0	none	-1	-	-	-	0	1	capture	reinstantiate	2399	5.5782
1235	1788562128395728765	0x7f7af08c93b0	1	0fdbf3977c990123	d545d947533e5583	1459	1	1	512	-1	1	1	0	none	-1	-	-	-	1	1	replay	none	473	3.7459
1236	1788562128400261318	0x7f7af08c93b0	1	0fdbf3977c990123	d545d947533e5583	1459	1	1	512	-1	1	1	0	none	-1	-	-	-	1	1	replay	none	483	3.7341
1237	1788562128404820281	0x7f7af08c93b0	1	0fdbf3977c990123	d545d947533e5583	1459	1	1	512	-1	1	1	0	none	-1	-	-	-	1	1	replay	none	476	3.7146
1238	1788562128409333798	0x7f7af08c93b0	1	0fdbf3977c990123	d545d947533e5583	1459	1	1	512	-1	1	1	0	none	-1	-	-	-	1	1	replay	none	472	3.7566
1239	1788562128413883283	0x7f7af08c93b0	1	0fdbf3977c990123	d545d947533e5583	1459	1	1	512	-1	1	1	0	none	-1	-	-	-	1	1	replay	none	473	3.7236
1240	1788562128418406809	0x7f7af08c93b0	1	0fdbf3977c990123	d545d947533e5583	1459	1	1	512	-1	1	1	0	none	-1	-	-	-	1	1	replay	none	469	3.7260
1241	1788562128422938220	0x7f7af08c93b0	1	0fdbf3977c990123	d545d947533e5583	1459	1	1	512	-1	1	1	0	none	-1	-	-	-	1	1	replay	none	518	3.7475
1242	1788562128427533261	0x7f7af08c93b0	1	0fdbf3977c990123	d545d947533e5583	1459	1	1	512	-1	1	1	0	none	-1	-	-	-	1	1	replay	none	473	3.7292
1243	1788562128432067697	0x7f7af08c93b0	1	0fdbf3977c990123	d545d947533e5583	1459	1	1	512	-1	1	1	0	none	-1	-	-	-	1	1	replay	none	477	3.7365
1244	1788562128436609388	0x7f7af08c93b0	1	0fdbf3977c990123	d545d947533e5583	1459	1	1	512	-1	1	1	0	none	-1	-	-	-	1	1	replay	none	475	3.7483
1245	1788562128441185873	0x7f7af08c93b0	1	0fdbf3977c990123	d545d947533e5583	1459	1	1	512	-1	1	1	0	none	-1	-	-	-	1	1	replay	none	477	3.7299
1246	1788562128445714248	0x7f7af08c93b0	1	0fdbf3977c990123	d545d947533e5583	1459	1	1	512	-1	1	1	0	none	-1	-	-	-	1	1	replay	none	470	3.7303
1247	1788562128450235821	0x7f7af08c93b0	1	0fdbf3977c990123	d545d947533e5583	1459	1	1	512	-1	1	1	0	none	-1	-	-	-	1	1	replay	none	474	3.7734
1248	1788562128454807968	0x7f7af08c93b0	1	0fdbf3977c990123	d545d947533e5583	1459	1	1	512	-1	1	1	0	none	-1	-	-	-	1	1	replay	none	472	3.7130
1249	1788562128459318871	0x7f7af08c93b0	1	0fdbf3977c990123	d545d947533e5583	1459	1	1	512	-1	1	1	0	none	-1	-	-	-	1	1	replay	none	509	3.7567
1250	1788562128463910815	0x7f7af08c93b0	1	0fdbf3977c990123	d545d947533e5583	1459	1	1	512	-1	1	1	0	none	-1	-	-	-	1	1	replay	none	473	3.7467
1251	1788562128468456864	0x7f7af08c93b0	1	0fdbf3977c990123	d545d947533e5583	1459	1	1	512	-1	1	1	0	none	-1	-	-	-	1	1	replay	none	476	3.7203
1252	1788562128472974939	0x7f7af08c93b0	1	0fdbf3977c990123	d545d947533e5583	1459	1	1	512	-1	1	1	0	none	-1	-	-	-	1	1	replay	none	474	3.7406
1253	1788562128479301498	0x7f7af08c93b0	1	0fdbf3977c990123	d545d947533e5583	1459	1	1	512	-1	1	1	0	none	-1	-	-	-	1	1	replay	none	475	3.8095
1254	1788562128483907429	0x7f7af08c93b0	1	0fdbf3977c990123	d545d947533e5583	1459	1	1	512	-1	1	1	0	none	-1	-	-	-	1	1	replay	none	472	3.7339
1255	1788562128488434231	0x7f7af08c93b0	1	0fdbf3977c990123	d545d947533e5583	1459	1	1	512	-1	1	1	0	none	-1	-	-	-	1	1	replay	none	471	3.7167
1256	1788562128492976833	0x7f7af08c93b0	1	0fdbf3977c990123	d545d947533e5583	1459	1	1	512	-1	1	1	0	none	-1	-	-	-	1	1	replay	none	474	3.7373
1257	1788562128497514245	0x7f7af08c93b0	1	0fdbf3977c990123	d545d947533e5583	1459	1	1	512	-1	1	1	0	none	-1	-	-	-	1	1	replay	none	470	3.7292
1258	1788562128502039605	0x7f7af08c93b0	1	0fdbf3977c990123	d545d947533e5583	1459	1	1	512	-1	1	1	0	none	-1	-	-	-	1	1	replay	none	476	3.7276
1259	1788562128506574653	0x7f7af08c93b0	1	0fdbf3977c990123	d545d947533e5583	1459	1	1	512	-1	1	1	0	none	-1	-	-	-	1	1	replay	none	509	3.7679
1260	1788562128511177408	0x7f7af08c93b0	1	0fdbf3977c990123	d545d947533e5583	1459	1	1	512	-1	1	1	0	none	-1	-	-	-	1	1	replay	none	474	3.7205
1261	1788562128515695804	0x7f7af08c93b0	1	0fdbf3977c990123	d545d947533e5583	1459	1	1	512	-1	1	1	0	none	-1	-	-	-	1	1	replay	none	505	3.7404
1262	1788562128520265327	0x7f7af08c93b0	1	0fdbf3977c990123	d545d947533e5583	1459	1	1	512	-1	1	1	0	none	-1	-	-	-	1	1	replay	none	512	3.7520
1263	1788562128524849917	0x7f7af08c93b0	1	0fdbf3977c990123	d545d947533e5583	1459	1	1	512	-1	1	1	0	none	-1	-	-	-	1	1	replay	none	470	3.7185
1264	1788562128529360750	0x7f7af08c93b0	1	0fdbf3977c990123	d545d947533e5583	1459	1	1	512	-1	1	1	0	none	-1	-	-	-	1	1	replay	none	469	3.7307
1265	1788562128533875780	0x7f7af08c93b0	1	0fdbf3977c990123	d545d947533e5583	1459	1	1	512	-1	1	1	0	none	-1	-	-	-	1	1	replay	none	472	3.7526
1266	1788562128538428551	0x7f7af08c93b0	1	0fdbf3977c990123	d545d947533e5583	1459	1	1	512	-1	1	1	0	none	-1	-	-	-	1	1	replay	none	469	3.7260
1267	1788562128542941066	0x7f7af08c93b0	1	0fdbf3977c990123	d545d947533e5583	1459	1	1	512	-1	1	1	0	none	-1	-	-	-	1	1	replay	none	473	3.7214
1268	1788562128547494709	0x7f7af08c93b0	1	0fdbf3977c990123	d545d947533e5583	1459	1	1	512	-1	1	1	0	none	-1	-	-	-	1	1	replay	none	471	3.7517
1269	1788562128552046548	0x7f7af08c93b0	1	0fdbf3977c990123	d545d947533e5583	1459	1	1	512	-1	1	1	0	none	-1	-	-	-	1	1	replay	none	475	3.7214
1270	1788562128556592597	0x7f7af08c93b0	1	0fdbf3977c990123	d545d947533e5583	1459	1	1	512	-1	1	1	0	none	-1	-	-	-	1	1	replay	none	472	3.7535
1271	1788562128561144256	0x7f7af08c93b0	1	0fdbf3977c990123	d545d947533e5583	1459	1	1	512	-1	1	1	0	none	-1	-	-	-	1	1	replay	none	473	3.7462
1272	1788562128565684543	0x7f7af08c93b0	1	0fdbf3977c990123	d545d947533e5583	1459	1	1	512	-1	1	1	0	none	-1	-	-	-	1	1	replay	none	505	3.7378
1273	1788562128570245520	0x7f7af08c93b0	1	0fdbf3977c990123	d545d947533e5583	1459	1	1	512	-1	1	1	0	none	-1	-	-	-	1	1	replay	none	472	3.7320
1274	1788562128574777913	0x7f7af08c93b0	1	0fdbf3977c990123	d545d947533e5583	1459	1	1	512	-1	1	1	0	none	-1	-	-	-	1	1	replay	none	468	3.7503
1275	1788562128579330082	0x7f7af08c93b0	1	0fdbf3977c990123	d545d947533e5583	1459	1	1	512	-1	1	1	0	none	-1	-	-	-	1	1	replay	none	470	3.7020
1276	1788562128583822210	0x7f7af08c93b0	1	0fdbf3977c990123	d545d947533e5583	1459	1	1	512	-1	1	1	0	none	-1	-	-	-	1	1	replay	none	468	3.7365
1277	1788562128588353290	0x7f7af08c93b0	1	0fdbf3977c990123	d545d947533e5583	1459	1	1	512	-1	1	1	0	none	-1	-	-	-	1	1	replay	none	469	3.7388
1278	1788562128592887085	0x7f7af08c93b0	1	0fdbf3977c990123	d545d947533e5583	1459	1	1	512	-1	1	1	0	none	-1	-	-	-	1	1	replay	none	472	3.7072
1279	1788562128597422654	0x7f7af08c93b0	1	0fdbf3977c990123	d545d947533e5583	1459	1	1	512	-1	1	1	0	none	-1	-	-	-	1	1	replay	none	468	3.7579
1280	1788562128602093226	0x7f7af08c93b0	1	0fdbf3977c990123	d545d947533e5583	1459	1	1	512	-1	1	1	0	none	-1	-	-	-	1	1	replay	none	546	3.7342
1281	1788562128606702644	0x7f7af08c93b0	1	0fdbf3977c990123	d545d947533e5583	1459	1	1	512	-1	1	1	0	none	-1	-	-	-	1	1	replay	none	469	3.7328
1282	1788562128611225358	0x7f7af08c93b0	1	0fdbf3977c990123	d545d947533e5583	1459	1	1	512	-1	1	1	0	none	-1	-	-	-	1	1	replay	none	472	3.7334
1283	1788562128615758042	0x7f7af08c93b0	1	0fdbf3977c990123	d545d947533e5583	1459	1	1	512	-1	1	1	0	none	-1	-	-	-	1	1	replay	none	469	3.7435
1284	1788562128620293580	0x7f7af08c93b0	1	0fdbf3977c990123	d545d947533e5583	1459	1	1	512	-1	1	1	0	none	-1	-	-	-	1	1	replay	none	469	3.7178
1285	1788562128624795496	0x7f7af08c93b0	1	0fdbf3977c990123	d545d947533e5583	1459	1	1	512	-1	1	1	0	none	-1	-	-	-	1	1	replay	none	467	3.7531
1286	1788562128629338799	0x7f7af08c93b0	1	0fdbf3977c990123	d545d947533e5583	1459	1	1	512	-1	1	1	0	none	-1	-	-	-	1	1	replay	none	467	3.7181
1287	1788562128633842358	0x7f7af08c93b0	1	0fdbf3977c990123	d545d947533e5583	1459	1	1	512	-1	1	1	0	none	-1	-	-	-	1	1	replay	none	466	3.7136
1288	1788562128638342891	0x7f7af08c93b0	1	0fdbf3977c990123	d545d947533e5583	1459	1	1	512	-1	1	1	0	none	-1	-	-	-	1	1	replay	none	467	3.7529
1289	1788562128642883389	0x7f7af08c93b0	1	0fdbf3977c990123	d545d947533e5583	1459	1	1	512	-1	1	1	0	none	-1	-	-	-	1	1	replay	none	469	3.7144
1290	1788562128647392628	0x7f7af08c93b0	1	0fdbf3977c990123	d545d947533e5583	1459	1	1	512	-1	1	1	0	none	-1	-	-	-	1	1	replay	none	467	3.7492
1291	1788562128651940220	0x7f7af08c93b0	1	0fdbf3977c990123	d545d947533e5583	1459	1	1	512	-1	1	1	0	none	-1	-	-	-	1	1	replay	none	470	3.7465
1292	1788562128656480076	0x7f7af08c93b0	1	0fdbf3977c990123	d545d947533e5583	1459	1	1	512	-1	1	1	0	none	-1	-	-	-	1	1	replay	none	465	3.7188
1293	1788562128660987262	0x7f7af08c93b0	1	0fdbf3977c990123	d545d947533e5583	1459	1	1	512	-1	1	1	0	none	-1	-	-	-	1	1	replay	none	468	3.7273
1294	1788562128665505698	0x7f7af08c93b0	1	0fdbf3977c990123	d545d947533e5583	1459	1	1	512	-1	1	1	0	none	-1	-	-	-	1	1	replay	none	465	3.7599
1295	1788562128670046046	0x7f7af08c93b0	1	0fdbf3977c990123	d545d947533e5583	1459	1	1	512	-1	1	1	0	none	-1	-	-	-	1	1	replay	none	469	3.7166
1296	1788562128674548934	0x7f7af08c93b0	1	0fdbf3977c990123	d545d947533e5583	1459	1	1	512	-1	1	1	0	none	-1	-	-	-	1	1	replay	none	465	3.7236
1297	1788562128679055458	0x7f7af08c93b0	1	0fdbf3977c990123	d545d947533e5583	1459	1	1	512	-1	1	1	0	none	-1	-	-	-	1	1	replay	none	468	3.7380
1298	1788562128683580737	0x7f7af08c93b0	1	0fdbf3977c990123	d545d947533e5583	1459	1	1	512	-1	1	1	0	none	-1	-	-	-	1	1	replay	none	465	3.7115
1299	1788562128688076732	0x7f7af08c93b0	1	0fdbf3977c990123	d545d947533e5583	1459	1	1	512	-1	1	1	0	none	-1	-	-	-	1	1	replay	none	468	3.7489
1300	1788562128692619103	0x7f7af08c93b0	1	0fdbf3977c990123	d545d947533e5583	1459	1	1	512	-1	1	1	0	none	-1	-	-	-	1	1	replay	none	467	3.7443
1301	1788562128697146537	0x7f7af08c93b0	1	0fdbf3977c990123	d545d947533e5583	1459	1	1	512	-1	1	1	0	none	-1	-	-	-	1	1	replay	none	467	3.7235
1302	1788562128701663891	0x7f7af08c93b0	1	0fdbf3977c990123	d545d947533e5583	1459	1	1	512	-1	1	1	0	none	-1	-	-	-	1	1	replay	none	484	3.7395
1303	1788562129212737521	0x7f7af08c93b0	1	5e879b663492f411	08e88e7ade74d8a2	1459	4	1	256	-1	1	1	1	structure	0	GET_ROWS	model.input_embed	shape,data	1	0	direct	none	2611	4.6826
1304	1788562129218745632	0x7f7af08c93b0	1	0fdbf3977c990123	d545d947533e5583	1459	1	1	512	-1	1	1	1	structure	0	GET_ROWS	model.input_embed	shape,data	0	0	direct	none	2235	4.1899
1305	1788562129223737056	0x7f7af08c93b0	1	0fdbf3977c990123	d545d947533e5583	1459	1	1	512	-1	1	1	0	none	-1	-	-	-	0	1	capture	update	1685	4.9364
1306	1788562129229473438	0x7f7af08c93b0	1	0fdbf3977c990123	d545d947533e5583	1459	1	1	512	-1	1	1	0	none	-1	-	-	-	1	1	replay	none	477	3.7320
1307	1788562129233996633	0x7f7af08c93b0	1	0fdbf3977c990123	d545d947533e5583	1459	1	1	512	-1	1	1	0	none	-1	-	-	-	1	1	replay	none	476	3.7367
1308	1788562129238530699	0x7f7af08c93b0	1	0fdbf3977c990123	d545d947533e5583	1459	1	1	512	-1	1	1	0	none	-1	-	-	-	1	1	replay	none	472	3.7109
1309	1788562129243039468	0x7f7af08c93b0	1	0fdbf3977c990123	d545d947533e5583	1459	1	1	512	-1	1	1	0	none	-1	-	-	-	1	1	replay	none	474	3.7361
1310	1788562129247567853	0x7f7af08c93b0	1	0fdbf3977c990123	d545d947533e5583	1459	1	1	512	-1	1	1	0	none	-1	-	-	-	1	1	replay	none	471	3.7288
1311	1788562129252094946	0x7f7af08c93b0	1	0fdbf3977c990123	d545d947533e5583	1459	1	1	512	-1	1	1	0	none	-1	-	-	-	1	1	replay	none	500	3.7203
1312	1788562129256638179	0x7f7af08c93b0	1	0fdbf3977c990123	d545d947533e5583	1459	1	1	512	-1	1	1	0	none	-1	-	-	-	1	1	replay	none	473	3.7612
1313	1788562129261190960	0x7f7af08c93b0	1	0fdbf3977c990123	d545d947533e5583	1459	1	1	512	-1	1	1	0	none	-1	-	-	-	1	1	replay	none	474	3.7193
1314	1788562129265703826	0x7f7af08c93b0	1	0fdbf3977c990123	d545d947533e5583	1459	1	1	512	-1	1	1	0	none	-1	-	-	-	1	1	replay	none	471	3.7407
1315	1788562129270232021	0x7f7af08c93b0	1	0fdbf3977c990123	d545d947533e5583	1459	1	1	512	-1	1	1	0	none	-1	-	-	-	1	1	replay	none	475	3.7524
1316	1788562129274780875	0x7f7af08c93b0	1	0fdbf3977c990123	d545d947533e5583	1459	1	1	512	-1	1	1	0	none	-1	-	-	-	1	1	replay	none	471	3.7156
1317	1788562129279289433	0x7f7af08c93b0	1	0fdbf3977c990123	d545d947533e5583	1459	1	1	512	-1	1	1	0	none	-1	-	-	-	1	1	replay	none	475	3.7261
1318	1788562129283810254	0x7f7af08c93b0	1	0fdbf3977c990123	d545d947533e5583	1459	1	1	512	-1	1	1	0	none	-1	-	-	-	1	1	replay	none	472	3.7485
1319	1788562129288355982	0x7f7af08c93b0	1	0fdbf3977c990123	d545d947533e5583	1459	1	1	512	-1	1	1	0	none	-1	-	-	-	1	1	replay	none	472	3.7244
1320	1788562129292876412	0x7f7af08c93b0	1	0fdbf3977c990123	d545d947533e5583	1459	1	1	512	-1	1	1	0	none	-1	-	-	-	1	1	replay	none	473	3.7216
1321	1788562129297384990	0x7f7af08c93b0	1	0fdbf3977c990123	d545d947533e5583	1459	1	1	512	-1	1	1	0	none	-1	-	-	-	1	1	replay	none	471	3.7525
1322	1788562129301931630	0x7f7af08c93b0	1	0fdbf3977c990123	d545d947533e5583	1459	1	1	512	-1	1	1	0	none	-1	-	-	-	1	1	replay	none	480	3.7153
1323	1788562129306448383	0x7f7af08c93b0	1	0fdbf3977c990123	d545d947533e5583	1459	1	1	512	-1	1	1	0	none	-1	-	-	-	1	1	replay	none	472	3.7556
1324	1788562129311000794	0x7f7af08c93b0	1	0fdbf3977c990123	d545d947533e5583	1459	1	1	512	-1	1	1	0	none	-1	-	-	-	1	1	replay	none	474	3.7330
1325	1788562129315537485	0x7f7af08c93b0	1	0fdbf3977c990123	d545d947533e5583	1459	1	1	512	-1	1	1	0	none	-1	-	-	-	1	1	replay	none	471	3.9499
1326	1788562129320296102	0x7f7af08c93b0	1	0fdbf3977c990123	d545d947533e5583	1459	1	1	512	-1	1	1	0	none	-1	-	-	-	1	1	replay	none	484	3.7316
1327	1788562129324834736	0x7f7af08c93b0	1	0fdbf3977c990123	d545d947533e5583	1459	1	1	512	-1	1	1	0	none	-1	-	-	-	1	1	replay	none	475	3.7567
1328	1788562129329613581	0x7f7af08c93b0	1	0fdbf3977c990123	d545d947533e5583	1459	1	1	512	-1	1	1	0	none	-1	-	-	-	1	1	replay	none	478	3.7093
1329	1788562129333888601	0x7f7af08c93b0	1	da7570afdbb81394	2431a8fa2ddc5a4e	1459	252	0	256	-1	1	1	1	structure	0	GET_ROWS	model.input_embed	shape,data	1	0	direct	none	3130	16.0436
1330	1788562129354146125	0x7f7af08c93b0	1	0fdbf3977c990123	d545d947533e5583	1459	1	1	512	-1	1	1	1	structure	0	GET_ROWS	model.input_embed	shape,data	0	0	direct	none	2178	4.2250
1331	1788562129358938686	0x7f7af08c93b0	1	802ba1f19f5ea689	439a0fd9a059e2a3	1459	4	1	256	-1	1	1	1	structure	0	GET_ROWS	model.input_embed	shape,data	0	0	direct	none	2484	4.6066
1332	1788562129365051343	0x7f7af08c93b0	1	d702fd6fe588b6cb	a107d5712f53f2bc	1459	2	2	512	-1	1	1	1	structure	0	GET_ROWS	model.input_embed	shape,data	0	0	direct	none	2488	4.5648
1333	1788562129370669352	0x7f7af08c93b0	1	d702fd6fe588b6cb	a107d5712f53f2bc	1459	2	2	512	-1	1	1	0	none	-1	-	-	-	0	1	capture	reinstantiate	2583	6.1398
1334	1788562129377851075	0x7f7af08c93b0	1	d702fd6fe588b6cb	a107d5712f53f2bc	1459	2	2	512	-1	1	1	0	none	-1	-	-	-	1	1	replay	none	479	4.0392
1335	1788562129382944891	0x7f7af08c93b0	1	d702fd6fe588b6cb	a107d5712f53f2bc	1459	2	2	512	-1	1	1	0	none	-1	-	-	-	1	1	replay	none	485	4.0244
1336	1788562129388025793	0x7f7af08c93b0	1	d702fd6fe588b6cb	a107d5712f53f2bc	1459	2	2	512	-1	1	1	0	none	-1	-	-	-	1	1	replay	none	482	4.0487
1337	1788562129393133215	0x7f7af08c93b0	1	d702fd6fe588b6cb	a107d5712f53f2bc	1459	2	2	512	-1	1	1	0	none	-1	-	-	-	1	1	replay	none	480	4.0128
1338	1788562129398197295	0x7f7af08c93b0	1	d702fd6fe588b6cb	a107d5712f53f2bc	1459	2	2	512	-1	1	1	0	none	-1	-	-	-	1	1	replay	none	476	4.0058
1339	1788562129403250535	0x7f7af08c93b0	1	d702fd6fe588b6cb	a107d5712f53f2bc	1459	2	2	512	-1	1	1	0	none	-1	-	-	-	1	1	replay	none	483	4.0466
1340	1788562129408347106	0x7f7af08c93b0	1	d702fd6fe588b6cb	a107d5712f53f2bc	1459	2	2	512	-1	1	1	0	none	-1	-	-	-	1	1	replay	none	473	4.0281
1341	1788562129413410004	0x7f7af08c93b0	1	d702fd6fe588b6cb	a107d5712f53f2bc	1459	2	2	512	-1	1	1	0	none	-1	-	-	-	1	1	replay	none	475	4.0210
1342	1788562129418470157	0x7f7af08c93b0	1	d702fd6fe588b6cb	a107d5712f53f2bc	1459	2	2	512	-1	1	1	0	none	-1	-	-	-	1	1	replay	none	474	4.0403
1343	1788562129423560417	0x7f7af08c93b0	1	d702fd6fe588b6cb	a107d5712f53f2bc	1459	2	2	512	-1	1	1	0	none	-1	-	-	-	1	1	replay	none	474	4.0211
1344	1788562129428620720	0x7f7af08c93b0	1	d702fd6fe588b6cb	a107d5712f53f2bc	1459	2	2	512	-1	1	1	0	none	-1	-	-	-	1	1	replay	none	474	4.0402
1345	1788562129433713885	0x7f7af08c93b0	1	d702fd6fe588b6cb	a107d5712f53f2bc	1459	2	2	512	-1	1	1	0	none	-1	-	-	-	1	1	replay	none	475	4.0212
1346	1788562129438767776	0x7f7af08c93b0	1	d702fd6fe588b6cb	a107d5712f53f2bc	1459	2	2	512	-1	1	1	0	none	-1	-	-	-	1	1	replay	none	473	4.0161
1347	1788562129443818240	0x7f7af08c93b0	1	d702fd6fe588b6cb	a107d5712f53f2bc	1459	2	2	512	-1	1	1	0	none	-1	-	-	-	1	1	replay	none	478	4.0596
1348	1788562129448919791	0x7f7af08c93b0	1	d702fd6fe588b6cb	a107d5712f53f2bc	1459	2	2	512	-1	1	1	0	none	-1	-	-	-	1	1	replay	none	475	4.0165
1349	1788562129453972239	0x7f7af08c93b0	1	d702fd6fe588b6cb	a107d5712f53f2bc	1459	2	2	512	-1	1	1	0	none	-1	-	-	-	1	1	replay	none	476	4.0060
1350	1788562129459017274	0x7f7af08c93b0	1	d702fd6fe588b6cb	a107d5712f53f2bc	1459	2	2	512	-1	1	1	0	none	-1	-	-	-	1	1	replay	none	487	4.0484
1351	1788562129464123443	0x7f7af08c93b0	1	d702fd6fe588b6cb	a107d5712f53f2bc	1459	2	2	512	-1	1	1	0	none	-1	-	-	-	1	1	replay	none	476	4.0374
1352	1788562129469189818	0x7f7af08c93b0	1	d702fd6fe588b6cb	a107d5712f53f2bc	1459	2	2	512	-1	1	1	0	none	-1	-	-	-	1	1	replay	none	486	4.0235
1353	1788562129474257294	0x7f7af08c93b0	1	d702fd6fe588b6cb	a107d5712f53f2bc	1459	2	2	512	-1	1	1	0	none	-1	-	-	-	1	1	replay	none	475	4.0070
1354	1788562129479300345	0x7f7af08c93b0	1	d702fd6fe588b6cb	a107d5712f53f2bc	1459	2	2	512	-1	1	1	0	none	-1	-	-	-	1	1	replay	none	489	4.0166
1355	1788562129484365407	0x7f7af08c93b0	1	d702fd6fe588b6cb	a107d5712f53f2bc	1459	2	2	512	-1	1	1	0	none	-1	-	-	-	1	1	replay	none	477	4.0591
1356	1788562129489464122	0x7f7af08c93b0	1	d702fd6fe588b6cb	a107d5712f53f2bc	1459	2	2	512	-1	1	1	0	none	-1	-	-	-	1	1	replay	none	475	4.0201
1357	1788562129494520228	0x7f7af08c93b0	1	d702fd6fe588b6cb	a107d5712f53f2bc	1459	2	2	512	-1	1	1	0	none	-1	-	-	-	1	1	replay	none	472	4.0237
1358	1788562129499584789	0x7f7af08c93b0	1	d702fd6fe588b6cb	a107d5712f53f2bc	1459	2	2	512	-1	1	1	0	none	-1	-	-	-	1	1	replay	none	479	4.0469
1359	1788562129504684206	0x7f7af08c93b0	1	d702fd6fe588b6cb	a107d5712f53f2bc	1459	2	2	512	-1	1	1	0	none	-1	-	-	-	1	1	replay	none	474	4.0313
1360	1788562129509770528	0x7f7af08c93b0	1	d702fd6fe588b6cb	a107d5712f53f2bc	1459	2	2	512	-1	1	1	0	none	-1	-	-	-	1	1	replay	none	474	4.0280
1361	1788562129514839677	0x7f7af08c93b0	1	d702fd6fe588b6cb	a107d5712f53f2bc	1459	2	2	512	-1	1	1	0	none	-1	-	-	-	1	1	replay	none	484	4.0862
1362	1788562129520102671	0x7f7af08c93b0	1	d702fd6fe588b6cb	a107d5712f53f2bc	1459	2	2	512	-1	1	1	0	none	-1	-	-	-	1	1	replay	none	490	4.0731
1363	1788562129525631914	0x7f7af08c93b0	1	0fdbf3977c990123	d545d947533e5583	1459	1	1	512	-1	1	1	1	structure	0	GET_ROWS	model.input_embed	shape,data	1	0	direct	none	2184	4.2058
1364	1788562129530638817	0x7f7af08c93b0	1	0fdbf3977c990123	d545d947533e5583	1459	1	1	512	-1	1	1	0	none	-1	-	-	-	0	1	capture	reinstantiate	2223	5.4839
1365	1788562129536929658	0x7f7af08c93b0	1	0fdbf3977c990123	d545d947533e5583	1459	1	1	512	-1	1	1	0	none	-1	-	-	-	1	1	replay	none	477	3.7069
1366	1788562129541434229	0x7f7af08c93b0	1	0fdbf3977c990123	d545d947533e5583	1459	1	1	512	-1	1	1	0	none	-1	-	-	-	1	1	replay	none	471	3.7456
1367	1788562129545974336	0x7f7af08c93b0	1	0fdbf3977c990123	d545d947533e5583	1459	1	1	512	-1	1	1	0	none	-1	-	-	-	1	1	replay	none	471	3.7251
1368	1788562129550495287	0x7f7af08c93b0	1	0fdbf3977c990123	d545d947533e5583	1459	1	1	512	-1	1	1	0	none	-1	-	-	-	1	1	replay	none	467	3.7369
1369	1788562129555021970	0x7f7af08c93b0	1	0fdbf3977c990123	d545d947533e5583	1459	1	1	512	-1	1	1	0	none	-1	-	-	-	1	1	replay	none	473	3.7420
1370	1788562129559563820	0x7f7af08c93b0	1	0fdbf3977c990123	d545d947533e5583	1459	1	1	512	-1	1	1	0	none	-1	-	-	-	1	1	replay	none	470	3.7357
1371	1788562129564087306	0x7f7af08c93b0	1	0fdbf3977c990123	d545d947533e5583	1459	1	1	512	-1	1	1	0	none	-1	-	-	-	1	1	replay	none	469	3.7262
1372	1788562129568606003	0x7f7af08c93b0	1	0fdbf3977c990123	d545d947533e5583	1459	1	1	512	-1	1	1	0	none	-1	-	-	-	1	1	replay	none	469	3.7585
1373	1788562129573145560	0x7f7af08c93b0	1	0fdbf3977c990123	d545d947533e5583	1459	1	1	512	-1	1	1	0	none	-1	-	-	-	1	1	replay	none	472	3.7110
1374	1788562129577665098	0x7f7af08c93b0	1	0fdbf3977c990123	d545d947533e5583	1459	1	1	512	-1	1	1	0	none	-1	-	-	-	1	1	replay	none	480	3.7337
1375	1788562129582203082	0x7f7af08c93b0	1	0fdbf3977c990123	d545d947533e5583	1459	1	1	512	-1	1	1	0	none	-1	-	-	-	1	1	replay	none	475	3.7521
1376	1788562129586747908	0x7f7af08c93b0	1	0fdbf3977c990123	d545d947533e5583	1459	1	1	512	-1	1	1	0	none	-1	-	-	-	1	1	replay	none	472	3.7100
1377	1788562129591255534	0x7f7af08c93b0	1	0fdbf3977c990123	d545d947533e5583	1459	1	1	512	-1	1	1	0	none	-1	-	-	-	1	1	replay	none	472	3.7462
1378	1788562129595790852	0x7f7af08c93b0	1	0fdbf3977c990123	d545d947533e5583	1459	1	1	512	-1	1	1	0	none	-1	-	-	-	1	1	replay	none	470	3.7390
1379	1788562129600318236	0x7f7af08c93b0	1	0fdbf3977c990123	d545d947533e5583	1459	1	1	512	-1	1	1	0	none	-1	-	-	-	1	1	replay	none	471	3.7415
1380	1788562129604852412	0x7f7af08c93b0	1	0fdbf3977c990123	d545d947533e5583	1459	1	1	512	-1	1	1	0	none	-1	-	-	-	1	1	replay	none	474	3.7281
1381	1788562129609427926	0x7f7af08c93b0	1	0fdbf3977c990123	d545d947533e5583	1459	1	1	512	-1	1	1	0	none	-1	-	-	-	1	1	replay	none	471	3.7591
1382	1788562129613974034	0x7f7af08c93b0	1	0fdbf3977c990123	d545d947533e5583	1459	1	1	512	-1	1	1	0	none	-1	-	-	-	1	1	replay	none	473	3.7083
1383	1788562129618480749	0x7f7af08c93b0	1	0fdbf3977c990123	d545d947533e5583	1459	1	1	512	-1	1	1	0	none	-1	-	-	-	1	1	replay	none	470	3.7364
1384	1788562129623006299	0x7f7af08c93b0	1	0fdbf3977c990123	d545d947533e5583	1459	1	1	512	-1	1	1	0	none	-1	-	-	-	1	1	replay	none	471	3.7234
1385	1788562129627524385	0x7f7af08c93b0	1	0fdbf3977c990123	d545d947533e5583	1459	1	1	512	-1	1	1	0	none	-1	-	-	-	1	1	replay	none	468	3.7063
1386	1788562129632021341	0x7f7af08c93b0	1	0fdbf3977c990123	d545d947533e5583	1459	1	1	512	-1	1	1	0	none	-1	-	-	-	1	1	replay	none	473	3.7392
1387	1788562129636556629	0x7f7af08c93b0	1	0fdbf3977c990123	d545d947533e5583	1459	1	1	512	-1	1	1	0	none	-1	-	-	-	1	1	replay	none	469	3.7124
1388	1788562129641059266	0x7f7af08c93b0	1	0fdbf3977c990123	d545d947533e5583	1459	1	1	512	-1	1	1	0	none	-1	-	-	-	1	1	replay	none	471	3.7233
1389	1788562129645575318	0x7f7af08c93b0	1	0fdbf3977c990123	d545d947533e5583	1459	1	1	512	-1	1	1	0	none	-1	-	-	-	1	1	replay	none	469	3.7427
1390	1788562129650101760	0x7f7af08c93b0	1	0fdbf3977c990123	d545d947533e5583	1459	1	1	512	-1	1	1	0	none	-1	-	-	-	1	1	replay	none	470	3.7242
1391	1788562129654620728	0x7f7af08c93b0	1	0fdbf3977c990123	d545d947533e5583	1459	1	1	512	-1	1	1	0	none	-1	-	-	-	1	1	replay	none	471	3.7163
1392	1788562129659125058	0x7f7af08c93b0	1	0fdbf3977c990123	d545d947533e5583	1459	1	1	512	-1	1	1	0	none	-1	-	-	-	1	1	replay	none	470	3.7507
1393	1788562129663662911	0x7f7af08c93b0	1	0fdbf3977c990123	d545d947533e5583	1459	1	1	512	-1	1	1	0	none	-1	-	-	-	1	1	replay	none	469	3.7177
1394	1788562129668166359	0x7f7af08c93b0	1	0fdbf3977c990123	d545d947533e5583	1459	1	1	512	-1	1	1	0	none	-1	-	-	-	1	1	replay	none	472	3.7150
1395	1788562129672672092	0x7f7af08c93b0	1	0fdbf3977c990123	d545d947533e5583	1459	1	1	512	-1	1	1	0	none	-1	-	-	-	1	1	replay	none	468	3.7403
1396	1788562129677205126	0x7f7af08c93b0	1	0fdbf3977c990123	d545d947533e5583	1459	1	1	512	-1	1	1	0	none	-1	-	-	-	1	1	replay	none	471	3.7178
1397	1788562129681707132	0x7f7af08c93b0	1	0fdbf3977c990123	d545d947533e5583	1459	1	1	512	-1	1	1	0	none	-1	-	-	-	1	1	replay	none	468	3.7459
1398	1788562129686238884	0x7f7af08c93b0	1	0fdbf3977c990123	d545d947533e5583	1459	1	1	512	-1	1	1	0	none	-1	-	-	-	1	1	replay	none	471	3.7477
1399	1788562129690775504	0x7f7af08c93b0	1	0fdbf3977c990123	d545d947533e5583	1459	1	1	512	-1	1	1	0	none	-1	-	-	-	1	1	replay	none	468	3.7359
1400	1788562129695292518	0x7f7af08c93b0	1	0fdbf3977c990123	d545d947533e5583	1459	1	1	512	-1	1	1	0	none	-1	-	-	-	1	1	replay	none	470	3.7296
1401	1788562129699806717	0x7f7af08c93b0	1	0fdbf3977c990123	d545d947533e5583	1459	1	1	512	-1	1	1	0	none	-1	-	-	-	1	1	replay	none	467	3.7506
1402	1788562129704354008	0x7f7af08c93b0	1	0fdbf3977c990123	d545d947533e5583	1459	1	1	512	-1	1	1	0	none	-1	-	-	-	1	1	replay	none	471	3.6993
1403	1788562129708838561	0x7f7af08c93b0	1	0fdbf3977c990123	d545d947533e5583	1459	1	1	512	-1	1	1	0	none	-1	-	-	-	1	1	replay	none	468	3.7386
1404	1788562129713357619	0x7f7af08c93b0	1	0fdbf3977c990123	d545d947533e5583	1459	1	1	512	-1	1	1	0	none	-1	-	-	-	1	1	replay	none	467	3.7339
1405	1788562129717872719	0x7f7af08c93b0	1	0fdbf3977c990123	d545d947533e5583	1459	1	1	512	-1	1	1	0	none	-1	-	-	-	1	1	replay	none	470	3.7034
1406	1788562129722357533	0x7f7af08c93b0	1	0fdbf3977c990123	d545d947533e5583	1459	1	1	512	-1	1	1	0	none	-1	-	-	-	1	1	replay	none	467	3.7598
1407	1788562129726903351	0x7f7af08c93b0	1	0fdbf3977c990123	d545d947533e5583	1459	1	1	512	-1	1	1	0	none	-1	-	-	-	1	1	replay	none	468	3.7260
1408	1788562129731421136	0x7f7af08c93b0	1	0fdbf3977c990123	d545d947533e5583	1459	1	1	512	-1	1	1	0	none	-1	-	-	-	1	1	replay	none	468	3.7402
1409	1788562129735944913	0x7f7af08c93b0	1	0fdbf3977c990123	d545d947533e5583	1459	1	1	512	-1	1	1	0	none	-1	-	-	-	1	1	replay	none	470	3.7367
1410	1788562129740469240	0x7f7af08c93b0	1	0fdbf3977c990123	d545d947533e5583	1459	1	1	512	-1	1	1	0	none	-1	-	-	-	1	1	replay	none	468	3.7339
1411	1788562129744987507	0x7f7af08c93b0	1	0fdbf3977c990123	d545d947533e5583	1459	1	1	512	-1	1	1	0	none	-1	-	-	-	1	1	replay	none	470	3.7196
1412	1788562129749495123	0x7f7af08c93b0	1	0fdbf3977c990123	d545d947533e5583	1459	1	1	512	-1	1	1	0	none	-1	-	-	-	1	1	replay	none	467	3.7377
1413	1788562129754023288	0x7f7af08c93b0	1	0fdbf3977c990123	d545d947533e5583	1459	1	1	512	-1	1	1	0	none	-1	-	-	-	1	1	replay	none	471	3.7162
1414	1788562129758535593	0x7f7af08c93b0	1	0fdbf3977c990123	d545d947533e5583	1459	1	1	512	-1	1	1	0	none	-1	-	-	-	1	1	replay	none	467	3.7207
1415	1788562129763035996	0x7f7af08c93b0	1	0fdbf3977c990123	d545d947533e5583	1459	1	1	512	-1	1	1	0	none	-1	-	-	-	1	1	replay	none	470	3.7603
1416	1788562129767593476	0x7f7af08c93b0	1	0fdbf3977c990123	d545d947533e5583	1459	1	1	512	-1	1	1	0	none	-1	-	-	-	1	1	replay	none	467	3.7141
1417	1788562129772092436	0x7f7af08c93b0	1	0fdbf3977c990123	d545d947533e5583	1459	1	1	512	-1	1	1	0	none	-1	-	-	-	1	1	replay	none	469	3.7493
1418	1788562129776628996	0x7f7af08c93b0	1	0fdbf3977c990123	d545d947533e5583	1459	1	1	512	-1	1	1	0	none	-1	-	-	-	1	1	replay	none	468	3.7430
1419	1788562129781157742	0x7f7af08c93b0	1	0fdbf3977c990123	d545d947533e5583	1459	1	1	512	-1	1	1	0	none	-1	-	-	-	1	1	replay	none	469	3.7140
1420	1788562129785662213	0x7f7af08c93b0	1	0fdbf3977c990123	d545d947533e5583	1459	1	1	512	-1	1	1	0	none	-1	-	-	-	1	1	replay	none	467	3.7323
1421	1788562129790177794	0x7f7af08c93b0	1	0fdbf3977c990123	d545d947533e5583	1459	1	1	512	-1	1	1	0	none	-1	-	-	-	1	1	replay	none	468	3.7395
1422	1788562129794704186	0x7f7af08c93b0	1	0fdbf3977c990123	d545d947533e5583	1459	1	1	512	-1	1	1	0	none	-1	-	-	-	1	1	replay	none	467	3.7076
1423	1788562129799201192	0x7f7af08c93b0	1	0fdbf3977c990123	d545d947533e5583	1459	1	1	512	-1	1	1	0	none	-1	-	-	-	1	1	replay	none	469	3.7250
1424	1788562129803717064	0x7f7af08c93b0	1	0fdbf3977c990123	d545d947533e5583	1459	1	1	512	-1	1	1	0	none	-1	-	-	-	1	1	replay	none	468	3.7377
1425	1788562129808247383	0x7f7af08c93b0	1	0fdbf3977c990123	d545d947533e5583	1459	1	1	512	-1	1	1	0	none	-1	-	-	-	1	1	replay	none	470	3.7127
1426	1788562129812747335	0x7f7af08c93b0	1	0fdbf3977c990123	d545d947533e5583	1459	1	1	512	-1	1	1	0	none	-1	-	-	-	1	1	replay	none	467	3.7595
1427	1788562129817289496	0x7f7af08c93b0	1	0fdbf3977c990123	d545d947533e5583	1459	1	1	512	-1	1	1	0	none	-1	-	-	-	1	1	replay	none	468	3.7232
1428	1788562129821791001	0x7f7af08c93b0	1	0fdbf3977c990123	d545d947533e5583	1459	1	1	512	-1	1	1	0	none	-1	-	-	-	1	1	replay	none	465	3.7182
1429	1788562129826291684	0x7f7af08c93b0	1	0fdbf3977c990123	d545d947533e5583	1459	1	1	512	-1	1	1	0	none	-1	-	-	-	1	1	replay	none	468	3.7412
1430	1788562129830819939	0x7f7af08c93b0	1	0fdbf3977c990123	d545d947533e5583	1459	1	1	512	-1	1	1	0	none	-1	-	-	-	1	1	replay	none	467	3.7126
1431	1788562129835327024	0x7f7af08c93b0	1	0fdbf3977c990123	d545d947533e5583	1459	1	1	512	-1	1	1	0	none	-1	-	-	-	1	1	replay	none	470	3.7212
1432	1788562129839841774	0x7f7af08c93b0	1	0fdbf3977c990123	d545d947533e5583	1459	1	1	512	-1	1	1	0	none	-1	-	-	-	1	1	replay	none	467	3.7403
1433	1788562130350947995	0x7f7af08c93b0	1	5e879b663492f411	08e88e7ade74d8a2	1459	4	1	256	-1	1	1	1	structure	0	GET_ROWS	model.input_embed	shape,data	1	0	direct	none	2682	4.6246
1434	1788562130356911293	0x7f7af08c93b0	1	0fdbf3977c990123	d545d947533e5583	1459	1	1	512	-1	1	1	1	structure	0	GET_ROWS	model.input_embed	shape,data	0	0	direct	none	2233	4.1802
1435	1788562130361899811	0x7f7af08c93b0	1	0fdbf3977c990123	d545d947533e5583	1459	1	1	512	-1	1	1	0	none	-1	-	-	-	0	1	capture	update	1688	4.9407
1436	1788562130367644328	0x7f7af08c93b0	1	0fdbf3977c990123	d545d947533e5583	1459	1	1	512	-1	1	1	0	none	-1	-	-	-	1	1	replay	none	478	3.7423
1437	1788562130372182812	0x7f7af08c93b0	1	0fdbf3977c990123	d545d947533e5583	1459	1	1	512	-1	1	1	0	none	-1	-	-	-	1	1	replay	none	476	3.7359
1438	1788562130376713622	0x7f7af08c93b0	1	0fdbf3977c990123	d545d947533e5583	1459	1	1	512	-1	1	1	0	none	-1	-	-	-	1	1	replay	none	474	3.7236
1439	1788562130381233511	0x7f7af08c93b0	1	0fdbf3977c990123	d545d947533e5583	1459	1	1	512	-1	1	1	0	none	-1	-	-	-	1	1	replay	none	478	3.7682
1440	1788562130385797634	0x7f7af08c93b0	1	0fdbf3977c990123	d545d947533e5583	1459	1	1	512	-1	1	1	0	none	-1	-	-	-	1	1	replay	none	472	3.7141
1441	1788562130390299279	0x7f7af08c93b0	1	0fdbf3977c990123	d545d947533e5583	1459	1	1	512	-1	1	1	0	none	-1	-	-	-	1	1	replay	none	475	3.7341
1442	1788562130394825280	0x7f7af08c93b0	1	0fdbf3977c990123	d545d947533e5583	1459	1	1	512	-1	1	1	0	none	-1	-	-	-	1	1	replay	none	472	3.7517
1443	1788562130399371508	0x7f7af08c93b0	1	0fdbf3977c990123	d545d947533e5583	1459	1	1	512	-1	1	1	0	none	-1	-	-	-	1	1	replay	none	473	3.7078
1444	1788562130403885387	0x7f7af08c93b0	1	0fdbf3977c990123	d545d947533e5583	1459	1	1	512	-1	1	1	0	none	-1	-	-	-	1	1	replay	none	478	3.7446
1445	1788562130408430203	0x7f7af08c93b0	1	0fdbf3977c990123	d545d947533e5583	1459	1	1	512	-1	1	1	0	none	-1	-	-	-	1	1	replay	none	473	3.7398
1446	1788562130412961053	0x7f7af08c93b0	1	0fdbf3977c990123	d545d947533e5583	1459	1	1	512	-1	1	1	0	none	-1	-	-	-	1	1	replay	none	476	3.7398
1447	1788562130417502011	0x7f7af08c93b0	1	0fdbf3977c990123	d545d947533e5583	1459	1	1	512	-1	1	1	0	none	-1	-	-	-	1	1	replay	none	473	3.7244
1448	1788562130422015890	0x7f7af08c93b0	1	0fdbf3977c990123	d545d947533e5583	1459	1	1	512	-1	1	1	0	none	-1	-	-	-	1	1	replay	none	476	3.7561
1449	1788562130426570434	0x7f7af08c93b0	1	0fdbf3977c990123	d545d947533e5583	1459	1	1	512	-1	1	1	0	none	-1	-	-	-	1	1	replay	none	471	3.7143
1450	1788562130431157369	0x7f7af08c93b0	1	0fdbf3977c990123	d545d947533e5583	1459	1	1	512	-1	1	1	0	none	-1	-	-	-	1	1	replay	none	484	3.7455
1451	1788562130435699751	0x7f7af08c93b0	1	0fdbf3977c990123	d545d947533e5583	1459	1	1	512	-1	1	1	0	none	-1	-	-	-	1	1	replay	none	474	3.7240
1452	1788562130440216474	0x7f7af08c93b0	1	0fdbf3977c990123	d545d947533e5583	1459	1	1	512	-1	1	1	0	none	-1	-	-	-	1	1	replay	none	476	3.7116
1453	1788562130444718670	0x7f7af08c93b0	1	0fdbf3977c990123	d545d947533e5583	1459	1	1	512	-1	1	1	0	none	-1	-	-	-	1	1	replay	none	471	3.7296
1454	1788562130449252225	0x7f7af08c93b0	1	0fdbf3977c990123	d545d947533e5583	1459	1	1	512	-1	1	1	0	none	-1	-	-	-	1	1	replay	none	477	3.7229
1455	1788562130453808773	0x7f7af08c93b0	1	0fdbf3977c990123	d545d947533e5583	1459	1	1	512	-1	1	1	0	none	-1	-	-	-	1	1	replay	none	474	3.7132
1456	1788562130458353820	0x7f7af08c93b0	1	0fdbf3977c990123	d545d947533e5583	1459	1	1	512	-1	1	1	0	none	-1	-	-	-	1	1	replay	none	473	3.7428
1457	1788562130462887435	0x7f7af08c93b0	1	0fdbf3977c990123	d545d947533e5583	1459	1	1	512	-1	1	1	0	none	-1	-	-	-	1	1	replay	none	473	3.7242
1458	1788562130467629852	0x7f7af08c93b0	1	0fdbf3977c990123	d545d947533e5583	1459	1	1	512	-1	1	1	0	none	-1	-	-	-	1	1	replay	none	475	3.7069
1459	1788562130471896065	0x7f7af08c93b0	1	da7570afdbb81394	2431a8fa2ddc5a4e	1459	252	0	256	-1	1	1	1	structure	0	GET_ROWS	model.input_embed	shape,data	1	0	direct	none	3185	16.0633
1460	1788562130492121017	0x7f7af08c93b0	1	0fdbf3977c990123	d545d947533e5583	1459	1	1	512	-1	1	1	1	structure	0	GET_ROWS	model.input_embed	shape,data	0	0	direct	none	2222	4.2455
1461	1788562130496929178	0x7f7af08c93b0	1	802ba1f19f5ea689	439a0fd9a059e2a3	1459	4	1	256	-1	1	1	1	structure	0	GET_ROWS	model.input_embed	shape,data	0	0	direct	none	2474	4.5844
1462	1788562130503030063	0x7f7af08c93b0	1	d702fd6fe588b6cb	a107d5712f53f2bc	1459	2	2	512	-1	1	1	1	structure	0	GET_ROWS	model.input_embed	shape,data	0	0	direct	none	2482	4.5725
1463	1788562130508666878	0x7f7af08c93b0	1	d702fd6fe588b6cb	a107d5712f53f2bc	1459	2	2	512	-1	1	1	0	none	-1	-	-	-	0	1	capture	reinstantiate	2732	6.2766
1464	1788562130515982612	0x7f7af08c93b0	1	d702fd6fe588b6cb	a107d5712f53f2bc	1459	2	2	512	-1	1	1	0	none	-1	-	-	-	1	1	replay	none	478	4.0243
1465	1788562130521047123	0x7f7af08c93b0	1	d702fd6fe588b6cb	a107d5712f53f2bc	1459	2	2	512	-1	1	1	0	none	-1	-	-	-	1	1	replay	none	478	4.0295
1466	1788562130526110242	0x7f7af08c93b0	1	d702fd6fe588b6cb	a107d5712f53f2bc	1459	2	2	512	-1	1	1	0	none	-1	-	-	-	1	1	replay	none	477	4.0425
1467	1788562130531190552	0x7f7af08c93b0	1	d702fd6fe588b6cb	a107d5712f53f2bc	1459	2	2	512	-1	1	1	0	none	-1	-	-	-	1	1	replay	none	474	4.0242
1468	1788562130536250084	0x7f7af08c93b0	1	d702fd6fe588b6cb	a107d5712f53f2bc	1459	2	2	512	-1	1	1	0	none	-1	-	-	-	1	1	replay	none	475	4.0099
1469	1788562130541295179	0x7f7af08c93b0	1	d702fd6fe588b6cb	a107d5712f53f2bc	1459	2	2	512	-1	1	1	0	none	-1	-	-	-	1	1	replay	none	476	4.0345
1470	1788562130546361834	0x7f7af08c93b0	1	d702fd6fe588b6cb	a107d5712f53f2bc	1459	2	2	512	-1	1	1	0	none	-1	-	-	-	1	1	replay	none	480	4.0347
1471	1788562130551439970	0x7f7af08c93b0	1	d702fd6fe588b6cb	a107d5712f53f2bc	1459	2	2	512	-1	1	1	0	none	-1	-	-	-	1	1	replay	none	473	4.0160
1472	1788562130556510493	0x7f7af08c93b0	1	d702fd6fe588b6cb	a107d5712f53f2bc	1459	2	2	512	-1	1	1	0	none	-1	-	-	-	1	1	replay	none	476	4.0449
1473	1788562130561592377	0x7f7af08c93b0	1	d702fd6fe588b6cb	a107d5712f53f2bc	1459	2	2	512	-1	1	1	0	none	-1	-	-	-	1	1	replay	none	473	4.0339
1474	1788562130566735094	0x7f7af08c93b0	1	d702fd6fe588b6cb	a107d5712f53f2bc	1459	2	2	512	-1	1	1	0	none	-1	-	-	-	1	1	replay	none	477	4.0228
1475	1788562130571801870	0x7f7af08c93b0	1	d702fd6fe588b6cb	a107d5712f53f2bc	1459	2	2	512	-1	1	1	0	none	-1	-	-	-	1	1	replay	none	475	4.0260
1476	1788562130576870569	0x7f7af08c93b0	1	d702fd6fe588b6cb	a107d5712f53f2bc	1459	2	2	512	-1	1	1	0	none	-1	-	-	-	1	1	replay	none	475	4.0267
1477	1788562130581929369	0x7f7af08c93b0	1	d702fd6fe588b6cb	a107d5712f53f2bc	1459	2	2	512	-1	1	1	0	none	-1	-	-	-	1	1	replay	none	474	4.0515
1478	1788562130587018506	0x7f7af08c93b0	1	d702fd6fe588b6cb	a107d5712f53f2bc	1459	2	2	512	-1	1	1	0	none	-1	-	-	-	1	1	replay	none	474	4.0168
1479	1788562130592056538	0x7f7af08c93b0	1	d702fd6fe588b6cb	a107d5712f53f2bc	1459	2	2	512	-1	1	1	0	none	-1	-	-	-	1	1	replay	none	474	4.0100
1480	1788562130597102714	0x7f7af08c93b0	1	d702fd6fe588b6cb	a107d5712f53f2bc	1459	2	2	512	-1	1	1	0	none	-1	-	-	-	1	1	replay	none	475	4.0489
1481	1788562130602196019	0x7f7af08c93b0	1	d702fd6fe588b6cb	a107d5712f53f2bc	1459	2	2	512	-1	1	1	0	none	-1	-	-	-	1	1	replay	none	475	4.0312
1482	1788562130607266502	0x7f7af08c93b0	1	d702fd6fe588b6cb	a107d5712f53f2bc	1459	2	2	512	-1	1	1	0	none	-1	-	-	-	1	1	replay	none	475	4.2209
1483	1788562130612528012	0x7f7af08c93b0	1	d702fd6fe588b6cb	a107d5712f53f2bc	1459	2	2	512	-1	1	1	0	none	-1	-	-	-	1	1	replay	none	471	4.0444
1484	1788562130617606630	0x7f7af08c93b0	1	d702fd6fe588b6cb	a107d5712f53f2bc	1459	2	2	512	-1	1	1	0	none	-1	-	-	-	1	1	replay	none	471	4.0278
1485	1788562130622660671	0x7f7af08c93b0	1	d702fd6fe588b6cb	a107d5712f53f2bc	1459	2	2	512	-1	1	1	0	none	-1	-	-	-	1	1	replay	none	471	4.0223
1486	1788562130627716015	0x7f7af08c93b0	1	d702fd6fe588b6cb	a107d5712f53f2bc	1459	2	2	512	-1	1	1	0	none	-1	-	-	-	1	1	replay	none	470	4.0222
1487	1788562130632766400	0x7f7af08c93b0	1	d702fd6fe588b6cb	a107d5712f53f2bc	1459	2	2	512	-1	1	1	0	none	-1	-	-	-	1	1	replay	none	470	4.0210
1488	1788562130637820061	0x7f7af08c93b0	1	d702fd6fe588b6cb	a107d5712f53f2bc	1459	2	2	512	-1	1	1	0	none	-1	-	-	-	1	1	replay	none	469	4.0565
1489	1788562130642909128	0x7f7af08c93b0	1	d702fd6fe588b6cb	a107d5712f53f2bc	1459	2	2	512	-1	1	1	0	none	-1	-	-	-	1	1	replay	none	473	4.0094
1490	1788562130647947149	0x7f7af08c93b0	1	d702fd6fe588b6cb	a107d5712f53f2bc	1459	2	2	512	-1	1	1	0	none	-1	-	-	-	1	1	replay	none	471	4.0068
1491	1788562130653003445	0x7f7af08c93b0	1	d702fd6fe588b6cb	a107d5712f53f2bc	1459	2	2	512	-1	1	1	0	none	-1	-	-	-	1	1	replay	none	481	4.0482
1492	1788562130658099425	0x7f7af08c93b0	1	d702fd6fe588b6cb	a107d5712f53f2bc	1459	2	2	512	-1	1	1	0	none	-1	-	-	-	1	1	replay	none	474	4.0279
1493	1788562130663565219	0x7f7af08c93b0	1	0fdbf3977c990123	d545d947533e5583	1459	1	1	512	-1	1	1	1	structure	0	GET_ROWS	model.input_embed	shape,data	1	0	direct	none	2184	4.1856
1494	1788562130668561331	0x7f7af08c93b0	1	0fdbf3977c990123	d545d947533e5583	1459	1	1	512	-1	1	1	0	none	-1	-	-	-	0	1	capture	reinstantiate	2224	5.4737
1495	1788562130674841653	0x7f7af08c93b0	1	0fdbf3977c990123	d545d947533e5583	1459	1	1	512	-1	1	1	0	none	-1	-	-	-	1	1	replay	none	474	3.7380
1496	1788562130679383584	0x7f7af08c93b0	1	0fdbf3977c990123	d545d947533e5583	1459	1	1	512	-1	1	1	0	none	-1	-	-	-	1	1	replay	none	471	3.7354
1497	1788562130683913943	0x7f7af08c93b0	1	0fdbf3977c990123	d545d947533e5583	1459	1	1	512	-1	1	1	0	none	-1	-	-	-	1	1	replay	none	472	3.7188
1498	1788562130688425647	0x7f7af08c93b0	1	0fdbf3977c990123	d545d947533e5583	1459	1	1	512	-1	1	1	0	none	-1	-	-	-	1	1	replay	none	469	3.7318
1499	1788562130692949424	0x7f7af08c93b0	1	0fdbf3977c990123	d545d947533e5583	1459	1	1	512	-1	1	1	0	none	-1	-	-	-	1	1	replay	none	472	3.7477
1500	1788562130697490583	0x7f7af08c93b0	1	0fdbf3977c990123	d545d947533e5583	1459	1	1	512	-1	1	1	0	none	-1	-	-	-	1	1	replay	none	468	3.7133
1501	1788562130701984684	0x7f7af08c93b0	1	0fdbf3977c990123	d545d947533e5583	1459	1	1	512	-1	1	1	0	none	-1	-	-	-	1	1	replay	none	470	3.7328
1502	1788562130706512639	0x7f7af08c93b0	1	0fdbf3977c990123	d545d947533e5583	1459	1	1	512	-1	1	1	0	none	-1	-	-	-	1	1	replay	none	470	3.7443
1503	1788562130711047105	0x7f7af08c93b0	1	0fdbf3977c990123	d545d947533e5583	1459	1	1	512	-1	1	1	0	none	-1	-	-	-	1	1	replay	none	469	3.7052
1504	1788562130715560683	0x7f7af08c93b0	1	0fdbf3977c990123	d545d947533e5583	1459	1	1	512	-1	1	1	0	none	-1	-	-	-	1	1	replay	none	481	3.7624
1505	1788562130720133702	0x7f7af08c93b0	1	0fdbf3977c990123	d545d947533e5583	1459	1	1	512	-1	1	1	0	none	-1	-	-	-	1	1	replay	none	475	3.7332
1506	1788562130724669611	0x7f7af08c93b0	1	0fdbf3977c990123	d545d947533e5583	1459	1	1	512	-1	1	1	0	none	-1	-	-	-	1	1	replay	none	471	3.7134
1507	1788562130729183780	0x7f7af08c93b0	1	0fdbf3977c990123	d545d947533e5583	1459	1	1	512	-1	1	1	0	none	-1	-	-	-	1	1	replay	none	472	3.7329
1508	1788562130733722094	0x7f7af08c93b0	1	0fdbf3977c990123	d545d947533e5583	1459	1	1	512	-1	1	1	0	none	-1	-	-	-	1	1	replay	none	478	3.7284
1509	1788562130738253294	0x7f7af08c93b0	1	0fdbf3977c990123	d545d947533e5583	1459	1	1	512	-1	1	1	0	none	-1	-	-	-	1	1	replay	none	474	3.7184
1510	1788562130742766381	0x7f7af08c93b0	1	0fdbf3977c990123	d545d947533e5583	1459	1	1	512	-1	1	1	0	none	-1	-	-	-	1	1	replay	none	471	3.7361
1511	1788562130747297732	0x7f7af08c93b0	1	0fdbf3977c990123	d545d947533e5583	1459	1	1	512	-1	1	1	0	none	-1	-	-	-	1	1	replay	none	472	3.7383
1512	1788562130751829273	0x7f7af08c93b0	1	0fdbf3977c990123	d545d947533e5583	1459	1	1	512	-1	1	1	0	none	-1	-	-	-	1	1	replay	none	471	3.7222
1513	1788562130756347710	0x7f7af08c93b0	1	0fdbf3977c990123	d545d947533e5583	1459	1	1	512	-1	1	1	0	none	-1	-	-	-	1	1	replay	none	472	3.7673
1514	1788562130760903346	0x7f7af08c93b0	1	0fdbf3977c990123	d545d947533e5583	1459	1	1	512	-1	1	1	0	none	-1	-	-	-	1	1	replay	none	472	3.7159
1515	1788562130765416964	0x7f7af08c93b0	1	0fdbf3977c990123	d545d947533e5583	1459	1	1	512	-1	1	1	0	none	-1	-	-	-	1	1	replay	none	470	3.7376
1516	1788562130769946271	0x7f7af08c93b0	1	0fdbf3977c990123	d545d947533e5583	1459	1	1	512	-1	1	1	0	none	-1	-	-	-	1	1	replay	none	470	3.7519
1517	1788562130774488071	0x7f7af08c93b0	1	0fdbf3977c990123	d545d947533e5583	1459	1	1	512	-1	1	1	0	none	-1	-	-	-	1	1	replay	none	468	3.7063
1518	1788562130778977934	0x7f7af08c93b0	1	0fdbf3977c990123	d545d947533e5583	1459	1	1	512	-1	1	1	0	none	-1	-	-	-	1	1	replay	none	470	3.7356
1519	1788562130783509345	0x7f7af08c93b0	1	0fdbf3977c990123	d545d947533e5583	1459	1	1	512	-1	1	1	0	none	-1	-	-	-	1	1	replay	none	471	3.7389
1520	1788562130788037039	0x7f7af08c93b0	1	0fdbf3977c990123	d545d947533e5583	1459	1	1	512	-1	1	1	0	none	-1	-	-	-	1	1	replay	none	470	3.7309
1521	1788562130792562569	0x7f7af08c93b0	1	0fdbf3977c990123	d545d947533e5583	1459	1	1	512	-1	1	1	0	none	-1	-	-	-	1	1	replay	none	469	3.7228
1522	1788562130797072590	0x7f7af08c93b0	1	0fdbf3977c990123	d545d947533e5583	1459	1	1	512	-1	1	1	0	none	-1	-	-	-	1	1	replay	none	471	3.7566
1523	1788562130801636051	0x7f7af08c93b0	1	0fdbf3977c990123	d545d947533e5583	1459	1	1	512	-1	1	1	0	none	-1	-	-	-	1	1	replay	none	469	3.7123
1524	1788562130806141594	0x7f7af08c93b0	1	0fdbf3977c990123	d545d947533e5583	1459	1	1	512	-1	1	1	0	none	-1	-	-	-	1	1	replay	none	473	3.7423
1525	1788562130810676691	0x7f7af08c93b0	1	0fdbf3977c990123	d545d947533e5583	1459	1	1	512	-1	1	1	0	none	-1	-	-	-	1	1	replay	none	469	3.7199
1526	1788562130815185761	0x7f7af08c93b0	1	0fdbf3977c990123	d545d947533e5583	1459	1	1	512	-1	1	1	0	none	-1	-	-	-	1	1	replay	none	471	3.7084
1527	1788562130819680693	0x7f7af08c93b0	1	0fdbf3977c990123	d545d947533e5583	1459	1	1	512	-1	1	1	0	none	-1	-	-	-	1	1	replay	none	469	3.7332
1528	1788562130824202546	0x7f7af08c93b0	1	0fdbf3977c990123	d545d947533e5583	1459	1	1	512	-1	1	1	0	none	-1	-	-	-	1	1	replay	none	472	3.7175
1529	1788562130828710243	0x7f7af08c93b0	1	0fdbf3977c990123	d545d947533e5583	1459	1	1	512	-1	1	1	0	none	-1	-	-	-	1	1	replay	none	467	3.7190
1530	1788562130833421401	0x7f7af08c93b0	1	0fdbf3977c990123	d545d947533e5583	1459	1	1	512	-1	1	1	0	none	-1	-	-	-	1	1	replay	none	555	3.7409
1531	1788562130838042801	0x7f7af08c93b0	1	0fdbf3977c990123	d545d947533e5583	1459	1	1	512	-1	1	1	0	none	-1	-	-	-	1	1	replay	none	475	3.7228
1532	1788562130842565656	0x7f7af08c93b0	1	0fdbf3977c990123	d545d947533e5583	1459	1	1	512	-1	1	1	0	none	-1	-	-	-	1	1	replay	none	469	3.7049
1533	1788562130847058184	0x7f7af08c93b0	1	0fdbf3977c990123	d545d947533e5583	1459	1	1	512	-1	1	1	0	none	-1	-	-	-	1	1	replay	none	470	3.7661
1534	1788562130851608761	0x7f7af08c93b0	1	0fdbf3977c990123	d545d947533e5583	1459	1	1	512	-1	1	1	0	none	-1	-	-	-	1	1	replay	none	467	3.7219
1535	1788562130856131225	0x7f7af08c93b0	1	0fdbf3977c990123	d545d947533e5583	1459	1	1	512	-1	1	1	0	none	-1	-	-	-	1	1	replay	none	476	3.7310
1536	1788562130860658899	0x7f7af08c93b0	1	0fdbf3977c990123	d545d947533e5583	1459	1	1	512	-1	1	1	0	none	-1	-	-	-	1	1	replay	none	468	3.7408
1537	1788562130865184940	0x7f7af08c93b0	1	0fdbf3977c990123	d545d947533e5583	1459	1	1	512	-1	1	1	0	none	-1	-	-	-	1	1	replay	none	469	3.7264
1538	1788562130869707464	0x7f7af08c93b0	1	0fdbf3977c990123	d545d947533e5583	1459	1	1	512	-1	1	1	0	none	-1	-	-	-	1	1	replay	none	466	3.7255
1539	1788562130874219418	0x7f7af08c93b0	1	0fdbf3977c990123	d545d947533e5583	1459	1	1	512	-1	1	1	0	none	-1	-	-	-	1	1	replay	none	471	3.7421
1540	1788562130878759185	0x7f7af08c93b0	1	0fdbf3977c990123	d545d947533e5583	1459	1	1	512	-1	1	1	0	none	-1	-	-	-	1	1	replay	none	468	3.7237
1541	1788562130883273484	0x7f7af08c93b0	1	0fdbf3977c990123	d545d947533e5583	1459	1	1	512	-1	1	1	0	none	-1	-	-	-	1	1	replay	none	469	3.7247
1542	1788562130887790237	0x7f7af08c93b0	1	0fdbf3977c990123	d545d947533e5583	1459	1	1	512	-1	1	1	0	none	-1	-	-	-	1	1	replay	none	467	3.7708
1543	1788562130892343028	0x7f7af08c93b0	1	0fdbf3977c990123	d545d947533e5583	1459	1	1	512	-1	1	1	0	none	-1	-	-	-	1	1	replay	none	466	3.7097
1544	1788562130896842660	0x7f7af08c93b0	1	0fdbf3977c990123	d545d947533e5583	1459	1	1	512	-1	1	1	0	none	-1	-	-	-	1	1	replay	none	466	3.7522
1545	1788562130901374522	0x7f7af08c93b0	1	0fdbf3977c990123	d545d947533e5583	1459	1	1	512	-1	1	1	0	none	-1	-	-	-	1	1	replay	none	465	3.7428
1546	1788562130905908287	0x7f7af08c93b0	1	0fdbf3977c990123	d545d947533e5583	1459	1	1	512	-1	1	1	0	none	-1	-	-	-	1	1	replay	none	470	3.7132
1547	1788562130910410944	0x7f7af08c93b0	1	0fdbf3977c990123	d545d947533e5583	1459	1	1	512	-1	1	1	0	none	-1	-	-	-	1	1	replay	none	473	3.7385
1548	1788562130914940942	0x7f7af08c93b0	1	0fdbf3977c990123	d545d947533e5583	1459	1	1	512	-1	1	1	0	none	-1	-	-	-	1	1	replay	none	468	3.7336
1549	1788562130919465541	0x7f7af08c93b0	1	0fdbf3977c990123	d545d947533e5583	1459	1	1	512	-1	1	1	0	none	-1	-	-	-	1	1	replay	none	465	3.7205
1550	1788562130923974950	0x7f7af08c93b0	1	0fdbf3977c990123	d545d947533e5583	1459	1	1	512	-1	1	1	0	none	-1	-	-	-	1	1	replay	none	468	3.7293
1551	1788562130928482647	0x7f7af08c93b0	1	0fdbf3977c990123	d545d947533e5583	1459	1	1	512	-1	1	1	0	none	-1	-	-	-	1	1	replay	none	464	3.7443
1552	1788562130933012896	0x7f7af08c93b0	1	0fdbf3977c990123	d545d947533e5583	1459	1	1	512	-1	1	1	0	none	-1	-	-	-	1	1	replay	none	467	3.7088
1553	1788562130937518769	0x7f7af08c93b0	1	0fdbf3977c990123	d545d947533e5583	1459	1	1	512	-1	1	1	0	none	-1	-	-	-	1	1	replay	none	467	3.7598
1554	1788562130942081759	0x7f7af08c93b0	1	0fdbf3977c990123	d545d947533e5583	1459	1	1	512	-1	1	1	0	none	-1	-	-	-	1	1	replay	none	472	3.7154
1555	1788562130946596308	0x7f7af08c93b0	1	0fdbf3977c990123	d545d947533e5583	1459	1	1	512	-1	1	1	0	none	-1	-	-	-	1	1	replay	none	468	3.7119
1556	1788562130951095238	0x7f7af08c93b0	1	0fdbf3977c990123	d545d947533e5583	1459	1	1	512	-1	1	1	0	none	-1	-	-	-	1	1	replay	none	468	3.7411
1557	1788562130955631408	0x7f7af08c93b0	1	0fdbf3977c990123	d545d947533e5583	1459	1	1	512	-1	1	1	0	none	-1	-	-	-	1	1	replay	none	467	3.7058
1558	1788562130960122183	0x7f7af08c93b0	1	0fdbf3977c990123	d545d947533e5583	1459	1	1	512	-1	1	1	0	none	-1	-	-	-	1	1	replay	none	469	3.7335
1559	1788562130964650228	0x7f7af08c93b0	1	0fdbf3977c990123	d545d947533e5583	1459	1	1	512	-1	1	1	0	none	-1	-	-	-	1	1	replay	none	466	3.7451
1560	1788562130969183622	0x7f7af08c93b0	1	0fdbf3977c990123	d545d947533e5583	1459	1	1	512	-1	1	1	0	none	-1	-	-	-	1	1	replay	none	469	3.7151
1561	1788562130973690066	0x7f7af08c93b0	1	0fdbf3977c990123	d545d947533e5583	1459	1	1	512	-1	1	1	0	none	-1	-	-	-	1	1	replay	none	464	3.7156
