utc	clocks_sm_mhz	clocks_mem_mhz	temperature_c	power_draw_w	utilization_gpu_percent	utilization_memory_percent	memory_used_mib	memory_total_mib	throttle_reasons_active	bar1_total_mib	bar1_used_mib	bar1_free_mib	mem_available_kib	mlocked_kib	unevictable_kib	page_tables_kib	sunreclaim_kib	load_average_1m
2026-10-02T23:52:55Z	2835	10251	47	53.85	0	0	9265	12282	0x0000000000000400	256	79	177	39309496	356	173348	276348	1502508	3.96
2026-10-02T23:52:56Z	2835	10251	54	111.95	100	96	9287	12282	0x0000000000000400	256	79	177	39022612	356	173348	278380	1502316	3.96
2026-10-02T23:52:57Z	2835	10251	55	173.97	96	90	9287	12282	0x0000000000000400	256	79	177	38969804	356	173348	278192	1502316	3.96
2026-10-02T23:52:58Z	2835	10251	55	176.42	100	92	9307	12282	0x0000000000000400	256	79	177	38943560	356	173348	279548	1502380	3.96
2026-10-02T23:52:59Z	2835	10251	56	179.43	100	90	9307	12282	0x0000000000000400	256	79	177	38961984	356	173348	278616	1502380	4.21
2026-10-02T23:53:00Z	2835	10251	55	177.56	99	100	9303	12282	0x0000000000000400	256	79	177	38890192	356	173348	278656	1502380	4.21
2026-10-02T23:53:01Z	2835	10251	55	179.33	99	100	9303	12282	0x0000000000000400	256	79	177	38928396	356	173348	278500	1502380	4.21
2026-10-02T23:53:02Z	2835	10251	55	174.50	96	91	9303	12282	0x0000000000000400	256	79	177	38958660	356	173348	278368	1502380	4.21
2026-10-02T23:53:03Z	2835	10251	55	170.45	99	100	9287	12282	0x0000000000000400	256	79	177	38960348	356	173348	277356	1502380	4.21
2026-10-02T23:53:04Z	2835	10251	55	169.37	99	100	9287	12282	0x0000000000000400	256	79	177	39103496	356	173348	276888	1502380	4.19
2026-10-02T23:53:05Z	2835	10251	55	169.74	99	100	9287	12282	0x0000000000000400	256	79	177	38994740	356	173348	277604	1502348	4.19
2026-10-02T23:53:06Z	2835	10251	55	167.64	100	93	9287	12282	0x0000000000000400	256	79	177	39001564	356	173348	277496	1502316	4.19
2026-10-02T23:53:07Z	2835	10251	55	168.96	99	100	9287	12282	0x0000000000000400	256	79	177	39071868	356	173348	277524	1502284	4.19
2026-10-02T23:53:08Z	2835	10251	55	168.58	99	100	9287	12282	0x0000000000000400	256	79	177	38937356	356	173348	278540	1502316	4.19
2026-10-02T23:53:09Z	2835	10251	55	168.93	99	100	9287	12282	0x0000000000000400	256	79	177	38883980	356	173348	277652	1502316	4.18
2026-10-02T23:53:10Z	2835	10251	55	169.28	98	100	9287	12282	0x0000000000000400	256	79	177	39270932	356	173348	276804	1502312	4.18
2026-10-02T23:53:11Z	2835	10251	55	165.64	99	100	9287	12282	0x0000000000000400	256	79	177	39082508	356	173348	277628	1502376	4.18
2026-10-02T23:53:13Z	2835	10251	55	167.44	99	100	9287	12282	0x0000000000000400	256	79	177	39029984	356	173348	277316	1502376	4.18
2026-10-02T23:53:14Z	2835	10251	56	168.66	99	95	9287	12282	0x0000000000000400	256	79	177	39302348	356	173348	277044	1502376	4.18
2026-10-02T23:53:15Z	2835	10251	56	174.98	96	90	9287	12282	0x0000000000000400	256	79	177	39174184	356	173348	277084	1502312	4.16
2026-10-02T23:53:16Z	2835	10251	56	173.84	99	100	9287	12282	0x0000000000000400	256	79	177	39012104	356	173348	277168	1502312	4.16
2026-10-02T23:53:17Z	2835	10251	56	173.64	99	100	9287	12282	0x0000000000000400	256	79	177	38834660	356	173348	277580	1502376	4.16
2026-10-02T23:53:18Z	2835	10251	56	173.36	99	100	9287	12282	0x0000000000000400	256	79	177	38868740	356	173348	277164	1502312	4.16
2026-10-02T23:53:19Z	2835	10251	56	174.33	99	100	9287	12282	0x0000000000000400	256	79	177	38783780	356	173348	277876	1502312	5.27
2026-10-02T23:53:20Z	2835	10251	56	174.32	99	100	9287	12282	0x0000000000000400	256	79	177	38751096	356	173348	277556	1502312	5.27
2026-10-02T23:53:21Z	2835	10251	56	174.85	99	100	9287	12282	0x0000000000000400	256	79	177	38827332	356	173348	277260	1502312	5.27
2026-10-02T23:53:22Z	2835	10251	56	174.17	99	100	9287	12282	0x0000000000000400	256	79	177	38731016	356	173348	277884	1502440	5.27
2026-10-02T23:53:23Z	2835	10251	56	171.78	96	92	9287	12282	0x0000000000000400	256	79	177	38743536	356	173348	277440	1502440	5.27
2026-10-02T23:53:24Z	2835	10251	56	169.18	99	100	9287	12282	0x0000000000000400	256	79	177	38796456	356	173348	278276	1502440	5.17
2026-10-02T23:53:25Z	2835	10251	56	169.18	99	100	9287	12282	0x0000000000000400	256	79	177	38793812	356	173348	277660	1502432	5.17
2026-10-02T23:53:26Z	2835	10251	56	169.68	98	100	9287	12282	0x0000000000000400	256	79	177	39253808	356	173348	277548	1502420	5.17
2026-10-02T23:53:27Z	2835	10251	56	170.02	99	100	9287	12282	0x0000000000000400	256	79	177	39262168	356	173348	277308	1502420	5.17
2026-10-02T23:53:28Z	2835	10251	56	169.66	99	100	9287	12282	0x0000000000000400	256	79	177	39131048	356	173348	277248	1502416	5.17
2026-10-02T23:53:29Z	2835	10251	56	169.77	98	100	9287	12282	0x0000000000000400	256	79	177	39061992	356	173348	276908	1502396	4.99
2026-10-02T23:53:30Z	2835	10251	57	168.97	96	92	9287	12282	0x0000000000000400	256	79	177	38938380	356	173348	277536	1502396	4.99
2026-10-02T23:53:32Z	2835	10251	57	174.62	100	93	9288	12282	0x0000000000000400	256	79	177	38994396	356	173348	277124	1502396	4.99
2026-10-02T23:53:33Z	2835	10251	57	177.47	96	88	9288	12282	0x0000000000000400	256	79	177	39050284	356	173348	277364	1502364	4.99
2026-10-02T23:53:34Z	2835	10251	56	179.49	96	86	9288	12282	0x0000000000000400	256	79	177	39110772	356	173348	277688	1502332	4.99
2026-10-02T23:53:35Z	2835	10251	58	181.36	100	89	9288	12282	0x0000000000000400	256	79	177	39027748	356	173348	277452	1502332	4.83
2026-10-02T23:53:36Z	2835	10251	57	181.40	99	100	9287	12282	0x0000000000000400	256	79	177	39045592	356	173348	277136	1502332	4.83
2026-10-02T23:53:37Z	2835	10251	57	182.96	99	100	9287	12282	0x0000000000000400	256	79	177	38956608	356	173348	277140	1502332	4.83
2026-10-02T23:53:38Z	2835	10251	56	170.86	94	97	9287	12282	0x0000000000000400	256	79	177	39009508	356	173348	277600	1502332	4.83
2026-10-02T23:53:39Z	2835	10251	56	170.02	99	100	9287	12282	0x0000000000000400	256	79	177	38871152	356	173348	277948	1502332	4.77
2026-10-02T23:53:40Z	2835	10251	56	169.68	99	100	9287	12282	0x0000000000000400	256	79	177	38826484	356	173348	277580	1502332	4.77
2026-10-02T23:53:41Z	2835	10251	56	170.32	99	100	9287	12282	0x0000000000000400	256	79	177	38898256	356	173348	277188	1502332	4.77
2026-10-02T23:53:42Z	2835	10251	57	170.04	99	100	9287	12282	0x0000000000000400	256	79	177	38848552	356	173348	277508	1502332	4.77
2026-10-02T23:53:43Z	2835	10251	57	170.77	99	100	9287	12282	0x0000000000000400	256	79	177	38786380	356	173348	277604	1502332	4.77
2026-10-02T23:53:44Z	2835	10251	56	167.04	94	95	9287	12282	0x0000000000000400	256	79	177	38721728	356	173348	278668	1502332	4.63
2026-10-02T23:53:45Z	2835	10251	56	167.71	98	100	9287	12282	0x0000000000000400	256	79	177	38687016	356	173348	278452	1502332	4.63
2026-10-02T23:53:46Z	2835	10251	56	166.38	81	81	9287	12282	0x0000000000000400	256	79	177	38817300	356	173348	277860	1502332	4.63
2026-10-02T23:53:47Z	2835	10251	57	173.21	96	90	9307	12282	0x0000000000000400	256	79	177	38992488	356	173348	276996	1502332	4.63
2026-10-02T23:53:48Z	2835	10251	57	170.92	99	100	9303	12282	0x0000000000000400	256	79	177	38913104	356	173348	277292	1502332	4.63
2026-10-02T23:53:49Z	2835	10251	56	171.94	99	100	9303	12282	0x0000000000000400	256	79	177	39025016	356	173348	276828	1502332	4.58
2026-10-02T23:53:51Z	2835	10251	57	170.94	100	95	9303	12282	0x0000000000000400	256	79	177	39026544	356	173348	277320	1502332	4.58
2026-10-02T23:53:52Z	2835	10251	57	172.82	99	100	9287	12282	0x0000000000000400	256	79	177	39174264	356	173348	276576	1502332	4.58
2026-10-02T23:53:53Z	2835	10251	57	172.12	99	100	9287	12282	0x0000000000000400	256	79	177	39096832	356	173348	277036	1502332	4.58
2026-10-02T23:53:54Z	2835	10251	57	172.08	99	100	9287	12282	0x0000000000000400	256	79	177	39027652	356	173348	277708	1502332	4.58
2026-10-02T23:53:55Z	2835	10251	57	171.01	96	91	9292	12282	0x0000000000000400	256	79	177	39073356	356	173348	277452	1502332	4.61
2026-10-02T23:53:56Z	2835	10251	57	171.42	99	100	9291	12282	0x0000000000000400	256	79	177	39132560	356	173348	277132	1502332	4.61
2026-10-02T23:53:57Z	2835	10251	57	171.64	99	100	9291	12282	0x0000000000000400	256	79	177	39204348	356	173348	277212	1502300	4.61
2026-10-02T23:53:58Z	2835	10251	57	171.31	96	100	9291	12282	0x0000000000000400	256	79	177	39095264	356	173348	276864	1502300	4.61
2026-10-02T23:53:59Z	2835	10251	57	172.23	99	100	9307	12282	0x0000000000000400	256	79	177	38992308	356	173348	277216	1502300	4.64
2026-10-02T23:54:00Z	2835	10251	57	171.51	99	100	9306	12282	0x0000000000000400	256	79	177	39030368	356	173348	277060	1502300	4.64
2026-10-02T23:54:01Z	2835	10251	57	172.48	99	100	9296	12282	0x0000000000000400	256	79	177	38988052	356	173348	277464	1502300	4.64
2026-10-02T23:54:02Z	2835	10251	57	172.18	99	100	9296	12282	0x0000000000000400	256	79	177	39112644	356	173348	278168	1502296	4.64
2026-10-02T23:54:03Z	2835	10251	57	173.22	99	100	9296	12282	0x0000000000000400	256	79	177	39096916	356	173348	277008	1502296	4.64
2026-10-02T23:54:04Z	2835	10251	57	172.60	99	100	9287	12282	0x0000000000000400	256	79	177	38938700	356	173348	278076	1502296	4.59
2026-10-02T23:54:05Z	2835	10251	57	173.08	99	100	9287	12282	0x0000000000000400	256	79	177	38881824	356	173348	277660	1502296	4.59
2026-10-02T23:54:06Z	2835	10251	57	169.69	90	99	9287	12282	0x0000000000000400	256	79	177	38965168	356	173348	277664	1502296	4.59
2026-10-02T23:54:07Z	2835	10251	57	167.13	99	100	9287	12282	0x0000000000000400	256	79	177	38975588	356	173348	277168	1502296	4.59
2026-10-02T23:54:08Z	2835	10251	57	167.04	96	91	9287	12282	0x0000000000000400	256	79	177	39291424	356	173348	276920	1502292	4.59
2026-10-02T23:54:10Z	2835	10251	57	169.18	99	100	9287	12282	0x0000000000000400	256	79	177	39144960	356	173348	276988	1502324	4.46
2026-10-02T23:54:11Z	2835	10251	57	169.05	99	100	9287	12282	0x0000000000000400	256	79	177	39047184	356	173348	277160	1502292	4.46
2026-10-02T23:54:12Z	2835	10251	57	169.21	99	100	9287	12282	0x0000000000000400	256	79	177	39147800	356	173348	277144	1502292	4.46
2026-10-02T23:54:13Z	2835	10251	57	169.53	99	100	9287	12282	0x0000000000000400	256	79	177	39066392	356	173348	277232	1502292	4.46
2026-10-02T23:54:14Z	2835	10251	57	169.49	99	94	9287	12282	0x0000000000000400	256	79	177	39004272	356	173348	276900	1502292	4.42
2026-10-02T23:54:15Z	2835	10251	58	175.74	96	89	9287	12282	0x0000000000000400	256	79	177	39025464	356	173348	277560	1502292	4.42
2026-10-02T23:54:16Z	2835	10251	58	177.22	96	87	9287	12282	0x0000000000000400	256	79	177	38942728	356	173348	277772	1502292	4.42
2026-10-02T23:54:17Z	2835	10251	58	179.98	96	86	9287	12282	0x0000000000000400	256	79	177	38873436	356	173348	277316	1502292	4.42
2026-10-02T23:54:18Z	2835	10251	58	181.75	96	85	9287	12282	0x0000000000000400	256	79	177	38871416	356	173348	277400	1502292	4.42
2026-10-02T23:54:19Z	2835	10251	58	182.53	99	100	9287	12282	0x0000000000000400	256	79	177	39146632	356	173348	276276	1502292	4.31
2026-10-02T23:54:20Z	2835	10251	57	180.59	99	100	9287	12282	0x0000000000000400	256	79	177	39095112	356	173348	277068	1502292	4.31
2026-10-02T23:54:21Z	2835	10251	58	173.97	96	91	9287	12282	0x0000000000000400	256	79	177	39108056	356	173348	276500	1502292	4.31
2026-10-02T23:54:22Z	2835	10251	57	171.47	99	100	9287	12282	0x0000000000000400	256	79	177	39065260	356	173348	277116	1502356	4.31
2026-10-02T23:54:23Z	2835	10251	57	171.92	99	100	9287	12282	0x0000000000000400	256	79	177	39292348	356	173348	276692	1502356	4.31
2026-10-02T23:54:24Z	2835	10251	57	171.38	99	100	9287	12282	0x0000000000000400	256	79	177	39303144	356	173348	275852	1502356	4.21
2026-10-02T23:54:25Z	2835	10251	57	172.34	99	100	9287	12282	0x0000000000000400	256	79	177	39297456	356	173348	276112	1502356	4.21
2026-10-02T23:54:26Z	2835	10251	57	172.24	99	100	9287	12282	0x0000000000000400	256	79	177	39264380	356	173348	275752	1502292	4.21
2026-10-02T23:54:27Z	2835	10251	57	172.23	99	100	9287	12282	0x0000000000000400	256	79	177	39280676	356	173348	277080	1502292	4.21
2026-10-02T23:54:29Z	2835	10251	57	171.60	99	100	9287	12282	0x0000000000000400	256	79	177	39329152	356	173348	277068	1502292	4.21
2026-10-02T23:54:30Z	2835	10251	58	172.90	100	95	9287	12282	0x0000000000000400	256	79	177	39273792	356	173348	276600	1502292	4.11
2026-10-02T23:54:31Z	2835	10251	57	172.86	99	100	9287	12282	0x0000000000000400	256	79	177	39159300	356	173348	277500	1502292	4.11
2026-10-02T23:54:32Z	2835	10251	57	171.88	99	100	9288	12282	0x0000000000000400	256	79	177	39199352	356	173348	277404	1502292	4.11
2026-10-02T23:54:33Z	2835	10251	58	170.44	99	95	9288	12282	0x0000000000000400	256	79	177	39123580	356	173348	277248	1502292	4.11
2026-10-02T23:54:34Z	2835	10251	58	175.98	100	92	9288	12282	0x0000000000000400	256	79	177	39179104	356	173348	277244	1502356	4.02
2026-10-02T23:54:35Z	2835	10251	57	178.43	100	91	9288	12282	0x0000000000000400	256	79	177	39099736	356	173348	276960	1502356	4.02
2026-10-02T23:54:36Z	2835	10251	58	180.00	100	89	9287	12282	0x0000000000000400	256	79	177	39168568	356	173348	276844	1502356	4.02
2026-10-02T23:54:37Z	2835	10251	58	181.30	99	100	9287	12282	0x0000000000000400	256	79	177	39121720	356	173348	276720	1502292	4.02
2026-10-02T23:54:38Z	2835	10251	58	181.60	99	100	9287	12282	0x0000000000000400	256	79	177	39057820	356	173348	278348	1502292	4.02
2026-10-02T23:54:39Z	2835	10251	58	182.12	99	100	9287	12282	0x0000000000000400	256	79	177	39094372	356	173348	276588	1502292	4.02
2026-10-02T23:54:40Z	2835	10251	58	180.85	99	100	9287	12282	0x0000000000000400	256	79	177	39118068	356	173348	276960	1502292	4.02
2026-10-02T23:54:41Z	2835	10251	58	182.07	99	100	9287	12282	0x0000000000000400	256	79	177	39116232	356	173348	277680	1502292	4.02
2026-10-02T23:54:42Z	2835	10251	58	181.84	99	100	9287	12282	0x0000000000000400	256	79	177	39129428	356	173348	277088	1502292	4.02
2026-10-02T23:54:43Z	2835	10251	58	181.93	99	100	9287	12282	0x0000000000000400	256	79	177	39154932	356	173348	276980	1502292	4.02
2026-10-02T23:54:44Z	2835	10251	58	181.63	99	100	9287	12282	0x0000000000000400	256	79	177	39078184	356	173348	276880	1502292	3.94
2026-10-02T23:54:45Z	2835	10251	58	175.30	96	91	9287	12282	0x0000000000000400	256	79	177	39087216	356	173348	277052	1502292	3.94
2026-10-02T23:54:46Z	2835	10251	57	171.86	99	100	9287	12282	0x0000000000000400	256	79	177	39155968	356	173348	277004	1502260	3.94
2026-10-02T23:54:47Z	2835	10251	57	170.66	99	100	9287	12282	0x0000000000000400	256	79	177	39020408	356	173348	277480	1502260	3.94
2026-10-02T23:54:49Z	2835	10251	57	171.49	99	100	9287	12282	0x0000000000000400	256	79	177	39208904	356	173348	276612	1502260	3.94
2026-10-02T23:54:50Z	2835	10251	57	171.64	99	100	9287	12282	0x0000000000000400	256	79	177	39044684	356	173348	277004	1502260	3.86
2026-10-02T23:54:51Z	2835	10251	57	171.47	99	100	9287	12282	0x0000000000000400	256	79	177	39038980	356	173348	276808	1502260	3.86
2026-10-02T23:54:52Z	2835	10251	58	169.44	96	100	9287	12282	0x0000000000000400	256	79	177	39223768	356	173348	276520	1502260	3.86
2026-10-02T23:54:53Z	2835	10251	58	175.18	96	90	9287	12282	0x0000000000000400	256	79	177	39134908	356	173348	276944	1502260	3.86
2026-10-02T23:54:54Z	2835	10251	57	175.13	99	100	9287	12282	0x0000000000000400	256	79	177	39078560	356	173348	277216	1502260	3.79
2026-10-02T23:54:55Z	2835	10251	58	173.79	99	100	9287	12282	0x0000000000000400	256	79	177	39005356	356	173348	277448	1502260	3.79
2026-10-02T23:54:56Z	2835	10251	58	173.98	99	100	9287	12282	0x0000000000000400	256	79	177	39027152	356	173348	277160	1502260	3.79
2026-10-02T23:54:57Z	2835	10251	58	174.86	99	100	9287	12282	0x0000000000000400	256	79	177	39072300	356	173348	277000	1502260	3.79
2026-10-02T23:54:58Z	2835	10251	57	171.98	99	100	9287	12282	0x0000000000000400	256	79	177	39058916	356	173348	277168	1502260	3.79
2026-10-02T23:54:59Z	2835	10251	57	173.06	100	94	9287	12282	0x0000000000000400	256	79	177	39005600	356	173348	276940	1502260	3.73
2026-10-02T23:55:00Z	2835	10251	58	176.60	96	88	9287	12282	0x0000000000000400	256	79	177	38956536	356	173348	277924	1502320	3.73
2026-10-02T23:55:01Z	2835	10251	58	176.68	99	100	9287	12282	0x0000000000000400	256	79	177	38941336	356	173348	277724	1502320	3.73
2026-10-02T23:55:02Z	2835	10251	58	176.01	99	100	9287	12282	0x0000000000000400	256	79	177	39091944	356	173348	278404	1502320	3.73
2026-10-02T23:55:03Z	2835	10251	58	176.56	99	100	9287	12282	0x0000000000000400	256	79	177	39054916	356	173348	277344	1502320	3.73
2026-10-02T23:55:04Z	2835	10251	58	176.11	99	100	9287	12282	0x0000000000000400	256	79	177	39009308	356	173348	276660	1502256	3.67
2026-10-02T23:55:05Z	2835	10251	58	174.41	99	95	9287	12282	0x0000000000000400	256	79	177	39135708	356	173348	276604	1502256	3.67
2026-10-02T23:55:06Z	2835	10251	57	169.37	99	100	9287	12282	0x0000000000000400	256	79	177	38992068	356	173348	276760	1502256	3.67
2026-10-02T23:55:08Z	2835	10251	57	169.34	99	100	9287	12282	0x0000000000000400	256	79	177	39008080	356	173348	277564	1502256	3.67
2026-10-02T23:55:09Z	2835	10251	57	169.51	99	100	9287	12282	0x0000000000000400	256	79	177	38960584	356	173348	277924	1502320	3.67
2026-10-02T23:55:10Z	2835	10251	57	169.57	99	100	9287	12282	0x0000000000000400	256	79	177	38860100	356	173348	278128	1502320	3.70
2026-10-02T23:55:11Z	2835	10251	58	168.21	96	91	9287	12282	0x0000000000000400	256	79	177	38833940	356	173348	277824	1502320	3.70
2026-10-02T23:55:12Z	2835	10251	58	175.31	99	93	9287	12282	0x0000000000000400	256	79	177	39095888	356	173348	277220	1502256	3.70
2026-10-02T23:55:13Z	2835	10251	58	178.11	96	87	9287	12282	0x0000000000000400	256	79	177	38966692	356	173348	277948	1502256	3.70
2026-10-02T23:55:14Z	2835	10251	59	181.05	96	85	9287	12282	0x0000000000000400	256	79	177	38934960	356	173348	277688	1502256	3.64
2026-10-02T23:55:15Z	2835	10251	58	181.18	99	100	9287	12282	0x0000000000000400	256	79	177	39029972	356	173348	277524	1502256	3.64
2026-10-02T23:55:16Z	2835	10251	58	181.93	99	100	9287	12282	0x0000000000000400	256	79	177	39100828	356	173348	277212	1502256	3.64
2026-10-02T23:55:17Z	2835	10251	58	182.30	99	100	9287	12282	0x0000000000000400	256	79	177	38993700	356	173348	277484	1502256	3.64
2026-10-02T23:55:18Z	2835	10251	58	182.32	99	100	9287	12282	0x0000000000000400	256	79	177	38893740	356	173348	278140	1502256	3.64
2026-10-02T23:55:19Z	2835	10251	58	182.31	98	100	9287	12282	0x0000000000000400	256	79	177	38935944	356	173348	278324	1502256	3.67
2026-10-02T23:55:20Z	2835	10251	59	182.20	99	100	9287	12282	0x0000000000000400	256	79	177	38773400	356	173348	278232	1502256	3.67
2026-10-02T23:55:21Z	2835	10251	58	181.57	99	100	9287	12282	0x0000000000000400	256	79	177	38719752	356	173348	278184	1502256	3.67
2026-10-02T23:55:22Z	2835	10251	59	182.57	99	100	9287	12282	0x0000000000000400	256	79	177	38789380	356	173348	278136	1502256	3.67
2026-10-02T23:55:23Z	2835	10251	59	182.96	99	100	9287	12282	0x0000000000000400	256	79	177	38799020	356	173348	277820	1502256	3.67
2026-10-02T23:55:24Z	2835	10251	59	183.39	99	100	9287	12282	0x0000000000000400	256	79	177	38740720	356	173348	278248	1502256	3.62
2026-10-02T23:55:25Z	2835	10251	59	183.54	99	100	9287	12282	0x0000000000000400	256	79	177	38814656	356	173348	277944	1502256	3.62
2026-10-02T23:55:26Z	2835	10251	59	183.23	99	100	9287	12282	0x0000000000000400	256	79	177	38855544	356	173348	277796	1502320	3.62
2026-10-02T23:55:28Z	2835	10251	59	183.03	99	100	9287	12282	0x0000000000000400	256	79	177	39375656	356	173348	277124	1502308	3.62
2026-10-02T23:55:29Z	2835	10251	59	183.88	99	100	9287	12282	0x0000000000000400	256	79	177	39176968	356	173348	276932	1502244	3.62
2026-10-02T23:55:30Z	2835	10251	59	184.04	99	100	9287	12282	0x0000000000000400	256	79	177	39074712	356	173348	277048	1502244	3.65
2026-10-02T23:55:31Z	2835	10251	59	183.38	98	100	9288	12282	0x0000000000000400	256	79	177	39114904	356	173348	278832	1502244	3.65
2026-10-02T23:55:32Z	2835	10251	59	183.48	99	100	9293	12282	0x0000000000000400	256	79	177	39191672	356	173348	277804	1502228	3.65
2026-10-02T23:55:33Z	2835	10251	59	184.33	99	100	9291	12282	0x0000000000000400	256	79	177	39146088	356	173348	277664	1502228	3.65
2026-10-02T23:55:34Z	2835	10251	59	184.07	99	100	9291	12282	0x0000000000000400	256	79	177	39059016	356	173348	277836	1502228	3.76
2026-10-02T23:55:35Z	2835	10251	59	183.86	96	100	9291	12282	0x0000000000000400	256	79	177	38921240	356	173348	277956	1502228	3.76
2026-10-02T23:55:36Z	2835	10251	59	184.39	98	100	9287	12282	0x0000000000000400	256	79	177	39087984	356	173348	277956	1502284	3.76
2026-10-02T23:55:37Z	2835	10251	59	185.37	99	100	9287	12282	0x0000000000000400	256	79	177	39380544	356	173348	277196	1502268	3.76
2026-10-02T23:55:38Z	2835	10251	59	184.55	99	100	9287	12282	0x0000000000000400	256	79	177	38767484	356	173348	277772	1502272	3.76
2026-10-02T23:55:39Z	2835	10251	59	184.12	99	100	9287	12282	0x0000000000000400	256	79	177	39238932	356	173348	278004	1502236	3.86
2026-10-02T23:55:40Z	2835	10251	59	185.31	99	100	9287	12282	0x0000000000000400	256	79	177	39089324	356	173348	278036	1502236	3.86
2026-10-02T23:55:41Z	2835	10251	59	185.38	98	100	9287	12282	0x0000000000000400	256	79	177	38150996	356	173348	280160	1502156	3.86
2026-10-02T23:55:42Z	2835	10251	59	185.51	99	100	9287	12282	0x0000000000000400	256	79	177	38493716	356	173348	278268	1502156	3.86
2026-10-02T23:55:43Z	2835	10251	59	185.31	98	100	9287	12282	0x0000000000000400	256	79	177	38633304	356	173348	277704	1502156	3.86
2026-10-02T23:55:44Z	2835	10251	59	185.72	99	100	9287	12282	0x0000000000000400	256	79	177	38612640	356	173348	278188	1502220	4.19
2026-10-02T23:55:46Z	2820	10251	59	185.94	99	100	9307	12282	0x0000000000000400	256	79	177	38606964	356	173348	278244	1502220	4.19
2026-10-02T23:55:47Z	2820	10251	59	186.22	99	100	9307	12282	0x0000000000000400	256	79	177	38591052	356	173348	278660	1502220	4.19
2026-10-02T23:55:48Z	2820	10251	59	185.61	98	100	9303	12282	0x0000000000000400	256	79	177	38592608	356	173348	278572	1502220	4.19
2026-10-02T23:55:49Z	2820	10251	59	185.97	99	100	9303	12282	0x0000000000000400	256	79	177	38802380	356	173348	277388	1502220	4.19
2026-10-02T23:55:50Z	2820	10251	59	186.48	98	100	9303	12282	0x0000000000000400	256	79	177	39101380	356	173348	277204	1502220	4.09
2026-10-02T23:55:51Z	2820	10251	59	185.98	99	100	9287	12282	0x0000000000000400	256	79	177	39026028	356	173348	278240	1502220	4.09
2026-10-02T23:55:52Z	2820	10251	59	185.79	99	100	9287	12282	0x0000000000000400	256	79	177	39127256	356	173348	276900	1502156	4.09
2026-10-02T23:55:53Z	2820	10251	59	186.30	99	100	9287	12282	0x0000000000000400	256	79	177	39056448	356	173348	277588	1502156	4.09
2026-10-02T23:55:54Z	2820	10251	59	183.66	91	97	9287	12282	0x0000000000000400	256	79	177	39075636	356	173348	277484	1502156	4.16
2026-10-02T23:55:55Z	2820	10251	59	186.13	99	100	9287	12282	0x0000000000000400	256	79	177	39107040	356	173348	277532	1502156	4.16
2026-10-02T23:55:56Z	2820	10251	59	185.34	99	100	9287	12282	0x0000000000000400	256	79	177	39078176	356	173348	277116	1502156	4.16
2026-10-02T23:55:57Z	2820	10251	59	184.59	99	100	9287	12282	0x0000000000000400	256	79	177	39013432	356	173348	277624	1502156	4.16
2026-10-02T23:55:58Z	2820	10251	59	184.13	91	98	9287	12282	0x0000000000000400	256	79	177	39172756	356	173348	277504	1502156	4.16
2026-10-02T23:55:59Z	2820	10251	59	185.91	91	97	9287	12282	0x0000000000000400	256	79	177	39231300	356	173348	278560	1502156	4.07
2026-10-02T23:56:00Z	2820	10251	59	185.16	99	100	9287	12282	0x0000000000000400	256	79	177	39053592	356	173348	277920	1502156	4.07
2026-10-02T23:56:01Z	2820	10251	59	185.53	99	100	9287	12282	0x0000000000000400	256	79	177	38996992	356	173348	277708	1502152	4.07
2026-10-02T23:56:02Z	2820	10251	59	187.60	99	100	9287	12282	0x0000000000000400	256	79	177	38865592	356	173348	278344	1502152	4.07
2026-10-02T23:56:03Z	2820	10251	59	187.78	99	100	9287	12282	0x0000000000000400	256	79	177	38922128	356	173348	277632	1502152	4.07
2026-10-02T23:56:05Z	2820	10251	59	188.23	99	100	9287	12282	0x0000000000000400	256	79	177	39063920	356	173348	276968	1502152	3.99
2026-10-02T23:56:06Z	2820	10251	59	187.20	98	100	9287	12282	0x0000000000000400	256	79	177	39111532	356	173348	277148	1502184	3.99
2026-10-02T23:56:07Z	2820	10251	59	187.65	99	100	9287	12282	0x0000000000000400	256	79	177	39002488	356	173348	277628	1502208	3.99
2026-10-02T23:56:08Z	2820	10251	59	187.89	98	100	9287	12282	0x0000000000000400	256	79	177	38899064	356	173348	278700	1502208	3.99
2026-10-02T23:56:09Z	2820	10251	59	187.57	97	100	9287	12282	0x0000000000000400	256	79	177	38832128	356	173348	277772	1502240	3.99
2026-10-02T23:56:10Z	2820	10251	59	187.94	99	100	9287	12282	0x0000000000000400	256	79	177	38931840	356	173348	277632	1502144	3.99
2026-10-02T23:56:11Z	2820	10251	59	187.29	99	100	9287	12282	0x0000000000000400	256	79	177	39225592	356	173348	277640	1502108	3.99
2026-10-02T23:56:12Z	2820	10251	59	188.23	99	100	9287	12282	0x0000000000000400	256	79	177	39341048	356	173348	276984	1502124	3.99
2026-10-02T23:56:13Z	2820	10251	59	188.62	99	100	9287	12282	0x0000000000000400	256	79	177	39114332	356	173348	277856	1502124	3.99
2026-10-02T23:56:14Z	2820	10251	59	188.53	99	100	9287	12282	0x0000000000000400	256	79	177	39120744	356	173348	277588	1502124	3.99
2026-10-02T23:56:15Z	2820	10251	59	188.44	98	100	9287	12282	0x0000000000000400	256	79	177	39140276	356	173348	277168	1502444	3.99
2026-10-02T23:56:16Z	2820	10251	59	188.58	99	100	9287	12282	0x0000000000000400	256	79	177	39176116	356	173348	276992	1502220	3.99
2026-10-02T23:56:17Z	2820	10251	59	189.71	99	100	9287	12282	0x0000000000000400	256	79	177	39055748	356	173348	277488	1502220	3.99
2026-10-02T23:56:18Z	2820	10251	59	189.21	99	100	9287	12282	0x0000000000000400	256	79	177	39001436	356	173348	277296	1502220	3.99
2026-10-02T23:56:19Z	2820	10251	59	188.98	99	100	9287	12282	0x0000000000000400	256	79	177	38930292	356	173348	277352	1502220	3.91
2026-10-02T23:56:20Z	2820	10251	59	189.29	99	100	9287	12282	0x0000000000000400	256	79	177	38881360	356	173348	277840	1502220	3.91
2026-10-02T23:56:21Z	2820	10251	59	189.90	98	100	9287	12282	0x0000000000000400	256	79	177	38998080	356	173348	277496	1502220	3.91
2026-10-02T23:56:22Z	2820	10251	60	189.73	99	100	9287	12282	0x0000000000000400	256	79	177	39171580	356	173348	276804	1502220	3.91
2026-10-02T23:56:24Z	2820	10251	59	189.41	99	100	9287	12282	0x0000000000000400	256	79	177	39139352	356	173348	277248	1502220	3.91
2026-10-02T23:56:25Z	2820	10251	60	189.91	96	100	9287	12282	0x0000000000000400	256	79	177	39142648	356	173348	276668	1502220	3.76
2026-10-02T23:56:26Z	2820	10251	59	190.87	99	100	9287	12282	0x0000000000000400	256	79	177	39127280	356	173348	277064	1502220	3.76
2026-10-02T23:56:27Z	2820	10251	59	189.93	97	100	9287	12282	0x0000000000000400	256	79	177	39332192	356	173348	276196	1502284	3.76
2026-10-02T23:56:28Z	2820	10251	59	190.60	99	100	9287	12282	0x0000000000000400	256	79	177	39334096	356	173348	275976	1502284	3.76
2026-10-02T23:56:29Z	2820	10251	60	190.63	99	100	9287	12282	0x0000000000000400	256	79	177	39297680	356	173348	277372	1502284	3.76
2026-10-02T23:56:30Z	2820	10251	60	190.81	99	100	9287	12282	0x0000000000000400	256	79	177	39283408	356	173348	275704	1502284	3.69
2026-10-02T23:56:31Z	2820	10251	60	190.58	99	100	9288	12282	0x0000000000000400	256	79	177	39291740	356	173348	275840	1502220	3.69
2026-10-02T23:56:32Z	2820	10251	60	190.79	99	100	9288	12282	0x0000000000000400	256	79	177	39307076	356	173348	275472	1502220	3.69
2026-10-02T23:56:33Z	2820	10251	60	191.38	99	100	9288	12282	0x0000000000000400	256	79	177	39311168	356	173348	275600	1502220	3.69
2026-10-02T23:56:34Z	2820	10251	60	190.97	99	100	9288	12282	0x0000000000000400	256	79	177	39344388	356	173348	275412	1502220	3.48
2026-10-02T23:56:35Z	2820	10251	60	191.38	99	100	9288	12282	0x0000000000000400	256	79	177	39351344	356	173348	275536	1502220	3.48
2026-10-02T23:56:36Z	2820	10251	59	191.15	99	100	9287	12282	0x0000000000000400	256	79	177	39342856	356	173348	275756	1502220	3.48
2026-10-02T23:56:37Z	2820	10251	60	191.68	99	100	9287	12282	0x0000000000000400	256	79	177	39326808	356	173348	275716	1502220	3.48
2026-10-02T23:56:38Z	2820	10251	60	191.24	96	100	9287	12282	0x0000000000000400	256	79	177	39359024	356	173348	276108	1502220	3.48
2026-10-02T23:56:39Z	2820	10251	60	191.68	99	100	9287	12282	0x0000000000000400	256	79	177	39338540	356	173348	275820	1502220	3.28
2026-10-02T23:56:40Z	2820	10251	60	191.87	99	100	9287	12282	0x0000000000000400	256	79	177	39354164	356	173348	276048	1502220	3.28
2026-10-02T23:56:41Z	2820	10251	60	192.56	99	100	9287	12282	0x0000000000000400	256	79	177	39393688	356	173348	275940	1502220	3.28
2026-10-02T23:56:42Z	2820	10251	60	192.03	99	100	9287	12282	0x0000000000000400	256	79	177	39382528	356	173348	275628	1502188	3.28
2026-10-02T23:56:44Z	2820	10251	60	192.27	99	100	9287	12282	0x0000000000000400	256	79	177	39392668	356	173348	275696	1502220	3.28
2026-10-02T23:56:45Z	2820	10251	60	192.92	99	100	9287	12282	0x0000000000000400	256	79	177	39367124	356	173348	275516	1502220	3.10
2026-10-02T23:56:46Z	2820	10251	60	193.23	99	100	9287	12282	0x0000000000000400	256	79	177	39335536	356	173348	275476	1502220	3.10
2026-10-02T23:56:47Z	2820	10251	60	192.99	99	100	9287	12282	0x0000000000000400	256	79	177	39312388	356	173348	275020	1502220	3.10
2026-10-02T23:56:48Z	2820	10251	60	191.76	99	100	9298	12282	0x0000000000000400	256	79	177	39324416	356	173348	275964	1502220	3.10
2026-10-02T23:56:49Z	2820	10251	60	193.28	99	100	9291	12282	0x0000000000000400	256	79	177	39345156	356	173348	275640	1502216	3.10
2026-10-02T23:56:50Z	2820	10251	60	193.29	99	100	9291	12282	0x0000000000000400	256	79	177	39368132	356	173348	275764	1502216	3.01
2026-10-02T23:56:51Z	2820	10251	60	193.38	99	100	9291	12282	0x0000000000000400	256	79	177	39363368	356	173348	275996	1502216	3.01
2026-10-02T23:56:52Z	2820	10251	60	192.92	99	100	9291	12282	0x0000000000000400	256	79	177	39362700	356	173348	276796	1502216	3.01
2026-10-02T23:56:53Z	2820	10251	60	193.94	99	100	9291	12282	0x0000000000000400	256	79	177	39250192	356	173348	275840	1502216	3.01
2026-10-02T23:56:54Z	2820	10251	60	193.75	98	100	9291	12282	0x0000000000000400	256	79	177	39248172	356	173348	276944	1502216	3.01
2026-10-02T23:56:55Z	2820	10251	60	193.38	99	100	9291	12282	0x0000000000000400	256	79	177	39290708	356	173348	276524	1502216	3.01
2026-10-02T23:56:56Z	2820	10251	60	193.61	99	100	9291	12282	0x0000000000000400	256	79	177	39241212	356	173348	275764	1502216	3.01
2026-10-02T23:56:57Z	2820	10251	60	194.22	99	100	9291	12282	0x0000000000000400	256	79	177	39247948	356	173348	276476	1502216	3.01
2026-10-02T23:56:58Z	2820	10251	60	194.01	99	100	9312	12282	0x0000000000000400	256	79	177	39247964	356	173348	276168	1502216	3.01
2026-10-02T23:56:59Z	2820	10251	60	193.98	99	100	9312	12282	0x0000000000000400	256	79	177	39276488	356	173348	277096	1502216	2.93
2026-10-02T23:57:00Z	2820	10251	60	194.42	99	100	9307	12282	0x0000000000000400	256	79	177	39277236	356	173348	276156	1502216	2.93
2026-10-02T23:57:01Z	2820	10251	60	194.42	99	100	9307	12282	0x0000000000000400	256	79	177	39313492	356	173348	277136	1502216	2.93
2026-10-02T23:57:02Z	2820	10251	60	194.86	99	100	9307	12282	0x0000000000000400	256	79	177	39341544	356	173348	275816	1502216	2.93
2026-10-02T23:57:04Z	2820	10251	60	194.32	99	100	9291	12282	0x0000000000000400	256	79	177	39356212	356	173348	275504	1502216	2.93
2026-10-02T23:57:05Z	2820	10251	60	194.58	99	100	9291	12282	0x0000000000000400	256	79	177	39316492	356	173348	275304	1502216	2.85
2026-10-02T23:57:06Z	2820	10251	60	194.83	99	100	9291	12282	0x0000000000000400	256	79	177	39295796	356	173348	275964	1502216	2.85
2026-10-02T23:57:07Z	2820	10251	60	195.71	99	100	9291	12282	0x0000000000000400	256	79	177	39300752	356	173348	276320	1502216	2.85
2026-10-02T23:57:08Z	2820	10251	60	195.74	99	100	9291	12282	0x0000000000000400	256	79	177	39319500	356	173348	276648	1502216	2.85
2026-10-02T23:57:09Z	2820	10251	60	194.62	99	100	9291	12282	0x0000000000000400	256	79	177	39328460	356	173348	275840	1502216	2.85
2026-10-02T23:57:10Z	2820	10251	60	195.18	99	100	9291	12282	0x0000000000000400	256	79	177	39352240	356	173348	276036	1502216	2.70
2026-10-02T23:57:11Z	2820	10251	60	195.55	99	100	9291	12282	0x0000000000000400	256	79	177	39380708	356	173348	275688	1502216	2.70
2026-10-02T23:57:12Z	2820	10251	60	195.99	99	100	9291	12282	0x0000000000000400	256	79	177	39352616	356	173348	275996	1502216	2.70
2026-10-02T23:57:13Z	2820	10251	60	195.72	99	100	9291	12282	0x0000000000000400	256	79	177	39374744	356	173348	275928	1502216	2.70
2026-10-02T23:57:14Z	2820	10251	60	196.05	99	100	9291	12282	0x0000000000000400	256	79	177	39397972	356	173348	275552	1502216	2.57
2026-10-02T23:57:15Z	2820	10251	60	196.03	99	100	9291	12282	0x0000000000000400	256	79	177	39386300	356	173348	275376	1502216	2.57
2026-10-02T23:57:16Z	2820	10251	60	196.24	99	100	9291	12282	0x0000000000000400	256	79	177	39285132	356	173348	275500	1502280	2.57
2026-10-02T23:57:17Z	2820	10251	60	196.02	99	100	9291	12282	0x0000000000000400	256	79	177	39302556	356	173348	275684	1502280	2.57
2026-10-02T23:57:18Z	2820	10251	60	196.01	99	100	9291	12282	0x0000000000000400	256	79	177	39314148	356	173348	275628	1502280	2.57
2026-10-02T23:57:19Z	2820	10251	60	196.25	96	100	9291	12282	0x0000000000000400	256	79	177	39314836	356	173348	276256	1502216	2.44
2026-10-02T23:57:20Z	2820	10251	60	196.23	99	100	9291	12282	0x0000000000000400	256	79	177	39325288	356	173348	276104	1502216	2.44
2026-10-02T23:57:21Z	2820	10251	60	196.74	99	100	9291	12282	0x0000000000000400	256	79	177	39360160	356	173348	276192	1502216	2.44
2026-10-02T23:57:22Z	2820	10251	60	196.86	99	100	9291	12282	0x0000000000000400	256	79	177	39391444	356	173348	276432	1502216	2.44
2026-10-02T23:57:23Z	2820	10251	60	197.13	99	100	9291	12282	0x0000000000000400	256	79	177	39351468	356	173348	276880	1502216	2.44
2026-10-02T23:57:25Z	2820	10251	60	196.60	99	100	9291	12282	0x0000000000000400	256	79	177	39342392	356	173348	276016	1502216	2.41
2026-10-02T23:57:26Z	2820	10251	60	197.32	99	100	9291	12282	0x0000000000000400	256	79	177	39312776	356	173348	276880	1502216	2.41
2026-10-02T23:57:27Z	2820	10251	60	197.52	99	100	9291	12282	0x0000000000000400	256	79	177	39334296	356	173348	277364	1502216	2.41
2026-10-02T23:57:28Z	2820	10251	60	197.47	99	100	9291	12282	0x0000000000000400	256	79	177	39355968	356	173348	276700	1502212	2.41
2026-10-02T23:57:29Z	2820	10251	60	196.42	99	100	9291	12282	0x0000000000000400	256	79	177	39336352	356	173348	275948	1502212	2.41
2026-10-02T23:57:30Z	2820	10251	60	197.46	99	100	9291	12282	0x0000000000000400	256	79	177	39359648	356	173348	276452	1502212	2.29
2026-10-02T23:57:31Z	2820	10251	60	197.68	99	100	9291	12282	0x0000000000000400	256	79	177	39360056	356	173348	276360	1502212	2.29
2026-10-02T23:57:32Z	2820	10251	60	197.70	99	100	9291	12282	0x0000000000000400	256	79	177	39386812	356	173348	276664	1502212	2.29
2026-10-02T23:57:33Z	2820	10251	60	197.47	99	100	9291	12282	0x0000000000000400	256	79	177	39386788	356	173348	276264	1502212	2.29
2026-10-02T23:57:34Z	2820	10251	60	197.80	99	100	9291	12282	0x0000000000000400	256	79	177	39403064	356	173348	275852	1502212	2.19
2026-10-02T23:57:35Z	2820	10251	60	198.62	99	100	9291	12282	0x0000000000000400	256	79	177	39378344	356	173348	275668	1502212	2.19
2026-10-02T23:57:36Z	2820	10251	60	198.25	99	100	9291	12282	0x0000000000000400	256	79	177	39412876	356	173348	275552	1502212	2.19
2026-10-02T23:57:37Z	2820	10251	60	197.96	99	100	9291	12282	0x0000000000000400	256	79	177	39420232	356	173348	276560	1502212	2.19
2026-10-02T23:57:38Z	2820	10251	60	197.98	99	100	9291	12282	0x0000000000000400	256	79	177	39397432	356	173348	276072	1502276	2.19
2026-10-02T23:57:39Z	2820	10251	60	198.75	99	100	9291	12282	0x0000000000000400	256	79	177	39389848	356	173348	276140	1502340	2.09
2026-10-02T23:57:40Z	2820	10251	59	179.36	96	91	9291	12282	0x0000000000000400	256	79	177	39345268	356	173348	276680	1502276	2.09
2026-10-02T23:57:41Z	2820	10251	59	175.12	97	90	9291	12282	0x0000000000000400	256	79	177	39328956	356	173348	276060	1502212	2.09
2026-10-02T23:57:42Z	2820	10251	59	178.19	97	89	9291	12282	0x0000000000000400	256	79	177	39296992	356	173348	276180	1502212	2.09
2026-10-02T23:57:43Z	2820	10251	59	180.71	97	88	9291	12282	0x0000000000000400	256	79	177	39342948	356	173348	276908	1502212	2.09
2026-10-02T23:57:45Z	2820	10251	59	182.05	96	84	9291	12282	0x0000000000000400	256	79	177	39299388	356	173348	276632	1502276	2.01
2026-10-02T23:57:46Z	2820	10251	59	181.81	99	100	9291	12282	0x0000000000000400	256	79	177	39203292	356	173348	276848	1502272	2.01
2026-10-02T23:57:47Z	2820	10251	59	182.57	99	100	9291	12282	0x0000000000000400	256	79	177	39205828	356	173348	276972	1502272	2.01
2026-10-02T23:57:48Z	2820	10251	59	182.55	99	100	9291	12282	0x0000000000000400	256	79	177	39261652	356	173348	277860	1502272	2.01
2026-10-02T23:57:49Z	2820	10251	59	182.55	99	100	9291	12282	0x0000000000000400	256	79	177	39141556	356	173348	276568	1502144	2.01
2026-10-02T23:57:50Z	2820	10251	59	182.75	99	100	9291	12282	0x0000000000000400	256	79	177	39189032	356	173348	275916	1502208	2.09
2026-10-02T23:57:51Z	2820	10251	59	182.97	99	100	9291	12282	0x0000000000000400	256	79	177	39198832	356	173348	276168	1502208	2.09
2026-10-02T23:57:52Z	2820	10251	59	183.38	99	100	9291	12282	0x0000000000000400	256	79	177	39209608	356	173348	276960	1502208	2.09
2026-10-02T23:57:53Z	2820	10251	59	183.42	99	100	9291	12282	0x0000000000000400	256	79	177	39259680	356	173348	276760	1502208	2.09
2026-10-02T23:57:54Z	2820	10251	59	183.74	99	100	9291	12282	0x0000000000000400	256	79	177	39268508	356	173348	276484	1502176	2.00
2026-10-02T23:57:55Z	2820	10251	59	183.85	99	100	9291	12282	0x0000000000000400	256	79	177	39291280	356	173348	275872	1502208	2.00
2026-10-02T23:57:56Z	2820	10251	59	183.30	99	100	9291	12282	0x0000000000000400	256	79	177	39287204	356	173348	276996	1502208	2.00
2026-10-02T23:57:57Z	2820	10251	59	183.51	99	100	9291	12282	0x0000000000000400	256	79	177	39278736	356	173348	277976	1502208	2.00
2026-10-02T23:57:58Z	2820	10251	59	183.81	99	100	9291	12282	0x0000000000000400	256	79	177	39301172	356	173348	277364	1502208	2.00
2026-10-02T23:57:59Z	2820	10251	59	183.86	98	100	9291	12282	0x0000000000000400	256	79	177	39291216	356	173348	278940	1502208	2.08
2026-10-02T23:58:00Z	2820	10251	59	183.04	99	100	9291	12282	0x0000000000000400	256	79	177	39324920	356	173348	277396	1502208	2.08
2026-10-02T23:58:01Z	2820	10251	59	183.59	99	100	9301	12282	0x0000000000000400	256	79	177	39290056	356	173348	277420	1502208	2.08
2026-10-02T23:58:02Z	2820	10251	59	184.01	99	100	9299	12282	0x0000000000000400	256	79	177	39223716	356	173348	277188	1502208	2.08
2026-10-02T23:58:03Z	2820	10251	59	184.26	99	100	9299	12282	0x0000000000000400	256	79	177	39197588	356	173348	277552	1502208	2.08
2026-10-02T23:58:05Z	2820	10251	59	183.71	99	100	9299	12282	0x0000000000000400	256	79	177	39247732	356	173348	277116	1502208	2.23
2026-10-02T23:58:06Z	2820	10251	59	184.94	99	100	9291	12282	0x0000000000000400	256	79	177	39215204	356	173348	277364	1502208	2.23
2026-10-02T23:58:07Z	2820	10251	59	185.36	99	100	9291	12282	0x0000000000000400	256	79	177	39193768	356	173348	277996	1502208	2.23
2026-10-02T23:58:08Z	2820	10251	59	185.21	99	100	9291	12282	0x0000000000000400	256	79	177	39155940	356	173348	277100	1502208	2.23
2026-10-02T23:58:09Z	2820	10251	59	184.77	99	100	9291	12282	0x0000000000000400	256	79	177	39153228	356	173348	277300	1502208	2.23
2026-10-02T23:58:10Z	2820	10251	58	174.38	99	92	9291	12282	0x0000000000000400	256	79	177	39227776	356	173348	276916	1502208	2.54
2026-10-02T23:58:11Z	2820	10251	58	173.69	99	100	9291	12282	0x0000000000000400	256	79	177	39249752	356	173348	277824	1502176	2.54
2026-10-02T23:58:12Z	2820	10251	58	172.05	99	100	9291	12282	0x0000000000000400	256	79	177	39211176	356	173348	279356	1502176	2.54
2026-10-02T23:58:13Z	2820	10251	58	172.23	99	100	9291	12282	0x0000000000000400	256	79	177	39140952	356	173348	277392	1502240	2.54
2026-10-02T23:58:14Z	2820	10251	58	172.59	99	100	9291	12282	0x0000000000000400	256	79	177	39140404	356	173348	277460	1502240	2.65
2026-10-02T23:58:15Z	2820	10251	58	172.87	99	100	9291	12282	0x0000000000000400	256	79	177	39177552	356	173348	277168	1502240	2.65
2026-10-02T23:58:16Z	2820	10251	58	172.72	99	100	9291	12282	0x0000000000000400	256	79	177	39187052	356	173348	277092	1502176	2.65
2026-10-02T23:58:17Z	2820	10251	57	171.94	96	89	9291	12282	0x0000000000000400	256	79	177	39199340	356	173348	278240	1502176	2.65
2026-10-02T23:58:18Z	2820	10251	58	170.14	99	100	9291	12282	0x0000000000000400	256	79	177	39220672	356	173348	277068	1502176	2.65
2026-10-02T23:58:19Z	2820	10251	58	171.41	99	100	9291	12282	0x0000000000000400	256	79	177	39188628	356	173348	277740	1502176	2.68
2026-10-02T23:58:20Z	2820	10251	58	170.82	99	100	9291	12282	0x0000000000000400	256	79	177	39212816	356	173348	277952	1502176	2.68
2026-10-02T23:58:21Z	2820	10251	57	167.34	99	100	9291	12282	0x0000000000000400	256	79	177	39201256	356	173348	278240	1502176	2.68
2026-10-02T23:58:22Z	2820	10251	57	168.78	99	100	9291	12282	0x0000000000000400	256	79	177	39171452	356	173348	277672	1502240	2.68
2026-10-02T23:58:24Z	2820	10251	57	168.58	99	100	9291	12282	0x0000000000000400	256	79	177	39185908	356	173348	277688	1502240	2.68
2026-10-02T23:58:25Z	2820	10251	57	168.43	99	100	9312	12282	0x0000000000000400	256	79	177	39192492	356	173348	277536	1502240	2.79
2026-10-02T23:58:26Z	2820	10251	57	168.33	99	100	9312	12282	0x0000000000000400	256	79	177	39185052	356	173348	277112	1502304	2.79
2026-10-02T23:58:27Z	2820	10251	58	171.10	97	92	9307	12282	0x0000000000000400	256	79	177	39214504	356	173348	277840	1502304	2.79
2026-10-02T23:58:28Z	2820	10251	58	176.23	96	89	9307	12282	0x0000000000000400	256	79	177	39226372	356	173348	277492	1502304	2.79
2026-10-02T23:58:29Z	2820	10251	58	177.97	94	92	9307	12282	0x0000000000000400	256	79	177	39188720	356	173348	277172	1502240	2.79
2026-10-02T23:58:30Z	2820	10251	58	177.38	99	100	9291	12282	0x0000000000000400	256	79	177	39275088	356	173348	277220	1502176	2.88
2026-10-02T23:58:31Z	2820	10251	58	178.35	99	100	9291	12282	0x0000000000000400	256	79	177	39222344	356	173348	278060	1502176	2.88
2026-10-02T23:58:32Z	2820	10251	58	178.31	99	100	9291	12282	0x0000000000000400	256	79	177	39208048	356	173348	277568	1502176	2.88
2026-10-02T23:58:33Z	2820	10251	58	178.47	99	100	9291	12282	0x0000000000000400	256	79	177	39283328	356	173348	277716	1502176	2.88
2026-10-02T23:58:34Z	2820	10251	58	177.83	99	100	9291	12282	0x0000000000000400	256	79	177	39213156	356	173348	277584	1502176	2.89
2026-10-02T23:58:35Z	2820	10251	58	178.98	99	100	9291	12282	0x0000000000000400	256	79	177	39217108	356	173348	277640	1502176	2.89
2026-10-02T23:58:36Z	2820	10251	58	178.85	99	100	9291	12282	0x0000000000000400	256	79	177	39225252	356	173348	277620	1502176	2.89
2026-10-02T23:58:37Z	2820	10251	58	179.10	99	100	9291	12282	0x0000000000000400	256	79	177	39214100	356	173348	277228	1502176	2.89
2026-10-02T23:58:38Z	2820	10251	58	178.41	99	100	9291	12282	0x0000000000000400	256	79	177	39210708	356	173348	277300	1502240	2.89
2026-10-02T23:58:39Z	2820	10251	58	179.65	99	100	9291	12282	0x0000000000000400	256	79	177	39153692	356	173348	277712	1502176	2.90
2026-10-02T23:58:40Z	2820	10251	58	179.44	99	100	9291	12282	0x0000000000000400	256	79	177	39143952	356	173348	277456	1502176	2.90
2026-10-02T23:58:41Z	2820	10251	58	179.34	99	100	9291	12282	0x0000000000000400	256	79	177	39119976	356	173348	277640	1502176	2.90
2026-10-02T23:58:43Z	2820	10251	58	179.10	99	100	9291	12282	0x0000000000000400	256	79	177	39081952	356	173348	277936	1502112	2.90
2026-10-02T23:58:44Z	2820	10251	58	180.19	99	100	9291	12282	0x0000000000000400	256	79	177	39184132	356	173348	277280	1502112	2.90
2026-10-02T23:58:45Z	2820	10251	58	180.29	99	100	9291	12282	0x0000000000000400	256	79	177	39242088	356	173348	277056	1502112	2.99
2026-10-02T23:58:46Z	2820	10251	58	179.88	99	100	9291	12282	0x0000000000000400	256	79	177	39210964	356	173348	276996	1502112	2.99
2026-10-02T23:58:47Z	2820	10251	58	180.31	96	100	9291	12282	0x0000000000000400	256	79	177	39204304	356	173348	277632	1502112	2.99
2026-10-02T23:58:48Z	2820	10251	56	180.55	94	100	9291	12282	0x0000000000000400	256	79	177	39182548	356	173348	277636	1502112	2.99
2026-10-02T23:58:49Z	2820	10251	58	172.55	99	92	9291	12282	0x0000000000000400	256	79	177	39161316	356	173348	277660	1502112	3.07
2026-10-02T23:58:50Z	2820	10251	57	172.68	99	100	9312	12282	0x0000000000000400	256	79	177	39170856	356	173348	277464	1502176	3.07
2026-10-02T23:58:51Z	2820	10251	57	173.38	99	100	9307	12282	0x0000000000000400	256	79	177	39214668	356	173348	278084	1502176	3.07
2026-10-02T23:58:52Z	2820	10251	57	173.08	99	100	9307	12282	0x0000000000000400	256	79	177	39218932	356	173348	278232	1502176	3.07
2026-10-02T23:58:53Z	2820	10251	57	172.83	98	100	9307	12282	0x0000000000000400	256	79	177	38929812	356	173348	277488	1502176	3.07
2026-10-02T23:58:54Z	2820	10251	57	173.16	99	100	9291	12282	0x0000000000000400	256	79	177	39093600	356	173348	277484	1502112	3.15
2026-10-02T23:58:55Z	2820	10251	57	173.95	99	100	9291	12282	0x0000000000000400	256	79	177	39150232	356	173348	277148	1502112	3.15
2026-10-02T23:58:56Z	2820	10251	57	173.63	99	100	9291	12282	0x0000000000000400	256	79	177	39234396	356	173348	277532	1502144	3.15
2026-10-02T23:58:57Z	2820	10251	57	173.71	99	100	9291	12282	0x0000000000000400	256	79	177	39195136	356	173348	277452	1502112	3.15
2026-10-02T23:58:58Z	2820	10251	57	173.68	99	100	9291	12282	0x0000000000000400	256	79	177	39214256	356	173348	277720	1502112	3.15
2026-10-02T23:58:59Z	2820	10251	57	174.20	99	100	9291	12282	0x0000000000000400	256	79	177	39152948	356	173348	277472	1502176	3.13
2026-10-02T23:59:00Z	2820	10251	57	173.90	99	100	9291	12282	0x0000000000000400	256	79	177	39161644	356	173348	277572	1502112	3.13
2026-10-02T23:59:02Z	2820	10251	57	174.03	99	100	9291	12282	0x0000000000000400	256	79	177	39115168	356	173348	277660	1502112	3.13
2026-10-02T23:59:03Z	2820	10251	57	174.32	99	100	9291	12282	0x0000000000000400	256	79	177	39157408	356	173348	278304	1502112	3.13
2026-10-02T23:59:04Z	2820	10251	57	174.47	99	100	9291	12282	0x0000000000000400	256	79	177	39190316	356	173348	277488	1502112	3.13
2026-10-02T23:59:05Z	2820	10251	57	174.37	99	100	9291	12282	0x0000000000000400	256	79	177	39164412	356	173348	277584	1502112	3.20
2026-10-02T23:59:06Z	2820	10251	57	174.37	99	100	9291	12282	0x0000000000000400	256	79	177	39192344	356	173348	277556	1502112	3.20
2026-10-02T23:59:07Z	2820	10251	57	175.00	99	100	9291	12282	0x0000000000000400	256	79	177	39198024	356	173348	277876	1502112	3.20
2026-10-02T23:59:08Z	2820	10251	57	174.67	99	100	9291	12282	0x0000000000000400	256	79	177	39158688	356	173348	277988	1502112	3.20
2026-10-02T23:59:09Z	2820	10251	57	174.41	99	100	9300	12282	0x0000000000000400	256	79	177	39122884	356	173348	277764	1502112	3.27
2026-10-02T23:59:10Z	2820	10251	58	170.86	96	89	9300	12282	0x0000000000000400	256	79	177	39135068	356	173348	278048	1502016	3.27
2026-10-02T23:59:11Z	2820	10251	58	176.88	99	92	9299	12282	0x0000000000000400	256	79	177	39162560	356	173348	278084	1502016	3.27
2026-10-02T23:59:12Z	2820	10251	58	179.58	99	90	9299	12282	0x0000000000000400	256	79	177	39177064	356	173348	277516	1502016	3.27
2026-10-02T23:59:13Z	2820	10251	58	181.44	100	90	9299	12282	0x0000000000000400	256	79	177	39131316	356	173348	278192	1502016	3.27
2026-10-02T23:59:14Z	2820	10251	58	183.72	96	84	9291	12282	0x0000000000000400	256	79	177	39186448	356	173348	277712	1502016	3.33
2026-10-02T23:59:15Z	2820	10251	58	184.42	99	100	9291	12282	0x0000000000000400	256	79	177	39149344	356	173348	277884	1502016	3.33
2026-10-02T23:59:16Z	2820	10251	58	184.79	99	100	9291	12282	0x0000000000000400	256	79	177	39068472	356	173348	277504	1502016	3.33
2026-10-02T23:59:17Z	2820	10251	58	184.88	99	100	9291	12282	0x0000000000000400	256	79	177	39070428	356	173348	277856	1502016	3.33
2026-10-02T23:59:18Z	2820	10251	58	185.40	99	100	9291	12282	0x0000000000000400	256	79	177	39069428	356	173348	277360	1502016	3.33
2026-10-02T23:59:19Z	2820	10251	58	185.74	99	100	9291	12282	0x0000000000000400	256	79	177	39176032	356	173348	277468	1502112	3.30
2026-10-02T23:59:20Z	2820	10251	58	185.67	99	100	9291	12282	0x0000000000000400	256	79	177	39222404	356	173348	278572	1502112	3.30
2026-10-02T23:59:22Z	2820	10251	58	185.49	99	100	9291	12282	0x0000000000000400	256	79	177	39184572	356	173348	277568	1502112	3.30
2026-10-02T23:59:23Z	2820	10251	58	185.96	99	100	9291	12282	0x0000000000000400	256	79	177	39231560	356	173348	277588	1502112	3.30
2026-10-02T23:59:24Z	2820	10251	58	186.15	99	100	9291	12282	0x0000000000000400	256	79	177	39220016	356	173348	277444	1502112	3.30
2026-10-02T23:59:25Z	2820	10251	58	186.35	99	100	9291	12282	0x0000000000000400	256	79	177	39270728	356	173348	277776	1502112	3.52
2026-10-02T23:59:26Z	2820	10251	58	185.60	99	100	9312	12282	0x0000000000000400	256	79	177	39249764	356	173348	277408	1502112	3.52
2026-10-02T23:59:27Z	2820	10251	58	186.26	99	100	9312	12282	0x0000000000000400	256	79	177	39227924	356	173348	277408	1502112	3.52
2026-10-02T23:59:28Z	2820	10251	58	186.26	99	100	9299	12282	0x0000000000000400	256	79	177	39179836	356	173348	277432	1502112	3.52
2026-10-02T23:59:29Z	2820	10251	58	186.64	99	100	9299	12282	0x0000000000000400	256	79	177	39144200	356	173348	278152	1502112	3.47
2026-10-02T23:59:30Z	2820	10251	58	185.79	99	100	9299	12282	0x0000000000000400	256	79	177	39146824	356	173348	277464	1502112	3.47
2026-10-02T23:59:31Z	2820	10251	58	186.86	99	100	9291	12282	0x0000000000000400	256	79	177	39153596	356	173348	278236	1502112	3.47
2026-10-02T23:59:32Z	2820	10251	58	186.92	99	100	9291	12282	0x0000000000000400	256	79	177	39148812	356	173348	277144	1502112	3.47
2026-10-02T23:59:33Z	2820	10251	58	187.03	99	100	9291	12282	0x0000000000000400	256	79	177	39182164	356	173348	276972	1502112	3.47
2026-10-02T23:59:34Z	2820	10251	58	186.41	99	100	9291	12282	0x0000000000000400	256	79	177	39143304	356	173348	277528	1502112	3.60
2026-10-02T23:59:35Z	2820	10251	59	187.38	99	100	9291	12282	0x0000000000000400	256	79	177	39163932	356	173348	277876	1502112	3.60
2026-10-02T23:59:36Z	2820	10251	59	187.57	99	100	9291	12282	0x0000000000000400	256	79	177	39225956	356	173348	278368	1502112	3.60
2026-10-02T23:59:37Z	2820	10251	59	187.56	99	100	9291	12282	0x0000000000000400	256	79	177	39123060	356	173348	277384	1502112	3.60
2026-10-02T23:59:38Z	2820	10251	59	187.20	99	100	9291	12282	0x0000000000000400	256	79	177	39133844	356	173348	277672	1502112	3.60
2026-10-02T23:59:39Z	2820	10251	59	187.44	99	100	9312	12282	0x0000000000000400	256	79	177	39107972	356	173348	277948	1502112	3.55
2026-10-02T23:59:41Z	2820	10251	59	188.15	99	100	9312	12282	0x0000000000000400	256	79	177	39027840	356	173348	278316	1502112	3.55
2026-10-02T23:59:42Z	2820	10251	59	187.89	99	100	9307	12282	0x0000000000000400	256	79	177	39017704	356	173348	277744	1502112	3.55
2026-10-02T23:59:43Z	2820	10251	59	188.18	99	100	9307	12282	0x0000000000000400	256	79	177	39037188	356	173348	277468	1502112	3.55
2026-10-02T23:59:44Z	2820	10251	59	188.08	96	100	9291	12282	0x0000000000000400	256	79	177	39028972	356	173348	277596	1502104	3.55
2026-10-02T23:59:45Z	2820	10251	59	188.52	99	100	9291	12282	0x0000000000000400	256	79	177	39062952	356	173348	277496	1502104	3.50
2026-10-02T23:59:46Z	2820	10251	58	188.10	99	100	9291	12282	0x0000000000000400	256	79	177	39080164	356	173348	277272	1502104	3.50
2026-10-02T23:59:47Z	2820	10251	59	188.28	99	100	9291	12282	0x0000000000000400	256	79	177	39185328	356	173348	277280	1502104	3.50
2026-10-02T23:59:48Z	2820	10251	59	188.03	96	100	9291	12282	0x0000000000000400	256	79	177	39100044	356	173348	278644	1502104	3.50
2026-10-02T23:59:49Z	2820	10251	59	189.28	99	100	9291	12282	0x0000000000000400	256	79	177	39203988	356	173348	277524	1502104	3.62
2026-10-02T23:59:50Z	2820	10251	59	188.65	99	100	9291	12282	0x0000000000000400	256	79	177	39133016	356	173348	278264	1502168	3.62
2026-10-02T23:59:51Z	2820	10251	59	189.48	99	100	9291	12282	0x0000000000000400	256	79	177	39148480	356	173348	277440	1502168	3.62
2026-10-02T23:59:52Z	2820	10251	59	189.09	99	100	9291	12282	0x0000000000000400	256	79	177	39197664	356	173348	277176	1502168	3.62
2026-10-02T23:59:53Z	2820	10251	59	189.33	99	100	9291	12282	0x0000000000000400	256	79	177	39176320	356	173348	278032	1502164	3.62
2026-10-02T23:59:54Z	2820	10251	59	189.25	99	100	9291	12282	0x0000000000000400	256	79	177	39239468	356	173348	277608	1502100	3.57
2026-10-02T23:59:55Z	2820	10251	59	189.74	99	100	9291	12282	0x0000000000000400	256	79	177	39259740	356	173348	277756	1502100	3.57
2026-10-02T23:59:56Z	2820	10251	59	189.49	99	100	9291	12282	0x0000000000000400	256	79	177	39221224	356	173348	277164	1502100	3.57
2026-10-02T23:59:57Z	2820	10251	59	188.01	98	100	9291	12282	0x0000000000000400	256	79	177	39168512	356	173348	277612	1502100	3.57
2026-10-02T23:59:58Z	2820	10251	59	186.21	99	100	9291	12282	0x0000000000000400	256	79	177	39119292	356	173348	277116	1502100	3.57
2026-10-02T23:59:59Z	2820	10251	59	185.29	99	100	9291	12282	0x0000000000000400	256	79	177	39112876	356	173348	277776	1502100	3.61
2026-10-03T00:00:01Z	2820	10251	59	189.99	99	100	9291	12282	0x0000000000000400	256	79	177	39128640	356	173348	277856	1502100	3.61
2026-10-03T00:00:02Z	2820	10251	59	189.55	99	100	9291	12282	0x0000000000000400	256	79	177	39184656	356	173348	277580	1502100	3.61
2026-10-03T00:00:03Z	2820	10251	59	190.74	99	100	9291	12282	0x0000000000000400	256	79	177	39128232	356	173348	277932	1502100	3.61
2026-10-03T00:00:04Z	2820	10251	59	190.98	98	100	9291	12282	0x0000000000000400	256	79	177	39021268	356	173348	277516	1502100	3.61
2026-10-03T00:00:05Z	2820	10251	59	191.03	99	100	9291	12282	0x0000000000000400	256	79	177	39145776	356	173348	278228	1502100	3.56
2026-10-03T00:00:06Z	2820	10251	58	190.66	99	100	9291	12282	0x0000000000000400	256	79	177	39137404	356	173348	278752	1502100	3.56
2026-10-03T00:00:07Z	2820	10251	59	190.61	99	100	9291	12282	0x0000000000000400	256	79	177	39150252	356	173348	278276	1502100	3.56
2026-10-03T00:00:08Z	2820	10251	59	191.12	99	100	9291	12282	0x0000000000000400	256	79	177	39127968	356	173348	277828	1502100	3.56
2026-10-03T00:00:09Z	2820	10251	59	191.46	99	100	9291	12282	0x0000000000000400	256	79	177	39140456	356	173348	277564	1502100	3.52
2026-10-03T00:00:10Z	2820	10251	59	190.55	99	100	9291	12282	0x0000000000000400	256	79	177	39078192	356	173348	277876	1502100	3.52
2026-10-03T00:00:11Z	2820	10251	59	191.26	99	100	9291	12282	0x0000000000000400	256	79	177	39120936	356	173348	277724	1502100	3.52
2026-10-03T00:00:12Z	2820	10251	59	191.84	99	100	9291	12282	0x0000000000000400	256	79	177	39059408	356	173348	277748	1502088	3.52
2026-10-03T00:00:13Z	2820	10251	59	192.07	99	100	9291	12282	0x0000000000000400	256	79	177	39130816	356	173348	278436	1502088	3.52
2026-10-03T00:00:14Z	2820	10251	59	191.24	99	100	9291	12282	0x0000000000000400	256	79	177	39145184	356	173348	277192	1502088	3.55
2026-10-03T00:00:15Z	2820	10251	59	191.70	99	100	9291	12282	0x0000000000000400	256	79	177	39130380	356	173348	277756	1502088	3.55
2026-10-03T00:00:16Z	2820	10251	59	192.46	99	100	9291	12282	0x0000000000000400	256	79	177	39199828	356	173348	278120	1502088	3.55
2026-10-03T00:00:17Z	2820	10251	59	192.22	99	100	9291	12282	0x0000000000000400	256	79	177	39222292	356	173348	278388	1502088	3.55
2026-10-03T00:00:18Z	2820	10251	59	192.18	99	100	9291	12282	0x0000000000000400	256	79	177	39230996	356	173348	277172	1502088	3.55
2026-10-03T00:00:19Z	2820	10251	59	192.35	99	100	9291	12282	0x0000000000000400	256	79	177	39244056	356	173348	277168	1502088	3.51
2026-10-03T00:00:21Z	2820	10251	59	192.26	99	100	9291	12282	0x0000000000000400	256	79	177	39238968	356	173348	277520	1502088	3.51
2026-10-03T00:00:22Z	2820	10251	59	192.51	99	100	9291	12282	0x0000000000000400	256	79	177	39187976	356	173348	277240	1502088	3.51
2026-10-03T00:00:23Z	2820	10251	59	192.61	99	100	9291	12282	0x0000000000000400	256	79	177	39191296	356	173348	277148	1502088	3.51
2026-10-03T00:00:24Z	2820	10251	59	192.74	99	100	9291	12282	0x0000000000000400	256	79	177	39174564	356	173348	277788	1502088	3.51
2026-10-03T00:00:25Z	2820	10251	59	192.68	99	100	9291	12282	0x0000000000000400	256	79	177	39181288	356	173348	277056	1502088	3.71
2026-10-03T00:00:26Z	2820	10251	59	192.33	98	100	9291	12282	0x0000000000000400	256	79	177	39177668	356	173348	277544	1502056	3.71
2026-10-03T00:00:27Z	2820	10251	59	192.88	98	100	9291	12282	0x0000000000000400	256	79	177	39211808	356	173348	277396	1502056	3.71
2026-10-03T00:00:28Z	2820	10251	59	193.09	99	100	9291	12282	0x0000000000000400	256	79	177	39169424	356	173348	277248	1502024	3.71
2026-10-03T00:00:29Z	2820	10251	59	192.96	97	100	9291	12282	0x0000000000000400	256	79	177	39360276	356	173348	277508	1502024	3.57
2026-10-03T00:00:30Z	2820	10251	59	193.04	99	100	9291	12282	0x0000000000000400	256	79	177	39318492	356	173348	277252	1502024	3.57
2026-10-03T00:00:31Z	2820	10251	59	193.99	99	100	9291	12282	0x0000000000000400	256	79	177	39508784	356	173348	277172	1502012	3.57
2026-10-03T00:00:32Z	2820	10251	59	193.46	99	100	9291	12282	0x0000000000000400	256	79	177	39419140	356	173348	276824	1502012	3.57
2026-10-03T00:00:33Z	2820	10251	59	193.67	99	100	9291	12282	0x0000000000000400	256	79	177	39355696	356	173348	276932	1502012	3.57
2026-10-03T00:00:34Z	2820	10251	59	193.10	99	100	9291	12282	0x0000000000000400	256	79	177	39320552	356	173348	278616	1502012	3.61
2026-10-03T00:00:35Z	2820	10251	59	193.97	99	100	9291	12282	0x0000000000000400	256	79	177	39297388	356	173348	277948	1502012	3.61
2026-10-03T00:00:36Z	2820	10251	59	194.18	98	100	9291	12282	0x0000000000000400	256	79	177	39269752	356	173348	277964	1502012	3.61
2026-10-03T00:00:37Z	2820	10251	59	193.82	99	100	9291	12282	0x0000000000000400	256	79	177	39137180	356	173348	277504	1502012	3.61
2026-10-03T00:00:38Z	2820	10251	59	193.28	99	100	9291	12282	0x0000000000000400	256	79	177	39034008	356	173348	277020	1502012	3.61
2026-10-03T00:00:40Z	2820	10251	59	194.35	98	100	9291	12282	0x0000000000000400	256	79	177	39156788	356	173348	277344	1502012	3.80
2026-10-03T00:00:41Z	2820	10251	60	194.42	99	100	9291	12282	0x0000000000000400	256	79	177	39196360	356	173348	277436	1502012	3.80
2026-10-03T00:00:42Z	2820	10251	59	194.16	99	100	9291	12282	0x0000000000000400	256	79	177	39160896	356	173348	277996	1502012	3.80
2026-10-03T00:00:43Z	2820	10251	60	194.09	99	100	9291	12282	0x0000000000000400	256	79	177	39171104	356	173348	277944	1501980	3.80
2026-10-03T00:00:44Z	2820	10251	59	195.31	99	100	9291	12282	0x0000000000000400	256	79	177	39143364	356	173348	278408	1502012	3.80
2026-10-03T00:00:45Z	2820	10251	60	195.24	99	100	9291	12282	0x0000000000000400	256	79	177	39223412	356	173348	277616	1502012	3.81
2026-10-03T00:00:46Z	2820	10251	60	194.69	99	100	9291	12282	0x0000000000000400	256	79	177	39245172	356	173348	277568	1502012	3.81
2026-10-03T00:00:47Z	2820	10251	60	195.47	99	100	9291	12282	0x0000000000000400	256	79	177	39200504	356	173348	277252	1502012	3.81
2026-10-03T00:00:48Z	2820	10251	60	195.22	99	100	9291	12282	0x0000000000000400	256	79	177	39175636	356	173348	277524	1502012	3.81
2026-10-03T00:00:49Z	2820	10251	60	195.77	99	100	9291	12282	0x0000000000000400	256	79	177	39247960	356	173348	277004	1502076	3.75
2026-10-03T00:00:50Z	2820	10251	60	195.13	99	100	9291	12282	0x0000000000000400	256	79	177	39256716	356	173348	277516	1501996	3.75
2026-10-03T00:00:51Z	2820	10251	60	195.63	99	100	9291	12282	0x0000000000000400	256	79	177	39211428	356	173348	278064	1501996	3.75
2026-10-03T00:00:52Z	2820	10251	60	194.84	99	100	9291	12282	0x0000000000000400	256	79	177	39196908	356	173348	278180	1501996	3.75
2026-10-03T00:00:53Z	2820	10251	60	196.15	99	100	9291	12282	0x0000000000000400	256	79	177	39163512	356	173348	277708	1501996	3.75
2026-10-03T00:00:54Z	2820	10251	60	195.31	99	100	9291	12282	0x0000000000000400	256	79	177	39193684	356	173348	279620	1501996	3.69
2026-10-03T00:00:55Z	2820	10251	60	196.02	99	100	9291	12282	0x0000000000000400	256	79	177	39128328	356	173348	277840	1501996	3.69
2026-10-03T00:00:56Z	2820	10251	60	195.54	99	100	9301	12282	0x0000000000000400	256	79	177	39199276	356	173348	277208	1501996	3.69
2026-10-03T00:00:57Z	2820	10251	60	195.80	99	100	9301	12282	0x0000000000000400	256	79	177	39205752	356	173348	277664	1501996	3.69
2026-10-03T00:00:58Z	2820	10251	60	196.07	99	100	9299	12282	0x0000000000000400	256	79	177	39200796	356	173348	277768	1501996	3.69
2026-10-03T00:01:00Z	2820	10251	60	196.72	99	100	9299	12282	0x0000000000000400	256	79	177	39261632	356	173348	278088	1501996	3.63
2026-10-03T00:01:01Z	2820	10251	60	196.57	99	100	9299	12282	0x0000000000000400	256	79	177	39225652	356	173348	277504	1501996	3.63
2026-10-03T00:01:02Z	2820	10251	60	196.10	99	100	9291	12282	0x0000000000000400	256	79	177	39202744	356	173348	277540	1502124	3.63
2026-10-03T00:01:03Z	2820	10251	60	197.11	99	100	9291	12282	0x0000000000000400	256	79	177	39162824	356	173348	277552	1502124	3.63
2026-10-03T00:01:04Z	2820	10251	59	195.95	99	100	9291	12282	0x0000000000000400	256	79	177	39166556	356	173348	277752	1502124	3.63
2026-10-03T00:01:05Z	2820	10251	60	197.13	99	100	9291	12282	0x0000000000000400	256	79	177	39135412	356	173348	277432	1502124	3.82
2026-10-03T00:01:06Z	2820	10251	59	196.66	99	100	9291	12282	0x0000000000000400	256	79	177	39181492	356	173348	276840	1502124	3.82
2026-10-03T00:01:07Z	2820	10251	60	197.29	99	100	9291	12282	0x0000000000000400	256	79	177	39215400	356	173348	277264	1502124	3.82
2026-10-03T00:01:08Z	2820	10251	60	197.64	99	100	9291	12282	0x0000000000000400	256	79	177	39195444	356	173348	277572	1502124	3.82
2026-10-03T00:01:09Z	2820	10251	60	197.89	99	100	9291	12282	0x0000000000000400	256	79	177	39204944	356	173348	277392	1502124	3.84
2026-10-03T00:01:10Z	2820	10251	60	197.04	99	100	9291	12282	0x0000000000000400	256	79	177	39162048	356	173348	277204	1502188	3.84
2026-10-03T00:01:11Z	2820	10251	60	197.84	99	100	9291	12282	0x0000000000000400	256	79	177	39220284	356	173348	278584	1502188	3.84
2026-10-03T00:01:12Z	2820	10251	60	196.70	99	96	9292	12282	0x0000000000000400	256	79	177	39185564	356	173348	277808	1502188	3.84
2026-10-03T00:01:13Z	2820	10251	60	193.31	99	97	9292	12282	0x0000000000000400	256	79	177	39214236	356	173348	278824	1502188	3.84
2026-10-03T00:01:14Z	2820	10251	60	193.82	99	100	9292	12282	0x0000000000000400	256	79	177	39224808	356	173348	277476	1502188	4.17
2026-10-03T00:01:15Z	2820	10251	60	197.62	98	100	9292	12282	0x0000000000000400	256	79	177	39185632	356	173348	277768	1502188	4.17
2026-10-03T00:01:16Z	2820	10251	60	195.30	99	100	9292	12282	0x0000000000000400	256	79	177	39137276	356	173348	277772	1502188	4.17
2026-10-03T00:01:17Z	2820	10251	60	194.54	99	100	9296	12282	0x0000000000000400	256	79	177	39163540	356	173348	277200	1502124	4.17
2026-10-03T00:01:18Z	2820	10251	60	198.50	99	100	9296	12282	0x0000000000000400	256	79	177	39101772	356	173348	277176	1502124	4.17
2026-10-03T00:01:20Z	2820	10251	60	198.85	99	100	9294	12282	0x0000000000000400	256	79	177	39155532	356	173348	277420	1502124	4.16
2026-10-03T00:01:21Z	2820	10251	60	198.75	99	100	9294	12282	0x0000000000000400	256	79	177	39124060	356	173348	277388	1502124	4.16
2026-10-03T00:01:22Z	2820	10251	59	198.81	99	100	9315	12282	0x0000000000000400	256	79	177	39197372	356	173348	277836	1502124	4.16
2026-10-03T00:01:23Z	2820	10251	60	198.18	99	100	9315	12282	0x0000000000000400	256	79	177	39172272	356	173348	277508	1502124	4.16
2026-10-03T00:01:24Z	2820	10251	60	199.28	99	100	9309	12282	0x0000000000000400	256	79	177	39178888	356	173348	277564	1502092	4.16
2026-10-03T00:01:25Z	2820	10251	60	198.89	96	98	9309	12282	0x0000000000000400	256	79	177	39166168	356	173348	277428	1502060	4.14
2026-10-03T00:01:26Z	2820	10251	60	198.60	99	100	9309	12282	0x0000000000000400	256	79	177	39189016	356	173348	277484	1502060	4.14
2026-10-03T00:01:27Z	2820	10251	60	199.81	99	100	9293	12282	0x0000000000000400	256	79	177	39190776	356	173348	277032	1502060	4.14
2026-10-03T00:01:28Z	2820	10251	60	199.02	99	97	9293	12282	0x0000000000000400	256	79	177	39187908	356	173348	277948	1502092	4.14
2026-10-03T00:01:29Z	2820	10251	60	196.75	99	100	9293	12282	0x0000000000000400	256	79	177	39170344	356	173348	277704	1502092	4.05
2026-10-03T00:01:30Z	2820	10251	60	192.91	98	100	9293	12282	0x0000000000000400	256	79	177	39191652	356	173348	277756	1502092	4.05
2026-10-03T00:01:31Z	2820	10251	60	194.63	98	99	9294	12282	0x0000000000000400	256	79	177	39211412	356	173348	277292	1502124	4.05
2026-10-03T00:01:32Z	2820	10251	60	195.02	99	100	9294	12282	0x0000000000000400	256	79	177	39178860	356	173348	277728	1502092	4.05
2026-10-03T00:01:33Z	2820	10251	60	192.19	99	94	9294	12282	0x0000000000000400	256	79	177	39181456	356	173348	277716	1502028	4.05
2026-10-03T00:01:34Z	2820	10251	60	193.29	99	93	9294	12282	0x0000000000000400	256	79	177	39231964	356	173348	277528	1502092	4.13
2026-10-03T00:01:35Z	2820	10251	59	183.38	99	100	9294	12282	0x0000000000000400	256	79	177	39214156	356	173348	277056	1502092	4.13
2026-10-03T00:01:36Z	2820	10251	59	181.78	99	100	9293	12282	0x0000000000000400	256	79	177	39193324	356	173348	277396	1502156	4.13
2026-10-03T00:01:37Z	2820	10251	59	180.32	99	100	9293	12282	0x0000000000000400	256	79	177	39157240	356	173348	277264	1502028	4.13
2026-10-03T00:01:39Z	2820	10251	59	180.46	99	100	9314	12282	0x0000000000000400	256	79	177	39185276	356	173348	277732	1502028	4.13
2026-10-03T00:01:40Z	2820	10251	59	183.27	99	100	9301	12282	0x0000000000000400	256	79	177	39175776	356	173348	277616	1502092	4.04
2026-10-03T00:01:41Z	2820	10251	59	183.29	99	100	9301	12282	0x0000000000000400	256	79	177	39174584	356	173348	278204	1502092	4.04
2026-10-03T00:01:42Z	2820	10251	59	183.56	99	100	9301	12282	0x0000000000000400	256	79	177	39194988	356	173348	278680	1502092	4.04
2026-10-03T00:01:43Z	2820	10251	59	183.89	99	100	9293	12282	0x0000000000000400	256	79	177	39252364	356	173348	277324	1502092	4.04
2026-10-03T00:01:44Z	2820	10251	59	183.63	98	100	9312	12282	0x0000000000000400	256	79	177	39219980	356	173348	277468	1502028	4.04
2026-10-03T00:01:45Z	2820	10251	59	183.90	98	100	9312	12282	0x0000000000000400	256	79	177	39224012	356	173348	277188	1501996	4.20
2026-10-03T00:01:46Z	2820	10251	58	184.01	99	100	9299	12282	0x0000000000000400	256	79	177	39209384	356	173348	277268	1502028	4.20
2026-10-03T00:01:47Z	2820	10251	59	183.28	99	100	9299	12282	0x0000000000000400	256	79	177	39267324	356	173348	277208	1502028	4.20
2026-10-03T00:01:48Z	2820	10251	59	184.08	99	100	9291	12282	0x0000000000000400	256	79	177	39294232	356	173348	277060	1501996	4.20
2026-10-03T00:01:49Z	2820	10251	59	184.20	99	100	9291	12282	0x0000000000000400	256	79	177	39243248	356	173348	277208	1501996	4.10
2026-10-03T00:01:50Z	2820	10251	59	184.07	99	100	9291	12282	0x0000000000000400	256	79	177	39230672	356	173348	278692	1501996	4.10
2026-10-03T00:01:51Z	2820	10251	59	183.27	99	100	9291	12282	0x0000000000000400	256	79	177	39239540	356	173348	277444	1501996	4.10
2026-10-03T00:01:52Z	2820	10251	59	184.50	99	100	9291	12282	0x0000000000000400	256	79	177	39231932	356	173348	277116	1501996	4.10
2026-10-03T00:01:53Z	2820	10251	58	184.39	99	100	9291	12282	0x0000000000000400	256	79	177	39169076	356	173348	277928	1501996	4.10
2026-10-03T00:01:54Z	2820	10251	59	184.11	99	100	9291	12282	0x0000000000000400	256	79	177	39177256	356	173348	278440	1502060	4.09
2026-10-03T00:01:55Z	2820	10251	59	183.59	96	100	9291	12282	0x0000000000000400	256	79	177	39187732	356	173348	278276	1501996	4.09
2026-10-03T00:01:57Z	2820	10251	59	185.09	98	100	9291	12282	0x0000000000000400	256	79	177	39190540	356	173348	278700	1502060	4.09
2026-10-03T00:01:58Z	2820	10251	59	185.22	99	100	9291	12282	0x0000000000000400	256	79	177	39129408	356	173348	277984	1502060	4.09
2026-10-03T00:01:59Z	2820	10251	59	184.88	99	100	9291	12282	0x0000000000000400	256	79	177	39138088	356	173348	278044	1501996	4.09
2026-10-03T00:02:00Z	2820	10251	59	184.68	99	100	9291	12282	0x0000000000000400	256	79	177	39133828	356	173348	277940	1501996	4.08
2026-10-03T00:02:01Z	2820	10251	58	184.88	99	100	9291	12282	0x0000000000000400	256	79	177	39107192	356	173348	278492	1502060	4.08
2026-10-03T00:02:02Z	2820	10251	58	185.44	99	100	9291	12282	0x0000000000000400	256	79	177	39159980	356	173348	278144	1502060	4.08
2026-10-03T00:02:03Z	2820	10251	59	185.21	99	100	9291	12282	0x0000000000000400	256	79	177	39117824	356	173348	277832	1502060	4.08
2026-10-03T00:02:04Z	2820	10251	59	185.49	99	100	9291	12282	0x0000000000000400	256	79	177	39018736	356	173348	279124	1502052	4.16
2026-10-03T00:02:05Z	2820	10251	59	185.24	98	100	9291	12282	0x0000000000000400	256	79	177	39019296	356	173348	278860	1501988	4.16
2026-10-03T00:02:06Z	2820	10251	59	185.96	99	100	9291	12282	0x0000000000000400	256	79	177	39043220	356	173348	277524	1501988	4.16
2026-10-03T00:02:07Z	2820	10251	58	185.43	99	100	9291	12282	0x0000000000000400	256	79	177	39017100	356	173348	278528	1501988	4.16
2026-10-03T00:02:08Z	2820	10251	59	186.09	99	100	9291	12282	0x0000000000000400	256	79	177	39074224	356	173348	277532	1501988	4.16
2026-10-03T00:02:09Z	2820	10251	59	186.07	99	100	9291	12282	0x0000000000000400	256	79	177	39124400	356	173348	279708	1502052	4.14
2026-10-03T00:02:10Z	2820	10251	59	186.16	99	100	9291	12282	0x0000000000000400	256	79	177	39122724	356	173348	278100	1502052	4.14
2026-10-03T00:02:11Z	2820	10251	59	185.87	99	100	9291	12282	0x0000000000000400	256	79	177	39155872	356	173348	278376	1502084	4.14
2026-10-03T00:02:12Z	2820	10251	59	186.36	99	100	9291	12282	0x0000000000000400	256	79	177	39162352	356	173348	278148	1502084	4.14
2026-10-03T00:02:13Z	2820	10251	59	186.15	99	100	9291	12282	0x0000000000000400	256	79	177	39138728	356	173348	278340	1502084	4.14
2026-10-03T00:02:14Z	2820	10251	59	186.49	99	100	9291	12282	0x0000000000000400	256	79	177	39137124	356	173348	277576	1502084	4.13
2026-10-03T00:02:16Z	2820	10251	59	187.32	99	100	9291	12282	0x0000000000000400	256	79	177	39131952	356	173348	277784	1502016	4.13
2026-10-03T00:02:17Z	2820	10251	59	186.98	99	100	9291	12282	0x0000000000000400	256	79	177	39163704	356	173348	277280	1502016	4.13
2026-10-03T00:02:18Z	2820	10251	59	187.01	99	100	9291	12282	0x0000000000000400	256	79	177	39137000	356	173348	278024	1502016	4.13
2026-10-03T00:02:19Z	2820	10251	58	183.50	99	100	9291	12282	0x0000000000000400	256	79	177	39309104	356	173348	277856	1501924	4.13
2026-10-03T00:02:20Z	2820	10251	59	185.52	99	100	9291	12282	0x0000000000000400	256	79	177	39284360	356	173348	277076	1501940	4.12
2026-10-03T00:02:21Z	2820	10251	59	180.61	99	100	9291	12282	0x0000000000000400	256	79	177	39234848	356	173348	277628	1502004	4.12
2026-10-03T00:02:22Z	2820	10251	59	187.57	99	100	9291	12282	0x0000000000000400	256	79	177	39262980	356	173348	277480	1502004	4.12
2026-10-03T00:02:23Z	2820	10251	59	187.61	99	100	9291	12282	0x0000000000000400	256	79	177	39299700	356	173348	277696	1502004	4.12
2026-10-03T00:02:24Z	2820	10251	59	187.78	99	100	9291	12282	0x0000000000000400	256	79	177	39258612	356	173348	277456	1501932	4.11
2026-10-03T00:02:25Z	2820	10251	59	188.02	99	100	9291	12282	0x0000000000000400	256	79	177	39273420	356	173348	277668	1501932	4.11
2026-10-03T00:02:26Z	2820	10251	59	188.59	99	100	9291	12282	0x0000000000000400	256	79	177	39205100	356	173348	277476	1501932	4.11
2026-10-03T00:02:27Z	2820	10251	59	188.38	99	100	9291	12282	0x0000000000000400	256	79	177	39246912	356	173348	277624	1501996	4.11
2026-10-03T00:02:28Z	2820	10251	59	187.86	99	100	9291	12282	0x0000000000000400	256	79	177	39191308	356	173348	277552	1501996	4.11
2026-10-03T00:02:29Z	2820	10251	59	188.18	99	100	9291	12282	0x0000000000000400	256	79	177	39225684	356	173348	277500	1501932	4.02
2026-10-03T00:02:30Z	2820	10251	59	188.70	99	100	9291	12282	0x0000000000000400	256	79	177	39172628	356	173348	277364	1501932	4.02
2026-10-03T00:02:31Z	2820	10251	59	188.72	99	100	9292	12282	0x0000000000000400	256	79	177	39133396	356	173348	277608	1501932	4.02
2026-10-03T00:02:32Z	2820	10251	59	188.28	98	100	9292	12282	0x0000000000000400	256	79	177	39148912	356	173348	277896	1501932	4.02
2026-10-03T00:02:33Z	2820	10251	59	188.47	99	100	9292	12282	0x0000000000000400	256	79	177	39174216	356	173348	277488	1501932	4.02
2026-10-03T00:02:35Z	2820	10251	59	189.07	99	100	9292	12282	0x0000000000000400	256	79	177	39222312	356	173348	277368	1501932	4.10
2026-10-03T00:02:36Z	2820	10251	59	189.31	99	100	9292	12282	0x0000000000000400	256	79	177	39187168	356	173348	277964	1501932	4.10
2026-10-03T00:02:37Z	2820	10251	59	188.79	99	100	9291	12282	0x0000000000000400	256	79	177	39262256	356	173348	278096	1502028	4.10
2026-10-03T00:02:38Z	2820	10251	59	188.88	97	100	9291	12282	0x0000000000000400	256	79	177	39255884	356	173348	278244	1501996	4.10
2026-10-03T00:02:39Z	2820	10251	59	189.66	98	100	9291	12282	0x0000000000000400	256	79	177	39190564	356	173348	278428	1501996	4.10
2026-10-03T00:02:40Z	2820	10251	59	189.70	99	100	9291	12282	0x0000000000000400	256	79	177	39191408	356	173348	278144	1501996	4.01
2026-10-03T00:02:41Z	2820	10251	59	189.20	99	100	9291	12282	0x0000000000000400	256	79	177	39210488	356	173348	278072	1501996	4.01
2026-10-03T00:02:42Z	2820	10251	59	189.54	99	100	9291	12282	0x0000000000000400	256	79	177	39205960	356	173348	277752	1501996	4.01
2026-10-03T00:02:43Z	2820	10251	59	189.67	99	100	9291	12282	0x0000000000000400	256	79	177	39215940	356	173348	277772	1501996	4.01
2026-10-03T00:02:44Z	2820	10251	59	190.12	99	100	9291	12282	0x0000000000000400	256	79	177	39249340	356	173348	278404	1501932	4.01
2026-10-03T00:02:45Z	2820	10251	59	189.53	99	100	9291	12282	0x0000000000000400	256	79	177	39202380	356	173348	277716	1501932	4.01
2026-10-03T00:02:46Z	2820	10251	59	190.02	99	100	9291	12282	0x0000000000000400	256	79	177	39217868	356	173348	277880	1501932	4.01
2026-10-03T00:02:47Z	2820	10251	59	189.71	99	100	9291	12282	0x0000000000000400	256	79	177	39216888	356	173348	278324	1501900	4.01
2026-10-03T00:02:48Z	2820	10251	59	190.40	99	100	9291	12282	0x0000000000000400	256	79	177	39153252	356	173348	278068	1501932	4.01
2026-10-03T00:02:49Z	2820	10251	59	190.03	99	100	9291	12282	0x0000000000000400	256	79	177	39192340	356	173348	278240	1501932	3.93
2026-10-03T00:02:50Z	2820	10251	59	190.65	99	100	9291	12282	0x0000000000000400	256	79	177	39225840	356	173348	277404	1501932	3.93
2026-10-03T00:02:51Z	2820	10251	59	189.61	99	100	9312	12282	0x0000000000000400	256	79	177	39207860	356	173348	277688	1501920	3.93
2026-10-03T00:02:52Z	2820	10251	59	190.01	99	100	9312	12282	0x0000000000000400	256	79	177	39175784	356	173348	277588	1501876	3.93
2026-10-03T00:02:53Z	2820	10251	59	190.48	99	100	9307	12282	0x0000000000000400	256	79	177	39198204	356	173348	277552	1501876	3.93
2026-10-03T00:02:55Z	2820	10251	59	190.47	99	100	9307	12282	0x0000000000000400	256	79	177	39213096	356	173348	277424	1501812	4.10
2026-10-03T00:02:56Z	2820	10251	59	190.79	99	100	9307	12282	0x0000000000000400	256	79	177	39221416	356	173348	277944	1501876	4.10
2026-10-03T00:02:57Z	2820	10251	59	190.24	99	100	9291	12282	0x0000000000000400	256	79	177	39270320	356	173348	276948	1501876	4.10
2026-10-03T00:02:58Z	2820	10251	59	191.37	99	100	9291	12282	0x0000000000000400	256	79	177	39266108	356	173348	277404	1501876	4.10
2026-10-03T00:02:59Z	2820	10251	59	191.08	99	100	9292	12282	0x0000000000000400	256	79	177	39290540	356	173348	277708	1501940	4.10
2026-10-03T00:03:00Z	2820	10251	59	191.57	99	100	9292	12282	0x0000000000000400	256	79	177	39237968	356	173348	277608	1501940	4.01
2026-10-03T00:03:01Z	2820	10251	59	190.57	99	100	9292	12282	0x0000000000000400	256	79	177	39229040	356	173348	277876	1501972	4.01
2026-10-03T00:03:02Z	2820	10251	59	191.59	99	100	9292	12282	0x0000000000000400	256	79	177	39126880	356	173348	277280	1501940	4.01
2026-10-03T00:03:03Z	2820	10251	59	191.98	99	100	9292	12282	0x0000000000000400	256	79	177	39147196	356	173348	277768	1501876	4.01
2026-10-03T00:03:04Z	2820	10251	59	191.99	99	100	9292	12282	0x0000000000000400	256	79	177	39143496	356	173348	278388	1501876	4.09
2026-10-03T00:03:05Z	2820	10251	59	191.23	99	100	9292	12282	0x0000000000000400	256	79	177	39227888	356	173348	277392	1501940	4.09
2026-10-03T00:03:06Z	2820	10251	59	191.77	99	100	9292	12282	0x0000000000000400	256	79	177	39252900	356	173348	277272	1501940	4.09
2026-10-03T00:03:07Z	2820	10251	59	192.56	99	100	9292	12282	0x0000000000000400	256	79	177	39304844	356	173348	277612	1501940	4.09
2026-10-03T00:03:08Z	2820	10251	59	192.61	99	100	9292	12282	0x0000000000000400	256	79	177	39273048	356	173348	277544	1501940	4.09
2026-10-03T00:03:09Z	2820	10251	59	192.31	99	100	9292	12282	0x0000000000000400	256	79	177	39277192	356	173348	277564	1501876	4.00
2026-10-03T00:03:10Z	2820	10251	59	192.11	98	100	9292	12282	0x0000000000000400	256	79	177	39233704	356	173348	277724	1501876	4.00
2026-10-03T00:03:11Z	2820	10251	59	192.69	99	100	9292	12282	0x0000000000000400	256	79	177	39222380	356	173348	276248	1501876	4.00
2026-10-03T00:03:12Z	2820	10251	59	192.90	99	100	9292	12282	0x0000000000000400	256	79	177	39266824	356	173348	276596	1501876	4.00
2026-10-03T00:03:14Z	2820	10251	59	192.82	99	100	9292	12282	0x0000000000000400	256	79	177	39292268	356	173348	277164	1501876	4.00
2026-10-03T00:03:15Z	2820	10251	59	192.86	99	100	9292	12282	0x0000000000000400	256	79	177	39302340	356	173348	276880	1501876	3.76
2026-10-03T00:03:16Z	2820	10251	59	193.20	99	100	9292	12282	0x0000000000000400	256	79	177	39334120	356	173348	276740	1501876	3.76
2026-10-03T00:03:17Z	2820	10251	59	193.14	99	100	9292	12282	0x0000000000000400	256	79	177	39355108	356	173348	276224	1501876	3.76
2026-10-03T00:03:18Z	2820	10251	59	193.29	99	100	9292	12282	0x0000000000000400	256	79	177	39358016	356	173348	277148	1501876	3.76
2026-10-03T00:03:19Z	2820	10251	59	193.52	99	100	9292	12282	0x0000000000000400	256	79	177	39390612	356	173348	276760	1501844	3.76
2026-10-03T00:03:20Z	2820	10251	59	193.68	99	100	9292	12282	0x0000000000000400	256	79	177	39369536	356	173348	276852	1501876	3.54
2026-10-03T00:03:21Z	2820	10251	59	192.86	99	100	9292	12282	0x0000000000000400	256	79	177	39373320	356	173348	276144	1501876	3.54
2026-10-03T00:03:22Z	2820	10251	59	194.10	99	100	9292	12282	0x0000000000000400	256	79	177	39394264	356	173348	276696	1501844	3.54
2026-10-03T00:03:23Z	2820	10251	59	194.06	99	100	9292	12282	0x0000000000000400	256	79	177	39401484	356	173348	276596	1501876	3.54
2026-10-03T00:03:24Z	2820	10251	60	194.21	99	100	9292	12282	0x0000000000000400	256	79	177	39396272	356	173348	276084	1501876	3.33
2026-10-03T00:03:25Z	2820	10251	60	193.11	99	100	9292	12282	0x0000000000000400	256	79	177	39405568	356	173348	276184	1501876	3.33
2026-10-03T00:03:26Z	2820	10251	60	194.77	99	100	9292	12282	0x0000000000000400	256	79	177	39361692	356	173348	276140	1501876	3.33
2026-10-03T00:03:27Z	2820	10251	60	194.70	99	100	9292	12282	0x0000000000000400	256	79	177	39386576	356	173348	276588	1501940	3.33
2026-10-03T00:03:28Z	2820	10251	60	194.72	99	100	9292	12282	0x0000000000000400	256	79	177	39409196	356	173348	276968	1501876	3.33
2026-10-03T00:03:29Z	2820	10251	59	194.60	99	100	9292	12282	0x0000000000000400	256	79	177	39406336	356	173348	276992	1501876	3.31
2026-10-03T00:03:30Z	2820	10251	59	194.55	99	100	9292	12282	0x0000000000000400	256	79	177	39416244	356	173348	276468	1501876	3.31
2026-10-03T00:03:31Z	2820	10251	59	195.16	99	100	9292	12282	0x0000000000000400	256	79	177	39374204	356	173348	276656	1501876	3.31
2026-10-03T00:03:32Z	2820	10251	59	194.83	99	100	9292	12282	0x0000000000000400	256	79	177	39375008	356	173348	276656	1501876	3.31
2026-10-03T00:03:34Z	2820	10251	60	194.59	99	100	9313	12282	0x0000000000000400	256	79	177	39374504	356	173348	276336	1501876	3.31
2026-10-03T00:03:35Z	2820	10251	60	194.39	96	98	9309	12282	0x0000000000000400	256	79	177	39345904	356	173348	276680	1501876	3.20
2026-10-03T00:03:36Z	2820	10251	60	195.71	99	100	9309	12282	0x0000000000000400	256	79	177	39346724	356	173348	276624	1501876	3.20
2026-10-03T00:03:37Z	2820	10251	60	195.03	99	100	9308	12282	0x0000000000000400	256	79	177	39352792	356	173348	276944	1501876	3.20
2026-10-03T00:03:38Z	2820	10251	60	195.60	99	100	9292	12282	0x0000000000000400	256	79	177	39356780	356	173348	277676	1501872	3.20
2026-10-03T00:03:39Z	2820	10251	59	195.64	99	100	9292	12282	0x0000000000000400	256	79	177	39353296	356	173348	276232	1501936	3.20
2026-10-03T00:03:40Z	2820	10251	59	195.98	99	100	9292	12282	0x0000000000000400	256	79	177	39341056	356	173348	275840	1501936	3.11
2026-10-03T00:03:41Z	2820	10251	59	195.65	99	100	9292	12282	0x0000000000000400	256	79	177	39379456	356	173348	276104	1501872	3.11
2026-10-03T00:03:42Z	2820	10251	60	196.46	99	100	9292	12282	0x0000000000000400	256	79	177	39394320	356	173348	276608	1501872	3.11
2026-10-03T00:03:43Z	2820	10251	60	196.25	99	100	9292	12282	0x0000000000000400	256	79	177	39385256	356	173348	276484	1501872	3.11
2026-10-03T00:03:44Z	2820	10251	60	195.77	99	100	9292	12282	0x0000000000000400	256	79	177	39386092	356	173348	276664	1501872	3.02
2026-10-03T00:03:45Z	2820	10251	60	195.74	99	100	9292	12282	0x0000000000000400	256	79	177	39393804	356	173348	276320	1501872	3.02
2026-10-03T00:03:46Z	2820	10251	60	196.70	99	100	9292	12282	0x0000000000000400	256	79	177	39394096	356	173348	276352	1501872	3.02
2026-10-03T00:03:47Z	2820	10251	60	196.57	99	100	9292	12282	0x0000000000000400	256	79	177	39393856	356	173348	276060	1501872	3.02
2026-10-03T00:03:48Z	2820	10251	60	196.71	99	100	9292	12282	0x0000000000000400	256	79	177	39414472	356	173348	276712	1501872	3.02
2026-10-03T00:03:49Z	2820	10251	60	196.05	97	98	9313	12282	0x0000000000000400	256	79	177	39399816	356	173348	276480	1501936	2.86
2026-10-03T00:03:50Z	2820	10251	59	197.37	99	100	9313	12282	0x0000000000000400	256	79	177	39351620	356	173348	276508	1501936	2.86
2026-10-03T00:03:51Z	2820	10251	60	197.43	99	100	9301	12282	0x0000000000000400	256	79	177	39378452	356	173348	276492	1501872	2.86
2026-10-03T00:03:52Z	2820	10251	60	197.04	99	100	9301	12282	0x0000000000000400	256	79	177	39396556	356	173348	276096	1501872	2.86
2026-10-03T00:03:54Z	2820	10251	60	197.17	99	100	9301	12282	0x0000000000000400	256	79	177	39416720	356	173348	276288	1501872	2.86
2026-10-03T00:03:55Z	2820	10251	60	196.78	99	100	9298	12282	0x0000000000000400	256	79	177	39414608	356	173348	276080	1501872	2.87
2026-10-03T00:03:56Z	2820	10251	60	197.54	99	100	9295	12282	0x0000000000000400	256	79	177	39390532	356	173348	276716	1501864	2.87
2026-10-03T00:03:57Z	2820	10251	60	196.92	99	100	9295	12282	0x0000000000000400	256	79	177	39345472	356	173348	276432	1501924	2.87
2026-10-03T00:03:58Z	2820	10251	60	197.58	99	100	9295	12282	0x0000000000000400	256	79	177	39329248	356	173348	276524	1501924	2.87
2026-10-03T00:03:59Z	2820	10251	58	187.20	99	100	9295	12282	0x0000000000000400	256	79	177	39335156	356	173348	276496	1501924	2.87
2026-10-03T00:04:00Z	2820	10251	58	173.13	97	89	9291	12282	0x0000000000000400	256	79	177	39346684	356	173348	277248	1501860	2.80
2026-10-03T00:04:01Z	2820	10251	58	170.35	99	100	9291	12282	0x0000000000000400	256	79	177	39349864	356	173348	276732	1501860	2.80
2026-10-03T00:04:02Z	2820	10251	58	170.97	99	100	9291	12282	0x0000000000000400	256	79	177	39358800	356	173348	276656	1501860	2.80
2026-10-03T00:04:03Z	2820	10251	58	170.90	99	100	9291	12282	0x0000000000000400	256	79	177	39366300	356	173348	277848	1501860	2.80
2026-10-03T00:04:04Z	2820	10251	58	171.69	99	100	9291	12282	0x0000000000000400	256	79	177	39351800	356	173348	277608	1501860	2.65
2026-10-03T00:04:05Z	2820	10251	58	171.29	99	100	9291	12282	0x0000000000000400	256	79	177	39320540	356	173348	276472	1501860	2.65
2026-10-03T00:04:06Z	2820	10251	58	171.60	99	100	9291	12282	0x0000000000000400	256	79	177	39332684	356	173348	276752	1501860	2.65
2026-10-03T00:04:07Z	2820	10251	58	171.38	99	100	9291	12282	0x0000000000000400	256	79	177	39330860	356	173348	276332	1501924	2.65
2026-10-03T00:04:08Z	2820	10251	58	172.03	99	100	9291	12282	0x0000000000000400	256	79	177	39314592	356	173348	277152	1501924	2.65
2026-10-03T00:04:09Z	2820	10251	58	171.85	99	100	9293	12282	0x0000000000000400	256	79	177	39307076	356	173348	276780	1501892	2.60
2026-10-03T00:04:10Z	2820	10251	58	168.45	99	100	9293	12282	0x0000000000000400	256	79	177	39299012	356	173348	276368	1501892	2.60
2026-10-03T00:04:11Z	2820	10251	57	163.26	99	100	9293	12282	0x0000000000000400	256	79	177	39295920	356	173348	277004	1501860	2.60
2026-10-03T00:04:13Z	2820	10251	57	164.65	99	100	9293	12282	0x0000000000000400	256	79	177	39311964	356	173348	276676	1501860	2.60
2026-10-03T00:04:14Z	2820	10251	58	169.42	81	81	9293	12282	0x0000000000000400	256	79	177	39289720	356	173348	278872	1501920	2.60
2026-10-03T00:04:15Z	2820	10251	58	175.91	96	90	9293	12282	0x0000000000000400	256	79	177	39304972	356	173348	276704	1501920	2.47
2026-10-03T00:04:16Z	2820	10251	58	175.60	99	100	9293	12282	0x0000000000000400	256	79	177	39299348	356	173348	276180	1501916	2.47
2026-10-03T00:04:17Z	2820	10251	58	174.75	99	100	9293	12282	0x0000000000000400	256	79	177	39286140	356	173348	276052	1501916	2.47
2026-10-03T00:04:18Z	2820	10251	58	174.36	99	100	9293	12282	0x0000000000000400	256	79	177	39299768	356	173348	276044	1501916	2.47
2026-10-03T00:04:19Z	2820	10251	58	174.41	99	100	9293	12282	0x0000000000000400	256	79	177	39273508	356	173348	276676	1501980	2.47
2026-10-03T00:04:20Z	2820	10251	57	172.50	99	100	9293	12282	0x0000000000000400	256	79	177	39273800	356	173348	276232	1501980	2.52
2026-10-03T00:04:21Z	2820	10251	58	173.08	99	100	9293	12282	0x0000000000000400	256	79	177	39284220	356	173348	275984	1501916	2.52
2026-10-03T00:04:22Z	2820	10251	58	174.26	99	100	9293	12282	0x0000000000000400	256	79	177	39278692	356	173348	276448	1501916	2.52
2026-10-03T00:04:23Z	2820	10251	58	175.35	99	100	9293	12282	0x0000000000000400	256	79	177	39292660	356	173348	276156	1501852	2.52
2026-10-03T00:04:24Z	2820	10251	58	175.09	99	100	9293	12282	0x0000000000000400	256	79	177	39292568	356	173348	276516	1501852	2.47
2026-10-03T00:04:25Z	2820	10251	58	174.89	99	100	9293	12282	0x0000000000000400	256	79	177	39282968	356	173348	276280	1501916	2.47
2026-10-03T00:04:26Z	2820	10251	58	175.01	99	100	9293	12282	0x0000000000000400	256	79	177	39305644	356	173348	276272	1501916	2.47
2026-10-03T00:04:27Z	2820	10251	57	172.26	94	100	9293	12282	0x0000000000000400	256	79	177	39328580	356	173348	275996	1501916	2.47
2026-10-03T00:04:28Z	2820	10251	58	175.46	96	91	9293	12282	0x0000000000000400	256	79	177	39303088	356	173348	276248	1501916	2.47
2026-10-03T00:04:29Z	2820	10251	58	176.10	99	100	9293	12282	0x0000000000000400	256	79	177	39322228	356	173348	275896	1501916	2.36
2026-10-03T00:04:30Z	2820	10251	58	174.46	99	100	9293	12282	0x0000000000000400	256	79	177	39334688	356	173348	276640	1501916	2.36
2026-10-03T00:04:31Z	2820	10251	57	174.54	99	100	9291	12282	0x0000000000000400	256	79	177	39289452	356	173348	276304	1501916	2.36
2026-10-03T00:04:33Z	2820	10251	57	174.48	99	100	9291	12282	0x0000000000000400	256	79	177	39274192	356	173348	276896	1501916	2.36
2026-10-03T00:04:34Z	2820	10251	58	174.60	99	100	9291	12282	0x0000000000000400	256	79	177	39277520	356	173348	277748	1501852	2.36
2026-10-03T00:04:35Z	2820	10251	58	175.30	99	100	9291	12282	0x0000000000000400	256	79	177	39262008	356	173348	276592	1501916	2.25
2026-10-03T00:04:36Z	2820	10251	58	175.39	99	100	9291	12282	0x0000000000000400	256	79	177	39239384	356	173348	276112	1501852	2.25
2026-10-03T00:04:37Z	2820	10251	57	174.16	99	100	9292	12282	0x0000000000000400	256	79	177	39250504	356	173348	276664	1501852	2.25
2026-10-03T00:04:38Z	2820	10251	58	169.69	100	93	9292	12282	0x0000000000000400	256	79	177	39228040	356	173348	276296	1501976	2.25
2026-10-03T00:04:39Z	2820	10251	57	170.24	99	86	9292	12282	0x0000000000000400	256	79	177	39262324	356	173348	275948	1501976	2.25
2026-10-03T00:04:40Z	2820	10251	57	168.80	99	100	9292	12282	0x0000000000000400	256	79	177	39281748	356	173348	276076	1501912	2.23
2026-10-03T00:04:41Z	2820	10251	57	168.31	99	100	9292	12282	0x0000000000000400	256	79	177	39294748	356	173348	276616	1501912	2.23
2026-10-03T00:04:42Z	2820	10251	57	167.96	99	100	9292	12282	0x0000000000000400	256	79	177	39311368	356	173348	276124	1501912	2.23
2026-10-03T00:04:43Z	2820	10251	57	169.09	99	100	9292	12282	0x0000000000000400	256	79	177	39298532	356	173348	275924	1501912	2.23
2026-10-03T00:04:44Z	2820	10251	57	167.77	99	100	9292	12282	0x0000000000000400	256	79	177	39300568	356	173348	275924	1501912	2.13
2026-10-03T00:04:45Z	2820	10251	57	168.65	99	100	9292	12282	0x0000000000000400	256	79	177	39311676	356	173348	276116	1501912	2.13
2026-10-03T00:04:46Z	2820	10251	56	162.95	99	100	9292	12282	0x0000000000000400	256	79	177	39366176	356	173348	275920	1501848	2.13
2026-10-03T00:04:47Z	2820	10251	57	164.95	99	100	9292	12282	0x0000000000000400	256	79	177	39326312	356	173348	276576	1501912	2.13
2026-10-03T00:04:48Z	2820	10251	56	165.58	99	100	9292	12282	0x0000000000000400	256	79	177	39340572	356	173348	276648	1501844	2.13
2026-10-03T00:04:49Z	2820	10251	57	166.09	99	100	9292	12282	0x0000000000000400	256	79	177	39331160	356	173348	276264	1501844	2.20
2026-10-03T00:04:50Z	2820	10251	57	162.05	98	100	9292	12282	0x0000000000000400	256	79	177	39282500	356	173348	276092	1501908	2.20
2026-10-03T00:04:52Z	2820	10251	57	167.23	96	86	9292	12282	0x0000000000000400	256	79	177	39296972	356	173348	276376	1501908	2.20
2026-10-03T00:04:53Z	2820	10251	57	173.55	96	87	9292	12282	0x0000000000000400	256	79	177	39298788	356	173348	276112	1501908	2.20
2026-10-03T00:04:54Z	2820	10251	58	173.36	96	82	9292	12282	0x0000000000000400	256	79	177	39300556	356	173348	276364	1501844	2.20
2026-10-03T00:04:55Z	2820	10251	58	178.77	100	85	9292	12282	0x0000000000000400	256	79	177	39319576	356	173348	276560	1501844	2.10
2026-10-03T00:04:56Z	2820	10251	57	179.31	96	83	9292	12282	0x0000000000000400	256	79	177	39357340	356	173348	276380	1501844	2.10
2026-10-03T00:04:57Z	2820	10251	57	177.25	99	100	9297	12282	0x0000000000000400	256	79	177	39326136	356	173348	276288	1501832	2.10
2026-10-03T00:04:58Z	2820	10251	57	178.33	99	100	9296	12282	0x0000000000000400	256	79	177	39290812	356	173348	277252	1501896	2.10
2026-10-03T00:04:59Z	2820	10251	57	178.99	99	100	9296	12282	0x0000000000000400	256	79	177	39303672	356	173348	277084	1501896	2.10
2026-10-03T00:05:00Z	2820	10251	58	181.69	99	100	9296	12282	0x0000000000000400	256	79	177	39309216	356	173348	277456	1501896	2.09
2026-10-03T00:05:01Z	2820	10251	58	182.25	99	100	9296	12282	0x0000000000000400	256	79	177	39309592	356	173348	276928	1501896	2.09
2026-10-03T00:05:02Z	2820	10251	58	181.71	99	100	9292	12282	0x0000000000000400	256	79	177	39337020	356	173348	277776	1501832	2.09
2026-10-03T00:05:03Z	2820	10251	58	181.88	99	100	9313	12282	0x0000000000000400	256	79	177	39330716	356	173348	276644	1501820	2.09
2026-10-03T00:05:04Z	2820	10251	58	182.69	99	100	9312	12282	0x0000000000000400	256	79	177	39313544	356	173348	276848	1501820	2.01
2026-10-03T00:05:05Z	2820	10251	58	183.08	99	100	9307	12282	0x0000000000000400	256	79	177	39308936	356	173348	278212	1501884	2.01
2026-10-03T00:05:06Z	2820	10251	58	182.54	99	100	9307	12282	0x0000000000000400	256	79	177	39310072	356	173348	277192	1501884	2.01
2026-10-03T00:05:07Z	2820	10251	58	182.99	99	100	9307	12282	0x0000000000000400	256	79	177	39314132	356	173348	277408	1501820	2.01
2026-10-03T00:05:08Z	2820	10251	58	183.64	99	100	9291	12282	0x0000000000000400	256	79	177	39349028	356	173348	276880	1501820	2.01
2026-10-03T00:05:09Z	2820	10251	58	183.81	99	100	9291	12282	0x0000000000000400	256	79	177	39316516	356	173348	276948	1501820	1.93
2026-10-03T00:05:10Z	2820	10251	58	183.09	99	100	9291	12282	0x0000000000000400	256	79	177	39309752	356	173348	276620	1501868	1.93
2026-10-03T00:05:12Z	2820	10251	58	183.35	99	100	9291	12282	0x0000000000000400	256	79	177	39299080	356	173348	277040	1501884	1.93
2026-10-03T00:05:13Z	2820	10251	58	183.80	99	100	9291	12282	0x0000000000000400	256	79	177	39286776	356	173348	276640	1501820	1.93
2026-10-03T00:05:14Z	2820	10251	58	183.86	99	100	9291	12282	0x0000000000000400	256	79	177	39334164	356	173348	276336	1501820	1.93
2026-10-03T00:05:15Z	2820	10251	58	183.32	99	100	9291	12282	0x0000000000000400	256	79	177	39325040	356	173348	276476	1501820	1.85
2026-10-03T00:05:16Z	2820	10251	58	183.67	99	100	9291	12282	0x0000000000000400	256	79	177	39319916	356	173348	276552	1501820	1.85
2026-10-03T00:05:17Z	2820	10251	58	183.73	99	100	9291	12282	0x0000000000000400	256	79	177	39310208	356	173348	276476	1501820	1.85
2026-10-03T00:05:18Z	2820	10251	58	184.09	99	100	9291	12282	0x0000000000000400	256	79	177	39278556	356	173348	276292	1501820	1.85
2026-10-03T00:05:19Z	2820	10251	58	184.09	99	100	9291	12282	0x0000000000000400	256	79	177	39271584	356	173348	276216	1501820	1.94
2026-10-03T00:05:20Z	2820	10251	58	184.33	99	100	9291	12282	0x0000000000000400	256	79	177	39293144	356	173348	276776	1501820	1.94
2026-10-03T00:05:21Z	2820	10251	58	184.51	99	100	9291	12282	0x0000000000000400	256	79	177	39304916	356	173348	276304	1501820	1.94
2026-10-03T00:05:22Z	2820	10251	58	184.61	99	100	9291	12282	0x0000000000000400	256	79	177	39303364	356	173348	276524	1501820	1.94
2026-10-03T00:05:23Z	2820	10251	58	184.93	99	100	9291	12282	0x0000000000000400	256	79	177	39301480	356	173348	275980	1501820	1.94
2026-10-03T00:05:24Z	2820	10251	58	184.82	99	100	9291	12282	0x0000000000000400	256	79	177	39278344	356	173348	276188	1501820	3.23
2026-10-03T00:05:25Z	2820	10251	58	182.43	99	100	9291	12282	0x0000000000000400	256	79	177	39285852	356	173348	276632	1501884	3.23
2026-10-03T00:05:26Z	2820	10251	58	180.98	91	95	9291	12282	0x0000000000000400	256	79	177	39285636	356	173348	276396	1501884	3.23
2026-10-03T00:05:27Z	2820	10251	58	179.96	99	100	9291	12282	0x0000000000000400	256	79	177	39286364	356	173348	277104	1501820	3.23
2026-10-03T00:05:28Z	2820	10251	58	185.33	99	100	9291	12282	0x0000000000000400	256	79	177	39271304	356	173348	277340	1501804	3.23
2026-10-03T00:05:29Z	2820	10251	58	185.56	99	100	9291	12282	0x0000000000000400	256	79	177	39270076	356	173348	278000	1501816	3.05
2026-10-03T00:05:31Z	2820	10251	58	185.16	99	100	9291	12282	0x0000000000000400	256	79	177	39282784	356	173348	276528	1501880	3.05
2026-10-03T00:05:32Z	2820	10251	58	185.92	99	100	9292	12282	0x0000000000000400	256	79	177	39279160	356	173348	277272	1501816	3.05
2026-10-03T00:05:33Z	2820	10251	58	185.82	99	100	9292	12282	0x0000000000000400	256	79	177	39278740	356	173348	276324	1501848	3.05
2026-10-03T00:05:34Z	2820	10251	58	185.85	99	100	9292	12282	0x0000000000000400	256	79	177	39267060	356	173348	276056	1501816	3.05
2026-10-03T00:05:35Z	2820	10251	58	185.29	96	100	9292	12282	0x0000000000000400	256	79	177	39244420	356	173348	276704	1501816	3.05
2026-10-03T00:05:36Z	2820	10251	58	186.26	99	100	9291	12282	0x0000000000000400	256	79	177	39244412	356	173348	276444	1501816	3.05
2026-10-03T00:05:37Z	2820	10251	58	186.17	99	100	9291	12282	0x0000000000000400	256	79	177	39240396	356	173348	276292	1501800	3.05
2026-10-03T00:05:38Z	2820	10251	59	185.72	99	100	9297	12282	0x0000000000000400	256	79	177	39261600	356	173348	276788	1501800	3.05
2026-10-03T00:05:39Z	2820	10251	59	185.90	99	100	9295	12282	0x0000000000000400	256	79	177	39280936	356	173348	276100	1501800	2.88
2026-10-03T00:05:40Z	2820	10251	59	186.21	99	100	9295	12282	0x0000000000000400	256	79	177	39282580	356	173348	276192	1501800	2.88
2026-10-03T00:05:41Z	2820	10251	59	187.15	99	100	9295	12282	0x0000000000000400	256	79	177	39303504	356	173348	276076	1501800	2.88
2026-10-03T00:05:42Z	2820	10251	58	186.71	99	100	9295	12282	0x0000000000000400	256	79	177	39298404	356	173348	276024	1501800	2.88
2026-10-03T00:05:43Z	2820	10251	58	186.89	99	100	9291	12282	0x0000000000000400	256	79	177	39291684	356	173348	276112	1501800	2.88
2026-10-03T00:05:44Z	2820	10251	58	186.87	99	100	9291	12282	0x0000000000000400	256	79	177	39263316	356	173348	276948	1501800	2.73
2026-10-03T00:05:45Z	2820	10251	59	187.60	99	100	9291	12282	0x0000000000000400	256	79	177	39268048	356	173348	278112	1501796	2.73
2026-10-03T00:05:46Z	2820	10251	58	186.45	99	100	9291	12282	0x0000000000000400	256	79	177	39220800	356	173348	279100	1501856	2.73
2026-10-03T00:05:47Z	2820	10251	58	187.49	99	100	9291	12282	0x0000000000000400	256	79	177	39225412	356	173348	276184	1501856	2.73
2026-10-03T00:05:48Z	2820	10251	59	187.27	96	100	9291	12282	0x0000000000000400	256	79	177	39252476	356	173348	276728	1501792	2.73
2026-10-03T00:05:49Z	2820	10251	59	188.06	99	100	9291	12282	0x0000000000000400	256	79	177	39256360	356	173348	276268	1501792	2.59
2026-10-03T00:05:51Z	2820	10251	59	187.59	99	100	9291	12282	0x0000000000000400	256	79	177	39219552	356	173348	276308	1501792	2.59
2026-10-03T00:05:52Z	2820	10251	59	188.22	99	100	9291	12282	0x0000000000000400	256	79	177	39204420	356	173348	276656	1501792	2.59
2026-10-03T00:05:53Z	2820	10251	58	188.44	99	100	9291	12282	0x0000000000000400	256	79	177	39188968	356	173348	276140	1501792	2.59
2026-10-03T00:05:54Z	2820	10251	58	188.13	99	100	9291	12282	0x0000000000000400	256	79	177	39209436	356	173348	276136	1501792	2.59
2026-10-03T00:05:55Z	2820	10251	59	188.06	99	100	9291	12282	0x0000000000000400	256	79	177	39227744	356	173348	276932	1501792	2.54
2026-10-03T00:05:56Z	2820	10251	59	188.73	99	100	9291	12282	0x0000000000000400	256	79	177	39207168	356	173348	276696	1501856	2.54
2026-10-03T00:05:57Z	2820	10251	59	188.80	99	100	9291	12282	0x0000000000000400	256	79	177	39214856	356	173348	279264	1501856	2.54
2026-10-03T00:05:58Z	2820	10251	59	188.00	99	100	9291	12282	0x0000000000000400	256	79	177	39214112	356	173348	276916	1501792	2.54
2026-10-03T00:05:59Z	2820	10251	59	188.89	99	100	9291	12282	0x0000000000000400	256	79	177	39218548	356	173348	276896	1501856	2.42
2026-10-03T00:06:00Z	2820	10251	58	189.09	99	100	9291	12282	0x0000000000000400	256	79	177	39221728	356	173348	277380	1501856	2.42
2026-10-03T00:06:01Z	2820	10251	59	188.97	99	100	9291	12282	0x0000000000000400	256	79	177	39258072	356	173348	276340	1501792	2.42
2026-10-03T00:06:02Z	2820	10251	59	188.50	99	100	9291	12282	0x0000000000000400	256	79	177	39233712	356	173348	277028	1501792	2.42
2026-10-03T00:06:03Z	2820	10251	59	189.10	99	100	9291	12282	0x0000000000000400	256	79	177	39232136	356	173348	276396	1501792	2.42
2026-10-03T00:06:04Z	2820	10251	58	189.62	99	100	9291	12282	0x0000000000000400	256	79	177	39232548	356	173348	276392	1501808	2.31
2026-10-03T00:06:05Z	2820	10251	59	189.63	99	100	9291	12282	0x0000000000000400	256	79	177	39245424	356	173348	276396	1501792	2.31
2026-10-03T00:06:06Z	2820	10251	59	189.01	99	100	9291	12282	0x0000000000000400	256	79	177	39209964	356	173348	276604	1501856	2.31
2026-10-03T00:06:07Z	2820	10251	59	189.50	99	100	9291	12282	0x0000000000000400	256	79	177	39202480	356	173348	276168	1501856	2.31
2026-10-03T00:06:08Z	2820	10251	59	190.05	99	100	9291	12282	0x0000000000000400	256	79	177	39226932	356	173348	276568	1501792	2.31
2026-10-03T00:06:09Z	2820	10251	59	190.38	99	100	9291	12282	0x0000000000000400	256	79	177	39207300	356	173348	276244	1501788	2.28
2026-10-03T00:06:11Z	2820	10251	59	189.42	99	100	9291	12282	0x0000000000000400	256	79	177	39200864	356	173348	276816	1501780	2.28
2026-10-03T00:06:12Z	2820	10251	59	190.24	99	100	9291	12282	0x0000000000000400	256	79	177	39217824	356	173348	276048	1501844	2.28
2026-10-03T00:06:13Z	2820	10251	59	190.09	99	100	9291	12282	0x0000000000000400	256	79	177	39193084	356	173348	276820	1501780	2.28
2026-10-03T00:06:14Z	2820	10251	59	190.55	99	100	9291	12282	0x0000000000000400	256	79	177	39229424	356	173348	276220	1501780	2.28
2026-10-03T00:06:15Z	2820	10251	59	190.11	99	100	9291	12282	0x0000000000000400	256	79	177	39251720	356	173348	276680	1501780	2.18
2026-10-03T00:06:16Z	2820	10251	59	190.39	99	100	9291	12282	0x0000000000000400	256	79	177	39214196	356	173348	276472	1501780	2.18
2026-10-03T00:06:17Z	2820	10251	59	190.22	99	100	9291	12282	0x0000000000000400	256	79	177	39198672	356	173348	277040	1501876	2.18
2026-10-03T00:06:18Z	2820	10251	59	190.83	99	100	9291	12282	0x0000000000000400	256	79	177	39203424	356	173348	276400	1501780	2.18
2026-10-03T00:06:19Z	2820	10251	59	190.93	99	100	9291	12282	0x0000000000000400	256	79	177	39193800	356	173348	277400	1501780	2.08
2026-10-03T00:06:20Z	2820	10251	59	190.98	99	100	9291	12282	0x0000000000000400	256	79	177	39223276	356	173348	275896	1501780	2.08
2026-10-03T00:06:21Z	2820	10251	59	191.06	99	100	9291	12282	0x0000000000000400	256	79	177	39242948	356	173348	276448	1501780	2.08
2026-10-03T00:06:22Z	2820	10251	59	190.65	99	100	9291	12282	0x0000000000000400	256	79	177	39216676	356	173348	276064	1501780	2.08
2026-10-03T00:06:23Z	2820	10251	59	191.87	99	100	9291	12282	0x0000000000000400	256	79	177	39245368	356	173348	276416	1501844	2.08
2026-10-03T00:06:24Z	2820	10251	59	191.66	99	100	9291	12282	0x0000000000000400	256	79	177	39244912	356	173348	276332	1501844	2.08
2026-10-03T00:06:25Z	2820	10251	59	191.87	99	100	9291	12282	0x0000000000000400	256	79	177	39253992	356	173348	276204	1501844	2.08
2026-10-03T00:06:26Z	2820	10251	59	190.63	98	100	9326	12282	0x0000000000000400	256	79	177	39245088	356	173348	277324	1501780	2.08
2026-10-03T00:06:27Z	2820	10251	59	192.30	99	100	9326	12282	0x0000000000000400	256	79	177	39217372	356	173348	277732	1501844	2.08
2026-10-03T00:06:28Z	2820	10251	59	192.23	99	100	9312	12282	0x0000000000000400	256	79	177	39288032	356	173348	275952	1501844	2.08
2026-10-03T00:06:30Z	2820	10251	59	191.99	99	100	9312	12282	0x0000000000000400	256	79	177	39233444	356	173348	275960	1501844	2.23
2026-10-03T00:06:31Z	2820	10251	59	191.64	99	100	9312	12282	0x0000000000000400	256	79	177	39225172	356	173348	276720	1501844	2.23
2026-10-03T00:06:32Z	2820	10251	59	191.79	99	100	9292	12282	0x0000000000000400	256	79	177	39155088	356	173348	277156	1501836	2.23
2026-10-03T00:06:33Z	2820	10251	59	192.57	99	100	9292	12282	0x0000000000000400	256	79	177	39165576	356	173348	277340	1501836	2.23
2026-10-03T00:06:34Z	2820	10251	59	192.58	99	100	9292	12282	0x0000000000000400	256	79	177	39124804	356	173348	277820	1501836	2.23
2026-10-03T00:06:35Z	2820	10251	59	192.22	99	100	9292	12282	0x0000000000000400	256	79	177	39112776	356	173348	277072	1501836	2.21
2026-10-03T00:06:36Z	2820	10251	59	191.72	99	100	9293	12282	0x0000000000000400	256	79	177	39098836	356	173348	277236	1501836	2.21
2026-10-03T00:06:37Z	2820	10251	59	192.73	99	100	9293	12282	0x0000000000000400	256	79	177	39073916	356	173348	276864	1501836	2.21
2026-10-03T00:06:38Z	2820	10251	60	192.60	99	100	9293	12282	0x0000000000000400	256	79	177	39086980	356	173348	277680	1501836	2.21
2026-10-03T00:06:39Z	2820	10251	60	192.49	99	100	9293	12282	0x0000000000000400	256	79	177	38999056	356	173348	277472	1501804	2.20
2026-10-03T00:06:40Z	2820	10251	60	192.56	99	100	9293	12282	0x0000000000000400	256	79	177	39027968	356	173348	277596	1501836	2.20
2026-10-03T00:06:41Z	2820	10251	59	192.83	99	100	9291	12282	0x0000000000000400	256	79	177	39026728	356	173348	277456	1501836	2.20
2026-10-03T00:06:42Z	2820	10251	59	192.53	98	100	9291	12282	0x0000000000000400	256	79	177	39076832	356	173348	277340	1501836	2.20
2026-10-03T00:06:43Z	2820	10251	60	193.17	99	100	9291	12282	0x0000000000000400	256	79	177	39101256	356	173348	277900	1501836	2.20
2026-10-03T00:06:44Z	2820	10251	60	192.45	98	100	9291	12282	0x0000000000000400	256	79	177	39032564	356	173348	277784	1501836	2.34
2026-10-03T00:06:45Z	2820	10251	60	192.67	99	100	9291	12282	0x0000000000000400	256	79	177	39047336	356	173348	277872	1501836	2.34
2026-10-03T00:06:46Z	2820	10251	60	192.79	98	100	9291	12282	0x0000000000000400	256	79	177	39076164	356	173348	277804	1501836	2.34
2026-10-03T00:06:47Z	2820	10251	60	193.41	99	100	9291	12282	0x0000000000000400	256	79	177	39081512	356	173348	278048	1501836	2.34
2026-10-03T00:06:48Z	2820	10251	60	193.38	98	100	9291	12282	0x0000000000000400	256	79	177	39010288	356	173348	277888	1501836	2.34
2026-10-03T00:06:50Z	2820	10251	60	193.60	99	100	9291	12282	0x0000000000000400	256	79	177	39019384	356	173348	277712	1501836	2.31
2026-10-03T00:06:51Z	2820	10251	60	193.12	99	100	9291	12282	0x0000000000000400	256	79	177	39062060	356	173348	278168	1501836	2.31
2026-10-03T00:06:52Z	2820	10251	60	194.16	99	100	9291	12282	0x0000000000000400	256	79	177	39033280	356	173348	278984	1501836	2.31
2026-10-03T00:06:53Z	2820	10251	60	194.12	99	100	9291	12282	0x0000000000000400	256	79	177	39028872	356	173348	277808	1501836	2.31
2026-10-03T00:06:54Z	2820	10251	60	193.75	98	100	9291	12282	0x0000000000000400	256	79	177	39008704	356	173348	278588	1501804	2.31
2026-10-03T00:06:55Z	2820	10251	60	193.35	99	100	9291	12282	0x0000000000000400	256	79	177	38966984	356	173348	278060	1501804	2.29
2026-10-03T00:06:56Z	2820	10251	60	194.07	99	100	9291	12282	0x0000000000000400	256	79	177	38978416	356	173348	277660	1501804	2.29
2026-10-03T00:06:57Z	2820	10251	60	194.30	99	100	9291	12282	0x0000000000000400	256	79	177	39014216	356	173348	277796	1501804	2.29
2026-10-03T00:06:58Z	2820	10251	60	193.75	99	100	9291	12282	0x0000000000000400	256	79	177	39039488	356	173348	278040	1501804	2.29
2026-10-03T00:06:59Z	2820	10251	60	194.38	99	100	9291	12282	0x0000000000000400	256	79	177	39024424	356	173348	277968	1501804	2.26
2026-10-03T00:07:00Z	2820	10251	60	194.01	99	100	9291	12282	0x0000000000000400	256	79	177	39035868	356	173348	278412	1501804	2.26
2026-10-03T00:07:01Z	2820	10251	60	194.97	99	100	9291	12282	0x0000000000000400	256	79	177	39000992	356	173348	277996	1501804	2.26
2026-10-03T00:07:02Z	2820	10251	60	193.99	98	100	9291	12282	0x0000000000000400	256	79	177	39001140	356	173348	278280	1501804	2.26
2026-10-03T00:07:03Z	2820	10251	60	194.65	99	100	9291	12282	0x0000000000000400	256	79	177	38945560	356	173348	277900	1501804	2.26
2026-10-03T00:07:04Z	2820	10251	60	194.48	98	100	9291	12282	0x0000000000000400	256	79	177	38976484	356	173348	278036	1501800	2.40
2026-10-03T00:07:05Z	2820	10251	60	195.42	99	100	9291	12282	0x0000000000000400	256	79	177	38972440	356	173348	277828	1501800	2.40
2026-10-03T00:07:06Z	2820	10251	60	194.71	99	100	9291	12282	0x0000000000000400	256	79	177	38982896	356	173348	277920	1501800	2.40
2026-10-03T00:07:07Z	2820	10251	60	195.86	99	100	9291	12282	0x0000000000000400	256	79	177	38977980	356	173348	277740	1501800	2.40
2026-10-03T00:07:09Z	2820	10251	60	195.33	98	100	9291	12282	0x0000000000000400	256	79	177	38932120	356	173348	278420	1501796	2.40
2026-10-03T00:07:10Z	2820	10251	60	195.14	99	100	9291	12282	0x0000000000000400	256	79	177	38940200	356	173348	278072	1501796	2.37
2026-10-03T00:07:11Z	2820	10251	60	195.37	99	100	9291	12282	0x0000000000000400	256	79	177	38885868	356	173348	278076	1501796	2.37
2026-10-03T00:07:12Z	2820	10251	60	195.70	98	100	9291	12282	0x0000000000000400	256	79	177	38893804	356	173348	277668	1501796	2.37
2026-10-03T00:07:13Z	2820	10251	60	195.86	98	100	9291	12282	0x0000000000000400	256	79	177	38907636	356	173348	277572	1501796	2.37
2026-10-03T00:07:14Z	2820	10251	60	195.74	99	100	9291	12282	0x0000000000000400	256	79	177	38982844	356	173348	278368	1501796	2.37
2026-10-03T00:07:15Z	2820	10251	60	195.62	99	100	9291	12282	0x0000000000000400	256	79	177	38998320	356	173348	277628	1501796	2.42
2026-10-03T00:07:16Z	2820	10251	60	195.32	99	99	9291	12282	0x0000000000000400	256	79	177	39020200	356	173348	278052	1501796	2.42
2026-10-03T00:07:17Z	2820	10251	60	195.35	99	100	9291	12282	0x0000000000000400	256	79	177	39048440	356	173348	278096	1501796	2.42
2026-10-03T00:07:18Z	2820	10251	60	196.60	99	100	9291	12282	0x0000000000000400	256	79	177	39038920	356	173348	278864	1501796	2.42
2026-10-03T00:07:19Z	2820	10251	60	195.85	99	100	9291	12282	0x0000000000000400	256	79	177	39047484	356	173348	278432	1501796	2.39
2026-10-03T00:07:20Z	2820	10251	60	196.89	99	100	9291	12282	0x0000000000000400	256	79	177	39047148	356	173348	277928	1501796	2.39
2026-10-03T00:07:21Z	2820	10251	60	197.28	99	100	9291	12282	0x0000000000000400	256	79	177	39038616	356	173348	279440	1501796	2.39
2026-10-03T00:07:22Z	2820	10251	60	196.60	98	100	9291	12282	0x0000000000000400	256	79	177	39007972	356	173348	278816	1501860	2.39
2026-10-03T00:07:23Z	2820	10251	60	196.31	99	100	9291	12282	0x0000000000000400	256	79	177	38990960	356	173348	278844	1501796	2.39
2026-10-03T00:07:24Z	2820	10251	59	183.69	99	100	9291	12282	0x0000000000000400	256	79	177	38966032	356	173348	278272	1501796	2.36
2026-10-03T00:07:25Z	2820	10251	59	181.64	99	100	9291	12282	0x0000000000000400	256	79	177	39005884	356	173348	278348	1501796	2.36
2026-10-03T00:07:27Z	2820	10251	59	181.20	99	100	9291	12282	0x0000000000000400	256	79	177	39006936	356	173348	278912	1501796	2.36
2026-10-03T00:07:28Z	2820	10251	59	181.75	98	100	9291	12282	0x0000000000000400	256	79	177	38990852	356	173348	278520	1501796	2.36
2026-10-03T00:07:29Z	2820	10251	59	181.97	98	100	9291	12282	0x0000000000000400	256	79	177	39011360	356	173348	278424	1501796	2.36
2026-10-03T00:07:30Z	2820	10251	59	182.10	99	100	9291	12282	0x0000000000000400	256	79	177	39060072	356	173348	279016	1501796	2.33
2026-10-03T00:07:31Z	2820	10251	59	180.90	98	100	9291	12282	0x0000000000000400	256	79	177	39039532	356	173348	278188	1501828	2.33
2026-10-03T00:07:32Z	2820	10251	59	182.43	99	100	9291	12282	0x0000000000000400	256	79	177	39007028	356	173348	279040	1501796	2.33
2026-10-03T00:07:33Z	2820	10251	59	182.80	99	100	9291	12282	0x0000000000000400	256	79	177	38992272	356	173348	278744	1501796	2.33
2026-10-03T00:07:34Z	2820	10251	59	182.71	99	100	9291	12282	0x0000000000000400	256	79	177	38990248	356	173348	278404	1501796	2.22
2026-10-03T00:07:35Z	2820	10251	59	182.13	98	100	9291	12282	0x0000000000000400	256	79	177	38997392	356	173348	278528	1501796	2.22
2026-10-03T00:07:36Z	2820	10251	59	183.55	99	100	9291	12282	0x0000000000000400	256	79	177	38994808	356	173348	278192	1501796	2.22
2026-10-03T00:07:37Z	2820	10251	59	183.61	99	100	9291	12282	0x0000000000000400	256	79	177	38971572	356	173348	278596	1501796	2.22
2026-10-03T00:07:38Z	2820	10251	59	183.27	98	100	9291	12282	0x0000000000000400	256	79	177	39021192	356	173348	278864	1501784	2.22
2026-10-03T00:07:39Z	2820	10251	59	183.37	99	100	9291	12282	0x0000000000000400	256	79	177	38987088	356	173348	278296	1501784	2.20
2026-10-03T00:07:40Z	2820	10251	59	183.55	99	100	9291	12282	0x0000000000000400	256	79	177	39135468	356	173348	277176	1501784	2.20
2026-10-03T00:07:41Z	2820	10251	59	184.13	99	100	9291	12282	0x0000000000000400	256	79	177	39106660	356	173348	277644	1501720	2.20
2026-10-03T00:07:42Z	2820	10251	59	183.58	99	100	9291	12282	0x0000000000000400	256	79	177	39095780	356	173348	277264	1501720	2.20
2026-10-03T00:07:43Z	2820	10251	59	183.41	98	100	9291	12282	0x0000000000000400	256	79	177	39082664	356	173348	277152	1501712	2.20
2026-10-03T00:07:45Z	2820	10251	59	183.72	99	100	9291	12282	0x0000000000000400	256	79	177	39078176	356	173348	277760	1501776	2.19
2026-10-03T00:07:46Z	2820	10251	59	184.41	99	100	9291	12282	0x0000000000000400	256	79	177	39074680	356	173348	277440	1501776	2.19
2026-10-03T00:07:47Z	2820	10251	59	183.65	99	100	9291	12282	0x0000000000000400	256	79	177	39030556	356	173348	277880	1501712	2.19
2026-10-03T00:07:48Z	2820	10251	59	183.95	99	100	9291	12282	0x0000000000000400	256	79	177	39013456	356	173348	277948	1501772	2.19
2026-10-03T00:07:49Z	2820	10251	59	183.79	99	100	9291	12282	0x0000000000000400	256	79	177	39005596	356	173348	278616	1501772	2.19
2026-10-03T00:07:50Z	2820	10251	59	184.47	99	100	9291	12282	0x0000000000000400	256	79	177	38997644	356	173348	277880	1501772	2.65
2026-10-03T00:07:51Z	2820	10251	59	184.47	98	100	9291	12282	0x0000000000000400	256	79	177	39015884	356	173348	277512	1501772	2.65
2026-10-03T00:07:52Z	2820	10251	59	184.70	98	100	9291	12282	0x0000000000000400	256	79	177	38998484	356	173348	278216	1501704	2.65
2026-10-03T00:07:53Z	2820	10251	59	184.96	99	100	9291	12282	0x0000000000000400	256	79	177	39029848	356	173348	277476	1501704	2.65
2026-10-03T00:07:54Z	2820	10251	59	184.87	99	100	9291	12282	0x0000000000000400	256	79	177	39025208	356	173348	277672	1501704	2.68
2026-10-03T00:07:55Z	2820	10251	59	184.88	99	100	9291	12282	0x0000000000000400	256	79	177	39011780	356	173348	277160	1501704	2.68
2026-10-03T00:07:56Z	2820	10251	59	185.38	99	100	9291	12282	0x0000000000000400	256	79	177	38993832	356	173348	277508	1501768	2.68
2026-10-03T00:07:57Z	2820	10251	59	185.64	99	100	9291	12282	0x0000000000000400	256	79	177	38970744	356	173348	277360	1501768	2.68
2026-10-03T00:07:58Z	2820	10251	59	183.88	90	95	9291	12282	0x0000000000000400	256	79	177	38967652	356	173348	277944	1501768	2.68
2026-10-03T00:07:59Z	2820	10251	57	178.32	90	94	9291	12282	0x0000000000000400	256	79	177	38966132	356	173348	277760	1501768	2.71
2026-10-03T00:08:00Z	2820	10251	59	179.52	98	100	9291	12282	0x0000000000000400	256	79	177	38993412	356	173348	277880	1501768	2.71
2026-10-03T00:08:01Z	2820	10251	59	185.59	98	100	9291	12282	0x0000000000000400	256	79	177	38978836	356	173348	278792	1501768	2.71
2026-10-03T00:08:02Z	2820	10251	59	185.18	98	100	9311	12282	0x0000000000000400	256	79	177	38914576	356	173348	278420	1501768	2.71
2026-10-03T00:08:04Z	2820	10251	59	184.19	99	100	9312	12282	0x0000000000000400	256	79	177	38797620	356	173348	277972	1501768	2.71
2026-10-03T00:08:05Z	2820	10251	59	185.79	98	100	9307	12282	0x0000000000000400	256	79	177	38769676	356	173348	277844	1501768	2.65
2026-10-03T00:08:06Z	2820	10251	59	186.09	99	100	9307	12282	0x0000000000000400	256	79	177	38777044	356	173348	277292	1501704	2.65
2026-10-03T00:08:07Z	2820	10251	59	185.35	98	100	9307	12282	0x0000000000000400	256	79	177	38934900	356	173348	278020	1501704	2.65
2026-10-03T00:08:08Z	2820	10251	59	185.63	99	100	9308	12282	0x0000000000000400	256	79	177	38999912	356	173348	277692	1501768	2.65
2026-10-03T00:08:09Z	2820	10251	59	186.69	99	100	9295	12282	0x0000000000000400	256	79	177	38998976	356	173348	278044	1501768	2.65
2026-10-03T00:08:10Z	2820	10251	59	186.49	99	100	9295	12282	0x0000000000000400	256	79	177	39008112	356	173348	277576	1501768	2.60
2026-10-03T00:08:11Z	2820	10251	59	186.21	99	100	9295	12282	0x0000000000000400	256	79	177	39017992	356	173348	277948	1501768	2.60
2026-10-03T00:08:12Z	2820	10251	59	186.32	96	99	9295	12282	0x0000000000000400	256	79	177	38997312	356	173348	278268	1501768	2.60
2026-10-03T00:08:13Z	2820	10251	59	187.40	99	100	9291	12282	0x0000000000000400	256	79	177	38969904	356	173348	277260	1501768	2.60
2026-10-03T00:08:14Z	2820	10251	59	187.12	99	100	9291	12282	0x0000000000000400	256	79	177	38982612	356	173348	277732	1501768	2.71
2026-10-03T00:08:15Z	2820	10251	59	186.92	98	100	9291	12282	0x0000000000000400	256	79	177	38917388	356	173348	278368	1501768	2.71
2026-10-03T00:08:16Z	2820	10251	59	187.17	99	100	9291	12282	0x0000000000000400	256	79	177	38975124	356	173348	277660	1501768	2.71
2026-10-03T00:08:17Z	2820	10251	59	187.29	99	100	9291	12282	0x0000000000000400	256	79	177	39023244	356	173348	277936	1501768	2.71
2026-10-03T00:08:18Z	2820	10251	59	187.40	98	100	9291	12282	0x0000000000000400	256	79	177	39062304	356	173348	277244	1501704	2.71
2026-10-03T00:08:19Z	2820	10251	59	187.59	98	100	9291	12282	0x0000000000000400	256	79	177	39109832	356	173348	278516	1501768	2.73
2026-10-03T00:08:20Z	2820	10251	59	187.31	99	100	9291	12282	0x0000000000000400	256	79	177	39063820	356	173348	277716	1501768	2.73
2026-10-03T00:08:21Z	2820	10251	59	187.60	99	100	9291	12282	0x0000000000000400	256	79	177	39029932	356	173348	277296	1501768	2.73
2026-10-03T00:08:23Z	2820	10251	59	187.92	99	100	9291	12282	0x0000000000000400	256	79	177	39074868	356	173348	277408	1501800	2.73
2026-10-03T00:08:24Z	2820	10251	59	188.06	98	100	9291	12282	0x0000000000000400	256	79	177	39037760	356	173348	277956	1501768	2.73
2026-10-03T00:08:25Z	2820	10251	59	187.90	99	100	9291	12282	0x0000000000000400	256	79	177	39029704	356	173348	277964	1501768	2.67
2026-10-03T00:08:26Z	2820	10251	59	187.93	98	100	9291	12282	0x0000000000000400	256	79	177	39026212	356	173348	278100	1501768	2.67
2026-10-03T00:08:27Z	2820	10251	59	187.23	99	100	9312	12282	0x0000000000000400	256	79	177	39024756	356	173348	277488	1501768	2.67
2026-10-03T00:08:28Z	2820	10251	59	188.47	99	100	9299	12282	0x0000000000000400	256	79	177	39042052	356	173348	277544	1501768	2.67
2026-10-03T00:08:29Z	2820	10251	59	188.59	98	100	9299	12282	0x0000000000000400	256	79	177	39076288	356	173348	277936	1501704	2.67
2026-10-03T00:08:30Z	2820	10251	59	188.34	99	100	9299	12282	0x0000000000000400	256	79	177	39094092	356	173348	277852	1501768	2.70
2026-10-03T00:08:31Z	2820	10251	59	187.40	99	100	9316	12282	0x0000000000000400	256	79	177	39057344	356	173348	277664	1501704	2.70
2026-10-03T00:08:32Z	2820	10251	59	189.65	99	100	9312	12282	0x0000000000000400	256	79	177	39076208	356	173348	277796	1501704	2.70
2026-10-03T00:08:33Z	2820	10251	59	189.25	97	100	9308	12282	0x0000000000000400	256	79	177	39026992	356	173348	278376	1501704	2.70
2026-10-03T00:08:34Z	2820	10251	59	189.15	98	100	9308	12282	0x0000000000000400	256	79	177	39040120	356	173348	277700	1501768	2.72
2026-10-03T00:08:35Z	2820	10251	59	188.46	99	100	9308	12282	0x0000000000000400	256	79	177	39010104	356	173348	277836	1501800	2.72
2026-10-03T00:08:36Z	2820	10251	59	189.18	98	100	9291	12282	0x0000000000000400	256	79	177	39033116	356	173348	277784	1501768	2.72
2026-10-03T00:08:37Z	2820	10251	59	189.90	99	100	9291	12282	0x0000000000000400	256	79	177	39030992	356	173348	277604	1501768	2.72
2026-10-03T00:08:38Z	2820	10251	59	189.81	99	100	9291	12282	0x0000000000000400	256	79	177	39044864	356	173348	279316	1501768	2.72
2026-10-03T00:08:39Z	2820	10251	59	188.22	99	100	9293	12282	0x0000000000000400	256	79	177	39046840	356	173348	277988	1501768	2.67
2026-10-03T00:08:41Z	2820	10251	59	189.41	99	100	9293	12282	0x0000000000000400	256	79	177	39051568	356	173348	278408	1501768	2.67
2026-10-03T00:08:42Z	2820	10251	59	189.98	99	100	9293	12282	0x0000000000000400	256	79	177	39018764	356	173348	279224	1501768	2.67
2026-10-03T00:08:43Z	2820	10251	59	189.51	99	100	9293	12282	0x0000000000000400	256	79	177	38969860	356	173348	278344	1501768	2.67
2026-10-03T00:08:44Z	2820	10251	59	189.78	99	100	9293	12282	0x0000000000000400	256	79	177	38974820	356	173348	278380	1501768	2.67
2026-10-03T00:08:45Z	2820	10251	59	189.85	99	100	9292	12282	0x0000000000000400	256	79	177	39007448	356	173348	278320	1501768	2.69
2026-10-03T00:08:46Z	2820	10251	59	189.84	99	100	9292	12282	0x0000000000000400	256	79	177	39173700	356	173348	276544	1501768	2.69
2026-10-03T00:08:47Z	2820	10251	59	190.13	99	100	9292	12282	0x0000000000000400	256	79	177	39168244	356	173348	276464	1501704	2.69
2026-10-03T00:08:48Z	2820	10251	59	190.39	99	100	9292	12282	0x0000000000000400	256	79	177	39068136	356	173348	276536	1501704	2.69
2026-10-03T00:08:49Z	2820	10251	59	190.74	99	100	9292	12282	0x0000000000000400	256	79	177	39091660	356	173348	277804	1501692	3.60
2026-10-03T00:08:50Z	2820	10251	59	190.62	99	100	9292	12282	0x0000000000000400	256	79	177	39122308	356	173348	276960	1501756	3.60
2026-10-03T00:08:51Z	2820	10251	59	190.47	99	100	9292	12282	0x0000000000000400	256	79	177	39163180	356	173348	276984	1501756	3.60
2026-10-03T00:08:52Z	2820	10251	59	191.17	99	100	9292	12282	0x0000000000000400	256	79	177	39176020	356	173348	276416	1501756	3.60
2026-10-03T00:08:53Z	2820	10251	59	191.55	99	100	9292	12282	0x0000000000000400	256	79	177	39186328	356	173348	276548	1501756	3.60
2026-10-03T00:08:54Z	2820	10251	59	190.97	99	100	9292	12282	0x0000000000000400	256	79	177	39222296	356	173348	276600	1501692	3.47
2026-10-03T00:08:55Z	2820	10251	59	190.99	99	100	9292	12282	0x0000000000000400	256	79	177	39245240	356	173348	276444	1501692	3.47
2026-10-03T00:08:56Z	2820	10251	59	191.74	99	100	9292	12282	0x0000000000000400	256	79	177	39217520	356	173348	276040	1501692	3.47
2026-10-03T00:08:57Z	2820	10251	59	192.17	99	100	9292	12282	0x0000000000000400	256	79	177	39193136	356	173348	276528	1501692	3.47
2026-10-03T00:08:58Z	2820	10251	59	191.59	99	100	9292	12282	0x0000000000000400	256	79	177	39209176	356	173348	276072	1501692	3.47
2026-10-03T00:09:00Z	2820	10251	59	191.17	99	100	9292	12282	0x0000000000000400	256	79	177	39189108	356	173348	276156	1501692	3.51
2026-10-03T00:09:01Z	2820	10251	60	192.43	99	100	9292	12282	0x0000000000000400	256	79	177	39187752	356	173348	276796	1501692	3.51
2026-10-03T00:09:02Z	2820	10251	59	192.62	99	100	9292	12282	0x0000000000000400	256	79	177	39213188	356	173348	276536	1501724	3.51
2026-10-03T00:09:03Z	2820	10251	59	191.85	99	100	9292	12282	0x0000000000000400	256	79	177	39190680	356	173348	276192	1501756	3.51
2026-10-03T00:09:04Z	2820	10251	59	192.34	99	100	9292	12282	0x0000000000000400	256	79	177	39176048	356	173348	276768	1501752	3.51
2026-10-03T00:09:05Z	2820	10251	59	192.38	99	100	9292	12282	0x0000000000000400	256	79	177	39138360	356	173348	279228	1501688	3.79
2026-10-03T00:09:06Z	2820	10251	59	192.55	99	100	9292	12282	0x0000000000000400	256	79	177	39163128	356	173348	278824	1501684	3.79
2026-10-03T00:09:07Z	2820	10251	59	192.33	99	100	9292	12282	0x0000000000000400	256	79	177	39124364	356	173348	279092	1501748	3.79
2026-10-03T00:09:08Z	2820	10251	60	192.45	99	100	9292	12282	0x0000000000000400	256	79	177	39147748	356	173348	276108	1501748	3.79
2026-10-03T00:09:09Z	2820	10251	60	192.84	99	100	9292	12282	0x0000000000000400	256	79	177	39137820	356	173348	276228	1501748	3.81
2026-10-03T00:09:10Z	2820	10251	59	193.29	99	100	9292	12282	0x0000000000000400	256	79	177	39151784	356	173348	275808	1501684	3.81
2026-10-03T00:09:11Z	2820	10251	60	192.68	98	100	9292	12282	0x0000000000000400	256	79	177	39155312	356	173348	276116	1501684	3.81
2026-10-03T00:09:12Z	2820	10251	59	192.73	99	100	9313	12282	0x0000000000000400	256	79	177	39191144	356	173348	275920	1501684	3.81
2026-10-03T00:09:13Z	2820	10251	59	193.59	99	100	9313	12282	0x0000000000000400	256	79	177	39191720	356	173348	276260	1501684	3.81
2026-10-03T00:09:14Z	2820	10251	60	192.98	99	100	9308	12282	0x0000000000000400	256	79	177	39160012	356	173348	276056	1501684	3.74
2026-10-03T00:09:15Z	2820	10251	60	193.19	99	100	9310	12282	0x0000000000000400	256	79	177	39143268	356	173348	278392	1501748	3.74
2026-10-03T00:09:16Z	2820	10251	60	193.55	99	100	9308	12282	0x0000000000000400	256	79	177	39110216	356	173348	277296	1501812	3.74
2026-10-03T00:09:17Z	2820	10251	59	193.66	98	100	9308	12282	0x0000000000000400	256	79	177	39104544	356	173348	277696	1501748	3.74
2026-10-03T00:09:18Z	2820	10251	60	192.90	99	100	9296	12282	0x0000000000000400	256	79	177	39089692	356	173348	276372	1501668	3.74
2026-10-03T00:09:20Z	2820	10251	60	194.01	99	100	9292	12282	0x0000000000000400	256	79	177	39121888	356	173348	277084	1501732	3.93
2026-10-03T00:09:21Z	2820	10251	60	194.20	99	100	9292	12282	0x0000000000000400	256	79	177	39109472	356	173348	276568	1501732	3.93
2026-10-03T00:09:22Z	2820	10251	60	193.91	99	100	9292	12282	0x0000000000000400	256	79	177	39121860	356	173348	277584	1502436	3.93
2026-10-03T00:09:23Z	2820	10251	60	193.93	99	100	9292	12282	0x0000000000000400	256	79	177	39176772	356	173348	276568	1501892	3.93
2026-10-03T00:09:24Z	2820	10251	60	194.01	99	100	9292	12282	0x0000000000000400	256	79	177	39173628	356	173348	276728	1501828	3.93
2026-10-03T00:09:25Z	2820	10251	60	194.80	99	100	9292	12282	0x0000000000000400	256	79	177	39141500	356	173348	276748	1501828	3.85
2026-10-03T00:09:26Z	2820	10251	60	194.89	99	100	9292	12282	0x0000000000000400	256	79	177	39153684	356	173348	276476	1501828	3.85
2026-10-03T00:09:27Z	2820	10251	60	194.35	99	100	9292	12282	0x0000000000000400	256	79	177	39165956	356	173348	275964	1501828	3.85
2026-10-03T00:09:28Z	2820	10251	60	193.91	99	99	9292	12282	0x0000000000000400	256	79	177	39174864	356	173348	276428	1501828	3.85
2026-10-03T00:09:29Z	2820	10251	60	195.51	99	100	9292	12282	0x0000000000000400	256	79	177	39190928	356	173348	276276	1501828	3.70
2026-10-03T00:09:30Z	2820	10251	60	195.26	99	100	9292	12282	0x0000000000000400	256	79	177	39182144	356	173348	276160	1501828	3.70
2026-10-03T00:09:31Z	2820	10251	60	194.82	99	100	9293	12282	0x0000000000000400	256	79	177	39153704	356	173348	276128	1501828	3.70
2026-10-03T00:09:32Z	2820	10251	60	195.48	99	100	9293	12282	0x0000000000000400	256	79	177	39182788	356	173348	276100	1501828	3.70
2026-10-03T00:09:33Z	2820	10251	60	195.64	99	100	9293	12282	0x0000000000000400	256	79	177	39166524	356	173348	276036	1501764	3.70
2026-10-03T00:09:34Z	2820	10251	60	195.33	99	100	9293	12282	0x0000000000000400	256	79	177	39123360	356	173348	276444	1501828	3.57
2026-10-03T00:09:35Z	2820	10251	60	195.72	99	100	9293	12282	0x0000000000000400	256	79	177	39111680	356	173348	275800	1501828	3.57
2026-10-03T00:09:36Z	2820	10251	60	195.92	99	100	9292	12282	0x0000000000000400	256	79	177	39126232	356	173348	275804	1501828	3.57
2026-10-03T00:09:37Z	2820	10251	60	196.04	99	100	9292	12282	0x0000000000000400	256	79	177	39135712	356	173348	276216	1501828	3.57
2026-10-03T00:09:38Z	2820	10251	60	195.78	99	100	9292	12282	0x0000000000000400	256	79	177	39151548	356	173348	276272	1501828	3.57
2026-10-03T00:09:40Z	2820	10251	60	196.43	99	100	9292	12282	0x0000000000000400	256	79	177	39156692	356	173348	276844	1501828	3.36
2026-10-03T00:09:41Z	2820	10251	60	196.57	99	100	9292	12282	0x0000000000000400	256	79	177	39171792	356	173348	277360	1501828	3.36
2026-10-03T00:09:42Z	2820	10251	60	195.91	99	100	9292	12282	0x0000000000000400	256	79	177	39150772	356	173348	277280	1501844	3.36
2026-10-03T00:09:43Z	2820	10251	60	195.66	99	100	9292	12282	0x0000000000000400	256	79	177	39160832	356	173348	277004	1501828	3.36
2026-10-03T00:09:44Z	2820	10251	60	196.87	99	100	9292	12282	0x0000000000000400	256	79	177	39145280	356	173348	276264	1501828	3.36
2026-10-03T00:09:45Z	2820	10251	60	196.82	99	100	9292	12282	0x0000000000000400	256	79	177	39146428	356	173348	276036	1501828	3.17
2026-10-03T00:09:46Z	2820	10251	60	196.83	99	100	9292	12282	0x0000000000000400	256	79	177	39142048	356	173348	276008	1501828	3.17
2026-10-03T00:09:47Z	2820	10251	60	196.40	99	100	9292	12282	0x0000000000000400	256	79	177	39131720	356	173348	275416	1501828	3.17
2026-10-03T00:09:48Z	2820	10251	60	196.78	99	100	9292	12282	0x0000000000000400	256	79	177	39138904	356	173348	276228	1501828	3.17
2026-10-03T00:09:49Z	2820	10251	60	197.01	99	100	9292	12282	0x0000000000000400	256	79	177	39114508	356	173348	275988	1501828	3.08
2026-10-03T00:09:50Z	2820	10251	60	197.10	99	100	9292	12282	0x0000000000000400	256	79	177	39132760	356	173348	275732	1501924	3.08
2026-10-03T00:09:51Z	2820	10251	60	196.78	99	100	9292	12282	0x0000000000000400	256	79	177	39133200	356	173348	275812	1501892	3.08
2026-10-03T00:09:52Z	2820	10251	58	188.41	99	100	9292	12282	0x0000000000000400	256	79	177	39076440	356	173348	275568	1501956	3.08
2026-10-03T00:09:53Z	2820	10251	58	172.39	100	91	9292	12282	0x0000000000000400	256	79	177	39053696	356	173348	276268	1501956	3.08
2026-10-03T00:09:54Z	2820	10251	58	172.35	98	100	9292	12282	0x0000000000000400	256	79	177	39108600	356	173348	275428	1501956	3.15
2026-10-03T00:09:55Z	2820	10251	58	172.31	99	100	9292	12282	0x0000000000000400	256	79	177	39068156	356	173348	275364	1501956	3.15
2026-10-03T00:09:56Z	2820	10251	58	174.59	99	100	9292	12282	0x0000000000000400	256	79	177	39058412	356	173348	275944	1501888	3.15
2026-10-03T00:09:57Z	2820	10251	58	175.24	99	100	9292	12282	0x0000000000000400	256	79	177	39014176	356	173348	275512	1501888	3.15
2026-10-03T00:09:59Z	2820	10251	58	175.09	99	100	9292	12282	0x0000000000000400	256	79	177	39004208	356	173348	276440	1501888	3.15
2026-10-03T00:10:00Z	2820	10251	58	174.93	99	100	9292	12282	0x0000000000000400	256	79	177	39040672	356	173348	275752	1501888	2.98
2026-10-03T00:10:01Z	2820	10251	58	172.07	96	92	9292	12282	0x0000000000000400	256	79	177	39055516	356	173348	275712	1502912	2.98
2026-10-03T00:10:02Z	2820	10251	58	176.72	100	93	9292	12282	0x0000000000000400	256	79	177	39045016	356	173348	276632	1502672	2.98
2026-10-03T00:10:03Z	2820	10251	58	175.42	99	100	9292	12282	0x0000000000000400	256	79	177	39002292	356	173348	276248	1501904	2.98
2026-10-03T00:10:04Z	2820	10251	58	174.78	99	100	9292	12282	0x0000000000000400	256	79	177	39003564	356	173348	275592	1501888	2.98
2026-10-03T00:10:05Z	2820	10251	58	174.77	99	100	9292	12282	0x0000000000000400	256	79	177	38996840	356	173348	275256	1501888	2.82
2026-10-03T00:10:06Z	2820	10251	58	174.42	99	100	9292	12282	0x0000000000000400	256	79	177	38973620	356	173348	275544	1501888	2.82
2026-10-03T00:10:07Z	2820	10251	58	171.68	73	76	9292	12282	0x0000000000000400	256	79	177	38977840	356	173348	276424	1501888	2.82
2026-10-03T00:10:08Z	2820	10251	58	175.78	100	93	9292	12282	0x0000000000000400	256	79	177	39011060	356	173348	275824	1501888	2.82
2026-10-03T00:10:09Z	2820	10251	58	178.50	96	88	9292	12282	0x0000000000000400	256	79	177	38975552	356	173348	275896	1501884	2.83
2026-10-03T00:10:10Z	2820	10251	59	180.61	97	87	9292	12282	0x0000000000000400	256	79	177	38938352	356	173348	276572	1501884	2.83
2026-10-03T00:10:11Z	2820	10251	59	182.25	97	86	9292	12282	0x0000000000000400	256	79	177	38961584	356	173348	277104	1501884	2.83
2026-10-03T00:10:12Z	2820	10251	58	182.03	99	100	9292	12282	0x0000000000000400	256	79	177	38976440	356	173348	275932	1501884	2.83
2026-10-03T00:10:13Z	2820	10251	59	183.07	99	100	9292	12282	0x0000000000000400	256	79	177	39024444	356	173348	275452	1501884	2.83
2026-10-03T00:10:14Z	2820	10251	59	183.54	99	100	9292	12282	0x0000000000000400	256	79	177	39032100	356	173348	275684	1501884	2.77
2026-10-03T00:10:15Z	2820	10251	59	183.48	99	100	9292	12282	0x0000000000000400	256	79	177	39025724	356	173348	275828	1501884	2.77
2026-10-03T00:10:16Z	2820	10251	59	183.52	99	100	9292	12282	0x0000000000000400	256	79	177	39021880	356	173348	276196	1501884	2.77
2026-10-03T00:10:17Z	2820	10251	59	183.55	99	100	9292	12282	0x0000000000000400	256	79	177	38976208	356	173348	276920	1501884	2.77
2026-10-03T00:10:19Z	2820	10251	59	184.20	99	100	9292	12282	0x0000000000000400	256	79	177	38983272	356	173348	276332	1501884	2.77
2026-10-03T00:10:20Z	2820	10251	59	184.13	99	100	9292	12282	0x0000000000000400	256	79	177	38953796	356	173348	275900	1501884	2.71
2026-10-03T00:10:21Z	2820	10251	59	184.19	99	100	9292	12282	0x0000000000000400	256	79	177	38983856	356	173348	276028	1501820	2.71
2026-10-03T00:10:22Z	2820	10251	59	183.68	99	100	9292	12282	0x0000000000000400	256	79	177	38987996	356	173348	275360	1501820	2.71
2026-10-03T00:10:23Z	2820	10251	59	184.35	99	100	9292	12282	0x0000000000000400	256	79	177	38999252	356	173348	275572	1501820	2.71
2026-10-03T00:10:24Z	2820	10251	59	184.48	99	100	9292	12282	0x0000000000000400	256	79	177	39031168	356	173348	275520	1501820	2.71
2026-10-03T00:10:25Z	2820	10251	59	184.38	99	100	9292	12282	0x0000000000000400	256	79	177	39033108	356	173348	276440	1501820	2.57
2026-10-03T00:10:26Z	2820	10251	59	184.07	99	100	9292	12282	0x0000000000000400	256	79	177	39134352	356	173348	276108	1501916	2.57
2026-10-03T00:10:27Z	2820	10251	59	184.60	99	100	9292	12282	0x0000000000000400	256	79	177	39113060	356	173348	275980	1501948	2.57
2026-10-03T00:10:28Z	2820	10251	58	184.72	99	100	9292	12282	0x0000000000000400	256	79	177	39016492	356	173348	275648	1502012	2.57
2026-10-03T00:10:29Z	2820	10251	59	184.73	99	100	9292	12282	0x0000000000000400	256	79	177	39011776	356	173348	275460	1501948	2.44
2026-10-03T00:10:30Z	2820	10251	59	184.50	96	100	9292	12282	0x0000000000000400	256	79	177	39002152	356	173348	275556	1501948	2.44
2026-10-03T00:10:31Z	2820	10251	59	185.36	99	100	9293	12282	0x0000000000000400	256	79	177	39039932	356	173348	275816	1501980	2.44
2026-10-03T00:10:32Z	2820	10251	59	185.05	99	100	9313	12282	0x0000000000000400	256	79	177	39081976	356	173348	275368	1501948	2.44
2026-10-03T00:10:33Z	2820	10251	59	185.53	99	100	9308	12282	0x0000000000000400	256	79	177	39074868	356	173348	275580	1501948	2.44
2026-10-03T00:10:34Z	2820	10251	59	184.96	99	100	9308	12282	0x0000000000000400	256	79	177	39055644	356	173348	275316	1501948	2.33
2026-10-03T00:10:35Z	2820	10251	59	186.03	99	100	9308	12282	0x0000000000000400	256	79	177	39044388	356	173348	275200	1501948	2.33
2026-10-03T00:10:36Z	2820	10251	59	186.20	99	100	9292	12282	0x0000000000000400	256	79	177	39081716	356	173348	276088	1501948	2.33
2026-10-03T00:10:37Z	2820	10251	59	186.02	99	100	9292	12282	0x0000000000000400	256	79	177	39076408	356	173348	275156	1501948	2.33
2026-10-03T00:10:39Z	2820	10251	59	186.39	99	100	9292	12282	0x0000000000000400	256	79	177	39102380	356	173348	275732	1501948	2.33
2026-10-03T00:10:40Z	2820	10251	59	186.34	99	100	9292	12282	0x0000000000000400	256	79	177	39118444	356	173348	276112	1501948	2.22
2026-10-03T00:10:41Z	2820	10251	59	186.87	99	100	9292	12282	0x0000000000000400	256	79	177	39121940	356	173348	277044	1501948	2.22
2026-10-03T00:10:42Z	2820	10251	59	186.95	99	100	9292	12282	0x0000000000000400	256	79	177	39103868	356	173348	277480	1501948	2.22
2026-10-03T00:10:43Z	2820	10251	59	186.89	99	100	9292	12282	0x0000000000000400	256	79	177	39105640	356	173348	275680	1501948	2.22
2026-10-03T00:10:44Z	2820	10251	59	186.17	99	100	9292	12282	0x0000000000000400	256	79	177	39106532	356	173348	276572	1501948	2.22
2026-10-03T00:10:45Z	2820	10251	59	186.04	99	100	9292	12282	0x0000000000000400	256	79	177	39100584	356	173348	276092	1501948	2.36
2026-10-03T00:10:46Z	2820	10251	59	187.16	99	100	9292	12282	0x0000000000000400	256	79	177	39086580	356	173348	276176	1501948	2.36
2026-10-03T00:10:47Z	2820	10251	59	186.85	99	100	9292	12282	0x0000000000000400	256	79	177	39071776	356	173348	276016	1501948	2.36
2026-10-03T00:10:48Z	2820	10251	59	186.52	99	100	9292	12282	0x0000000000000400	256	79	177	39067780	356	173348	276864	1501948	2.36
2026-10-03T00:10:49Z	2820	10251	59	187.54	99	100	9292	12282	0x0000000000000400	256	79	177	39065984	356	173348	275864	1501948	2.33
2026-10-03T00:10:50Z	2820	10251	59	187.52	99	100	9292	12282	0x0000000000000400	256	79	177	39063132	356	173348	276804	1501916	2.33
2026-10-03T00:10:51Z	2820	10251	59	187.50	99	100	9292	12282	0x0000000000000400	256	79	177	39043008	356	173348	276648	1501916	2.33
2026-10-03T00:10:52Z	2820	10251	59	187.15	99	100	9292	12282	0x0000000000000400	256	79	177	39059120	356	173348	275972	1501916	2.33
2026-10-03T00:10:53Z	2820	10251	59	187.87	99	100	9292	12282	0x0000000000000400	256	79	177	39114960	356	173348	276836	1501916	2.33
2026-10-03T00:10:54Z	2820	10251	59	187.88	99	100	9292	12282	0x0000000000000400	256	79	177	39127444	356	173348	276620	1501916	2.39
2026-10-03T00:10:55Z	2820	10251	59	187.29	99	100	9292	12282	0x0000000000000400	256	79	177	39021376	356	173348	278700	1501916	2.39
2026-10-03T00:10:56Z	2820	10251	59	185.95	98	100	9292	12282	0x0000000000000400	256	79	177	38889692	356	173348	280756	1501916	2.39
2026-10-03T00:10:58Z	2820	10251	59	186.80	98	100	9292	12282	0x0000000000000400	256	79	177	38800180	356	173348	279984	1501916	2.39
2026-10-03T00:10:59Z	2820	10251	59	186.39	98	100	9292	12282	0x0000000000000400	256	79	177	38727092	356	173348	280384	1501916	2.39
2026-10-03T00:11:00Z	2820	10251	59	186.34	97	100	9292	12282	0x0000000000000400	256	79	177	38725736	356	173348	280396	1501916	5.64
2026-10-03T00:11:01Z	2820	10251	59	186.46	98	100	9292	12282	0x0000000000000400	256	79	177	38600512	356	173348	280516	1502268	5.64
2026-10-03T00:11:02Z	2820	10251	59	181.85	97	100	9292	12282	0x0000000000000400	256	79	177	38638924	356	173348	280504	1502012	5.64
2026-10-03T00:11:03Z	2820	10251	59	182.25	97	100	9292	12282	0x0000000000000400	256	79	177	38542888	356	173348	280592	1502012	5.64
2026-10-03T00:11:04Z	2820	10251	59	174.56	95	100	9292	12282	0x0000000000000400	256	79	177	38566504	356	173348	280696	1501980	6.55
2026-10-03T00:11:05Z	2820	10251	59	178.91	97	100	9292	12282	0x0000000000000400	256	79	177	38665664	356	173348	280388	1501980	6.55
2026-10-03T00:11:06Z	2820	10251	59	183.97	97	100	9292	12282	0x0000000000000400	256	79	177	38651112	356	173348	280932	1501916	6.55
2026-10-03T00:11:07Z	2820	10251	59	186.68	97	100	9292	12282	0x0000000000000400	256	79	177	38658680	356	173348	280400	1501916	6.55
2026-10-03T00:11:08Z	2820	10251	59	186.90	97	100	9292	12282	0x0000000000000400	256	79	177	38547200	356	173348	280552	1501884	6.55
2026-10-03T00:11:09Z	2820	10251	59	186.72	97	100	9292	12282	0x0000000000000400	256	79	177	38505032	356	173348	280292	1502044	11.55
2026-10-03T00:11:10Z	2820	10251	59	186.27	96	100	9292	12282	0x0000000000000400	256	79	177	38622824	356	173348	279516	1502044	11.55
2026-10-03T00:11:11Z	2820	10251	59	186.83	97	100	9292	12282	0x0000000000000400	256	79	177	38605824	356	173348	280060	1502012	11.55
2026-10-03T00:11:13Z	2820	10251	59	187.31	97	100	9292	12282	0x0000000000000400	256	79	177	38623796	356	173348	281096	1502012	11.55
2026-10-03T00:11:14Z	2820	10251	59	187.39	97	100	9297	12282	0x0000000000000400	256	79	177	38662540	356	173348	280392	1502012	11.55
2026-10-03T00:11:15Z	2820	10251	59	186.79	97	100	9296	12282	0x0000000000000400	256	79	177	38577756	356	173348	280236	1502012	11.91
2026-10-03T00:11:16Z	2820	10251	59	186.87	96	100	9296	12282	0x0000000000000400	256	79	177	38539684	356	173348	281296	1502012	11.91
2026-10-03T00:11:17Z	2820	10251	59	188.01	97	100	9296	12282	0x0000000000000400	256	79	177	38543052	356	173348	281200	1502012	11.91
2026-10-03T00:11:18Z	2820	10251	59	188.01	97	100	9296	12282	0x0000000000000400	256	79	177	38529424	356	173348	280652	1502012	11.91
2026-10-03T00:11:19Z	2820	10251	59	188.31	96	100	9297	12282	0x0000000000000400	256	79	177	38532444	356	173348	280692	1501980	14.88
2026-10-03T00:11:20Z	2820	10251	59	187.68	97	100	9295	12282	0x0000000000000400	256	79	177	38631360	356	173348	281284	1501980	14.88
2026-10-03T00:11:21Z	2820	10251	59	188.50	96	100	9295	12282	0x0000000000000400	256	79	177	38555684	356	173348	280872	1501980	14.88
2026-10-03T00:11:22Z	2820	10251	59	188.78	96	100	9295	12282	0x0000000000000400	256	79	177	38594632	356	173348	281116	1501980	14.88
2026-10-03T00:11:23Z	2820	10251	59	189.11	97	100	9295	12282	0x0000000000000400	256	79	177	38616840	356	173348	279960	1501980	14.88
2026-10-03T00:11:24Z	2820	10251	59	188.37	97	100	9291	12282	0x0000000000000400	256	79	177	38464308	356	173348	280768	1501884	14.81
2026-10-03T00:11:25Z	2820	10251	59	189.26	96	100	9291	12282	0x0000000000000400	256	79	177	38410308	356	173348	281692	1501884	14.81
2026-10-03T00:11:26Z	2820	10251	59	189.09	97	100	9291	12282	0x0000000000000400	256	79	177	38439044	356	173348	280808	1501884	14.81
2026-10-03T00:11:28Z	2820	10251	59	189.60	97	100	9291	12282	0x0000000000000400	256	79	177	38557456	356	173348	281252	1501884	14.81
2026-10-03T00:11:29Z	2820	10251	59	189.16	97	100	9291	12282	0x0000000000000400	256	79	177	38566156	356	173348	280672	1501884	14.81
2026-10-03T00:11:30Z	2820	10251	59	188.46	97	100	9291	12282	0x0000000000000400	256	79	177	38667716	356	173348	280704	1501884	15.14
2026-10-03T00:11:31Z	2820	10251	59	189.29	97	100	9292	12282	0x0000000000000400	256	79	177	38529448	356	173348	281228	1501884	15.14
2026-10-03T00:11:32Z	2820	10251	59	189.55	97	100	9292	12282	0x0000000000000400	256	79	177	38577124	356	173348	281684	1501884	15.14
2026-10-03T00:11:33Z	2820	10251	59	189.57	97	100	9292	12282	0x0000000000000400	256	79	177	38496744	356	173348	280648	1501788	15.14
2026-10-03T00:11:34Z	2820	10251	59	189.16	97	100	9292	12282	0x0000000000000400	256	79	177	38515256	356	173348	280504	1501784	15.05
2026-10-03T00:11:35Z	2820	10251	59	190.56	97	100	9292	12282	0x0000000000000400	256	79	177	38479076	356	173348	280716	1501784	15.05
2026-10-03T00:11:36Z	2820	10251	59	190.41	97	100	9291	12282	0x0000000000000400	256	79	177	38484512	356	173348	280544	1501784	15.05
2026-10-03T00:11:37Z	2820	10251	59	189.87	97	100	9291	12282	0x0000000000000400	256	79	177	38503216	356	173348	280472	1501784	15.05
2026-10-03T00:11:38Z	2820	10251	59	189.58	91	97	9291	12282	0x0000000000000400	256	79	177	38606896	356	173348	280304	1501784	15.05
2026-10-03T00:11:39Z	2820	10251	59	190.50	97	100	9291	12282	0x0000000000000400	256	79	177	38544028	356	173348	281680	1501784	35.55
2026-10-03T00:11:40Z	2820	10251	59	190.46	97	100	9291	12282	0x0000000000000400	256	79	177	38564592	356	173348	281124	1501784	35.55
2026-10-03T00:11:42Z	2820	10251	59	190.38	97	100	9291	12282	0x0000000000000400	256	79	177	38614224	356	173348	281544	1501784	35.55
2026-10-03T00:11:43Z	2820	10251	58	189.89	96	100	9291	12282	0x0000000000000400	256	79	177	38531200	356	173348	281220	1501752	35.55
2026-10-03T00:11:44Z	2820	10251	59	189.90	96	100	9291	12282	0x0000000000000400	256	79	177	38531568	356	173348	280428	1501752	35.55
2026-10-03T00:11:45Z	2820	10251	59	190.51	97	100	9291	12282	0x0000000000000400	256	79	177	38494564	356	173348	280996	1501752	43.75
2026-10-03T00:11:46Z	2820	10251	59	190.83	96	100	9291	12282	0x0000000000000400	256	79	177	38500300	356	173348	282152	1501752	43.75
2026-10-03T00:11:47Z	2820	10251	59	191.31	96	100	9291	12282	0x0000000000000400	256	79	177	38558780	356	173348	280692	1501704	43.75
2026-10-03T00:11:48Z	2820	10251	59	190.29	96	100	9291	12282	0x0000000000000400	256	79	177	38580488	356	173348	281252	1501680	43.75
2026-10-03T00:11:49Z	2820	10251	59	191.70	96	100	9291	12282	0x0000000000000400	256	79	177	38514000	356	173348	280536	1501672	41.77
2026-10-03T00:11:50Z	2820	10251	59	191.54	97	100	9291	12282	0x0000000000000400	256	79	177	38387892	356	173348	282068	1501672	41.77
2026-10-03T00:11:51Z	2820	10251	59	191.40	97	100	9302	12282	0x0000000000000400	256	79	177	38384384	356	173348	281572	1501672	41.77
2026-10-03T00:11:52Z	2820	10251	59	190.73	90	95	9302	12282	0x0000000000000400	256	79	177	38424056	356	173348	280200	1501672	41.77
2026-10-03T00:11:53Z	2820	10251	59	191.86	97	100	9300	12282	0x0000000000000400	256	79	177	38542668	356	173348	280816	1501668	41.77
2026-10-03T00:11:54Z	2820	10251	59	191.52	97	100	9300	12282	0x0000000000000400	256	79	177	38551960	356	173348	281132	1501660	39.95
2026-10-03T00:11:56Z	2820	10251	59	191.74	97	100	9300	12282	0x0000000000000400	256	79	177	38482320	356	173348	280356	1501660	39.95
2026-10-03T00:11:57Z	2820	10251	59	192.04	97	100	9292	12282	0x0000000000000400	256	79	177	38427756	356	173348	280616	1501660	39.95
2026-10-03T00:11:58Z	2820	10251	59	191.73	97	100	9292	12282	0x0000000000000400	256	79	177	38374176	356	173348	281148	1501660	39.95
2026-10-03T00:11:59Z	2820	10251	59	192.74	97	100	9292	12282	0x0000000000000400	256	79	177	38529928	356	173348	280844	1501660	39.95
2026-10-03T00:12:00Z	2820	10251	59	192.66	97	100	9292	12282	0x0000000000000400	256	79	177	38475832	356	173348	281100	1501628	37.87
2026-10-03T00:12:01Z	2820	10251	59	191.77	96	100	9312	12282	0x0000000000000400	256	79	177	38405020	356	173348	281476	1501628	37.87
2026-10-03T00:12:02Z	2820	10251	59	192.22	96	100	9312	12282	0x0000000000000400	256	79	177	38321152	356	173348	280528	1501692	37.87
2026-10-03T00:12:03Z	2820	10251	59	192.92	97	100	9308	12282	0x0000000000000400	256	79	177	38185184	356	173348	281024	1501596	37.87
2026-10-03T00:12:04Z	2820	10251	59	192.94	97	100	9308	12282	0x0000000000000400	256	79	177	38219240	356	173348	280504	1501596	36.12
2026-10-03T00:12:05Z	2820	10251	59	192.95	97	100	9308	12282	0x0000000000000400	256	79	177	38194452	356	173348	280872	1501596	36.12
2026-10-03T00:12:06Z	2820	10251	59	192.29	92	97	9292	12282	0x0000000000000400	256	79	177	38183432	356	173348	280832	1501564	36.12
2026-10-03T00:12:07Z	2820	10251	59	193.36	97	100	9292	12282	0x0000000000000400	256	79	177	38087432	356	173348	280576	1501564	36.12
2026-10-03T00:12:08Z	2820	10251	59	193.68	97	100	9292	12282	0x0000000000000400	256	79	177	38002128	356	173348	281408	1501560	36.12
2026-10-03T00:12:09Z	2820	10251	59	193.60	96	100	9292	12282	0x0000000000000400	256	79	177	37984120	356	173348	281064	1501560	34.75
2026-10-03T00:12:11Z	2820	10251	60	194.33	99	100	9292	12282	0x0000000000000400	256	79	177	38017496	356	173348	278396	1501560	34.75
2026-10-03T00:12:12Z	2820	10251	60	195.45	98	100	9292	12282	0x0000000000000400	256	79	177	38502944	356	173348	277084	1501560	34.75
2026-10-03T00:12:13Z	2820	10251	59	196.36	99	100	9292	12282	0x0000000000000400	256	79	177	38670992	356	173348	277732	1501528	34.75
2026-10-03T00:12:14Z	2820	10251	60	196.30	98	100	9292	12282	0x0000000000000400	256	79	177	38712124	356	173348	276684	1501528	34.75
2026-10-03T00:12:15Z	2820	10251	60	196.52	99	100	9292	12282	0x0000000000000400	256	79	177	38774504	356	173348	276568	1501528	32.20
2026-10-03T00:12:16Z	2820	10251	59	196.37	98	100	9292	12282	0x0000000000000400	256	79	177	38796828	356	173348	277028	1501528	32.20
2026-10-03T00:12:17Z	2820	10251	60	197.16	99	100	9292	12282	0x0000000000000400	256	79	177	38875872	356	173348	277040	1501528	32.20
2026-10-03T00:12:18Z	2820	10251	60	196.84	99	100	9292	12282	0x0000000000000400	256	79	177	39097184	356	173348	276972	1501412	32.20
2026-10-03T00:12:19Z	2820	10251	60	196.77	99	100	9292	12282	0x0000000000000400	256	79	177	39214180	356	173348	276624	1501152	32.20
2026-10-03T00:12:20Z	2820	10251	59	194.85	96	100	9292	12282	0x0000000000000400	256	79	177	39178420	356	173348	277608	1501408	30.02
2026-10-03T00:12:21Z	2820	10251	60	197.30	99	100	9292	12282	0x0000000000000400	256	79	177	38918472	356	173348	277376	1501408	30.02
2026-10-03T00:12:22Z	2820	10251	60	197.52	99	100	9292	12282	0x0000000000000400	256	79	177	38931252	356	173348	277496	1501408	30.02
2026-10-03T00:12:23Z	2820	10251	60	197.61	99	100	9292	12282	0x0000000000000400	256	79	177	39154564	356	173348	277084	1501408	30.02
2026-10-03T00:12:24Z	2820	10251	60	197.73	99	100	9292	12282	0x0000000000000400	256	79	177	39129828	356	173348	276292	1501408	27.78
2026-10-03T00:12:25Z	2820	10251	60	197.75	99	100	9292	12282	0x0000000000000400	256	79	177	39117692	356	173348	275496	1501376	27.78
2026-10-03T00:12:26Z	2820	10251	60	198.30	99	100	9292	12282	0x0000000000000400	256	79	177	39122588	356	173348	275932	1501408	27.78
2026-10-03T00:12:27Z	2820	10251	60	197.78	98	100	9301	12282	0x0000000000000400	256	79	177	39109360	356	173348	276368	1501408	27.78
2026-10-03T00:12:28Z	2820	10251	60	198.38	99	100	9301	12282	0x0000000000000400	256	79	177	39116380	356	173348	275948	1501408	27.78
2026-10-03T00:12:29Z	2820	10251	60	197.89	99	100	9300	12282	0x0000000000000400	256	79	177	39113556	356	173348	275996	1501408	25.72
2026-10-03T00:12:31Z	2820	10251	60	198.74	99	100	9300	12282	0x0000000000000400	256	79	177	39139140	356	173348	275360	1501408	25.72
2026-10-03T00:12:32Z	2820	10251	60	198.65	99	100	9300	12282	0x0000000000000400	256	79	177	39137156	356	173348	275840	1501408	25.72
2026-10-03T00:12:33Z	2820	10251	60	198.80	99	100	9292	12282	0x0000000000000400	256	79	177	39151840	356	173348	275972	1501408	25.72
2026-10-03T00:12:34Z	2820	10251	60	198.90	99	100	9292	12282	0x0000000000000400	256	79	177	39155016	356	173348	276012	1501408	25.72
2026-10-03T00:12:35Z	2820	10251	60	199.16	99	100	9292	12282	0x0000000000000400	256	79	177	39138412	356	173348	275980	1501408	23.74
2026-10-03T00:12:36Z	2820	10251	60	199.73	99	100	9292	12282	0x0000000000000400	256	79	177	39130716	356	173348	276168	1501440	23.74
2026-10-03T00:12:37Z	2820	10251	60	199.46	99	100	9292	12282	0x0000000000000400	256	79	177	39090584	356	173348	275852	1501408	23.74
2026-10-03T00:12:38Z	2820	10251	59	187.33	96	86	9292	12282	0x0000000000000400	256	79	177	39106336	356	173348	276200	1501408	23.74
2026-10-03T00:12:39Z	2820	10251	59	182.15	99	100	9292	12282	0x0000000000000400	256	79	177	39080976	356	173348	277660	1501408	23.74
2026-10-03T00:12:40Z	2820	10251	59	182.79	99	100	9292	12282	0x0000000000000400	256	79	177	39131560	356	173348	276552	1501408	21.91
2026-10-03T00:12:41Z	2820	10251	59	183.77	99	100	9292	12282	0x0000000000000400	256	79	177	39113288	356	173348	276880	1501408	21.91
2026-10-03T00:12:42Z	2820	10251	59	183.67	99	100	9292	12282	0x0000000000000400	256	79	177	39089372	356	173348	277688	1501408	21.91
2026-10-03T00:12:43Z	2820	10251	59	183.79	99	100	9292	12282	0x0000000000000400	256	79	177	39093252	356	173348	276720	1501408	21.91
2026-10-03T00:12:44Z	2820	10251	59	183.21	99	100	9292	12282	0x0000000000000400	256	79	177	39126268	356	173348	275740	1501408	20.24
2026-10-03T00:12:45Z	2820	10251	59	184.29	99	100	9292	12282	0x0000000000000400	256	79	177	39121760	356	173348	275708	1501408	20.24
2026-10-03T00:12:46Z	2820	10251	59	184.38	99	100	9292	12282	0x0000000000000400	256	79	177	39137100	356	173348	275700	1501408	20.24
2026-10-03T00:12:47Z	2820	10251	59	183.95	99	100	9303	12282	0x0000000000000400	256	79	177	39117660	356	173348	275772	1501408	20.24
2026-10-03T00:12:48Z	2820	10251	59	184.27	99	100	9303	12282	0x0000000000000400	256	79	177	39117960	356	173348	276064	1501408	20.24
2026-10-03T00:12:49Z	2820	10251	59	184.39	99	100	9296	12282	0x0000000000000400	256	79	177	39112776	356	173348	276680	1501408	18.70
2026-10-03T00:12:51Z	2820	10251	59	184.81	99	100	9296	12282	0x0000000000000400	256	79	177	39096044	356	173348	276388	1501408	18.70
2026-10-03T00:12:52Z	2820	10251	59	184.78	99	100	9296	12282	0x0000000000000400	256	79	177	39111812	356	173348	276124	1501408	18.70
2026-10-03T00:12:53Z	2820	10251	59	184.62	99	100	9296	12282	0x0000000000000400	256	79	177	39103616	356	173348	276220	1501408	18.70
2026-10-03T00:12:54Z	2820	10251	59	184.35	99	100	9296	12282	0x0000000000000400	256	79	177	39088012	356	173348	275992	1501408	18.70
