arm	request	label	phase	graph_index	mode	op	path	detail	src0_name	dst_name	src0_type	src1_type	dst_type	ne00	ne01	ne02	ne03	ne10	ne11	ne12	ne13	nb01	nb02	nb03	nb11	nb12	nb13	src0_contiguous	src1_contiguous	src0_transposed	batch_count	launches
T1-qwen35-08b-f16	outside	outside	text_prefill	0	eager	MUL_MAT	cuBLAS	cublasGemmEx/F16	blk.0.ssm_alpha.weight	node_34	f16	f32	f32	1024	16	1	1	1024	2	1	1	2048	32768	32768	4096	8192	8192	1	1	0	1	1
T1-qwen35-08b-f16	outside	outside	text_prefill	0	eager	MUL_MAT	cuBLAS	cublasGemmEx/F16	blk.0.ssm_beta.weight	node_40	f16	f32	f32	1024	16	1	1	1024	2	1	1	2048	32768	32768	4096	8192	8192	1	1	0	1	1
T1-qwen35-08b-f16	outside	outside	text_prefill	0	eager	MUL_MAT	cuBLAS	cublasGemmEx/F16	blk.1.ssm_alpha.weight	node_97	f16	f32	f32	1024	16	1	1	1024	2	1	1	2048	32768	32768	4096	8192	8192	1	1	0	1	1
T1-qwen35-08b-f16	outside	outside	text_prefill	0	eager	MUL_MAT	cuBLAS	cublasGemmEx/F16	blk.1.ssm_beta.weight	node_103	f16	f32	f32	1024	16	1	1	1024	2	1	1	2048	32768	32768	4096	8192	8192	1	1	0	1	1
T1-qwen35-08b-f16	outside	outside	text_prefill	0	eager	MUL_MAT	cuBLAS	cublasGemmEx/F16	blk.10.ssm_alpha.weight	node_640	f16	f32	f32	1024	16	1	1	1024	2	1	1	2048	32768	32768	4096	8192	8192	1	1	0	1	1
T1-qwen35-08b-f16	outside	outside	text_prefill	0	eager	MUL_MAT	cuBLAS	cublasGemmEx/F16	blk.10.ssm_beta.weight	node_646	f16	f32	f32	1024	16	1	1	1024	2	1	1	2048	32768	32768	4096	8192	8192	1	1	0	1	1
T1-qwen35-08b-f16	outside	outside	text_prefill	0	eager	MUL_MAT	cuBLAS	cublasGemmEx/F16	blk.12.ssm_alpha.weight	node_754	f16	f32	f32	1024	16	1	1	1024	2	1	1	2048	32768	32768	4096	8192	8192	1	1	0	1	1
T1-qwen35-08b-f16	outside	outside	text_prefill	0	eager	MUL_MAT	cuBLAS	cublasGemmEx/F16	blk.12.ssm_beta.weight	node_760	f16	f32	f32	1024	16	1	1	1024	2	1	1	2048	32768	32768	4096	8192	8192	1	1	0	1	1
T1-qwen35-08b-f16	outside	outside	text_prefill	0	eager	MUL_MAT	cuBLAS	cublasGemmEx/F16	blk.13.ssm_alpha.weight	node_817	f16	f32	f32	1024	16	1	1	1024	2	1	1	2048	32768	32768	4096	8192	8192	1	1	0	1	1
T1-qwen35-08b-f16	outside	outside	text_prefill	0	eager	MUL_MAT	cuBLAS	cublasGemmEx/F16	blk.13.ssm_beta.weight	node_823	f16	f32	f32	1024	16	1	1	1024	2	1	1	2048	32768	32768	4096	8192	8192	1	1	0	1	1
T1-qwen35-08b-f16	outside	outside	text_prefill	0	eager	MUL_MAT	cuBLAS	cublasGemmEx/F16	blk.14.ssm_alpha.weight	node_880	f16	f32	f32	1024	16	1	1	1024	2	1	1	2048	32768	32768	4096	8192	8192	1	1	0	1	1
T1-qwen35-08b-f16	outside	outside	text_prefill	0	eager	MUL_MAT	cuBLAS	cublasGemmEx/F16	blk.14.ssm_beta.weight	node_886	f16	f32	f32	1024	16	1	1	1024	2	1	1	2048	32768	32768	4096	8192	8192	1	1	0	1	1
T1-qwen35-08b-f16	outside	outside	text_prefill	0	eager	MUL_MAT	cuBLAS	cublasGemmEx/F16	blk.16.ssm_alpha.weight	node_994	f16	f32	f32	1024	16	1	1	1024	2	1	1	2048	32768	32768	4096	8192	8192	1	1	0	1	1
T1-qwen35-08b-f16	outside	outside	text_prefill	0	eager	MUL_MAT	cuBLAS	cublasGemmEx/F16	blk.16.ssm_beta.weight	node_1000	f16	f32	f32	1024	16	1	1	1024	2	1	1	2048	32768	32768	4096	8192	8192	1	1	0	1	1
T1-qwen35-08b-f16	outside	outside	text_prefill	0	eager	MUL_MAT	cuBLAS	cublasGemmEx/F16	blk.17.ssm_alpha.weight	node_1057	f16	f32	f32	1024	16	1	1	1024	2	1	1	2048	32768	32768	4096	8192	8192	1	1	0	1	1
T1-qwen35-08b-f16	outside	outside	text_prefill	0	eager	MUL_MAT	cuBLAS	cublasGemmEx/F16	blk.17.ssm_beta.weight	node_1063	f16	f32	f32	1024	16	1	1	1024	2	1	1	2048	32768	32768	4096	8192	8192	1	1	0	1	1
T1-qwen35-08b-f16	outside	outside	text_prefill	0	eager	MUL_MAT	cuBLAS	cublasGemmEx/F16	blk.18.ssm_alpha.weight	node_1120	f16	f32	f32	1024	16	1	1	1024	2	1	1	2048	32768	32768	4096	8192	8192	1	1	0	1	1
T1-qwen35-08b-f16	outside	outside	text_prefill	0	eager	MUL_MAT	cuBLAS	cublasGemmEx/F16	blk.18.ssm_beta.weight	node_1126	f16	f32	f32	1024	16	1	1	1024	2	1	1	2048	32768	32768	4096	8192	8192	1	1	0	1	1
T1-qwen35-08b-f16	outside	outside	text_prefill	0	eager	MUL_MAT	cuBLAS	cublasGemmEx/F16	blk.2.ssm_alpha.weight	node_160	f16	f32	f32	1024	16	1	1	1024	2	1	1	2048	32768	32768	4096	8192	8192	1	1	0	1	1
T1-qwen35-08b-f16	outside	outside	text_prefill	0	eager	MUL_MAT	cuBLAS	cublasGemmEx/F16	blk.2.ssm_beta.weight	node_166	f16	f32	f32	1024	16	1	1	1024	2	1	1	2048	32768	32768	4096	8192	8192	1	1	0	1	1
T1-qwen35-08b-f16	outside	outside	text_prefill	0	eager	MUL_MAT	cuBLAS	cublasGemmEx/F16	blk.20.ssm_alpha.weight	node_1234	f16	f32	f32	1024	16	1	1	1024	2	1	1	2048	32768	32768	4096	8192	8192	1	1	0	1	1
T1-qwen35-08b-f16	outside	outside	text_prefill	0	eager	MUL_MAT	cuBLAS	cublasGemmEx/F16	blk.20.ssm_beta.weight	node_1240	f16	f32	f32	1024	16	1	1	1024	2	1	1	2048	32768	32768	4096	8192	8192	1	1	0	1	1
T1-qwen35-08b-f16	outside	outside	text_prefill	0	eager	MUL_MAT	cuBLAS	cublasGemmEx/F16	blk.21.ssm_alpha.weight	node_1297	f16	f32	f32	1024	16	1	1	1024	2	1	1	2048	32768	32768	4096	8192	8192	1	1	0	1	1
T1-qwen35-08b-f16	outside	outside	text_prefill	0	eager	MUL_MAT	cuBLAS	cublasGemmEx/F16	blk.21.ssm_beta.weight	node_1303	f16	f32	f32	1024	16	1	1	1024	2	1	1	2048	32768	32768	4096	8192	8192	1	1	0	1	1
T1-qwen35-08b-f16	outside	outside	text_prefill	0	eager	MUL_MAT	cuBLAS	cublasGemmEx/F16	blk.22.ssm_alpha.weight	node_1360	f16	f32	f32	1024	16	1	1	1024	2	1	1	2048	32768	32768	4096	8192	8192	1	1	0	1	1
T1-qwen35-08b-f16	outside	outside	text_prefill	0	eager	MUL_MAT	cuBLAS	cublasGemmEx/F16	blk.22.ssm_beta.weight	node_1366	f16	f32	f32	1024	16	1	1	1024	2	1	1	2048	32768	32768	4096	8192	8192	1	1	0	1	1
T1-qwen35-08b-f16	outside	outside	text_prefill	0	eager	MUL_MAT	cuBLAS	cublasGemmEx/F16	blk.4.ssm_alpha.weight	node_274	f16	f32	f32	1024	16	1	1	1024	2	1	1	2048	32768	32768	4096	8192	8192	1	1	0	1	1
T1-qwen35-08b-f16	outside	outside	text_prefill	0	eager	MUL_MAT	cuBLAS	cublasGemmEx/F16	blk.4.ssm_beta.weight	node_280	f16	f32	f32	1024	16	1	1	1024	2	1	1	2048	32768	32768	4096	8192	8192	1	1	0	1	1
T1-qwen35-08b-f16	outside	outside	text_prefill	0	eager	MUL_MAT	cuBLAS	cublasGemmEx/F16	blk.5.ssm_alpha.weight	node_337	f16	f32	f32	1024	16	1	1	1024	2	1	1	2048	32768	32768	4096	8192	8192	1	1	0	1	1
T1-qwen35-08b-f16	outside	outside	text_prefill	0	eager	MUL_MAT	cuBLAS	cublasGemmEx/F16	blk.5.ssm_beta.weight	node_343	f16	f32	f32	1024	16	1	1	1024	2	1	1	2048	32768	32768	4096	8192	8192	1	1	0	1	1
T1-qwen35-08b-f16	outside	outside	text_prefill	0	eager	MUL_MAT	cuBLAS	cublasGemmEx/F16	blk.6.ssm_alpha.weight	node_400	f16	f32	f32	1024	16	1	1	1024	2	1	1	2048	32768	32768	4096	8192	8192	1	1	0	1	1
T1-qwen35-08b-f16	outside	outside	text_prefill	0	eager	MUL_MAT	cuBLAS	cublasGemmEx/F16	blk.6.ssm_beta.weight	node_406	f16	f32	f32	1024	16	1	1	1024	2	1	1	2048	32768	32768	4096	8192	8192	1	1	0	1	1
T1-qwen35-08b-f16	outside	outside	text_prefill	0	eager	MUL_MAT	cuBLAS	cublasGemmEx/F16	blk.8.ssm_alpha.weight	node_514	f16	f32	f32	1024	16	1	1	1024	2	1	1	2048	32768	32768	4096	8192	8192	1	1	0	1	1
T1-qwen35-08b-f16	outside	outside	text_prefill	0	eager	MUL_MAT	cuBLAS	cublasGemmEx/F16	blk.8.ssm_beta.weight	node_520	f16	f32	f32	1024	16	1	1	1024	2	1	1	2048	32768	32768	4096	8192	8192	1	1	0	1	1
T1-qwen35-08b-f16	outside	outside	text_prefill	0	eager	MUL_MAT	cuBLAS	cublasGemmEx/F16	blk.9.ssm_alpha.weight	node_577	f16	f32	f32	1024	16	1	1	1024	2	1	1	2048	32768	32768	4096	8192	8192	1	1	0	1	1
T1-qwen35-08b-f16	outside	outside	text_prefill	0	eager	MUL_MAT	cuBLAS	cublasGemmEx/F16	blk.9.ssm_beta.weight	node_583	f16	f32	f32	1024	16	1	1	1024	2	1	1	2048	32768	32768	4096	8192	8192	1	1	0	1	1
T1-qwen35-08b-f16	r1	text-pp512-tg64	text_prefill	1	eager	MUL_MAT	cuBLAS	cublasGemmEx/F16	blk.0.attn_gate.weight	z-0	f16	f32	f32	1024	2048	1	1	1024	512	1	1	2048	4194304	4194304	4096	2097152	2097152	1	1	0	1	1
T1-qwen35-08b-f16	r1	text-pp512-tg64	text_prefill	1	eager	MUL_MAT	cuBLAS	cublasGemmEx/F16	blk.0.attn_qkv.weight	node_13	f16	f32	f32	1024	6144	1	1	1024	512	1	1	2048	12582912	12582912	4096	2097152	2097152	1	1	0	1	1
T1-qwen35-08b-f16	r1	text-pp512-tg64	text_prefill	1	eager	MUL_MAT	cuBLAS	cublasGemmEx/F16	blk.0.ffn_down.weight	ffn_out-0	f16	f32	f32	3584	1024	1	1	3584	512	1	1	7168	7340032	7340032	14336	7340032	7340032	1	1	0	1	1
T1-qwen35-08b-f16	r1	text-pp512-tg64	text_prefill	1	eager	MUL_MAT	cuBLAS	cublasGemmEx/F16	blk.0.ffn_gate.weight	ffn_gate-0	f16	f32	f32	1024	3584	1	1	1024	512	1	1	2048	7340032	7340032	4096	2097152	2097152	1	1	0	1	1
T1-qwen35-08b-f16	r1	text-pp512-tg64	text_prefill	1	eager	MUL_MAT	cuBLAS	cublasGemmEx/F16	blk.0.ffn_up.weight	ffn_up-0	f16	f32	f32	1024	3584	1	1	1024	512	1	1	2048	7340032	7340032	4096	2097152	2097152	1	1	0	1	1
T1-qwen35-08b-f16	r1	text-pp512-tg64	text_prefill	1	eager	MUL_MAT	cuBLAS	cublasGemmEx/F16	blk.0.ssm_alpha.weight	node_34	f16	f32	f32	1024	16	1	1	1024	512	1	1	2048	32768	32768	4096	2097152	2097152	1	1	0	1	1
T1-qwen35-08b-f16	r1	text-pp512-tg64	text_prefill	1	eager	MUL_MAT	cuBLAS	cublasGemmEx/F16	blk.0.ssm_beta.weight	node_40	f16	f32	f32	1024	16	1	1	1024	512	1	1	2048	32768	32768	4096	2097152	2097152	1	1	0	1	1
T1-qwen35-08b-f16	r1	text-pp512-tg64	text_prefill	1	eager	MUL_MAT	cuBLAS	cublasGemmEx/F16	blk.0.ssm_out.weight	linear_attn_out-0	f16	f32	f32	2048	1024	1	1	2048	512	1	1	4096	4194304	4194304	8192	4194304	4194304	1	1	0	1	1
T1-qwen35-08b-f16	r1	text-pp512-tg64	text_prefill	1	eager	MUL_MAT	cuBLAS	cublasGemmEx/F16	blk.1.attn_gate.weight	z-1	f16	f32	f32	1024	2048	1	1	1024	512	1	1	2048	4194304	4194304	4096	2097152	2097152	1	1	0	1	1
T1-qwen35-08b-f16	r1	text-pp512-tg64	text_prefill	1	eager	MUL_MAT	cuBLAS	cublasGemmEx/F16	blk.1.attn_qkv.weight	node_76	f16	f32	f32	1024	6144	1	1	1024	512	1	1	2048	12582912	12582912	4096	2097152	2097152	1	1	0	1	1
T1-qwen35-08b-f16	r1	text-pp512-tg64	text_prefill	1	eager	MUL_MAT	cuBLAS	cublasGemmEx/F16	blk.1.ffn_down.weight	ffn_out-1	f16	f32	f32	3584	1024	1	1	3584	512	1	1	7168	7340032	7340032	14336	7340032	7340032	1	1	0	1	1
T1-qwen35-08b-f16	r1	text-pp512-tg64	text_prefill	1	eager	MUL_MAT	cuBLAS	cublasGemmEx/F16	blk.1.ffn_gate.weight	ffn_gate-1	f16	f32	f32	1024	3584	1	1	1024	512	1	1	2048	7340032	7340032	4096	2097152	2097152	1	1	0	1	1
T1-qwen35-08b-f16	r1	text-pp512-tg64	text_prefill	1	eager	MUL_MAT	cuBLAS	cublasGemmEx/F16	blk.1.ffn_up.weight	ffn_up-1	f16	f32	f32	1024	3584	1	1	1024	512	1	1	2048	7340032	7340032	4096	2097152	2097152	1	1	0	1	1
T1-qwen35-08b-f16	r1	text-pp512-tg64	text_prefill	1	eager	MUL_MAT	cuBLAS	cublasGemmEx/F16	blk.1.ssm_alpha.weight	node_97	f16	f32	f32	1024	16	1	1	1024	512	1	1	2048	32768	32768	4096	2097152	2097152	1	1	0	1	1
T1-qwen35-08b-f16	r1	text-pp512-tg64	text_prefill	1	eager	MUL_MAT	cuBLAS	cublasGemmEx/F16	blk.1.ssm_beta.weight	node_103	f16	f32	f32	1024	16	1	1	1024	512	1	1	2048	32768	32768	4096	2097152	2097152	1	1	0	1	1
T1-qwen35-08b-f16	r1	text-pp512-tg64	text_prefill	1	eager	MUL_MAT	cuBLAS	cublasGemmEx/F16	blk.1.ssm_out.weight	linear_attn_out-1	f16	f32	f32	2048	1024	1	1	2048	512	1	1	4096	4194304	4194304	8192	4194304	4194304	1	1	0	1	1
T1-qwen35-08b-f16	r1	text-pp512-tg64	text_prefill	1	eager	MUL_MAT	cuBLAS	cublasGemmEx/F16	blk.10.attn_gate.weight	z-10	f16	f32	f32	1024	2048	1	1	1024	512	1	1	2048	4194304	4194304	4096	2097152	2097152	1	1	0	1	1
T1-qwen35-08b-f16	r1	text-pp512-tg64	text_prefill	1	eager	MUL_MAT	cuBLAS	cublasGemmEx/F16	blk.10.attn_qkv.weight	node_619	f16	f32	f32	1024	6144	1	1	1024	512	1	1	2048	12582912	12582912	4096	2097152	2097152	1	1	0	1	1
T1-qwen35-08b-f16	r1	text-pp512-tg64	text_prefill	1	eager	MUL_MAT	cuBLAS	cublasGemmEx/F16	blk.10.ffn_down.weight	ffn_out-10	f16	f32	f32	3584	1024	1	1	3584	512	1	1	7168	7340032	7340032	14336	7340032	7340032	1	1	0	1	1
T1-qwen35-08b-f16	r1	text-pp512-tg64	text_prefill	1	eager	MUL_MAT	cuBLAS	cublasGemmEx/F16	blk.10.ffn_gate.weight	ffn_gate-10	f16	f32	f32	1024	3584	1	1	1024	512	1	1	2048	7340032	7340032	4096	2097152	2097152	1	1	0	1	1
T1-qwen35-08b-f16	r1	text-pp512-tg64	text_prefill	1	eager	MUL_MAT	cuBLAS	cublasGemmEx/F16	blk.10.ffn_up.weight	ffn_up-10	f16	f32	f32	1024	3584	1	1	1024	512	1	1	2048	7340032	7340032	4096	2097152	2097152	1	1	0	1	1
T1-qwen35-08b-f16	r1	text-pp512-tg64	text_prefill	1	eager	MUL_MAT	cuBLAS	cublasGemmEx/F16	blk.10.ssm_alpha.weight	node_640	f16	f32	f32	1024	16	1	1	1024	512	1	1	2048	32768	32768	4096	2097152	2097152	1	1	0	1	1
T1-qwen35-08b-f16	r1	text-pp512-tg64	text_prefill	1	eager	MUL_MAT	cuBLAS	cublasGemmEx/F16	blk.10.ssm_beta.weight	node_646	f16	f32	f32	1024	16	1	1	1024	512	1	1	2048	32768	32768	4096	2097152	2097152	1	1	0	1	1
T1-qwen35-08b-f16	r1	text-pp512-tg64	text_prefill	1	eager	MUL_MAT	cuBLAS	cublasGemmEx/F16	blk.10.ssm_out.weight	linear_attn_out-10	f16	f32	f32	2048	1024	1	1	2048	512	1	1	4096	4194304	4194304	8192	4194304	4194304	1	1	0	1	1
T1-qwen35-08b-f16	r1	text-pp512-tg64	text_prefill	1	eager	MUL_MAT	cuBLAS	cublasGemmEx/F16	blk.11.attn_k.weight	Kcur-11	f16	f32	f32	1024	512	1	1	1024	512	1	1	2048	1048576	1048576	4096	2097152	2097152	1	1	0	1	1
T1-qwen35-08b-f16	r1	text-pp512-tg64	text_prefill	1	eager	MUL_MAT	cuBLAS	cublasGemmEx/F16	blk.11.attn_output.weight	attn_output-11	f16	f32	f32	2048	1024	1	1	2048	512	1	1	4096	4194304	4194304	8192	4194304	4194304	1	1	0	1	1
T1-qwen35-08b-f16	r1	text-pp512-tg64	text_prefill	1	eager	MUL_MAT	cuBLAS	cublasGemmEx/F16	blk.11.attn_q.weight	Qcur_full-11	f16	f32	f32	1024	4096	1	1	1024	512	1	1	2048	8388608	8388608	4096	2097152	2097152	1	1	0	1	1
T1-qwen35-08b-f16	r1	text-pp512-tg64	text_prefill	1	eager	MUL_MAT	cuBLAS	cublasGemmEx/F16	blk.11.attn_v.weight	Vcur-11	f16	f32	f32	1024	512	1	1	1024	512	1	1	2048	1048576	1048576	4096	2097152	2097152	1	1	0	1	1
T1-qwen35-08b-f16	r1	text-pp512-tg64	text_prefill	1	eager	MUL_MAT	cuBLAS	cublasGemmEx/F16	blk.11.ffn_down.weight	ffn_out-11	f16	f32	f32	3584	1024	1	1	3584	512	1	1	7168	7340032	7340032	14336	7340032	7340032	1	1	0	1	1
T1-qwen35-08b-f16	r1	text-pp512-tg64	text_prefill	1	eager	MUL_MAT	cuBLAS	cublasGemmEx/F16	blk.11.ffn_gate.weight	ffn_gate-11	f16	f32	f32	1024	3584	1	1	1024	512	1	1	2048	7340032	7340032	4096	2097152	2097152	1	1	0	1	1
T1-qwen35-08b-f16	r1	text-pp512-tg64	text_prefill	1	eager	MUL_MAT	cuBLAS	cublasGemmEx/F16	blk.11.ffn_up.weight	ffn_up-11	f16	f32	f32	1024	3584	1	1	1024	512	1	1	2048	7340032	7340032	4096	2097152	2097152	1	1	0	1	1
T1-qwen35-08b-f16	r1	text-pp512-tg64	text_prefill	1	eager	MUL_MAT	cuBLAS	cublasGemmEx/F16	blk.12.attn_gate.weight	z-12	f16	f32	f32	1024	2048	1	1	1024	512	1	1	2048	4194304	4194304	4096	2097152	2097152	1	1	0	1	1
T1-qwen35-08b-f16	r1	text-pp512-tg64	text_prefill	1	eager	MUL_MAT	cuBLAS	cublasGemmEx/F16	blk.12.attn_qkv.weight	node_733	f16	f32	f32	1024	6144	1	1	1024	512	1	1	2048	12582912	12582912	4096	2097152	2097152	1	1	0	1	1
T1-qwen35-08b-f16	r1	text-pp512-tg64	text_prefill	1	eager	MUL_MAT	cuBLAS	cublasGemmEx/F16	blk.12.ffn_down.weight	ffn_out-12	f16	f32	f32	3584	1024	1	1	3584	512	1	1	7168	7340032	7340032	14336	7340032	7340032	1	1	0	1	1
T1-qwen35-08b-f16	r1	text-pp512-tg64	text_prefill	1	eager	MUL_MAT	cuBLAS	cublasGemmEx/F16	blk.12.ffn_gate.weight	ffn_gate-12	f16	f32	f32	1024	3584	1	1	1024	512	1	1	2048	7340032	7340032	4096	2097152	2097152	1	1	0	1	1
T1-qwen35-08b-f16	r1	text-pp512-tg64	text_prefill	1	eager	MUL_MAT	cuBLAS	cublasGemmEx/F16	blk.12.ffn_up.weight	ffn_up-12	f16	f32	f32	1024	3584	1	1	1024	512	1	1	2048	7340032	7340032	4096	2097152	2097152	1	1	0	1	1
T1-qwen35-08b-f16	r1	text-pp512-tg64	text_prefill	1	eager	MUL_MAT	cuBLAS	cublasGemmEx/F16	blk.12.ssm_alpha.weight	node_754	f16	f32	f32	1024	16	1	1	1024	512	1	1	2048	32768	32768	4096	2097152	2097152	1	1	0	1	1
T1-qwen35-08b-f16	r1	text-pp512-tg64	text_prefill	1	eager	MUL_MAT	cuBLAS	cublasGemmEx/F16	blk.12.ssm_beta.weight	node_760	f16	f32	f32	1024	16	1	1	1024	512	1	1	2048	32768	32768	4096	2097152	2097152	1	1	0	1	1
T1-qwen35-08b-f16	r1	text-pp512-tg64	text_prefill	1	eager	MUL_MAT	cuBLAS	cublasGemmEx/F16	blk.12.ssm_out.weight	linear_attn_out-12	f16	f32	f32	2048	1024	1	1	2048	512	1	1	4096	4194304	4194304	8192	4194304	4194304	1	1	0	1	1
T1-qwen35-08b-f16	r1	text-pp512-tg64	text_prefill	1	eager	MUL_MAT	cuBLAS	cublasGemmEx/F16	blk.13.attn_gate.weight	z-13	f16	f32	f32	1024	2048	1	1	1024	512	1	1	2048	4194304	4194304	4096	2097152	2097152	1	1	0	1	1
T1-qwen35-08b-f16	r1	text-pp512-tg64	text_prefill	1	eager	MUL_MAT	cuBLAS	cublasGemmEx/F16	blk.13.attn_qkv.weight	node_796	f16	f32	f32	1024	6144	1	1	1024	512	1	1	2048	12582912	12582912	4096	2097152	2097152	1	1	0	1	1
T1-qwen35-08b-f16	r1	text-pp512-tg64	text_prefill	1	eager	MUL_MAT	cuBLAS	cublasGemmEx/F16	blk.13.ffn_down.weight	ffn_out-13	f16	f32	f32	3584	1024	1	1	3584	512	1	1	7168	7340032	7340032	14336	7340032	7340032	1	1	0	1	1
T1-qwen35-08b-f16	r1	text-pp512-tg64	text_prefill	1	eager	MUL_MAT	cuBLAS	cublasGemmEx/F16	blk.13.ffn_gate.weight	ffn_gate-13	f16	f32	f32	1024	3584	1	1	1024	512	1	1	2048	7340032	7340032	4096	2097152	2097152	1	1	0	1	1
T1-qwen35-08b-f16	r1	text-pp512-tg64	text_prefill	1	eager	MUL_MAT	cuBLAS	cublasGemmEx/F16	blk.13.ffn_up.weight	ffn_up-13	f16	f32	f32	1024	3584	1	1	1024	512	1	1	2048	7340032	7340032	4096	2097152	2097152	1	1	0	1	1
T1-qwen35-08b-f16	r1	text-pp512-tg64	text_prefill	1	eager	MUL_MAT	cuBLAS	cublasGemmEx/F16	blk.13.ssm_alpha.weight	node_817	f16	f32	f32	1024	16	1	1	1024	512	1	1	2048	32768	32768	4096	2097152	2097152	1	1	0	1	1
T1-qwen35-08b-f16	r1	text-pp512-tg64	text_prefill	1	eager	MUL_MAT	cuBLAS	cublasGemmEx/F16	blk.13.ssm_beta.weight	node_823	f16	f32	f32	1024	16	1	1	1024	512	1	1	2048	32768	32768	4096	2097152	2097152	1	1	0	1	1
T1-qwen35-08b-f16	r1	text-pp512-tg64	text_prefill	1	eager	MUL_MAT	cuBLAS	cublasGemmEx/F16	blk.13.ssm_out.weight	linear_attn_out-13	f16	f32	f32	2048	1024	1	1	2048	512	1	1	4096	4194304	4194304	8192	4194304	4194304	1	1	0	1	1
T1-qwen35-08b-f16	r1	text-pp512-tg64	text_prefill	1	eager	MUL_MAT	cuBLAS	cublasGemmEx/F16	blk.14.attn_gate.weight	z-14	f16	f32	f32	1024	2048	1	1	1024	512	1	1	2048	4194304	4194304	4096	2097152	2097152	1	1	0	1	1
T1-qwen35-08b-f16	r1	text-pp512-tg64	text_prefill	1	eager	MUL_MAT	cuBLAS	cublasGemmEx/F16	blk.14.attn_qkv.weight	node_859	f16	f32	f32	1024	6144	1	1	1024	512	1	1	2048	12582912	12582912	4096	2097152	2097152	1	1	0	1	1
T1-qwen35-08b-f16	r1	text-pp512-tg64	text_prefill	1	eager	MUL_MAT	cuBLAS	cublasGemmEx/F16	blk.14.ffn_down.weight	ffn_out-14	f16	f32	f32	3584	1024	1	1	3584	512	1	1	7168	7340032	7340032	14336	7340032	7340032	1	1	0	1	1
T1-qwen35-08b-f16	r1	text-pp512-tg64	text_prefill	1	eager	MUL_MAT	cuBLAS	cublasGemmEx/F16	blk.14.ffn_gate.weight	ffn_gate-14	f16	f32	f32	1024	3584	1	1	1024	512	1	1	2048	7340032	7340032	4096	2097152	2097152	1	1	0	1	1
T1-qwen35-08b-f16	r1	text-pp512-tg64	text_prefill	1	eager	MUL_MAT	cuBLAS	cublasGemmEx/F16	blk.14.ffn_up.weight	ffn_up-14	f16	f32	f32	1024	3584	1	1	1024	512	1	1	2048	7340032	7340032	4096	2097152	2097152	1	1	0	1	1
T1-qwen35-08b-f16	r1	text-pp512-tg64	text_prefill	1	eager	MUL_MAT	cuBLAS	cublasGemmEx/F16	blk.14.ssm_alpha.weight	node_880	f16	f32	f32	1024	16	1	1	1024	512	1	1	2048	32768	32768	4096	2097152	2097152	1	1	0	1	1
T1-qwen35-08b-f16	r1	text-pp512-tg64	text_prefill	1	eager	MUL_MAT	cuBLAS	cublasGemmEx/F16	blk.14.ssm_beta.weight	node_886	f16	f32	f32	1024	16	1	1	1024	512	1	1	2048	32768	32768	4096	2097152	2097152	1	1	0	1	1
T1-qwen35-08b-f16	r1	text-pp512-tg64	text_prefill	1	eager	MUL_MAT	cuBLAS	cublasGemmEx/F16	blk.14.ssm_out.weight	linear_attn_out-14	f16	f32	f32	2048	1024	1	1	2048	512	1	1	4096	4194304	4194304	8192	4194304	4194304	1	1	0	1	1
T1-qwen35-08b-f16	r1	text-pp512-tg64	text_prefill	1	eager	MUL_MAT	cuBLAS	cublasGemmEx/F16	blk.15.attn_k.weight	Kcur-15	f16	f32	f32	1024	512	1	1	1024	512	1	1	2048	1048576	1048576	4096	2097152	2097152	1	1	0	1	1
T1-qwen35-08b-f16	r1	text-pp512-tg64	text_prefill	1	eager	MUL_MAT	cuBLAS	cublasGemmEx/F16	blk.15.attn_output.weight	attn_output-15	f16	f32	f32	2048	1024	1	1	2048	512	1	1	4096	4194304	4194304	8192	4194304	4194304	1	1	0	1	1
T1-qwen35-08b-f16	r1	text-pp512-tg64	text_prefill	1	eager	MUL_MAT	cuBLAS	cublasGemmEx/F16	blk.15.attn_q.weight	Qcur_full-15	f16	f32	f32	1024	4096	1	1	1024	512	1	1	2048	8388608	8388608	4096	2097152	2097152	1	1	0	1	1
T1-qwen35-08b-f16	r1	text-pp512-tg64	text_prefill	1	eager	MUL_MAT	cuBLAS	cublasGemmEx/F16	blk.15.attn_v.weight	Vcur-15	f16	f32	f32	1024	512	1	1	1024	512	1	1	2048	1048576	1048576	4096	2097152	2097152	1	1	0	1	1
T1-qwen35-08b-f16	r1	text-pp512-tg64	text_prefill	1	eager	MUL_MAT	cuBLAS	cublasGemmEx/F16	blk.15.ffn_down.weight	ffn_out-15	f16	f32	f32	3584	1024	1	1	3584	512	1	1	7168	7340032	7340032	14336	7340032	7340032	1	1	0	1	1
T1-qwen35-08b-f16	r1	text-pp512-tg64	text_prefill	1	eager	MUL_MAT	cuBLAS	cublasGemmEx/F16	blk.15.ffn_gate.weight	ffn_gate-15	f16	f32	f32	1024	3584	1	1	1024	512	1	1	2048	7340032	7340032	4096	2097152	2097152	1	1	0	1	1
T1-qwen35-08b-f16	r1	text-pp512-tg64	text_prefill	1	eager	MUL_MAT	cuBLAS	cublasGemmEx/F16	blk.15.ffn_up.weight	ffn_up-15	f16	f32	f32	1024	3584	1	1	1024	512	1	1	2048	7340032	7340032	4096	2097152	2097152	1	1	0	1	1
T1-qwen35-08b-f16	r1	text-pp512-tg64	text_prefill	1	eager	MUL_MAT	cuBLAS	cublasGemmEx/F16	blk.16.attn_gate.weight	z-16	f16	f32	f32	1024	2048	1	1	1024	512	1	1	2048	4194304	4194304	4096	2097152	2097152	1	1	0	1	1
T1-qwen35-08b-f16	r1	text-pp512-tg64	text_prefill	1	eager	MUL_MAT	cuBLAS	cublasGemmEx/F16	blk.16.attn_qkv.weight	node_973	f16	f32	f32	1024	6144	1	1	1024	512	1	1	2048	12582912	12582912	4096	2097152	2097152	1	1	0	1	1
T1-qwen35-08b-f16	r1	text-pp512-tg64	text_prefill	1	eager	MUL_MAT	cuBLAS	cublasGemmEx/F16	blk.16.ffn_down.weight	ffn_out-16	f16	f32	f32	3584	1024	1	1	3584	512	1	1	7168	7340032	7340032	14336	7340032	7340032	1	1	0	1	1
T1-qwen35-08b-f16	r1	text-pp512-tg64	text_prefill	1	eager	MUL_MAT	cuBLAS	cublasGemmEx/F16	blk.16.ffn_gate.weight	ffn_gate-16	f16	f32	f32	1024	3584	1	1	1024	512	1	1	2048	7340032	7340032	4096	2097152	2097152	1	1	0	1	1
T1-qwen35-08b-f16	r1	text-pp512-tg64	text_prefill	1	eager	MUL_MAT	cuBLAS	cublasGemmEx/F16	blk.16.ffn_up.weight	ffn_up-16	f16	f32	f32	1024	3584	1	1	1024	512	1	1	2048	7340032	7340032	4096	2097152	2097152	1	1	0	1	1
T1-qwen35-08b-f16	r1	text-pp512-tg64	text_prefill	1	eager	MUL_MAT	cuBLAS	cublasGemmEx/F16	blk.16.ssm_alpha.weight	node_994	f16	f32	f32	1024	16	1	1	1024	512	1	1	2048	32768	32768	4096	2097152	2097152	1	1	0	1	1
T1-qwen35-08b-f16	r1	text-pp512-tg64	text_prefill	1	eager	MUL_MAT	cuBLAS	cublasGemmEx/F16	blk.16.ssm_beta.weight	node_1000	f16	f32	f32	1024	16	1	1	1024	512	1	1	2048	32768	32768	4096	2097152	2097152	1	1	0	1	1
T1-qwen35-08b-f16	r1	text-pp512-tg64	text_prefill	1	eager	MUL_MAT	cuBLAS	cublasGemmEx/F16	blk.16.ssm_out.weight	linear_attn_out-16	f16	f32	f32	2048	1024	1	1	2048	512	1	1	4096	4194304	4194304	8192	4194304	4194304	1	1	0	1	1
T1-qwen35-08b-f16	r1	text-pp512-tg64	text_prefill	1	eager	MUL_MAT	cuBLAS	cublasGemmEx/F16	blk.17.attn_gate.weight	z-17	f16	f32	f32	1024	2048	1	1	1024	512	1	1	2048	4194304	4194304	4096	2097152	2097152	1	1	0	1	1
T1-qwen35-08b-f16	r1	text-pp512-tg64	text_prefill	1	eager	MUL_MAT	cuBLAS	cublasGemmEx/F16	blk.17.attn_qkv.weight	node_1036	f16	f32	f32	1024	6144	1	1	1024	512	1	1	2048	12582912	12582912	4096	2097152	2097152	1	1	0	1	1
T1-qwen35-08b-f16	r1	text-pp512-tg64	text_prefill	1	eager	MUL_MAT	cuBLAS	cublasGemmEx/F16	blk.17.ffn_down.weight	ffn_out-17	f16	f32	f32	3584	1024	1	1	3584	512	1	1	7168	7340032	7340032	14336	7340032	7340032	1	1	0	1	1
T1-qwen35-08b-f16	r1	text-pp512-tg64	text_prefill	1	eager	MUL_MAT	cuBLAS	cublasGemmEx/F16	blk.17.ffn_gate.weight	ffn_gate-17	f16	f32	f32	1024	3584	1	1	1024	512	1	1	2048	7340032	7340032	4096	2097152	2097152	1	1	0	1	1
T1-qwen35-08b-f16	r1	text-pp512-tg64	text_prefill	1	eager	MUL_MAT	cuBLAS	cublasGemmEx/F16	blk.17.ffn_up.weight	ffn_up-17	f16	f32	f32	1024	3584	1	1	1024	512	1	1	2048	7340032	7340032	4096	2097152	2097152	1	1	0	1	1
T1-qwen35-08b-f16	r1	text-pp512-tg64	text_prefill	1	eager	MUL_MAT	cuBLAS	cublasGemmEx/F16	blk.17.ssm_alpha.weight	node_1057	f16	f32	f32	1024	16	1	1	1024	512	1	1	2048	32768	32768	4096	2097152	2097152	1	1	0	1	1
T1-qwen35-08b-f16	r1	text-pp512-tg64	text_prefill	1	eager	MUL_MAT	cuBLAS	cublasGemmEx/F16	blk.17.ssm_beta.weight	node_1063	f16	f32	f32	1024	16	1	1	1024	512	1	1	2048	32768	32768	4096	2097152	2097152	1	1	0	1	1
T1-qwen35-08b-f16	r1	text-pp512-tg64	text_prefill	1	eager	MUL_MAT	cuBLAS	cublasGemmEx/F16	blk.17.ssm_out.weight	linear_attn_out-17	f16	f32	f32	2048	1024	1	1	2048	512	1	1	4096	4194304	4194304	8192	4194304	4194304	1	1	0	1	1
T1-qwen35-08b-f16	r1	text-pp512-tg64	text_prefill	1	eager	MUL_MAT	cuBLAS	cublasGemmEx/F16	blk.18.attn_gate.weight	z-18	f16	f32	f32	1024	2048	1	1	1024	512	1	1	2048	4194304	4194304	4096	2097152	2097152	1	1	0	1	1
T1-qwen35-08b-f16	r1	text-pp512-tg64	text_prefill	1	eager	MUL_MAT	cuBLAS	cublasGemmEx/F16	blk.18.attn_qkv.weight	node_1099	f16	f32	f32	1024	6144	1	1	1024	512	1	1	2048	12582912	12582912	4096	2097152	2097152	1	1	0	1	1
T1-qwen35-08b-f16	r1	text-pp512-tg64	text_prefill	1	eager	MUL_MAT	cuBLAS	cublasGemmEx/F16	blk.18.ffn_down.weight	ffn_out-18	f16	f32	f32	3584	1024	1	1	3584	512	1	1	7168	7340032	7340032	14336	7340032	7340032	1	1	0	1	1
T1-qwen35-08b-f16	r1	text-pp512-tg64	text_prefill	1	eager	MUL_MAT	cuBLAS	cublasGemmEx/F16	blk.18.ffn_gate.weight	ffn_gate-18	f16	f32	f32	1024	3584	1	1	1024	512	1	1	2048	7340032	7340032	4096	2097152	2097152	1	1	0	1	1
T1-qwen35-08b-f16	r1	text-pp512-tg64	text_prefill	1	eager	MUL_MAT	cuBLAS	cublasGemmEx/F16	blk.18.ffn_up.weight	ffn_up-18	f16	f32	f32	1024	3584	1	1	1024	512	1	1	2048	7340032	7340032	4096	2097152	2097152	1	1	0	1	1
T1-qwen35-08b-f16	r1	text-pp512-tg64	text_prefill	1	eager	MUL_MAT	cuBLAS	cublasGemmEx/F16	blk.18.ssm_alpha.weight	node_1120	f16	f32	f32	1024	16	1	1	1024	512	1	1	2048	32768	32768	4096	2097152	2097152	1	1	0	1	1
T1-qwen35-08b-f16	r1	text-pp512-tg64	text_prefill	1	eager	MUL_MAT	cuBLAS	cublasGemmEx/F16	blk.18.ssm_beta.weight	node_1126	f16	f32	f32	1024	16	1	1	1024	512	1	1	2048	32768	32768	4096	2097152	2097152	1	1	0	1	1
T1-qwen35-08b-f16	r1	text-pp512-tg64	text_prefill	1	eager	MUL_MAT	cuBLAS	cublasGemmEx/F16	blk.18.ssm_out.weight	linear_attn_out-18	f16	f32	f32	2048	1024	1	1	2048	512	1	1	4096	4194304	4194304	8192	4194304	4194304	1	1	0	1	1
T1-qwen35-08b-f16	r1	text-pp512-tg64	text_prefill	1	eager	MUL_MAT	cuBLAS	cublasGemmEx/F16	blk.19.attn_k.weight	Kcur-19	f16	f32	f32	1024	512	1	1	1024	512	1	1	2048	1048576	1048576	4096	2097152	2097152	1	1	0	1	1
T1-qwen35-08b-f16	r1	text-pp512-tg64	text_prefill	1	eager	MUL_MAT	cuBLAS	cublasGemmEx/F16	blk.19.attn_output.weight	attn_output-19	f16	f32	f32	2048	1024	1	1	2048	512	1	1	4096	4194304	4194304	8192	4194304	4194304	1	1	0	1	1
T1-qwen35-08b-f16	r1	text-pp512-tg64	text_prefill	1	eager	MUL_MAT	cuBLAS	cublasGemmEx/F16	blk.19.attn_q.weight	Qcur_full-19	f16	f32	f32	1024	4096	1	1	1024	512	1	1	2048	8388608	8388608	4096	2097152	2097152	1	1	0	1	1
T1-qwen35-08b-f16	r1	text-pp512-tg64	text_prefill	1	eager	MUL_MAT	cuBLAS	cublasGemmEx/F16	blk.19.attn_v.weight	Vcur-19	f16	f32	f32	1024	512	1	1	1024	512	1	1	2048	1048576	1048576	4096	2097152	2097152	1	1	0	1	1
T1-qwen35-08b-f16	r1	text-pp512-tg64	text_prefill	1	eager	MUL_MAT	cuBLAS	cublasGemmEx/F16	blk.19.ffn_down.weight	ffn_out-19	f16	f32	f32	3584	1024	1	1	3584	512	1	1	7168	7340032	7340032	14336	7340032	7340032	1	1	0	1	1
T1-qwen35-08b-f16	r1	text-pp512-tg64	text_prefill	1	eager	MUL_MAT	cuBLAS	cublasGemmEx/F16	blk.19.ffn_gate.weight	ffn_gate-19	f16	f32	f32	1024	3584	1	1	1024	512	1	1	2048	7340032	7340032	4096	2097152	2097152	1	1	0	1	1
T1-qwen35-08b-f16	r1	text-pp512-tg64	text_prefill	1	eager	MUL_MAT	cuBLAS	cublasGemmEx/F16	blk.19.ffn_up.weight	ffn_up-19	f16	f32	f32	1024	3584	1	1	1024	512	1	1	2048	7340032	7340032	4096	2097152	2097152	1	1	0	1	1
T1-qwen35-08b-f16	r1	text-pp512-tg64	text_prefill	1	eager	MUL_MAT	cuBLAS	cublasGemmEx/F16	blk.2.attn_gate.weight	z-2	f16	f32	f32	1024	2048	1	1	1024	512	1	1	2048	4194304	4194304	4096	2097152	2097152	1	1	0	1	1
T1-qwen35-08b-f16	r1	text-pp512-tg64	text_prefill	1	eager	MUL_MAT	cuBLAS	cublasGemmEx/F16	blk.2.attn_qkv.weight	node_139	f16	f32	f32	1024	6144	1	1	1024	512	1	1	2048	12582912	12582912	4096	2097152	2097152	1	1	0	1	1
T1-qwen35-08b-f16	r1	text-pp512-tg64	text_prefill	1	eager	MUL_MAT	cuBLAS	cublasGemmEx/F16	blk.2.ffn_down.weight	ffn_out-2	f16	f32	f32	3584	1024	1	1	3584	512	1	1	7168	7340032	7340032	14336	7340032	7340032	1	1	0	1	1
T1-qwen35-08b-f16	r1	text-pp512-tg64	text_prefill	1	eager	MUL_MAT	cuBLAS	cublasGemmEx/F16	blk.2.ffn_gate.weight	ffn_gate-2	f16	f32	f32	1024	3584	1	1	1024	512	1	1	2048	7340032	7340032	4096	2097152	2097152	1	1	0	1	1
T1-qwen35-08b-f16	r1	text-pp512-tg64	text_prefill	1	eager	MUL_MAT	cuBLAS	cublasGemmEx/F16	blk.2.ffn_up.weight	ffn_up-2	f16	f32	f32	1024	3584	1	1	1024	512	1	1	2048	7340032	7340032	4096	2097152	2097152	1	1	0	1	1
T1-qwen35-08b-f16	r1	text-pp512-tg64	text_prefill	1	eager	MUL_MAT	cuBLAS	cublasGemmEx/F16	blk.2.ssm_alpha.weight	node_160	f16	f32	f32	1024	16	1	1	1024	512	1	1	2048	32768	32768	4096	2097152	2097152	1	1	0	1	1
T1-qwen35-08b-f16	r1	text-pp512-tg64	text_prefill	1	eager	MUL_MAT	cuBLAS	cublasGemmEx/F16	blk.2.ssm_beta.weight	node_166	f16	f32	f32	1024	16	1	1	1024	512	1	1	2048	32768	32768	4096	2097152	2097152	1	1	0	1	1
T1-qwen35-08b-f16	r1	text-pp512-tg64	text_prefill	1	eager	MUL_MAT	cuBLAS	cublasGemmEx/F16	blk.2.ssm_out.weight	linear_attn_out-2	f16	f32	f32	2048	1024	1	1	2048	512	1	1	4096	4194304	4194304	8192	4194304	4194304	1	1	0	1	1
T1-qwen35-08b-f16	r1	text-pp512-tg64	text_prefill	1	eager	MUL_MAT	cuBLAS	cublasGemmEx/F16	blk.20.attn_gate.weight	z-20	f16	f32	f32	1024	2048	1	1	1024	512	1	1	2048	4194304	4194304	4096	2097152	2097152	1	1	0	1	1
T1-qwen35-08b-f16	r1	text-pp512-tg64	text_prefill	1	eager	MUL_MAT	cuBLAS	cublasGemmEx/F16	blk.20.attn_qkv.weight	node_1213	f16	f32	f32	1024	6144	1	1	1024	512	1	1	2048	12582912	12582912	4096	2097152	2097152	1	1	0	1	1
T1-qwen35-08b-f16	r1	text-pp512-tg64	text_prefill	1	eager	MUL_MAT	cuBLAS	cublasGemmEx/F16	blk.20.ffn_down.weight	ffn_out-20	f16	f32	f32	3584	1024	1	1	3584	512	1	1	7168	7340032	7340032	14336	7340032	7340032	1	1	0	1	1
T1-qwen35-08b-f16	r1	text-pp512-tg64	text_prefill	1	eager	MUL_MAT	cuBLAS	cublasGemmEx/F16	blk.20.ffn_gate.weight	ffn_gate-20	f16	f32	f32	1024	3584	1	1	1024	512	1	1	2048	7340032	7340032	4096	2097152	2097152	1	1	0	1	1
T1-qwen35-08b-f16	r1	text-pp512-tg64	text_prefill	1	eager	MUL_MAT	cuBLAS	cublasGemmEx/F16	blk.20.ffn_up.weight	ffn_up-20	f16	f32	f32	1024	3584	1	1	1024	512	1	1	2048	7340032	7340032	4096	2097152	2097152	1	1	0	1	1
T1-qwen35-08b-f16	r1	text-pp512-tg64	text_prefill	1	eager	MUL_MAT	cuBLAS	cublasGemmEx/F16	blk.20.ssm_alpha.weight	node_1234	f16	f32	f32	1024	16	1	1	1024	512	1	1	2048	32768	32768	4096	2097152	2097152	1	1	0	1	1
T1-qwen35-08b-f16	r1	text-pp512-tg64	text_prefill	1	eager	MUL_MAT	cuBLAS	cublasGemmEx/F16	blk.20.ssm_beta.weight	node_1240	f16	f32	f32	1024	16	1	1	1024	512	1	1	2048	32768	32768	4096	2097152	2097152	1	1	0	1	1
T1-qwen35-08b-f16	r1	text-pp512-tg64	text_prefill	1	eager	MUL_MAT	cuBLAS	cublasGemmEx/F16	blk.20.ssm_out.weight	linear_attn_out-20	f16	f32	f32	2048	1024	1	1	2048	512	1	1	4096	4194304	4194304	8192	4194304	4194304	1	1	0	1	1
T1-qwen35-08b-f16	r1	text-pp512-tg64	text_prefill	1	eager	MUL_MAT	cuBLAS	cublasGemmEx/F16	blk.21.attn_gate.weight	z-21	f16	f32	f32	1024	2048	1	1	1024	512	1	1	2048	4194304	4194304	4096	2097152	2097152	1	1	0	1	1
T1-qwen35-08b-f16	r1	text-pp512-tg64	text_prefill	1	eager	MUL_MAT	cuBLAS	cublasGemmEx/F16	blk.21.attn_qkv.weight	node_1276	f16	f32	f32	1024	6144	1	1	1024	512	1	1	2048	12582912	12582912	4096	2097152	2097152	1	1	0	1	1
T1-qwen35-08b-f16	r1	text-pp512-tg64	text_prefill	1	eager	MUL_MAT	cuBLAS	cublasGemmEx/F16	blk.21.ffn_down.weight	ffn_out-21	f16	f32	f32	3584	1024	1	1	3584	512	1	1	7168	7340032	7340032	14336	7340032	7340032	1	1	0	1	1
T1-qwen35-08b-f16	r1	text-pp512-tg64	text_prefill	1	eager	MUL_MAT	cuBLAS	cublasGemmEx/F16	blk.21.ffn_gate.weight	ffn_gate-21	f16	f32	f32	1024	3584	1	1	1024	512	1	1	2048	7340032	7340032	4096	2097152	2097152	1	1	0	1	1
T1-qwen35-08b-f16	r1	text-pp512-tg64	text_prefill	1	eager	MUL_MAT	cuBLAS	cublasGemmEx/F16	blk.21.ffn_up.weight	ffn_up-21	f16	f32	f32	1024	3584	1	1	1024	512	1	1	2048	7340032	7340032	4096	2097152	2097152	1	1	0	1	1
T1-qwen35-08b-f16	r1	text-pp512-tg64	text_prefill	1	eager	MUL_MAT	cuBLAS	cublasGemmEx/F16	blk.21.ssm_alpha.weight	node_1297	f16	f32	f32	1024	16	1	1	1024	512	1	1	2048	32768	32768	4096	2097152	2097152	1	1	0	1	1
T1-qwen35-08b-f16	r1	text-pp512-tg64	text_prefill	1	eager	MUL_MAT	cuBLAS	cublasGemmEx/F16	blk.21.ssm_beta.weight	node_1303	f16	f32	f32	1024	16	1	1	1024	512	1	1	2048	32768	32768	4096	2097152	2097152	1	1	0	1	1
T1-qwen35-08b-f16	r1	text-pp512-tg64	text_prefill	1	eager	MUL_MAT	cuBLAS	cublasGemmEx/F16	blk.21.ssm_out.weight	linear_attn_out-21	f16	f32	f32	2048	1024	1	1	2048	512	1	1	4096	4194304	4194304	8192	4194304	4194304	1	1	0	1	1
T1-qwen35-08b-f16	r1	text-pp512-tg64	text_prefill	1	eager	MUL_MAT	cuBLAS	cublasGemmEx/F16	blk.22.attn_gate.weight	z-22	f16	f32	f32	1024	2048	1	1	1024	512	1	1	2048	4194304	4194304	4096	2097152	2097152	1	1	0	1	1
T1-qwen35-08b-f16	r1	text-pp512-tg64	text_prefill	1	eager	MUL_MAT	cuBLAS	cublasGemmEx/F16	blk.22.attn_qkv.weight	node_1339	f16	f32	f32	1024	6144	1	1	1024	512	1	1	2048	12582912	12582912	4096	2097152	2097152	1	1	0	1	1
T1-qwen35-08b-f16	r1	text-pp512-tg64	text_prefill	1	eager	MUL_MAT	cuBLAS	cublasGemmEx/F16	blk.22.ffn_down.weight	ffn_out-22	f16	f32	f32	3584	1024	1	1	3584	512	1	1	7168	7340032	7340032	14336	7340032	7340032	1	1	0	1	1
T1-qwen35-08b-f16	r1	text-pp512-tg64	text_prefill	1	eager	MUL_MAT	cuBLAS	cublasGemmEx/F16	blk.22.ffn_gate.weight	ffn_gate-22	f16	f32	f32	1024	3584	1	1	1024	512	1	1	2048	7340032	7340032	4096	2097152	2097152	1	1	0	1	1
T1-qwen35-08b-f16	r1	text-pp512-tg64	text_prefill	1	eager	MUL_MAT	cuBLAS	cublasGemmEx/F16	blk.22.ffn_up.weight	ffn_up-22	f16	f32	f32	1024	3584	1	1	1024	512	1	1	2048	7340032	7340032	4096	2097152	2097152	1	1	0	1	1
T1-qwen35-08b-f16	r1	text-pp512-tg64	text_prefill	1	eager	MUL_MAT	cuBLAS	cublasGemmEx/F16	blk.22.ssm_alpha.weight	node_1360	f16	f32	f32	1024	16	1	1	1024	512	1	1	2048	32768	32768	4096	2097152	2097152	1	1	0	1	1
T1-qwen35-08b-f16	r1	text-pp512-tg64	text_prefill	1	eager	MUL_MAT	cuBLAS	cublasGemmEx/F16	blk.22.ssm_beta.weight	node_1366	f16	f32	f32	1024	16	1	1	1024	512	1	1	2048	32768	32768	4096	2097152	2097152	1	1	0	1	1
T1-qwen35-08b-f16	r1	text-pp512-tg64	text_prefill	1	eager	MUL_MAT	cuBLAS	cublasGemmEx/F16	blk.22.ssm_out.weight	linear_attn_out-22	f16	f32	f32	2048	1024	1	1	2048	512	1	1	4096	4194304	4194304	8192	4194304	4194304	1	1	0	1	1
T1-qwen35-08b-f16	r1	text-pp512-tg64	text_prefill	1	eager	MUL_MAT	cuBLAS	cublasGemmEx/F16	blk.23.attn_k.weight	Kcur-23	f16	f32	f32	1024	512	1	1	1024	512	1	1	2048	1048576	1048576	4096	2097152	2097152	1	1	0	1	1
T1-qwen35-08b-f16	r1	text-pp512-tg64	text_prefill	1	eager	MUL_MAT	cuBLAS	cublasGemmEx/F16	blk.23.attn_output.weight	attn_output-23	f16	f32	f32	2048	1024	1	1	2048	512	1	1	4096	4194304	4194304	8192	4194304	4194304	1	1	0	1	1
T1-qwen35-08b-f16	r1	text-pp512-tg64	text_prefill	1	eager	MUL_MAT	cuBLAS	cublasGemmEx/F16	blk.23.attn_q.weight	Qcur_full-23	f16	f32	f32	1024	4096	1	1	1024	512	1	1	2048	8388608	8388608	4096	2097152	2097152	1	1	0	1	1
T1-qwen35-08b-f16	r1	text-pp512-tg64	text_prefill	1	eager	MUL_MAT	cuBLAS	cublasGemmEx/F16	blk.23.attn_v.weight	Vcur-23	f16	f32	f32	1024	512	1	1	1024	512	1	1	2048	1048576	1048576	4096	2097152	2097152	1	1	0	1	1
T1-qwen35-08b-f16	r1	text-pp512-tg64	text_prefill	1	eager	MUL_MAT	cuBLAS	cublasGemmEx/F16	blk.23.ffn_down.weight	ffn_out-23	f16	f32	f32	3584	1024	1	1	3584	512	1	1	7168	7340032	7340032	14336	7340032	7340032	1	1	0	1	1
T1-qwen35-08b-f16	r1	text-pp512-tg64	text_prefill	1	eager	MUL_MAT	cuBLAS	cublasGemmEx/F16	blk.23.ffn_gate.weight	ffn_gate-23	f16	f32	f32	1024	3584	1	1	1024	512	1	1	2048	7340032	7340032	4096	2097152	2097152	1	1	0	1	1
T1-qwen35-08b-f16	r1	text-pp512-tg64	text_prefill	1	eager	MUL_MAT	cuBLAS	cublasGemmEx/F16	blk.23.ffn_up.weight	ffn_up-23	f16	f32	f32	1024	3584	1	1	1024	512	1	1	2048	7340032	7340032	4096	2097152	2097152	1	1	0	1	1
T1-qwen35-08b-f16	r1	text-pp512-tg64	text_prefill	1	eager	MUL_MAT	cuBLAS	cublasGemmEx/F16	blk.3.attn_k.weight	Kcur-3	f16	f32	f32	1024	512	1	1	1024	512	1	1	2048	1048576	1048576	4096	2097152	2097152	1	1	0	1	1
T1-qwen35-08b-f16	r1	text-pp512-tg64	text_prefill	1	eager	MUL_MAT	cuBLAS	cublasGemmEx/F16	blk.3.attn_output.weight	attn_output-3	f16	f32	f32	2048	1024	1	1	2048	512	1	1	4096	4194304	4194304	8192	4194304	4194304	1	1	0	1	1
T1-qwen35-08b-f16	r1	text-pp512-tg64	text_prefill	1	eager	MUL_MAT	cuBLAS	cublasGemmEx/F16	blk.3.attn_q.weight	Qcur_full-3	f16	f32	f32	1024	4096	1	1	1024	512	1	1	2048	8388608	8388608	4096	2097152	2097152	1	1	0	1	1
T1-qwen35-08b-f16	r1	text-pp512-tg64	text_prefill	1	eager	MUL_MAT	cuBLAS	cublasGemmEx/F16	blk.3.attn_v.weight	Vcur-3	f16	f32	f32	1024	512	1	1	1024	512	1	1	2048	1048576	1048576	4096	2097152	2097152	1	1	0	1	1
T1-qwen35-08b-f16	r1	text-pp512-tg64	text_prefill	1	eager	MUL_MAT	cuBLAS	cublasGemmEx/F16	blk.3.ffn_down.weight	ffn_out-3	f16	f32	f32	3584	1024	1	1	3584	512	1	1	7168	7340032	7340032	14336	7340032	7340032	1	1	0	1	1
T1-qwen35-08b-f16	r1	text-pp512-tg64	text_prefill	1	eager	MUL_MAT	cuBLAS	cublasGemmEx/F16	blk.3.ffn_gate.weight	ffn_gate-3	f16	f32	f32	1024	3584	1	1	1024	512	1	1	2048	7340032	7340032	4096	2097152	2097152	1	1	0	1	1
T1-qwen35-08b-f16	r1	text-pp512-tg64	text_prefill	1	eager	MUL_MAT	cuBLAS	cublasGemmEx/F16	blk.3.ffn_up.weight	ffn_up-3	f16	f32	f32	1024	3584	1	1	1024	512	1	1	2048	7340032	7340032	4096	2097152	2097152	1	1	0	1	1
T1-qwen35-08b-f16	r1	text-pp512-tg64	text_prefill	1	eager	MUL_MAT	cuBLAS	cublasGemmEx/F16	blk.4.attn_gate.weight	z-4	f16	f32	f32	1024	2048	1	1	1024	512	1	1	2048	4194304	4194304	4096	2097152	2097152	1	1	0	1	1
T1-qwen35-08b-f16	r1	text-pp512-tg64	text_prefill	1	eager	MUL_MAT	cuBLAS	cublasGemmEx/F16	blk.4.attn_qkv.weight	node_253	f16	f32	f32	1024	6144	1	1	1024	512	1	1	2048	12582912	12582912	4096	2097152	2097152	1	1	0	1	1
T1-qwen35-08b-f16	r1	text-pp512-tg64	text_prefill	1	eager	MUL_MAT	cuBLAS	cublasGemmEx/F16	blk.4.ffn_down.weight	ffn_out-4	f16	f32	f32	3584	1024	1	1	3584	512	1	1	7168	7340032	7340032	14336	7340032	7340032	1	1	0	1	1
T1-qwen35-08b-f16	r1	text-pp512-tg64	text_prefill	1	eager	MUL_MAT	cuBLAS	cublasGemmEx/F16	blk.4.ffn_gate.weight	ffn_gate-4	f16	f32	f32	1024	3584	1	1	1024	512	1	1	2048	7340032	7340032	4096	2097152	2097152	1	1	0	1	1
T1-qwen35-08b-f16	r1	text-pp512-tg64	text_prefill	1	eager	MUL_MAT	cuBLAS	cublasGemmEx/F16	blk.4.ffn_up.weight	ffn_up-4	f16	f32	f32	1024	3584	1	1	1024	512	1	1	2048	7340032	7340032	4096	2097152	2097152	1	1	0	1	1
T1-qwen35-08b-f16	r1	text-pp512-tg64	text_prefill	1	eager	MUL_MAT	cuBLAS	cublasGemmEx/F16	blk.4.ssm_alpha.weight	node_274	f16	f32	f32	1024	16	1	1	1024	512	1	1	2048	32768	32768	4096	2097152	2097152	1	1	0	1	1
T1-qwen35-08b-f16	r1	text-pp512-tg64	text_prefill	1	eager	MUL_MAT	cuBLAS	cublasGemmEx/F16	blk.4.ssm_beta.weight	node_280	f16	f32	f32	1024	16	1	1	1024	512	1	1	2048	32768	32768	4096	2097152	2097152	1	1	0	1	1
T1-qwen35-08b-f16	r1	text-pp512-tg64	text_prefill	1	eager	MUL_MAT	cuBLAS	cublasGemmEx/F16	blk.4.ssm_out.weight	linear_attn_out-4	f16	f32	f32	2048	1024	1	1	2048	512	1	1	4096	4194304	4194304	8192	4194304	4194304	1	1	0	1	1
T1-qwen35-08b-f16	r1	text-pp512-tg64	text_prefill	1	eager	MUL_MAT	cuBLAS	cublasGemmEx/F16	blk.5.attn_gate.weight	z-5	f16	f32	f32	1024	2048	1	1	1024	512	1	1	2048	4194304	4194304	4096	2097152	2097152	1	1	0	1	1
T1-qwen35-08b-f16	r1	text-pp512-tg64	text_prefill	1	eager	MUL_MAT	cuBLAS	cublasGemmEx/F16	blk.5.attn_qkv.weight	node_316	f16	f32	f32	1024	6144	1	1	1024	512	1	1	2048	12582912	12582912	4096	2097152	2097152	1	1	0	1	1
T1-qwen35-08b-f16	r1	text-pp512-tg64	text_prefill	1	eager	MUL_MAT	cuBLAS	cublasGemmEx/F16	blk.5.ffn_down.weight	ffn_out-5	f16	f32	f32	3584	1024	1	1	3584	512	1	1	7168	7340032	7340032	14336	7340032	7340032	1	1	0	1	1
T1-qwen35-08b-f16	r1	text-pp512-tg64	text_prefill	1	eager	MUL_MAT	cuBLAS	cublasGemmEx/F16	blk.5.ffn_gate.weight	ffn_gate-5	f16	f32	f32	1024	3584	1	1	1024	512	1	1	2048	7340032	7340032	4096	2097152	2097152	1	1	0	1	1
T1-qwen35-08b-f16	r1	text-pp512-tg64	text_prefill	1	eager	MUL_MAT	cuBLAS	cublasGemmEx/F16	blk.5.ffn_up.weight	ffn_up-5	f16	f32	f32	1024	3584	1	1	1024	512	1	1	2048	7340032	7340032	4096	2097152	2097152	1	1	0	1	1
T1-qwen35-08b-f16	r1	text-pp512-tg64	text_prefill	1	eager	MUL_MAT	cuBLAS	cublasGemmEx/F16	blk.5.ssm_alpha.weight	node_337	f16	f32	f32	1024	16	1	1	1024	512	1	1	2048	32768	32768	4096	2097152	2097152	1	1	0	1	1
T1-qwen35-08b-f16	r1	text-pp512-tg64	text_prefill	1	eager	MUL_MAT	cuBLAS	cublasGemmEx/F16	blk.5.ssm_beta.weight	node_343	f16	f32	f32	1024	16	1	1	1024	512	1	1	2048	32768	32768	4096	2097152	2097152	1	1	0	1	1
T1-qwen35-08b-f16	r1	text-pp512-tg64	text_prefill	1	eager	MUL_MAT	cuBLAS	cublasGemmEx/F16	blk.5.ssm_out.weight	linear_attn_out-5	f16	f32	f32	2048	1024	1	1	2048	512	1	1	4096	4194304	4194304	8192	4194304	4194304	1	1	0	1	1
T1-qwen35-08b-f16	r1	text-pp512-tg64	text_prefill	1	eager	MUL_MAT	cuBLAS	cublasGemmEx/F16	blk.6.attn_gate.weight	z-6	f16	f32	f32	1024	2048	1	1	1024	512	1	1	2048	4194304	4194304	4096	2097152	2097152	1	1	0	1	1
T1-qwen35-08b-f16	r1	text-pp512-tg64	text_prefill	1	eager	MUL_MAT	cuBLAS	cublasGemmEx/F16	blk.6.attn_qkv.weight	node_379	f16	f32	f32	1024	6144	1	1	1024	512	1	1	2048	12582912	12582912	4096	2097152	2097152	1	1	0	1	1
T1-qwen35-08b-f16	r1	text-pp512-tg64	text_prefill	1	eager	MUL_MAT	cuBLAS	cublasGemmEx/F16	blk.6.ffn_down.weight	ffn_out-6	f16	f32	f32	3584	1024	1	1	3584	512	1	1	7168	7340032	7340032	14336	7340032	7340032	1	1	0	1	1
T1-qwen35-08b-f16	r1	text-pp512-tg64	text_prefill	1	eager	MUL_MAT	cuBLAS	cublasGemmEx/F16	blk.6.ffn_gate.weight	ffn_gate-6	f16	f32	f32	1024	3584	1	1	1024	512	1	1	2048	7340032	7340032	4096	2097152	2097152	1	1	0	1	1
T1-qwen35-08b-f16	r1	text-pp512-tg64	text_prefill	1	eager	MUL_MAT	cuBLAS	cublasGemmEx/F16	blk.6.ffn_up.weight	ffn_up-6	f16	f32	f32	1024	3584	1	1	1024	512	1	1	2048	7340032	7340032	4096	2097152	2097152	1	1	0	1	1
T1-qwen35-08b-f16	r1	text-pp512-tg64	text_prefill	1	eager	MUL_MAT	cuBLAS	cublasGemmEx/F16	blk.6.ssm_alpha.weight	node_400	f16	f32	f32	1024	16	1	1	1024	512	1	1	2048	32768	32768	4096	2097152	2097152	1	1	0	1	1
T1-qwen35-08b-f16	r1	text-pp512-tg64	text_prefill	1	eager	MUL_MAT	cuBLAS	cublasGemmEx/F16	blk.6.ssm_beta.weight	node_406	f16	f32	f32	1024	16	1	1	1024	512	1	1	2048	32768	32768	4096	2097152	2097152	1	1	0	1	1
T1-qwen35-08b-f16	r1	text-pp512-tg64	text_prefill	1	eager	MUL_MAT	cuBLAS	cublasGemmEx/F16	blk.6.ssm_out.weight	linear_attn_out-6	f16	f32	f32	2048	1024	1	1	2048	512	1	1	4096	4194304	4194304	8192	4194304	4194304	1	1	0	1	1
T1-qwen35-08b-f16	r1	text-pp512-tg64	text_prefill	1	eager	MUL_MAT	cuBLAS	cublasGemmEx/F16	blk.7.attn_k.weight	Kcur-7	f16	f32	f32	1024	512	1	1	1024	512	1	1	2048	1048576	1048576	4096	2097152	2097152	1	1	0	1	1
T1-qwen35-08b-f16	r1	text-pp512-tg64	text_prefill	1	eager	MUL_MAT	cuBLAS	cublasGemmEx/F16	blk.7.attn_output.weight	attn_output-7	f16	f32	f32	2048	1024	1	1	2048	512	1	1	4096	4194304	4194304	8192	4194304	4194304	1	1	0	1	1
T1-qwen35-08b-f16	r1	text-pp512-tg64	text_prefill	1	eager	MUL_MAT	cuBLAS	cublasGemmEx/F16	blk.7.attn_q.weight	Qcur_full-7	f16	f32	f32	1024	4096	1	1	1024	512	1	1	2048	8388608	8388608	4096	2097152	2097152	1	1	0	1	1
T1-qwen35-08b-f16	r1	text-pp512-tg64	text_prefill	1	eager	MUL_MAT	cuBLAS	cublasGemmEx/F16	blk.7.attn_v.weight	Vcur-7	f16	f32	f32	1024	512	1	1	1024	512	1	1	2048	1048576	1048576	4096	2097152	2097152	1	1	0	1	1
T1-qwen35-08b-f16	r1	text-pp512-tg64	text_prefill	1	eager	MUL_MAT	cuBLAS	cublasGemmEx/F16	blk.7.ffn_down.weight	ffn_out-7	f16	f32	f32	3584	1024	1	1	3584	512	1	1	7168	7340032	7340032	14336	7340032	7340032	1	1	0	1	1
T1-qwen35-08b-f16	r1	text-pp512-tg64	text_prefill	1	eager	MUL_MAT	cuBLAS	cublasGemmEx/F16	blk.7.ffn_gate.weight	ffn_gate-7	f16	f32	f32	1024	3584	1	1	1024	512	1	1	2048	7340032	7340032	4096	2097152	2097152	1	1	0	1	1
T1-qwen35-08b-f16	r1	text-pp512-tg64	text_prefill	1	eager	MUL_MAT	cuBLAS	cublasGemmEx/F16	blk.7.ffn_up.weight	ffn_up-7	f16	f32	f32	1024	3584	1	1	1024	512	1	1	2048	7340032	7340032	4096	2097152	2097152	1	1	0	1	1
T1-qwen35-08b-f16	r1	text-pp512-tg64	text_prefill	1	eager	MUL_MAT	cuBLAS	cublasGemmEx/F16	blk.8.attn_gate.weight	z-8	f16	f32	f32	1024	2048	1	1	1024	512	1	1	2048	4194304	4194304	4096	2097152	2097152	1	1	0	1	1
T1-qwen35-08b-f16	r1	text-pp512-tg64	text_prefill	1	eager	MUL_MAT	cuBLAS	cublasGemmEx/F16	blk.8.attn_qkv.weight	node_493	f16	f32	f32	1024	6144	1	1	1024	512	1	1	2048	12582912	12582912	4096	2097152	2097152	1	1	0	1	1
T1-qwen35-08b-f16	r1	text-pp512-tg64	text_prefill	1	eager	MUL_MAT	cuBLAS	cublasGemmEx/F16	blk.8.ffn_down.weight	ffn_out-8	f16	f32	f32	3584	1024	1	1	3584	512	1	1	7168	7340032	7340032	14336	7340032	7340032	1	1	0	1	1
T1-qwen35-08b-f16	r1	text-pp512-tg64	text_prefill	1	eager	MUL_MAT	cuBLAS	cublasGemmEx/F16	blk.8.ffn_gate.weight	ffn_gate-8	f16	f32	f32	1024	3584	1	1	1024	512	1	1	2048	7340032	7340032	4096	2097152	2097152	1	1	0	1	1
T1-qwen35-08b-f16	r1	text-pp512-tg64	text_prefill	1	eager	MUL_MAT	cuBLAS	cublasGemmEx/F16	blk.8.ffn_up.weight	ffn_up-8	f16	f32	f32	1024	3584	1	1	1024	512	1	1	2048	7340032	7340032	4096	2097152	2097152	1	1	0	1	1
T1-qwen35-08b-f16	r1	text-pp512-tg64	text_prefill	1	eager	MUL_MAT	cuBLAS	cublasGemmEx/F16	blk.8.ssm_alpha.weight	node_514	f16	f32	f32	1024	16	1	1	1024	512	1	1	2048	32768	32768	4096	2097152	2097152	1	1	0	1	1
T1-qwen35-08b-f16	r1	text-pp512-tg64	text_prefill	1	eager	MUL_MAT	cuBLAS	cublasGemmEx/F16	blk.8.ssm_beta.weight	node_520	f16	f32	f32	1024	16	1	1	1024	512	1	1	2048	32768	32768	4096	2097152	2097152	1	1	0	1	1
T1-qwen35-08b-f16	r1	text-pp512-tg64	text_prefill	1	eager	MUL_MAT	cuBLAS	cublasGemmEx/F16	blk.8.ssm_out.weight	linear_attn_out-8	f16	f32	f32	2048	1024	1	1	2048	512	1	1	4096	4194304	4194304	8192	4194304	4194304	1	1	0	1	1
T1-qwen35-08b-f16	r1	text-pp512-tg64	text_prefill	1	eager	MUL_MAT	cuBLAS	cublasGemmEx/F16	blk.9.attn_gate.weight	z-9	f16	f32	f32	1024	2048	1	1	1024	512	1	1	2048	4194304	4194304	4096	2097152	2097152	1	1	0	1	1
T1-qwen35-08b-f16	r1	text-pp512-tg64	text_prefill	1	eager	MUL_MAT	cuBLAS	cublasGemmEx/F16	blk.9.attn_qkv.weight	node_556	f16	f32	f32	1024	6144	1	1	1024	512	1	1	2048	12582912	12582912	4096	2097152	2097152	1	1	0	1	1
T1-qwen35-08b-f16	r1	text-pp512-tg64	text_prefill	1	eager	MUL_MAT	cuBLAS	cublasGemmEx/F16	blk.9.ffn_down.weight	ffn_out-9	f16	f32	f32	3584	1024	1	1	3584	512	1	1	7168	7340032	7340032	14336	7340032	7340032	1	1	0	1	1
T1-qwen35-08b-f16	r1	text-pp512-tg64	text_prefill	1	eager	MUL_MAT	cuBLAS	cublasGemmEx/F16	blk.9.ffn_gate.weight	ffn_gate-9	f16	f32	f32	1024	3584	1	1	1024	512	1	1	2048	7340032	7340032	4096	2097152	2097152	1	1	0	1	1
T1-qwen35-08b-f16	r1	text-pp512-tg64	text_prefill	1	eager	MUL_MAT	cuBLAS	cublasGemmEx/F16	blk.9.ffn_up.weight	ffn_up-9	f16	f32	f32	1024	3584	1	1	1024	512	1	1	2048	7340032	7340032	4096	2097152	2097152	1	1	0	1	1
T1-qwen35-08b-f16	r1	text-pp512-tg64	text_prefill	1	eager	MUL_MAT	cuBLAS	cublasGemmEx/F16	blk.9.ssm_alpha.weight	node_577	f16	f32	f32	1024	16	1	1	1024	512	1	1	2048	32768	32768	4096	2097152	2097152	1	1	0	1	1
T1-qwen35-08b-f16	r1	text-pp512-tg64	text_prefill	1	eager	MUL_MAT	cuBLAS	cublasGemmEx/F16	blk.9.ssm_beta.weight	node_583	f16	f32	f32	1024	16	1	1	1024	512	1	1	2048	32768	32768	4096	2097152	2097152	1	1	0	1	1
T1-qwen35-08b-f16	r1	text-pp512-tg64	text_prefill	1	eager	MUL_MAT	cuBLAS	cublasGemmEx/F16	blk.9.ssm_out.weight	linear_attn_out-9	f16	f32	f32	2048	1024	1	1	2048	512	1	1	4096	4194304	4194304	8192	4194304	4194304	1	1	0	1	1
T2-qwen35-08b-bf16	outside	outside	text_prefill	0	eager	MUL_MAT	cuBLAS	cublasGemmEx/BF16	blk.0.ssm_alpha.weight	node_34	bf16	f32	f32	1024	16	1	1	1024	2	1	1	2048	32768	32768	4096	8192	8192	1	1	0	1	1
T2-qwen35-08b-bf16	outside	outside	text_prefill	0	eager	MUL_MAT	cuBLAS	cublasGemmEx/BF16	blk.0.ssm_beta.weight	node_40	bf16	f32	f32	1024	16	1	1	1024	2	1	1	2048	32768	32768	4096	8192	8192	1	1	0	1	1
T2-qwen35-08b-bf16	outside	outside	text_prefill	0	eager	MUL_MAT	cuBLAS	cublasGemmEx/BF16	blk.1.ssm_alpha.weight	node_97	bf16	f32	f32	1024	16	1	1	1024	2	1	1	2048	32768	32768	4096	8192	8192	1	1	0	1	1
T2-qwen35-08b-bf16	outside	outside	text_prefill	0	eager	MUL_MAT	cuBLAS	cublasGemmEx/BF16	blk.1.ssm_beta.weight	node_103	bf16	f32	f32	1024	16	1	1	1024	2	1	1	2048	32768	32768	4096	8192	8192	1	1	0	1	1
T2-qwen35-08b-bf16	outside	outside	text_prefill	0	eager	MUL_MAT	cuBLAS	cublasGemmEx/BF16	blk.10.ssm_alpha.weight	node_640	bf16	f32	f32	1024	16	1	1	1024	2	1	1	2048	32768	32768	4096	8192	8192	1	1	0	1	1
T2-qwen35-08b-bf16	outside	outside	text_prefill	0	eager	MUL_MAT	cuBLAS	cublasGemmEx/BF16	blk.10.ssm_beta.weight	node_646	bf16	f32	f32	1024	16	1	1	1024	2	1	1	2048	32768	32768	4096	8192	8192	1	1	0	1	1
T2-qwen35-08b-bf16	outside	outside	text_prefill	0	eager	MUL_MAT	cuBLAS	cublasGemmEx/BF16	blk.12.ssm_alpha.weight	node_754	bf16	f32	f32	1024	16	1	1	1024	2	1	1	2048	32768	32768	4096	8192	8192	1	1	0	1	1
T2-qwen35-08b-bf16	outside	outside	text_prefill	0	eager	MUL_MAT	cuBLAS	cublasGemmEx/BF16	blk.12.ssm_beta.weight	node_760	bf16	f32	f32	1024	16	1	1	1024	2	1	1	2048	32768	32768	4096	8192	8192	1	1	0	1	1
T2-qwen35-08b-bf16	outside	outside	text_prefill	0	eager	MUL_MAT	cuBLAS	cublasGemmEx/BF16	blk.13.ssm_alpha.weight	node_817	bf16	f32	f32	1024	16	1	1	1024	2	1	1	2048	32768	32768	4096	8192	8192	1	1	0	1	1
T2-qwen35-08b-bf16	outside	outside	text_prefill	0	eager	MUL_MAT	cuBLAS	cublasGemmEx/BF16	blk.13.ssm_beta.weight	node_823	bf16	f32	f32	1024	16	1	1	1024	2	1	1	2048	32768	32768	4096	8192	8192	1	1	0	1	1
T2-qwen35-08b-bf16	outside	outside	text_prefill	0	eager	MUL_MAT	cuBLAS	cublasGemmEx/BF16	blk.14.ssm_alpha.weight	node_880	bf16	f32	f32	1024	16	1	1	1024	2	1	1	2048	32768	32768	4096	8192	8192	1	1	0	1	1
T2-qwen35-08b-bf16	outside	outside	text_prefill	0	eager	MUL_MAT	cuBLAS	cublasGemmEx/BF16	blk.14.ssm_beta.weight	node_886	bf16	f32	f32	1024	16	1	1	1024	2	1	1	2048	32768	32768	4096	8192	8192	1	1	0	1	1
T2-qwen35-08b-bf16	outside	outside	text_prefill	0	eager	MUL_MAT	cuBLAS	cublasGemmEx/BF16	blk.16.ssm_alpha.weight	node_994	bf16	f32	f32	1024	16	1	1	1024	2	1	1	2048	32768	32768	4096	8192	8192	1	1	0	1	1
T2-qwen35-08b-bf16	outside	outside	text_prefill	0	eager	MUL_MAT	cuBLAS	cublasGemmEx/BF16	blk.16.ssm_beta.weight	node_1000	bf16	f32	f32	1024	16	1	1	1024	2	1	1	2048	32768	32768	4096	8192	8192	1	1	0	1	1
T2-qwen35-08b-bf16	outside	outside	text_prefill	0	eager	MUL_MAT	cuBLAS	cublasGemmEx/BF16	blk.17.ssm_alpha.weight	node_1057	bf16	f32	f32	1024	16	1	1	1024	2	1	1	2048	32768	32768	4096	8192	8192	1	1	0	1	1
T2-qwen35-08b-bf16	outside	outside	text_prefill	0	eager	MUL_MAT	cuBLAS	cublasGemmEx/BF16	blk.17.ssm_beta.weight	node_1063	bf16	f32	f32	1024	16	1	1	1024	2	1	1	2048	32768	32768	4096	8192	8192	1	1	0	1	1
T2-qwen35-08b-bf16	outside	outside	text_prefill	0	eager	MUL_MAT	cuBLAS	cublasGemmEx/BF16	blk.18.ssm_alpha.weight	node_1120	bf16	f32	f32	1024	16	1	1	1024	2	1	1	2048	32768	32768	4096	8192	8192	1	1	0	1	1
T2-qwen35-08b-bf16	outside	outside	text_prefill	0	eager	MUL_MAT	cuBLAS	cublasGemmEx/BF16	blk.18.ssm_beta.weight	node_1126	bf16	f32	f32	1024	16	1	1	1024	2	1	1	2048	32768	32768	4096	8192	8192	1	1	0	1	1
T2-qwen35-08b-bf16	outside	outside	text_prefill	0	eager	MUL_MAT	cuBLAS	cublasGemmEx/BF16	blk.2.ssm_alpha.weight	node_160	bf16	f32	f32	1024	16	1	1	1024	2	1	1	2048	32768	32768	4096	8192	8192	1	1	0	1	1
T2-qwen35-08b-bf16	outside	outside	text_prefill	0	eager	MUL_MAT	cuBLAS	cublasGemmEx/BF16	blk.2.ssm_beta.weight	node_166	bf16	f32	f32	1024	16	1	1	1024	2	1	1	2048	32768	32768	4096	8192	8192	1	1	0	1	1
T2-qwen35-08b-bf16	outside	outside	text_prefill	0	eager	MUL_MAT	cuBLAS	cublasGemmEx/BF16	blk.20.ssm_alpha.weight	node_1234	bf16	f32	f32	1024	16	1	1	1024	2	1	1	2048	32768	32768	4096	8192	8192	1	1	0	1	1
T2-qwen35-08b-bf16	outside	outside	text_prefill	0	eager	MUL_MAT	cuBLAS	cublasGemmEx/BF16	blk.20.ssm_beta.weight	node_1240	bf16	f32	f32	1024	16	1	1	1024	2	1	1	2048	32768	32768	4096	8192	8192	1	1	0	1	1
T2-qwen35-08b-bf16	outside	outside	text_prefill	0	eager	MUL_MAT	cuBLAS	cublasGemmEx/BF16	blk.21.ssm_alpha.weight	node_1297	bf16	f32	f32	1024	16	1	1	1024	2	1	1	2048	32768	32768	4096	8192	8192	1	1	0	1	1
T2-qwen35-08b-bf16	outside	outside	text_prefill	0	eager	MUL_MAT	cuBLAS	cublasGemmEx/BF16	blk.21.ssm_beta.weight	node_1303	bf16	f32	f32	1024	16	1	1	1024	2	1	1	2048	32768	32768	4096	8192	8192	1	1	0	1	1
T2-qwen35-08b-bf16	outside	outside	text_prefill	0	eager	MUL_MAT	cuBLAS	cublasGemmEx/BF16	blk.22.ssm_alpha.weight	node_1360	bf16	f32	f32	1024	16	1	1	1024	2	1	1	2048	32768	32768	4096	8192	8192	1	1	0	1	1
T2-qwen35-08b-bf16	outside	outside	text_prefill	0	eager	MUL_MAT	cuBLAS	cublasGemmEx/BF16	blk.22.ssm_beta.weight	node_1366	bf16	f32	f32	1024	16	1	1	1024	2	1	1	2048	32768	32768	4096	8192	8192	1	1	0	1	1
T2-qwen35-08b-bf16	outside	outside	text_prefill	0	eager	MUL_MAT	cuBLAS	cublasGemmEx/BF16	blk.4.ssm_alpha.weight	node_274	bf16	f32	f32	1024	16	1	1	1024	2	1	1	2048	32768	32768	4096	8192	8192	1	1	0	1	1
T2-qwen35-08b-bf16	outside	outside	text_prefill	0	eager	MUL_MAT	cuBLAS	cublasGemmEx/BF16	blk.4.ssm_beta.weight	node_280	bf16	f32	f32	1024	16	1	1	1024	2	1	1	2048	32768	32768	4096	8192	8192	1	1	0	1	1
T2-qwen35-08b-bf16	outside	outside	text_prefill	0	eager	MUL_MAT	cuBLAS	cublasGemmEx/BF16	blk.5.ssm_alpha.weight	node_337	bf16	f32	f32	1024	16	1	1	1024	2	1	1	2048	32768	32768	4096	8192	8192	1	1	0	1	1
T2-qwen35-08b-bf16	outside	outside	text_prefill	0	eager	MUL_MAT	cuBLAS	cublasGemmEx/BF16	blk.5.ssm_beta.weight	node_343	bf16	f32	f32	1024	16	1	1	1024	2	1	1	2048	32768	32768	4096	8192	8192	1	1	0	1	1
T2-qwen35-08b-bf16	outside	outside	text_prefill	0	eager	MUL_MAT	cuBLAS	cublasGemmEx/BF16	blk.6.ssm_alpha.weight	node_400	bf16	f32	f32	1024	16	1	1	1024	2	1	1	2048	32768	32768	4096	8192	8192	1	1	0	1	1
T2-qwen35-08b-bf16	outside	outside	text_prefill	0	eager	MUL_MAT	cuBLAS	cublasGemmEx/BF16	blk.6.ssm_beta.weight	node_406	bf16	f32	f32	1024	16	1	1	1024	2	1	1	2048	32768	32768	4096	8192	8192	1	1	0	1	1
T2-qwen35-08b-bf16	outside	outside	text_prefill	0	eager	MUL_MAT	cuBLAS	cublasGemmEx/BF16	blk.8.ssm_alpha.weight	node_514	bf16	f32	f32	1024	16	1	1	1024	2	1	1	2048	32768	32768	4096	8192	8192	1	1	0	1	1
T2-qwen35-08b-bf16	outside	outside	text_prefill	0	eager	MUL_MAT	cuBLAS	cublasGemmEx/BF16	blk.8.ssm_beta.weight	node_520	bf16	f32	f32	1024	16	1	1	1024	2	1	1	2048	32768	32768	4096	8192	8192	1	1	0	1	1
T2-qwen35-08b-bf16	outside	outside	text_prefill	0	eager	MUL_MAT	cuBLAS	cublasGemmEx/BF16	blk.9.ssm_alpha.weight	node_577	bf16	f32	f32	1024	16	1	1	1024	2	1	1	2048	32768	32768	4096	8192	8192	1	1	0	1	1
T2-qwen35-08b-bf16	outside	outside	text_prefill	0	eager	MUL_MAT	cuBLAS	cublasGemmEx/BF16	blk.9.ssm_beta.weight	node_583	bf16	f32	f32	1024	16	1	1	1024	2	1	1	2048	32768	32768	4096	8192	8192	1	1	0	1	1
T2-qwen35-08b-bf16	r1	text-pp512-tg64	text_prefill	1	eager	MUL_MAT	cuBLAS	cublasGemmEx/BF16	blk.0.attn_gate.weight	z-0	bf16	f32	f32	1024	2048	1	1	1024	512	1	1	2048	4194304	4194304	4096	2097152	2097152	1	1	0	1	1
T2-qwen35-08b-bf16	r1	text-pp512-tg64	text_prefill	1	eager	MUL_MAT	cuBLAS	cublasGemmEx/BF16	blk.0.attn_qkv.weight	node_13	bf16	f32	f32	1024	6144	1	1	1024	512	1	1	2048	12582912	12582912	4096	2097152	2097152	1	1	0	1	1
T2-qwen35-08b-bf16	r1	text-pp512-tg64	text_prefill	1	eager	MUL_MAT	cuBLAS	cublasGemmEx/BF16	blk.0.ffn_down.weight	ffn_out-0	bf16	f32	f32	3584	1024	1	1	3584	512	1	1	7168	7340032	7340032	14336	7340032	7340032	1	1	0	1	1
T2-qwen35-08b-bf16	r1	text-pp512-tg64	text_prefill	1	eager	MUL_MAT	cuBLAS	cublasGemmEx/BF16	blk.0.ffn_gate.weight	ffn_gate-0	bf16	f32	f32	1024	3584	1	1	1024	512	1	1	2048	7340032	7340032	4096	2097152	2097152	1	1	0	1	1
T2-qwen35-08b-bf16	r1	text-pp512-tg64	text_prefill	1	eager	MUL_MAT	cuBLAS	cublasGemmEx/BF16	blk.0.ffn_up.weight	ffn_up-0	bf16	f32	f32	1024	3584	1	1	1024	512	1	1	2048	7340032	7340032	4096	2097152	2097152	1	1	0	1	1
T2-qwen35-08b-bf16	r1	text-pp512-tg64	text_prefill	1	eager	MUL_MAT	cuBLAS	cublasGemmEx/BF16	blk.0.ssm_alpha.weight	node_34	bf16	f32	f32	1024	16	1	1	1024	512	1	1	2048	32768	32768	4096	2097152	2097152	1	1	0	1	1
T2-qwen35-08b-bf16	r1	text-pp512-tg64	text_prefill	1	eager	MUL_MAT	cuBLAS	cublasGemmEx/BF16	blk.0.ssm_beta.weight	node_40	bf16	f32	f32	1024	16	1	1	1024	512	1	1	2048	32768	32768	4096	2097152	2097152	1	1	0	1	1
T2-qwen35-08b-bf16	r1	text-pp512-tg64	text_prefill	1	eager	MUL_MAT	cuBLAS	cublasGemmEx/BF16	blk.0.ssm_out.weight	linear_attn_out-0	bf16	f32	f32	2048	1024	1	1	2048	512	1	1	4096	4194304	4194304	8192	4194304	4194304	1	1	0	1	1
T2-qwen35-08b-bf16	r1	text-pp512-tg64	text_prefill	1	eager	MUL_MAT	cuBLAS	cublasGemmEx/BF16	blk.1.attn_gate.weight	z-1	bf16	f32	f32	1024	2048	1	1	1024	512	1	1	2048	4194304	4194304	4096	2097152	2097152	1	1	0	1	1
T2-qwen35-08b-bf16	r1	text-pp512-tg64	text_prefill	1	eager	MUL_MAT	cuBLAS	cublasGemmEx/BF16	blk.1.attn_qkv.weight	node_76	bf16	f32	f32	1024	6144	1	1	1024	512	1	1	2048	12582912	12582912	4096	2097152	2097152	1	1	0	1	1
T2-qwen35-08b-bf16	r1	text-pp512-tg64	text_prefill	1	eager	MUL_MAT	cuBLAS	cublasGemmEx/BF16	blk.1.ffn_down.weight	ffn_out-1	bf16	f32	f32	3584	1024	1	1	3584	512	1	1	7168	7340032	7340032	14336	7340032	7340032	1	1	0	1	1
T2-qwen35-08b-bf16	r1	text-pp512-tg64	text_prefill	1	eager	MUL_MAT	cuBLAS	cublasGemmEx/BF16	blk.1.ffn_gate.weight	ffn_gate-1	bf16	f32	f32	1024	3584	1	1	1024	512	1	1	2048	7340032	7340032	4096	2097152	2097152	1	1	0	1	1
T2-qwen35-08b-bf16	r1	text-pp512-tg64	text_prefill	1	eager	MUL_MAT	cuBLAS	cublasGemmEx/BF16	blk.1.ffn_up.weight	ffn_up-1	bf16	f32	f32	1024	3584	1	1	1024	512	1	1	2048	7340032	7340032	4096	2097152	2097152	1	1	0	1	1
T2-qwen35-08b-bf16	r1	text-pp512-tg64	text_prefill	1	eager	MUL_MAT	cuBLAS	cublasGemmEx/BF16	blk.1.ssm_alpha.weight	node_97	bf16	f32	f32	1024	16	1	1	1024	512	1	1	2048	32768	32768	4096	2097152	2097152	1	1	0	1	1
T2-qwen35-08b-bf16	r1	text-pp512-tg64	text_prefill	1	eager	MUL_MAT	cuBLAS	cublasGemmEx/BF16	blk.1.ssm_beta.weight	node_103	bf16	f32	f32	1024	16	1	1	1024	512	1	1	2048	32768	32768	4096	2097152	2097152	1	1	0	1	1
T2-qwen35-08b-bf16	r1	text-pp512-tg64	text_prefill	1	eager	MUL_MAT	cuBLAS	cublasGemmEx/BF16	blk.1.ssm_out.weight	linear_attn_out-1	bf16	f32	f32	2048	1024	1	1	2048	512	1	1	4096	4194304	4194304	8192	4194304	4194304	1	1	0	1	1
T2-qwen35-08b-bf16	r1	text-pp512-tg64	text_prefill	1	eager	MUL_MAT	cuBLAS	cublasGemmEx/BF16	blk.10.attn_gate.weight	z-10	bf16	f32	f32	1024	2048	1	1	1024	512	1	1	2048	4194304	4194304	4096	2097152	2097152	1	1	0	1	1
T2-qwen35-08b-bf16	r1	text-pp512-tg64	text_prefill	1	eager	MUL_MAT	cuBLAS	cublasGemmEx/BF16	blk.10.attn_qkv.weight	node_619	bf16	f32	f32	1024	6144	1	1	1024	512	1	1	2048	12582912	12582912	4096	2097152	2097152	1	1	0	1	1
T2-qwen35-08b-bf16	r1	text-pp512-tg64	text_prefill	1	eager	MUL_MAT	cuBLAS	cublasGemmEx/BF16	blk.10.ffn_down.weight	ffn_out-10	bf16	f32	f32	3584	1024	1	1	3584	512	1	1	7168	7340032	7340032	14336	7340032	7340032	1	1	0	1	1
T2-qwen35-08b-bf16	r1	text-pp512-tg64	text_prefill	1	eager	MUL_MAT	cuBLAS	cublasGemmEx/BF16	blk.10.ffn_gate.weight	ffn_gate-10	bf16	f32	f32	1024	3584	1	1	1024	512	1	1	2048	7340032	7340032	4096	2097152	2097152	1	1	0	1	1
T2-qwen35-08b-bf16	r1	text-pp512-tg64	text_prefill	1	eager	MUL_MAT	cuBLAS	cublasGemmEx/BF16	blk.10.ffn_up.weight	ffn_up-10	bf16	f32	f32	1024	3584	1	1	1024	512	1	1	2048	7340032	7340032	4096	2097152	2097152	1	1	0	1	1
T2-qwen35-08b-bf16	r1	text-pp512-tg64	text_prefill	1	eager	MUL_MAT	cuBLAS	cublasGemmEx/BF16	blk.10.ssm_alpha.weight	node_640	bf16	f32	f32	1024	16	1	1	1024	512	1	1	2048	32768	32768	4096	2097152	2097152	1	1	0	1	1
T2-qwen35-08b-bf16	r1	text-pp512-tg64	text_prefill	1	eager	MUL_MAT	cuBLAS	cublasGemmEx/BF16	blk.10.ssm_beta.weight	node_646	bf16	f32	f32	1024	16	1	1	1024	512	1	1	2048	32768	32768	4096	2097152	2097152	1	1	0	1	1
T2-qwen35-08b-bf16	r1	text-pp512-tg64	text_prefill	1	eager	MUL_MAT	cuBLAS	cublasGemmEx/BF16	blk.10.ssm_out.weight	linear_attn_out-10	bf16	f32	f32	2048	1024	1	1	2048	512	1	1	4096	4194304	4194304	8192	4194304	4194304	1	1	0	1	1
T2-qwen35-08b-bf16	r1	text-pp512-tg64	text_prefill	1	eager	MUL_MAT	cuBLAS	cublasGemmEx/BF16	blk.11.attn_k.weight	Kcur-11	bf16	f32	f32	1024	512	1	1	1024	512	1	1	2048	1048576	1048576	4096	2097152	2097152	1	1	0	1	1
T2-qwen35-08b-bf16	r1	text-pp512-tg64	text_prefill	1	eager	MUL_MAT	cuBLAS	cublasGemmEx/BF16	blk.11.attn_output.weight	attn_output-11	bf16	f32	f32	2048	1024	1	1	2048	512	1	1	4096	4194304	4194304	8192	4194304	4194304	1	1	0	1	1
T2-qwen35-08b-bf16	r1	text-pp512-tg64	text_prefill	1	eager	MUL_MAT	cuBLAS	cublasGemmEx/BF16	blk.11.attn_q.weight	Qcur_full-11	bf16	f32	f32	1024	4096	1	1	1024	512	1	1	2048	8388608	8388608	4096	2097152	2097152	1	1	0	1	1
T2-qwen35-08b-bf16	r1	text-pp512-tg64	text_prefill	1	eager	MUL_MAT	cuBLAS	cublasGemmEx/BF16	blk.11.attn_v.weight	Vcur-11	bf16	f32	f32	1024	512	1	1	1024	512	1	1	2048	1048576	1048576	4096	2097152	2097152	1	1	0	1	1
T2-qwen35-08b-bf16	r1	text-pp512-tg64	text_prefill	1	eager	MUL_MAT	cuBLAS	cublasGemmEx/BF16	blk.11.ffn_down.weight	ffn_out-11	bf16	f32	f32	3584	1024	1	1	3584	512	1	1	7168	7340032	7340032	14336	7340032	7340032	1	1	0	1	1
T2-qwen35-08b-bf16	r1	text-pp512-tg64	text_prefill	1	eager	MUL_MAT	cuBLAS	cublasGemmEx/BF16	blk.11.ffn_gate.weight	ffn_gate-11	bf16	f32	f32	1024	3584	1	1	1024	512	1	1	2048	7340032	7340032	4096	2097152	2097152	1	1	0	1	1
T2-qwen35-08b-bf16	r1	text-pp512-tg64	text_prefill	1	eager	MUL_MAT	cuBLAS	cublasGemmEx/BF16	blk.11.ffn_up.weight	ffn_up-11	bf16	f32	f32	1024	3584	1	1	1024	512	1	1	2048	7340032	7340032	4096	2097152	2097152	1	1	0	1	1
T2-qwen35-08b-bf16	r1	text-pp512-tg64	text_prefill	1	eager	MUL_MAT	cuBLAS	cublasGemmEx/BF16	blk.12.attn_gate.weight	z-12	bf16	f32	f32	1024	2048	1	1	1024	512	1	1	2048	4194304	4194304	4096	2097152	2097152	1	1	0	1	1
T2-qwen35-08b-bf16	r1	text-pp512-tg64	text_prefill	1	eager	MUL_MAT	cuBLAS	cublasGemmEx/BF16	blk.12.attn_qkv.weight	node_733	bf16	f32	f32	1024	6144	1	1	1024	512	1	1	2048	12582912	12582912	4096	2097152	2097152	1	1	0	1	1
T2-qwen35-08b-bf16	r1	text-pp512-tg64	text_prefill	1	eager	MUL_MAT	cuBLAS	cublasGemmEx/BF16	blk.12.ffn_down.weight	ffn_out-12	bf16	f32	f32	3584	1024	1	1	3584	512	1	1	7168	7340032	7340032	14336	7340032	7340032	1	1	0	1	1
T2-qwen35-08b-bf16	r1	text-pp512-tg64	text_prefill	1	eager	MUL_MAT	cuBLAS	cublasGemmEx/BF16	blk.12.ffn_gate.weight	ffn_gate-12	bf16	f32	f32	1024	3584	1	1	1024	512	1	1	2048	7340032	7340032	4096	2097152	2097152	1	1	0	1	1
T2-qwen35-08b-bf16	r1	text-pp512-tg64	text_prefill	1	eager	MUL_MAT	cuBLAS	cublasGemmEx/BF16	blk.12.ffn_up.weight	ffn_up-12	bf16	f32	f32	1024	3584	1	1	1024	512	1	1	2048	7340032	7340032	4096	2097152	2097152	1	1	0	1	1
T2-qwen35-08b-bf16	r1	text-pp512-tg64	text_prefill	1	eager	MUL_MAT	cuBLAS	cublasGemmEx/BF16	blk.12.ssm_alpha.weight	node_754	bf16	f32	f32	1024	16	1	1	1024	512	1	1	2048	32768	32768	4096	2097152	2097152	1	1	0	1	1
T2-qwen35-08b-bf16	r1	text-pp512-tg64	text_prefill	1	eager	MUL_MAT	cuBLAS	cublasGemmEx/BF16	blk.12.ssm_beta.weight	node_760	bf16	f32	f32	1024	16	1	1	1024	512	1	1	2048	32768	32768	4096	2097152	2097152	1	1	0	1	1
T2-qwen35-08b-bf16	r1	text-pp512-tg64	text_prefill	1	eager	MUL_MAT	cuBLAS	cublasGemmEx/BF16	blk.12.ssm_out.weight	linear_attn_out-12	bf16	f32	f32	2048	1024	1	1	2048	512	1	1	4096	4194304	4194304	8192	4194304	4194304	1	1	0	1	1
T2-qwen35-08b-bf16	r1	text-pp512-tg64	text_prefill	1	eager	MUL_MAT	cuBLAS	cublasGemmEx/BF16	blk.13.attn_gate.weight	z-13	bf16	f32	f32	1024	2048	1	1	1024	512	1	1	2048	4194304	4194304	4096	2097152	2097152	1	1	0	1	1
T2-qwen35-08b-bf16	r1	text-pp512-tg64	text_prefill	1	eager	MUL_MAT	cuBLAS	cublasGemmEx/BF16	blk.13.attn_qkv.weight	node_796	bf16	f32	f32	1024	6144	1	1	1024	512	1	1	2048	12582912	12582912	4096	2097152	2097152	1	1	0	1	1
T2-qwen35-08b-bf16	r1	text-pp512-tg64	text_prefill	1	eager	MUL_MAT	cuBLAS	cublasGemmEx/BF16	blk.13.ffn_down.weight	ffn_out-13	bf16	f32	f32	3584	1024	1	1	3584	512	1	1	7168	7340032	7340032	14336	7340032	7340032	1	1	0	1	1
T2-qwen35-08b-bf16	r1	text-pp512-tg64	text_prefill	1	eager	MUL_MAT	cuBLAS	cublasGemmEx/BF16	blk.13.ffn_gate.weight	ffn_gate-13	bf16	f32	f32	1024	3584	1	1	1024	512	1	1	2048	7340032	7340032	4096	2097152	2097152	1	1	0	1	1
T2-qwen35-08b-bf16	r1	text-pp512-tg64	text_prefill	1	eager	MUL_MAT	cuBLAS	cublasGemmEx/BF16	blk.13.ffn_up.weight	ffn_up-13	bf16	f32	f32	1024	3584	1	1	1024	512	1	1	2048	7340032	7340032	4096	2097152	2097152	1	1	0	1	1
T2-qwen35-08b-bf16	r1	text-pp512-tg64	text_prefill	1	eager	MUL_MAT	cuBLAS	cublasGemmEx/BF16	blk.13.ssm_alpha.weight	node_817	bf16	f32	f32	1024	16	1	1	1024	512	1	1	2048	32768	32768	4096	2097152	2097152	1	1	0	1	1
T2-qwen35-08b-bf16	r1	text-pp512-tg64	text_prefill	1	eager	MUL_MAT	cuBLAS	cublasGemmEx/BF16	blk.13.ssm_beta.weight	node_823	bf16	f32	f32	1024	16	1	1	1024	512	1	1	2048	32768	32768	4096	2097152	2097152	1	1	0	1	1
T2-qwen35-08b-bf16	r1	text-pp512-tg64	text_prefill	1	eager	MUL_MAT	cuBLAS	cublasGemmEx/BF16	blk.13.ssm_out.weight	linear_attn_out-13	bf16	f32	f32	2048	1024	1	1	2048	512	1	1	4096	4194304	4194304	8192	4194304	4194304	1	1	0	1	1
T2-qwen35-08b-bf16	r1	text-pp512-tg64	text_prefill	1	eager	MUL_MAT	cuBLAS	cublasGemmEx/BF16	blk.14.attn_gate.weight	z-14	bf16	f32	f32	1024	2048	1	1	1024	512	1	1	2048	4194304	4194304	4096	2097152	2097152	1	1	0	1	1
T2-qwen35-08b-bf16	r1	text-pp512-tg64	text_prefill	1	eager	MUL_MAT	cuBLAS	cublasGemmEx/BF16	blk.14.attn_qkv.weight	node_859	bf16	f32	f32	1024	6144	1	1	1024	512	1	1	2048	12582912	12582912	4096	2097152	2097152	1	1	0	1	1
T2-qwen35-08b-bf16	r1	text-pp512-tg64	text_prefill	1	eager	MUL_MAT	cuBLAS	cublasGemmEx/BF16	blk.14.ffn_down.weight	ffn_out-14	bf16	f32	f32	3584	1024	1	1	3584	512	1	1	7168	7340032	7340032	14336	7340032	7340032	1	1	0	1	1
T2-qwen35-08b-bf16	r1	text-pp512-tg64	text_prefill	1	eager	MUL_MAT	cuBLAS	cublasGemmEx/BF16	blk.14.ffn_gate.weight	ffn_gate-14	bf16	f32	f32	1024	3584	1	1	1024	512	1	1	2048	7340032	7340032	4096	2097152	2097152	1	1	0	1	1
T2-qwen35-08b-bf16	r1	text-pp512-tg64	text_prefill	1	eager	MUL_MAT	cuBLAS	cublasGemmEx/BF16	blk.14.ffn_up.weight	ffn_up-14	bf16	f32	f32	1024	3584	1	1	1024	512	1	1	2048	7340032	7340032	4096	2097152	2097152	1	1	0	1	1
T2-qwen35-08b-bf16	r1	text-pp512-tg64	text_prefill	1	eager	MUL_MAT	cuBLAS	cublasGemmEx/BF16	blk.14.ssm_alpha.weight	node_880	bf16	f32	f32	1024	16	1	1	1024	512	1	1	2048	32768	32768	4096	2097152	2097152	1	1	0	1	1
T2-qwen35-08b-bf16	r1	text-pp512-tg64	text_prefill	1	eager	MUL_MAT	cuBLAS	cublasGemmEx/BF16	blk.14.ssm_beta.weight	node_886	bf16	f32	f32	1024	16	1	1	1024	512	1	1	2048	32768	32768	4096	2097152	2097152	1	1	0	1	1
T2-qwen35-08b-bf16	r1	text-pp512-tg64	text_prefill	1	eager	MUL_MAT	cuBLAS	cublasGemmEx/BF16	blk.14.ssm_out.weight	linear_attn_out-14	bf16	f32	f32	2048	1024	1	1	2048	512	1	1	4096	4194304	4194304	8192	4194304	4194304	1	1	0	1	1
T2-qwen35-08b-bf16	r1	text-pp512-tg64	text_prefill	1	eager	MUL_MAT	cuBLAS	cublasGemmEx/BF16	blk.15.attn_k.weight	Kcur-15	bf16	f32	f32	1024	512	1	1	1024	512	1	1	2048	1048576	1048576	4096	2097152	2097152	1	1	0	1	1
T2-qwen35-08b-bf16	r1	text-pp512-tg64	text_prefill	1	eager	MUL_MAT	cuBLAS	cublasGemmEx/BF16	blk.15.attn_output.weight	attn_output-15	bf16	f32	f32	2048	1024	1	1	2048	512	1	1	4096	4194304	4194304	8192	4194304	4194304	1	1	0	1	1
T2-qwen35-08b-bf16	r1	text-pp512-tg64	text_prefill	1	eager	MUL_MAT	cuBLAS	cublasGemmEx/BF16	blk.15.attn_q.weight	Qcur_full-15	bf16	f32	f32	1024	4096	1	1	1024	512	1	1	2048	8388608	8388608	4096	2097152	2097152	1	1	0	1	1
T2-qwen35-08b-bf16	r1	text-pp512-tg64	text_prefill	1	eager	MUL_MAT	cuBLAS	cublasGemmEx/BF16	blk.15.attn_v.weight	Vcur-15	bf16	f32	f32	1024	512	1	1	1024	512	1	1	2048	1048576	1048576	4096	2097152	2097152	1	1	0	1	1
T2-qwen35-08b-bf16	r1	text-pp512-tg64	text_prefill	1	eager	MUL_MAT	cuBLAS	cublasGemmEx/BF16	blk.15.ffn_down.weight	ffn_out-15	bf16	f32	f32	3584	1024	1	1	3584	512	1	1	7168	7340032	7340032	14336	7340032	7340032	1	1	0	1	1
T2-qwen35-08b-bf16	r1	text-pp512-tg64	text_prefill	1	eager	MUL_MAT	cuBLAS	cublasGemmEx/BF16	blk.15.ffn_gate.weight	ffn_gate-15	bf16	f32	f32	1024	3584	1	1	1024	512	1	1	2048	7340032	7340032	4096	2097152	2097152	1	1	0	1	1
T2-qwen35-08b-bf16	r1	text-pp512-tg64	text_prefill	1	eager	MUL_MAT	cuBLAS	cublasGemmEx/BF16	blk.15.ffn_up.weight	ffn_up-15	bf16	f32	f32	1024	3584	1	1	1024	512	1	1	2048	7340032	7340032	4096	2097152	2097152	1	1	0	1	1
T2-qwen35-08b-bf16	r1	text-pp512-tg64	text_prefill	1	eager	MUL_MAT	cuBLAS	cublasGemmEx/BF16	blk.16.attn_gate.weight	z-16	bf16	f32	f32	1024	2048	1	1	1024	512	1	1	2048	4194304	4194304	4096	2097152	2097152	1	1	0	1	1
T2-qwen35-08b-bf16	r1	text-pp512-tg64	text_prefill	1	eager	MUL_MAT	cuBLAS	cublasGemmEx/BF16	blk.16.attn_qkv.weight	node_973	bf16	f32	f32	1024	6144	1	1	1024	512	1	1	2048	12582912	12582912	4096	2097152	2097152	1	1	0	1	1
T2-qwen35-08b-bf16	r1	text-pp512-tg64	text_prefill	1	eager	MUL_MAT	cuBLAS	cublasGemmEx/BF16	blk.16.ffn_down.weight	ffn_out-16	bf16	f32	f32	3584	1024	1	1	3584	512	1	1	7168	7340032	7340032	14336	7340032	7340032	1	1	0	1	1
T2-qwen35-08b-bf16	r1	text-pp512-tg64	text_prefill	1	eager	MUL_MAT	cuBLAS	cublasGemmEx/BF16	blk.16.ffn_gate.weight	ffn_gate-16	bf16	f32	f32	1024	3584	1	1	1024	512	1	1	2048	7340032	7340032	4096	2097152	2097152	1	1	0	1	1
T2-qwen35-08b-bf16	r1	text-pp512-tg64	text_prefill	1	eager	MUL_MAT	cuBLAS	cublasGemmEx/BF16	blk.16.ffn_up.weight	ffn_up-16	bf16	f32	f32	1024	3584	1	1	1024	512	1	1	2048	7340032	7340032	4096	2097152	2097152	1	1	0	1	1
T2-qwen35-08b-bf16	r1	text-pp512-tg64	text_prefill	1	eager	MUL_MAT	cuBLAS	cublasGemmEx/BF16	blk.16.ssm_alpha.weight	node_994	bf16	f32	f32	1024	16	1	1	1024	512	1	1	2048	32768	32768	4096	2097152	2097152	1	1	0	1	1
T2-qwen35-08b-bf16	r1	text-pp512-tg64	text_prefill	1	eager	MUL_MAT	cuBLAS	cublasGemmEx/BF16	blk.16.ssm_beta.weight	node_1000	bf16	f32	f32	1024	16	1	1	1024	512	1	1	2048	32768	32768	4096	2097152	2097152	1	1	0	1	1
T2-qwen35-08b-bf16	r1	text-pp512-tg64	text_prefill	1	eager	MUL_MAT	cuBLAS	cublasGemmEx/BF16	blk.16.ssm_out.weight	linear_attn_out-16	bf16	f32	f32	2048	1024	1	1	2048	512	1	1	4096	4194304	4194304	8192	4194304	4194304	1	1	0	1	1
T2-qwen35-08b-bf16	r1	text-pp512-tg64	text_prefill	1	eager	MUL_MAT	cuBLAS	cublasGemmEx/BF16	blk.17.attn_gate.weight	z-17	bf16	f32	f32	1024	2048	1	1	1024	512	1	1	2048	4194304	4194304	4096	2097152	2097152	1	1	0	1	1
T2-qwen35-08b-bf16	r1	text-pp512-tg64	text_prefill	1	eager	MUL_MAT	cuBLAS	cublasGemmEx/BF16	blk.17.attn_qkv.weight	node_1036	bf16	f32	f32	1024	6144	1	1	1024	512	1	1	2048	12582912	12582912	4096	2097152	2097152	1	1	0	1	1
T2-qwen35-08b-bf16	r1	text-pp512-tg64	text_prefill	1	eager	MUL_MAT	cuBLAS	cublasGemmEx/BF16	blk.17.ffn_down.weight	ffn_out-17	bf16	f32	f32	3584	1024	1	1	3584	512	1	1	7168	7340032	7340032	14336	7340032	7340032	1	1	0	1	1
T2-qwen35-08b-bf16	r1	text-pp512-tg64	text_prefill	1	eager	MUL_MAT	cuBLAS	cublasGemmEx/BF16	blk.17.ffn_gate.weight	ffn_gate-17	bf16	f32	f32	1024	3584	1	1	1024	512	1	1	2048	7340032	7340032	4096	2097152	2097152	1	1	0	1	1
T2-qwen35-08b-bf16	r1	text-pp512-tg64	text_prefill	1	eager	MUL_MAT	cuBLAS	cublasGemmEx/BF16	blk.17.ffn_up.weight	ffn_up-17	bf16	f32	f32	1024	3584	1	1	1024	512	1	1	2048	7340032	7340032	4096	2097152	2097152	1	1	0	1	1
T2-qwen35-08b-bf16	r1	text-pp512-tg64	text_prefill	1	eager	MUL_MAT	cuBLAS	cublasGemmEx/BF16	blk.17.ssm_alpha.weight	node_1057	bf16	f32	f32	1024	16	1	1	1024	512	1	1	2048	32768	32768	4096	2097152	2097152	1	1	0	1	1
T2-qwen35-08b-bf16	r1	text-pp512-tg64	text_prefill	1	eager	MUL_MAT	cuBLAS	cublasGemmEx/BF16	blk.17.ssm_beta.weight	node_1063	bf16	f32	f32	1024	16	1	1	1024	512	1	1	2048	32768	32768	4096	2097152	2097152	1	1	0	1	1
T2-qwen35-08b-bf16	r1	text-pp512-tg64	text_prefill	1	eager	MUL_MAT	cuBLAS	cublasGemmEx/BF16	blk.17.ssm_out.weight	linear_attn_out-17	bf16	f32	f32	2048	1024	1	1	2048	512	1	1	4096	4194304	4194304	8192	4194304	4194304	1	1	0	1	1
T2-qwen35-08b-bf16	r1	text-pp512-tg64	text_prefill	1	eager	MUL_MAT	cuBLAS	cublasGemmEx/BF16	blk.18.attn_gate.weight	z-18	bf16	f32	f32	1024	2048	1	1	1024	512	1	1	2048	4194304	4194304	4096	2097152	2097152	1	1	0	1	1
T2-qwen35-08b-bf16	r1	text-pp512-tg64	text_prefill	1	eager	MUL_MAT	cuBLAS	cublasGemmEx/BF16	blk.18.attn_qkv.weight	node_1099	bf16	f32	f32	1024	6144	1	1	1024	512	1	1	2048	12582912	12582912	4096	2097152	2097152	1	1	0	1	1
T2-qwen35-08b-bf16	r1	text-pp512-tg64	text_prefill	1	eager	MUL_MAT	cuBLAS	cublasGemmEx/BF16	blk.18.ffn_down.weight	ffn_out-18	bf16	f32	f32	3584	1024	1	1	3584	512	1	1	7168	7340032	7340032	14336	7340032	7340032	1	1	0	1	1
T2-qwen35-08b-bf16	r1	text-pp512-tg64	text_prefill	1	eager	MUL_MAT	cuBLAS	cublasGemmEx/BF16	blk.18.ffn_gate.weight	ffn_gate-18	bf16	f32	f32	1024	3584	1	1	1024	512	1	1	2048	7340032	7340032	4096	2097152	2097152	1	1	0	1	1
T2-qwen35-08b-bf16	r1	text-pp512-tg64	text_prefill	1	eager	MUL_MAT	cuBLAS	cublasGemmEx/BF16	blk.18.ffn_up.weight	ffn_up-18	bf16	f32	f32	1024	3584	1	1	1024	512	1	1	2048	7340032	7340032	4096	2097152	2097152	1	1	0	1	1
T2-qwen35-08b-bf16	r1	text-pp512-tg64	text_prefill	1	eager	MUL_MAT	cuBLAS	cublasGemmEx/BF16	blk.18.ssm_alpha.weight	node_1120	bf16	f32	f32	1024	16	1	1	1024	512	1	1	2048	32768	32768	4096	2097152	2097152	1	1	0	1	1
T2-qwen35-08b-bf16	r1	text-pp512-tg64	text_prefill	1	eager	MUL_MAT	cuBLAS	cublasGemmEx/BF16	blk.18.ssm_beta.weight	node_1126	bf16	f32	f32	1024	16	1	1	1024	512	1	1	2048	32768	32768	4096	2097152	2097152	1	1	0	1	1
T2-qwen35-08b-bf16	r1	text-pp512-tg64	text_prefill	1	eager	MUL_MAT	cuBLAS	cublasGemmEx/BF16	blk.18.ssm_out.weight	linear_attn_out-18	bf16	f32	f32	2048	1024	1	1	2048	512	1	1	4096	4194304	4194304	8192	4194304	4194304	1	1	0	1	1
T2-qwen35-08b-bf16	r1	text-pp512-tg64	text_prefill	1	eager	MUL_MAT	cuBLAS	cublasGemmEx/BF16	blk.19.attn_k.weight	Kcur-19	bf16	f32	f32	1024	512	1	1	1024	512	1	1	2048	1048576	1048576	4096	2097152	2097152	1	1	0	1	1
T2-qwen35-08b-bf16	r1	text-pp512-tg64	text_prefill	1	eager	MUL_MAT	cuBLAS	cublasGemmEx/BF16	blk.19.attn_output.weight	attn_output-19	bf16	f32	f32	2048	1024	1	1	2048	512	1	1	4096	4194304	4194304	8192	4194304	4194304	1	1	0	1	1
T2-qwen35-08b-bf16	r1	text-pp512-tg64	text_prefill	1	eager	MUL_MAT	cuBLAS	cublasGemmEx/BF16	blk.19.attn_q.weight	Qcur_full-19	bf16	f32	f32	1024	4096	1	1	1024	512	1	1	2048	8388608	8388608	4096	2097152	2097152	1	1	0	1	1
T2-qwen35-08b-bf16	r1	text-pp512-tg64	text_prefill	1	eager	MUL_MAT	cuBLAS	cublasGemmEx/BF16	blk.19.attn_v.weight	Vcur-19	bf16	f32	f32	1024	512	1	1	1024	512	1	1	2048	1048576	1048576	4096	2097152	2097152	1	1	0	1	1
T2-qwen35-08b-bf16	r1	text-pp512-tg64	text_prefill	1	eager	MUL_MAT	cuBLAS	cublasGemmEx/BF16	blk.19.ffn_down.weight	ffn_out-19	bf16	f32	f32	3584	1024	1	1	3584	512	1	1	7168	7340032	7340032	14336	7340032	7340032	1	1	0	1	1
T2-qwen35-08b-bf16	r1	text-pp512-tg64	text_prefill	1	eager	MUL_MAT	cuBLAS	cublasGemmEx/BF16	blk.19.ffn_gate.weight	ffn_gate-19	bf16	f32	f32	1024	3584	1	1	1024	512	1	1	2048	7340032	7340032	4096	2097152	2097152	1	1	0	1	1
T2-qwen35-08b-bf16	r1	text-pp512-tg64	text_prefill	1	eager	MUL_MAT	cuBLAS	cublasGemmEx/BF16	blk.19.ffn_up.weight	ffn_up-19	bf16	f32	f32	1024	3584	1	1	1024	512	1	1	2048	7340032	7340032	4096	2097152	2097152	1	1	0	1	1
T2-qwen35-08b-bf16	r1	text-pp512-tg64	text_prefill	1	eager	MUL_MAT	cuBLAS	cublasGemmEx/BF16	blk.2.attn_gate.weight	z-2	bf16	f32	f32	1024	2048	1	1	1024	512	1	1	2048	4194304	4194304	4096	2097152	2097152	1	1	0	1	1
T2-qwen35-08b-bf16	r1	text-pp512-tg64	text_prefill	1	eager	MUL_MAT	cuBLAS	cublasGemmEx/BF16	blk.2.attn_qkv.weight	node_139	bf16	f32	f32	1024	6144	1	1	1024	512	1	1	2048	12582912	12582912	4096	2097152	2097152	1	1	0	1	1
T2-qwen35-08b-bf16	r1	text-pp512-tg64	text_prefill	1	eager	MUL_MAT	cuBLAS	cublasGemmEx/BF16	blk.2.ffn_down.weight	ffn_out-2	bf16	f32	f32	3584	1024	1	1	3584	512	1	1	7168	7340032	7340032	14336	7340032	7340032	1	1	0	1	1
T2-qwen35-08b-bf16	r1	text-pp512-tg64	text_prefill	1	eager	MUL_MAT	cuBLAS	cublasGemmEx/BF16	blk.2.ffn_gate.weight	ffn_gate-2	bf16	f32	f32	1024	3584	1	1	1024	512	1	1	2048	7340032	7340032	4096	2097152	2097152	1	1	0	1	1
T2-qwen35-08b-bf16	r1	text-pp512-tg64	text_prefill	1	eager	MUL_MAT	cuBLAS	cublasGemmEx/BF16	blk.2.ffn_up.weight	ffn_up-2	bf16	f32	f32	1024	3584	1	1	1024	512	1	1	2048	7340032	7340032	4096	2097152	2097152	1	1	0	1	1
T2-qwen35-08b-bf16	r1	text-pp512-tg64	text_prefill	1	eager	MUL_MAT	cuBLAS	cublasGemmEx/BF16	blk.2.ssm_alpha.weight	node_160	bf16	f32	f32	1024	16	1	1	1024	512	1	1	2048	32768	32768	4096	2097152	2097152	1	1	0	1	1
T2-qwen35-08b-bf16	r1	text-pp512-tg64	text_prefill	1	eager	MUL_MAT	cuBLAS	cublasGemmEx/BF16	blk.2.ssm_beta.weight	node_166	bf16	f32	f32	1024	16	1	1	1024	512	1	1	2048	32768	32768	4096	2097152	2097152	1	1	0	1	1
T2-qwen35-08b-bf16	r1	text-pp512-tg64	text_prefill	1	eager	MUL_MAT	cuBLAS	cublasGemmEx/BF16	blk.2.ssm_out.weight	linear_attn_out-2	bf16	f32	f32	2048	1024	1	1	2048	512	1	1	4096	4194304	4194304	8192	4194304	4194304	1	1	0	1	1
T2-qwen35-08b-bf16	r1	text-pp512-tg64	text_prefill	1	eager	MUL_MAT	cuBLAS	cublasGemmEx/BF16	blk.20.attn_gate.weight	z-20	bf16	f32	f32	1024	2048	1	1	1024	512	1	1	2048	4194304	4194304	4096	2097152	2097152	1	1	0	1	1
T2-qwen35-08b-bf16	r1	text-pp512-tg64	text_prefill	1	eager	MUL_MAT	cuBLAS	cublasGemmEx/BF16	blk.20.attn_qkv.weight	node_1213	bf16	f32	f32	1024	6144	1	1	1024	512	1	1	2048	12582912	12582912	4096	2097152	2097152	1	1	0	1	1
T2-qwen35-08b-bf16	r1	text-pp512-tg64	text_prefill	1	eager	MUL_MAT	cuBLAS	cublasGemmEx/BF16	blk.20.ffn_down.weight	ffn_out-20	bf16	f32	f32	3584	1024	1	1	3584	512	1	1	7168	7340032	7340032	14336	7340032	7340032	1	1	0	1	1
T2-qwen35-08b-bf16	r1	text-pp512-tg64	text_prefill	1	eager	MUL_MAT	cuBLAS	cublasGemmEx/BF16	blk.20.ffn_gate.weight	ffn_gate-20	bf16	f32	f32	1024	3584	1	1	1024	512	1	1	2048	7340032	7340032	4096	2097152	2097152	1	1	0	1	1
T2-qwen35-08b-bf16	r1	text-pp512-tg64	text_prefill	1	eager	MUL_MAT	cuBLAS	cublasGemmEx/BF16	blk.20.ffn_up.weight	ffn_up-20	bf16	f32	f32	1024	3584	1	1	1024	512	1	1	2048	7340032	7340032	4096	2097152	2097152	1	1	0	1	1
T2-qwen35-08b-bf16	r1	text-pp512-tg64	text_prefill	1	eager	MUL_MAT	cuBLAS	cublasGemmEx/BF16	blk.20.ssm_alpha.weight	node_1234	bf16	f32	f32	1024	16	1	1	1024	512	1	1	2048	32768	32768	4096	2097152	2097152	1	1	0	1	1
T2-qwen35-08b-bf16	r1	text-pp512-tg64	text_prefill	1	eager	MUL_MAT	cuBLAS	cublasGemmEx/BF16	blk.20.ssm_beta.weight	node_1240	bf16	f32	f32	1024	16	1	1	1024	512	1	1	2048	32768	32768	4096	2097152	2097152	1	1	0	1	1
T2-qwen35-08b-bf16	r1	text-pp512-tg64	text_prefill	1	eager	MUL_MAT	cuBLAS	cublasGemmEx/BF16	blk.20.ssm_out.weight	linear_attn_out-20	bf16	f32	f32	2048	1024	1	1	2048	512	1	1	4096	4194304	4194304	8192	4194304	4194304	1	1	0	1	1
T2-qwen35-08b-bf16	r1	text-pp512-tg64	text_prefill	1	eager	MUL_MAT	cuBLAS	cublasGemmEx/BF16	blk.21.attn_gate.weight	z-21	bf16	f32	f32	1024	2048	1	1	1024	512	1	1	2048	4194304	4194304	4096	2097152	2097152	1	1	0	1	1
T2-qwen35-08b-bf16	r1	text-pp512-tg64	text_prefill	1	eager	MUL_MAT	cuBLAS	cublasGemmEx/BF16	blk.21.attn_qkv.weight	node_1276	bf16	f32	f32	1024	6144	1	1	1024	512	1	1	2048	12582912	12582912	4096	2097152	2097152	1	1	0	1	1
T2-qwen35-08b-bf16	r1	text-pp512-tg64	text_prefill	1	eager	MUL_MAT	cuBLAS	cublasGemmEx/BF16	blk.21.ffn_down.weight	ffn_out-21	bf16	f32	f32	3584	1024	1	1	3584	512	1	1	7168	7340032	7340032	14336	7340032	7340032	1	1	0	1	1
T2-qwen35-08b-bf16	r1	text-pp512-tg64	text_prefill	1	eager	MUL_MAT	cuBLAS	cublasGemmEx/BF16	blk.21.ffn_gate.weight	ffn_gate-21	bf16	f32	f32	1024	3584	1	1	1024	512	1	1	2048	7340032	7340032	4096	2097152	2097152	1	1	0	1	1
T2-qwen35-08b-bf16	r1	text-pp512-tg64	text_prefill	1	eager	MUL_MAT	cuBLAS	cublasGemmEx/BF16	blk.21.ffn_up.weight	ffn_up-21	bf16	f32	f32	1024	3584	1	1	1024	512	1	1	2048	7340032	7340032	4096	2097152	2097152	1	1	0	1	1
T2-qwen35-08b-bf16	r1	text-pp512-tg64	text_prefill	1	eager	MUL_MAT	cuBLAS	cublasGemmEx/BF16	blk.21.ssm_alpha.weight	node_1297	bf16	f32	f32	1024	16	1	1	1024	512	1	1	2048	32768	32768	4096	2097152	2097152	1	1	0	1	1
T2-qwen35-08b-bf16	r1	text-pp512-tg64	text_prefill	1	eager	MUL_MAT	cuBLAS	cublasGemmEx/BF16	blk.21.ssm_beta.weight	node_1303	bf16	f32	f32	1024	16	1	1	1024	512	1	1	2048	32768	32768	4096	2097152	2097152	1	1	0	1	1
T2-qwen35-08b-bf16	r1	text-pp512-tg64	text_prefill	1	eager	MUL_MAT	cuBLAS	cublasGemmEx/BF16	blk.21.ssm_out.weight	linear_attn_out-21	bf16	f32	f32	2048	1024	1	1	2048	512	1	1	4096	4194304	4194304	8192	4194304	4194304	1	1	0	1	1
T2-qwen35-08b-bf16	r1	text-pp512-tg64	text_prefill	1	eager	MUL_MAT	cuBLAS	cublasGemmEx/BF16	blk.22.attn_gate.weight	z-22	bf16	f32	f32	1024	2048	1	1	1024	512	1	1	2048	4194304	4194304	4096	2097152	2097152	1	1	0	1	1
T2-qwen35-08b-bf16	r1	text-pp512-tg64	text_prefill	1	eager	MUL_MAT	cuBLAS	cublasGemmEx/BF16	blk.22.attn_qkv.weight	node_1339	bf16	f32	f32	1024	6144	1	1	1024	512	1	1	2048	12582912	12582912	4096	2097152	2097152	1	1	0	1	1
T2-qwen35-08b-bf16	r1	text-pp512-tg64	text_prefill	1	eager	MUL_MAT	cuBLAS	cublasGemmEx/BF16	blk.22.ffn_down.weight	ffn_out-22	bf16	f32	f32	3584	1024	1	1	3584	512	1	1	7168	7340032	7340032	14336	7340032	7340032	1	1	0	1	1
T2-qwen35-08b-bf16	r1	text-pp512-tg64	text_prefill	1	eager	MUL_MAT	cuBLAS	cublasGemmEx/BF16	blk.22.ffn_gate.weight	ffn_gate-22	bf16	f32	f32	1024	3584	1	1	1024	512	1	1	2048	7340032	7340032	4096	2097152	2097152	1	1	0	1	1
T2-qwen35-08b-bf16	r1	text-pp512-tg64	text_prefill	1	eager	MUL_MAT	cuBLAS	cublasGemmEx/BF16	blk.22.ffn_up.weight	ffn_up-22	bf16	f32	f32	1024	3584	1	1	1024	512	1	1	2048	7340032	7340032	4096	2097152	2097152	1	1	0	1	1
T2-qwen35-08b-bf16	r1	text-pp512-tg64	text_prefill	1	eager	MUL_MAT	cuBLAS	cublasGemmEx/BF16	blk.22.ssm_alpha.weight	node_1360	bf16	f32	f32	1024	16	1	1	1024	512	1	1	2048	32768	32768	4096	2097152	2097152	1	1	0	1	1
T2-qwen35-08b-bf16	r1	text-pp512-tg64	text_prefill	1	eager	MUL_MAT	cuBLAS	cublasGemmEx/BF16	blk.22.ssm_beta.weight	node_1366	bf16	f32	f32	1024	16	1	1	1024	512	1	1	2048	32768	32768	4096	2097152	2097152	1	1	0	1	1
T2-qwen35-08b-bf16	r1	text-pp512-tg64	text_prefill	1	eager	MUL_MAT	cuBLAS	cublasGemmEx/BF16	blk.22.ssm_out.weight	linear_attn_out-22	bf16	f32	f32	2048	1024	1	1	2048	512	1	1	4096	4194304	4194304	8192	4194304	4194304	1	1	0	1	1
T2-qwen35-08b-bf16	r1	text-pp512-tg64	text_prefill	1	eager	MUL_MAT	cuBLAS	cublasGemmEx/BF16	blk.23.attn_k.weight	Kcur-23	bf16	f32	f32	1024	512	1	1	1024	512	1	1	2048	1048576	1048576	4096	2097152	2097152	1	1	0	1	1
T2-qwen35-08b-bf16	r1	text-pp512-tg64	text_prefill	1	eager	MUL_MAT	cuBLAS	cublasGemmEx/BF16	blk.23.attn_output.weight	attn_output-23	bf16	f32	f32	2048	1024	1	1	2048	512	1	1	4096	4194304	4194304	8192	4194304	4194304	1	1	0	1	1
T2-qwen35-08b-bf16	r1	text-pp512-tg64	text_prefill	1	eager	MUL_MAT	cuBLAS	cublasGemmEx/BF16	blk.23.attn_q.weight	Qcur_full-23	bf16	f32	f32	1024	4096	1	1	1024	512	1	1	2048	8388608	8388608	4096	2097152	2097152	1	1	0	1	1
T2-qwen35-08b-bf16	r1	text-pp512-tg64	text_prefill	1	eager	MUL_MAT	cuBLAS	cublasGemmEx/BF16	blk.23.attn_v.weight	Vcur-23	bf16	f32	f32	1024	512	1	1	1024	512	1	1	2048	1048576	1048576	4096	2097152	2097152	1	1	0	1	1
T2-qwen35-08b-bf16	r1	text-pp512-tg64	text_prefill	1	eager	MUL_MAT	cuBLAS	cublasGemmEx/BF16	blk.23.ffn_down.weight	ffn_out-23	bf16	f32	f32	3584	1024	1	1	3584	512	1	1	7168	7340032	7340032	14336	7340032	7340032	1	1	0	1	1
T2-qwen35-08b-bf16	r1	text-pp512-tg64	text_prefill	1	eager	MUL_MAT	cuBLAS	cublasGemmEx/BF16	blk.23.ffn_gate.weight	ffn_gate-23	bf16	f32	f32	1024	3584	1	1	1024	512	1	1	2048	7340032	7340032	4096	2097152	2097152	1	1	0	1	1
T2-qwen35-08b-bf16	r1	text-pp512-tg64	text_prefill	1	eager	MUL_MAT	cuBLAS	cublasGemmEx/BF16	blk.23.ffn_up.weight	ffn_up-23	bf16	f32	f32	1024	3584	1	1	1024	512	1	1	2048	7340032	7340032	4096	2097152	2097152	1	1	0	1	1
T2-qwen35-08b-bf16	r1	text-pp512-tg64	text_prefill	1	eager	MUL_MAT	cuBLAS	cublasGemmEx/BF16	blk.3.attn_k.weight	Kcur-3	bf16	f32	f32	1024	512	1	1	1024	512	1	1	2048	1048576	1048576	4096	2097152	2097152	1	1	0	1	1
T2-qwen35-08b-bf16	r1	text-pp512-tg64	text_prefill	1	eager	MUL_MAT	cuBLAS	cublasGemmEx/BF16	blk.3.attn_output.weight	attn_output-3	bf16	f32	f32	2048	1024	1	1	2048	512	1	1	4096	4194304	4194304	8192	4194304	4194304	1	1	0	1	1
T2-qwen35-08b-bf16	r1	text-pp512-tg64	text_prefill	1	eager	MUL_MAT	cuBLAS	cublasGemmEx/BF16	blk.3.attn_q.weight	Qcur_full-3	bf16	f32	f32	1024	4096	1	1	1024	512	1	1	2048	8388608	8388608	4096	2097152	2097152	1	1	0	1	1
T2-qwen35-08b-bf16	r1	text-pp512-tg64	text_prefill	1	eager	MUL_MAT	cuBLAS	cublasGemmEx/BF16	blk.3.attn_v.weight	Vcur-3	bf16	f32	f32	1024	512	1	1	1024	512	1	1	2048	1048576	1048576	4096	2097152	2097152	1	1	0	1	1
T2-qwen35-08b-bf16	r1	text-pp512-tg64	text_prefill	1	eager	MUL_MAT	cuBLAS	cublasGemmEx/BF16	blk.3.ffn_down.weight	ffn_out-3	bf16	f32	f32	3584	1024	1	1	3584	512	1	1	7168	7340032	7340032	14336	7340032	7340032	1	1	0	1	1
T2-qwen35-08b-bf16	r1	text-pp512-tg64	text_prefill	1	eager	MUL_MAT	cuBLAS	cublasGemmEx/BF16	blk.3.ffn_gate.weight	ffn_gate-3	bf16	f32	f32	1024	3584	1	1	1024	512	1	1	2048	7340032	7340032	4096	2097152	2097152	1	1	0	1	1
T2-qwen35-08b-bf16	r1	text-pp512-tg64	text_prefill	1	eager	MUL_MAT	cuBLAS	cublasGemmEx/BF16	blk.3.ffn_up.weight	ffn_up-3	bf16	f32	f32	1024	3584	1	1	1024	512	1	1	2048	7340032	7340032	4096	2097152	2097152	1	1	0	1	1
T2-qwen35-08b-bf16	r1	text-pp512-tg64	text_prefill	1	eager	MUL_MAT	cuBLAS	cublasGemmEx/BF16	blk.4.attn_gate.weight	z-4	bf16	f32	f32	1024	2048	1	1	1024	512	1	1	2048	4194304	4194304	4096	2097152	2097152	1	1	0	1	1
T2-qwen35-08b-bf16	r1	text-pp512-tg64	text_prefill	1	eager	MUL_MAT	cuBLAS	cublasGemmEx/BF16	blk.4.attn_qkv.weight	node_253	bf16	f32	f32	1024	6144	1	1	1024	512	1	1	2048	12582912	12582912	4096	2097152	2097152	1	1	0	1	1
T2-qwen35-08b-bf16	r1	text-pp512-tg64	text_prefill	1	eager	MUL_MAT	cuBLAS	cublasGemmEx/BF16	blk.4.ffn_down.weight	ffn_out-4	bf16	f32	f32	3584	1024	1	1	3584	512	1	1	7168	7340032	7340032	14336	7340032	7340032	1	1	0	1	1
T2-qwen35-08b-bf16	r1	text-pp512-tg64	text_prefill	1	eager	MUL_MAT	cuBLAS	cublasGemmEx/BF16	blk.4.ffn_gate.weight	ffn_gate-4	bf16	f32	f32	1024	3584	1	1	1024	512	1	1	2048	7340032	7340032	4096	2097152	2097152	1	1	0	1	1
T2-qwen35-08b-bf16	r1	text-pp512-tg64	text_prefill	1	eager	MUL_MAT	cuBLAS	cublasGemmEx/BF16	blk.4.ffn_up.weight	ffn_up-4	bf16	f32	f32	1024	3584	1	1	1024	512	1	1	2048	7340032	7340032	4096	2097152	2097152	1	1	0	1	1
T2-qwen35-08b-bf16	r1	text-pp512-tg64	text_prefill	1	eager	MUL_MAT	cuBLAS	cublasGemmEx/BF16	blk.4.ssm_alpha.weight	node_274	bf16	f32	f32	1024	16	1	1	1024	512	1	1	2048	32768	32768	4096	2097152	2097152	1	1	0	1	1
T2-qwen35-08b-bf16	r1	text-pp512-tg64	text_prefill	1	eager	MUL_MAT	cuBLAS	cublasGemmEx/BF16	blk.4.ssm_beta.weight	node_280	bf16	f32	f32	1024	16	1	1	1024	512	1	1	2048	32768	32768	4096	2097152	2097152	1	1	0	1	1
T2-qwen35-08b-bf16	r1	text-pp512-tg64	text_prefill	1	eager	MUL_MAT	cuBLAS	cublasGemmEx/BF16	blk.4.ssm_out.weight	linear_attn_out-4	bf16	f32	f32	2048	1024	1	1	2048	512	1	1	4096	4194304	4194304	8192	4194304	4194304	1	1	0	1	1
T2-qwen35-08b-bf16	r1	text-pp512-tg64	text_prefill	1	eager	MUL_MAT	cuBLAS	cublasGemmEx/BF16	blk.5.attn_gate.weight	z-5	bf16	f32	f32	1024	2048	1	1	1024	512	1	1	2048	4194304	4194304	4096	2097152	2097152	1	1	0	1	1
T2-qwen35-08b-bf16	r1	text-pp512-tg64	text_prefill	1	eager	MUL_MAT	cuBLAS	cublasGemmEx/BF16	blk.5.attn_qkv.weight	node_316	bf16	f32	f32	1024	6144	1	1	1024	512	1	1	2048	12582912	12582912	4096	2097152	2097152	1	1	0	1	1
T2-qwen35-08b-bf16	r1	text-pp512-tg64	text_prefill	1	eager	MUL_MAT	cuBLAS	cublasGemmEx/BF16	blk.5.ffn_down.weight	ffn_out-5	bf16	f32	f32	3584	1024	1	1	3584	512	1	1	7168	7340032	7340032	14336	7340032	7340032	1	1	0	1	1
T2-qwen35-08b-bf16	r1	text-pp512-tg64	text_prefill	1	eager	MUL_MAT	cuBLAS	cublasGemmEx/BF16	blk.5.ffn_gate.weight	ffn_gate-5	bf16	f32	f32	1024	3584	1	1	1024	512	1	1	2048	7340032	7340032	4096	2097152	2097152	1	1	0	1	1
T2-qwen35-08b-bf16	r1	text-pp512-tg64	text_prefill	1	eager	MUL_MAT	cuBLAS	cublasGemmEx/BF16	blk.5.ffn_up.weight	ffn_up-5	bf16	f32	f32	1024	3584	1	1	1024	512	1	1	2048	7340032	7340032	4096	2097152	2097152	1	1	0	1	1
T2-qwen35-08b-bf16	r1	text-pp512-tg64	text_prefill	1	eager	MUL_MAT	cuBLAS	cublasGemmEx/BF16	blk.5.ssm_alpha.weight	node_337	bf16	f32	f32	1024	16	1	1	1024	512	1	1	2048	32768	32768	4096	2097152	2097152	1	1	0	1	1
T2-qwen35-08b-bf16	r1	text-pp512-tg64	text_prefill	1	eager	MUL_MAT	cuBLAS	cublasGemmEx/BF16	blk.5.ssm_beta.weight	node_343	bf16	f32	f32	1024	16	1	1	1024	512	1	1	2048	32768	32768	4096	2097152	2097152	1	1	0	1	1
T2-qwen35-08b-bf16	r1	text-pp512-tg64	text_prefill	1	eager	MUL_MAT	cuBLAS	cublasGemmEx/BF16	blk.5.ssm_out.weight	linear_attn_out-5	bf16	f32	f32	2048	1024	1	1	2048	512	1	1	4096	4194304	4194304	8192	4194304	4194304	1	1	0	1	1
T2-qwen35-08b-bf16	r1	text-pp512-tg64	text_prefill	1	eager	MUL_MAT	cuBLAS	cublasGemmEx/BF16	blk.6.attn_gate.weight	z-6	bf16	f32	f32	1024	2048	1	1	1024	512	1	1	2048	4194304	4194304	4096	2097152	2097152	1	1	0	1	1
T2-qwen35-08b-bf16	r1	text-pp512-tg64	text_prefill	1	eager	MUL_MAT	cuBLAS	cublasGemmEx/BF16	blk.6.attn_qkv.weight	node_379	bf16	f32	f32	1024	6144	1	1	1024	512	1	1	2048	12582912	12582912	4096	2097152	2097152	1	1	0	1	1
T2-qwen35-08b-bf16	r1	text-pp512-tg64	text_prefill	1	eager	MUL_MAT	cuBLAS	cublasGemmEx/BF16	blk.6.ffn_down.weight	ffn_out-6	bf16	f32	f32	3584	1024	1	1	3584	512	1	1	7168	7340032	7340032	14336	7340032	7340032	1	1	0	1	1
T2-qwen35-08b-bf16	r1	text-pp512-tg64	text_prefill	1	eager	MUL_MAT	cuBLAS	cublasGemmEx/BF16	blk.6.ffn_gate.weight	ffn_gate-6	bf16	f32	f32	1024	3584	1	1	1024	512	1	1	2048	7340032	7340032	4096	2097152	2097152	1	1	0	1	1
T2-qwen35-08b-bf16	r1	text-pp512-tg64	text_prefill	1	eager	MUL_MAT	cuBLAS	cublasGemmEx/BF16	blk.6.ffn_up.weight	ffn_up-6	bf16	f32	f32	1024	3584	1	1	1024	512	1	1	2048	7340032	7340032	4096	2097152	2097152	1	1	0	1	1
T2-qwen35-08b-bf16	r1	text-pp512-tg64	text_prefill	1	eager	MUL_MAT	cuBLAS	cublasGemmEx/BF16	blk.6.ssm_alpha.weight	node_400	bf16	f32	f32	1024	16	1	1	1024	512	1	1	2048	32768	32768	4096	2097152	2097152	1	1	0	1	1
T2-qwen35-08b-bf16	r1	text-pp512-tg64	text_prefill	1	eager	MUL_MAT	cuBLAS	cublasGemmEx/BF16	blk.6.ssm_beta.weight	node_406	bf16	f32	f32	1024	16	1	1	1024	512	1	1	2048	32768	32768	4096	2097152	2097152	1	1	0	1	1
T2-qwen35-08b-bf16	r1	text-pp512-tg64	text_prefill	1	eager	MUL_MAT	cuBLAS	cublasGemmEx/BF16	blk.6.ssm_out.weight	linear_attn_out-6	bf16	f32	f32	2048	1024	1	1	2048	512	1	1	4096	4194304	4194304	8192	4194304	4194304	1	1	0	1	1
T2-qwen35-08b-bf16	r1	text-pp512-tg64	text_prefill	1	eager	MUL_MAT	cuBLAS	cublasGemmEx/BF16	blk.7.attn_k.weight	Kcur-7	bf16	f32	f32	1024	512	1	1	1024	512	1	1	2048	1048576	1048576	4096	2097152	2097152	1	1	0	1	1
T2-qwen35-08b-bf16	r1	text-pp512-tg64	text_prefill	1	eager	MUL_MAT	cuBLAS	cublasGemmEx/BF16	blk.7.attn_output.weight	attn_output-7	bf16	f32	f32	2048	1024	1	1	2048	512	1	1	4096	4194304	4194304	8192	4194304	4194304	1	1	0	1	1
T2-qwen35-08b-bf16	r1	text-pp512-tg64	text_prefill	1	eager	MUL_MAT	cuBLAS	cublasGemmEx/BF16	blk.7.attn_q.weight	Qcur_full-7	bf16	f32	f32	1024	4096	1	1	1024	512	1	1	2048	8388608	8388608	4096	2097152	2097152	1	1	0	1	1
T2-qwen35-08b-bf16	r1	text-pp512-tg64	text_prefill	1	eager	MUL_MAT	cuBLAS	cublasGemmEx/BF16	blk.7.attn_v.weight	Vcur-7	bf16	f32	f32	1024	512	1	1	1024	512	1	1	2048	1048576	1048576	4096	2097152	2097152	1	1	0	1	1
T2-qwen35-08b-bf16	r1	text-pp512-tg64	text_prefill	1	eager	MUL_MAT	cuBLAS	cublasGemmEx/BF16	blk.7.ffn_down.weight	ffn_out-7	bf16	f32	f32	3584	1024	1	1	3584	512	1	1	7168	7340032	7340032	14336	7340032	7340032	1	1	0	1	1
T2-qwen35-08b-bf16	r1	text-pp512-tg64	text_prefill	1	eager	MUL_MAT	cuBLAS	cublasGemmEx/BF16	blk.7.ffn_gate.weight	ffn_gate-7	bf16	f32	f32	1024	3584	1	1	1024	512	1	1	2048	7340032	7340032	4096	2097152	2097152	1	1	0	1	1
T2-qwen35-08b-bf16	r1	text-pp512-tg64	text_prefill	1	eager	MUL_MAT	cuBLAS	cublasGemmEx/BF16	blk.7.ffn_up.weight	ffn_up-7	bf16	f32	f32	1024	3584	1	1	1024	512	1	1	2048	7340032	7340032	4096	2097152	2097152	1	1	0	1	1
T2-qwen35-08b-bf16	r1	text-pp512-tg64	text_prefill	1	eager	MUL_MAT	cuBLAS	cublasGemmEx/BF16	blk.8.attn_gate.weight	z-8	bf16	f32	f32	1024	2048	1	1	1024	512	1	1	2048	4194304	4194304	4096	2097152	2097152	1	1	0	1	1
T2-qwen35-08b-bf16	r1	text-pp512-tg64	text_prefill	1	eager	MUL_MAT	cuBLAS	cublasGemmEx/BF16	blk.8.attn_qkv.weight	node_493	bf16	f32	f32	1024	6144	1	1	1024	512	1	1	2048	12582912	12582912	4096	2097152	2097152	1	1	0	1	1
T2-qwen35-08b-bf16	r1	text-pp512-tg64	text_prefill	1	eager	MUL_MAT	cuBLAS	cublasGemmEx/BF16	blk.8.ffn_down.weight	ffn_out-8	bf16	f32	f32	3584	1024	1	1	3584	512	1	1	7168	7340032	7340032	14336	7340032	7340032	1	1	0	1	1
T2-qwen35-08b-bf16	r1	text-pp512-tg64	text_prefill	1	eager	MUL_MAT	cuBLAS	cublasGemmEx/BF16	blk.8.ffn_gate.weight	ffn_gate-8	bf16	f32	f32	1024	3584	1	1	1024	512	1	1	2048	7340032	7340032	4096	2097152	2097152	1	1	0	1	1
T2-qwen35-08b-bf16	r1	text-pp512-tg64	text_prefill	1	eager	MUL_MAT	cuBLAS	cublasGemmEx/BF16	blk.8.ffn_up.weight	ffn_up-8	bf16	f32	f32	1024	3584	1	1	1024	512	1	1	2048	7340032	7340032	4096	2097152	2097152	1	1	0	1	1
T2-qwen35-08b-bf16	r1	text-pp512-tg64	text_prefill	1	eager	MUL_MAT	cuBLAS	cublasGemmEx/BF16	blk.8.ssm_alpha.weight	node_514	bf16	f32	f32	1024	16	1	1	1024	512	1	1	2048	32768	32768	4096	2097152	2097152	1	1	0	1	1
T2-qwen35-08b-bf16	r1	text-pp512-tg64	text_prefill	1	eager	MUL_MAT	cuBLAS	cublasGemmEx/BF16	blk.8.ssm_beta.weight	node_520	bf16	f32	f32	1024	16	1	1	1024	512	1	1	2048	32768	32768	4096	2097152	2097152	1	1	0	1	1
T2-qwen35-08b-bf16	r1	text-pp512-tg64	text_prefill	1	eager	MUL_MAT	cuBLAS	cublasGemmEx/BF16	blk.8.ssm_out.weight	linear_attn_out-8	bf16	f32	f32	2048	1024	1	1	2048	512	1	1	4096	4194304	4194304	8192	4194304	4194304	1	1	0	1	1
T2-qwen35-08b-bf16	r1	text-pp512-tg64	text_prefill	1	eager	MUL_MAT	cuBLAS	cublasGemmEx/BF16	blk.9.attn_gate.weight	z-9	bf16	f32	f32	1024	2048	1	1	1024	512	1	1	2048	4194304	4194304	4096	2097152	2097152	1	1	0	1	1
T2-qwen35-08b-bf16	r1	text-pp512-tg64	text_prefill	1	eager	MUL_MAT	cuBLAS	cublasGemmEx/BF16	blk.9.attn_qkv.weight	node_556	bf16	f32	f32	1024	6144	1	1	1024	512	1	1	2048	12582912	12582912	4096	2097152	2097152	1	1	0	1	1
T2-qwen35-08b-bf16	r1	text-pp512-tg64	text_prefill	1	eager	MUL_MAT	cuBLAS	cublasGemmEx/BF16	blk.9.ffn_down.weight	ffn_out-9	bf16	f32	f32	3584	1024	1	1	3584	512	1	1	7168	7340032	7340032	14336	7340032	7340032	1	1	0	1	1
T2-qwen35-08b-bf16	r1	text-pp512-tg64	text_prefill	1	eager	MUL_MAT	cuBLAS	cublasGemmEx/BF16	blk.9.ffn_gate.weight	ffn_gate-9	bf16	f32	f32	1024	3584	1	1	1024	512	1	1	2048	7340032	7340032	4096	2097152	2097152	1	1	0	1	1
T2-qwen35-08b-bf16	r1	text-pp512-tg64	text_prefill	1	eager	MUL_MAT	cuBLAS	cublasGemmEx/BF16	blk.9.ffn_up.weight	ffn_up-9	bf16	f32	f32	1024	3584	1	1	1024	512	1	1	2048	7340032	7340032	4096	2097152	2097152	1	1	0	1	1
T2-qwen35-08b-bf16	r1	text-pp512-tg64	text_prefill	1	eager	MUL_MAT	cuBLAS	cublasGemmEx/BF16	blk.9.ssm_alpha.weight	node_577	bf16	f32	f32	1024	16	1	1	1024	512	1	1	2048	32768	32768	4096	2097152	2097152	1	1	0	1	1
T2-qwen35-08b-bf16	r1	text-pp512-tg64	text_prefill	1	eager	MUL_MAT	cuBLAS	cublasGemmEx/BF16	blk.9.ssm_beta.weight	node_583	bf16	f32	f32	1024	16	1	1	1024	512	1	1	2048	32768	32768	4096	2097152	2097152	1	1	0	1	1
T2-qwen35-08b-bf16	r1	text-pp512-tg64	text_prefill	1	eager	MUL_MAT	cuBLAS	cublasGemmEx/BF16	blk.9.ssm_out.weight	linear_attn_out-9	bf16	f32	f32	2048	1024	1	1	2048	512	1	1	4096	4194304	4194304	8192	4194304	4194304	1	1	0	1	1
V0-lfm25-vl-450m	r2	cold-image	llm_prefill_from_image_embeddings	34	eager	MUL_MAT	cuBLAS	cublasGemmEx/F16	 (reshaped)	node_3	f16	f32	f32	768	352	1	1	768	768	1	1	1536	540672	540672	3072	2359296	2359296	1	1	0	1	1
V0-lfm25-vl-450m	r3	warm-image	llm_prefill_from_image_embeddings	57	capture	MUL_MAT	cuBLAS	cublasGemmEx/F16	 (reshaped)	node_3	f16	f32	f32	768	352	1	1	768	768	1	1	1536	540672	540672	3072	2359296	2359296	1	1	0	1	1
V1-lfm25-vl-16b	r2	cold-image	llm_prefill_from_image_embeddings	34	eager	MUL_MAT	cuBLAS	cublasGemmEx/F16	 (reshaped)	node_3	f16	f32	f32	768	352	1	1	768	1152	1	1	1536	540672	540672	3072	3538944	3538944	1	1	0	1	1
V1-lfm25-vl-16b	r2	cold-image	vision_encoder	34	eager	MUL_MAT	cuBLAS	cublasGemmEx/F16	v.blk.0.ffn_down.weight	ffn_down-0	f16	f32	f32	4304	1152	1	1	4304	352	1	1	8608	9916416	9916416	17216	6060032	6060032	1	1	0	1	1
V1-lfm25-vl-16b	r2	cold-image	vision_encoder	34	eager	MUL_MAT	cuBLAS	cublasGemmEx/F16	v.blk.1.ffn_down.weight	ffn_down-1	f16	f32	f32	4304	1152	1	1	4304	352	1	1	8608	9916416	9916416	17216	6060032	6060032	1	1	0	1	1
V1-lfm25-vl-16b	r2	cold-image	vision_encoder	34	eager	MUL_MAT	cuBLAS	cublasGemmEx/F16	v.blk.10.ffn_down.weight	ffn_down-10	f16	f32	f32	4304	1152	1	1	4304	352	1	1	8608	9916416	9916416	17216	6060032	6060032	1	1	0	1	1
V1-lfm25-vl-16b	r2	cold-image	vision_encoder	34	eager	MUL_MAT	cuBLAS	cublasGemmEx/F16	v.blk.11.ffn_down.weight	ffn_down-11	f16	f32	f32	4304	1152	1	1	4304	352	1	1	8608	9916416	9916416	17216	6060032	6060032	1	1	0	1	1
V1-lfm25-vl-16b	r2	cold-image	vision_encoder	34	eager	MUL_MAT	cuBLAS	cublasGemmEx/F16	v.blk.12.ffn_down.weight	ffn_down-12	f16	f32	f32	4304	1152	1	1	4304	352	1	1	8608	9916416	9916416	17216	6060032	6060032	1	1	0	1	1
V1-lfm25-vl-16b	r2	cold-image	vision_encoder	34	eager	MUL_MAT	cuBLAS	cublasGemmEx/F16	v.blk.13.ffn_down.weight	ffn_down-13	f16	f32	f32	4304	1152	1	1	4304	352	1	1	8608	9916416	9916416	17216	6060032	6060032	1	1	0	1	1
V1-lfm25-vl-16b	r2	cold-image	vision_encoder	34	eager	MUL_MAT	cuBLAS	cublasGemmEx/F16	v.blk.14.ffn_down.weight	ffn_down-14	f16	f32	f32	4304	1152	1	1	4304	352	1	1	8608	9916416	9916416	17216	6060032	6060032	1	1	0	1	1
V1-lfm25-vl-16b	r2	cold-image	vision_encoder	34	eager	MUL_MAT	cuBLAS	cublasGemmEx/F16	v.blk.15.ffn_down.weight	ffn_down-15	f16	f32	f32	4304	1152	1	1	4304	352	1	1	8608	9916416	9916416	17216	6060032	6060032	1	1	0	1	1
V1-lfm25-vl-16b	r2	cold-image	vision_encoder	34	eager	MUL_MAT	cuBLAS	cublasGemmEx/F16	v.blk.16.ffn_down.weight	ffn_down-16	f16	f32	f32	4304	1152	1	1	4304	352	1	1	8608	9916416	9916416	17216	6060032	6060032	1	1	0	1	1
V1-lfm25-vl-16b	r2	cold-image	vision_encoder	34	eager	MUL_MAT	cuBLAS	cublasGemmEx/F16	v.blk.17.ffn_down.weight	ffn_down-17	f16	f32	f32	4304	1152	1	1	4304	352	1	1	8608	9916416	9916416	17216	6060032	6060032	1	1	0	1	1
V1-lfm25-vl-16b	r2	cold-image	vision_encoder	34	eager	MUL_MAT	cuBLAS	cublasGemmEx/F16	v.blk.18.ffn_down.weight	ffn_down-18	f16	f32	f32	4304	1152	1	1	4304	352	1	1	8608	9916416	9916416	17216	6060032	6060032	1	1	0	1	1
V1-lfm25-vl-16b	r2	cold-image	vision_encoder	34	eager	MUL_MAT	cuBLAS	cublasGemmEx/F16	v.blk.19.ffn_down.weight	ffn_down-19	f16	f32	f32	4304	1152	1	1	4304	352	1	1	8608	9916416	9916416	17216	6060032	6060032	1	1	0	1	1
V1-lfm25-vl-16b	r2	cold-image	vision_encoder	34	eager	MUL_MAT	cuBLAS	cublasGemmEx/F16	v.blk.2.ffn_down.weight	ffn_down-2	f16	f32	f32	4304	1152	1	1	4304	352	1	1	8608	9916416	9916416	17216	6060032	6060032	1	1	0	1	1
V1-lfm25-vl-16b	r2	cold-image	vision_encoder	34	eager	MUL_MAT	cuBLAS	cublasGemmEx/F16	v.blk.20.ffn_down.weight	ffn_down-20	f16	f32	f32	4304	1152	1	1	4304	352	1	1	8608	9916416	9916416	17216	6060032	6060032	1	1	0	1	1
V1-lfm25-vl-16b	r2	cold-image	vision_encoder	34	eager	MUL_MAT	cuBLAS	cublasGemmEx/F16	v.blk.21.ffn_down.weight	ffn_down-21	f16	f32	f32	4304	1152	1	1	4304	352	1	1	8608	9916416	9916416	17216	6060032	6060032	1	1	0	1	1
V1-lfm25-vl-16b	r2	cold-image	vision_encoder	34	eager	MUL_MAT	cuBLAS	cublasGemmEx/F16	v.blk.22.ffn_down.weight	ffn_down-22	f16	f32	f32	4304	1152	1	1	4304	352	1	1	8608	9916416	9916416	17216	6060032	6060032	1	1	0	1	1
V1-lfm25-vl-16b	r2	cold-image	vision_encoder	34	eager	MUL_MAT	cuBLAS	cublasGemmEx/F16	v.blk.23.ffn_down.weight	ffn_down-23	f16	f32	f32	4304	1152	1	1	4304	352	1	1	8608	9916416	9916416	17216	6060032	6060032	1	1	0	1	1
V1-lfm25-vl-16b	r2	cold-image	vision_encoder	34	eager	MUL_MAT	cuBLAS	cublasGemmEx/F16	v.blk.24.ffn_down.weight	ffn_down-24	f16	f32	f32	4304	1152	1	1	4304	352	1	1	8608	9916416	9916416	17216	6060032	6060032	1	1	0	1	1
V1-lfm25-vl-16b	r2	cold-image	vision_encoder	34	eager	MUL_MAT	cuBLAS	cublasGemmEx/F16	v.blk.25.ffn_down.weight	ffn_down-25	f16	f32	f32	4304	1152	1	1	4304	352	1	1	8608	9916416	9916416	17216	6060032	6060032	1	1	0	1	1
V1-lfm25-vl-16b	r2	cold-image	vision_encoder	34	eager	MUL_MAT	cuBLAS	cublasGemmEx/F16	v.blk.26.ffn_down.weight	ffn_down-26	f16	f32	f32	4304	1152	1	1	4304	352	1	1	8608	9916416	9916416	17216	6060032	6060032	1	1	0	1	1
V1-lfm25-vl-16b	r2	cold-image	vision_encoder	34	eager	MUL_MAT	cuBLAS	cublasGemmEx/F16	v.blk.3.ffn_down.weight	ffn_down-3	f16	f32	f32	4304	1152	1	1	4304	352	1	1	8608	9916416	9916416	17216	6060032	6060032	1	1	0	1	1
V1-lfm25-vl-16b	r2	cold-image	vision_encoder	34	eager	MUL_MAT	cuBLAS	cublasGemmEx/F16	v.blk.4.ffn_down.weight	ffn_down-4	f16	f32	f32	4304	1152	1	1	4304	352	1	1	8608	9916416	9916416	17216	6060032	6060032	1	1	0	1	1
V1-lfm25-vl-16b	r2	cold-image	vision_encoder	34	eager	MUL_MAT	cuBLAS	cublasGemmEx/F16	v.blk.5.ffn_down.weight	ffn_down-5	f16	f32	f32	4304	1152	1	1	4304	352	1	1	8608	9916416	9916416	17216	6060032	6060032	1	1	0	1	1
V1-lfm25-vl-16b	r2	cold-image	vision_encoder	34	eager	MUL_MAT	cuBLAS	cublasGemmEx/F16	v.blk.6.ffn_down.weight	ffn_down-6	f16	f32	f32	4304	1152	1	1	4304	352	1	1	8608	9916416	9916416	17216	6060032	6060032	1	1	0	1	1
V1-lfm25-vl-16b	r2	cold-image	vision_encoder	34	eager	MUL_MAT	cuBLAS	cublasGemmEx/F16	v.blk.7.ffn_down.weight	ffn_down-7	f16	f32	f32	4304	1152	1	1	4304	352	1	1	8608	9916416	9916416	17216	6060032	6060032	1	1	0	1	1
V1-lfm25-vl-16b	r2	cold-image	vision_encoder	34	eager	MUL_MAT	cuBLAS	cublasGemmEx/F16	v.blk.8.ffn_down.weight	ffn_down-8	f16	f32	f32	4304	1152	1	1	4304	352	1	1	8608	9916416	9916416	17216	6060032	6060032	1	1	0	1	1
V1-lfm25-vl-16b	r2	cold-image	vision_encoder	34	eager	MUL_MAT	cuBLAS	cublasGemmEx/F16	v.blk.9.ffn_down.weight	ffn_down-9	f16	f32	f32	4304	1152	1	1	4304	352	1	1	8608	9916416	9916416	17216	6060032	6060032	1	1	0	1	1
V1-lfm25-vl-16b	r3	warm-image	llm_prefill_from_image_embeddings	60	capture	MUL_MAT	cuBLAS	cublasGemmEx/F16	 (reshaped)	node_3	f16	f32	f32	768	352	1	1	768	1152	1	1	1536	540672	540672	3072	3538944	3538944	1	1	0	1	1
V1-lfm25-vl-16b	r3	warm-image	vision_encoder	60	capture	MUL_MAT	cuBLAS	cublasGemmEx/F16	v.blk.0.ffn_down.weight	ffn_down-0	f16	f32	f32	4304	1152	1	1	4304	352	1	1	8608	9916416	9916416	17216	6060032	6060032	1	1	0	1	1
V1-lfm25-vl-16b	r3	warm-image	vision_encoder	60	capture	MUL_MAT	cuBLAS	cublasGemmEx/F16	v.blk.1.ffn_down.weight	ffn_down-1	f16	f32	f32	4304	1152	1	1	4304	352	1	1	8608	9916416	9916416	17216	6060032	6060032	1	1	0	1	1
V1-lfm25-vl-16b	r3	warm-image	vision_encoder	60	capture	MUL_MAT	cuBLAS	cublasGemmEx/F16	v.blk.10.ffn_down.weight	ffn_down-10	f16	f32	f32	4304	1152	1	1	4304	352	1	1	8608	9916416	9916416	17216	6060032	6060032	1	1	0	1	1
V1-lfm25-vl-16b	r3	warm-image	vision_encoder	60	capture	MUL_MAT	cuBLAS	cublasGemmEx/F16	v.blk.11.ffn_down.weight	ffn_down-11	f16	f32	f32	4304	1152	1	1	4304	352	1	1	8608	9916416	9916416	17216	6060032	6060032	1	1	0	1	1
V1-lfm25-vl-16b	r3	warm-image	vision_encoder	60	capture	MUL_MAT	cuBLAS	cublasGemmEx/F16	v.blk.12.ffn_down.weight	ffn_down-12	f16	f32	f32	4304	1152	1	1	4304	352	1	1	8608	9916416	9916416	17216	6060032	6060032	1	1	0	1	1
V1-lfm25-vl-16b	r3	warm-image	vision_encoder	60	capture	MUL_MAT	cuBLAS	cublasGemmEx/F16	v.blk.13.ffn_down.weight	ffn_down-13	f16	f32	f32	4304	1152	1	1	4304	352	1	1	8608	9916416	9916416	17216	6060032	6060032	1	1	0	1	1
V1-lfm25-vl-16b	r3	warm-image	vision_encoder	60	capture	MUL_MAT	cuBLAS	cublasGemmEx/F16	v.blk.14.ffn_down.weight	ffn_down-14	f16	f32	f32	4304	1152	1	1	4304	352	1	1	8608	9916416	9916416	17216	6060032	6060032	1	1	0	1	1
V1-lfm25-vl-16b	r3	warm-image	vision_encoder	60	capture	MUL_MAT	cuBLAS	cublasGemmEx/F16	v.blk.15.ffn_down.weight	ffn_down-15	f16	f32	f32	4304	1152	1	1	4304	352	1	1	8608	9916416	9916416	17216	6060032	6060032	1	1	0	1	1
V1-lfm25-vl-16b	r3	warm-image	vision_encoder	60	capture	MUL_MAT	cuBLAS	cublasGemmEx/F16	v.blk.16.ffn_down.weight	ffn_down-16	f16	f32	f32	4304	1152	1	1	4304	352	1	1	8608	9916416	9916416	17216	6060032	6060032	1	1	0	1	1
V1-lfm25-vl-16b	r3	warm-image	vision_encoder	60	capture	MUL_MAT	cuBLAS	cublasGemmEx/F16	v.blk.17.ffn_down.weight	ffn_down-17	f16	f32	f32	4304	1152	1	1	4304	352	1	1	8608	9916416	9916416	17216	6060032	6060032	1	1	0	1	1
V1-lfm25-vl-16b	r3	warm-image	vision_encoder	60	capture	MUL_MAT	cuBLAS	cublasGemmEx/F16	v.blk.18.ffn_down.weight	ffn_down-18	f16	f32	f32	4304	1152	1	1	4304	352	1	1	8608	9916416	9916416	17216	6060032	6060032	1	1	0	1	1
V1-lfm25-vl-16b	r3	warm-image	vision_encoder	60	capture	MUL_MAT	cuBLAS	cublasGemmEx/F16	v.blk.19.ffn_down.weight	ffn_down-19	f16	f32	f32	4304	1152	1	1	4304	352	1	1	8608	9916416	9916416	17216	6060032	6060032	1	1	0	1	1
V1-lfm25-vl-16b	r3	warm-image	vision_encoder	60	capture	MUL_MAT	cuBLAS	cublasGemmEx/F16	v.blk.2.ffn_down.weight	ffn_down-2	f16	f32	f32	4304	1152	1	1	4304	352	1	1	8608	9916416	9916416	17216	6060032	6060032	1	1	0	1	1
V1-lfm25-vl-16b	r3	warm-image	vision_encoder	60	capture	MUL_MAT	cuBLAS	cublasGemmEx/F16	v.blk.20.ffn_down.weight	ffn_down-20	f16	f32	f32	4304	1152	1	1	4304	352	1	1	8608	9916416	9916416	17216	6060032	6060032	1	1	0	1	1
V1-lfm25-vl-16b	r3	warm-image	vision_encoder	60	capture	MUL_MAT	cuBLAS	cublasGemmEx/F16	v.blk.21.ffn_down.weight	ffn_down-21	f16	f32	f32	4304	1152	1	1	4304	352	1	1	8608	9916416	9916416	17216	6060032	6060032	1	1	0	1	1
V1-lfm25-vl-16b	r3	warm-image	vision_encoder	60	capture	MUL_MAT	cuBLAS	cublasGemmEx/F16	v.blk.22.ffn_down.weight	ffn_down-22	f16	f32	f32	4304	1152	1	1	4304	352	1	1	8608	9916416	9916416	17216	6060032	6060032	1	1	0	1	1
V1-lfm25-vl-16b	r3	warm-image	vision_encoder	60	capture	MUL_MAT	cuBLAS	cublasGemmEx/F16	v.blk.23.ffn_down.weight	ffn_down-23	f16	f32	f32	4304	1152	1	1	4304	352	1	1	8608	9916416	9916416	17216	6060032	6060032	1	1	0	1	1
V1-lfm25-vl-16b	r3	warm-image	vision_encoder	60	capture	MUL_MAT	cuBLAS	cublasGemmEx/F16	v.blk.24.ffn_down.weight	ffn_down-24	f16	f32	f32	4304	1152	1	1	4304	352	1	1	8608	9916416	9916416	17216	6060032	6060032	1	1	0	1	1
V1-lfm25-vl-16b	r3	warm-image	vision_encoder	60	capture	MUL_MAT	cuBLAS	cublasGemmEx/F16	v.blk.25.ffn_down.weight	ffn_down-25	f16	f32	f32	4304	1152	1	1	4304	352	1	1	8608	9916416	9916416	17216	6060032	6060032	1	1	0	1	1
V1-lfm25-vl-16b	r3	warm-image	vision_encoder	60	capture	MUL_MAT	cuBLAS	cublasGemmEx/F16	v.blk.26.ffn_down.weight	ffn_down-26	f16	f32	f32	4304	1152	1	1	4304	352	1	1	8608	9916416	9916416	17216	6060032	6060032	1	1	0	1	1
V1-lfm25-vl-16b	r3	warm-image	vision_encoder	60	capture	MUL_MAT	cuBLAS	cublasGemmEx/F16	v.blk.3.ffn_down.weight	ffn_down-3	f16	f32	f32	4304	1152	1	1	4304	352	1	1	8608	9916416	9916416	17216	6060032	6060032	1	1	0	1	1
V1-lfm25-vl-16b	r3	warm-image	vision_encoder	60	capture	MUL_MAT	cuBLAS	cublasGemmEx/F16	v.blk.4.ffn_down.weight	ffn_down-4	f16	f32	f32	4304	1152	1	1	4304	352	1	1	8608	9916416	9916416	17216	6060032	6060032	1	1	0	1	1
V1-lfm25-vl-16b	r3	warm-image	vision_encoder	60	capture	MUL_MAT	cuBLAS	cublasGemmEx/F16	v.blk.5.ffn_down.weight	ffn_down-5	f16	f32	f32	4304	1152	1	1	4304	352	1	1	8608	9916416	9916416	17216	6060032	6060032	1	1	0	1	1
V1-lfm25-vl-16b	r3	warm-image	vision_encoder	60	capture	MUL_MAT	cuBLAS	cublasGemmEx/F16	v.blk.6.ffn_down.weight	ffn_down-6	f16	f32	f32	4304	1152	1	1	4304	352	1	1	8608	9916416	9916416	17216	6060032	6060032	1	1	0	1	1
V1-lfm25-vl-16b	r3	warm-image	vision_encoder	60	capture	MUL_MAT	cuBLAS	cublasGemmEx/F16	v.blk.7.ffn_down.weight	ffn_down-7	f16	f32	f32	4304	1152	1	1	4304	352	1	1	8608	9916416	9916416	17216	6060032	6060032	1	1	0	1	1
V1-lfm25-vl-16b	r3	warm-image	vision_encoder	60	capture	MUL_MAT	cuBLAS	cublasGemmEx/F16	v.blk.8.ffn_down.weight	ffn_down-8	f16	f32	f32	4304	1152	1	1	4304	352	1	1	8608	9916416	9916416	17216	6060032	6060032	1	1	0	1	1
V1-lfm25-vl-16b	r3	warm-image	vision_encoder	60	capture	MUL_MAT	cuBLAS	cublasGemmEx/F16	v.blk.9.ffn_down.weight	ffn_down-9	f16	f32	f32	4304	1152	1	1	4304	352	1	1	8608	9916416	9916416	17216	6060032	6060032	1	1	0	1	1
V2-qwen35-4b-base	r2	cold-image	llm_prefill_from_image_embeddings	34	eager	MUL_MAT	cuBLAS	cublasGemmEx/F16	 (reshaped)	node_10	f16	f16	f32	768	352	1	1	768	1024	1	1	1536	540672	540672	1536	1572864	1572864	1	1	0	1	1
V2-qwen35-4b-base	r2	cold-image	llm_prefill_from_image_embeddings	34	eager	MUL_MAT	cuBLAS	cublasGemmEx/F16	 (reshaped)	node_3	f16	f16	f32	768	352	1	1	768	1024	1	1	1536	540672	540672	1536	1572864	1572864	1	1	0	1	1
V2-qwen35-4b-base	r2	cold-image	projector	34	eager	MUL_MAT	cuBLAS	cublasGemmEx/F16	mm.0.weight	ffn_up	f16	f32	f32	4096	4096	1	1	4096	88	1	1	8192	33554432	33554432	16384	1441792	1441792	1	1	0	1	1
V2-qwen35-4b-base	r2	cold-image	projector	34	eager	MUL_MAT	cuBLAS	cublasGemmEx/F16	mm.2.weight	ffn_down	f16	f32	f32	4096	2560	1	1	4096	88	1	1	8192	20971520	20971520	16384	1441792	1441792	1	1	0	1	1
V2-qwen35-4b-base	r2	cold-image	vision_encoder	34	eager	MUL_MAT	cuBLAS	cublasGemmEx/F16	v.blk.0.attn_out.weight	node_48	f16	f32	f32	1024	1024	1	1	1024	352	1	1	2048	2097152	2097152	4096	1441792	1441792	1	1	0	1	1
V2-qwen35-4b-base	r2	cold-image	vision_encoder	34	eager	MUL_MAT	cuBLAS	cublasGemmEx/F16	v.blk.0.attn_qkv.weight	node_34	f16	f32	f32	1024	3072	1	1	1024	352	1	1	2048	6291456	6291456	4096	1441792	1441792	1	1	0	1	1
V2-qwen35-4b-base	r2	cold-image	vision_encoder	34	eager	MUL_MAT	cuBLAS	cublasGemmEx/F16	v.blk.0.ffn_down.weight	ffn_down-0	f16	f32	f32	4096	1024	1	1	4096	352	1	1	8192	8388608	8388608	16384	5767168	5767168	1	1	0	1	1
V2-qwen35-4b-base	r2	cold-image	vision_encoder	34	eager	MUL_MAT	cuBLAS	cublasGemmEx/F16	v.blk.0.ffn_up.weight	ffn_up-0	f16	f32	f32	1024	4096	1	1	1024	352	1	1	2048	8388608	8388608	4096	1441792	1441792	1	1	0	1	1
V2-qwen35-4b-base	r2	cold-image	vision_encoder	34	eager	MUL_MAT	cuBLAS	cublasGemmEx/F16	v.blk.1.attn_out.weight	node_77	f16	f32	f32	1024	1024	1	1	1024	352	1	1	2048	2097152	2097152	4096	1441792	1441792	1	1	0	1	1
V2-qwen35-4b-base	r2	cold-image	vision_encoder	34	eager	MUL_MAT	cuBLAS	cublasGemmEx/F16	v.blk.1.attn_qkv.weight	node_63	f16	f32	f32	1024	3072	1	1	1024	352	1	1	2048	6291456	6291456	4096	1441792	1441792	1	1	0	1	1
V2-qwen35-4b-base	r2	cold-image	vision_encoder	34	eager	MUL_MAT	cuBLAS	cublasGemmEx/F16	v.blk.1.ffn_down.weight	ffn_down-1	f16	f32	f32	4096	1024	1	1	4096	352	1	1	8192	8388608	8388608	16384	5767168	5767168	1	1	0	1	1
V2-qwen35-4b-base	r2	cold-image	vision_encoder	34	eager	MUL_MAT	cuBLAS	cublasGemmEx/F16	v.blk.1.ffn_up.weight	ffn_up-1	f16	f32	f32	1024	4096	1	1	1024	352	1	1	2048	8388608	8388608	4096	1441792	1441792	1	1	0	1	1
V2-qwen35-4b-base	r2	cold-image	vision_encoder	34	eager	MUL_MAT	cuBLAS	cublasGemmEx/F16	v.blk.10.attn_out.weight	node_338	f16	f32	f32	1024	1024	1	1	1024	352	1	1	2048	2097152	2097152	4096	1441792	1441792	1	1	0	1	1
V2-qwen35-4b-base	r2	cold-image	vision_encoder	34	eager	MUL_MAT	cuBLAS	cublasGemmEx/F16	v.blk.10.attn_qkv.weight	node_324	f16	f32	f32	1024	3072	1	1	1024	352	1	1	2048	6291456	6291456	4096	1441792	1441792	1	1	0	1	1
V2-qwen35-4b-base	r2	cold-image	vision_encoder	34	eager	MUL_MAT	cuBLAS	cublasGemmEx/F16	v.blk.10.ffn_down.weight	ffn_down-10	f16	f32	f32	4096	1024	1	1	4096	352	1	1	8192	8388608	8388608	16384	5767168	5767168	1	1	0	1	1
V2-qwen35-4b-base	r2	cold-image	vision_encoder	34	eager	MUL_MAT	cuBLAS	cublasGemmEx/F16	v.blk.10.ffn_up.weight	ffn_up-10	f16	f32	f32	1024	4096	1	1	1024	352	1	1	2048	8388608	8388608	4096	1441792	1441792	1	1	0	1	1
V2-qwen35-4b-base	r2	cold-image	vision_encoder	34	eager	MUL_MAT	cuBLAS	cublasGemmEx/F16	v.blk.11.attn_out.weight	node_367	f16	f32	f32	1024	1024	1	1	1024	352	1	1	2048	2097152	2097152	4096	1441792	1441792	1	1	0	1	1
V2-qwen35-4b-base	r2	cold-image	vision_encoder	34	eager	MUL_MAT	cuBLAS	cublasGemmEx/F16	v.blk.11.attn_qkv.weight	node_353	f16	f32	f32	1024	3072	1	1	1024	352	1	1	2048	6291456	6291456	4096	1441792	1441792	1	1	0	1	1
V2-qwen35-4b-base	r2	cold-image	vision_encoder	34	eager	MUL_MAT	cuBLAS	cublasGemmEx/F16	v.blk.11.ffn_down.weight	ffn_down-11	f16	f32	f32	4096	1024	1	1	4096	352	1	1	8192	8388608	8388608	16384	5767168	5767168	1	1	0	1	1
V2-qwen35-4b-base	r2	cold-image	vision_encoder	34	eager	MUL_MAT	cuBLAS	cublasGemmEx/F16	v.blk.11.ffn_up.weight	ffn_up-11	f16	f32	f32	1024	4096	1	1	1024	352	1	1	2048	8388608	8388608	4096	1441792	1441792	1	1	0	1	1
V2-qwen35-4b-base	r2	cold-image	vision_encoder	34	eager	MUL_MAT	cuBLAS	cublasGemmEx/F16	v.blk.12.attn_out.weight	node_396	f16	f32	f32	1024	1024	1	1	1024	352	1	1	2048	2097152	2097152	4096	1441792	1441792	1	1	0	1	1
V2-qwen35-4b-base	r2	cold-image	vision_encoder	34	eager	MUL_MAT	cuBLAS	cublasGemmEx/F16	v.blk.12.attn_qkv.weight	node_382	f16	f32	f32	1024	3072	1	1	1024	352	1	1	2048	6291456	6291456	4096	1441792	1441792	1	1	0	1	1
V2-qwen35-4b-base	r2	cold-image	vision_encoder	34	eager	MUL_MAT	cuBLAS	cublasGemmEx/F16	v.blk.12.ffn_down.weight	ffn_down-12	f16	f32	f32	4096	1024	1	1	4096	352	1	1	8192	8388608	8388608	16384	5767168	5767168	1	1	0	1	1
V2-qwen35-4b-base	r2	cold-image	vision_encoder	34	eager	MUL_MAT	cuBLAS	cublasGemmEx/F16	v.blk.12.ffn_up.weight	ffn_up-12	f16	f32	f32	1024	4096	1	1	1024	352	1	1	2048	8388608	8388608	4096	1441792	1441792	1	1	0	1	1
V2-qwen35-4b-base	r2	cold-image	vision_encoder	34	eager	MUL_MAT	cuBLAS	cublasGemmEx/F16	v.blk.13.attn_out.weight	node_425	f16	f32	f32	1024	1024	1	1	1024	352	1	1	2048	2097152	2097152	4096	1441792	1441792	1	1	0	1	1
V2-qwen35-4b-base	r2	cold-image	vision_encoder	34	eager	MUL_MAT	cuBLAS	cublasGemmEx/F16	v.blk.13.attn_qkv.weight	node_411	f16	f32	f32	1024	3072	1	1	1024	352	1	1	2048	6291456	6291456	4096	1441792	1441792	1	1	0	1	1
V2-qwen35-4b-base	r2	cold-image	vision_encoder	34	eager	MUL_MAT	cuBLAS	cublasGemmEx/F16	v.blk.13.ffn_down.weight	ffn_down-13	f16	f32	f32	4096	1024	1	1	4096	352	1	1	8192	8388608	8388608	16384	5767168	5767168	1	1	0	1	1
V2-qwen35-4b-base	r2	cold-image	vision_encoder	34	eager	MUL_MAT	cuBLAS	cublasGemmEx/F16	v.blk.13.ffn_up.weight	ffn_up-13	f16	f32	f32	1024	4096	1	1	1024	352	1	1	2048	8388608	8388608	4096	1441792	1441792	1	1	0	1	1
V2-qwen35-4b-base	r2	cold-image	vision_encoder	34	eager	MUL_MAT	cuBLAS	cublasGemmEx/F16	v.blk.14.attn_out.weight	node_454	f16	f32	f32	1024	1024	1	1	1024	352	1	1	2048	2097152	2097152	4096	1441792	1441792	1	1	0	1	1
V2-qwen35-4b-base	r2	cold-image	vision_encoder	34	eager	MUL_MAT	cuBLAS	cublasGemmEx/F16	v.blk.14.attn_qkv.weight	node_440	f16	f32	f32	1024	3072	1	1	1024	352	1	1	2048	6291456	6291456	4096	1441792	1441792	1	1	0	1	1
V2-qwen35-4b-base	r2	cold-image	vision_encoder	34	eager	MUL_MAT	cuBLAS	cublasGemmEx/F16	v.blk.14.ffn_down.weight	ffn_down-14	f16	f32	f32	4096	1024	1	1	4096	352	1	1	8192	8388608	8388608	16384	5767168	5767168	1	1	0	1	1
V2-qwen35-4b-base	r2	cold-image	vision_encoder	34	eager	MUL_MAT	cuBLAS	cublasGemmEx/F16	v.blk.14.ffn_up.weight	ffn_up-14	f16	f32	f32	1024	4096	1	1	1024	352	1	1	2048	8388608	8388608	4096	1441792	1441792	1	1	0	1	1
V2-qwen35-4b-base	r2	cold-image	vision_encoder	34	eager	MUL_MAT	cuBLAS	cublasGemmEx/F16	v.blk.15.attn_out.weight	node_483	f16	f32	f32	1024	1024	1	1	1024	352	1	1	2048	2097152	2097152	4096	1441792	1441792	1	1	0	1	1
V2-qwen35-4b-base	r2	cold-image	vision_encoder	34	eager	MUL_MAT	cuBLAS	cublasGemmEx/F16	v.blk.15.attn_qkv.weight	node_469	f16	f32	f32	1024	3072	1	1	1024	352	1	1	2048	6291456	6291456	4096	1441792	1441792	1	1	0	1	1
V2-qwen35-4b-base	r2	cold-image	vision_encoder	34	eager	MUL_MAT	cuBLAS	cublasGemmEx/F16	v.blk.15.ffn_down.weight	ffn_down-15	f16	f32	f32	4096	1024	1	1	4096	352	1	1	8192	8388608	8388608	16384	5767168	5767168	1	1	0	1	1
V2-qwen35-4b-base	r2	cold-image	vision_encoder	34	eager	MUL_MAT	cuBLAS	cublasGemmEx/F16	v.blk.15.ffn_up.weight	ffn_up-15	f16	f32	f32	1024	4096	1	1	1024	352	1	1	2048	8388608	8388608	4096	1441792	1441792	1	1	0	1	1
V2-qwen35-4b-base	r2	cold-image	vision_encoder	34	eager	MUL_MAT	cuBLAS	cublasGemmEx/F16	v.blk.16.attn_out.weight	node_512	f16	f32	f32	1024	1024	1	1	1024	352	1	1	2048	2097152	2097152	4096	1441792	1441792	1	1	0	1	1
V2-qwen35-4b-base	r2	cold-image	vision_encoder	34	eager	MUL_MAT	cuBLAS	cublasGemmEx/F16	v.blk.16.attn_qkv.weight	node_498	f16	f32	f32	1024	3072	1	1	1024	352	1	1	2048	6291456	6291456	4096	1441792	1441792	1	1	0	1	1
V2-qwen35-4b-base	r2	cold-image	vision_encoder	34	eager	MUL_MAT	cuBLAS	cublasGemmEx/F16	v.blk.16.ffn_down.weight	ffn_down-16	f16	f32	f32	4096	1024	1	1	4096	352	1	1	8192	8388608	8388608	16384	5767168	5767168	1	1	0	1	1
V2-qwen35-4b-base	r2	cold-image	vision_encoder	34	eager	MUL_MAT	cuBLAS	cublasGemmEx/F16	v.blk.16.ffn_up.weight	ffn_up-16	f16	f32	f32	1024	4096	1	1	1024	352	1	1	2048	8388608	8388608	4096	1441792	1441792	1	1	0	1	1
V2-qwen35-4b-base	r2	cold-image	vision_encoder	34	eager	MUL_MAT	cuBLAS	cublasGemmEx/F16	v.blk.17.attn_out.weight	node_541	f16	f32	f32	1024	1024	1	1	1024	352	1	1	2048	2097152	2097152	4096	1441792	1441792	1	1	0	1	1
V2-qwen35-4b-base	r2	cold-image	vision_encoder	34	eager	MUL_MAT	cuBLAS	cublasGemmEx/F16	v.blk.17.attn_qkv.weight	node_527	f16	f32	f32	1024	3072	1	1	1024	352	1	1	2048	6291456	6291456	4096	1441792	1441792	1	1	0	1	1
V2-qwen35-4b-base	r2	cold-image	vision_encoder	34	eager	MUL_MAT	cuBLAS	cublasGemmEx/F16	v.blk.17.ffn_down.weight	ffn_down-17	f16	f32	f32	4096	1024	1	1	4096	352	1	1	8192	8388608	8388608	16384	5767168	5767168	1	1	0	1	1
V2-qwen35-4b-base	r2	cold-image	vision_encoder	34	eager	MUL_MAT	cuBLAS	cublasGemmEx/F16	v.blk.17.ffn_up.weight	ffn_up-17	f16	f32	f32	1024	4096	1	1	1024	352	1	1	2048	8388608	8388608	4096	1441792	1441792	1	1	0	1	1
V2-qwen35-4b-base	r2	cold-image	vision_encoder	34	eager	MUL_MAT	cuBLAS	cublasGemmEx/F16	v.blk.18.attn_out.weight	node_570	f16	f32	f32	1024	1024	1	1	1024	352	1	1	2048	2097152	2097152	4096	1441792	1441792	1	1	0	1	1
V2-qwen35-4b-base	r2	cold-image	vision_encoder	34	eager	MUL_MAT	cuBLAS	cublasGemmEx/F16	v.blk.18.attn_qkv.weight	node_556	f16	f32	f32	1024	3072	1	1	1024	352	1	1	2048	6291456	6291456	4096	1441792	1441792	1	1	0	1	1
V2-qwen35-4b-base	r2	cold-image	vision_encoder	34	eager	MUL_MAT	cuBLAS	cublasGemmEx/F16	v.blk.18.ffn_down.weight	ffn_down-18	f16	f32	f32	4096	1024	1	1	4096	352	1	1	8192	8388608	8388608	16384	5767168	5767168	1	1	0	1	1
V2-qwen35-4b-base	r2	cold-image	vision_encoder	34	eager	MUL_MAT	cuBLAS	cublasGemmEx/F16	v.blk.18.ffn_up.weight	ffn_up-18	f16	f32	f32	1024	4096	1	1	1024	352	1	1	2048	8388608	8388608	4096	1441792	1441792	1	1	0	1	1
V2-qwen35-4b-base	r2	cold-image	vision_encoder	34	eager	MUL_MAT	cuBLAS	cublasGemmEx/F16	v.blk.19.attn_out.weight	node_599	f16	f32	f32	1024	1024	1	1	1024	352	1	1	2048	2097152	2097152	4096	1441792	1441792	1	1	0	1	1
V2-qwen35-4b-base	r2	cold-image	vision_encoder	34	eager	MUL_MAT	cuBLAS	cublasGemmEx/F16	v.blk.19.attn_qkv.weight	node_585	f16	f32	f32	1024	3072	1	1	1024	352	1	1	2048	6291456	6291456	4096	1441792	1441792	1	1	0	1	1
V2-qwen35-4b-base	r2	cold-image	vision_encoder	34	eager	MUL_MAT	cuBLAS	cublasGemmEx/F16	v.blk.19.ffn_down.weight	ffn_down-19	f16	f32	f32	4096	1024	1	1	4096	352	1	1	8192	8388608	8388608	16384	5767168	5767168	1	1	0	1	1
V2-qwen35-4b-base	r2	cold-image	vision_encoder	34	eager	MUL_MAT	cuBLAS	cublasGemmEx/F16	v.blk.19.ffn_up.weight	ffn_up-19	f16	f32	f32	1024	4096	1	1	1024	352	1	1	2048	8388608	8388608	4096	1441792	1441792	1	1	0	1	1
V2-qwen35-4b-base	r2	cold-image	vision_encoder	34	eager	MUL_MAT	cuBLAS	cublasGemmEx/F16	v.blk.2.attn_out.weight	node_106	f16	f32	f32	1024	1024	1	1	1024	352	1	1	2048	2097152	2097152	4096	1441792	1441792	1	1	0	1	1
V2-qwen35-4b-base	r2	cold-image	vision_encoder	34	eager	MUL_MAT	cuBLAS	cublasGemmEx/F16	v.blk.2.attn_qkv.weight	node_92	f16	f32	f32	1024	3072	1	1	1024	352	1	1	2048	6291456	6291456	4096	1441792	1441792	1	1	0	1	1
V2-qwen35-4b-base	r2	cold-image	vision_encoder	34	eager	MUL_MAT	cuBLAS	cublasGemmEx/F16	v.blk.2.ffn_down.weight	ffn_down-2	f16	f32	f32	4096	1024	1	1	4096	352	1	1	8192	8388608	8388608	16384	5767168	5767168	1	1	0	1	1
V2-qwen35-4b-base	r2	cold-image	vision_encoder	34	eager	MUL_MAT	cuBLAS	cublasGemmEx/F16	v.blk.2.ffn_up.weight	ffn_up-2	f16	f32	f32	1024	4096	1	1	1024	352	1	1	2048	8388608	8388608	4096	1441792	1441792	1	1	0	1	1
V2-qwen35-4b-base	r2	cold-image	vision_encoder	34	eager	MUL_MAT	cuBLAS	cublasGemmEx/F16	v.blk.20.attn_out.weight	node_628	f16	f32	f32	1024	1024	1	1	1024	352	1	1	2048	2097152	2097152	4096	1441792	1441792	1	1	0	1	1
V2-qwen35-4b-base	r2	cold-image	vision_encoder	34	eager	MUL_MAT	cuBLAS	cublasGemmEx/F16	v.blk.20.attn_qkv.weight	node_614	f16	f32	f32	1024	3072	1	1	1024	352	1	1	2048	6291456	6291456	4096	1441792	1441792	1	1	0	1	1
V2-qwen35-4b-base	r2	cold-image	vision_encoder	34	eager	MUL_MAT	cuBLAS	cublasGemmEx/F16	v.blk.20.ffn_down.weight	ffn_down-20	f16	f32	f32	4096	1024	1	1	4096	352	1	1	8192	8388608	8388608	16384	5767168	5767168	1	1	0	1	1
V2-qwen35-4b-base	r2	cold-image	vision_encoder	34	eager	MUL_MAT	cuBLAS	cublasGemmEx/F16	v.blk.20.ffn_up.weight	ffn_up-20	f16	f32	f32	1024	4096	1	1	1024	352	1	1	2048	8388608	8388608	4096	1441792	1441792	1	1	0	1	1
V2-qwen35-4b-base	r2	cold-image	vision_encoder	34	eager	MUL_MAT	cuBLAS	cublasGemmEx/F16	v.blk.21.attn_out.weight	node_657	f16	f32	f32	1024	1024	1	1	1024	352	1	1	2048	2097152	2097152	4096	1441792	1441792	1	1	0	1	1
V2-qwen35-4b-base	r2	cold-image	vision_encoder	34	eager	MUL_MAT	cuBLAS	cublasGemmEx/F16	v.blk.21.attn_qkv.weight	node_643	f16	f32	f32	1024	3072	1	1	1024	352	1	1	2048	6291456	6291456	4096	1441792	1441792	1	1	0	1	1
V2-qwen35-4b-base	r2	cold-image	vision_encoder	34	eager	MUL_MAT	cuBLAS	cublasGemmEx/F16	v.blk.21.ffn_down.weight	ffn_down-21	f16	f32	f32	4096	1024	1	1	4096	352	1	1	8192	8388608	8388608	16384	5767168	5767168	1	1	0	1	1
V2-qwen35-4b-base	r2	cold-image	vision_encoder	34	eager	MUL_MAT	cuBLAS	cublasGemmEx/F16	v.blk.21.ffn_up.weight	ffn_up-21	f16	f32	f32	1024	4096	1	1	1024	352	1	1	2048	8388608	8388608	4096	1441792	1441792	1	1	0	1	1
V2-qwen35-4b-base	r2	cold-image	vision_encoder	34	eager	MUL_MAT	cuBLAS	cublasGemmEx/F16	v.blk.22.attn_out.weight	node_686	f16	f32	f32	1024	1024	1	1	1024	352	1	1	2048	2097152	2097152	4096	1441792	1441792	1	1	0	1	1
V2-qwen35-4b-base	r2	cold-image	vision_encoder	34	eager	MUL_MAT	cuBLAS	cublasGemmEx/F16	v.blk.22.attn_qkv.weight	node_672	f16	f32	f32	1024	3072	1	1	1024	352	1	1	2048	6291456	6291456	4096	1441792	1441792	1	1	0	1	1
V2-qwen35-4b-base	r2	cold-image	vision_encoder	34	eager	MUL_MAT	cuBLAS	cublasGemmEx/F16	v.blk.22.ffn_down.weight	ffn_down-22	f16	f32	f32	4096	1024	1	1	4096	352	1	1	8192	8388608	8388608	16384	5767168	5767168	1	1	0	1	1
V2-qwen35-4b-base	r2	cold-image	vision_encoder	34	eager	MUL_MAT	cuBLAS	cublasGemmEx/F16	v.blk.22.ffn_up.weight	ffn_up-22	f16	f32	f32	1024	4096	1	1	1024	352	1	1	2048	8388608	8388608	4096	1441792	1441792	1	1	0	1	1
V2-qwen35-4b-base	r2	cold-image	vision_encoder	34	eager	MUL_MAT	cuBLAS	cublasGemmEx/F16	v.blk.23.attn_out.weight	node_715	f16	f32	f32	1024	1024	1	1	1024	352	1	1	2048	2097152	2097152	4096	1441792	1441792	1	1	0	1	1
V2-qwen35-4b-base	r2	cold-image	vision_encoder	34	eager	MUL_MAT	cuBLAS	cublasGemmEx/F16	v.blk.23.attn_qkv.weight	node_701	f16	f32	f32	1024	3072	1	1	1024	352	1	1	2048	6291456	6291456	4096	1441792	1441792	1	1	0	1	1
V2-qwen35-4b-base	r2	cold-image	vision_encoder	34	eager	MUL_MAT	cuBLAS	cublasGemmEx/F16	v.blk.23.ffn_down.weight	ffn_down-23	f16	f32	f32	4096	1024	1	1	4096	352	1	1	8192	8388608	8388608	16384	5767168	5767168	1	1	0	1	1
V2-qwen35-4b-base	r2	cold-image	vision_encoder	34	eager	MUL_MAT	cuBLAS	cublasGemmEx/F16	v.blk.23.ffn_up.weight	ffn_up-23	f16	f32	f32	1024	4096	1	1	1024	352	1	1	2048	8388608	8388608	4096	1441792	1441792	1	1	0	1	1
V2-qwen35-4b-base	r2	cold-image	vision_encoder	34	eager	MUL_MAT	cuBLAS	cublasGemmEx/F16	v.blk.3.attn_out.weight	node_135	f16	f32	f32	1024	1024	1	1	1024	352	1	1	2048	2097152	2097152	4096	1441792	1441792	1	1	0	1	1
V2-qwen35-4b-base	r2	cold-image	vision_encoder	34	eager	MUL_MAT	cuBLAS	cublasGemmEx/F16	v.blk.3.attn_qkv.weight	node_121	f16	f32	f32	1024	3072	1	1	1024	352	1	1	2048	6291456	6291456	4096	1441792	1441792	1	1	0	1	1
V2-qwen35-4b-base	r2	cold-image	vision_encoder	34	eager	MUL_MAT	cuBLAS	cublasGemmEx/F16	v.blk.3.ffn_down.weight	ffn_down-3	f16	f32	f32	4096	1024	1	1	4096	352	1	1	8192	8388608	8388608	16384	5767168	5767168	1	1	0	1	1
V2-qwen35-4b-base	r2	cold-image	vision_encoder	34	eager	MUL_MAT	cuBLAS	cublasGemmEx/F16	v.blk.3.ffn_up.weight	ffn_up-3	f16	f32	f32	1024	4096	1	1	1024	352	1	1	2048	8388608	8388608	4096	1441792	1441792	1	1	0	1	1
V2-qwen35-4b-base	r2	cold-image	vision_encoder	34	eager	MUL_MAT	cuBLAS	cublasGemmEx/F16	v.blk.4.attn_out.weight	node_164	f16	f32	f32	1024	1024	1	1	1024	352	1	1	2048	2097152	2097152	4096	1441792	1441792	1	1	0	1	1
V2-qwen35-4b-base	r2	cold-image	vision_encoder	34	eager	MUL_MAT	cuBLAS	cublasGemmEx/F16	v.blk.4.attn_qkv.weight	node_150	f16	f32	f32	1024	3072	1	1	1024	352	1	1	2048	6291456	6291456	4096	1441792	1441792	1	1	0	1	1
V2-qwen35-4b-base	r2	cold-image	vision_encoder	34	eager	MUL_MAT	cuBLAS	cublasGemmEx/F16	v.blk.4.ffn_down.weight	ffn_down-4	f16	f32	f32	4096	1024	1	1	4096	352	1	1	8192	8388608	8388608	16384	5767168	5767168	1	1	0	1	1
V2-qwen35-4b-base	r2	cold-image	vision_encoder	34	eager	MUL_MAT	cuBLAS	cublasGemmEx/F16	v.blk.4.ffn_up.weight	ffn_up-4	f16	f32	f32	1024	4096	1	1	1024	352	1	1	2048	8388608	8388608	4096	1441792	1441792	1	1	0	1	1
V2-qwen35-4b-base	r2	cold-image	vision_encoder	34	eager	MUL_MAT	cuBLAS	cublasGemmEx/F16	v.blk.5.attn_out.weight	node_193	f16	f32	f32	1024	1024	1	1	1024	352	1	1	2048	2097152	2097152	4096	1441792	1441792	1	1	0	1	1
V2-qwen35-4b-base	r2	cold-image	vision_encoder	34	eager	MUL_MAT	cuBLAS	cublasGemmEx/F16	v.blk.5.attn_qkv.weight	node_179	f16	f32	f32	1024	3072	1	1	1024	352	1	1	2048	6291456	6291456	4096	1441792	1441792	1	1	0	1	1
V2-qwen35-4b-base	r2	cold-image	vision_encoder	34	eager	MUL_MAT	cuBLAS	cublasGemmEx/F16	v.blk.5.ffn_down.weight	ffn_down-5	f16	f32	f32	4096	1024	1	1	4096	352	1	1	8192	8388608	8388608	16384	5767168	5767168	1	1	0	1	1
V2-qwen35-4b-base	r2	cold-image	vision_encoder	34	eager	MUL_MAT	cuBLAS	cublasGemmEx/F16	v.blk.5.ffn_up.weight	ffn_up-5	f16	f32	f32	1024	4096	1	1	1024	352	1	1	2048	8388608	8388608	4096	1441792	1441792	1	1	0	1	1
V2-qwen35-4b-base	r2	cold-image	vision_encoder	34	eager	MUL_MAT	cuBLAS	cublasGemmEx/F16	v.blk.6.attn_out.weight	node_222	f16	f32	f32	1024	1024	1	1	1024	352	1	1	2048	2097152	2097152	4096	1441792	1441792	1	1	0	1	1
V2-qwen35-4b-base	r2	cold-image	vision_encoder	34	eager	MUL_MAT	cuBLAS	cublasGemmEx/F16	v.blk.6.attn_qkv.weight	node_208	f16	f32	f32	1024	3072	1	1	1024	352	1	1	2048	6291456	6291456	4096	1441792	1441792	1	1	0	1	1
V2-qwen35-4b-base	r2	cold-image	vision_encoder	34	eager	MUL_MAT	cuBLAS	cublasGemmEx/F16	v.blk.6.ffn_down.weight	ffn_down-6	f16	f32	f32	4096	1024	1	1	4096	352	1	1	8192	8388608	8388608	16384	5767168	5767168	1	1	0	1	1
V2-qwen35-4b-base	r2	cold-image	vision_encoder	34	eager	MUL_MAT	cuBLAS	cublasGemmEx/F16	v.blk.6.ffn_up.weight	ffn_up-6	f16	f32	f32	1024	4096	1	1	1024	352	1	1	2048	8388608	8388608	4096	1441792	1441792	1	1	0	1	1
V2-qwen35-4b-base	r2	cold-image	vision_encoder	34	eager	MUL_MAT	cuBLAS	cublasGemmEx/F16	v.blk.7.attn_out.weight	node_251	f16	f32	f32	1024	1024	1	1	1024	352	1	1	2048	2097152	2097152	4096	1441792	1441792	1	1	0	1	1
V2-qwen35-4b-base	r2	cold-image	vision_encoder	34	eager	MUL_MAT	cuBLAS	cublasGemmEx/F16	v.blk.7.attn_qkv.weight	node_237	f16	f32	f32	1024	3072	1	1	1024	352	1	1	2048	6291456	6291456	4096	1441792	1441792	1	1	0	1	1
V2-qwen35-4b-base	r2	cold-image	vision_encoder	34	eager	MUL_MAT	cuBLAS	cublasGemmEx/F16	v.blk.7.ffn_down.weight	ffn_down-7	f16	f32	f32	4096	1024	1	1	4096	352	1	1	8192	8388608	8388608	16384	5767168	5767168	1	1	0	1	1
V2-qwen35-4b-base	r2	cold-image	vision_encoder	34	eager	MUL_MAT	cuBLAS	cublasGemmEx/F16	v.blk.7.ffn_up.weight	ffn_up-7	f16	f32	f32	1024	4096	1	1	1024	352	1	1	2048	8388608	8388608	4096	1441792	1441792	1	1	0	1	1
V2-qwen35-4b-base	r2	cold-image	vision_encoder	34	eager	MUL_MAT	cuBLAS	cublasGemmEx/F16	v.blk.8.attn_out.weight	node_280	f16	f32	f32	1024	1024	1	1	1024	352	1	1	2048	2097152	2097152	4096	1441792	1441792	1	1	0	1	1
V2-qwen35-4b-base	r2	cold-image	vision_encoder	34	eager	MUL_MAT	cuBLAS	cublasGemmEx/F16	v.blk.8.attn_qkv.weight	node_266	f16	f32	f32	1024	3072	1	1	1024	352	1	1	2048	6291456	6291456	4096	1441792	1441792	1	1	0	1	1
V2-qwen35-4b-base	r2	cold-image	vision_encoder	34	eager	MUL_MAT	cuBLAS	cublasGemmEx/F16	v.blk.8.ffn_down.weight	ffn_down-8	f16	f32	f32	4096	1024	1	1	4096	352	1	1	8192	8388608	8388608	16384	5767168	5767168	1	1	0	1	1
V2-qwen35-4b-base	r2	cold-image	vision_encoder	34	eager	MUL_MAT	cuBLAS	cublasGemmEx/F16	v.blk.8.ffn_up.weight	ffn_up-8	f16	f32	f32	1024	4096	1	1	1024	352	1	1	2048	8388608	8388608	4096	1441792	1441792	1	1	0	1	1
V2-qwen35-4b-base	r2	cold-image	vision_encoder	34	eager	MUL_MAT	cuBLAS	cublasGemmEx/F16	v.blk.9.attn_out.weight	node_309	f16	f32	f32	1024	1024	1	1	1024	352	1	1	2048	2097152	2097152	4096	1441792	1441792	1	1	0	1	1
V2-qwen35-4b-base	r2	cold-image	vision_encoder	34	eager	MUL_MAT	cuBLAS	cublasGemmEx/F16	v.blk.9.attn_qkv.weight	node_295	f16	f32	f32	1024	3072	1	1	1024	352	1	1	2048	6291456	6291456	4096	1441792	1441792	1	1	0	1	1
V2-qwen35-4b-base	r2	cold-image	vision_encoder	34	eager	MUL_MAT	cuBLAS	cublasGemmEx/F16	v.blk.9.ffn_down.weight	ffn_down-9	f16	f32	f32	4096	1024	1	1	4096	352	1	1	8192	8388608	8388608	16384	5767168	5767168	1	1	0	1	1
V2-qwen35-4b-base	r2	cold-image	vision_encoder	34	eager	MUL_MAT	cuBLAS	cublasGemmEx/F16	v.blk.9.ffn_up.weight	ffn_up-9	f16	f32	f32	1024	4096	1	1	1024	352	1	1	2048	8388608	8388608	4096	1441792	1441792	1	1	0	1	1
V2-qwen35-4b-base	r3	warm-image	llm_prefill_from_image_embeddings	69	capture	MUL_MAT	cuBLAS	cublasGemmEx/F16	 (reshaped)	node_10	f16	f16	f32	768	352	1	1	768	1024	1	1	1536	540672	540672	1536	1572864	1572864	1	1	0	1	1
V2-qwen35-4b-base	r3	warm-image	llm_prefill_from_image_embeddings	69	capture	MUL_MAT	cuBLAS	cublasGemmEx/F16	 (reshaped)	node_3	f16	f16	f32	768	352	1	1	768	1024	1	1	1536	540672	540672	1536	1572864	1572864	1	1	0	1	1
V2-qwen35-4b-base	r3	warm-image	projector	69	capture	MUL_MAT	cuBLAS	cublasGemmEx/F16	mm.0.weight	ffn_up	f16	f32	f32	4096	4096	1	1	4096	88	1	1	8192	33554432	33554432	16384	1441792	1441792	1	1	0	1	1
V2-qwen35-4b-base	r3	warm-image	projector	69	capture	MUL_MAT	cuBLAS	cublasGemmEx/F16	mm.2.weight	ffn_down	f16	f32	f32	4096	2560	1	1	4096	88	1	1	8192	20971520	20971520	16384	1441792	1441792	1	1	0	1	1
V2-qwen35-4b-base	r3	warm-image	vision_encoder	69	capture	MUL_MAT	cuBLAS	cublasGemmEx/F16	v.blk.0.attn_out.weight	node_48	f16	f32	f32	1024	1024	1	1	1024	352	1	1	2048	2097152	2097152	4096	1441792	1441792	1	1	0	1	1
V2-qwen35-4b-base	r3	warm-image	vision_encoder	69	capture	MUL_MAT	cuBLAS	cublasGemmEx/F16	v.blk.0.attn_qkv.weight	node_34	f16	f32	f32	1024	3072	1	1	1024	352	1	1	2048	6291456	6291456	4096	1441792	1441792	1	1	0	1	1
V2-qwen35-4b-base	r3	warm-image	vision_encoder	69	capture	MUL_MAT	cuBLAS	cublasGemmEx/F16	v.blk.0.ffn_down.weight	ffn_down-0	f16	f32	f32	4096	1024	1	1	4096	352	1	1	8192	8388608	8388608	16384	5767168	5767168	1	1	0	1	1
V2-qwen35-4b-base	r3	warm-image	vision_encoder	69	capture	MUL_MAT	cuBLAS	cublasGemmEx/F16	v.blk.0.ffn_up.weight	ffn_up-0	f16	f32	f32	1024	4096	1	1	1024	352	1	1	2048	8388608	8388608	4096	1441792	1441792	1	1	0	1	1
V2-qwen35-4b-base	r3	warm-image	vision_encoder	69	capture	MUL_MAT	cuBLAS	cublasGemmEx/F16	v.blk.1.attn_out.weight	node_77	f16	f32	f32	1024	1024	1	1	1024	352	1	1	2048	2097152	2097152	4096	1441792	1441792	1	1	0	1	1
V2-qwen35-4b-base	r3	warm-image	vision_encoder	69	capture	MUL_MAT	cuBLAS	cublasGemmEx/F16	v.blk.1.attn_qkv.weight	node_63	f16	f32	f32	1024	3072	1	1	1024	352	1	1	2048	6291456	6291456	4096	1441792	1441792	1	1	0	1	1
V2-qwen35-4b-base	r3	warm-image	vision_encoder	69	capture	MUL_MAT	cuBLAS	cublasGemmEx/F16	v.blk.1.ffn_down.weight	ffn_down-1	f16	f32	f32	4096	1024	1	1	4096	352	1	1	8192	8388608	8388608	16384	5767168	5767168	1	1	0	1	1
V2-qwen35-4b-base	r3	warm-image	vision_encoder	69	capture	MUL_MAT	cuBLAS	cublasGemmEx/F16	v.blk.1.ffn_up.weight	ffn_up-1	f16	f32	f32	1024	4096	1	1	1024	352	1	1	2048	8388608	8388608	4096	1441792	1441792	1	1	0	1	1
V2-qwen35-4b-base	r3	warm-image	vision_encoder	69	capture	MUL_MAT	cuBLAS	cublasGemmEx/F16	v.blk.10.attn_out.weight	node_338	f16	f32	f32	1024	1024	1	1	1024	352	1	1	2048	2097152	2097152	4096	1441792	1441792	1	1	0	1	1
V2-qwen35-4b-base	r3	warm-image	vision_encoder	69	capture	MUL_MAT	cuBLAS	cublasGemmEx/F16	v.blk.10.attn_qkv.weight	node_324	f16	f32	f32	1024	3072	1	1	1024	352	1	1	2048	6291456	6291456	4096	1441792	1441792	1	1	0	1	1
V2-qwen35-4b-base	r3	warm-image	vision_encoder	69	capture	MUL_MAT	cuBLAS	cublasGemmEx/F16	v.blk.10.ffn_down.weight	ffn_down-10	f16	f32	f32	4096	1024	1	1	4096	352	1	1	8192	8388608	8388608	16384	5767168	5767168	1	1	0	1	1
V2-qwen35-4b-base	r3	warm-image	vision_encoder	69	capture	MUL_MAT	cuBLAS	cublasGemmEx/F16	v.blk.10.ffn_up.weight	ffn_up-10	f16	f32	f32	1024	4096	1	1	1024	352	1	1	2048	8388608	8388608	4096	1441792	1441792	1	1	0	1	1
V2-qwen35-4b-base	r3	warm-image	vision_encoder	69	capture	MUL_MAT	cuBLAS	cublasGemmEx/F16	v.blk.11.attn_out.weight	node_367	f16	f32	f32	1024	1024	1	1	1024	352	1	1	2048	2097152	2097152	4096	1441792	1441792	1	1	0	1	1
V2-qwen35-4b-base	r3	warm-image	vision_encoder	69	capture	MUL_MAT	cuBLAS	cublasGemmEx/F16	v.blk.11.attn_qkv.weight	node_353	f16	f32	f32	1024	3072	1	1	1024	352	1	1	2048	6291456	6291456	4096	1441792	1441792	1	1	0	1	1
V2-qwen35-4b-base	r3	warm-image	vision_encoder	69	capture	MUL_MAT	cuBLAS	cublasGemmEx/F16	v.blk.11.ffn_down.weight	ffn_down-11	f16	f32	f32	4096	1024	1	1	4096	352	1	1	8192	8388608	8388608	16384	5767168	5767168	1	1	0	1	1
V2-qwen35-4b-base	r3	warm-image	vision_encoder	69	capture	MUL_MAT	cuBLAS	cublasGemmEx/F16	v.blk.11.ffn_up.weight	ffn_up-11	f16	f32	f32	1024	4096	1	1	1024	352	1	1	2048	8388608	8388608	4096	1441792	1441792	1	1	0	1	1
V2-qwen35-4b-base	r3	warm-image	vision_encoder	69	capture	MUL_MAT	cuBLAS	cublasGemmEx/F16	v.blk.12.attn_out.weight	node_396	f16	f32	f32	1024	1024	1	1	1024	352	1	1	2048	2097152	2097152	4096	1441792	1441792	1	1	0	1	1
V2-qwen35-4b-base	r3	warm-image	vision_encoder	69	capture	MUL_MAT	cuBLAS	cublasGemmEx/F16	v.blk.12.attn_qkv.weight	node_382	f16	f32	f32	1024	3072	1	1	1024	352	1	1	2048	6291456	6291456	4096	1441792	1441792	1	1	0	1	1
V2-qwen35-4b-base	r3	warm-image	vision_encoder	69	capture	MUL_MAT	cuBLAS	cublasGemmEx/F16	v.blk.12.ffn_down.weight	ffn_down-12	f16	f32	f32	4096	1024	1	1	4096	352	1	1	8192	8388608	8388608	16384	5767168	5767168	1	1	0	1	1
V2-qwen35-4b-base	r3	warm-image	vision_encoder	69	capture	MUL_MAT	cuBLAS	cublasGemmEx/F16	v.blk.12.ffn_up.weight	ffn_up-12	f16	f32	f32	1024	4096	1	1	1024	352	1	1	2048	8388608	8388608	4096	1441792	1441792	1	1	0	1	1
V2-qwen35-4b-base	r3	warm-image	vision_encoder	69	capture	MUL_MAT	cuBLAS	cublasGemmEx/F16	v.blk.13.attn_out.weight	node_425	f16	f32	f32	1024	1024	1	1	1024	352	1	1	2048	2097152	2097152	4096	1441792	1441792	1	1	0	1	1
V2-qwen35-4b-base	r3	warm-image	vision_encoder	69	capture	MUL_MAT	cuBLAS	cublasGemmEx/F16	v.blk.13.attn_qkv.weight	node_411	f16	f32	f32	1024	3072	1	1	1024	352	1	1	2048	6291456	6291456	4096	1441792	1441792	1	1	0	1	1
V2-qwen35-4b-base	r3	warm-image	vision_encoder	69	capture	MUL_MAT	cuBLAS	cublasGemmEx/F16	v.blk.13.ffn_down.weight	ffn_down-13	f16	f32	f32	4096	1024	1	1	4096	352	1	1	8192	8388608	8388608	16384	5767168	5767168	1	1	0	1	1
V2-qwen35-4b-base	r3	warm-image	vision_encoder	69	capture	MUL_MAT	cuBLAS	cublasGemmEx/F16	v.blk.13.ffn_up.weight	ffn_up-13	f16	f32	f32	1024	4096	1	1	1024	352	1	1	2048	8388608	8388608	4096	1441792	1441792	1	1	0	1	1
V2-qwen35-4b-base	r3	warm-image	vision_encoder	69	capture	MUL_MAT	cuBLAS	cublasGemmEx/F16	v.blk.14.attn_out.weight	node_454	f16	f32	f32	1024	1024	1	1	1024	352	1	1	2048	2097152	2097152	4096	1441792	1441792	1	1	0	1	1
V2-qwen35-4b-base	r3	warm-image	vision_encoder	69	capture	MUL_MAT	cuBLAS	cublasGemmEx/F16	v.blk.14.attn_qkv.weight	node_440	f16	f32	f32	1024	3072	1	1	1024	352	1	1	2048	6291456	6291456	4096	1441792	1441792	1	1	0	1	1
V2-qwen35-4b-base	r3	warm-image	vision_encoder	69	capture	MUL_MAT	cuBLAS	cublasGemmEx/F16	v.blk.14.ffn_down.weight	ffn_down-14	f16	f32	f32	4096	1024	1	1	4096	352	1	1	8192	8388608	8388608	16384	5767168	5767168	1	1	0	1	1
V2-qwen35-4b-base	r3	warm-image	vision_encoder	69	capture	MUL_MAT	cuBLAS	cublasGemmEx/F16	v.blk.14.ffn_up.weight	ffn_up-14	f16	f32	f32	1024	4096	1	1	1024	352	1	1	2048	8388608	8388608	4096	1441792	1441792	1	1	0	1	1
V2-qwen35-4b-base	r3	warm-image	vision_encoder	69	capture	MUL_MAT	cuBLAS	cublasGemmEx/F16	v.blk.15.attn_out.weight	node_483	f16	f32	f32	1024	1024	1	1	1024	352	1	1	2048	2097152	2097152	4096	1441792	1441792	1	1	0	1	1
V2-qwen35-4b-base	r3	warm-image	vision_encoder	69	capture	MUL_MAT	cuBLAS	cublasGemmEx/F16	v.blk.15.attn_qkv.weight	node_469	f16	f32	f32	1024	3072	1	1	1024	352	1	1	2048	6291456	6291456	4096	1441792	1441792	1	1	0	1	1
V2-qwen35-4b-base	r3	warm-image	vision_encoder	69	capture	MUL_MAT	cuBLAS	cublasGemmEx/F16	v.blk.15.ffn_down.weight	ffn_down-15	f16	f32	f32	4096	1024	1	1	4096	352	1	1	8192	8388608	8388608	16384	5767168	5767168	1	1	0	1	1
V2-qwen35-4b-base	r3	warm-image	vision_encoder	69	capture	MUL_MAT	cuBLAS	cublasGemmEx/F16	v.blk.15.ffn_up.weight	ffn_up-15	f16	f32	f32	1024	4096	1	1	1024	352	1	1	2048	8388608	8388608	4096	1441792	1441792	1	1	0	1	1
V2-qwen35-4b-base	r3	warm-image	vision_encoder	69	capture	MUL_MAT	cuBLAS	cublasGemmEx/F16	v.blk.16.attn_out.weight	node_512	f16	f32	f32	1024	1024	1	1	1024	352	1	1	2048	2097152	2097152	4096	1441792	1441792	1	1	0	1	1
V2-qwen35-4b-base	r3	warm-image	vision_encoder	69	capture	MUL_MAT	cuBLAS	cublasGemmEx/F16	v.blk.16.attn_qkv.weight	node_498	f16	f32	f32	1024	3072	1	1	1024	352	1	1	2048	6291456	6291456	4096	1441792	1441792	1	1	0	1	1
V2-qwen35-4b-base	r3	warm-image	vision_encoder	69	capture	MUL_MAT	cuBLAS	cublasGemmEx/F16	v.blk.16.ffn_down.weight	ffn_down-16	f16	f32	f32	4096	1024	1	1	4096	352	1	1	8192	8388608	8388608	16384	5767168	5767168	1	1	0	1	1
V2-qwen35-4b-base	r3	warm-image	vision_encoder	69	capture	MUL_MAT	cuBLAS	cublasGemmEx/F16	v.blk.16.ffn_up.weight	ffn_up-16	f16	f32	f32	1024	4096	1	1	1024	352	1	1	2048	8388608	8388608	4096	1441792	1441792	1	1	0	1	1
V2-qwen35-4b-base	r3	warm-image	vision_encoder	69	capture	MUL_MAT	cuBLAS	cublasGemmEx/F16	v.blk.17.attn_out.weight	node_541	f16	f32	f32	1024	1024	1	1	1024	352	1	1	2048	2097152	2097152	4096	1441792	1441792	1	1	0	1	1
V2-qwen35-4b-base	r3	warm-image	vision_encoder	69	capture	MUL_MAT	cuBLAS	cublasGemmEx/F16	v.blk.17.attn_qkv.weight	node_527	f16	f32	f32	1024	3072	1	1	1024	352	1	1	2048	6291456	6291456	4096	1441792	1441792	1	1	0	1	1
V2-qwen35-4b-base	r3	warm-image	vision_encoder	69	capture	MUL_MAT	cuBLAS	cublasGemmEx/F16	v.blk.17.ffn_down.weight	ffn_down-17	f16	f32	f32	4096	1024	1	1	4096	352	1	1	8192	8388608	8388608	16384	5767168	5767168	1	1	0	1	1
V2-qwen35-4b-base	r3	warm-image	vision_encoder	69	capture	MUL_MAT	cuBLAS	cublasGemmEx/F16	v.blk.17.ffn_up.weight	ffn_up-17	f16	f32	f32	1024	4096	1	1	1024	352	1	1	2048	8388608	8388608	4096	1441792	1441792	1	1	0	1	1
V2-qwen35-4b-base	r3	warm-image	vision_encoder	69	capture	MUL_MAT	cuBLAS	cublasGemmEx/F16	v.blk.18.attn_out.weight	node_570	f16	f32	f32	1024	1024	1	1	1024	352	1	1	2048	2097152	2097152	4096	1441792	1441792	1	1	0	1	1
V2-qwen35-4b-base	r3	warm-image	vision_encoder	69	capture	MUL_MAT	cuBLAS	cublasGemmEx/F16	v.blk.18.attn_qkv.weight	node_556	f16	f32	f32	1024	3072	1	1	1024	352	1	1	2048	6291456	6291456	4096	1441792	1441792	1	1	0	1	1
V2-qwen35-4b-base	r3	warm-image	vision_encoder	69	capture	MUL_MAT	cuBLAS	cublasGemmEx/F16	v.blk.18.ffn_down.weight	ffn_down-18	f16	f32	f32	4096	1024	1	1	4096	352	1	1	8192	8388608	8388608	16384	5767168	5767168	1	1	0	1	1
V2-qwen35-4b-base	r3	warm-image	vision_encoder	69	capture	MUL_MAT	cuBLAS	cublasGemmEx/F16	v.blk.18.ffn_up.weight	ffn_up-18	f16	f32	f32	1024	4096	1	1	1024	352	1	1	2048	8388608	8388608	4096	1441792	1441792	1	1	0	1	1
V2-qwen35-4b-base	r3	warm-image	vision_encoder	69	capture	MUL_MAT	cuBLAS	cublasGemmEx/F16	v.blk.19.attn_out.weight	node_599	f16	f32	f32	1024	1024	1	1	1024	352	1	1	2048	2097152	2097152	4096	1441792	1441792	1	1	0	1	1
V2-qwen35-4b-base	r3	warm-image	vision_encoder	69	capture	MUL_MAT	cuBLAS	cublasGemmEx/F16	v.blk.19.attn_qkv.weight	node_585	f16	f32	f32	1024	3072	1	1	1024	352	1	1	2048	6291456	6291456	4096	1441792	1441792	1	1	0	1	1
V2-qwen35-4b-base	r3	warm-image	vision_encoder	69	capture	MUL_MAT	cuBLAS	cublasGemmEx/F16	v.blk.19.ffn_down.weight	ffn_down-19	f16	f32	f32	4096	1024	1	1	4096	352	1	1	8192	8388608	8388608	16384	5767168	5767168	1	1	0	1	1
V2-qwen35-4b-base	r3	warm-image	vision_encoder	69	capture	MUL_MAT	cuBLAS	cublasGemmEx/F16	v.blk.19.ffn_up.weight	ffn_up-19	f16	f32	f32	1024	4096	1	1	1024	352	1	1	2048	8388608	8388608	4096	1441792	1441792	1	1	0	1	1
V2-qwen35-4b-base	r3	warm-image	vision_encoder	69	capture	MUL_MAT	cuBLAS	cublasGemmEx/F16	v.blk.2.attn_out.weight	node_106	f16	f32	f32	1024	1024	1	1	1024	352	1	1	2048	2097152	2097152	4096	1441792	1441792	1	1	0	1	1
V2-qwen35-4b-base	r3	warm-image	vision_encoder	69	capture	MUL_MAT	cuBLAS	cublasGemmEx/F16	v.blk.2.attn_qkv.weight	node_92	f16	f32	f32	1024	3072	1	1	1024	352	1	1	2048	6291456	6291456	4096	1441792	1441792	1	1	0	1	1
V2-qwen35-4b-base	r3	warm-image	vision_encoder	69	capture	MUL_MAT	cuBLAS	cublasGemmEx/F16	v.blk.2.ffn_down.weight	ffn_down-2	f16	f32	f32	4096	1024	1	1	4096	352	1	1	8192	8388608	8388608	16384	5767168	5767168	1	1	0	1	1
V2-qwen35-4b-base	r3	warm-image	vision_encoder	69	capture	MUL_MAT	cuBLAS	cublasGemmEx/F16	v.blk.2.ffn_up.weight	ffn_up-2	f16	f32	f32	1024	4096	1	1	1024	352	1	1	2048	8388608	8388608	4096	1441792	1441792	1	1	0	1	1
V2-qwen35-4b-base	r3	warm-image	vision_encoder	69	capture	MUL_MAT	cuBLAS	cublasGemmEx/F16	v.blk.20.attn_out.weight	node_628	f16	f32	f32	1024	1024	1	1	1024	352	1	1	2048	2097152	2097152	4096	1441792	1441792	1	1	0	1	1
V2-qwen35-4b-base	r3	warm-image	vision_encoder	69	capture	MUL_MAT	cuBLAS	cublasGemmEx/F16	v.blk.20.attn_qkv.weight	node_614	f16	f32	f32	1024	3072	1	1	1024	352	1	1	2048	6291456	6291456	4096	1441792	1441792	1	1	0	1	1
V2-qwen35-4b-base	r3	warm-image	vision_encoder	69	capture	MUL_MAT	cuBLAS	cublasGemmEx/F16	v.blk.20.ffn_down.weight	ffn_down-20	f16	f32	f32	4096	1024	1	1	4096	352	1	1	8192	8388608	8388608	16384	5767168	5767168	1	1	0	1	1
V2-qwen35-4b-base	r3	warm-image	vision_encoder	69	capture	MUL_MAT	cuBLAS	cublasGemmEx/F16	v.blk.20.ffn_up.weight	ffn_up-20	f16	f32	f32	1024	4096	1	1	1024	352	1	1	2048	8388608	8388608	4096	1441792	1441792	1	1	0	1	1
V2-qwen35-4b-base	r3	warm-image	vision_encoder	69	capture	MUL_MAT	cuBLAS	cublasGemmEx/F16	v.blk.21.attn_out.weight	node_657	f16	f32	f32	1024	1024	1	1	1024	352	1	1	2048	2097152	2097152	4096	1441792	1441792	1	1	0	1	1
V2-qwen35-4b-base	r3	warm-image	vision_encoder	69	capture	MUL_MAT	cuBLAS	cublasGemmEx/F16	v.blk.21.attn_qkv.weight	node_643	f16	f32	f32	1024	3072	1	1	1024	352	1	1	2048	6291456	6291456	4096	1441792	1441792	1	1	0	1	1
V2-qwen35-4b-base	r3	warm-image	vision_encoder	69	capture	MUL_MAT	cuBLAS	cublasGemmEx/F16	v.blk.21.ffn_down.weight	ffn_down-21	f16	f32	f32	4096	1024	1	1	4096	352	1	1	8192	8388608	8388608	16384	5767168	5767168	1	1	0	1	1
V2-qwen35-4b-base	r3	warm-image	vision_encoder	69	capture	MUL_MAT	cuBLAS	cublasGemmEx/F16	v.blk.21.ffn_up.weight	ffn_up-21	f16	f32	f32	1024	4096	1	1	1024	352	1	1	2048	8388608	8388608	4096	1441792	1441792	1	1	0	1	1
V2-qwen35-4b-base	r3	warm-image	vision_encoder	69	capture	MUL_MAT	cuBLAS	cublasGemmEx/F16	v.blk.22.attn_out.weight	node_686	f16	f32	f32	1024	1024	1	1	1024	352	1	1	2048	2097152	2097152	4096	1441792	1441792	1	1	0	1	1
V2-qwen35-4b-base	r3	warm-image	vision_encoder	69	capture	MUL_MAT	cuBLAS	cublasGemmEx/F16	v.blk.22.attn_qkv.weight	node_672	f16	f32	f32	1024	3072	1	1	1024	352	1	1	2048	6291456	6291456	4096	1441792	1441792	1	1	0	1	1
V2-qwen35-4b-base	r3	warm-image	vision_encoder	69	capture	MUL_MAT	cuBLAS	cublasGemmEx/F16	v.blk.22.ffn_down.weight	ffn_down-22	f16	f32	f32	4096	1024	1	1	4096	352	1	1	8192	8388608	8388608	16384	5767168	5767168	1	1	0	1	1
V2-qwen35-4b-base	r3	warm-image	vision_encoder	69	capture	MUL_MAT	cuBLAS	cublasGemmEx/F16	v.blk.22.ffn_up.weight	ffn_up-22	f16	f32	f32	1024	4096	1	1	1024	352	1	1	2048	8388608	8388608	4096	1441792	1441792	1	1	0	1	1
V2-qwen35-4b-base	r3	warm-image	vision_encoder	69	capture	MUL_MAT	cuBLAS	cublasGemmEx/F16	v.blk.23.attn_out.weight	node_715	f16	f32	f32	1024	1024	1	1	1024	352	1	1	2048	2097152	2097152	4096	1441792	1441792	1	1	0	1	1
V2-qwen35-4b-base	r3	warm-image	vision_encoder	69	capture	MUL_MAT	cuBLAS	cublasGemmEx/F16	v.blk.23.attn_qkv.weight	node_701	f16	f32	f32	1024	3072	1	1	1024	352	1	1	2048	6291456	6291456	4096	1441792	1441792	1	1	0	1	1
V2-qwen35-4b-base	r3	warm-image	vision_encoder	69	capture	MUL_MAT	cuBLAS	cublasGemmEx/F16	v.blk.23.ffn_down.weight	ffn_down-23	f16	f32	f32	4096	1024	1	1	4096	352	1	1	8192	8388608	8388608	16384	5767168	5767168	1	1	0	1	1
V2-qwen35-4b-base	r3	warm-image	vision_encoder	69	capture	MUL_MAT	cuBLAS	cublasGemmEx/F16	v.blk.23.ffn_up.weight	ffn_up-23	f16	f32	f32	1024	4096	1	1	1024	352	1	1	2048	8388608	8388608	4096	1441792	1441792	1	1	0	1	1
V2-qwen35-4b-base	r3	warm-image	vision_encoder	69	capture	MUL_MAT	cuBLAS	cublasGemmEx/F16	v.blk.3.attn_out.weight	node_135	f16	f32	f32	1024	1024	1	1	1024	352	1	1	2048	2097152	2097152	4096	1441792	1441792	1	1	0	1	1
V2-qwen35-4b-base	r3	warm-image	vision_encoder	69	capture	MUL_MAT	cuBLAS	cublasGemmEx/F16	v.blk.3.attn_qkv.weight	node_121	f16	f32	f32	1024	3072	1	1	1024	352	1	1	2048	6291456	6291456	4096	1441792	1441792	1	1	0	1	1
V2-qwen35-4b-base	r3	warm-image	vision_encoder	69	capture	MUL_MAT	cuBLAS	cublasGemmEx/F16	v.blk.3.ffn_down.weight	ffn_down-3	f16	f32	f32	4096	1024	1	1	4096	352	1	1	8192	8388608	8388608	16384	5767168	5767168	1	1	0	1	1
V2-qwen35-4b-base	r3	warm-image	vision_encoder	69	capture	MUL_MAT	cuBLAS	cublasGemmEx/F16	v.blk.3.ffn_up.weight	ffn_up-3	f16	f32	f32	1024	4096	1	1	1024	352	1	1	2048	8388608	8388608	4096	1441792	1441792	1	1	0	1	1
V2-qwen35-4b-base	r3	warm-image	vision_encoder	69	capture	MUL_MAT	cuBLAS	cublasGemmEx/F16	v.blk.4.attn_out.weight	node_164	f16	f32	f32	1024	1024	1	1	1024	352	1	1	2048	2097152	2097152	4096	1441792	1441792	1	1	0	1	1
V2-qwen35-4b-base	r3	warm-image	vision_encoder	69	capture	MUL_MAT	cuBLAS	cublasGemmEx/F16	v.blk.4.attn_qkv.weight	node_150	f16	f32	f32	1024	3072	1	1	1024	352	1	1	2048	6291456	6291456	4096	1441792	1441792	1	1	0	1	1
V2-qwen35-4b-base	r3	warm-image	vision_encoder	69	capture	MUL_MAT	cuBLAS	cublasGemmEx/F16	v.blk.4.ffn_down.weight	ffn_down-4	f16	f32	f32	4096	1024	1	1	4096	352	1	1	8192	8388608	8388608	16384	5767168	5767168	1	1	0	1	1
V2-qwen35-4b-base	r3	warm-image	vision_encoder	69	capture	MUL_MAT	cuBLAS	cublasGemmEx/F16	v.blk.4.ffn_up.weight	ffn_up-4	f16	f32	f32	1024	4096	1	1	1024	352	1	1	2048	8388608	8388608	4096	1441792	1441792	1	1	0	1	1
V2-qwen35-4b-base	r3	warm-image	vision_encoder	69	capture	MUL_MAT	cuBLAS	cublasGemmEx/F16	v.blk.5.attn_out.weight	node_193	f16	f32	f32	1024	1024	1	1	1024	352	1	1	2048	2097152	2097152	4096	1441792	1441792	1	1	0	1	1
V2-qwen35-4b-base	r3	warm-image	vision_encoder	69	capture	MUL_MAT	cuBLAS	cublasGemmEx/F16	v.blk.5.attn_qkv.weight	node_179	f16	f32	f32	1024	3072	1	1	1024	352	1	1	2048	6291456	6291456	4096	1441792	1441792	1	1	0	1	1
V2-qwen35-4b-base	r3	warm-image	vision_encoder	69	capture	MUL_MAT	cuBLAS	cublasGemmEx/F16	v.blk.5.ffn_down.weight	ffn_down-5	f16	f32	f32	4096	1024	1	1	4096	352	1	1	8192	8388608	8388608	16384	5767168	5767168	1	1	0	1	1
V2-qwen35-4b-base	r3	warm-image	vision_encoder	69	capture	MUL_MAT	cuBLAS	cublasGemmEx/F16	v.blk.5.ffn_up.weight	ffn_up-5	f16	f32	f32	1024	4096	1	1	1024	352	1	1	2048	8388608	8388608	4096	1441792	1441792	1	1	0	1	1
V2-qwen35-4b-base	r3	warm-image	vision_encoder	69	capture	MUL_MAT	cuBLAS	cublasGemmEx/F16	v.blk.6.attn_out.weight	node_222	f16	f32	f32	1024	1024	1	1	1024	352	1	1	2048	2097152	2097152	4096	1441792	1441792	1	1	0	1	1
V2-qwen35-4b-base	r3	warm-image	vision_encoder	69	capture	MUL_MAT	cuBLAS	cublasGemmEx/F16	v.blk.6.attn_qkv.weight	node_208	f16	f32	f32	1024	3072	1	1	1024	352	1	1	2048	6291456	6291456	4096	1441792	1441792	1	1	0	1	1
V2-qwen35-4b-base	r3	warm-image	vision_encoder	69	capture	MUL_MAT	cuBLAS	cublasGemmEx/F16	v.blk.6.ffn_down.weight	ffn_down-6	f16	f32	f32	4096	1024	1	1	4096	352	1	1	8192	8388608	8388608	16384	5767168	5767168	1	1	0	1	1
V2-qwen35-4b-base	r3	warm-image	vision_encoder	69	capture	MUL_MAT	cuBLAS	cublasGemmEx/F16	v.blk.6.ffn_up.weight	ffn_up-6	f16	f32	f32	1024	4096	1	1	1024	352	1	1	2048	8388608	8388608	4096	1441792	1441792	1	1	0	1	1
V2-qwen35-4b-base	r3	warm-image	vision_encoder	69	capture	MUL_MAT	cuBLAS	cublasGemmEx/F16	v.blk.7.attn_out.weight	node_251	f16	f32	f32	1024	1024	1	1	1024	352	1	1	2048	2097152	2097152	4096	1441792	1441792	1	1	0	1	1
V2-qwen35-4b-base	r3	warm-image	vision_encoder	69	capture	MUL_MAT	cuBLAS	cublasGemmEx/F16	v.blk.7.attn_qkv.weight	node_237	f16	f32	f32	1024	3072	1	1	1024	352	1	1	2048	6291456	6291456	4096	1441792	1441792	1	1	0	1	1
V2-qwen35-4b-base	r3	warm-image	vision_encoder	69	capture	MUL_MAT	cuBLAS	cublasGemmEx/F16	v.blk.7.ffn_down.weight	ffn_down-7	f16	f32	f32	4096	1024	1	1	4096	352	1	1	8192	8388608	8388608	16384	5767168	5767168	1	1	0	1	1
V2-qwen35-4b-base	r3	warm-image	vision_encoder	69	capture	MUL_MAT	cuBLAS	cublasGemmEx/F16	v.blk.7.ffn_up.weight	ffn_up-7	f16	f32	f32	1024	4096	1	1	1024	352	1	1	2048	8388608	8388608	4096	1441792	1441792	1	1	0	1	1
V2-qwen35-4b-base	r3	warm-image	vision_encoder	69	capture	MUL_MAT	cuBLAS	cublasGemmEx/F16	v.blk.8.attn_out.weight	node_280	f16	f32	f32	1024	1024	1	1	1024	352	1	1	2048	2097152	2097152	4096	1441792	1441792	1	1	0	1	1
V2-qwen35-4b-base	r3	warm-image	vision_encoder	69	capture	MUL_MAT	cuBLAS	cublasGemmEx/F16	v.blk.8.attn_qkv.weight	node_266	f16	f32	f32	1024	3072	1	1	1024	352	1	1	2048	6291456	6291456	4096	1441792	1441792	1	1	0	1	1
V2-qwen35-4b-base	r3	warm-image	vision_encoder	69	capture	MUL_MAT	cuBLAS	cublasGemmEx/F16	v.blk.8.ffn_down.weight	ffn_down-8	f16	f32	f32	4096	1024	1	1	4096	352	1	1	8192	8388608	8388608	16384	5767168	5767168	1	1	0	1	1
V2-qwen35-4b-base	r3	warm-image	vision_encoder	69	capture	MUL_MAT	cuBLAS	cublasGemmEx/F16	v.blk.8.ffn_up.weight	ffn_up-8	f16	f32	f32	1024	4096	1	1	1024	352	1	1	2048	8388608	8388608	4096	1441792	1441792	1	1	0	1	1
V2-qwen35-4b-base	r3	warm-image	vision_encoder	69	capture	MUL_MAT	cuBLAS	cublasGemmEx/F16	v.blk.9.attn_out.weight	node_309	f16	f32	f32	1024	1024	1	1	1024	352	1	1	2048	2097152	2097152	4096	1441792	1441792	1	1	0	1	1
V2-qwen35-4b-base	r3	warm-image	vision_encoder	69	capture	MUL_MAT	cuBLAS	cublasGemmEx/F16	v.blk.9.attn_qkv.weight	node_295	f16	f32	f32	1024	3072	1	1	1024	352	1	1	2048	6291456	6291456	4096	1441792	1441792	1	1	0	1	1
V2-qwen35-4b-base	r3	warm-image	vision_encoder	69	capture	MUL_MAT	cuBLAS	cublasGemmEx/F16	v.blk.9.ffn_down.weight	ffn_down-9	f16	f32	f32	4096	1024	1	1	4096	352	1	1	8192	8388608	8388608	16384	5767168	5767168	1	1	0	1	1
V2-qwen35-4b-base	r3	warm-image	vision_encoder	69	capture	MUL_MAT	cuBLAS	cublasGemmEx/F16	v.blk.9.ffn_up.weight	ffn_up-9	f16	f32	f32	1024	4096	1	1	1024	352	1	1	2048	8388608	8388608	4096	1441792	1441792	1	1	0	1	1
