graph_ordinal	arm	cycle	phase	topology_digest	n_tokens	n_outputs	n_kv	n_rs	action	executable	reset	change_reason	change_categories	change_node	change_op	change_name	host_us	device_ms
0	-	-1	-	7565fec99ff6ebb7	2	1	256	-1	direct	none	0	first_compute	-	-1	-	-	48546	117.0514
1	fixed	0	T0	da7570afdbb81394	252	0	256	-1	direct	none	0	structure	shape,data	0	GET_ROWS	model.input_embed	34081	144.5119
2	fixed	0	T0	802ba1f19f5ea689	4	1	256	-1	direct	none	0	structure	shape,data	0	GET_ROWS	model.input_embed	16456	78.9074
3	fixed	0	T0	0dfa7fc3533697c4	1	1	512	-1	direct	none	0	structure	shape,data	0	GET_ROWS	model.input_embed	10191	71.7919
4	fixed	0	T0	0dfa7fc3533697c4	1	1	512	-1	capture	update	0	none	-	-1	-	-	3729	11.2502
5	fixed	0	T0	0dfa7fc3533697c4	1	1	512	-1	replay	none	0	none	-	-1	-	-	519	3.7618
6	fixed	0	T0	0dfa7fc3533697c4	1	1	512	-1	replay	none	0	none	-	-1	-	-	490	3.7584
7	fixed	0	T0	0dfa7fc3533697c4	1	1	512	-1	replay	none	0	none	-	-1	-	-	459	3.8116
8	fixed	0	T0	0dfa7fc3533697c4	1	1	512	-1	replay	none	0	none	-	-1	-	-	459	3.8038
9	fixed	0	T0	0dfa7fc3533697c4	1	1	512	-1	replay	none	0	none	-	-1	-	-	457	3.8070
10	fixed	0	T0	0dfa7fc3533697c4	1	1	512	-1	replay	none	0	none	-	-1	-	-	461	3.7875
11	fixed	0	T0	0dfa7fc3533697c4	1	1	512	-1	replay	none	0	none	-	-1	-	-	456	3.8103
12	fixed	0	T0	0dfa7fc3533697c4	1	1	512	-1	replay	none	0	none	-	-1	-	-	458	3.7871
13	fixed	0	T0	0dfa7fc3533697c4	1	1	512	-1	replay	none	0	none	-	-1	-	-	456	3.8031
14	fixed	0	T0	0dfa7fc3533697c4	1	1	512	-1	replay	none	0	none	-	-1	-	-	459	3.7905
15	fixed	0	T0	0dfa7fc3533697c4	1	1	512	-1	replay	none	0	none	-	-1	-	-	462	3.8043
16	fixed	0	T0	0dfa7fc3533697c4	1	1	512	-1	replay	none	0	none	-	-1	-	-	457	3.7951
17	fixed	0	T0	0dfa7fc3533697c4	1	1	512	-1	replay	none	0	none	-	-1	-	-	460	3.7929
18	fixed	0	T0	0dfa7fc3533697c4	1	1	512	-1	replay	none	0	none	-	-1	-	-	456	3.7860
19	fixed	0	T0	0dfa7fc3533697c4	1	1	512	-1	replay	none	0	none	-	-1	-	-	458	3.7951
20	fixed	0	T0	0dfa7fc3533697c4	1	1	512	-1	replay	none	0	none	-	-1	-	-	455	3.8045
21	fixed	0	T0	0dfa7fc3533697c4	1	1	512	-1	replay	none	0	none	-	-1	-	-	463	3.7776
22	fixed	0	T0	0dfa7fc3533697c4	1	1	512	-1	replay	none	0	none	-	-1	-	-	461	3.8027
23	fixed	0	T0	0dfa7fc3533697c4	1	1	512	-1	replay	none	0	none	-	-1	-	-	463	3.7986
24	fixed	0	T0	0dfa7fc3533697c4	1	1	512	-1	replay	none	0	none	-	-1	-	-	460	3.7958
25	fixed	0	T0	0dfa7fc3533697c4	1	1	512	-1	replay	none	0	none	-	-1	-	-	456	3.7820
26	fixed	0	T0	0dfa7fc3533697c4	1	1	512	-1	replay	none	0	none	-	-1	-	-	461	3.8175
27	fixed	0	T1	94dc22ce3d23b91b	2	1	512	-1	direct	none	1	structure	shape,data	0	GET_ROWS	model.input_embed	2774	4.8076
28	fixed	0	T1	d8f873be867a8271	251	0	256	-1	direct	none	0	structure	shape,data	0	GET_ROWS	model.input_embed	3045	17.1457
29	fixed	0	T1	79cc5f245f480542	2	1	512	-1	direct	none	0	structure	shape,data	0	GET_ROWS	model.input_embed	2453	4.6848
30	fixed	0	T1	bcd06391008a2d68	3	1	256	-1	direct	none	0	structure	shape,data	0	GET_ROWS	model.input_embed	2514	4.6652
31	fixed	0	T2	d702fd6fe588b6cb	2	2	512	-1	direct	none	0	structure	shape,data	0	GET_ROWS	model.input_embed	2503	4.6780
32	fixed	0	T2	d702fd6fe588b6cb	2	2	512	-1	capture	reinstantiate	0	none	-	-1	-	-	2986	6.6376
33	fixed	0	T2	d702fd6fe588b6cb	2	2	512	-1	replay	none	0	none	-	-1	-	-	464	4.1000
34	fixed	0	T2	d702fd6fe588b6cb	2	2	512	-1	replay	none	0	none	-	-1	-	-	460	4.1323
35	fixed	0	T2	d702fd6fe588b6cb	2	2	512	-1	replay	none	0	none	-	-1	-	-	461	4.0895
36	fixed	0	T2	d702fd6fe588b6cb	2	2	512	-1	replay	none	0	none	-	-1	-	-	461	4.0966
37	fixed	0	T2	d702fd6fe588b6cb	2	2	512	-1	replay	none	0	none	-	-1	-	-	461	4.0292
38	fixed	0	T2	d702fd6fe588b6cb	2	2	512	-1	replay	none	0	none	-	-1	-	-	462	4.0263
39	fixed	0	T2	d702fd6fe588b6cb	2	2	512	-1	replay	none	0	none	-	-1	-	-	460	4.0347
40	fixed	0	T2	d702fd6fe588b6cb	2	2	512	-1	replay	none	0	none	-	-1	-	-	458	4.0148
41	fixed	0	T2	d702fd6fe588b6cb	2	2	512	-1	replay	none	0	none	-	-1	-	-	459	4.0030
42	fixed	0	T2	d702fd6fe588b6cb	2	2	512	-1	replay	none	0	none	-	-1	-	-	458	4.0344
43	fixed	0	T2	d702fd6fe588b6cb	2	2	512	-1	replay	none	0	none	-	-1	-	-	458	4.0273
44	fixed	0	T2	d702fd6fe588b6cb	2	2	512	-1	replay	none	0	none	-	-1	-	-	457	4.0210
45	fixed	0	T2	d702fd6fe588b6cb	2	2	512	-1	replay	none	0	none	-	-1	-	-	458	4.0370
46	fixed	0	T2	d702fd6fe588b6cb	2	2	512	-1	replay	none	0	none	-	-1	-	-	456	4.0112
47	fixed	0	T2	d702fd6fe588b6cb	2	2	512	-1	replay	none	0	none	-	-1	-	-	456	4.0360
48	fixed	0	T2	d702fd6fe588b6cb	2	2	512	-1	replay	none	0	none	-	-1	-	-	457	4.0116
49	fixed	0	T2	d702fd6fe588b6cb	2	2	512	-1	replay	none	0	none	-	-1	-	-	459	4.0254
50	fixed	0	T2	d702fd6fe588b6cb	2	2	512	-1	replay	none	0	none	-	-1	-	-	458	4.0268
51	fixed	0	T2	d702fd6fe588b6cb	2	2	512	-1	replay	none	0	none	-	-1	-	-	462	4.0139
52	fixed	0	T2	d702fd6fe588b6cb	2	2	512	-1	replay	none	0	none	-	-1	-	-	460	4.0169
53	fixed	0	T2	d702fd6fe588b6cb	2	2	512	-1	replay	none	0	none	-	-1	-	-	461	4.0248
54	fixed	0	T2	d702fd6fe588b6cb	2	2	512	-1	replay	none	0	none	-	-1	-	-	460	4.0275
55	fixed	0	T2	d702fd6fe588b6cb	2	2	512	-1	replay	none	0	none	-	-1	-	-	459	4.0382
56	fixed	0	T2	d702fd6fe588b6cb	2	2	512	-1	replay	none	0	none	-	-1	-	-	461	4.0062
57	fixed	0	T2	d702fd6fe588b6cb	2	2	512	-1	replay	none	0	none	-	-1	-	-	460	4.0165
58	fixed	0	T2	d702fd6fe588b6cb	2	2	512	-1	replay	none	0	none	-	-1	-	-	461	4.0348
59	fixed	0	T2	d702fd6fe588b6cb	2	2	512	-1	replay	none	0	none	-	-1	-	-	463	4.0082
60	fixed	0	T2	d702fd6fe588b6cb	2	2	512	-1	replay	none	0	none	-	-1	-	-	467	4.0352
61	fixed	0	T2	d702fd6fe588b6cb	2	2	512	-1	replay	none	0	none	-	-1	-	-	460	4.0116
62	fixed	0	T2	0dfa7fc3533697c4	1	1	512	-1	direct	none	1	structure	shape,data	0	GET_ROWS	model.input_embed	2178	4.1943
63	fixed	0	T3	0dfa7fc3533697c4	1	1	512	-1	capture	reinstantiate	0	none	-	-1	-	-	2193	5.4604
64	fixed	0	T3	0dfa7fc3533697c4	1	1	512	-1	replay	none	0	none	-	-1	-	-	492	3.9975
65	fixed	0	T3	0dfa7fc3533697c4	1	1	512	-1	replay	none	0	none	-	-1	-	-	463	3.7394
66	fixed	0	T3	0dfa7fc3533697c4	1	1	512	-1	replay	none	0	none	-	-1	-	-	462	3.7331
67	fixed	0	T3	0dfa7fc3533697c4	1	1	512	-1	replay	none	0	none	-	-1	-	-	463	3.7216
68	fixed	0	T3	0dfa7fc3533697c4	1	1	512	-1	replay	none	0	none	-	-1	-	-	461	3.7451
69	fixed	0	T3	0dfa7fc3533697c4	1	1	512	-1	replay	none	0	none	-	-1	-	-	464	3.9279
70	fixed	0	T3	0dfa7fc3533697c4	1	1	512	-1	replay	none	0	none	-	-1	-	-	460	3.7502
71	fixed	0	T3	0dfa7fc3533697c4	1	1	512	-1	replay	none	0	none	-	-1	-	-	466	3.7265
72	fixed	0	T3	0dfa7fc3533697c4	1	1	512	-1	replay	none	0	none	-	-1	-	-	460	3.7276
73	fixed	0	T3	0dfa7fc3533697c4	1	1	512	-1	replay	none	0	none	-	-1	-	-	463	3.7398
74	fixed	0	T3	0dfa7fc3533697c4	1	1	512	-1	replay	none	0	none	-	-1	-	-	461	3.7238
75	fixed	0	T3	0dfa7fc3533697c4	1	1	512	-1	replay	none	0	none	-	-1	-	-	464	3.7425
76	fixed	0	T3	0dfa7fc3533697c4	1	1	512	-1	replay	none	0	none	-	-1	-	-	460	3.7267
77	fixed	0	T3	0dfa7fc3533697c4	1	1	512	-1	replay	none	0	none	-	-1	-	-	464	3.7409
78	fixed	0	T3	0dfa7fc3533697c4	1	1	512	-1	replay	none	0	none	-	-1	-	-	459	3.7092
79	fixed	0	T3	0dfa7fc3533697c4	1	1	512	-1	replay	none	0	none	-	-1	-	-	464	3.7379
80	fixed	0	T3	0dfa7fc3533697c4	1	1	512	-1	replay	none	0	none	-	-1	-	-	459	3.7323
81	fixed	0	T3	0dfa7fc3533697c4	1	1	512	-1	replay	none	0	none	-	-1	-	-	467	3.7049
82	fixed	0	T3	0dfa7fc3533697c4	1	1	512	-1	replay	none	0	none	-	-1	-	-	465	3.7314
83	fixed	0	T3	0dfa7fc3533697c4	1	1	512	-1	replay	none	0	none	-	-1	-	-	460	3.7276
84	fixed	0	T3	0dfa7fc3533697c4	1	1	512	-1	replay	none	0	none	-	-1	-	-	462	3.7276
85	fixed	0	T3	0dfa7fc3533697c4	1	1	512	-1	replay	none	0	none	-	-1	-	-	461	3.7244
86	fixed	0	T3	0dfa7fc3533697c4	1	1	512	-1	replay	none	0	none	-	-1	-	-	463	3.7517
87	fixed	0	T3	0dfa7fc3533697c4	1	1	512	-1	replay	none	0	none	-	-1	-	-	459	3.7213
88	fixed	0	T3	0dfa7fc3533697c4	1	1	512	-1	replay	none	0	none	-	-1	-	-	461	3.7328
89	fixed	0	T3	0dfa7fc3533697c4	1	1	512	-1	replay	none	0	none	-	-1	-	-	459	3.7301
90	fixed	0	T3	0dfa7fc3533697c4	1	1	512	-1	replay	none	0	none	-	-1	-	-	463	3.7302
91	fixed	0	T3	0dfa7fc3533697c4	1	1	512	-1	replay	none	0	none	-	-1	-	-	459	3.7323
92	fixed	0	T3	0dfa7fc3533697c4	1	1	512	-1	replay	none	0	none	-	-1	-	-	461	3.7190
93	fixed	0	T3	0dfa7fc3533697c4	1	1	512	-1	replay	none	0	none	-	-1	-	-	460	3.7508
94	fixed	0	T3	0dfa7fc3533697c4	1	1	512	-1	replay	none	0	none	-	-1	-	-	461	3.7317
95	fixed	0	T3	0dfa7fc3533697c4	1	1	512	-1	replay	none	0	none	-	-1	-	-	459	3.7419
96	fixed	0	T3	0dfa7fc3533697c4	1	1	512	-1	replay	none	0	none	-	-1	-	-	465	3.7251
97	fixed	0	T3	0dfa7fc3533697c4	1	1	512	-1	replay	none	0	none	-	-1	-	-	460	3.7529
98	fixed	0	T3	0dfa7fc3533697c4	1	1	512	-1	replay	none	0	none	-	-1	-	-	461	3.7171
99	fixed	0	T3	0dfa7fc3533697c4	1	1	512	-1	replay	none	0	none	-	-1	-	-	458	3.7176
100	fixed	0	T3	0dfa7fc3533697c4	1	1	512	-1	replay	none	0	none	-	-1	-	-	461	3.7326
101	fixed	0	T3	0dfa7fc3533697c4	1	1	512	-1	replay	none	0	none	-	-1	-	-	459	3.7163
102	fixed	0	T3	0dfa7fc3533697c4	1	1	512	-1	replay	none	0	none	-	-1	-	-	462	3.7258
103	fixed	0	T3	0dfa7fc3533697c4	1	1	512	-1	replay	none	0	none	-	-1	-	-	458	3.7228
104	fixed	0	T3	0dfa7fc3533697c4	1	1	512	-1	replay	none	0	none	-	-1	-	-	464	3.7407
105	fixed	0	T3	0dfa7fc3533697c4	1	1	512	-1	replay	none	0	none	-	-1	-	-	459	3.7347
106	fixed	0	T3	0dfa7fc3533697c4	1	1	512	-1	replay	none	0	none	-	-1	-	-	463	3.7240
107	fixed	0	T3	0dfa7fc3533697c4	1	1	512	-1	replay	none	0	none	-	-1	-	-	459	3.7150
108	fixed	0	T3	0dfa7fc3533697c4	1	1	512	-1	replay	none	0	none	-	-1	-	-	465	3.7408
109	fixed	0	T3	0dfa7fc3533697c4	1	1	512	-1	replay	none	0	none	-	-1	-	-	513	3.7391
110	fixed	0	T3	0dfa7fc3533697c4	1	1	512	-1	replay	none	0	none	-	-1	-	-	517	3.7191
111	fixed	0	T3	0dfa7fc3533697c4	1	1	512	-1	replay	none	0	none	-	-1	-	-	494	3.7389
112	fixed	0	T3	0dfa7fc3533697c4	1	1	512	-1	replay	none	0	none	-	-1	-	-	527	3.7325
113	fixed	0	T3	0dfa7fc3533697c4	1	1	512	-1	replay	none	0	none	-	-1	-	-	492	3.7436
114	fixed	0	T3	0dfa7fc3533697c4	1	1	512	-1	replay	none	0	none	-	-1	-	-	510	3.7309
115	fixed	0	T3	0dfa7fc3533697c4	1	1	512	-1	replay	none	0	none	-	-1	-	-	488	3.7579
116	fixed	0	T3	0dfa7fc3533697c4	1	1	512	-1	replay	none	0	none	-	-1	-	-	492	3.7365
117	fixed	0	T3	0dfa7fc3533697c4	1	1	512	-1	replay	none	0	none	-	-1	-	-	489	3.7357
118	fixed	0	T3	0dfa7fc3533697c4	1	1	512	-1	replay	none	0	none	-	-1	-	-	493	3.7312
119	fixed	0	T3	0dfa7fc3533697c4	1	1	512	-1	replay	none	0	none	-	-1	-	-	492	3.7556
120	fixed	0	T3	0dfa7fc3533697c4	1	1	512	-1	replay	none	0	none	-	-1	-	-	498	3.7433
121	fixed	0	T3	0dfa7fc3533697c4	1	1	512	-1	replay	none	0	none	-	-1	-	-	463	3.7194
122	fixed	0	T3	0dfa7fc3533697c4	1	1	512	-1	replay	none	0	none	-	-1	-	-	461	3.7297
123	fixed	0	T3	0dfa7fc3533697c4	1	1	512	-1	replay	none	0	none	-	-1	-	-	472	3.7402
124	fixed	0	T3	0dfa7fc3533697c4	1	1	512	-1	replay	none	0	none	-	-1	-	-	491	3.7288
125	fixed	0	T3	0dfa7fc3533697c4	1	1	512	-1	replay	none	0	none	-	-1	-	-	490	3.7248
126	fixed	0	T3	0dfa7fc3533697c4	1	1	512	-1	replay	none	0	none	-	-1	-	-	462	3.7370
127	fixed	0	T3	0dfa7fc3533697c4	1	1	512	-1	replay	none	0	none	-	-1	-	-	462	3.7229
128	fixed	0	T3	0dfa7fc3533697c4	1	1	512	-1	replay	none	0	none	-	-1	-	-	460	3.7274
129	fixed	0	T3	0dfa7fc3533697c4	1	1	512	-1	replay	none	0	none	-	-1	-	-	463	3.7220
130	fixed	0	T3	0dfa7fc3533697c4	1	1	512	-1	replay	none	0	none	-	-1	-	-	461	3.7403
131	fixed	0	T3	0dfa7fc3533697c4	1	1	512	-1	replay	none	0	none	-	-1	-	-	462	3.7311
132	fixed	1	T0	802ba1f19f5ea689	4	1	256	-1	direct	none	1	structure	shape,data	0	GET_ROWS	model.input_embed	2561	4.5993
133	fixed	1	T0	0dfa7fc3533697c4	1	1	512	-1	direct	none	0	structure	shape,data	0	GET_ROWS	model.input_embed	2228	4.1608
134	fixed	1	T0	0dfa7fc3533697c4	1	1	512	-1	capture	update	0	none	-	-1	-	-	1641	4.8909
135	fixed	1	T0	0dfa7fc3533697c4	1	1	512	-1	replay	none	0	none	-	-1	-	-	473	3.7512
136	fixed	1	T0	0dfa7fc3533697c4	1	1	512	-1	replay	none	0	none	-	-1	-	-	467	3.9475
137	fixed	1	T0	0dfa7fc3533697c4	1	1	512	-1	replay	none	0	none	-	-1	-	-	465	3.7559
138	fixed	1	T0	0dfa7fc3533697c4	1	1	512	-1	replay	none	0	none	-	-1	-	-	468	3.7230
139	fixed	1	T0	0dfa7fc3533697c4	1	1	512	-1	replay	none	0	none	-	-1	-	-	465	3.7195
140	fixed	1	T0	0dfa7fc3533697c4	1	1	512	-1	replay	none	0	none	-	-1	-	-	468	3.7229
141	fixed	1	T0	0dfa7fc3533697c4	1	1	512	-1	replay	none	0	none	-	-1	-	-	464	3.7264
142	fixed	1	T0	0dfa7fc3533697c4	1	1	512	-1	replay	none	0	none	-	-1	-	-	469	3.7545
143	fixed	1	T0	0dfa7fc3533697c4	1	1	512	-1	replay	none	0	none	-	-1	-	-	466	3.7250
144	fixed	1	T0	0dfa7fc3533697c4	1	1	512	-1	replay	none	0	none	-	-1	-	-	467	3.7356
145	fixed	1	T0	0dfa7fc3533697c4	1	1	512	-1	replay	none	0	none	-	-1	-	-	466	3.7044
146	fixed	1	T0	0dfa7fc3533697c4	1	1	512	-1	replay	none	0	none	-	-1	-	-	467	3.7401
147	fixed	1	T0	0dfa7fc3533697c4	1	1	512	-1	replay	none	0	none	-	-1	-	-	464	3.7255
148	fixed	1	T0	0dfa7fc3533697c4	1	1	512	-1	replay	none	0	none	-	-1	-	-	468	3.7126
149	fixed	1	T0	0dfa7fc3533697c4	1	1	512	-1	replay	none	0	none	-	-1	-	-	464	3.7271
150	fixed	1	T0	0dfa7fc3533697c4	1	1	512	-1	replay	none	0	none	-	-1	-	-	474	3.7288
151	fixed	1	T0	0dfa7fc3533697c4	1	1	512	-1	replay	none	0	none	-	-1	-	-	467	3.7338
152	fixed	1	T0	0dfa7fc3533697c4	1	1	512	-1	replay	none	0	none	-	-1	-	-	464	3.7243
153	fixed	1	T0	0dfa7fc3533697c4	1	1	512	-1	replay	none	0	none	-	-1	-	-	470	3.7518
154	fixed	1	T0	0dfa7fc3533697c4	1	1	512	-1	replay	none	0	none	-	-1	-	-	464	3.7315
155	fixed	1	T0	0dfa7fc3533697c4	1	1	512	-1	replay	none	0	none	-	-1	-	-	465	3.7320
156	fixed	1	T0	0dfa7fc3533697c4	1	1	512	-1	replay	none	0	none	-	-1	-	-	464	3.7203
157	fixed	1	T1	94dc22ce3d23b91b	2	1	512	-1	direct	none	1	structure	shape,data	0	GET_ROWS	model.input_embed	2572	4.5861
158	fixed	1	T1	d8f873be867a8271	251	0	256	-1	direct	none	0	structure	shape,data	0	GET_ROWS	model.input_embed	3064	15.9618
159	fixed	1	T1	79cc5f245f480542	2	1	512	-1	direct	none	0	structure	shape,data	0	GET_ROWS	model.input_embed	2511	4.5678
160	fixed	1	T1	bcd06391008a2d68	3	1	256	-1	direct	none	0	structure	shape,data	0	GET_ROWS	model.input_embed	2482	4.5164
161	fixed	1	T2	d702fd6fe588b6cb	2	2	512	-1	direct	none	0	structure	shape,data	0	GET_ROWS	model.input_embed	2481	4.5496
162	fixed	1	T2	d702fd6fe588b6cb	2	2	512	-1	capture	reinstantiate	0	none	-	-1	-	-	2602	6.1639
163	fixed	1	T2	d702fd6fe588b6cb	2	2	512	-1	replay	none	0	none	-	-1	-	-	470	4.0264
164	fixed	1	T2	d702fd6fe588b6cb	2	2	512	-1	replay	none	0	none	-	-1	-	-	468	4.0134
165	fixed	1	T2	d702fd6fe588b6cb	2	2	512	-1	replay	none	0	none	-	-1	-	-	467	4.0194
166	fixed	1	T2	d702fd6fe588b6cb	2	2	512	-1	replay	none	0	none	-	-1	-	-	464	4.0244
167	fixed	1	T2	d702fd6fe588b6cb	2	2	512	-1	replay	none	0	none	-	-1	-	-	464	4.0297
168	fixed	1	T2	d702fd6fe588b6cb	2	2	512	-1	replay	none	0	none	-	-1	-	-	462	4.0452
169	fixed	1	T2	d702fd6fe588b6cb	2	2	512	-1	replay	none	0	none	-	-1	-	-	462	4.0083
170	fixed	1	T2	d702fd6fe588b6cb	2	2	512	-1	replay	none	0	none	-	-1	-	-	462	4.0128
171	fixed	1	T2	d702fd6fe588b6cb	2	2	512	-1	replay	none	0	none	-	-1	-	-	467	4.0366
172	fixed	1	T2	d702fd6fe588b6cb	2	2	512	-1	replay	none	0	none	-	-1	-	-	464	4.0106
173	fixed	1	T2	d702fd6fe588b6cb	2	2	512	-1	replay	none	0	none	-	-1	-	-	464	4.0746
174	fixed	1	T2	d702fd6fe588b6cb	2	2	512	-1	replay	none	0	none	-	-1	-	-	464	4.0161
175	fixed	1	T2	d702fd6fe588b6cb	2	2	512	-1	replay	none	0	none	-	-1	-	-	464	4.0245
176	fixed	1	T2	d702fd6fe588b6cb	2	2	512	-1	replay	none	0	none	-	-1	-	-	465	4.0345
177	fixed	1	T2	d702fd6fe588b6cb	2	2	512	-1	replay	none	0	none	-	-1	-	-	464	4.0196
178	fixed	1	T2	d702fd6fe588b6cb	2	2	512	-1	replay	none	0	none	-	-1	-	-	464	4.0382
179	fixed	1	T2	d702fd6fe588b6cb	2	2	512	-1	replay	none	0	none	-	-1	-	-	464	4.0204
180	fixed	1	T2	d702fd6fe588b6cb	2	2	512	-1	replay	none	0	none	-	-1	-	-	466	4.0134
181	fixed	1	T2	d702fd6fe588b6cb	2	2	512	-1	replay	none	0	none	-	-1	-	-	467	4.0384
182	fixed	1	T2	d702fd6fe588b6cb	2	2	512	-1	replay	none	0	none	-	-1	-	-	468	4.0239
183	fixed	1	T2	d702fd6fe588b6cb	2	2	512	-1	replay	none	0	none	-	-1	-	-	464	4.0128
184	fixed	1	T2	d702fd6fe588b6cb	2	2	512	-1	replay	none	0	none	-	-1	-	-	462	4.0313
185	fixed	1	T2	d702fd6fe588b6cb	2	2	512	-1	replay	none	0	none	-	-1	-	-	462	4.0148
186	fixed	1	T2	d702fd6fe588b6cb	2	2	512	-1	replay	none	0	none	-	-1	-	-	463	4.0396
187	fixed	1	T2	d702fd6fe588b6cb	2	2	512	-1	replay	none	0	none	-	-1	-	-	462	4.0117
188	fixed	1	T2	d702fd6fe588b6cb	2	2	512	-1	replay	none	0	none	-	-1	-	-	463	4.0210
189	fixed	1	T2	d702fd6fe588b6cb	2	2	512	-1	replay	none	0	none	-	-1	-	-	462	4.0369
190	fixed	1	T2	d702fd6fe588b6cb	2	2	512	-1	replay	none	0	none	-	-1	-	-	462	4.2932
191	fixed	1	T2	d702fd6fe588b6cb	2	2	512	-1	replay	none	0	none	-	-1	-	-	466	4.0397
192	fixed	1	T3	0dfa7fc3533697c4	1	1	512	-1	direct	none	1	structure	shape,data	0	GET_ROWS	model.input_embed	2227	4.2125
193	fixed	1	T3	0dfa7fc3533697c4	1	1	512	-1	capture	reinstantiate	0	none	-	-1	-	-	2301	5.5737
194	fixed	1	T3	0dfa7fc3533697c4	1	1	512	-1	replay	none	0	none	-	-1	-	-	470	3.7289
195	fixed	1	T3	0dfa7fc3533697c4	1	1	512	-1	replay	none	0	none	-	-1	-	-	466	3.7296
196	fixed	1	T3	0dfa7fc3533697c4	1	1	512	-1	replay	none	0	none	-	-1	-	-	466	3.7268
197	fixed	1	T3	0dfa7fc3533697c4	1	1	512	-1	replay	none	0	none	-	-1	-	-	463	3.7474
198	fixed	1	T3	0dfa7fc3533697c4	1	1	512	-1	replay	none	0	none	-	-1	-	-	473	3.7280
199	fixed	1	T3	0dfa7fc3533697c4	1	1	512	-1	replay	none	0	none	-	-1	-	-	502	3.7276
200	fixed	1	T3	0dfa7fc3533697c4	1	1	512	-1	replay	none	0	none	-	-1	-	-	468	3.7346
201	fixed	1	T3	0dfa7fc3533697c4	1	1	512	-1	replay	none	0	none	-	-1	-	-	464	3.7308
202	fixed	1	T3	0dfa7fc3533697c4	1	1	512	-1	replay	none	0	none	-	-1	-	-	465	3.7364
203	fixed	1	T3	0dfa7fc3533697c4	1	1	512	-1	replay	none	0	none	-	-1	-	-	460	3.7199
204	fixed	1	T3	0dfa7fc3533697c4	1	1	512	-1	replay	none	0	none	-	-1	-	-	464	3.7503
205	fixed	1	T3	0dfa7fc3533697c4	1	1	512	-1	replay	none	0	none	-	-1	-	-	461	3.7361
206	fixed	1	T3	0dfa7fc3533697c4	1	1	512	-1	replay	none	0	none	-	-1	-	-	463	3.7407
207	fixed	1	T3	0dfa7fc3533697c4	1	1	512	-1	replay	none	0	none	-	-1	-	-	462	3.7265
208	fixed	1	T3	0dfa7fc3533697c4	1	1	512	-1	replay	none	0	none	-	-1	-	-	502	3.7553
209	fixed	1	T3	0dfa7fc3533697c4	1	1	512	-1	replay	none	0	none	-	-1	-	-	462	3.7154
210	fixed	1	T3	0dfa7fc3533697c4	1	1	512	-1	replay	none	0	none	-	-1	-	-	464	3.7208
211	fixed	1	T3	0dfa7fc3533697c4	1	1	512	-1	replay	none	0	none	-	-1	-	-	465	3.7263
212	fixed	1	T3	0dfa7fc3533697c4	1	1	512	-1	replay	none	0	none	-	-1	-	-	476	3.7186
213	fixed	1	T3	0dfa7fc3533697c4	1	1	512	-1	replay	none	0	none	-	-1	-	-	465	3.7227
214	fixed	1	T3	0dfa7fc3533697c4	1	1	512	-1	replay	none	0	none	-	-1	-	-	463	3.7204
215	fixed	1	T3	0dfa7fc3533697c4	1	1	512	-1	replay	none	0	none	-	-1	-	-	466	3.7385
216	fixed	1	T3	0dfa7fc3533697c4	1	1	512	-1	replay	none	0	none	-	-1	-	-	463	3.7302
217	fixed	1	T3	0dfa7fc3533697c4	1	1	512	-1	replay	none	0	none	-	-1	-	-	465	3.7305
218	fixed	1	T3	0dfa7fc3533697c4	1	1	512	-1	replay	none	0	none	-	-1	-	-	462	3.7101
219	fixed	1	T3	0dfa7fc3533697c4	1	1	512	-1	replay	none	0	none	-	-1	-	-	533	3.7473
220	fixed	1	T3	0dfa7fc3533697c4	1	1	512	-1	replay	none	0	none	-	-1	-	-	462	3.7298
221	fixed	1	T3	0dfa7fc3533697c4	1	1	512	-1	replay	none	0	none	-	-1	-	-	464	3.7155
222	fixed	1	T3	0dfa7fc3533697c4	1	1	512	-1	replay	none	0	none	-	-1	-	-	499	3.7333
223	fixed	1	T3	0dfa7fc3533697c4	1	1	512	-1	replay	none	0	none	-	-1	-	-	473	3.7314
224	fixed	1	T3	0dfa7fc3533697c4	1	1	512	-1	replay	none	0	none	-	-1	-	-	463	3.7402
225	fixed	1	T3	0dfa7fc3533697c4	1	1	512	-1	replay	none	0	none	-	-1	-	-	465	3.7262
226	fixed	1	T3	0dfa7fc3533697c4	1	1	512	-1	replay	none	0	none	-	-1	-	-	464	3.7575
227	fixed	1	T3	0dfa7fc3533697c4	1	1	512	-1	replay	none	0	none	-	-1	-	-	463	3.7332
228	fixed	1	T3	0dfa7fc3533697c4	1	1	512	-1	replay	none	0	none	-	-1	-	-	464	3.7318
229	fixed	1	T3	0dfa7fc3533697c4	1	1	512	-1	replay	none	0	none	-	-1	-	-	461	3.7220
230	fixed	1	T3	0dfa7fc3533697c4	1	1	512	-1	replay	none	0	none	-	-1	-	-	464	3.7340
231	fixed	1	T3	0dfa7fc3533697c4	1	1	512	-1	replay	none	0	none	-	-1	-	-	461	3.7476
232	fixed	1	T3	0dfa7fc3533697c4	1	1	512	-1	replay	none	0	none	-	-1	-	-	465	3.7432
233	fixed	1	T3	0dfa7fc3533697c4	1	1	512	-1	replay	none	0	none	-	-1	-	-	461	3.7415
234	fixed	1	T3	0dfa7fc3533697c4	1	1	512	-1	replay	none	0	none	-	-1	-	-	475	3.7370
235	fixed	1	T3	0dfa7fc3533697c4	1	1	512	-1	replay	none	0	none	-	-1	-	-	464	3.7353
236	fixed	1	T3	0dfa7fc3533697c4	1	1	512	-1	replay	none	0	none	-	-1	-	-	465	3.7202
237	fixed	1	T3	0dfa7fc3533697c4	1	1	512	-1	replay	none	0	none	-	-1	-	-	498	3.7491
238	fixed	1	T3	0dfa7fc3533697c4	1	1	512	-1	replay	none	0	none	-	-1	-	-	465	3.7180
239	fixed	1	T3	0dfa7fc3533697c4	1	1	512	-1	replay	none	0	none	-	-1	-	-	461	3.7249
240	fixed	1	T3	0dfa7fc3533697c4	1	1	512	-1	replay	none	0	none	-	-1	-	-	464	3.7264
241	fixed	1	T3	0dfa7fc3533697c4	1	1	512	-1	replay	none	0	none	-	-1	-	-	459	3.7198
242	fixed	1	T3	0dfa7fc3533697c4	1	1	512	-1	replay	none	0	none	-	-1	-	-	464	3.7313
243	fixed	1	T3	0dfa7fc3533697c4	1	1	512	-1	replay	none	0	none	-	-1	-	-	465	3.7266
244	fixed	1	T3	0dfa7fc3533697c4	1	1	512	-1	replay	none	0	none	-	-1	-	-	461	3.7327
245	fixed	1	T3	0dfa7fc3533697c4	1	1	512	-1	replay	none	0	none	-	-1	-	-	512	3.7361
246	fixed	1	T3	0dfa7fc3533697c4	1	1	512	-1	replay	none	0	none	-	-1	-	-	464	3.7324
247	fixed	1	T3	0dfa7fc3533697c4	1	1	512	-1	replay	none	0	none	-	-1	-	-	464	3.7186
248	fixed	1	T3	0dfa7fc3533697c4	1	1	512	-1	replay	none	0	none	-	-1	-	-	496	3.7527
249	fixed	1	T3	0dfa7fc3533697c4	1	1	512	-1	replay	none	0	none	-	-1	-	-	463	3.7247
250	fixed	1	T3	0dfa7fc3533697c4	1	1	512	-1	replay	none	0	none	-	-1	-	-	460	3.7277
251	fixed	1	T3	0dfa7fc3533697c4	1	1	512	-1	replay	none	0	none	-	-1	-	-	463	3.7287
252	fixed	1	T3	0dfa7fc3533697c4	1	1	512	-1	replay	none	0	none	-	-1	-	-	460	3.7261
253	fixed	1	T3	0dfa7fc3533697c4	1	1	512	-1	replay	none	0	none	-	-1	-	-	465	3.7376
254	fixed	1	T3	0dfa7fc3533697c4	1	1	512	-1	replay	none	0	none	-	-1	-	-	459	3.7233
255	fixed	1	T3	0dfa7fc3533697c4	1	1	512	-1	replay	none	0	none	-	-1	-	-	462	3.7389
256	fixed	1	T3	0dfa7fc3533697c4	1	1	512	-1	replay	none	0	none	-	-1	-	-	468	3.7667
257	fixed	1	T3	0dfa7fc3533697c4	1	1	512	-1	replay	none	0	none	-	-1	-	-	485	3.7452
258	fixed	1	T3	0dfa7fc3533697c4	1	1	512	-1	replay	none	0	none	-	-1	-	-	463	3.7184
259	fixed	1	T3	0dfa7fc3533697c4	1	1	512	-1	replay	none	0	none	-	-1	-	-	495	3.7428
260	fixed	1	T3	0dfa7fc3533697c4	1	1	512	-1	replay	none	0	none	-	-1	-	-	463	3.7355
261	fixed	1	T3	0dfa7fc3533697c4	1	1	512	-1	replay	none	0	none	-	-1	-	-	462	3.7156
262	fixed	2	T0	802ba1f19f5ea689	4	1	256	-1	direct	none	1	structure	shape,data	0	GET_ROWS	model.input_embed	2643	4.6210
263	fixed	2	T0	0dfa7fc3533697c4	1	1	512	-1	direct	none	0	structure	shape,data	0	GET_ROWS	model.input_embed	2262	4.1691
264	fixed	2	T0	0dfa7fc3533697c4	1	1	512	-1	capture	update	0	none	-	-1	-	-	1627	4.8915
265	fixed	2	T0	0dfa7fc3533697c4	1	1	512	-1	replay	none	0	none	-	-1	-	-	470	3.7192
266	fixed	2	T0	0dfa7fc3533697c4	1	1	512	-1	replay	none	0	none	-	-1	-	-	469	3.7353
267	fixed	2	T0	0dfa7fc3533697c4	1	1	512	-1	replay	none	0	none	-	-1	-	-	465	3.7258
268	fixed	2	T0	0dfa7fc3533697c4	1	1	512	-1	replay	none	0	none	-	-1	-	-	590	3.7415
269	fixed	2	T0	0dfa7fc3533697c4	1	1	512	-1	replay	none	0	none	-	-1	-	-	468	3.7161
270	fixed	2	T0	0dfa7fc3533697c4	1	1	512	-1	replay	none	0	none	-	-1	-	-	468	3.7478
271	fixed	2	T0	0dfa7fc3533697c4	1	1	512	-1	replay	none	0	none	-	-1	-	-	467	3.7384
272	fixed	2	T0	0dfa7fc3533697c4	1	1	512	-1	replay	none	0	none	-	-1	-	-	465	3.7273
273	fixed	2	T0	0dfa7fc3533697c4	1	1	512	-1	replay	none	0	none	-	-1	-	-	470	3.7157
274	fixed	2	T0	0dfa7fc3533697c4	1	1	512	-1	replay	none	0	none	-	-1	-	-	464	3.7310
275	fixed	2	T0	0dfa7fc3533697c4	1	1	512	-1	replay	none	0	none	-	-1	-	-	466	3.7134
276	fixed	2	T0	0dfa7fc3533697c4	1	1	512	-1	replay	none	0	none	-	-1	-	-	466	3.7119
277	fixed	2	T0	0dfa7fc3533697c4	1	1	512	-1	replay	none	0	none	-	-1	-	-	467	3.7422
278	fixed	2	T0	0dfa7fc3533697c4	1	1	512	-1	replay	none	0	none	-	-1	-	-	464	3.7121
279	fixed	2	T0	0dfa7fc3533697c4	1	1	512	-1	replay	none	0	none	-	-1	-	-	467	3.7319
280	fixed	2	T0	0dfa7fc3533697c4	1	1	512	-1	replay	none	0	none	-	-1	-	-	464	3.7238
281	fixed	2	T0	0dfa7fc3533697c4	1	1	512	-1	replay	none	0	none	-	-1	-	-	466	3.7376
282	fixed	2	T0	0dfa7fc3533697c4	1	1	512	-1	replay	none	0	none	-	-1	-	-	465	3.7317
283	fixed	2	T0	0dfa7fc3533697c4	1	1	512	-1	replay	none	0	none	-	-1	-	-	474	3.7159
284	fixed	2	T0	0dfa7fc3533697c4	1	1	512	-1	replay	none	0	none	-	-1	-	-	470	3.7273
285	fixed	2	T0	0dfa7fc3533697c4	1	1	512	-1	replay	none	0	none	-	-1	-	-	467	3.7337
286	fixed	2	T0	0dfa7fc3533697c4	1	1	512	-1	replay	none	0	none	-	-1	-	-	465	3.7386
287	fixed	2	T1	94dc22ce3d23b91b	2	1	512	-1	direct	none	1	structure	shape,data	0	GET_ROWS	model.input_embed	2556	4.6088
288	fixed	2	T1	d8f873be867a8271	251	0	256	-1	direct	none	0	structure	shape,data	0	GET_ROWS	model.input_embed	3030	15.9100
289	fixed	2	T1	79cc5f245f480542	2	1	512	-1	direct	none	0	structure	shape,data	0	GET_ROWS	model.input_embed	2507	4.6017
290	fixed	2	T1	bcd06391008a2d68	3	1	256	-1	direct	none	0	structure	shape,data	0	GET_ROWS	model.input_embed	2637	4.4866
291	fixed	2	T2	d702fd6fe588b6cb	2	2	512	-1	direct	none	0	structure	shape,data	0	GET_ROWS	model.input_embed	2509	4.5238
292	fixed	2	T2	d702fd6fe588b6cb	2	2	512	-1	capture	reinstantiate	0	none	-	-1	-	-	2563	6.1365
293	fixed	2	T2	d702fd6fe588b6cb	2	2	512	-1	replay	none	0	none	-	-1	-	-	475	4.0091
294	fixed	2	T2	d702fd6fe588b6cb	2	2	512	-1	replay	none	0	none	-	-1	-	-	469	4.0276
295	fixed	2	T2	d702fd6fe588b6cb	2	2	512	-1	replay	none	0	none	-	-1	-	-	471	4.0347
296	fixed	2	T2	d702fd6fe588b6cb	2	2	512	-1	replay	none	0	none	-	-1	-	-	468	4.0217
297	fixed	2	T2	d702fd6fe588b6cb	2	2	512	-1	replay	none	0	none	-	-1	-	-	467	4.0262
298	fixed	2	T2	d702fd6fe588b6cb	2	2	512	-1	replay	none	0	none	-	-1	-	-	471	4.0171
299	fixed	2	T2	d702fd6fe588b6cb	2	2	512	-1	replay	none	0	none	-	-1	-	-	466	4.0176
300	fixed	2	T2	d702fd6fe588b6cb	2	2	512	-1	replay	none	0	none	-	-1	-	-	465	4.0468
301	fixed	2	T2	d702fd6fe588b6cb	2	2	512	-1	replay	none	0	none	-	-1	-	-	465	4.0221
302	fixed	2	T2	d702fd6fe588b6cb	2	2	512	-1	replay	none	0	none	-	-1	-	-	465	4.0375
303	fixed	2	T2	d702fd6fe588b6cb	2	2	512	-1	replay	none	0	none	-	-1	-	-	467	4.0229
304	fixed	2	T2	d702fd6fe588b6cb	2	2	512	-1	replay	none	0	none	-	-1	-	-	567	4.0226
305	fixed	2	T2	d702fd6fe588b6cb	2	2	512	-1	replay	none	0	none	-	-1	-	-	470	4.0384
306	fixed	2	T2	d702fd6fe588b6cb	2	2	512	-1	replay	none	0	none	-	-1	-	-	475	4.0273
307	fixed	2	T2	d702fd6fe588b6cb	2	2	512	-1	replay	none	0	none	-	-1	-	-	468	4.0177
308	fixed	2	T2	d702fd6fe588b6cb	2	2	512	-1	replay	none	0	none	-	-1	-	-	467	4.0326
309	fixed	2	T2	d702fd6fe588b6cb	2	2	512	-1	replay	none	0	none	-	-1	-	-	468	4.0134
310	fixed	2	T2	d702fd6fe588b6cb	2	2	512	-1	replay	none	0	none	-	-1	-	-	467	4.0185
311	fixed	2	T2	d702fd6fe588b6cb	2	2	512	-1	replay	none	0	none	-	-1	-	-	467	4.0385
312	fixed	2	T2	d702fd6fe588b6cb	2	2	512	-1	replay	none	0	none	-	-1	-	-	463	4.0136
313	fixed	2	T2	d702fd6fe588b6cb	2	2	512	-1	replay	none	0	none	-	-1	-	-	467	4.0308
314	fixed	2	T2	d702fd6fe588b6cb	2	2	512	-1	replay	none	0	none	-	-1	-	-	464	4.0118
315	fixed	2	T2	d702fd6fe588b6cb	2	2	512	-1	replay	none	0	none	-	-1	-	-	464	4.0157
316	fixed	2	T2	d702fd6fe588b6cb	2	2	512	-1	replay	none	0	none	-	-1	-	-	463	4.0410
317	fixed	2	T2	d702fd6fe588b6cb	2	2	512	-1	replay	none	0	none	-	-1	-	-	468	4.0258
318	fixed	2	T2	d702fd6fe588b6cb	2	2	512	-1	replay	none	0	none	-	-1	-	-	463	4.0388
319	fixed	2	T2	d702fd6fe588b6cb	2	2	512	-1	replay	none	0	none	-	-1	-	-	464	4.0079
320	fixed	2	T2	d702fd6fe588b6cb	2	2	512	-1	replay	none	0	none	-	-1	-	-	464	4.0161
321	fixed	2	T2	d702fd6fe588b6cb	2	2	512	-1	replay	none	0	none	-	-1	-	-	462	4.0391
322	fixed	2	T3	0dfa7fc3533697c4	1	1	512	-1	direct	none	1	structure	shape,data	0	GET_ROWS	model.input_embed	2288	4.2049
323	fixed	2	T3	0dfa7fc3533697c4	1	1	512	-1	capture	reinstantiate	0	none	-	-1	-	-	2241	5.8050
324	fixed	2	T3	0dfa7fc3533697c4	1	1	512	-1	replay	none	0	none	-	-1	-	-	475	3.7510
325	fixed	2	T3	0dfa7fc3533697c4	1	1	512	-1	replay	none	0	none	-	-1	-	-	464	3.7307
326	fixed	2	T3	0dfa7fc3533697c4	1	1	512	-1	replay	none	0	none	-	-1	-	-	465	3.7331
327	fixed	2	T3	0dfa7fc3533697c4	1	1	512	-1	replay	none	0	none	-	-1	-	-	473	3.7313
328	fixed	2	T3	0dfa7fc3533697c4	1	1	512	-1	replay	none	0	none	-	-1	-	-	544	3.7422
329	fixed	2	T3	0dfa7fc3533697c4	1	1	512	-1	replay	none	0	none	-	-1	-	-	469	3.7157
330	fixed	2	T3	0dfa7fc3533697c4	1	1	512	-1	replay	none	0	none	-	-1	-	-	469	3.7432
331	fixed	2	T3	0dfa7fc3533697c4	1	1	512	-1	replay	none	0	none	-	-1	-	-	464	3.7365
332	fixed	2	T3	0dfa7fc3533697c4	1	1	512	-1	replay	none	0	none	-	-1	-	-	467	3.7463
333	fixed	2	T3	0dfa7fc3533697c4	1	1	512	-1	replay	none	0	none	-	-1	-	-	468	3.7261
334	fixed	2	T3	0dfa7fc3533697c4	1	1	512	-1	replay	none	0	none	-	-1	-	-	465	3.7516
335	fixed	2	T3	0dfa7fc3533697c4	1	1	512	-1	replay	none	0	none	-	-1	-	-	467	3.7182
336	fixed	2	T3	0dfa7fc3533697c4	1	1	512	-1	replay	none	0	none	-	-1	-	-	463	3.7267
337	fixed	2	T3	0dfa7fc3533697c4	1	1	512	-1	replay	none	0	none	-	-1	-	-	465	3.7263
338	fixed	2	T3	0dfa7fc3533697c4	1	1	512	-1	replay	none	0	none	-	-1	-	-	463	3.7185
339	fixed	2	T3	0dfa7fc3533697c4	1	1	512	-1	replay	none	0	none	-	-1	-	-	466	3.7604
340	fixed	2	T3	0dfa7fc3533697c4	1	1	512	-1	replay	none	0	none	-	-1	-	-	464	3.7235
341	fixed	2	T3	0dfa7fc3533697c4	1	1	512	-1	replay	none	0	none	-	-1	-	-	467	3.7398
342	fixed	2	T3	0dfa7fc3533697c4	1	1	512	-1	replay	none	0	none	-	-1	-	-	462	3.7303
343	fixed	2	T3	0dfa7fc3533697c4	1	1	512	-1	replay	none	0	none	-	-1	-	-	465	3.7326
344	fixed	2	T3	0dfa7fc3533697c4	1	1	512	-1	replay	none	0	none	-	-1	-	-	466	3.7114
345	fixed	2	T3	0dfa7fc3533697c4	1	1	512	-1	replay	none	0	none	-	-1	-	-	466	3.7407
346	fixed	2	T3	0dfa7fc3533697c4	1	1	512	-1	replay	none	0	none	-	-1	-	-	464	3.7315
347	fixed	2	T3	0dfa7fc3533697c4	1	1	512	-1	replay	none	0	none	-	-1	-	-	467	3.7145
348	fixed	2	T3	0dfa7fc3533697c4	1	1	512	-1	replay	none	0	none	-	-1	-	-	463	3.7319
349	fixed	2	T3	0dfa7fc3533697c4	1	1	512	-1	replay	none	0	none	-	-1	-	-	468	3.7348
350	fixed	2	T3	0dfa7fc3533697c4	1	1	512	-1	replay	none	0	none	-	-1	-	-	468	3.7441
351	fixed	2	T3	0dfa7fc3533697c4	1	1	512	-1	replay	none	0	none	-	-1	-	-	466	3.7253
352	fixed	2	T3	0dfa7fc3533697c4	1	1	512	-1	replay	none	0	none	-	-1	-	-	463	3.7534
353	fixed	2	T3	0dfa7fc3533697c4	1	1	512	-1	replay	none	0	none	-	-1	-	-	465	3.7338
354	fixed	2	T3	0dfa7fc3533697c4	1	1	512	-1	replay	none	0	none	-	-1	-	-	462	3.7401
355	fixed	2	T3	0dfa7fc3533697c4	1	1	512	-1	replay	none	0	none	-	-1	-	-	482	3.7548
356	fixed	2	T3	0dfa7fc3533697c4	1	1	512	-1	replay	none	0	none	-	-1	-	-	470	3.7340
357	fixed	2	T3	0dfa7fc3533697c4	1	1	512	-1	replay	none	0	none	-	-1	-	-	465	3.7393
358	fixed	2	T3	0dfa7fc3533697c4	1	1	512	-1	replay	none	0	none	-	-1	-	-	472	3.7175
359	fixed	2	T3	0dfa7fc3533697c4	1	1	512	-1	replay	none	0	none	-	-1	-	-	470	3.7446
360	fixed	2	T3	0dfa7fc3533697c4	1	1	512	-1	replay	none	0	none	-	-1	-	-	466	3.7354
361	fixed	2	T3	0dfa7fc3533697c4	1	1	512	-1	replay	none	0	none	-	-1	-	-	464	3.7341
362	fixed	2	T3	0dfa7fc3533697c4	1	1	512	-1	replay	none	0	none	-	-1	-	-	464	3.7196
363	fixed	2	T3	0dfa7fc3533697c4	1	1	512	-1	replay	none	0	none	-	-1	-	-	463	3.7504
364	fixed	2	T3	0dfa7fc3533697c4	1	1	512	-1	replay	none	0	none	-	-1	-	-	466	3.7180
365	fixed	2	T3	0dfa7fc3533697c4	1	1	512	-1	replay	none	0	none	-	-1	-	-	463	3.7244
366	fixed	2	T3	0dfa7fc3533697c4	1	1	512	-1	replay	none	0	none	-	-1	-	-	475	3.7288
367	fixed	2	T3	0dfa7fc3533697c4	1	1	512	-1	replay	none	0	none	-	-1	-	-	462	3.7216
368	fixed	2	T3	0dfa7fc3533697c4	1	1	512	-1	replay	none	0	none	-	-1	-	-	463	3.7294
369	fixed	2	T3	0dfa7fc3533697c4	1	1	512	-1	replay	none	0	none	-	-1	-	-	461	3.7216
370	fixed	2	T3	0dfa7fc3533697c4	1	1	512	-1	replay	none	0	none	-	-1	-	-	463	3.7449
371	fixed	2	T3	0dfa7fc3533697c4	1	1	512	-1	replay	none	0	none	-	-1	-	-	461	3.7399
372	fixed	2	T3	0dfa7fc3533697c4	1	1	512	-1	replay	none	0	none	-	-1	-	-	463	3.7281
373	fixed	2	T3	0dfa7fc3533697c4	1	1	512	-1	replay	none	0	none	-	-1	-	-	466	3.7188
374	fixed	2	T3	0dfa7fc3533697c4	1	1	512	-1	replay	none	0	none	-	-1	-	-	463	3.7451
375	fixed	2	T3	0dfa7fc3533697c4	1	1	512	-1	replay	none	0	none	-	-1	-	-	462	3.7244
376	fixed	2	T3	0dfa7fc3533697c4	1	1	512	-1	replay	none	0	none	-	-1	-	-	461	3.7194
377	fixed	2	T3	0dfa7fc3533697c4	1	1	512	-1	replay	none	0	none	-	-1	-	-	464	3.7311
378	fixed	2	T3	0dfa7fc3533697c4	1	1	512	-1	replay	none	0	none	-	-1	-	-	464	4.0151
379	fixed	2	T3	0dfa7fc3533697c4	1	1	512	-1	replay	none	0	none	-	-1	-	-	464	3.7723
380	fixed	2	T3	0dfa7fc3533697c4	1	1	512	-1	replay	none	0	none	-	-1	-	-	464	3.7302
381	fixed	2	T3	0dfa7fc3533697c4	1	1	512	-1	replay	none	0	none	-	-1	-	-	464	3.7419
382	fixed	2	T3	0dfa7fc3533697c4	1	1	512	-1	replay	none	0	none	-	-1	-	-	460	3.7326
383	fixed	2	T3	0dfa7fc3533697c4	1	1	512	-1	replay	none	0	none	-	-1	-	-	464	3.7433
384	fixed	2	T3	0dfa7fc3533697c4	1	1	512	-1	replay	none	0	none	-	-1	-	-	461	3.7147
385	fixed	2	T3	0dfa7fc3533697c4	1	1	512	-1	replay	none	0	none	-	-1	-	-	467	3.7354
386	fixed	2	T3	0dfa7fc3533697c4	1	1	512	-1	replay	none	0	none	-	-1	-	-	462	3.7323
387	fixed	2	T3	0dfa7fc3533697c4	1	1	512	-1	replay	none	0	none	-	-1	-	-	462	3.7022
388	fixed	2	T3	0dfa7fc3533697c4	1	1	512	-1	replay	none	0	none	-	-1	-	-	467	3.7297
389	fixed	2	T3	0dfa7fc3533697c4	1	1	512	-1	replay	none	0	none	-	-1	-	-	581	3.7350
390	fixed	2	T3	0dfa7fc3533697c4	1	1	512	-1	replay	none	0	none	-	-1	-	-	467	3.7224
391	fixed	2	T3	0dfa7fc3533697c4	1	1	512	-1	replay	none	0	none	-	-1	-	-	462	3.7237
392	fixed	3	T0	802ba1f19f5ea689	4	1	256	-1	direct	none	1	structure	shape,data	0	GET_ROWS	model.input_embed	2597	4.6247
393	fixed	3	T0	0dfa7fc3533697c4	1	1	512	-1	direct	none	0	structure	shape,data	0	GET_ROWS	model.input_embed	2229	4.1995
394	fixed	3	T0	0dfa7fc3533697c4	1	1	512	-1	capture	update	0	none	-	-1	-	-	1634	4.8977
395	fixed	3	T0	0dfa7fc3533697c4	1	1	512	-1	replay	none	0	none	-	-1	-	-	476	3.7339
396	fixed	3	T0	0dfa7fc3533697c4	1	1	512	-1	replay	none	0	none	-	-1	-	-	471	3.7198
397	fixed	3	T0	0dfa7fc3533697c4	1	1	512	-1	replay	none	0	none	-	-1	-	-	498	3.7257
398	fixed	3	T0	0dfa7fc3533697c4	1	1	512	-1	replay	none	0	none	-	-1	-	-	470	3.7398
399	fixed	3	T0	0dfa7fc3533697c4	1	1	512	-1	replay	none	0	none	-	-1	-	-	471	3.7395
400	fixed	3	T0	0dfa7fc3533697c4	1	1	512	-1	replay	none	0	none	-	-1	-	-	472	3.7195
401	fixed	3	T0	0dfa7fc3533697c4	1	1	512	-1	replay	none	0	none	-	-1	-	-	473	3.7424
402	fixed	3	T0	0dfa7fc3533697c4	1	1	512	-1	replay	none	0	none	-	-1	-	-	466	3.7235
403	fixed	3	T0	0dfa7fc3533697c4	1	1	512	-1	replay	none	0	none	-	-1	-	-	470	3.7358
404	fixed	3	T0	0dfa7fc3533697c4	1	1	512	-1	replay	none	0	none	-	-1	-	-	468	3.7233
405	fixed	3	T0	0dfa7fc3533697c4	1	1	512	-1	replay	none	0	none	-	-1	-	-	472	3.7296
406	fixed	3	T0	0dfa7fc3533697c4	1	1	512	-1	replay	none	0	none	-	-1	-	-	475	3.7281
407	fixed	3	T0	0dfa7fc3533697c4	1	1	512	-1	replay	none	0	none	-	-1	-	-	474	3.7187
408	fixed	3	T0	0dfa7fc3533697c4	1	1	512	-1	replay	none	0	none	-	-1	-	-	488	3.7274
409	fixed	3	T0	0dfa7fc3533697c4	1	1	512	-1	replay	none	0	none	-	-1	-	-	468	3.7245
410	fixed	3	T0	0dfa7fc3533697c4	1	1	512	-1	replay	none	0	none	-	-1	-	-	469	3.7376
411	fixed	3	T0	0dfa7fc3533697c4	1	1	512	-1	replay	none	0	none	-	-1	-	-	466	3.7042
412	fixed	3	T0	0dfa7fc3533697c4	1	1	512	-1	replay	none	0	none	-	-1	-	-	471	3.7469
413	fixed	3	T0	0dfa7fc3533697c4	1	1	512	-1	replay	none	0	none	-	-1	-	-	467	3.7251
414	fixed	3	T0	0dfa7fc3533697c4	1	1	512	-1	replay	none	0	none	-	-1	-	-	469	3.7226
415	fixed	3	T0	0dfa7fc3533697c4	1	1	512	-1	replay	none	0	none	-	-1	-	-	477	3.7299
416	fixed	3	T0	0dfa7fc3533697c4	1	1	512	-1	replay	none	0	none	-	-1	-	-	475	3.7329
417	fixed	3	T1	94dc22ce3d23b91b	2	1	512	-1	direct	none	1	structure	shape,data	0	GET_ROWS	model.input_embed	2567	4.5859
418	fixed	3	T1	d8f873be867a8271	251	0	256	-1	direct	none	0	structure	shape,data	0	GET_ROWS	model.input_embed	3044	15.9271
419	fixed	3	T1	79cc5f245f480542	2	1	512	-1	direct	none	0	structure	shape,data	0	GET_ROWS	model.input_embed	2629	4.5957
420	fixed	3	T1	bcd06391008a2d68	3	1	256	-1	direct	none	0	structure	shape,data	0	GET_ROWS	model.input_embed	2518	4.4803
421	fixed	3	T2	d702fd6fe588b6cb	2	2	512	-1	direct	none	0	structure	shape,data	0	GET_ROWS	model.input_embed	2496	4.5542
422	fixed	3	T2	d702fd6fe588b6cb	2	2	512	-1	capture	reinstantiate	0	none	-	-1	-	-	2569	6.1318
423	fixed	3	T2	d702fd6fe588b6cb	2	2	512	-1	replay	none	0	none	-	-1	-	-	473	4.0292
424	fixed	3	T2	d702fd6fe588b6cb	2	2	512	-1	replay	none	0	none	-	-1	-	-	468	4.0417
425	fixed	3	T2	d702fd6fe588b6cb	2	2	512	-1	replay	none	0	none	-	-1	-	-	472	4.0155
426	fixed	3	T2	d702fd6fe588b6cb	2	2	512	-1	replay	none	0	none	-	-1	-	-	559	4.0377
427	fixed	3	T2	d702fd6fe588b6cb	2	2	512	-1	replay	none	0	none	-	-1	-	-	472	4.0324
428	fixed	3	T2	d702fd6fe588b6cb	2	2	512	-1	replay	none	0	none	-	-1	-	-	474	4.0257
429	fixed	3	T2	d702fd6fe588b6cb	2	2	512	-1	replay	none	0	none	-	-1	-	-	472	4.0291
430	fixed	3	T2	d702fd6fe588b6cb	2	2	512	-1	replay	none	0	none	-	-1	-	-	473	4.0121
431	fixed	3	T2	d702fd6fe588b6cb	2	2	512	-1	replay	none	0	none	-	-1	-	-	474	4.0093
432	fixed	3	T2	d702fd6fe588b6cb	2	2	512	-1	replay	none	0	none	-	-1	-	-	474	4.0402
433	fixed	3	T2	d702fd6fe588b6cb	2	2	512	-1	replay	none	0	none	-	-1	-	-	469	4.0376
434	fixed	3	T2	d702fd6fe588b6cb	2	2	512	-1	replay	none	0	none	-	-1	-	-	467	4.0311
435	fixed	3	T2	d702fd6fe588b6cb	2	2	512	-1	replay	none	0	none	-	-1	-	-	470	4.0238
436	fixed	3	T2	d702fd6fe588b6cb	2	2	512	-1	replay	none	0	none	-	-1	-	-	470	4.0143
437	fixed	3	T2	d702fd6fe588b6cb	2	2	512	-1	replay	none	0	none	-	-1	-	-	467	4.0424
438	fixed	3	T2	d702fd6fe588b6cb	2	2	512	-1	replay	none	0	none	-	-1	-	-	469	4.0239
439	fixed	3	T2	d702fd6fe588b6cb	2	2	512	-1	replay	none	0	none	-	-1	-	-	469	4.0203
440	fixed	3	T2	d702fd6fe588b6cb	2	2	512	-1	replay	none	0	none	-	-1	-	-	471	4.0281
441	fixed	3	T2	d702fd6fe588b6cb	2	2	512	-1	replay	none	0	none	-	-1	-	-	468	4.0162
442	fixed	3	T2	d702fd6fe588b6cb	2	2	512	-1	replay	none	0	none	-	-1	-	-	468	4.0220
443	fixed	3	T2	d702fd6fe588b6cb	2	2	512	-1	replay	none	0	none	-	-1	-	-	468	4.0267
444	fixed	3	T2	d702fd6fe588b6cb	2	2	512	-1	replay	none	0	none	-	-1	-	-	468	4.0255
445	fixed	3	T2	d702fd6fe588b6cb	2	2	512	-1	replay	none	0	none	-	-1	-	-	470	4.0313
446	fixed	3	T2	d702fd6fe588b6cb	2	2	512	-1	replay	none	0	none	-	-1	-	-	468	3.9998
447	fixed	3	T2	d702fd6fe588b6cb	2	2	512	-1	replay	none	0	none	-	-1	-	-	469	4.0181
448	fixed	3	T2	d702fd6fe588b6cb	2	2	512	-1	replay	none	0	none	-	-1	-	-	465	4.0382
449	fixed	3	T2	d702fd6fe588b6cb	2	2	512	-1	replay	none	0	none	-	-1	-	-	466	4.0193
450	fixed	3	T2	d702fd6fe588b6cb	2	2	512	-1	replay	none	0	none	-	-1	-	-	466	4.0428
451	fixed	3	T2	d702fd6fe588b6cb	2	2	512	-1	replay	none	0	none	-	-1	-	-	465	4.0154
452	fixed	3	T3	0dfa7fc3533697c4	1	1	512	-1	direct	none	1	structure	shape,data	0	GET_ROWS	model.input_embed	2264	4.3542
453	fixed	3	T3	0dfa7fc3533697c4	1	1	512	-1	capture	reinstantiate	0	none	-	-1	-	-	2443	5.6404
454	fixed	3	T3	0dfa7fc3533697c4	1	1	512	-1	replay	none	0	none	-	-1	-	-	474	4.0158
455	fixed	3	T3	0dfa7fc3533697c4	1	1	512	-1	replay	none	0	none	-	-1	-	-	468	3.7587
456	fixed	3	T3	0dfa7fc3533697c4	1	1	512	-1	replay	none	0	none	-	-1	-	-	468	3.7414
457	fixed	3	T3	0dfa7fc3533697c4	1	1	512	-1	replay	none	0	none	-	-1	-	-	465	3.7098
458	fixed	3	T3	0dfa7fc3533697c4	1	1	512	-1	replay	none	0	none	-	-1	-	-	467	3.7470
459	fixed	3	T3	0dfa7fc3533697c4	1	1	512	-1	replay	none	0	none	-	-1	-	-	465	3.7306
460	fixed	3	T3	0dfa7fc3533697c4	1	1	512	-1	replay	none	0	none	-	-1	-	-	466	3.7299
461	fixed	3	T3	0dfa7fc3533697c4	1	1	512	-1	replay	none	0	none	-	-1	-	-	465	3.7244
462	fixed	3	T3	0dfa7fc3533697c4	1	1	512	-1	replay	none	0	none	-	-1	-	-	466	3.7379
463	fixed	3	T3	0dfa7fc3533697c4	1	1	512	-1	replay	none	0	none	-	-1	-	-	468	3.7237
464	fixed	3	T3	0dfa7fc3533697c4	1	1	512	-1	replay	none	0	none	-	-1	-	-	467	3.7287
465	fixed	3	T3	0dfa7fc3533697c4	1	1	512	-1	replay	none	0	none	-	-1	-	-	467	3.7513
466	fixed	3	T3	0dfa7fc3533697c4	1	1	512	-1	replay	none	0	none	-	-1	-	-	469	3.7346
467	fixed	3	T3	0dfa7fc3533697c4	1	1	512	-1	replay	none	0	none	-	-1	-	-	466	3.7399
468	fixed	3	T3	0dfa7fc3533697c4	1	1	512	-1	replay	none	0	none	-	-1	-	-	467	3.7281
469	fixed	3	T3	0dfa7fc3533697c4	1	1	512	-1	replay	none	0	none	-	-1	-	-	465	3.7540
470	fixed	3	T3	0dfa7fc3533697c4	1	1	512	-1	replay	none	0	none	-	-1	-	-	467	3.7373
471	fixed	3	T3	0dfa7fc3533697c4	1	1	512	-1	replay	none	0	none	-	-1	-	-	469	3.7184
472	fixed	3	T3	0dfa7fc3533697c4	1	1	512	-1	replay	none	0	none	-	-1	-	-	469	3.7352
473	fixed	3	T3	0dfa7fc3533697c4	1	1	512	-1	replay	none	0	none	-	-1	-	-	466	3.7387
474	fixed	3	T3	0dfa7fc3533697c4	1	1	512	-1	replay	none	0	none	-	-1	-	-	467	3.7284
475	fixed	3	T3	0dfa7fc3533697c4	1	1	512	-1	replay	none	0	none	-	-1	-	-	468	3.7194
476	fixed	3	T3	0dfa7fc3533697c4	1	1	512	-1	replay	none	0	none	-	-1	-	-	466	3.7527
477	fixed	3	T3	0dfa7fc3533697c4	1	1	512	-1	replay	none	0	none	-	-1	-	-	470	3.7164
478	fixed	3	T3	0dfa7fc3533697c4	1	1	512	-1	replay	none	0	none	-	-1	-	-	466	3.7284
479	fixed	3	T3	0dfa7fc3533697c4	1	1	512	-1	replay	none	0	none	-	-1	-	-	467	3.7246
480	fixed	3	T3	0dfa7fc3533697c4	1	1	512	-1	replay	none	0	none	-	-1	-	-	465	3.7208
481	fixed	3	T3	0dfa7fc3533697c4	1	1	512	-1	replay	none	0	none	-	-1	-	-	468	3.7270
482	fixed	3	T3	0dfa7fc3533697c4	1	1	512	-1	replay	none	0	none	-	-1	-	-	465	3.7181
483	fixed	3	T3	0dfa7fc3533697c4	1	1	512	-1	replay	none	0	none	-	-1	-	-	468	3.7298
484	fixed	3	T3	0dfa7fc3533697c4	1	1	512	-1	replay	none	0	none	-	-1	-	-	464	3.7339
485	fixed	3	T3	0dfa7fc3533697c4	1	1	512	-1	replay	none	0	none	-	-1	-	-	467	3.7331
486	fixed	3	T3	0dfa7fc3533697c4	1	1	512	-1	replay	none	0	none	-	-1	-	-	464	3.7173
487	fixed	3	T3	0dfa7fc3533697c4	1	1	512	-1	replay	none	0	none	-	-1	-	-	467	3.7544
488	fixed	3	T3	0dfa7fc3533697c4	1	1	512	-1	replay	none	0	none	-	-1	-	-	467	3.7271
489	fixed	3	T3	0dfa7fc3533697c4	1	1	512	-1	replay	none	0	none	-	-1	-	-	469	3.7318
490	fixed	3	T3	0dfa7fc3533697c4	1	1	512	-1	replay	none	0	none	-	-1	-	-	465	3.7288
491	fixed	3	T3	0dfa7fc3533697c4	1	1	512	-1	replay	none	0	none	-	-1	-	-	468	3.7282
492	fixed	3	T3	0dfa7fc3533697c4	1	1	512	-1	replay	none	0	none	-	-1	-	-	464	3.7395
493	fixed	3	T3	0dfa7fc3533697c4	1	1	512	-1	replay	none	0	none	-	-1	-	-	467	3.7254
494	fixed	3	T3	0dfa7fc3533697c4	1	1	512	-1	replay	none	0	none	-	-1	-	-	466	3.7432
495	fixed	3	T3	0dfa7fc3533697c4	1	1	512	-1	replay	none	0	none	-	-1	-	-	468	3.7314
496	fixed	3	T3	0dfa7fc3533697c4	1	1	512	-1	replay	none	0	none	-	-1	-	-	464	3.7391
497	fixed	3	T3	0dfa7fc3533697c4	1	1	512	-1	replay	none	0	none	-	-1	-	-	467	3.7143
498	fixed	3	T3	0dfa7fc3533697c4	1	1	512	-1	replay	none	0	none	-	-1	-	-	464	3.7347
499	fixed	3	T3	0dfa7fc3533697c4	1	1	512	-1	replay	none	0	none	-	-1	-	-	470	3.7348
500	fixed	3	T3	0dfa7fc3533697c4	1	1	512	-1	replay	none	0	none	-	-1	-	-	464	3.7069
501	fixed	3	T3	0dfa7fc3533697c4	1	1	512	-1	replay	none	0	none	-	-1	-	-	467	3.7300
502	fixed	3	T3	0dfa7fc3533697c4	1	1	512	-1	replay	none	0	none	-	-1	-	-	463	3.7262
503	fixed	3	T3	0dfa7fc3533697c4	1	1	512	-1	replay	none	0	none	-	-1	-	-	467	3.7373
504	fixed	3	T3	0dfa7fc3533697c4	1	1	512	-1	replay	none	0	none	-	-1	-	-	464	3.7253
505	fixed	3	T3	0dfa7fc3533697c4	1	1	512	-1	replay	none	0	none	-	-1	-	-	473	3.7493
506	fixed	3	T3	0dfa7fc3533697c4	1	1	512	-1	replay	none	0	none	-	-1	-	-	469	3.7286
507	fixed	3	T3	0dfa7fc3533697c4	1	1	512	-1	replay	none	0	none	-	-1	-	-	467	3.7313
508	fixed	3	T3	0dfa7fc3533697c4	1	1	512	-1	replay	none	0	none	-	-1	-	-	467	3.7279
509	fixed	3	T3	0dfa7fc3533697c4	1	1	512	-1	replay	none	0	none	-	-1	-	-	465	3.7319
510	fixed	3	T3	0dfa7fc3533697c4	1	1	512	-1	replay	none	0	none	-	-1	-	-	468	3.7393
511	fixed	3	T3	0dfa7fc3533697c4	1	1	512	-1	replay	none	0	none	-	-1	-	-	465	3.7191
512	fixed	3	T3	0dfa7fc3533697c4	1	1	512	-1	replay	none	0	none	-	-1	-	-	467	3.7506
513	fixed	3	T3	0dfa7fc3533697c4	1	1	512	-1	replay	none	0	none	-	-1	-	-	464	3.7349
514	fixed	3	T3	0dfa7fc3533697c4	1	1	512	-1	replay	none	0	none	-	-1	-	-	466	3.7428
515	fixed	3	T3	0dfa7fc3533697c4	1	1	512	-1	replay	none	0	none	-	-1	-	-	473	3.7281
516	fixed	3	T3	0dfa7fc3533697c4	1	1	512	-1	replay	none	0	none	-	-1	-	-	474	3.7530
517	fixed	3	T3	0dfa7fc3533697c4	1	1	512	-1	replay	none	0	none	-	-1	-	-	467	3.7152
518	fixed	3	T3	0dfa7fc3533697c4	1	1	512	-1	replay	none	0	none	-	-1	-	-	473	3.7208
519	fixed	3	T3	0dfa7fc3533697c4	1	1	512	-1	replay	none	0	none	-	-1	-	-	471	3.9361
520	fixed	3	T3	0dfa7fc3533697c4	1	1	512	-1	replay	none	0	none	-	-1	-	-	470	3.7251
521	fixed	3	T3	0dfa7fc3533697c4	1	1	512	-1	replay	none	0	none	-	-1	-	-	470	3.7539
522	fixed	4	T0	802ba1f19f5ea689	4	1	256	-1	direct	none	1	structure	shape,data	0	GET_ROWS	model.input_embed	2576	4.6388
523	fixed	4	T0	0dfa7fc3533697c4	1	1	512	-1	direct	none	0	structure	shape,data	0	GET_ROWS	model.input_embed	2187	4.1723
524	fixed	4	T0	0dfa7fc3533697c4	1	1	512	-1	capture	update	0	none	-	-1	-	-	1662	4.8906
525	fixed	4	T0	0dfa7fc3533697c4	1	1	512	-1	replay	none	0	none	-	-1	-	-	475	3.7426
526	fixed	4	T0	0dfa7fc3533697c4	1	1	512	-1	replay	none	0	none	-	-1	-	-	475	3.7291
527	fixed	4	T0	0dfa7fc3533697c4	1	1	512	-1	replay	none	0	none	-	-1	-	-	474	3.7377
528	fixed	4	T0	0dfa7fc3533697c4	1	1	512	-1	replay	none	0	none	-	-1	-	-	475	3.7233
529	fixed	4	T0	0dfa7fc3533697c4	1	1	512	-1	replay	none	0	none	-	-1	-	-	470	3.7318
530	fixed	4	T0	0dfa7fc3533697c4	1	1	512	-1	replay	none	0	none	-	-1	-	-	477	3.7171
531	fixed	4	T0	0dfa7fc3533697c4	1	1	512	-1	replay	none	0	none	-	-1	-	-	475	3.7239
532	fixed	4	T0	0dfa7fc3533697c4	1	1	512	-1	replay	none	0	none	-	-1	-	-	472	3.8850
533	fixed	4	T0	0dfa7fc3533697c4	1	1	512	-1	replay	none	0	none	-	-1	-	-	472	3.7428
534	fixed	4	T0	0dfa7fc3533697c4	1	1	512	-1	replay	none	0	none	-	-1	-	-	469	3.7266
535	fixed	4	T0	0dfa7fc3533697c4	1	1	512	-1	replay	none	0	none	-	-1	-	-	470	3.7180
536	fixed	4	T0	0dfa7fc3533697c4	1	1	512	-1	replay	none	0	none	-	-1	-	-	470	3.7441
537	fixed	4	T0	0dfa7fc3533697c4	1	1	512	-1	replay	none	0	none	-	-1	-	-	471	3.7331
538	fixed	4	T0	0dfa7fc3533697c4	1	1	512	-1	replay	none	0	none	-	-1	-	-	468	3.7259
539	fixed	4	T0	0dfa7fc3533697c4	1	1	512	-1	replay	none	0	none	-	-1	-	-	470	3.7255
540	fixed	4	T0	0dfa7fc3533697c4	1	1	512	-1	replay	none	0	none	-	-1	-	-	468	3.7423
541	fixed	4	T0	0dfa7fc3533697c4	1	1	512	-1	replay	none	0	none	-	-1	-	-	473	3.7232
542	fixed	4	T0	0dfa7fc3533697c4	1	1	512	-1	replay	none	0	none	-	-1	-	-	468	3.7196
543	fixed	4	T0	0dfa7fc3533697c4	1	1	512	-1	replay	none	0	none	-	-1	-	-	471	3.7312
544	fixed	4	T0	0dfa7fc3533697c4	1	1	512	-1	replay	none	0	none	-	-1	-	-	468	3.7192
545	fixed	4	T0	0dfa7fc3533697c4	1	1	512	-1	replay	none	0	none	-	-1	-	-	471	3.7246
546	fixed	4	T0	0dfa7fc3533697c4	1	1	512	-1	replay	none	0	none	-	-1	-	-	468	3.7245
547	fixed	4	T1	94dc22ce3d23b91b	2	1	512	-1	direct	none	1	structure	shape,data	0	GET_ROWS	model.input_embed	2603	4.5952
548	fixed	4	T1	d8f873be867a8271	251	0	256	-1	direct	none	0	structure	shape,data	0	GET_ROWS	model.input_embed	3070	15.9386
549	fixed	4	T1	79cc5f245f480542	2	1	512	-1	direct	none	0	structure	shape,data	0	GET_ROWS	model.input_embed	2503	4.5732
550	fixed	4	T1	bcd06391008a2d68	3	1	256	-1	direct	none	0	structure	shape,data	0	GET_ROWS	model.input_embed	2520	4.5144
551	fixed	4	T2	d702fd6fe588b6cb	2	2	512	-1	direct	none	0	structure	shape,data	0	GET_ROWS	model.input_embed	2500	4.5662
552	fixed	4	T2	d702fd6fe588b6cb	2	2	512	-1	capture	reinstantiate	0	none	-	-1	-	-	2604	6.1531
553	fixed	4	T2	d702fd6fe588b6cb	2	2	512	-1	replay	none	0	none	-	-1	-	-	475	4.0439
554	fixed	4	T2	d702fd6fe588b6cb	2	2	512	-1	replay	none	0	none	-	-1	-	-	476	4.0142
555	fixed	4	T2	d702fd6fe588b6cb	2	2	512	-1	replay	none	0	none	-	-1	-	-	472	4.0314
556	fixed	4	T2	d702fd6fe588b6cb	2	2	512	-1	replay	none	0	none	-	-1	-	-	471	4.0212
557	fixed	4	T2	d702fd6fe588b6cb	2	2	512	-1	replay	none	0	none	-	-1	-	-	479	4.0233
558	fixed	4	T2	d702fd6fe588b6cb	2	2	512	-1	replay	none	0	none	-	-1	-	-	471	4.0416
559	fixed	4	T2	d702fd6fe588b6cb	2	2	512	-1	replay	none	0	none	-	-1	-	-	473	4.0281
560	fixed	4	T2	d702fd6fe588b6cb	2	2	512	-1	replay	none	0	none	-	-1	-	-	471	4.0382
561	fixed	4	T2	d702fd6fe588b6cb	2	2	512	-1	replay	none	0	none	-	-1	-	-	469	4.0354
562	fixed	4	T2	d702fd6fe588b6cb	2	2	512	-1	replay	none	0	none	-	-1	-	-	475	4.0218
563	fixed	4	T2	d702fd6fe588b6cb	2	2	512	-1	replay	none	0	none	-	-1	-	-	472	4.0310
564	fixed	4	T2	d702fd6fe588b6cb	2	2	512	-1	replay	none	0	none	-	-1	-	-	474	4.0338
565	fixed	4	T2	d702fd6fe588b6cb	2	2	512	-1	replay	none	0	none	-	-1	-	-	472	4.0107
566	fixed	4	T2	d702fd6fe588b6cb	2	2	512	-1	replay	none	0	none	-	-1	-	-	471	4.0329
567	fixed	4	T2	d702fd6fe588b6cb	2	2	512	-1	replay	none	0	none	-	-1	-	-	472	4.0154
568	fixed	4	T2	d702fd6fe588b6cb	2	2	512	-1	replay	none	0	none	-	-1	-	-	472	4.0289
569	fixed	4	T2	d702fd6fe588b6cb	2	2	512	-1	replay	none	0	none	-	-1	-	-	471	4.0352
570	fixed	4	T2	d702fd6fe588b6cb	2	2	512	-1	replay	none	0	none	-	-1	-	-	523	4.0220
571	fixed	4	T2	d702fd6fe588b6cb	2	2	512	-1	replay	none	0	none	-	-1	-	-	471	4.0432
572	fixed	4	T2	d702fd6fe588b6cb	2	2	512	-1	replay	none	0	none	-	-1	-	-	468	4.0178
573	fixed	4	T2	d702fd6fe588b6cb	2	2	512	-1	replay	none	0	none	-	-1	-	-	467	4.0232
574	fixed	4	T2	d702fd6fe588b6cb	2	2	512	-1	replay	none	0	none	-	-1	-	-	467	4.0429
575	fixed	4	T2	d702fd6fe588b6cb	2	2	512	-1	replay	none	0	none	-	-1	-	-	467	4.0285
576	fixed	4	T2	d702fd6fe588b6cb	2	2	512	-1	replay	none	0	none	-	-1	-	-	467	4.0138
577	fixed	4	T2	d702fd6fe588b6cb	2	2	512	-1	replay	none	0	none	-	-1	-	-	479	4.0341
578	fixed	4	T2	d702fd6fe588b6cb	2	2	512	-1	replay	none	0	none	-	-1	-	-	470	4.0198
579	fixed	4	T2	d702fd6fe588b6cb	2	2	512	-1	replay	none	0	none	-	-1	-	-	470	4.0375
580	fixed	4	T2	d702fd6fe588b6cb	2	2	512	-1	replay	none	0	none	-	-1	-	-	469	4.0141
581	fixed	4	T2	d702fd6fe588b6cb	2	2	512	-1	replay	none	0	none	-	-1	-	-	470	4.0251
582	fixed	4	T3	0dfa7fc3533697c4	1	1	512	-1	direct	none	1	structure	shape,data	0	GET_ROWS	model.input_embed	2243	4.2161
583	fixed	4	T3	0dfa7fc3533697c4	1	1	512	-1	capture	reinstantiate	0	none	-	-1	-	-	2529	5.7712
584	fixed	4	T3	0dfa7fc3533697c4	1	1	512	-1	replay	none	0	none	-	-1	-	-	475	3.7167
585	fixed	4	T3	0dfa7fc3533697c4	1	1	512	-1	replay	none	0	none	-	-1	-	-	472	3.7399
586	fixed	4	T3	0dfa7fc3533697c4	1	1	512	-1	replay	none	0	none	-	-1	-	-	469	3.7382
587	fixed	4	T3	0dfa7fc3533697c4	1	1	512	-1	replay	none	0	none	-	-1	-	-	468	3.7323
588	fixed	4	T3	0dfa7fc3533697c4	1	1	512	-1	replay	none	0	none	-	-1	-	-	469	3.7182
589	fixed	4	T3	0dfa7fc3533697c4	1	1	512	-1	replay	none	0	none	-	-1	-	-	465	3.7498
590	fixed	4	T3	0dfa7fc3533697c4	1	1	512	-1	replay	none	0	none	-	-1	-	-	465	3.7164
591	fixed	4	T3	0dfa7fc3533697c4	1	1	512	-1	replay	none	0	none	-	-1	-	-	465	3.7282
592	fixed	4	T3	0dfa7fc3533697c4	1	1	512	-1	replay	none	0	none	-	-1	-	-	466	3.7229
593	fixed	4	T3	0dfa7fc3533697c4	1	1	512	-1	replay	none	0	none	-	-1	-	-	468	3.7228
594	fixed	4	T3	0dfa7fc3533697c4	1	1	512	-1	replay	none	0	none	-	-1	-	-	465	3.7315
595	fixed	4	T3	0dfa7fc3533697c4	1	1	512	-1	replay	none	0	none	-	-1	-	-	589	3.7236
596	fixed	4	T3	0dfa7fc3533697c4	1	1	512	-1	replay	none	0	none	-	-1	-	-	471	3.7279
597	fixed	4	T3	0dfa7fc3533697c4	1	1	512	-1	replay	none	0	none	-	-1	-	-	470	3.7314
598	fixed	4	T3	0dfa7fc3533697c4	1	1	512	-1	replay	none	0	none	-	-1	-	-	475	3.7343
599	fixed	4	T3	0dfa7fc3533697c4	1	1	512	-1	replay	none	0	none	-	-1	-	-	468	3.7178
600	fixed	4	T3	0dfa7fc3533697c4	1	1	512	-1	replay	none	0	none	-	-1	-	-	464	3.7495
601	fixed	4	T3	0dfa7fc3533697c4	1	1	512	-1	replay	none	0	none	-	-1	-	-	467	3.7331
602	fixed	4	T3	0dfa7fc3533697c4	1	1	512	-1	replay	none	0	none	-	-1	-	-	464	3.7364
603	fixed	4	T3	0dfa7fc3533697c4	1	1	512	-1	replay	none	0	none	-	-1	-	-	468	3.7281
604	fixed	4	T3	0dfa7fc3533697c4	1	1	512	-1	replay	none	0	none	-	-1	-	-	464	3.7351
605	fixed	4	T3	0dfa7fc3533697c4	1	1	512	-1	replay	none	0	none	-	-1	-	-	466	3.7432
606	fixed	4	T3	0dfa7fc3533697c4	1	1	512	-1	replay	none	0	none	-	-1	-	-	465	3.7254
607	fixed	4	T3	0dfa7fc3533697c4	1	1	512	-1	replay	none	0	none	-	-1	-	-	467	3.7419
608	fixed	4	T3	0dfa7fc3533697c4	1	1	512	-1	replay	none	0	none	-	-1	-	-	464	3.7319
609	fixed	4	T3	0dfa7fc3533697c4	1	1	512	-1	replay	none	0	none	-	-1	-	-	473	3.7498
610	fixed	4	T3	0dfa7fc3533697c4	1	1	512	-1	replay	none	0	none	-	-1	-	-	470	3.7220
611	fixed	4	T3	0dfa7fc3533697c4	1	1	512	-1	replay	none	0	none	-	-1	-	-	465	3.7398
612	fixed	4	T3	0dfa7fc3533697c4	1	1	512	-1	replay	none	0	none	-	-1	-	-	465	3.7362
613	fixed	4	T3	0dfa7fc3533697c4	1	1	512	-1	replay	none	0	none	-	-1	-	-	464	3.7123
614	fixed	4	T3	0dfa7fc3533697c4	1	1	512	-1	replay	none	0	none	-	-1	-	-	466	3.7286
615	fixed	4	T3	0dfa7fc3533697c4	1	1	512	-1	replay	none	0	none	-	-1	-	-	464	3.7310
616	fixed	4	T3	0dfa7fc3533697c4	1	1	512	-1	replay	none	0	none	-	-1	-	-	465	3.7243
617	fixed	4	T3	0dfa7fc3533697c4	1	1	512	-1	replay	none	0	none	-	-1	-	-	463	3.7246
618	fixed	4	T3	0dfa7fc3533697c4	1	1	512	-1	replay	none	0	none	-	-1	-	-	467	3.7557
619	fixed	4	T3	0dfa7fc3533697c4	1	1	512	-1	replay	none	0	none	-	-1	-	-	468	3.7232
620	fixed	4	T3	0dfa7fc3533697c4	1	1	512	-1	replay	none	0	none	-	-1	-	-	474	3.7333
621	fixed	4	T3	0dfa7fc3533697c4	1	1	512	-1	replay	none	0	none	-	-1	-	-	476	3.7299
622	fixed	4	T3	0dfa7fc3533697c4	1	1	512	-1	replay	none	0	none	-	-1	-	-	468	3.7312
623	fixed	4	T3	0dfa7fc3533697c4	1	1	512	-1	replay	none	0	none	-	-1	-	-	466	3.7414
624	fixed	4	T3	0dfa7fc3533697c4	1	1	512	-1	replay	none	0	none	-	-1	-	-	467	3.7188
625	fixed	4	T3	0dfa7fc3533697c4	1	1	512	-1	replay	none	0	none	-	-1	-	-	465	3.7434
626	fixed	4	T3	0dfa7fc3533697c4	1	1	512	-1	replay	none	0	none	-	-1	-	-	468	3.7380
627	fixed	4	T3	0dfa7fc3533697c4	1	1	512	-1	replay	none	0	none	-	-1	-	-	466	3.7463
628	fixed	4	T3	0dfa7fc3533697c4	1	1	512	-1	replay	none	0	none	-	-1	-	-	466	3.7243
629	fixed	4	T3	0dfa7fc3533697c4	1	1	512	-1	replay	none	0	none	-	-1	-	-	466	3.7548
630	fixed	4	T3	0dfa7fc3533697c4	1	1	512	-1	replay	none	0	none	-	-1	-	-	464	3.7204
631	fixed	4	T3	0dfa7fc3533697c4	1	1	512	-1	replay	none	0	none	-	-1	-	-	479	3.7278
632	fixed	4	T3	0dfa7fc3533697c4	1	1	512	-1	replay	none	0	none	-	-1	-	-	467	3.7286
633	fixed	4	T3	0dfa7fc3533697c4	1	1	512	-1	replay	none	0	none	-	-1	-	-	467	3.7213
634	fixed	4	T3	0dfa7fc3533697c4	1	1	512	-1	replay	none	0	none	-	-1	-	-	464	3.7229
635	fixed	4	T3	0dfa7fc3533697c4	1	1	512	-1	replay	none	0	none	-	-1	-	-	466	3.7204
636	fixed	4	T3	0dfa7fc3533697c4	1	1	512	-1	replay	none	0	none	-	-1	-	-	466	3.7412
637	fixed	4	T3	0dfa7fc3533697c4	1	1	512	-1	replay	none	0	none	-	-1	-	-	467	3.7309
638	fixed	4	T3	0dfa7fc3533697c4	1	1	512	-1	replay	none	0	none	-	-1	-	-	464	3.7301
639	fixed	4	T3	0dfa7fc3533697c4	1	1	512	-1	replay	none	0	none	-	-1	-	-	467	3.7691
640	fixed	4	T3	0dfa7fc3533697c4	1	1	512	-1	replay	none	0	none	-	-1	-	-	465	3.7343
641	fixed	4	T3	0dfa7fc3533697c4	1	1	512	-1	replay	none	0	none	-	-1	-	-	467	3.7312
642	fixed	4	T3	0dfa7fc3533697c4	1	1	512	-1	replay	none	0	none	-	-1	-	-	472	3.7099
643	fixed	4	T3	0dfa7fc3533697c4	1	1	512	-1	replay	none	0	none	-	-1	-	-	469	3.7346
644	fixed	4	T3	0dfa7fc3533697c4	1	1	512	-1	replay	none	0	none	-	-1	-	-	464	3.7310
645	fixed	4	T3	0dfa7fc3533697c4	1	1	512	-1	replay	none	0	none	-	-1	-	-	467	3.7474
646	fixed	4	T3	0dfa7fc3533697c4	1	1	512	-1	replay	none	0	none	-	-1	-	-	464	3.7234
647	fixed	4	T3	0dfa7fc3533697c4	1	1	512	-1	replay	none	0	none	-	-1	-	-	466	3.7567
648	fixed	4	T3	0dfa7fc3533697c4	1	1	512	-1	replay	none	0	none	-	-1	-	-	464	3.7317
649	fixed	4	T3	0dfa7fc3533697c4	1	1	512	-1	replay	none	0	none	-	-1	-	-	466	3.7312
650	fixed	4	T3	0dfa7fc3533697c4	1	1	512	-1	replay	none	0	none	-	-1	-	-	463	3.7212
651	fixed	4	T3	0dfa7fc3533697c4	1	1	512	-1	replay	none	0	none	-	-1	-	-	466	3.7318
652	fixed	5	T0	802ba1f19f5ea689	4	1	256	-1	direct	none	1	structure	shape,data	0	GET_ROWS	model.input_embed	2577	4.6200
653	fixed	5	T0	0dfa7fc3533697c4	1	1	512	-1	direct	none	0	structure	shape,data	0	GET_ROWS	model.input_embed	2188	4.1852
654	fixed	5	T0	0dfa7fc3533697c4	1	1	512	-1	capture	update	0	none	-	-1	-	-	1653	4.9067
655	fixed	5	T0	0dfa7fc3533697c4	1	1	512	-1	replay	none	0	none	-	-1	-	-	474	3.7176
656	fixed	5	T0	0dfa7fc3533697c4	1	1	512	-1	replay	none	0	none	-	-1	-	-	471	3.7324
657	fixed	5	T0	0dfa7fc3533697c4	1	1	512	-1	replay	none	0	none	-	-1	-	-	470	3.7204
658	fixed	5	T0	0dfa7fc3533697c4	1	1	512	-1	replay	none	0	none	-	-1	-	-	472	3.7330
659	fixed	5	T0	0dfa7fc3533697c4	1	1	512	-1	replay	none	0	none	-	-1	-	-	472	3.7245
660	fixed	5	T0	0dfa7fc3533697c4	1	1	512	-1	replay	none	0	none	-	-1	-	-	472	3.7404
661	fixed	5	T0	0dfa7fc3533697c4	1	1	512	-1	replay	none	0	none	-	-1	-	-	477	3.7311
662	fixed	5	T0	0dfa7fc3533697c4	1	1	512	-1	replay	none	0	none	-	-1	-	-	474	3.7256
663	fixed	5	T0	0dfa7fc3533697c4	1	1	512	-1	replay	none	0	none	-	-1	-	-	474	3.7142
664	fixed	5	T0	0dfa7fc3533697c4	1	1	512	-1	replay	none	0	none	-	-1	-	-	473	3.7324
665	fixed	5	T0	0dfa7fc3533697c4	1	1	512	-1	replay	none	0	none	-	-1	-	-	469	3.7331
666	fixed	5	T0	0dfa7fc3533697c4	1	1	512	-1	replay	none	0	none	-	-1	-	-	472	3.7029
667	fixed	5	T0	0dfa7fc3533697c4	1	1	512	-1	replay	none	0	none	-	-1	-	-	471	3.7378
668	fixed	5	T0	0dfa7fc3533697c4	1	1	512	-1	replay	none	0	none	-	-1	-	-	472	3.7277
669	fixed	5	T0	0dfa7fc3533697c4	1	1	512	-1	replay	none	0	none	-	-1	-	-	469	3.7404
670	fixed	5	T0	0dfa7fc3533697c4	1	1	512	-1	replay	none	0	none	-	-1	-	-	474	3.7275
671	fixed	5	T0	0dfa7fc3533697c4	1	1	512	-1	replay	none	0	none	-	-1	-	-	469	3.7401
672	fixed	5	T0	0dfa7fc3533697c4	1	1	512	-1	replay	none	0	none	-	-1	-	-	471	3.7324
673	fixed	5	T0	0dfa7fc3533697c4	1	1	512	-1	replay	none	0	none	-	-1	-	-	469	3.7258
674	fixed	5	T0	0dfa7fc3533697c4	1	1	512	-1	replay	none	0	none	-	-1	-	-	474	3.7364
675	fixed	5	T0	0dfa7fc3533697c4	1	1	512	-1	replay	none	0	none	-	-1	-	-	469	3.7335
676	fixed	5	T0	0dfa7fc3533697c4	1	1	512	-1	replay	none	0	none	-	-1	-	-	472	3.7303
677	fixed	5	T1	94dc22ce3d23b91b	2	1	512	-1	direct	none	1	structure	shape,data	0	GET_ROWS	model.input_embed	2623	4.6180
678	fixed	5	T1	d8f873be867a8271	251	0	256	-1	direct	none	0	structure	shape,data	0	GET_ROWS	model.input_embed	3078	15.9238
679	fixed	5	T1	79cc5f245f480542	2	1	512	-1	direct	none	0	structure	shape,data	0	GET_ROWS	model.input_embed	2462	4.5640
680	fixed	5	T1	bcd06391008a2d68	3	1	256	-1	direct	none	0	structure	shape,data	0	GET_ROWS	model.input_embed	2695	4.4940
681	fixed	5	T2	d702fd6fe588b6cb	2	2	512	-1	direct	none	0	structure	shape,data	0	GET_ROWS	model.input_embed	2463	4.5434
682	fixed	5	T2	d702fd6fe588b6cb	2	2	512	-1	capture	reinstantiate	0	none	-	-1	-	-	2927	6.4733
683	fixed	5	T2	d702fd6fe588b6cb	2	2	512	-1	replay	none	0	none	-	-1	-	-	476	4.0201
684	fixed	5	T2	d702fd6fe588b6cb	2	2	512	-1	replay	none	0	none	-	-1	-	-	472	4.0126
685	fixed	5	T2	d702fd6fe588b6cb	2	2	512	-1	replay	none	0	none	-	-1	-	-	470	4.0316
686	fixed	5	T2	d702fd6fe588b6cb	2	2	512	-1	replay	none	0	none	-	-1	-	-	477	4.0203
687	fixed	5	T2	d702fd6fe588b6cb	2	2	512	-1	replay	none	0	none	-	-1	-	-	473	4.0300
688	fixed	5	T2	d702fd6fe588b6cb	2	2	512	-1	replay	none	0	none	-	-1	-	-	474	4.0414
689	fixed	5	T2	d702fd6fe588b6cb	2	2	512	-1	replay	none	0	none	-	-1	-	-	479	4.0131
690	fixed	5	T2	d702fd6fe588b6cb	2	2	512	-1	replay	none	0	none	-	-1	-	-	494	4.0267
691	fixed	5	T2	d702fd6fe588b6cb	2	2	512	-1	replay	none	0	none	-	-1	-	-	474	4.0385
692	fixed	5	T2	d702fd6fe588b6cb	2	2	512	-1	replay	none	0	none	-	-1	-	-	485	4.0117
693	fixed	5	T2	d702fd6fe588b6cb	2	2	512	-1	replay	none	0	none	-	-1	-	-	474	4.0355
694	fixed	5	T2	d702fd6fe588b6cb	2	2	512	-1	replay	none	0	none	-	-1	-	-	471	4.0171
695	fixed	5	T2	d702fd6fe588b6cb	2	2	512	-1	replay	none	0	none	-	-1	-	-	470	4.0193
696	fixed	5	T2	d702fd6fe588b6cb	2	2	512	-1	replay	none	0	none	-	-1	-	-	475	4.0335
697	fixed	5	T2	d702fd6fe588b6cb	2	2	512	-1	replay	none	0	none	-	-1	-	-	477	4.0217
698	fixed	5	T2	d702fd6fe588b6cb	2	2	512	-1	replay	none	0	none	-	-1	-	-	471	4.0360
699	fixed	5	T2	d702fd6fe588b6cb	2	2	512	-1	replay	none	0	none	-	-1	-	-	470	4.0225
700	fixed	5	T2	d702fd6fe588b6cb	2	2	512	-1	replay	none	0	none	-	-1	-	-	478	4.0097
701	fixed	5	T2	d702fd6fe588b6cb	2	2	512	-1	replay	none	0	none	-	-1	-	-	473	4.0350
702	fixed	5	T2	d702fd6fe588b6cb	2	2	512	-1	replay	none	0	none	-	-1	-	-	471	4.0280
703	fixed	5	T2	d702fd6fe588b6cb	2	2	512	-1	replay	none	0	none	-	-1	-	-	471	4.0120
704	fixed	5	T2	d702fd6fe588b6cb	2	2	512	-1	replay	none	0	none	-	-1	-	-	470	4.0457
705	fixed	5	T2	d702fd6fe588b6cb	2	2	512	-1	replay	none	0	none	-	-1	-	-	472	4.0153
706	fixed	5	T2	d702fd6fe588b6cb	2	2	512	-1	replay	none	0	none	-	-1	-	-	470	4.0327
707	fixed	5	T2	d702fd6fe588b6cb	2	2	512	-1	replay	none	0	none	-	-1	-	-	470	4.0224
708	fixed	5	T2	d702fd6fe588b6cb	2	2	512	-1	replay	none	0	none	-	-1	-	-	469	4.0229
709	fixed	5	T2	d702fd6fe588b6cb	2	2	512	-1	replay	none	0	none	-	-1	-	-	469	4.0380
710	fixed	5	T2	d702fd6fe588b6cb	2	2	512	-1	replay	none	0	none	-	-1	-	-	468	4.0108
711	fixed	5	T2	d702fd6fe588b6cb	2	2	512	-1	replay	none	0	none	-	-1	-	-	468	4.0176
712	fixed	5	T3	0dfa7fc3533697c4	1	1	512	-1	direct	none	1	structure	shape,data	0	GET_ROWS	model.input_embed	2228	4.2147
713	fixed	5	T3	0dfa7fc3533697c4	1	1	512	-1	capture	reinstantiate	0	none	-	-1	-	-	2369	5.6313
714	fixed	5	T3	0dfa7fc3533697c4	1	1	512	-1	replay	none	0	none	-	-1	-	-	472	3.7293
715	fixed	5	T3	0dfa7fc3533697c4	1	1	512	-1	replay	none	0	none	-	-1	-	-	473	3.7310
716	fixed	5	T3	0dfa7fc3533697c4	1	1	512	-1	replay	none	0	none	-	-1	-	-	471	3.7260
717	fixed	5	T3	0dfa7fc3533697c4	1	1	512	-1	replay	none	0	none	-	-1	-	-	472	3.7532
718	fixed	5	T3	0dfa7fc3533697c4	1	1	512	-1	replay	none	0	none	-	-1	-	-	471	3.7237
719	fixed	5	T3	0dfa7fc3533697c4	1	1	512	-1	replay	none	0	none	-	-1	-	-	472	3.7309
720	fixed	5	T3	0dfa7fc3533697c4	1	1	512	-1	replay	none	0	none	-	-1	-	-	506	3.7380
721	fixed	5	T3	0dfa7fc3533697c4	1	1	512	-1	replay	none	0	none	-	-1	-	-	474	3.7341
722	fixed	5	T3	0dfa7fc3533697c4	1	1	512	-1	replay	none	0	none	-	-1	-	-	467	3.7427
723	fixed	5	T3	0dfa7fc3533697c4	1	1	512	-1	replay	none	0	none	-	-1	-	-	471	3.7201
724	fixed	5	T3	0dfa7fc3533697c4	1	1	512	-1	replay	none	0	none	-	-1	-	-	467	3.7462
725	fixed	5	T3	0dfa7fc3533697c4	1	1	512	-1	replay	none	0	none	-	-1	-	-	469	3.7402
726	fixed	5	T3	0dfa7fc3533697c4	1	1	512	-1	replay	none	0	none	-	-1	-	-	466	3.7471
727	fixed	5	T3	0dfa7fc3533697c4	1	1	512	-1	replay	none	0	none	-	-1	-	-	474	3.7247
728	fixed	5	T3	0dfa7fc3533697c4	1	1	512	-1	replay	none	0	none	-	-1	-	-	470	3.7532
729	fixed	5	T3	0dfa7fc3533697c4	1	1	512	-1	replay	none	0	none	-	-1	-	-	467	3.7223
730	fixed	5	T3	0dfa7fc3533697c4	1	1	512	-1	replay	none	0	none	-	-1	-	-	469	3.7275
731	fixed	5	T3	0dfa7fc3533697c4	1	1	512	-1	replay	none	0	none	-	-1	-	-	469	3.7288
732	fixed	5	T3	0dfa7fc3533697c4	1	1	512	-1	replay	none	0	none	-	-1	-	-	470	3.7237
733	fixed	5	T3	0dfa7fc3533697c4	1	1	512	-1	replay	none	0	none	-	-1	-	-	467	3.7248
734	fixed	5	T3	0dfa7fc3533697c4	1	1	512	-1	replay	none	0	none	-	-1	-	-	470	3.7204
735	fixed	5	T3	0dfa7fc3533697c4	1	1	512	-1	replay	none	0	none	-	-1	-	-	473	3.9912
736	fixed	5	T3	0dfa7fc3533697c4	1	1	512	-1	replay	none	0	none	-	-1	-	-	470	3.7514
737	fixed	5	T3	0dfa7fc3533697c4	1	1	512	-1	replay	none	0	none	-	-1	-	-	468	3.7378
738	fixed	5	T3	0dfa7fc3533697c4	1	1	512	-1	replay	none	0	none	-	-1	-	-	470	3.7081
739	fixed	5	T3	0dfa7fc3533697c4	1	1	512	-1	replay	none	0	none	-	-1	-	-	465	3.7417
740	fixed	5	T3	0dfa7fc3533697c4	1	1	512	-1	replay	none	0	none	-	-1	-	-	466	3.7307
741	fixed	5	T3	0dfa7fc3533697c4	1	1	512	-1	replay	none	0	none	-	-1	-	-	470	3.7248
742	fixed	5	T3	0dfa7fc3533697c4	1	1	512	-1	replay	none	0	none	-	-1	-	-	467	3.7299
743	fixed	5	T3	0dfa7fc3533697c4	1	1	512	-1	replay	none	0	none	-	-1	-	-	468	3.7327
744	fixed	5	T3	0dfa7fc3533697c4	1	1	512	-1	replay	none	0	none	-	-1	-	-	465	3.7358
745	fixed	5	T3	0dfa7fc3533697c4	1	1	512	-1	replay	none	0	none	-	-1	-	-	504	3.7301
746	fixed	5	T3	0dfa7fc3533697c4	1	1	512	-1	replay	none	0	none	-	-1	-	-	472	3.7506
747	fixed	5	T3	0dfa7fc3533697c4	1	1	512	-1	replay	none	0	none	-	-1	-	-	471	3.7320
748	fixed	5	T3	0dfa7fc3533697c4	1	1	512	-1	replay	none	0	none	-	-1	-	-	466	3.7383
749	fixed	5	T3	0dfa7fc3533697c4	1	1	512	-1	replay	none	0	none	-	-1	-	-	470	3.7258
750	fixed	5	T3	0dfa7fc3533697c4	1	1	512	-1	replay	none	0	none	-	-1	-	-	472	3.7519
751	fixed	5	T3	0dfa7fc3533697c4	1	1	512	-1	replay	none	0	none	-	-1	-	-	469	3.7423
752	fixed	5	T3	0dfa7fc3533697c4	1	1	512	-1	replay	none	0	none	-	-1	-	-	466	3.7211
753	fixed	5	T3	0dfa7fc3533697c4	1	1	512	-1	replay	none	0	none	-	-1	-	-	470	3.7374
754	fixed	5	T3	0dfa7fc3533697c4	1	1	512	-1	replay	none	0	none	-	-1	-	-	466	3.7383
755	fixed	5	T3	0dfa7fc3533697c4	1	1	512	-1	replay	none	0	none	-	-1	-	-	464	3.7296
756	fixed	5	T3	0dfa7fc3533697c4	1	1	512	-1	replay	none	0	none	-	-1	-	-	477	3.7189
757	fixed	5	T3	0dfa7fc3533697c4	1	1	512	-1	replay	none	0	none	-	-1	-	-	470	3.7491
758	fixed	5	T3	0dfa7fc3533697c4	1	1	512	-1	replay	none	0	none	-	-1	-	-	472	3.9675
759	fixed	5	T3	0dfa7fc3533697c4	1	1	512	-1	replay	none	0	none	-	-1	-	-	471	3.8092
760	fixed	5	T3	0dfa7fc3533697c4	1	1	512	-1	replay	none	0	none	-	-1	-	-	470	3.7257
761	fixed	5	T3	0dfa7fc3533697c4	1	1	512	-1	replay	none	0	none	-	-1	-	-	506	3.7782
762	fixed	5	T3	0dfa7fc3533697c4	1	1	512	-1	replay	none	0	none	-	-1	-	-	467	3.7343
763	fixed	5	T3	0dfa7fc3533697c4	1	1	512	-1	replay	none	0	none	-	-1	-	-	469	3.7376
764	fixed	5	T3	0dfa7fc3533697c4	1	1	512	-1	replay	none	0	none	-	-1	-	-	469	3.7139
765	fixed	5	T3	0dfa7fc3533697c4	1	1	512	-1	replay	none	0	none	-	-1	-	-	491	3.7372
766	fixed	5	T3	0dfa7fc3533697c4	1	1	512	-1	replay	none	0	none	-	-1	-	-	468	3.7334
767	fixed	5	T3	0dfa7fc3533697c4	1	1	512	-1	replay	none	0	none	-	-1	-	-	471	3.7696
768	fixed	5	T3	0dfa7fc3533697c4	1	1	512	-1	replay	none	0	none	-	-1	-	-	471	3.7620
769	fixed	5	T3	0dfa7fc3533697c4	1	1	512	-1	replay	none	0	none	-	-1	-	-	470	3.7294
770	fixed	5	T3	0dfa7fc3533697c4	1	1	512	-1	replay	none	0	none	-	-1	-	-	469	3.7272
771	fixed	5	T3	0dfa7fc3533697c4	1	1	512	-1	replay	none	0	none	-	-1	-	-	468	3.7220
772	fixed	5	T3	0dfa7fc3533697c4	1	1	512	-1	replay	none	0	none	-	-1	-	-	470	3.7529
773	fixed	5	T3	0dfa7fc3533697c4	1	1	512	-1	replay	none	0	none	-	-1	-	-	467	3.7233
774	fixed	5	T3	0dfa7fc3533697c4	1	1	512	-1	replay	none	0	none	-	-1	-	-	469	3.7347
775	fixed	5	T3	0dfa7fc3533697c4	1	1	512	-1	replay	none	0	none	-	-1	-	-	469	3.7313
776	fixed	5	T3	0dfa7fc3533697c4	1	1	512	-1	replay	none	0	none	-	-1	-	-	469	3.7459
777	fixed	5	T3	0dfa7fc3533697c4	1	1	512	-1	replay	none	0	none	-	-1	-	-	473	3.7420
778	fixed	5	T3	0dfa7fc3533697c4	1	1	512	-1	replay	none	0	none	-	-1	-	-	471	3.7182
779	fixed	5	T3	0dfa7fc3533697c4	1	1	512	-1	replay	none	0	none	-	-1	-	-	466	3.7439
780	fixed	5	T3	0dfa7fc3533697c4	1	1	512	-1	replay	none	0	none	-	-1	-	-	466	3.7391
781	fixed	5	T3	0dfa7fc3533697c4	1	1	512	-1	replay	none	0	none	-	-1	-	-	466	3.7483
782	permuted	0	T0	dbdb0ad78cf67443	252	0	256	-1	direct	none	1	structure	shape,data	0	GET_ROWS	model.input_embed	3259	16.0375
783	permuted	0	T0	5e879b663492f411	4	1	256	-1	direct	none	0	structure	shape,data	0	GET_ROWS	model.input_embed	2536	4.6295
784	permuted	0	T0	0fdbf3977c990123	1	1	512	-1	direct	none	0	structure	shape,data	0	GET_ROWS	model.input_embed	2230	4.1832
785	permuted	0	T0	0fdbf3977c990123	1	1	512	-1	capture	update	0	none	-	-1	-	-	1679	4.9247
786	permuted	0	T0	0fdbf3977c990123	1	1	512	-1	replay	none	0	none	-	-1	-	-	480	3.7320
787	permuted	0	T0	0fdbf3977c990123	1	1	512	-1	replay	none	0	none	-	-1	-	-	473	3.7203
788	permuted	0	T0	0fdbf3977c990123	1	1	512	-1	replay	none	0	none	-	-1	-	-	473	3.7491
789	permuted	0	T0	0fdbf3977c990123	1	1	512	-1	replay	none	0	none	-	-1	-	-	479	3.7379
790	permuted	0	T0	0fdbf3977c990123	1	1	512	-1	replay	none	0	none	-	-1	-	-	475	3.7270
791	permuted	0	T0	0fdbf3977c990123	1	1	512	-1	replay	none	0	none	-	-1	-	-	473	3.7230
792	permuted	0	T0	0fdbf3977c990123	1	1	512	-1	replay	none	0	none	-	-1	-	-	474	3.7426
793	permuted	0	T0	0fdbf3977c990123	1	1	512	-1	replay	none	0	none	-	-1	-	-	472	3.7287
794	permuted	0	T0	0fdbf3977c990123	1	1	512	-1	replay	none	0	none	-	-1	-	-	473	3.7188
795	permuted	0	T0	0fdbf3977c990123	1	1	512	-1	replay	none	0	none	-	-1	-	-	470	3.7333
796	permuted	0	T0	0fdbf3977c990123	1	1	512	-1	replay	none	0	none	-	-1	-	-	472	3.7195
797	permuted	0	T0	0fdbf3977c990123	1	1	512	-1	replay	none	0	none	-	-1	-	-	470	3.7278
798	permuted	0	T0	0fdbf3977c990123	1	1	512	-1	replay	none	0	none	-	-1	-	-	472	3.7250
799	permuted	0	T0	0fdbf3977c990123	1	1	512	-1	replay	none	0	none	-	-1	-	-	471	3.7420
800	permuted	0	T0	0fdbf3977c990123	1	1	512	-1	replay	none	0	none	-	-1	-	-	470	3.7316
801	permuted	0	T0	0fdbf3977c990123	1	1	512	-1	replay	none	0	none	-	-1	-	-	475	3.7284
802	permuted	0	T0	0fdbf3977c990123	1	1	512	-1	replay	none	0	none	-	-1	-	-	472	3.7163
803	permuted	0	T0	0fdbf3977c990123	1	1	512	-1	replay	none	0	none	-	-1	-	-	471	3.7290
804	permuted	0	T0	0fdbf3977c990123	1	1	512	-1	replay	none	0	none	-	-1	-	-	469	3.7292
805	permuted	0	T0	0fdbf3977c990123	1	1	512	-1	replay	none	0	none	-	-1	-	-	472	3.7068
806	permuted	0	T0	0fdbf3977c990123	1	1	512	-1	replay	none	0	none	-	-1	-	-	468	3.7434
807	permuted	0	T0	0fdbf3977c990123	1	1	512	-1	replay	none	0	none	-	-1	-	-	471	3.7304
808	permuted	0	T1	0fdbf3977c990123	1	1	512	-1	replay	none	0	none	-	-1	-	-	472	3.7188
809	permuted	0	T1	da7570afdbb81394	252	0	256	-1	direct	none	1	structure	shape,data	0	GET_ROWS	model.input_embed	3127	15.9939
810	permuted	0	T1	0fdbf3977c990123	1	1	512	-1	direct	none	0	structure	shape,data	0	GET_ROWS	model.input_embed	2211	4.2452
811	permuted	0	T1	802ba1f19f5ea689	4	1	256	-1	direct	none	0	structure	shape,data	0	GET_ROWS	model.input_embed	2564	4.5792
812	permuted	0	T2	d702fd6fe588b6cb	2	2	512	-1	direct	none	0	structure	shape,data	0	GET_ROWS	model.input_embed	2512	4.5625
813	permuted	0	T2	d702fd6fe588b6cb	2	2	512	-1	capture	reinstantiate	0	none	-	-1	-	-	2665	6.2254
814	permuted	0	T2	d702fd6fe588b6cb	2	2	512	-1	replay	none	0	none	-	-1	-	-	478	4.0424
815	permuted	0	T2	d702fd6fe588b6cb	2	2	512	-1	replay	none	0	none	-	-1	-	-	473	4.0136
816	permuted	0	T2	d702fd6fe588b6cb	2	2	512	-1	replay	none	0	none	-	-1	-	-	474	4.0232
817	permuted	0	T2	d702fd6fe588b6cb	2	2	512	-1	replay	none	0	none	-	-1	-	-	472	4.0382
818	permuted	0	T2	d702fd6fe588b6cb	2	2	512	-1	replay	none	0	none	-	-1	-	-	470	4.0107
819	permuted	0	T2	d702fd6fe588b6cb	2	2	512	-1	replay	none	0	none	-	-1	-	-	472	4.0389
820	permuted	0	T2	d702fd6fe588b6cb	2	2	512	-1	replay	none	0	none	-	-1	-	-	471	4.0138
821	permuted	0	T2	d702fd6fe588b6cb	2	2	512	-1	replay	none	0	none	-	-1	-	-	471	4.0236
822	permuted	0	T2	d702fd6fe588b6cb	2	2	512	-1	replay	none	0	none	-	-1	-	-	474	4.0322
823	permuted	0	T2	d702fd6fe588b6cb	2	2	512	-1	replay	none	0	none	-	-1	-	-	473	4.0222
824	permuted	0	T2	d702fd6fe588b6cb	2	2	512	-1	replay	none	0	none	-	-1	-	-	472	4.0445
825	permuted	0	T2	d702fd6fe588b6cb	2	2	512	-1	replay	none	0	none	-	-1	-	-	473	4.0181
826	permuted	0	T2	d702fd6fe588b6cb	2	2	512	-1	replay	none	0	none	-	-1	-	-	472	4.0196
827	permuted	0	T2	d702fd6fe588b6cb	2	2	512	-1	replay	none	0	none	-	-1	-	-	471	4.0419
828	permuted	0	T2	d702fd6fe588b6cb	2	2	512	-1	replay	none	0	none	-	-1	-	-	471	4.0245
829	permuted	0	T2	d702fd6fe588b6cb	2	2	512	-1	replay	none	0	none	-	-1	-	-	473	4.0101
830	permuted	0	T2	d702fd6fe588b6cb	2	2	512	-1	replay	none	0	none	-	-1	-	-	473	4.0309
831	permuted	0	T2	d702fd6fe588b6cb	2	2	512	-1	replay	none	0	none	-	-1	-	-	470	4.0134
832	permuted	0	T2	d702fd6fe588b6cb	2	2	512	-1	replay	none	0	none	-	-1	-	-	469	4.0403
833	permuted	0	T2	d702fd6fe588b6cb	2	2	512	-1	replay	none	0	none	-	-1	-	-	470	4.0083
834	permuted	0	T2	d702fd6fe588b6cb	2	2	512	-1	replay	none	0	none	-	-1	-	-	470	4.0274
835	permuted	0	T2	d702fd6fe588b6cb	2	2	512	-1	replay	none	0	none	-	-1	-	-	469	4.0398
836	permuted	0	T2	d702fd6fe588b6cb	2	2	512	-1	replay	none	0	none	-	-1	-	-	469	4.0134
837	permuted	0	T2	d702fd6fe588b6cb	2	2	512	-1	replay	none	0	none	-	-1	-	-	468	4.0852
838	permuted	0	T2	d702fd6fe588b6cb	2	2	512	-1	replay	none	0	none	-	-1	-	-	469	4.0335
839	permuted	0	T2	d702fd6fe588b6cb	2	2	512	-1	replay	none	0	none	-	-1	-	-	474	4.0297
840	permuted	0	T2	d702fd6fe588b6cb	2	2	512	-1	replay	none	0	none	-	-1	-	-	471	4.0321
841	permuted	0	T2	d702fd6fe588b6cb	2	2	512	-1	replay	none	0	none	-	-1	-	-	470	4.0130
842	permuted	0	T2	d702fd6fe588b6cb	2	2	512	-1	replay	none	0	none	-	-1	-	-	471	4.2502
843	permuted	0	T3	0fdbf3977c990123	1	1	512	-1	direct	none	1	structure	shape,data	0	GET_ROWS	model.input_embed	2234	4.2116
844	permuted	0	T3	0fdbf3977c990123	1	1	512	-1	capture	reinstantiate	0	none	-	-1	-	-	2259	5.5316
845	permuted	0	T3	0fdbf3977c990123	1	1	512	-1	replay	none	0	none	-	-1	-	-	476	3.7275
846	permuted	0	T3	0fdbf3977c990123	1	1	512	-1	replay	none	0	none	-	-1	-	-	470	3.7323
847	permuted	0	T3	0fdbf3977c990123	1	1	512	-1	replay	none	0	none	-	-1	-	-	471	3.7227
848	permuted	0	T3	0fdbf3977c990123	1	1	512	-1	replay	none	0	none	-	-1	-	-	474	3.7508
849	permuted	0	T3	0fdbf3977c990123	1	1	512	-1	replay	none	0	none	-	-1	-	-	471	3.7377
850	permuted	0	T3	0fdbf3977c990123	1	1	512	-1	replay	none	0	none	-	-1	-	-	469	3.7308
851	permuted	0	T3	0fdbf3977c990123	1	1	512	-1	replay	none	0	none	-	-1	-	-	480	3.7268
852	permuted	0	T3	0fdbf3977c990123	1	1	512	-1	replay	none	0	none	-	-1	-	-	472	3.7448
853	permuted	0	T3	0fdbf3977c990123	1	1	512	-1	replay	none	0	none	-	-1	-	-	472	3.7269
854	permuted	0	T3	0fdbf3977c990123	1	1	512	-1	replay	none	0	none	-	-1	-	-	470	3.7205
855	permuted	0	T3	0fdbf3977c990123	1	1	512	-1	replay	none	0	none	-	-1	-	-	470	3.7354
856	permuted	0	T3	0fdbf3977c990123	1	1	512	-1	replay	none	0	none	-	-1	-	-	471	3.7269
857	permuted	0	T3	0fdbf3977c990123	1	1	512	-1	replay	none	0	none	-	-1	-	-	469	3.7365
858	permuted	0	T3	0fdbf3977c990123	1	1	512	-1	replay	none	0	none	-	-1	-	-	471	3.7297
859	permuted	0	T3	0fdbf3977c990123	1	1	512	-1	replay	none	0	none	-	-1	-	-	499	3.7475
860	permuted	0	T3	0fdbf3977c990123	1	1	512	-1	replay	none	0	none	-	-1	-	-	472	3.7333
861	permuted	0	T3	0fdbf3977c990123	1	1	512	-1	replay	none	0	none	-	-1	-	-	469	3.7337
862	permuted	0	T3	0fdbf3977c990123	1	1	512	-1	replay	none	0	none	-	-1	-	-	471	3.7182
863	permuted	0	T3	0fdbf3977c990123	1	1	512	-1	replay	none	0	none	-	-1	-	-	469	3.7347
864	permuted	0	T3	0fdbf3977c990123	1	1	512	-1	replay	none	0	none	-	-1	-	-	470	3.7334
865	permuted	0	T3	0fdbf3977c990123	1	1	512	-1	replay	none	0	none	-	-1	-	-	468	3.7089
866	permuted	0	T3	0fdbf3977c990123	1	1	512	-1	replay	none	0	none	-	-1	-	-	471	3.7414
867	permuted	0	T3	0fdbf3977c990123	1	1	512	-1	replay	none	0	none	-	-1	-	-	469	3.7332
868	permuted	0	T3	0fdbf3977c990123	1	1	512	-1	replay	none	0	none	-	-1	-	-	471	3.7462
869	permuted	0	T3	0fdbf3977c990123	1	1	512	-1	replay	none	0	none	-	-1	-	-	468	3.7283
870	permuted	0	T3	0fdbf3977c990123	1	1	512	-1	replay	none	0	none	-	-1	-	-	479	3.7464
871	permuted	0	T3	0fdbf3977c990123	1	1	512	-1	replay	none	0	none	-	-1	-	-	470	3.7372
872	permuted	0	T3	0fdbf3977c990123	1	1	512	-1	replay	none	0	none	-	-1	-	-	471	3.7314
873	permuted	0	T3	0fdbf3977c990123	1	1	512	-1	replay	none	0	none	-	-1	-	-	469	3.7358
874	permuted	0	T3	0fdbf3977c990123	1	1	512	-1	replay	none	0	none	-	-1	-	-	471	3.7355
875	permuted	0	T3	0fdbf3977c990123	1	1	512	-1	replay	none	0	none	-	-1	-	-	469	3.7358
876	permuted	0	T3	0fdbf3977c990123	1	1	512	-1	replay	none	0	none	-	-1	-	-	468	3.7191
877	permuted	0	T3	0fdbf3977c990123	1	1	512	-1	replay	none	0	none	-	-1	-	-	467	3.7552
878	permuted	0	T3	0fdbf3977c990123	1	1	512	-1	replay	none	0	none	-	-1	-	-	468	3.7359
879	permuted	0	T3	0fdbf3977c990123	1	1	512	-1	replay	none	0	none	-	-1	-	-	471	3.7361
880	permuted	0	T3	0fdbf3977c990123	1	1	512	-1	replay	none	0	none	-	-1	-	-	467	3.7220
881	permuted	0	T3	0fdbf3977c990123	1	1	512	-1	replay	none	0	none	-	-1	-	-	471	3.7413
882	permuted	0	T3	0fdbf3977c990123	1	1	512	-1	replay	none	0	none	-	-1	-	-	470	3.7175
883	permuted	0	T3	0fdbf3977c990123	1	1	512	-1	replay	none	0	none	-	-1	-	-	471	3.7167
884	permuted	0	T3	0fdbf3977c990123	1	1	512	-1	replay	none	0	none	-	-1	-	-	467	3.7389
885	permuted	0	T3	0fdbf3977c990123	1	1	512	-1	replay	none	0	none	-	-1	-	-	471	3.7172
886	permuted	0	T3	0fdbf3977c990123	1	1	512	-1	replay	none	0	none	-	-1	-	-	466	3.7350
887	permuted	0	T3	0fdbf3977c990123	1	1	512	-1	replay	none	0	none	-	-1	-	-	470	3.7233
888	permuted	0	T3	0fdbf3977c990123	1	1	512	-1	replay	none	0	none	-	-1	-	-	468	3.7486
889	permuted	0	T3	0fdbf3977c990123	1	1	512	-1	replay	none	0	none	-	-1	-	-	470	3.7382
890	permuted	0	T3	0fdbf3977c990123	1	1	512	-1	replay	none	0	none	-	-1	-	-	468	3.7208
891	permuted	0	T3	0fdbf3977c990123	1	1	512	-1	replay	none	0	none	-	-1	-	-	470	3.7248
892	permuted	0	T3	0fdbf3977c990123	1	1	512	-1	replay	none	0	none	-	-1	-	-	468	3.7412
893	permuted	0	T3	0fdbf3977c990123	1	1	512	-1	replay	none	0	none	-	-1	-	-	473	3.7442
894	permuted	0	T3	0fdbf3977c990123	1	1	512	-1	replay	none	0	none	-	-1	-	-	472	3.7234
895	permuted	0	T3	0fdbf3977c990123	1	1	512	-1	replay	none	0	none	-	-1	-	-	472	3.7458
896	permuted	0	T3	0fdbf3977c990123	1	1	512	-1	replay	none	0	none	-	-1	-	-	468	3.7236
897	permuted	0	T3	0fdbf3977c990123	1	1	512	-1	replay	none	0	none	-	-1	-	-	471	3.7421
898	permuted	0	T3	0fdbf3977c990123	1	1	512	-1	replay	none	0	none	-	-1	-	-	468	3.7304
899	permuted	0	T3	0fdbf3977c990123	1	1	512	-1	replay	none	0	none	-	-1	-	-	471	3.7385
900	permuted	0	T3	0fdbf3977c990123	1	1	512	-1	replay	none	0	none	-	-1	-	-	467	3.7368
901	permuted	0	T3	0fdbf3977c990123	1	1	512	-1	replay	none	0	none	-	-1	-	-	468	3.7233
902	permuted	0	T3	0fdbf3977c990123	1	1	512	-1	replay	none	0	none	-	-1	-	-	470	3.7290
903	permuted	0	T3	0fdbf3977c990123	1	1	512	-1	replay	none	0	none	-	-1	-	-	467	3.7290
904	permuted	0	T3	0fdbf3977c990123	1	1	512	-1	replay	none	0	none	-	-1	-	-	472	3.7401
905	permuted	0	T3	0fdbf3977c990123	1	1	512	-1	replay	none	0	none	-	-1	-	-	468	3.7093
906	permuted	0	T3	0fdbf3977c990123	1	1	512	-1	replay	none	0	none	-	-1	-	-	469	3.7498
907	permuted	0	T3	0fdbf3977c990123	1	1	512	-1	replay	none	0	none	-	-1	-	-	468	3.7317
908	permuted	0	T3	0fdbf3977c990123	1	1	512	-1	replay	none	0	none	-	-1	-	-	489	3.7362
909	permuted	0	T3	0fdbf3977c990123	1	1	512	-1	replay	none	0	none	-	-1	-	-	472	3.7315
910	permuted	0	T3	0fdbf3977c990123	1	1	512	-1	replay	none	0	none	-	-1	-	-	474	3.7420
911	permuted	0	T3	0fdbf3977c990123	1	1	512	-1	replay	none	0	none	-	-1	-	-	469	3.7226
912	permuted	0	T3	0fdbf3977c990123	1	1	512	-1	replay	none	0	none	-	-1	-	-	475	3.7285
913	permuted	1	T0	5e879b663492f411	4	1	256	-1	direct	none	1	structure	shape,data	0	GET_ROWS	model.input_embed	2596	4.6506
914	permuted	1	T0	0fdbf3977c990123	1	1	512	-1	direct	none	0	structure	shape,data	0	GET_ROWS	model.input_embed	2187	4.1929
915	permuted	1	T0	0fdbf3977c990123	1	1	512	-1	capture	update	0	none	-	-1	-	-	1658	4.9196
916	permuted	1	T0	0fdbf3977c990123	1	1	512	-1	replay	none	0	none	-	-1	-	-	478	3.7146
917	permuted	1	T0	0fdbf3977c990123	1	1	512	-1	replay	none	0	none	-	-1	-	-	477	3.7429
918	permuted	1	T0	0fdbf3977c990123	1	1	512	-1	replay	none	0	none	-	-1	-	-	475	3.7347
919	permuted	1	T0	0fdbf3977c990123	1	1	512	-1	replay	none	0	none	-	-1	-	-	475	3.7341
920	permuted	1	T0	0fdbf3977c990123	1	1	512	-1	replay	none	0	none	-	-1	-	-	478	3.7179
921	permuted	1	T0	0fdbf3977c990123	1	1	512	-1	replay	none	0	none	-	-1	-	-	481	3.7493
922	permuted	1	T0	0fdbf3977c990123	1	1	512	-1	replay	none	0	none	-	-1	-	-	474	3.7185
923	permuted	1	T0	0fdbf3977c990123	1	1	512	-1	replay	none	0	none	-	-1	-	-	478	3.7280
924	permuted	1	T0	0fdbf3977c990123	1	1	512	-1	replay	none	0	none	-	-1	-	-	472	3.7327
925	permuted	1	T0	0fdbf3977c990123	1	1	512	-1	replay	none	0	none	-	-1	-	-	482	3.7232
926	permuted	1	T0	0fdbf3977c990123	1	1	512	-1	replay	none	0	none	-	-1	-	-	473	3.7285
927	permuted	1	T0	0fdbf3977c990123	1	1	512	-1	replay	none	0	none	-	-1	-	-	475	3.7198
928	permuted	1	T0	0fdbf3977c990123	1	1	512	-1	replay	none	0	none	-	-1	-	-	475	3.7404
929	permuted	1	T0	0fdbf3977c990123	1	1	512	-1	replay	none	0	none	-	-1	-	-	474	3.7387
930	permuted	1	T0	0fdbf3977c990123	1	1	512	-1	replay	none	0	none	-	-1	-	-	475	3.7294
931	permuted	1	T0	0fdbf3977c990123	1	1	512	-1	replay	none	0	none	-	-1	-	-	472	3.7269
932	permuted	1	T0	0fdbf3977c990123	1	1	512	-1	replay	none	0	none	-	-1	-	-	474	3.7520
933	permuted	1	T0	0fdbf3977c990123	1	1	512	-1	replay	none	0	none	-	-1	-	-	475	3.7258
934	permuted	1	T0	0fdbf3977c990123	1	1	512	-1	replay	none	0	none	-	-1	-	-	477	3.7213
935	permuted	1	T0	0fdbf3977c990123	1	1	512	-1	replay	none	0	none	-	-1	-	-	474	3.7331
936	permuted	1	T0	0fdbf3977c990123	1	1	512	-1	replay	none	0	none	-	-1	-	-	484	3.7318
937	permuted	1	T0	0fdbf3977c990123	1	1	512	-1	replay	none	0	none	-	-1	-	-	474	3.7310
938	permuted	1	T1	0fdbf3977c990123	1	1	512	-1	replay	none	0	none	-	-1	-	-	472	3.7258
939	permuted	1	T1	da7570afdbb81394	252	0	256	-1	direct	none	1	structure	shape,data	0	GET_ROWS	model.input_embed	3174	16.0483
940	permuted	1	T1	0fdbf3977c990123	1	1	512	-1	direct	none	0	structure	shape,data	0	GET_ROWS	model.input_embed	2214	4.2185
941	permuted	1	T1	802ba1f19f5ea689	4	1	256	-1	direct	none	0	structure	shape,data	0	GET_ROWS	model.input_embed	2514	4.6207
942	permuted	1	T2	d702fd6fe588b6cb	2	2	512	-1	direct	none	0	structure	shape,data	0	GET_ROWS	model.input_embed	2532	4.5516
943	permuted	1	T2	d702fd6fe588b6cb	2	2	512	-1	capture	reinstantiate	0	none	-	-1	-	-	2601	6.1423
944	permuted	1	T2	d702fd6fe588b6cb	2	2	512	-1	replay	none	0	none	-	-1	-	-	480	4.0246
945	permuted	1	T2	d702fd6fe588b6cb	2	2	512	-1	replay	none	0	none	-	-1	-	-	480	4.0392
946	permuted	1	T2	d702fd6fe588b6cb	2	2	512	-1	replay	none	0	none	-	-1	-	-	478	4.0366
947	permuted	1	T2	d702fd6fe588b6cb	2	2	512	-1	replay	none	0	none	-	-1	-	-	474	4.0250
948	permuted	1	T2	d702fd6fe588b6cb	2	2	512	-1	replay	none	0	none	-	-1	-	-	479	4.0211
949	permuted	1	T2	d702fd6fe588b6cb	2	2	512	-1	replay	none	0	none	-	-1	-	-	475	4.0164
950	permuted	1	T2	d702fd6fe588b6cb	2	2	512	-1	replay	none	0	none	-	-1	-	-	473	4.0456
951	permuted	1	T2	d702fd6fe588b6cb	2	2	512	-1	replay	none	0	none	-	-1	-	-	475	4.0214
952	permuted	1	T2	d702fd6fe588b6cb	2	2	512	-1	replay	none	0	none	-	-1	-	-	473	4.0407
953	permuted	1	T2	d702fd6fe588b6cb	2	2	512	-1	replay	none	0	none	-	-1	-	-	471	4.3877
954	permuted	1	T2	d702fd6fe588b6cb	2	2	512	-1	replay	none	0	none	-	-1	-	-	470	4.0428
955	permuted	1	T2	d702fd6fe588b6cb	2	2	512	-1	replay	none	0	none	-	-1	-	-	473	4.0271
956	permuted	1	T2	d702fd6fe588b6cb	2	2	512	-1	replay	none	0	none	-	-1	-	-	472	4.0292
957	permuted	1	T2	d702fd6fe588b6cb	2	2	512	-1	replay	none	0	none	-	-1	-	-	471	4.0434
958	permuted	1	T2	d702fd6fe588b6cb	2	2	512	-1	replay	none	0	none	-	-1	-	-	471	4.0530
959	permuted	1	T2	d702fd6fe588b6cb	2	2	512	-1	replay	none	0	none	-	-1	-	-	470	4.0108
960	permuted	1	T2	d702fd6fe588b6cb	2	2	512	-1	replay	none	0	none	-	-1	-	-	483	4.0544
961	permuted	1	T2	d702fd6fe588b6cb	2	2	512	-1	replay	none	0	none	-	-1	-	-	474	4.0620
962	permuted	1	T2	d702fd6fe588b6cb	2	2	512	-1	replay	none	0	none	-	-1	-	-	469	4.0461
963	permuted	1	T2	d702fd6fe588b6cb	2	2	512	-1	replay	none	0	none	-	-1	-	-	469	4.0325
964	permuted	1	T2	d702fd6fe588b6cb	2	2	512	-1	replay	none	0	none	-	-1	-	-	470	4.0492
965	permuted	1	T2	d702fd6fe588b6cb	2	2	512	-1	replay	none	0	none	-	-1	-	-	469	4.0538
966	permuted	1	T2	d702fd6fe588b6cb	2	2	512	-1	replay	none	0	none	-	-1	-	-	468	4.0413
967	permuted	1	T2	d702fd6fe588b6cb	2	2	512	-1	replay	none	0	none	-	-1	-	-	469	4.0275
968	permuted	1	T2	d702fd6fe588b6cb	2	2	512	-1	replay	none	0	none	-	-1	-	-	468	4.0462
969	permuted	1	T2	d702fd6fe588b6cb	2	2	512	-1	replay	none	0	none	-	-1	-	-	483	4.0607
970	permuted	1	T2	d702fd6fe588b6cb	2	2	512	-1	replay	none	0	none	-	-1	-	-	477	4.0197
971	permuted	1	T2	d702fd6fe588b6cb	2	2	512	-1	replay	none	0	none	-	-1	-	-	471	4.0410
972	permuted	1	T2	d702fd6fe588b6cb	2	2	512	-1	replay	none	0	none	-	-1	-	-	470	4.0459
973	permuted	1	T3	0fdbf3977c990123	1	1	512	-1	direct	none	1	structure	shape,data	0	GET_ROWS	model.input_embed	2247	4.2468
974	permuted	1	T3	0fdbf3977c990123	1	1	512	-1	capture	reinstantiate	0	none	-	-1	-	-	2393	5.6933
975	permuted	1	T3	0fdbf3977c990123	1	1	512	-1	replay	none	0	none	-	-1	-	-	476	3.7338
976	permuted	1	T3	0fdbf3977c990123	1	1	512	-1	replay	none	0	none	-	-1	-	-	472	3.7440
977	permuted	1	T3	0fdbf3977c990123	1	1	512	-1	replay	none	0	none	-	-1	-	-	475	3.7756
978	permuted	1	T3	0fdbf3977c990123	1	1	512	-1	replay	none	0	none	-	-1	-	-	472	3.7371
979	permuted	1	T3	0fdbf3977c990123	1	1	512	-1	replay	none	0	none	-	-1	-	-	469	3.7413
980	permuted	1	T3	0fdbf3977c990123	1	1	512	-1	replay	none	0	none	-	-1	-	-	484	4.0451
981	permuted	1	T3	0fdbf3977c990123	1	1	512	-1	replay	none	0	none	-	-1	-	-	469	3.7459
982	permuted	1	T3	0fdbf3977c990123	1	1	512	-1	replay	none	0	none	-	-1	-	-	474	3.7473
983	permuted	1	T3	0fdbf3977c990123	1	1	512	-1	replay	none	0	none	-	-1	-	-	471	4.9466
984	permuted	1	T3	0fdbf3977c990123	1	1	512	-1	replay	none	0	none	-	-1	-	-	470	3.7330
985	permuted	1	T3	0fdbf3977c990123	1	1	512	-1	replay	none	0	none	-	-1	-	-	471	3.7285
986	permuted	1	T3	0fdbf3977c990123	1	1	512	-1	replay	none	0	none	-	-1	-	-	469	3.7798
987	permuted	1	T3	0fdbf3977c990123	1	1	512	-1	replay	none	0	none	-	-1	-	-	472	3.7544
988	permuted	1	T3	0fdbf3977c990123	1	1	512	-1	replay	none	0	none	-	-1	-	-	468	3.7230
989	permuted	1	T3	0fdbf3977c990123	1	1	512	-1	replay	none	0	none	-	-1	-	-	473	3.7512
990	permuted	1	T3	0fdbf3977c990123	1	1	512	-1	replay	none	0	none	-	-1	-	-	469	3.7572
991	permuted	1	T3	0fdbf3977c990123	1	1	512	-1	replay	none	0	none	-	-1	-	-	472	3.7305
992	permuted	1	T3	0fdbf3977c990123	1	1	512	-1	replay	none	0	none	-	-1	-	-	476	3.7373
993	permuted	1	T3	0fdbf3977c990123	1	1	512	-1	replay	none	0	none	-	-1	-	-	471	3.7799
994	permuted	1	T3	0fdbf3977c990123	1	1	512	-1	replay	none	0	none	-	-1	-	-	472	3.7233
995	permuted	1	T3	0fdbf3977c990123	1	1	512	-1	replay	none	0	none	-	-1	-	-	470	3.7628
996	permuted	1	T3	0fdbf3977c990123	1	1	512	-1	replay	none	0	none	-	-1	-	-	475	3.7612
997	permuted	1	T3	0fdbf3977c990123	1	1	512	-1	replay	none	0	none	-	-1	-	-	482	3.7362
998	permuted	1	T3	0fdbf3977c990123	1	1	512	-1	replay	none	0	none	-	-1	-	-	479	3.7603
999	permuted	1	T3	0fdbf3977c990123	1	1	512	-1	replay	none	0	none	-	-1	-	-	473	3.7689
1000	permuted	1	T3	0fdbf3977c990123	1	1	512	-1	replay	none	0	none	-	-1	-	-	473	3.7172
1001	permuted	1	T3	0fdbf3977c990123	1	1	512	-1	replay	none	0	none	-	-1	-	-	475	3.7691
1002	permuted	1	T3	0fdbf3977c990123	1	1	512	-1	replay	none	0	none	-	-1	-	-	487	3.7430
1003	permuted	1	T3	0fdbf3977c990123	1	1	512	-1	replay	none	0	none	-	-1	-	-	473	3.7060
1004	permuted	1	T3	0fdbf3977c990123	1	1	512	-1	replay	none	0	none	-	-1	-	-	482	3.7470
1005	permuted	1	T3	0fdbf3977c990123	1	1	512	-1	replay	none	0	none	-	-1	-	-	472	3.7400
1006	permuted	1	T3	0fdbf3977c990123	1	1	512	-1	replay	none	0	none	-	-1	-	-	480	3.7314
1007	permuted	1	T3	0fdbf3977c990123	1	1	512	-1	replay	none	0	none	-	-1	-	-	472	3.7305
1008	permuted	1	T3	0fdbf3977c990123	1	1	512	-1	replay	none	0	none	-	-1	-	-	469	3.7475
1009	permuted	1	T3	0fdbf3977c990123	1	1	512	-1	replay	none	0	none	-	-1	-	-	481	3.7591
1010	permuted	1	T3	0fdbf3977c990123	1	1	512	-1	replay	none	0	none	-	-1	-	-	473	3.7694
1011	permuted	1	T3	0fdbf3977c990123	1	1	512	-1	replay	none	0	none	-	-1	-	-	489	5.1944
1012	permuted	1	T3	0fdbf3977c990123	1	1	512	-1	replay	none	0	none	-	-1	-	-	499	3.7780
1013	permuted	1	T3	0fdbf3977c990123	1	1	512	-1	replay	none	0	none	-	-1	-	-	473	3.7732
1014	permuted	1	T3	0fdbf3977c990123	1	1	512	-1	replay	none	0	none	-	-1	-	-	473	3.7516
1015	permuted	1	T3	0fdbf3977c990123	1	1	512	-1	replay	none	0	none	-	-1	-	-	468	3.7246
1016	permuted	1	T3	0fdbf3977c990123	1	1	512	-1	replay	none	0	none	-	-1	-	-	471	3.7230
1017	permuted	1	T3	0fdbf3977c990123	1	1	512	-1	replay	none	0	none	-	-1	-	-	468	3.7573
1018	permuted	1	T3	0fdbf3977c990123	1	1	512	-1	replay	none	0	none	-	-1	-	-	469	3.7317
1019	permuted	1	T3	0fdbf3977c990123	1	1	512	-1	replay	none	0	none	-	-1	-	-	470	3.7126
1020	permuted	1	T3	0fdbf3977c990123	1	1	512	-1	replay	none	0	none	-	-1	-	-	470	3.7451
1021	permuted	1	T3	0fdbf3977c990123	1	1	512	-1	replay	none	0	none	-	-1	-	-	471	3.7197
1022	permuted	1	T3	0fdbf3977c990123	1	1	512	-1	replay	none	0	none	-	-1	-	-	468	3.7318
1023	permuted	1	T3	0fdbf3977c990123	1	1	512	-1	replay	none	0	none	-	-1	-	-	481	3.7378
1024	permuted	1	T3	0fdbf3977c990123	1	1	512	-1	replay	none	0	none	-	-1	-	-	470	3.7318
1025	permuted	1	T3	0fdbf3977c990123	1	1	512	-1	replay	none	0	none	-	-1	-	-	470	3.7343
1026	permuted	1	T3	0fdbf3977c990123	1	1	512	-1	replay	none	0	none	-	-1	-	-	469	3.7304
1027	permuted	1	T3	0fdbf3977c990123	1	1	512	-1	replay	none	0	none	-	-1	-	-	471	3.7255
1028	permuted	1	T3	0fdbf3977c990123	1	1	512	-1	replay	none	0	none	-	-1	-	-	468	3.7407
1029	permuted	1	T3	0fdbf3977c990123	1	1	512	-1	replay	none	0	none	-	-1	-	-	470	3.7308
1030	permuted	1	T3	0fdbf3977c990123	1	1	512	-1	replay	none	0	none	-	-1	-	-	468	3.7019
1031	permuted	1	T3	0fdbf3977c990123	1	1	512	-1	replay	none	0	none	-	-1	-	-	472	3.7555
1032	permuted	1	T3	0fdbf3977c990123	1	1	512	-1	replay	none	0	none	-	-1	-	-	467	3.7321
1033	permuted	1	T3	0fdbf3977c990123	1	1	512	-1	replay	none	0	none	-	-1	-	-	469	3.7360
1034	permuted	1	T3	0fdbf3977c990123	1	1	512	-1	replay	none	0	none	-	-1	-	-	479	3.7391
1035	permuted	1	T3	0fdbf3977c990123	1	1	512	-1	replay	none	0	none	-	-1	-	-	471	3.7355
1036	permuted	1	T3	0fdbf3977c990123	1	1	512	-1	replay	none	0	none	-	-1	-	-	467	3.7271
1037	permuted	1	T3	0fdbf3977c990123	1	1	512	-1	replay	none	0	none	-	-1	-	-	469	3.7374
1038	permuted	1	T3	0fdbf3977c990123	1	1	512	-1	replay	none	0	none	-	-1	-	-	467	3.7415
1039	permuted	1	T3	0fdbf3977c990123	1	1	512	-1	replay	none	0	none	-	-1	-	-	471	3.7252
1040	permuted	1	T3	0fdbf3977c990123	1	1	512	-1	replay	none	0	none	-	-1	-	-	467	3.7438
1041	permuted	1	T3	0fdbf3977c990123	1	1	512	-1	replay	none	0	none	-	-1	-	-	467	3.7138
1042	permuted	1	T3	0fdbf3977c990123	1	1	512	-1	replay	none	0	none	-	-1	-	-	467	3.7489
1043	permuted	2	T0	5e879b663492f411	4	1	256	-1	direct	none	1	structure	shape,data	0	GET_ROWS	model.input_embed	2661	4.6820
1044	permuted	2	T0	0fdbf3977c990123	1	1	512	-1	direct	none	0	structure	shape,data	0	GET_ROWS	model.input_embed	2191	4.1958
1045	permuted	2	T0	0fdbf3977c990123	1	1	512	-1	capture	update	0	none	-	-1	-	-	1692	4.9421
1046	permuted	2	T0	0fdbf3977c990123	1	1	512	-1	replay	none	0	none	-	-1	-	-	481	3.7412
1047	permuted	2	T0	0fdbf3977c990123	1	1	512	-1	replay	none	0	none	-	-1	-	-	474	3.9689
1048	permuted	2	T0	0fdbf3977c990123	1	1	512	-1	replay	none	0	none	-	-1	-	-	472	3.7368
1049	permuted	2	T0	0fdbf3977c990123	1	1	512	-1	replay	none	0	none	-	-1	-	-	476	3.7234
1050	permuted	2	T0	0fdbf3977c990123	1	1	512	-1	replay	none	0	none	-	-1	-	-	471	3.7412
1051	permuted	2	T0	0fdbf3977c990123	1	1	512	-1	replay	none	0	none	-	-1	-	-	477	3.7213
1052	permuted	2	T0	0fdbf3977c990123	1	1	512	-1	replay	none	0	none	-	-1	-	-	472	3.7271
1053	permuted	2	T0	0fdbf3977c990123	1	1	512	-1	replay	none	0	none	-	-1	-	-	475	3.7388
1054	permuted	2	T0	0fdbf3977c990123	1	1	512	-1	replay	none	0	none	-	-1	-	-	487	3.7064
1055	permuted	2	T0	0fdbf3977c990123	1	1	512	-1	replay	none	0	none	-	-1	-	-	476	3.7442
1056	permuted	2	T0	0fdbf3977c990123	1	1	512	-1	replay	none	0	none	-	-1	-	-	472	3.7442
1057	permuted	2	T0	0fdbf3977c990123	1	1	512	-1	replay	none	0	none	-	-1	-	-	475	3.7232
1058	permuted	2	T0	0fdbf3977c990123	1	1	512	-1	replay	none	0	none	-	-1	-	-	472	3.7195
1059	permuted	2	T0	0fdbf3977c990123	1	1	512	-1	replay	none	0	none	-	-1	-	-	481	3.7537
1060	permuted	2	T0	0fdbf3977c990123	1	1	512	-1	replay	none	0	none	-	-1	-	-	472	3.7118
1061	permuted	2	T0	0fdbf3977c990123	1	1	512	-1	replay	none	0	none	-	-1	-	-	475	3.7258
1062	permuted	2	T0	0fdbf3977c990123	1	1	512	-1	replay	none	0	none	-	-1	-	-	472	3.7362
1063	permuted	2	T0	0fdbf3977c990123	1	1	512	-1	replay	none	0	none	-	-1	-	-	475	3.7187
1064	permuted	2	T0	0fdbf3977c990123	1	1	512	-1	replay	none	0	none	-	-1	-	-	471	3.7487
1065	permuted	2	T0	0fdbf3977c990123	1	1	512	-1	replay	none	0	none	-	-1	-	-	482	3.7236
1066	permuted	2	T0	0fdbf3977c990123	1	1	512	-1	replay	none	0	none	-	-1	-	-	475	3.7467
1067	permuted	2	T0	0fdbf3977c990123	1	1	512	-1	replay	none	0	none	-	-1	-	-	482	3.7556
1068	permuted	2	T1	0fdbf3977c990123	1	1	512	-1	replay	none	0	none	-	-1	-	-	479	3.7415
1069	permuted	2	T1	da7570afdbb81394	252	0	256	-1	direct	none	1	structure	shape,data	0	GET_ROWS	model.input_embed	3172	16.2680
1070	permuted	2	T1	0fdbf3977c990123	1	1	512	-1	direct	none	0	structure	shape,data	0	GET_ROWS	model.input_embed	2226	4.2700
1071	permuted	2	T1	802ba1f19f5ea689	4	1	256	-1	direct	none	0	structure	shape,data	0	GET_ROWS	model.input_embed	2521	4.5623
1072	permuted	2	T2	d702fd6fe588b6cb	2	2	512	-1	direct	none	0	structure	shape,data	0	GET_ROWS	model.input_embed	2585	4.7006
1073	permuted	2	T2	d702fd6fe588b6cb	2	2	512	-1	capture	reinstantiate	0	none	-	-1	-	-	2678	6.2549
1074	permuted	2	T2	d702fd6fe588b6cb	2	2	512	-1	replay	none	0	none	-	-1	-	-	481	4.0180
1075	permuted	2	T2	d702fd6fe588b6cb	2	2	512	-1	replay	none	0	none	-	-1	-	-	477	4.0178
1076	permuted	2	T2	d702fd6fe588b6cb	2	2	512	-1	replay	none	0	none	-	-1	-	-	475	4.0429
1077	permuted	2	T2	d702fd6fe588b6cb	2	2	512	-1	replay	none	0	none	-	-1	-	-	476	4.0383
1078	permuted	2	T2	d702fd6fe588b6cb	2	2	512	-1	replay	none	0	none	-	-1	-	-	475	4.0349
1079	permuted	2	T2	d702fd6fe588b6cb	2	2	512	-1	replay	none	0	none	-	-1	-	-	474	4.0087
1080	permuted	2	T2	d702fd6fe588b6cb	2	2	512	-1	replay	none	0	none	-	-1	-	-	472	4.0100
1081	permuted	2	T2	d702fd6fe588b6cb	2	2	512	-1	replay	none	0	none	-	-1	-	-	472	4.0440
1082	permuted	2	T2	d702fd6fe588b6cb	2	2	512	-1	replay	none	0	none	-	-1	-	-	476	4.0200
1083	permuted	2	T2	d702fd6fe588b6cb	2	2	512	-1	replay	none	0	none	-	-1	-	-	474	4.0225
1084	permuted	2	T2	d702fd6fe588b6cb	2	2	512	-1	replay	none	0	none	-	-1	-	-	472	4.0303
1085	permuted	2	T2	d702fd6fe588b6cb	2	2	512	-1	replay	none	0	none	-	-1	-	-	472	4.0231
1086	permuted	2	T2	d702fd6fe588b6cb	2	2	512	-1	replay	none	0	none	-	-1	-	-	471	4.0271
1087	permuted	2	T2	d702fd6fe588b6cb	2	2	512	-1	replay	none	0	none	-	-1	-	-	472	4.0185
1088	permuted	2	T2	d702fd6fe588b6cb	2	2	512	-1	replay	none	0	none	-	-1	-	-	471	4.1706
1089	permuted	2	T2	d702fd6fe588b6cb	2	2	512	-1	replay	none	0	none	-	-1	-	-	473	4.0316
1090	permuted	2	T2	d702fd6fe588b6cb	2	2	512	-1	replay	none	0	none	-	-1	-	-	474	4.0004
1091	permuted	2	T2	d702fd6fe588b6cb	2	2	512	-1	replay	none	0	none	-	-1	-	-	475	4.0272
1092	permuted	2	T2	d702fd6fe588b6cb	2	2	512	-1	replay	none	0	none	-	-1	-	-	479	4.0440
1093	permuted	2	T2	d702fd6fe588b6cb	2	2	512	-1	replay	none	0	none	-	-1	-	-	473	4.0195
1094	permuted	2	T2	d702fd6fe588b6cb	2	2	512	-1	replay	none	0	none	-	-1	-	-	471	4.0244
1095	permuted	2	T2	d702fd6fe588b6cb	2	2	512	-1	replay	none	0	none	-	-1	-	-	471	4.0165
1096	permuted	2	T2	d702fd6fe588b6cb	2	2	512	-1	replay	none	0	none	-	-1	-	-	471	4.0226
1097	permuted	2	T2	d702fd6fe588b6cb	2	2	512	-1	replay	none	0	none	-	-1	-	-	471	4.0290
1098	permuted	2	T2	d702fd6fe588b6cb	2	2	512	-1	replay	none	0	none	-	-1	-	-	470	4.0149
1099	permuted	2	T2	d702fd6fe588b6cb	2	2	512	-1	replay	none	0	none	-	-1	-	-	471	4.0354
1100	permuted	2	T2	d702fd6fe588b6cb	2	2	512	-1	replay	none	0	none	-	-1	-	-	470	4.0230
1101	permuted	2	T2	d702fd6fe588b6cb	2	2	512	-1	replay	none	0	none	-	-1	-	-	471	4.0143
1102	permuted	2	T2	d702fd6fe588b6cb	2	2	512	-1	replay	none	0	none	-	-1	-	-	475	4.0427
1103	permuted	2	T3	0fdbf3977c990123	1	1	512	-1	direct	none	1	structure	shape,data	0	GET_ROWS	model.input_embed	2245	4.2284
1104	permuted	2	T3	0fdbf3977c990123	1	1	512	-1	capture	reinstantiate	0	none	-	-1	-	-	2332	5.6261
1105	permuted	2	T3	0fdbf3977c990123	1	1	512	-1	replay	none	0	none	-	-1	-	-	475	3.7244
1106	permuted	2	T3	0fdbf3977c990123	1	1	512	-1	replay	none	0	none	-	-1	-	-	472	3.7428
1107	permuted	2	T3	0fdbf3977c990123	1	1	512	-1	replay	none	0	none	-	-1	-	-	473	3.7418
1108	permuted	2	T3	0fdbf3977c990123	1	1	512	-1	replay	none	0	none	-	-1	-	-	468	3.7284
1109	permuted	2	T3	0fdbf3977c990123	1	1	512	-1	replay	none	0	none	-	-1	-	-	472	3.7364
1110	permuted	2	T3	0fdbf3977c990123	1	1	512	-1	replay	none	0	none	-	-1	-	-	469	3.7307
1111	permuted	2	T3	0fdbf3977c990123	1	1	512	-1	replay	none	0	none	-	-1	-	-	470	3.7308
1112	permuted	2	T3	0fdbf3977c990123	1	1	512	-1	replay	none	0	none	-	-1	-	-	470	3.7347
1113	permuted	2	T3	0fdbf3977c990123	1	1	512	-1	replay	none	0	none	-	-1	-	-	470	3.7378
1114	permuted	2	T3	0fdbf3977c990123	1	1	512	-1	replay	none	0	none	-	-1	-	-	468	3.7117
1115	permuted	2	T3	0fdbf3977c990123	1	1	512	-1	replay	none	0	none	-	-1	-	-	470	3.7499
1116	permuted	2	T3	0fdbf3977c990123	1	1	512	-1	replay	none	0	none	-	-1	-	-	468	3.7441
1117	permuted	2	T3	0fdbf3977c990123	1	1	512	-1	replay	none	0	none	-	-1	-	-	471	3.7107
1118	permuted	2	T3	0fdbf3977c990123	1	1	512	-1	replay	none	0	none	-	-1	-	-	467	3.7386
1119	permuted	2	T3	0fdbf3977c990123	1	1	512	-1	replay	none	0	none	-	-1	-	-	470	3.7379
1120	permuted	2	T3	0fdbf3977c990123	1	1	512	-1	replay	none	0	none	-	-1	-	-	467	3.7252
1121	permuted	2	T3	0fdbf3977c990123	1	1	512	-1	replay	none	0	none	-	-1	-	-	471	3.7375
1122	permuted	2	T3	0fdbf3977c990123	1	1	512	-1	replay	none	0	none	-	-1	-	-	467	3.7470
1123	permuted	2	T3	0fdbf3977c990123	1	1	512	-1	replay	none	0	none	-	-1	-	-	473	3.7244
1124	permuted	2	T3	0fdbf3977c990123	1	1	512	-1	replay	none	0	none	-	-1	-	-	467	3.7512
1125	permuted	2	T3	0fdbf3977c990123	1	1	512	-1	replay	none	0	none	-	-1	-	-	472	3.7252
1126	permuted	2	T3	0fdbf3977c990123	1	1	512	-1	replay	none	0	none	-	-1	-	-	467	3.7395
1127	permuted	2	T3	0fdbf3977c990123	1	1	512	-1	replay	none	0	none	-	-1	-	-	471	3.7507
1128	permuted	2	T3	0fdbf3977c990123	1	1	512	-1	replay	none	0	none	-	-1	-	-	471	3.7139
1129	permuted	2	T3	0fdbf3977c990123	1	1	512	-1	replay	none	0	none	-	-1	-	-	470	3.7364
1130	permuted	2	T3	0fdbf3977c990123	1	1	512	-1	replay	none	0	none	-	-1	-	-	471	3.7507
1131	permuted	2	T3	0fdbf3977c990123	1	1	512	-1	replay	none	0	none	-	-1	-	-	470	3.7315
1132	permuted	2	T3	0fdbf3977c990123	1	1	512	-1	replay	none	0	none	-	-1	-	-	472	3.7197
1133	permuted	2	T3	0fdbf3977c990123	1	1	512	-1	replay	none	0	none	-	-1	-	-	470	3.7540
1134	permuted	2	T3	0fdbf3977c990123	1	1	512	-1	replay	none	0	none	-	-1	-	-	473	3.7179
1135	permuted	2	T3	0fdbf3977c990123	1	1	512	-1	replay	none	0	none	-	-1	-	-	471	3.7305
1136	permuted	2	T3	0fdbf3977c990123	1	1	512	-1	replay	none	0	none	-	-1	-	-	472	3.7358
1137	permuted	2	T3	0fdbf3977c990123	1	1	512	-1	replay	none	0	none	-	-1	-	-	469	3.7222
1138	permuted	2	T3	0fdbf3977c990123	1	1	512	-1	replay	none	0	none	-	-1	-	-	473	3.7385
1139	permuted	2	T3	0fdbf3977c990123	1	1	512	-1	replay	none	0	none	-	-1	-	-	471	3.7246
1140	permuted	2	T3	0fdbf3977c990123	1	1	512	-1	replay	none	0	none	-	-1	-	-	471	3.7298
1141	permuted	2	T3	0fdbf3977c990123	1	1	512	-1	replay	none	0	none	-	-1	-	-	469	3.7448
1142	permuted	2	T3	0fdbf3977c990123	1	1	512	-1	replay	none	0	none	-	-1	-	-	471	3.7359
1143	permuted	2	T3	0fdbf3977c990123	1	1	512	-1	replay	none	0	none	-	-1	-	-	469	3.7121
1144	permuted	2	T3	0fdbf3977c990123	1	1	512	-1	replay	none	0	none	-	-1	-	-	471	3.7575
1145	permuted	2	T3	0fdbf3977c990123	1	1	512	-1	replay	none	0	none	-	-1	-	-	470	3.7334
1146	permuted	2	T3	0fdbf3977c990123	1	1	512	-1	replay	none	0	none	-	-1	-	-	472	3.7207
1147	permuted	2	T3	0fdbf3977c990123	1	1	512	-1	replay	none	0	none	-	-1	-	-	469	3.7467
1148	permuted	2	T3	0fdbf3977c990123	1	1	512	-1	replay	none	0	none	-	-1	-	-	469	3.7270
1149	permuted	2	T3	0fdbf3977c990123	1	1	512	-1	replay	none	0	none	-	-1	-	-	469	3.7375
1150	permuted	2	T3	0fdbf3977c990123	1	1	512	-1	replay	none	0	none	-	-1	-	-	469	3.7371
1151	permuted	2	T3	0fdbf3977c990123	1	1	512	-1	replay	none	0	none	-	-1	-	-	472	3.7367
1152	permuted	2	T3	0fdbf3977c990123	1	1	512	-1	replay	none	0	none	-	-1	-	-	468	3.7333
1153	permuted	2	T3	0fdbf3977c990123	1	1	512	-1	replay	none	0	none	-	-1	-	-	471	3.7469
1154	permuted	2	T3	0fdbf3977c990123	1	1	512	-1	replay	none	0	none	-	-1	-	-	468	3.7174
1155	permuted	2	T3	0fdbf3977c990123	1	1	512	-1	replay	none	0	none	-	-1	-	-	472	3.7401
1156	permuted	2	T3	0fdbf3977c990123	1	1	512	-1	replay	none	0	none	-	-1	-	-	470	3.7420
1157	permuted	2	T3	0fdbf3977c990123	1	1	512	-1	replay	none	0	none	-	-1	-	-	479	3.7090
1158	permuted	2	T3	0fdbf3977c990123	1	1	512	-1	replay	none	0	none	-	-1	-	-	471	3.7468
1159	permuted	2	T3	0fdbf3977c990123	1	1	512	-1	replay	none	0	none	-	-1	-	-	473	3.7408
1160	permuted	2	T3	0fdbf3977c990123	1	1	512	-1	replay	none	0	none	-	-1	-	-	471	3.7282
1161	permuted	2	T3	0fdbf3977c990123	1	1	512	-1	replay	none	0	none	-	-1	-	-	473	3.7314
1162	permuted	2	T3	0fdbf3977c990123	1	1	512	-1	replay	none	0	none	-	-1	-	-	470	3.7486
1163	permuted	2	T3	0fdbf3977c990123	1	1	512	-1	replay	none	0	none	-	-1	-	-	470	3.7143
1164	permuted	2	T3	0fdbf3977c990123	1	1	512	-1	replay	none	0	none	-	-1	-	-	469	3.7396
1165	permuted	2	T3	0fdbf3977c990123	1	1	512	-1	replay	none	0	none	-	-1	-	-	473	3.7360
1166	permuted	2	T3	0fdbf3977c990123	1	1	512	-1	replay	none	0	none	-	-1	-	-	469	3.7257
1167	permuted	2	T3	0fdbf3977c990123	1	1	512	-1	replay	none	0	none	-	-1	-	-	474	3.7481
1168	permuted	2	T3	0fdbf3977c990123	1	1	512	-1	replay	none	0	none	-	-1	-	-	469	3.9556
1169	permuted	2	T3	0fdbf3977c990123	1	1	512	-1	replay	none	0	none	-	-1	-	-	468	3.7303
1170	permuted	2	T3	0fdbf3977c990123	1	1	512	-1	replay	none	0	none	-	-1	-	-	472	3.7781
1171	permuted	2	T3	0fdbf3977c990123	1	1	512	-1	replay	none	0	none	-	-1	-	-	476	3.7367
1172	permuted	2	T3	0fdbf3977c990123	1	1	512	-1	replay	none	0	none	-	-1	-	-	472	3.7107
1173	permuted	3	T0	5e879b663492f411	4	1	256	-1	direct	none	1	structure	shape,data	0	GET_ROWS	model.input_embed	2613	4.6290
1174	permuted	3	T0	0fdbf3977c990123	1	1	512	-1	direct	none	0	structure	shape,data	0	GET_ROWS	model.input_embed	2227	4.2108
1175	permuted	3	T0	0fdbf3977c990123	1	1	512	-1	capture	update	0	none	-	-1	-	-	1653	4.9217
1176	permuted	3	T0	0fdbf3977c990123	1	1	512	-1	replay	none	0	none	-	-1	-	-	480	3.7182
1177	permuted	3	T0	0fdbf3977c990123	1	1	512	-1	replay	none	0	none	-	-1	-	-	474	3.7526
1178	permuted	3	T0	0fdbf3977c990123	1	1	512	-1	replay	none	0	none	-	-1	-	-	474	3.7120
1179	permuted	3	T0	0fdbf3977c990123	1	1	512	-1	replay	none	0	none	-	-1	-	-	472	3.7078
1180	permuted	3	T0	0fdbf3977c990123	1	1	512	-1	replay	none	0	none	-	-1	-	-	473	4.0415
1181	permuted	3	T0	0fdbf3977c990123	1	1	512	-1	replay	none	0	none	-	-1	-	-	473	3.7464
1182	permuted	3	T0	0fdbf3977c990123	1	1	512	-1	replay	none	0	none	-	-1	-	-	474	3.7252
1183	permuted	3	T0	0fdbf3977c990123	1	1	512	-1	replay	none	0	none	-	-1	-	-	475	3.7465
1184	permuted	3	T0	0fdbf3977c990123	1	1	512	-1	replay	none	0	none	-	-1	-	-	471	3.7283
1185	permuted	3	T0	0fdbf3977c990123	1	1	512	-1	replay	none	0	none	-	-1	-	-	475	3.7124
1186	permuted	3	T0	0fdbf3977c990123	1	1	512	-1	replay	none	0	none	-	-1	-	-	520	3.7675
1187	permuted	3	T0	0fdbf3977c990123	1	1	512	-1	replay	none	0	none	-	-1	-	-	482	3.7153
1188	permuted	3	T0	0fdbf3977c990123	1	1	512	-1	replay	none	0	none	-	-1	-	-	476	3.7517
1189	permuted	3	T0	0fdbf3977c990123	1	1	512	-1	replay	none	0	none	-	-1	-	-	478	3.7379
1190	permuted	3	T0	0fdbf3977c990123	1	1	512	-1	replay	none	0	none	-	-1	-	-	475	3.7178
1191	permuted	3	T0	0fdbf3977c990123	1	1	512	-1	replay	none	0	none	-	-1	-	-	477	3.7317
1192	permuted	3	T0	0fdbf3977c990123	1	1	512	-1	replay	none	0	none	-	-1	-	-	474	3.7496
1193	permuted	3	T0	0fdbf3977c990123	1	1	512	-1	replay	none	0	none	-	-1	-	-	478	3.7036
1194	permuted	3	T0	0fdbf3977c990123	1	1	512	-1	replay	none	0	none	-	-1	-	-	474	3.7413
1195	permuted	3	T0	0fdbf3977c990123	1	1	512	-1	replay	none	0	none	-	-1	-	-	477	3.7618
1196	permuted	3	T0	0fdbf3977c990123	1	1	512	-1	replay	none	0	none	-	-1	-	-	476	3.6990
1197	permuted	3	T0	0fdbf3977c990123	1	1	512	-1	replay	none	0	none	-	-1	-	-	509	3.7477
1198	permuted	3	T1	0fdbf3977c990123	1	1	512	-1	replay	none	0	none	-	-1	-	-	539	3.7515
1199	permuted	3	T1	da7570afdbb81394	252	0	256	-1	direct	none	1	structure	shape,data	0	GET_ROWS	model.input_embed	3182	16.0444
1200	permuted	3	T1	0fdbf3977c990123	1	1	512	-1	direct	none	0	structure	shape,data	0	GET_ROWS	model.input_embed	2263	4.2157
1201	permuted	3	T1	802ba1f19f5ea689	4	1	256	-1	direct	none	0	structure	shape,data	0	GET_ROWS	model.input_embed	2560	4.6079
1202	permuted	3	T2	d702fd6fe588b6cb	2	2	512	-1	direct	none	0	structure	shape,data	0	GET_ROWS	model.input_embed	2559	4.5578
1203	permuted	3	T2	d702fd6fe588b6cb	2	2	512	-1	capture	reinstantiate	0	none	-	-1	-	-	2668	6.2248
1204	permuted	3	T2	d702fd6fe588b6cb	2	2	512	-1	replay	none	0	none	-	-1	-	-	492	4.0459
1205	permuted	3	T2	d702fd6fe588b6cb	2	2	512	-1	replay	none	0	none	-	-1	-	-	477	4.0288
1206	permuted	3	T2	d702fd6fe588b6cb	2	2	512	-1	replay	none	0	none	-	-1	-	-	476	3.9968
1207	permuted	3	T2	d702fd6fe588b6cb	2	2	512	-1	replay	none	0	none	-	-1	-	-	511	4.0644
1208	permuted	3	T2	d702fd6fe588b6cb	2	2	512	-1	replay	none	0	none	-	-1	-	-	476	4.0221
1209	permuted	3	T2	d702fd6fe588b6cb	2	2	512	-1	replay	none	0	none	-	-1	-	-	480	4.0080
1210	permuted	3	T2	d702fd6fe588b6cb	2	2	512	-1	replay	none	0	none	-	-1	-	-	473	4.0341
1211	permuted	3	T2	d702fd6fe588b6cb	2	2	512	-1	replay	none	0	none	-	-1	-	-	476	4.0314
1212	permuted	3	T2	d702fd6fe588b6cb	2	2	512	-1	replay	none	0	none	-	-1	-	-	470	4.0377
1213	permuted	3	T2	d702fd6fe588b6cb	2	2	512	-1	replay	none	0	none	-	-1	-	-	472	4.0060
1214	permuted	3	T2	d702fd6fe588b6cb	2	2	512	-1	replay	none	0	none	-	-1	-	-	607	4.0338
1215	permuted	3	T2	d702fd6fe588b6cb	2	2	512	-1	replay	none	0	none	-	-1	-	-	474	4.0549
1216	permuted	3	T2	d702fd6fe588b6cb	2	2	512	-1	replay	none	0	none	-	-1	-	-	472	4.0454
1217	permuted	3	T2	d702fd6fe588b6cb	2	2	512	-1	replay	none	0	none	-	-1	-	-	474	3.9937
1218	permuted	3	T2	d702fd6fe588b6cb	2	2	512	-1	replay	none	0	none	-	-1	-	-	473	4.0507
1219	permuted	3	T2	d702fd6fe588b6cb	2	2	512	-1	replay	none	0	none	-	-1	-	-	472	4.0292
1220	permuted	3	T2	d702fd6fe588b6cb	2	2	512	-1	replay	none	0	none	-	-1	-	-	472	4.0204
1221	permuted	3	T2	d702fd6fe588b6cb	2	2	512	-1	replay	none	0	none	-	-1	-	-	475	4.0147
1222	permuted	3	T2	d702fd6fe588b6cb	2	2	512	-1	replay	none	0	none	-	-1	-	-	475	4.0300
1223	permuted	3	T2	d702fd6fe588b6cb	2	2	512	-1	replay	none	0	none	-	-1	-	-	476	4.0498
1224	permuted	3	T2	d702fd6fe588b6cb	2	2	512	-1	replay	none	0	none	-	-1	-	-	473	4.0097
1225	permuted	3	T2	d702fd6fe588b6cb	2	2	512	-1	replay	none	0	none	-	-1	-	-	472	4.0251
1226	permuted	3	T2	d702fd6fe588b6cb	2	2	512	-1	replay	none	0	none	-	-1	-	-	470	4.0425
1227	permuted	3	T2	d702fd6fe588b6cb	2	2	512	-1	replay	none	0	none	-	-1	-	-	470	4.0225
1228	permuted	3	T2	d702fd6fe588b6cb	2	2	512	-1	replay	none	0	none	-	-1	-	-	469	4.0120
1229	permuted	3	T2	d702fd6fe588b6cb	2	2	512	-1	replay	none	0	none	-	-1	-	-	469	4.0267
1230	permuted	3	T2	d702fd6fe588b6cb	2	2	512	-1	replay	none	0	none	-	-1	-	-	469	4.0336
1231	permuted	3	T2	d702fd6fe588b6cb	2	2	512	-1	replay	none	0	none	-	-1	-	-	469	4.0310
1232	permuted	3	T2	d702fd6fe588b6cb	2	2	512	-1	replay	none	0	none	-	-1	-	-	469	4.0048
1233	permuted	3	T3	0fdbf3977c990123	1	1	512	-1	direct	none	1	structure	shape,data	0	GET_ROWS	model.input_embed	2233	4.2052
1234	permuted	3	T3	0fdbf3977c990123	1	1	512	-1	capture	reinstantiate	0	none	-	-1	-	-	2301	5.5023
1235	permuted	3	T3	0fdbf3977c990123	1	1	512	-1	replay	none	0	none	-	-1	-	-	473	3.7319
1236	permuted	3	T3	0fdbf3977c990123	1	1	512	-1	replay	none	0	none	-	-1	-	-	473	3.7235
1237	permuted	3	T3	0fdbf3977c990123	1	1	512	-1	replay	none	0	none	-	-1	-	-	469	3.7396
1238	permuted	3	T3	0fdbf3977c990123	1	1	512	-1	replay	none	0	none	-	-1	-	-	470	3.7110
1239	permuted	3	T3	0fdbf3977c990123	1	1	512	-1	replay	none	0	none	-	-1	-	-	468	3.7252
1240	permuted	3	T3	0fdbf3977c990123	1	1	512	-1	replay	none	0	none	-	-1	-	-	469	3.7590
1241	permuted	3	T3	0fdbf3977c990123	1	1	512	-1	replay	none	0	none	-	-1	-	-	467	3.7221
1242	permuted	3	T3	0fdbf3977c990123	1	1	512	-1	replay	none	0	none	-	-1	-	-	470	3.7214
1243	permuted	3	T3	0fdbf3977c990123	1	1	512	-1	replay	none	0	none	-	-1	-	-	467	3.7508
1244	permuted	3	T3	0fdbf3977c990123	1	1	512	-1	replay	none	0	none	-	-1	-	-	469	3.7115
1245	permuted	3	T3	0fdbf3977c990123	1	1	512	-1	replay	none	0	none	-	-1	-	-	469	3.7261
1246	permuted	3	T3	0fdbf3977c990123	1	1	512	-1	replay	none	0	none	-	-1	-	-	471	3.7396
1247	permuted	3	T3	0fdbf3977c990123	1	1	512	-1	replay	none	0	none	-	-1	-	-	468	3.7111
1248	permuted	3	T3	0fdbf3977c990123	1	1	512	-1	replay	none	0	none	-	-1	-	-	477	3.7327
1249	permuted	3	T3	0fdbf3977c990123	1	1	512	-1	replay	none	0	none	-	-1	-	-	471	3.7429
1250	permuted	3	T3	0fdbf3977c990123	1	1	512	-1	replay	none	0	none	-	-1	-	-	470	3.7155
1251	permuted	3	T3	0fdbf3977c990123	1	1	512	-1	replay	none	0	none	-	-1	-	-	474	3.7701
1252	permuted	3	T3	0fdbf3977c990123	1	1	512	-1	replay	none	0	none	-	-1	-	-	468	3.7244
1253	permuted	3	T3	0fdbf3977c990123	1	1	512	-1	replay	none	0	none	-	-1	-	-	470	3.7262
1254	permuted	3	T3	0fdbf3977c990123	1	1	512	-1	replay	none	0	none	-	-1	-	-	466	3.7444
1255	permuted	3	T3	0fdbf3977c990123	1	1	512	-1	replay	none	0	none	-	-1	-	-	470	3.7563
1256	permuted	3	T3	0fdbf3977c990123	1	1	512	-1	replay	none	0	none	-	-1	-	-	469	3.6991
1257	permuted	3	T3	0fdbf3977c990123	1	1	512	-1	replay	none	0	none	-	-1	-	-	470	3.7515
1258	permuted	3	T3	0fdbf3977c990123	1	1	512	-1	replay	none	0	none	-	-1	-	-	470	3.7321
1259	permuted	3	T3	0fdbf3977c990123	1	1	512	-1	replay	none	0	none	-	-1	-	-	471	3.7110
1260	permuted	3	T3	0fdbf3977c990123	1	1	512	-1	replay	none	0	none	-	-1	-	-	470	3.7649
1261	permuted	3	T3	0fdbf3977c990123	1	1	512	-1	replay	none	0	none	-	-1	-	-	477	3.7166
1262	permuted	3	T3	0fdbf3977c990123	1	1	512	-1	replay	none	0	none	-	-1	-	-	475	3.7570
1263	permuted	3	T3	0fdbf3977c990123	1	1	512	-1	replay	none	0	none	-	-1	-	-	473	4.0565
1264	permuted	3	T3	0fdbf3977c990123	1	1	512	-1	replay	none	0	none	-	-1	-	-	483	3.7516
1265	permuted	3	T3	0fdbf3977c990123	1	1	512	-1	replay	none	0	none	-	-1	-	-	469	3.7272
1266	permuted	3	T3	0fdbf3977c990123	1	1	512	-1	replay	none	0	none	-	-1	-	-	477	3.8143
1267	permuted	3	T3	0fdbf3977c990123	1	1	512	-1	replay	none	0	none	-	-1	-	-	473	3.7974
1268	permuted	3	T3	0fdbf3977c990123	1	1	512	-1	replay	none	0	none	-	-1	-	-	471	3.6969
1269	permuted	3	T3	0fdbf3977c990123	1	1	512	-1	replay	none	0	none	-	-1	-	-	468	3.7228
1270	permuted	3	T3	0fdbf3977c990123	1	1	512	-1	replay	none	0	none	-	-1	-	-	468	3.7525
1271	permuted	3	T3	0fdbf3977c990123	1	1	512	-1	replay	none	0	none	-	-1	-	-	473	3.6920
1272	permuted	3	T3	0fdbf3977c990123	1	1	512	-1	replay	none	0	none	-	-1	-	-	468	3.7464
1273	permuted	3	T3	0fdbf3977c990123	1	1	512	-1	replay	none	0	none	-	-1	-	-	465	3.7282
1274	permuted	3	T3	0fdbf3977c990123	1	1	512	-1	replay	none	0	none	-	-1	-	-	469	3.7374
1275	permuted	3	T3	0fdbf3977c990123	1	1	512	-1	replay	none	0	none	-	-1	-	-	470	3.7437
1276	permuted	3	T3	0fdbf3977c990123	1	1	512	-1	replay	none	0	none	-	-1	-	-	465	3.7457
1277	permuted	3	T3	0fdbf3977c990123	1	1	512	-1	replay	none	0	none	-	-1	-	-	481	3.7194
1278	permuted	3	T3	0fdbf3977c990123	1	1	512	-1	replay	none	0	none	-	-1	-	-	466	3.7589
1279	permuted	3	T3	0fdbf3977c990123	1	1	512	-1	replay	none	0	none	-	-1	-	-	468	3.7125
1280	permuted	3	T3	0fdbf3977c990123	1	1	512	-1	replay	none	0	none	-	-1	-	-	468	3.7135
1281	permuted	3	T3	0fdbf3977c990123	1	1	512	-1	replay	none	0	none	-	-1	-	-	469	3.7495
1282	permuted	3	T3	0fdbf3977c990123	1	1	512	-1	replay	none	0	none	-	-1	-	-	465	3.7413
1283	permuted	3	T3	0fdbf3977c990123	1	1	512	-1	replay	none	0	none	-	-1	-	-	469	3.7099
1284	permuted	3	T3	0fdbf3977c990123	1	1	512	-1	replay	none	0	none	-	-1	-	-	464	3.7487
1285	permuted	3	T3	0fdbf3977c990123	1	1	512	-1	replay	none	0	none	-	-1	-	-	468	3.7315
1286	permuted	3	T3	0fdbf3977c990123	1	1	512	-1	replay	none	0	none	-	-1	-	-	466	3.7211
1287	permuted	3	T3	0fdbf3977c990123	1	1	512	-1	replay	none	0	none	-	-1	-	-	466	3.7542
1288	permuted	3	T3	0fdbf3977c990123	1	1	512	-1	replay	none	0	none	-	-1	-	-	476	3.7100
1289	permuted	3	T3	0fdbf3977c990123	1	1	512	-1	replay	none	0	none	-	-1	-	-	468	3.7297
1290	permuted	3	T3	0fdbf3977c990123	1	1	512	-1	replay	none	0	none	-	-1	-	-	464	3.7329
1291	permuted	3	T3	0fdbf3977c990123	1	1	512	-1	replay	none	0	none	-	-1	-	-	468	3.7054
1292	permuted	3	T3	0fdbf3977c990123	1	1	512	-1	replay	none	0	none	-	-1	-	-	467	3.7528
1293	permuted	3	T3	0fdbf3977c990123	1	1	512	-1	replay	none	0	none	-	-1	-	-	475	3.7447
1294	permuted	3	T3	0fdbf3977c990123	1	1	512	-1	replay	none	0	none	-	-1	-	-	463	3.7191
1295	permuted	3	T3	0fdbf3977c990123	1	1	512	-1	replay	none	0	none	-	-1	-	-	469	3.7460
1296	permuted	3	T3	0fdbf3977c990123	1	1	512	-1	replay	none	0	none	-	-1	-	-	465	3.7674
1297	permuted	3	T3	0fdbf3977c990123	1	1	512	-1	replay	none	0	none	-	-1	-	-	465	3.6956
1298	permuted	3	T3	0fdbf3977c990123	1	1	512	-1	replay	none	0	none	-	-1	-	-	464	3.7518
1299	permuted	3	T3	0fdbf3977c990123	1	1	512	-1	replay	none	0	none	-	-1	-	-	468	3.7312
1300	permuted	3	T3	0fdbf3977c990123	1	1	512	-1	replay	none	0	none	-	-1	-	-	468	3.7083
1301	permuted	3	T3	0fdbf3977c990123	1	1	512	-1	replay	none	0	none	-	-1	-	-	465	3.7519
1302	permuted	3	T3	0fdbf3977c990123	1	1	512	-1	replay	none	0	none	-	-1	-	-	466	3.7190
1303	permuted	4	T0	5e879b663492f411	4	1	256	-1	direct	none	1	structure	shape,data	0	GET_ROWS	model.input_embed	2626	4.6441
1304	permuted	4	T0	0fdbf3977c990123	1	1	512	-1	direct	none	0	structure	shape,data	0	GET_ROWS	model.input_embed	2356	4.2457
1305	permuted	4	T0	0fdbf3977c990123	1	1	512	-1	capture	update	0	none	-	-1	-	-	1695	4.9704
1306	permuted	4	T0	0fdbf3977c990123	1	1	512	-1	replay	none	0	none	-	-1	-	-	481	3.7148
1307	permuted	4	T0	0fdbf3977c990123	1	1	512	-1	replay	none	0	none	-	-1	-	-	474	3.7390
1308	permuted	4	T0	0fdbf3977c990123	1	1	512	-1	replay	none	0	none	-	-1	-	-	500	3.7498
1309	permuted	4	T0	0fdbf3977c990123	1	1	512	-1	replay	none	0	none	-	-1	-	-	475	3.7126
1310	permuted	4	T0	0fdbf3977c990123	1	1	512	-1	replay	none	0	none	-	-1	-	-	475	3.7290
1311	permuted	4	T0	0fdbf3977c990123	1	1	512	-1	replay	none	0	none	-	-1	-	-	471	3.7425
1312	permuted	4	T0	0fdbf3977c990123	1	1	512	-1	replay	none	0	none	-	-1	-	-	474	3.7101
1313	permuted	4	T0	0fdbf3977c990123	1	1	512	-1	replay	none	0	none	-	-1	-	-	480	3.7240
1314	permuted	4	T0	0fdbf3977c990123	1	1	512	-1	replay	none	0	none	-	-1	-	-	477	3.7442
1315	permuted	4	T0	0fdbf3977c990123	1	1	512	-1	replay	none	0	none	-	-1	-	-	472	3.7080
1316	permuted	4	T0	0fdbf3977c990123	1	1	512	-1	replay	none	0	none	-	-1	-	-	475	3.7536
1317	permuted	4	T0	0fdbf3977c990123	1	1	512	-1	replay	none	0	none	-	-1	-	-	471	3.7328
1318	permuted	4	T0	0fdbf3977c990123	1	1	512	-1	replay	none	0	none	-	-1	-	-	474	3.7259
1319	permuted	4	T0	0fdbf3977c990123	1	1	512	-1	replay	none	0	none	-	-1	-	-	485	3.7349
1320	permuted	4	T0	0fdbf3977c990123	1	1	512	-1	replay	none	0	none	-	-1	-	-	476	3.7369
1321	permuted	4	T0	0fdbf3977c990123	1	1	512	-1	replay	none	0	none	-	-1	-	-	471	3.6936
1322	permuted	4	T0	0fdbf3977c990123	1	1	512	-1	replay	none	0	none	-	-1	-	-	473	3.7393
1323	permuted	4	T0	0fdbf3977c990123	1	1	512	-1	replay	none	0	none	-	-1	-	-	471	3.7223
1324	permuted	4	T0	0fdbf3977c990123	1	1	512	-1	replay	none	0	none	-	-1	-	-	474	3.7061
1325	permuted	4	T0	0fdbf3977c990123	1	1	512	-1	replay	none	0	none	-	-1	-	-	471	3.7654
1326	permuted	4	T0	0fdbf3977c990123	1	1	512	-1	replay	none	0	none	-	-1	-	-	472	3.7212
1327	permuted	4	T0	0fdbf3977c990123	1	1	512	-1	replay	none	0	none	-	-1	-	-	473	3.7417
1328	permuted	4	T1	0fdbf3977c990123	1	1	512	-1	replay	none	0	none	-	-1	-	-	474	3.7456
1329	permuted	4	T1	da7570afdbb81394	252	0	256	-1	direct	none	1	structure	shape,data	0	GET_ROWS	model.input_embed	3153	16.0566
1330	permuted	4	T1	0fdbf3977c990123	1	1	512	-1	direct	none	0	structure	shape,data	0	GET_ROWS	model.input_embed	2221	4.2147
1331	permuted	4	T1	802ba1f19f5ea689	4	1	256	-1	direct	none	0	structure	shape,data	0	GET_ROWS	model.input_embed	2533	4.5772
1332	permuted	4	T2	d702fd6fe588b6cb	2	2	512	-1	direct	none	0	structure	shape,data	0	GET_ROWS	model.input_embed	2463	4.5647
1333	permuted	4	T2	d702fd6fe588b6cb	2	2	512	-1	capture	reinstantiate	0	none	-	-1	-	-	2601	6.1462
1334	permuted	4	T2	d702fd6fe588b6cb	2	2	512	-1	replay	none	0	none	-	-1	-	-	484	4.0627
1335	permuted	4	T2	d702fd6fe588b6cb	2	2	512	-1	replay	none	0	none	-	-1	-	-	478	4.0217
1336	permuted	4	T2	d702fd6fe588b6cb	2	2	512	-1	replay	none	0	none	-	-1	-	-	475	4.0102
1337	permuted	4	T2	d702fd6fe588b6cb	2	2	512	-1	replay	none	0	none	-	-1	-	-	477	4.0307
1338	permuted	4	T2	d702fd6fe588b6cb	2	2	512	-1	replay	none	0	none	-	-1	-	-	475	4.0330
1339	permuted	4	T2	d702fd6fe588b6cb	2	2	512	-1	replay	none	0	none	-	-1	-	-	475	4.0355
1340	permuted	4	T2	d702fd6fe588b6cb	2	2	512	-1	replay	none	0	none	-	-1	-	-	474	4.0110
1341	permuted	4	T2	d702fd6fe588b6cb	2	2	512	-1	replay	none	0	none	-	-1	-	-	477	4.0319
1342	permuted	4	T2	d702fd6fe588b6cb	2	2	512	-1	replay	none	0	none	-	-1	-	-	472	4.0573
1343	permuted	4	T2	d702fd6fe588b6cb	2	2	512	-1	replay	none	0	none	-	-1	-	-	477	4.0093
1344	permuted	4	T2	d702fd6fe588b6cb	2	2	512	-1	replay	none	0	none	-	-1	-	-	472	4.0985
1345	permuted	4	T2	d702fd6fe588b6cb	2	2	512	-1	replay	none	0	none	-	-1	-	-	471	4.0771
1346	permuted	4	T2	d702fd6fe588b6cb	2	2	512	-1	replay	none	0	none	-	-1	-	-	496	4.0249
1347	permuted	4	T2	d702fd6fe588b6cb	2	2	512	-1	replay	none	0	none	-	-1	-	-	476	4.0291
1348	permuted	4	T2	d702fd6fe588b6cb	2	2	512	-1	replay	none	0	none	-	-1	-	-	474	4.0089
1349	permuted	4	T2	d702fd6fe588b6cb	2	2	512	-1	replay	none	0	none	-	-1	-	-	474	4.0273
1350	permuted	4	T2	d702fd6fe588b6cb	2	2	512	-1	replay	none	0	none	-	-1	-	-	474	4.0326
1351	permuted	4	T2	d702fd6fe588b6cb	2	2	512	-1	replay	none	0	none	-	-1	-	-	475	4.0090
1352	permuted	4	T2	d702fd6fe588b6cb	2	2	512	-1	replay	none	0	none	-	-1	-	-	473	4.0325
1353	permuted	4	T2	d702fd6fe588b6cb	2	2	512	-1	replay	none	0	none	-	-1	-	-	474	4.0451
1354	permuted	4	T2	d702fd6fe588b6cb	2	2	512	-1	replay	none	0	none	-	-1	-	-	471	4.0101
1355	permuted	4	T2	d702fd6fe588b6cb	2	2	512	-1	replay	none	0	none	-	-1	-	-	472	4.0328
1356	permuted	4	T2	d702fd6fe588b6cb	2	2	512	-1	replay	none	0	none	-	-1	-	-	482	4.0339
1357	permuted	4	T2	d702fd6fe588b6cb	2	2	512	-1	replay	none	0	none	-	-1	-	-	471	4.0391
1358	permuted	4	T2	d702fd6fe588b6cb	2	2	512	-1	replay	none	0	none	-	-1	-	-	472	4.0289
1359	permuted	4	T2	d702fd6fe588b6cb	2	2	512	-1	replay	none	0	none	-	-1	-	-	472	4.0086
1360	permuted	4	T2	d702fd6fe588b6cb	2	2	512	-1	replay	none	0	none	-	-1	-	-	470	4.0421
1361	permuted	4	T2	d702fd6fe588b6cb	2	2	512	-1	replay	none	0	none	-	-1	-	-	471	4.0226
1362	permuted	4	T2	d702fd6fe588b6cb	2	2	512	-1	replay	none	0	none	-	-1	-	-	470	4.0020
1363	permuted	4	T3	0fdbf3977c990123	1	1	512	-1	direct	none	1	structure	shape,data	0	GET_ROWS	model.input_embed	2231	4.2089
1364	permuted	4	T3	0fdbf3977c990123	1	1	512	-1	capture	reinstantiate	0	none	-	-1	-	-	2356	5.6176
1365	permuted	4	T3	0fdbf3977c990123	1	1	512	-1	replay	none	0	none	-	-1	-	-	475	3.7487
1366	permuted	4	T3	0fdbf3977c990123	1	1	512	-1	replay	none	0	none	-	-1	-	-	478	3.7012
1367	permuted	4	T3	0fdbf3977c990123	1	1	512	-1	replay	none	0	none	-	-1	-	-	470	3.7366
1368	permuted	4	T3	0fdbf3977c990123	1	1	512	-1	replay	none	0	none	-	-1	-	-	473	3.7441
1369	permuted	4	T3	0fdbf3977c990123	1	1	512	-1	replay	none	0	none	-	-1	-	-	470	3.7032
1370	permuted	4	T3	0fdbf3977c990123	1	1	512	-1	replay	none	0	none	-	-1	-	-	468	3.7657
1371	permuted	4	T3	0fdbf3977c990123	1	1	512	-1	replay	none	0	none	-	-1	-	-	471	3.7266
1372	permuted	4	T3	0fdbf3977c990123	1	1	512	-1	replay	none	0	none	-	-1	-	-	468	3.7247
1373	permuted	4	T3	0fdbf3977c990123	1	1	512	-1	replay	none	0	none	-	-1	-	-	471	3.7416
1374	permuted	4	T3	0fdbf3977c990123	1	1	512	-1	replay	none	0	none	-	-1	-	-	469	3.7289
1375	permuted	4	T3	0fdbf3977c990123	1	1	512	-1	replay	none	0	none	-	-1	-	-	471	3.7210
1376	permuted	4	T3	0fdbf3977c990123	1	1	512	-1	replay	none	0	none	-	-1	-	-	469	3.7449
1377	permuted	4	T3	0fdbf3977c990123	1	1	512	-1	replay	none	0	none	-	-1	-	-	473	3.7302
1378	permuted	4	T3	0fdbf3977c990123	1	1	512	-1	replay	none	0	none	-	-1	-	-	469	3.7282
1379	permuted	4	T3	0fdbf3977c990123	1	1	512	-1	replay	none	0	none	-	-1	-	-	470	3.7719
1380	permuted	4	T3	0fdbf3977c990123	1	1	512	-1	replay	none	0	none	-	-1	-	-	477	3.7121
1381	permuted	4	T3	0fdbf3977c990123	1	1	512	-1	replay	none	0	none	-	-1	-	-	475	3.7487
1382	permuted	4	T3	0fdbf3977c990123	1	1	512	-1	replay	none	0	none	-	-1	-	-	471	3.7475
1383	permuted	4	T3	0fdbf3977c990123	1	1	512	-1	replay	none	0	none	-	-1	-	-	472	3.7115
1384	permuted	4	T3	0fdbf3977c990123	1	1	512	-1	replay	none	0	none	-	-1	-	-	470	3.7420
1385	permuted	4	T3	0fdbf3977c990123	1	1	512	-1	replay	none	0	none	-	-1	-	-	477	3.7417
1386	permuted	4	T3	0fdbf3977c990123	1	1	512	-1	replay	none	0	none	-	-1	-	-	473	3.7234
1387	permuted	4	T3	0fdbf3977c990123	1	1	512	-1	replay	none	0	none	-	-1	-	-	468	3.7269
1388	permuted	4	T3	0fdbf3977c990123	1	1	512	-1	replay	none	0	none	-	-1	-	-	473	3.7548
1389	permuted	4	T3	0fdbf3977c990123	1	1	512	-1	replay	none	0	none	-	-1	-	-	470	3.7072
1390	permuted	4	T3	0fdbf3977c990123	1	1	512	-1	replay	none	0	none	-	-1	-	-	471	3.7624
1391	permuted	4	T3	0fdbf3977c990123	1	1	512	-1	replay	none	0	none	-	-1	-	-	467	3.7249
1392	permuted	4	T3	0fdbf3977c990123	1	1	512	-1	replay	none	0	none	-	-1	-	-	469	3.7103
1393	permuted	4	T3	0fdbf3977c990123	1	1	512	-1	replay	none	0	none	-	-1	-	-	467	3.7401
1394	permuted	4	T3	0fdbf3977c990123	1	1	512	-1	replay	none	0	none	-	-1	-	-	470	3.7228
1395	permuted	4	T3	0fdbf3977c990123	1	1	512	-1	replay	none	0	none	-	-1	-	-	467	3.7132
1396	permuted	4	T3	0fdbf3977c990123	1	1	512	-1	replay	none	0	none	-	-1	-	-	473	3.7469
1397	permuted	4	T3	0fdbf3977c990123	1	1	512	-1	replay	none	0	none	-	-1	-	-	468	3.7182
1398	permuted	4	T3	0fdbf3977c990123	1	1	512	-1	replay	none	0	none	-	-1	-	-	471	3.7125
1399	permuted	4	T3	0fdbf3977c990123	1	1	512	-1	replay	none	0	none	-	-1	-	-	470	3.7737
1400	permuted	4	T3	0fdbf3977c990123	1	1	512	-1	replay	none	0	none	-	-1	-	-	469	3.7193
1401	permuted	4	T3	0fdbf3977c990123	1	1	512	-1	replay	none	0	none	-	-1	-	-	469	3.7317
1402	permuted	4	T3	0fdbf3977c990123	1	1	512	-1	replay	none	0	none	-	-1	-	-	469	3.7378
1403	permuted	4	T3	0fdbf3977c990123	1	1	512	-1	replay	none	0	none	-	-1	-	-	467	3.7178
1404	permuted	4	T3	0fdbf3977c990123	1	1	512	-1	replay	none	0	none	-	-1	-	-	469	3.7382
1405	permuted	4	T3	0fdbf3977c990123	1	1	512	-1	replay	none	0	none	-	-1	-	-	468	3.7479
1406	permuted	4	T3	0fdbf3977c990123	1	1	512	-1	replay	none	0	none	-	-1	-	-	469	3.7212
1407	permuted	4	T3	0fdbf3977c990123	1	1	512	-1	replay	none	0	none	-	-1	-	-	467	3.7300
1408	permuted	4	T3	0fdbf3977c990123	1	1	512	-1	replay	none	0	none	-	-1	-	-	472	3.7652
1409	permuted	4	T3	0fdbf3977c990123	1	1	512	-1	replay	none	0	none	-	-1	-	-	474	3.7056
1410	permuted	4	T3	0fdbf3977c990123	1	1	512	-1	replay	none	0	none	-	-1	-	-	470	3.7540
1411	permuted	4	T3	0fdbf3977c990123	1	1	512	-1	replay	none	0	none	-	-1	-	-	470	3.7441
1412	permuted	4	T3	0fdbf3977c990123	1	1	512	-1	replay	none	0	none	-	-1	-	-	467	3.7004
1413	permuted	4	T3	0fdbf3977c990123	1	1	512	-1	replay	none	0	none	-	-1	-	-	469	3.7374
1414	permuted	4	T3	0fdbf3977c990123	1	1	512	-1	replay	none	0	none	-	-1	-	-	467	3.7329
1415	permuted	4	T3	0fdbf3977c990123	1	1	512	-1	replay	none	0	none	-	-1	-	-	468	3.7264
1416	permuted	4	T3	0fdbf3977c990123	1	1	512	-1	replay	none	0	none	-	-1	-	-	466	3.7396
1417	permuted	4	T3	0fdbf3977c990123	1	1	512	-1	replay	none	0	none	-	-1	-	-	468	3.7400
1418	permuted	4	T3	0fdbf3977c990123	1	1	512	-1	replay	none	0	none	-	-1	-	-	465	3.7192
1419	permuted	4	T3	0fdbf3977c990123	1	1	512	-1	replay	none	0	none	-	-1	-	-	471	3.7631
1420	permuted	4	T3	0fdbf3977c990123	1	1	512	-1	replay	none	0	none	-	-1	-	-	511	3.7179
1421	permuted	4	T3	0fdbf3977c990123	1	1	512	-1	replay	none	0	none	-	-1	-	-	472	3.7122
1422	permuted	4	T3	0fdbf3977c990123	1	1	512	-1	replay	none	0	none	-	-1	-	-	467	3.7566
1423	permuted	4	T3	0fdbf3977c990123	1	1	512	-1	replay	none	0	none	-	-1	-	-	469	3.7082
1424	permuted	4	T3	0fdbf3977c990123	1	1	512	-1	replay	none	0	none	-	-1	-	-	465	3.7378
1425	permuted	4	T3	0fdbf3977c990123	1	1	512	-1	replay	none	0	none	-	-1	-	-	471	3.7476
1426	permuted	4	T3	0fdbf3977c990123	1	1	512	-1	replay	none	0	none	-	-1	-	-	465	3.7354
1427	permuted	4	T3	0fdbf3977c990123	1	1	512	-1	replay	none	0	none	-	-1	-	-	468	3.7236
1428	permuted	4	T3	0fdbf3977c990123	1	1	512	-1	replay	none	0	none	-	-1	-	-	465	3.7643
1429	permuted	4	T3	0fdbf3977c990123	1	1	512	-1	replay	none	0	none	-	-1	-	-	466	3.7097
1430	permuted	4	T3	0fdbf3977c990123	1	1	512	-1	replay	none	0	none	-	-1	-	-	467	3.7434
1431	permuted	4	T3	0fdbf3977c990123	1	1	512	-1	replay	none	0	none	-	-1	-	-	465	3.7317
1432	permuted	4	T3	0fdbf3977c990123	1	1	512	-1	replay	none	0	none	-	-1	-	-	539	3.7172
1433	permuted	5	T0	5e879b663492f411	4	1	256	-1	direct	none	1	structure	shape,data	0	GET_ROWS	model.input_embed	2600	4.6382
1434	permuted	5	T0	0fdbf3977c990123	1	1	512	-1	direct	none	0	structure	shape,data	0	GET_ROWS	model.input_embed	2233	4.1934
1435	permuted	5	T0	0fdbf3977c990123	1	1	512	-1	capture	update	0	none	-	-1	-	-	1643	4.9132
1436	permuted	5	T0	0fdbf3977c990123	1	1	512	-1	replay	none	0	none	-	-1	-	-	476	3.7036
1437	permuted	5	T0	0fdbf3977c990123	1	1	512	-1	replay	none	0	none	-	-1	-	-	479	3.7559
1438	permuted	5	T0	0fdbf3977c990123	1	1	512	-1	replay	none	0	none	-	-1	-	-	472	3.7283
1439	permuted	5	T0	0fdbf3977c990123	1	1	512	-1	replay	none	0	none	-	-1	-	-	477	3.7355
1440	permuted	5	T0	0fdbf3977c990123	1	1	512	-1	replay	none	0	none	-	-1	-	-	473	3.7326
1441	permuted	5	T0	0fdbf3977c990123	1	1	512	-1	replay	none	0	none	-	-1	-	-	487	3.7470
1442	permuted	5	T0	0fdbf3977c990123	1	1	512	-1	replay	none	0	none	-	-1	-	-	476	3.7119
1443	permuted	5	T0	0fdbf3977c990123	1	1	512	-1	replay	none	0	none	-	-1	-	-	472	3.7353
1444	permuted	5	T0	0fdbf3977c990123	1	1	512	-1	replay	none	0	none	-	-1	-	-	474	3.7129
1445	permuted	5	T0	0fdbf3977c990123	1	1	512	-1	replay	none	0	none	-	-1	-	-	472	3.7075
1446	permuted	5	T0	0fdbf3977c990123	1	1	512	-1	replay	none	0	none	-	-1	-	-	473	3.7533
1447	permuted	5	T0	0fdbf3977c990123	1	1	512	-1	replay	none	0	none	-	-1	-	-	471	3.7121
1448	permuted	5	T0	0fdbf3977c990123	1	1	512	-1	replay	none	0	none	-	-1	-	-	473	3.7339
1449	permuted	5	T0	0fdbf3977c990123	1	1	512	-1	replay	none	0	none	-	-1	-	-	471	3.7462
1450	permuted	5	T0	0fdbf3977c990123	1	1	512	-1	replay	none	0	none	-	-1	-	-	475	3.7596
1451	permuted	5	T0	0fdbf3977c990123	1	1	512	-1	replay	none	0	none	-	-1	-	-	471	3.7509
1452	permuted	5	T0	0fdbf3977c990123	1	1	512	-1	replay	none	0	none	-	-1	-	-	488	3.7512
1453	permuted	5	T0	0fdbf3977c990123	1	1	512	-1	replay	none	0	none	-	-1	-	-	473	3.7099
1454	permuted	5	T0	0fdbf3977c990123	1	1	512	-1	replay	none	0	none	-	-1	-	-	476	3.7163
1455	permuted	5	T0	0fdbf3977c990123	1	1	512	-1	replay	none	0	none	-	-1	-	-	472	3.7430
1456	permuted	5	T0	0fdbf3977c990123	1	1	512	-1	replay	none	0	none	-	-1	-	-	471	3.7135
1457	permuted	5	T0	0fdbf3977c990123	1	1	512	-1	replay	none	0	none	-	-1	-	-	471	3.7534
1458	permuted	5	T1	0fdbf3977c990123	1	1	512	-1	replay	none	0	none	-	-1	-	-	474	3.7537
1459	permuted	5	T1	da7570afdbb81394	252	0	256	-1	direct	none	1	structure	shape,data	0	GET_ROWS	model.input_embed	3164	16.0760
1460	permuted	5	T1	0fdbf3977c990123	1	1	512	-1	direct	none	0	structure	shape,data	0	GET_ROWS	model.input_embed	2172	4.2103
1461	permuted	5	T1	802ba1f19f5ea689	4	1	256	-1	direct	none	0	structure	shape,data	0	GET_ROWS	model.input_embed	2492	4.5702
1462	permuted	5	T2	d702fd6fe588b6cb	2	2	512	-1	direct	none	0	structure	shape,data	0	GET_ROWS	model.input_embed	2533	4.5614
1463	permuted	5	T2	d702fd6fe588b6cb	2	2	512	-1	capture	reinstantiate	0	none	-	-1	-	-	2665	6.2100
1464	permuted	5	T2	d702fd6fe588b6cb	2	2	512	-1	replay	none	0	none	-	-1	-	-	480	4.0420
1465	permuted	5	T2	d702fd6fe588b6cb	2	2	512	-1	replay	none	0	none	-	-1	-	-	479	4.0202
1466	permuted	5	T2	d702fd6fe588b6cb	2	2	512	-1	replay	none	0	none	-	-1	-	-	479	4.0139
1467	permuted	5	T2	d702fd6fe588b6cb	2	2	512	-1	replay	none	0	none	-	-1	-	-	476	4.0608
1468	permuted	5	T2	d702fd6fe588b6cb	2	2	512	-1	replay	none	0	none	-	-1	-	-	476	4.0397
1469	permuted	5	T2	d702fd6fe588b6cb	2	2	512	-1	replay	none	0	none	-	-1	-	-	477	4.0034
1470	permuted	5	T2	d702fd6fe588b6cb	2	2	512	-1	replay	none	0	none	-	-1	-	-	473	4.0405
1471	permuted	5	T2	d702fd6fe588b6cb	2	2	512	-1	replay	none	0	none	-	-1	-	-	473	4.0380
1472	permuted	5	T2	d702fd6fe588b6cb	2	2	512	-1	replay	none	0	none	-	-1	-	-	473	4.0295
1473	permuted	5	T2	d702fd6fe588b6cb	2	2	512	-1	replay	none	0	none	-	-1	-	-	473	4.0009
1474	permuted	5	T2	d702fd6fe588b6cb	2	2	512	-1	replay	none	0	none	-	-1	-	-	473	4.0140
1475	permuted	5	T2	d702fd6fe588b6cb	2	2	512	-1	replay	none	0	none	-	-1	-	-	472	4.0540
1476	permuted	5	T2	d702fd6fe588b6cb	2	2	512	-1	replay	none	0	none	-	-1	-	-	472	4.0196
1477	permuted	5	T2	d702fd6fe588b6cb	2	2	512	-1	replay	none	0	none	-	-1	-	-	472	4.0151
1478	permuted	5	T2	d702fd6fe588b6cb	2	2	512	-1	replay	none	0	none	-	-1	-	-	474	4.0419
1479	permuted	5	T2	d702fd6fe588b6cb	2	2	512	-1	replay	none	0	none	-	-1	-	-	476	4.0282
1480	permuted	5	T2	d702fd6fe588b6cb	2	2	512	-1	replay	none	0	none	-	-1	-	-	475	4.0294
1481	permuted	5	T2	d702fd6fe588b6cb	2	2	512	-1	replay	none	0	none	-	-1	-	-	473	4.0232
1482	permuted	5	T2	d702fd6fe588b6cb	2	2	512	-1	replay	none	0	none	-	-1	-	-	474	4.0333
1483	permuted	5	T2	d702fd6fe588b6cb	2	2	512	-1	replay	none	0	none	-	-1	-	-	476	4.0282
1484	permuted	5	T2	d702fd6fe588b6cb	2	2	512	-1	replay	none	0	none	-	-1	-	-	474	3.9930
1485	permuted	5	T2	d702fd6fe588b6cb	2	2	512	-1	replay	none	0	none	-	-1	-	-	474	4.0337
1486	permuted	5	T2	d702fd6fe588b6cb	2	2	512	-1	replay	none	0	none	-	-1	-	-	474	4.0353
1487	permuted	5	T2	d702fd6fe588b6cb	2	2	512	-1	replay	none	0	none	-	-1	-	-	471	4.0124
1488	permuted	5	T2	d702fd6fe588b6cb	2	2	512	-1	replay	none	0	none	-	-1	-	-	471	4.0397
1489	permuted	5	T2	d702fd6fe588b6cb	2	2	512	-1	replay	none	0	none	-	-1	-	-	472	4.0204
1490	permuted	5	T2	d702fd6fe588b6cb	2	2	512	-1	replay	none	0	none	-	-1	-	-	471	4.0227
1491	permuted	5	T2	d702fd6fe588b6cb	2	2	512	-1	replay	none	0	none	-	-1	-	-	472	4.0243
1492	permuted	5	T2	d702fd6fe588b6cb	2	2	512	-1	replay	none	0	none	-	-1	-	-	471	4.0207
1493	permuted	5	T3	0fdbf3977c990123	1	1	512	-1	direct	none	1	structure	shape,data	0	GET_ROWS	model.input_embed	2231	4.2046
1494	permuted	5	T3	0fdbf3977c990123	1	1	512	-1	capture	reinstantiate	0	none	-	-1	-	-	2177	5.4547
1495	permuted	5	T3	0fdbf3977c990123	1	1	512	-1	replay	none	0	none	-	-1	-	-	473	3.7060
1496	permuted	5	T3	0fdbf3977c990123	1	1	512	-1	replay	none	0	none	-	-1	-	-	474	3.7333
1497	permuted	5	T3	0fdbf3977c990123	1	1	512	-1	replay	none	0	none	-	-1	-	-	470	3.7497
1498	permuted	5	T3	0fdbf3977c990123	1	1	512	-1	replay	none	0	none	-	-1	-	-	471	3.7300
1499	permuted	5	T3	0fdbf3977c990123	1	1	512	-1	replay	none	0	none	-	-1	-	-	470	3.7223
1500	permuted	5	T3	0fdbf3977c990123	1	1	512	-1	replay	none	0	none	-	-1	-	-	471	3.7641
1501	permuted	5	T3	0fdbf3977c990123	1	1	512	-1	replay	none	0	none	-	-1	-	-	469	3.7133
1502	permuted	5	T3	0fdbf3977c990123	1	1	512	-1	replay	none	0	none	-	-1	-	-	472	3.7460
1503	permuted	5	T3	0fdbf3977c990123	1	1	512	-1	replay	none	0	none	-	-1	-	-	469	3.7300
1504	permuted	5	T3	0fdbf3977c990123	1	1	512	-1	replay	none	0	none	-	-1	-	-	471	3.7115
1505	permuted	5	T3	0fdbf3977c990123	1	1	512	-1	replay	none	0	none	-	-1	-	-	469	3.7330
1506	permuted	5	T3	0fdbf3977c990123	1	1	512	-1	replay	none	0	none	-	-1	-	-	471	3.7495
1507	permuted	5	T3	0fdbf3977c990123	1	1	512	-1	replay	none	0	none	-	-1	-	-	468	3.7064
1508	permuted	5	T3	0fdbf3977c990123	1	1	512	-1	replay	none	0	none	-	-1	-	-	470	3.7426
1509	permuted	5	T3	0fdbf3977c990123	1	1	512	-1	replay	none	0	none	-	-1	-	-	469	3.7410
1510	permuted	5	T3	0fdbf3977c990123	1	1	512	-1	replay	none	0	none	-	-1	-	-	474	3.7041
1511	permuted	5	T3	0fdbf3977c990123	1	1	512	-1	replay	none	0	none	-	-1	-	-	470	3.7658
1512	permuted	5	T3	0fdbf3977c990123	1	1	512	-1	replay	none	0	none	-	-1	-	-	472	3.7250
1513	permuted	5	T3	0fdbf3977c990123	1	1	512	-1	replay	none	0	none	-	-1	-	-	469	3.7204
1514	permuted	5	T3	0fdbf3977c990123	1	1	512	-1	replay	none	0	none	-	-1	-	-	471	3.7485
1515	permuted	5	T3	0fdbf3977c990123	1	1	512	-1	replay	none	0	none	-	-1	-	-	469	3.7259
1516	permuted	5	T3	0fdbf3977c990123	1	1	512	-1	replay	none	0	none	-	-1	-	-	471	3.7313
1517	permuted	5	T3	0fdbf3977c990123	1	1	512	-1	replay	none	0	none	-	-1	-	-	468	3.7500
1518	permuted	5	T3	0fdbf3977c990123	1	1	512	-1	replay	none	0	none	-	-1	-	-	468	3.7361
1519	permuted	5	T3	0fdbf3977c990123	1	1	512	-1	replay	none	0	none	-	-1	-	-	470	3.7276
1520	permuted	5	T3	0fdbf3977c990123	1	1	512	-1	replay	none	0	none	-	-1	-	-	471	3.7715
1521	permuted	5	T3	0fdbf3977c990123	1	1	512	-1	replay	none	0	none	-	-1	-	-	472	3.7090
1522	permuted	5	T3	0fdbf3977c990123	1	1	512	-1	replay	none	0	none	-	-1	-	-	469	3.7439
1523	permuted	5	T3	0fdbf3977c990123	1	1	512	-1	replay	none	0	none	-	-1	-	-	472	3.7482
1524	permuted	5	T3	0fdbf3977c990123	1	1	512	-1	replay	none	0	none	-	-1	-	-	468	3.7064
1525	permuted	5	T3	0fdbf3977c990123	1	1	512	-1	replay	none	0	none	-	-1	-	-	470	3.7458
1526	permuted	5	T3	0fdbf3977c990123	1	1	512	-1	replay	none	0	none	-	-1	-	-	468	3.7385
1527	permuted	5	T3	0fdbf3977c990123	1	1	512	-1	replay	none	0	none	-	-1	-	-	472	3.7303
1528	permuted	5	T3	0fdbf3977c990123	1	1	512	-1	replay	none	0	none	-	-1	-	-	468	3.7339
1529	permuted	5	T3	0fdbf3977c990123	1	1	512	-1	replay	none	0	none	-	-1	-	-	471	3.7563
1530	permuted	5	T3	0fdbf3977c990123	1	1	512	-1	replay	none	0	none	-	-1	-	-	467	3.7147
1531	permuted	5	T3	0fdbf3977c990123	1	1	512	-1	replay	none	0	none	-	-1	-	-	470	3.7487
1532	permuted	5	T3	0fdbf3977c990123	1	1	512	-1	replay	none	0	none	-	-1	-	-	471	3.7205
1533	permuted	5	T3	0fdbf3977c990123	1	1	512	-1	replay	none	0	none	-	-1	-	-	471	3.7085
1534	permuted	5	T3	0fdbf3977c990123	1	1	512	-1	replay	none	0	none	-	-1	-	-	468	3.7437
1535	permuted	5	T3	0fdbf3977c990123	1	1	512	-1	replay	none	0	none	-	-1	-	-	473	3.7150
1536	permuted	5	T3	0fdbf3977c990123	1	1	512	-1	replay	none	0	none	-	-1	-	-	468	3.7228
1537	permuted	5	T3	0fdbf3977c990123	1	1	512	-1	replay	none	0	none	-	-1	-	-	470	3.7540
1538	permuted	5	T3	0fdbf3977c990123	1	1	512	-1	replay	none	0	none	-	-1	-	-	467	3.7227
1539	permuted	5	T3	0fdbf3977c990123	1	1	512	-1	replay	none	0	none	-	-1	-	-	468	3.7163
1540	permuted	5	T3	0fdbf3977c990123	1	1	512	-1	replay	none	0	none	-	-1	-	-	468	3.7628
1541	permuted	5	T3	0fdbf3977c990123	1	1	512	-1	replay	none	0	none	-	-1	-	-	468	3.7185
1542	permuted	5	T3	0fdbf3977c990123	1	1	512	-1	replay	none	0	none	-	-1	-	-	471	3.7215
1543	permuted	5	T3	0fdbf3977c990123	1	1	512	-1	replay	none	0	none	-	-1	-	-	469	3.7392
1544	permuted	5	T3	0fdbf3977c990123	1	1	512	-1	replay	none	0	none	-	-1	-	-	470	3.7128
1545	permuted	5	T3	0fdbf3977c990123	1	1	512	-1	replay	none	0	none	-	-1	-	-	468	3.7487
1546	permuted	5	T3	0fdbf3977c990123	1	1	512	-1	replay	none	0	none	-	-1	-	-	469	3.7494
1547	permuted	5	T3	0fdbf3977c990123	1	1	512	-1	replay	none	0	none	-	-1	-	-	468	3.7251
1548	permuted	5	T3	0fdbf3977c990123	1	1	512	-1	replay	none	0	none	-	-1	-	-	469	3.7377
1549	permuted	5	T3	0fdbf3977c990123	1	1	512	-1	replay	none	0	none	-	-1	-	-	467	3.7555
1550	permuted	5	T3	0fdbf3977c990123	1	1	512	-1	replay	none	0	none	-	-1	-	-	469	3.6945
1551	permuted	5	T3	0fdbf3977c990123	1	1	512	-1	replay	none	0	none	-	-1	-	-	467	4.0042
1552	permuted	5	T3	0fdbf3977c990123	1	1	512	-1	replay	none	0	none	-	-1	-	-	466	3.7425
1553	permuted	5	T3	0fdbf3977c990123	1	1	512	-1	replay	none	0	none	-	-1	-	-	469	3.7007
1554	permuted	5	T3	0fdbf3977c990123	1	1	512	-1	replay	none	0	none	-	-1	-	-	470	3.7389
1555	permuted	5	T3	0fdbf3977c990123	1	1	512	-1	replay	none	0	none	-	-1	-	-	471	3.7265
1556	permuted	5	T3	0fdbf3977c990123	1	1	512	-1	replay	none	0	none	-	-1	-	-	473	3.7279
1557	permuted	5	T3	0fdbf3977c990123	1	1	512	-1	replay	none	0	none	-	-1	-	-	473	3.7393
1558	permuted	5	T3	0fdbf3977c990123	1	1	512	-1	replay	none	0	none	-	-1	-	-	482	3.7433
1559	permuted	5	T3	0fdbf3977c990123	1	1	512	-1	replay	none	0	none	-	-1	-	-	470	3.7225
1560	permuted	5	T3	0fdbf3977c990123	1	1	512	-1	replay	none	0	none	-	-1	-	-	466	3.7635
1561	permuted	5	T3	0fdbf3977c990123	1	1	512	-1	replay	none	0	none	-	-1	-	-	469	3.7167
