graph_index	t_ns	mode	n_nodes	op	path	detail	src0_name	dst_name	src0_type	src1_type	dst_type	ne00	ne01	ne02	ne03	ne10	ne11	ne12	ne13	nb01	nb02	nb03	nb11	nb12	nb13	src0_contiguous	src1_contiguous	src0_transposed	batch_count	launches
0	1788292053211922929	eager	1927	MUL_MAT	MMVQ	-	blk.0.attn_gate.weight	z-0	q4_K	f32	f32	4096	4096	1	1	4096	2	1	1	2304	9437184	9437184	16384	32768	32768	1	1	0	1	1
0	1788292053211922929	eager	1927	MUL_MAT	MMVQ	-	blk.0.attn_qkv.weight	node_13	q6_K	f32	f32	4096	8192	1	1	4096	2	1	1	3360	27525120	27525120	16384	32768	32768	1	1	0	1	1
0	1788292053211922929	eager	1927	MUL_MAT	MMVQ	-	blk.0.ffn_down.weight	ffn_out-0	q6_K	f32	f32	12288	4096	1	1	12288	2	1	1	10080	41287680	41287680	49152	98304	98304	1	1	0	1	1
0	1788292053211922929	eager	1927	MUL_MAT	MMVQ	-	blk.0.ffn_gate.weight	ffn_gate-0	q4_K	f32	f32	4096	12288	1	1	4096	2	1	1	2304	28311552	28311552	16384	32768	32768	1	1	0	1	1
0	1788292053211922929	eager	1927	MUL_MAT	MMVQ	-	blk.0.ffn_up.weight	ffn_up-0	q4_K	f32	f32	4096	12288	1	1	4096	2	1	1	2304	28311552	28311552	16384	32768	32768	1	1	0	1	1
0	1788292053211922929	eager	1927	MUL_MAT	MMVQ	-	blk.0.ssm_alpha.weight	node_34	q4_K	f32	f32	4096	32	1	1	4096	2	1	1	2304	73728	73728	16384	32768	32768	1	1	0	1	1
0	1788292053211922929	eager	1927	MUL_MAT	MMVQ	-	blk.0.ssm_beta.weight	node_40	q4_K	f32	f32	4096	32	1	1	4096	2	1	1	2304	73728	73728	16384	32768	32768	1	1	0	1	1
0	1788292053211922929	eager	1927	MUL_MAT	MMVQ	-	blk.0.ssm_out.weight	linear_attn_out-0	q4_K	f32	f32	4096	4096	1	1	4096	2	1	1	2304	9437184	9437184	16384	32768	32768	1	1	0	1	1
0	1788292053211922929	eager	1927	MUL_MAT	MMVQ	-	blk.1.attn_gate.weight	z-1	q4_K	f32	f32	4096	4096	1	1	4096	2	1	1	2304	9437184	9437184	16384	32768	32768	1	1	0	1	1
0	1788292053211922929	eager	1927	MUL_MAT	MMVQ	-	blk.1.attn_qkv.weight	node_76	q6_K	f32	f32	4096	8192	1	1	4096	2	1	1	3360	27525120	27525120	16384	32768	32768	1	1	0	1	1
0	1788292053211922929	eager	1927	MUL_MAT	MMVQ	-	blk.1.ffn_down.weight	ffn_out-1	q6_K	f32	f32	12288	4096	1	1	12288	2	1	1	10080	41287680	41287680	49152	98304	98304	1	1	0	1	1
0	1788292053211922929	eager	1927	MUL_MAT	MMVQ	-	blk.1.ffn_gate.weight	ffn_gate-1	q4_K	f32	f32	4096	12288	1	1	4096	2	1	1	2304	28311552	28311552	16384	32768	32768	1	1	0	1	1
0	1788292053211922929	eager	1927	MUL_MAT	MMVQ	-	blk.1.ffn_up.weight	ffn_up-1	q4_K	f32	f32	4096	12288	1	1	4096	2	1	1	2304	28311552	28311552	16384	32768	32768	1	1	0	1	1
0	1788292053211922929	eager	1927	MUL_MAT	MMVQ	-	blk.1.ssm_alpha.weight	node_97	q4_K	f32	f32	4096	32	1	1	4096	2	1	1	2304	73728	73728	16384	32768	32768	1	1	0	1	1
0	1788292053211922929	eager	1927	MUL_MAT	MMVQ	-	blk.1.ssm_beta.weight	node_103	q4_K	f32	f32	4096	32	1	1	4096	2	1	1	2304	73728	73728	16384	32768	32768	1	1	0	1	1
0	1788292053211922929	eager	1927	MUL_MAT	MMVQ	-	blk.1.ssm_out.weight	linear_attn_out-1	q4_K	f32	f32	4096	4096	1	1	4096	2	1	1	2304	9437184	9437184	16384	32768	32768	1	1	0	1	1
0	1788292053211922929	eager	1927	MUL_MAT	MMVQ	-	blk.10.attn_gate.weight	z-10	q4_K	f32	f32	4096	4096	1	1	4096	2	1	1	2304	9437184	9437184	16384	32768	32768	1	1	0	1	1
0	1788292053211922929	eager	1927	MUL_MAT	MMVQ	-	blk.10.attn_qkv.weight	node_619	q4_K	f32	f32	4096	8192	1	1	4096	2	1	1	2304	18874368	18874368	16384	32768	32768	1	1	0	1	1
0	1788292053211922929	eager	1927	MUL_MAT	MMVQ	-	blk.10.ffn_down.weight	ffn_out-10	q4_K	f32	f32	12288	4096	1	1	12288	2	1	1	6912	28311552	28311552	49152	98304	98304	1	1	0	1	1
0	1788292053211922929	eager	1927	MUL_MAT	MMVQ	-	blk.10.ffn_gate.weight	ffn_gate-10	q4_K	f32	f32	4096	12288	1	1	4096	2	1	1	2304	28311552	28311552	16384	32768	32768	1	1	0	1	1
0	1788292053211922929	eager	1927	MUL_MAT	MMVQ	-	blk.10.ffn_up.weight	ffn_up-10	q4_K	f32	f32	4096	12288	1	1	4096	2	1	1	2304	28311552	28311552	16384	32768	32768	1	1	0	1	1
0	1788292053211922929	eager	1927	MUL_MAT	MMVQ	-	blk.10.ssm_alpha.weight	node_640	q4_K	f32	f32	4096	32	1	1	4096	2	1	1	2304	73728	73728	16384	32768	32768	1	1	0	1	1
0	1788292053211922929	eager	1927	MUL_MAT	MMVQ	-	blk.10.ssm_beta.weight	node_646	q4_K	f32	f32	4096	32	1	1	4096	2	1	1	2304	73728	73728	16384	32768	32768	1	1	0	1	1
0	1788292053211922929	eager	1927	MUL_MAT	MMVQ	-	blk.10.ssm_out.weight	linear_attn_out-10	q4_K	f32	f32	4096	4096	1	1	4096	2	1	1	2304	9437184	9437184	16384	32768	32768	1	1	0	1	1
0	1788292053211922929	eager	1927	MUL_MAT	MMVQ	-	blk.11.attn_k.weight	Kcur-11	q4_K	f32	f32	4096	1024	1	1	4096	2	1	1	2304	2359296	2359296	16384	32768	32768	1	1	0	1	1
0	1788292053211922929	eager	1927	MUL_MAT	MMVQ	-	blk.11.attn_output.weight	attn_output-11	q4_K	f32	f32	4096	4096	1	1	4096	2	1	1	2304	9437184	9437184	16384	32768	32768	1	1	0	1	1
0	1788292053211922929	eager	1927	MUL_MAT	MMVQ	-	blk.11.attn_q.weight	Qcur_full-11	q4_K	f32	f32	4096	8192	1	1	4096	2	1	1	2304	18874368	18874368	16384	32768	32768	1	1	0	1	1
0	1788292053211922929	eager	1927	MUL_MAT	MMVQ	-	blk.11.attn_v.weight	Vcur-11	q4_K	f32	f32	4096	1024	1	1	4096	2	1	1	2304	2359296	2359296	16384	32768	32768	1	1	0	1	1
0	1788292053211922929	eager	1927	MUL_MAT	MMVQ	-	blk.11.ffn_down.weight	ffn_out-11	q4_K	f32	f32	12288	4096	1	1	12288	2	1	1	6912	28311552	28311552	49152	98304	98304	1	1	0	1	1
0	1788292053211922929	eager	1927	MUL_MAT	MMVQ	-	blk.11.ffn_gate.weight	ffn_gate-11	q4_K	f32	f32	4096	12288	1	1	4096	2	1	1	2304	28311552	28311552	16384	32768	32768	1	1	0	1	1
0	1788292053211922929	eager	1927	MUL_MAT	MMVQ	-	blk.11.ffn_up.weight	ffn_up-11	q4_K	f32	f32	4096	12288	1	1	4096	2	1	1	2304	28311552	28311552	16384	32768	32768	1	1	0	1	1
0	1788292053211922929	eager	1927	MUL_MAT	MMVQ	-	blk.12.attn_gate.weight	z-12	q4_K	f32	f32	4096	4096	1	1	4096	2	1	1	2304	9437184	9437184	16384	32768	32768	1	1	0	1	1
0	1788292053211922929	eager	1927	MUL_MAT	MMVQ	-	blk.12.attn_qkv.weight	node_733	q6_K	f32	f32	4096	8192	1	1	4096	2	1	1	3360	27525120	27525120	16384	32768	32768	1	1	0	1	1
0	1788292053211922929	eager	1927	MUL_MAT	MMVQ	-	blk.12.ffn_down.weight	ffn_out-12	q6_K	f32	f32	12288	4096	1	1	12288	2	1	1	10080	41287680	41287680	49152	98304	98304	1	1	0	1	1
0	1788292053211922929	eager	1927	MUL_MAT	MMVQ	-	blk.12.ffn_gate.weight	ffn_gate-12	q4_K	f32	f32	4096	12288	1	1	4096	2	1	1	2304	28311552	28311552	16384	32768	32768	1	1	0	1	1
0	1788292053211922929	eager	1927	MUL_MAT	MMVQ	-	blk.12.ffn_up.weight	ffn_up-12	q4_K	f32	f32	4096	12288	1	1	4096	2	1	1	2304	28311552	28311552	16384	32768	32768	1	1	0	1	1
0	1788292053211922929	eager	1927	MUL_MAT	MMVQ	-	blk.12.ssm_alpha.weight	node_754	q4_K	f32	f32	4096	32	1	1	4096	2	1	1	2304	73728	73728	16384	32768	32768	1	1	0	1	1
0	1788292053211922929	eager	1927	MUL_MAT	MMVQ	-	blk.12.ssm_beta.weight	node_760	q4_K	f32	f32	4096	32	1	1	4096	2	1	1	2304	73728	73728	16384	32768	32768	1	1	0	1	1
0	1788292053211922929	eager	1927	MUL_MAT	MMVQ	-	blk.12.ssm_out.weight	linear_attn_out-12	q4_K	f32	f32	4096	4096	1	1	4096	2	1	1	2304	9437184	9437184	16384	32768	32768	1	1	0	1	1
0	1788292053211922929	eager	1927	MUL_MAT	MMVQ	-	blk.13.attn_gate.weight	z-13	q4_K	f32	f32	4096	4096	1	1	4096	2	1	1	2304	9437184	9437184	16384	32768	32768	1	1	0	1	1
0	1788292053211922929	eager	1927	MUL_MAT	MMVQ	-	blk.13.attn_qkv.weight	node_796	q4_K	f32	f32	4096	8192	1	1	4096	2	1	1	2304	18874368	18874368	16384	32768	32768	1	1	0	1	1
0	1788292053211922929	eager	1927	MUL_MAT	MMVQ	-	blk.13.ffn_down.weight	ffn_out-13	q4_K	f32	f32	12288	4096	1	1	12288	2	1	1	6912	28311552	28311552	49152	98304	98304	1	1	0	1	1
0	1788292053211922929	eager	1927	MUL_MAT	MMVQ	-	blk.13.ffn_gate.weight	ffn_gate-13	q4_K	f32	f32	4096	12288	1	1	4096	2	1	1	2304	28311552	28311552	16384	32768	32768	1	1	0	1	1
0	1788292053211922929	eager	1927	MUL_MAT	MMVQ	-	blk.13.ffn_up.weight	ffn_up-13	q4_K	f32	f32	4096	12288	1	1	4096	2	1	1	2304	28311552	28311552	16384	32768	32768	1	1	0	1	1
0	1788292053211922929	eager	1927	MUL_MAT	MMVQ	-	blk.13.ssm_alpha.weight	node_817	q4_K	f32	f32	4096	32	1	1	4096	2	1	1	2304	73728	73728	16384	32768	32768	1	1	0	1	1
0	1788292053211922929	eager	1927	MUL_MAT	MMVQ	-	blk.13.ssm_beta.weight	node_823	q4_K	f32	f32	4096	32	1	1	4096	2	1	1	2304	73728	73728	16384	32768	32768	1	1	0	1	1
0	1788292053211922929	eager	1927	MUL_MAT	MMVQ	-	blk.13.ssm_out.weight	linear_attn_out-13	q4_K	f32	f32	4096	4096	1	1	4096	2	1	1	2304	9437184	9437184	16384	32768	32768	1	1	0	1	1
0	1788292053211922929	eager	1927	MUL_MAT	MMVQ	-	blk.14.attn_gate.weight	z-14	q4_K	f32	f32	4096	4096	1	1	4096	2	1	1	2304	9437184	9437184	16384	32768	32768	1	1	0	1	1
0	1788292053211922929	eager	1927	MUL_MAT	MMVQ	-	blk.14.attn_qkv.weight	node_859	q4_K	f32	f32	4096	8192	1	1	4096	2	1	1	2304	18874368	18874368	16384	32768	32768	1	1	0	1	1
0	1788292053211922929	eager	1927	MUL_MAT	MMVQ	-	blk.14.ffn_down.weight	ffn_out-14	q4_K	f32	f32	12288	4096	1	1	12288	2	1	1	6912	28311552	28311552	49152	98304	98304	1	1	0	1	1
0	1788292053211922929	eager	1927	MUL_MAT	MMVQ	-	blk.14.ffn_gate.weight	ffn_gate-14	q4_K	f32	f32	4096	12288	1	1	4096	2	1	1	2304	28311552	28311552	16384	32768	32768	1	1	0	1	1
0	1788292053211922929	eager	1927	MUL_MAT	MMVQ	-	blk.14.ffn_up.weight	ffn_up-14	q4_K	f32	f32	4096	12288	1	1	4096	2	1	1	2304	28311552	28311552	16384	32768	32768	1	1	0	1	1
0	1788292053211922929	eager	1927	MUL_MAT	MMVQ	-	blk.14.ssm_alpha.weight	node_880	q4_K	f32	f32	4096	32	1	1	4096	2	1	1	2304	73728	73728	16384	32768	32768	1	1	0	1	1
0	1788292053211922929	eager	1927	MUL_MAT	MMVQ	-	blk.14.ssm_beta.weight	node_886	q4_K	f32	f32	4096	32	1	1	4096	2	1	1	2304	73728	73728	16384	32768	32768	1	1	0	1	1
0	1788292053211922929	eager	1927	MUL_MAT	MMVQ	-	blk.14.ssm_out.weight	linear_attn_out-14	q4_K	f32	f32	4096	4096	1	1	4096	2	1	1	2304	9437184	9437184	16384	32768	32768	1	1	0	1	1
0	1788292053211922929	eager	1927	MUL_MAT	MMVQ	-	blk.15.attn_k.weight	Kcur-15	q4_K	f32	f32	4096	1024	1	1	4096	2	1	1	2304	2359296	2359296	16384	32768	32768	1	1	0	1	1
0	1788292053211922929	eager	1927	MUL_MAT	MMVQ	-	blk.15.attn_output.weight	attn_output-15	q4_K	f32	f32	4096	4096	1	1	4096	2	1	1	2304	9437184	9437184	16384	32768	32768	1	1	0	1	1
0	1788292053211922929	eager	1927	MUL_MAT	MMVQ	-	blk.15.attn_q.weight	Qcur_full-15	q4_K	f32	f32	4096	8192	1	1	4096	2	1	1	2304	18874368	18874368	16384	32768	32768	1	1	0	1	1
0	1788292053211922929	eager	1927	MUL_MAT	MMVQ	-	blk.15.attn_v.weight	Vcur-15	q6_K	f32	f32	4096	1024	1	1	4096	2	1	1	3360	3440640	3440640	16384	32768	32768	1	1	0	1	1
0	1788292053211922929	eager	1927	MUL_MAT	MMVQ	-	blk.15.ffn_down.weight	ffn_out-15	q6_K	f32	f32	12288	4096	1	1	12288	2	1	1	10080	41287680	41287680	49152	98304	98304	1	1	0	1	1
0	1788292053211922929	eager	1927	MUL_MAT	MMVQ	-	blk.15.ffn_gate.weight	ffn_gate-15	q4_K	f32	f32	4096	12288	1	1	4096	2	1	1	2304	28311552	28311552	16384	32768	32768	1	1	0	1	1
0	1788292053211922929	eager	1927	MUL_MAT	MMVQ	-	blk.15.ffn_up.weight	ffn_up-15	q4_K	f32	f32	4096	12288	1	1	4096	2	1	1	2304	28311552	28311552	16384	32768	32768	1	1	0	1	1
0	1788292053211922929	eager	1927	MUL_MAT	MMVQ	-	blk.16.attn_gate.weight	z-16	q4_K	f32	f32	4096	4096	1	1	4096	2	1	1	2304	9437184	9437184	16384	32768	32768	1	1	0	1	1
0	1788292053211922929	eager	1927	MUL_MAT	MMVQ	-	blk.16.attn_qkv.weight	node_973	q4_K	f32	f32	4096	8192	1	1	4096	2	1	1	2304	18874368	18874368	16384	32768	32768	1	1	0	1	1
0	1788292053211922929	eager	1927	MUL_MAT	MMVQ	-	blk.16.ffn_down.weight	ffn_out-16	q4_K	f32	f32	12288	4096	1	1	12288	2	1	1	6912	28311552	28311552	49152	98304	98304	1	1	0	1	1
0	1788292053211922929	eager	1927	MUL_MAT	MMVQ	-	blk.16.ffn_gate.weight	ffn_gate-16	q4_K	f32	f32	4096	12288	1	1	4096	2	1	1	2304	28311552	28311552	16384	32768	32768	1	1	0	1	1
0	1788292053211922929	eager	1927	MUL_MAT	MMVQ	-	blk.16.ffn_up.weight	ffn_up-16	q4_K	f32	f32	4096	12288	1	1	4096	2	1	1	2304	28311552	28311552	16384	32768	32768	1	1	0	1	1
0	1788292053211922929	eager	1927	MUL_MAT	MMVQ	-	blk.16.ssm_alpha.weight	node_994	q4_K	f32	f32	4096	32	1	1	4096	2	1	1	2304	73728	73728	16384	32768	32768	1	1	0	1	1
0	1788292053211922929	eager	1927	MUL_MAT	MMVQ	-	blk.16.ssm_beta.weight	node_1000	q4_K	f32	f32	4096	32	1	1	4096	2	1	1	2304	73728	73728	16384	32768	32768	1	1	0	1	1
0	1788292053211922929	eager	1927	MUL_MAT	MMVQ	-	blk.16.ssm_out.weight	linear_attn_out-16	q4_K	f32	f32	4096	4096	1	1	4096	2	1	1	2304	9437184	9437184	16384	32768	32768	1	1	0	1	1
0	1788292053211922929	eager	1927	MUL_MAT	MMVQ	-	blk.17.attn_gate.weight	z-17	q4_K	f32	f32	4096	4096	1	1	4096	2	1	1	2304	9437184	9437184	16384	32768	32768	1	1	0	1	1
0	1788292053211922929	eager	1927	MUL_MAT	MMVQ	-	blk.17.attn_qkv.weight	node_1036	q4_K	f32	f32	4096	8192	1	1	4096	2	1	1	2304	18874368	18874368	16384	32768	32768	1	1	0	1	1
0	1788292053211922929	eager	1927	MUL_MAT	MMVQ	-	blk.17.ffn_down.weight	ffn_out-17	q4_K	f32	f32	12288	4096	1	1	12288	2	1	1	6912	28311552	28311552	49152	98304	98304	1	1	0	1	1
0	1788292053211922929	eager	1927	MUL_MAT	MMVQ	-	blk.17.ffn_gate.weight	ffn_gate-17	q4_K	f32	f32	4096	12288	1	1	4096	2	1	1	2304	28311552	28311552	16384	32768	32768	1	1	0	1	1
0	1788292053211922929	eager	1927	MUL_MAT	MMVQ	-	blk.17.ffn_up.weight	ffn_up-17	q4_K	f32	f32	4096	12288	1	1	4096	2	1	1	2304	28311552	28311552	16384	32768	32768	1	1	0	1	1
0	1788292053211922929	eager	1927	MUL_MAT	MMVQ	-	blk.17.ssm_alpha.weight	node_1057	q4_K	f32	f32	4096	32	1	1	4096	2	1	1	2304	73728	73728	16384	32768	32768	1	1	0	1	1
0	1788292053211922929	eager	1927	MUL_MAT	MMVQ	-	blk.17.ssm_beta.weight	node_1063	q4_K	f32	f32	4096	32	1	1	4096	2	1	1	2304	73728	73728	16384	32768	32768	1	1	0	1	1
0	1788292053211922929	eager	1927	MUL_MAT	MMVQ	-	blk.17.ssm_out.weight	linear_attn_out-17	q4_K	f32	f32	4096	4096	1	1	4096	2	1	1	2304	9437184	9437184	16384	32768	32768	1	1	0	1	1
0	1788292053211922929	eager	1927	MUL_MAT	MMVQ	-	blk.18.attn_gate.weight	z-18	q4_K	f32	f32	4096	4096	1	1	4096	2	1	1	2304	9437184	9437184	16384	32768	32768	1	1	0	1	1
0	1788292053211922929	eager	1927	MUL_MAT	MMVQ	-	blk.18.attn_qkv.weight	node_1099	q6_K	f32	f32	4096	8192	1	1	4096	2	1	1	3360	27525120	27525120	16384	32768	32768	1	1	0	1	1
0	1788292053211922929	eager	1927	MUL_MAT	MMVQ	-	blk.18.ffn_down.weight	ffn_out-18	q6_K	f32	f32	12288	4096	1	1	12288	2	1	1	10080	41287680	41287680	49152	98304	98304	1	1	0	1	1
0	1788292053211922929	eager	1927	MUL_MAT	MMVQ	-	blk.18.ffn_gate.weight	ffn_gate-18	q4_K	f32	f32	4096	12288	1	1	4096	2	1	1	2304	28311552	28311552	16384	32768	32768	1	1	0	1	1
0	1788292053211922929	eager	1927	MUL_MAT	MMVQ	-	blk.18.ffn_up.weight	ffn_up-18	q4_K	f32	f32	4096	12288	1	1	4096	2	1	1	2304	28311552	28311552	16384	32768	32768	1	1	0	1	1
0	1788292053211922929	eager	1927	MUL_MAT	MMVQ	-	blk.18.ssm_alpha.weight	node_1120	q4_K	f32	f32	4096	32	1	1	4096	2	1	1	2304	73728	73728	16384	32768	32768	1	1	0	1	1
0	1788292053211922929	eager	1927	MUL_MAT	MMVQ	-	blk.18.ssm_beta.weight	node_1126	q4_K	f32	f32	4096	32	1	1	4096	2	1	1	2304	73728	73728	16384	32768	32768	1	1	0	1	1
0	1788292053211922929	eager	1927	MUL_MAT	MMVQ	-	blk.18.ssm_out.weight	linear_attn_out-18	q4_K	f32	f32	4096	4096	1	1	4096	2	1	1	2304	9437184	9437184	16384	32768	32768	1	1	0	1	1
0	1788292053211922929	eager	1927	MUL_MAT	MMVQ	-	blk.19.attn_k.weight	Kcur-19	q4_K	f32	f32	4096	1024	1	1	4096	2	1	1	2304	2359296	2359296	16384	32768	32768	1	1	0	1	1
0	1788292053211922929	eager	1927	MUL_MAT	MMVQ	-	blk.19.attn_output.weight	attn_output-19	q4_K	f32	f32	4096	4096	1	1	4096	2	1	1	2304	9437184	9437184	16384	32768	32768	1	1	0	1	1
0	1788292053211922929	eager	1927	MUL_MAT	MMVQ	-	blk.19.attn_q.weight	Qcur_full-19	q4_K	f32	f32	4096	8192	1	1	4096	2	1	1	2304	18874368	18874368	16384	32768	32768	1	1	0	1	1
0	1788292053211922929	eager	1927	MUL_MAT	MMVQ	-	blk.19.attn_v.weight	Vcur-19	q4_K	f32	f32	4096	1024	1	1	4096	2	1	1	2304	2359296	2359296	16384	32768	32768	1	1	0	1	1
0	1788292053211922929	eager	1927	MUL_MAT	MMVQ	-	blk.19.ffn_down.weight	ffn_out-19	q4_K	f32	f32	12288	4096	1	1	12288	2	1	1	6912	28311552	28311552	49152	98304	98304	1	1	0	1	1
0	1788292053211922929	eager	1927	MUL_MAT	MMVQ	-	blk.19.ffn_gate.weight	ffn_gate-19	q4_K	f32	f32	4096	12288	1	1	4096	2	1	1	2304	28311552	28311552	16384	32768	32768	1	1	0	1	1
0	1788292053211922929	eager	1927	MUL_MAT	MMVQ	-	blk.19.ffn_up.weight	ffn_up-19	q4_K	f32	f32	4096	12288	1	1	4096	2	1	1	2304	28311552	28311552	16384	32768	32768	1	1	0	1	1
0	1788292053211922929	eager	1927	MUL_MAT	MMVQ	-	blk.2.attn_gate.weight	z-2	q4_K	f32	f32	4096	4096	1	1	4096	2	1	1	2304	9437184	9437184	16384	32768	32768	1	1	0	1	1
0	1788292053211922929	eager	1927	MUL_MAT	MMVQ	-	blk.2.attn_qkv.weight	node_139	q6_K	f32	f32	4096	8192	1	1	4096	2	1	1	3360	27525120	27525120	16384	32768	32768	1	1	0	1	1
0	1788292053211922929	eager	1927	MUL_MAT	MMVQ	-	blk.2.ffn_down.weight	ffn_out-2	q6_K	f32	f32	12288	4096	1	1	12288	2	1	1	10080	41287680	41287680	49152	98304	98304	1	1	0	1	1
0	1788292053211922929	eager	1927	MUL_MAT	MMVQ	-	blk.2.ffn_gate.weight	ffn_gate-2	q4_K	f32	f32	4096	12288	1	1	4096	2	1	1	2304	28311552	28311552	16384	32768	32768	1	1	0	1	1
0	1788292053211922929	eager	1927	MUL_MAT	MMVQ	-	blk.2.ffn_up.weight	ffn_up-2	q4_K	f32	f32	4096	12288	1	1	4096	2	1	1	2304	28311552	28311552	16384	32768	32768	1	1	0	1	1
0	1788292053211922929	eager	1927	MUL_MAT	MMVQ	-	blk.2.ssm_alpha.weight	node_160	q4_K	f32	f32	4096	32	1	1	4096	2	1	1	2304	73728	73728	16384	32768	32768	1	1	0	1	1
0	1788292053211922929	eager	1927	MUL_MAT	MMVQ	-	blk.2.ssm_beta.weight	node_166	q4_K	f32	f32	4096	32	1	1	4096	2	1	1	2304	73728	73728	16384	32768	32768	1	1	0	1	1
0	1788292053211922929	eager	1927	MUL_MAT	MMVQ	-	blk.2.ssm_out.weight	linear_attn_out-2	q4_K	f32	f32	4096	4096	1	1	4096	2	1	1	2304	9437184	9437184	16384	32768	32768	1	1	0	1	1
0	1788292053211922929	eager	1927	MUL_MAT	MMVQ	-	blk.20.attn_gate.weight	z-20	q4_K	f32	f32	4096	4096	1	1	4096	2	1	1	2304	9437184	9437184	16384	32768	32768	1	1	0	1	1
0	1788292053211922929	eager	1927	MUL_MAT	MMVQ	-	blk.20.attn_qkv.weight	node_1213	q4_K	f32	f32	4096	8192	1	1	4096	2	1	1	2304	18874368	18874368	16384	32768	32768	1	1	0	1	1
0	1788292053211922929	eager	1927	MUL_MAT	MMVQ	-	blk.20.ffn_down.weight	ffn_out-20	q4_K	f32	f32	12288	4096	1	1	12288	2	1	1	6912	28311552	28311552	49152	98304	98304	1	1	0	1	1
0	1788292053211922929	eager	1927	MUL_MAT	MMVQ	-	blk.20.ffn_gate.weight	ffn_gate-20	q4_K	f32	f32	4096	12288	1	1	4096	2	1	1	2304	28311552	28311552	16384	32768	32768	1	1	0	1	1
0	1788292053211922929	eager	1927	MUL_MAT	MMVQ	-	blk.20.ffn_up.weight	ffn_up-20	q4_K	f32	f32	4096	12288	1	1	4096	2	1	1	2304	28311552	28311552	16384	32768	32768	1	1	0	1	1
0	1788292053211922929	eager	1927	MUL_MAT	MMVQ	-	blk.20.ssm_alpha.weight	node_1234	q4_K	f32	f32	4096	32	1	1	4096	2	1	1	2304	73728	73728	16384	32768	32768	1	1	0	1	1
0	1788292053211922929	eager	1927	MUL_MAT	MMVQ	-	blk.20.ssm_beta.weight	node_1240	q4_K	f32	f32	4096	32	1	1	4096	2	1	1	2304	73728	73728	16384	32768	32768	1	1	0	1	1
0	1788292053211922929	eager	1927	MUL_MAT	MMVQ	-	blk.20.ssm_out.weight	linear_attn_out-20	q4_K	f32	f32	4096	4096	1	1	4096	2	1	1	2304	9437184	9437184	16384	32768	32768	1	1	0	1	1
0	1788292053211922929	eager	1927	MUL_MAT	MMVQ	-	blk.21.attn_gate.weight	z-21	q4_K	f32	f32	4096	4096	1	1	4096	2	1	1	2304	9437184	9437184	16384	32768	32768	1	1	0	1	1
0	1788292053211922929	eager	1927	MUL_MAT	MMVQ	-	blk.21.attn_qkv.weight	node_1276	q6_K	f32	f32	4096	8192	1	1	4096	2	1	1	3360	27525120	27525120	16384	32768	32768	1	1	0	1	1
0	1788292053211922929	eager	1927	MUL_MAT	MMVQ	-	blk.21.ffn_down.weight	ffn_out-21	q6_K	f32	f32	12288	4096	1	1	12288	2	1	1	10080	41287680	41287680	49152	98304	98304	1	1	0	1	1
0	1788292053211922929	eager	1927	MUL_MAT	MMVQ	-	blk.21.ffn_gate.weight	ffn_gate-21	q4_K	f32	f32	4096	12288	1	1	4096	2	1	1	2304	28311552	28311552	16384	32768	32768	1	1	0	1	1
0	1788292053211922929	eager	1927	MUL_MAT	MMVQ	-	blk.21.ffn_up.weight	ffn_up-21	q4_K	f32	f32	4096	12288	1	1	4096	2	1	1	2304	28311552	28311552	16384	32768	32768	1	1	0	1	1
0	1788292053211922929	eager	1927	MUL_MAT	MMVQ	-	blk.21.ssm_alpha.weight	node_1297	q4_K	f32	f32	4096	32	1	1	4096	2	1	1	2304	73728	73728	16384	32768	32768	1	1	0	1	1
0	1788292053211922929	eager	1927	MUL_MAT	MMVQ	-	blk.21.ssm_beta.weight	node_1303	q4_K	f32	f32	4096	32	1	1	4096	2	1	1	2304	73728	73728	16384	32768	32768	1	1	0	1	1
0	1788292053211922929	eager	1927	MUL_MAT	MMVQ	-	blk.21.ssm_out.weight	linear_attn_out-21	q4_K	f32	f32	4096	4096	1	1	4096	2	1	1	2304	9437184	9437184	16384	32768	32768	1	1	0	1	1
0	1788292053211922929	eager	1927	MUL_MAT	MMVQ	-	blk.22.attn_gate.weight	z-22	q4_K	f32	f32	4096	4096	1	1	4096	2	1	1	2304	9437184	9437184	16384	32768	32768	1	1	0	1	1
0	1788292053211922929	eager	1927	MUL_MAT	MMVQ	-	blk.22.attn_qkv.weight	node_1339	q4_K	f32	f32	4096	8192	1	1	4096	2	1	1	2304	18874368	18874368	16384	32768	32768	1	1	0	1	1
0	1788292053211922929	eager	1927	MUL_MAT	MMVQ	-	blk.22.ffn_down.weight	ffn_out-22	q4_K	f32	f32	12288	4096	1	1	12288	2	1	1	6912	28311552	28311552	49152	98304	98304	1	1	0	1	1
0	1788292053211922929	eager	1927	MUL_MAT	MMVQ	-	blk.22.ffn_gate.weight	ffn_gate-22	q4_K	f32	f32	4096	12288	1	1	4096	2	1	1	2304	28311552	28311552	16384	32768	32768	1	1	0	1	1
0	1788292053211922929	eager	1927	MUL_MAT	MMVQ	-	blk.22.ffn_up.weight	ffn_up-22	q4_K	f32	f32	4096	12288	1	1	4096	2	1	1	2304	28311552	28311552	16384	32768	32768	1	1	0	1	1
0	1788292053211922929	eager	1927	MUL_MAT	MMVQ	-	blk.22.ssm_alpha.weight	node_1360	q4_K	f32	f32	4096	32	1	1	4096	2	1	1	2304	73728	73728	16384	32768	32768	1	1	0	1	1
0	1788292053211922929	eager	1927	MUL_MAT	MMVQ	-	blk.22.ssm_beta.weight	node_1366	q4_K	f32	f32	4096	32	1	1	4096	2	1	1	2304	73728	73728	16384	32768	32768	1	1	0	1	1
0	1788292053211922929	eager	1927	MUL_MAT	MMVQ	-	blk.22.ssm_out.weight	linear_attn_out-22	q4_K	f32	f32	4096	4096	1	1	4096	2	1	1	2304	9437184	9437184	16384	32768	32768	1	1	0	1	1
0	1788292053211922929	eager	1927	MUL_MAT	MMVQ	-	blk.23.attn_k.weight	Kcur-23	q4_K	f32	f32	4096	1024	1	1	4096	2	1	1	2304	2359296	2359296	16384	32768	32768	1	1	0	1	1
0	1788292053211922929	eager	1927	MUL_MAT	MMVQ	-	blk.23.attn_output.weight	attn_output-23	q4_K	f32	f32	4096	4096	1	1	4096	2	1	1	2304	9437184	9437184	16384	32768	32768	1	1	0	1	1
0	1788292053211922929	eager	1927	MUL_MAT	MMVQ	-	blk.23.attn_q.weight	Qcur_full-23	q4_K	f32	f32	4096	8192	1	1	4096	2	1	1	2304	18874368	18874368	16384	32768	32768	1	1	0	1	1
0	1788292053211922929	eager	1927	MUL_MAT	MMVQ	-	blk.23.attn_v.weight	Vcur-23	q4_K	f32	f32	4096	1024	1	1	4096	2	1	1	2304	2359296	2359296	16384	32768	32768	1	1	0	1	1
0	1788292053211922929	eager	1927	MUL_MAT	MMVQ	-	blk.23.ffn_down.weight	ffn_out-23	q4_K	f32	f32	12288	4096	1	1	12288	2	1	1	6912	28311552	28311552	49152	98304	98304	1	1	0	1	1
0	1788292053211922929	eager	1927	MUL_MAT	MMVQ	-	blk.23.ffn_gate.weight	ffn_gate-23	q4_K	f32	f32	4096	12288	1	1	4096	2	1	1	2304	28311552	28311552	16384	32768	32768	1	1	0	1	1
0	1788292053211922929	eager	1927	MUL_MAT	MMVQ	-	blk.23.ffn_up.weight	ffn_up-23	q4_K	f32	f32	4096	12288	1	1	4096	2	1	1	2304	28311552	28311552	16384	32768	32768	1	1	0	1	1
0	1788292053211922929	eager	1927	MUL_MAT	MMVQ	-	blk.24.attn_gate.weight	z-24	q4_K	f32	f32	4096	4096	1	1	4096	2	1	1	2304	9437184	9437184	16384	32768	32768	1	1	0	1	1
0	1788292053211922929	eager	1927	MUL_MAT	MMVQ	-	blk.24.attn_qkv.weight	node_1453	q6_K	f32	f32	4096	8192	1	1	4096	2	1	1	3360	27525120	27525120	16384	32768	32768	1	1	0	1	1
0	1788292053211922929	eager	1927	MUL_MAT	MMVQ	-	blk.24.ffn_down.weight	ffn_out-24	q6_K	f32	f32	12288	4096	1	1	12288	2	1	1	10080	41287680	41287680	49152	98304	98304	1	1	0	1	1
0	1788292053211922929	eager	1927	MUL_MAT	MMVQ	-	blk.24.ffn_gate.weight	ffn_gate-24	q4_K	f32	f32	4096	12288	1	1	4096	2	1	1	2304	28311552	28311552	16384	32768	32768	1	1	0	1	1
0	1788292053211922929	eager	1927	MUL_MAT	MMVQ	-	blk.24.ffn_up.weight	ffn_up-24	q4_K	f32	f32	4096	12288	1	1	4096	2	1	1	2304	28311552	28311552	16384	32768	32768	1	1	0	1	1
0	1788292053211922929	eager	1927	MUL_MAT	MMVQ	-	blk.24.ssm_alpha.weight	node_1474	q4_K	f32	f32	4096	32	1	1	4096	2	1	1	2304	73728	73728	16384	32768	32768	1	1	0	1	1
0	1788292053211922929	eager	1927	MUL_MAT	MMVQ	-	blk.24.ssm_beta.weight	node_1480	q4_K	f32	f32	4096	32	1	1	4096	2	1	1	2304	73728	73728	16384	32768	32768	1	1	0	1	1
0	1788292053211922929	eager	1927	MUL_MAT	MMVQ	-	blk.24.ssm_out.weight	linear_attn_out-24	q4_K	f32	f32	4096	4096	1	1	4096	2	1	1	2304	9437184	9437184	16384	32768	32768	1	1	0	1	1
0	1788292053211922929	eager	1927	MUL_MAT	MMVQ	-	blk.25.attn_gate.weight	z-25	q4_K	f32	f32	4096	4096	1	1	4096	2	1	1	2304	9437184	9437184	16384	32768	32768	1	1	0	1	1
0	1788292053211922929	eager	1927	MUL_MAT	MMVQ	-	blk.25.attn_qkv.weight	node_1516	q4_K	f32	f32	4096	8192	1	1	4096	2	1	1	2304	18874368	18874368	16384	32768	32768	1	1	0	1	1
0	1788292053211922929	eager	1927	MUL_MAT	MMVQ	-	blk.25.ffn_down.weight	ffn_out-25	q4_K	f32	f32	12288	4096	1	1	12288	2	1	1	6912	28311552	28311552	49152	98304	98304	1	1	0	1	1
0	1788292053211922929	eager	1927	MUL_MAT	MMVQ	-	blk.25.ffn_gate.weight	ffn_gate-25	q4_K	f32	f32	4096	12288	1	1	4096	2	1	1	2304	28311552	28311552	16384	32768	32768	1	1	0	1	1
0	1788292053211922929	eager	1927	MUL_MAT	MMVQ	-	blk.25.ffn_up.weight	ffn_up-25	q4_K	f32	f32	4096	12288	1	1	4096	2	1	1	2304	28311552	28311552	16384	32768	32768	1	1	0	1	1
0	1788292053211922929	eager	1927	MUL_MAT	MMVQ	-	blk.25.ssm_alpha.weight	node_1537	q4_K	f32	f32	4096	32	1	1	4096	2	1	1	2304	73728	73728	16384	32768	32768	1	1	0	1	1
0	1788292053211922929	eager	1927	MUL_MAT	MMVQ	-	blk.25.ssm_beta.weight	node_1543	q4_K	f32	f32	4096	32	1	1	4096	2	1	1	2304	73728	73728	16384	32768	32768	1	1	0	1	1
0	1788292053211922929	eager	1927	MUL_MAT	MMVQ	-	blk.25.ssm_out.weight	linear_attn_out-25	q4_K	f32	f32	4096	4096	1	1	4096	2	1	1	2304	9437184	9437184	16384	32768	32768	1	1	0	1	1
0	1788292053211922929	eager	1927	MUL_MAT	MMVQ	-	blk.26.attn_gate.weight	z-26	q4_K	f32	f32	4096	4096	1	1	4096	2	1	1	2304	9437184	9437184	16384	32768	32768	1	1	0	1	1
0	1788292053211922929	eager	1927	MUL_MAT	MMVQ	-	blk.26.attn_qkv.weight	node_1579	q4_K	f32	f32	4096	8192	1	1	4096	2	1	1	2304	18874368	18874368	16384	32768	32768	1	1	0	1	1
0	1788292053211922929	eager	1927	MUL_MAT	MMVQ	-	blk.26.ffn_down.weight	ffn_out-26	q4_K	f32	f32	12288	4096	1	1	12288	2	1	1	6912	28311552	28311552	49152	98304	98304	1	1	0	1	1
0	1788292053211922929	eager	1927	MUL_MAT	MMVQ	-	blk.26.ffn_gate.weight	ffn_gate-26	q4_K	f32	f32	4096	12288	1	1	4096	2	1	1	2304	28311552	28311552	16384	32768	32768	1	1	0	1	1
0	1788292053211922929	eager	1927	MUL_MAT	MMVQ	-	blk.26.ffn_up.weight	ffn_up-26	q4_K	f32	f32	4096	12288	1	1	4096	2	1	1	2304	28311552	28311552	16384	32768	32768	1	1	0	1	1
0	1788292053211922929	eager	1927	MUL_MAT	MMVQ	-	blk.26.ssm_alpha.weight	node_1600	q4_K	f32	f32	4096	32	1	1	4096	2	1	1	2304	73728	73728	16384	32768	32768	1	1	0	1	1
0	1788292053211922929	eager	1927	MUL_MAT	MMVQ	-	blk.26.ssm_beta.weight	node_1606	q4_K	f32	f32	4096	32	1	1	4096	2	1	1	2304	73728	73728	16384	32768	32768	1	1	0	1	1
0	1788292053211922929	eager	1927	MUL_MAT	MMVQ	-	blk.26.ssm_out.weight	linear_attn_out-26	q4_K	f32	f32	4096	4096	1	1	4096	2	1	1	2304	9437184	9437184	16384	32768	32768	1	1	0	1	1
0	1788292053211922929	eager	1927	MUL_MAT	MMVQ	-	blk.27.attn_k.weight	Kcur-27	q4_K	f32	f32	4096	1024	1	1	4096	2	1	1	2304	2359296	2359296	16384	32768	32768	1	1	0	1	1
0	1788292053211922929	eager	1927	MUL_MAT	MMVQ	-	blk.27.attn_output.weight	attn_output-27	q4_K	f32	f32	4096	4096	1	1	4096	2	1	1	2304	9437184	9437184	16384	32768	32768	1	1	0	1	1
0	1788292053211922929	eager	1927	MUL_MAT	MMVQ	-	blk.27.attn_q.weight	Qcur_full-27	q4_K	f32	f32	4096	8192	1	1	4096	2	1	1	2304	18874368	18874368	16384	32768	32768	1	1	0	1	1
0	1788292053211922929	eager	1927	MUL_MAT	MMVQ	-	blk.27.attn_v.weight	Vcur-27	q6_K	f32	f32	4096	1024	1	1	4096	2	1	1	3360	3440640	3440640	16384	32768	32768	1	1	0	1	1
0	1788292053211922929	eager	1927	MUL_MAT	MMVQ	-	blk.27.ffn_down.weight	ffn_out-27	q6_K	f32	f32	12288	4096	1	1	12288	2	1	1	10080	41287680	41287680	49152	98304	98304	1	1	0	1	1
0	1788292053211922929	eager	1927	MUL_MAT	MMVQ	-	blk.27.ffn_gate.weight	ffn_gate-27	q4_K	f32	f32	4096	12288	1	1	4096	2	1	1	2304	28311552	28311552	16384	32768	32768	1	1	0	1	1
0	1788292053211922929	eager	1927	MUL_MAT	MMVQ	-	blk.27.ffn_up.weight	ffn_up-27	q4_K	f32	f32	4096	12288	1	1	4096	2	1	1	2304	28311552	28311552	16384	32768	32768	1	1	0	1	1
0	1788292053211922929	eager	1927	MUL_MAT	MMVQ	-	blk.28.attn_gate.weight	z-28	q4_K	f32	f32	4096	4096	1	1	4096	2	1	1	2304	9437184	9437184	16384	32768	32768	1	1	0	1	1
0	1788292053211922929	eager	1927	MUL_MAT	MMVQ	-	blk.28.attn_qkv.weight	node_1693	q6_K	f32	f32	4096	8192	1	1	4096	2	1	1	3360	27525120	27525120	16384	32768	32768	1	1	0	1	1
0	1788292053211922929	eager	1927	MUL_MAT	MMVQ	-	blk.28.ffn_down.weight	ffn_out-28	q6_K	f32	f32	12288	4096	1	1	12288	2	1	1	10080	41287680	41287680	49152	98304	98304	1	1	0	1	1
0	1788292053211922929	eager	1927	MUL_MAT	MMVQ	-	blk.28.ffn_gate.weight	ffn_gate-28	q4_K	f32	f32	4096	12288	1	1	4096	2	1	1	2304	28311552	28311552	16384	32768	32768	1	1	0	1	1
0	1788292053211922929	eager	1927	MUL_MAT	MMVQ	-	blk.28.ffn_up.weight	ffn_up-28	q4_K	f32	f32	4096	12288	1	1	4096	2	1	1	2304	28311552	28311552	16384	32768	32768	1	1	0	1	1
0	1788292053211922929	eager	1927	MUL_MAT	MMVQ	-	blk.28.ssm_alpha.weight	node_1714	q4_K	f32	f32	4096	32	1	1	4096	2	1	1	2304	73728	73728	16384	32768	32768	1	1	0	1	1
0	1788292053211922929	eager	1927	MUL_MAT	MMVQ	-	blk.28.ssm_beta.weight	node_1720	q4_K	f32	f32	4096	32	1	1	4096	2	1	1	2304	73728	73728	16384	32768	32768	1	1	0	1	1
0	1788292053211922929	eager	1927	MUL_MAT	MMVQ	-	blk.28.ssm_out.weight	linear_attn_out-28	q4_K	f32	f32	4096	4096	1	1	4096	2	1	1	2304	9437184	9437184	16384	32768	32768	1	1	0	1	1
0	1788292053211922929	eager	1927	MUL_MAT	MMVQ	-	blk.29.attn_gate.weight	z-29	q4_K	f32	f32	4096	4096	1	1	4096	2	1	1	2304	9437184	9437184	16384	32768	32768	1	1	0	1	1
0	1788292053211922929	eager	1927	MUL_MAT	MMVQ	-	blk.29.attn_qkv.weight	node_1756	q6_K	f32	f32	4096	8192	1	1	4096	2	1	1	3360	27525120	27525120	16384	32768	32768	1	1	0	1	1
0	1788292053211922929	eager	1927	MUL_MAT	MMVQ	-	blk.29.ffn_down.weight	ffn_out-29	q6_K	f32	f32	12288	4096	1	1	12288	2	1	1	10080	41287680	41287680	49152	98304	98304	1	1	0	1	1
0	1788292053211922929	eager	1927	MUL_MAT	MMVQ	-	blk.29.ffn_gate.weight	ffn_gate-29	q4_K	f32	f32	4096	12288	1	1	4096	2	1	1	2304	28311552	28311552	16384	32768	32768	1	1	0	1	1
0	1788292053211922929	eager	1927	MUL_MAT	MMVQ	-	blk.29.ffn_up.weight	ffn_up-29	q4_K	f32	f32	4096	12288	1	1	4096	2	1	1	2304	28311552	28311552	16384	32768	32768	1	1	0	1	1
0	1788292053211922929	eager	1927	MUL_MAT	MMVQ	-	blk.29.ssm_alpha.weight	node_1777	q4_K	f32	f32	4096	32	1	1	4096	2	1	1	2304	73728	73728	16384	32768	32768	1	1	0	1	1
0	1788292053211922929	eager	1927	MUL_MAT	MMVQ	-	blk.29.ssm_beta.weight	node_1783	q4_K	f32	f32	4096	32	1	1	4096	2	1	1	2304	73728	73728	16384	32768	32768	1	1	0	1	1
0	1788292053211922929	eager	1927	MUL_MAT	MMVQ	-	blk.29.ssm_out.weight	linear_attn_out-29	q4_K	f32	f32	4096	4096	1	1	4096	2	1	1	2304	9437184	9437184	16384	32768	32768	1	1	0	1	1
0	1788292053211922929	eager	1927	MUL_MAT	MMVQ	-	blk.3.attn_k.weight	Kcur-3	q4_K	f32	f32	4096	1024	1	1	4096	2	1	1	2304	2359296	2359296	16384	32768	32768	1	1	0	1	1
0	1788292053211922929	eager	1927	MUL_MAT	MMVQ	-	blk.3.attn_output.weight	attn_output-3	q4_K	f32	f32	4096	4096	1	1	4096	2	1	1	2304	9437184	9437184	16384	32768	32768	1	1	0	1	1
0	1788292053211922929	eager	1927	MUL_MAT	MMVQ	-	blk.3.attn_q.weight	Qcur_full-3	q4_K	f32	f32	4096	8192	1	1	4096	2	1	1	2304	18874368	18874368	16384	32768	32768	1	1	0	1	1
0	1788292053211922929	eager	1927	MUL_MAT	MMVQ	-	blk.3.attn_v.weight	Vcur-3	q6_K	f32	f32	4096	1024	1	1	4096	2	1	1	3360	3440640	3440640	16384	32768	32768	1	1	0	1	1
0	1788292053211922929	eager	1927	MUL_MAT	MMVQ	-	blk.3.ffn_down.weight	ffn_out-3	q6_K	f32	f32	12288	4096	1	1	12288	2	1	1	10080	41287680	41287680	49152	98304	98304	1	1	0	1	1
0	1788292053211922929	eager	1927	MUL_MAT	MMVQ	-	blk.3.ffn_gate.weight	ffn_gate-3	q4_K	f32	f32	4096	12288	1	1	4096	2	1	1	2304	28311552	28311552	16384	32768	32768	1	1	0	1	1
0	1788292053211922929	eager	1927	MUL_MAT	MMVQ	-	blk.3.ffn_up.weight	ffn_up-3	q4_K	f32	f32	4096	12288	1	1	4096	2	1	1	2304	28311552	28311552	16384	32768	32768	1	1	0	1	1
0	1788292053211922929	eager	1927	MUL_MAT	MMVQ	-	blk.30.attn_gate.weight	z-30	q4_K	f32	f32	4096	4096	1	1	4096	2	1	1	2304	9437184	9437184	16384	32768	32768	1	1	0	1	1
0	1788292053211922929	eager	1927	MUL_MAT	MMVQ	-	blk.30.attn_qkv.weight	node_1819	q6_K	f32	f32	4096	8192	1	1	4096	2	1	1	3360	27525120	27525120	16384	32768	32768	1	1	0	1	1
0	1788292053211922929	eager	1927	MUL_MAT	MMVQ	-	blk.30.ffn_down.weight	ffn_out-30	q6_K	f32	f32	12288	4096	1	1	12288	2	1	1	10080	41287680	41287680	49152	98304	98304	1	1	0	1	1
0	1788292053211922929	eager	1927	MUL_MAT	MMVQ	-	blk.30.ffn_gate.weight	ffn_gate-30	q4_K	f32	f32	4096	12288	1	1	4096	2	1	1	2304	28311552	28311552	16384	32768	32768	1	1	0	1	1
0	1788292053211922929	eager	1927	MUL_MAT	MMVQ	-	blk.30.ffn_up.weight	ffn_up-30	q4_K	f32	f32	4096	12288	1	1	4096	2	1	1	2304	28311552	28311552	16384	32768	32768	1	1	0	1	1
0	1788292053211922929	eager	1927	MUL_MAT	MMVQ	-	blk.30.ssm_alpha.weight	node_1840	q4_K	f32	f32	4096	32	1	1	4096	2	1	1	2304	73728	73728	16384	32768	32768	1	1	0	1	1
0	1788292053211922929	eager	1927	MUL_MAT	MMVQ	-	blk.30.ssm_beta.weight	node_1846	q4_K	f32	f32	4096	32	1	1	4096	2	1	1	2304	73728	73728	16384	32768	32768	1	1	0	1	1
0	1788292053211922929	eager	1927	MUL_MAT	MMVQ	-	blk.30.ssm_out.weight	linear_attn_out-30	q4_K	f32	f32	4096	4096	1	1	4096	2	1	1	2304	9437184	9437184	16384	32768	32768	1	1	0	1	1
0	1788292053211922929	eager	1927	MUL_MAT	MMVQ	-	blk.31.attn_k.weight	Kcur-31	q4_K	f32	f32	4096	1024	1	1	4096	2	1	1	2304	2359296	2359296	16384	32768	32768	1	1	0	1	1
0	1788292053211922929	eager	1927	MUL_MAT	MMVQ	-	blk.31.attn_output.weight	attn_output-31	q4_K	f32	f32	4096	4096	1	1	4096	2	1	1	2304	9437184	9437184	16384	32768	32768	1	1	0	1	1
0	1788292053211922929	eager	1927	MUL_MAT	MMVQ	-	blk.31.attn_q.weight	Qcur_full-31	q4_K	f32	f32	4096	8192	1	1	4096	2	1	1	2304	18874368	18874368	16384	32768	32768	1	1	0	1	1
0	1788292053211922929	eager	1927	MUL_MAT	MMVQ	-	blk.31.attn_v.weight	Vcur-31	q6_K	f32	f32	4096	1024	1	1	4096	2	1	1	3360	3440640	3440640	16384	32768	32768	1	1	0	1	1
0	1788292053211922929	eager	1927	MUL_MAT	MMVQ	-	blk.31.ffn_down.weight	ffn_out-31	q6_K	f32	f32	12288	4096	1	1	12288	2	1	1	10080	41287680	41287680	49152	98304	98304	1	1	0	1	1
0	1788292053211922929	eager	1927	MUL_MAT	MMVQ	-	blk.31.ffn_gate.weight	ffn_gate-31	q4_K	f32	f32	4096	12288	1	1	4096	2	1	1	2304	28311552	28311552	16384	32768	32768	1	1	0	1	1
0	1788292053211922929	eager	1927	MUL_MAT	MMVQ	-	blk.31.ffn_up.weight	ffn_up-31	q4_K	f32	f32	4096	12288	1	1	4096	2	1	1	2304	28311552	28311552	16384	32768	32768	1	1	0	1	1
0	1788292053211922929	eager	1927	MUL_MAT	MMVQ	-	blk.4.attn_gate.weight	z-4	q4_K	f32	f32	4096	4096	1	1	4096	2	1	1	2304	9437184	9437184	16384	32768	32768	1	1	0	1	1
0	1788292053211922929	eager	1927	MUL_MAT	MMVQ	-	blk.4.attn_qkv.weight	node_253	q4_K	f32	f32	4096	8192	1	1	4096	2	1	1	2304	18874368	18874368	16384	32768	32768	1	1	0	1	1
0	1788292053211922929	eager	1927	MUL_MAT	MMVQ	-	blk.4.ffn_down.weight	ffn_out-4	q4_K	f32	f32	12288	4096	1	1	12288	2	1	1	6912	28311552	28311552	49152	98304	98304	1	1	0	1	1
0	1788292053211922929	eager	1927	MUL_MAT	MMVQ	-	blk.4.ffn_gate.weight	ffn_gate-4	q4_K	f32	f32	4096	12288	1	1	4096	2	1	1	2304	28311552	28311552	16384	32768	32768	1	1	0	1	1
0	1788292053211922929	eager	1927	MUL_MAT	MMVQ	-	blk.4.ffn_up.weight	ffn_up-4	q4_K	f32	f32	4096	12288	1	1	4096	2	1	1	2304	28311552	28311552	16384	32768	32768	1	1	0	1	1
0	1788292053211922929	eager	1927	MUL_MAT	MMVQ	-	blk.4.ssm_alpha.weight	node_274	q4_K	f32	f32	4096	32	1	1	4096	2	1	1	2304	73728	73728	16384	32768	32768	1	1	0	1	1
0	1788292053211922929	eager	1927	MUL_MAT	MMVQ	-	blk.4.ssm_beta.weight	node_280	q4_K	f32	f32	4096	32	1	1	4096	2	1	1	2304	73728	73728	16384	32768	32768	1	1	0	1	1
0	1788292053211922929	eager	1927	MUL_MAT	MMVQ	-	blk.4.ssm_out.weight	linear_attn_out-4	q4_K	f32	f32	4096	4096	1	1	4096	2	1	1	2304	9437184	9437184	16384	32768	32768	1	1	0	1	1
0	1788292053211922929	eager	1927	MUL_MAT	MMVQ	-	blk.5.attn_gate.weight	z-5	q4_K	f32	f32	4096	4096	1	1	4096	2	1	1	2304	9437184	9437184	16384	32768	32768	1	1	0	1	1
0	1788292053211922929	eager	1927	MUL_MAT	MMVQ	-	blk.5.attn_qkv.weight	node_316	q4_K	f32	f32	4096	8192	1	1	4096	2	1	1	2304	18874368	18874368	16384	32768	32768	1	1	0	1	1
0	1788292053211922929	eager	1927	MUL_MAT	MMVQ	-	blk.5.ffn_down.weight	ffn_out-5	q4_K	f32	f32	12288	4096	1	1	12288	2	1	1	6912	28311552	28311552	49152	98304	98304	1	1	0	1	1
0	1788292053211922929	eager	1927	MUL_MAT	MMVQ	-	blk.5.ffn_gate.weight	ffn_gate-5	q4_K	f32	f32	4096	12288	1	1	4096	2	1	1	2304	28311552	28311552	16384	32768	32768	1	1	0	1	1
0	1788292053211922929	eager	1927	MUL_MAT	MMVQ	-	blk.5.ffn_up.weight	ffn_up-5	q4_K	f32	f32	4096	12288	1	1	4096	2	1	1	2304	28311552	28311552	16384	32768	32768	1	1	0	1	1
0	1788292053211922929	eager	1927	MUL_MAT	MMVQ	-	blk.5.ssm_alpha.weight	node_337	q4_K	f32	f32	4096	32	1	1	4096	2	1	1	2304	73728	73728	16384	32768	32768	1	1	0	1	1
0	1788292053211922929	eager	1927	MUL_MAT	MMVQ	-	blk.5.ssm_beta.weight	node_343	q4_K	f32	f32	4096	32	1	1	4096	2	1	1	2304	73728	73728	16384	32768	32768	1	1	0	1	1
0	1788292053211922929	eager	1927	MUL_MAT	MMVQ	-	blk.5.ssm_out.weight	linear_attn_out-5	q4_K	f32	f32	4096	4096	1	1	4096	2	1	1	2304	9437184	9437184	16384	32768	32768	1	1	0	1	1
0	1788292053211922929	eager	1927	MUL_MAT	MMVQ	-	blk.6.attn_gate.weight	z-6	q4_K	f32	f32	4096	4096	1	1	4096	2	1	1	2304	9437184	9437184	16384	32768	32768	1	1	0	1	1
0	1788292053211922929	eager	1927	MUL_MAT	MMVQ	-	blk.6.attn_qkv.weight	node_379	q6_K	f32	f32	4096	8192	1	1	4096	2	1	1	3360	27525120	27525120	16384	32768	32768	1	1	0	1	1
0	1788292053211922929	eager	1927	MUL_MAT	MMVQ	-	blk.6.ffn_down.weight	ffn_out-6	q6_K	f32	f32	12288	4096	1	1	12288	2	1	1	10080	41287680	41287680	49152	98304	98304	1	1	0	1	1
0	1788292053211922929	eager	1927	MUL_MAT	MMVQ	-	blk.6.ffn_gate.weight	ffn_gate-6	q4_K	f32	f32	4096	12288	1	1	4096	2	1	1	2304	28311552	28311552	16384	32768	32768	1	1	0	1	1
0	1788292053211922929	eager	1927	MUL_MAT	MMVQ	-	blk.6.ffn_up.weight	ffn_up-6	q4_K	f32	f32	4096	12288	1	1	4096	2	1	1	2304	28311552	28311552	16384	32768	32768	1	1	0	1	1
0	1788292053211922929	eager	1927	MUL_MAT	MMVQ	-	blk.6.ssm_alpha.weight	node_400	q4_K	f32	f32	4096	32	1	1	4096	2	1	1	2304	73728	73728	16384	32768	32768	1	1	0	1	1
0	1788292053211922929	eager	1927	MUL_MAT	MMVQ	-	blk.6.ssm_beta.weight	node_406	q4_K	f32	f32	4096	32	1	1	4096	2	1	1	2304	73728	73728	16384	32768	32768	1	1	0	1	1
0	1788292053211922929	eager	1927	MUL_MAT	MMVQ	-	blk.6.ssm_out.weight	linear_attn_out-6	q4_K	f32	f32	4096	4096	1	1	4096	2	1	1	2304	9437184	9437184	16384	32768	32768	1	1	0	1	1
0	1788292053211922929	eager	1927	MUL_MAT	MMVQ	-	blk.7.attn_k.weight	Kcur-7	q4_K	f32	f32	4096	1024	1	1	4096	2	1	1	2304	2359296	2359296	16384	32768	32768	1	1	0	1	1
0	1788292053211922929	eager	1927	MUL_MAT	MMVQ	-	blk.7.attn_output.weight	attn_output-7	q4_K	f32	f32	4096	4096	1	1	4096	2	1	1	2304	9437184	9437184	16384	32768	32768	1	1	0	1	1
0	1788292053211922929	eager	1927	MUL_MAT	MMVQ	-	blk.7.attn_q.weight	Qcur_full-7	q4_K	f32	f32	4096	8192	1	1	4096	2	1	1	2304	18874368	18874368	16384	32768	32768	1	1	0	1	1
0	1788292053211922929	eager	1927	MUL_MAT	MMVQ	-	blk.7.attn_v.weight	Vcur-7	q4_K	f32	f32	4096	1024	1	1	4096	2	1	1	2304	2359296	2359296	16384	32768	32768	1	1	0	1	1
0	1788292053211922929	eager	1927	MUL_MAT	MMVQ	-	blk.7.ffn_down.weight	ffn_out-7	q4_K	f32	f32	12288	4096	1	1	12288	2	1	1	6912	28311552	28311552	49152	98304	98304	1	1	0	1	1
0	1788292053211922929	eager	1927	MUL_MAT	MMVQ	-	blk.7.ffn_gate.weight	ffn_gate-7	q4_K	f32	f32	4096	12288	1	1	4096	2	1	1	2304	28311552	28311552	16384	32768	32768	1	1	0	1	1
0	1788292053211922929	eager	1927	MUL_MAT	MMVQ	-	blk.7.ffn_up.weight	ffn_up-7	q4_K	f32	f32	4096	12288	1	1	4096	2	1	1	2304	28311552	28311552	16384	32768	32768	1	1	0	1	1
0	1788292053211922929	eager	1927	MUL_MAT	MMVQ	-	blk.8.attn_gate.weight	z-8	q4_K	f32	f32	4096	4096	1	1	4096	2	1	1	2304	9437184	9437184	16384	32768	32768	1	1	0	1	1
0	1788292053211922929	eager	1927	MUL_MAT	MMVQ	-	blk.8.attn_qkv.weight	node_493	q4_K	f32	f32	4096	8192	1	1	4096	2	1	1	2304	18874368	18874368	16384	32768	32768	1	1	0	1	1
0	1788292053211922929	eager	1927	MUL_MAT	MMVQ	-	blk.8.ffn_down.weight	ffn_out-8	q4_K	f32	f32	12288	4096	1	1	12288	2	1	1	6912	28311552	28311552	49152	98304	98304	1	1	0	1	1
0	1788292053211922929	eager	1927	MUL_MAT	MMVQ	-	blk.8.ffn_gate.weight	ffn_gate-8	q4_K	f32	f32	4096	12288	1	1	4096	2	1	1	2304	28311552	28311552	16384	32768	32768	1	1	0	1	1
0	1788292053211922929	eager	1927	MUL_MAT	MMVQ	-	blk.8.ffn_up.weight	ffn_up-8	q4_K	f32	f32	4096	12288	1	1	4096	2	1	1	2304	28311552	28311552	16384	32768	32768	1	1	0	1	1
0	1788292053211922929	eager	1927	MUL_MAT	MMVQ	-	blk.8.ssm_alpha.weight	node_514	q4_K	f32	f32	4096	32	1	1	4096	2	1	1	2304	73728	73728	16384	32768	32768	1	1	0	1	1
0	1788292053211922929	eager	1927	MUL_MAT	MMVQ	-	blk.8.ssm_beta.weight	node_520	q4_K	f32	f32	4096	32	1	1	4096	2	1	1	2304	73728	73728	16384	32768	32768	1	1	0	1	1
0	1788292053211922929	eager	1927	MUL_MAT	MMVQ	-	blk.8.ssm_out.weight	linear_attn_out-8	q4_K	f32	f32	4096	4096	1	1	4096	2	1	1	2304	9437184	9437184	16384	32768	32768	1	1	0	1	1
0	1788292053211922929	eager	1927	MUL_MAT	MMVQ	-	blk.9.attn_gate.weight	z-9	q4_K	f32	f32	4096	4096	1	1	4096	2	1	1	2304	9437184	9437184	16384	32768	32768	1	1	0	1	1
0	1788292053211922929	eager	1927	MUL_MAT	MMVQ	-	blk.9.attn_qkv.weight	node_556	q6_K	f32	f32	4096	8192	1	1	4096	2	1	1	3360	27525120	27525120	16384	32768	32768	1	1	0	1	1
0	1788292053211922929	eager	1927	MUL_MAT	MMVQ	-	blk.9.ffn_down.weight	ffn_out-9	q6_K	f32	f32	12288	4096	1	1	12288	2	1	1	10080	41287680	41287680	49152	98304	98304	1	1	0	1	1
0	1788292053211922929	eager	1927	MUL_MAT	MMVQ	-	blk.9.ffn_gate.weight	ffn_gate-9	q4_K	f32	f32	4096	12288	1	1	4096	2	1	1	2304	28311552	28311552	16384	32768	32768	1	1	0	1	1
0	1788292053211922929	eager	1927	MUL_MAT	MMVQ	-	blk.9.ffn_up.weight	ffn_up-9	q4_K	f32	f32	4096	12288	1	1	4096	2	1	1	2304	28311552	28311552	16384	32768	32768	1	1	0	1	1
0	1788292053211922929	eager	1927	MUL_MAT	MMVQ	-	blk.9.ssm_alpha.weight	node_577	q4_K	f32	f32	4096	32	1	1	4096	2	1	1	2304	73728	73728	16384	32768	32768	1	1	0	1	1
0	1788292053211922929	eager	1927	MUL_MAT	MMVQ	-	blk.9.ssm_beta.weight	node_583	q4_K	f32	f32	4096	32	1	1	4096	2	1	1	2304	73728	73728	16384	32768	32768	1	1	0	1	1
0	1788292053211922929	eager	1927	MUL_MAT	MMVQ	-	blk.9.ssm_out.weight	linear_attn_out-9	q4_K	f32	f32	4096	4096	1	1	4096	2	1	1	2304	9437184	9437184	16384	32768	32768	1	1	0	1	1
0	1788292053211922929	eager	1927	MUL_MAT	MMVQ	-	output.weight	result_output	q6_K	f32	f32	4096	248320	1	1	4096	1	1	1	3360	834355200	834355200	16384	16384	16384	1	1	0	1	1
1	1788292053500943910	eager	1927	MUL_MAT	MMQ	-	blk.0.attn_gate.weight	z-0	q4_K	f32	f32	4096	4096	1	1	4096	512	1	1	2304	9437184	9437184	16384	8388608	8388608	1	1	0	1	1
1	1788292053500943910	eager	1927	MUL_MAT	MMQ	-	blk.0.attn_qkv.weight	node_13	q6_K	f32	f32	4096	8192	1	1	4096	512	1	1	3360	27525120	27525120	16384	8388608	8388608	1	1	0	1	1
1	1788292053500943910	eager	1927	MUL_MAT	MMQ	-	blk.0.ffn_down.weight	ffn_out-0	q6_K	f32	f32	12288	4096	1	1	12288	512	1	1	10080	41287680	41287680	49152	25165824	25165824	1	1	0	1	1
1	1788292053500943910	eager	1927	MUL_MAT	MMQ	-	blk.0.ffn_gate.weight	ffn_gate-0	q4_K	f32	f32	4096	12288	1	1	4096	512	1	1	2304	28311552	28311552	16384	8388608	8388608	1	1	0	1	1
1	1788292053500943910	eager	1927	MUL_MAT	MMQ	-	blk.0.ffn_up.weight	ffn_up-0	q4_K	f32	f32	4096	12288	1	1	4096	512	1	1	2304	28311552	28311552	16384	8388608	8388608	1	1	0	1	1
1	1788292053500943910	eager	1927	MUL_MAT	MMQ	-	blk.0.ssm_alpha.weight	node_34	q4_K	f32	f32	4096	32	1	1	4096	512	1	1	2304	73728	73728	16384	8388608	8388608	1	1	0	1	1
1	1788292053500943910	eager	1927	MUL_MAT	MMQ	-	blk.0.ssm_beta.weight	node_40	q4_K	f32	f32	4096	32	1	1	4096	512	1	1	2304	73728	73728	16384	8388608	8388608	1	1	0	1	1
1	1788292053500943910	eager	1927	MUL_MAT	MMQ	-	blk.0.ssm_out.weight	linear_attn_out-0	q4_K	f32	f32	4096	4096	1	1	4096	512	1	1	2304	9437184	9437184	16384	8388608	8388608	1	1	0	1	1
1	1788292053500943910	eager	1927	MUL_MAT	MMQ	-	blk.1.attn_gate.weight	z-1	q4_K	f32	f32	4096	4096	1	1	4096	512	1	1	2304	9437184	9437184	16384	8388608	8388608	1	1	0	1	1
1	1788292053500943910	eager	1927	MUL_MAT	MMQ	-	blk.1.attn_qkv.weight	node_76	q6_K	f32	f32	4096	8192	1	1	4096	512	1	1	3360	27525120	27525120	16384	8388608	8388608	1	1	0	1	1
1	1788292053500943910	eager	1927	MUL_MAT	MMQ	-	blk.1.ffn_down.weight	ffn_out-1	q6_K	f32	f32	12288	4096	1	1	12288	512	1	1	10080	41287680	41287680	49152	25165824	25165824	1	1	0	1	1
1	1788292053500943910	eager	1927	MUL_MAT	MMQ	-	blk.1.ffn_gate.weight	ffn_gate-1	q4_K	f32	f32	4096	12288	1	1	4096	512	1	1	2304	28311552	28311552	16384	8388608	8388608	1	1	0	1	1
1	1788292053500943910	eager	1927	MUL_MAT	MMQ	-	blk.1.ffn_up.weight	ffn_up-1	q4_K	f32	f32	4096	12288	1	1	4096	512	1	1	2304	28311552	28311552	16384	8388608	8388608	1	1	0	1	1
1	1788292053500943910	eager	1927	MUL_MAT	MMQ	-	blk.1.ssm_alpha.weight	node_97	q4_K	f32	f32	4096	32	1	1	4096	512	1	1	2304	73728	73728	16384	8388608	8388608	1	1	0	1	1
1	1788292053500943910	eager	1927	MUL_MAT	MMQ	-	blk.1.ssm_beta.weight	node_103	q4_K	f32	f32	4096	32	1	1	4096	512	1	1	2304	73728	73728	16384	8388608	8388608	1	1	0	1	1
1	1788292053500943910	eager	1927	MUL_MAT	MMQ	-	blk.1.ssm_out.weight	linear_attn_out-1	q4_K	f32	f32	4096	4096	1	1	4096	512	1	1	2304	9437184	9437184	16384	8388608	8388608	1	1	0	1	1
1	1788292053500943910	eager	1927	MUL_MAT	MMQ	-	blk.10.attn_gate.weight	z-10	q4_K	f32	f32	4096	4096	1	1	4096	512	1	1	2304	9437184	9437184	16384	8388608	8388608	1	1	0	1	1
1	1788292053500943910	eager	1927	MUL_MAT	MMQ	-	blk.10.attn_qkv.weight	node_619	q4_K	f32	f32	4096	8192	1	1	4096	512	1	1	2304	18874368	18874368	16384	8388608	8388608	1	1	0	1	1
1	1788292053500943910	eager	1927	MUL_MAT	MMQ	-	blk.10.ffn_down.weight	ffn_out-10	q4_K	f32	f32	12288	4096	1	1	12288	512	1	1	6912	28311552	28311552	49152	25165824	25165824	1	1	0	1	1
1	1788292053500943910	eager	1927	MUL_MAT	MMQ	-	blk.10.ffn_gate.weight	ffn_gate-10	q4_K	f32	f32	4096	12288	1	1	4096	512	1	1	2304	28311552	28311552	16384	8388608	8388608	1	1	0	1	1
1	1788292053500943910	eager	1927	MUL_MAT	MMQ	-	blk.10.ffn_up.weight	ffn_up-10	q4_K	f32	f32	4096	12288	1	1	4096	512	1	1	2304	28311552	28311552	16384	8388608	8388608	1	1	0	1	1
1	1788292053500943910	eager	1927	MUL_MAT	MMQ	-	blk.10.ssm_alpha.weight	node_640	q4_K	f32	f32	4096	32	1	1	4096	512	1	1	2304	73728	73728	16384	8388608	8388608	1	1	0	1	1
1	1788292053500943910	eager	1927	MUL_MAT	MMQ	-	blk.10.ssm_beta.weight	node_646	q4_K	f32	f32	4096	32	1	1	4096	512	1	1	2304	73728	73728	16384	8388608	8388608	1	1	0	1	1
1	1788292053500943910	eager	1927	MUL_MAT	MMQ	-	blk.10.ssm_out.weight	linear_attn_out-10	q4_K	f32	f32	4096	4096	1	1	4096	512	1	1	2304	9437184	9437184	16384	8388608	8388608	1	1	0	1	1
1	1788292053500943910	eager	1927	MUL_MAT	MMQ	-	blk.11.attn_k.weight	Kcur-11	q4_K	f32	f32	4096	1024	1	1	4096	512	1	1	2304	2359296	2359296	16384	8388608	8388608	1	1	0	1	1
1	1788292053500943910	eager	1927	MUL_MAT	MMQ	-	blk.11.attn_output.weight	attn_output-11	q4_K	f32	f32	4096	4096	1	1	4096	512	1	1	2304	9437184	9437184	16384	8388608	8388608	1	1	0	1	1
1	1788292053500943910	eager	1927	MUL_MAT	MMQ	-	blk.11.attn_q.weight	Qcur_full-11	q4_K	f32	f32	4096	8192	1	1	4096	512	1	1	2304	18874368	18874368	16384	8388608	8388608	1	1	0	1	1
1	1788292053500943910	eager	1927	MUL_MAT	MMQ	-	blk.11.attn_v.weight	Vcur-11	q4_K	f32	f32	4096	1024	1	1	4096	512	1	1	2304	2359296	2359296	16384	8388608	8388608	1	1	0	1	1
1	1788292053500943910	eager	1927	MUL_MAT	MMQ	-	blk.11.ffn_down.weight	ffn_out-11	q4_K	f32	f32	12288	4096	1	1	12288	512	1	1	6912	28311552	28311552	49152	25165824	25165824	1	1	0	1	1
1	1788292053500943910	eager	1927	MUL_MAT	MMQ	-	blk.11.ffn_gate.weight	ffn_gate-11	q4_K	f32	f32	4096	12288	1	1	4096	512	1	1	2304	28311552	28311552	16384	8388608	8388608	1	1	0	1	1
1	1788292053500943910	eager	1927	MUL_MAT	MMQ	-	blk.11.ffn_up.weight	ffn_up-11	q4_K	f32	f32	4096	12288	1	1	4096	512	1	1	2304	28311552	28311552	16384	8388608	8388608	1	1	0	1	1
1	1788292053500943910	eager	1927	MUL_MAT	MMQ	-	blk.12.attn_gate.weight	z-12	q4_K	f32	f32	4096	4096	1	1	4096	512	1	1	2304	9437184	9437184	16384	8388608	8388608	1	1	0	1	1
1	1788292053500943910	eager	1927	MUL_MAT	MMQ	-	blk.12.attn_qkv.weight	node_733	q6_K	f32	f32	4096	8192	1	1	4096	512	1	1	3360	27525120	27525120	16384	8388608	8388608	1	1	0	1	1
1	1788292053500943910	eager	1927	MUL_MAT	MMQ	-	blk.12.ffn_down.weight	ffn_out-12	q6_K	f32	f32	12288	4096	1	1	12288	512	1	1	10080	41287680	41287680	49152	25165824	25165824	1	1	0	1	1
1	1788292053500943910	eager	1927	MUL_MAT	MMQ	-	blk.12.ffn_gate.weight	ffn_gate-12	q4_K	f32	f32	4096	12288	1	1	4096	512	1	1	2304	28311552	28311552	16384	8388608	8388608	1	1	0	1	1
1	1788292053500943910	eager	1927	MUL_MAT	MMQ	-	blk.12.ffn_up.weight	ffn_up-12	q4_K	f32	f32	4096	12288	1	1	4096	512	1	1	2304	28311552	28311552	16384	8388608	8388608	1	1	0	1	1
1	1788292053500943910	eager	1927	MUL_MAT	MMQ	-	blk.12.ssm_alpha.weight	node_754	q4_K	f32	f32	4096	32	1	1	4096	512	1	1	2304	73728	73728	16384	8388608	8388608	1	1	0	1	1
1	1788292053500943910	eager	1927	MUL_MAT	MMQ	-	blk.12.ssm_beta.weight	node_760	q4_K	f32	f32	4096	32	1	1	4096	512	1	1	2304	73728	73728	16384	8388608	8388608	1	1	0	1	1
1	1788292053500943910	eager	1927	MUL_MAT	MMQ	-	blk.12.ssm_out.weight	linear_attn_out-12	q4_K	f32	f32	4096	4096	1	1	4096	512	1	1	2304	9437184	9437184	16384	8388608	8388608	1	1	0	1	1
1	1788292053500943910	eager	1927	MUL_MAT	MMQ	-	blk.13.attn_gate.weight	z-13	q4_K	f32	f32	4096	4096	1	1	4096	512	1	1	2304	9437184	9437184	16384	8388608	8388608	1	1	0	1	1
1	1788292053500943910	eager	1927	MUL_MAT	MMQ	-	blk.13.attn_qkv.weight	node_796	q4_K	f32	f32	4096	8192	1	1	4096	512	1	1	2304	18874368	18874368	16384	8388608	8388608	1	1	0	1	1
1	1788292053500943910	eager	1927	MUL_MAT	MMQ	-	blk.13.ffn_down.weight	ffn_out-13	q4_K	f32	f32	12288	4096	1	1	12288	512	1	1	6912	28311552	28311552	49152	25165824	25165824	1	1	0	1	1
1	1788292053500943910	eager	1927	MUL_MAT	MMQ	-	blk.13.ffn_gate.weight	ffn_gate-13	q4_K	f32	f32	4096	12288	1	1	4096	512	1	1	2304	28311552	28311552	16384	8388608	8388608	1	1	0	1	1
1	1788292053500943910	eager	1927	MUL_MAT	MMQ	-	blk.13.ffn_up.weight	ffn_up-13	q4_K	f32	f32	4096	12288	1	1	4096	512	1	1	2304	28311552	28311552	16384	8388608	8388608	1	1	0	1	1
1	1788292053500943910	eager	1927	MUL_MAT	MMQ	-	blk.13.ssm_alpha.weight	node_817	q4_K	f32	f32	4096	32	1	1	4096	512	1	1	2304	73728	73728	16384	8388608	8388608	1	1	0	1	1
1	1788292053500943910	eager	1927	MUL_MAT	MMQ	-	blk.13.ssm_beta.weight	node_823	q4_K	f32	f32	4096	32	1	1	4096	512	1	1	2304	73728	73728	16384	8388608	8388608	1	1	0	1	1
1	1788292053500943910	eager	1927	MUL_MAT	MMQ	-	blk.13.ssm_out.weight	linear_attn_out-13	q4_K	f32	f32	4096	4096	1	1	4096	512	1	1	2304	9437184	9437184	16384	8388608	8388608	1	1	0	1	1
1	1788292053500943910	eager	1927	MUL_MAT	MMQ	-	blk.14.attn_gate.weight	z-14	q4_K	f32	f32	4096	4096	1	1	4096	512	1	1	2304	9437184	9437184	16384	8388608	8388608	1	1	0	1	1
1	1788292053500943910	eager	1927	MUL_MAT	MMQ	-	blk.14.attn_qkv.weight	node_859	q4_K	f32	f32	4096	8192	1	1	4096	512	1	1	2304	18874368	18874368	16384	8388608	8388608	1	1	0	1	1
1	1788292053500943910	eager	1927	MUL_MAT	MMQ	-	blk.14.ffn_down.weight	ffn_out-14	q4_K	f32	f32	12288	4096	1	1	12288	512	1	1	6912	28311552	28311552	49152	25165824	25165824	1	1	0	1	1
1	1788292053500943910	eager	1927	MUL_MAT	MMQ	-	blk.14.ffn_gate.weight	ffn_gate-14	q4_K	f32	f32	4096	12288	1	1	4096	512	1	1	2304	28311552	28311552	16384	8388608	8388608	1	1	0	1	1
1	1788292053500943910	eager	1927	MUL_MAT	MMQ	-	blk.14.ffn_up.weight	ffn_up-14	q4_K	f32	f32	4096	12288	1	1	4096	512	1	1	2304	28311552	28311552	16384	8388608	8388608	1	1	0	1	1
1	1788292053500943910	eager	1927	MUL_MAT	MMQ	-	blk.14.ssm_alpha.weight	node_880	q4_K	f32	f32	4096	32	1	1	4096	512	1	1	2304	73728	73728	16384	8388608	8388608	1	1	0	1	1
1	1788292053500943910	eager	1927	MUL_MAT	MMQ	-	blk.14.ssm_beta.weight	node_886	q4_K	f32	f32	4096	32	1	1	4096	512	1	1	2304	73728	73728	16384	8388608	8388608	1	1	0	1	1
1	1788292053500943910	eager	1927	MUL_MAT	MMQ	-	blk.14.ssm_out.weight	linear_attn_out-14	q4_K	f32	f32	4096	4096	1	1	4096	512	1	1	2304	9437184	9437184	16384	8388608	8388608	1	1	0	1	1
1	1788292053500943910	eager	1927	MUL_MAT	MMQ	-	blk.15.attn_k.weight	Kcur-15	q4_K	f32	f32	4096	1024	1	1	4096	512	1	1	2304	2359296	2359296	16384	8388608	8388608	1	1	0	1	1
1	1788292053500943910	eager	1927	MUL_MAT	MMQ	-	blk.15.attn_output.weight	attn_output-15	q4_K	f32	f32	4096	4096	1	1	4096	512	1	1	2304	9437184	9437184	16384	8388608	8388608	1	1	0	1	1
1	1788292053500943910	eager	1927	MUL_MAT	MMQ	-	blk.15.attn_q.weight	Qcur_full-15	q4_K	f32	f32	4096	8192	1	1	4096	512	1	1	2304	18874368	18874368	16384	8388608	8388608	1	1	0	1	1
1	1788292053500943910	eager	1927	MUL_MAT	MMQ	-	blk.15.attn_v.weight	Vcur-15	q6_K	f32	f32	4096	1024	1	1	4096	512	1	1	3360	3440640	3440640	16384	8388608	8388608	1	1	0	1	1
1	1788292053500943910	eager	1927	MUL_MAT	MMQ	-	blk.15.ffn_down.weight	ffn_out-15	q6_K	f32	f32	12288	4096	1	1	12288	512	1	1	10080	41287680	41287680	49152	25165824	25165824	1	1	0	1	1
1	1788292053500943910	eager	1927	MUL_MAT	MMQ	-	blk.15.ffn_gate.weight	ffn_gate-15	q4_K	f32	f32	4096	12288	1	1	4096	512	1	1	2304	28311552	28311552	16384	8388608	8388608	1	1	0	1	1
1	1788292053500943910	eager	1927	MUL_MAT	MMQ	-	blk.15.ffn_up.weight	ffn_up-15	q4_K	f32	f32	4096	12288	1	1	4096	512	1	1	2304	28311552	28311552	16384	8388608	8388608	1	1	0	1	1
1	1788292053500943910	eager	1927	MUL_MAT	MMQ	-	blk.16.attn_gate.weight	z-16	q4_K	f32	f32	4096	4096	1	1	4096	512	1	1	2304	9437184	9437184	16384	8388608	8388608	1	1	0	1	1
1	1788292053500943910	eager	1927	MUL_MAT	MMQ	-	blk.16.attn_qkv.weight	node_973	q4_K	f32	f32	4096	8192	1	1	4096	512	1	1	2304	18874368	18874368	16384	8388608	8388608	1	1	0	1	1
1	1788292053500943910	eager	1927	MUL_MAT	MMQ	-	blk.16.ffn_down.weight	ffn_out-16	q4_K	f32	f32	12288	4096	1	1	12288	512	1	1	6912	28311552	28311552	49152	25165824	25165824	1	1	0	1	1
1	1788292053500943910	eager	1927	MUL_MAT	MMQ	-	blk.16.ffn_gate.weight	ffn_gate-16	q4_K	f32	f32	4096	12288	1	1	4096	512	1	1	2304	28311552	28311552	16384	8388608	8388608	1	1	0	1	1
1	1788292053500943910	eager	1927	MUL_MAT	MMQ	-	blk.16.ffn_up.weight	ffn_up-16	q4_K	f32	f32	4096	12288	1	1	4096	512	1	1	2304	28311552	28311552	16384	8388608	8388608	1	1	0	1	1
1	1788292053500943910	eager	1927	MUL_MAT	MMQ	-	blk.16.ssm_alpha.weight	node_994	q4_K	f32	f32	4096	32	1	1	4096	512	1	1	2304	73728	73728	16384	8388608	8388608	1	1	0	1	1
1	1788292053500943910	eager	1927	MUL_MAT	MMQ	-	blk.16.ssm_beta.weight	node_1000	q4_K	f32	f32	4096	32	1	1	4096	512	1	1	2304	73728	73728	16384	8388608	8388608	1	1	0	1	1
1	1788292053500943910	eager	1927	MUL_MAT	MMQ	-	blk.16.ssm_out.weight	linear_attn_out-16	q4_K	f32	f32	4096	4096	1	1	4096	512	1	1	2304	9437184	9437184	16384	8388608	8388608	1	1	0	1	1
1	1788292053500943910	eager	1927	MUL_MAT	MMQ	-	blk.17.attn_gate.weight	z-17	q4_K	f32	f32	4096	4096	1	1	4096	512	1	1	2304	9437184	9437184	16384	8388608	8388608	1	1	0	1	1
1	1788292053500943910	eager	1927	MUL_MAT	MMQ	-	blk.17.attn_qkv.weight	node_1036	q4_K	f32	f32	4096	8192	1	1	4096	512	1	1	2304	18874368	18874368	16384	8388608	8388608	1	1	0	1	1
1	1788292053500943910	eager	1927	MUL_MAT	MMQ	-	blk.17.ffn_down.weight	ffn_out-17	q4_K	f32	f32	12288	4096	1	1	12288	512	1	1	6912	28311552	28311552	49152	25165824	25165824	1	1	0	1	1
1	1788292053500943910	eager	1927	MUL_MAT	MMQ	-	blk.17.ffn_gate.weight	ffn_gate-17	q4_K	f32	f32	4096	12288	1	1	4096	512	1	1	2304	28311552	28311552	16384	8388608	8388608	1	1	0	1	1
1	1788292053500943910	eager	1927	MUL_MAT	MMQ	-	blk.17.ffn_up.weight	ffn_up-17	q4_K	f32	f32	4096	12288	1	1	4096	512	1	1	2304	28311552	28311552	16384	8388608	8388608	1	1	0	1	1
1	1788292053500943910	eager	1927	MUL_MAT	MMQ	-	blk.17.ssm_alpha.weight	node_1057	q4_K	f32	f32	4096	32	1	1	4096	512	1	1	2304	73728	73728	16384	8388608	8388608	1	1	0	1	1
1	1788292053500943910	eager	1927	MUL_MAT	MMQ	-	blk.17.ssm_beta.weight	node_1063	q4_K	f32	f32	4096	32	1	1	4096	512	1	1	2304	73728	73728	16384	8388608	8388608	1	1	0	1	1
1	1788292053500943910	eager	1927	MUL_MAT	MMQ	-	blk.17.ssm_out.weight	linear_attn_out-17	q4_K	f32	f32	4096	4096	1	1	4096	512	1	1	2304	9437184	9437184	16384	8388608	8388608	1	1	0	1	1
1	1788292053500943910	eager	1927	MUL_MAT	MMQ	-	blk.18.attn_gate.weight	z-18	q4_K	f32	f32	4096	4096	1	1	4096	512	1	1	2304	9437184	9437184	16384	8388608	8388608	1	1	0	1	1
1	1788292053500943910	eager	1927	MUL_MAT	MMQ	-	blk.18.attn_qkv.weight	node_1099	q6_K	f32	f32	4096	8192	1	1	4096	512	1	1	3360	27525120	27525120	16384	8388608	8388608	1	1	0	1	1
1	1788292053500943910	eager	1927	MUL_MAT	MMQ	-	blk.18.ffn_down.weight	ffn_out-18	q6_K	f32	f32	12288	4096	1	1	12288	512	1	1	10080	41287680	41287680	49152	25165824	25165824	1	1	0	1	1
1	1788292053500943910	eager	1927	MUL_MAT	MMQ	-	blk.18.ffn_gate.weight	ffn_gate-18	q4_K	f32	f32	4096	12288	1	1	4096	512	1	1	2304	28311552	28311552	16384	8388608	8388608	1	1	0	1	1
1	1788292053500943910	eager	1927	MUL_MAT	MMQ	-	blk.18.ffn_up.weight	ffn_up-18	q4_K	f32	f32	4096	12288	1	1	4096	512	1	1	2304	28311552	28311552	16384	8388608	8388608	1	1	0	1	1
1	1788292053500943910	eager	1927	MUL_MAT	MMQ	-	blk.18.ssm_alpha.weight	node_1120	q4_K	f32	f32	4096	32	1	1	4096	512	1	1	2304	73728	73728	16384	8388608	8388608	1	1	0	1	1
1	1788292053500943910	eager	1927	MUL_MAT	MMQ	-	blk.18.ssm_beta.weight	node_1126	q4_K	f32	f32	4096	32	1	1	4096	512	1	1	2304	73728	73728	16384	8388608	8388608	1	1	0	1	1
1	1788292053500943910	eager	1927	MUL_MAT	MMQ	-	blk.18.ssm_out.weight	linear_attn_out-18	q4_K	f32	f32	4096	4096	1	1	4096	512	1	1	2304	9437184	9437184	16384	8388608	8388608	1	1	0	1	1
1	1788292053500943910	eager	1927	MUL_MAT	MMQ	-	blk.19.attn_k.weight	Kcur-19	q4_K	f32	f32	4096	1024	1	1	4096	512	1	1	2304	2359296	2359296	16384	8388608	8388608	1	1	0	1	1
1	1788292053500943910	eager	1927	MUL_MAT	MMQ	-	blk.19.attn_output.weight	attn_output-19	q4_K	f32	f32	4096	4096	1	1	4096	512	1	1	2304	9437184	9437184	16384	8388608	8388608	1	1	0	1	1
1	1788292053500943910	eager	1927	MUL_MAT	MMQ	-	blk.19.attn_q.weight	Qcur_full-19	q4_K	f32	f32	4096	8192	1	1	4096	512	1	1	2304	18874368	18874368	16384	8388608	8388608	1	1	0	1	1
1	1788292053500943910	eager	1927	MUL_MAT	MMQ	-	blk.19.attn_v.weight	Vcur-19	q4_K	f32	f32	4096	1024	1	1	4096	512	1	1	2304	2359296	2359296	16384	8388608	8388608	1	1	0	1	1
1	1788292053500943910	eager	1927	MUL_MAT	MMQ	-	blk.19.ffn_down.weight	ffn_out-19	q4_K	f32	f32	12288	4096	1	1	12288	512	1	1	6912	28311552	28311552	49152	25165824	25165824	1	1	0	1	1
1	1788292053500943910	eager	1927	MUL_MAT	MMQ	-	blk.19.ffn_gate.weight	ffn_gate-19	q4_K	f32	f32	4096	12288	1	1	4096	512	1	1	2304	28311552	28311552	16384	8388608	8388608	1	1	0	1	1
1	1788292053500943910	eager	1927	MUL_MAT	MMQ	-	blk.19.ffn_up.weight	ffn_up-19	q4_K	f32	f32	4096	12288	1	1	4096	512	1	1	2304	28311552	28311552	16384	8388608	8388608	1	1	0	1	1
1	1788292053500943910	eager	1927	MUL_MAT	MMQ	-	blk.2.attn_gate.weight	z-2	q4_K	f32	f32	4096	4096	1	1	4096	512	1	1	2304	9437184	9437184	16384	8388608	8388608	1	1	0	1	1
1	1788292053500943910	eager	1927	MUL_MAT	MMQ	-	blk.2.attn_qkv.weight	node_139	q6_K	f32	f32	4096	8192	1	1	4096	512	1	1	3360	27525120	27525120	16384	8388608	8388608	1	1	0	1	1
1	1788292053500943910	eager	1927	MUL_MAT	MMQ	-	blk.2.ffn_down.weight	ffn_out-2	q6_K	f32	f32	12288	4096	1	1	12288	512	1	1	10080	41287680	41287680	49152	25165824	25165824	1	1	0	1	1
1	1788292053500943910	eager	1927	MUL_MAT	MMQ	-	blk.2.ffn_gate.weight	ffn_gate-2	q4_K	f32	f32	4096	12288	1	1	4096	512	1	1	2304	28311552	28311552	16384	8388608	8388608	1	1	0	1	1
1	1788292053500943910	eager	1927	MUL_MAT	MMQ	-	blk.2.ffn_up.weight	ffn_up-2	q4_K	f32	f32	4096	12288	1	1	4096	512	1	1	2304	28311552	28311552	16384	8388608	8388608	1	1	0	1	1
1	1788292053500943910	eager	1927	MUL_MAT	MMQ	-	blk.2.ssm_alpha.weight	node_160	q4_K	f32	f32	4096	32	1	1	4096	512	1	1	2304	73728	73728	16384	8388608	8388608	1	1	0	1	1
1	1788292053500943910	eager	1927	MUL_MAT	MMQ	-	blk.2.ssm_beta.weight	node_166	q4_K	f32	f32	4096	32	1	1	4096	512	1	1	2304	73728	73728	16384	8388608	8388608	1	1	0	1	1
1	1788292053500943910	eager	1927	MUL_MAT	MMQ	-	blk.2.ssm_out.weight	linear_attn_out-2	q4_K	f32	f32	4096	4096	1	1	4096	512	1	1	2304	9437184	9437184	16384	8388608	8388608	1	1	0	1	1
1	1788292053500943910	eager	1927	MUL_MAT	MMQ	-	blk.20.attn_gate.weight	z-20	q4_K	f32	f32	4096	4096	1	1	4096	512	1	1	2304	9437184	9437184	16384	8388608	8388608	1	1	0	1	1
1	1788292053500943910	eager	1927	MUL_MAT	MMQ	-	blk.20.attn_qkv.weight	node_1213	q4_K	f32	f32	4096	8192	1	1	4096	512	1	1	2304	18874368	18874368	16384	8388608	8388608	1	1	0	1	1
1	1788292053500943910	eager	1927	MUL_MAT	MMQ	-	blk.20.ffn_down.weight	ffn_out-20	q4_K	f32	f32	12288	4096	1	1	12288	512	1	1	6912	28311552	28311552	49152	25165824	25165824	1	1	0	1	1
1	1788292053500943910	eager	1927	MUL_MAT	MMQ	-	blk.20.ffn_gate.weight	ffn_gate-20	q4_K	f32	f32	4096	12288	1	1	4096	512	1	1	2304	28311552	28311552	16384	8388608	8388608	1	1	0	1	1
1	1788292053500943910	eager	1927	MUL_MAT	MMQ	-	blk.20.ffn_up.weight	ffn_up-20	q4_K	f32	f32	4096	12288	1	1	4096	512	1	1	2304	28311552	28311552	16384	8388608	8388608	1	1	0	1	1
1	1788292053500943910	eager	1927	MUL_MAT	MMQ	-	blk.20.ssm_alpha.weight	node_1234	q4_K	f32	f32	4096	32	1	1	4096	512	1	1	2304	73728	73728	16384	8388608	8388608	1	1	0	1	1
1	1788292053500943910	eager	1927	MUL_MAT	MMQ	-	blk.20.ssm_beta.weight	node_1240	q4_K	f32	f32	4096	32	1	1	4096	512	1	1	2304	73728	73728	16384	8388608	8388608	1	1	0	1	1
1	1788292053500943910	eager	1927	MUL_MAT	MMQ	-	blk.20.ssm_out.weight	linear_attn_out-20	q4_K	f32	f32	4096	4096	1	1	4096	512	1	1	2304	9437184	9437184	16384	8388608	8388608	1	1	0	1	1
1	1788292053500943910	eager	1927	MUL_MAT	MMQ	-	blk.21.attn_gate.weight	z-21	q4_K	f32	f32	4096	4096	1	1	4096	512	1	1	2304	9437184	9437184	16384	8388608	8388608	1	1	0	1	1
1	1788292053500943910	eager	1927	MUL_MAT	MMQ	-	blk.21.attn_qkv.weight	node_1276	q6_K	f32	f32	4096	8192	1	1	4096	512	1	1	3360	27525120	27525120	16384	8388608	8388608	1	1	0	1	1
1	1788292053500943910	eager	1927	MUL_MAT	MMQ	-	blk.21.ffn_down.weight	ffn_out-21	q6_K	f32	f32	12288	4096	1	1	12288	512	1	1	10080	41287680	41287680	49152	25165824	25165824	1	1	0	1	1
1	1788292053500943910	eager	1927	MUL_MAT	MMQ	-	blk.21.ffn_gate.weight	ffn_gate-21	q4_K	f32	f32	4096	12288	1	1	4096	512	1	1	2304	28311552	28311552	16384	8388608	8388608	1	1	0	1	1
1	1788292053500943910	eager	1927	MUL_MAT	MMQ	-	blk.21.ffn_up.weight	ffn_up-21	q4_K	f32	f32	4096	12288	1	1	4096	512	1	1	2304	28311552	28311552	16384	8388608	8388608	1	1	0	1	1
1	1788292053500943910	eager	1927	MUL_MAT	MMQ	-	blk.21.ssm_alpha.weight	node_1297	q4_K	f32	f32	4096	32	1	1	4096	512	1	1	2304	73728	73728	16384	8388608	8388608	1	1	0	1	1
1	1788292053500943910	eager	1927	MUL_MAT	MMQ	-	blk.21.ssm_beta.weight	node_1303	q4_K	f32	f32	4096	32	1	1	4096	512	1	1	2304	73728	73728	16384	8388608	8388608	1	1	0	1	1
1	1788292053500943910	eager	1927	MUL_MAT	MMQ	-	blk.21.ssm_out.weight	linear_attn_out-21	q4_K	f32	f32	4096	4096	1	1	4096	512	1	1	2304	9437184	9437184	16384	8388608	8388608	1	1	0	1	1
1	1788292053500943910	eager	1927	MUL_MAT	MMQ	-	blk.22.attn_gate.weight	z-22	q4_K	f32	f32	4096	4096	1	1	4096	512	1	1	2304	9437184	9437184	16384	8388608	8388608	1	1	0	1	1
1	1788292053500943910	eager	1927	MUL_MAT	MMQ	-	blk.22.attn_qkv.weight	node_1339	q4_K	f32	f32	4096	8192	1	1	4096	512	1	1	2304	18874368	18874368	16384	8388608	8388608	1	1	0	1	1
1	1788292053500943910	eager	1927	MUL_MAT	MMQ	-	blk.22.ffn_down.weight	ffn_out-22	q4_K	f32	f32	12288	4096	1	1	12288	512	1	1	6912	28311552	28311552	49152	25165824	25165824	1	1	0	1	1
1	1788292053500943910	eager	1927	MUL_MAT	MMQ	-	blk.22.ffn_gate.weight	ffn_gate-22	q4_K	f32	f32	4096	12288	1	1	4096	512	1	1	2304	28311552	28311552	16384	8388608	8388608	1	1	0	1	1
1	1788292053500943910	eager	1927	MUL_MAT	MMQ	-	blk.22.ffn_up.weight	ffn_up-22	q4_K	f32	f32	4096	12288	1	1	4096	512	1	1	2304	28311552	28311552	16384	8388608	8388608	1	1	0	1	1
1	1788292053500943910	eager	1927	MUL_MAT	MMQ	-	blk.22.ssm_alpha.weight	node_1360	q4_K	f32	f32	4096	32	1	1	4096	512	1	1	2304	73728	73728	16384	8388608	8388608	1	1	0	1	1
1	1788292053500943910	eager	1927	MUL_MAT	MMQ	-	blk.22.ssm_beta.weight	node_1366	q4_K	f32	f32	4096	32	1	1	4096	512	1	1	2304	73728	73728	16384	8388608	8388608	1	1	0	1	1
1	1788292053500943910	eager	1927	MUL_MAT	MMQ	-	blk.22.ssm_out.weight	linear_attn_out-22	q4_K	f32	f32	4096	4096	1	1	4096	512	1	1	2304	9437184	9437184	16384	8388608	8388608	1	1	0	1	1
1	1788292053500943910	eager	1927	MUL_MAT	MMQ	-	blk.23.attn_k.weight	Kcur-23	q4_K	f32	f32	4096	1024	1	1	4096	512	1	1	2304	2359296	2359296	16384	8388608	8388608	1	1	0	1	1
1	1788292053500943910	eager	1927	MUL_MAT	MMQ	-	blk.23.attn_output.weight	attn_output-23	q4_K	f32	f32	4096	4096	1	1	4096	512	1	1	2304	9437184	9437184	16384	8388608	8388608	1	1	0	1	1
1	1788292053500943910	eager	1927	MUL_MAT	MMQ	-	blk.23.attn_q.weight	Qcur_full-23	q4_K	f32	f32	4096	8192	1	1	4096	512	1	1	2304	18874368	18874368	16384	8388608	8388608	1	1	0	1	1
1	1788292053500943910	eager	1927	MUL_MAT	MMQ	-	blk.23.attn_v.weight	Vcur-23	q4_K	f32	f32	4096	1024	1	1	4096	512	1	1	2304	2359296	2359296	16384	8388608	8388608	1	1	0	1	1
1	1788292053500943910	eager	1927	MUL_MAT	MMQ	-	blk.23.ffn_down.weight	ffn_out-23	q4_K	f32	f32	12288	4096	1	1	12288	512	1	1	6912	28311552	28311552	49152	25165824	25165824	1	1	0	1	1
1	1788292053500943910	eager	1927	MUL_MAT	MMQ	-	blk.23.ffn_gate.weight	ffn_gate-23	q4_K	f32	f32	4096	12288	1	1	4096	512	1	1	2304	28311552	28311552	16384	8388608	8388608	1	1	0	1	1
1	1788292053500943910	eager	1927	MUL_MAT	MMQ	-	blk.23.ffn_up.weight	ffn_up-23	q4_K	f32	f32	4096	12288	1	1	4096	512	1	1	2304	28311552	28311552	16384	8388608	8388608	1	1	0	1	1
1	1788292053500943910	eager	1927	MUL_MAT	MMQ	-	blk.24.attn_gate.weight	z-24	q4_K	f32	f32	4096	4096	1	1	4096	512	1	1	2304	9437184	9437184	16384	8388608	8388608	1	1	0	1	1
1	1788292053500943910	eager	1927	MUL_MAT	MMQ	-	blk.24.attn_qkv.weight	node_1453	q6_K	f32	f32	4096	8192	1	1	4096	512	1	1	3360	27525120	27525120	16384	8388608	8388608	1	1	0	1	1
1	1788292053500943910	eager	1927	MUL_MAT	MMQ	-	blk.24.ffn_down.weight	ffn_out-24	q6_K	f32	f32	12288	4096	1	1	12288	512	1	1	10080	41287680	41287680	49152	25165824	25165824	1	1	0	1	1
1	1788292053500943910	eager	1927	MUL_MAT	MMQ	-	blk.24.ffn_gate.weight	ffn_gate-24	q4_K	f32	f32	4096	12288	1	1	4096	512	1	1	2304	28311552	28311552	16384	8388608	8388608	1	1	0	1	1
1	1788292053500943910	eager	1927	MUL_MAT	MMQ	-	blk.24.ffn_up.weight	ffn_up-24	q4_K	f32	f32	4096	12288	1	1	4096	512	1	1	2304	28311552	28311552	16384	8388608	8388608	1	1	0	1	1
1	1788292053500943910	eager	1927	MUL_MAT	MMQ	-	blk.24.ssm_alpha.weight	node_1474	q4_K	f32	f32	4096	32	1	1	4096	512	1	1	2304	73728	73728	16384	8388608	8388608	1	1	0	1	1
1	1788292053500943910	eager	1927	MUL_MAT	MMQ	-	blk.24.ssm_beta.weight	node_1480	q4_K	f32	f32	4096	32	1	1	4096	512	1	1	2304	73728	73728	16384	8388608	8388608	1	1	0	1	1
1	1788292053500943910	eager	1927	MUL_MAT	MMQ	-	blk.24.ssm_out.weight	linear_attn_out-24	q4_K	f32	f32	4096	4096	1	1	4096	512	1	1	2304	9437184	9437184	16384	8388608	8388608	1	1	0	1	1
1	1788292053500943910	eager	1927	MUL_MAT	MMQ	-	blk.25.attn_gate.weight	z-25	q4_K	f32	f32	4096	4096	1	1	4096	512	1	1	2304	9437184	9437184	16384	8388608	8388608	1	1	0	1	1
1	1788292053500943910	eager	1927	MUL_MAT	MMQ	-	blk.25.attn_qkv.weight	node_1516	q4_K	f32	f32	4096	8192	1	1	4096	512	1	1	2304	18874368	18874368	16384	8388608	8388608	1	1	0	1	1
1	1788292053500943910	eager	1927	MUL_MAT	MMQ	-	blk.25.ffn_down.weight	ffn_out-25	q4_K	f32	f32	12288	4096	1	1	12288	512	1	1	6912	28311552	28311552	49152	25165824	25165824	1	1	0	1	1
1	1788292053500943910	eager	1927	MUL_MAT	MMQ	-	blk.25.ffn_gate.weight	ffn_gate-25	q4_K	f32	f32	4096	12288	1	1	4096	512	1	1	2304	28311552	28311552	16384	8388608	8388608	1	1	0	1	1
1	1788292053500943910	eager	1927	MUL_MAT	MMQ	-	blk.25.ffn_up.weight	ffn_up-25	q4_K	f32	f32	4096	12288	1	1	4096	512	1	1	2304	28311552	28311552	16384	8388608	8388608	1	1	0	1	1
1	1788292053500943910	eager	1927	MUL_MAT	MMQ	-	blk.25.ssm_alpha.weight	node_1537	q4_K	f32	f32	4096	32	1	1	4096	512	1	1	2304	73728	73728	16384	8388608	8388608	1	1	0	1	1
1	1788292053500943910	eager	1927	MUL_MAT	MMQ	-	blk.25.ssm_beta.weight	node_1543	q4_K	f32	f32	4096	32	1	1	4096	512	1	1	2304	73728	73728	16384	8388608	8388608	1	1	0	1	1
1	1788292053500943910	eager	1927	MUL_MAT	MMQ	-	blk.25.ssm_out.weight	linear_attn_out-25	q4_K	f32	f32	4096	4096	1	1	4096	512	1	1	2304	9437184	9437184	16384	8388608	8388608	1	1	0	1	1
1	1788292053500943910	eager	1927	MUL_MAT	MMQ	-	blk.26.attn_gate.weight	z-26	q4_K	f32	f32	4096	4096	1	1	4096	512	1	1	2304	9437184	9437184	16384	8388608	8388608	1	1	0	1	1
1	1788292053500943910	eager	1927	MUL_MAT	MMQ	-	blk.26.attn_qkv.weight	node_1579	q4_K	f32	f32	4096	8192	1	1	4096	512	1	1	2304	18874368	18874368	16384	8388608	8388608	1	1	0	1	1
1	1788292053500943910	eager	1927	MUL_MAT	MMQ	-	blk.26.ffn_down.weight	ffn_out-26	q4_K	f32	f32	12288	4096	1	1	12288	512	1	1	6912	28311552	28311552	49152	25165824	25165824	1	1	0	1	1
1	1788292053500943910	eager	1927	MUL_MAT	MMQ	-	blk.26.ffn_gate.weight	ffn_gate-26	q4_K	f32	f32	4096	12288	1	1	4096	512	1	1	2304	28311552	28311552	16384	8388608	8388608	1	1	0	1	1
1	1788292053500943910	eager	1927	MUL_MAT	MMQ	-	blk.26.ffn_up.weight	ffn_up-26	q4_K	f32	f32	4096	12288	1	1	4096	512	1	1	2304	28311552	28311552	16384	8388608	8388608	1	1	0	1	1
1	1788292053500943910	eager	1927	MUL_MAT	MMQ	-	blk.26.ssm_alpha.weight	node_1600	q4_K	f32	f32	4096	32	1	1	4096	512	1	1	2304	73728	73728	16384	8388608	8388608	1	1	0	1	1
1	1788292053500943910	eager	1927	MUL_MAT	MMQ	-	blk.26.ssm_beta.weight	node_1606	q4_K	f32	f32	4096	32	1	1	4096	512	1	1	2304	73728	73728	16384	8388608	8388608	1	1	0	1	1
1	1788292053500943910	eager	1927	MUL_MAT	MMQ	-	blk.26.ssm_out.weight	linear_attn_out-26	q4_K	f32	f32	4096	4096	1	1	4096	512	1	1	2304	9437184	9437184	16384	8388608	8388608	1	1	0	1	1
1	1788292053500943910	eager	1927	MUL_MAT	MMQ	-	blk.27.attn_k.weight	Kcur-27	q4_K	f32	f32	4096	1024	1	1	4096	512	1	1	2304	2359296	2359296	16384	8388608	8388608	1	1	0	1	1
1	1788292053500943910	eager	1927	MUL_MAT	MMQ	-	blk.27.attn_output.weight	attn_output-27	q4_K	f32	f32	4096	4096	1	1	4096	512	1	1	2304	9437184	9437184	16384	8388608	8388608	1	1	0	1	1
1	1788292053500943910	eager	1927	MUL_MAT	MMQ	-	blk.27.attn_q.weight	Qcur_full-27	q4_K	f32	f32	4096	8192	1	1	4096	512	1	1	2304	18874368	18874368	16384	8388608	8388608	1	1	0	1	1
1	1788292053500943910	eager	1927	MUL_MAT	MMQ	-	blk.27.attn_v.weight	Vcur-27	q6_K	f32	f32	4096	1024	1	1	4096	512	1	1	3360	3440640	3440640	16384	8388608	8388608	1	1	0	1	1
1	1788292053500943910	eager	1927	MUL_MAT	MMQ	-	blk.27.ffn_down.weight	ffn_out-27	q6_K	f32	f32	12288	4096	1	1	12288	512	1	1	10080	41287680	41287680	49152	25165824	25165824	1	1	0	1	1
1	1788292053500943910	eager	1927	MUL_MAT	MMQ	-	blk.27.ffn_gate.weight	ffn_gate-27	q4_K	f32	f32	4096	12288	1	1	4096	512	1	1	2304	28311552	28311552	16384	8388608	8388608	1	1	0	1	1
1	1788292053500943910	eager	1927	MUL_MAT	MMQ	-	blk.27.ffn_up.weight	ffn_up-27	q4_K	f32	f32	4096	12288	1	1	4096	512	1	1	2304	28311552	28311552	16384	8388608	8388608	1	1	0	1	1
1	1788292053500943910	eager	1927	MUL_MAT	MMQ	-	blk.28.attn_gate.weight	z-28	q4_K	f32	f32	4096	4096	1	1	4096	512	1	1	2304	9437184	9437184	16384	8388608	8388608	1	1	0	1	1
1	1788292053500943910	eager	1927	MUL_MAT	MMQ	-	blk.28.attn_qkv.weight	node_1693	q6_K	f32	f32	4096	8192	1	1	4096	512	1	1	3360	27525120	27525120	16384	8388608	8388608	1	1	0	1	1
1	1788292053500943910	eager	1927	MUL_MAT	MMQ	-	blk.28.ffn_down.weight	ffn_out-28	q6_K	f32	f32	12288	4096	1	1	12288	512	1	1	10080	41287680	41287680	49152	25165824	25165824	1	1	0	1	1
1	1788292053500943910	eager	1927	MUL_MAT	MMQ	-	blk.28.ffn_gate.weight	ffn_gate-28	q4_K	f32	f32	4096	12288	1	1	4096	512	1	1	2304	28311552	28311552	16384	8388608	8388608	1	1	0	1	1
1	1788292053500943910	eager	1927	MUL_MAT	MMQ	-	blk.28.ffn_up.weight	ffn_up-28	q4_K	f32	f32	4096	12288	1	1	4096	512	1	1	2304	28311552	28311552	16384	8388608	8388608	1	1	0	1	1
1	1788292053500943910	eager	1927	MUL_MAT	MMQ	-	blk.28.ssm_alpha.weight	node_1714	q4_K	f32	f32	4096	32	1	1	4096	512	1	1	2304	73728	73728	16384	8388608	8388608	1	1	0	1	1
1	1788292053500943910	eager	1927	MUL_MAT	MMQ	-	blk.28.ssm_beta.weight	node_1720	q4_K	f32	f32	4096	32	1	1	4096	512	1	1	2304	73728	73728	16384	8388608	8388608	1	1	0	1	1
1	1788292053500943910	eager	1927	MUL_MAT	MMQ	-	blk.28.ssm_out.weight	linear_attn_out-28	q4_K	f32	f32	4096	4096	1	1	4096	512	1	1	2304	9437184	9437184	16384	8388608	8388608	1	1	0	1	1
1	1788292053500943910	eager	1927	MUL_MAT	MMQ	-	blk.29.attn_gate.weight	z-29	q4_K	f32	f32	4096	4096	1	1	4096	512	1	1	2304	9437184	9437184	16384	8388608	8388608	1	1	0	1	1
1	1788292053500943910	eager	1927	MUL_MAT	MMQ	-	blk.29.attn_qkv.weight	node_1756	q6_K	f32	f32	4096	8192	1	1	4096	512	1	1	3360	27525120	27525120	16384	8388608	8388608	1	1	0	1	1
1	1788292053500943910	eager	1927	MUL_MAT	MMQ	-	blk.29.ffn_down.weight	ffn_out-29	q6_K	f32	f32	12288	4096	1	1	12288	512	1	1	10080	41287680	41287680	49152	25165824	25165824	1	1	0	1	1
1	1788292053500943910	eager	1927	MUL_MAT	MMQ	-	blk.29.ffn_gate.weight	ffn_gate-29	q4_K	f32	f32	4096	12288	1	1	4096	512	1	1	2304	28311552	28311552	16384	8388608	8388608	1	1	0	1	1
1	1788292053500943910	eager	1927	MUL_MAT	MMQ	-	blk.29.ffn_up.weight	ffn_up-29	q4_K	f32	f32	4096	12288	1	1	4096	512	1	1	2304	28311552	28311552	16384	8388608	8388608	1	1	0	1	1
1	1788292053500943910	eager	1927	MUL_MAT	MMQ	-	blk.29.ssm_alpha.weight	node_1777	q4_K	f32	f32	4096	32	1	1	4096	512	1	1	2304	73728	73728	16384	8388608	8388608	1	1	0	1	1
1	1788292053500943910	eager	1927	MUL_MAT	MMQ	-	blk.29.ssm_beta.weight	node_1783	q4_K	f32	f32	4096	32	1	1	4096	512	1	1	2304	73728	73728	16384	8388608	8388608	1	1	0	1	1
1	1788292053500943910	eager	1927	MUL_MAT	MMQ	-	blk.29.ssm_out.weight	linear_attn_out-29	q4_K	f32	f32	4096	4096	1	1	4096	512	1	1	2304	9437184	9437184	16384	8388608	8388608	1	1	0	1	1
1	1788292053500943910	eager	1927	MUL_MAT	MMQ	-	blk.3.attn_k.weight	Kcur-3	q4_K	f32	f32	4096	1024	1	1	4096	512	1	1	2304	2359296	2359296	16384	8388608	8388608	1	1	0	1	1
1	1788292053500943910	eager	1927	MUL_MAT	MMQ	-	blk.3.attn_output.weight	attn_output-3	q4_K	f32	f32	4096	4096	1	1	4096	512	1	1	2304	9437184	9437184	16384	8388608	8388608	1	1	0	1	1
1	1788292053500943910	eager	1927	MUL_MAT	MMQ	-	blk.3.attn_q.weight	Qcur_full-3	q4_K	f32	f32	4096	8192	1	1	4096	512	1	1	2304	18874368	18874368	16384	8388608	8388608	1	1	0	1	1
1	1788292053500943910	eager	1927	MUL_MAT	MMQ	-	blk.3.attn_v.weight	Vcur-3	q6_K	f32	f32	4096	1024	1	1	4096	512	1	1	3360	3440640	3440640	16384	8388608	8388608	1	1	0	1	1
1	1788292053500943910	eager	1927	MUL_MAT	MMQ	-	blk.3.ffn_down.weight	ffn_out-3	q6_K	f32	f32	12288	4096	1	1	12288	512	1	1	10080	41287680	41287680	49152	25165824	25165824	1	1	0	1	1
1	1788292053500943910	eager	1927	MUL_MAT	MMQ	-	blk.3.ffn_gate.weight	ffn_gate-3	q4_K	f32	f32	4096	12288	1	1	4096	512	1	1	2304	28311552	28311552	16384	8388608	8388608	1	1	0	1	1
1	1788292053500943910	eager	1927	MUL_MAT	MMQ	-	blk.3.ffn_up.weight	ffn_up-3	q4_K	f32	f32	4096	12288	1	1	4096	512	1	1	2304	28311552	28311552	16384	8388608	8388608	1	1	0	1	1
1	1788292053500943910	eager	1927	MUL_MAT	MMQ	-	blk.30.attn_gate.weight	z-30	q4_K	f32	f32	4096	4096	1	1	4096	512	1	1	2304	9437184	9437184	16384	8388608	8388608	1	1	0	1	1
1	1788292053500943910	eager	1927	MUL_MAT	MMQ	-	blk.30.attn_qkv.weight	node_1819	q6_K	f32	f32	4096	8192	1	1	4096	512	1	1	3360	27525120	27525120	16384	8388608	8388608	1	1	0	1	1
1	1788292053500943910	eager	1927	MUL_MAT	MMQ	-	blk.30.ffn_down.weight	ffn_out-30	q6_K	f32	f32	12288	4096	1	1	12288	512	1	1	10080	41287680	41287680	49152	25165824	25165824	1	1	0	1	1
1	1788292053500943910	eager	1927	MUL_MAT	MMQ	-	blk.30.ffn_gate.weight	ffn_gate-30	q4_K	f32	f32	4096	12288	1	1	4096	512	1	1	2304	28311552	28311552	16384	8388608	8388608	1	1	0	1	1
1	1788292053500943910	eager	1927	MUL_MAT	MMQ	-	blk.30.ffn_up.weight	ffn_up-30	q4_K	f32	f32	4096	12288	1	1	4096	512	1	1	2304	28311552	28311552	16384	8388608	8388608	1	1	0	1	1
1	1788292053500943910	eager	1927	MUL_MAT	MMQ	-	blk.30.ssm_alpha.weight	node_1840	q4_K	f32	f32	4096	32	1	1	4096	512	1	1	2304	73728	73728	16384	8388608	8388608	1	1	0	1	1
1	1788292053500943910	eager	1927	MUL_MAT	MMQ	-	blk.30.ssm_beta.weight	node_1846	q4_K	f32	f32	4096	32	1	1	4096	512	1	1	2304	73728	73728	16384	8388608	8388608	1	1	0	1	1
1	1788292053500943910	eager	1927	MUL_MAT	MMQ	-	blk.30.ssm_out.weight	linear_attn_out-30	q4_K	f32	f32	4096	4096	1	1	4096	512	1	1	2304	9437184	9437184	16384	8388608	8388608	1	1	0	1	1
1	1788292053500943910	eager	1927	MUL_MAT	MMQ	-	blk.31.attn_k.weight	Kcur-31	q4_K	f32	f32	4096	1024	1	1	4096	512	1	1	2304	2359296	2359296	16384	8388608	8388608	1	1	0	1	1
1	1788292053500943910	eager	1927	MUL_MAT	MMQ	-	blk.31.attn_output.weight	attn_output-31	q4_K	f32	f32	4096	4096	1	1	4096	512	1	1	2304	9437184	9437184	16384	8388608	8388608	1	1	0	1	1
1	1788292053500943910	eager	1927	MUL_MAT	MMQ	-	blk.31.attn_q.weight	Qcur_full-31	q4_K	f32	f32	4096	8192	1	1	4096	512	1	1	2304	18874368	18874368	16384	8388608	8388608	1	1	0	1	1
1	1788292053500943910	eager	1927	MUL_MAT	MMQ	-	blk.31.attn_v.weight	Vcur-31	q6_K	f32	f32	4096	1024	1	1	4096	512	1	1	3360	3440640	3440640	16384	8388608	8388608	1	1	0	1	1
1	1788292053500943910	eager	1927	MUL_MAT	MMQ	-	blk.31.ffn_down.weight	ffn_out-31	q6_K	f32	f32	12288	4096	1	1	12288	512	1	1	10080	41287680	41287680	49152	25165824	25165824	1	1	0	1	1
1	1788292053500943910	eager	1927	MUL_MAT	MMQ	-	blk.31.ffn_gate.weight	ffn_gate-31	q4_K	f32	f32	4096	12288	1	1	4096	512	1	1	2304	28311552	28311552	16384	8388608	8388608	1	1	0	1	1
1	1788292053500943910	eager	1927	MUL_MAT	MMQ	-	blk.31.ffn_up.weight	ffn_up-31	q4_K	f32	f32	4096	12288	1	1	4096	512	1	1	2304	28311552	28311552	16384	8388608	8388608	1	1	0	1	1
1	1788292053500943910	eager	1927	MUL_MAT	MMQ	-	blk.4.attn_gate.weight	z-4	q4_K	f32	f32	4096	4096	1	1	4096	512	1	1	2304	9437184	9437184	16384	8388608	8388608	1	1	0	1	1
1	1788292053500943910	eager	1927	MUL_MAT	MMQ	-	blk.4.attn_qkv.weight	node_253	q4_K	f32	f32	4096	8192	1	1	4096	512	1	1	2304	18874368	18874368	16384	8388608	8388608	1	1	0	1	1
1	1788292053500943910	eager	1927	MUL_MAT	MMQ	-	blk.4.ffn_down.weight	ffn_out-4	q4_K	f32	f32	12288	4096	1	1	12288	512	1	1	6912	28311552	28311552	49152	25165824	25165824	1	1	0	1	1
1	1788292053500943910	eager	1927	MUL_MAT	MMQ	-	blk.4.ffn_gate.weight	ffn_gate-4	q4_K	f32	f32	4096	12288	1	1	4096	512	1	1	2304	28311552	28311552	16384	8388608	8388608	1	1	0	1	1
1	1788292053500943910	eager	1927	MUL_MAT	MMQ	-	blk.4.ffn_up.weight	ffn_up-4	q4_K	f32	f32	4096	12288	1	1	4096	512	1	1	2304	28311552	28311552	16384	8388608	8388608	1	1	0	1	1
1	1788292053500943910	eager	1927	MUL_MAT	MMQ	-	blk.4.ssm_alpha.weight	node_274	q4_K	f32	f32	4096	32	1	1	4096	512	1	1	2304	73728	73728	16384	8388608	8388608	1	1	0	1	1
1	1788292053500943910	eager	1927	MUL_MAT	MMQ	-	blk.4.ssm_beta.weight	node_280	q4_K	f32	f32	4096	32	1	1	4096	512	1	1	2304	73728	73728	16384	8388608	8388608	1	1	0	1	1
1	1788292053500943910	eager	1927	MUL_MAT	MMQ	-	blk.4.ssm_out.weight	linear_attn_out-4	q4_K	f32	f32	4096	4096	1	1	4096	512	1	1	2304	9437184	9437184	16384	8388608	8388608	1	1	0	1	1
1	1788292053500943910	eager	1927	MUL_MAT	MMQ	-	blk.5.attn_gate.weight	z-5	q4_K	f32	f32	4096	4096	1	1	4096	512	1	1	2304	9437184	9437184	16384	8388608	8388608	1	1	0	1	1
1	1788292053500943910	eager	1927	MUL_MAT	MMQ	-	blk.5.attn_qkv.weight	node_316	q4_K	f32	f32	4096	8192	1	1	4096	512	1	1	2304	18874368	18874368	16384	8388608	8388608	1	1	0	1	1
1	1788292053500943910	eager	1927	MUL_MAT	MMQ	-	blk.5.ffn_down.weight	ffn_out-5	q4_K	f32	f32	12288	4096	1	1	12288	512	1	1	6912	28311552	28311552	49152	25165824	25165824	1	1	0	1	1
1	1788292053500943910	eager	1927	MUL_MAT	MMQ	-	blk.5.ffn_gate.weight	ffn_gate-5	q4_K	f32	f32	4096	12288	1	1	4096	512	1	1	2304	28311552	28311552	16384	8388608	8388608	1	1	0	1	1
1	1788292053500943910	eager	1927	MUL_MAT	MMQ	-	blk.5.ffn_up.weight	ffn_up-5	q4_K	f32	f32	4096	12288	1	1	4096	512	1	1	2304	28311552	28311552	16384	8388608	8388608	1	1	0	1	1
1	1788292053500943910	eager	1927	MUL_MAT	MMQ	-	blk.5.ssm_alpha.weight	node_337	q4_K	f32	f32	4096	32	1	1	4096	512	1	1	2304	73728	73728	16384	8388608	8388608	1	1	0	1	1
1	1788292053500943910	eager	1927	MUL_MAT	MMQ	-	blk.5.ssm_beta.weight	node_343	q4_K	f32	f32	4096	32	1	1	4096	512	1	1	2304	73728	73728	16384	8388608	8388608	1	1	0	1	1
1	1788292053500943910	eager	1927	MUL_MAT	MMQ	-	blk.5.ssm_out.weight	linear_attn_out-5	q4_K	f32	f32	4096	4096	1	1	4096	512	1	1	2304	9437184	9437184	16384	8388608	8388608	1	1	0	1	1
1	1788292053500943910	eager	1927	MUL_MAT	MMQ	-	blk.6.attn_gate.weight	z-6	q4_K	f32	f32	4096	4096	1	1	4096	512	1	1	2304	9437184	9437184	16384	8388608	8388608	1	1	0	1	1
1	1788292053500943910	eager	1927	MUL_MAT	MMQ	-	blk.6.attn_qkv.weight	node_379	q6_K	f32	f32	4096	8192	1	1	4096	512	1	1	3360	27525120	27525120	16384	8388608	8388608	1	1	0	1	1
1	1788292053500943910	eager	1927	MUL_MAT	MMQ	-	blk.6.ffn_down.weight	ffn_out-6	q6_K	f32	f32	12288	4096	1	1	12288	512	1	1	10080	41287680	41287680	49152	25165824	25165824	1	1	0	1	1
1	1788292053500943910	eager	1927	MUL_MAT	MMQ	-	blk.6.ffn_gate.weight	ffn_gate-6	q4_K	f32	f32	4096	12288	1	1	4096	512	1	1	2304	28311552	28311552	16384	8388608	8388608	1	1	0	1	1
1	1788292053500943910	eager	1927	MUL_MAT	MMQ	-	blk.6.ffn_up.weight	ffn_up-6	q4_K	f32	f32	4096	12288	1	1	4096	512	1	1	2304	28311552	28311552	16384	8388608	8388608	1	1	0	1	1
1	1788292053500943910	eager	1927	MUL_MAT	MMQ	-	blk.6.ssm_alpha.weight	node_400	q4_K	f32	f32	4096	32	1	1	4096	512	1	1	2304	73728	73728	16384	8388608	8388608	1	1	0	1	1
1	1788292053500943910	eager	1927	MUL_MAT	MMQ	-	blk.6.ssm_beta.weight	node_406	q4_K	f32	f32	4096	32	1	1	4096	512	1	1	2304	73728	73728	16384	8388608	8388608	1	1	0	1	1
1	1788292053500943910	eager	1927	MUL_MAT	MMQ	-	blk.6.ssm_out.weight	linear_attn_out-6	q4_K	f32	f32	4096	4096	1	1	4096	512	1	1	2304	9437184	9437184	16384	8388608	8388608	1	1	0	1	1
1	1788292053500943910	eager	1927	MUL_MAT	MMQ	-	blk.7.attn_k.weight	Kcur-7	q4_K	f32	f32	4096	1024	1	1	4096	512	1	1	2304	2359296	2359296	16384	8388608	8388608	1	1	0	1	1
1	1788292053500943910	eager	1927	MUL_MAT	MMQ	-	blk.7.attn_output.weight	attn_output-7	q4_K	f32	f32	4096	4096	1	1	4096	512	1	1	2304	9437184	9437184	16384	8388608	8388608	1	1	0	1	1
1	1788292053500943910	eager	1927	MUL_MAT	MMQ	-	blk.7.attn_q.weight	Qcur_full-7	q4_K	f32	f32	4096	8192	1	1	4096	512	1	1	2304	18874368	18874368	16384	8388608	8388608	1	1	0	1	1
1	1788292053500943910	eager	1927	MUL_MAT	MMQ	-	blk.7.attn_v.weight	Vcur-7	q4_K	f32	f32	4096	1024	1	1	4096	512	1	1	2304	2359296	2359296	16384	8388608	8388608	1	1	0	1	1
1	1788292053500943910	eager	1927	MUL_MAT	MMQ	-	blk.7.ffn_down.weight	ffn_out-7	q4_K	f32	f32	12288	4096	1	1	12288	512	1	1	6912	28311552	28311552	49152	25165824	25165824	1	1	0	1	1
1	1788292053500943910	eager	1927	MUL_MAT	MMQ	-	blk.7.ffn_gate.weight	ffn_gate-7	q4_K	f32	f32	4096	12288	1	1	4096	512	1	1	2304	28311552	28311552	16384	8388608	8388608	1	1	0	1	1
1	1788292053500943910	eager	1927	MUL_MAT	MMQ	-	blk.7.ffn_up.weight	ffn_up-7	q4_K	f32	f32	4096	12288	1	1	4096	512	1	1	2304	28311552	28311552	16384	8388608	8388608	1	1	0	1	1
1	1788292053500943910	eager	1927	MUL_MAT	MMQ	-	blk.8.attn_gate.weight	z-8	q4_K	f32	f32	4096	4096	1	1	4096	512	1	1	2304	9437184	9437184	16384	8388608	8388608	1	1	0	1	1
1	1788292053500943910	eager	1927	MUL_MAT	MMQ	-	blk.8.attn_qkv.weight	node_493	q4_K	f32	f32	4096	8192	1	1	4096	512	1	1	2304	18874368	18874368	16384	8388608	8388608	1	1	0	1	1
1	1788292053500943910	eager	1927	MUL_MAT	MMQ	-	blk.8.ffn_down.weight	ffn_out-8	q4_K	f32	f32	12288	4096	1	1	12288	512	1	1	6912	28311552	28311552	49152	25165824	25165824	1	1	0	1	1
1	1788292053500943910	eager	1927	MUL_MAT	MMQ	-	blk.8.ffn_gate.weight	ffn_gate-8	q4_K	f32	f32	4096	12288	1	1	4096	512	1	1	2304	28311552	28311552	16384	8388608	8388608	1	1	0	1	1
1	1788292053500943910	eager	1927	MUL_MAT	MMQ	-	blk.8.ffn_up.weight	ffn_up-8	q4_K	f32	f32	4096	12288	1	1	4096	512	1	1	2304	28311552	28311552	16384	8388608	8388608	1	1	0	1	1
1	1788292053500943910	eager	1927	MUL_MAT	MMQ	-	blk.8.ssm_alpha.weight	node_514	q4_K	f32	f32	4096	32	1	1	4096	512	1	1	2304	73728	73728	16384	8388608	8388608	1	1	0	1	1
1	1788292053500943910	eager	1927	MUL_MAT	MMQ	-	blk.8.ssm_beta.weight	node_520	q4_K	f32	f32	4096	32	1	1	4096	512	1	1	2304	73728	73728	16384	8388608	8388608	1	1	0	1	1
1	1788292053500943910	eager	1927	MUL_MAT	MMQ	-	blk.8.ssm_out.weight	linear_attn_out-8	q4_K	f32	f32	4096	4096	1	1	4096	512	1	1	2304	9437184	9437184	16384	8388608	8388608	1	1	0	1	1
1	1788292053500943910	eager	1927	MUL_MAT	MMQ	-	blk.9.attn_gate.weight	z-9	q4_K	f32	f32	4096	4096	1	1	4096	512	1	1	2304	9437184	9437184	16384	8388608	8388608	1	1	0	1	1
1	1788292053500943910	eager	1927	MUL_MAT	MMQ	-	blk.9.attn_qkv.weight	node_556	q6_K	f32	f32	4096	8192	1	1	4096	512	1	1	3360	27525120	27525120	16384	8388608	8388608	1	1	0	1	1
1	1788292053500943910	eager	1927	MUL_MAT	MMQ	-	blk.9.ffn_down.weight	ffn_out-9	q6_K	f32	f32	12288	4096	1	1	12288	512	1	1	10080	41287680	41287680	49152	25165824	25165824	1	1	0	1	1
1	1788292053500943910	eager	1927	MUL_MAT	MMQ	-	blk.9.ffn_gate.weight	ffn_gate-9	q4_K	f32	f32	4096	12288	1	1	4096	512	1	1	2304	28311552	28311552	16384	8388608	8388608	1	1	0	1	1
1	1788292053500943910	eager	1927	MUL_MAT	MMQ	-	blk.9.ffn_up.weight	ffn_up-9	q4_K	f32	f32	4096	12288	1	1	4096	512	1	1	2304	28311552	28311552	16384	8388608	8388608	1	1	0	1	1
1	1788292053500943910	eager	1927	MUL_MAT	MMQ	-	blk.9.ssm_alpha.weight	node_577	q4_K	f32	f32	4096	32	1	1	4096	512	1	1	2304	73728	73728	16384	8388608	8388608	1	1	0	1	1
1	1788292053500943910	eager	1927	MUL_MAT	MMQ	-	blk.9.ssm_beta.weight	node_583	q4_K	f32	f32	4096	32	1	1	4096	512	1	1	2304	73728	73728	16384	8388608	8388608	1	1	0	1	1
1	1788292053500943910	eager	1927	MUL_MAT	MMQ	-	blk.9.ssm_out.weight	linear_attn_out-9	q4_K	f32	f32	4096	4096	1	1	4096	512	1	1	2304	9437184	9437184	16384	8388608	8388608	1	1	0	1	1
1	1788292053500943910	eager	1927	MUL_MAT	MMVQ	-	output.weight	result_output	q6_K	f32	f32	4096	248320	1	1	4096	1	1	1	3360	834355200	834355200	16384	16384	16384	1	1	0	1	1
2	1788292053634973512	eager	1927	MUL_MAT	MMVQ	-	blk.0.attn_gate.weight	z-0	q4_K	f32	f32	4096	4096	1	1	4096	1	1	1	2304	9437184	9437184	16384	16384	16384	1	1	0	1	1
2	1788292053634973512	eager	1927	MUL_MAT	MMVQ	-	blk.0.attn_qkv.weight	node_13	q6_K	f32	f32	4096	8192	1	1	4096	1	1	1	3360	27525120	27525120	16384	16384	16384	1	1	0	1	1
2	1788292053634973512	eager	1927	MUL_MAT	MMVQ	-	blk.0.ssm_alpha.weight	node_34	q4_K	f32	f32	4096	32	1	1	4096	1	1	1	2304	73728	73728	16384	16384	16384	1	1	0	1	1
2	1788292053634973512	eager	1927	MUL_MAT	MMVQ	-	blk.0.ssm_beta.weight	node_40	q4_K	f32	f32	4096	32	1	1	4096	1	1	1	2304	73728	73728	16384	16384	16384	1	1	0	1	1
2	1788292053634973512	eager	1927	MUL_MAT	MMVQ	-	blk.0.ssm_out.weight	linear_attn_out-0	q4_K	f32	f32	4096	4096	1	1	4096	1	1	1	2304	9437184	9437184	16384	16384	16384	1	1	0	1	1
2	1788292053634973512	eager	1927	MUL_MAT	MMVQ	-	blk.1.attn_gate.weight	z-1	q4_K	f32	f32	4096	4096	1	1	4096	1	1	1	2304	9437184	9437184	16384	16384	16384	1	1	0	1	1
2	1788292053634973512	eager	1927	MUL_MAT	MMVQ	-	blk.1.attn_qkv.weight	node_76	q6_K	f32	f32	4096	8192	1	1	4096	1	1	1	3360	27525120	27525120	16384	16384	16384	1	1	0	1	1
2	1788292053634973512	eager	1927	MUL_MAT	MMVQ	-	blk.1.ssm_alpha.weight	node_97	q4_K	f32	f32	4096	32	1	1	4096	1	1	1	2304	73728	73728	16384	16384	16384	1	1	0	1	1
2	1788292053634973512	eager	1927	MUL_MAT	MMVQ	-	blk.1.ssm_beta.weight	node_103	q4_K	f32	f32	4096	32	1	1	4096	1	1	1	2304	73728	73728	16384	16384	16384	1	1	0	1	1
2	1788292053634973512	eager	1927	MUL_MAT	MMVQ	-	blk.1.ssm_out.weight	linear_attn_out-1	q4_K	f32	f32	4096	4096	1	1	4096	1	1	1	2304	9437184	9437184	16384	16384	16384	1	1	0	1	1
2	1788292053634973512	eager	1927	MUL_MAT	MMVQ	-	blk.10.attn_gate.weight	z-10	q4_K	f32	f32	4096	4096	1	1	4096	1	1	1	2304	9437184	9437184	16384	16384	16384	1	1	0	1	1
2	1788292053634973512	eager	1927	MUL_MAT	MMVQ	-	blk.10.attn_qkv.weight	node_619	q4_K	f32	f32	4096	8192	1	1	4096	1	1	1	2304	18874368	18874368	16384	16384	16384	1	1	0	1	1
2	1788292053634973512	eager	1927	MUL_MAT	MMVQ	-	blk.10.ssm_alpha.weight	node_640	q4_K	f32	f32	4096	32	1	1	4096	1	1	1	2304	73728	73728	16384	16384	16384	1	1	0	1	1
2	1788292053634973512	eager	1927	MUL_MAT	MMVQ	-	blk.10.ssm_beta.weight	node_646	q4_K	f32	f32	4096	32	1	1	4096	1	1	1	2304	73728	73728	16384	16384	16384	1	1	0	1	1
2	1788292053634973512	eager	1927	MUL_MAT	MMVQ	-	blk.10.ssm_out.weight	linear_attn_out-10	q4_K	f32	f32	4096	4096	1	1	4096	1	1	1	2304	9437184	9437184	16384	16384	16384	1	1	0	1	1
2	1788292053634973512	eager	1927	MUL_MAT	MMVQ	-	blk.11.attn_k.weight	Kcur-11	q4_K	f32	f32	4096	1024	1	1	4096	1	1	1	2304	2359296	2359296	16384	16384	16384	1	1	0	1	1
2	1788292053634973512	eager	1927	MUL_MAT	MMVQ	-	blk.11.attn_q.weight	Qcur_full-11	q4_K	f32	f32	4096	8192	1	1	4096	1	1	1	2304	18874368	18874368	16384	16384	16384	1	1	0	1	1
2	1788292053634973512	eager	1927	MUL_MAT	MMVQ	-	blk.11.attn_v.weight	Vcur-11	q4_K	f32	f32	4096	1024	1	1	4096	1	1	1	2304	2359296	2359296	16384	16384	16384	1	1	0	1	1
2	1788292053634973512	eager	1927	MUL_MAT	MMVQ	-	blk.12.attn_gate.weight	z-12	q4_K	f32	f32	4096	4096	1	1	4096	1	1	1	2304	9437184	9437184	16384	16384	16384	1	1	0	1	1
2	1788292053634973512	eager	1927	MUL_MAT	MMVQ	-	blk.12.attn_qkv.weight	node_733	q6_K	f32	f32	4096	8192	1	1	4096	1	1	1	3360	27525120	27525120	16384	16384	16384	1	1	0	1	1
2	1788292053634973512	eager	1927	MUL_MAT	MMVQ	-	blk.12.ssm_alpha.weight	node_754	q4_K	f32	f32	4096	32	1	1	4096	1	1	1	2304	73728	73728	16384	16384	16384	1	1	0	1	1
2	1788292053634973512	eager	1927	MUL_MAT	MMVQ	-	blk.12.ssm_beta.weight	node_760	q4_K	f32	f32	4096	32	1	1	4096	1	1	1	2304	73728	73728	16384	16384	16384	1	1	0	1	1
2	1788292053634973512	eager	1927	MUL_MAT	MMVQ	-	blk.12.ssm_out.weight	linear_attn_out-12	q4_K	f32	f32	4096	4096	1	1	4096	1	1	1	2304	9437184	9437184	16384	16384	16384	1	1	0	1	1
2	1788292053634973512	eager	1927	MUL_MAT	MMVQ	-	blk.13.attn_gate.weight	z-13	q4_K	f32	f32	4096	4096	1	1	4096	1	1	1	2304	9437184	9437184	16384	16384	16384	1	1	0	1	1
2	1788292053634973512	eager	1927	MUL_MAT	MMVQ	-	blk.13.attn_qkv.weight	node_796	q4_K	f32	f32	4096	8192	1	1	4096	1	1	1	2304	18874368	18874368	16384	16384	16384	1	1	0	1	1
2	1788292053634973512	eager	1927	MUL_MAT	MMVQ	-	blk.13.ssm_alpha.weight	node_817	q4_K	f32	f32	4096	32	1	1	4096	1	1	1	2304	73728	73728	16384	16384	16384	1	1	0	1	1
2	1788292053634973512	eager	1927	MUL_MAT	MMVQ	-	blk.13.ssm_beta.weight	node_823	q4_K	f32	f32	4096	32	1	1	4096	1	1	1	2304	73728	73728	16384	16384	16384	1	1	0	1	1
2	1788292053634973512	eager	1927	MUL_MAT	MMVQ	-	blk.13.ssm_out.weight	linear_attn_out-13	q4_K	f32	f32	4096	4096	1	1	4096	1	1	1	2304	9437184	9437184	16384	16384	16384	1	1	0	1	1
2	1788292053634973512	eager	1927	MUL_MAT	MMVQ	-	blk.14.attn_gate.weight	z-14	q4_K	f32	f32	4096	4096	1	1	4096	1	1	1	2304	9437184	9437184	16384	16384	16384	1	1	0	1	1
2	1788292053634973512	eager	1927	MUL_MAT	MMVQ	-	blk.14.attn_qkv.weight	node_859	q4_K	f32	f32	4096	8192	1	1	4096	1	1	1	2304	18874368	18874368	16384	16384	16384	1	1	0	1	1
2	1788292053634973512	eager	1927	MUL_MAT	MMVQ	-	blk.14.ssm_alpha.weight	node_880	q4_K	f32	f32	4096	32	1	1	4096	1	1	1	2304	73728	73728	16384	16384	16384	1	1	0	1	1
2	1788292053634973512	eager	1927	MUL_MAT	MMVQ	-	blk.14.ssm_beta.weight	node_886	q4_K	f32	f32	4096	32	1	1	4096	1	1	1	2304	73728	73728	16384	16384	16384	1	1	0	1	1
2	1788292053634973512	eager	1927	MUL_MAT	MMVQ	-	blk.14.ssm_out.weight	linear_attn_out-14	q4_K	f32	f32	4096	4096	1	1	4096	1	1	1	2304	9437184	9437184	16384	16384	16384	1	1	0	1	1
2	1788292053634973512	eager	1927	MUL_MAT	MMVQ	-	blk.15.attn_k.weight	Kcur-15	q4_K	f32	f32	4096	1024	1	1	4096	1	1	1	2304	2359296	2359296	16384	16384	16384	1	1	0	1	1
2	1788292053634973512	eager	1927	MUL_MAT	MMVQ	-	blk.15.attn_q.weight	Qcur_full-15	q4_K	f32	f32	4096	8192	1	1	4096	1	1	1	2304	18874368	18874368	16384	16384	16384	1	1	0	1	1
2	1788292053634973512	eager	1927	MUL_MAT	MMVQ	-	blk.15.attn_v.weight	Vcur-15	q6_K	f32	f32	4096	1024	1	1	4096	1	1	1	3360	3440640	3440640	16384	16384	16384	1	1	0	1	1
2	1788292053634973512	eager	1927	MUL_MAT	MMVQ	-	blk.16.attn_gate.weight	z-16	q4_K	f32	f32	4096	4096	1	1	4096	1	1	1	2304	9437184	9437184	16384	16384	16384	1	1	0	1	1
2	1788292053634973512	eager	1927	MUL_MAT	MMVQ	-	blk.16.attn_qkv.weight	node_973	q4_K	f32	f32	4096	8192	1	1	4096	1	1	1	2304	18874368	18874368	16384	16384	16384	1	1	0	1	1
2	1788292053634973512	eager	1927	MUL_MAT	MMVQ	-	blk.16.ssm_alpha.weight	node_994	q4_K	f32	f32	4096	32	1	1	4096	1	1	1	2304	73728	73728	16384	16384	16384	1	1	0	1	1
2	1788292053634973512	eager	1927	MUL_MAT	MMVQ	-	blk.16.ssm_beta.weight	node_1000	q4_K	f32	f32	4096	32	1	1	4096	1	1	1	2304	73728	73728	16384	16384	16384	1	1	0	1	1
2	1788292053634973512	eager	1927	MUL_MAT	MMVQ	-	blk.16.ssm_out.weight	linear_attn_out-16	q4_K	f32	f32	4096	4096	1	1	4096	1	1	1	2304	9437184	9437184	16384	16384	16384	1	1	0	1	1
2	1788292053634973512	eager	1927	MUL_MAT	MMVQ	-	blk.17.attn_gate.weight	z-17	q4_K	f32	f32	4096	4096	1	1	4096	1	1	1	2304	9437184	9437184	16384	16384	16384	1	1	0	1	1
2	1788292053634973512	eager	1927	MUL_MAT	MMVQ	-	blk.17.attn_qkv.weight	node_1036	q4_K	f32	f32	4096	8192	1	1	4096	1	1	1	2304	18874368	18874368	16384	16384	16384	1	1	0	1	1
2	1788292053634973512	eager	1927	MUL_MAT	MMVQ	-	blk.17.ssm_alpha.weight	node_1057	q4_K	f32	f32	4096	32	1	1	4096	1	1	1	2304	73728	73728	16384	16384	16384	1	1	0	1	1
2	1788292053634973512	eager	1927	MUL_MAT	MMVQ	-	blk.17.ssm_beta.weight	node_1063	q4_K	f32	f32	4096	32	1	1	4096	1	1	1	2304	73728	73728	16384	16384	16384	1	1	0	1	1
2	1788292053634973512	eager	1927	MUL_MAT	MMVQ	-	blk.17.ssm_out.weight	linear_attn_out-17	q4_K	f32	f32	4096	4096	1	1	4096	1	1	1	2304	9437184	9437184	16384	16384	16384	1	1	0	1	1
2	1788292053634973512	eager	1927	MUL_MAT	MMVQ	-	blk.18.attn_gate.weight	z-18	q4_K	f32	f32	4096	4096	1	1	4096	1	1	1	2304	9437184	9437184	16384	16384	16384	1	1	0	1	1
2	1788292053634973512	eager	1927	MUL_MAT	MMVQ	-	blk.18.attn_qkv.weight	node_1099	q6_K	f32	f32	4096	8192	1	1	4096	1	1	1	3360	27525120	27525120	16384	16384	16384	1	1	0	1	1
2	1788292053634973512	eager	1927	MUL_MAT	MMVQ	-	blk.18.ssm_alpha.weight	node_1120	q4_K	f32	f32	4096	32	1	1	4096	1	1	1	2304	73728	73728	16384	16384	16384	1	1	0	1	1
2	1788292053634973512	eager	1927	MUL_MAT	MMVQ	-	blk.18.ssm_beta.weight	node_1126	q4_K	f32	f32	4096	32	1	1	4096	1	1	1	2304	73728	73728	16384	16384	16384	1	1	0	1	1
2	1788292053634973512	eager	1927	MUL_MAT	MMVQ	-	blk.18.ssm_out.weight	linear_attn_out-18	q4_K	f32	f32	4096	4096	1	1	4096	1	1	1	2304	9437184	9437184	16384	16384	16384	1	1	0	1	1
2	1788292053634973512	eager	1927	MUL_MAT	MMVQ	-	blk.19.attn_k.weight	Kcur-19	q4_K	f32	f32	4096	1024	1	1	4096	1	1	1	2304	2359296	2359296	16384	16384	16384	1	1	0	1	1
2	1788292053634973512	eager	1927	MUL_MAT	MMVQ	-	blk.19.attn_q.weight	Qcur_full-19	q4_K	f32	f32	4096	8192	1	1	4096	1	1	1	2304	18874368	18874368	16384	16384	16384	1	1	0	1	1
2	1788292053634973512	eager	1927	MUL_MAT	MMVQ	-	blk.19.attn_v.weight	Vcur-19	q4_K	f32	f32	4096	1024	1	1	4096	1	1	1	2304	2359296	2359296	16384	16384	16384	1	1	0	1	1
2	1788292053634973512	eager	1927	MUL_MAT	MMVQ	-	blk.2.attn_gate.weight	z-2	q4_K	f32	f32	4096	4096	1	1	4096	1	1	1	2304	9437184	9437184	16384	16384	16384	1	1	0	1	1
2	1788292053634973512	eager	1927	MUL_MAT	MMVQ	-	blk.2.attn_qkv.weight	node_139	q6_K	f32	f32	4096	8192	1	1	4096	1	1	1	3360	27525120	27525120	16384	16384	16384	1	1	0	1	1
2	1788292053634973512	eager	1927	MUL_MAT	MMVQ	-	blk.2.ssm_alpha.weight	node_160	q4_K	f32	f32	4096	32	1	1	4096	1	1	1	2304	73728	73728	16384	16384	16384	1	1	0	1	1
2	1788292053634973512	eager	1927	MUL_MAT	MMVQ	-	blk.2.ssm_beta.weight	node_166	q4_K	f32	f32	4096	32	1	1	4096	1	1	1	2304	73728	73728	16384	16384	16384	1	1	0	1	1
2	1788292053634973512	eager	1927	MUL_MAT	MMVQ	-	blk.2.ssm_out.weight	linear_attn_out-2	q4_K	f32	f32	4096	4096	1	1	4096	1	1	1	2304	9437184	9437184	16384	16384	16384	1	1	0	1	1
2	1788292053634973512	eager	1927	MUL_MAT	MMVQ	-	blk.20.attn_gate.weight	z-20	q4_K	f32	f32	4096	4096	1	1	4096	1	1	1	2304	9437184	9437184	16384	16384	16384	1	1	0	1	1
2	1788292053634973512	eager	1927	MUL_MAT	MMVQ	-	blk.20.attn_qkv.weight	node_1213	q4_K	f32	f32	4096	8192	1	1	4096	1	1	1	2304	18874368	18874368	16384	16384	16384	1	1	0	1	1
2	1788292053634973512	eager	1927	MUL_MAT	MMVQ	-	blk.20.ssm_alpha.weight	node_1234	q4_K	f32	f32	4096	32	1	1	4096	1	1	1	2304	73728	73728	16384	16384	16384	1	1	0	1	1
2	1788292053634973512	eager	1927	MUL_MAT	MMVQ	-	blk.20.ssm_beta.weight	node_1240	q4_K	f32	f32	4096	32	1	1	4096	1	1	1	2304	73728	73728	16384	16384	16384	1	1	0	1	1
2	1788292053634973512	eager	1927	MUL_MAT	MMVQ	-	blk.20.ssm_out.weight	linear_attn_out-20	q4_K	f32	f32	4096	4096	1	1	4096	1	1	1	2304	9437184	9437184	16384	16384	16384	1	1	0	1	1
2	1788292053634973512	eager	1927	MUL_MAT	MMVQ	-	blk.21.attn_gate.weight	z-21	q4_K	f32	f32	4096	4096	1	1	4096	1	1	1	2304	9437184	9437184	16384	16384	16384	1	1	0	1	1
2	1788292053634973512	eager	1927	MUL_MAT	MMVQ	-	blk.21.attn_qkv.weight	node_1276	q6_K	f32	f32	4096	8192	1	1	4096	1	1	1	3360	27525120	27525120	16384	16384	16384	1	1	0	1	1
2	1788292053634973512	eager	1927	MUL_MAT	MMVQ	-	blk.21.ssm_alpha.weight	node_1297	q4_K	f32	f32	4096	32	1	1	4096	1	1	1	2304	73728	73728	16384	16384	16384	1	1	0	1	1
2	1788292053634973512	eager	1927	MUL_MAT	MMVQ	-	blk.21.ssm_beta.weight	node_1303	q4_K	f32	f32	4096	32	1	1	4096	1	1	1	2304	73728	73728	16384	16384	16384	1	1	0	1	1
2	1788292053634973512	eager	1927	MUL_MAT	MMVQ	-	blk.21.ssm_out.weight	linear_attn_out-21	q4_K	f32	f32	4096	4096	1	1	4096	1	1	1	2304	9437184	9437184	16384	16384	16384	1	1	0	1	1
2	1788292053634973512	eager	1927	MUL_MAT	MMVQ	-	blk.22.attn_gate.weight	z-22	q4_K	f32	f32	4096	4096	1	1	4096	1	1	1	2304	9437184	9437184	16384	16384	16384	1	1	0	1	1
2	1788292053634973512	eager	1927	MUL_MAT	MMVQ	-	blk.22.attn_qkv.weight	node_1339	q4_K	f32	f32	4096	8192	1	1	4096	1	1	1	2304	18874368	18874368	16384	16384	16384	1	1	0	1	1
2	1788292053634973512	eager	1927	MUL_MAT	MMVQ	-	blk.22.ssm_alpha.weight	node_1360	q4_K	f32	f32	4096	32	1	1	4096	1	1	1	2304	73728	73728	16384	16384	16384	1	1	0	1	1
2	1788292053634973512	eager	1927	MUL_MAT	MMVQ	-	blk.22.ssm_beta.weight	node_1366	q4_K	f32	f32	4096	32	1	1	4096	1	1	1	2304	73728	73728	16384	16384	16384	1	1	0	1	1
2	1788292053634973512	eager	1927	MUL_MAT	MMVQ	-	blk.22.ssm_out.weight	linear_attn_out-22	q4_K	f32	f32	4096	4096	1	1	4096	1	1	1	2304	9437184	9437184	16384	16384	16384	1	1	0	1	1
2	1788292053634973512	eager	1927	MUL_MAT	MMVQ	-	blk.23.attn_k.weight	Kcur-23	q4_K	f32	f32	4096	1024	1	1	4096	1	1	1	2304	2359296	2359296	16384	16384	16384	1	1	0	1	1
2	1788292053634973512	eager	1927	MUL_MAT	MMVQ	-	blk.23.attn_q.weight	Qcur_full-23	q4_K	f32	f32	4096	8192	1	1	4096	1	1	1	2304	18874368	18874368	16384	16384	16384	1	1	0	1	1
2	1788292053634973512	eager	1927	MUL_MAT	MMVQ	-	blk.23.attn_v.weight	Vcur-23	q4_K	f32	f32	4096	1024	1	1	4096	1	1	1	2304	2359296	2359296	16384	16384	16384	1	1	0	1	1
2	1788292053634973512	eager	1927	MUL_MAT	MMVQ	-	blk.24.attn_gate.weight	z-24	q4_K	f32	f32	4096	4096	1	1	4096	1	1	1	2304	9437184	9437184	16384	16384	16384	1	1	0	1	1
2	1788292053634973512	eager	1927	MUL_MAT	MMVQ	-	blk.24.attn_qkv.weight	node_1453	q6_K	f32	f32	4096	8192	1	1	4096	1	1	1	3360	27525120	27525120	16384	16384	16384	1	1	0	1	1
2	1788292053634973512	eager	1927	MUL_MAT	MMVQ	-	blk.24.ssm_alpha.weight	node_1474	q4_K	f32	f32	4096	32	1	1	4096	1	1	1	2304	73728	73728	16384	16384	16384	1	1	0	1	1
2	1788292053634973512	eager	1927	MUL_MAT	MMVQ	-	blk.24.ssm_beta.weight	node_1480	q4_K	f32	f32	4096	32	1	1	4096	1	1	1	2304	73728	73728	16384	16384	16384	1	1	0	1	1
2	1788292053634973512	eager	1927	MUL_MAT	MMVQ	-	blk.24.ssm_out.weight	linear_attn_out-24	q4_K	f32	f32	4096	4096	1	1	4096	1	1	1	2304	9437184	9437184	16384	16384	16384	1	1	0	1	1
2	1788292053634973512	eager	1927	MUL_MAT	MMVQ	-	blk.25.attn_gate.weight	z-25	q4_K	f32	f32	4096	4096	1	1	4096	1	1	1	2304	9437184	9437184	16384	16384	16384	1	1	0	1	1
2	1788292053634973512	eager	1927	MUL_MAT	MMVQ	-	blk.25.attn_qkv.weight	node_1516	q4_K	f32	f32	4096	8192	1	1	4096	1	1	1	2304	18874368	18874368	16384	16384	16384	1	1	0	1	1
2	1788292053634973512	eager	1927	MUL_MAT	MMVQ	-	blk.25.ssm_alpha.weight	node_1537	q4_K	f32	f32	4096	32	1	1	4096	1	1	1	2304	73728	73728	16384	16384	16384	1	1	0	1	1
2	1788292053634973512	eager	1927	MUL_MAT	MMVQ	-	blk.25.ssm_beta.weight	node_1543	q4_K	f32	f32	4096	32	1	1	4096	1	1	1	2304	73728	73728	16384	16384	16384	1	1	0	1	1
2	1788292053634973512	eager	1927	MUL_MAT	MMVQ	-	blk.25.ssm_out.weight	linear_attn_out-25	q4_K	f32	f32	4096	4096	1	1	4096	1	1	1	2304	9437184	9437184	16384	16384	16384	1	1	0	1	1
2	1788292053634973512	eager	1927	MUL_MAT	MMVQ	-	blk.26.attn_gate.weight	z-26	q4_K	f32	f32	4096	4096	1	1	4096	1	1	1	2304	9437184	9437184	16384	16384	16384	1	1	0	1	1
2	1788292053634973512	eager	1927	MUL_MAT	MMVQ	-	blk.26.attn_qkv.weight	node_1579	q4_K	f32	f32	4096	8192	1	1	4096	1	1	1	2304	18874368	18874368	16384	16384	16384	1	1	0	1	1
2	1788292053634973512	eager	1927	MUL_MAT	MMVQ	-	blk.26.ssm_alpha.weight	node_1600	q4_K	f32	f32	4096	32	1	1	4096	1	1	1	2304	73728	73728	16384	16384	16384	1	1	0	1	1
2	1788292053634973512	eager	1927	MUL_MAT	MMVQ	-	blk.26.ssm_beta.weight	node_1606	q4_K	f32	f32	4096	32	1	1	4096	1	1	1	2304	73728	73728	16384	16384	16384	1	1	0	1	1
2	1788292053634973512	eager	1927	MUL_MAT	MMVQ	-	blk.26.ssm_out.weight	linear_attn_out-26	q4_K	f32	f32	4096	4096	1	1	4096	1	1	1	2304	9437184	9437184	16384	16384	16384	1	1	0	1	1
2	1788292053634973512	eager	1927	MUL_MAT	MMVQ	-	blk.27.attn_k.weight	Kcur-27	q4_K	f32	f32	4096	1024	1	1	4096	1	1	1	2304	2359296	2359296	16384	16384	16384	1	1	0	1	1
2	1788292053634973512	eager	1927	MUL_MAT	MMVQ	-	blk.27.attn_q.weight	Qcur_full-27	q4_K	f32	f32	4096	8192	1	1	4096	1	1	1	2304	18874368	18874368	16384	16384	16384	1	1	0	1	1
2	1788292053634973512	eager	1927	MUL_MAT	MMVQ	-	blk.27.attn_v.weight	Vcur-27	q6_K	f32	f32	4096	1024	1	1	4096	1	1	1	3360	3440640	3440640	16384	16384	16384	1	1	0	1	1
2	1788292053634973512	eager	1927	MUL_MAT	MMVQ	-	blk.28.attn_gate.weight	z-28	q4_K	f32	f32	4096	4096	1	1	4096	1	1	1	2304	9437184	9437184	16384	16384	16384	1	1	0	1	1
2	1788292053634973512	eager	1927	MUL_MAT	MMVQ	-	blk.28.attn_qkv.weight	node_1693	q6_K	f32	f32	4096	8192	1	1	4096	1	1	1	3360	27525120	27525120	16384	16384	16384	1	1	0	1	1
2	1788292053634973512	eager	1927	MUL_MAT	MMVQ	-	blk.28.ssm_alpha.weight	node_1714	q4_K	f32	f32	4096	32	1	1	4096	1	1	1	2304	73728	73728	16384	16384	16384	1	1	0	1	1
2	1788292053634973512	eager	1927	MUL_MAT	MMVQ	-	blk.28.ssm_beta.weight	node_1720	q4_K	f32	f32	4096	32	1	1	4096	1	1	1	2304	73728	73728	16384	16384	16384	1	1	0	1	1
2	1788292053634973512	eager	1927	MUL_MAT	MMVQ	-	blk.28.ssm_out.weight	linear_attn_out-28	q4_K	f32	f32	4096	4096	1	1	4096	1	1	1	2304	9437184	9437184	16384	16384	16384	1	1	0	1	1
2	1788292053634973512	eager	1927	MUL_MAT	MMVQ	-	blk.29.attn_gate.weight	z-29	q4_K	f32	f32	4096	4096	1	1	4096	1	1	1	2304	9437184	9437184	16384	16384	16384	1	1	0	1	1
2	1788292053634973512	eager	1927	MUL_MAT	MMVQ	-	blk.29.attn_qkv.weight	node_1756	q6_K	f32	f32	4096	8192	1	1	4096	1	1	1	3360	27525120	27525120	16384	16384	16384	1	1	0	1	1
2	1788292053634973512	eager	1927	MUL_MAT	MMVQ	-	blk.29.ssm_alpha.weight	node_1777	q4_K	f32	f32	4096	32	1	1	4096	1	1	1	2304	73728	73728	16384	16384	16384	1	1	0	1	1
2	1788292053634973512	eager	1927	MUL_MAT	MMVQ	-	blk.29.ssm_beta.weight	node_1783	q4_K	f32	f32	4096	32	1	1	4096	1	1	1	2304	73728	73728	16384	16384	16384	1	1	0	1	1
2	1788292053634973512	eager	1927	MUL_MAT	MMVQ	-	blk.29.ssm_out.weight	linear_attn_out-29	q4_K	f32	f32	4096	4096	1	1	4096	1	1	1	2304	9437184	9437184	16384	16384	16384	1	1	0	1	1
2	1788292053634973512	eager	1927	MUL_MAT	MMVQ	-	blk.3.attn_k.weight	Kcur-3	q4_K	f32	f32	4096	1024	1	1	4096	1	1	1	2304	2359296	2359296	16384	16384	16384	1	1	0	1	1
2	1788292053634973512	eager	1927	MUL_MAT	MMVQ	-	blk.3.attn_q.weight	Qcur_full-3	q4_K	f32	f32	4096	8192	1	1	4096	1	1	1	2304	18874368	18874368	16384	16384	16384	1	1	0	1	1
2	1788292053634973512	eager	1927	MUL_MAT	MMVQ	-	blk.3.attn_v.weight	Vcur-3	q6_K	f32	f32	4096	1024	1	1	4096	1	1	1	3360	3440640	3440640	16384	16384	16384	1	1	0	1	1
2	1788292053634973512	eager	1927	MUL_MAT	MMVQ	-	blk.30.attn_gate.weight	z-30	q4_K	f32	f32	4096	4096	1	1	4096	1	1	1	2304	9437184	9437184	16384	16384	16384	1	1	0	1	1
2	1788292053634973512	eager	1927	MUL_MAT	MMVQ	-	blk.30.attn_qkv.weight	node_1819	q6_K	f32	f32	4096	8192	1	1	4096	1	1	1	3360	27525120	27525120	16384	16384	16384	1	1	0	1	1
2	1788292053634973512	eager	1927	MUL_MAT	MMVQ	-	blk.30.ssm_alpha.weight	node_1840	q4_K	f32	f32	4096	32	1	1	4096	1	1	1	2304	73728	73728	16384	16384	16384	1	1	0	1	1
2	1788292053634973512	eager	1927	MUL_MAT	MMVQ	-	blk.30.ssm_beta.weight	node_1846	q4_K	f32	f32	4096	32	1	1	4096	1	1	1	2304	73728	73728	16384	16384	16384	1	1	0	1	1
2	1788292053634973512	eager	1927	MUL_MAT	MMVQ	-	blk.30.ssm_out.weight	linear_attn_out-30	q4_K	f32	f32	4096	4096	1	1	4096	1	1	1	2304	9437184	9437184	16384	16384	16384	1	1	0	1	1
2	1788292053634973512	eager	1927	MUL_MAT	MMVQ	-	blk.31.attn_k.weight	Kcur-31	q4_K	f32	f32	4096	1024	1	1	4096	1	1	1	2304	2359296	2359296	16384	16384	16384	1	1	0	1	1
2	1788292053634973512	eager	1927	MUL_MAT	MMVQ	-	blk.31.attn_q.weight	Qcur_full-31	q4_K	f32	f32	4096	8192	1	1	4096	1	1	1	2304	18874368	18874368	16384	16384	16384	1	1	0	1	1
2	1788292053634973512	eager	1927	MUL_MAT	MMVQ	-	blk.31.attn_v.weight	Vcur-31	q6_K	f32	f32	4096	1024	1	1	4096	1	1	1	3360	3440640	3440640	16384	16384	16384	1	1	0	1	1
2	1788292053634973512	eager	1927	MUL_MAT	MMVQ	-	blk.4.attn_gate.weight	z-4	q4_K	f32	f32	4096	4096	1	1	4096	1	1	1	2304	9437184	9437184	16384	16384	16384	1	1	0	1	1
2	1788292053634973512	eager	1927	MUL_MAT	MMVQ	-	blk.4.attn_qkv.weight	node_253	q4_K	f32	f32	4096	8192	1	1	4096	1	1	1	2304	18874368	18874368	16384	16384	16384	1	1	0	1	1
2	1788292053634973512	eager	1927	MUL_MAT	MMVQ	-	blk.4.ssm_alpha.weight	node_274	q4_K	f32	f32	4096	32	1	1	4096	1	1	1	2304	73728	73728	16384	16384	16384	1	1	0	1	1
2	1788292053634973512	eager	1927	MUL_MAT	MMVQ	-	blk.4.ssm_beta.weight	node_280	q4_K	f32	f32	4096	32	1	1	4096	1	1	1	2304	73728	73728	16384	16384	16384	1	1	0	1	1
2	1788292053634973512	eager	1927	MUL_MAT	MMVQ	-	blk.4.ssm_out.weight	linear_attn_out-4	q4_K	f32	f32	4096	4096	1	1	4096	1	1	1	2304	9437184	9437184	16384	16384	16384	1	1	0	1	1
2	1788292053634973512	eager	1927	MUL_MAT	MMVQ	-	blk.5.attn_gate.weight	z-5	q4_K	f32	f32	4096	4096	1	1	4096	1	1	1	2304	9437184	9437184	16384	16384	16384	1	1	0	1	1
2	1788292053634973512	eager	1927	MUL_MAT	MMVQ	-	blk.5.attn_qkv.weight	node_316	q4_K	f32	f32	4096	8192	1	1	4096	1	1	1	2304	18874368	18874368	16384	16384	16384	1	1	0	1	1
2	1788292053634973512	eager	1927	MUL_MAT	MMVQ	-	blk.5.ssm_alpha.weight	node_337	q4_K	f32	f32	4096	32	1	1	4096	1	1	1	2304	73728	73728	16384	16384	16384	1	1	0	1	1
2	1788292053634973512	eager	1927	MUL_MAT	MMVQ	-	blk.5.ssm_beta.weight	node_343	q4_K	f32	f32	4096	32	1	1	4096	1	1	1	2304	73728	73728	16384	16384	16384	1	1	0	1	1
2	1788292053634973512	eager	1927	MUL_MAT	MMVQ	-	blk.5.ssm_out.weight	linear_attn_out-5	q4_K	f32	f32	4096	4096	1	1	4096	1	1	1	2304	9437184	9437184	16384	16384	16384	1	1	0	1	1
2	1788292053634973512	eager	1927	MUL_MAT	MMVQ	-	blk.6.attn_gate.weight	z-6	q4_K	f32	f32	4096	4096	1	1	4096	1	1	1	2304	9437184	9437184	16384	16384	16384	1	1	0	1	1
2	1788292053634973512	eager	1927	MUL_MAT	MMVQ	-	blk.6.attn_qkv.weight	node_379	q6_K	f32	f32	4096	8192	1	1	4096	1	1	1	3360	27525120	27525120	16384	16384	16384	1	1	0	1	1
2	1788292053634973512	eager	1927	MUL_MAT	MMVQ	-	blk.6.ssm_alpha.weight	node_400	q4_K	f32	f32	4096	32	1	1	4096	1	1	1	2304	73728	73728	16384	16384	16384	1	1	0	1	1
2	1788292053634973512	eager	1927	MUL_MAT	MMVQ	-	blk.6.ssm_beta.weight	node_406	q4_K	f32	f32	4096	32	1	1	4096	1	1	1	2304	73728	73728	16384	16384	16384	1	1	0	1	1
2	1788292053634973512	eager	1927	MUL_MAT	MMVQ	-	blk.6.ssm_out.weight	linear_attn_out-6	q4_K	f32	f32	4096	4096	1	1	4096	1	1	1	2304	9437184	9437184	16384	16384	16384	1	1	0	1	1
2	1788292053634973512	eager	1927	MUL_MAT	MMVQ	-	blk.7.attn_k.weight	Kcur-7	q4_K	f32	f32	4096	1024	1	1	4096	1	1	1	2304	2359296	2359296	16384	16384	16384	1	1	0	1	1
2	1788292053634973512	eager	1927	MUL_MAT	MMVQ	-	blk.7.attn_q.weight	Qcur_full-7	q4_K	f32	f32	4096	8192	1	1	4096	1	1	1	2304	18874368	18874368	16384	16384	16384	1	1	0	1	1
2	1788292053634973512	eager	1927	MUL_MAT	MMVQ	-	blk.7.attn_v.weight	Vcur-7	q4_K	f32	f32	4096	1024	1	1	4096	1	1	1	2304	2359296	2359296	16384	16384	16384	1	1	0	1	1
2	1788292053634973512	eager	1927	MUL_MAT	MMVQ	-	blk.8.attn_gate.weight	z-8	q4_K	f32	f32	4096	4096	1	1	4096	1	1	1	2304	9437184	9437184	16384	16384	16384	1	1	0	1	1
2	1788292053634973512	eager	1927	MUL_MAT	MMVQ	-	blk.8.attn_qkv.weight	node_493	q4_K	f32	f32	4096	8192	1	1	4096	1	1	1	2304	18874368	18874368	16384	16384	16384	1	1	0	1	1
2	1788292053634973512	eager	1927	MUL_MAT	MMVQ	-	blk.8.ssm_alpha.weight	node_514	q4_K	f32	f32	4096	32	1	1	4096	1	1	1	2304	73728	73728	16384	16384	16384	1	1	0	1	1
2	1788292053634973512	eager	1927	MUL_MAT	MMVQ	-	blk.8.ssm_beta.weight	node_520	q4_K	f32	f32	4096	32	1	1	4096	1	1	1	2304	73728	73728	16384	16384	16384	1	1	0	1	1
2	1788292053634973512	eager	1927	MUL_MAT	MMVQ	-	blk.8.ssm_out.weight	linear_attn_out-8	q4_K	f32	f32	4096	4096	1	1	4096	1	1	1	2304	9437184	9437184	16384	16384	16384	1	1	0	1	1
2	1788292053634973512	eager	1927	MUL_MAT	MMVQ	-	blk.9.attn_gate.weight	z-9	q4_K	f32	f32	4096	4096	1	1	4096	1	1	1	2304	9437184	9437184	16384	16384	16384	1	1	0	1	1
2	1788292053634973512	eager	1927	MUL_MAT	MMVQ	-	blk.9.attn_qkv.weight	node_556	q6_K	f32	f32	4096	8192	1	1	4096	1	1	1	3360	27525120	27525120	16384	16384	16384	1	1	0	1	1
2	1788292053634973512	eager	1927	MUL_MAT	MMVQ	-	blk.9.ssm_alpha.weight	node_577	q4_K	f32	f32	4096	32	1	1	4096	1	1	1	2304	73728	73728	16384	16384	16384	1	1	0	1	1
2	1788292053634973512	eager	1927	MUL_MAT	MMVQ	-	blk.9.ssm_beta.weight	node_583	q4_K	f32	f32	4096	32	1	1	4096	1	1	1	2304	73728	73728	16384	16384	16384	1	1	0	1	1
2	1788292053634973512	eager	1927	MUL_MAT	MMVQ	-	blk.9.ssm_out.weight	linear_attn_out-9	q4_K	f32	f32	4096	4096	1	1	4096	1	1	1	2304	9437184	9437184	16384	16384	16384	1	1	0	1	1
2	1788292053634973512	eager	1927	MUL_MAT	MMVQ	-	output.weight	result_output	q6_K	f32	f32	4096	248320	1	1	4096	1	1	1	3360	834355200	834355200	16384	16384	16384	1	1	0	1	1
2	1788292053634973512	eager	1927	MUL_MAT	MMVQ	fused	blk.0.ffn_down.weight	l_out-0	q6_K	f32	f32	12288	4096	1	1	12288	1	1	1	10080	41287680	41287680	49152	49152	49152	1	1	0	1	1
2	1788292053634973512	eager	1927	MUL_MAT	MMVQ	fused	blk.0.ffn_up.weight	ffn_swiglu-0	q4_K	f32	f32	4096	12288	1	1	4096	1	1	1	2304	28311552	28311552	16384	16384	16384	1	1	0	1	1
2	1788292053634973512	eager	1927	MUL_MAT	MMVQ	fused	blk.1.ffn_down.weight	l_out-1	q6_K	f32	f32	12288	4096	1	1	12288	1	1	1	10080	41287680	41287680	49152	49152	49152	1	1	0	1	1
2	1788292053634973512	eager	1927	MUL_MAT	MMVQ	fused	blk.1.ffn_up.weight	ffn_swiglu-1	q4_K	f32	f32	4096	12288	1	1	4096	1	1	1	2304	28311552	28311552	16384	16384	16384	1	1	0	1	1
2	1788292053634973512	eager	1927	MUL_MAT	MMVQ	fused	blk.10.ffn_down.weight	l_out-10	q4_K	f32	f32	12288	4096	1	1	12288	1	1	1	6912	28311552	28311552	49152	49152	49152	1	1	0	1	1
2	1788292053634973512	eager	1927	MUL_MAT	MMVQ	fused	blk.10.ffn_up.weight	ffn_swiglu-10	q4_K	f32	f32	4096	12288	1	1	4096	1	1	1	2304	28311552	28311552	16384	16384	16384	1	1	0	1	1
2	1788292053634973512	eager	1927	MUL_MAT	MMVQ	fused	blk.11.attn_output.weight	attn_residual-11	q4_K	f32	f32	4096	4096	1	1	4096	1	1	1	2304	9437184	9437184	16384	16384	16384	1	1	0	1	1
2	1788292053634973512	eager	1927	MUL_MAT	MMVQ	fused	blk.11.ffn_down.weight	l_out-11	q4_K	f32	f32	12288	4096	1	1	12288	1	1	1	6912	28311552	28311552	49152	49152	49152	1	1	0	1	1
2	1788292053634973512	eager	1927	MUL_MAT	MMVQ	fused	blk.11.ffn_up.weight	ffn_swiglu-11	q4_K	f32	f32	4096	12288	1	1	4096	1	1	1	2304	28311552	28311552	16384	16384	16384	1	1	0	1	1
2	1788292053634973512	eager	1927	MUL_MAT	MMVQ	fused	blk.12.ffn_down.weight	l_out-12	q6_K	f32	f32	12288	4096	1	1	12288	1	1	1	10080	41287680	41287680	49152	49152	49152	1	1	0	1	1
2	1788292053634973512	eager	1927	MUL_MAT	MMVQ	fused	blk.12.ffn_up.weight	ffn_swiglu-12	q4_K	f32	f32	4096	12288	1	1	4096	1	1	1	2304	28311552	28311552	16384	16384	16384	1	1	0	1	1
2	1788292053634973512	eager	1927	MUL_MAT	MMVQ	fused	blk.13.ffn_down.weight	l_out-13	q4_K	f32	f32	12288	4096	1	1	12288	1	1	1	6912	28311552	28311552	49152	49152	49152	1	1	0	1	1
2	1788292053634973512	eager	1927	MUL_MAT	MMVQ	fused	blk.13.ffn_up.weight	ffn_swiglu-13	q4_K	f32	f32	4096	12288	1	1	4096	1	1	1	2304	28311552	28311552	16384	16384	16384	1	1	0	1	1
2	1788292053634973512	eager	1927	MUL_MAT	MMVQ	fused	blk.14.ffn_down.weight	l_out-14	q4_K	f32	f32	12288	4096	1	1	12288	1	1	1	6912	28311552	28311552	49152	49152	49152	1	1	0	1	1
2	1788292053634973512	eager	1927	MUL_MAT	MMVQ	fused	blk.14.ffn_up.weight	ffn_swiglu-14	q4_K	f32	f32	4096	12288	1	1	4096	1	1	1	2304	28311552	28311552	16384	16384	16384	1	1	0	1	1
2	1788292053634973512	eager	1927	MUL_MAT	MMVQ	fused	blk.15.attn_output.weight	attn_residual-15	q4_K	f32	f32	4096	4096	1	1	4096	1	1	1	2304	9437184	9437184	16384	16384	16384	1	1	0	1	1
2	1788292053634973512	eager	1927	MUL_MAT	MMVQ	fused	blk.15.ffn_down.weight	l_out-15	q6_K	f32	f32	12288	4096	1	1	12288	1	1	1	10080	41287680	41287680	49152	49152	49152	1	1	0	1	1
2	1788292053634973512	eager	1927	MUL_MAT	MMVQ	fused	blk.15.ffn_up.weight	ffn_swiglu-15	q4_K	f32	f32	4096	12288	1	1	4096	1	1	1	2304	28311552	28311552	16384	16384	16384	1	1	0	1	1
2	1788292053634973512	eager	1927	MUL_MAT	MMVQ	fused	blk.16.ffn_down.weight	l_out-16	q4_K	f32	f32	12288	4096	1	1	12288	1	1	1	6912	28311552	28311552	49152	49152	49152	1	1	0	1	1
2	1788292053634973512	eager	1927	MUL_MAT	MMVQ	fused	blk.16.ffn_up.weight	ffn_swiglu-16	q4_K	f32	f32	4096	12288	1	1	4096	1	1	1	2304	28311552	28311552	16384	16384	16384	1	1	0	1	1
2	1788292053634973512	eager	1927	MUL_MAT	MMVQ	fused	blk.17.ffn_down.weight	l_out-17	q4_K	f32	f32	12288	4096	1	1	12288	1	1	1	6912	28311552	28311552	49152	49152	49152	1	1	0	1	1
2	1788292053634973512	eager	1927	MUL_MAT	MMVQ	fused	blk.17.ffn_up.weight	ffn_swiglu-17	q4_K	f32	f32	4096	12288	1	1	4096	1	1	1	2304	28311552	28311552	16384	16384	16384	1	1	0	1	1
2	1788292053634973512	eager	1927	MUL_MAT	MMVQ	fused	blk.18.ffn_down.weight	l_out-18	q6_K	f32	f32	12288	4096	1	1	12288	1	1	1	10080	41287680	41287680	49152	49152	49152	1	1	0	1	1
2	1788292053634973512	eager	1927	MUL_MAT	MMVQ	fused	blk.18.ffn_up.weight	ffn_swiglu-18	q4_K	f32	f32	4096	12288	1	1	4096	1	1	1	2304	28311552	28311552	16384	16384	16384	1	1	0	1	1
2	1788292053634973512	eager	1927	MUL_MAT	MMVQ	fused	blk.19.attn_output.weight	attn_residual-19	q4_K	f32	f32	4096	4096	1	1	4096	1	1	1	2304	9437184	9437184	16384	16384	16384	1	1	0	1	1
2	1788292053634973512	eager	1927	MUL_MAT	MMVQ	fused	blk.19.ffn_down.weight	l_out-19	q4_K	f32	f32	12288	4096	1	1	12288	1	1	1	6912	28311552	28311552	49152	49152	49152	1	1	0	1	1
2	1788292053634973512	eager	1927	MUL_MAT	MMVQ	fused	blk.19.ffn_up.weight	ffn_swiglu-19	q4_K	f32	f32	4096	12288	1	1	4096	1	1	1	2304	28311552	28311552	16384	16384	16384	1	1	0	1	1
2	1788292053634973512	eager	1927	MUL_MAT	MMVQ	fused	blk.2.ffn_down.weight	l_out-2	q6_K	f32	f32	12288	4096	1	1	12288	1	1	1	10080	41287680	41287680	49152	49152	49152	1	1	0	1	1
2	1788292053634973512	eager	1927	MUL_MAT	MMVQ	fused	blk.2.ffn_up.weight	ffn_swiglu-2	q4_K	f32	f32	4096	12288	1	1	4096	1	1	1	2304	28311552	28311552	16384	16384	16384	1	1	0	1	1
2	1788292053634973512	eager	1927	MUL_MAT	MMVQ	fused	blk.20.ffn_down.weight	l_out-20	q4_K	f32	f32	12288	4096	1	1	12288	1	1	1	6912	28311552	28311552	49152	49152	49152	1	1	0	1	1
2	1788292053634973512	eager	1927	MUL_MAT	MMVQ	fused	blk.20.ffn_up.weight	ffn_swiglu-20	q4_K	f32	f32	4096	12288	1	1	4096	1	1	1	2304	28311552	28311552	16384	16384	16384	1	1	0	1	1
2	1788292053634973512	eager	1927	MUL_MAT	MMVQ	fused	blk.21.ffn_down.weight	l_out-21	q6_K	f32	f32	12288	4096	1	1	12288	1	1	1	10080	41287680	41287680	49152	49152	49152	1	1	0	1	1
2	1788292053634973512	eager	1927	MUL_MAT	MMVQ	fused	blk.21.ffn_up.weight	ffn_swiglu-21	q4_K	f32	f32	4096	12288	1	1	4096	1	1	1	2304	28311552	28311552	16384	16384	16384	1	1	0	1	1
2	1788292053634973512	eager	1927	MUL_MAT	MMVQ	fused	blk.22.ffn_down.weight	l_out-22	q4_K	f32	f32	12288	4096	1	1	12288	1	1	1	6912	28311552	28311552	49152	49152	49152	1	1	0	1	1
2	1788292053634973512	eager	1927	MUL_MAT	MMVQ	fused	blk.22.ffn_up.weight	ffn_swiglu-22	q4_K	f32	f32	4096	12288	1	1	4096	1	1	1	2304	28311552	28311552	16384	16384	16384	1	1	0	1	1
2	1788292053634973512	eager	1927	MUL_MAT	MMVQ	fused	blk.23.attn_output.weight	attn_residual-23	q4_K	f32	f32	4096	4096	1	1	4096	1	1	1	2304	9437184	9437184	16384	16384	16384	1	1	0	1	1
2	1788292053634973512	eager	1927	MUL_MAT	MMVQ	fused	blk.23.ffn_down.weight	l_out-23	q4_K	f32	f32	12288	4096	1	1	12288	1	1	1	6912	28311552	28311552	49152	49152	49152	1	1	0	1	1
2	1788292053634973512	eager	1927	MUL_MAT	MMVQ	fused	blk.23.ffn_up.weight	ffn_swiglu-23	q4_K	f32	f32	4096	12288	1	1	4096	1	1	1	2304	28311552	28311552	16384	16384	16384	1	1	0	1	1
2	1788292053634973512	eager	1927	MUL_MAT	MMVQ	fused	blk.24.ffn_down.weight	l_out-24	q6_K	f32	f32	12288	4096	1	1	12288	1	1	1	10080	41287680	41287680	49152	49152	49152	1	1	0	1	1
2	1788292053634973512	eager	1927	MUL_MAT	MMVQ	fused	blk.24.ffn_up.weight	ffn_swiglu-24	q4_K	f32	f32	4096	12288	1	1	4096	1	1	1	2304	28311552	28311552	16384	16384	16384	1	1	0	1	1
2	1788292053634973512	eager	1927	MUL_MAT	MMVQ	fused	blk.25.ffn_down.weight	l_out-25	q4_K	f32	f32	12288	4096	1	1	12288	1	1	1	6912	28311552	28311552	49152	49152	49152	1	1	0	1	1
2	1788292053634973512	eager	1927	MUL_MAT	MMVQ	fused	blk.25.ffn_up.weight	ffn_swiglu-25	q4_K	f32	f32	4096	12288	1	1	4096	1	1	1	2304	28311552	28311552	16384	16384	16384	1	1	0	1	1
2	1788292053634973512	eager	1927	MUL_MAT	MMVQ	fused	blk.26.ffn_down.weight	l_out-26	q4_K	f32	f32	12288	4096	1	1	12288	1	1	1	6912	28311552	28311552	49152	49152	49152	1	1	0	1	1
2	1788292053634973512	eager	1927	MUL_MAT	MMVQ	fused	blk.26.ffn_up.weight	ffn_swiglu-26	q4_K	f32	f32	4096	12288	1	1	4096	1	1	1	2304	28311552	28311552	16384	16384	16384	1	1	0	1	1
2	1788292053634973512	eager	1927	MUL_MAT	MMVQ	fused	blk.27.attn_output.weight	attn_residual-27	q4_K	f32	f32	4096	4096	1	1	4096	1	1	1	2304	9437184	9437184	16384	16384	16384	1	1	0	1	1
2	1788292053634973512	eager	1927	MUL_MAT	MMVQ	fused	blk.27.ffn_down.weight	l_out-27	q6_K	f32	f32	12288	4096	1	1	12288	1	1	1	10080	41287680	41287680	49152	49152	49152	1	1	0	1	1
2	1788292053634973512	eager	1927	MUL_MAT	MMVQ	fused	blk.27.ffn_up.weight	ffn_swiglu-27	q4_K	f32	f32	4096	12288	1	1	4096	1	1	1	2304	28311552	28311552	16384	16384	16384	1	1	0	1	1
2	1788292053634973512	eager	1927	MUL_MAT	MMVQ	fused	blk.28.ffn_down.weight	l_out-28	q6_K	f32	f32	12288	4096	1	1	12288	1	1	1	10080	41287680	41287680	49152	49152	49152	1	1	0	1	1
2	1788292053634973512	eager	1927	MUL_MAT	MMVQ	fused	blk.28.ffn_up.weight	ffn_swiglu-28	q4_K	f32	f32	4096	12288	1	1	4096	1	1	1	2304	28311552	28311552	16384	16384	16384	1	1	0	1	1
2	1788292053634973512	eager	1927	MUL_MAT	MMVQ	fused	blk.29.ffn_down.weight	l_out-29	q6_K	f32	f32	12288	4096	1	1	12288	1	1	1	10080	41287680	41287680	49152	49152	49152	1	1	0	1	1
2	1788292053634973512	eager	1927	MUL_MAT	MMVQ	fused	blk.29.ffn_up.weight	ffn_swiglu-29	q4_K	f32	f32	4096	12288	1	1	4096	1	1	1	2304	28311552	28311552	16384	16384	16384	1	1	0	1	1
2	1788292053634973512	eager	1927	MUL_MAT	MMVQ	fused	blk.3.attn_output.weight	attn_residual-3	q4_K	f32	f32	4096	4096	1	1	4096	1	1	1	2304	9437184	9437184	16384	16384	16384	1	1	0	1	1
2	1788292053634973512	eager	1927	MUL_MAT	MMVQ	fused	blk.3.ffn_down.weight	l_out-3	q6_K	f32	f32	12288	4096	1	1	12288	1	1	1	10080	41287680	41287680	49152	49152	49152	1	1	0	1	1
2	1788292053634973512	eager	1927	MUL_MAT	MMVQ	fused	blk.3.ffn_up.weight	ffn_swiglu-3	q4_K	f32	f32	4096	12288	1	1	4096	1	1	1	2304	28311552	28311552	16384	16384	16384	1	1	0	1	1
2	1788292053634973512	eager	1927	MUL_MAT	MMVQ	fused	blk.30.ffn_down.weight	l_out-30	q6_K	f32	f32	12288	4096	1	1	12288	1	1	1	10080	41287680	41287680	49152	49152	49152	1	1	0	1	1
2	1788292053634973512	eager	1927	MUL_MAT	MMVQ	fused	blk.30.ffn_up.weight	ffn_swiglu-30	q4_K	f32	f32	4096	12288	1	1	4096	1	1	1	2304	28311552	28311552	16384	16384	16384	1	1	0	1	1
2	1788292053634973512	eager	1927	MUL_MAT	MMVQ	fused	blk.31.attn_output.weight	attn_residual-31	q4_K	f32	f32	4096	4096	1	1	4096	1	1	1	2304	9437184	9437184	16384	16384	16384	1	1	0	1	1
2	1788292053634973512	eager	1927	MUL_MAT	MMVQ	fused	blk.31.ffn_down.weight	l_out-31	q6_K	f32	f32	12288	4096	1	1	12288	1	1	1	10080	41287680	41287680	49152	49152	49152	1	1	0	1	1
2	1788292053634973512	eager	1927	MUL_MAT	MMVQ	fused	blk.31.ffn_up.weight	ffn_swiglu-31	q4_K	f32	f32	4096	12288	1	1	4096	1	1	1	2304	28311552	28311552	16384	16384	16384	1	1	0	1	1
2	1788292053634973512	eager	1927	MUL_MAT	MMVQ	fused	blk.4.ffn_down.weight	l_out-4	q4_K	f32	f32	12288	4096	1	1	12288	1	1	1	6912	28311552	28311552	49152	49152	49152	1	1	0	1	1
2	1788292053634973512	eager	1927	MUL_MAT	MMVQ	fused	blk.4.ffn_up.weight	ffn_swiglu-4	q4_K	f32	f32	4096	12288	1	1	4096	1	1	1	2304	28311552	28311552	16384	16384	16384	1	1	0	1	1
2	1788292053634973512	eager	1927	MUL_MAT	MMVQ	fused	blk.5.ffn_down.weight	l_out-5	q4_K	f32	f32	12288	4096	1	1	12288	1	1	1	6912	28311552	28311552	49152	49152	49152	1	1	0	1	1
2	1788292053634973512	eager	1927	MUL_MAT	MMVQ	fused	blk.5.ffn_up.weight	ffn_swiglu-5	q4_K	f32	f32	4096	12288	1	1	4096	1	1	1	2304	28311552	28311552	16384	16384	16384	1	1	0	1	1
2	1788292053634973512	eager	1927	MUL_MAT	MMVQ	fused	blk.6.ffn_down.weight	l_out-6	q6_K	f32	f32	12288	4096	1	1	12288	1	1	1	10080	41287680	41287680	49152	49152	49152	1	1	0	1	1
2	1788292053634973512	eager	1927	MUL_MAT	MMVQ	fused	blk.6.ffn_up.weight	ffn_swiglu-6	q4_K	f32	f32	4096	12288	1	1	4096	1	1	1	2304	28311552	28311552	16384	16384	16384	1	1	0	1	1
2	1788292053634973512	eager	1927	MUL_MAT	MMVQ	fused	blk.7.attn_output.weight	attn_residual-7	q4_K	f32	f32	4096	4096	1	1	4096	1	1	1	2304	9437184	9437184	16384	16384	16384	1	1	0	1	1
2	1788292053634973512	eager	1927	MUL_MAT	MMVQ	fused	blk.7.ffn_down.weight	l_out-7	q4_K	f32	f32	12288	4096	1	1	12288	1	1	1	6912	28311552	28311552	49152	49152	49152	1	1	0	1	1
2	1788292053634973512	eager	1927	MUL_MAT	MMVQ	fused	blk.7.ffn_up.weight	ffn_swiglu-7	q4_K	f32	f32	4096	12288	1	1	4096	1	1	1	2304	28311552	28311552	16384	16384	16384	1	1	0	1	1
2	1788292053634973512	eager	1927	MUL_MAT	MMVQ	fused	blk.8.ffn_down.weight	l_out-8	q4_K	f32	f32	12288	4096	1	1	12288	1	1	1	6912	28311552	28311552	49152	49152	49152	1	1	0	1	1
2	1788292053634973512	eager	1927	MUL_MAT	MMVQ	fused	blk.8.ffn_up.weight	ffn_swiglu-8	q4_K	f32	f32	4096	12288	1	1	4096	1	1	1	2304	28311552	28311552	16384	16384	16384	1	1	0	1	1
2	1788292053634973512	eager	1927	MUL_MAT	MMVQ	fused	blk.9.ffn_down.weight	l_out-9	q6_K	f32	f32	12288	4096	1	1	12288	1	1	1	10080	41287680	41287680	49152	49152	49152	1	1	0	1	1
2	1788292053634973512	eager	1927	MUL_MAT	MMVQ	fused	blk.9.ffn_up.weight	ffn_swiglu-9	q4_K	f32	f32	4096	12288	1	1	4096	1	1	1	2304	28311552	28311552	16384	16384	16384	1	1	0	1	1
3	1788292053652640969	capture	1927	MUL_MAT	MMVQ	-	blk.0.attn_gate.weight	z-0	q4_K	f32	f32	4096	4096	1	1	4096	1	1	1	2304	9437184	9437184	16384	16384	16384	1	1	0	1	1
3	1788292053652640969	capture	1927	MUL_MAT	MMVQ	-	blk.0.attn_qkv.weight	node_13	q6_K	f32	f32	4096	8192	1	1	4096	1	1	1	3360	27525120	27525120	16384	16384	16384	1	1	0	1	1
3	1788292053652640969	capture	1927	MUL_MAT	MMVQ	-	blk.0.ssm_alpha.weight	node_34	q4_K	f32	f32	4096	32	1	1	4096	1	1	1	2304	73728	73728	16384	16384	16384	1	1	0	1	1
3	1788292053652640969	capture	1927	MUL_MAT	MMVQ	-	blk.0.ssm_beta.weight	node_40	q4_K	f32	f32	4096	32	1	1	4096	1	1	1	2304	73728	73728	16384	16384	16384	1	1	0	1	1
3	1788292053652640969	capture	1927	MUL_MAT	MMVQ	-	blk.0.ssm_out.weight	linear_attn_out-0	q4_K	f32	f32	4096	4096	1	1	4096	1	1	1	2304	9437184	9437184	16384	16384	16384	1	1	0	1	1
3	1788292053652640969	capture	1927	MUL_MAT	MMVQ	-	blk.1.attn_gate.weight	z-1	q4_K	f32	f32	4096	4096	1	1	4096	1	1	1	2304	9437184	9437184	16384	16384	16384	1	1	0	1	1
3	1788292053652640969	capture	1927	MUL_MAT	MMVQ	-	blk.1.attn_qkv.weight	node_76	q6_K	f32	f32	4096	8192	1	1	4096	1	1	1	3360	27525120	27525120	16384	16384	16384	1	1	0	1	1
3	1788292053652640969	capture	1927	MUL_MAT	MMVQ	-	blk.1.ssm_alpha.weight	node_97	q4_K	f32	f32	4096	32	1	1	4096	1	1	1	2304	73728	73728	16384	16384	16384	1	1	0	1	1
3	1788292053652640969	capture	1927	MUL_MAT	MMVQ	-	blk.1.ssm_beta.weight	node_103	q4_K	f32	f32	4096	32	1	1	4096	1	1	1	2304	73728	73728	16384	16384	16384	1	1	0	1	1
3	1788292053652640969	capture	1927	MUL_MAT	MMVQ	-	blk.1.ssm_out.weight	linear_attn_out-1	q4_K	f32	f32	4096	4096	1	1	4096	1	1	1	2304	9437184	9437184	16384	16384	16384	1	1	0	1	1
3	1788292053652640969	capture	1927	MUL_MAT	MMVQ	-	blk.10.attn_gate.weight	z-10	q4_K	f32	f32	4096	4096	1	1	4096	1	1	1	2304	9437184	9437184	16384	16384	16384	1	1	0	1	1
3	1788292053652640969	capture	1927	MUL_MAT	MMVQ	-	blk.10.attn_qkv.weight	node_619	q4_K	f32	f32	4096	8192	1	1	4096	1	1	1	2304	18874368	18874368	16384	16384	16384	1	1	0	1	1
3	1788292053652640969	capture	1927	MUL_MAT	MMVQ	-	blk.10.ssm_alpha.weight	node_640	q4_K	f32	f32	4096	32	1	1	4096	1	1	1	2304	73728	73728	16384	16384	16384	1	1	0	1	1
3	1788292053652640969	capture	1927	MUL_MAT	MMVQ	-	blk.10.ssm_beta.weight	node_646	q4_K	f32	f32	4096	32	1	1	4096	1	1	1	2304	73728	73728	16384	16384	16384	1	1	0	1	1
3	1788292053652640969	capture	1927	MUL_MAT	MMVQ	-	blk.10.ssm_out.weight	linear_attn_out-10	q4_K	f32	f32	4096	4096	1	1	4096	1	1	1	2304	9437184	9437184	16384	16384	16384	1	1	0	1	1
3	1788292053652640969	capture	1927	MUL_MAT	MMVQ	-	blk.11.attn_k.weight	Kcur-11	q4_K	f32	f32	4096	1024	1	1	4096	1	1	1	2304	2359296	2359296	16384	16384	16384	1	1	0	1	1
3	1788292053652640969	capture	1927	MUL_MAT	MMVQ	-	blk.11.attn_q.weight	Qcur_full-11	q4_K	f32	f32	4096	8192	1	1	4096	1	1	1	2304	18874368	18874368	16384	16384	16384	1	1	0	1	1
3	1788292053652640969	capture	1927	MUL_MAT	MMVQ	-	blk.11.attn_v.weight	Vcur-11	q4_K	f32	f32	4096	1024	1	1	4096	1	1	1	2304	2359296	2359296	16384	16384	16384	1	1	0	1	1
3	1788292053652640969	capture	1927	MUL_MAT	MMVQ	-	blk.12.attn_gate.weight	z-12	q4_K	f32	f32	4096	4096	1	1	4096	1	1	1	2304	9437184	9437184	16384	16384	16384	1	1	0	1	1
3	1788292053652640969	capture	1927	MUL_MAT	MMVQ	-	blk.12.attn_qkv.weight	node_733	q6_K	f32	f32	4096	8192	1	1	4096	1	1	1	3360	27525120	27525120	16384	16384	16384	1	1	0	1	1
3	1788292053652640969	capture	1927	MUL_MAT	MMVQ	-	blk.12.ssm_alpha.weight	node_754	q4_K	f32	f32	4096	32	1	1	4096	1	1	1	2304	73728	73728	16384	16384	16384	1	1	0	1	1
3	1788292053652640969	capture	1927	MUL_MAT	MMVQ	-	blk.12.ssm_beta.weight	node_760	q4_K	f32	f32	4096	32	1	1	4096	1	1	1	2304	73728	73728	16384	16384	16384	1	1	0	1	1
3	1788292053652640969	capture	1927	MUL_MAT	MMVQ	-	blk.12.ssm_out.weight	linear_attn_out-12	q4_K	f32	f32	4096	4096	1	1	4096	1	1	1	2304	9437184	9437184	16384	16384	16384	1	1	0	1	1
3	1788292053652640969	capture	1927	MUL_MAT	MMVQ	-	blk.13.attn_gate.weight	z-13	q4_K	f32	f32	4096	4096	1	1	4096	1	1	1	2304	9437184	9437184	16384	16384	16384	1	1	0	1	1
3	1788292053652640969	capture	1927	MUL_MAT	MMVQ	-	blk.13.attn_qkv.weight	node_796	q4_K	f32	f32	4096	8192	1	1	4096	1	1	1	2304	18874368	18874368	16384	16384	16384	1	1	0	1	1
3	1788292053652640969	capture	1927	MUL_MAT	MMVQ	-	blk.13.ssm_alpha.weight	node_817	q4_K	f32	f32	4096	32	1	1	4096	1	1	1	2304	73728	73728	16384	16384	16384	1	1	0	1	1
3	1788292053652640969	capture	1927	MUL_MAT	MMVQ	-	blk.13.ssm_beta.weight	node_823	q4_K	f32	f32	4096	32	1	1	4096	1	1	1	2304	73728	73728	16384	16384	16384	1	1	0	1	1
3	1788292053652640969	capture	1927	MUL_MAT	MMVQ	-	blk.13.ssm_out.weight	linear_attn_out-13	q4_K	f32	f32	4096	4096	1	1	4096	1	1	1	2304	9437184	9437184	16384	16384	16384	1	1	0	1	1
3	1788292053652640969	capture	1927	MUL_MAT	MMVQ	-	blk.14.attn_gate.weight	z-14	q4_K	f32	f32	4096	4096	1	1	4096	1	1	1	2304	9437184	9437184	16384	16384	16384	1	1	0	1	1
3	1788292053652640969	capture	1927	MUL_MAT	MMVQ	-	blk.14.attn_qkv.weight	node_859	q4_K	f32	f32	4096	8192	1	1	4096	1	1	1	2304	18874368	18874368	16384	16384	16384	1	1	0	1	1
3	1788292053652640969	capture	1927	MUL_MAT	MMVQ	-	blk.14.ssm_alpha.weight	node_880	q4_K	f32	f32	4096	32	1	1	4096	1	1	1	2304	73728	73728	16384	16384	16384	1	1	0	1	1
3	1788292053652640969	capture	1927	MUL_MAT	MMVQ	-	blk.14.ssm_beta.weight	node_886	q4_K	f32	f32	4096	32	1	1	4096	1	1	1	2304	73728	73728	16384	16384	16384	1	1	0	1	1
3	1788292053652640969	capture	1927	MUL_MAT	MMVQ	-	blk.14.ssm_out.weight	linear_attn_out-14	q4_K	f32	f32	4096	4096	1	1	4096	1	1	1	2304	9437184	9437184	16384	16384	16384	1	1	0	1	1
3	1788292053652640969	capture	1927	MUL_MAT	MMVQ	-	blk.15.attn_k.weight	Kcur-15	q4_K	f32	f32	4096	1024	1	1	4096	1	1	1	2304	2359296	2359296	16384	16384	16384	1	1	0	1	1
3	1788292053652640969	capture	1927	MUL_MAT	MMVQ	-	blk.15.attn_q.weight	Qcur_full-15	q4_K	f32	f32	4096	8192	1	1	4096	1	1	1	2304	18874368	18874368	16384	16384	16384	1	1	0	1	1
3	1788292053652640969	capture	1927	MUL_MAT	MMVQ	-	blk.15.attn_v.weight	Vcur-15	q6_K	f32	f32	4096	1024	1	1	4096	1	1	1	3360	3440640	3440640	16384	16384	16384	1	1	0	1	1
3	1788292053652640969	capture	1927	MUL_MAT	MMVQ	-	blk.16.attn_gate.weight	z-16	q4_K	f32	f32	4096	4096	1	1	4096	1	1	1	2304	9437184	9437184	16384	16384	16384	1	1	0	1	1
3	1788292053652640969	capture	1927	MUL_MAT	MMVQ	-	blk.16.attn_qkv.weight	node_973	q4_K	f32	f32	4096	8192	1	1	4096	1	1	1	2304	18874368	18874368	16384	16384	16384	1	1	0	1	1
3	1788292053652640969	capture	1927	MUL_MAT	MMVQ	-	blk.16.ssm_alpha.weight	node_994	q4_K	f32	f32	4096	32	1	1	4096	1	1	1	2304	73728	73728	16384	16384	16384	1	1	0	1	1
3	1788292053652640969	capture	1927	MUL_MAT	MMVQ	-	blk.16.ssm_beta.weight	node_1000	q4_K	f32	f32	4096	32	1	1	4096	1	1	1	2304	73728	73728	16384	16384	16384	1	1	0	1	1
3	1788292053652640969	capture	1927	MUL_MAT	MMVQ	-	blk.16.ssm_out.weight	linear_attn_out-16	q4_K	f32	f32	4096	4096	1	1	4096	1	1	1	2304	9437184	9437184	16384	16384	16384	1	1	0	1	1
3	1788292053652640969	capture	1927	MUL_MAT	MMVQ	-	blk.17.attn_gate.weight	z-17	q4_K	f32	f32	4096	4096	1	1	4096	1	1	1	2304	9437184	9437184	16384	16384	16384	1	1	0	1	1
3	1788292053652640969	capture	1927	MUL_MAT	MMVQ	-	blk.17.attn_qkv.weight	node_1036	q4_K	f32	f32	4096	8192	1	1	4096	1	1	1	2304	18874368	18874368	16384	16384	16384	1	1	0	1	1
3	1788292053652640969	capture	1927	MUL_MAT	MMVQ	-	blk.17.ssm_alpha.weight	node_1057	q4_K	f32	f32	4096	32	1	1	4096	1	1	1	2304	73728	73728	16384	16384	16384	1	1	0	1	1
3	1788292053652640969	capture	1927	MUL_MAT	MMVQ	-	blk.17.ssm_beta.weight	node_1063	q4_K	f32	f32	4096	32	1	1	4096	1	1	1	2304	73728	73728	16384	16384	16384	1	1	0	1	1
3	1788292053652640969	capture	1927	MUL_MAT	MMVQ	-	blk.17.ssm_out.weight	linear_attn_out-17	q4_K	f32	f32	4096	4096	1	1	4096	1	1	1	2304	9437184	9437184	16384	16384	16384	1	1	0	1	1
3	1788292053652640969	capture	1927	MUL_MAT	MMVQ	-	blk.18.attn_gate.weight	z-18	q4_K	f32	f32	4096	4096	1	1	4096	1	1	1	2304	9437184	9437184	16384	16384	16384	1	1	0	1	1
3	1788292053652640969	capture	1927	MUL_MAT	MMVQ	-	blk.18.attn_qkv.weight	node_1099	q6_K	f32	f32	4096	8192	1	1	4096	1	1	1	3360	27525120	27525120	16384	16384	16384	1	1	0	1	1
3	1788292053652640969	capture	1927	MUL_MAT	MMVQ	-	blk.18.ssm_alpha.weight	node_1120	q4_K	f32	f32	4096	32	1	1	4096	1	1	1	2304	73728	73728	16384	16384	16384	1	1	0	1	1
3	1788292053652640969	capture	1927	MUL_MAT	MMVQ	-	blk.18.ssm_beta.weight	node_1126	q4_K	f32	f32	4096	32	1	1	4096	1	1	1	2304	73728	73728	16384	16384	16384	1	1	0	1	1
3	1788292053652640969	capture	1927	MUL_MAT	MMVQ	-	blk.18.ssm_out.weight	linear_attn_out-18	q4_K	f32	f32	4096	4096	1	1	4096	1	1	1	2304	9437184	9437184	16384	16384	16384	1	1	0	1	1
3	1788292053652640969	capture	1927	MUL_MAT	MMVQ	-	blk.19.attn_k.weight	Kcur-19	q4_K	f32	f32	4096	1024	1	1	4096	1	1	1	2304	2359296	2359296	16384	16384	16384	1	1	0	1	1
3	1788292053652640969	capture	1927	MUL_MAT	MMVQ	-	blk.19.attn_q.weight	Qcur_full-19	q4_K	f32	f32	4096	8192	1	1	4096	1	1	1	2304	18874368	18874368	16384	16384	16384	1	1	0	1	1
3	1788292053652640969	capture	1927	MUL_MAT	MMVQ	-	blk.19.attn_v.weight	Vcur-19	q4_K	f32	f32	4096	1024	1	1	4096	1	1	1	2304	2359296	2359296	16384	16384	16384	1	1	0	1	1
3	1788292053652640969	capture	1927	MUL_MAT	MMVQ	-	blk.2.attn_gate.weight	z-2	q4_K	f32	f32	4096	4096	1	1	4096	1	1	1	2304	9437184	9437184	16384	16384	16384	1	1	0	1	1
3	1788292053652640969	capture	1927	MUL_MAT	MMVQ	-	blk.2.attn_qkv.weight	node_139	q6_K	f32	f32	4096	8192	1	1	4096	1	1	1	3360	27525120	27525120	16384	16384	16384	1	1	0	1	1
3	1788292053652640969	capture	1927	MUL_MAT	MMVQ	-	blk.2.ssm_alpha.weight	node_160	q4_K	f32	f32	4096	32	1	1	4096	1	1	1	2304	73728	73728	16384	16384	16384	1	1	0	1	1
3	1788292053652640969	capture	1927	MUL_MAT	MMVQ	-	blk.2.ssm_beta.weight	node_166	q4_K	f32	f32	4096	32	1	1	4096	1	1	1	2304	73728	73728	16384	16384	16384	1	1	0	1	1
3	1788292053652640969	capture	1927	MUL_MAT	MMVQ	-	blk.2.ssm_out.weight	linear_attn_out-2	q4_K	f32	f32	4096	4096	1	1	4096	1	1	1	2304	9437184	9437184	16384	16384	16384	1	1	0	1	1
3	1788292053652640969	capture	1927	MUL_MAT	MMVQ	-	blk.20.attn_gate.weight	z-20	q4_K	f32	f32	4096	4096	1	1	4096	1	1	1	2304	9437184	9437184	16384	16384	16384	1	1	0	1	1
3	1788292053652640969	capture	1927	MUL_MAT	MMVQ	-	blk.20.attn_qkv.weight	node_1213	q4_K	f32	f32	4096	8192	1	1	4096	1	1	1	2304	18874368	18874368	16384	16384	16384	1	1	0	1	1
3	1788292053652640969	capture	1927	MUL_MAT	MMVQ	-	blk.20.ssm_alpha.weight	node_1234	q4_K	f32	f32	4096	32	1	1	4096	1	1	1	2304	73728	73728	16384	16384	16384	1	1	0	1	1
3	1788292053652640969	capture	1927	MUL_MAT	MMVQ	-	blk.20.ssm_beta.weight	node_1240	q4_K	f32	f32	4096	32	1	1	4096	1	1	1	2304	73728	73728	16384	16384	16384	1	1	0	1	1
3	1788292053652640969	capture	1927	MUL_MAT	MMVQ	-	blk.20.ssm_out.weight	linear_attn_out-20	q4_K	f32	f32	4096	4096	1	1	4096	1	1	1	2304	9437184	9437184	16384	16384	16384	1	1	0	1	1
3	1788292053652640969	capture	1927	MUL_MAT	MMVQ	-	blk.21.attn_gate.weight	z-21	q4_K	f32	f32	4096	4096	1	1	4096	1	1	1	2304	9437184	9437184	16384	16384	16384	1	1	0	1	1
3	1788292053652640969	capture	1927	MUL_MAT	MMVQ	-	blk.21.attn_qkv.weight	node_1276	q6_K	f32	f32	4096	8192	1	1	4096	1	1	1	3360	27525120	27525120	16384	16384	16384	1	1	0	1	1
3	1788292053652640969	capture	1927	MUL_MAT	MMVQ	-	blk.21.ssm_alpha.weight	node_1297	q4_K	f32	f32	4096	32	1	1	4096	1	1	1	2304	73728	73728	16384	16384	16384	1	1	0	1	1
3	1788292053652640969	capture	1927	MUL_MAT	MMVQ	-	blk.21.ssm_beta.weight	node_1303	q4_K	f32	f32	4096	32	1	1	4096	1	1	1	2304	73728	73728	16384	16384	16384	1	1	0	1	1
3	1788292053652640969	capture	1927	MUL_MAT	MMVQ	-	blk.21.ssm_out.weight	linear_attn_out-21	q4_K	f32	f32	4096	4096	1	1	4096	1	1	1	2304	9437184	9437184	16384	16384	16384	1	1	0	1	1
3	1788292053652640969	capture	1927	MUL_MAT	MMVQ	-	blk.22.attn_gate.weight	z-22	q4_K	f32	f32	4096	4096	1	1	4096	1	1	1	2304	9437184	9437184	16384	16384	16384	1	1	0	1	1
3	1788292053652640969	capture	1927	MUL_MAT	MMVQ	-	blk.22.attn_qkv.weight	node_1339	q4_K	f32	f32	4096	8192	1	1	4096	1	1	1	2304	18874368	18874368	16384	16384	16384	1	1	0	1	1
3	1788292053652640969	capture	1927	MUL_MAT	MMVQ	-	blk.22.ssm_alpha.weight	node_1360	q4_K	f32	f32	4096	32	1	1	4096	1	1	1	2304	73728	73728	16384	16384	16384	1	1	0	1	1
3	1788292053652640969	capture	1927	MUL_MAT	MMVQ	-	blk.22.ssm_beta.weight	node_1366	q4_K	f32	f32	4096	32	1	1	4096	1	1	1	2304	73728	73728	16384	16384	16384	1	1	0	1	1
3	1788292053652640969	capture	1927	MUL_MAT	MMVQ	-	blk.22.ssm_out.weight	linear_attn_out-22	q4_K	f32	f32	4096	4096	1	1	4096	1	1	1	2304	9437184	9437184	16384	16384	16384	1	1	0	1	1
3	1788292053652640969	capture	1927	MUL_MAT	MMVQ	-	blk.23.attn_k.weight	Kcur-23	q4_K	f32	f32	4096	1024	1	1	4096	1	1	1	2304	2359296	2359296	16384	16384	16384	1	1	0	1	1
3	1788292053652640969	capture	1927	MUL_MAT	MMVQ	-	blk.23.attn_q.weight	Qcur_full-23	q4_K	f32	f32	4096	8192	1	1	4096	1	1	1	2304	18874368	18874368	16384	16384	16384	1	1	0	1	1
3	1788292053652640969	capture	1927	MUL_MAT	MMVQ	-	blk.23.attn_v.weight	Vcur-23	q4_K	f32	f32	4096	1024	1	1	4096	1	1	1	2304	2359296	2359296	16384	16384	16384	1	1	0	1	1
3	1788292053652640969	capture	1927	MUL_MAT	MMVQ	-	blk.24.attn_gate.weight	z-24	q4_K	f32	f32	4096	4096	1	1	4096	1	1	1	2304	9437184	9437184	16384	16384	16384	1	1	0	1	1
3	1788292053652640969	capture	1927	MUL_MAT	MMVQ	-	blk.24.attn_qkv.weight	node_1453	q6_K	f32	f32	4096	8192	1	1	4096	1	1	1	3360	27525120	27525120	16384	16384	16384	1	1	0	1	1
3	1788292053652640969	capture	1927	MUL_MAT	MMVQ	-	blk.24.ssm_alpha.weight	node_1474	q4_K	f32	f32	4096	32	1	1	4096	1	1	1	2304	73728	73728	16384	16384	16384	1	1	0	1	1
3	1788292053652640969	capture	1927	MUL_MAT	MMVQ	-	blk.24.ssm_beta.weight	node_1480	q4_K	f32	f32	4096	32	1	1	4096	1	1	1	2304	73728	73728	16384	16384	16384	1	1	0	1	1
3	1788292053652640969	capture	1927	MUL_MAT	MMVQ	-	blk.24.ssm_out.weight	linear_attn_out-24	q4_K	f32	f32	4096	4096	1	1	4096	1	1	1	2304	9437184	9437184	16384	16384	16384	1	1	0	1	1
3	1788292053652640969	capture	1927	MUL_MAT	MMVQ	-	blk.25.attn_gate.weight	z-25	q4_K	f32	f32	4096	4096	1	1	4096	1	1	1	2304	9437184	9437184	16384	16384	16384	1	1	0	1	1
3	1788292053652640969	capture	1927	MUL_MAT	MMVQ	-	blk.25.attn_qkv.weight	node_1516	q4_K	f32	f32	4096	8192	1	1	4096	1	1	1	2304	18874368	18874368	16384	16384	16384	1	1	0	1	1
3	1788292053652640969	capture	1927	MUL_MAT	MMVQ	-	blk.25.ssm_alpha.weight	node_1537	q4_K	f32	f32	4096	32	1	1	4096	1	1	1	2304	73728	73728	16384	16384	16384	1	1	0	1	1
3	1788292053652640969	capture	1927	MUL_MAT	MMVQ	-	blk.25.ssm_beta.weight	node_1543	q4_K	f32	f32	4096	32	1	1	4096	1	1	1	2304	73728	73728	16384	16384	16384	1	1	0	1	1
3	1788292053652640969	capture	1927	MUL_MAT	MMVQ	-	blk.25.ssm_out.weight	linear_attn_out-25	q4_K	f32	f32	4096	4096	1	1	4096	1	1	1	2304	9437184	9437184	16384	16384	16384	1	1	0	1	1
3	1788292053652640969	capture	1927	MUL_MAT	MMVQ	-	blk.26.attn_gate.weight	z-26	q4_K	f32	f32	4096	4096	1	1	4096	1	1	1	2304	9437184	9437184	16384	16384	16384	1	1	0	1	1
3	1788292053652640969	capture	1927	MUL_MAT	MMVQ	-	blk.26.attn_qkv.weight	node_1579	q4_K	f32	f32	4096	8192	1	1	4096	1	1	1	2304	18874368	18874368	16384	16384	16384	1	1	0	1	1
3	1788292053652640969	capture	1927	MUL_MAT	MMVQ	-	blk.26.ssm_alpha.weight	node_1600	q4_K	f32	f32	4096	32	1	1	4096	1	1	1	2304	73728	73728	16384	16384	16384	1	1	0	1	1
3	1788292053652640969	capture	1927	MUL_MAT	MMVQ	-	blk.26.ssm_beta.weight	node_1606	q4_K	f32	f32	4096	32	1	1	4096	1	1	1	2304	73728	73728	16384	16384	16384	1	1	0	1	1
3	1788292053652640969	capture	1927	MUL_MAT	MMVQ	-	blk.26.ssm_out.weight	linear_attn_out-26	q4_K	f32	f32	4096	4096	1	1	4096	1	1	1	2304	9437184	9437184	16384	16384	16384	1	1	0	1	1
3	1788292053652640969	capture	1927	MUL_MAT	MMVQ	-	blk.27.attn_k.weight	Kcur-27	q4_K	f32	f32	4096	1024	1	1	4096	1	1	1	2304	2359296	2359296	16384	16384	16384	1	1	0	1	1
3	1788292053652640969	capture	1927	MUL_MAT	MMVQ	-	blk.27.attn_q.weight	Qcur_full-27	q4_K	f32	f32	4096	8192	1	1	4096	1	1	1	2304	18874368	18874368	16384	16384	16384	1	1	0	1	1
3	1788292053652640969	capture	1927	MUL_MAT	MMVQ	-	blk.27.attn_v.weight	Vcur-27	q6_K	f32	f32	4096	1024	1	1	4096	1	1	1	3360	3440640	3440640	16384	16384	16384	1	1	0	1	1
3	1788292053652640969	capture	1927	MUL_MAT	MMVQ	-	blk.28.attn_gate.weight	z-28	q4_K	f32	f32	4096	4096	1	1	4096	1	1	1	2304	9437184	9437184	16384	16384	16384	1	1	0	1	1
3	1788292053652640969	capture	1927	MUL_MAT	MMVQ	-	blk.28.attn_qkv.weight	node_1693	q6_K	f32	f32	4096	8192	1	1	4096	1	1	1	3360	27525120	27525120	16384	16384	16384	1	1	0	1	1
3	1788292053652640969	capture	1927	MUL_MAT	MMVQ	-	blk.28.ssm_alpha.weight	node_1714	q4_K	f32	f32	4096	32	1	1	4096	1	1	1	2304	73728	73728	16384	16384	16384	1	1	0	1	1
3	1788292053652640969	capture	1927	MUL_MAT	MMVQ	-	blk.28.ssm_beta.weight	node_1720	q4_K	f32	f32	4096	32	1	1	4096	1	1	1	2304	73728	73728	16384	16384	16384	1	1	0	1	1
3	1788292053652640969	capture	1927	MUL_MAT	MMVQ	-	blk.28.ssm_out.weight	linear_attn_out-28	q4_K	f32	f32	4096	4096	1	1	4096	1	1	1	2304	9437184	9437184	16384	16384	16384	1	1	0	1	1
3	1788292053652640969	capture	1927	MUL_MAT	MMVQ	-	blk.29.attn_gate.weight	z-29	q4_K	f32	f32	4096	4096	1	1	4096	1	1	1	2304	9437184	9437184	16384	16384	16384	1	1	0	1	1
3	1788292053652640969	capture	1927	MUL_MAT	MMVQ	-	blk.29.attn_qkv.weight	node_1756	q6_K	f32	f32	4096	8192	1	1	4096	1	1	1	3360	27525120	27525120	16384	16384	16384	1	1	0	1	1
3	1788292053652640969	capture	1927	MUL_MAT	MMVQ	-	blk.29.ssm_alpha.weight	node_1777	q4_K	f32	f32	4096	32	1	1	4096	1	1	1	2304	73728	73728	16384	16384	16384	1	1	0	1	1
3	1788292053652640969	capture	1927	MUL_MAT	MMVQ	-	blk.29.ssm_beta.weight	node_1783	q4_K	f32	f32	4096	32	1	1	4096	1	1	1	2304	73728	73728	16384	16384	16384	1	1	0	1	1
3	1788292053652640969	capture	1927	MUL_MAT	MMVQ	-	blk.29.ssm_out.weight	linear_attn_out-29	q4_K	f32	f32	4096	4096	1	1	4096	1	1	1	2304	9437184	9437184	16384	16384	16384	1	1	0	1	1
3	1788292053652640969	capture	1927	MUL_MAT	MMVQ	-	blk.3.attn_k.weight	Kcur-3	q4_K	f32	f32	4096	1024	1	1	4096	1	1	1	2304	2359296	2359296	16384	16384	16384	1	1	0	1	1
3	1788292053652640969	capture	1927	MUL_MAT	MMVQ	-	blk.3.attn_q.weight	Qcur_full-3	q4_K	f32	f32	4096	8192	1	1	4096	1	1	1	2304	18874368	18874368	16384	16384	16384	1	1	0	1	1
3	1788292053652640969	capture	1927	MUL_MAT	MMVQ	-	blk.3.attn_v.weight	Vcur-3	q6_K	f32	f32	4096	1024	1	1	4096	1	1	1	3360	3440640	3440640	16384	16384	16384	1	1	0	1	1
3	1788292053652640969	capture	1927	MUL_MAT	MMVQ	-	blk.30.attn_gate.weight	z-30	q4_K	f32	f32	4096	4096	1	1	4096	1	1	1	2304	9437184	9437184	16384	16384	16384	1	1	0	1	1
3	1788292053652640969	capture	1927	MUL_MAT	MMVQ	-	blk.30.attn_qkv.weight	node_1819	q6_K	f32	f32	4096	8192	1	1	4096	1	1	1	3360	27525120	27525120	16384	16384	16384	1	1	0	1	1
3	1788292053652640969	capture	1927	MUL_MAT	MMVQ	-	blk.30.ssm_alpha.weight	node_1840	q4_K	f32	f32	4096	32	1	1	4096	1	1	1	2304	73728	73728	16384	16384	16384	1	1	0	1	1
3	1788292053652640969	capture	1927	MUL_MAT	MMVQ	-	blk.30.ssm_beta.weight	node_1846	q4_K	f32	f32	4096	32	1	1	4096	1	1	1	2304	73728	73728	16384	16384	16384	1	1	0	1	1
3	1788292053652640969	capture	1927	MUL_MAT	MMVQ	-	blk.30.ssm_out.weight	linear_attn_out-30	q4_K	f32	f32	4096	4096	1	1	4096	1	1	1	2304	9437184	9437184	16384	16384	16384	1	1	0	1	1
3	1788292053652640969	capture	1927	MUL_MAT	MMVQ	-	blk.31.attn_k.weight	Kcur-31	q4_K	f32	f32	4096	1024	1	1	4096	1	1	1	2304	2359296	2359296	16384	16384	16384	1	1	0	1	1
3	1788292053652640969	capture	1927	MUL_MAT	MMVQ	-	blk.31.attn_q.weight	Qcur_full-31	q4_K	f32	f32	4096	8192	1	1	4096	1	1	1	2304	18874368	18874368	16384	16384	16384	1	1	0	1	1
3	1788292053652640969	capture	1927	MUL_MAT	MMVQ	-	blk.31.attn_v.weight	Vcur-31	q6_K	f32	f32	4096	1024	1	1	4096	1	1	1	3360	3440640	3440640	16384	16384	16384	1	1	0	1	1
3	1788292053652640969	capture	1927	MUL_MAT	MMVQ	-	blk.4.attn_gate.weight	z-4	q4_K	f32	f32	4096	4096	1	1	4096	1	1	1	2304	9437184	9437184	16384	16384	16384	1	1	0	1	1
3	1788292053652640969	capture	1927	MUL_MAT	MMVQ	-	blk.4.attn_qkv.weight	node_253	q4_K	f32	f32	4096	8192	1	1	4096	1	1	1	2304	18874368	18874368	16384	16384	16384	1	1	0	1	1
3	1788292053652640969	capture	1927	MUL_MAT	MMVQ	-	blk.4.ssm_alpha.weight	node_274	q4_K	f32	f32	4096	32	1	1	4096	1	1	1	2304	73728	73728	16384	16384	16384	1	1	0	1	1
3	1788292053652640969	capture	1927	MUL_MAT	MMVQ	-	blk.4.ssm_beta.weight	node_280	q4_K	f32	f32	4096	32	1	1	4096	1	1	1	2304	73728	73728	16384	16384	16384	1	1	0	1	1
3	1788292053652640969	capture	1927	MUL_MAT	MMVQ	-	blk.4.ssm_out.weight	linear_attn_out-4	q4_K	f32	f32	4096	4096	1	1	4096	1	1	1	2304	9437184	9437184	16384	16384	16384	1	1	0	1	1
3	1788292053652640969	capture	1927	MUL_MAT	MMVQ	-	blk.5.attn_gate.weight	z-5	q4_K	f32	f32	4096	4096	1	1	4096	1	1	1	2304	9437184	9437184	16384	16384	16384	1	1	0	1	1
3	1788292053652640969	capture	1927	MUL_MAT	MMVQ	-	blk.5.attn_qkv.weight	node_316	q4_K	f32	f32	4096	8192	1	1	4096	1	1	1	2304	18874368	18874368	16384	16384	16384	1	1	0	1	1
3	1788292053652640969	capture	1927	MUL_MAT	MMVQ	-	blk.5.ssm_alpha.weight	node_337	q4_K	f32	f32	4096	32	1	1	4096	1	1	1	2304	73728	73728	16384	16384	16384	1	1	0	1	1
3	1788292053652640969	capture	1927	MUL_MAT	MMVQ	-	blk.5.ssm_beta.weight	node_343	q4_K	f32	f32	4096	32	1	1	4096	1	1	1	2304	73728	73728	16384	16384	16384	1	1	0	1	1
3	1788292053652640969	capture	1927	MUL_MAT	MMVQ	-	blk.5.ssm_out.weight	linear_attn_out-5	q4_K	f32	f32	4096	4096	1	1	4096	1	1	1	2304	9437184	9437184	16384	16384	16384	1	1	0	1	1
3	1788292053652640969	capture	1927	MUL_MAT	MMVQ	-	blk.6.attn_gate.weight	z-6	q4_K	f32	f32	4096	4096	1	1	4096	1	1	1	2304	9437184	9437184	16384	16384	16384	1	1	0	1	1
3	1788292053652640969	capture	1927	MUL_MAT	MMVQ	-	blk.6.attn_qkv.weight	node_379	q6_K	f32	f32	4096	8192	1	1	4096	1	1	1	3360	27525120	27525120	16384	16384	16384	1	1	0	1	1
3	1788292053652640969	capture	1927	MUL_MAT	MMVQ	-	blk.6.ssm_alpha.weight	node_400	q4_K	f32	f32	4096	32	1	1	4096	1	1	1	2304	73728	73728	16384	16384	16384	1	1	0	1	1
3	1788292053652640969	capture	1927	MUL_MAT	MMVQ	-	blk.6.ssm_beta.weight	node_406	q4_K	f32	f32	4096	32	1	1	4096	1	1	1	2304	73728	73728	16384	16384	16384	1	1	0	1	1
3	1788292053652640969	capture	1927	MUL_MAT	MMVQ	-	blk.6.ssm_out.weight	linear_attn_out-6	q4_K	f32	f32	4096	4096	1	1	4096	1	1	1	2304	9437184	9437184	16384	16384	16384	1	1	0	1	1
3	1788292053652640969	capture	1927	MUL_MAT	MMVQ	-	blk.7.attn_k.weight	Kcur-7	q4_K	f32	f32	4096	1024	1	1	4096	1	1	1	2304	2359296	2359296	16384	16384	16384	1	1	0	1	1
3	1788292053652640969	capture	1927	MUL_MAT	MMVQ	-	blk.7.attn_q.weight	Qcur_full-7	q4_K	f32	f32	4096	8192	1	1	4096	1	1	1	2304	18874368	18874368	16384	16384	16384	1	1	0	1	1
3	1788292053652640969	capture	1927	MUL_MAT	MMVQ	-	blk.7.attn_v.weight	Vcur-7	q4_K	f32	f32	4096	1024	1	1	4096	1	1	1	2304	2359296	2359296	16384	16384	16384	1	1	0	1	1
3	1788292053652640969	capture	1927	MUL_MAT	MMVQ	-	blk.8.attn_gate.weight	z-8	q4_K	f32	f32	4096	4096	1	1	4096	1	1	1	2304	9437184	9437184	16384	16384	16384	1	1	0	1	1
3	1788292053652640969	capture	1927	MUL_MAT	MMVQ	-	blk.8.attn_qkv.weight	node_493	q4_K	f32	f32	4096	8192	1	1	4096	1	1	1	2304	18874368	18874368	16384	16384	16384	1	1	0	1	1
3	1788292053652640969	capture	1927	MUL_MAT	MMVQ	-	blk.8.ssm_alpha.weight	node_514	q4_K	f32	f32	4096	32	1	1	4096	1	1	1	2304	73728	73728	16384	16384	16384	1	1	0	1	1
3	1788292053652640969	capture	1927	MUL_MAT	MMVQ	-	blk.8.ssm_beta.weight	node_520	q4_K	f32	f32	4096	32	1	1	4096	1	1	1	2304	73728	73728	16384	16384	16384	1	1	0	1	1
3	1788292053652640969	capture	1927	MUL_MAT	MMVQ	-	blk.8.ssm_out.weight	linear_attn_out-8	q4_K	f32	f32	4096	4096	1	1	4096	1	1	1	2304	9437184	9437184	16384	16384	16384	1	1	0	1	1
3	1788292053652640969	capture	1927	MUL_MAT	MMVQ	-	blk.9.attn_gate.weight	z-9	q4_K	f32	f32	4096	4096	1	1	4096	1	1	1	2304	9437184	9437184	16384	16384	16384	1	1	0	1	1
3	1788292053652640969	capture	1927	MUL_MAT	MMVQ	-	blk.9.attn_qkv.weight	node_556	q6_K	f32	f32	4096	8192	1	1	4096	1	1	1	3360	27525120	27525120	16384	16384	16384	1	1	0	1	1
3	1788292053652640969	capture	1927	MUL_MAT	MMVQ	-	blk.9.ssm_alpha.weight	node_577	q4_K	f32	f32	4096	32	1	1	4096	1	1	1	2304	73728	73728	16384	16384	16384	1	1	0	1	1
3	1788292053652640969	capture	1927	MUL_MAT	MMVQ	-	blk.9.ssm_beta.weight	node_583	q4_K	f32	f32	4096	32	1	1	4096	1	1	1	2304	73728	73728	16384	16384	16384	1	1	0	1	1
3	1788292053652640969	capture	1927	MUL_MAT	MMVQ	-	blk.9.ssm_out.weight	linear_attn_out-9	q4_K	f32	f32	4096	4096	1	1	4096	1	1	1	2304	9437184	9437184	16384	16384	16384	1	1	0	1	1
3	1788292053652640969	capture	1927	MUL_MAT	MMVQ	-	output.weight	result_output	q6_K	f32	f32	4096	248320	1	1	4096	1	1	1	3360	834355200	834355200	16384	16384	16384	1	1	0	1	1
3	1788292053652640969	capture	1927	MUL_MAT	MMVQ	fused	blk.0.ffn_down.weight	l_out-0	q6_K	f32	f32	12288	4096	1	1	12288	1	1	1	10080	41287680	41287680	49152	49152	49152	1	1	0	1	1
3	1788292053652640969	capture	1927	MUL_MAT	MMVQ	fused	blk.0.ffn_up.weight	ffn_swiglu-0	q4_K	f32	f32	4096	12288	1	1	4096	1	1	1	2304	28311552	28311552	16384	16384	16384	1	1	0	1	1
3	1788292053652640969	capture	1927	MUL_MAT	MMVQ	fused	blk.1.ffn_down.weight	l_out-1	q6_K	f32	f32	12288	4096	1	1	12288	1	1	1	10080	41287680	41287680	49152	49152	49152	1	1	0	1	1
3	1788292053652640969	capture	1927	MUL_MAT	MMVQ	fused	blk.1.ffn_up.weight	ffn_swiglu-1	q4_K	f32	f32	4096	12288	1	1	4096	1	1	1	2304	28311552	28311552	16384	16384	16384	1	1	0	1	1
3	1788292053652640969	capture	1927	MUL_MAT	MMVQ	fused	blk.10.ffn_down.weight	l_out-10	q4_K	f32	f32	12288	4096	1	1	12288	1	1	1	6912	28311552	28311552	49152	49152	49152	1	1	0	1	1
3	1788292053652640969	capture	1927	MUL_MAT	MMVQ	fused	blk.10.ffn_up.weight	ffn_swiglu-10	q4_K	f32	f32	4096	12288	1	1	4096	1	1	1	2304	28311552	28311552	16384	16384	16384	1	1	0	1	1
3	1788292053652640969	capture	1927	MUL_MAT	MMVQ	fused	blk.11.attn_output.weight	attn_residual-11	q4_K	f32	f32	4096	4096	1	1	4096	1	1	1	2304	9437184	9437184	16384	16384	16384	1	1	0	1	1
3	1788292053652640969	capture	1927	MUL_MAT	MMVQ	fused	blk.11.ffn_down.weight	l_out-11	q4_K	f32	f32	12288	4096	1	1	12288	1	1	1	6912	28311552	28311552	49152	49152	49152	1	1	0	1	1
3	1788292053652640969	capture	1927	MUL_MAT	MMVQ	fused	blk.11.ffn_up.weight	ffn_swiglu-11	q4_K	f32	f32	4096	12288	1	1	4096	1	1	1	2304	28311552	28311552	16384	16384	16384	1	1	0	1	1
3	1788292053652640969	capture	1927	MUL_MAT	MMVQ	fused	blk.12.ffn_down.weight	l_out-12	q6_K	f32	f32	12288	4096	1	1	12288	1	1	1	10080	41287680	41287680	49152	49152	49152	1	1	0	1	1
3	1788292053652640969	capture	1927	MUL_MAT	MMVQ	fused	blk.12.ffn_up.weight	ffn_swiglu-12	q4_K	f32	f32	4096	12288	1	1	4096	1	1	1	2304	28311552	28311552	16384	16384	16384	1	1	0	1	1
3	1788292053652640969	capture	1927	MUL_MAT	MMVQ	fused	blk.13.ffn_down.weight	l_out-13	q4_K	f32	f32	12288	4096	1	1	12288	1	1	1	6912	28311552	28311552	49152	49152	49152	1	1	0	1	1
3	1788292053652640969	capture	1927	MUL_MAT	MMVQ	fused	blk.13.ffn_up.weight	ffn_swiglu-13	q4_K	f32	f32	4096	12288	1	1	4096	1	1	1	2304	28311552	28311552	16384	16384	16384	1	1	0	1	1
3	1788292053652640969	capture	1927	MUL_MAT	MMVQ	fused	blk.14.ffn_down.weight	l_out-14	q4_K	f32	f32	12288	4096	1	1	12288	1	1	1	6912	28311552	28311552	49152	49152	49152	1	1	0	1	1
3	1788292053652640969	capture	1927	MUL_MAT	MMVQ	fused	blk.14.ffn_up.weight	ffn_swiglu-14	q4_K	f32	f32	4096	12288	1	1	4096	1	1	1	2304	28311552	28311552	16384	16384	16384	1	1	0	1	1
3	1788292053652640969	capture	1927	MUL_MAT	MMVQ	fused	blk.15.attn_output.weight	attn_residual-15	q4_K	f32	f32	4096	4096	1	1	4096	1	1	1	2304	9437184	9437184	16384	16384	16384	1	1	0	1	1
3	1788292053652640969	capture	1927	MUL_MAT	MMVQ	fused	blk.15.ffn_down.weight	l_out-15	q6_K	f32	f32	12288	4096	1	1	12288	1	1	1	10080	41287680	41287680	49152	49152	49152	1	1	0	1	1
3	1788292053652640969	capture	1927	MUL_MAT	MMVQ	fused	blk.15.ffn_up.weight	ffn_swiglu-15	q4_K	f32	f32	4096	12288	1	1	4096	1	1	1	2304	28311552	28311552	16384	16384	16384	1	1	0	1	1
3	1788292053652640969	capture	1927	MUL_MAT	MMVQ	fused	blk.16.ffn_down.weight	l_out-16	q4_K	f32	f32	12288	4096	1	1	12288	1	1	1	6912	28311552	28311552	49152	49152	49152	1	1	0	1	1
3	1788292053652640969	capture	1927	MUL_MAT	MMVQ	fused	blk.16.ffn_up.weight	ffn_swiglu-16	q4_K	f32	f32	4096	12288	1	1	4096	1	1	1	2304	28311552	28311552	16384	16384	16384	1	1	0	1	1
3	1788292053652640969	capture	1927	MUL_MAT	MMVQ	fused	blk.17.ffn_down.weight	l_out-17	q4_K	f32	f32	12288	4096	1	1	12288	1	1	1	6912	28311552	28311552	49152	49152	49152	1	1	0	1	1
3	1788292053652640969	capture	1927	MUL_MAT	MMVQ	fused	blk.17.ffn_up.weight	ffn_swiglu-17	q4_K	f32	f32	4096	12288	1	1	4096	1	1	1	2304	28311552	28311552	16384	16384	16384	1	1	0	1	1
3	1788292053652640969	capture	1927	MUL_MAT	MMVQ	fused	blk.18.ffn_down.weight	l_out-18	q6_K	f32	f32	12288	4096	1	1	12288	1	1	1	10080	41287680	41287680	49152	49152	49152	1	1	0	1	1
3	1788292053652640969	capture	1927	MUL_MAT	MMVQ	fused	blk.18.ffn_up.weight	ffn_swiglu-18	q4_K	f32	f32	4096	12288	1	1	4096	1	1	1	2304	28311552	28311552	16384	16384	16384	1	1	0	1	1
3	1788292053652640969	capture	1927	MUL_MAT	MMVQ	fused	blk.19.attn_output.weight	attn_residual-19	q4_K	f32	f32	4096	4096	1	1	4096	1	1	1	2304	9437184	9437184	16384	16384	16384	1	1	0	1	1
3	1788292053652640969	capture	1927	MUL_MAT	MMVQ	fused	blk.19.ffn_down.weight	l_out-19	q4_K	f32	f32	12288	4096	1	1	12288	1	1	1	6912	28311552	28311552	49152	49152	49152	1	1	0	1	1
3	1788292053652640969	capture	1927	MUL_MAT	MMVQ	fused	blk.19.ffn_up.weight	ffn_swiglu-19	q4_K	f32	f32	4096	12288	1	1	4096	1	1	1	2304	28311552	28311552	16384	16384	16384	1	1	0	1	1
3	1788292053652640969	capture	1927	MUL_MAT	MMVQ	fused	blk.2.ffn_down.weight	l_out-2	q6_K	f32	f32	12288	4096	1	1	12288	1	1	1	10080	41287680	41287680	49152	49152	49152	1	1	0	1	1
3	1788292053652640969	capture	1927	MUL_MAT	MMVQ	fused	blk.2.ffn_up.weight	ffn_swiglu-2	q4_K	f32	f32	4096	12288	1	1	4096	1	1	1	2304	28311552	28311552	16384	16384	16384	1	1	0	1	1
3	1788292053652640969	capture	1927	MUL_MAT	MMVQ	fused	blk.20.ffn_down.weight	l_out-20	q4_K	f32	f32	12288	4096	1	1	12288	1	1	1	6912	28311552	28311552	49152	49152	49152	1	1	0	1	1
3	1788292053652640969	capture	1927	MUL_MAT	MMVQ	fused	blk.20.ffn_up.weight	ffn_swiglu-20	q4_K	f32	f32	4096	12288	1	1	4096	1	1	1	2304	28311552	28311552	16384	16384	16384	1	1	0	1	1
3	1788292053652640969	capture	1927	MUL_MAT	MMVQ	fused	blk.21.ffn_down.weight	l_out-21	q6_K	f32	f32	12288	4096	1	1	12288	1	1	1	10080	41287680	41287680	49152	49152	49152	1	1	0	1	1
3	1788292053652640969	capture	1927	MUL_MAT	MMVQ	fused	blk.21.ffn_up.weight	ffn_swiglu-21	q4_K	f32	f32	4096	12288	1	1	4096	1	1	1	2304	28311552	28311552	16384	16384	16384	1	1	0	1	1
3	1788292053652640969	capture	1927	MUL_MAT	MMVQ	fused	blk.22.ffn_down.weight	l_out-22	q4_K	f32	f32	12288	4096	1	1	12288	1	1	1	6912	28311552	28311552	49152	49152	49152	1	1	0	1	1
3	1788292053652640969	capture	1927	MUL_MAT	MMVQ	fused	blk.22.ffn_up.weight	ffn_swiglu-22	q4_K	f32	f32	4096	12288	1	1	4096	1	1	1	2304	28311552	28311552	16384	16384	16384	1	1	0	1	1
3	1788292053652640969	capture	1927	MUL_MAT	MMVQ	fused	blk.23.attn_output.weight	attn_residual-23	q4_K	f32	f32	4096	4096	1	1	4096	1	1	1	2304	9437184	9437184	16384	16384	16384	1	1	0	1	1
3	1788292053652640969	capture	1927	MUL_MAT	MMVQ	fused	blk.23.ffn_down.weight	l_out-23	q4_K	f32	f32	12288	4096	1	1	12288	1	1	1	6912	28311552	28311552	49152	49152	49152	1	1	0	1	1
3	1788292053652640969	capture	1927	MUL_MAT	MMVQ	fused	blk.23.ffn_up.weight	ffn_swiglu-23	q4_K	f32	f32	4096	12288	1	1	4096	1	1	1	2304	28311552	28311552	16384	16384	16384	1	1	0	1	1
3	1788292053652640969	capture	1927	MUL_MAT	MMVQ	fused	blk.24.ffn_down.weight	l_out-24	q6_K	f32	f32	12288	4096	1	1	12288	1	1	1	10080	41287680	41287680	49152	49152	49152	1	1	0	1	1
3	1788292053652640969	capture	1927	MUL_MAT	MMVQ	fused	blk.24.ffn_up.weight	ffn_swiglu-24	q4_K	f32	f32	4096	12288	1	1	4096	1	1	1	2304	28311552	28311552	16384	16384	16384	1	1	0	1	1
3	1788292053652640969	capture	1927	MUL_MAT	MMVQ	fused	blk.25.ffn_down.weight	l_out-25	q4_K	f32	f32	12288	4096	1	1	12288	1	1	1	6912	28311552	28311552	49152	49152	49152	1	1	0	1	1
3	1788292053652640969	capture	1927	MUL_MAT	MMVQ	fused	blk.25.ffn_up.weight	ffn_swiglu-25	q4_K	f32	f32	4096	12288	1	1	4096	1	1	1	2304	28311552	28311552	16384	16384	16384	1	1	0	1	1
3	1788292053652640969	capture	1927	MUL_MAT	MMVQ	fused	blk.26.ffn_down.weight	l_out-26	q4_K	f32	f32	12288	4096	1	1	12288	1	1	1	6912	28311552	28311552	49152	49152	49152	1	1	0	1	1
3	1788292053652640969	capture	1927	MUL_MAT	MMVQ	fused	blk.26.ffn_up.weight	ffn_swiglu-26	q4_K	f32	f32	4096	12288	1	1	4096	1	1	1	2304	28311552	28311552	16384	16384	16384	1	1	0	1	1
3	1788292053652640969	capture	1927	MUL_MAT	MMVQ	fused	blk.27.attn_output.weight	attn_residual-27	q4_K	f32	f32	4096	4096	1	1	4096	1	1	1	2304	9437184	9437184	16384	16384	16384	1	1	0	1	1
3	1788292053652640969	capture	1927	MUL_MAT	MMVQ	fused	blk.27.ffn_down.weight	l_out-27	q6_K	f32	f32	12288	4096	1	1	12288	1	1	1	10080	41287680	41287680	49152	49152	49152	1	1	0	1	1
3	1788292053652640969	capture	1927	MUL_MAT	MMVQ	fused	blk.27.ffn_up.weight	ffn_swiglu-27	q4_K	f32	f32	4096	12288	1	1	4096	1	1	1	2304	28311552	28311552	16384	16384	16384	1	1	0	1	1
3	1788292053652640969	capture	1927	MUL_MAT	MMVQ	fused	blk.28.ffn_down.weight	l_out-28	q6_K	f32	f32	12288	4096	1	1	12288	1	1	1	10080	41287680	41287680	49152	49152	49152	1	1	0	1	1
3	1788292053652640969	capture	1927	MUL_MAT	MMVQ	fused	blk.28.ffn_up.weight	ffn_swiglu-28	q4_K	f32	f32	4096	12288	1	1	4096	1	1	1	2304	28311552	28311552	16384	16384	16384	1	1	0	1	1
3	1788292053652640969	capture	1927	MUL_MAT	MMVQ	fused	blk.29.ffn_down.weight	l_out-29	q6_K	f32	f32	12288	4096	1	1	12288	1	1	1	10080	41287680	41287680	49152	49152	49152	1	1	0	1	1
3	1788292053652640969	capture	1927	MUL_MAT	MMVQ	fused	blk.29.ffn_up.weight	ffn_swiglu-29	q4_K	f32	f32	4096	12288	1	1	4096	1	1	1	2304	28311552	28311552	16384	16384	16384	1	1	0	1	1
3	1788292053652640969	capture	1927	MUL_MAT	MMVQ	fused	blk.3.attn_output.weight	attn_residual-3	q4_K	f32	f32	4096	4096	1	1	4096	1	1	1	2304	9437184	9437184	16384	16384	16384	1	1	0	1	1
3	1788292053652640969	capture	1927	MUL_MAT	MMVQ	fused	blk.3.ffn_down.weight	l_out-3	q6_K	f32	f32	12288	4096	1	1	12288	1	1	1	10080	41287680	41287680	49152	49152	49152	1	1	0	1	1
3	1788292053652640969	capture	1927	MUL_MAT	MMVQ	fused	blk.3.ffn_up.weight	ffn_swiglu-3	q4_K	f32	f32	4096	12288	1	1	4096	1	1	1	2304	28311552	28311552	16384	16384	16384	1	1	0	1	1
3	1788292053652640969	capture	1927	MUL_MAT	MMVQ	fused	blk.30.ffn_down.weight	l_out-30	q6_K	f32	f32	12288	4096	1	1	12288	1	1	1	10080	41287680	41287680	49152	49152	49152	1	1	0	1	1
3	1788292053652640969	capture	1927	MUL_MAT	MMVQ	fused	blk.30.ffn_up.weight	ffn_swiglu-30	q4_K	f32	f32	4096	12288	1	1	4096	1	1	1	2304	28311552	28311552	16384	16384	16384	1	1	0	1	1
3	1788292053652640969	capture	1927	MUL_MAT	MMVQ	fused	blk.31.attn_output.weight	attn_residual-31	q4_K	f32	f32	4096	4096	1	1	4096	1	1	1	2304	9437184	9437184	16384	16384	16384	1	1	0	1	1
3	1788292053652640969	capture	1927	MUL_MAT	MMVQ	fused	blk.31.ffn_down.weight	l_out-31	q6_K	f32	f32	12288	4096	1	1	12288	1	1	1	10080	41287680	41287680	49152	49152	49152	1	1	0	1	1
3	1788292053652640969	capture	1927	MUL_MAT	MMVQ	fused	blk.31.ffn_up.weight	ffn_swiglu-31	q4_K	f32	f32	4096	12288	1	1	4096	1	1	1	2304	28311552	28311552	16384	16384	16384	1	1	0	1	1
3	1788292053652640969	capture	1927	MUL_MAT	MMVQ	fused	blk.4.ffn_down.weight	l_out-4	q4_K	f32	f32	12288	4096	1	1	12288	1	1	1	6912	28311552	28311552	49152	49152	49152	1	1	0	1	1
3	1788292053652640969	capture	1927	MUL_MAT	MMVQ	fused	blk.4.ffn_up.weight	ffn_swiglu-4	q4_K	f32	f32	4096	12288	1	1	4096	1	1	1	2304	28311552	28311552	16384	16384	16384	1	1	0	1	1
3	1788292053652640969	capture	1927	MUL_MAT	MMVQ	fused	blk.5.ffn_down.weight	l_out-5	q4_K	f32	f32	12288	4096	1	1	12288	1	1	1	6912	28311552	28311552	49152	49152	49152	1	1	0	1	1
3	1788292053652640969	capture	1927	MUL_MAT	MMVQ	fused	blk.5.ffn_up.weight	ffn_swiglu-5	q4_K	f32	f32	4096	12288	1	1	4096	1	1	1	2304	28311552	28311552	16384	16384	16384	1	1	0	1	1
3	1788292053652640969	capture	1927	MUL_MAT	MMVQ	fused	blk.6.ffn_down.weight	l_out-6	q6_K	f32	f32	12288	4096	1	1	12288	1	1	1	10080	41287680	41287680	49152	49152	49152	1	1	0	1	1
3	1788292053652640969	capture	1927	MUL_MAT	MMVQ	fused	blk.6.ffn_up.weight	ffn_swiglu-6	q4_K	f32	f32	4096	12288	1	1	4096	1	1	1	2304	28311552	28311552	16384	16384	16384	1	1	0	1	1
3	1788292053652640969	capture	1927	MUL_MAT	MMVQ	fused	blk.7.attn_output.weight	attn_residual-7	q4_K	f32	f32	4096	4096	1	1	4096	1	1	1	2304	9437184	9437184	16384	16384	16384	1	1	0	1	1
3	1788292053652640969	capture	1927	MUL_MAT	MMVQ	fused	blk.7.ffn_down.weight	l_out-7	q4_K	f32	f32	12288	4096	1	1	12288	1	1	1	6912	28311552	28311552	49152	49152	49152	1	1	0	1	1
3	1788292053652640969	capture	1927	MUL_MAT	MMVQ	fused	blk.7.ffn_up.weight	ffn_swiglu-7	q4_K	f32	f32	4096	12288	1	1	4096	1	1	1	2304	28311552	28311552	16384	16384	16384	1	1	0	1	1
3	1788292053652640969	capture	1927	MUL_MAT	MMVQ	fused	blk.8.ffn_down.weight	l_out-8	q4_K	f32	f32	12288	4096	1	1	12288	1	1	1	6912	28311552	28311552	49152	49152	49152	1	1	0	1	1
3	1788292053652640969	capture	1927	MUL_MAT	MMVQ	fused	blk.8.ffn_up.weight	ffn_swiglu-8	q4_K	f32	f32	4096	12288	1	1	4096	1	1	1	2304	28311552	28311552	16384	16384	16384	1	1	0	1	1
3	1788292053652640969	capture	1927	MUL_MAT	MMVQ	fused	blk.9.ffn_down.weight	l_out-9	q6_K	f32	f32	12288	4096	1	1	12288	1	1	1	10080	41287680	41287680	49152	49152	49152	1	1	0	1	1
3	1788292053652640969	capture	1927	MUL_MAT	MMVQ	fused	blk.9.ffn_up.weight	ffn_swiglu-9	q4_K	f32	f32	4096	12288	1	1	4096	1	1	1	2304	28311552	28311552	16384	16384	16384	1	1	0	1	1
4	1788292053675588438	replay	1927	-	graph_replay	-	-	-	-	-	-	-	-	-	-	-	-	-	-	-	-	-	-	-	-	-	-	-	-	1
5	1788292053690404227	replay	1927	-	graph_replay	-	-	-	-	-	-	-	-	-	-	-	-	-	-	-	-	-	-	-	-	-	-	-	-	1
6	1788292053705899041	replay	1927	-	graph_replay	-	-	-	-	-	-	-	-	-	-	-	-	-	-	-	-	-	-	-	-	-	-	-	-	1
7	1788292053721662852	replay	1927	-	graph_replay	-	-	-	-	-	-	-	-	-	-	-	-	-	-	-	-	-	-	-	-	-	-	-	-	1
8	1788292053738716225	replay	1927	-	graph_replay	-	-	-	-	-	-	-	-	-	-	-	-	-	-	-	-	-	-	-	-	-	-	-	-	1
9	1788292053755017164	replay	1927	-	graph_replay	-	-	-	-	-	-	-	-	-	-	-	-	-	-	-	-	-	-	-	-	-	-	-	-	1
10	1788292053771678511	replay	1927	-	graph_replay	-	-	-	-	-	-	-	-	-	-	-	-	-	-	-	-	-	-	-	-	-	-	-	-	1
11	1788292053788169588	replay	1927	-	graph_replay	-	-	-	-	-	-	-	-	-	-	-	-	-	-	-	-	-	-	-	-	-	-	-	-	1
12	1788292053804896157	replay	1927	-	graph_replay	-	-	-	-	-	-	-	-	-	-	-	-	-	-	-	-	-	-	-	-	-	-	-	-	1
13	1788292053821755596	replay	1927	-	graph_replay	-	-	-	-	-	-	-	-	-	-	-	-	-	-	-	-	-	-	-	-	-	-	-	-	1
14	1788292053837892167	replay	1927	-	graph_replay	-	-	-	-	-	-	-	-	-	-	-	-	-	-	-	-	-	-	-	-	-	-	-	-	1
15	1788292053853960359	replay	1927	-	graph_replay	-	-	-	-	-	-	-	-	-	-	-	-	-	-	-	-	-	-	-	-	-	-	-	-	1
16	1788292053870368230	replay	1927	-	graph_replay	-	-	-	-	-	-	-	-	-	-	-	-	-	-	-	-	-	-	-	-	-	-	-	-	1
17	1788292053887967128	replay	1927	-	graph_replay	-	-	-	-	-	-	-	-	-	-	-	-	-	-	-	-	-	-	-	-	-	-	-	-	1
18	1788292053903568513	replay	1927	-	graph_replay	-	-	-	-	-	-	-	-	-	-	-	-	-	-	-	-	-	-	-	-	-	-	-	-	1
19	1788292053919226544	replay	1927	-	graph_replay	-	-	-	-	-	-	-	-	-	-	-	-	-	-	-	-	-	-	-	-	-	-	-	-	1
20	1788292053934975827	replay	1927	-	graph_replay	-	-	-	-	-	-	-	-	-	-	-	-	-	-	-	-	-	-	-	-	-	-	-	-	1
21	1788292053951926428	replay	1927	-	graph_replay	-	-	-	-	-	-	-	-	-	-	-	-	-	-	-	-	-	-	-	-	-	-	-	-	1
22	1788292053967691580	replay	1927	-	graph_replay	-	-	-	-	-	-	-	-	-	-	-	-	-	-	-	-	-	-	-	-	-	-	-	-	1
23	1788292053983174323	replay	1927	-	graph_replay	-	-	-	-	-	-	-	-	-	-	-	-	-	-	-	-	-	-	-	-	-	-	-	-	1
24	1788292053999808699	replay	1927	-	graph_replay	-	-	-	-	-	-	-	-	-	-	-	-	-	-	-	-	-	-	-	-	-	-	-	-	1
25	1788292054016067068	replay	1927	-	graph_replay	-	-	-	-	-	-	-	-	-	-	-	-	-	-	-	-	-	-	-	-	-	-	-	-	1
26	1788292054032066190	replay	1927	-	graph_replay	-	-	-	-	-	-	-	-	-	-	-	-	-	-	-	-	-	-	-	-	-	-	-	-	1
27	1788292054047961428	replay	1927	-	graph_replay	-	-	-	-	-	-	-	-	-	-	-	-	-	-	-	-	-	-	-	-	-	-	-	-	1
28	1788292054063948047	replay	1927	-	graph_replay	-	-	-	-	-	-	-	-	-	-	-	-	-	-	-	-	-	-	-	-	-	-	-	-	1
29	1788292054081742342	replay	1927	-	graph_replay	-	-	-	-	-	-	-	-	-	-	-	-	-	-	-	-	-	-	-	-	-	-	-	-	1
30	1788292054098189306	replay	1927	-	graph_replay	-	-	-	-	-	-	-	-	-	-	-	-	-	-	-	-	-	-	-	-	-	-	-	-	1
31	1788292054114117996	replay	1927	-	graph_replay	-	-	-	-	-	-	-	-	-	-	-	-	-	-	-	-	-	-	-	-	-	-	-	-	1
32	1788292054129033803	replay	1927	-	graph_replay	-	-	-	-	-	-	-	-	-	-	-	-	-	-	-	-	-	-	-	-	-	-	-	-	1
33	1788292054146154232	replay	1927	-	graph_replay	-	-	-	-	-	-	-	-	-	-	-	-	-	-	-	-	-	-	-	-	-	-	-	-	1
34	1788292054163288127	replay	1927	-	graph_replay	-	-	-	-	-	-	-	-	-	-	-	-	-	-	-	-	-	-	-	-	-	-	-	-	1
35	1788292054179272131	replay	1927	-	graph_replay	-	-	-	-	-	-	-	-	-	-	-	-	-	-	-	-	-	-	-	-	-	-	-	-	1
36	1788292054195519630	replay	1927	-	graph_replay	-	-	-	-	-	-	-	-	-	-	-	-	-	-	-	-	-	-	-	-	-	-	-	-	1
37	1788292054212068856	replay	1927	-	graph_replay	-	-	-	-	-	-	-	-	-	-	-	-	-	-	-	-	-	-	-	-	-	-	-	-	1
38	1788292054227899251	replay	1927	-	graph_replay	-	-	-	-	-	-	-	-	-	-	-	-	-	-	-	-	-	-	-	-	-	-	-	-	1
39	1788292054243801933	replay	1927	-	graph_replay	-	-	-	-	-	-	-	-	-	-	-	-	-	-	-	-	-	-	-	-	-	-	-	-	1
40	1788292054260781116	replay	1927	-	graph_replay	-	-	-	-	-	-	-	-	-	-	-	-	-	-	-	-	-	-	-	-	-	-	-	-	1
41	1788292054277213312	replay	1927	-	graph_replay	-	-	-	-	-	-	-	-	-	-	-	-	-	-	-	-	-	-	-	-	-	-	-	-	1
42	1788292054294577891	replay	1927	-	graph_replay	-	-	-	-	-	-	-	-	-	-	-	-	-	-	-	-	-	-	-	-	-	-	-	-	1
43	1788292054311140522	replay	1927	-	graph_replay	-	-	-	-	-	-	-	-	-	-	-	-	-	-	-	-	-	-	-	-	-	-	-	-	1
44	1788292054327108035	replay	1927	-	graph_replay	-	-	-	-	-	-	-	-	-	-	-	-	-	-	-	-	-	-	-	-	-	-	-	-	1
45	1788292054343203518	replay	1927	-	graph_replay	-	-	-	-	-	-	-	-	-	-	-	-	-	-	-	-	-	-	-	-	-	-	-	-	1
46	1788292054359593696	replay	1927	-	graph_replay	-	-	-	-	-	-	-	-	-	-	-	-	-	-	-	-	-	-	-	-	-	-	-	-	1
47	1788292054375809876	replay	1927	-	graph_replay	-	-	-	-	-	-	-	-	-	-	-	-	-	-	-	-	-	-	-	-	-	-	-	-	1
48	1788292054392246320	replay	1927	-	graph_replay	-	-	-	-	-	-	-	-	-	-	-	-	-	-	-	-	-	-	-	-	-	-	-	-	1
49	1788292054407851001	replay	1927	-	graph_replay	-	-	-	-	-	-	-	-	-	-	-	-	-	-	-	-	-	-	-	-	-	-	-	-	1
50	1788292054425417348	replay	1927	-	graph_replay	-	-	-	-	-	-	-	-	-	-	-	-	-	-	-	-	-	-	-	-	-	-	-	-	1
51	1788292054441939043	replay	1927	-	graph_replay	-	-	-	-	-	-	-	-	-	-	-	-	-	-	-	-	-	-	-	-	-	-	-	-	1
52	1788292054457802290	replay	1927	-	graph_replay	-	-	-	-	-	-	-	-	-	-	-	-	-	-	-	-	-	-	-	-	-	-	-	-	1
53	1788292054474725118	replay	1927	-	graph_replay	-	-	-	-	-	-	-	-	-	-	-	-	-	-	-	-	-	-	-	-	-	-	-	-	1
54	1788292054490146705	replay	1927	-	graph_replay	-	-	-	-	-	-	-	-	-	-	-	-	-	-	-	-	-	-	-	-	-	-	-	-	1
55	1788292054505808924	replay	1927	-	graph_replay	-	-	-	-	-	-	-	-	-	-	-	-	-	-	-	-	-	-	-	-	-	-	-	-	1
56	1788292054521469080	replay	1927	-	graph_replay	-	-	-	-	-	-	-	-	-	-	-	-	-	-	-	-	-	-	-	-	-	-	-	-	1
57	1788292054541360326	replay	1927	-	graph_replay	-	-	-	-	-	-	-	-	-	-	-	-	-	-	-	-	-	-	-	-	-	-	-	-	1
58	1788292054557347746	replay	1927	-	graph_replay	-	-	-	-	-	-	-	-	-	-	-	-	-	-	-	-	-	-	-	-	-	-	-	-	1
59	1788292054573333664	replay	1927	-	graph_replay	-	-	-	-	-	-	-	-	-	-	-	-	-	-	-	-	-	-	-	-	-	-	-	-	1
60	1788292054589465375	replay	1927	-	graph_replay	-	-	-	-	-	-	-	-	-	-	-	-	-	-	-	-	-	-	-	-	-	-	-	-	1
61	1788292054606998941	replay	1927	-	graph_replay	-	-	-	-	-	-	-	-	-	-	-	-	-	-	-	-	-	-	-	-	-	-	-	-	1
62	1788292054623270134	replay	1927	-	graph_replay	-	-	-	-	-	-	-	-	-	-	-	-	-	-	-	-	-	-	-	-	-	-	-	-	1
63	1788292054638924078	replay	1927	-	graph_replay	-	-	-	-	-	-	-	-	-	-	-	-	-	-	-	-	-	-	-	-	-	-	-	-	1
64	1788292054654530963	replay	1927	-	graph_replay	-	-	-	-	-	-	-	-	-	-	-	-	-	-	-	-	-	-	-	-	-	-	-	-	1
