graph_ordinal	arm	cycle	phase	topology_digest	n_tokens	n_outputs	n_kv	n_rs	action	executable	reset	change_reason	change_categories	change_node	change_op	change_name	host_us	device_ms
0	-	-1	-	7565fec99ff6ebb7	-1	-1	256	-1	direct	none	0	first_compute	-	-1	-	-	72599	72.8474
1	fixed	0	T0	da7570afdbb81394	-1	-1	256	-1	direct	none	0	structure	shape,data	0	GET_ROWS	model.input_embed	26016	36.9551
2	fixed	0	T0	802ba1f19f5ea689	-1	-1	256	-1	direct	none	0	structure	shape,data	0	GET_ROWS	model.input_embed	14363	14.9668
3	fixed	0	T0	0dfa7fc3533697c4	-1	-1	512	-1	direct	none	0	structure	shape,data	0	GET_ROWS	model.input_embed	6203	7.1844
4	fixed	0	T0	0dfa7fc3533697c4	-1	-1	512	-1	capture	update	0	none	-	-1	-	-	5189	8.6658
5	fixed	0	T0	0dfa7fc3533697c4	-1	-1	512	-1	replay	none	0	none	-	-1	-	-	914	3.8592
6	fixed	0	T0	0dfa7fc3533697c4	-1	-1	512	-1	replay	none	0	none	-	-1	-	-	703	3.9242
7	fixed	0	T0	0dfa7fc3533697c4	-1	-1	512	-1	replay	none	0	none	-	-1	-	-	660	4.0100
8	fixed	0	T0	0dfa7fc3533697c4	-1	-1	512	-1	replay	none	0	none	-	-1	-	-	749	4.0291
9	fixed	0	T0	0dfa7fc3533697c4	-1	-1	512	-1	replay	none	0	none	-	-1	-	-	626	3.8230
10	fixed	0	T0	0dfa7fc3533697c4	-1	-1	512	-1	replay	none	0	none	-	-1	-	-	648	3.8222
11	fixed	0	T0	0dfa7fc3533697c4	-1	-1	512	-1	replay	none	0	none	-	-1	-	-	682	3.8774
12	fixed	0	T0	0dfa7fc3533697c4	-1	-1	512	-1	replay	none	0	none	-	-1	-	-	662	4.1634
13	fixed	0	T0	0dfa7fc3533697c4	-1	-1	512	-1	replay	none	0	none	-	-1	-	-	669	3.8208
14	fixed	0	T0	0dfa7fc3533697c4	-1	-1	512	-1	replay	none	0	none	-	-1	-	-	656	4.2626
15	fixed	0	T0	0dfa7fc3533697c4	-1	-1	512	-1	replay	none	0	none	-	-1	-	-	665	3.8350
16	fixed	0	T0	0dfa7fc3533697c4	-1	-1	512	-1	replay	none	0	none	-	-1	-	-	664	3.8494
17	fixed	0	T0	0dfa7fc3533697c4	-1	-1	512	-1	replay	none	0	none	-	-1	-	-	681	3.9283
18	fixed	0	T0	0dfa7fc3533697c4	-1	-1	512	-1	replay	none	0	none	-	-1	-	-	667	4.0843
19	fixed	0	T0	0dfa7fc3533697c4	-1	-1	512	-1	replay	none	0	none	-	-1	-	-	651	4.0598
20	fixed	0	T0	0dfa7fc3533697c4	-1	-1	512	-1	replay	none	0	none	-	-1	-	-	627	3.8078
21	fixed	0	T0	0dfa7fc3533697c4	-1	-1	512	-1	replay	none	0	none	-	-1	-	-	660	3.8748
22	fixed	0	T0	0dfa7fc3533697c4	-1	-1	512	-1	replay	none	0	none	-	-1	-	-	671	3.8663
23	fixed	0	T0	0dfa7fc3533697c4	-1	-1	512	-1	replay	none	0	none	-	-1	-	-	684	3.9381
24	fixed	0	T0	0dfa7fc3533697c4	-1	-1	512	-1	replay	none	0	none	-	-1	-	-	682	4.0406
25	fixed	0	T0	0dfa7fc3533697c4	-1	-1	512	-1	replay	none	0	none	-	-1	-	-	582	4.0576
26	fixed	0	T0	0dfa7fc3533697c4	-1	-1	512	-1	replay	none	0	none	-	-1	-	-	671	3.8600
27	fixed	0	T1	94dc22ce3d23b91b	-1	-1	512	-1	direct	none	1	structure	shape,data	0	GET_ROWS	model.input_embed	5025	5.5407
28	fixed	0	T1	d8f873be867a8271	-1	-1	256	-1	direct	none	0	structure	shape,data	0	GET_ROWS	model.input_embed	5165	18.6308
29	fixed	0	T1	79cc5f245f480542	-1	-1	512	-1	direct	none	0	structure	shape,data	0	GET_ROWS	model.input_embed	4718	5.3337
30	fixed	0	T1	bcd06391008a2d68	-1	-1	256	-1	direct	none	0	structure	shape,data	0	GET_ROWS	model.input_embed	4742	5.2733
31	fixed	0	T2	d702fd6fe588b6cb	-1	-1	512	-1	direct	none	0	structure	shape,data	0	GET_ROWS	model.input_embed	3932	5.2635
32	fixed	0	T2	d702fd6fe588b6cb	-1	-1	512	-1	capture	reinstantiate	0	none	-	-1	-	-	6922	10.8845
33	fixed	0	T2	d702fd6fe588b6cb	-1	-1	512	-1	replay	none	0	none	-	-1	-	-	706	4.7499
34	fixed	0	T2	d702fd6fe588b6cb	-1	-1	512	-1	replay	none	0	none	-	-1	-	-	718	4.4113
35	fixed	0	T2	d702fd6fe588b6cb	-1	-1	512	-1	replay	none	0	none	-	-1	-	-	691	4.8670
36	fixed	0	T2	d702fd6fe588b6cb	-1	-1	512	-1	replay	none	0	none	-	-1	-	-	727	4.3978
37	fixed	0	T2	d702fd6fe588b6cb	-1	-1	512	-1	replay	none	0	none	-	-1	-	-	685	4.3672
38	fixed	0	T2	d702fd6fe588b6cb	-1	-1	512	-1	replay	none	0	none	-	-1	-	-	675	4.3070
39	fixed	0	T2	d702fd6fe588b6cb	-1	-1	512	-1	replay	none	0	none	-	-1	-	-	667	4.2565
40	fixed	0	T2	d702fd6fe588b6cb	-1	-1	512	-1	replay	none	0	none	-	-1	-	-	623	4.3896
41	fixed	0	T2	d702fd6fe588b6cb	-1	-1	512	-1	replay	none	0	none	-	-1	-	-	658	4.4411
42	fixed	0	T2	d702fd6fe588b6cb	-1	-1	512	-1	replay	none	0	none	-	-1	-	-	705	4.1870
43	fixed	0	T2	d702fd6fe588b6cb	-1	-1	512	-1	replay	none	0	none	-	-1	-	-	656	4.1633
44	fixed	0	T2	d702fd6fe588b6cb	-1	-1	512	-1	replay	none	0	none	-	-1	-	-	617	4.1111
45	fixed	0	T2	d702fd6fe588b6cb	-1	-1	512	-1	replay	none	0	none	-	-1	-	-	685	4.0698
46	fixed	0	T2	d702fd6fe588b6cb	-1	-1	512	-1	replay	none	0	none	-	-1	-	-	666	4.0671
47	fixed	0	T2	d702fd6fe588b6cb	-1	-1	512	-1	replay	none	0	none	-	-1	-	-	645	4.1289
48	fixed	0	T2	d702fd6fe588b6cb	-1	-1	512	-1	replay	none	0	none	-	-1	-	-	667	4.1526
49	fixed	0	T2	d702fd6fe588b6cb	-1	-1	512	-1	replay	none	0	none	-	-1	-	-	702	4.3201
50	fixed	0	T2	d702fd6fe588b6cb	-1	-1	512	-1	replay	none	0	none	-	-1	-	-	709	4.2126
51	fixed	0	T2	d702fd6fe588b6cb	-1	-1	512	-1	replay	none	0	none	-	-1	-	-	694	4.2721
52	fixed	0	T2	d702fd6fe588b6cb	-1	-1	512	-1	replay	none	0	none	-	-1	-	-	687	4.2807
53	fixed	0	T2	d702fd6fe588b6cb	-1	-1	512	-1	replay	none	0	none	-	-1	-	-	674	4.2494
54	fixed	0	T2	d702fd6fe588b6cb	-1	-1	512	-1	replay	none	0	none	-	-1	-	-	668	4.2676
55	fixed	0	T2	d702fd6fe588b6cb	-1	-1	512	-1	replay	none	0	none	-	-1	-	-	695	4.2068
56	fixed	0	T2	d702fd6fe588b6cb	-1	-1	512	-1	replay	none	0	none	-	-1	-	-	693	4.0572
57	fixed	0	T2	d702fd6fe588b6cb	-1	-1	512	-1	replay	none	0	none	-	-1	-	-	670	4.3323
58	fixed	0	T2	d702fd6fe588b6cb	-1	-1	512	-1	replay	none	0	none	-	-1	-	-	665	4.0788
59	fixed	0	T2	d702fd6fe588b6cb	-1	-1	512	-1	replay	none	0	none	-	-1	-	-	688	4.0627
60	fixed	0	T2	d702fd6fe588b6cb	-1	-1	512	-1	replay	none	0	none	-	-1	-	-	664	4.0816
61	fixed	0	T2	d702fd6fe588b6cb	-1	-1	512	-1	replay	none	0	none	-	-1	-	-	699	4.0869
62	fixed	0	T3	0dfa7fc3533697c4	-1	-1	512	-1	direct	none	1	structure	shape,data	0	GET_ROWS	model.input_embed	3995	4.4530
63	fixed	0	T3	0dfa7fc3533697c4	-1	-1	512	-1	capture	reinstantiate	0	none	-	-1	-	-	4701	8.0150
64	fixed	0	T3	0dfa7fc3533697c4	-1	-1	512	-1	replay	none	0	none	-	-1	-	-	809	3.7711
65	fixed	0	T3	0dfa7fc3533697c4	-1	-1	512	-1	replay	none	0	none	-	-1	-	-	684	3.8015
66	fixed	0	T3	0dfa7fc3533697c4	-1	-1	512	-1	replay	none	0	none	-	-1	-	-	681	3.7745
67	fixed	0	T3	0dfa7fc3533697c4	-1	-1	512	-1	replay	none	0	none	-	-1	-	-	652	3.8007
68	fixed	0	T3	0dfa7fc3533697c4	-1	-1	512	-1	replay	none	0	none	-	-1	-	-	718	4.1554
69	fixed	0	T3	0dfa7fc3533697c4	-1	-1	512	-1	replay	none	0	none	-	-1	-	-	687	4.1693
70	fixed	0	T3	0dfa7fc3533697c4	-1	-1	512	-1	replay	none	0	none	-	-1	-	-	676	4.0042
71	fixed	0	T3	0dfa7fc3533697c4	-1	-1	512	-1	replay	none	0	none	-	-1	-	-	676	3.8870
72	fixed	0	T3	0dfa7fc3533697c4	-1	-1	512	-1	replay	none	0	none	-	-1	-	-	673	3.7884
73	fixed	0	T3	0dfa7fc3533697c4	-1	-1	512	-1	replay	none	0	none	-	-1	-	-	669	3.7941
74	fixed	0	T3	0dfa7fc3533697c4	-1	-1	512	-1	replay	none	0	none	-	-1	-	-	697	3.8001
75	fixed	0	T3	0dfa7fc3533697c4	-1	-1	512	-1	replay	none	0	none	-	-1	-	-	661	4.0220
76	fixed	0	T3	0dfa7fc3533697c4	-1	-1	512	-1	replay	none	0	none	-	-1	-	-	666	3.9954
77	fixed	0	T3	0dfa7fc3533697c4	-1	-1	512	-1	replay	none	0	none	-	-1	-	-	610	3.9814
78	fixed	0	T3	0dfa7fc3533697c4	-1	-1	512	-1	replay	none	0	none	-	-1	-	-	601	3.7589
79	fixed	0	T3	0dfa7fc3533697c4	-1	-1	512	-1	replay	none	0	none	-	-1	-	-	612	3.7943
80	fixed	0	T3	0dfa7fc3533697c4	-1	-1	512	-1	replay	none	0	none	-	-1	-	-	679	5.0298
81	fixed	0	T3	0dfa7fc3533697c4	-1	-1	512	-1	replay	none	0	none	-	-1	-	-	685	4.1376
82	fixed	0	T3	0dfa7fc3533697c4	-1	-1	512	-1	replay	none	0	none	-	-1	-	-	683	3.9984
83	fixed	0	T3	0dfa7fc3533697c4	-1	-1	512	-1	replay	none	0	none	-	-1	-	-	702	3.7583
84	fixed	0	T3	0dfa7fc3533697c4	-1	-1	512	-1	replay	none	0	none	-	-1	-	-	692	3.7926
85	fixed	0	T3	0dfa7fc3533697c4	-1	-1	512	-1	replay	none	0	none	-	-1	-	-	693	3.8129
86	fixed	0	T3	0dfa7fc3533697c4	-1	-1	512	-1	replay	none	0	none	-	-1	-	-	671	3.7895
87	fixed	0	T3	0dfa7fc3533697c4	-1	-1	512	-1	replay	none	0	none	-	-1	-	-	677	4.0677
88	fixed	0	T3	0dfa7fc3533697c4	-1	-1	512	-1	replay	none	0	none	-	-1	-	-	695	4.0523
89	fixed	0	T3	0dfa7fc3533697c4	-1	-1	512	-1	replay	none	0	none	-	-1	-	-	686	3.9414
90	fixed	0	T3	0dfa7fc3533697c4	-1	-1	512	-1	replay	none	0	none	-	-1	-	-	697	3.7991
91	fixed	0	T3	0dfa7fc3533697c4	-1	-1	512	-1	replay	none	0	none	-	-1	-	-	697	4.1181
92	fixed	0	T3	0dfa7fc3533697c4	-1	-1	512	-1	replay	none	0	none	-	-1	-	-	688	3.8062
93	fixed	0	T3	0dfa7fc3533697c4	-1	-1	512	-1	replay	none	0	none	-	-1	-	-	653	3.8076
94	fixed	0	T3	0dfa7fc3533697c4	-1	-1	512	-1	replay	none	0	none	-	-1	-	-	695	4.0651
95	fixed	0	T3	0dfa7fc3533697c4	-1	-1	512	-1	replay	none	0	none	-	-1	-	-	713	3.9186
96	fixed	0	T3	0dfa7fc3533697c4	-1	-1	512	-1	replay	none	0	none	-	-1	-	-	690	3.9377
97	fixed	0	T3	0dfa7fc3533697c4	-1	-1	512	-1	replay	none	0	none	-	-1	-	-	651	3.7740
98	fixed	0	T3	0dfa7fc3533697c4	-1	-1	512	-1	replay	none	0	none	-	-1	-	-	656	4.0286
99	fixed	0	T3	0dfa7fc3533697c4	-1	-1	512	-1	replay	none	0	none	-	-1	-	-	646	3.7835
100	fixed	0	T3	0dfa7fc3533697c4	-1	-1	512	-1	replay	none	0	none	-	-1	-	-	758	4.1263
101	fixed	0	T3	0dfa7fc3533697c4	-1	-1	512	-1	replay	none	0	none	-	-1	-	-	691	4.0197
102	fixed	0	T3	0dfa7fc3533697c4	-1	-1	512	-1	replay	none	0	none	-	-1	-	-	652	3.9279
103	fixed	0	T3	0dfa7fc3533697c4	-1	-1	512	-1	replay	none	0	none	-	-1	-	-	670	3.7752
104	fixed	0	T3	0dfa7fc3533697c4	-1	-1	512	-1	replay	none	0	none	-	-1	-	-	699	5.7122
105	fixed	0	T3	0dfa7fc3533697c4	-1	-1	512	-1	replay	none	0	none	-	-1	-	-	596	3.7880
106	fixed	0	T3	0dfa7fc3533697c4	-1	-1	512	-1	replay	none	0	none	-	-1	-	-	672	3.7989
107	fixed	0	T3	0dfa7fc3533697c4	-1	-1	512	-1	replay	none	0	none	-	-1	-	-	623	4.1285
108	fixed	0	T3	0dfa7fc3533697c4	-1	-1	512	-1	replay	none	0	none	-	-1	-	-	674	3.9115
109	fixed	0	T3	0dfa7fc3533697c4	-1	-1	512	-1	replay	none	0	none	-	-1	-	-	676	3.8697
110	fixed	0	T3	0dfa7fc3533697c4	-1	-1	512	-1	replay	none	0	none	-	-1	-	-	687	3.7658
111	fixed	0	T3	0dfa7fc3533697c4	-1	-1	512	-1	replay	none	0	none	-	-1	-	-	662	3.7828
112	fixed	0	T3	0dfa7fc3533697c4	-1	-1	512	-1	replay	none	0	none	-	-1	-	-	624	3.7890
113	fixed	0	T3	0dfa7fc3533697c4	-1	-1	512	-1	replay	none	0	none	-	-1	-	-	633	4.0393
114	fixed	0	T3	0dfa7fc3533697c4	-1	-1	512	-1	replay	none	0	none	-	-1	-	-	661	3.8795
115	fixed	0	T3	0dfa7fc3533697c4	-1	-1	512	-1	replay	none	0	none	-	-1	-	-	682	3.7871
116	fixed	0	T3	0dfa7fc3533697c4	-1	-1	512	-1	replay	none	0	none	-	-1	-	-	686	3.8228
117	fixed	0	T3	0dfa7fc3533697c4	-1	-1	512	-1	replay	none	0	none	-	-1	-	-	690	3.8876
118	fixed	0	T3	0dfa7fc3533697c4	-1	-1	512	-1	replay	none	0	none	-	-1	-	-	684	5.1092
119	fixed	0	T3	0dfa7fc3533697c4	-1	-1	512	-1	replay	none	0	none	-	-1	-	-	626	4.1404
120	fixed	0	T3	0dfa7fc3533697c4	-1	-1	512	-1	replay	none	0	none	-	-1	-	-	688	3.7847
121	fixed	0	T3	0dfa7fc3533697c4	-1	-1	512	-1	replay	none	0	none	-	-1	-	-	671	4.0046
122	fixed	0	T3	0dfa7fc3533697c4	-1	-1	512	-1	replay	none	0	none	-	-1	-	-	679	4.1092
123	fixed	0	T3	0dfa7fc3533697c4	-1	-1	512	-1	replay	none	0	none	-	-1	-	-	652	5.1510
124	fixed	0	T3	0dfa7fc3533697c4	-1	-1	512	-1	replay	none	0	none	-	-1	-	-	731	3.7960
125	fixed	0	T3	0dfa7fc3533697c4	-1	-1	512	-1	replay	none	0	none	-	-1	-	-	679	3.7822
126	fixed	0	T3	0dfa7fc3533697c4	-1	-1	512	-1	replay	none	0	none	-	-1	-	-	604	3.8336
127	fixed	0	T3	0dfa7fc3533697c4	-1	-1	512	-1	replay	none	0	none	-	-1	-	-	703	3.9053
128	fixed	0	T3	0dfa7fc3533697c4	-1	-1	512	-1	replay	none	0	none	-	-1	-	-	677	3.9642
129	fixed	0	T3	0dfa7fc3533697c4	-1	-1	512	-1	replay	none	0	none	-	-1	-	-	701	3.8743
130	fixed	0	T3	0dfa7fc3533697c4	-1	-1	512	-1	replay	none	0	none	-	-1	-	-	700	3.8159
131	fixed	0	T3	0dfa7fc3533697c4	-1	-1	512	-1	replay	none	0	none	-	-1	-	-	690	3.7857
132	fixed	1	T0	802ba1f19f5ea689	-1	-1	256	-1	direct	none	1	structure	shape,data	0	GET_ROWS	model.input_embed	4552	4.9779
133	fixed	1	T0	0dfa7fc3533697c4	-1	-1	512	-1	direct	none	0	structure	shape,data	0	GET_ROWS	model.input_embed	6693	7.2704
134	fixed	1	T0	0dfa7fc3533697c4	-1	-1	512	-1	capture	update	0	none	-	-1	-	-	3853	7.3533
135	fixed	1	T0	0dfa7fc3533697c4	-1	-1	512	-1	replay	none	0	none	-	-1	-	-	1248	4.1064
136	fixed	1	T0	0dfa7fc3533697c4	-1	-1	512	-1	replay	none	0	none	-	-1	-	-	744	4.3293
137	fixed	1	T0	0dfa7fc3533697c4	-1	-1	512	-1	replay	none	0	none	-	-1	-	-	673	3.8123
138	fixed	1	T0	0dfa7fc3533697c4	-1	-1	512	-1	replay	none	0	none	-	-1	-	-	1729	3.8616
139	fixed	1	T0	0dfa7fc3533697c4	-1	-1	512	-1	replay	none	0	none	-	-1	-	-	671	3.8222
140	fixed	1	T0	0dfa7fc3533697c4	-1	-1	512	-1	replay	none	0	none	-	-1	-	-	777	3.8531
141	fixed	1	T0	0dfa7fc3533697c4	-1	-1	512	-1	replay	none	0	none	-	-1	-	-	766	3.9479
142	fixed	1	T0	0dfa7fc3533697c4	-1	-1	512	-1	replay	none	0	none	-	-1	-	-	680	3.7724
143	fixed	1	T0	0dfa7fc3533697c4	-1	-1	512	-1	replay	none	0	none	-	-1	-	-	761	3.7649
144	fixed	1	T0	0dfa7fc3533697c4	-1	-1	512	-1	replay	none	0	none	-	-1	-	-	694	4.1350
145	fixed	1	T0	0dfa7fc3533697c4	-1	-1	512	-1	replay	none	0	none	-	-1	-	-	673	4.0900
146	fixed	1	T0	0dfa7fc3533697c4	-1	-1	512	-1	replay	none	0	none	-	-1	-	-	686	3.7709
147	fixed	1	T0	0dfa7fc3533697c4	-1	-1	512	-1	replay	none	0	none	-	-1	-	-	658	3.8016
148	fixed	1	T0	0dfa7fc3533697c4	-1	-1	512	-1	replay	none	0	none	-	-1	-	-	793	4.0965
149	fixed	1	T0	0dfa7fc3533697c4	-1	-1	512	-1	replay	none	0	none	-	-1	-	-	707	3.8205
150	fixed	1	T0	0dfa7fc3533697c4	-1	-1	512	-1	replay	none	0	none	-	-1	-	-	881	4.0858
151	fixed	1	T0	0dfa7fc3533697c4	-1	-1	512	-1	replay	none	0	none	-	-1	-	-	684	4.0721
152	fixed	1	T0	0dfa7fc3533697c4	-1	-1	512	-1	replay	none	0	none	-	-1	-	-	690	3.7520
153	fixed	1	T0	0dfa7fc3533697c4	-1	-1	512	-1	replay	none	0	none	-	-1	-	-	694	4.1503
154	fixed	1	T0	0dfa7fc3533697c4	-1	-1	512	-1	replay	none	0	none	-	-1	-	-	685	4.0746
155	fixed	1	T0	0dfa7fc3533697c4	-1	-1	512	-1	replay	none	0	none	-	-1	-	-	682	4.1338
156	fixed	1	T0	0dfa7fc3533697c4	-1	-1	512	-1	replay	none	0	none	-	-1	-	-	665	4.0963
157	fixed	1	T1	94dc22ce3d23b91b	-1	-1	512	-1	direct	none	1	structure	shape,data	0	GET_ROWS	model.input_embed	5871	6.1935
158	fixed	1	T1	d8f873be867a8271	-1	-1	256	-1	direct	none	0	structure	shape,data	0	GET_ROWS	model.input_embed	5307	17.9434
159	fixed	1	T1	79cc5f245f480542	-1	-1	512	-1	direct	none	0	structure	shape,data	0	GET_ROWS	model.input_embed	4860	5.1958
160	fixed	1	T1	bcd06391008a2d68	-1	-1	256	-1	direct	none	0	structure	shape,data	0	GET_ROWS	model.input_embed	4932	5.1861
161	fixed	1	T2	d702fd6fe588b6cb	-1	-1	512	-1	direct	none	0	structure	shape,data	0	GET_ROWS	model.input_embed	4463	5.2545
162	fixed	1	T2	d702fd6fe588b6cb	-1	-1	512	-1	capture	reinstantiate	0	none	-	-1	-	-	5872	9.6302
163	fixed	1	T2	d702fd6fe588b6cb	-1	-1	512	-1	replay	none	0	none	-	-1	-	-	693	4.1130
164	fixed	1	T2	d702fd6fe588b6cb	-1	-1	512	-1	replay	none	0	none	-	-1	-	-	706	4.4396
165	fixed	1	T2	d702fd6fe588b6cb	-1	-1	512	-1	replay	none	0	none	-	-1	-	-	725	4.3532
166	fixed	1	T2	d702fd6fe588b6cb	-1	-1	512	-1	replay	none	0	none	-	-1	-	-	732	4.4368
167	fixed	1	T2	d702fd6fe588b6cb	-1	-1	512	-1	replay	none	0	none	-	-1	-	-	678	4.3533
168	fixed	1	T2	d702fd6fe588b6cb	-1	-1	512	-1	replay	none	0	none	-	-1	-	-	649	4.4886
169	fixed	1	T2	d702fd6fe588b6cb	-1	-1	512	-1	replay	none	0	none	-	-1	-	-	686	4.5156
170	fixed	1	T2	d702fd6fe588b6cb	-1	-1	512	-1	replay	none	0	none	-	-1	-	-	1142	4.1421
171	fixed	1	T2	d702fd6fe588b6cb	-1	-1	512	-1	replay	none	0	none	-	-1	-	-	695	4.6643
172	fixed	1	T2	d702fd6fe588b6cb	-1	-1	512	-1	replay	none	0	none	-	-1	-	-	708	4.1517
173	fixed	1	T2	d702fd6fe588b6cb	-1	-1	512	-1	replay	none	0	none	-	-1	-	-	672	4.6763
174	fixed	1	T2	d702fd6fe588b6cb	-1	-1	512	-1	replay	none	0	none	-	-1	-	-	706	4.5407
175	fixed	1	T2	d702fd6fe588b6cb	-1	-1	512	-1	replay	none	0	none	-	-1	-	-	686	5.4811
176	fixed	1	T2	d702fd6fe588b6cb	-1	-1	512	-1	replay	none	0	none	-	-1	-	-	672	4.1610
177	fixed	1	T2	d702fd6fe588b6cb	-1	-1	512	-1	replay	none	0	none	-	-1	-	-	683	4.4566
178	fixed	1	T2	d702fd6fe588b6cb	-1	-1	512	-1	replay	none	0	none	-	-1	-	-	687	4.4498
179	fixed	1	T2	d702fd6fe588b6cb	-1	-1	512	-1	replay	none	0	none	-	-1	-	-	649	4.3880
180	fixed	1	T2	d702fd6fe588b6cb	-1	-1	512	-1	replay	none	0	none	-	-1	-	-	689	4.4584
181	fixed	1	T2	d702fd6fe588b6cb	-1	-1	512	-1	replay	none	0	none	-	-1	-	-	1214	4.6859
182	fixed	1	T2	d702fd6fe588b6cb	-1	-1	512	-1	replay	none	0	none	-	-1	-	-	723	4.4708
183	fixed	1	T2	d702fd6fe588b6cb	-1	-1	512	-1	replay	none	0	none	-	-1	-	-	1765	4.1660
184	fixed	1	T2	d702fd6fe588b6cb	-1	-1	512	-1	replay	none	0	none	-	-1	-	-	753	4.3297
185	fixed	1	T2	d702fd6fe588b6cb	-1	-1	512	-1	replay	none	0	none	-	-1	-	-	792	4.1192
186	fixed	1	T2	d702fd6fe588b6cb	-1	-1	512	-1	replay	none	0	none	-	-1	-	-	740	4.5716
187	fixed	1	T2	d702fd6fe588b6cb	-1	-1	512	-1	replay	none	0	none	-	-1	-	-	690	4.0452
188	fixed	1	T2	d702fd6fe588b6cb	-1	-1	512	-1	replay	none	0	none	-	-1	-	-	730	4.0519
189	fixed	1	T2	d702fd6fe588b6cb	-1	-1	512	-1	replay	none	0	none	-	-1	-	-	704	4.0589
190	fixed	1	T2	d702fd6fe588b6cb	-1	-1	512	-1	replay	none	0	none	-	-1	-	-	685	4.0641
191	fixed	1	T2	d702fd6fe588b6cb	-1	-1	512	-1	replay	none	0	none	-	-1	-	-	729	4.0578
192	fixed	1	T3	0dfa7fc3533697c4	-1	-1	512	-1	direct	none	1	structure	shape,data	0	GET_ROWS	model.input_embed	4003	4.7856
193	fixed	1	T3	0dfa7fc3533697c4	-1	-1	512	-1	capture	reinstantiate	0	none	-	-1	-	-	5824	10.3396
194	fixed	1	T3	0dfa7fc3533697c4	-1	-1	512	-1	replay	none	0	none	-	-1	-	-	739	3.7630
195	fixed	1	T3	0dfa7fc3533697c4	-1	-1	512	-1	replay	none	0	none	-	-1	-	-	675	3.9562
196	fixed	1	T3	0dfa7fc3533697c4	-1	-1	512	-1	replay	none	0	none	-	-1	-	-	677	3.8066
197	fixed	1	T3	0dfa7fc3533697c4	-1	-1	512	-1	replay	none	0	none	-	-1	-	-	706	4.6752
198	fixed	1	T3	0dfa7fc3533697c4	-1	-1	512	-1	replay	none	0	none	-	-1	-	-	689	3.8122
199	fixed	1	T3	0dfa7fc3533697c4	-1	-1	512	-1	replay	none	0	none	-	-1	-	-	702	3.7940
200	fixed	1	T3	0dfa7fc3533697c4	-1	-1	512	-1	replay	none	0	none	-	-1	-	-	700	3.8021
201	fixed	1	T3	0dfa7fc3533697c4	-1	-1	512	-1	replay	none	0	none	-	-1	-	-	684	3.7586
202	fixed	1	T3	0dfa7fc3533697c4	-1	-1	512	-1	replay	none	0	none	-	-1	-	-	702	3.7393
203	fixed	1	T3	0dfa7fc3533697c4	-1	-1	512	-1	replay	none	0	none	-	-1	-	-	685	4.2358
204	fixed	1	T3	0dfa7fc3533697c4	-1	-1	512	-1	replay	none	0	none	-	-1	-	-	674	3.7897
205	fixed	1	T3	0dfa7fc3533697c4	-1	-1	512	-1	replay	none	0	none	-	-1	-	-	630	3.7964
206	fixed	1	T3	0dfa7fc3533697c4	-1	-1	512	-1	replay	none	0	none	-	-1	-	-	657	3.7806
207	fixed	1	T3	0dfa7fc3533697c4	-1	-1	512	-1	replay	none	0	none	-	-1	-	-	659	3.9330
208	fixed	1	T3	0dfa7fc3533697c4	-1	-1	512	-1	replay	none	0	none	-	-1	-	-	1678	3.7612
209	fixed	1	T3	0dfa7fc3533697c4	-1	-1	512	-1	replay	none	0	none	-	-1	-	-	676	3.7612
210	fixed	1	T3	0dfa7fc3533697c4	-1	-1	512	-1	replay	none	0	none	-	-1	-	-	661	3.7377
211	fixed	1	T3	0dfa7fc3533697c4	-1	-1	512	-1	replay	none	0	none	-	-1	-	-	735	3.7638
212	fixed	1	T3	0dfa7fc3533697c4	-1	-1	512	-1	replay	none	0	none	-	-1	-	-	705	3.7656
213	fixed	1	T3	0dfa7fc3533697c4	-1	-1	512	-1	replay	none	0	none	-	-1	-	-	753	3.7681
214	fixed	1	T3	0dfa7fc3533697c4	-1	-1	512	-1	replay	none	0	none	-	-1	-	-	638	3.7312
215	fixed	1	T3	0dfa7fc3533697c4	-1	-1	512	-1	replay	none	0	none	-	-1	-	-	681	3.7440
216	fixed	1	T3	0dfa7fc3533697c4	-1	-1	512	-1	replay	none	0	none	-	-1	-	-	690	3.7644
217	fixed	1	T3	0dfa7fc3533697c4	-1	-1	512	-1	replay	none	0	none	-	-1	-	-	737	3.7882
218	fixed	1	T3	0dfa7fc3533697c4	-1	-1	512	-1	replay	none	0	none	-	-1	-	-	747	3.7788
219	fixed	1	T3	0dfa7fc3533697c4	-1	-1	512	-1	replay	none	0	none	-	-1	-	-	678	3.7468
220	fixed	1	T3	0dfa7fc3533697c4	-1	-1	512	-1	replay	none	0	none	-	-1	-	-	635	3.7850
221	fixed	1	T3	0dfa7fc3533697c4	-1	-1	512	-1	replay	none	0	none	-	-1	-	-	642	3.7460
222	fixed	1	T3	0dfa7fc3533697c4	-1	-1	512	-1	replay	none	0	none	-	-1	-	-	673	3.7624
223	fixed	1	T3	0dfa7fc3533697c4	-1	-1	512	-1	replay	none	0	none	-	-1	-	-	677	3.7622
224	fixed	1	T3	0dfa7fc3533697c4	-1	-1	512	-1	replay	none	0	none	-	-1	-	-	656	3.7658
225	fixed	1	T3	0dfa7fc3533697c4	-1	-1	512	-1	replay	none	0	none	-	-1	-	-	1685	3.7602
226	fixed	1	T3	0dfa7fc3533697c4	-1	-1	512	-1	replay	none	0	none	-	-1	-	-	685	3.7372
227	fixed	1	T3	0dfa7fc3533697c4	-1	-1	512	-1	replay	none	0	none	-	-1	-	-	685	3.7500
228	fixed	1	T3	0dfa7fc3533697c4	-1	-1	512	-1	replay	none	0	none	-	-1	-	-	658	3.7707
229	fixed	1	T3	0dfa7fc3533697c4	-1	-1	512	-1	replay	none	0	none	-	-1	-	-	711	3.7773
230	fixed	1	T3	0dfa7fc3533697c4	-1	-1	512	-1	replay	none	0	none	-	-1	-	-	828	3.7522
231	fixed	1	T3	0dfa7fc3533697c4	-1	-1	512	-1	replay	none	0	none	-	-1	-	-	691	3.7693
232	fixed	1	T3	0dfa7fc3533697c4	-1	-1	512	-1	replay	none	0	none	-	-1	-	-	818	3.7476
233	fixed	1	T3	0dfa7fc3533697c4	-1	-1	512	-1	replay	none	0	none	-	-1	-	-	696	3.7507
234	fixed	1	T3	0dfa7fc3533697c4	-1	-1	512	-1	replay	none	0	none	-	-1	-	-	709	3.7562
235	fixed	1	T3	0dfa7fc3533697c4	-1	-1	512	-1	replay	none	0	none	-	-1	-	-	681	3.7669
236	fixed	1	T3	0dfa7fc3533697c4	-1	-1	512	-1	replay	none	0	none	-	-1	-	-	673	3.7776
237	fixed	1	T3	0dfa7fc3533697c4	-1	-1	512	-1	replay	none	0	none	-	-1	-	-	665	3.7386
238	fixed	1	T3	0dfa7fc3533697c4	-1	-1	512	-1	replay	none	0	none	-	-1	-	-	670	3.8404
239	fixed	1	T3	0dfa7fc3533697c4	-1	-1	512	-1	replay	none	0	none	-	-1	-	-	803	3.7739
240	fixed	1	T3	0dfa7fc3533697c4	-1	-1	512	-1	replay	none	0	none	-	-1	-	-	749	3.7663
241	fixed	1	T3	0dfa7fc3533697c4	-1	-1	512	-1	replay	none	0	none	-	-1	-	-	697	3.7621
242	fixed	1	T3	0dfa7fc3533697c4	-1	-1	512	-1	replay	none	0	none	-	-1	-	-	668	5.4181
243	fixed	1	T3	0dfa7fc3533697c4	-1	-1	512	-1	replay	none	0	none	-	-1	-	-	718	3.7981
244	fixed	1	T3	0dfa7fc3533697c4	-1	-1	512	-1	replay	none	0	none	-	-1	-	-	682	3.8449
245	fixed	1	T3	0dfa7fc3533697c4	-1	-1	512	-1	replay	none	0	none	-	-1	-	-	657	4.0689
246	fixed	1	T3	0dfa7fc3533697c4	-1	-1	512	-1	replay	none	0	none	-	-1	-	-	698	3.8766
247	fixed	1	T3	0dfa7fc3533697c4	-1	-1	512	-1	replay	none	0	none	-	-1	-	-	699	4.1112
248	fixed	1	T3	0dfa7fc3533697c4	-1	-1	512	-1	replay	none	0	none	-	-1	-	-	691	4.2630
249	fixed	1	T3	0dfa7fc3533697c4	-1	-1	512	-1	replay	none	0	none	-	-1	-	-	700	3.7710
250	fixed	1	T3	0dfa7fc3533697c4	-1	-1	512	-1	replay	none	0	none	-	-1	-	-	710	4.1003
251	fixed	1	T3	0dfa7fc3533697c4	-1	-1	512	-1	replay	none	0	none	-	-1	-	-	1019	4.1976
252	fixed	1	T3	0dfa7fc3533697c4	-1	-1	512	-1	replay	none	0	none	-	-1	-	-	677	4.0609
253	fixed	1	T3	0dfa7fc3533697c4	-1	-1	512	-1	replay	none	0	none	-	-1	-	-	686	4.0120
254	fixed	1	T3	0dfa7fc3533697c4	-1	-1	512	-1	replay	none	0	none	-	-1	-	-	696	3.9284
255	fixed	1	T3	0dfa7fc3533697c4	-1	-1	512	-1	replay	none	0	none	-	-1	-	-	661	4.0837
256	fixed	1	T3	0dfa7fc3533697c4	-1	-1	512	-1	replay	none	0	none	-	-1	-	-	696	4.2304
257	fixed	1	T3	0dfa7fc3533697c4	-1	-1	512	-1	replay	none	0	none	-	-1	-	-	723	4.2980
258	fixed	1	T3	0dfa7fc3533697c4	-1	-1	512	-1	replay	none	0	none	-	-1	-	-	736	4.2042
259	fixed	1	T3	0dfa7fc3533697c4	-1	-1	512	-1	replay	none	0	none	-	-1	-	-	698	4.2693
260	fixed	1	T3	0dfa7fc3533697c4	-1	-1	512	-1	replay	none	0	none	-	-1	-	-	665	4.1739
261	fixed	1	T3	0dfa7fc3533697c4	-1	-1	512	-1	replay	none	0	none	-	-1	-	-	693	3.8005
262	fixed	2	T0	802ba1f19f5ea689	-1	-1	256	-1	direct	none	1	structure	shape,data	0	GET_ROWS	model.input_embed	4920	5.2645
263	fixed	2	T0	0dfa7fc3533697c4	-1	-1	512	-1	direct	none	0	structure	shape,data	0	GET_ROWS	model.input_embed	5000	4.5872
264	fixed	2	T0	0dfa7fc3533697c4	-1	-1	512	-1	capture	update	0	none	-	-1	-	-	3180	6.2683
265	fixed	2	T0	0dfa7fc3533697c4	-1	-1	512	-1	replay	none	0	none	-	-1	-	-	711	3.8283
266	fixed	2	T0	0dfa7fc3533697c4	-1	-1	512	-1	replay	none	0	none	-	-1	-	-	686	3.8070
267	fixed	2	T0	0dfa7fc3533697c4	-1	-1	512	-1	replay	none	0	none	-	-1	-	-	723	3.8645
268	fixed	2	T0	0dfa7fc3533697c4	-1	-1	512	-1	replay	none	0	none	-	-1	-	-	704	3.9662
269	fixed	2	T0	0dfa7fc3533697c4	-1	-1	512	-1	replay	none	0	none	-	-1	-	-	672	3.9141
270	fixed	2	T0	0dfa7fc3533697c4	-1	-1	512	-1	replay	none	0	none	-	-1	-	-	682	4.0538
271	fixed	2	T0	0dfa7fc3533697c4	-1	-1	512	-1	replay	none	0	none	-	-1	-	-	680	3.7730
272	fixed	2	T0	0dfa7fc3533697c4	-1	-1	512	-1	replay	none	0	none	-	-1	-	-	679	3.7919
273	fixed	2	T0	0dfa7fc3533697c4	-1	-1	512	-1	replay	none	0	none	-	-1	-	-	706	3.9185
274	fixed	2	T0	0dfa7fc3533697c4	-1	-1	512	-1	replay	none	0	none	-	-1	-	-	649	3.7604
275	fixed	2	T0	0dfa7fc3533697c4	-1	-1	512	-1	replay	none	0	none	-	-1	-	-	692	3.9564
276	fixed	2	T0	0dfa7fc3533697c4	-1	-1	512	-1	replay	none	0	none	-	-1	-	-	684	3.9695
277	fixed	2	T0	0dfa7fc3533697c4	-1	-1	512	-1	replay	none	0	none	-	-1	-	-	709	3.9029
278	fixed	2	T0	0dfa7fc3533697c4	-1	-1	512	-1	replay	none	0	none	-	-1	-	-	797	4.0323
279	fixed	2	T0	0dfa7fc3533697c4	-1	-1	512	-1	replay	none	0	none	-	-1	-	-	726	3.8090
280	fixed	2	T0	0dfa7fc3533697c4	-1	-1	512	-1	replay	none	0	none	-	-1	-	-	687	3.7826
281	fixed	2	T0	0dfa7fc3533697c4	-1	-1	512	-1	replay	none	0	none	-	-1	-	-	702	4.1216
282	fixed	2	T0	0dfa7fc3533697c4	-1	-1	512	-1	replay	none	0	none	-	-1	-	-	717	3.7731
283	fixed	2	T0	0dfa7fc3533697c4	-1	-1	512	-1	replay	none	0	none	-	-1	-	-	688	4.0173
284	fixed	2	T0	0dfa7fc3533697c4	-1	-1	512	-1	replay	none	0	none	-	-1	-	-	1223	4.1190
285	fixed	2	T0	0dfa7fc3533697c4	-1	-1	512	-1	replay	none	0	none	-	-1	-	-	746	4.0373
286	fixed	2	T0	0dfa7fc3533697c4	-1	-1	512	-1	replay	none	0	none	-	-1	-	-	678	3.7799
287	fixed	2	T1	94dc22ce3d23b91b	-1	-1	512	-1	direct	none	1	structure	shape,data	0	GET_ROWS	model.input_embed	4678	5.3868
288	fixed	2	T1	d8f873be867a8271	-1	-1	256	-1	direct	none	0	structure	shape,data	0	GET_ROWS	model.input_embed	5623	16.9222
289	fixed	2	T1	79cc5f245f480542	-1	-1	512	-1	direct	none	0	structure	shape,data	0	GET_ROWS	model.input_embed	4789	5.0250
290	fixed	2	T1	bcd06391008a2d68	-1	-1	256	-1	direct	none	0	structure	shape,data	0	GET_ROWS	model.input_embed	4538	4.8264
291	fixed	2	T2	d702fd6fe588b6cb	-1	-1	512	-1	direct	none	0	structure	shape,data	0	GET_ROWS	model.input_embed	4291	4.8736
292	fixed	2	T2	d702fd6fe588b6cb	-1	-1	512	-1	capture	reinstantiate	0	none	-	-1	-	-	5388	8.9922
293	fixed	2	T2	d702fd6fe588b6cb	-1	-1	512	-1	replay	none	0	none	-	-1	-	-	795	4.3322
294	fixed	2	T2	d702fd6fe588b6cb	-1	-1	512	-1	replay	none	0	none	-	-1	-	-	773	4.3137
295	fixed	2	T2	d702fd6fe588b6cb	-1	-1	512	-1	replay	none	0	none	-	-1	-	-	947	4.4894
296	fixed	2	T2	d702fd6fe588b6cb	-1	-1	512	-1	replay	none	0	none	-	-1	-	-	745	4.2634
297	fixed	2	T2	d702fd6fe588b6cb	-1	-1	512	-1	replay	none	0	none	-	-1	-	-	729	4.3363
298	fixed	2	T2	d702fd6fe588b6cb	-1	-1	512	-1	replay	none	0	none	-	-1	-	-	722	4.2958
299	fixed	2	T2	d702fd6fe588b6cb	-1	-1	512	-1	replay	none	0	none	-	-1	-	-	750	4.3001
300	fixed	2	T2	d702fd6fe588b6cb	-1	-1	512	-1	replay	none	0	none	-	-1	-	-	717	4.2637
301	fixed	2	T2	d702fd6fe588b6cb	-1	-1	512	-1	replay	none	0	none	-	-1	-	-	1852	4.7597
302	fixed	2	T2	d702fd6fe588b6cb	-1	-1	512	-1	replay	none	0	none	-	-1	-	-	744	4.2380
303	fixed	2	T2	d702fd6fe588b6cb	-1	-1	512	-1	replay	none	0	none	-	-1	-	-	737	4.2583
304	fixed	2	T2	d702fd6fe588b6cb	-1	-1	512	-1	replay	none	0	none	-	-1	-	-	748	4.2959
305	fixed	2	T2	d702fd6fe588b6cb	-1	-1	512	-1	replay	none	0	none	-	-1	-	-	707	4.3028
306	fixed	2	T2	d702fd6fe588b6cb	-1	-1	512	-1	replay	none	0	none	-	-1	-	-	716	4.2116
307	fixed	2	T2	d702fd6fe588b6cb	-1	-1	512	-1	replay	none	0	none	-	-1	-	-	758	4.3817
308	fixed	2	T2	d702fd6fe588b6cb	-1	-1	512	-1	replay	none	0	none	-	-1	-	-	730	4.2930
309	fixed	2	T2	d702fd6fe588b6cb	-1	-1	512	-1	replay	none	0	none	-	-1	-	-	763	4.1958
310	fixed	2	T2	d702fd6fe588b6cb	-1	-1	512	-1	replay	none	0	none	-	-1	-	-	717	4.2328
311	fixed	2	T2	d702fd6fe588b6cb	-1	-1	512	-1	replay	none	0	none	-	-1	-	-	721	4.2693
312	fixed	2	T2	d702fd6fe588b6cb	-1	-1	512	-1	replay	none	0	none	-	-1	-	-	752	4.3013
313	fixed	2	T2	d702fd6fe588b6cb	-1	-1	512	-1	replay	none	0	none	-	-1	-	-	713	4.3498
314	fixed	2	T2	d702fd6fe588b6cb	-1	-1	512	-1	replay	none	0	none	-	-1	-	-	717	4.2879
315	fixed	2	T2	d702fd6fe588b6cb	-1	-1	512	-1	replay	none	0	none	-	-1	-	-	925	4.3090
316	fixed	2	T2	d702fd6fe588b6cb	-1	-1	512	-1	replay	none	0	none	-	-1	-	-	700	4.0952
317	fixed	2	T2	d702fd6fe588b6cb	-1	-1	512	-1	replay	none	0	none	-	-1	-	-	746	4.0814
318	fixed	2	T2	d702fd6fe588b6cb	-1	-1	512	-1	replay	none	0	none	-	-1	-	-	745	4.1465
319	fixed	2	T2	d702fd6fe588b6cb	-1	-1	512	-1	replay	none	0	none	-	-1	-	-	660	4.2196
320	fixed	2	T2	d702fd6fe588b6cb	-1	-1	512	-1	replay	none	0	none	-	-1	-	-	690	4.2567
321	fixed	2	T2	d702fd6fe588b6cb	-1	-1	512	-1	replay	none	0	none	-	-1	-	-	703	4.1359
322	fixed	2	T3	0dfa7fc3533697c4	-1	-1	512	-1	direct	none	1	structure	shape,data	0	GET_ROWS	model.input_embed	4403	5.1377
323	fixed	2	T3	0dfa7fc3533697c4	-1	-1	512	-1	capture	reinstantiate	0	none	-	-1	-	-	5600	7.7651
324	fixed	2	T3	0dfa7fc3533697c4	-1	-1	512	-1	replay	none	0	none	-	-1	-	-	792	4.0239
325	fixed	2	T3	0dfa7fc3533697c4	-1	-1	512	-1	replay	none	0	none	-	-1	-	-	743	3.9596
326	fixed	2	T3	0dfa7fc3533697c4	-1	-1	512	-1	replay	none	0	none	-	-1	-	-	731	3.8124
327	fixed	2	T3	0dfa7fc3533697c4	-1	-1	512	-1	replay	none	0	none	-	-1	-	-	738	4.1076
328	fixed	2	T3	0dfa7fc3533697c4	-1	-1	512	-1	replay	none	0	none	-	-1	-	-	715	3.9019
329	fixed	2	T3	0dfa7fc3533697c4	-1	-1	512	-1	replay	none	0	none	-	-1	-	-	735	4.0710
330	fixed	2	T3	0dfa7fc3533697c4	-1	-1	512	-1	replay	none	0	none	-	-1	-	-	751	3.8414
331	fixed	2	T3	0dfa7fc3533697c4	-1	-1	512	-1	replay	none	0	none	-	-1	-	-	704	4.0362
332	fixed	2	T3	0dfa7fc3533697c4	-1	-1	512	-1	replay	none	0	none	-	-1	-	-	686	4.0446
333	fixed	2	T3	0dfa7fc3533697c4	-1	-1	512	-1	replay	none	0	none	-	-1	-	-	797	4.0353
334	fixed	2	T3	0dfa7fc3533697c4	-1	-1	512	-1	replay	none	0	none	-	-1	-	-	679	3.9760
335	fixed	2	T3	0dfa7fc3533697c4	-1	-1	512	-1	replay	none	0	none	-	-1	-	-	689	4.0269
336	fixed	2	T3	0dfa7fc3533697c4	-1	-1	512	-1	replay	none	0	none	-	-1	-	-	723	3.8276
337	fixed	2	T3	0dfa7fc3533697c4	-1	-1	512	-1	replay	none	0	none	-	-1	-	-	699	3.8322
338	fixed	2	T3	0dfa7fc3533697c4	-1	-1	512	-1	replay	none	0	none	-	-1	-	-	729	4.0192
339	fixed	2	T3	0dfa7fc3533697c4	-1	-1	512	-1	replay	none	0	none	-	-1	-	-	715	3.8124
340	fixed	2	T3	0dfa7fc3533697c4	-1	-1	512	-1	replay	none	0	none	-	-1	-	-	704	3.9695
341	fixed	2	T3	0dfa7fc3533697c4	-1	-1	512	-1	replay	none	0	none	-	-1	-	-	678	4.0199
342	fixed	2	T3	0dfa7fc3533697c4	-1	-1	512	-1	replay	none	0	none	-	-1	-	-	692	3.9709
343	fixed	2	T3	0dfa7fc3533697c4	-1	-1	512	-1	replay	none	0	none	-	-1	-	-	699	3.8345
344	fixed	2	T3	0dfa7fc3533697c4	-1	-1	512	-1	replay	none	0	none	-	-1	-	-	661	3.7989
345	fixed	2	T3	0dfa7fc3533697c4	-1	-1	512	-1	replay	none	0	none	-	-1	-	-	709	3.8005
346	fixed	2	T3	0dfa7fc3533697c4	-1	-1	512	-1	replay	none	0	none	-	-1	-	-	708	3.8209
347	fixed	2	T3	0dfa7fc3533697c4	-1	-1	512	-1	replay	none	0	none	-	-1	-	-	714	3.9420
348	fixed	2	T3	0dfa7fc3533697c4	-1	-1	512	-1	replay	none	0	none	-	-1	-	-	710	3.9158
349	fixed	2	T3	0dfa7fc3533697c4	-1	-1	512	-1	replay	none	0	none	-	-1	-	-	776	3.8402
350	fixed	2	T3	0dfa7fc3533697c4	-1	-1	512	-1	replay	none	0	none	-	-1	-	-	726	4.0133
351	fixed	2	T3	0dfa7fc3533697c4	-1	-1	512	-1	replay	none	0	none	-	-1	-	-	699	3.8167
352	fixed	2	T3	0dfa7fc3533697c4	-1	-1	512	-1	replay	none	0	none	-	-1	-	-	717	3.9558
353	fixed	2	T3	0dfa7fc3533697c4	-1	-1	512	-1	replay	none	0	none	-	-1	-	-	718	4.0054
354	fixed	2	T3	0dfa7fc3533697c4	-1	-1	512	-1	replay	none	0	none	-	-1	-	-	727	3.9213
355	fixed	2	T3	0dfa7fc3533697c4	-1	-1	512	-1	replay	none	0	none	-	-1	-	-	697	3.8094
356	fixed	2	T3	0dfa7fc3533697c4	-1	-1	512	-1	replay	none	0	none	-	-1	-	-	651	3.8481
357	fixed	2	T3	0dfa7fc3533697c4	-1	-1	512	-1	replay	none	0	none	-	-1	-	-	703	3.9261
358	fixed	2	T3	0dfa7fc3533697c4	-1	-1	512	-1	replay	none	0	none	-	-1	-	-	726	4.0073
359	fixed	2	T3	0dfa7fc3533697c4	-1	-1	512	-1	replay	none	0	none	-	-1	-	-	737	3.9434
360	fixed	2	T3	0dfa7fc3533697c4	-1	-1	512	-1	replay	none	0	none	-	-1	-	-	747	3.9522
361	fixed	2	T3	0dfa7fc3533697c4	-1	-1	512	-1	replay	none	0	none	-	-1	-	-	696	3.9794
362	fixed	2	T3	0dfa7fc3533697c4	-1	-1	512	-1	replay	none	0	none	-	-1	-	-	991	4.4888
363	fixed	2	T3	0dfa7fc3533697c4	-1	-1	512	-1	replay	none	0	none	-	-1	-	-	722	4.0832
364	fixed	2	T3	0dfa7fc3533697c4	-1	-1	512	-1	replay	none	0	none	-	-1	-	-	717	3.7879
365	fixed	2	T3	0dfa7fc3533697c4	-1	-1	512	-1	replay	none	0	none	-	-1	-	-	713	3.7928
366	fixed	2	T3	0dfa7fc3533697c4	-1	-1	512	-1	replay	none	0	none	-	-1	-	-	714	4.0338
367	fixed	2	T3	0dfa7fc3533697c4	-1	-1	512	-1	replay	none	0	none	-	-1	-	-	719	4.0481
368	fixed	2	T3	0dfa7fc3533697c4	-1	-1	512	-1	replay	none	0	none	-	-1	-	-	718	3.9685
369	fixed	2	T3	0dfa7fc3533697c4	-1	-1	512	-1	replay	none	0	none	-	-1	-	-	696	3.9824
370	fixed	2	T3	0dfa7fc3533697c4	-1	-1	512	-1	replay	none	0	none	-	-1	-	-	679	3.9764
371	fixed	2	T3	0dfa7fc3533697c4	-1	-1	512	-1	replay	none	0	none	-	-1	-	-	698	4.0194
372	fixed	2	T3	0dfa7fc3533697c4	-1	-1	512	-1	replay	none	0	none	-	-1	-	-	694	4.0375
373	fixed	2	T3	0dfa7fc3533697c4	-1	-1	512	-1	replay	none	0	none	-	-1	-	-	695	3.7825
374	fixed	2	T3	0dfa7fc3533697c4	-1	-1	512	-1	replay	none	0	none	-	-1	-	-	714	4.0290
375	fixed	2	T3	0dfa7fc3533697c4	-1	-1	512	-1	replay	none	0	none	-	-1	-	-	720	3.8138
376	fixed	2	T3	0dfa7fc3533697c4	-1	-1	512	-1	replay	none	0	none	-	-1	-	-	685	3.9166
377	fixed	2	T3	0dfa7fc3533697c4	-1	-1	512	-1	replay	none	0	none	-	-1	-	-	713	4.0847
378	fixed	2	T3	0dfa7fc3533697c4	-1	-1	512	-1	replay	none	0	none	-	-1	-	-	714	4.0598
379	fixed	2	T3	0dfa7fc3533697c4	-1	-1	512	-1	replay	none	0	none	-	-1	-	-	677	3.7804
380	fixed	2	T3	0dfa7fc3533697c4	-1	-1	512	-1	replay	none	0	none	-	-1	-	-	735	3.8026
381	fixed	2	T3	0dfa7fc3533697c4	-1	-1	512	-1	replay	none	0	none	-	-1	-	-	707	3.8908
382	fixed	2	T3	0dfa7fc3533697c4	-1	-1	512	-1	replay	none	0	none	-	-1	-	-	702	3.9070
383	fixed	2	T3	0dfa7fc3533697c4	-1	-1	512	-1	replay	none	0	none	-	-1	-	-	709	3.9884
384	fixed	2	T3	0dfa7fc3533697c4	-1	-1	512	-1	replay	none	0	none	-	-1	-	-	692	4.0445
385	fixed	2	T3	0dfa7fc3533697c4	-1	-1	512	-1	replay	none	0	none	-	-1	-	-	685	3.7792
386	fixed	2	T3	0dfa7fc3533697c4	-1	-1	512	-1	replay	none	0	none	-	-1	-	-	684	3.7861
387	fixed	2	T3	0dfa7fc3533697c4	-1	-1	512	-1	replay	none	0	none	-	-1	-	-	714	3.8619
388	fixed	2	T3	0dfa7fc3533697c4	-1	-1	512	-1	replay	none	0	none	-	-1	-	-	1817	3.9014
389	fixed	2	T3	0dfa7fc3533697c4	-1	-1	512	-1	replay	none	0	none	-	-1	-	-	678	3.8973
390	fixed	2	T3	0dfa7fc3533697c4	-1	-1	512	-1	replay	none	0	none	-	-1	-	-	648	3.9604
391	fixed	2	T3	0dfa7fc3533697c4	-1	-1	512	-1	replay	none	0	none	-	-1	-	-	717	4.3300
392	fixed	3	T0	802ba1f19f5ea689	-1	-1	256	-1	direct	none	1	structure	shape,data	0	GET_ROWS	model.input_embed	4446	5.1849
393	fixed	3	T0	0dfa7fc3533697c4	-1	-1	512	-1	direct	none	0	structure	shape,data	0	GET_ROWS	model.input_embed	5080	5.8000
394	fixed	3	T0	0dfa7fc3533697c4	-1	-1	512	-1	capture	update	0	none	-	-1	-	-	3528	6.7031
395	fixed	3	T0	0dfa7fc3533697c4	-1	-1	512	-1	replay	none	0	none	-	-1	-	-	748	3.8265
396	fixed	3	T0	0dfa7fc3533697c4	-1	-1	512	-1	replay	none	0	none	-	-1	-	-	714	3.9140
397	fixed	3	T0	0dfa7fc3533697c4	-1	-1	512	-1	replay	none	0	none	-	-1	-	-	731	3.7614
398	fixed	3	T0	0dfa7fc3533697c4	-1	-1	512	-1	replay	none	0	none	-	-1	-	-	737	3.7952
399	fixed	3	T0	0dfa7fc3533697c4	-1	-1	512	-1	replay	none	0	none	-	-1	-	-	705	3.8007
400	fixed	3	T0	0dfa7fc3533697c4	-1	-1	512	-1	replay	none	0	none	-	-1	-	-	724	3.7783
401	fixed	3	T0	0dfa7fc3533697c4	-1	-1	512	-1	replay	none	0	none	-	-1	-	-	972	3.8572
402	fixed	3	T0	0dfa7fc3533697c4	-1	-1	512	-1	replay	none	0	none	-	-1	-	-	725	3.8539
403	fixed	3	T0	0dfa7fc3533697c4	-1	-1	512	-1	replay	none	0	none	-	-1	-	-	717	4.0140
404	fixed	3	T0	0dfa7fc3533697c4	-1	-1	512	-1	replay	none	0	none	-	-1	-	-	1703	3.8159
405	fixed	3	T0	0dfa7fc3533697c4	-1	-1	512	-1	replay	none	0	none	-	-1	-	-	735	3.9711
406	fixed	3	T0	0dfa7fc3533697c4	-1	-1	512	-1	replay	none	0	none	-	-1	-	-	804	4.1762
407	fixed	3	T0	0dfa7fc3533697c4	-1	-1	512	-1	replay	none	0	none	-	-1	-	-	762	4.0041
408	fixed	3	T0	0dfa7fc3533697c4	-1	-1	512	-1	replay	none	0	none	-	-1	-	-	716	3.7828
409	fixed	3	T0	0dfa7fc3533697c4	-1	-1	512	-1	replay	none	0	none	-	-1	-	-	734	3.7907
410	fixed	3	T0	0dfa7fc3533697c4	-1	-1	512	-1	replay	none	0	none	-	-1	-	-	1772	3.8048
411	fixed	3	T0	0dfa7fc3533697c4	-1	-1	512	-1	replay	none	0	none	-	-1	-	-	898	3.8078
412	fixed	3	T0	0dfa7fc3533697c4	-1	-1	512	-1	replay	none	0	none	-	-1	-	-	772	3.8236
413	fixed	3	T0	0dfa7fc3533697c4	-1	-1	512	-1	replay	none	0	none	-	-1	-	-	1082	4.0138
414	fixed	3	T0	0dfa7fc3533697c4	-1	-1	512	-1	replay	none	0	none	-	-1	-	-	778	3.8543
415	fixed	3	T0	0dfa7fc3533697c4	-1	-1	512	-1	replay	none	0	none	-	-1	-	-	963	4.0580
416	fixed	3	T0	0dfa7fc3533697c4	-1	-1	512	-1	replay	none	0	none	-	-1	-	-	739	4.0220
417	fixed	3	T1	94dc22ce3d23b91b	-1	-1	512	-1	direct	none	1	structure	shape,data	0	GET_ROWS	model.input_embed	4561	5.0660
418	fixed	3	T1	d8f873be867a8271	-1	-1	256	-1	direct	none	0	structure	shape,data	0	GET_ROWS	model.input_embed	5507	16.8116
419	fixed	3	T1	79cc5f245f480542	-1	-1	512	-1	direct	none	0	structure	shape,data	0	GET_ROWS	model.input_embed	4896	5.1569
420	fixed	3	T1	bcd06391008a2d68	-1	-1	256	-1	direct	none	0	structure	shape,data	0	GET_ROWS	model.input_embed	4620	5.2471
421	fixed	3	T2	d702fd6fe588b6cb	-1	-1	512	-1	direct	none	0	structure	shape,data	0	GET_ROWS	model.input_embed	4577	4.9215
422	fixed	3	T2	d702fd6fe588b6cb	-1	-1	512	-1	capture	reinstantiate	0	none	-	-1	-	-	5547	9.1553
423	fixed	3	T2	d702fd6fe588b6cb	-1	-1	512	-1	replay	none	0	none	-	-1	-	-	1261	4.2807
424	fixed	3	T2	d702fd6fe588b6cb	-1	-1	512	-1	replay	none	0	none	-	-1	-	-	820	4.1339
425	fixed	3	T2	d702fd6fe588b6cb	-1	-1	512	-1	replay	none	0	none	-	-1	-	-	803	4.1880
426	fixed	3	T2	d702fd6fe588b6cb	-1	-1	512	-1	replay	none	0	none	-	-1	-	-	773	4.2702
427	fixed	3	T2	d702fd6fe588b6cb	-1	-1	512	-1	replay	none	0	none	-	-1	-	-	1321	4.3702
428	fixed	3	T2	d702fd6fe588b6cb	-1	-1	512	-1	replay	none	0	none	-	-1	-	-	752	4.3635
429	fixed	3	T2	d702fd6fe588b6cb	-1	-1	512	-1	replay	none	0	none	-	-1	-	-	808	4.2252
430	fixed	3	T2	d702fd6fe588b6cb	-1	-1	512	-1	replay	none	0	none	-	-1	-	-	651	4.2472
431	fixed	3	T2	d702fd6fe588b6cb	-1	-1	512	-1	replay	none	0	none	-	-1	-	-	719	4.4332
432	fixed	3	T2	d702fd6fe588b6cb	-1	-1	512	-1	replay	none	0	none	-	-1	-	-	640	4.2956
433	fixed	3	T2	d702fd6fe588b6cb	-1	-1	512	-1	replay	none	0	none	-	-1	-	-	749	4.0576
434	fixed	3	T2	d702fd6fe588b6cb	-1	-1	512	-1	replay	none	0	none	-	-1	-	-	789	4.6072
435	fixed	3	T2	d702fd6fe588b6cb	-1	-1	512	-1	replay	none	0	none	-	-1	-	-	743	4.2220
436	fixed	3	T2	d702fd6fe588b6cb	-1	-1	512	-1	replay	none	0	none	-	-1	-	-	771	4.1357
437	fixed	3	T2	d702fd6fe588b6cb	-1	-1	512	-1	replay	none	0	none	-	-1	-	-	722	4.0959
438	fixed	3	T2	d702fd6fe588b6cb	-1	-1	512	-1	replay	none	0	none	-	-1	-	-	709	4.1316
439	fixed	3	T2	d702fd6fe588b6cb	-1	-1	512	-1	replay	none	0	none	-	-1	-	-	719	4.2335
440	fixed	3	T2	d702fd6fe588b6cb	-1	-1	512	-1	replay	none	0	none	-	-1	-	-	724	4.1526
441	fixed	3	T2	d702fd6fe588b6cb	-1	-1	512	-1	replay	none	0	none	-	-1	-	-	775	4.1543
442	fixed	3	T2	d702fd6fe588b6cb	-1	-1	512	-1	replay	none	0	none	-	-1	-	-	721	4.3059
443	fixed	3	T2	d702fd6fe588b6cb	-1	-1	512	-1	replay	none	0	none	-	-1	-	-	709	4.2997
444	fixed	3	T2	d702fd6fe588b6cb	-1	-1	512	-1	replay	none	0	none	-	-1	-	-	690	4.1490
445	fixed	3	T2	d702fd6fe588b6cb	-1	-1	512	-1	replay	none	0	none	-	-1	-	-	737	4.1490
446	fixed	3	T2	d702fd6fe588b6cb	-1	-1	512	-1	replay	none	0	none	-	-1	-	-	696	4.2990
447	fixed	3	T2	d702fd6fe588b6cb	-1	-1	512	-1	replay	none	0	none	-	-1	-	-	792	4.3243
448	fixed	3	T2	d702fd6fe588b6cb	-1	-1	512	-1	replay	none	0	none	-	-1	-	-	732	4.2568
449	fixed	3	T2	d702fd6fe588b6cb	-1	-1	512	-1	replay	none	0	none	-	-1	-	-	692	4.3422
450	fixed	3	T2	d702fd6fe588b6cb	-1	-1	512	-1	replay	none	0	none	-	-1	-	-	763	4.2827
451	fixed	3	T2	d702fd6fe588b6cb	-1	-1	512	-1	replay	none	0	none	-	-1	-	-	716	4.3332
452	fixed	3	T3	0dfa7fc3533697c4	-1	-1	512	-1	direct	none	1	structure	shape,data	0	GET_ROWS	model.input_embed	4340	4.8700
453	fixed	3	T3	0dfa7fc3533697c4	-1	-1	512	-1	capture	reinstantiate	0	none	-	-1	-	-	4635	7.7797
454	fixed	3	T3	0dfa7fc3533697c4	-1	-1	512	-1	replay	none	0	none	-	-1	-	-	681	4.0230
455	fixed	3	T3	0dfa7fc3533697c4	-1	-1	512	-1	replay	none	0	none	-	-1	-	-	699	3.8056
456	fixed	3	T3	0dfa7fc3533697c4	-1	-1	512	-1	replay	none	0	none	-	-1	-	-	689	3.7753
457	fixed	3	T3	0dfa7fc3533697c4	-1	-1	512	-1	replay	none	0	none	-	-1	-	-	701	3.9739
458	fixed	3	T3	0dfa7fc3533697c4	-1	-1	512	-1	replay	none	0	none	-	-1	-	-	701	4.0453
459	fixed	3	T3	0dfa7fc3533697c4	-1	-1	512	-1	replay	none	0	none	-	-1	-	-	710	3.7923
460	fixed	3	T3	0dfa7fc3533697c4	-1	-1	512	-1	replay	none	0	none	-	-1	-	-	698	3.9346
461	fixed	3	T3	0dfa7fc3533697c4	-1	-1	512	-1	replay	none	0	none	-	-1	-	-	709	3.9490
462	fixed	3	T3	0dfa7fc3533697c4	-1	-1	512	-1	replay	none	0	none	-	-1	-	-	690	3.9668
463	fixed	3	T3	0dfa7fc3533697c4	-1	-1	512	-1	replay	none	0	none	-	-1	-	-	784	3.9048
464	fixed	3	T3	0dfa7fc3533697c4	-1	-1	512	-1	replay	none	0	none	-	-1	-	-	686	4.0485
465	fixed	3	T3	0dfa7fc3533697c4	-1	-1	512	-1	replay	none	0	none	-	-1	-	-	701	3.7759
466	fixed	3	T3	0dfa7fc3533697c4	-1	-1	512	-1	replay	none	0	none	-	-1	-	-	677	3.8014
467	fixed	3	T3	0dfa7fc3533697c4	-1	-1	512	-1	replay	none	0	none	-	-1	-	-	680	3.8638
468	fixed	3	T3	0dfa7fc3533697c4	-1	-1	512	-1	replay	none	0	none	-	-1	-	-	680	3.9708
469	fixed	3	T3	0dfa7fc3533697c4	-1	-1	512	-1	replay	none	0	none	-	-1	-	-	738	4.0545
470	fixed	3	T3	0dfa7fc3533697c4	-1	-1	512	-1	replay	none	0	none	-	-1	-	-	705	3.7852
471	fixed	3	T3	0dfa7fc3533697c4	-1	-1	512	-1	replay	none	0	none	-	-1	-	-	692	3.7974
472	fixed	3	T3	0dfa7fc3533697c4	-1	-1	512	-1	replay	none	0	none	-	-1	-	-	710	3.8750
473	fixed	3	T3	0dfa7fc3533697c4	-1	-1	512	-1	replay	none	0	none	-	-1	-	-	691	3.8141
474	fixed	3	T3	0dfa7fc3533697c4	-1	-1	512	-1	replay	none	0	none	-	-1	-	-	874	3.9947
475	fixed	3	T3	0dfa7fc3533697c4	-1	-1	512	-1	replay	none	0	none	-	-1	-	-	701	4.0228
476	fixed	3	T3	0dfa7fc3533697c4	-1	-1	512	-1	replay	none	0	none	-	-1	-	-	686	3.7756
477	fixed	3	T3	0dfa7fc3533697c4	-1	-1	512	-1	replay	none	0	none	-	-1	-	-	691	3.7895
478	fixed	3	T3	0dfa7fc3533697c4	-1	-1	512	-1	replay	none	0	none	-	-1	-	-	691	3.8034
479	fixed	3	T3	0dfa7fc3533697c4	-1	-1	512	-1	replay	none	0	none	-	-1	-	-	700	4.0712
480	fixed	3	T3	0dfa7fc3533697c4	-1	-1	512	-1	replay	none	0	none	-	-1	-	-	695	4.0063
481	fixed	3	T3	0dfa7fc3533697c4	-1	-1	512	-1	replay	none	0	none	-	-1	-	-	698	4.0955
482	fixed	3	T3	0dfa7fc3533697c4	-1	-1	512	-1	replay	none	0	none	-	-1	-	-	668	3.7767
483	fixed	3	T3	0dfa7fc3533697c4	-1	-1	512	-1	replay	none	0	none	-	-1	-	-	697	3.7875
484	fixed	3	T3	0dfa7fc3533697c4	-1	-1	512	-1	replay	none	0	none	-	-1	-	-	707	3.8694
485	fixed	3	T3	0dfa7fc3533697c4	-1	-1	512	-1	replay	none	0	none	-	-1	-	-	671	3.8157
486	fixed	3	T3	0dfa7fc3533697c4	-1	-1	512	-1	replay	none	0	none	-	-1	-	-	693	4.0737
487	fixed	3	T3	0dfa7fc3533697c4	-1	-1	512	-1	replay	none	0	none	-	-1	-	-	658	4.0226
488	fixed	3	T3	0dfa7fc3533697c4	-1	-1	512	-1	replay	none	0	none	-	-1	-	-	1707	4.0700
489	fixed	3	T3	0dfa7fc3533697c4	-1	-1	512	-1	replay	none	0	none	-	-1	-	-	851	3.9729
490	fixed	3	T3	0dfa7fc3533697c4	-1	-1	512	-1	replay	none	0	none	-	-1	-	-	1705	4.0484
491	fixed	3	T3	0dfa7fc3533697c4	-1	-1	512	-1	replay	none	0	none	-	-1	-	-	1048	3.9792
492	fixed	3	T3	0dfa7fc3533697c4	-1	-1	512	-1	replay	none	0	none	-	-1	-	-	1682	4.0930
493	fixed	3	T3	0dfa7fc3533697c4	-1	-1	512	-1	replay	none	0	none	-	-1	-	-	1295	4.0639
494	fixed	3	T3	0dfa7fc3533697c4	-1	-1	512	-1	replay	none	0	none	-	-1	-	-	705	3.9978
495	fixed	3	T3	0dfa7fc3533697c4	-1	-1	512	-1	replay	none	0	none	-	-1	-	-	767	4.1205
496	fixed	3	T3	0dfa7fc3533697c4	-1	-1	512	-1	replay	none	0	none	-	-1	-	-	694	4.1279
497	fixed	3	T3	0dfa7fc3533697c4	-1	-1	512	-1	replay	none	0	none	-	-1	-	-	667	3.7826
498	fixed	3	T3	0dfa7fc3533697c4	-1	-1	512	-1	replay	none	0	none	-	-1	-	-	658	3.7828
499	fixed	3	T3	0dfa7fc3533697c4	-1	-1	512	-1	replay	none	0	none	-	-1	-	-	1692	4.3167
500	fixed	3	T3	0dfa7fc3533697c4	-1	-1	512	-1	replay	none	0	none	-	-1	-	-	683	3.8256
501	fixed	3	T3	0dfa7fc3533697c4	-1	-1	512	-1	replay	none	0	none	-	-1	-	-	1685	4.8418
502	fixed	3	T3	0dfa7fc3533697c4	-1	-1	512	-1	replay	none	0	none	-	-1	-	-	1701	3.8361
503	fixed	3	T3	0dfa7fc3533697c4	-1	-1	512	-1	replay	none	0	none	-	-1	-	-	722	3.7885
504	fixed	3	T3	0dfa7fc3533697c4	-1	-1	512	-1	replay	none	0	none	-	-1	-	-	1694	4.0452
505	fixed	3	T3	0dfa7fc3533697c4	-1	-1	512	-1	replay	none	0	none	-	-1	-	-	718	4.0403
506	fixed	3	T3	0dfa7fc3533697c4	-1	-1	512	-1	replay	none	0	none	-	-1	-	-	721	3.7796
507	fixed	3	T3	0dfa7fc3533697c4	-1	-1	512	-1	replay	none	0	none	-	-1	-	-	676	3.7974
508	fixed	3	T3	0dfa7fc3533697c4	-1	-1	512	-1	replay	none	0	none	-	-1	-	-	691	3.8328
509	fixed	3	T3	0dfa7fc3533697c4	-1	-1	512	-1	replay	none	0	none	-	-1	-	-	752	3.9916
510	fixed	3	T3	0dfa7fc3533697c4	-1	-1	512	-1	replay	none	0	none	-	-1	-	-	1115	4.1094
511	fixed	3	T3	0dfa7fc3533697c4	-1	-1	512	-1	replay	none	0	none	-	-1	-	-	718	4.0622
512	fixed	3	T3	0dfa7fc3533697c4	-1	-1	512	-1	replay	none	0	none	-	-1	-	-	718	4.0191
513	fixed	3	T3	0dfa7fc3533697c4	-1	-1	512	-1	replay	none	0	none	-	-1	-	-	660	3.7669
514	fixed	3	T3	0dfa7fc3533697c4	-1	-1	512	-1	replay	none	0	none	-	-1	-	-	697	3.8006
515	fixed	3	T3	0dfa7fc3533697c4	-1	-1	512	-1	replay	none	0	none	-	-1	-	-	680	3.8105
516	fixed	3	T3	0dfa7fc3533697c4	-1	-1	512	-1	replay	none	0	none	-	-1	-	-	717	4.0682
517	fixed	3	T3	0dfa7fc3533697c4	-1	-1	512	-1	replay	none	0	none	-	-1	-	-	756	3.9933
518	fixed	3	T3	0dfa7fc3533697c4	-1	-1	512	-1	replay	none	0	none	-	-1	-	-	750	4.0617
519	fixed	3	T3	0dfa7fc3533697c4	-1	-1	512	-1	replay	none	0	none	-	-1	-	-	738	4.0416
520	fixed	3	T3	0dfa7fc3533697c4	-1	-1	512	-1	replay	none	0	none	-	-1	-	-	723	3.7918
521	fixed	3	T3	0dfa7fc3533697c4	-1	-1	512	-1	replay	none	0	none	-	-1	-	-	694	3.8027
522	fixed	4	T0	802ba1f19f5ea689	-1	-1	256	-1	direct	none	1	structure	shape,data	0	GET_ROWS	model.input_embed	4590	5.0530
523	fixed	4	T0	0dfa7fc3533697c4	-1	-1	512	-1	direct	none	0	structure	shape,data	0	GET_ROWS	model.input_embed	3881	4.3343
524	fixed	4	T0	0dfa7fc3533697c4	-1	-1	512	-1	capture	update	0	none	-	-1	-	-	3496	6.8410
525	fixed	4	T0	0dfa7fc3533697c4	-1	-1	512	-1	replay	none	0	none	-	-1	-	-	695	4.0367
526	fixed	4	T0	0dfa7fc3533697c4	-1	-1	512	-1	replay	none	0	none	-	-1	-	-	742	3.7941
527	fixed	4	T0	0dfa7fc3533697c4	-1	-1	512	-1	replay	none	0	none	-	-1	-	-	693	3.7719
528	fixed	4	T0	0dfa7fc3533697c4	-1	-1	512	-1	replay	none	0	none	-	-1	-	-	684	3.7866
529	fixed	4	T0	0dfa7fc3533697c4	-1	-1	512	-1	replay	none	0	none	-	-1	-	-	893	3.8390
530	fixed	4	T0	0dfa7fc3533697c4	-1	-1	512	-1	replay	none	0	none	-	-1	-	-	682	4.0328
531	fixed	4	T0	0dfa7fc3533697c4	-1	-1	512	-1	replay	none	0	none	-	-1	-	-	710	4.0320
532	fixed	4	T0	0dfa7fc3533697c4	-1	-1	512	-1	replay	none	0	none	-	-1	-	-	713	3.9536
533	fixed	4	T0	0dfa7fc3533697c4	-1	-1	512	-1	replay	none	0	none	-	-1	-	-	685	3.8948
534	fixed	4	T0	0dfa7fc3533697c4	-1	-1	512	-1	replay	none	0	none	-	-1	-	-	697	3.7665
535	fixed	4	T0	0dfa7fc3533697c4	-1	-1	512	-1	replay	none	0	none	-	-1	-	-	694	4.0356
536	fixed	4	T0	0dfa7fc3533697c4	-1	-1	512	-1	replay	none	0	none	-	-1	-	-	680	3.9941
537	fixed	4	T0	0dfa7fc3533697c4	-1	-1	512	-1	replay	none	0	none	-	-1	-	-	708	3.8717
538	fixed	4	T0	0dfa7fc3533697c4	-1	-1	512	-1	replay	none	0	none	-	-1	-	-	680	3.7507
539	fixed	4	T0	0dfa7fc3533697c4	-1	-1	512	-1	replay	none	0	none	-	-1	-	-	683	3.7791
540	fixed	4	T0	0dfa7fc3533697c4	-1	-1	512	-1	replay	none	0	none	-	-1	-	-	684	3.7867
541	fixed	4	T0	0dfa7fc3533697c4	-1	-1	512	-1	replay	none	0	none	-	-1	-	-	699	3.7816
542	fixed	4	T0	0dfa7fc3533697c4	-1	-1	512	-1	replay	none	0	none	-	-1	-	-	701	4.0794
543	fixed	4	T0	0dfa7fc3533697c4	-1	-1	512	-1	replay	none	0	none	-	-1	-	-	694	3.9139
544	fixed	4	T0	0dfa7fc3533697c4	-1	-1	512	-1	replay	none	0	none	-	-1	-	-	693	3.7653
545	fixed	4	T0	0dfa7fc3533697c4	-1	-1	512	-1	replay	none	0	none	-	-1	-	-	683	4.0398
546	fixed	4	T0	0dfa7fc3533697c4	-1	-1	512	-1	replay	none	0	none	-	-1	-	-	690	3.7791
547	fixed	4	T1	94dc22ce3d23b91b	-1	-1	512	-1	direct	none	1	structure	shape,data	0	GET_ROWS	model.input_embed	4364	5.1434
548	fixed	4	T1	d8f873be867a8271	-1	-1	256	-1	direct	none	0	structure	shape,data	0	GET_ROWS	model.input_embed	5450	16.9547
549	fixed	4	T1	79cc5f245f480542	-1	-1	512	-1	direct	none	0	structure	shape,data	0	GET_ROWS	model.input_embed	4544	5.1333
550	fixed	4	T1	bcd06391008a2d68	-1	-1	256	-1	direct	none	0	structure	shape,data	0	GET_ROWS	model.input_embed	4052	4.9840
551	fixed	4	T2	d702fd6fe588b6cb	-1	-1	512	-1	direct	none	0	structure	shape,data	0	GET_ROWS	model.input_embed	4362	4.7690
552	fixed	4	T2	d702fd6fe588b6cb	-1	-1	512	-1	capture	reinstantiate	0	none	-	-1	-	-	5604	9.0504
553	fixed	4	T2	d702fd6fe588b6cb	-1	-1	512	-1	replay	none	0	none	-	-1	-	-	769	4.2551
554	fixed	4	T2	d702fd6fe588b6cb	-1	-1	512	-1	replay	none	0	none	-	-1	-	-	762	4.4056
555	fixed	4	T2	d702fd6fe588b6cb	-1	-1	512	-1	replay	none	0	none	-	-1	-	-	719	4.1067
556	fixed	4	T2	d702fd6fe588b6cb	-1	-1	512	-1	replay	none	0	none	-	-1	-	-	735	4.3328
557	fixed	4	T2	d702fd6fe588b6cb	-1	-1	512	-1	replay	none	0	none	-	-1	-	-	724	4.2513
558	fixed	4	T2	d702fd6fe588b6cb	-1	-1	512	-1	replay	none	0	none	-	-1	-	-	731	4.2332
559	fixed	4	T2	d702fd6fe588b6cb	-1	-1	512	-1	replay	none	0	none	-	-1	-	-	706	4.2767
560	fixed	4	T2	d702fd6fe588b6cb	-1	-1	512	-1	replay	none	0	none	-	-1	-	-	813	4.2302
561	fixed	4	T2	d702fd6fe588b6cb	-1	-1	512	-1	replay	none	0	none	-	-1	-	-	739	4.3475
562	fixed	4	T2	d702fd6fe588b6cb	-1	-1	512	-1	replay	none	0	none	-	-1	-	-	731	4.2924
563	fixed	4	T2	d702fd6fe588b6cb	-1	-1	512	-1	replay	none	0	none	-	-1	-	-	713	4.3431
564	fixed	4	T2	d702fd6fe588b6cb	-1	-1	512	-1	replay	none	0	none	-	-1	-	-	984	4.2405
565	fixed	4	T2	d702fd6fe588b6cb	-1	-1	512	-1	replay	none	0	none	-	-1	-	-	731	4.2101
566	fixed	4	T2	d702fd6fe588b6cb	-1	-1	512	-1	replay	none	0	none	-	-1	-	-	718	4.2965
567	fixed	4	T2	d702fd6fe588b6cb	-1	-1	512	-1	replay	none	0	none	-	-1	-	-	727	4.2184
568	fixed	4	T2	d702fd6fe588b6cb	-1	-1	512	-1	replay	none	0	none	-	-1	-	-	786	4.2902
569	fixed	4	T2	d702fd6fe588b6cb	-1	-1	512	-1	replay	none	0	none	-	-1	-	-	695	4.3145
570	fixed	4	T2	d702fd6fe588b6cb	-1	-1	512	-1	replay	none	0	none	-	-1	-	-	889	4.3102
571	fixed	4	T2	d702fd6fe588b6cb	-1	-1	512	-1	replay	none	0	none	-	-1	-	-	712	4.3210
572	fixed	4	T2	d702fd6fe588b6cb	-1	-1	512	-1	replay	none	0	none	-	-1	-	-	727	4.0884
573	fixed	4	T2	d702fd6fe588b6cb	-1	-1	512	-1	replay	none	0	none	-	-1	-	-	735	4.2665
574	fixed	4	T2	d702fd6fe588b6cb	-1	-1	512	-1	replay	none	0	none	-	-1	-	-	773	4.2979
575	fixed	4	T2	d702fd6fe588b6cb	-1	-1	512	-1	replay	none	0	none	-	-1	-	-	1584	4.1243
576	fixed	4	T2	d702fd6fe588b6cb	-1	-1	512	-1	replay	none	0	none	-	-1	-	-	757	4.0742
577	fixed	4	T2	d702fd6fe588b6cb	-1	-1	512	-1	replay	none	0	none	-	-1	-	-	748	4.1242
578	fixed	4	T2	d702fd6fe588b6cb	-1	-1	512	-1	replay	none	0	none	-	-1	-	-	727	4.0978
579	fixed	4	T2	d702fd6fe588b6cb	-1	-1	512	-1	replay	none	0	none	-	-1	-	-	929	4.3154
580	fixed	4	T2	d702fd6fe588b6cb	-1	-1	512	-1	replay	none	0	none	-	-1	-	-	943	4.1843
581	fixed	4	T2	d702fd6fe588b6cb	-1	-1	512	-1	replay	none	0	none	-	-1	-	-	716	4.4382
582	fixed	4	T3	0dfa7fc3533697c4	-1	-1	512	-1	direct	none	1	structure	shape,data	0	GET_ROWS	model.input_embed	3760	4.4665
583	fixed	4	T3	0dfa7fc3533697c4	-1	-1	512	-1	capture	reinstantiate	0	none	-	-1	-	-	5585	9.0068
584	fixed	4	T3	0dfa7fc3533697c4	-1	-1	512	-1	replay	none	0	none	-	-1	-	-	727	4.0692
585	fixed	4	T3	0dfa7fc3533697c4	-1	-1	512	-1	replay	none	0	none	-	-1	-	-	893	3.8042
586	fixed	4	T3	0dfa7fc3533697c4	-1	-1	512	-1	replay	none	0	none	-	-1	-	-	720	3.7978
587	fixed	4	T3	0dfa7fc3533697c4	-1	-1	512	-1	replay	none	0	none	-	-1	-	-	967	3.8743
588	fixed	4	T3	0dfa7fc3533697c4	-1	-1	512	-1	replay	none	0	none	-	-1	-	-	772	3.8715
589	fixed	4	T3	0dfa7fc3533697c4	-1	-1	512	-1	replay	none	0	none	-	-1	-	-	734	4.0654
590	fixed	4	T3	0dfa7fc3533697c4	-1	-1	512	-1	replay	none	0	none	-	-1	-	-	704	4.0980
591	fixed	4	T3	0dfa7fc3533697c4	-1	-1	512	-1	replay	none	0	none	-	-1	-	-	763	4.0002
592	fixed	4	T3	0dfa7fc3533697c4	-1	-1	512	-1	replay	none	0	none	-	-1	-	-	717	3.7749
593	fixed	4	T3	0dfa7fc3533697c4	-1	-1	512	-1	replay	none	0	none	-	-1	-	-	719	3.8083
594	fixed	4	T3	0dfa7fc3533697c4	-1	-1	512	-1	replay	none	0	none	-	-1	-	-	730	3.8058
595	fixed	4	T3	0dfa7fc3533697c4	-1	-1	512	-1	replay	none	0	none	-	-1	-	-	740	4.0729
596	fixed	4	T3	0dfa7fc3533697c4	-1	-1	512	-1	replay	none	0	none	-	-1	-	-	718	4.1276
597	fixed	4	T3	0dfa7fc3533697c4	-1	-1	512	-1	replay	none	0	none	-	-1	-	-	810	3.9915
598	fixed	4	T3	0dfa7fc3533697c4	-1	-1	512	-1	replay	none	0	none	-	-1	-	-	733	3.8822
599	fixed	4	T3	0dfa7fc3533697c4	-1	-1	512	-1	replay	none	0	none	-	-1	-	-	799	3.9891
600	fixed	4	T3	0dfa7fc3533697c4	-1	-1	512	-1	replay	none	0	none	-	-1	-	-	732	3.7908
601	fixed	4	T3	0dfa7fc3533697c4	-1	-1	512	-1	replay	none	0	none	-	-1	-	-	718	3.8661
602	fixed	4	T3	0dfa7fc3533697c4	-1	-1	512	-1	replay	none	0	none	-	-1	-	-	724	3.8269
603	fixed	4	T3	0dfa7fc3533697c4	-1	-1	512	-1	replay	none	0	none	-	-1	-	-	716	4.0592
604	fixed	4	T3	0dfa7fc3533697c4	-1	-1	512	-1	replay	none	0	none	-	-1	-	-	708	4.0839
605	fixed	4	T3	0dfa7fc3533697c4	-1	-1	512	-1	replay	none	0	none	-	-1	-	-	903	4.2040
606	fixed	4	T3	0dfa7fc3533697c4	-1	-1	512	-1	replay	none	0	none	-	-1	-	-	669	3.9636
607	fixed	4	T3	0dfa7fc3533697c4	-1	-1	512	-1	replay	none	0	none	-	-1	-	-	732	4.1170
608	fixed	4	T3	0dfa7fc3533697c4	-1	-1	512	-1	replay	none	0	none	-	-1	-	-	735	4.1759
609	fixed	4	T3	0dfa7fc3533697c4	-1	-1	512	-1	replay	none	0	none	-	-1	-	-	764	4.0653
610	fixed	4	T3	0dfa7fc3533697c4	-1	-1	512	-1	replay	none	0	none	-	-1	-	-	747	3.8977
611	fixed	4	T3	0dfa7fc3533697c4	-1	-1	512	-1	replay	none	0	none	-	-1	-	-	633	4.0952
612	fixed	4	T3	0dfa7fc3533697c4	-1	-1	512	-1	replay	none	0	none	-	-1	-	-	791	4.1156
613	fixed	4	T3	0dfa7fc3533697c4	-1	-1	512	-1	replay	none	0	none	-	-1	-	-	765	4.0885
614	fixed	4	T3	0dfa7fc3533697c4	-1	-1	512	-1	replay	none	0	none	-	-1	-	-	740	3.9235
615	fixed	4	T3	0dfa7fc3533697c4	-1	-1	512	-1	replay	none	0	none	-	-1	-	-	739	3.7949
616	fixed	4	T3	0dfa7fc3533697c4	-1	-1	512	-1	replay	none	0	none	-	-1	-	-	730	3.7892
617	fixed	4	T3	0dfa7fc3533697c4	-1	-1	512	-1	replay	none	0	none	-	-1	-	-	769	3.7757
618	fixed	4	T3	0dfa7fc3533697c4	-1	-1	512	-1	replay	none	0	none	-	-1	-	-	768	3.8179
619	fixed	4	T3	0dfa7fc3533697c4	-1	-1	512	-1	replay	none	0	none	-	-1	-	-	708	4.0737
620	fixed	4	T3	0dfa7fc3533697c4	-1	-1	512	-1	replay	none	0	none	-	-1	-	-	835	3.9068
621	fixed	4	T3	0dfa7fc3533697c4	-1	-1	512	-1	replay	none	0	none	-	-1	-	-	717	3.7901
622	fixed	4	T3	0dfa7fc3533697c4	-1	-1	512	-1	replay	none	0	none	-	-1	-	-	709	4.1481
623	fixed	4	T3	0dfa7fc3533697c4	-1	-1	512	-1	replay	none	0	none	-	-1	-	-	728	4.0295
624	fixed	4	T3	0dfa7fc3533697c4	-1	-1	512	-1	replay	none	0	none	-	-1	-	-	699	3.8112
625	fixed	4	T3	0dfa7fc3533697c4	-1	-1	512	-1	replay	none	0	none	-	-1	-	-	847	5.0829
626	fixed	4	T3	0dfa7fc3533697c4	-1	-1	512	-1	replay	none	0	none	-	-1	-	-	709	3.8362
627	fixed	4	T3	0dfa7fc3533697c4	-1	-1	512	-1	replay	none	0	none	-	-1	-	-	696	3.9769
628	fixed	4	T3	0dfa7fc3533697c4	-1	-1	512	-1	replay	none	0	none	-	-1	-	-	736	4.0592
629	fixed	4	T3	0dfa7fc3533697c4	-1	-1	512	-1	replay	none	0	none	-	-1	-	-	702	4.1048
630	fixed	4	T3	0dfa7fc3533697c4	-1	-1	512	-1	replay	none	0	none	-	-1	-	-	696	4.0090
631	fixed	4	T3	0dfa7fc3533697c4	-1	-1	512	-1	replay	none	0	none	-	-1	-	-	968	3.8323
632	fixed	4	T3	0dfa7fc3533697c4	-1	-1	512	-1	replay	none	0	none	-	-1	-	-	732	3.7921
633	fixed	4	T3	0dfa7fc3533697c4	-1	-1	512	-1	replay	none	0	none	-	-1	-	-	708	3.8093
634	fixed	4	T3	0dfa7fc3533697c4	-1	-1	512	-1	replay	none	0	none	-	-1	-	-	705	4.1326
635	fixed	4	T3	0dfa7fc3533697c4	-1	-1	512	-1	replay	none	0	none	-	-1	-	-	738	4.1111
636	fixed	4	T3	0dfa7fc3533697c4	-1	-1	512	-1	replay	none	0	none	-	-1	-	-	723	3.9814
637	fixed	4	T3	0dfa7fc3533697c4	-1	-1	512	-1	replay	none	0	none	-	-1	-	-	720	3.7798
638	fixed	4	T3	0dfa7fc3533697c4	-1	-1	512	-1	replay	none	0	none	-	-1	-	-	733	3.8424
639	fixed	4	T3	0dfa7fc3533697c4	-1	-1	512	-1	replay	none	0	none	-	-1	-	-	688	3.8459
640	fixed	4	T3	0dfa7fc3533697c4	-1	-1	512	-1	replay	none	0	none	-	-1	-	-	752	3.8451
641	fixed	4	T3	0dfa7fc3533697c4	-1	-1	512	-1	replay	none	0	none	-	-1	-	-	702	4.0751
642	fixed	4	T3	0dfa7fc3533697c4	-1	-1	512	-1	replay	none	0	none	-	-1	-	-	1087	4.0768
643	fixed	4	T3	0dfa7fc3533697c4	-1	-1	512	-1	replay	none	0	none	-	-1	-	-	874	4.0820
644	fixed	4	T3	0dfa7fc3533697c4	-1	-1	512	-1	replay	none	0	none	-	-1	-	-	711	4.0012
645	fixed	4	T3	0dfa7fc3533697c4	-1	-1	512	-1	replay	none	0	none	-	-1	-	-	692	4.0228
646	fixed	4	T3	0dfa7fc3533697c4	-1	-1	512	-1	replay	none	0	none	-	-1	-	-	671	3.9980
647	fixed	4	T3	0dfa7fc3533697c4	-1	-1	512	-1	replay	none	0	none	-	-1	-	-	708	3.8182
648	fixed	4	T3	0dfa7fc3533697c4	-1	-1	512	-1	replay	none	0	none	-	-1	-	-	687	3.8784
649	fixed	4	T3	0dfa7fc3533697c4	-1	-1	512	-1	replay	none	0	none	-	-1	-	-	698	4.0360
650	fixed	4	T3	0dfa7fc3533697c4	-1	-1	512	-1	replay	none	0	none	-	-1	-	-	691	4.0222
651	fixed	4	T3	0dfa7fc3533697c4	-1	-1	512	-1	replay	none	0	none	-	-1	-	-	660	4.0036
652	fixed	5	T0	802ba1f19f5ea689	-1	-1	256	-1	direct	none	1	structure	shape,data	0	GET_ROWS	model.input_embed	4823	5.6074
653	fixed	5	T0	0dfa7fc3533697c4	-1	-1	512	-1	direct	none	0	structure	shape,data	0	GET_ROWS	model.input_embed	4616	4.9156
654	fixed	5	T0	0dfa7fc3533697c4	-1	-1	512	-1	capture	update	0	none	-	-1	-	-	2686	5.9067
655	fixed	5	T0	0dfa7fc3533697c4	-1	-1	512	-1	replay	none	0	none	-	-1	-	-	759	3.8080
656	fixed	5	T0	0dfa7fc3533697c4	-1	-1	512	-1	replay	none	0	none	-	-1	-	-	695	4.3271
657	fixed	5	T0	0dfa7fc3533697c4	-1	-1	512	-1	replay	none	0	none	-	-1	-	-	720	4.0347
658	fixed	5	T0	0dfa7fc3533697c4	-1	-1	512	-1	replay	none	0	none	-	-1	-	-	715	3.8416
659	fixed	5	T0	0dfa7fc3533697c4	-1	-1	512	-1	replay	none	0	none	-	-1	-	-	715	4.0333
660	fixed	5	T0	0dfa7fc3533697c4	-1	-1	512	-1	replay	none	0	none	-	-1	-	-	706	4.0670
661	fixed	5	T0	0dfa7fc3533697c4	-1	-1	512	-1	replay	none	0	none	-	-1	-	-	691	4.1006
662	fixed	5	T0	0dfa7fc3533697c4	-1	-1	512	-1	replay	none	0	none	-	-1	-	-	706	4.0645
663	fixed	5	T0	0dfa7fc3533697c4	-1	-1	512	-1	replay	none	0	none	-	-1	-	-	697	3.9131
664	fixed	5	T0	0dfa7fc3533697c4	-1	-1	512	-1	replay	none	0	none	-	-1	-	-	719	3.9154
665	fixed	5	T0	0dfa7fc3533697c4	-1	-1	512	-1	replay	none	0	none	-	-1	-	-	691	3.7599
666	fixed	5	T0	0dfa7fc3533697c4	-1	-1	512	-1	replay	none	0	none	-	-1	-	-	793	4.0670
667	fixed	5	T0	0dfa7fc3533697c4	-1	-1	512	-1	replay	none	0	none	-	-1	-	-	702	4.0742
668	fixed	5	T0	0dfa7fc3533697c4	-1	-1	512	-1	replay	none	0	none	-	-1	-	-	687	4.1100
669	fixed	5	T0	0dfa7fc3533697c4	-1	-1	512	-1	replay	none	0	none	-	-1	-	-	690	3.9643
670	fixed	5	T0	0dfa7fc3533697c4	-1	-1	512	-1	replay	none	0	none	-	-1	-	-	692	3.9154
671	fixed	5	T0	0dfa7fc3533697c4	-1	-1	512	-1	replay	none	0	none	-	-1	-	-	731	4.0502
672	fixed	5	T0	0dfa7fc3533697c4	-1	-1	512	-1	replay	none	0	none	-	-1	-	-	703	3.8465
673	fixed	5	T0	0dfa7fc3533697c4	-1	-1	512	-1	replay	none	0	none	-	-1	-	-	722	3.8564
674	fixed	5	T0	0dfa7fc3533697c4	-1	-1	512	-1	replay	none	0	none	-	-1	-	-	720	4.0058
675	fixed	5	T0	0dfa7fc3533697c4	-1	-1	512	-1	replay	none	0	none	-	-1	-	-	702	3.9749
676	fixed	5	T0	0dfa7fc3533697c4	-1	-1	512	-1	replay	none	0	none	-	-1	-	-	715	3.7633
677	fixed	5	T1	94dc22ce3d23b91b	-1	-1	512	-1	direct	none	1	structure	shape,data	0	GET_ROWS	model.input_embed	4490	5.1914
678	fixed	5	T1	d8f873be867a8271	-1	-1	256	-1	direct	none	0	structure	shape,data	0	GET_ROWS	model.input_embed	5504	18.5086
679	fixed	5	T1	79cc5f245f480542	-1	-1	512	-1	direct	none	0	structure	shape,data	0	GET_ROWS	model.input_embed	4582	4.9900
680	fixed	5	T1	bcd06391008a2d68	-1	-1	256	-1	direct	none	0	structure	shape,data	0	GET_ROWS	model.input_embed	4553	4.8663
681	fixed	5	T2	d702fd6fe588b6cb	-1	-1	512	-1	direct	none	0	structure	shape,data	0	GET_ROWS	model.input_embed	4374	4.6998
682	fixed	5	T2	d702fd6fe588b6cb	-1	-1	512	-1	capture	reinstantiate	0	none	-	-1	-	-	5084	8.4918
683	fixed	5	T2	d702fd6fe588b6cb	-1	-1	512	-1	replay	none	0	none	-	-1	-	-	729	4.0996
684	fixed	5	T2	d702fd6fe588b6cb	-1	-1	512	-1	replay	none	0	none	-	-1	-	-	763	4.4145
685	fixed	5	T2	d702fd6fe588b6cb	-1	-1	512	-1	replay	none	0	none	-	-1	-	-	732	4.3422
686	fixed	5	T2	d702fd6fe588b6cb	-1	-1	512	-1	replay	none	0	none	-	-1	-	-	714	4.1435
687	fixed	5	T2	d702fd6fe588b6cb	-1	-1	512	-1	replay	none	0	none	-	-1	-	-	703	4.2382
688	fixed	5	T2	d702fd6fe588b6cb	-1	-1	512	-1	replay	none	0	none	-	-1	-	-	658	4.2861
689	fixed	5	T2	d702fd6fe588b6cb	-1	-1	512	-1	replay	none	0	none	-	-1	-	-	782	4.2713
690	fixed	5	T2	d702fd6fe588b6cb	-1	-1	512	-1	replay	none	0	none	-	-1	-	-	686	4.1854
691	fixed	5	T2	d702fd6fe588b6cb	-1	-1	512	-1	replay	none	0	none	-	-1	-	-	746	4.2155
692	fixed	5	T2	d702fd6fe588b6cb	-1	-1	512	-1	replay	none	0	none	-	-1	-	-	745	4.2492
693	fixed	5	T2	d702fd6fe588b6cb	-1	-1	512	-1	replay	none	0	none	-	-1	-	-	810	4.1102
694	fixed	5	T2	d702fd6fe588b6cb	-1	-1	512	-1	replay	none	0	none	-	-1	-	-	763	4.0749
695	fixed	5	T2	d702fd6fe588b6cb	-1	-1	512	-1	replay	none	0	none	-	-1	-	-	775	4.1128
696	fixed	5	T2	d702fd6fe588b6cb	-1	-1	512	-1	replay	none	0	none	-	-1	-	-	691	4.1031
697	fixed	5	T2	d702fd6fe588b6cb	-1	-1	512	-1	replay	none	0	none	-	-1	-	-	674	4.0819
698	fixed	5	T2	d702fd6fe588b6cb	-1	-1	512	-1	replay	none	0	none	-	-1	-	-	706	4.0740
699	fixed	5	T2	d702fd6fe588b6cb	-1	-1	512	-1	replay	none	0	none	-	-1	-	-	704	4.1364
700	fixed	5	T2	d702fd6fe588b6cb	-1	-1	512	-1	replay	none	0	none	-	-1	-	-	708	4.4004
701	fixed	5	T2	d702fd6fe588b6cb	-1	-1	512	-1	replay	none	0	none	-	-1	-	-	558	4.2267
702	fixed	5	T2	d702fd6fe588b6cb	-1	-1	512	-1	replay	none	0	none	-	-1	-	-	715	4.4069
703	fixed	5	T2	d702fd6fe588b6cb	-1	-1	512	-1	replay	none	0	none	-	-1	-	-	702	4.3177
704	fixed	5	T2	d702fd6fe588b6cb	-1	-1	512	-1	replay	none	0	none	-	-1	-	-	693	4.1684
705	fixed	5	T2	d702fd6fe588b6cb	-1	-1	512	-1	replay	none	0	none	-	-1	-	-	681	4.2658
706	fixed	5	T2	d702fd6fe588b6cb	-1	-1	512	-1	replay	none	0	none	-	-1	-	-	683	4.2822
707	fixed	5	T2	d702fd6fe588b6cb	-1	-1	512	-1	replay	none	0	none	-	-1	-	-	686	4.2839
708	fixed	5	T2	d702fd6fe588b6cb	-1	-1	512	-1	replay	none	0	none	-	-1	-	-	696	4.2577
709	fixed	5	T2	d702fd6fe588b6cb	-1	-1	512	-1	replay	none	0	none	-	-1	-	-	678	4.0734
710	fixed	5	T2	d702fd6fe588b6cb	-1	-1	512	-1	replay	none	0	none	-	-1	-	-	711	4.1092
711	fixed	5	T2	d702fd6fe588b6cb	-1	-1	512	-1	replay	none	0	none	-	-1	-	-	681	4.0843
712	fixed	5	T3	0dfa7fc3533697c4	-1	-1	512	-1	direct	none	1	structure	shape,data	0	GET_ROWS	model.input_embed	3134	4.4366
713	fixed	5	T3	0dfa7fc3533697c4	-1	-1	512	-1	capture	reinstantiate	0	none	-	-1	-	-	4133	7.4784
714	fixed	5	T3	0dfa7fc3533697c4	-1	-1	512	-1	replay	none	0	none	-	-1	-	-	695	3.9160
715	fixed	5	T3	0dfa7fc3533697c4	-1	-1	512	-1	replay	none	0	none	-	-1	-	-	521	3.7761
716	fixed	5	T3	0dfa7fc3533697c4	-1	-1	512	-1	replay	none	0	none	-	-1	-	-	682	3.7993
717	fixed	5	T3	0dfa7fc3533697c4	-1	-1	512	-1	replay	none	0	none	-	-1	-	-	593	4.0422
718	fixed	5	T3	0dfa7fc3533697c4	-1	-1	512	-1	replay	none	0	none	-	-1	-	-	669	3.9850
719	fixed	5	T3	0dfa7fc3533697c4	-1	-1	512	-1	replay	none	0	none	-	-1	-	-	664	3.8805
720	fixed	5	T3	0dfa7fc3533697c4	-1	-1	512	-1	replay	none	0	none	-	-1	-	-	715	3.7855
721	fixed	5	T3	0dfa7fc3533697c4	-1	-1	512	-1	replay	none	0	none	-	-1	-	-	679	3.8150
722	fixed	5	T3	0dfa7fc3533697c4	-1	-1	512	-1	replay	none	0	none	-	-1	-	-	1023	3.8525
723	fixed	5	T3	0dfa7fc3533697c4	-1	-1	512	-1	replay	none	0	none	-	-1	-	-	684	4.0314
724	fixed	5	T3	0dfa7fc3533697c4	-1	-1	512	-1	replay	none	0	none	-	-1	-	-	689	3.9826
725	fixed	5	T3	0dfa7fc3533697c4	-1	-1	512	-1	replay	none	0	none	-	-1	-	-	693	3.9078
726	fixed	5	T3	0dfa7fc3533697c4	-1	-1	512	-1	replay	none	0	none	-	-1	-	-	718	3.8085
727	fixed	5	T3	0dfa7fc3533697c4	-1	-1	512	-1	replay	none	0	none	-	-1	-	-	700	3.7629
728	fixed	5	T3	0dfa7fc3533697c4	-1	-1	512	-1	replay	none	0	none	-	-1	-	-	764	3.8433
729	fixed	5	T3	0dfa7fc3533697c4	-1	-1	512	-1	replay	none	0	none	-	-1	-	-	705	4.1112
730	fixed	5	T3	0dfa7fc3533697c4	-1	-1	512	-1	replay	none	0	none	-	-1	-	-	680	3.9952
731	fixed	5	T3	0dfa7fc3533697c4	-1	-1	512	-1	replay	none	0	none	-	-1	-	-	693	4.0404
732	fixed	5	T3	0dfa7fc3533697c4	-1	-1	512	-1	replay	none	0	none	-	-1	-	-	667	3.8163
733	fixed	5	T3	0dfa7fc3533697c4	-1	-1	512	-1	replay	none	0	none	-	-1	-	-	694	4.0393
734	fixed	5	T3	0dfa7fc3533697c4	-1	-1	512	-1	replay	none	0	none	-	-1	-	-	689	4.1068
735	fixed	5	T3	0dfa7fc3533697c4	-1	-1	512	-1	replay	none	0	none	-	-1	-	-	698	3.9891
736	fixed	5	T3	0dfa7fc3533697c4	-1	-1	512	-1	replay	none	0	none	-	-1	-	-	687	3.7484
737	fixed	5	T3	0dfa7fc3533697c4	-1	-1	512	-1	replay	none	0	none	-	-1	-	-	690	4.0301
738	fixed	5	T3	0dfa7fc3533697c4	-1	-1	512	-1	replay	none	0	none	-	-1	-	-	698	3.7893
739	fixed	5	T3	0dfa7fc3533697c4	-1	-1	512	-1	replay	none	0	none	-	-1	-	-	693	4.0090
740	fixed	5	T3	0dfa7fc3533697c4	-1	-1	512	-1	replay	none	0	none	-	-1	-	-	697	3.8267
741	fixed	5	T3	0dfa7fc3533697c4	-1	-1	512	-1	replay	none	0	none	-	-1	-	-	687	3.7650
742	fixed	5	T3	0dfa7fc3533697c4	-1	-1	512	-1	replay	none	0	none	-	-1	-	-	695	4.0493
743	fixed	5	T3	0dfa7fc3533697c4	-1	-1	512	-1	replay	none	0	none	-	-1	-	-	701	3.8235
744	fixed	5	T3	0dfa7fc3533697c4	-1	-1	512	-1	replay	none	0	none	-	-1	-	-	676	3.7802
745	fixed	5	T3	0dfa7fc3533697c4	-1	-1	512	-1	replay	none	0	none	-	-1	-	-	699	4.0444
746	fixed	5	T3	0dfa7fc3533697c4	-1	-1	512	-1	replay	none	0	none	-	-1	-	-	1644	4.0562
747	fixed	5	T3	0dfa7fc3533697c4	-1	-1	512	-1	replay	none	0	none	-	-1	-	-	709	4.0578
748	fixed	5	T3	0dfa7fc3533697c4	-1	-1	512	-1	replay	none	0	none	-	-1	-	-	687	3.9832
749	fixed	5	T3	0dfa7fc3533697c4	-1	-1	512	-1	replay	none	0	none	-	-1	-	-	706	3.9342
750	fixed	5	T3	0dfa7fc3533697c4	-1	-1	512	-1	replay	none	0	none	-	-1	-	-	685	3.8061
751	fixed	5	T3	0dfa7fc3533697c4	-1	-1	512	-1	replay	none	0	none	-	-1	-	-	699	4.0383
752	fixed	5	T3	0dfa7fc3533697c4	-1	-1	512	-1	replay	none	0	none	-	-1	-	-	702	4.0442
753	fixed	5	T3	0dfa7fc3533697c4	-1	-1	512	-1	replay	none	0	none	-	-1	-	-	727	4.0966
754	fixed	5	T3	0dfa7fc3533697c4	-1	-1	512	-1	replay	none	0	none	-	-1	-	-	705	3.9844
755	fixed	5	T3	0dfa7fc3533697c4	-1	-1	512	-1	replay	none	0	none	-	-1	-	-	714	3.8844
756	fixed	5	T3	0dfa7fc3533697c4	-1	-1	512	-1	replay	none	0	none	-	-1	-	-	676	4.1218
757	fixed	5	T3	0dfa7fc3533697c4	-1	-1	512	-1	replay	none	0	none	-	-1	-	-	682	3.8264
758	fixed	5	T3	0dfa7fc3533697c4	-1	-1	512	-1	replay	none	0	none	-	-1	-	-	682	4.0454
759	fixed	5	T3	0dfa7fc3533697c4	-1	-1	512	-1	replay	none	0	none	-	-1	-	-	704	4.0296
760	fixed	5	T3	0dfa7fc3533697c4	-1	-1	512	-1	replay	none	0	none	-	-1	-	-	681	3.7463
761	fixed	5	T3	0dfa7fc3533697c4	-1	-1	512	-1	replay	none	0	none	-	-1	-	-	682	3.9046
762	fixed	5	T3	0dfa7fc3533697c4	-1	-1	512	-1	replay	none	0	none	-	-1	-	-	701	3.7609
763	fixed	5	T3	0dfa7fc3533697c4	-1	-1	512	-1	replay	none	0	none	-	-1	-	-	683	4.0423
764	fixed	5	T3	0dfa7fc3533697c4	-1	-1	512	-1	replay	none	0	none	-	-1	-	-	677	4.0453
765	fixed	5	T3	0dfa7fc3533697c4	-1	-1	512	-1	replay	none	0	none	-	-1	-	-	694	4.0668
766	fixed	5	T3	0dfa7fc3533697c4	-1	-1	512	-1	replay	none	0	none	-	-1	-	-	726	4.0036
767	fixed	5	T3	0dfa7fc3533697c4	-1	-1	512	-1	replay	none	0	none	-	-1	-	-	692	3.9385
768	fixed	5	T3	0dfa7fc3533697c4	-1	-1	512	-1	replay	none	0	none	-	-1	-	-	684	3.7732
769	fixed	5	T3	0dfa7fc3533697c4	-1	-1	512	-1	replay	none	0	none	-	-1	-	-	711	4.0327
770	fixed	5	T3	0dfa7fc3533697c4	-1	-1	512	-1	replay	none	0	none	-	-1	-	-	684	4.0290
771	fixed	5	T3	0dfa7fc3533697c4	-1	-1	512	-1	replay	none	0	none	-	-1	-	-	678	3.7539
772	fixed	5	T3	0dfa7fc3533697c4	-1	-1	512	-1	replay	none	0	none	-	-1	-	-	681	3.8687
773	fixed	5	T3	0dfa7fc3533697c4	-1	-1	512	-1	replay	none	0	none	-	-1	-	-	679	3.8161
774	fixed	5	T3	0dfa7fc3533697c4	-1	-1	512	-1	replay	none	0	none	-	-1	-	-	677	4.0275
775	fixed	5	T3	0dfa7fc3533697c4	-1	-1	512	-1	replay	none	0	none	-	-1	-	-	703	3.9324
776	fixed	5	T3	0dfa7fc3533697c4	-1	-1	512	-1	replay	none	0	none	-	-1	-	-	682	3.9869
777	fixed	5	T3	0dfa7fc3533697c4	-1	-1	512	-1	replay	none	0	none	-	-1	-	-	682	3.9909
778	fixed	5	T3	0dfa7fc3533697c4	-1	-1	512	-1	replay	none	0	none	-	-1	-	-	689	4.0278
779	fixed	5	T3	0dfa7fc3533697c4	-1	-1	512	-1	replay	none	0	none	-	-1	-	-	693	3.8489
780	fixed	5	T3	0dfa7fc3533697c4	-1	-1	512	-1	replay	none	0	none	-	-1	-	-	700	4.0511
781	fixed	5	T3	0dfa7fc3533697c4	-1	-1	512	-1	replay	none	0	none	-	-1	-	-	707	3.8179
782	permuted	0	T0	dbdb0ad78cf67443	-1	-1	256	-1	direct	none	1	structure	shape,data	0	GET_ROWS	model.input_embed	5156	17.3833
783	permuted	0	T0	5e879b663492f411	-1	-1	256	-1	direct	none	0	structure	shape,data	0	GET_ROWS	model.input_embed	4647	5.1316
784	permuted	0	T0	0fdbf3977c990123	-1	-1	512	-1	direct	none	0	structure	shape,data	0	GET_ROWS	model.input_embed	4039	4.8085
785	permuted	0	T0	0fdbf3977c990123	-1	-1	512	-1	capture	update	0	none	-	-1	-	-	2965	6.1470
786	permuted	0	T0	0fdbf3977c990123	-1	-1	512	-1	replay	none	0	none	-	-1	-	-	743	4.0344
787	permuted	0	T0	0fdbf3977c990123	-1	-1	512	-1	replay	none	0	none	-	-1	-	-	705	4.0892
788	permuted	0	T0	0fdbf3977c990123	-1	-1	512	-1	replay	none	0	none	-	-1	-	-	664	4.0050
789	permuted	0	T0	0fdbf3977c990123	-1	-1	512	-1	replay	none	0	none	-	-1	-	-	711	4.0189
790	permuted	0	T0	0fdbf3977c990123	-1	-1	512	-1	replay	none	0	none	-	-1	-	-	743	3.9252
791	permuted	0	T0	0fdbf3977c990123	-1	-1	512	-1	replay	none	0	none	-	-1	-	-	702	3.8533
792	permuted	0	T0	0fdbf3977c990123	-1	-1	512	-1	replay	none	0	none	-	-1	-	-	683	4.0285
793	permuted	0	T0	0fdbf3977c990123	-1	-1	512	-1	replay	none	0	none	-	-1	-	-	729	4.0094
794	permuted	0	T0	0fdbf3977c990123	-1	-1	512	-1	replay	none	0	none	-	-1	-	-	633	4.0936
795	permuted	0	T0	0fdbf3977c990123	-1	-1	512	-1	replay	none	0	none	-	-1	-	-	709	3.9450
796	permuted	0	T0	0fdbf3977c990123	-1	-1	512	-1	replay	none	0	none	-	-1	-	-	710	3.9956
797	permuted	0	T0	0fdbf3977c990123	-1	-1	512	-1	replay	none	0	none	-	-1	-	-	700	3.8358
798	permuted	0	T0	0fdbf3977c990123	-1	-1	512	-1	replay	none	0	none	-	-1	-	-	716	4.0271
799	permuted	0	T0	0fdbf3977c990123	-1	-1	512	-1	replay	none	0	none	-	-1	-	-	711	4.0306
800	permuted	0	T0	0fdbf3977c990123	-1	-1	512	-1	replay	none	0	none	-	-1	-	-	734	4.1567
801	permuted	0	T0	0fdbf3977c990123	-1	-1	512	-1	replay	none	0	none	-	-1	-	-	719	3.8844
802	permuted	0	T0	0fdbf3977c990123	-1	-1	512	-1	replay	none	0	none	-	-1	-	-	712	3.9314
803	permuted	0	T0	0fdbf3977c990123	-1	-1	512	-1	replay	none	0	none	-	-1	-	-	765	3.7621
804	permuted	0	T0	0fdbf3977c990123	-1	-1	512	-1	replay	none	0	none	-	-1	-	-	701	3.7724
805	permuted	0	T0	0fdbf3977c990123	-1	-1	512	-1	replay	none	0	none	-	-1	-	-	688	4.0335
806	permuted	0	T0	0fdbf3977c990123	-1	-1	512	-1	replay	none	0	none	-	-1	-	-	689	3.9062
807	permuted	0	T0	0fdbf3977c990123	-1	-1	512	-1	replay	none	0	none	-	-1	-	-	705	4.0944
808	permuted	0	T1	0fdbf3977c990123	-1	-1	512	-1	replay	none	0	none	-	-1	-	-	745	4.1066
809	permuted	0	T1	da7570afdbb81394	-1	-1	256	-1	direct	none	1	structure	shape,data	0	GET_ROWS	model.input_embed	6327	17.1018
810	permuted	0	T1	0fdbf3977c990123	-1	-1	512	-1	direct	none	0	structure	shape,data	0	GET_ROWS	model.input_embed	3887	4.5373
811	permuted	0	T1	802ba1f19f5ea689	-1	-1	256	-1	direct	none	0	structure	shape,data	0	GET_ROWS	model.input_embed	4444	5.0202
812	permuted	0	T2	d702fd6fe588b6cb	-1	-1	512	-1	direct	none	0	structure	shape,data	0	GET_ROWS	model.input_embed	4541	5.1419
813	permuted	0	T2	d702fd6fe588b6cb	-1	-1	512	-1	capture	reinstantiate	0	none	-	-1	-	-	4929	8.6505
814	permuted	0	T2	d702fd6fe588b6cb	-1	-1	512	-1	replay	none	0	none	-	-1	-	-	801	4.0700
815	permuted	0	T2	d702fd6fe588b6cb	-1	-1	512	-1	replay	none	0	none	-	-1	-	-	786	4.3365
816	permuted	0	T2	d702fd6fe588b6cb	-1	-1	512	-1	replay	none	0	none	-	-1	-	-	741	4.2022
817	permuted	0	T2	d702fd6fe588b6cb	-1	-1	512	-1	replay	none	0	none	-	-1	-	-	717	4.2683
818	permuted	0	T2	d702fd6fe588b6cb	-1	-1	512	-1	replay	none	0	none	-	-1	-	-	693	4.3197
819	permuted	0	T2	d702fd6fe588b6cb	-1	-1	512	-1	replay	none	0	none	-	-1	-	-	751	4.3084
820	permuted	0	T2	d702fd6fe588b6cb	-1	-1	512	-1	replay	none	0	none	-	-1	-	-	742	4.3628
821	permuted	0	T2	d702fd6fe588b6cb	-1	-1	512	-1	replay	none	0	none	-	-1	-	-	554	4.2724
822	permuted	0	T2	d702fd6fe588b6cb	-1	-1	512	-1	replay	none	0	none	-	-1	-	-	693	4.2493
823	permuted	0	T2	d702fd6fe588b6cb	-1	-1	512	-1	replay	none	0	none	-	-1	-	-	714	4.4019
824	permuted	0	T2	d702fd6fe588b6cb	-1	-1	512	-1	replay	none	0	none	-	-1	-	-	715	4.1495
825	permuted	0	T2	d702fd6fe588b6cb	-1	-1	512	-1	replay	none	0	none	-	-1	-	-	726	4.3112
826	permuted	0	T2	d702fd6fe588b6cb	-1	-1	512	-1	replay	none	0	none	-	-1	-	-	745	4.2362
827	permuted	0	T2	d702fd6fe588b6cb	-1	-1	512	-1	replay	none	0	none	-	-1	-	-	604	4.2862
828	permuted	0	T2	d702fd6fe588b6cb	-1	-1	512	-1	replay	none	0	none	-	-1	-	-	684	4.0487
829	permuted	0	T2	d702fd6fe588b6cb	-1	-1	512	-1	replay	none	0	none	-	-1	-	-	634	4.0672
830	permuted	0	T2	d702fd6fe588b6cb	-1	-1	512	-1	replay	none	0	none	-	-1	-	-	751	4.1278
831	permuted	0	T2	d702fd6fe588b6cb	-1	-1	512	-1	replay	none	0	none	-	-1	-	-	849	4.1555
832	permuted	0	T2	d702fd6fe588b6cb	-1	-1	512	-1	replay	none	0	none	-	-1	-	-	797	4.1566
833	permuted	0	T2	d702fd6fe588b6cb	-1	-1	512	-1	replay	none	0	none	-	-1	-	-	705	4.4155
834	permuted	0	T2	d702fd6fe588b6cb	-1	-1	512	-1	replay	none	0	none	-	-1	-	-	714	4.2452
835	permuted	0	T2	d702fd6fe588b6cb	-1	-1	512	-1	replay	none	0	none	-	-1	-	-	740	4.2617
836	permuted	0	T2	d702fd6fe588b6cb	-1	-1	512	-1	replay	none	0	none	-	-1	-	-	772	4.2318
837	permuted	0	T2	d702fd6fe588b6cb	-1	-1	512	-1	replay	none	0	none	-	-1	-	-	749	4.3204
838	permuted	0	T2	d702fd6fe588b6cb	-1	-1	512	-1	replay	none	0	none	-	-1	-	-	774	4.2917
839	permuted	0	T2	d702fd6fe588b6cb	-1	-1	512	-1	replay	none	0	none	-	-1	-	-	730	4.1695
840	permuted	0	T2	d702fd6fe588b6cb	-1	-1	512	-1	replay	none	0	none	-	-1	-	-	801	4.1680
841	permuted	0	T2	d702fd6fe588b6cb	-1	-1	512	-1	replay	none	0	none	-	-1	-	-	810	4.3288
842	permuted	0	T2	d702fd6fe588b6cb	-1	-1	512	-1	replay	none	0	none	-	-1	-	-	835	4.4144
843	permuted	0	T3	0fdbf3977c990123	-1	-1	512	-1	direct	none	1	structure	shape,data	0	GET_ROWS	model.input_embed	4436	4.7601
844	permuted	0	T3	0fdbf3977c990123	-1	-1	512	-1	capture	reinstantiate	0	none	-	-1	-	-	5532	8.8649
845	permuted	0	T3	0fdbf3977c990123	-1	-1	512	-1	replay	none	0	none	-	-1	-	-	948	3.9728
846	permuted	0	T3	0fdbf3977c990123	-1	-1	512	-1	replay	none	0	none	-	-1	-	-	795	4.1330
847	permuted	0	T3	0fdbf3977c990123	-1	-1	512	-1	replay	none	0	none	-	-1	-	-	797	4.0291
848	permuted	0	T3	0fdbf3977c990123	-1	-1	512	-1	replay	none	0	none	-	-1	-	-	789	3.7656
849	permuted	0	T3	0fdbf3977c990123	-1	-1	512	-1	replay	none	0	none	-	-1	-	-	822	3.8375
850	permuted	0	T3	0fdbf3977c990123	-1	-1	512	-1	replay	none	0	none	-	-1	-	-	811	4.1052
851	permuted	0	T3	0fdbf3977c990123	-1	-1	512	-1	replay	none	0	none	-	-1	-	-	778	4.1171
852	permuted	0	T3	0fdbf3977c990123	-1	-1	512	-1	replay	none	0	none	-	-1	-	-	773	4.1638
853	permuted	0	T3	0fdbf3977c990123	-1	-1	512	-1	replay	none	0	none	-	-1	-	-	717	4.0060
854	permuted	0	T3	0fdbf3977c990123	-1	-1	512	-1	replay	none	0	none	-	-1	-	-	634	4.0089
855	permuted	0	T3	0fdbf3977c990123	-1	-1	512	-1	replay	none	0	none	-	-1	-	-	717	3.9153
856	permuted	0	T3	0fdbf3977c990123	-1	-1	512	-1	replay	none	0	none	-	-1	-	-	726	3.8740
857	permuted	0	T3	0fdbf3977c990123	-1	-1	512	-1	replay	none	0	none	-	-1	-	-	683	3.9494
858	permuted	0	T3	0fdbf3977c990123	-1	-1	512	-1	replay	none	0	none	-	-1	-	-	639	3.7931
859	permuted	0	T3	0fdbf3977c990123	-1	-1	512	-1	replay	none	0	none	-	-1	-	-	695	4.0348
860	permuted	0	T3	0fdbf3977c990123	-1	-1	512	-1	replay	none	0	none	-	-1	-	-	670	3.9635
861	permuted	0	T3	0fdbf3977c990123	-1	-1	512	-1	replay	none	0	none	-	-1	-	-	705	3.9751
862	permuted	0	T3	0fdbf3977c990123	-1	-1	512	-1	replay	none	0	none	-	-1	-	-	685	4.0199
863	permuted	0	T3	0fdbf3977c990123	-1	-1	512	-1	replay	none	0	none	-	-1	-	-	528	4.0182
864	permuted	0	T3	0fdbf3977c990123	-1	-1	512	-1	replay	none	0	none	-	-1	-	-	710	3.8082
865	permuted	0	T3	0fdbf3977c990123	-1	-1	512	-1	replay	none	0	none	-	-1	-	-	652	3.9929
866	permuted	0	T3	0fdbf3977c990123	-1	-1	512	-1	replay	none	0	none	-	-1	-	-	699	3.9637
867	permuted	0	T3	0fdbf3977c990123	-1	-1	512	-1	replay	none	0	none	-	-1	-	-	688	3.8408
868	permuted	0	T3	0fdbf3977c990123	-1	-1	512	-1	replay	none	0	none	-	-1	-	-	684	3.9316
869	permuted	0	T3	0fdbf3977c990123	-1	-1	512	-1	replay	none	0	none	-	-1	-	-	696	4.0389
870	permuted	0	T3	0fdbf3977c990123	-1	-1	512	-1	replay	none	0	none	-	-1	-	-	676	3.8606
871	permuted	0	T3	0fdbf3977c990123	-1	-1	512	-1	replay	none	0	none	-	-1	-	-	749	3.9864
872	permuted	0	T3	0fdbf3977c990123	-1	-1	512	-1	replay	none	0	none	-	-1	-	-	691	3.9081
873	permuted	0	T3	0fdbf3977c990123	-1	-1	512	-1	replay	none	0	none	-	-1	-	-	678	3.8441
874	permuted	0	T3	0fdbf3977c990123	-1	-1	512	-1	replay	none	0	none	-	-1	-	-	704	4.1202
875	permuted	0	T3	0fdbf3977c990123	-1	-1	512	-1	replay	none	0	none	-	-1	-	-	650	3.8252
876	permuted	0	T3	0fdbf3977c990123	-1	-1	512	-1	replay	none	0	none	-	-1	-	-	692	3.8521
877	permuted	0	T3	0fdbf3977c990123	-1	-1	512	-1	replay	none	0	none	-	-1	-	-	694	3.8888
878	permuted	0	T3	0fdbf3977c990123	-1	-1	512	-1	replay	none	0	none	-	-1	-	-	684	3.8356
879	permuted	0	T3	0fdbf3977c990123	-1	-1	512	-1	replay	none	0	none	-	-1	-	-	690	4.0239
880	permuted	0	T3	0fdbf3977c990123	-1	-1	512	-1	replay	none	0	none	-	-1	-	-	710	4.0452
881	permuted	0	T3	0fdbf3977c990123	-1	-1	512	-1	replay	none	0	none	-	-1	-	-	672	3.8560
882	permuted	0	T3	0fdbf3977c990123	-1	-1	512	-1	replay	none	0	none	-	-1	-	-	707	3.9927
883	permuted	0	T3	0fdbf3977c990123	-1	-1	512	-1	replay	none	0	none	-	-1	-	-	651	3.9370
884	permuted	0	T3	0fdbf3977c990123	-1	-1	512	-1	replay	none	0	none	-	-1	-	-	767	4.1010
885	permuted	0	T3	0fdbf3977c990123	-1	-1	512	-1	replay	none	0	none	-	-1	-	-	745	4.0359
886	permuted	0	T3	0fdbf3977c990123	-1	-1	512	-1	replay	none	0	none	-	-1	-	-	727	3.7966
887	permuted	0	T3	0fdbf3977c990123	-1	-1	512	-1	replay	none	0	none	-	-1	-	-	687	4.1005
888	permuted	0	T3	0fdbf3977c990123	-1	-1	512	-1	replay	none	0	none	-	-1	-	-	698	4.0827
889	permuted	0	T3	0fdbf3977c990123	-1	-1	512	-1	replay	none	0	none	-	-1	-	-	770	3.8636
890	permuted	0	T3	0fdbf3977c990123	-1	-1	512	-1	replay	none	0	none	-	-1	-	-	717	3.9852
891	permuted	0	T3	0fdbf3977c990123	-1	-1	512	-1	replay	none	0	none	-	-1	-	-	692	3.7648
892	permuted	0	T3	0fdbf3977c990123	-1	-1	512	-1	replay	none	0	none	-	-1	-	-	646	3.9918
893	permuted	0	T3	0fdbf3977c990123	-1	-1	512	-1	replay	none	0	none	-	-1	-	-	682	4.0342
894	permuted	0	T3	0fdbf3977c990123	-1	-1	512	-1	replay	none	0	none	-	-1	-	-	731	3.8431
895	permuted	0	T3	0fdbf3977c990123	-1	-1	512	-1	replay	none	0	none	-	-1	-	-	651	3.8283
896	permuted	0	T3	0fdbf3977c990123	-1	-1	512	-1	replay	none	0	none	-	-1	-	-	717	3.8790
897	permuted	0	T3	0fdbf3977c990123	-1	-1	512	-1	replay	none	0	none	-	-1	-	-	1091	4.0310
898	permuted	0	T3	0fdbf3977c990123	-1	-1	512	-1	replay	none	0	none	-	-1	-	-	754	3.7896
899	permuted	0	T3	0fdbf3977c990123	-1	-1	512	-1	replay	none	0	none	-	-1	-	-	729	4.0278
900	permuted	0	T3	0fdbf3977c990123	-1	-1	512	-1	replay	none	0	none	-	-1	-	-	735	4.0433
901	permuted	0	T3	0fdbf3977c990123	-1	-1	512	-1	replay	none	0	none	-	-1	-	-	729	3.8213
902	permuted	0	T3	0fdbf3977c990123	-1	-1	512	-1	replay	none	0	none	-	-1	-	-	773	4.0477
903	permuted	0	T3	0fdbf3977c990123	-1	-1	512	-1	replay	none	0	none	-	-1	-	-	749	4.0034
904	permuted	0	T3	0fdbf3977c990123	-1	-1	512	-1	replay	none	0	none	-	-1	-	-	750	3.9930
905	permuted	0	T3	0fdbf3977c990123	-1	-1	512	-1	replay	none	0	none	-	-1	-	-	733	4.0607
906	permuted	0	T3	0fdbf3977c990123	-1	-1	512	-1	replay	none	0	none	-	-1	-	-	728	3.9909
907	permuted	0	T3	0fdbf3977c990123	-1	-1	512	-1	replay	none	0	none	-	-1	-	-	754	4.0556
908	permuted	0	T3	0fdbf3977c990123	-1	-1	512	-1	replay	none	0	none	-	-1	-	-	757	4.0852
909	permuted	0	T3	0fdbf3977c990123	-1	-1	512	-1	replay	none	0	none	-	-1	-	-	738	4.0286
910	permuted	0	T3	0fdbf3977c990123	-1	-1	512	-1	replay	none	0	none	-	-1	-	-	744	3.7715
911	permuted	0	T3	0fdbf3977c990123	-1	-1	512	-1	replay	none	0	none	-	-1	-	-	727	3.7591
912	permuted	0	T3	0fdbf3977c990123	-1	-1	512	-1	replay	none	0	none	-	-1	-	-	753	3.9593
913	permuted	1	T0	5e879b663492f411	-1	-1	256	-1	direct	none	1	structure	shape,data	0	GET_ROWS	model.input_embed	5150	5.4099
914	permuted	1	T0	0fdbf3977c990123	-1	-1	512	-1	direct	none	0	structure	shape,data	0	GET_ROWS	model.input_embed	4383	4.7134
915	permuted	1	T0	0fdbf3977c990123	-1	-1	512	-1	capture	update	0	none	-	-1	-	-	3251	6.3209
916	permuted	1	T0	0fdbf3977c990123	-1	-1	512	-1	replay	none	0	none	-	-1	-	-	836	3.9306
917	permuted	1	T0	0fdbf3977c990123	-1	-1	512	-1	replay	none	0	none	-	-1	-	-	786	3.9880
918	permuted	1	T0	0fdbf3977c990123	-1	-1	512	-1	replay	none	0	none	-	-1	-	-	784	4.0074
919	permuted	1	T0	0fdbf3977c990123	-1	-1	512	-1	replay	none	0	none	-	-1	-	-	706	3.7735
920	permuted	1	T0	0fdbf3977c990123	-1	-1	512	-1	replay	none	0	none	-	-1	-	-	720	3.7682
921	permuted	1	T0	0fdbf3977c990123	-1	-1	512	-1	replay	none	0	none	-	-1	-	-	728	3.7742
922	permuted	1	T0	0fdbf3977c990123	-1	-1	512	-1	replay	none	0	none	-	-1	-	-	1105	3.8587
923	permuted	1	T0	0fdbf3977c990123	-1	-1	512	-1	replay	none	0	none	-	-1	-	-	724	4.2108
924	permuted	1	T0	0fdbf3977c990123	-1	-1	512	-1	replay	none	0	none	-	-1	-	-	708	4.0352
925	permuted	1	T0	0fdbf3977c990123	-1	-1	512	-1	replay	none	0	none	-	-1	-	-	706	4.0226
926	permuted	1	T0	0fdbf3977c990123	-1	-1	512	-1	replay	none	0	none	-	-1	-	-	701	3.9809
927	permuted	1	T0	0fdbf3977c990123	-1	-1	512	-1	replay	none	0	none	-	-1	-	-	700	3.7941
928	permuted	1	T0	0fdbf3977c990123	-1	-1	512	-1	replay	none	0	none	-	-1	-	-	764	3.7567
929	permuted	1	T0	0fdbf3977c990123	-1	-1	512	-1	replay	none	0	none	-	-1	-	-	701	4.0307
930	permuted	1	T0	0fdbf3977c990123	-1	-1	512	-1	replay	none	0	none	-	-1	-	-	688	3.8859
931	permuted	1	T0	0fdbf3977c990123	-1	-1	512	-1	replay	none	0	none	-	-1	-	-	704	3.9789
932	permuted	1	T0	0fdbf3977c990123	-1	-1	512	-1	replay	none	0	none	-	-1	-	-	551	3.7767
933	permuted	1	T0	0fdbf3977c990123	-1	-1	512	-1	replay	none	0	none	-	-1	-	-	699	3.7473
934	permuted	1	T0	0fdbf3977c990123	-1	-1	512	-1	replay	none	0	none	-	-1	-	-	692	3.9134
935	permuted	1	T0	0fdbf3977c990123	-1	-1	512	-1	replay	none	0	none	-	-1	-	-	707	4.1210
936	permuted	1	T0	0fdbf3977c990123	-1	-1	512	-1	replay	none	0	none	-	-1	-	-	710	3.7507
937	permuted	1	T0	0fdbf3977c990123	-1	-1	512	-1	replay	none	0	none	-	-1	-	-	736	3.7679
938	permuted	1	T1	0fdbf3977c990123	-1	-1	512	-1	replay	none	0	none	-	-1	-	-	660	3.7945
939	permuted	1	T1	da7570afdbb81394	-1	-1	256	-1	direct	none	1	structure	shape,data	0	GET_ROWS	model.input_embed	6527	17.3054
940	permuted	1	T1	0fdbf3977c990123	-1	-1	512	-1	direct	none	0	structure	shape,data	0	GET_ROWS	model.input_embed	4429	4.7720
941	permuted	1	T1	802ba1f19f5ea689	-1	-1	256	-1	direct	none	0	structure	shape,data	0	GET_ROWS	model.input_embed	4616	5.1539
942	permuted	1	T2	d702fd6fe588b6cb	-1	-1	512	-1	direct	none	0	structure	shape,data	0	GET_ROWS	model.input_embed	4634	5.0150
943	permuted	1	T2	d702fd6fe588b6cb	-1	-1	512	-1	capture	reinstantiate	0	none	-	-1	-	-	5849	9.2616
944	permuted	1	T2	d702fd6fe588b6cb	-1	-1	512	-1	replay	none	0	none	-	-1	-	-	746	4.1627
945	permuted	1	T2	d702fd6fe588b6cb	-1	-1	512	-1	replay	none	0	none	-	-1	-	-	722	4.3891
946	permuted	1	T2	d702fd6fe588b6cb	-1	-1	512	-1	replay	none	0	none	-	-1	-	-	707	4.2551
947	permuted	1	T2	d702fd6fe588b6cb	-1	-1	512	-1	replay	none	0	none	-	-1	-	-	725	4.2273
948	permuted	1	T2	d702fd6fe588b6cb	-1	-1	512	-1	replay	none	0	none	-	-1	-	-	742	4.2864
949	permuted	1	T2	d702fd6fe588b6cb	-1	-1	512	-1	replay	none	0	none	-	-1	-	-	783	4.2180
950	permuted	1	T2	d702fd6fe588b6cb	-1	-1	512	-1	replay	none	0	none	-	-1	-	-	716	4.2966
951	permuted	1	T2	d702fd6fe588b6cb	-1	-1	512	-1	replay	none	0	none	-	-1	-	-	699	4.0678
952	permuted	1	T2	d702fd6fe588b6cb	-1	-1	512	-1	replay	none	0	none	-	-1	-	-	699	4.1284
953	permuted	1	T2	d702fd6fe588b6cb	-1	-1	512	-1	replay	none	0	none	-	-1	-	-	704	4.1055
954	permuted	1	T2	d702fd6fe588b6cb	-1	-1	512	-1	replay	none	0	none	-	-1	-	-	704	4.0871
955	permuted	1	T2	d702fd6fe588b6cb	-1	-1	512	-1	replay	none	0	none	-	-1	-	-	707	4.0927
956	permuted	1	T2	d702fd6fe588b6cb	-1	-1	512	-1	replay	none	0	none	-	-1	-	-	714	4.0950
957	permuted	1	T2	d702fd6fe588b6cb	-1	-1	512	-1	replay	none	0	none	-	-1	-	-	695	4.0951
958	permuted	1	T2	d702fd6fe588b6cb	-1	-1	512	-1	replay	none	0	none	-	-1	-	-	709	4.3913
959	permuted	1	T2	d702fd6fe588b6cb	-1	-1	512	-1	replay	none	0	none	-	-1	-	-	676	4.3955
960	permuted	1	T2	d702fd6fe588b6cb	-1	-1	512	-1	replay	none	0	none	-	-1	-	-	777	4.4660
961	permuted	1	T2	d702fd6fe588b6cb	-1	-1	512	-1	replay	none	0	none	-	-1	-	-	716	4.3307
962	permuted	1	T2	d702fd6fe588b6cb	-1	-1	512	-1	replay	none	0	none	-	-1	-	-	719	4.2454
963	permuted	1	T2	d702fd6fe588b6cb	-1	-1	512	-1	replay	none	0	none	-	-1	-	-	726	4.1812
964	permuted	1	T2	d702fd6fe588b6cb	-1	-1	512	-1	replay	none	0	none	-	-1	-	-	696	4.1835
965	permuted	1	T2	d702fd6fe588b6cb	-1	-1	512	-1	replay	none	0	none	-	-1	-	-	693	4.2920
966	permuted	1	T2	d702fd6fe588b6cb	-1	-1	512	-1	replay	none	0	none	-	-1	-	-	709	4.2814
967	permuted	1	T2	d702fd6fe588b6cb	-1	-1	512	-1	replay	none	0	none	-	-1	-	-	700	4.1063
968	permuted	1	T2	d702fd6fe588b6cb	-1	-1	512	-1	replay	none	0	none	-	-1	-	-	730	4.0834
969	permuted	1	T2	d702fd6fe588b6cb	-1	-1	512	-1	replay	none	0	none	-	-1	-	-	704	4.3336
970	permuted	1	T2	d702fd6fe588b6cb	-1	-1	512	-1	replay	none	0	none	-	-1	-	-	707	4.0897
971	permuted	1	T2	d702fd6fe588b6cb	-1	-1	512	-1	replay	none	0	none	-	-1	-	-	704	4.0942
972	permuted	1	T2	d702fd6fe588b6cb	-1	-1	512	-1	replay	none	0	none	-	-1	-	-	705	4.0634
973	permuted	1	T3	0fdbf3977c990123	-1	-1	512	-1	direct	none	1	structure	shape,data	0	GET_ROWS	model.input_embed	4592	5.5585
974	permuted	1	T3	0fdbf3977c990123	-1	-1	512	-1	capture	reinstantiate	0	none	-	-1	-	-	5565	8.6310
975	permuted	1	T3	0fdbf3977c990123	-1	-1	512	-1	replay	none	0	none	-	-1	-	-	768	4.4102
976	permuted	1	T3	0fdbf3977c990123	-1	-1	512	-1	replay	none	0	none	-	-1	-	-	766	3.7885
977	permuted	1	T3	0fdbf3977c990123	-1	-1	512	-1	replay	none	0	none	-	-1	-	-	887	4.8973
978	permuted	1	T3	0fdbf3977c990123	-1	-1	512	-1	replay	none	0	none	-	-1	-	-	765	3.8492
979	permuted	1	T3	0fdbf3977c990123	-1	-1	512	-1	replay	none	0	none	-	-1	-	-	759	4.1298
980	permuted	1	T3	0fdbf3977c990123	-1	-1	512	-1	replay	none	0	none	-	-1	-	-	697	4.0353
981	permuted	1	T3	0fdbf3977c990123	-1	-1	512	-1	replay	none	0	none	-	-1	-	-	738	4.3413
982	permuted	1	T3	0fdbf3977c990123	-1	-1	512	-1	replay	none	0	none	-	-1	-	-	727	4.5085
983	permuted	1	T3	0fdbf3977c990123	-1	-1	512	-1	replay	none	0	none	-	-1	-	-	705	3.8422
984	permuted	1	T3	0fdbf3977c990123	-1	-1	512	-1	replay	none	0	none	-	-1	-	-	710	3.8598
985	permuted	1	T3	0fdbf3977c990123	-1	-1	512	-1	replay	none	0	none	-	-1	-	-	758	3.9126
986	permuted	1	T3	0fdbf3977c990123	-1	-1	512	-1	replay	none	0	none	-	-1	-	-	747	4.3358
987	permuted	1	T3	0fdbf3977c990123	-1	-1	512	-1	replay	none	0	none	-	-1	-	-	710	4.1097
988	permuted	1	T3	0fdbf3977c990123	-1	-1	512	-1	replay	none	0	none	-	-1	-	-	716	4.0930
989	permuted	1	T3	0fdbf3977c990123	-1	-1	512	-1	replay	none	0	none	-	-1	-	-	791	4.0966
990	permuted	1	T3	0fdbf3977c990123	-1	-1	512	-1	replay	none	0	none	-	-1	-	-	704	4.3205
991	permuted	1	T3	0fdbf3977c990123	-1	-1	512	-1	replay	none	0	none	-	-1	-	-	712	4.3368
992	permuted	1	T3	0fdbf3977c990123	-1	-1	512	-1	replay	none	0	none	-	-1	-	-	674	3.8223
993	permuted	1	T3	0fdbf3977c990123	-1	-1	512	-1	replay	none	0	none	-	-1	-	-	694	3.9614
994	permuted	1	T3	0fdbf3977c990123	-1	-1	512	-1	replay	none	0	none	-	-1	-	-	709	4.1155
995	permuted	1	T3	0fdbf3977c990123	-1	-1	512	-1	replay	none	0	none	-	-1	-	-	710	4.2892
996	permuted	1	T3	0fdbf3977c990123	-1	-1	512	-1	replay	none	0	none	-	-1	-	-	706	4.2737
997	permuted	1	T3	0fdbf3977c990123	-1	-1	512	-1	replay	none	0	none	-	-1	-	-	705	4.1807
998	permuted	1	T3	0fdbf3977c990123	-1	-1	512	-1	replay	none	0	none	-	-1	-	-	698	4.0517
999	permuted	1	T3	0fdbf3977c990123	-1	-1	512	-1	replay	none	0	none	-	-1	-	-	698	3.8612
1000	permuted	1	T3	0fdbf3977c990123	-1	-1	512	-1	replay	none	0	none	-	-1	-	-	691	4.3875
1001	permuted	1	T3	0fdbf3977c990123	-1	-1	512	-1	replay	none	0	none	-	-1	-	-	734	3.9614
1002	permuted	1	T3	0fdbf3977c990123	-1	-1	512	-1	replay	none	0	none	-	-1	-	-	909	3.8912
1003	permuted	1	T3	0fdbf3977c990123	-1	-1	512	-1	replay	none	0	none	-	-1	-	-	814	4.1494
1004	permuted	1	T3	0fdbf3977c990123	-1	-1	512	-1	replay	none	0	none	-	-1	-	-	726	4.1187
1005	permuted	1	T3	0fdbf3977c990123	-1	-1	512	-1	replay	none	0	none	-	-1	-	-	901	4.2128
1006	permuted	1	T3	0fdbf3977c990123	-1	-1	512	-1	replay	none	0	none	-	-1	-	-	716	4.3713
1007	permuted	1	T3	0fdbf3977c990123	-1	-1	512	-1	replay	none	0	none	-	-1	-	-	709	3.8149
1008	permuted	1	T3	0fdbf3977c990123	-1	-1	512	-1	replay	none	0	none	-	-1	-	-	694	4.0127
1009	permuted	1	T3	0fdbf3977c990123	-1	-1	512	-1	replay	none	0	none	-	-1	-	-	734	4.1773
1010	permuted	1	T3	0fdbf3977c990123	-1	-1	512	-1	replay	none	0	none	-	-1	-	-	749	4.4362
1011	permuted	1	T3	0fdbf3977c990123	-1	-1	512	-1	replay	none	0	none	-	-1	-	-	754	4.0629
1012	permuted	1	T3	0fdbf3977c990123	-1	-1	512	-1	replay	none	0	none	-	-1	-	-	753	4.1332
1013	permuted	1	T3	0fdbf3977c990123	-1	-1	512	-1	replay	none	0	none	-	-1	-	-	763	4.1660
1014	permuted	1	T3	0fdbf3977c990123	-1	-1	512	-1	replay	none	0	none	-	-1	-	-	785	4.2272
1015	permuted	1	T3	0fdbf3977c990123	-1	-1	512	-1	replay	none	0	none	-	-1	-	-	751	4.3760
1016	permuted	1	T3	0fdbf3977c990123	-1	-1	512	-1	replay	none	0	none	-	-1	-	-	755	3.8333
1017	permuted	1	T3	0fdbf3977c990123	-1	-1	512	-1	replay	none	0	none	-	-1	-	-	751	3.8384
1018	permuted	1	T3	0fdbf3977c990123	-1	-1	512	-1	replay	none	0	none	-	-1	-	-	766	3.9142
1019	permuted	1	T3	0fdbf3977c990123	-1	-1	512	-1	replay	none	0	none	-	-1	-	-	751	3.8429
1020	permuted	1	T3	0fdbf3977c990123	-1	-1	512	-1	replay	none	0	none	-	-1	-	-	855	4.3315
1021	permuted	1	T3	0fdbf3977c990123	-1	-1	512	-1	replay	none	0	none	-	-1	-	-	758	4.4724
1022	permuted	1	T3	0fdbf3977c990123	-1	-1	512	-1	replay	none	0	none	-	-1	-	-	791	4.4436
1023	permuted	1	T3	0fdbf3977c990123	-1	-1	512	-1	replay	none	0	none	-	-1	-	-	768	4.0717
1024	permuted	1	T3	0fdbf3977c990123	-1	-1	512	-1	replay	none	0	none	-	-1	-	-	812	4.1805
1025	permuted	1	T3	0fdbf3977c990123	-1	-1	512	-1	replay	none	0	none	-	-1	-	-	847	4.2404
1026	permuted	1	T3	0fdbf3977c990123	-1	-1	512	-1	replay	none	0	none	-	-1	-	-	802	4.3252
1027	permuted	1	T3	0fdbf3977c990123	-1	-1	512	-1	replay	none	0	none	-	-1	-	-	1065	4.4619
1028	permuted	1	T3	0fdbf3977c990123	-1	-1	512	-1	replay	none	0	none	-	-1	-	-	782	4.3762
1029	permuted	1	T3	0fdbf3977c990123	-1	-1	512	-1	replay	none	0	none	-	-1	-	-	695	4.0904
1030	permuted	1	T3	0fdbf3977c990123	-1	-1	512	-1	replay	none	0	none	-	-1	-	-	658	4.0208
1031	permuted	1	T3	0fdbf3977c990123	-1	-1	512	-1	replay	none	0	none	-	-1	-	-	863	3.9154
1032	permuted	1	T3	0fdbf3977c990123	-1	-1	512	-1	replay	none	0	none	-	-1	-	-	796	4.2754
1033	permuted	1	T3	0fdbf3977c990123	-1	-1	512	-1	replay	none	0	none	-	-1	-	-	783	3.9935
1034	permuted	1	T3	0fdbf3977c990123	-1	-1	512	-1	replay	none	0	none	-	-1	-	-	1011	4.1471
1035	permuted	1	T3	0fdbf3977c990123	-1	-1	512	-1	replay	none	0	none	-	-1	-	-	703	4.1639
1036	permuted	1	T3	0fdbf3977c990123	-1	-1	512	-1	replay	none	0	none	-	-1	-	-	753	4.0516
1037	permuted	1	T3	0fdbf3977c990123	-1	-1	512	-1	replay	none	0	none	-	-1	-	-	716	3.7898
1038	permuted	1	T3	0fdbf3977c990123	-1	-1	512	-1	replay	none	0	none	-	-1	-	-	725	3.8218
1039	permuted	1	T3	0fdbf3977c990123	-1	-1	512	-1	replay	none	0	none	-	-1	-	-	720	3.8275
1040	permuted	1	T3	0fdbf3977c990123	-1	-1	512	-1	replay	none	0	none	-	-1	-	-	717	3.9509
1041	permuted	1	T3	0fdbf3977c990123	-1	-1	512	-1	replay	none	0	none	-	-1	-	-	701	4.1432
1042	permuted	1	T3	0fdbf3977c990123	-1	-1	512	-1	replay	none	0	none	-	-1	-	-	669	3.8898
1043	permuted	2	T0	5e879b663492f411	-1	-1	256	-1	direct	none	1	structure	shape,data	0	GET_ROWS	model.input_embed	6014	5.9679
1044	permuted	2	T0	0fdbf3977c990123	-1	-1	512	-1	direct	none	0	structure	shape,data	0	GET_ROWS	model.input_embed	3824	4.8125
1045	permuted	2	T0	0fdbf3977c990123	-1	-1	512	-1	capture	update	0	none	-	-1	-	-	2781	6.1084
1046	permuted	2	T0	0fdbf3977c990123	-1	-1	512	-1	replay	none	0	none	-	-1	-	-	789	3.7652
1047	permuted	2	T0	0fdbf3977c990123	-1	-1	512	-1	replay	none	0	none	-	-1	-	-	699	3.8191
1048	permuted	2	T0	0fdbf3977c990123	-1	-1	512	-1	replay	none	0	none	-	-1	-	-	701	3.7915
1049	permuted	2	T0	0fdbf3977c990123	-1	-1	512	-1	replay	none	0	none	-	-1	-	-	1018	3.8526
1050	permuted	2	T0	0fdbf3977c990123	-1	-1	512	-1	replay	none	0	none	-	-1	-	-	718	3.8726
1051	permuted	2	T0	0fdbf3977c990123	-1	-1	512	-1	replay	none	0	none	-	-1	-	-	642	3.8744
1052	permuted	2	T0	0fdbf3977c990123	-1	-1	512	-1	replay	none	0	none	-	-1	-	-	648	3.7888
1053	permuted	2	T0	0fdbf3977c990123	-1	-1	512	-1	replay	none	0	none	-	-1	-	-	702	3.7785
1054	permuted	2	T0	0fdbf3977c990123	-1	-1	512	-1	replay	none	0	none	-	-1	-	-	695	3.8160
1055	permuted	2	T0	0fdbf3977c990123	-1	-1	512	-1	replay	none	0	none	-	-1	-	-	678	4.0444
1056	permuted	2	T0	0fdbf3977c990123	-1	-1	512	-1	replay	none	0	none	-	-1	-	-	682	3.8884
1057	permuted	2	T0	0fdbf3977c990123	-1	-1	512	-1	replay	none	0	none	-	-1	-	-	660	3.9976
1058	permuted	2	T0	0fdbf3977c990123	-1	-1	512	-1	replay	none	0	none	-	-1	-	-	612	4.0862
1059	permuted	2	T0	0fdbf3977c990123	-1	-1	512	-1	replay	none	0	none	-	-1	-	-	699	3.8102
1060	permuted	2	T0	0fdbf3977c990123	-1	-1	512	-1	replay	none	0	none	-	-1	-	-	730	3.8597
1061	permuted	2	T0	0fdbf3977c990123	-1	-1	512	-1	replay	none	0	none	-	-1	-	-	667	4.8069
1062	permuted	2	T0	0fdbf3977c990123	-1	-1	512	-1	replay	none	0	none	-	-1	-	-	720	4.0733
1063	permuted	2	T0	0fdbf3977c990123	-1	-1	512	-1	replay	none	0	none	-	-1	-	-	724	4.0473
1064	permuted	2	T0	0fdbf3977c990123	-1	-1	512	-1	replay	none	0	none	-	-1	-	-	715	4.1316
1065	permuted	2	T0	0fdbf3977c990123	-1	-1	512	-1	replay	none	0	none	-	-1	-	-	713	3.9068
1066	permuted	2	T0	0fdbf3977c990123	-1	-1	512	-1	replay	none	0	none	-	-1	-	-	653	4.0848
1067	permuted	2	T0	0fdbf3977c990123	-1	-1	512	-1	replay	none	0	none	-	-1	-	-	699	3.7929
1068	permuted	2	T1	0fdbf3977c990123	-1	-1	512	-1	replay	none	0	none	-	-1	-	-	769	3.8718
1069	permuted	2	T1	da7570afdbb81394	-1	-1	256	-1	direct	none	1	structure	shape,data	0	GET_ROWS	model.input_embed	5387	17.1900
1070	permuted	2	T1	0fdbf3977c990123	-1	-1	512	-1	direct	none	0	structure	shape,data	0	GET_ROWS	model.input_embed	4465	4.8537
1071	permuted	2	T1	802ba1f19f5ea689	-1	-1	256	-1	direct	none	0	structure	shape,data	0	GET_ROWS	model.input_embed	4460	5.1204
1072	permuted	2	T2	d702fd6fe588b6cb	-1	-1	512	-1	direct	none	0	structure	shape,data	0	GET_ROWS	model.input_embed	4152	4.7325
1073	permuted	2	T2	d702fd6fe588b6cb	-1	-1	512	-1	capture	reinstantiate	0	none	-	-1	-	-	5395	8.9948
1074	permuted	2	T2	d702fd6fe588b6cb	-1	-1	512	-1	replay	none	0	none	-	-1	-	-	845	4.2528
1075	permuted	2	T2	d702fd6fe588b6cb	-1	-1	512	-1	replay	none	0	none	-	-1	-	-	737	4.3006
1076	permuted	2	T2	d702fd6fe588b6cb	-1	-1	512	-1	replay	none	0	none	-	-1	-	-	721	4.0612
1077	permuted	2	T2	d702fd6fe588b6cb	-1	-1	512	-1	replay	none	0	none	-	-1	-	-	750	4.0678
1078	permuted	2	T2	d702fd6fe588b6cb	-1	-1	512	-1	replay	none	0	none	-	-1	-	-	723	4.0670
1079	permuted	2	T2	d702fd6fe588b6cb	-1	-1	512	-1	replay	none	0	none	-	-1	-	-	713	4.0653
1080	permuted	2	T2	d702fd6fe588b6cb	-1	-1	512	-1	replay	none	0	none	-	-1	-	-	712	4.1100
1081	permuted	2	T2	d702fd6fe588b6cb	-1	-1	512	-1	replay	none	0	none	-	-1	-	-	710	4.0806
1082	permuted	2	T2	d702fd6fe588b6cb	-1	-1	512	-1	replay	none	0	none	-	-1	-	-	715	4.0883
1083	permuted	2	T2	d702fd6fe588b6cb	-1	-1	512	-1	replay	none	0	none	-	-1	-	-	679	4.0694
1084	permuted	2	T2	d702fd6fe588b6cb	-1	-1	512	-1	replay	none	0	none	-	-1	-	-	709	4.0922
1085	permuted	2	T2	d702fd6fe588b6cb	-1	-1	512	-1	replay	none	0	none	-	-1	-	-	687	4.1127
1086	permuted	2	T2	d702fd6fe588b6cb	-1	-1	512	-1	replay	none	0	none	-	-1	-	-	696	4.1437
1087	permuted	2	T2	d702fd6fe588b6cb	-1	-1	512	-1	replay	none	0	none	-	-1	-	-	733	4.1707
1088	permuted	2	T2	d702fd6fe588b6cb	-1	-1	512	-1	replay	none	0	none	-	-1	-	-	714	4.2140
1089	permuted	2	T2	d702fd6fe588b6cb	-1	-1	512	-1	replay	none	0	none	-	-1	-	-	719	4.1883
1090	permuted	2	T2	d702fd6fe588b6cb	-1	-1	512	-1	replay	none	0	none	-	-1	-	-	712	4.0715
1091	permuted	2	T2	d702fd6fe588b6cb	-1	-1	512	-1	replay	none	0	none	-	-1	-	-	699	4.0554
1092	permuted	2	T2	d702fd6fe588b6cb	-1	-1	512	-1	replay	none	0	none	-	-1	-	-	1108	4.3391
1093	permuted	2	T2	d702fd6fe588b6cb	-1	-1	512	-1	replay	none	0	none	-	-1	-	-	731	4.2931
1094	permuted	2	T2	d702fd6fe588b6cb	-1	-1	512	-1	replay	none	0	none	-	-1	-	-	691	4.0969
1095	permuted	2	T2	d702fd6fe588b6cb	-1	-1	512	-1	replay	none	0	none	-	-1	-	-	664	4.0964
1096	permuted	2	T2	d702fd6fe588b6cb	-1	-1	512	-1	replay	none	0	none	-	-1	-	-	717	4.3071
1097	permuted	2	T2	d702fd6fe588b6cb	-1	-1	512	-1	replay	none	0	none	-	-1	-	-	714	4.0886
1098	permuted	2	T2	d702fd6fe588b6cb	-1	-1	512	-1	replay	none	0	none	-	-1	-	-	702	4.0764
1099	permuted	2	T2	d702fd6fe588b6cb	-1	-1	512	-1	replay	none	0	none	-	-1	-	-	714	4.0836
1100	permuted	2	T2	d702fd6fe588b6cb	-1	-1	512	-1	replay	none	0	none	-	-1	-	-	702	4.1499
1101	permuted	2	T2	d702fd6fe588b6cb	-1	-1	512	-1	replay	none	0	none	-	-1	-	-	674	4.3232
1102	permuted	2	T2	d702fd6fe588b6cb	-1	-1	512	-1	replay	none	0	none	-	-1	-	-	692	4.3060
1103	permuted	2	T3	0fdbf3977c990123	-1	-1	512	-1	direct	none	1	structure	shape,data	0	GET_ROWS	model.input_embed	3918	4.5002
1104	permuted	2	T3	0fdbf3977c990123	-1	-1	512	-1	capture	reinstantiate	0	none	-	-1	-	-	5028	8.3715
1105	permuted	2	T3	0fdbf3977c990123	-1	-1	512	-1	replay	none	0	none	-	-1	-	-	698	3.8008
1106	permuted	2	T3	0fdbf3977c990123	-1	-1	512	-1	replay	none	0	none	-	-1	-	-	728	3.8486
1107	permuted	2	T3	0fdbf3977c990123	-1	-1	512	-1	replay	none	0	none	-	-1	-	-	697	3.8145
1108	permuted	2	T3	0fdbf3977c990123	-1	-1	512	-1	replay	none	0	none	-	-1	-	-	762	4.1083
1109	permuted	2	T3	0fdbf3977c990123	-1	-1	512	-1	replay	none	0	none	-	-1	-	-	675	3.9940
1110	permuted	2	T3	0fdbf3977c990123	-1	-1	512	-1	replay	none	0	none	-	-1	-	-	698	3.9198
1111	permuted	2	T3	0fdbf3977c990123	-1	-1	512	-1	replay	none	0	none	-	-1	-	-	615	3.7807
1112	permuted	2	T3	0fdbf3977c990123	-1	-1	512	-1	replay	none	0	none	-	-1	-	-	620	3.7899
1113	permuted	2	T3	0fdbf3977c990123	-1	-1	512	-1	replay	none	0	none	-	-1	-	-	671	3.8020
1114	permuted	2	T3	0fdbf3977c990123	-1	-1	512	-1	replay	none	0	none	-	-1	-	-	686	4.0662
1115	permuted	2	T3	0fdbf3977c990123	-1	-1	512	-1	replay	none	0	none	-	-1	-	-	685	3.8906
1116	permuted	2	T3	0fdbf3977c990123	-1	-1	512	-1	replay	none	0	none	-	-1	-	-	647	3.7675
1117	permuted	2	T3	0fdbf3977c990123	-1	-1	512	-1	replay	none	0	none	-	-1	-	-	707	3.7878
1118	permuted	2	T3	0fdbf3977c990123	-1	-1	512	-1	replay	none	0	none	-	-1	-	-	721	3.8143
1119	permuted	2	T3	0fdbf3977c990123	-1	-1	512	-1	replay	none	0	none	-	-1	-	-	678	4.0784
1120	permuted	2	T3	0fdbf3977c990123	-1	-1	512	-1	replay	none	0	none	-	-1	-	-	762	4.0501
1121	permuted	2	T3	0fdbf3977c990123	-1	-1	512	-1	replay	none	0	none	-	-1	-	-	657	3.9013
1122	permuted	2	T3	0fdbf3977c990123	-1	-1	512	-1	replay	none	0	none	-	-1	-	-	686	3.8259
1123	permuted	2	T3	0fdbf3977c990123	-1	-1	512	-1	replay	none	0	none	-	-1	-	-	696	3.8033
1124	permuted	2	T3	0fdbf3977c990123	-1	-1	512	-1	replay	none	0	none	-	-1	-	-	683	3.8477
1125	permuted	2	T3	0fdbf3977c990123	-1	-1	512	-1	replay	none	0	none	-	-1	-	-	581	4.1195
1126	permuted	2	T3	0fdbf3977c990123	-1	-1	512	-1	replay	none	0	none	-	-1	-	-	724	3.9815
1127	permuted	2	T3	0fdbf3977c990123	-1	-1	512	-1	replay	none	0	none	-	-1	-	-	687	3.9028
1128	permuted	2	T3	0fdbf3977c990123	-1	-1	512	-1	replay	none	0	none	-	-1	-	-	720	3.8054
1129	permuted	2	T3	0fdbf3977c990123	-1	-1	512	-1	replay	none	0	none	-	-1	-	-	776	3.7789
1130	permuted	2	T3	0fdbf3977c990123	-1	-1	512	-1	replay	none	0	none	-	-1	-	-	698	3.7764
1131	permuted	2	T3	0fdbf3977c990123	-1	-1	512	-1	replay	none	0	none	-	-1	-	-	712	4.0351
1132	permuted	2	T3	0fdbf3977c990123	-1	-1	512	-1	replay	none	0	none	-	-1	-	-	700	4.0053
1133	permuted	2	T3	0fdbf3977c990123	-1	-1	512	-1	replay	none	0	none	-	-1	-	-	698	3.9746
1134	permuted	2	T3	0fdbf3977c990123	-1	-1	512	-1	replay	none	0	none	-	-1	-	-	695	3.7928
1135	permuted	2	T3	0fdbf3977c990123	-1	-1	512	-1	replay	none	0	none	-	-1	-	-	693	3.7913
1136	permuted	2	T3	0fdbf3977c990123	-1	-1	512	-1	replay	none	0	none	-	-1	-	-	735	3.8648
1137	permuted	2	T3	0fdbf3977c990123	-1	-1	512	-1	replay	none	0	none	-	-1	-	-	742	4.0336
1138	permuted	2	T3	0fdbf3977c990123	-1	-1	512	-1	replay	none	0	none	-	-1	-	-	710	3.9856
1139	permuted	2	T3	0fdbf3977c990123	-1	-1	512	-1	replay	none	0	none	-	-1	-	-	704	3.7642
1140	permuted	2	T3	0fdbf3977c990123	-1	-1	512	-1	replay	none	0	none	-	-1	-	-	694	3.7928
1141	permuted	2	T3	0fdbf3977c990123	-1	-1	512	-1	replay	none	0	none	-	-1	-	-	722	3.7909
1142	permuted	2	T3	0fdbf3977c990123	-1	-1	512	-1	replay	none	0	none	-	-1	-	-	703	3.8542
1143	permuted	2	T3	0fdbf3977c990123	-1	-1	512	-1	replay	none	0	none	-	-1	-	-	698	3.9409
1144	permuted	2	T3	0fdbf3977c990123	-1	-1	512	-1	replay	none	0	none	-	-1	-	-	706	3.9980
1145	permuted	2	T3	0fdbf3977c990123	-1	-1	512	-1	replay	none	0	none	-	-1	-	-	711	3.7726
1146	permuted	2	T3	0fdbf3977c990123	-1	-1	512	-1	replay	none	0	none	-	-1	-	-	684	3.7730
1147	permuted	2	T3	0fdbf3977c990123	-1	-1	512	-1	replay	none	0	none	-	-1	-	-	713	3.7889
1148	permuted	2	T3	0fdbf3977c990123	-1	-1	512	-1	replay	none	0	none	-	-1	-	-	696	4.1344
1149	permuted	2	T3	0fdbf3977c990123	-1	-1	512	-1	replay	none	0	none	-	-1	-	-	729	4.0211
1150	permuted	2	T3	0fdbf3977c990123	-1	-1	512	-1	replay	none	0	none	-	-1	-	-	667	3.9812
1151	permuted	2	T3	0fdbf3977c990123	-1	-1	512	-1	replay	none	0	none	-	-1	-	-	705	3.7755
1152	permuted	2	T3	0fdbf3977c990123	-1	-1	512	-1	replay	none	0	none	-	-1	-	-	682	3.7837
1153	permuted	2	T3	0fdbf3977c990123	-1	-1	512	-1	replay	none	0	none	-	-1	-	-	697	3.8012
1154	permuted	2	T3	0fdbf3977c990123	-1	-1	512	-1	replay	none	0	none	-	-1	-	-	696	4.1122
1155	permuted	2	T3	0fdbf3977c990123	-1	-1	512	-1	replay	none	0	none	-	-1	-	-	711	3.8728
1156	permuted	2	T3	0fdbf3977c990123	-1	-1	512	-1	replay	none	0	none	-	-1	-	-	715	3.8893
1157	permuted	2	T3	0fdbf3977c990123	-1	-1	512	-1	replay	none	0	none	-	-1	-	-	687	3.7969
1158	permuted	2	T3	0fdbf3977c990123	-1	-1	512	-1	replay	none	0	none	-	-1	-	-	674	4.1032
1159	permuted	2	T3	0fdbf3977c990123	-1	-1	512	-1	replay	none	0	none	-	-1	-	-	678	4.0947
1160	permuted	2	T3	0fdbf3977c990123	-1	-1	512	-1	replay	none	0	none	-	-1	-	-	709	4.0327
1161	permuted	2	T3	0fdbf3977c990123	-1	-1	512	-1	replay	none	0	none	-	-1	-	-	734	3.9970
1162	permuted	2	T3	0fdbf3977c990123	-1	-1	512	-1	replay	none	0	none	-	-1	-	-	702	3.7569
1163	permuted	2	T3	0fdbf3977c990123	-1	-1	512	-1	replay	none	0	none	-	-1	-	-	702	4.7895
1164	permuted	2	T3	0fdbf3977c990123	-1	-1	512	-1	replay	none	0	none	-	-1	-	-	757	3.8998
1165	permuted	2	T3	0fdbf3977c990123	-1	-1	512	-1	replay	none	0	none	-	-1	-	-	736	3.8721
1166	permuted	2	T3	0fdbf3977c990123	-1	-1	512	-1	replay	none	0	none	-	-1	-	-	720	4.1406
1167	permuted	2	T3	0fdbf3977c990123	-1	-1	512	-1	replay	none	0	none	-	-1	-	-	668	4.0936
1168	permuted	2	T3	0fdbf3977c990123	-1	-1	512	-1	replay	none	0	none	-	-1	-	-	677	3.9898
1169	permuted	2	T3	0fdbf3977c990123	-1	-1	512	-1	replay	none	0	none	-	-1	-	-	683	3.7606
1170	permuted	2	T3	0fdbf3977c990123	-1	-1	512	-1	replay	none	0	none	-	-1	-	-	687	3.8040
1171	permuted	2	T3	0fdbf3977c990123	-1	-1	512	-1	replay	none	0	none	-	-1	-	-	688	3.7815
1172	permuted	2	T3	0fdbf3977c990123	-1	-1	512	-1	replay	none	0	none	-	-1	-	-	713	3.9450
1173	permuted	3	T0	5e879b663492f411	-1	-1	256	-1	direct	none	1	structure	shape,data	0	GET_ROWS	model.input_embed	5037	5.4467
1174	permuted	3	T0	0fdbf3977c990123	-1	-1	512	-1	direct	none	0	structure	shape,data	0	GET_ROWS	model.input_embed	3916	4.5886
1175	permuted	3	T0	0fdbf3977c990123	-1	-1	512	-1	capture	update	0	none	-	-1	-	-	3605	6.7436
1176	permuted	3	T0	0fdbf3977c990123	-1	-1	512	-1	replay	none	0	none	-	-1	-	-	778	3.8819
1177	permuted	3	T0	0fdbf3977c990123	-1	-1	512	-1	replay	none	0	none	-	-1	-	-	1118	4.2872
1178	permuted	3	T0	0fdbf3977c990123	-1	-1	512	-1	replay	none	0	none	-	-1	-	-	701	3.9943
1179	permuted	3	T0	0fdbf3977c990123	-1	-1	512	-1	replay	none	0	none	-	-1	-	-	866	3.8814
1180	permuted	3	T0	0fdbf3977c990123	-1	-1	512	-1	replay	none	0	none	-	-1	-	-	726	3.8398
1181	permuted	3	T0	0fdbf3977c990123	-1	-1	512	-1	replay	none	0	none	-	-1	-	-	726	3.8759
1182	permuted	3	T0	0fdbf3977c990123	-1	-1	512	-1	replay	none	0	none	-	-1	-	-	715	3.8482
1183	permuted	3	T0	0fdbf3977c990123	-1	-1	512	-1	replay	none	0	none	-	-1	-	-	687	4.0526
1184	permuted	3	T0	0fdbf3977c990123	-1	-1	512	-1	replay	none	0	none	-	-1	-	-	700	3.9986
1185	permuted	3	T0	0fdbf3977c990123	-1	-1	512	-1	replay	none	0	none	-	-1	-	-	665	3.8186
1186	permuted	3	T0	0fdbf3977c990123	-1	-1	512	-1	replay	none	0	none	-	-1	-	-	690	4.0536
1187	permuted	3	T0	0fdbf3977c990123	-1	-1	512	-1	replay	none	0	none	-	-1	-	-	739	4.0443
1188	permuted	3	T0	0fdbf3977c990123	-1	-1	512	-1	replay	none	0	none	-	-1	-	-	756	3.8234
1189	permuted	3	T0	0fdbf3977c990123	-1	-1	512	-1	replay	none	0	none	-	-1	-	-	721	4.0685
1190	permuted	3	T0	0fdbf3977c990123	-1	-1	512	-1	replay	none	0	none	-	-1	-	-	731	4.0908
1191	permuted	3	T0	0fdbf3977c990123	-1	-1	512	-1	replay	none	0	none	-	-1	-	-	875	3.9578
1192	permuted	3	T0	0fdbf3977c990123	-1	-1	512	-1	replay	none	0	none	-	-1	-	-	761	3.8084
1193	permuted	3	T0	0fdbf3977c990123	-1	-1	512	-1	replay	none	0	none	-	-1	-	-	755	3.8124
1194	permuted	3	T0	0fdbf3977c990123	-1	-1	512	-1	replay	none	0	none	-	-1	-	-	761	4.0984
1195	permuted	3	T0	0fdbf3977c990123	-1	-1	512	-1	replay	none	0	none	-	-1	-	-	792	3.8309
1196	permuted	3	T0	0fdbf3977c990123	-1	-1	512	-1	replay	none	0	none	-	-1	-	-	708	4.1536
1197	permuted	3	T0	0fdbf3977c990123	-1	-1	512	-1	replay	none	0	none	-	-1	-	-	679	4.1121
1198	permuted	3	T1	0fdbf3977c990123	-1	-1	512	-1	replay	none	0	none	-	-1	-	-	650	4.0181
1199	permuted	3	T1	da7570afdbb81394	-1	-1	256	-1	direct	none	1	structure	shape,data	0	GET_ROWS	model.input_embed	5448	17.1764
1200	permuted	3	T1	0fdbf3977c990123	-1	-1	512	-1	direct	none	0	structure	shape,data	0	GET_ROWS	model.input_embed	4256	4.7217
1201	permuted	3	T1	802ba1f19f5ea689	-1	-1	256	-1	direct	none	0	structure	shape,data	0	GET_ROWS	model.input_embed	3124	4.7449
1202	permuted	3	T2	d702fd6fe588b6cb	-1	-1	512	-1	direct	none	0	structure	shape,data	0	GET_ROWS	model.input_embed	4551	5.0220
1203	permuted	3	T2	d702fd6fe588b6cb	-1	-1	512	-1	capture	reinstantiate	0	none	-	-1	-	-	5177	8.7995
1204	permuted	3	T2	d702fd6fe588b6cb	-1	-1	512	-1	replay	none	0	none	-	-1	-	-	660	4.1351
1205	permuted	3	T2	d702fd6fe588b6cb	-1	-1	512	-1	replay	none	0	none	-	-1	-	-	706	4.1872
1206	permuted	3	T2	d702fd6fe588b6cb	-1	-1	512	-1	replay	none	0	none	-	-1	-	-	692	4.4204
1207	permuted	3	T2	d702fd6fe588b6cb	-1	-1	512	-1	replay	none	0	none	-	-1	-	-	696	4.5106
1208	permuted	3	T2	d702fd6fe588b6cb	-1	-1	512	-1	replay	none	0	none	-	-1	-	-	708	4.2879
1209	permuted	3	T2	d702fd6fe588b6cb	-1	-1	512	-1	replay	none	0	none	-	-1	-	-	641	4.2577
1210	permuted	3	T2	d702fd6fe588b6cb	-1	-1	512	-1	replay	none	0	none	-	-1	-	-	700	5.1366
1211	permuted	3	T2	d702fd6fe588b6cb	-1	-1	512	-1	replay	none	0	none	-	-1	-	-	708	4.3174
1212	permuted	3	T2	d702fd6fe588b6cb	-1	-1	512	-1	replay	none	0	none	-	-1	-	-	692	4.2907
1213	permuted	3	T2	d702fd6fe588b6cb	-1	-1	512	-1	replay	none	0	none	-	-1	-	-	686	4.1090
1214	permuted	3	T2	d702fd6fe588b6cb	-1	-1	512	-1	replay	none	0	none	-	-1	-	-	688	4.1008
1215	permuted	3	T2	d702fd6fe588b6cb	-1	-1	512	-1	replay	none	0	none	-	-1	-	-	719	4.4937
1216	permuted	3	T2	d702fd6fe588b6cb	-1	-1	512	-1	replay	none	0	none	-	-1	-	-	704	4.0606
1217	permuted	3	T2	d702fd6fe588b6cb	-1	-1	512	-1	replay	none	0	none	-	-1	-	-	713	4.4631
1218	permuted	3	T2	d702fd6fe588b6cb	-1	-1	512	-1	replay	none	0	none	-	-1	-	-	731	4.1036
1219	permuted	3	T2	d702fd6fe588b6cb	-1	-1	512	-1	replay	none	0	none	-	-1	-	-	700	4.1236
1220	permuted	3	T2	d702fd6fe588b6cb	-1	-1	512	-1	replay	none	0	none	-	-1	-	-	699	4.1222
1221	permuted	3	T2	d702fd6fe588b6cb	-1	-1	512	-1	replay	none	0	none	-	-1	-	-	860	4.1316
1222	permuted	3	T2	d702fd6fe588b6cb	-1	-1	512	-1	replay	none	0	none	-	-1	-	-	707	4.2958
1223	permuted	3	T2	d702fd6fe588b6cb	-1	-1	512	-1	replay	none	0	none	-	-1	-	-	716	4.3577
1224	permuted	3	T2	d702fd6fe588b6cb	-1	-1	512	-1	replay	none	0	none	-	-1	-	-	697	4.3089
1225	permuted	3	T2	d702fd6fe588b6cb	-1	-1	512	-1	replay	none	0	none	-	-1	-	-	628	4.3509
1226	permuted	3	T2	d702fd6fe588b6cb	-1	-1	512	-1	replay	none	0	none	-	-1	-	-	592	4.3342
1227	permuted	3	T2	d702fd6fe588b6cb	-1	-1	512	-1	replay	none	0	none	-	-1	-	-	696	4.0654
1228	permuted	3	T2	d702fd6fe588b6cb	-1	-1	512	-1	replay	none	0	none	-	-1	-	-	600	4.1040
1229	permuted	3	T2	d702fd6fe588b6cb	-1	-1	512	-1	replay	none	0	none	-	-1	-	-	582	4.0724
1230	permuted	3	T2	d702fd6fe588b6cb	-1	-1	512	-1	replay	none	0	none	-	-1	-	-	635	4.0745
1231	permuted	3	T2	d702fd6fe588b6cb	-1	-1	512	-1	replay	none	0	none	-	-1	-	-	699	4.0865
1232	permuted	3	T2	d702fd6fe588b6cb	-1	-1	512	-1	replay	none	0	none	-	-1	-	-	720	4.0955
1233	permuted	3	T3	0fdbf3977c990123	-1	-1	512	-1	direct	none	1	structure	shape,data	0	GET_ROWS	model.input_embed	4354	4.7320
1234	permuted	3	T3	0fdbf3977c990123	-1	-1	512	-1	capture	reinstantiate	0	none	-	-1	-	-	5219	8.6216
1235	permuted	3	T3	0fdbf3977c990123	-1	-1	512	-1	replay	none	0	none	-	-1	-	-	763	4.0522
1236	permuted	3	T3	0fdbf3977c990123	-1	-1	512	-1	replay	none	0	none	-	-1	-	-	708	4.0054
1237	permuted	3	T3	0fdbf3977c990123	-1	-1	512	-1	replay	none	0	none	-	-1	-	-	691	3.7731
1238	permuted	3	T3	0fdbf3977c990123	-1	-1	512	-1	replay	none	0	none	-	-1	-	-	622	3.7812
1239	permuted	3	T3	0fdbf3977c990123	-1	-1	512	-1	replay	none	0	none	-	-1	-	-	746	3.8626
1240	permuted	3	T3	0fdbf3977c990123	-1	-1	512	-1	replay	none	0	none	-	-1	-	-	709	3.9532
1241	permuted	3	T3	0fdbf3977c990123	-1	-1	512	-1	replay	none	0	none	-	-1	-	-	683	3.7658
1242	permuted	3	T3	0fdbf3977c990123	-1	-1	512	-1	replay	none	0	none	-	-1	-	-	665	3.7764
1243	permuted	3	T3	0fdbf3977c990123	-1	-1	512	-1	replay	none	0	none	-	-1	-	-	686	3.7948
1244	permuted	3	T3	0fdbf3977c990123	-1	-1	512	-1	replay	none	0	none	-	-1	-	-	641	4.0750
1245	permuted	3	T3	0fdbf3977c990123	-1	-1	512	-1	replay	none	0	none	-	-1	-	-	705	4.1012
1246	permuted	3	T3	0fdbf3977c990123	-1	-1	512	-1	replay	none	0	none	-	-1	-	-	683	3.9785
1247	permuted	3	T3	0fdbf3977c990123	-1	-1	512	-1	replay	none	0	none	-	-1	-	-	688	3.7658
1248	permuted	3	T3	0fdbf3977c990123	-1	-1	512	-1	replay	none	0	none	-	-1	-	-	724	3.8009
1249	permuted	3	T3	0fdbf3977c990123	-1	-1	512	-1	replay	none	0	none	-	-1	-	-	673	4.1497
1250	permuted	3	T3	0fdbf3977c990123	-1	-1	512	-1	replay	none	0	none	-	-1	-	-	689	3.8983
1251	permuted	3	T3	0fdbf3977c990123	-1	-1	512	-1	replay	none	0	none	-	-1	-	-	734	4.1135
1252	permuted	3	T3	0fdbf3977c990123	-1	-1	512	-1	replay	none	0	none	-	-1	-	-	710	3.9931
1253	permuted	3	T3	0fdbf3977c990123	-1	-1	512	-1	replay	none	0	none	-	-1	-	-	664	3.7624
1254	permuted	3	T3	0fdbf3977c990123	-1	-1	512	-1	replay	none	0	none	-	-1	-	-	675	3.7686
1255	permuted	3	T3	0fdbf3977c990123	-1	-1	512	-1	replay	none	0	none	-	-1	-	-	669	3.8560
1256	permuted	3	T3	0fdbf3977c990123	-1	-1	512	-1	replay	none	0	none	-	-1	-	-	673	4.0939
1257	permuted	3	T3	0fdbf3977c990123	-1	-1	512	-1	replay	none	0	none	-	-1	-	-	638	4.0193
1258	permuted	3	T3	0fdbf3977c990123	-1	-1	512	-1	replay	none	0	none	-	-1	-	-	687	3.9617
1259	permuted	3	T3	0fdbf3977c990123	-1	-1	512	-1	replay	none	0	none	-	-1	-	-	681	3.7920
1260	permuted	3	T3	0fdbf3977c990123	-1	-1	512	-1	replay	none	0	none	-	-1	-	-	566	3.8017
1261	permuted	3	T3	0fdbf3977c990123	-1	-1	512	-1	replay	none	0	none	-	-1	-	-	624	3.9883
1262	permuted	3	T3	0fdbf3977c990123	-1	-1	512	-1	replay	none	0	none	-	-1	-	-	691	4.0016
1263	permuted	3	T3	0fdbf3977c990123	-1	-1	512	-1	replay	none	0	none	-	-1	-	-	667	3.8982
1264	permuted	3	T3	0fdbf3977c990123	-1	-1	512	-1	replay	none	0	none	-	-1	-	-	674	3.7863
1265	permuted	3	T3	0fdbf3977c990123	-1	-1	512	-1	replay	none	0	none	-	-1	-	-	602	3.7935
1266	permuted	3	T3	0fdbf3977c990123	-1	-1	512	-1	replay	none	0	none	-	-1	-	-	687	4.1007
1267	permuted	3	T3	0fdbf3977c990123	-1	-1	512	-1	replay	none	0	none	-	-1	-	-	692	3.9955
1268	permuted	3	T3	0fdbf3977c990123	-1	-1	512	-1	replay	none	0	none	-	-1	-	-	685	3.9065
1269	permuted	3	T3	0fdbf3977c990123	-1	-1	512	-1	replay	none	0	none	-	-1	-	-	717	3.7738
1270	permuted	3	T3	0fdbf3977c990123	-1	-1	512	-1	replay	none	0	none	-	-1	-	-	693	3.7974
1271	permuted	3	T3	0fdbf3977c990123	-1	-1	512	-1	replay	none	0	none	-	-1	-	-	651	3.7898
1272	permuted	3	T3	0fdbf3977c990123	-1	-1	512	-1	replay	none	0	none	-	-1	-	-	687	4.1176
1273	permuted	3	T3	0fdbf3977c990123	-1	-1	512	-1	replay	none	0	none	-	-1	-	-	693	4.1119
1274	permuted	3	T3	0fdbf3977c990123	-1	-1	512	-1	replay	none	0	none	-	-1	-	-	703	4.0276
1275	permuted	3	T3	0fdbf3977c990123	-1	-1	512	-1	replay	none	0	none	-	-1	-	-	673	3.7817
1276	permuted	3	T3	0fdbf3977c990123	-1	-1	512	-1	replay	none	0	none	-	-1	-	-	694	3.7813
1277	permuted	3	T3	0fdbf3977c990123	-1	-1	512	-1	replay	none	0	none	-	-1	-	-	710	3.8471
1278	permuted	3	T3	0fdbf3977c990123	-1	-1	512	-1	replay	none	0	none	-	-1	-	-	691	3.8627
1279	permuted	3	T3	0fdbf3977c990123	-1	-1	512	-1	replay	none	0	none	-	-1	-	-	679	4.0100
1280	permuted	3	T3	0fdbf3977c990123	-1	-1	512	-1	replay	none	0	none	-	-1	-	-	684	3.7527
1281	permuted	3	T3	0fdbf3977c990123	-1	-1	512	-1	replay	none	0	none	-	-1	-	-	708	3.7933
1282	permuted	3	T3	0fdbf3977c990123	-1	-1	512	-1	replay	none	0	none	-	-1	-	-	689	3.7965
1283	permuted	3	T3	0fdbf3977c990123	-1	-1	512	-1	replay	none	0	none	-	-1	-	-	697	4.1624
1284	permuted	3	T3	0fdbf3977c990123	-1	-1	512	-1	replay	none	0	none	-	-1	-	-	696	4.0875
1285	permuted	3	T3	0fdbf3977c990123	-1	-1	512	-1	replay	none	0	none	-	-1	-	-	688	3.7605
1286	permuted	3	T3	0fdbf3977c990123	-1	-1	512	-1	replay	none	0	none	-	-1	-	-	683	3.7981
1287	permuted	3	T3	0fdbf3977c990123	-1	-1	512	-1	replay	none	0	none	-	-1	-	-	683	3.7843
1288	permuted	3	T3	0fdbf3977c990123	-1	-1	512	-1	replay	none	0	none	-	-1	-	-	670	4.0515
1289	permuted	3	T3	0fdbf3977c990123	-1	-1	512	-1	replay	none	0	none	-	-1	-	-	693	4.2193
1290	permuted	3	T3	0fdbf3977c990123	-1	-1	512	-1	replay	none	0	none	-	-1	-	-	721	4.0603
1291	permuted	3	T3	0fdbf3977c990123	-1	-1	512	-1	replay	none	0	none	-	-1	-	-	685	4.3050
1292	permuted	3	T3	0fdbf3977c990123	-1	-1	512	-1	replay	none	0	none	-	-1	-	-	689	3.9994
1293	permuted	3	T3	0fdbf3977c990123	-1	-1	512	-1	replay	none	0	none	-	-1	-	-	813	4.0202
1294	permuted	3	T3	0fdbf3977c990123	-1	-1	512	-1	replay	none	0	none	-	-1	-	-	1205	4.1066
1295	permuted	3	T3	0fdbf3977c990123	-1	-1	512	-1	replay	none	0	none	-	-1	-	-	774	4.1471
1296	permuted	3	T3	0fdbf3977c990123	-1	-1	512	-1	replay	none	0	none	-	-1	-	-	676	4.1533
1297	permuted	3	T3	0fdbf3977c990123	-1	-1	512	-1	replay	none	0	none	-	-1	-	-	711	3.9695
1298	permuted	3	T3	0fdbf3977c990123	-1	-1	512	-1	replay	none	0	none	-	-1	-	-	731	3.7698
1299	permuted	3	T3	0fdbf3977c990123	-1	-1	512	-1	replay	none	0	none	-	-1	-	-	733	3.8658
1300	permuted	3	T3	0fdbf3977c990123	-1	-1	512	-1	replay	none	0	none	-	-1	-	-	1200	4.0303
1301	permuted	3	T3	0fdbf3977c990123	-1	-1	512	-1	replay	none	0	none	-	-1	-	-	750	3.8566
1302	permuted	3	T3	0fdbf3977c990123	-1	-1	512	-1	replay	none	0	none	-	-1	-	-	838	4.0938
1303	permuted	4	T0	5e879b663492f411	-1	-1	256	-1	direct	none	1	structure	shape,data	0	GET_ROWS	model.input_embed	4696	5.2836
1304	permuted	4	T0	0fdbf3977c990123	-1	-1	512	-1	direct	none	0	structure	shape,data	0	GET_ROWS	model.input_embed	3847	4.5760
1305	permuted	4	T0	0fdbf3977c990123	-1	-1	512	-1	capture	update	0	none	-	-1	-	-	3180	6.5692
1306	permuted	4	T0	0fdbf3977c990123	-1	-1	512	-1	replay	none	0	none	-	-1	-	-	763	4.0046
1307	permuted	4	T0	0fdbf3977c990123	-1	-1	512	-1	replay	none	0	none	-	-1	-	-	705	3.7740
1308	permuted	4	T0	0fdbf3977c990123	-1	-1	512	-1	replay	none	0	none	-	-1	-	-	714	3.7746
1309	permuted	4	T0	0fdbf3977c990123	-1	-1	512	-1	replay	none	0	none	-	-1	-	-	729	3.7804
1310	permuted	4	T0	0fdbf3977c990123	-1	-1	512	-1	replay	none	0	none	-	-1	-	-	706	4.0488
1311	permuted	4	T0	0fdbf3977c990123	-1	-1	512	-1	replay	none	0	none	-	-1	-	-	719	4.0308
1312	permuted	4	T0	0fdbf3977c990123	-1	-1	512	-1	replay	none	0	none	-	-1	-	-	711	4.0014
1313	permuted	4	T0	0fdbf3977c990123	-1	-1	512	-1	replay	none	0	none	-	-1	-	-	713	3.7670
1314	permuted	4	T0	0fdbf3977c990123	-1	-1	512	-1	replay	none	0	none	-	-1	-	-	723	3.8189
1315	permuted	4	T0	0fdbf3977c990123	-1	-1	512	-1	replay	none	0	none	-	-1	-	-	711	3.7887
1316	permuted	4	T0	0fdbf3977c990123	-1	-1	512	-1	replay	none	0	none	-	-1	-	-	756	4.0765
1317	permuted	4	T0	0fdbf3977c990123	-1	-1	512	-1	replay	none	0	none	-	-1	-	-	756	4.0365
1318	permuted	4	T0	0fdbf3977c990123	-1	-1	512	-1	replay	none	0	none	-	-1	-	-	771	3.9969
1319	permuted	4	T0	0fdbf3977c990123	-1	-1	512	-1	replay	none	0	none	-	-1	-	-	686	3.8995
1320	permuted	4	T0	0fdbf3977c990123	-1	-1	512	-1	replay	none	0	none	-	-1	-	-	706	3.7903
1321	permuted	4	T0	0fdbf3977c990123	-1	-1	512	-1	replay	none	0	none	-	-1	-	-	679	3.8024
1322	permuted	4	T0	0fdbf3977c990123	-1	-1	512	-1	replay	none	0	none	-	-1	-	-	776	4.0213
1323	permuted	4	T0	0fdbf3977c990123	-1	-1	512	-1	replay	none	0	none	-	-1	-	-	714	4.0097
1324	permuted	4	T0	0fdbf3977c990123	-1	-1	512	-1	replay	none	0	none	-	-1	-	-	708	3.9902
1325	permuted	4	T0	0fdbf3977c990123	-1	-1	512	-1	replay	none	0	none	-	-1	-	-	682	3.7977
1326	permuted	4	T0	0fdbf3977c990123	-1	-1	512	-1	replay	none	0	none	-	-1	-	-	697	3.7940
1327	permuted	4	T0	0fdbf3977c990123	-1	-1	512	-1	replay	none	0	none	-	-1	-	-	739	3.8356
1328	permuted	4	T1	0fdbf3977c990123	-1	-1	512	-1	replay	none	0	none	-	-1	-	-	777	4.1078
1329	permuted	4	T1	da7570afdbb81394	-1	-1	256	-1	direct	none	1	structure	shape,data	0	GET_ROWS	model.input_embed	6086	17.1629
1330	permuted	4	T1	0fdbf3977c990123	-1	-1	512	-1	direct	none	0	structure	shape,data	0	GET_ROWS	model.input_embed	3943	4.5937
1331	permuted	4	T1	802ba1f19f5ea689	-1	-1	256	-1	direct	none	0	structure	shape,data	0	GET_ROWS	model.input_embed	4690	5.0544
1332	permuted	4	T2	d702fd6fe588b6cb	-1	-1	512	-1	direct	none	0	structure	shape,data	0	GET_ROWS	model.input_embed	4673	5.2487
1333	permuted	4	T2	d702fd6fe588b6cb	-1	-1	512	-1	capture	reinstantiate	0	none	-	-1	-	-	6274	9.7986
1334	permuted	4	T2	d702fd6fe588b6cb	-1	-1	512	-1	replay	none	0	none	-	-1	-	-	864	4.0614
1335	permuted	4	T2	d702fd6fe588b6cb	-1	-1	512	-1	replay	none	0	none	-	-1	-	-	805	4.0676
1336	permuted	4	T2	d702fd6fe588b6cb	-1	-1	512	-1	replay	none	0	none	-	-1	-	-	716	4.2852
1337	permuted	4	T2	d702fd6fe588b6cb	-1	-1	512	-1	replay	none	0	none	-	-1	-	-	717	4.1828
1338	permuted	4	T2	d702fd6fe588b6cb	-1	-1	512	-1	replay	none	0	none	-	-1	-	-	615	4.0882
1339	permuted	4	T2	d702fd6fe588b6cb	-1	-1	512	-1	replay	none	0	none	-	-1	-	-	727	4.1118
1340	permuted	4	T2	d702fd6fe588b6cb	-1	-1	512	-1	replay	none	0	none	-	-1	-	-	737	4.3529
1341	permuted	4	T2	d702fd6fe588b6cb	-1	-1	512	-1	replay	none	0	none	-	-1	-	-	735	4.3663
1342	permuted	4	T2	d702fd6fe588b6cb	-1	-1	512	-1	replay	none	0	none	-	-1	-	-	759	4.0923
1343	permuted	4	T2	d702fd6fe588b6cb	-1	-1	512	-1	replay	none	0	none	-	-1	-	-	753	4.3663
1344	permuted	4	T2	d702fd6fe588b6cb	-1	-1	512	-1	replay	none	0	none	-	-1	-	-	749	4.3343
1345	permuted	4	T2	d702fd6fe588b6cb	-1	-1	512	-1	replay	none	0	none	-	-1	-	-	697	4.3128
1346	permuted	4	T2	d702fd6fe588b6cb	-1	-1	512	-1	replay	none	0	none	-	-1	-	-	766	4.3502
1347	permuted	4	T2	d702fd6fe588b6cb	-1	-1	512	-1	replay	none	0	none	-	-1	-	-	704	4.2751
1348	permuted	4	T2	d702fd6fe588b6cb	-1	-1	512	-1	replay	none	0	none	-	-1	-	-	746	4.3155
1349	permuted	4	T2	d702fd6fe588b6cb	-1	-1	512	-1	replay	none	0	none	-	-1	-	-	700	4.2361
1350	permuted	4	T2	d702fd6fe588b6cb	-1	-1	512	-1	replay	none	0	none	-	-1	-	-	712	4.2492
1351	permuted	4	T2	d702fd6fe588b6cb	-1	-1	512	-1	replay	none	0	none	-	-1	-	-	772	4.2284
1352	permuted	4	T2	d702fd6fe588b6cb	-1	-1	512	-1	replay	none	0	none	-	-1	-	-	708	4.0678
1353	permuted	4	T2	d702fd6fe588b6cb	-1	-1	512	-1	replay	none	0	none	-	-1	-	-	737	4.2813
1354	permuted	4	T2	d702fd6fe588b6cb	-1	-1	512	-1	replay	none	0	none	-	-1	-	-	740	4.9078
1355	permuted	4	T2	d702fd6fe588b6cb	-1	-1	512	-1	replay	none	0	none	-	-1	-	-	693	4.3147
1356	permuted	4	T2	d702fd6fe588b6cb	-1	-1	512	-1	replay	none	0	none	-	-1	-	-	712	4.0923
1357	permuted	4	T2	d702fd6fe588b6cb	-1	-1	512	-1	replay	none	0	none	-	-1	-	-	710	4.2519
1358	permuted	4	T2	d702fd6fe588b6cb	-1	-1	512	-1	replay	none	0	none	-	-1	-	-	710	4.2433
1359	permuted	4	T2	d702fd6fe588b6cb	-1	-1	512	-1	replay	none	0	none	-	-1	-	-	748	4.1111
1360	permuted	4	T2	d702fd6fe588b6cb	-1	-1	512	-1	replay	none	0	none	-	-1	-	-	744	4.3904
1361	permuted	4	T2	d702fd6fe588b6cb	-1	-1	512	-1	replay	none	0	none	-	-1	-	-	785	4.1517
1362	permuted	4	T2	d702fd6fe588b6cb	-1	-1	512	-1	replay	none	0	none	-	-1	-	-	776	4.2079
1363	permuted	4	T3	0fdbf3977c990123	-1	-1	512	-1	direct	none	1	structure	shape,data	0	GET_ROWS	model.input_embed	3678	4.4649
1364	permuted	4	T3	0fdbf3977c990123	-1	-1	512	-1	capture	reinstantiate	0	none	-	-1	-	-	4528	7.6694
1365	permuted	4	T3	0fdbf3977c990123	-1	-1	512	-1	replay	none	0	none	-	-1	-	-	720	3.9956
1366	permuted	4	T3	0fdbf3977c990123	-1	-1	512	-1	replay	none	0	none	-	-1	-	-	746	3.7737
1367	permuted	4	T3	0fdbf3977c990123	-1	-1	512	-1	replay	none	0	none	-	-1	-	-	705	3.8015
1368	permuted	4	T3	0fdbf3977c990123	-1	-1	512	-1	replay	none	0	none	-	-1	-	-	707	3.7615
1369	permuted	4	T3	0fdbf3977c990123	-1	-1	512	-1	replay	none	0	none	-	-1	-	-	696	3.8725
1370	permuted	4	T3	0fdbf3977c990123	-1	-1	512	-1	replay	none	0	none	-	-1	-	-	741	4.1561
1371	permuted	4	T3	0fdbf3977c990123	-1	-1	512	-1	replay	none	0	none	-	-1	-	-	673	3.8877
1372	permuted	4	T3	0fdbf3977c990123	-1	-1	512	-1	replay	none	0	none	-	-1	-	-	711	3.7993
1373	permuted	4	T3	0fdbf3977c990123	-1	-1	512	-1	replay	none	0	none	-	-1	-	-	703	4.0541
1374	permuted	4	T3	0fdbf3977c990123	-1	-1	512	-1	replay	none	0	none	-	-1	-	-	697	4.0493
1375	permuted	4	T3	0fdbf3977c990123	-1	-1	512	-1	replay	none	0	none	-	-1	-	-	704	4.0456
1376	permuted	4	T3	0fdbf3977c990123	-1	-1	512	-1	replay	none	0	none	-	-1	-	-	703	3.9646
1377	permuted	4	T3	0fdbf3977c990123	-1	-1	512	-1	replay	none	0	none	-	-1	-	-	706	4.0232
1378	permuted	4	T3	0fdbf3977c990123	-1	-1	512	-1	replay	none	0	none	-	-1	-	-	702	4.0172
1379	permuted	4	T3	0fdbf3977c990123	-1	-1	512	-1	replay	none	0	none	-	-1	-	-	708	4.0829
1380	permuted	4	T3	0fdbf3977c990123	-1	-1	512	-1	replay	none	0	none	-	-1	-	-	678	3.7901
1381	permuted	4	T3	0fdbf3977c990123	-1	-1	512	-1	replay	none	0	none	-	-1	-	-	685	3.9550
1382	permuted	4	T3	0fdbf3977c990123	-1	-1	512	-1	replay	none	0	none	-	-1	-	-	694	4.0530
1383	permuted	4	T3	0fdbf3977c990123	-1	-1	512	-1	replay	none	0	none	-	-1	-	-	734	4.0437
1384	permuted	4	T3	0fdbf3977c990123	-1	-1	512	-1	replay	none	0	none	-	-1	-	-	688	4.0301
1385	permuted	4	T3	0fdbf3977c990123	-1	-1	512	-1	replay	none	0	none	-	-1	-	-	689	3.8810
1386	permuted	4	T3	0fdbf3977c990123	-1	-1	512	-1	replay	none	0	none	-	-1	-	-	692	3.8318
1387	permuted	4	T3	0fdbf3977c990123	-1	-1	512	-1	replay	none	0	none	-	-1	-	-	694	3.7937
1388	permuted	4	T3	0fdbf3977c990123	-1	-1	512	-1	replay	none	0	none	-	-1	-	-	680	4.1051
1389	permuted	4	T3	0fdbf3977c990123	-1	-1	512	-1	replay	none	0	none	-	-1	-	-	711	4.0288
1390	permuted	4	T3	0fdbf3977c990123	-1	-1	512	-1	replay	none	0	none	-	-1	-	-	682	4.0249
1391	permuted	4	T3	0fdbf3977c990123	-1	-1	512	-1	replay	none	0	none	-	-1	-	-	697	3.7668
1392	permuted	4	T3	0fdbf3977c990123	-1	-1	512	-1	replay	none	0	none	-	-1	-	-	695	3.7938
1393	permuted	4	T3	0fdbf3977c990123	-1	-1	512	-1	replay	none	0	none	-	-1	-	-	685	3.7970
1394	permuted	4	T3	0fdbf3977c990123	-1	-1	512	-1	replay	none	0	none	-	-1	-	-	684	4.0086
1395	permuted	4	T3	0fdbf3977c990123	-1	-1	512	-1	replay	none	0	none	-	-1	-	-	693	4.1164
1396	permuted	4	T3	0fdbf3977c990123	-1	-1	512	-1	replay	none	0	none	-	-1	-	-	691	3.9297
1397	permuted	4	T3	0fdbf3977c990123	-1	-1	512	-1	replay	none	0	none	-	-1	-	-	716	3.7947
1398	permuted	4	T3	0fdbf3977c990123	-1	-1	512	-1	replay	none	0	none	-	-1	-	-	705	3.8118
1399	permuted	4	T3	0fdbf3977c990123	-1	-1	512	-1	replay	none	0	none	-	-1	-	-	785	4.0243
1400	permuted	4	T3	0fdbf3977c990123	-1	-1	512	-1	replay	none	0	none	-	-1	-	-	695	4.0829
1401	permuted	4	T3	0fdbf3977c990123	-1	-1	512	-1	replay	none	0	none	-	-1	-	-	684	3.9593
1402	permuted	4	T3	0fdbf3977c990123	-1	-1	512	-1	replay	none	0	none	-	-1	-	-	714	4.0271
1403	permuted	4	T3	0fdbf3977c990123	-1	-1	512	-1	replay	none	0	none	-	-1	-	-	885	3.9371
1404	permuted	4	T3	0fdbf3977c990123	-1	-1	512	-1	replay	none	0	none	-	-1	-	-	691	3.7960
1405	permuted	4	T3	0fdbf3977c990123	-1	-1	512	-1	replay	none	0	none	-	-1	-	-	702	4.0375
1406	permuted	4	T3	0fdbf3977c990123	-1	-1	512	-1	replay	none	0	none	-	-1	-	-	717	4.0667
1407	permuted	4	T3	0fdbf3977c990123	-1	-1	512	-1	replay	none	0	none	-	-1	-	-	721	3.9540
1408	permuted	4	T3	0fdbf3977c990123	-1	-1	512	-1	replay	none	0	none	-	-1	-	-	721	4.0274
1409	permuted	4	T3	0fdbf3977c990123	-1	-1	512	-1	replay	none	0	none	-	-1	-	-	676	3.8800
1410	permuted	4	T3	0fdbf3977c990123	-1	-1	512	-1	replay	none	0	none	-	-1	-	-	677	4.0621
1411	permuted	4	T3	0fdbf3977c990123	-1	-1	512	-1	replay	none	0	none	-	-1	-	-	701	3.9551
1412	permuted	4	T3	0fdbf3977c990123	-1	-1	512	-1	replay	none	0	none	-	-1	-	-	984	3.9953
1413	permuted	4	T3	0fdbf3977c990123	-1	-1	512	-1	replay	none	0	none	-	-1	-	-	693	4.1419
1414	permuted	4	T3	0fdbf3977c990123	-1	-1	512	-1	replay	none	0	none	-	-1	-	-	740	3.9410
1415	permuted	4	T3	0fdbf3977c990123	-1	-1	512	-1	replay	none	0	none	-	-1	-	-	714	3.7705
1416	permuted	4	T3	0fdbf3977c990123	-1	-1	512	-1	replay	none	0	none	-	-1	-	-	706	3.8033
1417	permuted	4	T3	0fdbf3977c990123	-1	-1	512	-1	replay	none	0	none	-	-1	-	-	677	4.7201
1418	permuted	4	T3	0fdbf3977c990123	-1	-1	512	-1	replay	none	0	none	-	-1	-	-	740	3.8225
1419	permuted	4	T3	0fdbf3977c990123	-1	-1	512	-1	replay	none	0	none	-	-1	-	-	738	4.1134
1420	permuted	4	T3	0fdbf3977c990123	-1	-1	512	-1	replay	none	0	none	-	-1	-	-	691	3.8620
1421	permuted	4	T3	0fdbf3977c990123	-1	-1	512	-1	replay	none	0	none	-	-1	-	-	747	3.8420
1422	permuted	4	T3	0fdbf3977c990123	-1	-1	512	-1	replay	none	0	none	-	-1	-	-	697	3.8002
1423	permuted	4	T3	0fdbf3977c990123	-1	-1	512	-1	replay	none	0	none	-	-1	-	-	693	4.0878
1424	permuted	4	T3	0fdbf3977c990123	-1	-1	512	-1	replay	none	0	none	-	-1	-	-	690	4.0253
1425	permuted	4	T3	0fdbf3977c990123	-1	-1	512	-1	replay	none	0	none	-	-1	-	-	707	3.9720
1426	permuted	4	T3	0fdbf3977c990123	-1	-1	512	-1	replay	none	0	none	-	-1	-	-	715	3.8368
1427	permuted	4	T3	0fdbf3977c990123	-1	-1	512	-1	replay	none	0	none	-	-1	-	-	690	3.7663
1428	permuted	4	T3	0fdbf3977c990123	-1	-1	512	-1	replay	none	0	none	-	-1	-	-	684	3.7827
1429	permuted	4	T3	0fdbf3977c990123	-1	-1	512	-1	replay	none	0	none	-	-1	-	-	757	3.8421
1430	permuted	4	T3	0fdbf3977c990123	-1	-1	512	-1	replay	none	0	none	-	-1	-	-	746	4.0224
1431	permuted	4	T3	0fdbf3977c990123	-1	-1	512	-1	replay	none	0	none	-	-1	-	-	705	3.9248
1432	permuted	4	T3	0fdbf3977c990123	-1	-1	512	-1	replay	none	0	none	-	-1	-	-	692	3.9948
1433	permuted	5	T0	5e879b663492f411	-1	-1	256	-1	direct	none	1	structure	shape,data	0	GET_ROWS	model.input_embed	4714	5.0163
1434	permuted	5	T0	0fdbf3977c990123	-1	-1	512	-1	direct	none	0	structure	shape,data	0	GET_ROWS	model.input_embed	3711	4.3511
1435	permuted	5	T0	0fdbf3977c990123	-1	-1	512	-1	capture	update	0	none	-	-1	-	-	2906	6.2244
1436	permuted	5	T0	0fdbf3977c990123	-1	-1	512	-1	replay	none	0	none	-	-1	-	-	759	3.7717
1437	permuted	5	T0	0fdbf3977c990123	-1	-1	512	-1	replay	none	0	none	-	-1	-	-	762	3.8044
1438	permuted	5	T0	0fdbf3977c990123	-1	-1	512	-1	replay	none	0	none	-	-1	-	-	741	4.1271
1439	permuted	5	T0	0fdbf3977c990123	-1	-1	512	-1	replay	none	0	none	-	-1	-	-	740	4.1224
1440	permuted	5	T0	0fdbf3977c990123	-1	-1	512	-1	replay	none	0	none	-	-1	-	-	780	4.0387
1441	permuted	5	T0	0fdbf3977c990123	-1	-1	512	-1	replay	none	0	none	-	-1	-	-	732	3.7740
1442	permuted	5	T0	0fdbf3977c990123	-1	-1	512	-1	replay	none	0	none	-	-1	-	-	710	4.0147
1443	permuted	5	T0	0fdbf3977c990123	-1	-1	512	-1	replay	none	0	none	-	-1	-	-	726	3.8918
1444	permuted	5	T0	0fdbf3977c990123	-1	-1	512	-1	replay	none	0	none	-	-1	-	-	733	4.0435
1445	permuted	5	T0	0fdbf3977c990123	-1	-1	512	-1	replay	none	0	none	-	-1	-	-	712	4.1036
1446	permuted	5	T0	0fdbf3977c990123	-1	-1	512	-1	replay	none	0	none	-	-1	-	-	693	4.0341
1447	permuted	5	T0	0fdbf3977c990123	-1	-1	512	-1	replay	none	0	none	-	-1	-	-	1119	4.0332
1448	permuted	5	T0	0fdbf3977c990123	-1	-1	512	-1	replay	none	0	none	-	-1	-	-	734	4.0035
1449	permuted	5	T0	0fdbf3977c990123	-1	-1	512	-1	replay	none	0	none	-	-1	-	-	683	3.7582
1450	permuted	5	T0	0fdbf3977c990123	-1	-1	512	-1	replay	none	0	none	-	-1	-	-	693	3.7801
1451	permuted	5	T0	0fdbf3977c990123	-1	-1	512	-1	replay	none	0	none	-	-1	-	-	745	4.0700
1452	permuted	5	T0	0fdbf3977c990123	-1	-1	512	-1	replay	none	0	none	-	-1	-	-	716	3.9651
1453	permuted	5	T0	0fdbf3977c990123	-1	-1	512	-1	replay	none	0	none	-	-1	-	-	699	4.0289
1454	permuted	5	T0	0fdbf3977c990123	-1	-1	512	-1	replay	none	0	none	-	-1	-	-	714	3.9872
1455	permuted	5	T0	0fdbf3977c990123	-1	-1	512	-1	replay	none	0	none	-	-1	-	-	711	3.7684
1456	permuted	5	T0	0fdbf3977c990123	-1	-1	512	-1	replay	none	0	none	-	-1	-	-	734	3.7768
1457	permuted	5	T0	0fdbf3977c990123	-1	-1	512	-1	replay	none	0	none	-	-1	-	-	741	4.0014
1458	permuted	5	T1	0fdbf3977c990123	-1	-1	512	-1	replay	none	0	none	-	-1	-	-	714	4.0162
1459	permuted	5	T1	da7570afdbb81394	-1	-1	256	-1	direct	none	1	structure	shape,data	0	GET_ROWS	model.input_embed	5435	17.2604
1460	permuted	5	T1	0fdbf3977c990123	-1	-1	512	-1	direct	none	0	structure	shape,data	0	GET_ROWS	model.input_embed	3883	4.6203
1461	permuted	5	T1	802ba1f19f5ea689	-1	-1	256	-1	direct	none	0	structure	shape,data	0	GET_ROWS	model.input_embed	4373	4.9779
1462	permuted	5	T2	d702fd6fe588b6cb	-1	-1	512	-1	direct	none	0	structure	shape,data	0	GET_ROWS	model.input_embed	4490	5.2721
1463	permuted	5	T2	d702fd6fe588b6cb	-1	-1	512	-1	capture	reinstantiate	0	none	-	-1	-	-	5094	8.6683
1464	permuted	5	T2	d702fd6fe588b6cb	-1	-1	512	-1	replay	none	0	none	-	-1	-	-	813	4.2176
1465	permuted	5	T2	d702fd6fe588b6cb	-1	-1	512	-1	replay	none	0	none	-	-1	-	-	750	4.2133
1466	permuted	5	T2	d702fd6fe588b6cb	-1	-1	512	-1	replay	none	0	none	-	-1	-	-	769	4.0657
1467	permuted	5	T2	d702fd6fe588b6cb	-1	-1	512	-1	replay	none	0	none	-	-1	-	-	764	4.0789
1468	permuted	5	T2	d702fd6fe588b6cb	-1	-1	512	-1	replay	none	0	none	-	-1	-	-	620	4.1064
1469	permuted	5	T2	d702fd6fe588b6cb	-1	-1	512	-1	replay	none	0	none	-	-1	-	-	744	4.1028
1470	permuted	5	T2	d702fd6fe588b6cb	-1	-1	512	-1	replay	none	0	none	-	-1	-	-	635	4.1431
1471	permuted	5	T2	d702fd6fe588b6cb	-1	-1	512	-1	replay	none	0	none	-	-1	-	-	573	4.2223
1472	permuted	5	T2	d702fd6fe588b6cb	-1	-1	512	-1	replay	none	0	none	-	-1	-	-	709	4.3420
1473	permuted	5	T2	d702fd6fe588b6cb	-1	-1	512	-1	replay	none	0	none	-	-1	-	-	611	4.1465
1474	permuted	5	T2	d702fd6fe588b6cb	-1	-1	512	-1	replay	none	0	none	-	-1	-	-	684	4.2272
1475	permuted	5	T2	d702fd6fe588b6cb	-1	-1	512	-1	replay	none	0	none	-	-1	-	-	664	4.2748
1476	permuted	5	T2	d702fd6fe588b6cb	-1	-1	512	-1	replay	none	0	none	-	-1	-	-	737	4.3328
1477	permuted	5	T2	d702fd6fe588b6cb	-1	-1	512	-1	replay	none	0	none	-	-1	-	-	729	4.2992
1478	permuted	5	T2	d702fd6fe588b6cb	-1	-1	512	-1	replay	none	0	none	-	-1	-	-	706	4.2061
1479	permuted	5	T2	d702fd6fe588b6cb	-1	-1	512	-1	replay	none	0	none	-	-1	-	-	719	4.2994
1480	permuted	5	T2	d702fd6fe588b6cb	-1	-1	512	-1	replay	none	0	none	-	-1	-	-	745	4.1573
1481	permuted	5	T2	d702fd6fe588b6cb	-1	-1	512	-1	replay	none	0	none	-	-1	-	-	727	4.1542
1482	permuted	5	T2	d702fd6fe588b6cb	-1	-1	512	-1	replay	none	0	none	-	-1	-	-	756	4.1978
1483	permuted	5	T2	d702fd6fe588b6cb	-1	-1	512	-1	replay	none	0	none	-	-1	-	-	687	4.2852
1484	permuted	5	T2	d702fd6fe588b6cb	-1	-1	512	-1	replay	none	0	none	-	-1	-	-	762	4.3282
1485	permuted	5	T2	d702fd6fe588b6cb	-1	-1	512	-1	replay	none	0	none	-	-1	-	-	725	4.3315
1486	permuted	5	T2	d702fd6fe588b6cb	-1	-1	512	-1	replay	none	0	none	-	-1	-	-	677	4.3530
1487	permuted	5	T2	d702fd6fe588b6cb	-1	-1	512	-1	replay	none	0	none	-	-1	-	-	743	4.3513
1488	permuted	5	T2	d702fd6fe588b6cb	-1	-1	512	-1	replay	none	0	none	-	-1	-	-	719	4.2940
1489	permuted	5	T2	d702fd6fe588b6cb	-1	-1	512	-1	replay	none	0	none	-	-1	-	-	667	4.3607
1490	permuted	5	T2	d702fd6fe588b6cb	-1	-1	512	-1	replay	none	0	none	-	-1	-	-	607	4.3587
1491	permuted	5	T2	d702fd6fe588b6cb	-1	-1	512	-1	replay	none	0	none	-	-1	-	-	697	4.1519
1492	permuted	5	T2	d702fd6fe588b6cb	-1	-1	512	-1	replay	none	0	none	-	-1	-	-	705	4.3236
1493	permuted	5	T3	0fdbf3977c990123	-1	-1	512	-1	direct	none	1	structure	shape,data	0	GET_ROWS	model.input_embed	3352	4.4772
1494	permuted	5	T3	0fdbf3977c990123	-1	-1	512	-1	capture	reinstantiate	0	none	-	-1	-	-	5249	8.3808
1495	permuted	5	T3	0fdbf3977c990123	-1	-1	512	-1	replay	none	0	none	-	-1	-	-	719	3.8009
1496	permuted	5	T3	0fdbf3977c990123	-1	-1	512	-1	replay	none	0	none	-	-1	-	-	698	5.6928
1497	permuted	5	T3	0fdbf3977c990123	-1	-1	512	-1	replay	none	0	none	-	-1	-	-	702	3.8179
1498	permuted	5	T3	0fdbf3977c990123	-1	-1	512	-1	replay	none	0	none	-	-1	-	-	693	4.0513
1499	permuted	5	T3	0fdbf3977c990123	-1	-1	512	-1	replay	none	0	none	-	-1	-	-	739	4.0935
1500	permuted	5	T3	0fdbf3977c990123	-1	-1	512	-1	replay	none	0	none	-	-1	-	-	755	3.9684
1501	permuted	5	T3	0fdbf3977c990123	-1	-1	512	-1	replay	none	0	none	-	-1	-	-	743	4.2852
1502	permuted	5	T3	0fdbf3977c990123	-1	-1	512	-1	replay	none	0	none	-	-1	-	-	672	3.9310
1503	permuted	5	T3	0fdbf3977c990123	-1	-1	512	-1	replay	none	0	none	-	-1	-	-	663	3.8274
1504	permuted	5	T3	0fdbf3977c990123	-1	-1	512	-1	replay	none	0	none	-	-1	-	-	700	4.0348
1505	permuted	5	T3	0fdbf3977c990123	-1	-1	512	-1	replay	none	0	none	-	-1	-	-	704	4.0344
1506	permuted	5	T3	0fdbf3977c990123	-1	-1	512	-1	replay	none	0	none	-	-1	-	-	717	3.9856
1507	permuted	5	T3	0fdbf3977c990123	-1	-1	512	-1	replay	none	0	none	-	-1	-	-	704	3.9961
1508	permuted	5	T3	0fdbf3977c990123	-1	-1	512	-1	replay	none	0	none	-	-1	-	-	743	3.7811
1509	permuted	5	T3	0fdbf3977c990123	-1	-1	512	-1	replay	none	0	none	-	-1	-	-	1070	3.8558
1510	permuted	5	T3	0fdbf3977c990123	-1	-1	512	-1	replay	none	0	none	-	-1	-	-	703	3.9230
1511	permuted	5	T3	0fdbf3977c990123	-1	-1	512	-1	replay	none	0	none	-	-1	-	-	696	4.0222
1512	permuted	5	T3	0fdbf3977c990123	-1	-1	512	-1	replay	none	0	none	-	-1	-	-	717	3.9805
1513	permuted	5	T3	0fdbf3977c990123	-1	-1	512	-1	replay	none	0	none	-	-1	-	-	712	3.7839
1514	permuted	5	T3	0fdbf3977c990123	-1	-1	512	-1	replay	none	0	none	-	-1	-	-	716	3.7486
1515	permuted	5	T3	0fdbf3977c990123	-1	-1	512	-1	replay	none	0	none	-	-1	-	-	734	4.0972
1516	permuted	5	T3	0fdbf3977c990123	-1	-1	512	-1	replay	none	0	none	-	-1	-	-	717	3.9012
1517	permuted	5	T3	0fdbf3977c990123	-1	-1	512	-1	replay	none	0	none	-	-1	-	-	652	3.7973
1518	permuted	5	T3	0fdbf3977c990123	-1	-1	512	-1	replay	none	0	none	-	-1	-	-	688	4.1226
1519	permuted	5	T3	0fdbf3977c990123	-1	-1	512	-1	replay	none	0	none	-	-1	-	-	696	3.9826
1520	permuted	5	T3	0fdbf3977c990123	-1	-1	512	-1	replay	none	0	none	-	-1	-	-	1712	4.0000
1521	permuted	5	T3	0fdbf3977c990123	-1	-1	512	-1	replay	none	0	none	-	-1	-	-	707	3.9822
1522	permuted	5	T3	0fdbf3977c990123	-1	-1	512	-1	replay	none	0	none	-	-1	-	-	684	3.7639
1523	permuted	5	T3	0fdbf3977c990123	-1	-1	512	-1	replay	none	0	none	-	-1	-	-	685	4.0171
1524	permuted	5	T3	0fdbf3977c990123	-1	-1	512	-1	replay	none	0	none	-	-1	-	-	518	3.9336
1525	permuted	5	T3	0fdbf3977c990123	-1	-1	512	-1	replay	none	0	none	-	-1	-	-	661	4.0212
1526	permuted	5	T3	0fdbf3977c990123	-1	-1	512	-1	replay	none	0	none	-	-1	-	-	659	3.9788
1527	permuted	5	T3	0fdbf3977c990123	-1	-1	512	-1	replay	none	0	none	-	-1	-	-	692	3.9909
1528	permuted	5	T3	0fdbf3977c990123	-1	-1	512	-1	replay	none	0	none	-	-1	-	-	594	3.7786
1529	permuted	5	T3	0fdbf3977c990123	-1	-1	512	-1	replay	none	0	none	-	-1	-	-	735	3.9981
1530	permuted	5	T3	0fdbf3977c990123	-1	-1	512	-1	replay	none	0	none	-	-1	-	-	704	4.0568
1531	permuted	5	T3	0fdbf3977c990123	-1	-1	512	-1	replay	none	0	none	-	-1	-	-	629	4.0024
1532	permuted	5	T3	0fdbf3977c990123	-1	-1	512	-1	replay	none	0	none	-	-1	-	-	698	4.0003
1533	permuted	5	T3	0fdbf3977c990123	-1	-1	512	-1	replay	none	0	none	-	-1	-	-	785	3.9357
1534	permuted	5	T3	0fdbf3977c990123	-1	-1	512	-1	replay	none	0	none	-	-1	-	-	683	3.8299
1535	permuted	5	T3	0fdbf3977c990123	-1	-1	512	-1	replay	none	0	none	-	-1	-	-	624	4.0210
1536	permuted	5	T3	0fdbf3977c990123	-1	-1	512	-1	replay	none	0	none	-	-1	-	-	685	3.8607
1537	permuted	5	T3	0fdbf3977c990123	-1	-1	512	-1	replay	none	0	none	-	-1	-	-	685	3.9925
1538	permuted	5	T3	0fdbf3977c990123	-1	-1	512	-1	replay	none	0	none	-	-1	-	-	704	3.9004
1539	permuted	5	T3	0fdbf3977c990123	-1	-1	512	-1	replay	none	0	none	-	-1	-	-	936	3.8128
1540	permuted	5	T3	0fdbf3977c990123	-1	-1	512	-1	replay	none	0	none	-	-1	-	-	561	4.0195
1541	permuted	5	T3	0fdbf3977c990123	-1	-1	512	-1	replay	none	0	none	-	-1	-	-	753	4.0361
1542	permuted	5	T3	0fdbf3977c990123	-1	-1	512	-1	replay	none	0	none	-	-1	-	-	748	4.1401
1543	permuted	5	T3	0fdbf3977c990123	-1	-1	512	-1	replay	none	0	none	-	-1	-	-	686	4.0719
1544	permuted	5	T3	0fdbf3977c990123	-1	-1	512	-1	replay	none	0	none	-	-1	-	-	740	4.0652
1545	permuted	5	T3	0fdbf3977c990123	-1	-1	512	-1	replay	none	0	none	-	-1	-	-	690	4.0034
1546	permuted	5	T3	0fdbf3977c990123	-1	-1	512	-1	replay	none	0	none	-	-1	-	-	708	3.8863
1547	permuted	5	T3	0fdbf3977c990123	-1	-1	512	-1	replay	none	0	none	-	-1	-	-	757	4.0800
1548	permuted	5	T3	0fdbf3977c990123	-1	-1	512	-1	replay	none	0	none	-	-1	-	-	711	4.0586
1549	permuted	5	T3	0fdbf3977c990123	-1	-1	512	-1	replay	none	0	none	-	-1	-	-	740	4.0692
1550	permuted	5	T3	0fdbf3977c990123	-1	-1	512	-1	replay	none	0	none	-	-1	-	-	748	4.1573
1551	permuted	5	T3	0fdbf3977c990123	-1	-1	512	-1	replay	none	0	none	-	-1	-	-	735	4.1602
1552	permuted	5	T3	0fdbf3977c990123	-1	-1	512	-1	replay	none	0	none	-	-1	-	-	690	4.0108
1553	permuted	5	T3	0fdbf3977c990123	-1	-1	512	-1	replay	none	0	none	-	-1	-	-	569	4.0211
1554	permuted	5	T3	0fdbf3977c990123	-1	-1	512	-1	replay	none	0	none	-	-1	-	-	981	3.8311
1555	permuted	5	T3	0fdbf3977c990123	-1	-1	512	-1	replay	none	0	none	-	-1	-	-	739	4.0307
1556	permuted	5	T3	0fdbf3977c990123	-1	-1	512	-1	replay	none	0	none	-	-1	-	-	700	4.0601
1557	permuted	5	T3	0fdbf3977c990123	-1	-1	512	-1	replay	none	0	none	-	-1	-	-	769	4.1043
1558	permuted	5	T3	0fdbf3977c990123	-1	-1	512	-1	replay	none	0	none	-	-1	-	-	688	3.9919
1559	permuted	5	T3	0fdbf3977c990123	-1	-1	512	-1	replay	none	0	none	-	-1	-	-	714	3.9876
1560	permuted	5	T3	0fdbf3977c990123	-1	-1	512	-1	replay	none	0	none	-	-1	-	-	688	3.9293
1561	permuted	5	T3	0fdbf3977c990123	-1	-1	512	-1	replay	none	0	none	-	-1	-	-	688	4.0843
