graph_ordinal	t_begin_ns	key	key_ordinal	topology_digest	pointer_digest	n_nodes	n_tokens	n_outputs	n_kv	n_rs	enabled	compatible	properties_changed	change_reason	change_node	change_op	change_name	change_categories	warmup_before	warmup_after	action	executable	host_us	device_ms
0	1788554041912382741	0x7f42530c63b0	1	7565fec99ff6ebb7	1e124079787f80e0	1459	-1	-1	256	-1	1	1	1	first_compute	-1	-	-	-	0	0	direct	none	72599	72.8474
1	1788554042354245534	0x7f42530c63b0	1	da7570afdbb81394	b11e6ad39340ff34	1459	-1	-1	256	-1	1	1	1	structure	0	GET_ROWS	model.input_embed	shape,data	0	0	direct	none	26016	36.9551
2	1788554042395685151	0x7f42530c63b0	1	802ba1f19f5ea689	83e51ade51eb3baf	1459	-1	-1	256	-1	1	1	1	structure	0	GET_ROWS	model.input_embed	shape,data	0	0	direct	none	14363	14.9668
3	1788554042413405711	0x7f42530c63b0	1	0dfa7fc3533697c4	8588085eed2ad04e	1459	-1	-1	512	-1	1	1	1	structure	0	GET_ROWS	model.input_embed	shape,data	0	0	direct	none	6203	7.1844
4	1788554042421755286	0x7f42530c63b0	1	0dfa7fc3533697c4	8588085eed2ad04e	1459	-1	-1	512	-1	1	1	0	none	-1	-	-	-	0	1	capture	update	5189	8.6658
5	1788554042431792321	0x7f42530c63b0	1	0dfa7fc3533697c4	8588085eed2ad04e	1459	-1	-1	512	-1	1	1	0	none	-1	-	-	-	1	1	replay	none	914	3.8592
6	1788554042437123336	0x7f42530c63b0	1	0dfa7fc3533697c4	8588085eed2ad04e	1459	-1	-1	512	-1	1	1	0	none	-1	-	-	-	1	1	replay	none	703	3.9242
7	1788554042442225290	0x7f42530c63b0	1	0dfa7fc3533697c4	8588085eed2ad04e	1459	-1	-1	512	-1	1	1	0	none	-1	-	-	-	1	1	replay	none	660	4.0100
8	1788554042447416072	0x7f42530c63b0	1	0dfa7fc3533697c4	8588085eed2ad04e	1459	-1	-1	512	-1	1	1	0	none	-1	-	-	-	1	1	replay	none	749	4.0291
9	1788554042452672546	0x7f42530c63b0	1	0dfa7fc3533697c4	8588085eed2ad04e	1459	-1	-1	512	-1	1	1	0	none	-1	-	-	-	1	1	replay	none	626	3.8230
10	1788554042457772156	0x7f42530c63b0	1	0dfa7fc3533697c4	8588085eed2ad04e	1459	-1	-1	512	-1	1	1	0	none	-1	-	-	-	1	1	replay	none	648	3.8222
11	1788554042463079687	0x7f42530c63b0	1	0dfa7fc3533697c4	8588085eed2ad04e	1459	-1	-1	512	-1	1	1	0	none	-1	-	-	-	1	1	replay	none	682	3.8774
12	1788554042468119735	0x7f42530c63b0	1	0dfa7fc3533697c4	8588085eed2ad04e	1459	-1	-1	512	-1	1	1	0	none	-1	-	-	-	1	1	replay	none	662	4.1634
13	1788554042473398592	0x7f42530c63b0	1	0dfa7fc3533697c4	8588085eed2ad04e	1459	-1	-1	512	-1	1	1	0	none	-1	-	-	-	1	1	replay	none	669	3.8208
14	1788554042478413402	0x7f42530c63b0	1	0dfa7fc3533697c4	8588085eed2ad04e	1459	-1	-1	512	-1	1	1	0	none	-1	-	-	-	1	1	replay	none	656	4.2626
15	1788554042483868270	0x7f42530c63b0	1	0dfa7fc3533697c4	8588085eed2ad04e	1459	-1	-1	512	-1	1	1	0	none	-1	-	-	-	1	1	replay	none	665	3.8350
16	1788554042489000230	0x7f42530c63b0	1	0dfa7fc3533697c4	8588085eed2ad04e	1459	-1	-1	512	-1	1	1	0	none	-1	-	-	-	1	1	replay	none	664	3.8494
17	1788554042494050157	0x7f42530c63b0	1	0dfa7fc3533697c4	8588085eed2ad04e	1459	-1	-1	512	-1	1	1	0	none	-1	-	-	-	1	1	replay	none	681	3.9283
18	1788554042499144557	0x7f42530c63b0	1	0dfa7fc3533697c4	8588085eed2ad04e	1459	-1	-1	512	-1	1	1	0	none	-1	-	-	-	1	1	replay	none	667	4.0843
19	1788554042504309210	0x7f42530c63b0	1	0dfa7fc3533697c4	8588085eed2ad04e	1459	-1	-1	512	-1	1	1	0	none	-1	-	-	-	1	1	replay	none	651	4.0598
20	1788554042509534255	0x7f42530c63b0	1	0dfa7fc3533697c4	8588085eed2ad04e	1459	-1	-1	512	-1	1	1	0	none	-1	-	-	-	1	1	replay	none	627	3.8078
21	1788554042514629677	0x7f42530c63b0	1	0dfa7fc3533697c4	8588085eed2ad04e	1459	-1	-1	512	-1	1	1	0	none	-1	-	-	-	1	1	replay	none	660	3.8748
22	1788554042519787497	0x7f42530c63b0	1	0dfa7fc3533697c4	8588085eed2ad04e	1459	-1	-1	512	-1	1	1	0	none	-1	-	-	-	1	1	replay	none	671	3.8663
23	1788554042524792729	0x7f42530c63b0	1	0dfa7fc3533697c4	8588085eed2ad04e	1459	-1	-1	512	-1	1	1	0	none	-1	-	-	-	1	1	replay	none	684	3.9381
24	1788554042529895435	0x7f42530c63b0	1	0dfa7fc3533697c4	8588085eed2ad04e	1459	-1	-1	512	-1	1	1	0	none	-1	-	-	-	1	1	replay	none	682	4.0406
25	1788554042535161027	0x7f42530c63b0	1	0dfa7fc3533697c4	8588085eed2ad04e	1459	-1	-1	512	-1	1	1	0	none	-1	-	-	-	1	1	replay	none	582	4.0576
26	1788554042540352550	0x7f42530c63b0	1	0dfa7fc3533697c4	8588085eed2ad04e	1459	-1	-1	512	-1	1	1	0	none	-1	-	-	-	1	1	replay	none	671	3.8600
27	1788554042546518473	0x7f42530c63b0	1	94dc22ce3d23b91b	0556da47e0cf8acf	1459	-1	-1	512	-1	1	1	1	structure	0	GET_ROWS	model.input_embed	shape,data	1	0	direct	none	5025	5.5407
28	1788554042552817276	0x7f42530c63b0	1	d8f873be867a8271	349f900b4665a0d0	1459	-1	-1	256	-1	1	1	1	structure	0	GET_ROWS	model.input_embed	shape,data	0	0	direct	none	5165	18.6308
29	1788554042582576611	0x7f42530c63b0	1	79cc5f245f480542	5f0c85a409d6545f	1459	-1	-1	512	-1	1	1	1	structure	0	GET_ROWS	model.input_embed	shape,data	0	0	direct	none	4718	5.3337
30	1788554042588930607	0x7f42530c63b0	1	bcd06391008a2d68	b1c517d81836284a	1459	-1	-1	256	-1	1	1	1	structure	0	GET_ROWS	model.input_embed	shape,data	0	0	direct	none	4742	5.2733
31	1788554042598358438	0x7f42530c63b0	1	d702fd6fe588b6cb	5f0c85a409d6545f	1459	-1	-1	512	-1	1	1	1	structure	0	GET_ROWS	model.input_embed	shape,data	0	0	direct	none	3932	5.2635
32	1788554042605266024	0x7f42530c63b0	1	d702fd6fe588b6cb	5f0c85a409d6545f	1459	-1	-1	512	-1	1	1	0	none	-1	-	-	-	0	1	capture	reinstantiate	6922	10.8845
33	1788554042617791314	0x7f42530c63b0	1	d702fd6fe588b6cb	5f0c85a409d6545f	1459	-1	-1	512	-1	1	1	0	none	-1	-	-	-	1	1	replay	none	706	4.7499
34	1788554042624138598	0x7f42530c63b0	1	d702fd6fe588b6cb	5f0c85a409d6545f	1459	-1	-1	512	-1	1	1	0	none	-1	-	-	-	1	1	replay	none	718	4.4113
35	1788554042630219772	0x7f42530c63b0	1	d702fd6fe588b6cb	5f0c85a409d6545f	1459	-1	-1	512	-1	1	1	0	none	-1	-	-	-	1	1	replay	none	691	4.8670
36	1788554042636661143	0x7f42530c63b0	1	d702fd6fe588b6cb	5f0c85a409d6545f	1459	-1	-1	512	-1	1	1	0	none	-1	-	-	-	1	1	replay	none	727	4.3978
37	1788554042642633562	0x7f42530c63b0	1	d702fd6fe588b6cb	5f0c85a409d6545f	1459	-1	-1	512	-1	1	1	0	none	-1	-	-	-	1	1	replay	none	685	4.3672
38	1788554042648584512	0x7f42530c63b0	1	d702fd6fe588b6cb	5f0c85a409d6545f	1459	-1	-1	512	-1	1	1	0	none	-1	-	-	-	1	1	replay	none	675	4.3070
39	1788554042654492791	0x7f42530c63b0	1	d702fd6fe588b6cb	5f0c85a409d6545f	1459	-1	-1	512	-1	1	1	0	none	-1	-	-	-	1	1	replay	none	667	4.2565
40	1788554042660341748	0x7f42530c63b0	1	d702fd6fe588b6cb	5f0c85a409d6545f	1459	-1	-1	512	-1	1	1	0	none	-1	-	-	-	1	1	replay	none	623	4.3896
41	1788554042666109494	0x7f42530c63b0	1	d702fd6fe588b6cb	5f0c85a409d6545f	1459	-1	-1	512	-1	1	1	0	none	-1	-	-	-	1	1	replay	none	658	4.4411
42	1788554042672166202	0x7f42530c63b0	1	d702fd6fe588b6cb	5f0c85a409d6545f	1459	-1	-1	512	-1	1	1	0	none	-1	-	-	-	1	1	replay	none	705	4.1870
43	1788554042677947703	0x7f42530c63b0	1	d702fd6fe588b6cb	5f0c85a409d6545f	1459	-1	-1	512	-1	1	1	0	none	-1	-	-	-	1	1	replay	none	656	4.1633
44	1788554042683871661	0x7f42530c63b0	1	d702fd6fe588b6cb	5f0c85a409d6545f	1459	-1	-1	512	-1	1	1	0	none	-1	-	-	-	1	1	replay	none	617	4.1111
45	1788554042689511005	0x7f42530c63b0	1	d702fd6fe588b6cb	5f0c85a409d6545f	1459	-1	-1	512	-1	1	1	0	none	-1	-	-	-	1	1	replay	none	685	4.0698
46	1788554042695157863	0x7f42530c63b0	1	d702fd6fe588b6cb	5f0c85a409d6545f	1459	-1	-1	512	-1	1	1	0	none	-1	-	-	-	1	1	replay	none	666	4.0671
47	1788554042700761791	0x7f42530c63b0	1	d702fd6fe588b6cb	5f0c85a409d6545f	1459	-1	-1	512	-1	1	1	0	none	-1	-	-	-	1	1	replay	none	645	4.1289
48	1788554042706351030	0x7f42530c63b0	1	d702fd6fe588b6cb	5f0c85a409d6545f	1459	-1	-1	512	-1	1	1	0	none	-1	-	-	-	1	1	replay	none	667	4.1526
49	1788554042712022485	0x7f42530c63b0	1	d702fd6fe588b6cb	5f0c85a409d6545f	1459	-1	-1	512	-1	1	1	0	none	-1	-	-	-	1	1	replay	none	702	4.3201
50	1788554042717979054	0x7f42530c63b0	1	d702fd6fe588b6cb	5f0c85a409d6545f	1459	-1	-1	512	-1	1	1	0	none	-1	-	-	-	1	1	replay	none	709	4.2126
51	1788554042723832901	0x7f42530c63b0	1	d702fd6fe588b6cb	5f0c85a409d6545f	1459	-1	-1	512	-1	1	1	0	none	-1	-	-	-	1	1	replay	none	694	4.2721
52	1788554042729681538	0x7f42530c63b0	1	d702fd6fe588b6cb	5f0c85a409d6545f	1459	-1	-1	512	-1	1	1	0	none	-1	-	-	-	1	1	replay	none	687	4.2807
53	1788554042735629131	0x7f42530c63b0	1	d702fd6fe588b6cb	5f0c85a409d6545f	1459	-1	-1	512	-1	1	1	0	none	-1	-	-	-	1	1	replay	none	674	4.2494
54	1788554042742132168	0x7f42530c63b0	1	d702fd6fe588b6cb	5f0c85a409d6545f	1459	-1	-1	512	-1	1	1	0	none	-1	-	-	-	1	1	replay	none	668	4.2676
55	1788554042747933586	0x7f42530c63b0	1	d702fd6fe588b6cb	5f0c85a409d6545f	1459	-1	-1	512	-1	1	1	0	none	-1	-	-	-	1	1	replay	none	695	4.2068
56	1788554042753683688	0x7f42530c63b0	1	d702fd6fe588b6cb	5f0c85a409d6545f	1459	-1	-1	512	-1	1	1	0	none	-1	-	-	-	1	1	replay	none	693	4.0572
57	1788554042759325627	0x7f42530c63b0	1	d702fd6fe588b6cb	5f0c85a409d6545f	1459	-1	-1	512	-1	1	1	0	none	-1	-	-	-	1	1	replay	none	670	4.3323
58	1788554042765184323	0x7f42530c63b0	1	d702fd6fe588b6cb	5f0c85a409d6545f	1459	-1	-1	512	-1	1	1	0	none	-1	-	-	-	1	1	replay	none	665	4.0788
59	1788554042770794071	0x7f42530c63b0	1	d702fd6fe588b6cb	5f0c85a409d6545f	1459	-1	-1	512	-1	1	1	0	none	-1	-	-	-	1	1	replay	none	688	4.0627
60	1788554042776428656	0x7f42530c63b0	1	d702fd6fe588b6cb	5f0c85a409d6545f	1459	-1	-1	512	-1	1	1	0	none	-1	-	-	-	1	1	replay	none	664	4.0816
61	1788554042782102495	0x7f42530c63b0	1	d702fd6fe588b6cb	5f0c85a409d6545f	1459	-1	-1	512	-1	1	1	0	none	-1	-	-	-	1	1	replay	none	699	4.0869
62	1788554042789129356	0x7f42530c63b0	1	0dfa7fc3533697c4	8588085eed2ad04e	1459	-1	-1	512	-1	1	1	1	structure	0	GET_ROWS	model.input_embed	shape,data	1	0	direct	none	3995	4.4530
63	1788554042794902501	0x7f42530c63b0	1	0dfa7fc3533697c4	8588085eed2ad04e	1459	-1	-1	512	-1	1	1	0	none	-1	-	-	-	0	1	capture	reinstantiate	4701	8.0150
64	1788554042804145665	0x7f42530c63b0	1	0dfa7fc3533697c4	8588085eed2ad04e	1459	-1	-1	512	-1	1	1	0	none	-1	-	-	-	1	1	replay	none	809	3.7711
65	1788554042809354751	0x7f42530c63b0	1	0dfa7fc3533697c4	8588085eed2ad04e	1459	-1	-1	512	-1	1	1	0	none	-1	-	-	-	1	1	replay	none	684	3.8015
66	1788554042814412772	0x7f42530c63b0	1	0dfa7fc3533697c4	8588085eed2ad04e	1459	-1	-1	512	-1	1	1	0	none	-1	-	-	-	1	1	replay	none	681	3.7745
67	1788554042819584237	0x7f42530c63b0	1	0dfa7fc3533697c4	8588085eed2ad04e	1459	-1	-1	512	-1	1	1	0	none	-1	-	-	-	1	1	replay	none	652	3.8007
68	1788554042824837205	0x7f42530c63b0	1	0dfa7fc3533697c4	8588085eed2ad04e	1459	-1	-1	512	-1	1	1	0	none	-1	-	-	-	1	1	replay	none	718	4.1554
69	1788554042830802341	0x7f42530c63b0	1	0dfa7fc3533697c4	8588085eed2ad04e	1459	-1	-1	512	-1	1	1	0	none	-1	-	-	-	1	1	replay	none	687	4.1693
70	1788554042836284139	0x7f42530c63b0	1	0dfa7fc3533697c4	8588085eed2ad04e	1459	-1	-1	512	-1	1	1	0	none	-1	-	-	-	1	1	replay	none	676	4.0042
71	1788554042841474159	0x7f42530c63b0	1	0dfa7fc3533697c4	8588085eed2ad04e	1459	-1	-1	512	-1	1	1	0	none	-1	-	-	-	1	1	replay	none	676	3.8870
72	1788554042846580061	0x7f42530c63b0	1	0dfa7fc3533697c4	8588085eed2ad04e	1459	-1	-1	512	-1	1	1	0	none	-1	-	-	-	1	1	replay	none	673	3.7884
73	1788554042851610351	0x7f42530c63b0	1	0dfa7fc3533697c4	8588085eed2ad04e	1459	-1	-1	512	-1	1	1	0	none	-1	-	-	-	1	1	replay	none	669	3.7941
74	1788554042856856817	0x7f42530c63b0	1	0dfa7fc3533697c4	8588085eed2ad04e	1459	-1	-1	512	-1	1	1	0	none	-1	-	-	-	1	1	replay	none	697	3.8001
75	1788554042861816013	0x7f42530c63b0	1	0dfa7fc3533697c4	8588085eed2ad04e	1459	-1	-1	512	-1	1	1	0	none	-1	-	-	-	1	1	replay	none	661	4.0220
76	1788554042867007225	0x7f42530c63b0	1	0dfa7fc3533697c4	8588085eed2ad04e	1459	-1	-1	512	-1	1	1	0	none	-1	-	-	-	1	1	replay	none	666	3.9954
77	1788554042872184180	0x7f42530c63b0	1	0dfa7fc3533697c4	8588085eed2ad04e	1459	-1	-1	512	-1	1	1	0	none	-1	-	-	-	1	1	replay	none	610	3.9814
78	1788554042877295132	0x7f42530c63b0	1	0dfa7fc3533697c4	8588085eed2ad04e	1459	-1	-1	512	-1	1	1	0	none	-1	-	-	-	1	1	replay	none	601	3.7589
79	1788554042882314200	0x7f42530c63b0	1	0dfa7fc3533697c4	8588085eed2ad04e	1459	-1	-1	512	-1	1	1	0	none	-1	-	-	-	1	1	replay	none	612	3.7943
80	1788554042887548463	0x7f42530c63b0	1	0dfa7fc3533697c4	8588085eed2ad04e	1459	-1	-1	512	-1	1	1	0	none	-1	-	-	-	1	1	replay	none	679	5.0298
81	1788554042893784418	0x7f42530c63b0	1	0dfa7fc3533697c4	8588085eed2ad04e	1459	-1	-1	512	-1	1	1	0	none	-1	-	-	-	1	1	replay	none	685	4.1376
82	1788554042899079726	0x7f42530c63b0	1	0dfa7fc3533697c4	8588085eed2ad04e	1459	-1	-1	512	-1	1	1	0	none	-1	-	-	-	1	1	replay	none	683	3.9984
83	1788554042904805933	0x7f42530c63b0	1	0dfa7fc3533697c4	8588085eed2ad04e	1459	-1	-1	512	-1	1	1	0	none	-1	-	-	-	1	1	replay	none	702	3.7583
84	1788554042909829310	0x7f42530c63b0	1	0dfa7fc3533697c4	8588085eed2ad04e	1459	-1	-1	512	-1	1	1	0	none	-1	-	-	-	1	1	replay	none	692	3.7926
85	1788554042914942846	0x7f42530c63b0	1	0dfa7fc3533697c4	8588085eed2ad04e	1459	-1	-1	512	-1	1	1	0	none	-1	-	-	-	1	1	replay	none	693	3.8129
86	1788554042920559768	0x7f42530c63b0	1	0dfa7fc3533697c4	8588085eed2ad04e	1459	-1	-1	512	-1	1	1	0	none	-1	-	-	-	1	1	replay	none	671	3.7895
87	1788554042925515658	0x7f42530c63b0	1	0dfa7fc3533697c4	8588085eed2ad04e	1459	-1	-1	512	-1	1	1	0	none	-1	-	-	-	1	1	replay	none	677	4.0677
88	1788554042930756062	0x7f42530c63b0	1	0dfa7fc3533697c4	8588085eed2ad04e	1459	-1	-1	512	-1	1	1	0	none	-1	-	-	-	1	1	replay	none	695	4.0523
89	1788554042936513147	0x7f42530c63b0	1	0dfa7fc3533697c4	8588085eed2ad04e	1459	-1	-1	512	-1	1	1	0	none	-1	-	-	-	1	1	replay	none	686	3.9414
90	1788554042941861945	0x7f42530c63b0	1	0dfa7fc3533697c4	8588085eed2ad04e	1459	-1	-1	512	-1	1	1	0	none	-1	-	-	-	1	1	replay	none	697	3.7991
91	1788554042946862670	0x7f42530c63b0	1	0dfa7fc3533697c4	8588085eed2ad04e	1459	-1	-1	512	-1	1	1	0	none	-1	-	-	-	1	1	replay	none	697	4.1181
92	1788554042952602502	0x7f42530c63b0	1	0dfa7fc3533697c4	8588085eed2ad04e	1459	-1	-1	512	-1	1	1	0	none	-1	-	-	-	1	1	replay	none	688	3.8062
93	1788554042957739943	0x7f42530c63b0	1	0dfa7fc3533697c4	8588085eed2ad04e	1459	-1	-1	512	-1	1	1	0	none	-1	-	-	-	1	1	replay	none	653	3.8076
94	1788554042962806070	0x7f42530c63b0	1	0dfa7fc3533697c4	8588085eed2ad04e	1459	-1	-1	512	-1	1	1	0	none	-1	-	-	-	1	1	replay	none	695	4.0651
95	1788554042968020506	0x7f42530c63b0	1	0dfa7fc3533697c4	8588085eed2ad04e	1459	-1	-1	512	-1	1	1	0	none	-1	-	-	-	1	1	replay	none	713	3.9186
96	1788554042973284184	0x7f42530c63b0	1	0dfa7fc3533697c4	8588085eed2ad04e	1459	-1	-1	512	-1	1	1	0	none	-1	-	-	-	1	1	replay	none	690	3.9377
97	1788554042978408220	0x7f42530c63b0	1	0dfa7fc3533697c4	8588085eed2ad04e	1459	-1	-1	512	-1	1	1	0	none	-1	-	-	-	1	1	replay	none	651	3.7740
98	1788554042983364130	0x7f42530c63b0	1	0dfa7fc3533697c4	8588085eed2ad04e	1459	-1	-1	512	-1	1	1	0	none	-1	-	-	-	1	1	replay	none	656	4.0286
99	1788554042988634140	0x7f42530c63b0	1	0dfa7fc3533697c4	8588085eed2ad04e	1459	-1	-1	512	-1	1	1	0	none	-1	-	-	-	1	1	replay	none	646	3.7835
100	1788554042993851892	0x7f42530c63b0	1	0dfa7fc3533697c4	8588085eed2ad04e	1459	-1	-1	512	-1	1	1	0	none	-1	-	-	-	1	1	replay	none	758	4.1263
101	1788554042999258068	0x7f42530c63b0	1	0dfa7fc3533697c4	8588085eed2ad04e	1459	-1	-1	512	-1	1	1	0	none	-1	-	-	-	1	1	replay	none	691	4.0197
102	1788554043004511758	0x7f42530c63b0	1	0dfa7fc3533697c4	8588085eed2ad04e	1459	-1	-1	512	-1	1	1	0	none	-1	-	-	-	1	1	replay	none	652	3.9279
103	1788554043009612510	0x7f42530c63b0	1	0dfa7fc3533697c4	8588085eed2ad04e	1459	-1	-1	512	-1	1	1	0	none	-1	-	-	-	1	1	replay	none	670	3.7752
104	1788554043014652117	0x7f42530c63b0	1	0dfa7fc3533697c4	8588085eed2ad04e	1459	-1	-1	512	-1	1	1	0	none	-1	-	-	-	1	1	replay	none	699	5.7122
105	1788554043021584019	0x7f42530c63b0	1	0dfa7fc3533697c4	8588085eed2ad04e	1459	-1	-1	512	-1	1	1	0	none	-1	-	-	-	1	1	replay	none	596	3.7880
106	1788554043026521845	0x7f42530c63b0	1	0dfa7fc3533697c4	8588085eed2ad04e	1459	-1	-1	512	-1	1	1	0	none	-1	-	-	-	1	1	replay	none	672	3.7989
107	1788554043031423012	0x7f42530c63b0	1	0dfa7fc3533697c4	8588085eed2ad04e	1459	-1	-1	512	-1	1	1	0	none	-1	-	-	-	1	1	replay	none	623	4.1285
108	1788554043036652777	0x7f42530c63b0	1	0dfa7fc3533697c4	8588085eed2ad04e	1459	-1	-1	512	-1	1	1	0	none	-1	-	-	-	1	1	replay	none	674	3.9115
109	1788554043041753098	0x7f42530c63b0	1	0dfa7fc3533697c4	8588085eed2ad04e	1459	-1	-1	512	-1	1	1	0	none	-1	-	-	-	1	1	replay	none	676	3.8697
110	1788554043046879849	0x7f42530c63b0	1	0dfa7fc3533697c4	8588085eed2ad04e	1459	-1	-1	512	-1	1	1	0	none	-1	-	-	-	1	1	replay	none	687	3.7658
111	1788554043051970022	0x7f42530c63b0	1	0dfa7fc3533697c4	8588085eed2ad04e	1459	-1	-1	512	-1	1	1	0	none	-1	-	-	-	1	1	replay	none	662	3.7828
112	1788554043056960216	0x7f42530c63b0	1	0dfa7fc3533697c4	8588085eed2ad04e	1459	-1	-1	512	-1	1	1	0	none	-1	-	-	-	1	1	replay	none	624	3.7890
113	1788554043061866252	0x7f42530c63b0	1	0dfa7fc3533697c4	8588085eed2ad04e	1459	-1	-1	512	-1	1	1	0	none	-1	-	-	-	1	1	replay	none	633	4.0393
114	1788554043067015065	0x7f42530c63b0	1	0dfa7fc3533697c4	8588085eed2ad04e	1459	-1	-1	512	-1	1	1	0	none	-1	-	-	-	1	1	replay	none	661	3.8795
115	1788554043072184366	0x7f42530c63b0	1	0dfa7fc3533697c4	8588085eed2ad04e	1459	-1	-1	512	-1	1	1	0	none	-1	-	-	-	1	1	replay	none	682	3.7871
116	1788554043077259881	0x7f42530c63b0	1	0dfa7fc3533697c4	8588085eed2ad04e	1459	-1	-1	512	-1	1	1	0	none	-1	-	-	-	1	1	replay	none	686	3.8228
117	1788554043082240176	0x7f42530c63b0	1	0dfa7fc3533697c4	8588085eed2ad04e	1459	-1	-1	512	-1	1	1	0	none	-1	-	-	-	1	1	replay	none	690	3.8876
118	1788554043087785434	0x7f42530c63b0	1	0dfa7fc3533697c4	8588085eed2ad04e	1459	-1	-1	512	-1	1	1	0	none	-1	-	-	-	1	1	replay	none	684	5.1092
119	1788554043094174075	0x7f42530c63b0	1	0dfa7fc3533697c4	8588085eed2ad04e	1459	-1	-1	512	-1	1	1	0	none	-1	-	-	-	1	1	replay	none	626	4.1404
120	1788554043099417425	0x7f42530c63b0	1	0dfa7fc3533697c4	8588085eed2ad04e	1459	-1	-1	512	-1	1	1	0	none	-1	-	-	-	1	1	replay	none	688	3.7847
121	1788554043104518578	0x7f42530c63b0	1	0dfa7fc3533697c4	8588085eed2ad04e	1459	-1	-1	512	-1	1	1	0	none	-1	-	-	-	1	1	replay	none	671	4.0046
122	1788554043110138115	0x7f42530c63b0	1	0dfa7fc3533697c4	8588085eed2ad04e	1459	-1	-1	512	-1	1	1	0	none	-1	-	-	-	1	1	replay	none	679	4.1092
123	1788554043115455764	0x7f42530c63b0	1	0dfa7fc3533697c4	8588085eed2ad04e	1459	-1	-1	512	-1	1	1	0	none	-1	-	-	-	1	1	replay	none	652	5.1510
124	1788554043122414647	0x7f42530c63b0	1	0dfa7fc3533697c4	8588085eed2ad04e	1459	-1	-1	512	-1	1	1	0	none	-1	-	-	-	1	1	replay	none	731	3.7960
125	1788554043127486926	0x7f42530c63b0	1	0dfa7fc3533697c4	8588085eed2ad04e	1459	-1	-1	512	-1	1	1	0	none	-1	-	-	-	1	1	replay	none	679	3.7822
126	1788554043132498841	0x7f42530c63b0	1	0dfa7fc3533697c4	8588085eed2ad04e	1459	-1	-1	512	-1	1	1	0	none	-1	-	-	-	1	1	replay	none	604	3.8336
127	1788554043137471683	0x7f42530c63b0	1	0dfa7fc3533697c4	8588085eed2ad04e	1459	-1	-1	512	-1	1	1	0	none	-1	-	-	-	1	1	replay	none	703	3.9053
128	1788554043142551215	0x7f42530c63b0	1	0dfa7fc3533697c4	8588085eed2ad04e	1459	-1	-1	512	-1	1	1	0	none	-1	-	-	-	1	1	replay	none	677	3.9642
129	1788554043147763056	0x7f42530c63b0	1	0dfa7fc3533697c4	8588085eed2ad04e	1459	-1	-1	512	-1	1	1	0	none	-1	-	-	-	1	1	replay	none	701	3.8743
130	1788554043152889817	0x7f42530c63b0	1	0dfa7fc3533697c4	8588085eed2ad04e	1459	-1	-1	512	-1	1	1	0	none	-1	-	-	-	1	1	replay	none	700	3.8159
131	1788554043158049209	0x7f42530c63b0	1	0dfa7fc3533697c4	8588085eed2ad04e	1459	-1	-1	512	-1	1	1	0	none	-1	-	-	-	1	1	replay	none	690	3.7857
132	1788554043679254663	0x7f42530c63b0	1	802ba1f19f5ea689	83e51ade51eb3baf	1459	-1	-1	256	-1	1	1	1	structure	0	GET_ROWS	model.input_embed	shape,data	1	0	direct	none	4552	4.9779
133	1788554043688487808	0x7f42530c63b0	1	0dfa7fc3533697c4	8588085eed2ad04e	1459	-1	-1	512	-1	1	1	1	structure	0	GET_ROWS	model.input_embed	shape,data	0	0	direct	none	6693	7.2704
134	1788554043697917081	0x7f42530c63b0	1	0dfa7fc3533697c4	8588085eed2ad04e	1459	-1	-1	512	-1	1	1	0	none	-1	-	-	-	0	1	capture	update	3853	7.3533
135	1788554043706994694	0x7f42530c63b0	1	0dfa7fc3533697c4	8588085eed2ad04e	1459	-1	-1	512	-1	1	1	0	none	-1	-	-	-	1	1	replay	none	1248	4.1064
136	1788554043713315739	0x7f42530c63b0	1	0dfa7fc3533697c4	8588085eed2ad04e	1459	-1	-1	512	-1	1	1	0	none	-1	-	-	-	1	1	replay	none	744	4.3293
137	1788554043720498132	0x7f42530c63b0	1	0dfa7fc3533697c4	8588085eed2ad04e	1459	-1	-1	512	-1	1	1	0	none	-1	-	-	-	1	1	replay	none	673	3.8123
138	1788554043725907173	0x7f42530c63b0	1	0dfa7fc3533697c4	8588085eed2ad04e	1459	-1	-1	512	-1	1	1	0	none	-1	-	-	-	1	1	replay	none	1729	3.8616
139	1788554043733515145	0x7f42530c63b0	1	0dfa7fc3533697c4	8588085eed2ad04e	1459	-1	-1	512	-1	1	1	0	none	-1	-	-	-	1	1	replay	none	671	3.8222
140	1788554043738957168	0x7f42530c63b0	1	0dfa7fc3533697c4	8588085eed2ad04e	1459	-1	-1	512	-1	1	1	0	none	-1	-	-	-	1	1	replay	none	777	3.8531
141	1788554043744113966	0x7f42530c63b0	1	0dfa7fc3533697c4	8588085eed2ad04e	1459	-1	-1	512	-1	1	1	0	none	-1	-	-	-	1	1	replay	none	766	3.9479
142	1788554043749629277	0x7f42530c63b0	1	0dfa7fc3533697c4	8588085eed2ad04e	1459	-1	-1	512	-1	1	1	0	none	-1	-	-	-	1	1	replay	none	680	3.7724
143	1788554043754821801	0x7f42530c63b0	1	0dfa7fc3533697c4	8588085eed2ad04e	1459	-1	-1	512	-1	1	1	0	none	-1	-	-	-	1	1	replay	none	761	3.7649
144	1788554043759834638	0x7f42530c63b0	1	0dfa7fc3533697c4	8588085eed2ad04e	1459	-1	-1	512	-1	1	1	0	none	-1	-	-	-	1	1	replay	none	694	4.1350
145	1788554043765180731	0x7f42530c63b0	1	0dfa7fc3533697c4	8588085eed2ad04e	1459	-1	-1	512	-1	1	1	0	none	-1	-	-	-	1	1	replay	none	673	4.0900
146	1788554043770502689	0x7f42530c63b0	1	0dfa7fc3533697c4	8588085eed2ad04e	1459	-1	-1	512	-1	1	1	0	none	-1	-	-	-	1	1	replay	none	686	3.7709
147	1788554043775486411	0x7f42530c63b0	1	0dfa7fc3533697c4	8588085eed2ad04e	1459	-1	-1	512	-1	1	1	0	none	-1	-	-	-	1	1	replay	none	658	3.8016
148	1788554043780735512	0x7f42530c63b0	1	0dfa7fc3533697c4	8588085eed2ad04e	1459	-1	-1	512	-1	1	1	0	none	-1	-	-	-	1	1	replay	none	793	4.0965
149	1788554043786097455	0x7f42530c63b0	1	0dfa7fc3533697c4	8588085eed2ad04e	1459	-1	-1	512	-1	1	1	0	none	-1	-	-	-	1	1	replay	none	707	3.8205
150	1788554043791831396	0x7f42530c63b0	1	0dfa7fc3533697c4	8588085eed2ad04e	1459	-1	-1	512	-1	1	1	0	none	-1	-	-	-	1	1	replay	none	881	4.0858
151	1788554043797601306	0x7f42530c63b0	1	0dfa7fc3533697c4	8588085eed2ad04e	1459	-1	-1	512	-1	1	1	0	none	-1	-	-	-	1	1	replay	none	684	4.0721
152	1788554043802811714	0x7f42530c63b0	1	0dfa7fc3533697c4	8588085eed2ad04e	1459	-1	-1	512	-1	1	1	0	none	-1	-	-	-	1	1	replay	none	690	3.7520
153	1788554043807795867	0x7f42530c63b0	1	0dfa7fc3533697c4	8588085eed2ad04e	1459	-1	-1	512	-1	1	1	0	none	-1	-	-	-	1	1	replay	none	694	4.1503
154	1788554043813465388	0x7f42530c63b0	1	0dfa7fc3533697c4	8588085eed2ad04e	1459	-1	-1	512	-1	1	1	0	none	-1	-	-	-	1	1	replay	none	685	4.0746
155	1788554043818755586	0x7f42530c63b0	1	0dfa7fc3533697c4	8588085eed2ad04e	1459	-1	-1	512	-1	1	1	0	none	-1	-	-	-	1	1	replay	none	682	4.1338
156	1788554043824412913	0x7f42530c63b0	1	0dfa7fc3533697c4	8588085eed2ad04e	1459	-1	-1	512	-1	1	1	0	none	-1	-	-	-	1	1	replay	none	665	4.0963
157	1788554043832035503	0x7f42530c63b0	1	94dc22ce3d23b91b	0556da47e0cf8acf	1459	-1	-1	512	-1	1	1	1	structure	0	GET_ROWS	model.input_embed	shape,data	1	0	direct	none	5871	6.1935
158	1788554043839259614	0x7f42530c63b0	1	d8f873be867a8271	349f900b4665a0d0	1459	-1	-1	256	-1	1	1	1	structure	0	GET_ROWS	model.input_embed	shape,data	0	0	direct	none	5307	17.9434
159	1788554043867692337	0x7f42530c63b0	1	79cc5f245f480542	5f0c85a409d6545f	1459	-1	-1	512	-1	1	1	1	structure	0	GET_ROWS	model.input_embed	shape,data	0	0	direct	none	4860	5.1958
160	1788554043873957286	0x7f42530c63b0	1	bcd06391008a2d68	b1c517d81836284a	1459	-1	-1	256	-1	1	1	1	structure	0	GET_ROWS	model.input_embed	shape,data	0	0	direct	none	4932	5.1861
161	1788554043882166518	0x7f42530c63b0	1	d702fd6fe588b6cb	5f0c85a409d6545f	1459	-1	-1	512	-1	1	1	1	structure	0	GET_ROWS	model.input_embed	shape,data	0	0	direct	none	4463	5.2545
162	1788554043889200311	0x7f42530c63b0	1	d702fd6fe588b6cb	5f0c85a409d6545f	1459	-1	-1	512	-1	1	1	0	none	-1	-	-	-	0	1	capture	reinstantiate	5872	9.6302
163	1788554043900561514	0x7f42530c63b0	1	d702fd6fe588b6cb	5f0c85a409d6545f	1459	-1	-1	512	-1	1	1	0	none	-1	-	-	-	1	1	replay	none	693	4.1130
164	1788554043906300565	0x7f42530c63b0	1	d702fd6fe588b6cb	5f0c85a409d6545f	1459	-1	-1	512	-1	1	1	0	none	-1	-	-	-	1	1	replay	none	706	4.4396
165	1788554043912393101	0x7f42530c63b0	1	d702fd6fe588b6cb	5f0c85a409d6545f	1459	-1	-1	512	-1	1	1	0	none	-1	-	-	-	1	1	replay	none	725	4.3532
166	1788554043918391279	0x7f42530c63b0	1	d702fd6fe588b6cb	5f0c85a409d6545f	1459	-1	-1	512	-1	1	1	0	none	-1	-	-	-	1	1	replay	none	732	4.4368
167	1788554043924446804	0x7f42530c63b0	1	d702fd6fe588b6cb	5f0c85a409d6545f	1459	-1	-1	512	-1	1	1	0	none	-1	-	-	-	1	1	replay	none	678	4.3533
168	1788554043930329395	0x7f42530c63b0	1	d702fd6fe588b6cb	5f0c85a409d6545f	1459	-1	-1	512	-1	1	1	0	none	-1	-	-	-	1	1	replay	none	649	4.4886
169	1788554043936525124	0x7f42530c63b0	1	d702fd6fe588b6cb	5f0c85a409d6545f	1459	-1	-1	512	-1	1	1	0	none	-1	-	-	-	1	1	replay	none	686	4.5156
170	1788554043942594436	0x7f42530c63b0	1	d702fd6fe588b6cb	5f0c85a409d6545f	1459	-1	-1	512	-1	1	1	0	none	-1	-	-	-	1	1	replay	none	1142	4.1421
171	1788554043949046226	0x7f42530c63b0	1	d702fd6fe588b6cb	5f0c85a409d6545f	1459	-1	-1	512	-1	1	1	0	none	-1	-	-	-	1	1	replay	none	695	4.6643
172	1788554043956542218	0x7f42530c63b0	1	d702fd6fe588b6cb	5f0c85a409d6545f	1459	-1	-1	512	-1	1	1	0	none	-1	-	-	-	1	1	replay	none	708	4.1517
173	1788554043962379243	0x7f42530c63b0	1	d702fd6fe588b6cb	5f0c85a409d6545f	1459	-1	-1	512	-1	1	1	0	none	-1	-	-	-	1	1	replay	none	672	4.6763
174	1788554043968781731	0x7f42530c63b0	1	d702fd6fe588b6cb	5f0c85a409d6545f	1459	-1	-1	512	-1	1	1	0	none	-1	-	-	-	1	1	replay	none	706	4.5407
175	1788554043974981638	0x7f42530c63b0	1	d702fd6fe588b6cb	5f0c85a409d6545f	1459	-1	-1	512	-1	1	1	0	none	-1	-	-	-	1	1	replay	none	686	5.4811
176	1788554043982689548	0x7f42530c63b0	1	d702fd6fe588b6cb	5f0c85a409d6545f	1459	-1	-1	512	-1	1	1	0	none	-1	-	-	-	1	1	replay	none	672	4.1610
177	1788554043988430433	0x7f42530c63b0	1	d702fd6fe588b6cb	5f0c85a409d6545f	1459	-1	-1	512	-1	1	1	0	none	-1	-	-	-	1	1	replay	none	683	4.4566
178	1788554043994432748	0x7f42530c63b0	1	d702fd6fe588b6cb	5f0c85a409d6545f	1459	-1	-1	512	-1	1	1	0	none	-1	-	-	-	1	1	replay	none	687	4.4498
179	1788554044000514183	0x7f42530c63b0	1	d702fd6fe588b6cb	5f0c85a409d6545f	1459	-1	-1	512	-1	1	1	0	none	-1	-	-	-	1	1	replay	none	649	4.3880
180	1788554044006415980	0x7f42530c63b0	1	d702fd6fe588b6cb	5f0c85a409d6545f	1459	-1	-1	512	-1	1	1	0	none	-1	-	-	-	1	1	replay	none	689	4.4584
181	1788554044012672914	0x7f42530c63b0	1	d702fd6fe588b6cb	5f0c85a409d6545f	1459	-1	-1	512	-1	1	1	0	none	-1	-	-	-	1	1	replay	none	1214	4.6859
182	1788554044019238147	0x7f42530c63b0	1	d702fd6fe588b6cb	5f0c85a409d6545f	1459	-1	-1	512	-1	1	1	0	none	-1	-	-	-	1	1	replay	none	723	4.4708
183	1788554044025732948	0x7f42530c63b0	1	d702fd6fe588b6cb	5f0c85a409d6545f	1459	-1	-1	512	-1	1	1	0	none	-1	-	-	-	1	1	replay	none	1765	4.1660
184	1788554044032835090	0x7f42530c63b0	1	d702fd6fe588b6cb	5f0c85a409d6545f	1459	-1	-1	512	-1	1	1	0	none	-1	-	-	-	1	1	replay	none	753	4.3297
185	1788554044039128442	0x7f42530c63b0	1	d702fd6fe588b6cb	5f0c85a409d6545f	1459	-1	-1	512	-1	1	1	0	none	-1	-	-	-	1	1	replay	none	792	4.1192
186	1788554044045038755	0x7f42530c63b0	1	d702fd6fe588b6cb	5f0c85a409d6545f	1459	-1	-1	512	-1	1	1	0	none	-1	-	-	-	1	1	replay	none	740	4.5716
187	1788554044051462763	0x7f42530c63b0	1	d702fd6fe588b6cb	5f0c85a409d6545f	1459	-1	-1	512	-1	1	1	0	none	-1	-	-	-	1	1	replay	none	690	4.0452
188	1788554044057048857	0x7f42530c63b0	1	d702fd6fe588b6cb	5f0c85a409d6545f	1459	-1	-1	512	-1	1	1	0	none	-1	-	-	-	1	1	replay	none	730	4.0519
189	1788554044062696707	0x7f42530c63b0	1	d702fd6fe588b6cb	5f0c85a409d6545f	1459	-1	-1	512	-1	1	1	0	none	-1	-	-	-	1	1	replay	none	704	4.0589
190	1788554044068284234	0x7f42530c63b0	1	d702fd6fe588b6cb	5f0c85a409d6545f	1459	-1	-1	512	-1	1	1	0	none	-1	-	-	-	1	1	replay	none	685	4.0641
191	1788554044073944677	0x7f42530c63b0	1	d702fd6fe588b6cb	5f0c85a409d6545f	1459	-1	-1	512	-1	1	1	0	none	-1	-	-	-	1	1	replay	none	729	4.0578
192	1788554044080497127	0x7f42530c63b0	1	0dfa7fc3533697c4	8588085eed2ad04e	1459	-1	-1	512	-1	1	1	1	structure	0	GET_ROWS	model.input_embed	shape,data	1	0	direct	none	4003	4.7856
193	1788554044086546581	0x7f42530c63b0	1	0dfa7fc3533697c4	8588085eed2ad04e	1459	-1	-1	512	-1	1	1	0	none	-1	-	-	-	0	1	capture	reinstantiate	5824	10.3396
194	1788554044098360174	0x7f42530c63b0	1	0dfa7fc3533697c4	8588085eed2ad04e	1459	-1	-1	512	-1	1	1	0	none	-1	-	-	-	1	1	replay	none	739	3.7630
195	1788554044103545725	0x7f42530c63b0	1	0dfa7fc3533697c4	8588085eed2ad04e	1459	-1	-1	512	-1	1	1	0	none	-1	-	-	-	1	1	replay	none	675	3.9562
196	1788554044108735675	0x7f42530c63b0	1	0dfa7fc3533697c4	8588085eed2ad04e	1459	-1	-1	512	-1	1	1	0	none	-1	-	-	-	1	1	replay	none	677	3.8066
197	1788554044113805389	0x7f42530c63b0	1	0dfa7fc3533697c4	8588085eed2ad04e	1459	-1	-1	512	-1	1	1	0	none	-1	-	-	-	1	1	replay	none	706	4.6752
198	1788554044120758631	0x7f42530c63b0	1	0dfa7fc3533697c4	8588085eed2ad04e	1459	-1	-1	512	-1	1	1	0	none	-1	-	-	-	1	1	replay	none	689	3.8122
199	1788554044125795673	0x7f42530c63b0	1	0dfa7fc3533697c4	8588085eed2ad04e	1459	-1	-1	512	-1	1	1	0	none	-1	-	-	-	1	1	replay	none	702	3.7940
200	1788554044130807679	0x7f42530c63b0	1	0dfa7fc3533697c4	8588085eed2ad04e	1459	-1	-1	512	-1	1	1	0	none	-1	-	-	-	1	1	replay	none	700	3.8021
201	1788554044135789878	0x7f42530c63b0	1	0dfa7fc3533697c4	8588085eed2ad04e	1459	-1	-1	512	-1	1	1	0	none	-1	-	-	-	1	1	replay	none	684	3.7586
202	1788554044140775153	0x7f42530c63b0	1	0dfa7fc3533697c4	8588085eed2ad04e	1459	-1	-1	512	-1	1	1	0	none	-1	-	-	-	1	1	replay	none	702	3.7393
203	1788554044146276608	0x7f42530c63b0	1	0dfa7fc3533697c4	8588085eed2ad04e	1459	-1	-1	512	-1	1	1	0	none	-1	-	-	-	1	1	replay	none	685	4.2358
204	1788554044151685619	0x7f42530c63b0	1	0dfa7fc3533697c4	8588085eed2ad04e	1459	-1	-1	512	-1	1	1	0	none	-1	-	-	-	1	1	replay	none	674	3.7897
205	1788554044156600733	0x7f42530c63b0	1	0dfa7fc3533697c4	8588085eed2ad04e	1459	-1	-1	512	-1	1	1	0	none	-1	-	-	-	1	1	replay	none	630	3.7964
206	1788554044161508563	0x7f42530c63b0	1	0dfa7fc3533697c4	8588085eed2ad04e	1459	-1	-1	512	-1	1	1	0	none	-1	-	-	-	1	1	replay	none	657	3.7806
207	1788554044166647697	0x7f42530c63b0	1	0dfa7fc3533697c4	8588085eed2ad04e	1459	-1	-1	512	-1	1	1	0	none	-1	-	-	-	1	1	replay	none	659	3.9330
208	1788554044171770871	0x7f42530c63b0	1	0dfa7fc3533697c4	8588085eed2ad04e	1459	-1	-1	512	-1	1	1	0	none	-1	-	-	-	1	1	replay	none	1678	3.7612
209	1788554044177675944	0x7f42530c63b0	1	0dfa7fc3533697c4	8588085eed2ad04e	1459	-1	-1	512	-1	1	1	0	none	-1	-	-	-	1	1	replay	none	676	3.7612
210	1788554044182609753	0x7f42530c63b0	1	0dfa7fc3533697c4	8588085eed2ad04e	1459	-1	-1	512	-1	1	1	0	none	-1	-	-	-	1	1	replay	none	661	3.7377
211	1788554044187810733	0x7f42530c63b0	1	0dfa7fc3533697c4	8588085eed2ad04e	1459	-1	-1	512	-1	1	1	0	none	-1	-	-	-	1	1	replay	none	735	3.7638
212	1788554044192801348	0x7f42530c63b0	1	0dfa7fc3533697c4	8588085eed2ad04e	1459	-1	-1	512	-1	1	1	0	none	-1	-	-	-	1	1	replay	none	705	3.7656
213	1788554044197792044	0x7f42530c63b0	1	0dfa7fc3533697c4	8588085eed2ad04e	1459	-1	-1	512	-1	1	1	0	none	-1	-	-	-	1	1	replay	none	753	3.7681
214	1788554044202769374	0x7f42530c63b0	1	0dfa7fc3533697c4	8588085eed2ad04e	1459	-1	-1	512	-1	1	1	0	none	-1	-	-	-	1	1	replay	none	638	3.7312
215	1788554044208813889	0x7f42530c63b0	1	0dfa7fc3533697c4	8588085eed2ad04e	1459	-1	-1	512	-1	1	1	0	none	-1	-	-	-	1	1	replay	none	681	3.7440
216	1788554044213784777	0x7f42530c63b0	1	0dfa7fc3533697c4	8588085eed2ad04e	1459	-1	-1	512	-1	1	1	0	none	-1	-	-	-	1	1	replay	none	690	3.7644
217	1788554044218726300	0x7f42530c63b0	1	0dfa7fc3533697c4	8588085eed2ad04e	1459	-1	-1	512	-1	1	1	0	none	-1	-	-	-	1	1	replay	none	737	3.7882
218	1788554044224807775	0x7f42530c63b0	1	0dfa7fc3533697c4	8588085eed2ad04e	1459	-1	-1	512	-1	1	1	0	none	-1	-	-	-	1	1	replay	none	747	3.7788
219	1788554044229800103	0x7f42530c63b0	1	0dfa7fc3533697c4	8588085eed2ad04e	1459	-1	-1	512	-1	1	1	0	none	-1	-	-	-	1	1	replay	none	678	3.7468
220	1788554044234756023	0x7f42530c63b0	1	0dfa7fc3533697c4	8588085eed2ad04e	1459	-1	-1	512	-1	1	1	0	none	-1	-	-	-	1	1	replay	none	635	3.7850
221	1788554044239606475	0x7f42530c63b0	1	0dfa7fc3533697c4	8588085eed2ad04e	1459	-1	-1	512	-1	1	1	0	none	-1	-	-	-	1	1	replay	none	642	3.7460
222	1788554044244479981	0x7f42530c63b0	1	0dfa7fc3533697c4	8588085eed2ad04e	1459	-1	-1	512	-1	1	1	0	none	-1	-	-	-	1	1	replay	none	673	3.7624
223	1788554044249426723	0x7f42530c63b0	1	0dfa7fc3533697c4	8588085eed2ad04e	1459	-1	-1	512	-1	1	1	0	none	-1	-	-	-	1	1	replay	none	677	3.7622
224	1788554044254398062	0x7f42530c63b0	1	0dfa7fc3533697c4	8588085eed2ad04e	1459	-1	-1	512	-1	1	1	0	none	-1	-	-	-	1	1	replay	none	656	3.7658
225	1788554044259800561	0x7f42530c63b0	1	0dfa7fc3533697c4	8588085eed2ad04e	1459	-1	-1	512	-1	1	1	0	none	-1	-	-	-	1	1	replay	none	1685	3.7602
226	1788554044265745439	0x7f42530c63b0	1	0dfa7fc3533697c4	8588085eed2ad04e	1459	-1	-1	512	-1	1	1	0	none	-1	-	-	-	1	1	replay	none	685	3.7372
227	1788554044270674098	0x7f42530c63b0	1	0dfa7fc3533697c4	8588085eed2ad04e	1459	-1	-1	512	-1	1	1	0	none	-1	-	-	-	1	1	replay	none	685	3.7500
228	1788554044275769250	0x7f42530c63b0	1	0dfa7fc3533697c4	8588085eed2ad04e	1459	-1	-1	512	-1	1	1	0	none	-1	-	-	-	1	1	replay	none	658	3.7707
229	1788554044280793578	0x7f42530c63b0	1	0dfa7fc3533697c4	8588085eed2ad04e	1459	-1	-1	512	-1	1	1	0	none	-1	-	-	-	1	1	replay	none	711	3.7773
230	1788554044285770017	0x7f42530c63b0	1	0dfa7fc3533697c4	8588085eed2ad04e	1459	-1	-1	512	-1	1	1	0	none	-1	-	-	-	1	1	replay	none	828	3.7522
231	1788554044290789927	0x7f42530c63b0	1	0dfa7fc3533697c4	8588085eed2ad04e	1459	-1	-1	512	-1	1	1	0	none	-1	-	-	-	1	1	replay	none	691	3.7693
232	1788554044295713998	0x7f42530c63b0	1	0dfa7fc3533697c4	8588085eed2ad04e	1459	-1	-1	512	-1	1	1	0	none	-1	-	-	-	1	1	replay	none	818	3.7476
233	1788554044300797307	0x7f42530c63b0	1	0dfa7fc3533697c4	8588085eed2ad04e	1459	-1	-1	512	-1	1	1	0	none	-1	-	-	-	1	1	replay	none	696	3.7507
234	1788554044305721237	0x7f42530c63b0	1	0dfa7fc3533697c4	8588085eed2ad04e	1459	-1	-1	512	-1	1	1	0	none	-1	-	-	-	1	1	replay	none	709	3.7562
235	1788554044310718535	0x7f42530c63b0	1	0dfa7fc3533697c4	8588085eed2ad04e	1459	-1	-1	512	-1	1	1	0	none	-1	-	-	-	1	1	replay	none	681	3.7669
236	1788554044315677941	0x7f42530c63b0	1	0dfa7fc3533697c4	8588085eed2ad04e	1459	-1	-1	512	-1	1	1	0	none	-1	-	-	-	1	1	replay	none	673	3.7776
237	1788554044320596321	0x7f42530c63b0	1	0dfa7fc3533697c4	8588085eed2ad04e	1459	-1	-1	512	-1	1	1	0	none	-1	-	-	-	1	1	replay	none	665	3.7386
238	1788554044325594380	0x7f42530c63b0	1	0dfa7fc3533697c4	8588085eed2ad04e	1459	-1	-1	512	-1	1	1	0	none	-1	-	-	-	1	1	replay	none	670	3.8404
239	1788554044330858699	0x7f42530c63b0	1	0dfa7fc3533697c4	8588085eed2ad04e	1459	-1	-1	512	-1	1	1	0	none	-1	-	-	-	1	1	replay	none	803	3.7739
240	1788554044335961766	0x7f42530c63b0	1	0dfa7fc3533697c4	8588085eed2ad04e	1459	-1	-1	512	-1	1	1	0	none	-1	-	-	-	1	1	replay	none	749	3.7663
241	1788554044340934457	0x7f42530c63b0	1	0dfa7fc3533697c4	8588085eed2ad04e	1459	-1	-1	512	-1	1	1	0	none	-1	-	-	-	1	1	replay	none	697	3.7621
242	1788554044346429510	0x7f42530c63b0	1	0dfa7fc3533697c4	8588085eed2ad04e	1459	-1	-1	512	-1	1	1	0	none	-1	-	-	-	1	1	replay	none	668	5.4181
243	1788554044353004803	0x7f42530c63b0	1	0dfa7fc3533697c4	8588085eed2ad04e	1459	-1	-1	512	-1	1	1	0	none	-1	-	-	-	1	1	replay	none	718	3.7981
244	1788554044358597328	0x7f42530c63b0	1	0dfa7fc3533697c4	8588085eed2ad04e	1459	-1	-1	512	-1	1	1	0	none	-1	-	-	-	1	1	replay	none	682	3.8449
245	1788554044363712027	0x7f42530c63b0	1	0dfa7fc3533697c4	8588085eed2ad04e	1459	-1	-1	512	-1	1	1	0	none	-1	-	-	-	1	1	replay	none	657	4.0689
246	1788554044369064602	0x7f42530c63b0	1	0dfa7fc3533697c4	8588085eed2ad04e	1459	-1	-1	512	-1	1	1	0	none	-1	-	-	-	1	1	replay	none	698	3.8766
247	1788554044374097978	0x7f42530c63b0	1	0dfa7fc3533697c4	8588085eed2ad04e	1459	-1	-1	512	-1	1	1	0	none	-1	-	-	-	1	1	replay	none	699	4.1112
248	1788554044379822001	0x7f42530c63b0	1	0dfa7fc3533697c4	8588085eed2ad04e	1459	-1	-1	512	-1	1	1	0	none	-1	-	-	-	1	1	replay	none	691	4.2630
249	1788554044385500779	0x7f42530c63b0	1	0dfa7fc3533697c4	8588085eed2ad04e	1459	-1	-1	512	-1	1	1	0	none	-1	-	-	-	1	1	replay	none	700	3.7710
250	1788554044390618092	0x7f42530c63b0	1	0dfa7fc3533697c4	8588085eed2ad04e	1459	-1	-1	512	-1	1	1	0	none	-1	-	-	-	1	1	replay	none	710	4.1003
251	1788554044396872281	0x7f42530c63b0	1	0dfa7fc3533697c4	8588085eed2ad04e	1459	-1	-1	512	-1	1	1	0	none	-1	-	-	-	1	1	replay	none	1019	4.1976
252	1788554044402674110	0x7f42530c63b0	1	0dfa7fc3533697c4	8588085eed2ad04e	1459	-1	-1	512	-1	1	1	0	none	-1	-	-	-	1	1	replay	none	677	4.0609
253	1788554044407970299	0x7f42530c63b0	1	0dfa7fc3533697c4	8588085eed2ad04e	1459	-1	-1	512	-1	1	1	0	none	-1	-	-	-	1	1	replay	none	686	4.0120
254	1788554044413858150	0x7f42530c63b0	1	0dfa7fc3533697c4	8588085eed2ad04e	1459	-1	-1	512	-1	1	1	0	none	-1	-	-	-	1	1	replay	none	696	3.9284
255	1788554044419563418	0x7f42530c63b0	1	0dfa7fc3533697c4	8588085eed2ad04e	1459	-1	-1	512	-1	1	1	0	none	-1	-	-	-	1	1	replay	none	661	4.0837
256	1788554044424864847	0x7f42530c63b0	1	0dfa7fc3533697c4	8588085eed2ad04e	1459	-1	-1	512	-1	1	1	0	none	-1	-	-	-	1	1	replay	none	696	4.2304
257	1788554044431224203	0x7f42530c63b0	1	0dfa7fc3533697c4	8588085eed2ad04e	1459	-1	-1	512	-1	1	1	0	none	-1	-	-	-	1	1	replay	none	723	4.2980
258	1788554044437267356	0x7f42530c63b0	1	0dfa7fc3533697c4	8588085eed2ad04e	1459	-1	-1	512	-1	1	1	0	none	-1	-	-	-	1	1	replay	none	736	4.2042
259	1788554044442854332	0x7f42530c63b0	1	0dfa7fc3533697c4	8588085eed2ad04e	1459	-1	-1	512	-1	1	1	0	none	-1	-	-	-	1	1	replay	none	698	4.2693
260	1788554044448389840	0x7f42530c63b0	1	0dfa7fc3533697c4	8588085eed2ad04e	1459	-1	-1	512	-1	1	1	0	none	-1	-	-	-	1	1	replay	none	665	4.1739
261	1788554044453842474	0x7f42530c63b0	1	0dfa7fc3533697c4	8588085eed2ad04e	1459	-1	-1	512	-1	1	1	0	none	-1	-	-	-	1	1	replay	none	693	3.8005
262	1788554044978148061	0x7f42530c63b0	1	802ba1f19f5ea689	83e51ade51eb3baf	1459	-1	-1	256	-1	1	1	1	structure	0	GET_ROWS	model.input_embed	shape,data	1	0	direct	none	4920	5.2645
263	1788554044986004179	0x7f42530c63b0	1	0dfa7fc3533697c4	8588085eed2ad04e	1459	-1	-1	512	-1	1	1	1	structure	0	GET_ROWS	model.input_embed	shape,data	0	0	direct	none	5000	4.5872
264	1788554044993906775	0x7f42530c63b0	1	0dfa7fc3533697c4	8588085eed2ad04e	1459	-1	-1	512	-1	1	1	0	none	-1	-	-	-	0	1	capture	update	3180	6.2683
265	1788554045001895843	0x7f42530c63b0	1	0dfa7fc3533697c4	8588085eed2ad04e	1459	-1	-1	512	-1	1	1	0	none	-1	-	-	-	1	1	replay	none	711	3.8283
266	1788554045007152988	0x7f42530c63b0	1	0dfa7fc3533697c4	8588085eed2ad04e	1459	-1	-1	512	-1	1	1	0	none	-1	-	-	-	1	1	replay	none	686	3.8070
267	1788554045012874427	0x7f42530c63b0	1	0dfa7fc3533697c4	8588085eed2ad04e	1459	-1	-1	512	-1	1	1	0	none	-1	-	-	-	1	1	replay	none	723	3.8645
268	1788554045017995126	0x7f42530c63b0	1	0dfa7fc3533697c4	8588085eed2ad04e	1459	-1	-1	512	-1	1	1	0	none	-1	-	-	-	1	1	replay	none	704	3.9662
269	1788554045023100938	0x7f42530c63b0	1	0dfa7fc3533697c4	8588085eed2ad04e	1459	-1	-1	512	-1	1	1	0	none	-1	-	-	-	1	1	replay	none	672	3.9141
270	1788554045028167436	0x7f42530c63b0	1	0dfa7fc3533697c4	8588085eed2ad04e	1459	-1	-1	512	-1	1	1	0	none	-1	-	-	-	1	1	replay	none	682	4.0538
271	1788554045033423790	0x7f42530c63b0	1	0dfa7fc3533697c4	8588085eed2ad04e	1459	-1	-1	512	-1	1	1	0	none	-1	-	-	-	1	1	replay	none	680	3.7730
272	1788554045038546814	0x7f42530c63b0	1	0dfa7fc3533697c4	8588085eed2ad04e	1459	-1	-1	512	-1	1	1	0	none	-1	-	-	-	1	1	replay	none	679	3.7919
273	1788554045043853954	0x7f42530c63b0	1	0dfa7fc3533697c4	8588085eed2ad04e	1459	-1	-1	512	-1	1	1	0	none	-1	-	-	-	1	1	replay	none	706	3.9185
274	1788554045049626558	0x7f42530c63b0	1	0dfa7fc3533697c4	8588085eed2ad04e	1459	-1	-1	512	-1	1	1	0	none	-1	-	-	-	1	1	replay	none	649	3.7604
275	1788554045055115389	0x7f42530c63b0	1	0dfa7fc3533697c4	8588085eed2ad04e	1459	-1	-1	512	-1	1	1	0	none	-1	-	-	-	1	1	replay	none	692	3.9564
276	1788554045060263601	0x7f42530c63b0	1	0dfa7fc3533697c4	8588085eed2ad04e	1459	-1	-1	512	-1	1	1	0	none	-1	-	-	-	1	1	replay	none	684	3.9695
277	1788554045066657252	0x7f42530c63b0	1	0dfa7fc3533697c4	8588085eed2ad04e	1459	-1	-1	512	-1	1	1	0	none	-1	-	-	-	1	1	replay	none	709	3.9029
278	1788554045071882167	0x7f42530c63b0	1	0dfa7fc3533697c4	8588085eed2ad04e	1459	-1	-1	512	-1	1	1	0	none	-1	-	-	-	1	1	replay	none	797	4.0323
279	1788554045077280979	0x7f42530c63b0	1	0dfa7fc3533697c4	8588085eed2ad04e	1459	-1	-1	512	-1	1	1	0	none	-1	-	-	-	1	1	replay	none	726	3.8090
280	1788554045082583681	0x7f42530c63b0	1	0dfa7fc3533697c4	8588085eed2ad04e	1459	-1	-1	512	-1	1	1	0	none	-1	-	-	-	1	1	replay	none	687	3.7826
281	1788554045087954751	0x7f42530c63b0	1	0dfa7fc3533697c4	8588085eed2ad04e	1459	-1	-1	512	-1	1	1	0	none	-1	-	-	-	1	1	replay	none	702	4.1216
282	1788554045093343835	0x7f42530c63b0	1	0dfa7fc3533697c4	8588085eed2ad04e	1459	-1	-1	512	-1	1	1	0	none	-1	-	-	-	1	1	replay	none	717	3.7731
283	1788554045098405984	0x7f42530c63b0	1	0dfa7fc3533697c4	8588085eed2ad04e	1459	-1	-1	512	-1	1	1	0	none	-1	-	-	-	1	1	replay	none	688	4.0173
284	1788554045103783206	0x7f42530c63b0	1	0dfa7fc3533697c4	8588085eed2ad04e	1459	-1	-1	512	-1	1	1	0	none	-1	-	-	-	1	1	replay	none	1223	4.1190
285	1788554045109651870	0x7f42530c63b0	1	0dfa7fc3533697c4	8588085eed2ad04e	1459	-1	-1	512	-1	1	1	0	none	-1	-	-	-	1	1	replay	none	746	4.0373
286	1788554045114835248	0x7f42530c63b0	1	0dfa7fc3533697c4	8588085eed2ad04e	1459	-1	-1	512	-1	1	1	0	none	-1	-	-	-	1	1	replay	none	678	3.7799
287	1788554045121133008	0x7f42530c63b0	1	94dc22ce3d23b91b	0556da47e0cf8acf	1459	-1	-1	512	-1	1	1	1	structure	0	GET_ROWS	model.input_embed	shape,data	1	0	direct	none	4678	5.3868
288	1788554045127291798	0x7f42530c63b0	1	d8f873be867a8271	349f900b4665a0d0	1459	-1	-1	256	-1	1	1	1	structure	0	GET_ROWS	model.input_embed	shape,data	0	0	direct	none	5623	16.9222
289	1788554045150298688	0x7f42530c63b0	1	79cc5f245f480542	5f0c85a409d6545f	1459	-1	-1	512	-1	1	1	1	structure	0	GET_ROWS	model.input_embed	shape,data	0	0	direct	none	4789	5.0250
290	1788554045156250048	0x7f42530c63b0	1	bcd06391008a2d68	b1c517d81836284a	1459	-1	-1	256	-1	1	1	1	structure	0	GET_ROWS	model.input_embed	shape,data	0	0	direct	none	4538	4.8264
291	1788554045163820079	0x7f42530c63b0	1	d702fd6fe588b6cb	5f0c85a409d6545f	1459	-1	-1	512	-1	1	1	1	structure	0	GET_ROWS	model.input_embed	shape,data	0	0	direct	none	4291	4.8736
292	1788554045170284453	0x7f42530c63b0	1	d702fd6fe588b6cb	5f0c85a409d6545f	1459	-1	-1	512	-1	1	1	0	none	-1	-	-	-	0	1	capture	reinstantiate	5388	8.9922
293	1788554045181125859	0x7f42530c63b0	1	d702fd6fe588b6cb	5f0c85a409d6545f	1459	-1	-1	512	-1	1	1	0	none	-1	-	-	-	1	1	replay	none	795	4.3322
294	1788554045187139537	0x7f42530c63b0	1	d702fd6fe588b6cb	5f0c85a409d6545f	1459	-1	-1	512	-1	1	1	0	none	-1	-	-	-	1	1	replay	none	773	4.3137
295	1788554045193025694	0x7f42530c63b0	1	d702fd6fe588b6cb	5f0c85a409d6545f	1459	-1	-1	512	-1	1	1	0	none	-1	-	-	-	1	1	replay	none	947	4.4894
296	1788554045199102971	0x7f42530c63b0	1	d702fd6fe588b6cb	5f0c85a409d6545f	1459	-1	-1	512	-1	1	1	0	none	-1	-	-	-	1	1	replay	none	745	4.2634
297	1788554045204971635	0x7f42530c63b0	1	d702fd6fe588b6cb	5f0c85a409d6545f	1459	-1	-1	512	-1	1	1	0	none	-1	-	-	-	1	1	replay	none	729	4.3363
298	1788554045211183495	0x7f42530c63b0	1	d702fd6fe588b6cb	5f0c85a409d6545f	1459	-1	-1	512	-1	1	1	0	none	-1	-	-	-	1	1	replay	none	722	4.2958
299	1788554045217097024	0x7f42530c63b0	1	d702fd6fe588b6cb	5f0c85a409d6545f	1459	-1	-1	512	-1	1	1	0	none	-1	-	-	-	1	1	replay	none	750	4.3001
300	1788554045223054255	0x7f42530c63b0	1	d702fd6fe588b6cb	5f0c85a409d6545f	1459	-1	-1	512	-1	1	1	0	none	-1	-	-	-	1	1	replay	none	717	4.2637
301	1788554045228966672	0x7f42530c63b0	1	d702fd6fe588b6cb	5f0c85a409d6545f	1459	-1	-1	512	-1	1	1	0	none	-1	-	-	-	1	1	replay	none	1852	4.7597
302	1788554045236060137	0x7f42530c63b0	1	d702fd6fe588b6cb	5f0c85a409d6545f	1459	-1	-1	512	-1	1	1	0	none	-1	-	-	-	1	1	replay	none	744	4.2380
303	1788554045242013291	0x7f42530c63b0	1	d702fd6fe588b6cb	5f0c85a409d6545f	1459	-1	-1	512	-1	1	1	0	none	-1	-	-	-	1	1	replay	none	737	4.2583
304	1788554045247924806	0x7f42530c63b0	1	d702fd6fe588b6cb	5f0c85a409d6545f	1459	-1	-1	512	-1	1	1	0	none	-1	-	-	-	1	1	replay	none	748	4.2959
305	1788554045254202229	0x7f42530c63b0	1	d702fd6fe588b6cb	5f0c85a409d6545f	1459	-1	-1	512	-1	1	1	0	none	-1	-	-	-	1	1	replay	none	707	4.3028
306	1788554045260145995	0x7f42530c63b0	1	d702fd6fe588b6cb	5f0c85a409d6545f	1459	-1	-1	512	-1	1	1	0	none	-1	-	-	-	1	1	replay	none	716	4.2116
307	1788554045267006342	0x7f42530c63b0	1	d702fd6fe588b6cb	5f0c85a409d6545f	1459	-1	-1	512	-1	1	1	0	none	-1	-	-	-	1	1	replay	none	758	4.3817
308	1788554045273004390	0x7f42530c63b0	1	d702fd6fe588b6cb	5f0c85a409d6545f	1459	-1	-1	512	-1	1	1	0	none	-1	-	-	-	1	1	replay	none	730	4.2930
309	1788554045279196713	0x7f42530c63b0	1	d702fd6fe588b6cb	5f0c85a409d6545f	1459	-1	-1	512	-1	1	1	0	none	-1	-	-	-	1	1	replay	none	763	4.1958
310	1788554045285036293	0x7f42530c63b0	1	d702fd6fe588b6cb	5f0c85a409d6545f	1459	-1	-1	512	-1	1	1	0	none	-1	-	-	-	1	1	replay	none	717	4.2328
311	1788554045291051813	0x7f42530c63b0	1	d702fd6fe588b6cb	5f0c85a409d6545f	1459	-1	-1	512	-1	1	1	0	none	-1	-	-	-	1	1	replay	none	721	4.2693
312	1788554045297179645	0x7f42530c63b0	1	d702fd6fe588b6cb	5f0c85a409d6545f	1459	-1	-1	512	-1	1	1	0	none	-1	-	-	-	1	1	replay	none	752	4.3013
313	1788554045303125455	0x7f42530c63b0	1	d702fd6fe588b6cb	5f0c85a409d6545f	1459	-1	-1	512	-1	1	1	0	none	-1	-	-	-	1	1	replay	none	713	4.3498
314	1788554045309028314	0x7f42530c63b0	1	d702fd6fe588b6cb	5f0c85a409d6545f	1459	-1	-1	512	-1	1	1	0	none	-1	-	-	-	1	1	replay	none	717	4.2879
315	1788554045314914762	0x7f42530c63b0	1	d702fd6fe588b6cb	5f0c85a409d6545f	1459	-1	-1	512	-1	1	1	0	none	-1	-	-	-	1	1	replay	none	925	4.3090
316	1788554045321366812	0x7f42530c63b0	1	d702fd6fe588b6cb	5f0c85a409d6545f	1459	-1	-1	512	-1	1	1	0	none	-1	-	-	-	1	1	replay	none	700	4.0952
317	1788554045327037044	0x7f42530c63b0	1	d702fd6fe588b6cb	5f0c85a409d6545f	1459	-1	-1	512	-1	1	1	0	none	-1	-	-	-	1	1	replay	none	746	4.0814
318	1788554045333226552	0x7f42530c63b0	1	d702fd6fe588b6cb	5f0c85a409d6545f	1459	-1	-1	512	-1	1	1	0	none	-1	-	-	-	1	1	replay	none	745	4.1465
319	1788554045339066953	0x7f42530c63b0	1	d702fd6fe588b6cb	5f0c85a409d6545f	1459	-1	-1	512	-1	1	1	0	none	-1	-	-	-	1	1	replay	none	660	4.2196
320	1788554045345020718	0x7f42530c63b0	1	d702fd6fe588b6cb	5f0c85a409d6545f	1459	-1	-1	512	-1	1	1	0	none	-1	-	-	-	1	1	replay	none	690	4.2567
321	1788554045351614605	0x7f42530c63b0	1	d702fd6fe588b6cb	5f0c85a409d6545f	1459	-1	-1	512	-1	1	1	0	none	-1	-	-	-	1	1	replay	none	703	4.1359
322	1788554045359579708	0x7f42530c63b0	1	0dfa7fc3533697c4	8588085eed2ad04e	1459	-1	-1	512	-1	1	1	1	structure	0	GET_ROWS	model.input_embed	shape,data	1	0	direct	none	4403	5.1377
323	1788554045365891646	0x7f42530c63b0	1	0dfa7fc3533697c4	8588085eed2ad04e	1459	-1	-1	512	-1	1	1	0	none	-1	-	-	-	0	1	capture	reinstantiate	5600	7.7651
324	1788554045376063464	0x7f42530c63b0	1	0dfa7fc3533697c4	8588085eed2ad04e	1459	-1	-1	512	-1	1	1	0	none	-1	-	-	-	1	1	replay	none	792	4.0239
325	1788554045381509495	0x7f42530c63b0	1	0dfa7fc3533697c4	8588085eed2ad04e	1459	-1	-1	512	-1	1	1	0	none	-1	-	-	-	1	1	replay	none	743	3.9596
326	1788554045387205676	0x7f42530c63b0	1	0dfa7fc3533697c4	8588085eed2ad04e	1459	-1	-1	512	-1	1	1	0	none	-1	-	-	-	1	1	replay	none	731	3.8124
327	1788554045392302661	0x7f42530c63b0	1	0dfa7fc3533697c4	8588085eed2ad04e	1459	-1	-1	512	-1	1	1	0	none	-1	-	-	-	1	1	replay	none	738	4.1076
328	1788554045397734455	0x7f42530c63b0	1	0dfa7fc3533697c4	8588085eed2ad04e	1459	-1	-1	512	-1	1	1	0	none	-1	-	-	-	1	1	replay	none	715	3.9019
329	1788554045402948410	0x7f42530c63b0	1	0dfa7fc3533697c4	8588085eed2ad04e	1459	-1	-1	512	-1	1	1	0	none	-1	-	-	-	1	1	replay	none	735	4.0710
330	1788554045408349897	0x7f42530c63b0	1	0dfa7fc3533697c4	8588085eed2ad04e	1459	-1	-1	512	-1	1	1	0	none	-1	-	-	-	1	1	replay	none	751	3.8414
331	1788554045413520560	0x7f42530c63b0	1	0dfa7fc3533697c4	8588085eed2ad04e	1459	-1	-1	512	-1	1	1	0	none	-1	-	-	-	1	1	replay	none	704	4.0362
332	1788554045418737661	0x7f42530c63b0	1	0dfa7fc3533697c4	8588085eed2ad04e	1459	-1	-1	512	-1	1	1	0	none	-1	-	-	-	1	1	replay	none	686	4.0446
333	1788554045423971323	0x7f42530c63b0	1	0dfa7fc3533697c4	8588085eed2ad04e	1459	-1	-1	512	-1	1	1	0	none	-1	-	-	-	1	1	replay	none	797	4.0353
334	1788554045429395352	0x7f42530c63b0	1	0dfa7fc3533697c4	8588085eed2ad04e	1459	-1	-1	512	-1	1	1	0	none	-1	-	-	-	1	1	replay	none	679	3.9760
335	1788554045434611160	0x7f42530c63b0	1	0dfa7fc3533697c4	8588085eed2ad04e	1459	-1	-1	512	-1	1	1	0	none	-1	-	-	-	1	1	replay	none	689	4.0269
336	1788554045439826508	0x7f42530c63b0	1	0dfa7fc3533697c4	8588085eed2ad04e	1459	-1	-1	512	-1	1	1	0	none	-1	-	-	-	1	1	replay	none	723	3.8276
337	1788554045445844483	0x7f42530c63b0	1	0dfa7fc3533697c4	8588085eed2ad04e	1459	-1	-1	512	-1	1	1	0	none	-1	-	-	-	1	1	replay	none	699	3.8322
338	1788554045450912874	0x7f42530c63b0	1	0dfa7fc3533697c4	8588085eed2ad04e	1459	-1	-1	512	-1	1	1	0	none	-1	-	-	-	1	1	replay	none	729	4.0192
339	1788554045456132430	0x7f42530c63b0	1	0dfa7fc3533697c4	8588085eed2ad04e	1459	-1	-1	512	-1	1	1	0	none	-1	-	-	-	1	1	replay	none	715	3.8124
340	1788554045461273007	0x7f42530c63b0	1	0dfa7fc3533697c4	8588085eed2ad04e	1459	-1	-1	512	-1	1	1	0	none	-1	-	-	-	1	1	replay	none	704	3.9695
341	1788554045466508472	0x7f42530c63b0	1	0dfa7fc3533697c4	8588085eed2ad04e	1459	-1	-1	512	-1	1	1	0	none	-1	-	-	-	1	1	replay	none	678	4.0199
342	1788554045471751371	0x7f42530c63b0	1	0dfa7fc3533697c4	8588085eed2ad04e	1459	-1	-1	512	-1	1	1	0	none	-1	-	-	-	1	1	replay	none	692	3.9709
343	1788554045476885626	0x7f42530c63b0	1	0dfa7fc3533697c4	8588085eed2ad04e	1459	-1	-1	512	-1	1	1	0	none	-1	-	-	-	1	1	replay	none	699	3.8345
344	1788554045481917188	0x7f42530c63b0	1	0dfa7fc3533697c4	8588085eed2ad04e	1459	-1	-1	512	-1	1	1	0	none	-1	-	-	-	1	1	replay	none	661	3.7989
345	1788554045487114061	0x7f42530c63b0	1	0dfa7fc3533697c4	8588085eed2ad04e	1459	-1	-1	512	-1	1	1	0	none	-1	-	-	-	1	1	replay	none	709	3.8005
346	1788554045492709833	0x7f42530c63b0	1	0dfa7fc3533697c4	8588085eed2ad04e	1459	-1	-1	512	-1	1	1	0	none	-1	-	-	-	1	1	replay	none	708	3.8209
347	1788554045497884825	0x7f42530c63b0	1	0dfa7fc3533697c4	8588085eed2ad04e	1459	-1	-1	512	-1	1	1	0	none	-1	-	-	-	1	1	replay	none	714	3.9420
348	1788554045503887100	0x7f42530c63b0	1	0dfa7fc3533697c4	8588085eed2ad04e	1459	-1	-1	512	-1	1	1	0	none	-1	-	-	-	1	1	replay	none	710	3.9158
349	1788554045509004193	0x7f42530c63b0	1	0dfa7fc3533697c4	8588085eed2ad04e	1459	-1	-1	512	-1	1	1	0	none	-1	-	-	-	1	1	replay	none	776	3.8402
350	1788554045514159277	0x7f42530c63b0	1	0dfa7fc3533697c4	8588085eed2ad04e	1459	-1	-1	512	-1	1	1	0	none	-1	-	-	-	1	1	replay	none	726	4.0133
351	1788554045519436060	0x7f42530c63b0	1	0dfa7fc3533697c4	8588085eed2ad04e	1459	-1	-1	512	-1	1	1	0	none	-1	-	-	-	1	1	replay	none	699	3.8167
352	1788554045524868185	0x7f42530c63b0	1	0dfa7fc3533697c4	8588085eed2ad04e	1459	-1	-1	512	-1	1	1	0	none	-1	-	-	-	1	1	replay	none	717	3.9558
353	1788554045530022437	0x7f42530c63b0	1	0dfa7fc3533697c4	8588085eed2ad04e	1459	-1	-1	512	-1	1	1	0	none	-1	-	-	-	1	1	replay	none	718	4.0054
354	1788554045535289983	0x7f42530c63b0	1	0dfa7fc3533697c4	8588085eed2ad04e	1459	-1	-1	512	-1	1	1	0	none	-1	-	-	-	1	1	replay	none	727	3.9213
355	1788554045540450738	0x7f42530c63b0	1	0dfa7fc3533697c4	8588085eed2ad04e	1459	-1	-1	512	-1	1	1	0	none	-1	-	-	-	1	1	replay	none	697	3.8094
356	1788554045545580735	0x7f42530c63b0	1	0dfa7fc3533697c4	8588085eed2ad04e	1459	-1	-1	512	-1	1	1	0	none	-1	-	-	-	1	1	replay	none	651	3.8481
357	1788554045550865363	0x7f42530c63b0	1	0dfa7fc3533697c4	8588085eed2ad04e	1459	-1	-1	512	-1	1	1	0	none	-1	-	-	-	1	1	replay	none	703	3.9261
358	1788554045556045644	0x7f42530c63b0	1	0dfa7fc3533697c4	8588085eed2ad04e	1459	-1	-1	512	-1	1	1	0	none	-1	-	-	-	1	1	replay	none	726	4.0073
359	1788554045562045896	0x7f42530c63b0	1	0dfa7fc3533697c4	8588085eed2ad04e	1459	-1	-1	512	-1	1	1	0	none	-1	-	-	-	1	1	replay	none	737	3.9434
360	1788554045567350140	0x7f42530c63b0	1	0dfa7fc3533697c4	8588085eed2ad04e	1459	-1	-1	512	-1	1	1	0	none	-1	-	-	-	1	1	replay	none	747	3.9522
361	1788554045572677819	0x7f42530c63b0	1	0dfa7fc3533697c4	8588085eed2ad04e	1459	-1	-1	512	-1	1	1	0	none	-1	-	-	-	1	1	replay	none	696	3.9794
362	1788554045577896743	0x7f42530c63b0	1	0dfa7fc3533697c4	8588085eed2ad04e	1459	-1	-1	512	-1	1	1	0	none	-1	-	-	-	1	1	replay	none	991	4.4888
363	1788554045584911941	0x7f42530c63b0	1	0dfa7fc3533697c4	8588085eed2ad04e	1459	-1	-1	512	-1	1	1	0	none	-1	-	-	-	1	1	replay	none	722	4.0832
364	1788554045590245932	0x7f42530c63b0	1	0dfa7fc3533697c4	8588085eed2ad04e	1459	-1	-1	512	-1	1	1	0	none	-1	-	-	-	1	1	replay	none	717	3.7879
365	1788554045595511594	0x7f42530c63b0	1	0dfa7fc3533697c4	8588085eed2ad04e	1459	-1	-1	512	-1	1	1	0	none	-1	-	-	-	1	1	replay	none	713	3.7928
366	1788554045600783047	0x7f42530c63b0	1	0dfa7fc3533697c4	8588085eed2ad04e	1459	-1	-1	512	-1	1	1	0	none	-1	-	-	-	1	1	replay	none	714	4.0338
367	1788554045606066863	0x7f42530c63b0	1	0dfa7fc3533697c4	8588085eed2ad04e	1459	-1	-1	512	-1	1	1	0	none	-1	-	-	-	1	1	replay	none	719	4.0481
368	1788554045611376537	0x7f42530c63b0	1	0dfa7fc3533697c4	8588085eed2ad04e	1459	-1	-1	512	-1	1	1	0	none	-1	-	-	-	1	1	replay	none	718	3.9685
369	1788554045616824011	0x7f42530c63b0	1	0dfa7fc3533697c4	8588085eed2ad04e	1459	-1	-1	512	-1	1	1	0	none	-1	-	-	-	1	1	replay	none	696	3.9824
370	1788554045622778998	0x7f42530c63b0	1	0dfa7fc3533697c4	8588085eed2ad04e	1459	-1	-1	512	-1	1	1	0	none	-1	-	-	-	1	1	replay	none	679	3.9764
371	1788554045628615692	0x7f42530c63b0	1	0dfa7fc3533697c4	8588085eed2ad04e	1459	-1	-1	512	-1	1	1	0	none	-1	-	-	-	1	1	replay	none	698	4.0194
372	1788554045633842191	0x7f42530c63b0	1	0dfa7fc3533697c4	8588085eed2ad04e	1459	-1	-1	512	-1	1	1	0	none	-1	-	-	-	1	1	replay	none	694	4.0375
373	1788554045639267092	0x7f42530c63b0	1	0dfa7fc3533697c4	8588085eed2ad04e	1459	-1	-1	512	-1	1	1	0	none	-1	-	-	-	1	1	replay	none	695	3.7825
374	1788554045644284607	0x7f42530c63b0	1	0dfa7fc3533697c4	8588085eed2ad04e	1459	-1	-1	512	-1	1	1	0	none	-1	-	-	-	1	1	replay	none	714	4.0290
375	1788554045650643082	0x7f42530c63b0	1	0dfa7fc3533697c4	8588085eed2ad04e	1459	-1	-1	512	-1	1	1	0	none	-1	-	-	-	1	1	replay	none	720	3.8138
376	1788554045655629289	0x7f42530c63b0	1	0dfa7fc3533697c4	8588085eed2ad04e	1459	-1	-1	512	-1	1	1	0	none	-1	-	-	-	1	1	replay	none	685	3.9166
377	1788554045660896334	0x7f42530c63b0	1	0dfa7fc3533697c4	8588085eed2ad04e	1459	-1	-1	512	-1	1	1	0	none	-1	-	-	-	1	1	replay	none	713	4.0847
378	1788554045666173277	0x7f42530c63b0	1	0dfa7fc3533697c4	8588085eed2ad04e	1459	-1	-1	512	-1	1	1	0	none	-1	-	-	-	1	1	replay	none	714	4.0598
379	1788554045671433479	0x7f42530c63b0	1	0dfa7fc3533697c4	8588085eed2ad04e	1459	-1	-1	512	-1	1	1	0	none	-1	-	-	-	1	1	replay	none	677	3.7804
380	1788554045676542576	0x7f42530c63b0	1	0dfa7fc3533697c4	8588085eed2ad04e	1459	-1	-1	512	-1	1	1	0	none	-1	-	-	-	1	1	replay	none	735	3.8026
381	1788554045681642848	0x7f42530c63b0	1	0dfa7fc3533697c4	8588085eed2ad04e	1459	-1	-1	512	-1	1	1	0	none	-1	-	-	-	1	1	replay	none	707	3.8908
382	1788554045686925281	0x7f42530c63b0	1	0dfa7fc3533697c4	8588085eed2ad04e	1459	-1	-1	512	-1	1	1	0	none	-1	-	-	-	1	1	replay	none	702	3.9070
383	1788554045692007068	0x7f42530c63b0	1	0dfa7fc3533697c4	8588085eed2ad04e	1459	-1	-1	512	-1	1	1	0	none	-1	-	-	-	1	1	replay	none	709	3.9884
384	1788554045697177531	0x7f42530c63b0	1	0dfa7fc3533697c4	8588085eed2ad04e	1459	-1	-1	512	-1	1	1	0	none	-1	-	-	-	1	1	replay	none	692	4.0445
385	1788554045702580681	0x7f42530c63b0	1	0dfa7fc3533697c4	8588085eed2ad04e	1459	-1	-1	512	-1	1	1	0	none	-1	-	-	-	1	1	replay	none	685	3.7792
386	1788554045707653481	0x7f42530c63b0	1	0dfa7fc3533697c4	8588085eed2ad04e	1459	-1	-1	512	-1	1	1	0	none	-1	-	-	-	1	1	replay	none	684	3.7861
387	1788554045712782887	0x7f42530c63b0	1	0dfa7fc3533697c4	8588085eed2ad04e	1459	-1	-1	512	-1	1	1	0	none	-1	-	-	-	1	1	replay	none	714	3.8619
388	1788554045717839025	0x7f42530c63b0	1	0dfa7fc3533697c4	8588085eed2ad04e	1459	-1	-1	512	-1	1	1	0	none	-1	-	-	-	1	1	replay	none	1817	3.9014
389	1788554045724551264	0x7f42530c63b0	1	0dfa7fc3533697c4	8588085eed2ad04e	1459	-1	-1	512	-1	1	1	0	none	-1	-	-	-	1	1	replay	none	678	3.8973
390	1788554045729596232	0x7f42530c63b0	1	0dfa7fc3533697c4	8588085eed2ad04e	1459	-1	-1	512	-1	1	1	0	none	-1	-	-	-	1	1	replay	none	648	3.9604
391	1788554045734787784	0x7f42530c63b0	1	0dfa7fc3533697c4	8588085eed2ad04e	1459	-1	-1	512	-1	1	1	0	none	-1	-	-	-	1	1	replay	none	717	4.3300
392	1788554046250706646	0x7f42530c63b0	1	802ba1f19f5ea689	83e51ade51eb3baf	1459	-1	-1	256	-1	1	1	1	structure	0	GET_ROWS	model.input_embed	shape,data	1	0	direct	none	4446	5.1849
393	1788554046258923201	0x7f42530c63b0	1	0dfa7fc3533697c4	8588085eed2ad04e	1459	-1	-1	512	-1	1	1	1	structure	0	GET_ROWS	model.input_embed	shape,data	0	0	direct	none	5080	5.8000
394	1788554046265894868	0x7f42530c63b0	1	0dfa7fc3533697c4	8588085eed2ad04e	1459	-1	-1	512	-1	1	1	0	none	-1	-	-	-	0	1	capture	update	3528	6.7031
395	1788554046273794438	0x7f42530c63b0	1	0dfa7fc3533697c4	8588085eed2ad04e	1459	-1	-1	512	-1	1	1	0	none	-1	-	-	-	1	1	replay	none	748	3.8265
396	1788554046278997232	0x7f42530c63b0	1	0dfa7fc3533697c4	8588085eed2ad04e	1459	-1	-1	512	-1	1	1	0	none	-1	-	-	-	1	1	replay	none	714	3.9140
397	1788554046284288221	0x7f42530c63b0	1	0dfa7fc3533697c4	8588085eed2ad04e	1459	-1	-1	512	-1	1	1	0	none	-1	-	-	-	1	1	replay	none	731	3.7614
398	1788554046289880607	0x7f42530c63b0	1	0dfa7fc3533697c4	8588085eed2ad04e	1459	-1	-1	512	-1	1	1	0	none	-1	-	-	-	1	1	replay	none	737	3.7952
399	1788554046294977071	0x7f42530c63b0	1	0dfa7fc3533697c4	8588085eed2ad04e	1459	-1	-1	512	-1	1	1	0	none	-1	-	-	-	1	1	replay	none	705	3.8007
400	1788554046300837390	0x7f42530c63b0	1	0dfa7fc3533697c4	8588085eed2ad04e	1459	-1	-1	512	-1	1	1	0	none	-1	-	-	-	1	1	replay	none	724	3.7783
401	1788554046305814169	0x7f42530c63b0	1	0dfa7fc3533697c4	8588085eed2ad04e	1459	-1	-1	512	-1	1	1	0	none	-1	-	-	-	1	1	replay	none	972	3.8572
402	1788554046311890013	0x7f42530c63b0	1	0dfa7fc3533697c4	8588085eed2ad04e	1459	-1	-1	512	-1	1	1	0	none	-1	-	-	-	1	1	replay	none	725	3.8539
403	1788554046317872672	0x7f42530c63b0	1	0dfa7fc3533697c4	8588085eed2ad04e	1459	-1	-1	512	-1	1	1	0	none	-1	-	-	-	1	1	replay	none	717	4.0140
404	1788554046323091737	0x7f42530c63b0	1	0dfa7fc3533697c4	8588085eed2ad04e	1459	-1	-1	512	-1	1	1	0	none	-1	-	-	-	1	1	replay	none	1703	3.8159
405	1788554046329061932	0x7f42530c63b0	1	0dfa7fc3533697c4	8588085eed2ad04e	1459	-1	-1	512	-1	1	1	0	none	-1	-	-	-	1	1	replay	none	735	3.9711
406	1788554046335848691	0x7f42530c63b0	1	0dfa7fc3533697c4	8588085eed2ad04e	1459	-1	-1	512	-1	1	1	0	none	-1	-	-	-	1	1	replay	none	804	4.1762
407	1788554046341275456	0x7f42530c63b0	1	0dfa7fc3533697c4	8588085eed2ad04e	1459	-1	-1	512	-1	1	1	0	none	-1	-	-	-	1	1	replay	none	762	4.0041
408	1788554046346568860	0x7f42530c63b0	1	0dfa7fc3533697c4	8588085eed2ad04e	1459	-1	-1	512	-1	1	1	0	none	-1	-	-	-	1	1	replay	none	716	3.7828
409	1788554046351664523	0x7f42530c63b0	1	0dfa7fc3533697c4	8588085eed2ad04e	1459	-1	-1	512	-1	1	1	0	none	-1	-	-	-	1	1	replay	none	734	3.7907
410	1788554046356802905	0x7f42530c63b0	1	0dfa7fc3533697c4	8588085eed2ad04e	1459	-1	-1	512	-1	1	1	0	none	-1	-	-	-	1	1	replay	none	1772	3.8048
411	1788554046363064508	0x7f42530c63b0	1	0dfa7fc3533697c4	8588085eed2ad04e	1459	-1	-1	512	-1	1	1	0	none	-1	-	-	-	1	1	replay	none	898	3.8078
412	1788554046368922573	0x7f42530c63b0	1	0dfa7fc3533697c4	8588085eed2ad04e	1459	-1	-1	512	-1	1	1	0	none	-1	-	-	-	1	1	replay	none	772	3.8236
413	1788554046375171813	0x7f42530c63b0	1	0dfa7fc3533697c4	8588085eed2ad04e	1459	-1	-1	512	-1	1	1	0	none	-1	-	-	-	1	1	replay	none	1082	4.0138
414	1788554046380861331	0x7f42530c63b0	1	0dfa7fc3533697c4	8588085eed2ad04e	1459	-1	-1	512	-1	1	1	0	none	-1	-	-	-	1	1	replay	none	778	3.8543
415	1788554046385973084	0x7f42530c63b0	1	0dfa7fc3533697c4	8588085eed2ad04e	1459	-1	-1	512	-1	1	1	0	none	-1	-	-	-	1	1	replay	none	963	4.0580
416	1788554046391886082	0x7f42530c63b0	1	0dfa7fc3533697c4	8588085eed2ad04e	1459	-1	-1	512	-1	1	1	0	none	-1	-	-	-	1	1	replay	none	739	4.0220
417	1788554046399207826	0x7f42530c63b0	1	94dc22ce3d23b91b	0556da47e0cf8acf	1459	-1	-1	512	-1	1	1	1	structure	0	GET_ROWS	model.input_embed	shape,data	1	0	direct	none	4561	5.0660
418	1788554046405059559	0x7f42530c63b0	1	d8f873be867a8271	349f900b4665a0d0	1459	-1	-1	256	-1	1	1	1	structure	0	GET_ROWS	model.input_embed	shape,data	0	0	direct	none	5507	16.8116
419	1788554046428404334	0x7f42530c63b0	1	79cc5f245f480542	5f0c85a409d6545f	1459	-1	-1	512	-1	1	1	1	structure	0	GET_ROWS	model.input_embed	shape,data	0	0	direct	none	4896	5.1569
420	1788554046434392353	0x7f42530c63b0	1	bcd06391008a2d68	b1c517d81836284a	1459	-1	-1	256	-1	1	1	1	structure	0	GET_ROWS	model.input_embed	shape,data	0	0	direct	none	4620	5.2471
421	1788554046442875168	0x7f42530c63b0	1	d702fd6fe588b6cb	5f0c85a409d6545f	1459	-1	-1	512	-1	1	1	1	structure	0	GET_ROWS	model.input_embed	shape,data	0	0	direct	none	4577	4.9215
422	1788554046450180152	0x7f42530c63b0	1	d702fd6fe588b6cb	5f0c85a409d6545f	1459	-1	-1	512	-1	1	1	0	none	-1	-	-	-	0	1	capture	reinstantiate	5547	9.1553
423	1788554046461226523	0x7f42530c63b0	1	d702fd6fe588b6cb	5f0c85a409d6545f	1459	-1	-1	512	-1	1	1	0	none	-1	-	-	-	1	1	replay	none	1261	4.2807
424	1788554046468234528	0x7f42530c63b0	1	d702fd6fe588b6cb	5f0c85a409d6545f	1459	-1	-1	512	-1	1	1	0	none	-1	-	-	-	1	1	replay	none	820	4.1339
425	1788554046474098624	0x7f42530c63b0	1	d702fd6fe588b6cb	5f0c85a409d6545f	1459	-1	-1	512	-1	1	1	0	none	-1	-	-	-	1	1	replay	none	803	4.1880
426	1788554046480080211	0x7f42530c63b0	1	d702fd6fe588b6cb	5f0c85a409d6545f	1459	-1	-1	512	-1	1	1	0	none	-1	-	-	-	1	1	replay	none	773	4.2702
427	1788554046486227820	0x7f42530c63b0	1	d702fd6fe588b6cb	5f0c85a409d6545f	1459	-1	-1	512	-1	1	1	0	none	-1	-	-	-	1	1	replay	none	1321	4.3702
428	1788554046492811387	0x7f42530c63b0	1	d702fd6fe588b6cb	5f0c85a409d6545f	1459	-1	-1	512	-1	1	1	0	none	-1	-	-	-	1	1	replay	none	752	4.3635
429	1788554046498803614	0x7f42530c63b0	1	d702fd6fe588b6cb	5f0c85a409d6545f	1459	-1	-1	512	-1	1	1	0	none	-1	-	-	-	1	1	replay	none	808	4.2252
430	1788554046504649105	0x7f42530c63b0	1	d702fd6fe588b6cb	5f0c85a409d6545f	1459	-1	-1	512	-1	1	1	0	none	-1	-	-	-	1	1	replay	none	651	4.2472
431	1788554046510442359	0x7f42530c63b0	1	d702fd6fe588b6cb	5f0c85a409d6545f	1459	-1	-1	512	-1	1	1	0	none	-1	-	-	-	1	1	replay	none	719	4.4332
432	1788554046516483347	0x7f42530c63b0	1	d702fd6fe588b6cb	5f0c85a409d6545f	1459	-1	-1	512	-1	1	1	0	none	-1	-	-	-	1	1	replay	none	640	4.2956
433	1788554046522751081	0x7f42530c63b0	1	d702fd6fe588b6cb	5f0c85a409d6545f	1459	-1	-1	512	-1	1	1	0	none	-1	-	-	-	1	1	replay	none	749	4.0576
434	1788554046528482418	0x7f42530c63b0	1	d702fd6fe588b6cb	5f0c85a409d6545f	1459	-1	-1	512	-1	1	1	0	none	-1	-	-	-	1	1	replay	none	789	4.6072
435	1788554046534773326	0x7f42530c63b0	1	d702fd6fe588b6cb	5f0c85a409d6545f	1459	-1	-1	512	-1	1	1	0	none	-1	-	-	-	1	1	replay	none	743	4.2220
436	1788554046540608859	0x7f42530c63b0	1	d702fd6fe588b6cb	5f0c85a409d6545f	1459	-1	-1	512	-1	1	1	0	none	-1	-	-	-	1	1	replay	none	771	4.1357
437	1788554046546341658	0x7f42530c63b0	1	d702fd6fe588b6cb	5f0c85a409d6545f	1459	-1	-1	512	-1	1	1	0	none	-1	-	-	-	1	1	replay	none	722	4.0959
438	1788554046552115635	0x7f42530c63b0	1	d702fd6fe588b6cb	5f0c85a409d6545f	1459	-1	-1	512	-1	1	1	0	none	-1	-	-	-	1	1	replay	none	709	4.1316
439	1788554046557835851	0x7f42530c63b0	1	d702fd6fe588b6cb	5f0c85a409d6545f	1459	-1	-1	512	-1	1	1	0	none	-1	-	-	-	1	1	replay	none	719	4.2335
440	1788554046563777312	0x7f42530c63b0	1	d702fd6fe588b6cb	5f0c85a409d6545f	1459	-1	-1	512	-1	1	1	0	none	-1	-	-	-	1	1	replay	none	724	4.1526
441	1788554046569703044	0x7f42530c63b0	1	d702fd6fe588b6cb	5f0c85a409d6545f	1459	-1	-1	512	-1	1	1	0	none	-1	-	-	-	1	1	replay	none	775	4.1543
442	1788554046575644786	0x7f42530c63b0	1	d702fd6fe588b6cb	5f0c85a409d6545f	1459	-1	-1	512	-1	1	1	0	none	-1	-	-	-	1	1	replay	none	721	4.3059
443	1788554046582173000	0x7f42530c63b0	1	d702fd6fe588b6cb	5f0c85a409d6545f	1459	-1	-1	512	-1	1	1	0	none	-1	-	-	-	1	1	replay	none	709	4.2997
444	1788554046588179814	0x7f42530c63b0	1	d702fd6fe588b6cb	5f0c85a409d6545f	1459	-1	-1	512	-1	1	1	0	none	-1	-	-	-	1	1	replay	none	690	4.1490
445	1788554046594257241	0x7f42530c63b0	1	d702fd6fe588b6cb	5f0c85a409d6545f	1459	-1	-1	512	-1	1	1	0	none	-1	-	-	-	1	1	replay	none	737	4.1490
446	1788554046600083025	0x7f42530c63b0	1	d702fd6fe588b6cb	5f0c85a409d6545f	1459	-1	-1	512	-1	1	1	0	none	-1	-	-	-	1	1	replay	none	696	4.2990
447	1788554046606191591	0x7f42530c63b0	1	d702fd6fe588b6cb	5f0c85a409d6545f	1459	-1	-1	512	-1	1	1	0	none	-1	-	-	-	1	1	replay	none	792	4.3243
448	1788554046612140716	0x7f42530c63b0	1	d702fd6fe588b6cb	5f0c85a409d6545f	1459	-1	-1	512	-1	1	1	0	none	-1	-	-	-	1	1	replay	none	732	4.2568
449	1788554046617907169	0x7f42530c63b0	1	d702fd6fe588b6cb	5f0c85a409d6545f	1459	-1	-1	512	-1	1	1	0	none	-1	-	-	-	1	1	replay	none	692	4.3422
450	1788554046623795150	0x7f42530c63b0	1	d702fd6fe588b6cb	5f0c85a409d6545f	1459	-1	-1	512	-1	1	1	0	none	-1	-	-	-	1	1	replay	none	763	4.2827
451	1788554046629719369	0x7f42530c63b0	1	d702fd6fe588b6cb	5f0c85a409d6545f	1459	-1	-1	512	-1	1	1	0	none	-1	-	-	-	1	1	replay	none	716	4.3332
452	1788554046636495699	0x7f42530c63b0	1	0dfa7fc3533697c4	8588085eed2ad04e	1459	-1	-1	512	-1	1	1	1	structure	0	GET_ROWS	model.input_embed	shape,data	1	0	direct	none	4340	4.8700
453	1788554046642564550	0x7f42530c63b0	1	0dfa7fc3533697c4	8588085eed2ad04e	1459	-1	-1	512	-1	1	1	0	none	-1	-	-	-	0	1	capture	reinstantiate	4635	7.7797
454	1788554046651570027	0x7f42530c63b0	1	0dfa7fc3533697c4	8588085eed2ad04e	1459	-1	-1	512	-1	1	1	0	none	-1	-	-	-	1	1	replay	none	681	4.0230
455	1788554046656801194	0x7f42530c63b0	1	0dfa7fc3533697c4	8588085eed2ad04e	1459	-1	-1	512	-1	1	1	0	none	-1	-	-	-	1	1	replay	none	699	3.8056
456	1788554046661967991	0x7f42530c63b0	1	0dfa7fc3533697c4	8588085eed2ad04e	1459	-1	-1	512	-1	1	1	0	none	-1	-	-	-	1	1	replay	none	689	3.7753
457	1788554046666906067	0x7f42530c63b0	1	0dfa7fc3533697c4	8588085eed2ad04e	1459	-1	-1	512	-1	1	1	0	none	-1	-	-	-	1	1	replay	none	701	3.9739
458	1788554046672030243	0x7f42530c63b0	1	0dfa7fc3533697c4	8588085eed2ad04e	1459	-1	-1	512	-1	1	1	0	none	-1	-	-	-	1	1	replay	none	701	4.0453
459	1788554046677281698	0x7f42530c63b0	1	0dfa7fc3533697c4	8588085eed2ad04e	1459	-1	-1	512	-1	1	1	0	none	-1	-	-	-	1	1	replay	none	710	3.7923
460	1788554046682317879	0x7f42530c63b0	1	0dfa7fc3533697c4	8588085eed2ad04e	1459	-1	-1	512	-1	1	1	0	none	-1	-	-	-	1	1	replay	none	698	3.9346
461	1788554046687850022	0x7f42530c63b0	1	0dfa7fc3533697c4	8588085eed2ad04e	1459	-1	-1	512	-1	1	1	0	none	-1	-	-	-	1	1	replay	none	709	3.9490
462	1788554046692941406	0x7f42530c63b0	1	0dfa7fc3533697c4	8588085eed2ad04e	1459	-1	-1	512	-1	1	1	0	none	-1	-	-	-	1	1	replay	none	690	3.9668
463	1788554046698045645	0x7f42530c63b0	1	0dfa7fc3533697c4	8588085eed2ad04e	1459	-1	-1	512	-1	1	1	0	none	-1	-	-	-	1	1	replay	none	784	3.9048
464	1788554046703258317	0x7f42530c63b0	1	0dfa7fc3533697c4	8588085eed2ad04e	1459	-1	-1	512	-1	1	1	0	none	-1	-	-	-	1	1	replay	none	686	4.0485
465	1788554046708566850	0x7f42530c63b0	1	0dfa7fc3533697c4	8588085eed2ad04e	1459	-1	-1	512	-1	1	1	0	none	-1	-	-	-	1	1	replay	none	701	3.7759
466	1788554046713574708	0x7f42530c63b0	1	0dfa7fc3533697c4	8588085eed2ad04e	1459	-1	-1	512	-1	1	1	0	none	-1	-	-	-	1	1	replay	none	677	3.8014
467	1788554046718575251	0x7f42530c63b0	1	0dfa7fc3533697c4	8588085eed2ad04e	1459	-1	-1	512	-1	1	1	0	none	-1	-	-	-	1	1	replay	none	680	3.8638
468	1788554046723627432	0x7f42530c63b0	1	0dfa7fc3533697c4	8588085eed2ad04e	1459	-1	-1	512	-1	1	1	0	none	-1	-	-	-	1	1	replay	none	680	3.9708
469	1788554046728737362	0x7f42530c63b0	1	0dfa7fc3533697c4	8588085eed2ad04e	1459	-1	-1	512	-1	1	1	0	none	-1	-	-	-	1	1	replay	none	738	4.0545
470	1788554046733997263	0x7f42530c63b0	1	0dfa7fc3533697c4	8588085eed2ad04e	1459	-1	-1	512	-1	1	1	0	none	-1	-	-	-	1	1	replay	none	705	3.7852
471	1788554046738969744	0x7f42530c63b0	1	0dfa7fc3533697c4	8588085eed2ad04e	1459	-1	-1	512	-1	1	1	0	none	-1	-	-	-	1	1	replay	none	692	3.7974
472	1788554046743984785	0x7f42530c63b0	1	0dfa7fc3533697c4	8588085eed2ad04e	1459	-1	-1	512	-1	1	1	0	none	-1	-	-	-	1	1	replay	none	710	3.8750
473	1788554046748991100	0x7f42530c63b0	1	0dfa7fc3533697c4	8588085eed2ad04e	1459	-1	-1	512	-1	1	1	0	none	-1	-	-	-	1	1	replay	none	691	3.8141
474	1788554046753943213	0x7f42530c63b0	1	0dfa7fc3533697c4	8588085eed2ad04e	1459	-1	-1	512	-1	1	1	0	none	-1	-	-	-	1	1	replay	none	874	3.9947
475	1788554046759798262	0x7f42530c63b0	1	0dfa7fc3533697c4	8588085eed2ad04e	1459	-1	-1	512	-1	1	1	0	none	-1	-	-	-	1	1	replay	none	701	4.0228
476	1788554046764950741	0x7f42530c63b0	1	0dfa7fc3533697c4	8588085eed2ad04e	1459	-1	-1	512	-1	1	1	0	none	-1	-	-	-	1	1	replay	none	686	3.7756
477	1788554046769934904	0x7f42530c63b0	1	0dfa7fc3533697c4	8588085eed2ad04e	1459	-1	-1	512	-1	1	1	0	none	-1	-	-	-	1	1	replay	none	691	3.7895
478	1788554046774900523	0x7f42530c63b0	1	0dfa7fc3533697c4	8588085eed2ad04e	1459	-1	-1	512	-1	1	1	0	none	-1	-	-	-	1	1	replay	none	691	3.8034
479	1788554046779847346	0x7f42530c63b0	1	0dfa7fc3533697c4	8588085eed2ad04e	1459	-1	-1	512	-1	1	1	0	none	-1	-	-	-	1	1	replay	none	700	4.0712
480	1788554046785804807	0x7f42530c63b0	1	0dfa7fc3533697c4	8588085eed2ad04e	1459	-1	-1	512	-1	1	1	0	none	-1	-	-	-	1	1	replay	none	695	4.0063
481	1788554046790972074	0x7f42530c63b0	1	0dfa7fc3533697c4	8588085eed2ad04e	1459	-1	-1	512	-1	1	1	0	none	-1	-	-	-	1	1	replay	none	698	4.0955
482	1788554046796339818	0x7f42530c63b0	1	0dfa7fc3533697c4	8588085eed2ad04e	1459	-1	-1	512	-1	1	1	0	none	-1	-	-	-	1	1	replay	none	668	3.7767
483	1788554046801306007	0x7f42530c63b0	1	0dfa7fc3533697c4	8588085eed2ad04e	1459	-1	-1	512	-1	1	1	0	none	-1	-	-	-	1	1	replay	none	697	3.7875
484	1788554046806315428	0x7f42530c63b0	1	0dfa7fc3533697c4	8588085eed2ad04e	1459	-1	-1	512	-1	1	1	0	none	-1	-	-	-	1	1	replay	none	707	3.8694
485	1788554046811373059	0x7f42530c63b0	1	0dfa7fc3533697c4	8588085eed2ad04e	1459	-1	-1	512	-1	1	1	0	none	-1	-	-	-	1	1	replay	none	671	3.8157
486	1788554046816383281	0x7f42530c63b0	1	0dfa7fc3533697c4	8588085eed2ad04e	1459	-1	-1	512	-1	1	1	0	none	-1	-	-	-	1	1	replay	none	693	4.0737
487	1788554046821649754	0x7f42530c63b0	1	0dfa7fc3533697c4	8588085eed2ad04e	1459	-1	-1	512	-1	1	1	0	none	-1	-	-	-	1	1	replay	none	658	4.0226
488	1788554046827867765	0x7f42530c63b0	1	0dfa7fc3533697c4	8588085eed2ad04e	1459	-1	-1	512	-1	1	1	0	none	-1	-	-	-	1	1	replay	none	1707	4.0700
489	1788554046834811059	0x7f42530c63b0	1	0dfa7fc3533697c4	8588085eed2ad04e	1459	-1	-1	512	-1	1	1	0	none	-1	-	-	-	1	1	replay	none	851	3.9729
490	1788554046840833152	0x7f42530c63b0	1	0dfa7fc3533697c4	8588085eed2ad04e	1459	-1	-1	512	-1	1	1	0	none	-1	-	-	-	1	1	replay	none	1705	4.0484
491	1788554046847843702	0x7f42530c63b0	1	0dfa7fc3533697c4	8588085eed2ad04e	1459	-1	-1	512	-1	1	1	0	none	-1	-	-	-	1	1	replay	none	1048	3.9792
492	1788554046853831450	0x7f42530c63b0	1	0dfa7fc3533697c4	8588085eed2ad04e	1459	-1	-1	512	-1	1	1	0	none	-1	-	-	-	1	1	replay	none	1682	4.0930
493	1788554046860808908	0x7f42530c63b0	1	0dfa7fc3533697c4	8588085eed2ad04e	1459	-1	-1	512	-1	1	1	0	none	-1	-	-	-	1	1	replay	none	1295	4.0639
494	1788554046866832534	0x7f42530c63b0	1	0dfa7fc3533697c4	8588085eed2ad04e	1459	-1	-1	512	-1	1	1	0	none	-1	-	-	-	1	1	replay	none	705	3.9978
495	1788554046872219283	0x7f42530c63b0	1	0dfa7fc3533697c4	8588085eed2ad04e	1459	-1	-1	512	-1	1	1	0	none	-1	-	-	-	1	1	replay	none	767	4.1205
496	1788554046877790589	0x7f42530c63b0	1	0dfa7fc3533697c4	8588085eed2ad04e	1459	-1	-1	512	-1	1	1	0	none	-1	-	-	-	1	1	replay	none	694	4.1279
497	1788554046883383516	0x7f42530c63b0	1	0dfa7fc3533697c4	8588085eed2ad04e	1459	-1	-1	512	-1	1	1	0	none	-1	-	-	-	1	1	replay	none	667	3.7826
498	1788554046888427301	0x7f42530c63b0	1	0dfa7fc3533697c4	8588085eed2ad04e	1459	-1	-1	512	-1	1	1	0	none	-1	-	-	-	1	1	replay	none	658	3.7828
499	1788554046893859586	0x7f42530c63b0	1	0dfa7fc3533697c4	8588085eed2ad04e	1459	-1	-1	512	-1	1	1	0	none	-1	-	-	-	1	1	replay	none	1692	4.3167
500	1788554046901290305	0x7f42530c63b0	1	0dfa7fc3533697c4	8588085eed2ad04e	1459	-1	-1	512	-1	1	1	0	none	-1	-	-	-	1	1	replay	none	683	3.8256
501	1788554046906679629	0x7f42530c63b0	1	0dfa7fc3533697c4	8588085eed2ad04e	1459	-1	-1	512	-1	1	1	0	none	-1	-	-	-	1	1	replay	none	1685	4.8418
502	1788554046912871391	0x7f42530c63b0	1	0dfa7fc3533697c4	8588085eed2ad04e	1459	-1	-1	512	-1	1	1	0	none	-1	-	-	-	1	1	replay	none	1701	3.8361
503	1788554046920869456	0x7f42530c63b0	1	0dfa7fc3533697c4	8588085eed2ad04e	1459	-1	-1	512	-1	1	1	0	none	-1	-	-	-	1	1	replay	none	722	3.7885
504	1788554046926838459	0x7f42530c63b0	1	0dfa7fc3533697c4	8588085eed2ad04e	1459	-1	-1	512	-1	1	1	0	none	-1	-	-	-	1	1	replay	none	1694	4.0452
505	1788554046933875659	0x7f42530c63b0	1	0dfa7fc3533697c4	8588085eed2ad04e	1459	-1	-1	512	-1	1	1	0	none	-1	-	-	-	1	1	replay	none	718	4.0403
506	1788554046939820006	0x7f42530c63b0	1	0dfa7fc3533697c4	8588085eed2ad04e	1459	-1	-1	512	-1	1	1	0	none	-1	-	-	-	1	1	replay	none	721	3.7796
507	1788554046944850336	0x7f42530c63b0	1	0dfa7fc3533697c4	8588085eed2ad04e	1459	-1	-1	512	-1	1	1	0	none	-1	-	-	-	1	1	replay	none	676	3.7974
508	1788554046949875426	0x7f42530c63b0	1	0dfa7fc3533697c4	8588085eed2ad04e	1459	-1	-1	512	-1	1	1	0	none	-1	-	-	-	1	1	replay	none	691	3.8328
509	1788554046954904443	0x7f42530c63b0	1	0dfa7fc3533697c4	8588085eed2ad04e	1459	-1	-1	512	-1	1	1	0	none	-1	-	-	-	1	1	replay	none	752	3.9916
510	1788554046961271554	0x7f42530c63b0	1	0dfa7fc3533697c4	8588085eed2ad04e	1459	-1	-1	512	-1	1	1	0	none	-1	-	-	-	1	1	replay	none	1115	4.1094
511	1788554046966952096	0x7f42530c63b0	1	0dfa7fc3533697c4	8588085eed2ad04e	1459	-1	-1	512	-1	1	1	0	none	-1	-	-	-	1	1	replay	none	718	4.0622
512	1788554046972288410	0x7f42530c63b0	1	0dfa7fc3533697c4	8588085eed2ad04e	1459	-1	-1	512	-1	1	1	0	none	-1	-	-	-	1	1	replay	none	718	4.0191
513	1788554046977502766	0x7f42530c63b0	1	0dfa7fc3533697c4	8588085eed2ad04e	1459	-1	-1	512	-1	1	1	0	none	-1	-	-	-	1	1	replay	none	660	3.7669
514	1788554046982459157	0x7f42530c63b0	1	0dfa7fc3533697c4	8588085eed2ad04e	1459	-1	-1	512	-1	1	1	0	none	-1	-	-	-	1	1	replay	none	697	3.8006
515	1788554046987510927	0x7f42530c63b0	1	0dfa7fc3533697c4	8588085eed2ad04e	1459	-1	-1	512	-1	1	1	0	none	-1	-	-	-	1	1	replay	none	680	3.8105
516	1788554046992516841	0x7f42530c63b0	1	0dfa7fc3533697c4	8588085eed2ad04e	1459	-1	-1	512	-1	1	1	0	none	-1	-	-	-	1	1	replay	none	717	4.0682
517	1788554046997847836	0x7f42530c63b0	1	0dfa7fc3533697c4	8588085eed2ad04e	1459	-1	-1	512	-1	1	1	0	none	-1	-	-	-	1	1	replay	none	756	3.9933
518	1788554047003851794	0x7f42530c63b0	1	0dfa7fc3533697c4	8588085eed2ad04e	1459	-1	-1	512	-1	1	1	0	none	-1	-	-	-	1	1	replay	none	750	4.0617
519	1788554047009145469	0x7f42530c63b0	1	0dfa7fc3533697c4	8588085eed2ad04e	1459	-1	-1	512	-1	1	1	0	none	-1	-	-	-	1	1	replay	none	738	4.0416
520	1788554047014478848	0x7f42530c63b0	1	0dfa7fc3533697c4	8588085eed2ad04e	1459	-1	-1	512	-1	1	1	0	none	-1	-	-	-	1	1	replay	none	723	3.7918
521	1788554047019624765	0x7f42530c63b0	1	0dfa7fc3533697c4	8588085eed2ad04e	1459	-1	-1	512	-1	1	1	0	none	-1	-	-	-	1	1	replay	none	694	3.8027
522	1788554047534390601	0x7f42530c63b0	1	802ba1f19f5ea689	83e51ade51eb3baf	1459	-1	-1	256	-1	1	1	1	structure	0	GET_ROWS	model.input_embed	shape,data	1	0	direct	none	4590	5.0530
523	1788554047541708949	0x7f42530c63b0	1	0dfa7fc3533697c4	8588085eed2ad04e	1459	-1	-1	512	-1	1	1	1	structure	0	GET_ROWS	model.input_embed	shape,data	0	0	direct	none	3881	4.3343
524	1788554047547191288	0x7f42530c63b0	1	0dfa7fc3533697c4	8588085eed2ad04e	1459	-1	-1	512	-1	1	1	0	none	-1	-	-	-	0	1	capture	update	3496	6.8410
525	1788554047555558566	0x7f42530c63b0	1	0dfa7fc3533697c4	8588085eed2ad04e	1459	-1	-1	512	-1	1	1	0	none	-1	-	-	-	1	1	replay	none	695	4.0367
526	1788554047560869924	0x7f42530c63b0	1	0dfa7fc3533697c4	8588085eed2ad04e	1459	-1	-1	512	-1	1	1	0	none	-1	-	-	-	1	1	replay	none	742	3.7941
527	1788554047566053191	0x7f42530c63b0	1	0dfa7fc3533697c4	8588085eed2ad04e	1459	-1	-1	512	-1	1	1	0	none	-1	-	-	-	1	1	replay	none	693	3.7719
528	1788554047571457864	0x7f42530c63b0	1	0dfa7fc3533697c4	8588085eed2ad04e	1459	-1	-1	512	-1	1	1	0	none	-1	-	-	-	1	1	replay	none	684	3.7866
529	1788554047576426208	0x7f42530c63b0	1	0dfa7fc3533697c4	8588085eed2ad04e	1459	-1	-1	512	-1	1	1	0	none	-1	-	-	-	1	1	replay	none	893	3.8390
530	1788554047581660050	0x7f42530c63b0	1	0dfa7fc3533697c4	8588085eed2ad04e	1459	-1	-1	512	-1	1	1	0	none	-1	-	-	-	1	1	replay	none	682	4.0328
531	1788554047586904622	0x7f42530c63b0	1	0dfa7fc3533697c4	8588085eed2ad04e	1459	-1	-1	512	-1	1	1	0	none	-1	-	-	-	1	1	replay	none	710	4.0320
532	1788554047592152601	0x7f42530c63b0	1	0dfa7fc3533697c4	8588085eed2ad04e	1459	-1	-1	512	-1	1	1	0	none	-1	-	-	-	1	1	replay	none	713	3.9536
533	1788554047597872005	0x7f42530c63b0	1	0dfa7fc3533697c4	8588085eed2ad04e	1459	-1	-1	512	-1	1	1	0	none	-1	-	-	-	1	1	replay	none	685	3.8948
534	1788554047602973208	0x7f42530c63b0	1	0dfa7fc3533697c4	8588085eed2ad04e	1459	-1	-1	512	-1	1	1	0	none	-1	-	-	-	1	1	replay	none	697	3.7665
535	1788554047607939768	0x7f42530c63b0	1	0dfa7fc3533697c4	8588085eed2ad04e	1459	-1	-1	512	-1	1	1	0	none	-1	-	-	-	1	1	replay	none	694	4.0356
536	1788554047613146139	0x7f42530c63b0	1	0dfa7fc3533697c4	8588085eed2ad04e	1459	-1	-1	512	-1	1	1	0	none	-1	-	-	-	1	1	replay	none	680	3.9941
537	1788554047618792756	0x7f42530c63b0	1	0dfa7fc3533697c4	8588085eed2ad04e	1459	-1	-1	512	-1	1	1	0	none	-1	-	-	-	1	1	replay	none	708	3.8717
538	1788554047623798981	0x7f42530c63b0	1	0dfa7fc3533697c4	8588085eed2ad04e	1459	-1	-1	512	-1	1	1	0	none	-1	-	-	-	1	1	replay	none	680	3.7507
539	1788554047628875327	0x7f42530c63b0	1	0dfa7fc3533697c4	8588085eed2ad04e	1459	-1	-1	512	-1	1	1	0	none	-1	-	-	-	1	1	replay	none	683	3.7791
540	1788554047633972563	0x7f42530c63b0	1	0dfa7fc3533697c4	8588085eed2ad04e	1459	-1	-1	512	-1	1	1	0	none	-1	-	-	-	1	1	replay	none	684	3.7867
541	1788554047639200954	0x7f42530c63b0	1	0dfa7fc3533697c4	8588085eed2ad04e	1459	-1	-1	512	-1	1	1	0	none	-1	-	-	-	1	1	replay	none	699	3.7816
542	1788554047644151004	0x7f42530c63b0	1	0dfa7fc3533697c4	8588085eed2ad04e	1459	-1	-1	512	-1	1	1	0	none	-1	-	-	-	1	1	replay	none	701	4.0794
543	1788554047649466740	0x7f42530c63b0	1	0dfa7fc3533697c4	8588085eed2ad04e	1459	-1	-1	512	-1	1	1	0	none	-1	-	-	-	1	1	replay	none	694	3.9139
544	1788554047654592158	0x7f42530c63b0	1	0dfa7fc3533697c4	8588085eed2ad04e	1459	-1	-1	512	-1	1	1	0	none	-1	-	-	-	1	1	replay	none	693	3.7653
545	1788554047659584396	0x7f42530c63b0	1	0dfa7fc3533697c4	8588085eed2ad04e	1459	-1	-1	512	-1	1	1	0	none	-1	-	-	-	1	1	replay	none	683	4.0398
546	1788554047664930600	0x7f42530c63b0	1	0dfa7fc3533697c4	8588085eed2ad04e	1459	-1	-1	512	-1	1	1	0	none	-1	-	-	-	1	1	replay	none	690	3.7791
547	1788554047671131108	0x7f42530c63b0	1	94dc22ce3d23b91b	0556da47e0cf8acf	1459	-1	-1	512	-1	1	1	1	structure	0	GET_ROWS	model.input_embed	shape,data	1	0	direct	none	4364	5.1434
548	1788554047677180612	0x7f42530c63b0	1	d8f873be867a8271	349f900b4665a0d0	1459	-1	-1	256	-1	1	1	1	structure	0	GET_ROWS	model.input_embed	shape,data	0	0	direct	none	5450	16.9547
549	1788554047700456427	0x7f42530c63b0	1	79cc5f245f480542	5f0c85a409d6545f	1459	-1	-1	512	-1	1	1	1	structure	0	GET_ROWS	model.input_embed	shape,data	0	0	direct	none	4544	5.1333
550	1788554047706377220	0x7f42530c63b0	1	bcd06391008a2d68	b1c517d81836284a	1459	-1	-1	256	-1	1	1	1	structure	0	GET_ROWS	model.input_embed	shape,data	0	0	direct	none	4052	4.9840
551	1788554047714386937	0x7f42530c63b0	1	d702fd6fe588b6cb	5f0c85a409d6545f	1459	-1	-1	512	-1	1	1	1	structure	0	GET_ROWS	model.input_embed	shape,data	0	0	direct	none	4362	4.7690
552	1788554047720771902	0x7f42530c63b0	1	d702fd6fe588b6cb	5f0c85a409d6545f	1459	-1	-1	512	-1	1	1	0	none	-1	-	-	-	0	1	capture	reinstantiate	5604	9.0504
553	1788554047731615572	0x7f42530c63b0	1	d702fd6fe588b6cb	5f0c85a409d6545f	1459	-1	-1	512	-1	1	1	0	none	-1	-	-	-	1	1	replay	none	769	4.2551
554	1788554047737647764	0x7f42530c63b0	1	d702fd6fe588b6cb	5f0c85a409d6545f	1459	-1	-1	512	-1	1	1	0	none	-1	-	-	-	1	1	replay	none	762	4.4056
555	1788554047743736773	0x7f42530c63b0	1	d702fd6fe588b6cb	5f0c85a409d6545f	1459	-1	-1	512	-1	1	1	0	none	-1	-	-	-	1	1	replay	none	719	4.1067
556	1788554047749429066	0x7f42530c63b0	1	d702fd6fe588b6cb	5f0c85a409d6545f	1459	-1	-1	512	-1	1	1	0	none	-1	-	-	-	1	1	replay	none	735	4.3328
557	1788554047755412066	0x7f42530c63b0	1	d702fd6fe588b6cb	5f0c85a409d6545f	1459	-1	-1	512	-1	1	1	0	none	-1	-	-	-	1	1	replay	none	724	4.2513
558	1788554047761518878	0x7f42530c63b0	1	d702fd6fe588b6cb	5f0c85a409d6545f	1459	-1	-1	512	-1	1	1	0	none	-1	-	-	-	1	1	replay	none	731	4.2332
559	1788554047767291592	0x7f42530c63b0	1	d702fd6fe588b6cb	5f0c85a409d6545f	1459	-1	-1	512	-1	1	1	0	none	-1	-	-	-	1	1	replay	none	706	4.2767
560	1788554047773495447	0x7f42530c63b0	1	d702fd6fe588b6cb	5f0c85a409d6545f	1459	-1	-1	512	-1	1	1	0	none	-1	-	-	-	1	1	replay	none	813	4.2302
561	1788554047779795812	0x7f42530c63b0	1	d702fd6fe588b6cb	5f0c85a409d6545f	1459	-1	-1	512	-1	1	1	0	none	-1	-	-	-	1	1	replay	none	739	4.3475
562	1788554047785974269	0x7f42530c63b0	1	d702fd6fe588b6cb	5f0c85a409d6545f	1459	-1	-1	512	-1	1	1	0	none	-1	-	-	-	1	1	replay	none	731	4.2924
563	1788554047791901083	0x7f42530c63b0	1	d702fd6fe588b6cb	5f0c85a409d6545f	1459	-1	-1	512	-1	1	1	0	none	-1	-	-	-	1	1	replay	none	713	4.3431
564	1788554047797807479	0x7f42530c63b0	1	d702fd6fe588b6cb	5f0c85a409d6545f	1459	-1	-1	512	-1	1	1	0	none	-1	-	-	-	1	1	replay	none	984	4.2405
565	1788554047804077227	0x7f42530c63b0	1	d702fd6fe588b6cb	5f0c85a409d6545f	1459	-1	-1	512	-1	1	1	0	none	-1	-	-	-	1	1	replay	none	731	4.2101
566	1788554047810019480	0x7f42530c63b0	1	d702fd6fe588b6cb	5f0c85a409d6545f	1459	-1	-1	512	-1	1	1	0	none	-1	-	-	-	1	1	replay	none	718	4.2965
567	1788554047816141130	0x7f42530c63b0	1	d702fd6fe588b6cb	5f0c85a409d6545f	1459	-1	-1	512	-1	1	1	0	none	-1	-	-	-	1	1	replay	none	727	4.2184
568	1788554047821934483	0x7f42530c63b0	1	d702fd6fe588b6cb	5f0c85a409d6545f	1459	-1	-1	512	-1	1	1	0	none	-1	-	-	-	1	1	replay	none	786	4.2902
569	1788554047827927281	0x7f42530c63b0	1	d702fd6fe588b6cb	5f0c85a409d6545f	1459	-1	-1	512	-1	1	1	0	none	-1	-	-	-	1	1	replay	none	695	4.3145
570	1788554047833999518	0x7f42530c63b0	1	d702fd6fe588b6cb	5f0c85a409d6545f	1459	-1	-1	512	-1	1	1	0	none	-1	-	-	-	1	1	replay	none	889	4.3102
571	1788554047840127921	0x7f42530c63b0	1	d702fd6fe588b6cb	5f0c85a409d6545f	1459	-1	-1	512	-1	1	1	0	none	-1	-	-	-	1	1	replay	none	712	4.3210
572	1788554047846099559	0x7f42530c63b0	1	d702fd6fe588b6cb	5f0c85a409d6545f	1459	-1	-1	512	-1	1	1	0	none	-1	-	-	-	1	1	replay	none	727	4.0884
573	1788554047851940151	0x7f42530c63b0	1	d702fd6fe588b6cb	5f0c85a409d6545f	1459	-1	-1	512	-1	1	1	0	none	-1	-	-	-	1	1	replay	none	735	4.2665
574	1788554047857992340	0x7f42530c63b0	1	d702fd6fe588b6cb	5f0c85a409d6545f	1459	-1	-1	512	-1	1	1	0	none	-1	-	-	-	1	1	replay	none	773	4.2979
575	1788554047863981271	0x7f42530c63b0	1	d702fd6fe588b6cb	5f0c85a409d6545f	1459	-1	-1	512	-1	1	1	0	none	-1	-	-	-	1	1	replay	none	1584	4.1243
576	1788554047870539020	0x7f42530c63b0	1	d702fd6fe588b6cb	5f0c85a409d6545f	1459	-1	-1	512	-1	1	1	0	none	-1	-	-	-	1	1	replay	none	757	4.0742
577	1788554047876242595	0x7f42530c63b0	1	d702fd6fe588b6cb	5f0c85a409d6545f	1459	-1	-1	512	-1	1	1	0	none	-1	-	-	-	1	1	replay	none	748	4.1242
578	1788554047882039204	0x7f42530c63b0	1	d702fd6fe588b6cb	5f0c85a409d6545f	1459	-1	-1	512	-1	1	1	0	none	-1	-	-	-	1	1	replay	none	727	4.0978
579	1788554047887835032	0x7f42530c63b0	1	d702fd6fe588b6cb	5f0c85a409d6545f	1459	-1	-1	512	-1	1	1	0	none	-1	-	-	-	1	1	replay	none	929	4.3154
580	1788554047893938608	0x7f42530c63b0	1	d702fd6fe588b6cb	5f0c85a409d6545f	1459	-1	-1	512	-1	1	1	0	none	-1	-	-	-	1	1	replay	none	943	4.1843
581	1788554047899977011	0x7f42530c63b0	1	d702fd6fe588b6cb	5f0c85a409d6545f	1459	-1	-1	512	-1	1	1	0	none	-1	-	-	-	1	1	replay	none	716	4.4382
582	1788554047907008581	0x7f42530c63b0	1	0dfa7fc3533697c4	8588085eed2ad04e	1459	-1	-1	512	-1	1	1	1	structure	0	GET_ROWS	model.input_embed	shape,data	1	0	direct	none	3760	4.4665
583	1788554047912693260	0x7f42530c63b0	1	0dfa7fc3533697c4	8588085eed2ad04e	1459	-1	-1	512	-1	1	1	0	none	-1	-	-	-	0	1	capture	reinstantiate	5585	9.0068
584	1788554047922929770	0x7f42530c63b0	1	0dfa7fc3533697c4	8588085eed2ad04e	1459	-1	-1	512	-1	1	1	0	none	-1	-	-	-	1	1	replay	none	727	4.0692
585	1788554047928253170	0x7f42530c63b0	1	0dfa7fc3533697c4	8588085eed2ad04e	1459	-1	-1	512	-1	1	1	0	none	-1	-	-	-	1	1	replay	none	893	3.8042
586	1788554047933481993	0x7f42530c63b0	1	0dfa7fc3533697c4	8588085eed2ad04e	1459	-1	-1	512	-1	1	1	0	none	-1	-	-	-	1	1	replay	none	720	3.7978
587	1788554047938573889	0x7f42530c63b0	1	0dfa7fc3533697c4	8588085eed2ad04e	1459	-1	-1	512	-1	1	1	0	none	-1	-	-	-	1	1	replay	none	967	3.8743
588	1788554047944241806	0x7f42530c63b0	1	0dfa7fc3533697c4	8588085eed2ad04e	1459	-1	-1	512	-1	1	1	0	none	-1	-	-	-	1	1	replay	none	772	3.8715
589	1788554047949508340	0x7f42530c63b0	1	0dfa7fc3533697c4	8588085eed2ad04e	1459	-1	-1	512	-1	1	1	0	none	-1	-	-	-	1	1	replay	none	734	4.0654
590	1788554047954867948	0x7f42530c63b0	1	0dfa7fc3533697c4	8588085eed2ad04e	1459	-1	-1	512	-1	1	1	0	none	-1	-	-	-	1	1	replay	none	704	4.0980
591	1788554047960218139	0x7f42530c63b0	1	0dfa7fc3533697c4	8588085eed2ad04e	1459	-1	-1	512	-1	1	1	0	none	-1	-	-	-	1	1	replay	none	763	4.0002
592	1788554047965803030	0x7f42530c63b0	1	0dfa7fc3533697c4	8588085eed2ad04e	1459	-1	-1	512	-1	1	1	0	none	-1	-	-	-	1	1	replay	none	717	3.7749
593	1788554047970821288	0x7f42530c63b0	1	0dfa7fc3533697c4	8588085eed2ad04e	1459	-1	-1	512	-1	1	1	0	none	-1	-	-	-	1	1	replay	none	719	3.8083
594	1788554047976153164	0x7f42530c63b0	1	0dfa7fc3533697c4	8588085eed2ad04e	1459	-1	-1	512	-1	1	1	0	none	-1	-	-	-	1	1	replay	none	730	3.8058
595	1788554047981240240	0x7f42530c63b0	1	0dfa7fc3533697c4	8588085eed2ad04e	1459	-1	-1	512	-1	1	1	0	none	-1	-	-	-	1	1	replay	none	740	4.0729
596	1788554047986831213	0x7f42530c63b0	1	0dfa7fc3533697c4	8588085eed2ad04e	1459	-1	-1	512	-1	1	1	0	none	-1	-	-	-	1	1	replay	none	718	4.1276
597	1788554047992149614	0x7f42530c63b0	1	0dfa7fc3533697c4	8588085eed2ad04e	1459	-1	-1	512	-1	1	1	0	none	-1	-	-	-	1	1	replay	none	810	3.9915
598	1788554047997807854	0x7f42530c63b0	1	0dfa7fc3533697c4	8588085eed2ad04e	1459	-1	-1	512	-1	1	1	0	none	-1	-	-	-	1	1	replay	none	733	3.8822
599	1788554048003897824	0x7f42530c63b0	1	0dfa7fc3533697c4	8588085eed2ad04e	1459	-1	-1	512	-1	1	1	0	none	-1	-	-	-	1	1	replay	none	799	3.9891
600	1788554048009159779	0x7f42530c63b0	1	0dfa7fc3533697c4	8588085eed2ad04e	1459	-1	-1	512	-1	1	1	0	none	-1	-	-	-	1	1	replay	none	732	3.7908
601	1788554048014494671	0x7f42530c63b0	1	0dfa7fc3533697c4	8588085eed2ad04e	1459	-1	-1	512	-1	1	1	0	none	-1	-	-	-	1	1	replay	none	718	3.8661
602	1788554048019866062	0x7f42530c63b0	1	0dfa7fc3533697c4	8588085eed2ad04e	1459	-1	-1	512	-1	1	1	0	none	-1	-	-	-	1	1	replay	none	724	3.8269
603	1788554048024917411	0x7f42530c63b0	1	0dfa7fc3533697c4	8588085eed2ad04e	1459	-1	-1	512	-1	1	1	0	none	-1	-	-	-	1	1	replay	none	716	4.0592
604	1788554048030283251	0x7f42530c63b0	1	0dfa7fc3533697c4	8588085eed2ad04e	1459	-1	-1	512	-1	1	1	0	none	-1	-	-	-	1	1	replay	none	708	4.0839
605	1788554048035600149	0x7f42530c63b0	1	0dfa7fc3533697c4	8588085eed2ad04e	1459	-1	-1	512	-1	1	1	0	none	-1	-	-	-	1	1	replay	none	903	4.2040
606	1788554048041112334	0x7f42530c63b0	1	0dfa7fc3533697c4	8588085eed2ad04e	1459	-1	-1	512	-1	1	1	0	none	-1	-	-	-	1	1	replay	none	669	3.9636
607	1788554048046523169	0x7f42530c63b0	1	0dfa7fc3533697c4	8588085eed2ad04e	1459	-1	-1	512	-1	1	1	0	none	-1	-	-	-	1	1	replay	none	732	4.1170
608	1788554048052379030	0x7f42530c63b0	1	0dfa7fc3533697c4	8588085eed2ad04e	1459	-1	-1	512	-1	1	1	0	none	-1	-	-	-	1	1	replay	none	735	4.1759
609	1788554048057899180	0x7f42530c63b0	1	0dfa7fc3533697c4	8588085eed2ad04e	1459	-1	-1	512	-1	1	1	0	none	-1	-	-	-	1	1	replay	none	764	4.0653
610	1788554048063249601	0x7f42530c63b0	1	0dfa7fc3533697c4	8588085eed2ad04e	1459	-1	-1	512	-1	1	1	0	none	-1	-	-	-	1	1	replay	none	747	3.8977
611	1788554048068376151	0x7f42530c63b0	1	0dfa7fc3533697c4	8588085eed2ad04e	1459	-1	-1	512	-1	1	1	0	none	-1	-	-	-	1	1	replay	none	633	4.0952
612	1788554048073898355	0x7f42530c63b0	1	0dfa7fc3533697c4	8588085eed2ad04e	1459	-1	-1	512	-1	1	1	0	none	-1	-	-	-	1	1	replay	none	791	4.1156
613	1788554048079657564	0x7f42530c63b0	1	0dfa7fc3533697c4	8588085eed2ad04e	1459	-1	-1	512	-1	1	1	0	none	-1	-	-	-	1	1	replay	none	765	4.0885
614	1788554048085089859	0x7f42530c63b0	1	0dfa7fc3533697c4	8588085eed2ad04e	1459	-1	-1	512	-1	1	1	0	none	-1	-	-	-	1	1	replay	none	740	3.9235
615	1788554048090255854	0x7f42530c63b0	1	0dfa7fc3533697c4	8588085eed2ad04e	1459	-1	-1	512	-1	1	1	0	none	-1	-	-	-	1	1	replay	none	739	3.7949
616	1788554048095579545	0x7f42530c63b0	1	0dfa7fc3533697c4	8588085eed2ad04e	1459	-1	-1	512	-1	1	1	0	none	-1	-	-	-	1	1	replay	none	730	3.7892
617	1788554048101404949	0x7f42530c63b0	1	0dfa7fc3533697c4	8588085eed2ad04e	1459	-1	-1	512	-1	1	1	0	none	-1	-	-	-	1	1	replay	none	769	3.7757
618	1788554048106705256	0x7f42530c63b0	1	0dfa7fc3533697c4	8588085eed2ad04e	1459	-1	-1	512	-1	1	1	0	none	-1	-	-	-	1	1	replay	none	768	3.8179
619	1788554048111829402	0x7f42530c63b0	1	0dfa7fc3533697c4	8588085eed2ad04e	1459	-1	-1	512	-1	1	1	0	none	-1	-	-	-	1	1	replay	none	708	4.0737
620	1788554048117826718	0x7f42530c63b0	1	0dfa7fc3533697c4	8588085eed2ad04e	1459	-1	-1	512	-1	1	1	0	none	-1	-	-	-	1	1	replay	none	835	3.9068
621	1788554048123063796	0x7f42530c63b0	1	0dfa7fc3533697c4	8588085eed2ad04e	1459	-1	-1	512	-1	1	1	0	none	-1	-	-	-	1	1	replay	none	717	3.7901
622	1788554048128936589	0x7f42530c63b0	1	0dfa7fc3533697c4	8588085eed2ad04e	1459	-1	-1	512	-1	1	1	0	none	-1	-	-	-	1	1	replay	none	709	4.1481
623	1788554048134378742	0x7f42530c63b0	1	0dfa7fc3533697c4	8588085eed2ad04e	1459	-1	-1	512	-1	1	1	0	none	-1	-	-	-	1	1	replay	none	728	4.0295
624	1788554048139611843	0x7f42530c63b0	1	0dfa7fc3533697c4	8588085eed2ad04e	1459	-1	-1	512	-1	1	1	0	none	-1	-	-	-	1	1	replay	none	699	3.8112
625	1788554048144665206	0x7f42530c63b0	1	0dfa7fc3533697c4	8588085eed2ad04e	1459	-1	-1	512	-1	1	1	0	none	-1	-	-	-	1	1	replay	none	847	5.0829
626	1788554048151558486	0x7f42530c63b0	1	0dfa7fc3533697c4	8588085eed2ad04e	1459	-1	-1	512	-1	1	1	0	none	-1	-	-	-	1	1	replay	none	709	3.8362
627	1788554048156618772	0x7f42530c63b0	1	0dfa7fc3533697c4	8588085eed2ad04e	1459	-1	-1	512	-1	1	1	0	none	-1	-	-	-	1	1	replay	none	696	3.9769
628	1788554048161752446	0x7f42530c63b0	1	0dfa7fc3533697c4	8588085eed2ad04e	1459	-1	-1	512	-1	1	1	0	none	-1	-	-	-	1	1	replay	none	736	4.0592
629	1788554048167061810	0x7f42530c63b0	1	0dfa7fc3533697c4	8588085eed2ad04e	1459	-1	-1	512	-1	1	1	0	none	-1	-	-	-	1	1	replay	none	702	4.1048
630	1788554048172337100	0x7f42530c63b0	1	0dfa7fc3533697c4	8588085eed2ad04e	1459	-1	-1	512	-1	1	1	0	none	-1	-	-	-	1	1	replay	none	696	4.0090
631	1788554048177847311	0x7f42530c63b0	1	0dfa7fc3533697c4	8588085eed2ad04e	1459	-1	-1	512	-1	1	1	0	none	-1	-	-	-	1	1	replay	none	968	3.8323
632	1788554048183547790	0x7f42530c63b0	1	0dfa7fc3533697c4	8588085eed2ad04e	1459	-1	-1	512	-1	1	1	0	none	-1	-	-	-	1	1	replay	none	732	3.7921
633	1788554048188611993	0x7f42530c63b0	1	0dfa7fc3533697c4	8588085eed2ad04e	1459	-1	-1	512	-1	1	1	0	none	-1	-	-	-	1	1	replay	none	708	3.8093
634	1788554048193606847	0x7f42530c63b0	1	0dfa7fc3533697c4	8588085eed2ad04e	1459	-1	-1	512	-1	1	1	0	none	-1	-	-	-	1	1	replay	none	705	4.1326
635	1788554048199004817	0x7f42530c63b0	1	0dfa7fc3533697c4	8588085eed2ad04e	1459	-1	-1	512	-1	1	1	0	none	-1	-	-	-	1	1	replay	none	738	4.1111
636	1788554048204455817	0x7f42530c63b0	1	0dfa7fc3533697c4	8588085eed2ad04e	1459	-1	-1	512	-1	1	1	0	none	-1	-	-	-	1	1	replay	none	723	3.9814
637	1788554048209969094	0x7f42530c63b0	1	0dfa7fc3533697c4	8588085eed2ad04e	1459	-1	-1	512	-1	1	1	0	none	-1	-	-	-	1	1	replay	none	720	3.7798
638	1788554048215031344	0x7f42530c63b0	1	0dfa7fc3533697c4	8588085eed2ad04e	1459	-1	-1	512	-1	1	1	0	none	-1	-	-	-	1	1	replay	none	733	3.8424
639	1788554048220489117	0x7f42530c63b0	1	0dfa7fc3533697c4	8588085eed2ad04e	1459	-1	-1	512	-1	1	1	0	none	-1	-	-	-	1	1	replay	none	688	3.8459
640	1788554048225894631	0x7f42530c63b0	1	0dfa7fc3533697c4	8588085eed2ad04e	1459	-1	-1	512	-1	1	1	0	none	-1	-	-	-	1	1	replay	none	752	3.8451
641	1788554048231888040	0x7f42530c63b0	1	0dfa7fc3533697c4	8588085eed2ad04e	1459	-1	-1	512	-1	1	1	0	none	-1	-	-	-	1	1	replay	none	702	4.0751
642	1788554048237699878	0x7f42530c63b0	1	0dfa7fc3533697c4	8588085eed2ad04e	1459	-1	-1	512	-1	1	1	0	none	-1	-	-	-	1	1	replay	none	1087	4.0768
643	1788554048243731569	0x7f42530c63b0	1	0dfa7fc3533697c4	8588085eed2ad04e	1459	-1	-1	512	-1	1	1	0	none	-1	-	-	-	1	1	replay	none	874	4.0820
644	1788554048249150820	0x7f42530c63b0	1	0dfa7fc3533697c4	8588085eed2ad04e	1459	-1	-1	512	-1	1	1	0	none	-1	-	-	-	1	1	replay	none	711	4.0012
645	1788554048254546987	0x7f42530c63b0	1	0dfa7fc3533697c4	8588085eed2ad04e	1459	-1	-1	512	-1	1	1	0	none	-1	-	-	-	1	1	replay	none	692	4.0228
646	1788554048259757505	0x7f42530c63b0	1	0dfa7fc3533697c4	8588085eed2ad04e	1459	-1	-1	512	-1	1	1	0	none	-1	-	-	-	1	1	replay	none	671	3.9980
647	1788554048264931215	0x7f42530c63b0	1	0dfa7fc3533697c4	8588085eed2ad04e	1459	-1	-1	512	-1	1	1	0	none	-1	-	-	-	1	1	replay	none	708	3.8182
648	1788554048269972816	0x7f42530c63b0	1	0dfa7fc3533697c4	8588085eed2ad04e	1459	-1	-1	512	-1	1	1	0	none	-1	-	-	-	1	1	replay	none	687	3.8784
649	1788554048275428174	0x7f42530c63b0	1	0dfa7fc3533697c4	8588085eed2ad04e	1459	-1	-1	512	-1	1	1	0	none	-1	-	-	-	1	1	replay	none	698	4.0360
650	1788554048280652117	0x7f42530c63b0	1	0dfa7fc3533697c4	8588085eed2ad04e	1459	-1	-1	512	-1	1	1	0	none	-1	-	-	-	1	1	replay	none	691	4.0222
651	1788554048285891330	0x7f42530c63b0	1	0dfa7fc3533697c4	8588085eed2ad04e	1459	-1	-1	512	-1	1	1	0	none	-1	-	-	-	1	1	replay	none	660	4.0036
652	1788554048800727236	0x7f42530c63b0	1	802ba1f19f5ea689	83e51ade51eb3baf	1459	-1	-1	256	-1	1	1	1	structure	0	GET_ROWS	model.input_embed	shape,data	1	0	direct	none	4823	5.6074
653	1788554048808940405	0x7f42530c63b0	1	0dfa7fc3533697c4	8588085eed2ad04e	1459	-1	-1	512	-1	1	1	1	structure	0	GET_ROWS	model.input_embed	shape,data	0	0	direct	none	4616	4.9156
654	1788554048815521719	0x7f42530c63b0	1	0dfa7fc3533697c4	8588085eed2ad04e	1459	-1	-1	512	-1	1	1	0	none	-1	-	-	-	0	1	capture	update	2686	5.9067
655	1788554048822721504	0x7f42530c63b0	1	0dfa7fc3533697c4	8588085eed2ad04e	1459	-1	-1	512	-1	1	1	0	none	-1	-	-	-	1	1	replay	none	759	3.8080
656	1788554048829573226	0x7f42530c63b0	1	0dfa7fc3533697c4	8588085eed2ad04e	1459	-1	-1	512	-1	1	1	0	none	-1	-	-	-	1	1	replay	none	695	4.3271
657	1788554048835208422	0x7f42530c63b0	1	0dfa7fc3533697c4	8588085eed2ad04e	1459	-1	-1	512	-1	1	1	0	none	-1	-	-	-	1	1	replay	none	720	4.0347
658	1788554048840693706	0x7f42530c63b0	1	0dfa7fc3533697c4	8588085eed2ad04e	1459	-1	-1	512	-1	1	1	0	none	-1	-	-	-	1	1	replay	none	715	3.8416
659	1788554048845743102	0x7f42530c63b0	1	0dfa7fc3533697c4	8588085eed2ad04e	1459	-1	-1	512	-1	1	1	0	none	-1	-	-	-	1	1	replay	none	715	4.0333
660	1788554048850967256	0x7f42530c63b0	1	0dfa7fc3533697c4	8588085eed2ad04e	1459	-1	-1	512	-1	1	1	0	none	-1	-	-	-	1	1	replay	none	706	4.0670
661	1788554048856523804	0x7f42530c63b0	1	0dfa7fc3533697c4	8588085eed2ad04e	1459	-1	-1	512	-1	1	1	0	none	-1	-	-	-	1	1	replay	none	691	4.1006
662	1788554048861849128	0x7f42530c63b0	1	0dfa7fc3533697c4	8588085eed2ad04e	1459	-1	-1	512	-1	1	1	0	none	-1	-	-	-	1	1	replay	none	706	4.0645
663	1788554048867569655	0x7f42530c63b0	1	0dfa7fc3533697c4	8588085eed2ad04e	1459	-1	-1	512	-1	1	1	0	none	-1	-	-	-	1	1	replay	none	697	3.9131
664	1788554048872790422	0x7f42530c63b0	1	0dfa7fc3533697c4	8588085eed2ad04e	1459	-1	-1	512	-1	1	1	0	none	-1	-	-	-	1	1	replay	none	719	3.9154
665	1788554048877990872	0x7f42530c63b0	1	0dfa7fc3533697c4	8588085eed2ad04e	1459	-1	-1	512	-1	1	1	0	none	-1	-	-	-	1	1	replay	none	691	3.7599
666	1788554048882926013	0x7f42530c63b0	1	0dfa7fc3533697c4	8588085eed2ad04e	1459	-1	-1	512	-1	1	1	0	none	-1	-	-	-	1	1	replay	none	793	4.0670
667	1788554048888205390	0x7f42530c63b0	1	0dfa7fc3533697c4	8588085eed2ad04e	1459	-1	-1	512	-1	1	1	0	none	-1	-	-	-	1	1	replay	none	702	4.0742
668	1788554048893515897	0x7f42530c63b0	1	0dfa7fc3533697c4	8588085eed2ad04e	1459	-1	-1	512	-1	1	1	0	none	-1	-	-	-	1	1	replay	none	687	4.1100
669	1788554048898804211	0x7f42530c63b0	1	0dfa7fc3533697c4	8588085eed2ad04e	1459	-1	-1	512	-1	1	1	0	none	-1	-	-	-	1	1	replay	none	690	3.9643
670	1788554048903950178	0x7f42530c63b0	1	0dfa7fc3533697c4	8588085eed2ad04e	1459	-1	-1	512	-1	1	1	0	none	-1	-	-	-	1	1	replay	none	692	3.9154
671	1788554048909136501	0x7f42530c63b0	1	0dfa7fc3533697c4	8588085eed2ad04e	1459	-1	-1	512	-1	1	1	0	none	-1	-	-	-	1	1	replay	none	731	4.0502
672	1788554048914557004	0x7f42530c63b0	1	0dfa7fc3533697c4	8588085eed2ad04e	1459	-1	-1	512	-1	1	1	0	none	-1	-	-	-	1	1	replay	none	703	3.8465
673	1788554048919675329	0x7f42530c63b0	1	0dfa7fc3533697c4	8588085eed2ad04e	1459	-1	-1	512	-1	1	1	0	none	-1	-	-	-	1	1	replay	none	722	3.8564
674	1788554048924737799	0x7f42530c63b0	1	0dfa7fc3533697c4	8588085eed2ad04e	1459	-1	-1	512	-1	1	1	0	none	-1	-	-	-	1	1	replay	none	720	4.0058
675	1788554048929915115	0x7f42530c63b0	1	0dfa7fc3533697c4	8588085eed2ad04e	1459	-1	-1	512	-1	1	1	0	none	-1	-	-	-	1	1	replay	none	702	3.9749
676	1788554048935069578	0x7f42530c63b0	1	0dfa7fc3533697c4	8588085eed2ad04e	1459	-1	-1	512	-1	1	1	0	none	-1	-	-	-	1	1	replay	none	715	3.7633
677	1788554048941308819	0x7f42530c63b0	1	94dc22ce3d23b91b	0556da47e0cf8acf	1459	-1	-1	512	-1	1	1	1	structure	0	GET_ROWS	model.input_embed	shape,data	1	0	direct	none	4490	5.1914
678	1788554048947379033	0x7f42530c63b0	1	d8f873be867a8271	349f900b4665a0d0	1459	-1	-1	256	-1	1	1	1	structure	0	GET_ROWS	model.input_embed	shape,data	0	0	direct	none	5504	18.5086
679	1788554048971526445	0x7f42530c63b0	1	79cc5f245f480542	5f0c85a409d6545f	1459	-1	-1	512	-1	1	1	1	structure	0	GET_ROWS	model.input_embed	shape,data	0	0	direct	none	4582	4.9900
680	1788554048977395300	0x7f42530c63b0	1	bcd06391008a2d68	b1c517d81836284a	1459	-1	-1	256	-1	1	1	1	structure	0	GET_ROWS	model.input_embed	shape,data	0	0	direct	none	4553	4.8663
681	1788554048984796624	0x7f42530c63b0	1	d702fd6fe588b6cb	5f0c85a409d6545f	1459	-1	-1	512	-1	1	1	1	structure	0	GET_ROWS	model.input_embed	shape,data	0	0	direct	none	4374	4.6998
682	1788554048991122578	0x7f42530c63b0	1	d702fd6fe588b6cb	5f0c85a409d6545f	1459	-1	-1	512	-1	1	1	0	none	-1	-	-	-	0	1	capture	reinstantiate	5084	8.4918
683	1788554049001292403	0x7f42530c63b0	1	d702fd6fe588b6cb	5f0c85a409d6545f	1459	-1	-1	512	-1	1	1	0	none	-1	-	-	-	1	1	replay	none	729	4.0996
684	1788554049007071409	0x7f42530c63b0	1	d702fd6fe588b6cb	5f0c85a409d6545f	1459	-1	-1	512	-1	1	1	0	none	-1	-	-	-	1	1	replay	none	763	4.4145
685	1788554049013094935	0x7f42530c63b0	1	d702fd6fe588b6cb	5f0c85a409d6545f	1459	-1	-1	512	-1	1	1	0	none	-1	-	-	-	1	1	replay	none	732	4.3422
686	1788554049019130002	0x7f42530c63b0	1	d702fd6fe588b6cb	5f0c85a409d6545f	1459	-1	-1	512	-1	1	1	0	none	-1	-	-	-	1	1	replay	none	714	4.1435
687	1788554049024868442	0x7f42530c63b0	1	d702fd6fe588b6cb	5f0c85a409d6545f	1459	-1	-1	512	-1	1	1	0	none	-1	-	-	-	1	1	replay	none	703	4.2382
688	1788554049030597514	0x7f42530c63b0	1	d702fd6fe588b6cb	5f0c85a409d6545f	1459	-1	-1	512	-1	1	1	0	none	-1	-	-	-	1	1	replay	none	658	4.2861
689	1788554049036448075	0x7f42530c63b0	1	d702fd6fe588b6cb	5f0c85a409d6545f	1459	-1	-1	512	-1	1	1	0	none	-1	-	-	-	1	1	replay	none	782	4.2713
690	1788554049042357196	0x7f42530c63b0	1	d702fd6fe588b6cb	5f0c85a409d6545f	1459	-1	-1	512	-1	1	1	0	none	-1	-	-	-	1	1	replay	none	686	4.1854
691	1788554049048132996	0x7f42530c63b0	1	d702fd6fe588b6cb	5f0c85a409d6545f	1459	-1	-1	512	-1	1	1	0	none	-1	-	-	-	1	1	replay	none	746	4.2155
692	1788554049054083414	0x7f42530c63b0	1	d702fd6fe588b6cb	5f0c85a409d6545f	1459	-1	-1	512	-1	1	1	0	none	-1	-	-	-	1	1	replay	none	745	4.2492
693	1788554049060096761	0x7f42530c63b0	1	d702fd6fe588b6cb	5f0c85a409d6545f	1459	-1	-1	512	-1	1	1	0	none	-1	-	-	-	1	1	replay	none	810	4.1102
694	1788554049066011332	0x7f42530c63b0	1	d702fd6fe588b6cb	5f0c85a409d6545f	1459	-1	-1	512	-1	1	1	0	none	-1	-	-	-	1	1	replay	none	763	4.0749
695	1788554049072093077	0x7f42530c63b0	1	d702fd6fe588b6cb	5f0c85a409d6545f	1459	-1	-1	512	-1	1	1	0	none	-1	-	-	-	1	1	replay	none	775	4.1128
696	1788554049077861744	0x7f42530c63b0	1	d702fd6fe588b6cb	5f0c85a409d6545f	1459	-1	-1	512	-1	1	1	0	none	-1	-	-	-	1	1	replay	none	691	4.1031
697	1788554049083495928	0x7f42530c63b0	1	d702fd6fe588b6cb	5f0c85a409d6545f	1459	-1	-1	512	-1	1	1	0	none	-1	-	-	-	1	1	replay	none	674	4.0819
698	1788554049089140351	0x7f42530c63b0	1	d702fd6fe588b6cb	5f0c85a409d6545f	1459	-1	-1	512	-1	1	1	0	none	-1	-	-	-	1	1	replay	none	706	4.0740
699	1788554049094818027	0x7f42530c63b0	1	d702fd6fe588b6cb	5f0c85a409d6545f	1459	-1	-1	512	-1	1	1	0	none	-1	-	-	-	1	1	replay	none	704	4.1364
700	1788554049100586935	0x7f42530c63b0	1	d702fd6fe588b6cb	5f0c85a409d6545f	1459	-1	-1	512	-1	1	1	0	none	-1	-	-	-	1	1	replay	none	708	4.4004
701	1788554049106624366	0x7f42530c63b0	1	d702fd6fe588b6cb	5f0c85a409d6545f	1459	-1	-1	512	-1	1	1	0	none	-1	-	-	-	1	1	replay	none	558	4.2267
702	1788554049112256707	0x7f42530c63b0	1	d702fd6fe588b6cb	5f0c85a409d6545f	1459	-1	-1	512	-1	1	1	0	none	-1	-	-	-	1	1	replay	none	715	4.4069
703	1788554049118157121	0x7f42530c63b0	1	d702fd6fe588b6cb	5f0c85a409d6545f	1459	-1	-1	512	-1	1	1	0	none	-1	-	-	-	1	1	replay	none	702	4.3177
704	1788554049124030746	0x7f42530c63b0	1	d702fd6fe588b6cb	5f0c85a409d6545f	1459	-1	-1	512	-1	1	1	0	none	-1	-	-	-	1	1	replay	none	693	4.1684
705	1788554049130162344	0x7f42530c63b0	1	d702fd6fe588b6cb	5f0c85a409d6545f	1459	-1	-1	512	-1	1	1	0	none	-1	-	-	-	1	1	replay	none	681	4.2658
706	1788554049135989942	0x7f42530c63b0	1	d702fd6fe588b6cb	5f0c85a409d6545f	1459	-1	-1	512	-1	1	1	0	none	-1	-	-	-	1	1	replay	none	683	4.2822
707	1788554049141841354	0x7f42530c63b0	1	d702fd6fe588b6cb	5f0c85a409d6545f	1459	-1	-1	512	-1	1	1	0	none	-1	-	-	-	1	1	replay	none	686	4.2839
708	1788554049147664704	0x7f42530c63b0	1	d702fd6fe588b6cb	5f0c85a409d6545f	1459	-1	-1	512	-1	1	1	0	none	-1	-	-	-	1	1	replay	none	696	4.2577
709	1788554049153481741	0x7f42530c63b0	1	d702fd6fe588b6cb	5f0c85a409d6545f	1459	-1	-1	512	-1	1	1	0	none	-1	-	-	-	1	1	replay	none	678	4.0734
710	1788554049159096679	0x7f42530c63b0	1	d702fd6fe588b6cb	5f0c85a409d6545f	1459	-1	-1	512	-1	1	1	0	none	-1	-	-	-	1	1	replay	none	711	4.1092
711	1788554049164725594	0x7f42530c63b0	1	d702fd6fe588b6cb	5f0c85a409d6545f	1459	-1	-1	512	-1	1	1	0	none	-1	-	-	-	1	1	replay	none	681	4.0843
712	1788554049171085812	0x7f42530c63b0	1	0dfa7fc3533697c4	8588085eed2ad04e	1459	-1	-1	512	-1	1	1	1	structure	0	GET_ROWS	model.input_embed	shape,data	1	0	direct	none	3134	4.4366
713	1788554049176747187	0x7f42530c63b0	1	0dfa7fc3533697c4	8588085eed2ad04e	1459	-1	-1	512	-1	1	1	0	none	-1	-	-	-	0	1	capture	reinstantiate	4133	7.4784
714	1788554049185328678	0x7f42530c63b0	1	0dfa7fc3533697c4	8588085eed2ad04e	1459	-1	-1	512	-1	1	1	0	none	-1	-	-	-	1	1	replay	none	695	3.9160
715	1788554049190498971	0x7f42530c63b0	1	0dfa7fc3533697c4	8588085eed2ad04e	1459	-1	-1	512	-1	1	1	0	none	-1	-	-	-	1	1	replay	none	521	3.7761
716	1788554049195338653	0x7f42530c63b0	1	0dfa7fc3533697c4	8588085eed2ad04e	1459	-1	-1	512	-1	1	1	0	none	-1	-	-	-	1	1	replay	none	682	3.7993
717	1788554049200380434	0x7f42530c63b0	1	0dfa7fc3533697c4	8588085eed2ad04e	1459	-1	-1	512	-1	1	1	0	none	-1	-	-	-	1	1	replay	none	593	4.0422
718	1788554049205461609	0x7f42530c63b0	1	0dfa7fc3533697c4	8588085eed2ad04e	1459	-1	-1	512	-1	1	1	0	none	-1	-	-	-	1	1	replay	none	669	3.9850
719	1788554049210576748	0x7f42530c63b0	1	0dfa7fc3533697c4	8588085eed2ad04e	1459	-1	-1	512	-1	1	1	0	none	-1	-	-	-	1	1	replay	none	664	3.8805
720	1788554049215838453	0x7f42530c63b0	1	0dfa7fc3533697c4	8588085eed2ad04e	1459	-1	-1	512	-1	1	1	0	none	-1	-	-	-	1	1	replay	none	715	3.7855
721	1788554049220832174	0x7f42530c63b0	1	0dfa7fc3533697c4	8588085eed2ad04e	1459	-1	-1	512	-1	1	1	0	none	-1	-	-	-	1	1	replay	none	679	3.8150
722	1788554049225923478	0x7f42530c63b0	1	0dfa7fc3533697c4	8588085eed2ad04e	1459	-1	-1	512	-1	1	1	0	none	-1	-	-	-	1	1	replay	none	1023	3.8525
723	1788554049231313233	0x7f42530c63b0	1	0dfa7fc3533697c4	8588085eed2ad04e	1459	-1	-1	512	-1	1	1	0	none	-1	-	-	-	1	1	replay	none	684	4.0314
724	1788554049236499997	0x7f42530c63b0	1	0dfa7fc3533697c4	8588085eed2ad04e	1459	-1	-1	512	-1	1	1	0	none	-1	-	-	-	1	1	replay	none	689	3.9826
725	1788554049241700907	0x7f42530c63b0	1	0dfa7fc3533697c4	8588085eed2ad04e	1459	-1	-1	512	-1	1	1	0	none	-1	-	-	-	1	1	replay	none	693	3.9078
726	1788554049246916345	0x7f42530c63b0	1	0dfa7fc3533697c4	8588085eed2ad04e	1459	-1	-1	512	-1	1	1	0	none	-1	-	-	-	1	1	replay	none	718	3.8085
727	1788554049252055980	0x7f42530c63b0	1	0dfa7fc3533697c4	8588085eed2ad04e	1459	-1	-1	512	-1	1	1	0	none	-1	-	-	-	1	1	replay	none	700	3.7629
728	1788554049256987915	0x7f42530c63b0	1	0dfa7fc3533697c4	8588085eed2ad04e	1459	-1	-1	512	-1	1	1	0	none	-1	-	-	-	1	1	replay	none	764	3.8433
729	1788554049262118904	0x7f42530c63b0	1	0dfa7fc3533697c4	8588085eed2ad04e	1459	-1	-1	512	-1	1	1	0	none	-1	-	-	-	1	1	replay	none	705	4.1112
730	1788554049267365771	0x7f42530c63b0	1	0dfa7fc3533697c4	8588085eed2ad04e	1459	-1	-1	512	-1	1	1	0	none	-1	-	-	-	1	1	replay	none	680	3.9952
731	1788554049272534781	0x7f42530c63b0	1	0dfa7fc3533697c4	8588085eed2ad04e	1459	-1	-1	512	-1	1	1	0	none	-1	-	-	-	1	1	replay	none	693	4.0404
732	1788554049277765467	0x7f42530c63b0	1	0dfa7fc3533697c4	8588085eed2ad04e	1459	-1	-1	512	-1	1	1	0	none	-1	-	-	-	1	1	replay	none	667	3.8163
733	1788554049282832937	0x7f42530c63b0	1	0dfa7fc3533697c4	8588085eed2ad04e	1459	-1	-1	512	-1	1	1	0	none	-1	-	-	-	1	1	replay	none	694	4.0393
734	1788554049288030060	0x7f42530c63b0	1	0dfa7fc3533697c4	8588085eed2ad04e	1459	-1	-1	512	-1	1	1	0	none	-1	-	-	-	1	1	replay	none	689	4.1068
735	1788554049293270505	0x7f42530c63b0	1	0dfa7fc3533697c4	8588085eed2ad04e	1459	-1	-1	512	-1	1	1	0	none	-1	-	-	-	1	1	replay	none	698	3.9891
736	1788554049298522511	0x7f42530c63b0	1	0dfa7fc3533697c4	8588085eed2ad04e	1459	-1	-1	512	-1	1	1	0	none	-1	-	-	-	1	1	replay	none	687	3.7484
737	1788554049303493048	0x7f42530c63b0	1	0dfa7fc3533697c4	8588085eed2ad04e	1459	-1	-1	512	-1	1	1	0	none	-1	-	-	-	1	1	replay	none	690	4.0301
738	1788554049308686645	0x7f42530c63b0	1	0dfa7fc3533697c4	8588085eed2ad04e	1459	-1	-1	512	-1	1	1	0	none	-1	-	-	-	1	1	replay	none	698	3.7893
739	1788554049313685726	0x7f42530c63b0	1	0dfa7fc3533697c4	8588085eed2ad04e	1459	-1	-1	512	-1	1	1	0	none	-1	-	-	-	1	1	replay	none	693	4.0090
740	1788554049318874223	0x7f42530c63b0	1	0dfa7fc3533697c4	8588085eed2ad04e	1459	-1	-1	512	-1	1	1	0	none	-1	-	-	-	1	1	replay	none	697	3.8267
741	1788554049323945440	0x7f42530c63b0	1	0dfa7fc3533697c4	8588085eed2ad04e	1459	-1	-1	512	-1	1	1	0	none	-1	-	-	-	1	1	replay	none	687	3.7650
742	1788554049328908413	0x7f42530c63b0	1	0dfa7fc3533697c4	8588085eed2ad04e	1459	-1	-1	512	-1	1	1	0	none	-1	-	-	-	1	1	replay	none	695	4.0493
743	1788554049334271398	0x7f42530c63b0	1	0dfa7fc3533697c4	8588085eed2ad04e	1459	-1	-1	512	-1	1	1	0	none	-1	-	-	-	1	1	replay	none	701	3.8235
744	1788554049339457380	0x7f42530c63b0	1	0dfa7fc3533697c4	8588085eed2ad04e	1459	-1	-1	512	-1	1	1	0	none	-1	-	-	-	1	1	replay	none	676	3.7802
745	1788554049344422808	0x7f42530c63b0	1	0dfa7fc3533697c4	8588085eed2ad04e	1459	-1	-1	512	-1	1	1	0	none	-1	-	-	-	1	1	replay	none	699	4.0444
746	1788554049349778589	0x7f42530c63b0	1	0dfa7fc3533697c4	8588085eed2ad04e	1459	-1	-1	512	-1	1	1	0	none	-1	-	-	-	1	1	replay	none	1644	4.0562
747	1788554049356102810	0x7f42530c63b0	1	0dfa7fc3533697c4	8588085eed2ad04e	1459	-1	-1	512	-1	1	1	0	none	-1	-	-	-	1	1	replay	none	709	4.0578
748	1788554049361507413	0x7f42530c63b0	1	0dfa7fc3533697c4	8588085eed2ad04e	1459	-1	-1	512	-1	1	1	0	none	-1	-	-	-	1	1	replay	none	687	3.9832
749	1788554049366797721	0x7f42530c63b0	1	0dfa7fc3533697c4	8588085eed2ad04e	1459	-1	-1	512	-1	1	1	0	none	-1	-	-	-	1	1	replay	none	706	3.9342
750	1788554049371945091	0x7f42530c63b0	1	0dfa7fc3533697c4	8588085eed2ad04e	1459	-1	-1	512	-1	1	1	0	none	-1	-	-	-	1	1	replay	none	685	3.8061
751	1788554049376949632	0x7f42530c63b0	1	0dfa7fc3533697c4	8588085eed2ad04e	1459	-1	-1	512	-1	1	1	0	none	-1	-	-	-	1	1	replay	none	699	4.0383
752	1788554049382218961	0x7f42530c63b0	1	0dfa7fc3533697c4	8588085eed2ad04e	1459	-1	-1	512	-1	1	1	0	none	-1	-	-	-	1	1	replay	none	702	4.0442
753	1788554049387450378	0x7f42530c63b0	1	0dfa7fc3533697c4	8588085eed2ad04e	1459	-1	-1	512	-1	1	1	0	none	-1	-	-	-	1	1	replay	none	727	4.0966
754	1788554049392814976	0x7f42530c63b0	1	0dfa7fc3533697c4	8588085eed2ad04e	1459	-1	-1	512	-1	1	1	0	none	-1	-	-	-	1	1	replay	none	705	3.9844
755	1788554049398120774	0x7f42530c63b0	1	0dfa7fc3533697c4	8588085eed2ad04e	1459	-1	-1	512	-1	1	1	0	none	-1	-	-	-	1	1	replay	none	714	3.8844
756	1788554049403172373	0x7f42530c63b0	1	0dfa7fc3533697c4	8588085eed2ad04e	1459	-1	-1	512	-1	1	1	0	none	-1	-	-	-	1	1	replay	none	676	4.1218
757	1788554049408558622	0x7f42530c63b0	1	0dfa7fc3533697c4	8588085eed2ad04e	1459	-1	-1	512	-1	1	1	0	none	-1	-	-	-	1	1	replay	none	682	3.8264
758	1788554049413567081	0x7f42530c63b0	1	0dfa7fc3533697c4	8588085eed2ad04e	1459	-1	-1	512	-1	1	1	0	none	-1	-	-	-	1	1	replay	none	682	4.0454
759	1788554049418813667	0x7f42530c63b0	1	0dfa7fc3533697c4	8588085eed2ad04e	1459	-1	-1	512	-1	1	1	0	none	-1	-	-	-	1	1	replay	none	704	4.0296
760	1788554049424005911	0x7f42530c63b0	1	0dfa7fc3533697c4	8588085eed2ad04e	1459	-1	-1	512	-1	1	1	0	none	-1	-	-	-	1	1	replay	none	681	3.7463
761	1788554049428895456	0x7f42530c63b0	1	0dfa7fc3533697c4	8588085eed2ad04e	1459	-1	-1	512	-1	1	1	0	none	-1	-	-	-	1	1	replay	none	682	3.9046
762	1788554049433977293	0x7f42530c63b0	1	0dfa7fc3533697c4	8588085eed2ad04e	1459	-1	-1	512	-1	1	1	0	none	-1	-	-	-	1	1	replay	none	701	3.7609
763	1788554049438962247	0x7f42530c63b0	1	0dfa7fc3533697c4	8588085eed2ad04e	1459	-1	-1	512	-1	1	1	0	none	-1	-	-	-	1	1	replay	none	683	4.0423
764	1788554049444187343	0x7f42530c63b0	1	0dfa7fc3533697c4	8588085eed2ad04e	1459	-1	-1	512	-1	1	1	0	none	-1	-	-	-	1	1	replay	none	677	4.0453
765	1788554049449387271	0x7f42530c63b0	1	0dfa7fc3533697c4	8588085eed2ad04e	1459	-1	-1	512	-1	1	1	0	none	-1	-	-	-	1	1	replay	none	694	4.0668
766	1788554049454723346	0x7f42530c63b0	1	0dfa7fc3533697c4	8588085eed2ad04e	1459	-1	-1	512	-1	1	1	0	none	-1	-	-	-	1	1	replay	none	726	4.0036
767	1788554049459966936	0x7f42530c63b0	1	0dfa7fc3533697c4	8588085eed2ad04e	1459	-1	-1	512	-1	1	1	0	none	-1	-	-	-	1	1	replay	none	692	3.9385
768	1788554049465105399	0x7f42530c63b0	1	0dfa7fc3533697c4	8588085eed2ad04e	1459	-1	-1	512	-1	1	1	0	none	-1	-	-	-	1	1	replay	none	684	3.7732
769	1788554049470093820	0x7f42530c63b0	1	0dfa7fc3533697c4	8588085eed2ad04e	1459	-1	-1	512	-1	1	1	0	none	-1	-	-	-	1	1	replay	none	711	4.0327
770	1788554049475381734	0x7f42530c63b0	1	0dfa7fc3533697c4	8588085eed2ad04e	1459	-1	-1	512	-1	1	1	0	none	-1	-	-	-	1	1	replay	none	684	4.0290
771	1788554049480548821	0x7f42530c63b0	1	0dfa7fc3533697c4	8588085eed2ad04e	1459	-1	-1	512	-1	1	1	0	none	-1	-	-	-	1	1	replay	none	678	3.7539
772	1788554049485440931	0x7f42530c63b0	1	0dfa7fc3533697c4	8588085eed2ad04e	1459	-1	-1	512	-1	1	1	0	none	-1	-	-	-	1	1	replay	none	681	3.8687
773	1788554049490449981	0x7f42530c63b0	1	0dfa7fc3533697c4	8588085eed2ad04e	1459	-1	-1	512	-1	1	1	0	none	-1	-	-	-	1	1	replay	none	679	3.8161
774	1788554049495462096	0x7f42530c63b0	1	0dfa7fc3533697c4	8588085eed2ad04e	1459	-1	-1	512	-1	1	1	0	none	-1	-	-	-	1	1	replay	none	677	4.0275
775	1788554049500640254	0x7f42530c63b0	1	0dfa7fc3533697c4	8588085eed2ad04e	1459	-1	-1	512	-1	1	1	0	none	-1	-	-	-	1	1	replay	none	703	3.9324
776	1788554049505764741	0x7f42530c63b0	1	0dfa7fc3533697c4	8588085eed2ad04e	1459	-1	-1	512	-1	1	1	0	none	-1	-	-	-	1	1	replay	none	682	3.9869
777	1788554049511123858	0x7f42530c63b0	1	0dfa7fc3533697c4	8588085eed2ad04e	1459	-1	-1	512	-1	1	1	0	none	-1	-	-	-	1	1	replay	none	682	3.9909
778	1788554049516319529	0x7f42530c63b0	1	0dfa7fc3533697c4	8588085eed2ad04e	1459	-1	-1	512	-1	1	1	0	none	-1	-	-	-	1	1	replay	none	689	4.0278
779	1788554049521845289	0x7f42530c63b0	1	0dfa7fc3533697c4	8588085eed2ad04e	1459	-1	-1	512	-1	1	1	0	none	-1	-	-	-	1	1	replay	none	693	3.8489
780	1788554049527015973	0x7f42530c63b0	1	0dfa7fc3533697c4	8588085eed2ad04e	1459	-1	-1	512	-1	1	1	0	none	-1	-	-	-	1	1	replay	none	700	4.0511
781	1788554049532682688	0x7f42530c63b0	1	0dfa7fc3533697c4	8588085eed2ad04e	1459	-1	-1	512	-1	1	1	0	none	-1	-	-	-	1	1	replay	none	707	3.8179
782	1788554051128300111	0x7f42530c63b0	1	dbdb0ad78cf67443	ced6d452629875b4	1459	-1	-1	256	-1	1	1	1	structure	0	GET_ROWS	model.input_embed	shape,data	1	0	direct	none	5156	17.3833
783	1788554051150159144	0x7f42530c63b0	1	5e879b663492f411	da6dad2d538c7885	1459	-1	-1	256	-1	1	1	1	structure	0	GET_ROWS	model.input_embed	shape,data	0	0	direct	none	4647	5.1316
784	1788554051157644777	0x7f42530c63b0	1	0fdbf3977c990123	d3c2881e53d67dec	1459	-1	-1	512	-1	1	1	1	structure	0	GET_ROWS	model.input_embed	shape,data	0	0	direct	none	4039	4.8085
785	1788554051163740919	0x7f42530c63b0	1	0fdbf3977c990123	d3c2881e53d67dec	1459	-1	-1	512	-1	1	1	0	none	-1	-	-	-	0	1	capture	update	2965	6.1470
786	1788554051171144837	0x7f42530c63b0	1	0fdbf3977c990123	d3c2881e53d67dec	1459	-1	-1	512	-1	1	1	0	none	-1	-	-	-	1	1	replay	none	743	4.0344
787	1788554051176404087	0x7f42530c63b0	1	0fdbf3977c990123	d3c2881e53d67dec	1459	-1	-1	512	-1	1	1	0	none	-1	-	-	-	1	1	replay	none	705	4.0892
788	1788554051181771380	0x7f42530c63b0	1	0fdbf3977c990123	d3c2881e53d67dec	1459	-1	-1	512	-1	1	1	0	none	-1	-	-	-	1	1	replay	none	664	4.0050
789	1788554051186983832	0x7f42530c63b0	1	0fdbf3977c990123	d3c2881e53d67dec	1459	-1	-1	512	-1	1	1	0	none	-1	-	-	-	1	1	replay	none	711	4.0189
790	1788554051192352598	0x7f42530c63b0	1	0fdbf3977c990123	d3c2881e53d67dec	1459	-1	-1	512	-1	1	1	0	none	-1	-	-	-	1	1	replay	none	743	3.9252
791	1788554051197524263	0x7f42530c63b0	1	0fdbf3977c990123	d3c2881e53d67dec	1459	-1	-1	512	-1	1	1	0	none	-1	-	-	-	1	1	replay	none	702	3.8533
792	1788554051202593255	0x7f42530c63b0	1	0fdbf3977c990123	d3c2881e53d67dec	1459	-1	-1	512	-1	1	1	0	none	-1	-	-	-	1	1	replay	none	683	4.0285
793	1788554051207876691	0x7f42530c63b0	1	0fdbf3977c990123	d3c2881e53d67dec	1459	-1	-1	512	-1	1	1	0	none	-1	-	-	-	1	1	replay	none	729	4.0094
794	1788554051212998092	0x7f42530c63b0	1	0fdbf3977c990123	d3c2881e53d67dec	1459	-1	-1	512	-1	1	1	0	none	-1	-	-	-	1	1	replay	none	633	4.0936
795	1788554051218222035	0x7f42530c63b0	1	0fdbf3977c990123	d3c2881e53d67dec	1459	-1	-1	512	-1	1	1	0	none	-1	-	-	-	1	1	replay	none	709	3.9450
796	1788554051223425551	0x7f42530c63b0	1	0fdbf3977c990123	d3c2881e53d67dec	1459	-1	-1	512	-1	1	1	0	none	-1	-	-	-	1	1	replay	none	710	3.9956
797	1788554051228593539	0x7f42530c63b0	1	0fdbf3977c990123	d3c2881e53d67dec	1459	-1	-1	512	-1	1	1	0	none	-1	-	-	-	1	1	replay	none	700	3.8358
798	1788554051233667741	0x7f42530c63b0	1	0fdbf3977c990123	d3c2881e53d67dec	1459	-1	-1	512	-1	1	1	0	none	-1	-	-	-	1	1	replay	none	716	4.0271
799	1788554051238941348	0x7f42530c63b0	1	0fdbf3977c990123	d3c2881e53d67dec	1459	-1	-1	512	-1	1	1	0	none	-1	-	-	-	1	1	replay	none	711	4.0306
800	1788554051244229432	0x7f42530c63b0	1	0fdbf3977c990123	d3c2881e53d67dec	1459	-1	-1	512	-1	1	1	0	none	-1	-	-	-	1	1	replay	none	734	4.1567
801	1788554051249883103	0x7f42530c63b0	1	0fdbf3977c990123	d3c2881e53d67dec	1459	-1	-1	512	-1	1	1	0	none	-1	-	-	-	1	1	replay	none	719	3.8844
802	1788554051255033879	0x7f42530c63b0	1	0fdbf3977c990123	d3c2881e53d67dec	1459	-1	-1	512	-1	1	1	0	none	-1	-	-	-	1	1	replay	none	712	3.9314
803	1788554051260867037	0x7f42530c63b0	1	0fdbf3977c990123	d3c2881e53d67dec	1459	-1	-1	512	-1	1	1	0	none	-1	-	-	-	1	1	replay	none	765	3.7621
804	1788554051266062878	0x7f42530c63b0	1	0fdbf3977c990123	d3c2881e53d67dec	1459	-1	-1	512	-1	1	1	0	none	-1	-	-	-	1	1	replay	none	701	3.7724
805	1788554051271076676	0x7f42530c63b0	1	0fdbf3977c990123	d3c2881e53d67dec	1459	-1	-1	512	-1	1	1	0	none	-1	-	-	-	1	1	replay	none	688	4.0335
806	1788554051276377454	0x7f42530c63b0	1	0fdbf3977c990123	d3c2881e53d67dec	1459	-1	-1	512	-1	1	1	0	none	-1	-	-	-	1	1	replay	none	689	3.9062
807	1788554051281847530	0x7f42530c63b0	1	0fdbf3977c990123	d3c2881e53d67dec	1459	-1	-1	512	-1	1	1	0	none	-1	-	-	-	1	1	replay	none	705	4.0944
808	1788554051288624241	0x7f42530c63b0	1	0fdbf3977c990123	d3c2881e53d67dec	1459	-1	-1	512	-1	1	1	0	none	-1	-	-	-	1	1	replay	none	745	4.1066
809	1788554051293548131	0x7f42530c63b0	1	da7570afdbb81394	b11e6ad39340ff34	1459	-1	-1	256	-1	1	1	1	structure	0	GET_ROWS	model.input_embed	shape,data	1	0	direct	none	6327	17.1018
810	1788554051317025635	0x7f42530c63b0	1	0fdbf3977c990123	d3c2881e53d67dec	1459	-1	-1	512	-1	1	1	1	structure	0	GET_ROWS	model.input_embed	shape,data	0	0	direct	none	3887	4.5373
811	1788554051322357010	0x7f42530c63b0	1	802ba1f19f5ea689	83e51ade51eb3baf	1459	-1	-1	256	-1	1	1	1	structure	0	GET_ROWS	model.input_embed	shape,data	0	0	direct	none	4444	5.0202
812	1788554051330094295	0x7f42530c63b0	1	d702fd6fe588b6cb	5f0c85a409d6545f	1459	-1	-1	512	-1	1	1	1	structure	0	GET_ROWS	model.input_embed	shape,data	0	0	direct	none	4541	5.1419
813	1788554051336987475	0x7f42530c63b0	1	d702fd6fe588b6cb	5f0c85a409d6545f	1459	-1	-1	512	-1	1	1	0	none	-1	-	-	-	0	1	capture	reinstantiate	4929	8.6505
814	1788554051347466270	0x7f42530c63b0	1	d702fd6fe588b6cb	5f0c85a409d6545f	1459	-1	-1	512	-1	1	1	0	none	-1	-	-	-	1	1	replay	none	801	4.0700
815	1788554051353449640	0x7f42530c63b0	1	d702fd6fe588b6cb	5f0c85a409d6545f	1459	-1	-1	512	-1	1	1	0	none	-1	-	-	-	1	1	replay	none	786	4.3365
816	1788554051359459710	0x7f42530c63b0	1	d702fd6fe588b6cb	5f0c85a409d6545f	1459	-1	-1	512	-1	1	1	0	none	-1	-	-	-	1	1	replay	none	741	4.2022
817	1788554051365282970	0x7f42530c63b0	1	d702fd6fe588b6cb	5f0c85a409d6545f	1459	-1	-1	512	-1	1	1	0	none	-1	-	-	-	1	1	replay	none	717	4.2683
818	1788554051371191219	0x7f42530c63b0	1	d702fd6fe588b6cb	5f0c85a409d6545f	1459	-1	-1	512	-1	1	1	0	none	-1	-	-	-	1	1	replay	none	693	4.3197
819	1788554051377080793	0x7f42530c63b0	1	d702fd6fe588b6cb	5f0c85a409d6545f	1459	-1	-1	512	-1	1	1	0	none	-1	-	-	-	1	1	replay	none	751	4.3084
820	1788554051382965918	0x7f42530c63b0	1	d702fd6fe588b6cb	5f0c85a409d6545f	1459	-1	-1	512	-1	1	1	0	none	-1	-	-	-	1	1	replay	none	742	4.3628
821	1788554051388795109	0x7f42530c63b0	1	d702fd6fe588b6cb	5f0c85a409d6545f	1459	-1	-1	512	-1	1	1	0	none	-1	-	-	-	1	1	replay	none	554	4.2724
822	1788554051394454851	0x7f42530c63b0	1	d702fd6fe588b6cb	5f0c85a409d6545f	1459	-1	-1	512	-1	1	1	0	none	-1	-	-	-	1	1	replay	none	693	4.2493
823	1788554051400154559	0x7f42530c63b0	1	d702fd6fe588b6cb	5f0c85a409d6545f	1459	-1	-1	512	-1	1	1	0	none	-1	-	-	-	1	1	replay	none	714	4.4019
824	1788554051406080962	0x7f42530c63b0	1	d702fd6fe588b6cb	5f0c85a409d6545f	1459	-1	-1	512	-1	1	1	0	none	-1	-	-	-	1	1	replay	none	715	4.1495
825	1788554051411817168	0x7f42530c63b0	1	d702fd6fe588b6cb	5f0c85a409d6545f	1459	-1	-1	512	-1	1	1	0	none	-1	-	-	-	1	1	replay	none	726	4.3112
826	1788554051417802602	0x7f42530c63b0	1	d702fd6fe588b6cb	5f0c85a409d6545f	1459	-1	-1	512	-1	1	1	0	none	-1	-	-	-	1	1	replay	none	745	4.2362
827	1788554051423544568	0x7f42530c63b0	1	d702fd6fe588b6cb	5f0c85a409d6545f	1459	-1	-1	512	-1	1	1	0	none	-1	-	-	-	1	1	replay	none	604	4.2862
828	1788554051429424494	0x7f42530c63b0	1	d702fd6fe588b6cb	5f0c85a409d6545f	1459	-1	-1	512	-1	1	1	0	none	-1	-	-	-	1	1	replay	none	684	4.0487
829	1788554051435015357	0x7f42530c63b0	1	d702fd6fe588b6cb	5f0c85a409d6545f	1459	-1	-1	512	-1	1	1	0	none	-1	-	-	-	1	1	replay	none	634	4.0672
830	1788554051440713391	0x7f42530c63b0	1	d702fd6fe588b6cb	5f0c85a409d6545f	1459	-1	-1	512	-1	1	1	0	none	-1	-	-	-	1	1	replay	none	751	4.1278
831	1788554051446513667	0x7f42530c63b0	1	d702fd6fe588b6cb	5f0c85a409d6545f	1459	-1	-1	512	-1	1	1	0	none	-1	-	-	-	1	1	replay	none	849	4.1555
832	1788554051452484514	0x7f42530c63b0	1	d702fd6fe588b6cb	5f0c85a409d6545f	1459	-1	-1	512	-1	1	1	0	none	-1	-	-	-	1	1	replay	none	797	4.1566
833	1788554051458425084	0x7f42530c63b0	1	d702fd6fe588b6cb	5f0c85a409d6545f	1459	-1	-1	512	-1	1	1	0	none	-1	-	-	-	1	1	replay	none	705	4.4155
834	1788554051464463928	0x7f42530c63b0	1	d702fd6fe588b6cb	5f0c85a409d6545f	1459	-1	-1	512	-1	1	1	0	none	-1	-	-	-	1	1	replay	none	714	4.2452
835	1788554051470313547	0x7f42530c63b0	1	d702fd6fe588b6cb	5f0c85a409d6545f	1459	-1	-1	512	-1	1	1	0	none	-1	-	-	-	1	1	replay	none	740	4.2617
836	1788554051476254127	0x7f42530c63b0	1	d702fd6fe588b6cb	5f0c85a409d6545f	1459	-1	-1	512	-1	1	1	0	none	-1	-	-	-	1	1	replay	none	772	4.2318
837	1788554051482164380	0x7f42530c63b0	1	d702fd6fe588b6cb	5f0c85a409d6545f	1459	-1	-1	512	-1	1	1	0	none	-1	-	-	-	1	1	replay	none	749	4.3204
838	1788554051488242739	0x7f42530c63b0	1	d702fd6fe588b6cb	5f0c85a409d6545f	1459	-1	-1	512	-1	1	1	0	none	-1	-	-	-	1	1	replay	none	774	4.2917
839	1788554051494236438	0x7f42530c63b0	1	d702fd6fe588b6cb	5f0c85a409d6545f	1459	-1	-1	512	-1	1	1	0	none	-1	-	-	-	1	1	replay	none	730	4.1695
840	1788554051500300600	0x7f42530c63b0	1	d702fd6fe588b6cb	5f0c85a409d6545f	1459	-1	-1	512	-1	1	1	0	none	-1	-	-	-	1	1	replay	none	801	4.1680
841	1788554051506398355	0x7f42530c63b0	1	d702fd6fe588b6cb	5f0c85a409d6545f	1459	-1	-1	512	-1	1	1	0	none	-1	-	-	-	1	1	replay	none	810	4.3288
842	1788554051512654197	0x7f42530c63b0	1	d702fd6fe588b6cb	5f0c85a409d6545f	1459	-1	-1	512	-1	1	1	0	none	-1	-	-	-	1	1	replay	none	835	4.4144
843	1788554051520392063	0x7f42530c63b0	1	0fdbf3977c990123	d3c2881e53d67dec	1459	-1	-1	512	-1	1	1	1	structure	0	GET_ROWS	model.input_embed	shape,data	1	0	direct	none	4436	4.7601
844	1788554051526519775	0x7f42530c63b0	1	0fdbf3977c990123	d3c2881e53d67dec	1459	-1	-1	512	-1	1	1	0	none	-1	-	-	-	0	1	capture	reinstantiate	5532	8.8649
845	1788554051537058823	0x7f42530c63b0	1	0fdbf3977c990123	d3c2881e53d67dec	1459	-1	-1	512	-1	1	1	0	none	-1	-	-	-	1	1	replay	none	948	3.9728
846	1788554051542983723	0x7f42530c63b0	1	0fdbf3977c990123	d3c2881e53d67dec	1459	-1	-1	512	-1	1	1	0	none	-1	-	-	-	1	1	replay	none	795	4.1330
847	1788554051548993633	0x7f42530c63b0	1	0fdbf3977c990123	d3c2881e53d67dec	1459	-1	-1	512	-1	1	1	0	none	-1	-	-	-	1	1	replay	none	797	4.0291
848	1788554051554431799	0x7f42530c63b0	1	0fdbf3977c990123	d3c2881e53d67dec	1459	-1	-1	512	-1	1	1	0	none	-1	-	-	-	1	1	replay	none	789	3.7656
849	1788554051559639603	0x7f42530c63b0	1	0fdbf3977c990123	d3c2881e53d67dec	1459	-1	-1	512	-1	1	1	0	none	-1	-	-	-	1	1	replay	none	822	3.8375
850	1788554051564800608	0x7f42530c63b0	1	0fdbf3977c990123	d3c2881e53d67dec	1459	-1	-1	512	-1	1	1	0	none	-1	-	-	-	1	1	replay	none	811	4.1052
851	1788554051570260114	0x7f42530c63b0	1	0fdbf3977c990123	d3c2881e53d67dec	1459	-1	-1	512	-1	1	1	0	none	-1	-	-	-	1	1	replay	none	778	4.1171
852	1788554051575672973	0x7f42530c63b0	1	0fdbf3977c990123	d3c2881e53d67dec	1459	-1	-1	512	-1	1	1	0	none	-1	-	-	-	1	1	replay	none	773	4.1638
853	1788554051581117521	0x7f42530c63b0	1	0fdbf3977c990123	d3c2881e53d67dec	1459	-1	-1	512	-1	1	1	0	none	-1	-	-	-	1	1	replay	none	717	4.0060
854	1788554051586360720	0x7f42530c63b0	1	0fdbf3977c990123	d3c2881e53d67dec	1459	-1	-1	512	-1	1	1	0	none	-1	-	-	-	1	1	replay	none	634	4.0089
855	1788554051591520644	0x7f42530c63b0	1	0fdbf3977c990123	d3c2881e53d67dec	1459	-1	-1	512	-1	1	1	0	none	-1	-	-	-	1	1	replay	none	717	3.9153
856	1788554051596636153	0x7f42530c63b0	1	0fdbf3977c990123	d3c2881e53d67dec	1459	-1	-1	512	-1	1	1	0	none	-1	-	-	-	1	1	replay	none	726	3.8740
857	1788554051601721346	0x7f42530c63b0	1	0fdbf3977c990123	d3c2881e53d67dec	1459	-1	-1	512	-1	1	1	0	none	-1	-	-	-	1	1	replay	none	683	3.9494
858	1788554051606921164	0x7f42530c63b0	1	0fdbf3977c990123	d3c2881e53d67dec	1459	-1	-1	512	-1	1	1	0	none	-1	-	-	-	1	1	replay	none	639	3.7931
859	1788554051611893265	0x7f42530c63b0	1	0fdbf3977c990123	d3c2881e53d67dec	1459	-1	-1	512	-1	1	1	0	none	-1	-	-	-	1	1	replay	none	695	4.0348
860	1788554051617118862	0x7f42530c63b0	1	0fdbf3977c990123	d3c2881e53d67dec	1459	-1	-1	512	-1	1	1	0	none	-1	-	-	-	1	1	replay	none	670	3.9635
861	1788554051622202021	0x7f42530c63b0	1	0fdbf3977c990123	d3c2881e53d67dec	1459	-1	-1	512	-1	1	1	0	none	-1	-	-	-	1	1	replay	none	705	3.9751
862	1788554051627350803	0x7f42530c63b0	1	0fdbf3977c990123	d3c2881e53d67dec	1459	-1	-1	512	-1	1	1	0	none	-1	-	-	-	1	1	replay	none	685	4.0199
863	1788554051632615012	0x7f42530c63b0	1	0fdbf3977c990123	d3c2881e53d67dec	1459	-1	-1	512	-1	1	1	0	none	-1	-	-	-	1	1	replay	none	528	4.0182
864	1788554051637825961	0x7f42530c63b0	1	0fdbf3977c990123	d3c2881e53d67dec	1459	-1	-1	512	-1	1	1	0	none	-1	-	-	-	1	1	replay	none	710	3.8082
865	1788554051642838808	0x7f42530c63b0	1	0fdbf3977c990123	d3c2881e53d67dec	1459	-1	-1	512	-1	1	1	0	none	-1	-	-	-	1	1	replay	none	652	3.9929
866	1788554051647997159	0x7f42530c63b0	1	0fdbf3977c990123	d3c2881e53d67dec	1459	-1	-1	512	-1	1	1	0	none	-1	-	-	-	1	1	replay	none	699	3.9637
867	1788554051653117227	0x7f42530c63b0	1	0fdbf3977c990123	d3c2881e53d67dec	1459	-1	-1	512	-1	1	1	0	none	-1	-	-	-	1	1	replay	none	688	3.8408
868	1788554051658188323	0x7f42530c63b0	1	0fdbf3977c990123	d3c2881e53d67dec	1459	-1	-1	512	-1	1	1	0	none	-1	-	-	-	1	1	replay	none	684	3.9316
869	1788554051663419070	0x7f42530c63b0	1	0fdbf3977c990123	d3c2881e53d67dec	1459	-1	-1	512	-1	1	1	0	none	-1	-	-	-	1	1	replay	none	696	4.0389
870	1788554051668630810	0x7f42530c63b0	1	0fdbf3977c990123	d3c2881e53d67dec	1459	-1	-1	512	-1	1	1	0	none	-1	-	-	-	1	1	replay	none	676	3.8606
871	1788554051673680697	0x7f42530c63b0	1	0fdbf3977c990123	d3c2881e53d67dec	1459	-1	-1	512	-1	1	1	0	none	-1	-	-	-	1	1	replay	none	749	3.9864
872	1788554051678948753	0x7f42530c63b0	1	0fdbf3977c990123	d3c2881e53d67dec	1459	-1	-1	512	-1	1	1	0	none	-1	-	-	-	1	1	replay	none	691	3.9081
873	1788554051684020581	0x7f42530c63b0	1	0fdbf3977c990123	d3c2881e53d67dec	1459	-1	-1	512	-1	1	1	0	none	-1	-	-	-	1	1	replay	none	678	3.8441
874	1788554051689117957	0x7f42530c63b0	1	0fdbf3977c990123	d3c2881e53d67dec	1459	-1	-1	512	-1	1	1	0	none	-1	-	-	-	1	1	replay	none	704	4.1202
875	1788554051694460443	0x7f42530c63b0	1	0fdbf3977c990123	d3c2881e53d67dec	1459	-1	-1	512	-1	1	1	0	none	-1	-	-	-	1	1	replay	none	650	3.8252
876	1788554051699456900	0x7f42530c63b0	1	0fdbf3977c990123	d3c2881e53d67dec	1459	-1	-1	512	-1	1	1	0	none	-1	-	-	-	1	1	replay	none	692	3.8521
877	1788554051704431505	0x7f42530c63b0	1	0fdbf3977c990123	d3c2881e53d67dec	1459	-1	-1	512	-1	1	1	0	none	-1	-	-	-	1	1	replay	none	694	3.8888
878	1788554051709376775	0x7f42530c63b0	1	0fdbf3977c990123	d3c2881e53d67dec	1459	-1	-1	512	-1	1	1	0	none	-1	-	-	-	1	1	replay	none	684	3.8356
879	1788554051714335009	0x7f42530c63b0	1	0fdbf3977c990123	d3c2881e53d67dec	1459	-1	-1	512	-1	1	1	0	none	-1	-	-	-	1	1	replay	none	690	4.0239
880	1788554051719638482	0x7f42530c63b0	1	0fdbf3977c990123	d3c2881e53d67dec	1459	-1	-1	512	-1	1	1	0	none	-1	-	-	-	1	1	replay	none	710	4.0452
881	1788554051724826408	0x7f42530c63b0	1	0fdbf3977c990123	d3c2881e53d67dec	1459	-1	-1	512	-1	1	1	0	none	-1	-	-	-	1	1	replay	none	672	3.8560
882	1788554051729838884	0x7f42530c63b0	1	0fdbf3977c990123	d3c2881e53d67dec	1459	-1	-1	512	-1	1	1	0	none	-1	-	-	-	1	1	replay	none	707	3.9927
883	1788554051735034665	0x7f42530c63b0	1	0fdbf3977c990123	d3c2881e53d67dec	1459	-1	-1	512	-1	1	1	0	none	-1	-	-	-	1	1	replay	none	651	3.9370
884	1788554051740274478	0x7f42530c63b0	1	0fdbf3977c990123	d3c2881e53d67dec	1459	-1	-1	512	-1	1	1	0	none	-1	-	-	-	1	1	replay	none	767	4.1010
885	1788554051745740777	0x7f42530c63b0	1	0fdbf3977c990123	d3c2881e53d67dec	1459	-1	-1	512	-1	1	1	0	none	-1	-	-	-	1	1	replay	none	745	4.0359
886	1788554051751108160	0x7f42530c63b0	1	0fdbf3977c990123	d3c2881e53d67dec	1459	-1	-1	512	-1	1	1	0	none	-1	-	-	-	1	1	replay	none	727	3.7966
887	1788554051757876805	0x7f42530c63b0	1	0fdbf3977c990123	d3c2881e53d67dec	1459	-1	-1	512	-1	1	1	0	none	-1	-	-	-	1	1	replay	none	687	4.1005
888	1788554051763162154	0x7f42530c63b0	1	0fdbf3977c990123	d3c2881e53d67dec	1459	-1	-1	512	-1	1	1	0	none	-1	-	-	-	1	1	replay	none	698	4.0827
889	1788554051768935911	0x7f42530c63b0	1	0fdbf3977c990123	d3c2881e53d67dec	1459	-1	-1	512	-1	1	1	0	none	-1	-	-	-	1	1	replay	none	770	3.8636
890	1788554051774237650	0x7f42530c63b0	1	0fdbf3977c990123	d3c2881e53d67dec	1459	-1	-1	512	-1	1	1	0	none	-1	-	-	-	1	1	replay	none	717	3.9852
891	1788554051779415788	0x7f42530c63b0	1	0fdbf3977c990123	d3c2881e53d67dec	1459	-1	-1	512	-1	1	1	0	none	-1	-	-	-	1	1	replay	none	692	3.7648
892	1788554051784409439	0x7f42530c63b0	1	0fdbf3977c990123	d3c2881e53d67dec	1459	-1	-1	512	-1	1	1	0	none	-1	-	-	-	1	1	replay	none	646	3.9918
893	1788554051789598427	0x7f42530c63b0	1	0fdbf3977c990123	d3c2881e53d67dec	1459	-1	-1	512	-1	1	1	0	none	-1	-	-	-	1	1	replay	none	682	4.0342
894	1788554051794872685	0x7f42530c63b0	1	0fdbf3977c990123	d3c2881e53d67dec	1459	-1	-1	512	-1	1	1	0	none	-1	-	-	-	1	1	replay	none	731	3.8431
895	1788554051799984107	0x7f42530c63b0	1	0fdbf3977c990123	d3c2881e53d67dec	1459	-1	-1	512	-1	1	1	0	none	-1	-	-	-	1	1	replay	none	651	3.8283
896	1788554051804994830	0x7f42530c63b0	1	0fdbf3977c990123	d3c2881e53d67dec	1459	-1	-1	512	-1	1	1	0	none	-1	-	-	-	1	1	replay	none	717	3.8790
897	1788554051809998500	0x7f42530c63b0	1	0fdbf3977c990123	d3c2881e53d67dec	1459	-1	-1	512	-1	1	1	0	none	-1	-	-	-	1	1	replay	none	1091	4.0310
898	1788554051815935583	0x7f42530c63b0	1	0fdbf3977c990123	d3c2881e53d67dec	1459	-1	-1	512	-1	1	1	0	none	-1	-	-	-	1	1	replay	none	754	3.7896
899	1788554051821037948	0x7f42530c63b0	1	0fdbf3977c990123	d3c2881e53d67dec	1459	-1	-1	512	-1	1	1	0	none	-1	-	-	-	1	1	replay	none	729	4.0278
900	1788554051826367881	0x7f42530c63b0	1	0fdbf3977c990123	d3c2881e53d67dec	1459	-1	-1	512	-1	1	1	0	none	-1	-	-	-	1	1	replay	none	735	4.0433
901	1788554051831709686	0x7f42530c63b0	1	0fdbf3977c990123	d3c2881e53d67dec	1459	-1	-1	512	-1	1	1	0	none	-1	-	-	-	1	1	replay	none	729	3.8213
902	1788554051836828742	0x7f42530c63b0	1	0fdbf3977c990123	d3c2881e53d67dec	1459	-1	-1	512	-1	1	1	0	none	-1	-	-	-	1	1	replay	none	773	4.0477
903	1788554051842226232	0x7f42530c63b0	1	0fdbf3977c990123	d3c2881e53d67dec	1459	-1	-1	512	-1	1	1	0	none	-1	-	-	-	1	1	replay	none	749	4.0034
904	1788554051847492625	0x7f42530c63b0	1	0fdbf3977c990123	d3c2881e53d67dec	1459	-1	-1	512	-1	1	1	0	none	-1	-	-	-	1	1	replay	none	750	3.9930
905	1788554051852756684	0x7f42530c63b0	1	0fdbf3977c990123	d3c2881e53d67dec	1459	-1	-1	512	-1	1	1	0	none	-1	-	-	-	1	1	replay	none	733	4.0607
906	1788554051858129808	0x7f42530c63b0	1	0fdbf3977c990123	d3c2881e53d67dec	1459	-1	-1	512	-1	1	1	0	none	-1	-	-	-	1	1	replay	none	728	3.9909
907	1788554051863498313	0x7f42530c63b0	1	0fdbf3977c990123	d3c2881e53d67dec	1459	-1	-1	512	-1	1	1	0	none	-1	-	-	-	1	1	replay	none	754	4.0556
908	1788554051868800464	0x7f42530c63b0	1	0fdbf3977c990123	d3c2881e53d67dec	1459	-1	-1	512	-1	1	1	0	none	-1	-	-	-	1	1	replay	none	757	4.0852
909	1788554051874185480	0x7f42530c63b0	1	0fdbf3977c990123	d3c2881e53d67dec	1459	-1	-1	512	-1	1	1	0	none	-1	-	-	-	1	1	replay	none	738	4.0286
910	1788554051879530170	0x7f42530c63b0	1	0fdbf3977c990123	d3c2881e53d67dec	1459	-1	-1	512	-1	1	1	0	none	-1	-	-	-	1	1	replay	none	744	3.7715
911	1788554051884727664	0x7f42530c63b0	1	0fdbf3977c990123	d3c2881e53d67dec	1459	-1	-1	512	-1	1	1	0	none	-1	-	-	-	1	1	replay	none	727	3.7591
912	1788554051889819569	0x7f42530c63b0	1	0fdbf3977c990123	d3c2881e53d67dec	1459	-1	-1	512	-1	1	1	0	none	-1	-	-	-	1	1	replay	none	753	3.9593
913	1788554052410438199	0x7f42530c63b0	1	5e879b663492f411	da6dad2d538c7885	1459	-1	-1	256	-1	1	1	1	structure	0	GET_ROWS	model.input_embed	shape,data	1	0	direct	none	5150	5.4099
914	1788554052418170905	0x7f42530c63b0	1	0fdbf3977c990123	d3c2881e53d67dec	1459	-1	-1	512	-1	1	1	1	structure	0	GET_ROWS	model.input_embed	shape,data	0	0	direct	none	4383	4.7134
915	1788554052424207335	0x7f42530c63b0	1	0fdbf3977c990123	d3c2881e53d67dec	1459	-1	-1	512	-1	1	1	0	none	-1	-	-	-	0	1	capture	update	3251	6.3209
916	1788554052431912660	0x7f42530c63b0	1	0fdbf3977c990123	d3c2881e53d67dec	1459	-1	-1	512	-1	1	1	0	none	-1	-	-	-	1	1	replay	none	836	3.9306
917	1788554052437473446	0x7f42530c63b0	1	0fdbf3977c990123	d3c2881e53d67dec	1459	-1	-1	512	-1	1	1	0	none	-1	-	-	-	1	1	replay	none	786	3.9880
918	1788554052442823817	0x7f42530c63b0	1	0fdbf3977c990123	d3c2881e53d67dec	1459	-1	-1	512	-1	1	1	0	none	-1	-	-	-	1	1	replay	none	784	4.0074
919	1788554052448153009	0x7f42530c63b0	1	0fdbf3977c990123	d3c2881e53d67dec	1459	-1	-1	512	-1	1	1	0	none	-1	-	-	-	1	1	replay	none	706	3.7735
920	1788554052453260143	0x7f42530c63b0	1	0fdbf3977c990123	d3c2881e53d67dec	1459	-1	-1	512	-1	1	1	0	none	-1	-	-	-	1	1	replay	none	720	3.7682
921	1788554052458301684	0x7f42530c63b0	1	0fdbf3977c990123	d3c2881e53d67dec	1459	-1	-1	512	-1	1	1	0	none	-1	-	-	-	1	1	replay	none	728	3.7742
922	1788554052463276209	0x7f42530c63b0	1	0fdbf3977c990123	d3c2881e53d67dec	1459	-1	-1	512	-1	1	1	0	none	-1	-	-	-	1	1	replay	none	1105	3.8587
923	1788554052468790027	0x7f42530c63b0	1	0fdbf3977c990123	d3c2881e53d67dec	1459	-1	-1	512	-1	1	1	0	none	-1	-	-	-	1	1	replay	none	724	4.2108
924	1788554052474443888	0x7f42530c63b0	1	0fdbf3977c990123	d3c2881e53d67dec	1459	-1	-1	512	-1	1	1	0	none	-1	-	-	-	1	1	replay	none	708	4.0352
925	1788554052479759053	0x7f42530c63b0	1	0fdbf3977c990123	d3c2881e53d67dec	1459	-1	-1	512	-1	1	1	0	none	-1	-	-	-	1	1	replay	none	706	4.0226
926	1788554052485010899	0x7f42530c63b0	1	0fdbf3977c990123	d3c2881e53d67dec	1459	-1	-1	512	-1	1	1	0	none	-1	-	-	-	1	1	replay	none	701	3.9809
927	1788554052490268706	0x7f42530c63b0	1	0fdbf3977c990123	d3c2881e53d67dec	1459	-1	-1	512	-1	1	1	0	none	-1	-	-	-	1	1	replay	none	700	3.7941
928	1788554052495313563	0x7f42530c63b0	1	0fdbf3977c990123	d3c2881e53d67dec	1459	-1	-1	512	-1	1	1	0	none	-1	-	-	-	1	1	replay	none	764	3.7567
929	1788554052500309829	0x7f42530c63b0	1	0fdbf3977c990123	d3c2881e53d67dec	1459	-1	-1	512	-1	1	1	0	none	-1	-	-	-	1	1	replay	none	701	4.0307
930	1788554052505620906	0x7f42530c63b0	1	0fdbf3977c990123	d3c2881e53d67dec	1459	-1	-1	512	-1	1	1	0	none	-1	-	-	-	1	1	replay	none	688	3.8859
931	1788554052510727700	0x7f42530c63b0	1	0fdbf3977c990123	d3c2881e53d67dec	1459	-1	-1	512	-1	1	1	0	none	-1	-	-	-	1	1	replay	none	704	3.9789
932	1788554052515818263	0x7f42530c63b0	1	0fdbf3977c990123	d3c2881e53d67dec	1459	-1	-1	512	-1	1	1	0	none	-1	-	-	-	1	1	replay	none	551	3.7767
933	1788554052520729459	0x7f42530c63b0	1	0fdbf3977c990123	d3c2881e53d67dec	1459	-1	-1	512	-1	1	1	0	none	-1	-	-	-	1	1	replay	none	699	3.7473
934	1788554052525722338	0x7f42530c63b0	1	0fdbf3977c990123	d3c2881e53d67dec	1459	-1	-1	512	-1	1	1	0	none	-1	-	-	-	1	1	replay	none	692	3.9134
935	1788554052530895677	0x7f42530c63b0	1	0fdbf3977c990123	d3c2881e53d67dec	1459	-1	-1	512	-1	1	1	0	none	-1	-	-	-	1	1	replay	none	707	4.1210
936	1788554052536252139	0x7f42530c63b0	1	0fdbf3977c990123	d3c2881e53d67dec	1459	-1	-1	512	-1	1	1	0	none	-1	-	-	-	1	1	replay	none	710	3.7507
937	1788554052541246321	0x7f42530c63b0	1	0fdbf3977c990123	d3c2881e53d67dec	1459	-1	-1	512	-1	1	1	0	none	-1	-	-	-	1	1	replay	none	736	3.7679
938	1788554052546724763	0x7f42530c63b0	1	0fdbf3977c990123	d3c2881e53d67dec	1459	-1	-1	512	-1	1	1	0	none	-1	-	-	-	1	1	replay	none	660	3.7945
939	1788554052551262968	0x7f42530c63b0	1	da7570afdbb81394	b11e6ad39340ff34	1459	-1	-1	256	-1	1	1	1	structure	0	GET_ROWS	model.input_embed	shape,data	1	0	direct	none	6527	17.3054
940	1788554052575244980	0x7f42530c63b0	1	0fdbf3977c990123	d3c2881e53d67dec	1459	-1	-1	512	-1	1	1	1	structure	0	GET_ROWS	model.input_embed	shape,data	0	0	direct	none	4429	4.7720
941	1788554052580845361	0x7f42530c63b0	1	802ba1f19f5ea689	83e51ade51eb3baf	1459	-1	-1	256	-1	1	1	1	structure	0	GET_ROWS	model.input_embed	shape,data	0	0	direct	none	4616	5.1539
942	1788554052588734952	0x7f42530c63b0	1	d702fd6fe588b6cb	5f0c85a409d6545f	1459	-1	-1	512	-1	1	1	1	structure	0	GET_ROWS	model.input_embed	shape,data	0	0	direct	none	4634	5.0150
943	1788554052595394653	0x7f42530c63b0	1	d702fd6fe588b6cb	5f0c85a409d6545f	1459	-1	-1	512	-1	1	1	0	none	-1	-	-	-	0	1	capture	reinstantiate	5849	9.2616
944	1788554052606424252	0x7f42530c63b0	1	d702fd6fe588b6cb	5f0c85a409d6545f	1459	-1	-1	512	-1	1	1	0	none	-1	-	-	-	1	1	replay	none	746	4.1627
945	1788554052612213548	0x7f42530c63b0	1	d702fd6fe588b6cb	5f0c85a409d6545f	1459	-1	-1	512	-1	1	1	0	none	-1	-	-	-	1	1	replay	none	722	4.3891
946	1788554052618201086	0x7f42530c63b0	1	d702fd6fe588b6cb	5f0c85a409d6545f	1459	-1	-1	512	-1	1	1	0	none	-1	-	-	-	1	1	replay	none	707	4.2551
947	1788554052624106189	0x7f42530c63b0	1	d702fd6fe588b6cb	5f0c85a409d6545f	1459	-1	-1	512	-1	1	1	0	none	-1	-	-	-	1	1	replay	none	725	4.2273
948	1788554052629965436	0x7f42530c63b0	1	d702fd6fe588b6cb	5f0c85a409d6545f	1459	-1	-1	512	-1	1	1	0	none	-1	-	-	-	1	1	replay	none	742	4.2864
949	1788554052635966460	0x7f42530c63b0	1	d702fd6fe588b6cb	5f0c85a409d6545f	1459	-1	-1	512	-1	1	1	0	none	-1	-	-	-	1	1	replay	none	783	4.2180
950	1788554052641871783	0x7f42530c63b0	1	d702fd6fe588b6cb	5f0c85a409d6545f	1459	-1	-1	512	-1	1	1	0	none	-1	-	-	-	1	1	replay	none	716	4.2966
951	1788554052647874349	0x7f42530c63b0	1	d702fd6fe588b6cb	5f0c85a409d6545f	1459	-1	-1	512	-1	1	1	0	none	-1	-	-	-	1	1	replay	none	699	4.0678
952	1788554052653535244	0x7f42530c63b0	1	d702fd6fe588b6cb	5f0c85a409d6545f	1459	-1	-1	512	-1	1	1	0	none	-1	-	-	-	1	1	replay	none	699	4.1284
953	1788554052659242084	0x7f42530c63b0	1	d702fd6fe588b6cb	5f0c85a409d6545f	1459	-1	-1	512	-1	1	1	0	none	-1	-	-	-	1	1	replay	none	704	4.1055
954	1788554052664946100	0x7f42530c63b0	1	d702fd6fe588b6cb	5f0c85a409d6545f	1459	-1	-1	512	-1	1	1	0	none	-1	-	-	-	1	1	replay	none	704	4.0871
955	1788554052670700881	0x7f42530c63b0	1	d702fd6fe588b6cb	5f0c85a409d6545f	1459	-1	-1	512	-1	1	1	0	none	-1	-	-	-	1	1	replay	none	707	4.0927
956	1788554052676443629	0x7f42530c63b0	1	d702fd6fe588b6cb	5f0c85a409d6545f	1459	-1	-1	512	-1	1	1	0	none	-1	-	-	-	1	1	replay	none	714	4.0950
957	1788554052682188010	0x7f42530c63b0	1	d702fd6fe588b6cb	5f0c85a409d6545f	1459	-1	-1	512	-1	1	1	0	none	-1	-	-	-	1	1	replay	none	695	4.0951
958	1788554052687877027	0x7f42530c63b0	1	d702fd6fe588b6cb	5f0c85a409d6545f	1459	-1	-1	512	-1	1	1	0	none	-1	-	-	-	1	1	replay	none	709	4.3913
959	1788554052693805354	0x7f42530c63b0	1	d702fd6fe588b6cb	5f0c85a409d6545f	1459	-1	-1	512	-1	1	1	0	none	-1	-	-	-	1	1	replay	none	676	4.3955
960	1788554052699726888	0x7f42530c63b0	1	d702fd6fe588b6cb	5f0c85a409d6545f	1459	-1	-1	512	-1	1	1	0	none	-1	-	-	-	1	1	replay	none	777	4.4660
961	1788554052705859158	0x7f42530c63b0	1	d702fd6fe588b6cb	5f0c85a409d6545f	1459	-1	-1	512	-1	1	1	0	none	-1	-	-	-	1	1	replay	none	716	4.3307
962	1788554052711847307	0x7f42530c63b0	1	d702fd6fe588b6cb	5f0c85a409d6545f	1459	-1	-1	512	-1	1	1	0	none	-1	-	-	-	1	1	replay	none	719	4.2454
963	1788554052717758552	0x7f42530c63b0	1	d702fd6fe588b6cb	5f0c85a409d6545f	1459	-1	-1	512	-1	1	1	0	none	-1	-	-	-	1	1	replay	none	726	4.1812
964	1788554052723572885	0x7f42530c63b0	1	d702fd6fe588b6cb	5f0c85a409d6545f	1459	-1	-1	512	-1	1	1	0	none	-1	-	-	-	1	1	replay	none	696	4.1835
965	1788554052729362851	0x7f42530c63b0	1	d702fd6fe588b6cb	5f0c85a409d6545f	1459	-1	-1	512	-1	1	1	0	none	-1	-	-	-	1	1	replay	none	693	4.2920
966	1788554052735240814	0x7f42530c63b0	1	d702fd6fe588b6cb	5f0c85a409d6545f	1459	-1	-1	512	-1	1	1	0	none	-1	-	-	-	1	1	replay	none	709	4.2814
967	1788554052741199056	0x7f42530c63b0	1	d702fd6fe588b6cb	5f0c85a409d6545f	1459	-1	-1	512	-1	1	1	0	none	-1	-	-	-	1	1	replay	none	700	4.1063
968	1788554052747005975	0x7f42530c63b0	1	d702fd6fe588b6cb	5f0c85a409d6545f	1459	-1	-1	512	-1	1	1	0	none	-1	-	-	-	1	1	replay	none	730	4.0834
969	1788554052752793748	0x7f42530c63b0	1	d702fd6fe588b6cb	5f0c85a409d6545f	1459	-1	-1	512	-1	1	1	0	none	-1	-	-	-	1	1	replay	none	704	4.3336
970	1788554052758759515	0x7f42530c63b0	1	d702fd6fe588b6cb	5f0c85a409d6545f	1459	-1	-1	512	-1	1	1	0	none	-1	-	-	-	1	1	replay	none	707	4.0897
971	1788554052764966495	0x7f42530c63b0	1	d702fd6fe588b6cb	5f0c85a409d6545f	1459	-1	-1	512	-1	1	1	0	none	-1	-	-	-	1	1	replay	none	704	4.0942
972	1788554052770802769	0x7f42530c63b0	1	d702fd6fe588b6cb	5f0c85a409d6545f	1459	-1	-1	512	-1	1	1	0	none	-1	-	-	-	1	1	replay	none	705	4.0634
973	1788554052777971847	0x7f42530c63b0	1	0fdbf3977c990123	d3c2881e53d67dec	1459	-1	-1	512	-1	1	1	1	structure	0	GET_ROWS	model.input_embed	shape,data	1	0	direct	none	4592	5.5585
974	1788554052784752505	0x7f42530c63b0	1	0fdbf3977c990123	d3c2881e53d67dec	1459	-1	-1	512	-1	1	1	0	none	-1	-	-	-	0	1	capture	reinstantiate	5565	8.6310
975	1788554052794695113	0x7f42530c63b0	1	0fdbf3977c990123	d3c2881e53d67dec	1459	-1	-1	512	-1	1	1	0	none	-1	-	-	-	1	1	replay	none	768	4.4102
976	1788554052800739087	0x7f42530c63b0	1	0fdbf3977c990123	d3c2881e53d67dec	1459	-1	-1	512	-1	1	1	0	none	-1	-	-	-	1	1	replay	none	766	3.7885
977	1788554052806236023	0x7f42530c63b0	1	0fdbf3977c990123	d3c2881e53d67dec	1459	-1	-1	512	-1	1	1	0	none	-1	-	-	-	1	1	replay	none	887	4.8973
978	1788554052813017262	0x7f42530c63b0	1	0fdbf3977c990123	d3c2881e53d67dec	1459	-1	-1	512	-1	1	1	0	none	-1	-	-	-	1	1	replay	none	765	3.8492
979	1788554052818164121	0x7f42530c63b0	1	0fdbf3977c990123	d3c2881e53d67dec	1459	-1	-1	512	-1	1	1	0	none	-1	-	-	-	1	1	replay	none	759	4.1298
980	1788554052823582329	0x7f42530c63b0	1	0fdbf3977c990123	d3c2881e53d67dec	1459	-1	-1	512	-1	1	1	0	none	-1	-	-	-	1	1	replay	none	697	4.0353
981	1788554052829054279	0x7f42530c63b0	1	0fdbf3977c990123	d3c2881e53d67dec	1459	-1	-1	512	-1	1	1	0	none	-1	-	-	-	1	1	replay	none	738	4.3413
982	1788554052834772240	0x7f42530c63b0	1	0fdbf3977c990123	d3c2881e53d67dec	1459	-1	-1	512	-1	1	1	0	none	-1	-	-	-	1	1	replay	none	727	4.5085
983	1788554052840570413	0x7f42530c63b0	1	0fdbf3977c990123	d3c2881e53d67dec	1459	-1	-1	512	-1	1	1	0	none	-1	-	-	-	1	1	replay	none	705	3.8422
984	1788554052845671776	0x7f42530c63b0	1	0fdbf3977c990123	d3c2881e53d67dec	1459	-1	-1	512	-1	1	1	0	none	-1	-	-	-	1	1	replay	none	710	3.8598
985	1788554052850764252	0x7f42530c63b0	1	0fdbf3977c990123	d3c2881e53d67dec	1459	-1	-1	512	-1	1	1	0	none	-1	-	-	-	1	1	replay	none	758	3.9126
986	1788554052856183313	0x7f42530c63b0	1	0fdbf3977c990123	d3c2881e53d67dec	1459	-1	-1	512	-1	1	1	0	none	-1	-	-	-	1	1	replay	none	747	4.3358
987	1788554052861720294	0x7f42530c63b0	1	0fdbf3977c990123	d3c2881e53d67dec	1459	-1	-1	512	-1	1	1	0	none	-1	-	-	-	1	1	replay	none	710	4.1097
988	1788554052867153932	0x7f42530c63b0	1	0fdbf3977c990123	d3c2881e53d67dec	1459	-1	-1	512	-1	1	1	0	none	-1	-	-	-	1	1	replay	none	716	4.0930
989	1788554052872504453	0x7f42530c63b0	1	0fdbf3977c990123	d3c2881e53d67dec	1459	-1	-1	512	-1	1	1	0	none	-1	-	-	-	1	1	replay	none	791	4.0966
990	1788554052877924254	0x7f42530c63b0	1	0fdbf3977c990123	d3c2881e53d67dec	1459	-1	-1	512	-1	1	1	0	none	-1	-	-	-	1	1	replay	none	704	4.3205
991	1788554052883474812	0x7f42530c63b0	1	0fdbf3977c990123	d3c2881e53d67dec	1459	-1	-1	512	-1	1	1	0	none	-1	-	-	-	1	1	replay	none	712	4.3368
992	1788554052889102133	0x7f42530c63b0	1	0fdbf3977c990123	d3c2881e53d67dec	1459	-1	-1	512	-1	1	1	0	none	-1	-	-	-	1	1	replay	none	674	3.8223
993	1788554052894102617	0x7f42530c63b0	1	0fdbf3977c990123	d3c2881e53d67dec	1459	-1	-1	512	-1	1	1	0	none	-1	-	-	-	1	1	replay	none	694	3.9614
994	1788554052899717665	0x7f42530c63b0	1	0fdbf3977c990123	d3c2881e53d67dec	1459	-1	-1	512	-1	1	1	0	none	-1	-	-	-	1	1	replay	none	709	4.1155
995	1788554052905058588	0x7f42530c63b0	1	0fdbf3977c990123	d3c2881e53d67dec	1459	-1	-1	512	-1	1	1	0	none	-1	-	-	-	1	1	replay	none	710	4.2892
996	1788554052910619885	0x7f42530c63b0	1	0fdbf3977c990123	d3c2881e53d67dec	1459	-1	-1	512	-1	1	1	0	none	-1	-	-	-	1	1	replay	none	706	4.2737
997	1788554052916178017	0x7f42530c63b0	1	0fdbf3977c990123	d3c2881e53d67dec	1459	-1	-1	512	-1	1	1	0	none	-1	-	-	-	1	1	replay	none	705	4.1807
998	1788554052921609009	0x7f42530c63b0	1	0fdbf3977c990123	d3c2881e53d67dec	1459	-1	-1	512	-1	1	1	0	none	-1	-	-	-	1	1	replay	none	698	4.0517
999	1788554052926904828	0x7f42530c63b0	1	0fdbf3977c990123	d3c2881e53d67dec	1459	-1	-1	512	-1	1	1	0	none	-1	-	-	-	1	1	replay	none	698	3.8612
1000	1788554052931974562	0x7f42530c63b0	1	0fdbf3977c990123	d3c2881e53d67dec	1459	-1	-1	512	-1	1	1	0	none	-1	-	-	-	1	1	replay	none	691	4.3875
1001	1788554052937660573	0x7f42530c63b0	1	0fdbf3977c990123	d3c2881e53d67dec	1459	-1	-1	512	-1	1	1	0	none	-1	-	-	-	1	1	replay	none	734	3.9614
1002	1788554052942885368	0x7f42530c63b0	1	0fdbf3977c990123	d3c2881e53d67dec	1459	-1	-1	512	-1	1	1	0	none	-1	-	-	-	1	1	replay	none	909	3.8912
1003	1788554052948427089	0x7f42530c63b0	1	0fdbf3977c990123	d3c2881e53d67dec	1459	-1	-1	512	-1	1	1	0	none	-1	-	-	-	1	1	replay	none	814	4.1494
1004	1788554052954471815	0x7f42530c63b0	1	0fdbf3977c990123	d3c2881e53d67dec	1459	-1	-1	512	-1	1	1	0	none	-1	-	-	-	1	1	replay	none	726	4.1187
1005	1788554052960095178	0x7f42530c63b0	1	0fdbf3977c990123	d3c2881e53d67dec	1459	-1	-1	512	-1	1	1	0	none	-1	-	-	-	1	1	replay	none	901	4.2128
1006	1788554052965872321	0x7f42530c63b0	1	0fdbf3977c990123	d3c2881e53d67dec	1459	-1	-1	512	-1	1	1	0	none	-1	-	-	-	1	1	replay	none	716	4.3713
1007	1788554052971500875	0x7f42530c63b0	1	0fdbf3977c990123	d3c2881e53d67dec	1459	-1	-1	512	-1	1	1	0	none	-1	-	-	-	1	1	replay	none	709	3.8149
1008	1788554052976568665	0x7f42530c63b0	1	0fdbf3977c990123	d3c2881e53d67dec	1459	-1	-1	512	-1	1	1	0	none	-1	-	-	-	1	1	replay	none	694	4.0127
1009	1788554052981888499	0x7f42530c63b0	1	0fdbf3977c990123	d3c2881e53d67dec	1459	-1	-1	512	-1	1	1	0	none	-1	-	-	-	1	1	replay	none	734	4.1773
1010	1788554052987455557	0x7f42530c63b0	1	0fdbf3977c990123	d3c2881e53d67dec	1459	-1	-1	512	-1	1	1	0	none	-1	-	-	-	1	1	replay	none	749	4.4362
1011	1788554052993222490	0x7f42530c63b0	1	0fdbf3977c990123	d3c2881e53d67dec	1459	-1	-1	512	-1	1	1	0	none	-1	-	-	-	1	1	replay	none	754	4.0629
1012	1788554052998651249	0x7f42530c63b0	1	0fdbf3977c990123	d3c2881e53d67dec	1459	-1	-1	512	-1	1	1	0	none	-1	-	-	-	1	1	replay	none	753	4.1332
1013	1788554053004157803	0x7f42530c63b0	1	0fdbf3977c990123	d3c2881e53d67dec	1459	-1	-1	512	-1	1	1	0	none	-1	-	-	-	1	1	replay	none	763	4.1660
1014	1788554053009931670	0x7f42530c63b0	1	0fdbf3977c990123	d3c2881e53d67dec	1459	-1	-1	512	-1	1	1	0	none	-1	-	-	-	1	1	replay	none	785	4.2272
1015	1788554053015535828	0x7f42530c63b0	1	0fdbf3977c990123	d3c2881e53d67dec	1459	-1	-1	512	-1	1	1	0	none	-1	-	-	-	1	1	replay	none	751	4.3760
1016	1788554053021494822	0x7f42530c63b0	1	0fdbf3977c990123	d3c2881e53d67dec	1459	-1	-1	512	-1	1	1	0	none	-1	-	-	-	1	1	replay	none	755	3.8333
1017	1788554053026954709	0x7f42530c63b0	1	0fdbf3977c990123	d3c2881e53d67dec	1459	-1	-1	512	-1	1	1	0	none	-1	-	-	-	1	1	replay	none	751	3.8384
1018	1788554053033260785	0x7f42530c63b0	1	0fdbf3977c990123	d3c2881e53d67dec	1459	-1	-1	512	-1	1	1	0	none	-1	-	-	-	1	1	replay	none	766	3.9142
1019	1788554053038686858	0x7f42530c63b0	1	0fdbf3977c990123	d3c2881e53d67dec	1459	-1	-1	512	-1	1	1	0	none	-1	-	-	-	1	1	replay	none	751	3.8429
1020	1788554053044012733	0x7f42530c63b0	1	0fdbf3977c990123	d3c2881e53d67dec	1459	-1	-1	512	-1	1	1	0	none	-1	-	-	-	1	1	replay	none	855	4.3315
1021	1788554053049766603	0x7f42530c63b0	1	0fdbf3977c990123	d3c2881e53d67dec	1459	-1	-1	512	-1	1	1	0	none	-1	-	-	-	1	1	replay	none	758	4.4724
1022	1788554053055921445	0x7f42530c63b0	1	0fdbf3977c990123	d3c2881e53d67dec	1459	-1	-1	512	-1	1	1	0	none	-1	-	-	-	1	1	replay	none	791	4.4436
1023	1788554053061998782	0x7f42530c63b0	1	0fdbf3977c990123	d3c2881e53d67dec	1459	-1	-1	512	-1	1	1	0	none	-1	-	-	-	1	1	replay	none	768	4.0717
1024	1788554053067462175	0x7f42530c63b0	1	0fdbf3977c990123	d3c2881e53d67dec	1459	-1	-1	512	-1	1	1	0	none	-1	-	-	-	1	1	replay	none	812	4.1805
1025	1788554053073309500	0x7f42530c63b0	1	0fdbf3977c990123	d3c2881e53d67dec	1459	-1	-1	512	-1	1	1	0	none	-1	-	-	-	1	1	replay	none	847	4.2404
1026	1788554053078961718	0x7f42530c63b0	1	0fdbf3977c990123	d3c2881e53d67dec	1459	-1	-1	512	-1	1	1	0	none	-1	-	-	-	1	1	replay	none	802	4.3252
1027	1788554053084727980	0x7f42530c63b0	1	0fdbf3977c990123	d3c2881e53d67dec	1459	-1	-1	512	-1	1	1	0	none	-1	-	-	-	1	1	replay	none	1065	4.4619
1028	1788554053090788665	0x7f42530c63b0	1	0fdbf3977c990123	d3c2881e53d67dec	1459	-1	-1	512	-1	1	1	0	none	-1	-	-	-	1	1	replay	none	782	4.3762
1029	1788554053096492510	0x7f42530c63b0	1	0fdbf3977c990123	d3c2881e53d67dec	1459	-1	-1	512	-1	1	1	0	none	-1	-	-	-	1	1	replay	none	695	4.0904
1030	1788554053101789151	0x7f42530c63b0	1	0fdbf3977c990123	d3c2881e53d67dec	1459	-1	-1	512	-1	1	1	0	none	-1	-	-	-	1	1	replay	none	658	4.0208
1031	1788554053107201969	0x7f42530c63b0	1	0fdbf3977c990123	d3c2881e53d67dec	1459	-1	-1	512	-1	1	1	0	none	-1	-	-	-	1	1	replay	none	863	3.9154
1032	1788554053112668729	0x7f42530c63b0	1	0fdbf3977c990123	d3c2881e53d67dec	1459	-1	-1	512	-1	1	1	0	none	-1	-	-	-	1	1	replay	none	796	4.2754
1033	1788554053118415655	0x7f42530c63b0	1	0fdbf3977c990123	d3c2881e53d67dec	1459	-1	-1	512	-1	1	1	0	none	-1	-	-	-	1	1	replay	none	783	3.9935
1034	1788554053123791734	0x7f42530c63b0	1	0fdbf3977c990123	d3c2881e53d67dec	1459	-1	-1	512	-1	1	1	0	none	-1	-	-	-	1	1	replay	none	1011	4.1471
1035	1788554053129582542	0x7f42530c63b0	1	0fdbf3977c990123	d3c2881e53d67dec	1459	-1	-1	512	-1	1	1	0	none	-1	-	-	-	1	1	replay	none	703	4.1639
1036	1788554053135012944	0x7f42530c63b0	1	0fdbf3977c990123	d3c2881e53d67dec	1459	-1	-1	512	-1	1	1	0	none	-1	-	-	-	1	1	replay	none	753	4.0516
1037	1788554053140276251	0x7f42530c63b0	1	0fdbf3977c990123	d3c2881e53d67dec	1459	-1	-1	512	-1	1	1	0	none	-1	-	-	-	1	1	replay	none	716	3.7898
1038	1788554053145621873	0x7f42530c63b0	1	0fdbf3977c990123	d3c2881e53d67dec	1459	-1	-1	512	-1	1	1	0	none	-1	-	-	-	1	1	replay	none	725	3.8218
1039	1788554053150703149	0x7f42530c63b0	1	0fdbf3977c990123	d3c2881e53d67dec	1459	-1	-1	512	-1	1	1	0	none	-1	-	-	-	1	1	replay	none	720	3.8275
1040	1788554053155788021	0x7f42530c63b0	1	0fdbf3977c990123	d3c2881e53d67dec	1459	-1	-1	512	-1	1	1	0	none	-1	-	-	-	1	1	replay	none	717	3.9509
1041	1788554053161003910	0x7f42530c63b0	1	0fdbf3977c990123	d3c2881e53d67dec	1459	-1	-1	512	-1	1	1	0	none	-1	-	-	-	1	1	replay	none	701	4.1432
1042	1788554053166385279	0x7f42530c63b0	1	0fdbf3977c990123	d3c2881e53d67dec	1459	-1	-1	512	-1	1	1	0	none	-1	-	-	-	1	1	replay	none	669	3.8898
1043	1788554053681343134	0x7f42530c63b0	1	5e879b663492f411	da6dad2d538c7885	1459	-1	-1	256	-1	1	1	1	structure	0	GET_ROWS	model.input_embed	shape,data	1	0	direct	none	6014	5.9679
1044	1788554053690031135	0x7f42530c63b0	1	0fdbf3977c990123	d3c2881e53d67dec	1459	-1	-1	512	-1	1	1	1	structure	0	GET_ROWS	model.input_embed	shape,data	0	0	direct	none	3824	4.8125
1045	1788554053696081381	0x7f42530c63b0	1	0fdbf3977c990123	d3c2881e53d67dec	1459	-1	-1	512	-1	1	1	0	none	-1	-	-	-	0	1	capture	update	2781	6.1084
1046	1788554053703460884	0x7f42530c63b0	1	0fdbf3977c990123	d3c2881e53d67dec	1459	-1	-1	512	-1	1	1	0	none	-1	-	-	-	1	1	replay	none	789	3.7652
1047	1788554053708636657	0x7f42530c63b0	1	0fdbf3977c990123	d3c2881e53d67dec	1459	-1	-1	512	-1	1	1	0	none	-1	-	-	-	1	1	replay	none	699	3.8191
1048	1788554053713693076	0x7f42530c63b0	1	0fdbf3977c990123	d3c2881e53d67dec	1459	-1	-1	512	-1	1	1	0	none	-1	-	-	-	1	1	replay	none	701	3.7915
1049	1788554053718762829	0x7f42530c63b0	1	0fdbf3977c990123	d3c2881e53d67dec	1459	-1	-1	512	-1	1	1	0	none	-1	-	-	-	1	1	replay	none	1018	3.8526
1050	1788554053724144750	0x7f42530c63b0	1	0fdbf3977c990123	d3c2881e53d67dec	1459	-1	-1	512	-1	1	1	0	none	-1	-	-	-	1	1	replay	none	718	3.8726
1051	1788554053729244360	0x7f42530c63b0	1	0fdbf3977c990123	d3c2881e53d67dec	1459	-1	-1	512	-1	1	1	0	none	-1	-	-	-	1	1	replay	none	642	3.8744
1052	1788554053734207082	0x7f42530c63b0	1	0fdbf3977c990123	d3c2881e53d67dec	1459	-1	-1	512	-1	1	1	0	none	-1	-	-	-	1	1	replay	none	648	3.7888
1053	1788554053739266407	0x7f42530c63b0	1	0fdbf3977c990123	d3c2881e53d67dec	1459	-1	-1	512	-1	1	1	0	none	-1	-	-	-	1	1	replay	none	702	3.7785
1054	1788554053744541426	0x7f42530c63b0	1	0fdbf3977c990123	d3c2881e53d67dec	1459	-1	-1	512	-1	1	1	0	none	-1	-	-	-	1	1	replay	none	695	3.8160
1055	1788554053749511964	0x7f42530c63b0	1	0fdbf3977c990123	d3c2881e53d67dec	1459	-1	-1	512	-1	1	1	0	none	-1	-	-	-	1	1	replay	none	678	4.0444
1056	1788554053754684912	0x7f42530c63b0	1	0fdbf3977c990123	d3c2881e53d67dec	1459	-1	-1	512	-1	1	1	0	none	-1	-	-	-	1	1	replay	none	682	3.8884
1057	1788554053759796474	0x7f42530c63b0	1	0fdbf3977c990123	d3c2881e53d67dec	1459	-1	-1	512	-1	1	1	0	none	-1	-	-	-	1	1	replay	none	660	3.9976
1058	1788554053764860487	0x7f42530c63b0	1	0fdbf3977c990123	d3c2881e53d67dec	1459	-1	-1	512	-1	1	1	0	none	-1	-	-	-	1	1	replay	none	612	4.0862
1059	1788554053770152799	0x7f42530c63b0	1	0fdbf3977c990123	d3c2881e53d67dec	1459	-1	-1	512	-1	1	1	0	none	-1	-	-	-	1	1	replay	none	699	3.8102
1060	1788554053775206413	0x7f42530c63b0	1	0fdbf3977c990123	d3c2881e53d67dec	1459	-1	-1	512	-1	1	1	0	none	-1	-	-	-	1	1	replay	none	730	3.8597
1061	1788554053780396503	0x7f42530c63b0	1	0fdbf3977c990123	d3c2881e53d67dec	1459	-1	-1	512	-1	1	1	0	none	-1	-	-	-	1	1	replay	none	667	4.8069
1062	1788554053787287297	0x7f42530c63b0	1	0fdbf3977c990123	d3c2881e53d67dec	1459	-1	-1	512	-1	1	1	0	none	-1	-	-	-	1	1	replay	none	720	4.0733
1063	1788554053792649300	0x7f42530c63b0	1	0fdbf3977c990123	d3c2881e53d67dec	1459	-1	-1	512	-1	1	1	0	none	-1	-	-	-	1	1	replay	none	724	4.0473
1064	1788554053798087877	0x7f42530c63b0	1	0fdbf3977c990123	d3c2881e53d67dec	1459	-1	-1	512	-1	1	1	0	none	-1	-	-	-	1	1	replay	none	715	4.1316
1065	1788554053803482842	0x7f42530c63b0	1	0fdbf3977c990123	d3c2881e53d67dec	1459	-1	-1	512	-1	1	1	0	none	-1	-	-	-	1	1	replay	none	713	3.9068
1066	1788554053808790693	0x7f42530c63b0	1	0fdbf3977c990123	d3c2881e53d67dec	1459	-1	-1	512	-1	1	1	0	none	-1	-	-	-	1	1	replay	none	653	4.0848
1067	1788554053814150342	0x7f42530c63b0	1	0fdbf3977c990123	d3c2881e53d67dec	1459	-1	-1	512	-1	1	1	0	none	-1	-	-	-	1	1	replay	none	699	3.7929
1068	1788554053819779416	0x7f42530c63b0	1	0fdbf3977c990123	d3c2881e53d67dec	1459	-1	-1	512	-1	1	1	0	none	-1	-	-	-	1	1	replay	none	769	3.8718
1069	1788554053824489434	0x7f42530c63b0	1	da7570afdbb81394	b11e6ad39340ff34	1459	-1	-1	256	-1	1	1	1	structure	0	GET_ROWS	model.input_embed	shape,data	1	0	direct	none	5387	17.1900
1070	1788554053849585369	0x7f42530c63b0	1	0fdbf3977c990123	d3c2881e53d67dec	1459	-1	-1	512	-1	1	1	1	structure	0	GET_ROWS	model.input_embed	shape,data	0	0	direct	none	4465	4.8537
1071	1788554053855251934	0x7f42530c63b0	1	802ba1f19f5ea689	83e51ade51eb3baf	1459	-1	-1	256	-1	1	1	1	structure	0	GET_ROWS	model.input_embed	shape,data	0	0	direct	none	4460	5.1204
1072	1788554053863068768	0x7f42530c63b0	1	d702fd6fe588b6cb	5f0c85a409d6545f	1459	-1	-1	512	-1	1	1	1	structure	0	GET_ROWS	model.input_embed	shape,data	0	0	direct	none	4152	4.7325
1073	1788554053869499850	0x7f42530c63b0	1	d702fd6fe588b6cb	5f0c85a409d6545f	1459	-1	-1	512	-1	1	1	0	none	-1	-	-	-	0	1	capture	reinstantiate	5395	8.9948
1074	1788554053880530161	0x7f42530c63b0	1	d702fd6fe588b6cb	5f0c85a409d6545f	1459	-1	-1	512	-1	1	1	0	none	-1	-	-	-	1	1	replay	none	845	4.2528
1075	1788554053886375712	0x7f42530c63b0	1	d702fd6fe588b6cb	5f0c85a409d6545f	1459	-1	-1	512	-1	1	1	0	none	-1	-	-	-	1	1	replay	none	737	4.3006
1076	1788554053892232715	0x7f42530c63b0	1	d702fd6fe588b6cb	5f0c85a409d6545f	1459	-1	-1	512	-1	1	1	0	none	-1	-	-	-	1	1	replay	none	721	4.0612
1077	1788554053898077515	0x7f42530c63b0	1	d702fd6fe588b6cb	5f0c85a409d6545f	1459	-1	-1	512	-1	1	1	0	none	-1	-	-	-	1	1	replay	none	750	4.0678
1078	1788554053903835401	0x7f42530c63b0	1	d702fd6fe588b6cb	5f0c85a409d6545f	1459	-1	-1	512	-1	1	1	0	none	-1	-	-	-	1	1	replay	none	723	4.0670
1079	1788554053909523888	0x7f42530c63b0	1	d702fd6fe588b6cb	5f0c85a409d6545f	1459	-1	-1	512	-1	1	1	0	none	-1	-	-	-	1	1	replay	none	713	4.0653
1080	1788554053915199670	0x7f42530c63b0	1	d702fd6fe588b6cb	5f0c85a409d6545f	1459	-1	-1	512	-1	1	1	0	none	-1	-	-	-	1	1	replay	none	712	4.1100
1081	1788554053920971262	0x7f42530c63b0	1	d702fd6fe588b6cb	5f0c85a409d6545f	1459	-1	-1	512	-1	1	1	0	none	-1	-	-	-	1	1	replay	none	710	4.0806
1082	1788554053927090007	0x7f42530c63b0	1	d702fd6fe588b6cb	5f0c85a409d6545f	1459	-1	-1	512	-1	1	1	0	none	-1	-	-	-	1	1	replay	none	715	4.0883
1083	1788554053933148578	0x7f42530c63b0	1	d702fd6fe588b6cb	5f0c85a409d6545f	1459	-1	-1	512	-1	1	1	0	none	-1	-	-	-	1	1	replay	none	679	4.0694
1084	1788554053938794665	0x7f42530c63b0	1	d702fd6fe588b6cb	5f0c85a409d6545f	1459	-1	-1	512	-1	1	1	0	none	-1	-	-	-	1	1	replay	none	709	4.0922
1085	1788554053944670012	0x7f42530c63b0	1	d702fd6fe588b6cb	5f0c85a409d6545f	1459	-1	-1	512	-1	1	1	0	none	-1	-	-	-	1	1	replay	none	687	4.1127
1086	1788554053950358508	0x7f42530c63b0	1	d702fd6fe588b6cb	5f0c85a409d6545f	1459	-1	-1	512	-1	1	1	0	none	-1	-	-	-	1	1	replay	none	696	4.1437
1087	1788554053956120533	0x7f42530c63b0	1	d702fd6fe588b6cb	5f0c85a409d6545f	1459	-1	-1	512	-1	1	1	0	none	-1	-	-	-	1	1	replay	none	733	4.1707
1088	1788554053962001671	0x7f42530c63b0	1	d702fd6fe588b6cb	5f0c85a409d6545f	1459	-1	-1	512	-1	1	1	0	none	-1	-	-	-	1	1	replay	none	714	4.2140
1089	1788554053967798501	0x7f42530c63b0	1	d702fd6fe588b6cb	5f0c85a409d6545f	1459	-1	-1	512	-1	1	1	0	none	-1	-	-	-	1	1	replay	none	719	4.1883
1090	1788554053973648881	0x7f42530c63b0	1	d702fd6fe588b6cb	5f0c85a409d6545f	1459	-1	-1	512	-1	1	1	0	none	-1	-	-	-	1	1	replay	none	712	4.0715
1091	1788554053979283155	0x7f42530c63b0	1	d702fd6fe588b6cb	5f0c85a409d6545f	1459	-1	-1	512	-1	1	1	0	none	-1	-	-	-	1	1	replay	none	699	4.0554
1092	1788554053984978494	0x7f42530c63b0	1	d702fd6fe588b6cb	5f0c85a409d6545f	1459	-1	-1	512	-1	1	1	0	none	-1	-	-	-	1	1	replay	none	1108	4.3391
1093	1788554053991295542	0x7f42530c63b0	1	d702fd6fe588b6cb	5f0c85a409d6545f	1459	-1	-1	512	-1	1	1	0	none	-1	-	-	-	1	1	replay	none	731	4.2931
1094	1788554053997175117	0x7f42530c63b0	1	d702fd6fe588b6cb	5f0c85a409d6545f	1459	-1	-1	512	-1	1	1	0	none	-1	-	-	-	1	1	replay	none	691	4.0969
1095	1788554054003073517	0x7f42530c63b0	1	d702fd6fe588b6cb	5f0c85a409d6545f	1459	-1	-1	512	-1	1	1	0	none	-1	-	-	-	1	1	replay	none	664	4.0964
1096	1788554054008770610	0x7f42530c63b0	1	d702fd6fe588b6cb	5f0c85a409d6545f	1459	-1	-1	512	-1	1	1	0	none	-1	-	-	-	1	1	replay	none	717	4.3071
1097	1788554054014709156	0x7f42530c63b0	1	d702fd6fe588b6cb	5f0c85a409d6545f	1459	-1	-1	512	-1	1	1	0	none	-1	-	-	-	1	1	replay	none	714	4.0886
1098	1788554054020400698	0x7f42530c63b0	1	d702fd6fe588b6cb	5f0c85a409d6545f	1459	-1	-1	512	-1	1	1	0	none	-1	-	-	-	1	1	replay	none	702	4.0764
1099	1788554054026185014	0x7f42530c63b0	1	d702fd6fe588b6cb	5f0c85a409d6545f	1459	-1	-1	512	-1	1	1	0	none	-1	-	-	-	1	1	replay	none	714	4.0836
1100	1788554054031902284	0x7f42530c63b0	1	d702fd6fe588b6cb	5f0c85a409d6545f	1459	-1	-1	512	-1	1	1	0	none	-1	-	-	-	1	1	replay	none	702	4.1499
1101	1788554054037665000	0x7f42530c63b0	1	d702fd6fe588b6cb	5f0c85a409d6545f	1459	-1	-1	512	-1	1	1	0	none	-1	-	-	-	1	1	replay	none	674	4.3232
1102	1788554054043552630	0x7f42530c63b0	1	d702fd6fe588b6cb	5f0c85a409d6545f	1459	-1	-1	512	-1	1	1	0	none	-1	-	-	-	1	1	replay	none	692	4.3060
1103	1788554054050227660	0x7f42530c63b0	1	0fdbf3977c990123	d3c2881e53d67dec	1459	-1	-1	512	-1	1	1	1	structure	0	GET_ROWS	model.input_embed	shape,data	1	0	direct	none	3918	4.5002
1104	1788554054055918310	0x7f42530c63b0	1	0fdbf3977c990123	d3c2881e53d67dec	1459	-1	-1	512	-1	1	1	0	none	-1	-	-	-	0	1	capture	reinstantiate	5028	8.3715
1105	1788554054065575953	0x7f42530c63b0	1	0fdbf3977c990123	d3c2881e53d67dec	1459	-1	-1	512	-1	1	1	0	none	-1	-	-	-	1	1	replay	none	698	3.8008
1106	1788554054070955929	0x7f42530c63b0	1	0fdbf3977c990123	d3c2881e53d67dec	1459	-1	-1	512	-1	1	1	0	none	-1	-	-	-	1	1	replay	none	728	3.8486
1107	1788554054076062703	0x7f42530c63b0	1	0fdbf3977c990123	d3c2881e53d67dec	1459	-1	-1	512	-1	1	1	0	none	-1	-	-	-	1	1	replay	none	697	3.8145
1108	1788554054081093674	0x7f42530c63b0	1	0fdbf3977c990123	d3c2881e53d67dec	1459	-1	-1	512	-1	1	1	0	none	-1	-	-	-	1	1	replay	none	762	4.1083
1109	1788554054086509427	0x7f42530c63b0	1	0fdbf3977c990123	d3c2881e53d67dec	1459	-1	-1	512	-1	1	1	0	none	-1	-	-	-	1	1	replay	none	675	3.9940
1110	1788554054091753459	0x7f42530c63b0	1	0fdbf3977c990123	d3c2881e53d67dec	1459	-1	-1	512	-1	1	1	0	none	-1	-	-	-	1	1	replay	none	698	3.9198
1111	1788554054097020323	0x7f42530c63b0	1	0fdbf3977c990123	d3c2881e53d67dec	1459	-1	-1	512	-1	1	1	0	none	-1	-	-	-	1	1	replay	none	615	3.7807
1112	1788554054102045513	0x7f42530c63b0	1	0fdbf3977c990123	d3c2881e53d67dec	1459	-1	-1	512	-1	1	1	0	none	-1	-	-	-	1	1	replay	none	620	3.7899
1113	1788554054107172444	0x7f42530c63b0	1	0fdbf3977c990123	d3c2881e53d67dec	1459	-1	-1	512	-1	1	1	0	none	-1	-	-	-	1	1	replay	none	671	3.8020
1114	1788554054112133524	0x7f42530c63b0	1	0fdbf3977c990123	d3c2881e53d67dec	1459	-1	-1	512	-1	1	1	0	none	-1	-	-	-	1	1	replay	none	686	4.0662
1115	1788554054117350084	0x7f42530c63b0	1	0fdbf3977c990123	d3c2881e53d67dec	1459	-1	-1	512	-1	1	1	0	none	-1	-	-	-	1	1	replay	none	685	3.8906
1116	1788554054122529624	0x7f42530c63b0	1	0fdbf3977c990123	d3c2881e53d67dec	1459	-1	-1	512	-1	1	1	0	none	-1	-	-	-	1	1	replay	none	647	3.7675
1117	1788554054127492738	0x7f42530c63b0	1	0fdbf3977c990123	d3c2881e53d67dec	1459	-1	-1	512	-1	1	1	0	none	-1	-	-	-	1	1	replay	none	707	3.7878
1118	1788554054132630730	0x7f42530c63b0	1	0fdbf3977c990123	d3c2881e53d67dec	1459	-1	-1	512	-1	1	1	0	none	-1	-	-	-	1	1	replay	none	721	3.8143
1119	1788554054137595226	0x7f42530c63b0	1	0fdbf3977c990123	d3c2881e53d67dec	1459	-1	-1	512	-1	1	1	0	none	-1	-	-	-	1	1	replay	none	678	4.0784
1120	1788554054142962990	0x7f42530c63b0	1	0fdbf3977c990123	d3c2881e53d67dec	1459	-1	-1	512	-1	1	1	0	none	-1	-	-	-	1	1	replay	none	762	4.0501
1121	1788554054148242057	0x7f42530c63b0	1	0fdbf3977c990123	d3c2881e53d67dec	1459	-1	-1	512	-1	1	1	0	none	-1	-	-	-	1	1	replay	none	657	3.9013
1122	1788554054153291572	0x7f42530c63b0	1	0fdbf3977c990123	d3c2881e53d67dec	1459	-1	-1	512	-1	1	1	0	none	-1	-	-	-	1	1	replay	none	686	3.8259
1123	1788554054158437550	0x7f42530c63b0	1	0fdbf3977c990123	d3c2881e53d67dec	1459	-1	-1	512	-1	1	1	0	none	-1	-	-	-	1	1	replay	none	696	3.8033
1124	1788554054163627720	0x7f42530c63b0	1	0fdbf3977c990123	d3c2881e53d67dec	1459	-1	-1	512	-1	1	1	0	none	-1	-	-	-	1	1	replay	none	683	3.8477
1125	1788554054168635758	0x7f42530c63b0	1	0fdbf3977c990123	d3c2881e53d67dec	1459	-1	-1	512	-1	1	1	0	none	-1	-	-	-	1	1	replay	none	581	4.1195
1126	1788554054173842088	0x7f42530c63b0	1	0fdbf3977c990123	d3c2881e53d67dec	1459	-1	-1	512	-1	1	1	0	none	-1	-	-	-	1	1	replay	none	724	3.9815
1127	1788554054179070250	0x7f42530c63b0	1	0fdbf3977c990123	d3c2881e53d67dec	1459	-1	-1	512	-1	1	1	0	none	-1	-	-	-	1	1	replay	none	687	3.9028
1128	1788554054184187693	0x7f42530c63b0	1	0fdbf3977c990123	d3c2881e53d67dec	1459	-1	-1	512	-1	1	1	0	none	-1	-	-	-	1	1	replay	none	720	3.8054
1129	1788554054189361362	0x7f42530c63b0	1	0fdbf3977c990123	d3c2881e53d67dec	1459	-1	-1	512	-1	1	1	0	none	-1	-	-	-	1	1	replay	none	776	3.7789
1130	1788554054194761907	0x7f42530c63b0	1	0fdbf3977c990123	d3c2881e53d67dec	1459	-1	-1	512	-1	1	1	0	none	-1	-	-	-	1	1	replay	none	698	3.7764
1131	1788554054199732475	0x7f42530c63b0	1	0fdbf3977c990123	d3c2881e53d67dec	1459	-1	-1	512	-1	1	1	0	none	-1	-	-	-	1	1	replay	none	712	4.0351
1132	1788554054204987828	0x7f42530c63b0	1	0fdbf3977c990123	d3c2881e53d67dec	1459	-1	-1	512	-1	1	1	0	none	-1	-	-	-	1	1	replay	none	700	4.0053
1133	1788554054210269069	0x7f42530c63b0	1	0fdbf3977c990123	d3c2881e53d67dec	1459	-1	-1	512	-1	1	1	0	none	-1	-	-	-	1	1	replay	none	698	3.9746
1134	1788554054215540031	0x7f42530c63b0	1	0fdbf3977c990123	d3c2881e53d67dec	1459	-1	-1	512	-1	1	1	0	none	-1	-	-	-	1	1	replay	none	695	3.7928
1135	1788554054220671250	0x7f42530c63b0	1	0fdbf3977c990123	d3c2881e53d67dec	1459	-1	-1	512	-1	1	1	0	none	-1	-	-	-	1	1	replay	none	693	3.7913
1136	1788554054225803962	0x7f42530c63b0	1	0fdbf3977c990123	d3c2881e53d67dec	1459	-1	-1	512	-1	1	1	0	none	-1	-	-	-	1	1	replay	none	735	3.8648
1137	1788554054230914352	0x7f42530c63b0	1	0fdbf3977c990123	d3c2881e53d67dec	1459	-1	-1	512	-1	1	1	0	none	-1	-	-	-	1	1	replay	none	742	4.0336
1138	1788554054236248162	0x7f42530c63b0	1	0fdbf3977c990123	d3c2881e53d67dec	1459	-1	-1	512	-1	1	1	0	none	-1	-	-	-	1	1	replay	none	710	3.9856
1139	1788554054241483036	0x7f42530c63b0	1	0fdbf3977c990123	d3c2881e53d67dec	1459	-1	-1	512	-1	1	1	0	none	-1	-	-	-	1	1	replay	none	704	3.7642
1140	1788554054246571866	0x7f42530c63b0	1	0fdbf3977c990123	d3c2881e53d67dec	1459	-1	-1	512	-1	1	1	0	none	-1	-	-	-	1	1	replay	none	694	3.7928
1141	1788554054251630699	0x7f42530c63b0	1	0fdbf3977c990123	d3c2881e53d67dec	1459	-1	-1	512	-1	1	1	0	none	-1	-	-	-	1	1	replay	none	722	3.7909
1142	1788554054256801022	0x7f42530c63b0	1	0fdbf3977c990123	d3c2881e53d67dec	1459	-1	-1	512	-1	1	1	0	none	-1	-	-	-	1	1	replay	none	703	3.8542
1143	1788554054261867420	0x7f42530c63b0	1	0fdbf3977c990123	d3c2881e53d67dec	1459	-1	-1	512	-1	1	1	0	none	-1	-	-	-	1	1	replay	none	698	3.9409
1144	1788554054267034777	0x7f42530c63b0	1	0fdbf3977c990123	d3c2881e53d67dec	1459	-1	-1	512	-1	1	1	0	none	-1	-	-	-	1	1	replay	none	706	3.9980
1145	1788554054272264992	0x7f42530c63b0	1	0fdbf3977c990123	d3c2881e53d67dec	1459	-1	-1	512	-1	1	1	0	none	-1	-	-	-	1	1	replay	none	711	3.7726
1146	1788554054277407293	0x7f42530c63b0	1	0fdbf3977c990123	d3c2881e53d67dec	1459	-1	-1	512	-1	1	1	0	none	-1	-	-	-	1	1	replay	none	684	3.7730
1147	1788554054282517823	0x7f42530c63b0	1	0fdbf3977c990123	d3c2881e53d67dec	1459	-1	-1	512	-1	1	1	0	none	-1	-	-	-	1	1	replay	none	713	3.7889
1148	1788554054287673098	0x7f42530c63b0	1	0fdbf3977c990123	d3c2881e53d67dec	1459	-1	-1	512	-1	1	1	0	none	-1	-	-	-	1	1	replay	none	696	4.1344
1149	1788554054293153303	0x7f42530c63b0	1	0fdbf3977c990123	d3c2881e53d67dec	1459	-1	-1	512	-1	1	1	0	none	-1	-	-	-	1	1	replay	none	729	4.0211
1150	1788554054298491681	0x7f42530c63b0	1	0fdbf3977c990123	d3c2881e53d67dec	1459	-1	-1	512	-1	1	1	0	none	-1	-	-	-	1	1	replay	none	667	3.9812
1151	1788554054303667865	0x7f42530c63b0	1	0fdbf3977c990123	d3c2881e53d67dec	1459	-1	-1	512	-1	1	1	0	none	-1	-	-	-	1	1	replay	none	705	3.7755
1152	1788554054308768567	0x7f42530c63b0	1	0fdbf3977c990123	d3c2881e53d67dec	1459	-1	-1	512	-1	1	1	0	none	-1	-	-	-	1	1	replay	none	682	3.7837
1153	1788554054313803125	0x7f42530c63b0	1	0fdbf3977c990123	d3c2881e53d67dec	1459	-1	-1	512	-1	1	1	0	none	-1	-	-	-	1	1	replay	none	697	3.8012
1154	1788554054318803719	0x7f42530c63b0	1	0fdbf3977c990123	d3c2881e53d67dec	1459	-1	-1	512	-1	1	1	0	none	-1	-	-	-	1	1	replay	none	696	4.1122
1155	1788554054324059392	0x7f42530c63b0	1	0fdbf3977c990123	d3c2881e53d67dec	1459	-1	-1	512	-1	1	1	0	none	-1	-	-	-	1	1	replay	none	711	3.8728
1156	1788554054329227841	0x7f42530c63b0	1	0fdbf3977c990123	d3c2881e53d67dec	1459	-1	-1	512	-1	1	1	0	none	-1	-	-	-	1	1	replay	none	715	3.8893
1157	1788554054334413222	0x7f42530c63b0	1	0fdbf3977c990123	d3c2881e53d67dec	1459	-1	-1	512	-1	1	1	0	none	-1	-	-	-	1	1	replay	none	687	3.7969
1158	1788554054339360827	0x7f42530c63b0	1	0fdbf3977c990123	d3c2881e53d67dec	1459	-1	-1	512	-1	1	1	0	none	-1	-	-	-	1	1	replay	none	674	4.1032
1159	1788554054344599448	0x7f42530c63b0	1	0fdbf3977c990123	d3c2881e53d67dec	1459	-1	-1	512	-1	1	1	0	none	-1	-	-	-	1	1	replay	none	678	4.0947
1160	1788554054349863917	0x7f42530c63b0	1	0fdbf3977c990123	d3c2881e53d67dec	1459	-1	-1	512	-1	1	1	0	none	-1	-	-	-	1	1	replay	none	709	4.0327
1161	1788554054355176778	0x7f42530c63b0	1	0fdbf3977c990123	d3c2881e53d67dec	1459	-1	-1	512	-1	1	1	0	none	-1	-	-	-	1	1	replay	none	734	3.9970
1162	1788554054360465303	0x7f42530c63b0	1	0fdbf3977c990123	d3c2881e53d67dec	1459	-1	-1	512	-1	1	1	0	none	-1	-	-	-	1	1	replay	none	702	3.7569
1163	1788554054365575192	0x7f42530c63b0	1	0fdbf3977c990123	d3c2881e53d67dec	1459	-1	-1	512	-1	1	1	0	none	-1	-	-	-	1	1	replay	none	702	4.7895
1164	1788554054371846593	0x7f42530c63b0	1	0fdbf3977c990123	d3c2881e53d67dec	1459	-1	-1	512	-1	1	1	0	none	-1	-	-	-	1	1	replay	none	757	3.8998
1165	1788554054377108338	0x7f42530c63b0	1	0fdbf3977c990123	d3c2881e53d67dec	1459	-1	-1	512	-1	1	1	0	none	-1	-	-	-	1	1	replay	none	736	3.8721
1166	1788554054382181208	0x7f42530c63b0	1	0fdbf3977c990123	d3c2881e53d67dec	1459	-1	-1	512	-1	1	1	0	none	-1	-	-	-	1	1	replay	none	720	4.1406
1167	1788554054387546407	0x7f42530c63b0	1	0fdbf3977c990123	d3c2881e53d67dec	1459	-1	-1	512	-1	1	1	0	none	-1	-	-	-	1	1	replay	none	668	4.0936
1168	1788554054392840532	0x7f42530c63b0	1	0fdbf3977c990123	d3c2881e53d67dec	1459	-1	-1	512	-1	1	1	0	none	-1	-	-	-	1	1	replay	none	677	3.9898
1169	1788554054398045259	0x7f42530c63b0	1	0fdbf3977c990123	d3c2881e53d67dec	1459	-1	-1	512	-1	1	1	0	none	-1	-	-	-	1	1	replay	none	683	3.7606
1170	1788554054403069328	0x7f42530c63b0	1	0fdbf3977c990123	d3c2881e53d67dec	1459	-1	-1	512	-1	1	1	0	none	-1	-	-	-	1	1	replay	none	687	3.8040
1171	1788554054408526960	0x7f42530c63b0	1	0fdbf3977c990123	d3c2881e53d67dec	1459	-1	-1	512	-1	1	1	0	none	-1	-	-	-	1	1	replay	none	688	3.7815
1172	1788554054413482840	0x7f42530c63b0	1	0fdbf3977c990123	d3c2881e53d67dec	1459	-1	-1	512	-1	1	1	0	none	-1	-	-	-	1	1	replay	none	713	3.9450
1173	1788554054928823945	0x7f42530c63b0	1	5e879b663492f411	da6dad2d538c7885	1459	-1	-1	256	-1	1	1	1	structure	0	GET_ROWS	model.input_embed	shape,data	1	0	direct	none	5037	5.4467
1174	1788554054936624909	0x7f42530c63b0	1	0fdbf3977c990123	d3c2881e53d67dec	1459	-1	-1	512	-1	1	1	1	structure	0	GET_ROWS	model.input_embed	shape,data	0	0	direct	none	3916	4.5886
1175	1788554054942449421	0x7f42530c63b0	1	0fdbf3977c990123	d3c2881e53d67dec	1459	-1	-1	512	-1	1	1	0	none	-1	-	-	-	0	1	capture	update	3605	6.7436
1176	1788554054950760574	0x7f42530c63b0	1	0fdbf3977c990123	d3c2881e53d67dec	1459	-1	-1	512	-1	1	1	0	none	-1	-	-	-	1	1	replay	none	778	3.8819
1177	1788554054955875393	0x7f42530c63b0	1	0fdbf3977c990123	d3c2881e53d67dec	1459	-1	-1	512	-1	1	1	0	none	-1	-	-	-	1	1	replay	none	1118	4.2872
1178	1788554054961368742	0x7f42530c63b0	1	0fdbf3977c990123	d3c2881e53d67dec	1459	-1	-1	512	-1	1	1	0	none	-1	-	-	-	1	1	replay	none	701	3.9943
1179	1788554054966600891	0x7f42530c63b0	1	0fdbf3977c990123	d3c2881e53d67dec	1459	-1	-1	512	-1	1	1	0	none	-1	-	-	-	1	1	replay	none	866	3.8814
1180	1788554054971851134	0x7f42530c63b0	1	0fdbf3977c990123	d3c2881e53d67dec	1459	-1	-1	512	-1	1	1	0	none	-1	-	-	-	1	1	replay	none	726	3.8398
1181	1788554054976946747	0x7f42530c63b0	1	0fdbf3977c990123	d3c2881e53d67dec	1459	-1	-1	512	-1	1	1	0	none	-1	-	-	-	1	1	replay	none	726	3.8759
1182	1788554054982006813	0x7f42530c63b0	1	0fdbf3977c990123	d3c2881e53d67dec	1459	-1	-1	512	-1	1	1	0	none	-1	-	-	-	1	1	replay	none	715	3.8482
1183	1788554054987007016	0x7f42530c63b0	1	0fdbf3977c990123	d3c2881e53d67dec	1459	-1	-1	512	-1	1	1	0	none	-1	-	-	-	1	1	replay	none	687	4.0526
1184	1788554054992250566	0x7f42530c63b0	1	0fdbf3977c990123	d3c2881e53d67dec	1459	-1	-1	512	-1	1	1	0	none	-1	-	-	-	1	1	replay	none	700	3.9986
1185	1788554054997483657	0x7f42530c63b0	1	0fdbf3977c990123	d3c2881e53d67dec	1459	-1	-1	512	-1	1	1	0	none	-1	-	-	-	1	1	replay	none	665	3.8186
1186	1788554055002749710	0x7f42530c63b0	1	0fdbf3977c990123	d3c2881e53d67dec	1459	-1	-1	512	-1	1	1	0	none	-1	-	-	-	1	1	replay	none	690	4.0536
1187	1788554055008079522	0x7f42530c63b0	1	0fdbf3977c990123	d3c2881e53d67dec	1459	-1	-1	512	-1	1	1	0	none	-1	-	-	-	1	1	replay	none	739	4.0443
1188	1788554055013649065	0x7f42530c63b0	1	0fdbf3977c990123	d3c2881e53d67dec	1459	-1	-1	512	-1	1	1	0	none	-1	-	-	-	1	1	replay	none	756	3.8234
1189	1788554055018738115	0x7f42530c63b0	1	0fdbf3977c990123	d3c2881e53d67dec	1459	-1	-1	512	-1	1	1	0	none	-1	-	-	-	1	1	replay	none	721	4.0685
1190	1788554055024014407	0x7f42530c63b0	1	0fdbf3977c990123	d3c2881e53d67dec	1459	-1	-1	512	-1	1	1	0	none	-1	-	-	-	1	1	replay	none	731	4.0908
1191	1788554055029414862	0x7f42530c63b0	1	0fdbf3977c990123	d3c2881e53d67dec	1459	-1	-1	512	-1	1	1	0	none	-1	-	-	-	1	1	replay	none	875	3.9578
1192	1788554055034769260	0x7f42530c63b0	1	0fdbf3977c990123	d3c2881e53d67dec	1459	-1	-1	512	-1	1	1	0	none	-1	-	-	-	1	1	replay	none	761	3.8084
1193	1788554055039885091	0x7f42530c63b0	1	0fdbf3977c990123	d3c2881e53d67dec	1459	-1	-1	512	-1	1	1	0	none	-1	-	-	-	1	1	replay	none	755	3.8124
1194	1788554055044975854	0x7f42530c63b0	1	0fdbf3977c990123	d3c2881e53d67dec	1459	-1	-1	512	-1	1	1	0	none	-1	-	-	-	1	1	replay	none	761	4.0984
1195	1788554055050549635	0x7f42530c63b0	1	0fdbf3977c990123	d3c2881e53d67dec	1459	-1	-1	512	-1	1	1	0	none	-1	-	-	-	1	1	replay	none	792	3.8309
1196	1788554055055720299	0x7f42530c63b0	1	0fdbf3977c990123	d3c2881e53d67dec	1459	-1	-1	512	-1	1	1	0	none	-1	-	-	-	1	1	replay	none	708	4.1536
1197	1788554055061047727	0x7f42530c63b0	1	0fdbf3977c990123	d3c2881e53d67dec	1459	-1	-1	512	-1	1	1	0	none	-1	-	-	-	1	1	replay	none	679	4.1121
1198	1788554055066698983	0x7f42530c63b0	1	0fdbf3977c990123	d3c2881e53d67dec	1459	-1	-1	512	-1	1	1	0	none	-1	-	-	-	1	1	replay	none	650	4.0181
1199	1788554055071460738	0x7f42530c63b0	1	da7570afdbb81394	b11e6ad39340ff34	1459	-1	-1	256	-1	1	1	1	structure	0	GET_ROWS	model.input_embed	shape,data	1	0	direct	none	5448	17.1764
1200	1788554055094580661	0x7f42530c63b0	1	0fdbf3977c990123	d3c2881e53d67dec	1459	-1	-1	512	-1	1	1	1	structure	0	GET_ROWS	model.input_embed	shape,data	0	0	direct	none	4256	4.7217
1201	1788554055099987658	0x7f42530c63b0	1	802ba1f19f5ea689	83e51ade51eb3baf	1459	-1	-1	256	-1	1	1	1	structure	0	GET_ROWS	model.input_embed	shape,data	0	0	direct	none	3124	4.7449
1202	1788554055107310484	0x7f42530c63b0	1	d702fd6fe588b6cb	5f0c85a409d6545f	1459	-1	-1	512	-1	1	1	1	structure	0	GET_ROWS	model.input_embed	shape,data	0	0	direct	none	4551	5.0220
1203	1788554055114831954	0x7f42530c63b0	1	d702fd6fe588b6cb	5f0c85a409d6545f	1459	-1	-1	512	-1	1	1	0	none	-1	-	-	-	0	1	capture	reinstantiate	5177	8.7995
1204	1788554055125376342	0x7f42530c63b0	1	d702fd6fe588b6cb	5f0c85a409d6545f	1459	-1	-1	512	-1	1	1	0	none	-1	-	-	-	1	1	replay	none	660	4.1351
1205	1788554055130971463	0x7f42530c63b0	1	d702fd6fe588b6cb	5f0c85a409d6545f	1459	-1	-1	512	-1	1	1	0	none	-1	-	-	-	1	1	replay	none	706	4.1872
1206	1788554055136775657	0x7f42530c63b0	1	d702fd6fe588b6cb	5f0c85a409d6545f	1459	-1	-1	512	-1	1	1	0	none	-1	-	-	-	1	1	replay	none	692	4.4204
1207	1788554055142666142	0x7f42530c63b0	1	d702fd6fe588b6cb	5f0c85a409d6545f	1459	-1	-1	512	-1	1	1	0	none	-1	-	-	-	1	1	replay	none	696	4.5106
1208	1788554055148743128	0x7f42530c63b0	1	d702fd6fe588b6cb	5f0c85a409d6545f	1459	-1	-1	512	-1	1	1	0	none	-1	-	-	-	1	1	replay	none	708	4.2879
1209	1788554055154587528	0x7f42530c63b0	1	d702fd6fe588b6cb	5f0c85a409d6545f	1459	-1	-1	512	-1	1	1	0	none	-1	-	-	-	1	1	replay	none	641	4.2577
1210	1788554055160617876	0x7f42530c63b0	1	d702fd6fe588b6cb	5f0c85a409d6545f	1459	-1	-1	512	-1	1	1	0	none	-1	-	-	-	1	1	replay	none	700	5.1366
1211	1788554055167170786	0x7f42530c63b0	1	d702fd6fe588b6cb	5f0c85a409d6545f	1459	-1	-1	512	-1	1	1	0	none	-1	-	-	-	1	1	replay	none	708	4.3174
1212	1788554055172914296	0x7f42530c63b0	1	d702fd6fe588b6cb	5f0c85a409d6545f	1459	-1	-1	512	-1	1	1	0	none	-1	-	-	-	1	1	replay	none	692	4.2907
1213	1788554055178750740	0x7f42530c63b0	1	d702fd6fe588b6cb	5f0c85a409d6545f	1459	-1	-1	512	-1	1	1	0	none	-1	-	-	-	1	1	replay	none	686	4.1090
1214	1788554055184408017	0x7f42530c63b0	1	d702fd6fe588b6cb	5f0c85a409d6545f	1459	-1	-1	512	-1	1	1	0	none	-1	-	-	-	1	1	replay	none	688	4.1008
1215	1788554055190049515	0x7f42530c63b0	1	d702fd6fe588b6cb	5f0c85a409d6545f	1459	-1	-1	512	-1	1	1	0	none	-1	-	-	-	1	1	replay	none	719	4.4937
1216	1788554055196264210	0x7f42530c63b0	1	d702fd6fe588b6cb	5f0c85a409d6545f	1459	-1	-1	512	-1	1	1	0	none	-1	-	-	-	1	1	replay	none	704	4.0606
1217	1788554055201985949	0x7f42530c63b0	1	d702fd6fe588b6cb	5f0c85a409d6545f	1459	-1	-1	512	-1	1	1	0	none	-1	-	-	-	1	1	replay	none	713	4.4631
1218	1788554055208055541	0x7f42530c63b0	1	d702fd6fe588b6cb	5f0c85a409d6545f	1459	-1	-1	512	-1	1	1	0	none	-1	-	-	-	1	1	replay	none	731	4.1036
1219	1788554055213787920	0x7f42530c63b0	1	d702fd6fe588b6cb	5f0c85a409d6545f	1459	-1	-1	512	-1	1	1	0	none	-1	-	-	-	1	1	replay	none	700	4.1236
1220	1788554055219418056	0x7f42530c63b0	1	d702fd6fe588b6cb	5f0c85a409d6545f	1459	-1	-1	512	-1	1	1	0	none	-1	-	-	-	1	1	replay	none	699	4.1222
1221	1788554055225190721	0x7f42530c63b0	1	d702fd6fe588b6cb	5f0c85a409d6545f	1459	-1	-1	512	-1	1	1	0	none	-1	-	-	-	1	1	replay	none	860	4.1316
1222	1788554055230998471	0x7f42530c63b0	1	d702fd6fe588b6cb	5f0c85a409d6545f	1459	-1	-1	512	-1	1	1	0	none	-1	-	-	-	1	1	replay	none	707	4.2958
1223	1788554055236818574	0x7f42530c63b0	1	d702fd6fe588b6cb	5f0c85a409d6545f	1459	-1	-1	512	-1	1	1	0	none	-1	-	-	-	1	1	replay	none	716	4.3577
1224	1788554055242695905	0x7f42530c63b0	1	d702fd6fe588b6cb	5f0c85a409d6545f	1459	-1	-1	512	-1	1	1	0	none	-1	-	-	-	1	1	replay	none	697	4.3089
1225	1788554055248522611	0x7f42530c63b0	1	d702fd6fe588b6cb	5f0c85a409d6545f	1459	-1	-1	512	-1	1	1	0	none	-1	-	-	-	1	1	replay	none	628	4.3509
1226	1788554055254319882	0x7f42530c63b0	1	d702fd6fe588b6cb	5f0c85a409d6545f	1459	-1	-1	512	-1	1	1	0	none	-1	-	-	-	1	1	replay	none	592	4.3342
1227	1788554055260092957	0x7f42530c63b0	1	d702fd6fe588b6cb	5f0c85a409d6545f	1459	-1	-1	512	-1	1	1	0	none	-1	-	-	-	1	1	replay	none	696	4.0654
1228	1788554055265719587	0x7f42530c63b0	1	d702fd6fe588b6cb	5f0c85a409d6545f	1459	-1	-1	512	-1	1	1	0	none	-1	-	-	-	1	1	replay	none	600	4.1040
1229	1788554055271304739	0x7f42530c63b0	1	d702fd6fe588b6cb	5f0c85a409d6545f	1459	-1	-1	512	-1	1	1	0	none	-1	-	-	-	1	1	replay	none	582	4.0724
1230	1788554055276848624	0x7f42530c63b0	1	d702fd6fe588b6cb	5f0c85a409d6545f	1459	-1	-1	512	-1	1	1	0	none	-1	-	-	-	1	1	replay	none	635	4.0745
1231	1788554055282512123	0x7f42530c63b0	1	d702fd6fe588b6cb	5f0c85a409d6545f	1459	-1	-1	512	-1	1	1	0	none	-1	-	-	-	1	1	replay	none	699	4.0865
1232	1788554055288446230	0x7f42530c63b0	1	d702fd6fe588b6cb	5f0c85a409d6545f	1459	-1	-1	512	-1	1	1	0	none	-1	-	-	-	1	1	replay	none	720	4.0955
1233	1788554055294993179	0x7f42530c63b0	1	0fdbf3977c990123	d3c2881e53d67dec	1459	-1	-1	512	-1	1	1	1	structure	0	GET_ROWS	model.input_embed	shape,data	1	0	direct	none	4354	4.7320
1234	1788554055301038406	0x7f42530c63b0	1	0fdbf3977c990123	d3c2881e53d67dec	1459	-1	-1	512	-1	1	1	0	none	-1	-	-	-	0	1	capture	reinstantiate	5219	8.6216
1235	1788554055310896806	0x7f42530c63b0	1	0fdbf3977c990123	d3c2881e53d67dec	1459	-1	-1	512	-1	1	1	0	none	-1	-	-	-	1	1	replay	none	763	4.0522
1236	1788554055316143762	0x7f42530c63b0	1	0fdbf3977c990123	d3c2881e53d67dec	1459	-1	-1	512	-1	1	1	0	none	-1	-	-	-	1	1	replay	none	708	4.0054
1237	1788554055321303726	0x7f42530c63b0	1	0fdbf3977c990123	d3c2881e53d67dec	1459	-1	-1	512	-1	1	1	0	none	-1	-	-	-	1	1	replay	none	691	3.7731
1238	1788554055326282929	0x7f42530c63b0	1	0fdbf3977c990123	d3c2881e53d67dec	1459	-1	-1	512	-1	1	1	0	none	-1	-	-	-	1	1	replay	none	622	3.7812
1239	1788554055331166944	0x7f42530c63b0	1	0fdbf3977c990123	d3c2881e53d67dec	1459	-1	-1	512	-1	1	1	0	none	-1	-	-	-	1	1	replay	none	746	3.8626
1240	1788554055336255403	0x7f42530c63b0	1	0fdbf3977c990123	d3c2881e53d67dec	1459	-1	-1	512	-1	1	1	0	none	-1	-	-	-	1	1	replay	none	709	3.9532
1241	1788554055341423863	0x7f42530c63b0	1	0fdbf3977c990123	d3c2881e53d67dec	1459	-1	-1	512	-1	1	1	0	none	-1	-	-	-	1	1	replay	none	683	3.7658
1242	1788554055346386054	0x7f42530c63b0	1	0fdbf3977c990123	d3c2881e53d67dec	1459	-1	-1	512	-1	1	1	0	none	-1	-	-	-	1	1	replay	none	665	3.7764
1243	1788554055351483841	0x7f42530c63b0	1	0fdbf3977c990123	d3c2881e53d67dec	1459	-1	-1	512	-1	1	1	0	none	-1	-	-	-	1	1	replay	none	686	3.7948
1244	1788554055356655486	0x7f42530c63b0	1	0fdbf3977c990123	d3c2881e53d67dec	1459	-1	-1	512	-1	1	1	0	none	-1	-	-	-	1	1	replay	none	641	4.0750
1245	1788554055361885211	0x7f42530c63b0	1	0fdbf3977c990123	d3c2881e53d67dec	1459	-1	-1	512	-1	1	1	0	none	-1	-	-	-	1	1	replay	none	705	4.1012
1246	1788554055367125806	0x7f42530c63b0	1	0fdbf3977c990123	d3c2881e53d67dec	1459	-1	-1	512	-1	1	1	0	none	-1	-	-	-	1	1	replay	none	683	3.9785
1247	1788554055372272544	0x7f42530c63b0	1	0fdbf3977c990123	d3c2881e53d67dec	1459	-1	-1	512	-1	1	1	0	none	-1	-	-	-	1	1	replay	none	688	3.7658
1248	1788554055377297504	0x7f42530c63b0	1	0fdbf3977c990123	d3c2881e53d67dec	1459	-1	-1	512	-1	1	1	0	none	-1	-	-	-	1	1	replay	none	724	3.8009
1249	1788554055382439944	0x7f42530c63b0	1	0fdbf3977c990123	d3c2881e53d67dec	1459	-1	-1	512	-1	1	1	0	none	-1	-	-	-	1	1	replay	none	673	4.1497
1250	1788554055387932362	0x7f42530c63b0	1	0fdbf3977c990123	d3c2881e53d67dec	1459	-1	-1	512	-1	1	1	0	none	-1	-	-	-	1	1	replay	none	689	3.8983
1251	1788554055393012846	0x7f42530c63b0	1	0fdbf3977c990123	d3c2881e53d67dec	1459	-1	-1	512	-1	1	1	0	none	-1	-	-	-	1	1	replay	none	734	4.1135
1252	1788554055398327260	0x7f42530c63b0	1	0fdbf3977c990123	d3c2881e53d67dec	1459	-1	-1	512	-1	1	1	0	none	-1	-	-	-	1	1	replay	none	710	3.9931
1253	1788554055403489457	0x7f42530c63b0	1	0fdbf3977c990123	d3c2881e53d67dec	1459	-1	-1	512	-1	1	1	0	none	-1	-	-	-	1	1	replay	none	664	3.7624
1254	1788554055408474362	0x7f42530c63b0	1	0fdbf3977c990123	d3c2881e53d67dec	1459	-1	-1	512	-1	1	1	0	none	-1	-	-	-	1	1	replay	none	675	3.7686
1255	1788554055413445831	0x7f42530c63b0	1	0fdbf3977c990123	d3c2881e53d67dec	1459	-1	-1	512	-1	1	1	0	none	-1	-	-	-	1	1	replay	none	669	3.8560
1256	1788554055418424333	0x7f42530c63b0	1	0fdbf3977c990123	d3c2881e53d67dec	1459	-1	-1	512	-1	1	1	0	none	-1	-	-	-	1	1	replay	none	673	4.0939
1257	1788554055423640202	0x7f42530c63b0	1	0fdbf3977c990123	d3c2881e53d67dec	1459	-1	-1	512	-1	1	1	0	none	-1	-	-	-	1	1	replay	none	638	4.0193
1258	1788554055428781841	0x7f42530c63b0	1	0fdbf3977c990123	d3c2881e53d67dec	1459	-1	-1	512	-1	1	1	0	none	-1	-	-	-	1	1	replay	none	687	3.9617
1259	1788554055433948757	0x7f42530c63b0	1	0fdbf3977c990123	d3c2881e53d67dec	1459	-1	-1	512	-1	1	1	0	none	-1	-	-	-	1	1	replay	none	681	3.7920
1260	1788554055438906581	0x7f42530c63b0	1	0fdbf3977c990123	d3c2881e53d67dec	1459	-1	-1	512	-1	1	1	0	none	-1	-	-	-	1	1	replay	none	566	3.8017
1261	1788554055443719262	0x7f42530c63b0	1	0fdbf3977c990123	d3c2881e53d67dec	1459	-1	-1	512	-1	1	1	0	none	-1	-	-	-	1	1	replay	none	624	3.9883
1262	1788554055448808432	0x7f42530c63b0	1	0fdbf3977c990123	d3c2881e53d67dec	1459	-1	-1	512	-1	1	1	0	none	-1	-	-	-	1	1	replay	none	691	4.0016
1263	1788554055453975519	0x7f42530c63b0	1	0fdbf3977c990123	d3c2881e53d67dec	1459	-1	-1	512	-1	1	1	0	none	-1	-	-	-	1	1	replay	none	667	3.8982
1264	1788554055459126876	0x7f42530c63b0	1	0fdbf3977c990123	d3c2881e53d67dec	1459	-1	-1	512	-1	1	1	0	none	-1	-	-	-	1	1	replay	none	674	3.7863
1265	1788554055464040767	0x7f42530c63b0	1	0fdbf3977c990123	d3c2881e53d67dec	1459	-1	-1	512	-1	1	1	0	none	-1	-	-	-	1	1	replay	none	602	3.7935
1266	1788554055468891860	0x7f42530c63b0	1	0fdbf3977c990123	d3c2881e53d67dec	1459	-1	-1	512	-1	1	1	0	none	-1	-	-	-	1	1	replay	none	687	4.1007
1267	1788554055474130531	0x7f42530c63b0	1	0fdbf3977c990123	d3c2881e53d67dec	1459	-1	-1	512	-1	1	1	0	none	-1	-	-	-	1	1	replay	none	692	3.9955
1268	1788554055479339106	0x7f42530c63b0	1	0fdbf3977c990123	d3c2881e53d67dec	1459	-1	-1	512	-1	1	1	0	none	-1	-	-	-	1	1	replay	none	685	3.9065
1269	1788554055484700117	0x7f42530c63b0	1	0fdbf3977c990123	d3c2881e53d67dec	1459	-1	-1	512	-1	1	1	0	none	-1	-	-	-	1	1	replay	none	717	3.7738
1270	1788554055490457583	0x7f42530c63b0	1	0fdbf3977c990123	d3c2881e53d67dec	1459	-1	-1	512	-1	1	1	0	none	-1	-	-	-	1	1	replay	none	693	3.7974
1271	1788554055495418212	0x7f42530c63b0	1	0fdbf3977c990123	d3c2881e53d67dec	1459	-1	-1	512	-1	1	1	0	none	-1	-	-	-	1	1	replay	none	651	3.7898
1272	1788554055500296496	0x7f42530c63b0	1	0fdbf3977c990123	d3c2881e53d67dec	1459	-1	-1	512	-1	1	1	0	none	-1	-	-	-	1	1	replay	none	687	4.1176
1273	1788554055505810454	0x7f42530c63b0	1	0fdbf3977c990123	d3c2881e53d67dec	1459	-1	-1	512	-1	1	1	0	none	-1	-	-	-	1	1	replay	none	693	4.1119
1274	1788554055511113446	0x7f42530c63b0	1	0fdbf3977c990123	d3c2881e53d67dec	1459	-1	-1	512	-1	1	1	0	none	-1	-	-	-	1	1	replay	none	703	4.0276
1275	1788554055516280062	0x7f42530c63b0	1	0fdbf3977c990123	d3c2881e53d67dec	1459	-1	-1	512	-1	1	1	0	none	-1	-	-	-	1	1	replay	none	673	3.7817
1276	1788554055521261580	0x7f42530c63b0	1	0fdbf3977c990123	d3c2881e53d67dec	1459	-1	-1	512	-1	1	1	0	none	-1	-	-	-	1	1	replay	none	694	3.7813
1277	1788554055526264138	0x7f42530c63b0	1	0fdbf3977c990123	d3c2881e53d67dec	1459	-1	-1	512	-1	1	1	0	none	-1	-	-	-	1	1	replay	none	710	3.8471
1278	1788554055531290050	0x7f42530c63b0	1	0fdbf3977c990123	d3c2881e53d67dec	1459	-1	-1	512	-1	1	1	0	none	-1	-	-	-	1	1	replay	none	691	3.8627
1279	1788554055536394138	0x7f42530c63b0	1	0fdbf3977c990123	d3c2881e53d67dec	1459	-1	-1	512	-1	1	1	0	none	-1	-	-	-	1	1	replay	none	679	4.0100
1280	1788554055541610668	0x7f42530c63b0	1	0fdbf3977c990123	d3c2881e53d67dec	1459	-1	-1	512	-1	1	1	0	none	-1	-	-	-	1	1	replay	none	684	3.7527
1281	1788554055546692995	0x7f42530c63b0	1	0fdbf3977c990123	d3c2881e53d67dec	1459	-1	-1	512	-1	1	1	0	none	-1	-	-	-	1	1	replay	none	708	3.7933
1282	1788554055551912270	0x7f42530c63b0	1	0fdbf3977c990123	d3c2881e53d67dec	1459	-1	-1	512	-1	1	1	0	none	-1	-	-	-	1	1	replay	none	689	3.7965
1283	1788554055556867639	0x7f42530c63b0	1	0fdbf3977c990123	d3c2881e53d67dec	1459	-1	-1	512	-1	1	1	0	none	-1	-	-	-	1	1	replay	none	697	4.1624
1284	1788554055562287180	0x7f42530c63b0	1	0fdbf3977c990123	d3c2881e53d67dec	1459	-1	-1	512	-1	1	1	0	none	-1	-	-	-	1	1	replay	none	696	4.0875
1285	1788554055567552501	0x7f42530c63b0	1	0fdbf3977c990123	d3c2881e53d67dec	1459	-1	-1	512	-1	1	1	0	none	-1	-	-	-	1	1	replay	none	688	3.7605
1286	1788554055572528419	0x7f42530c63b0	1	0fdbf3977c990123	d3c2881e53d67dec	1459	-1	-1	512	-1	1	1	0	none	-1	-	-	-	1	1	replay	none	683	3.7981
1287	1788554055577503254	0x7f42530c63b0	1	0fdbf3977c990123	d3c2881e53d67dec	1459	-1	-1	512	-1	1	1	0	none	-1	-	-	-	1	1	replay	none	683	3.7843
1288	1788554055582563631	0x7f42530c63b0	1	0fdbf3977c990123	d3c2881e53d67dec	1459	-1	-1	512	-1	1	1	0	none	-1	-	-	-	1	1	replay	none	670	4.0515
1289	1788554055587802442	0x7f42530c63b0	1	0fdbf3977c990123	d3c2881e53d67dec	1459	-1	-1	512	-1	1	1	0	none	-1	-	-	-	1	1	replay	none	693	4.2193
1290	1788554055593203158	0x7f42530c63b0	1	0fdbf3977c990123	d3c2881e53d67dec	1459	-1	-1	512	-1	1	1	0	none	-1	-	-	-	1	1	replay	none	721	4.0603
1291	1788554055598463630	0x7f42530c63b0	1	0fdbf3977c990123	d3c2881e53d67dec	1459	-1	-1	512	-1	1	1	0	none	-1	-	-	-	1	1	replay	none	685	4.3050
1292	1788554055605490360	0x7f42530c63b0	1	0fdbf3977c990123	d3c2881e53d67dec	1459	-1	-1	512	-1	1	1	0	none	-1	-	-	-	1	1	replay	none	689	3.9994
1293	1788554055610859236	0x7f42530c63b0	1	0fdbf3977c990123	d3c2881e53d67dec	1459	-1	-1	512	-1	1	1	0	none	-1	-	-	-	1	1	replay	none	813	4.0202
1294	1788554055617256013	0x7f42530c63b0	1	0fdbf3977c990123	d3c2881e53d67dec	1459	-1	-1	512	-1	1	1	0	none	-1	-	-	-	1	1	replay	none	1205	4.1066
1295	1788554055624824230	0x7f42530c63b0	1	0fdbf3977c990123	d3c2881e53d67dec	1459	-1	-1	512	-1	1	1	0	none	-1	-	-	-	1	1	replay	none	774	4.1471
1296	1788554055630439679	0x7f42530c63b0	1	0fdbf3977c990123	d3c2881e53d67dec	1459	-1	-1	512	-1	1	1	0	none	-1	-	-	-	1	1	replay	none	676	4.1533
1297	1788554055635765384	0x7f42530c63b0	1	0fdbf3977c990123	d3c2881e53d67dec	1459	-1	-1	512	-1	1	1	0	none	-1	-	-	-	1	1	replay	none	711	3.9695
1298	1788554055640971073	0x7f42530c63b0	1	0fdbf3977c990123	d3c2881e53d67dec	1459	-1	-1	512	-1	1	1	0	none	-1	-	-	-	1	1	replay	none	731	3.7698
1299	1788554055646051748	0x7f42530c63b0	1	0fdbf3977c990123	d3c2881e53d67dec	1459	-1	-1	512	-1	1	1	0	none	-1	-	-	-	1	1	replay	none	733	3.8658
1300	1788554055651300077	0x7f42530c63b0	1	0fdbf3977c990123	d3c2881e53d67dec	1459	-1	-1	512	-1	1	1	0	none	-1	-	-	-	1	1	replay	none	1200	4.0303
1301	1788554055657071058	0x7f42530c63b0	1	0fdbf3977c990123	d3c2881e53d67dec	1459	-1	-1	512	-1	1	1	0	none	-1	-	-	-	1	1	replay	none	750	3.8566
1302	1788554055662268963	0x7f42530c63b0	1	0fdbf3977c990123	d3c2881e53d67dec	1459	-1	-1	512	-1	1	1	0	none	-1	-	-	-	1	1	replay	none	838	4.0938
1303	1788554056177897697	0x7f42530c63b0	1	5e879b663492f411	da6dad2d538c7885	1459	-1	-1	256	-1	1	1	1	structure	0	GET_ROWS	model.input_embed	shape,data	1	0	direct	none	4696	5.2836
1304	1788554056185563689	0x7f42530c63b0	1	0fdbf3977c990123	d3c2881e53d67dec	1459	-1	-1	512	-1	1	1	1	structure	0	GET_ROWS	model.input_embed	shape,data	0	0	direct	none	3847	4.5760
1305	1788554056191407436	0x7f42530c63b0	1	0fdbf3977c990123	d3c2881e53d67dec	1459	-1	-1	512	-1	1	1	0	none	-1	-	-	-	0	1	capture	update	3180	6.5692
1306	1788554056199285696	0x7f42530c63b0	1	0fdbf3977c990123	d3c2881e53d67dec	1459	-1	-1	512	-1	1	1	0	none	-1	-	-	-	1	1	replay	none	763	4.0046
1307	1788554056204571155	0x7f42530c63b0	1	0fdbf3977c990123	d3c2881e53d67dec	1459	-1	-1	512	-1	1	1	0	none	-1	-	-	-	1	1	replay	none	705	3.7740
1308	1788554056209707625	0x7f42530c63b0	1	0fdbf3977c990123	d3c2881e53d67dec	1459	-1	-1	512	-1	1	1	0	none	-1	-	-	-	1	1	replay	none	714	3.7746
1309	1788554056214777980	0x7f42530c63b0	1	0fdbf3977c990123	d3c2881e53d67dec	1459	-1	-1	512	-1	1	1	0	none	-1	-	-	-	1	1	replay	none	729	3.7804
1310	1788554056219856801	0x7f42530c63b0	1	0fdbf3977c990123	d3c2881e53d67dec	1459	-1	-1	512	-1	1	1	0	none	-1	-	-	-	1	1	replay	none	706	4.0488
1311	1788554056225093608	0x7f42530c63b0	1	0fdbf3977c990123	d3c2881e53d67dec	1459	-1	-1	512	-1	1	1	0	none	-1	-	-	-	1	1	replay	none	719	4.0308
1312	1788554056230383185	0x7f42530c63b0	1	0fdbf3977c990123	d3c2881e53d67dec	1459	-1	-1	512	-1	1	1	0	none	-1	-	-	-	1	1	replay	none	711	4.0014
1313	1788554056235647064	0x7f42530c63b0	1	0fdbf3977c990123	d3c2881e53d67dec	1459	-1	-1	512	-1	1	1	0	none	-1	-	-	-	1	1	replay	none	713	3.7670
1314	1788554056240677353	0x7f42530c63b0	1	0fdbf3977c990123	d3c2881e53d67dec	1459	-1	-1	512	-1	1	1	0	none	-1	-	-	-	1	1	replay	none	723	3.8189
1315	1788554056245756625	0x7f42530c63b0	1	0fdbf3977c990123	d3c2881e53d67dec	1459	-1	-1	512	-1	1	1	0	none	-1	-	-	-	1	1	replay	none	711	3.7887
1316	1788554056250738714	0x7f42530c63b0	1	0fdbf3977c990123	d3c2881e53d67dec	1459	-1	-1	512	-1	1	1	0	none	-1	-	-	-	1	1	replay	none	756	4.0765
1317	1788554056256058348	0x7f42530c63b0	1	0fdbf3977c990123	d3c2881e53d67dec	1459	-1	-1	512	-1	1	1	0	none	-1	-	-	-	1	1	replay	none	756	4.0365
1318	1788554056261379514	0x7f42530c63b0	1	0fdbf3977c990123	d3c2881e53d67dec	1459	-1	-1	512	-1	1	1	0	none	-1	-	-	-	1	1	replay	none	771	3.9969
1319	1788554056266707152	0x7f42530c63b0	1	0fdbf3977c990123	d3c2881e53d67dec	1459	-1	-1	512	-1	1	1	0	none	-1	-	-	-	1	1	replay	none	686	3.8995
1320	1788554056271797044	0x7f42530c63b0	1	0fdbf3977c990123	d3c2881e53d67dec	1459	-1	-1	512	-1	1	1	0	none	-1	-	-	-	1	1	replay	none	706	3.7903
1321	1788554056276794702	0x7f42530c63b0	1	0fdbf3977c990123	d3c2881e53d67dec	1459	-1	-1	512	-1	1	1	0	none	-1	-	-	-	1	1	replay	none	679	3.8024
1322	1788554056281747807	0x7f42530c63b0	1	0fdbf3977c990123	d3c2881e53d67dec	1459	-1	-1	512	-1	1	1	0	none	-1	-	-	-	1	1	replay	none	776	4.0213
1323	1788554056287067350	0x7f42530c63b0	1	0fdbf3977c990123	d3c2881e53d67dec	1459	-1	-1	512	-1	1	1	0	none	-1	-	-	-	1	1	replay	none	714	4.0097
1324	1788554056292262690	0x7f42530c63b0	1	0fdbf3977c990123	d3c2881e53d67dec	1459	-1	-1	512	-1	1	1	0	none	-1	-	-	-	1	1	replay	none	708	3.9902
1325	1788554056297494889	0x7f42530c63b0	1	0fdbf3977c990123	d3c2881e53d67dec	1459	-1	-1	512	-1	1	1	0	none	-1	-	-	-	1	1	replay	none	682	3.7977
1326	1788554056302600911	0x7f42530c63b0	1	0fdbf3977c990123	d3c2881e53d67dec	1459	-1	-1	512	-1	1	1	0	none	-1	-	-	-	1	1	replay	none	697	3.7940
1327	1788554056307694891	0x7f42530c63b0	1	0fdbf3977c990123	d3c2881e53d67dec	1459	-1	-1	512	-1	1	1	0	none	-1	-	-	-	1	1	replay	none	739	3.8356
1328	1788554056313176428	0x7f42530c63b0	1	0fdbf3977c990123	d3c2881e53d67dec	1459	-1	-1	512	-1	1	1	0	none	-1	-	-	-	1	1	replay	none	777	4.1078
1329	1788554056318152756	0x7f42530c63b0	1	da7570afdbb81394	b11e6ad39340ff34	1459	-1	-1	256	-1	1	1	1	structure	0	GET_ROWS	model.input_embed	shape,data	1	0	direct	none	6086	17.1629
1330	1788554056342053636	0x7f42530c63b0	1	0fdbf3977c990123	d3c2881e53d67dec	1459	-1	-1	512	-1	1	1	1	structure	0	GET_ROWS	model.input_embed	shape,data	0	0	direct	none	3943	4.5937
1331	1788554056347580368	0x7f42530c63b0	1	802ba1f19f5ea689	83e51ade51eb3baf	1459	-1	-1	256	-1	1	1	1	structure	0	GET_ROWS	model.input_embed	shape,data	0	0	direct	none	4690	5.0544
1332	1788554056355394257	0x7f42530c63b0	1	d702fd6fe588b6cb	5f0c85a409d6545f	1459	-1	-1	512	-1	1	1	1	structure	0	GET_ROWS	model.input_embed	shape,data	0	0	direct	none	4673	5.2487
1333	1788554056362368970	0x7f42530c63b0	1	d702fd6fe588b6cb	5f0c85a409d6545f	1459	-1	-1	512	-1	1	1	0	none	-1	-	-	-	0	1	capture	reinstantiate	6274	9.7986
1334	1788554056374134282	0x7f42530c63b0	1	d702fd6fe588b6cb	5f0c85a409d6545f	1459	-1	-1	512	-1	1	1	0	none	-1	-	-	-	1	1	replay	none	864	4.0614
1335	1788554056380110619	0x7f42530c63b0	1	d702fd6fe588b6cb	5f0c85a409d6545f	1459	-1	-1	512	-1	1	1	0	none	-1	-	-	-	1	1	replay	none	805	4.0676
1336	1788554056385910564	0x7f42530c63b0	1	d702fd6fe588b6cb	5f0c85a409d6545f	1459	-1	-1	512	-1	1	1	0	none	-1	-	-	-	1	1	replay	none	716	4.2852
1337	1788554056391796862	0x7f42530c63b0	1	d702fd6fe588b6cb	5f0c85a409d6545f	1459	-1	-1	512	-1	1	1	0	none	-1	-	-	-	1	1	replay	none	717	4.1828
1338	1788554056397623778	0x7f42530c63b0	1	d702fd6fe588b6cb	5f0c85a409d6545f	1459	-1	-1	512	-1	1	1	0	none	-1	-	-	-	1	1	replay	none	615	4.0882
1339	1788554056403226734	0x7f42530c63b0	1	d702fd6fe588b6cb	5f0c85a409d6545f	1459	-1	-1	512	-1	1	1	0	none	-1	-	-	-	1	1	replay	none	727	4.1118
1340	1788554056408978519	0x7f42530c63b0	1	d702fd6fe588b6cb	5f0c85a409d6545f	1459	-1	-1	512	-1	1	1	0	none	-1	-	-	-	1	1	replay	none	737	4.3529
1341	1788554056414917496	0x7f42530c63b0	1	d702fd6fe588b6cb	5f0c85a409d6545f	1459	-1	-1	512	-1	1	1	0	none	-1	-	-	-	1	1	replay	none	735	4.3663
1342	1788554056421040007	0x7f42530c63b0	1	d702fd6fe588b6cb	5f0c85a409d6545f	1459	-1	-1	512	-1	1	1	0	none	-1	-	-	-	1	1	replay	none	759	4.0923
1343	1788554056426757087	0x7f42530c63b0	1	d702fd6fe588b6cb	5f0c85a409d6545f	1459	-1	-1	512	-1	1	1	0	none	-1	-	-	-	1	1	replay	none	753	4.3663
1344	1788554056432772728	0x7f42530c63b0	1	d702fd6fe588b6cb	5f0c85a409d6545f	1459	-1	-1	512	-1	1	1	0	none	-1	-	-	-	1	1	replay	none	749	4.3343
1345	1788554056438699742	0x7f42530c63b0	1	d702fd6fe588b6cb	5f0c85a409d6545f	1459	-1	-1	512	-1	1	1	0	none	-1	-	-	-	1	1	replay	none	697	4.3128
1346	1788554056444648087	0x7f42530c63b0	1	d702fd6fe588b6cb	5f0c85a409d6545f	1459	-1	-1	512	-1	1	1	0	none	-1	-	-	-	1	1	replay	none	766	4.3502
1347	1788554056450567837	0x7f42530c63b0	1	d702fd6fe588b6cb	5f0c85a409d6545f	1459	-1	-1	512	-1	1	1	0	none	-1	-	-	-	1	1	replay	none	704	4.2751
1348	1788554056456533504	0x7f42530c63b0	1	d702fd6fe588b6cb	5f0c85a409d6545f	1459	-1	-1	512	-1	1	1	0	none	-1	-	-	-	1	1	replay	none	746	4.3155
1349	1788554056462652569	0x7f42530c63b0	1	d702fd6fe588b6cb	5f0c85a409d6545f	1459	-1	-1	512	-1	1	1	0	none	-1	-	-	-	1	1	replay	none	700	4.2361
1350	1788554056468481289	0x7f42530c63b0	1	d702fd6fe588b6cb	5f0c85a409d6545f	1459	-1	-1	512	-1	1	1	0	none	-1	-	-	-	1	1	replay	none	712	4.2492
1351	1788554056474343161	0x7f42530c63b0	1	d702fd6fe588b6cb	5f0c85a409d6545f	1459	-1	-1	512	-1	1	1	0	none	-1	-	-	-	1	1	replay	none	772	4.2284
1352	1788554056480214080	0x7f42530c63b0	1	d702fd6fe588b6cb	5f0c85a409d6545f	1459	-1	-1	512	-1	1	1	0	none	-1	-	-	-	1	1	replay	none	708	4.0678
1353	1788554056486158787	0x7f42530c63b0	1	d702fd6fe588b6cb	5f0c85a409d6545f	1459	-1	-1	512	-1	1	1	0	none	-1	-	-	-	1	1	replay	none	737	4.2813
1354	1788554056492050465	0x7f42530c63b0	1	d702fd6fe588b6cb	5f0c85a409d6545f	1459	-1	-1	512	-1	1	1	0	none	-1	-	-	-	1	1	replay	none	740	4.9078
1355	1788554056498665422	0x7f42530c63b0	1	d702fd6fe588b6cb	5f0c85a409d6545f	1459	-1	-1	512	-1	1	1	0	none	-1	-	-	-	1	1	replay	none	693	4.3147
1356	1788554056504530640	0x7f42530c63b0	1	d702fd6fe588b6cb	5f0c85a409d6545f	1459	-1	-1	512	-1	1	1	0	none	-1	-	-	-	1	1	replay	none	712	4.0923
1357	1788554056510378686	0x7f42530c63b0	1	d702fd6fe588b6cb	5f0c85a409d6545f	1459	-1	-1	512	-1	1	1	0	none	-1	-	-	-	1	1	replay	none	710	4.2519
1358	1788554056516253262	0x7f42530c63b0	1	d702fd6fe588b6cb	5f0c85a409d6545f	1459	-1	-1	512	-1	1	1	0	none	-1	-	-	-	1	1	replay	none	710	4.2433
1359	1788554056522126846	0x7f42530c63b0	1	d702fd6fe588b6cb	5f0c85a409d6545f	1459	-1	-1	512	-1	1	1	0	none	-1	-	-	-	1	1	replay	none	748	4.1111
1360	1788554056527893539	0x7f42530c63b0	1	d702fd6fe588b6cb	5f0c85a409d6545f	1459	-1	-1	512	-1	1	1	0	none	-1	-	-	-	1	1	replay	none	744	4.3904
1361	1788554056534094598	0x7f42530c63b0	1	d702fd6fe588b6cb	5f0c85a409d6545f	1459	-1	-1	512	-1	1	1	0	none	-1	-	-	-	1	1	replay	none	785	4.1517
1362	1788554056540036981	0x7f42530c63b0	1	d702fd6fe588b6cb	5f0c85a409d6545f	1459	-1	-1	512	-1	1	1	0	none	-1	-	-	-	1	1	replay	none	776	4.2079
1363	1788554056546810336	0x7f42530c63b0	1	0fdbf3977c990123	d3c2881e53d67dec	1459	-1	-1	512	-1	1	1	1	structure	0	GET_ROWS	model.input_embed	shape,data	1	0	direct	none	3678	4.4649
1364	1788554056552485958	0x7f42530c63b0	1	0fdbf3977c990123	d3c2881e53d67dec	1459	-1	-1	512	-1	1	1	0	none	-1	-	-	-	0	1	capture	reinstantiate	4528	7.6694
1365	1788554056561544946	0x7f42530c63b0	1	0fdbf3977c990123	d3c2881e53d67dec	1459	-1	-1	512	-1	1	1	0	none	-1	-	-	-	1	1	replay	none	720	3.9956
1366	1788554056566910736	0x7f42530c63b0	1	0fdbf3977c990123	d3c2881e53d67dec	1459	-1	-1	512	-1	1	1	0	none	-1	-	-	-	1	1	replay	none	746	3.7737
1367	1788554056572378207	0x7f42530c63b0	1	0fdbf3977c990123	d3c2881e53d67dec	1459	-1	-1	512	-1	1	1	0	none	-1	-	-	-	1	1	replay	none	705	3.8015
1368	1788554056577422372	0x7f42530c63b0	1	0fdbf3977c990123	d3c2881e53d67dec	1459	-1	-1	512	-1	1	1	0	none	-1	-	-	-	1	1	replay	none	707	3.7615
1369	1788554056582371079	0x7f42530c63b0	1	0fdbf3977c990123	d3c2881e53d67dec	1459	-1	-1	512	-1	1	1	0	none	-1	-	-	-	1	1	replay	none	696	3.8725
1370	1788554056587890027	0x7f42530c63b0	1	0fdbf3977c990123	d3c2881e53d67dec	1459	-1	-1	512	-1	1	1	0	none	-1	-	-	-	1	1	replay	none	741	4.1561
1371	1788554056593240127	0x7f42530c63b0	1	0fdbf3977c990123	d3c2881e53d67dec	1459	-1	-1	512	-1	1	1	0	none	-1	-	-	-	1	1	replay	none	673	3.8877
1372	1788554056598338044	0x7f42530c63b0	1	0fdbf3977c990123	d3c2881e53d67dec	1459	-1	-1	512	-1	1	1	0	none	-1	-	-	-	1	1	replay	none	711	3.7993
1373	1788554056603338618	0x7f42530c63b0	1	0fdbf3977c990123	d3c2881e53d67dec	1459	-1	-1	512	-1	1	1	0	none	-1	-	-	-	1	1	replay	none	703	4.0541
1374	1788554056608622264	0x7f42530c63b0	1	0fdbf3977c990123	d3c2881e53d67dec	1459	-1	-1	512	-1	1	1	0	none	-1	-	-	-	1	1	replay	none	697	4.0493
1375	1788554056613907593	0x7f42530c63b0	1	0fdbf3977c990123	d3c2881e53d67dec	1459	-1	-1	512	-1	1	1	0	none	-1	-	-	-	1	1	replay	none	704	4.0456
1376	1788554056619542047	0x7f42530c63b0	1	0fdbf3977c990123	d3c2881e53d67dec	1459	-1	-1	512	-1	1	1	0	none	-1	-	-	-	1	1	replay	none	703	3.9646
1377	1788554056624690228	0x7f42530c63b0	1	0fdbf3977c990123	d3c2881e53d67dec	1459	-1	-1	512	-1	1	1	0	none	-1	-	-	-	1	1	replay	none	706	4.0232
1378	1788554056629938588	0x7f42530c63b0	1	0fdbf3977c990123	d3c2881e53d67dec	1459	-1	-1	512	-1	1	1	0	none	-1	-	-	-	1	1	replay	none	702	4.0172
1379	1788554056635143676	0x7f42530c63b0	1	0fdbf3977c990123	d3c2881e53d67dec	1459	-1	-1	512	-1	1	1	0	none	-1	-	-	-	1	1	replay	none	708	4.0829
1380	1788554056640529203	0x7f42530c63b0	1	0fdbf3977c990123	d3c2881e53d67dec	1459	-1	-1	512	-1	1	1	0	none	-1	-	-	-	1	1	replay	none	678	3.7901
1381	1788554056645499580	0x7f42530c63b0	1	0fdbf3977c990123	d3c2881e53d67dec	1459	-1	-1	512	-1	1	1	0	none	-1	-	-	-	1	1	replay	none	685	3.9550
1382	1788554056650728734	0x7f42530c63b0	1	0fdbf3977c990123	d3c2881e53d67dec	1459	-1	-1	512	-1	1	1	0	none	-1	-	-	-	1	1	replay	none	694	4.0530
1383	1788554056656021286	0x7f42530c63b0	1	0fdbf3977c990123	d3c2881e53d67dec	1459	-1	-1	512	-1	1	1	0	none	-1	-	-	-	1	1	replay	none	734	4.0437
1384	1788554056661359564	0x7f42530c63b0	1	0fdbf3977c990123	d3c2881e53d67dec	1459	-1	-1	512	-1	1	1	0	none	-1	-	-	-	1	1	replay	none	688	4.0301
1385	1788554056666677615	0x7f42530c63b0	1	0fdbf3977c990123	d3c2881e53d67dec	1459	-1	-1	512	-1	1	1	0	none	-1	-	-	-	1	1	replay	none	689	3.8810
1386	1788554056671772215	0x7f42530c63b0	1	0fdbf3977c990123	d3c2881e53d67dec	1459	-1	-1	512	-1	1	1	0	none	-1	-	-	-	1	1	replay	none	692	3.8318
1387	1788554056676930636	0x7f42530c63b0	1	0fdbf3977c990123	d3c2881e53d67dec	1459	-1	-1	512	-1	1	1	0	none	-1	-	-	-	1	1	replay	none	694	3.7937
1388	1788554056681859335	0x7f42530c63b0	1	0fdbf3977c990123	d3c2881e53d67dec	1459	-1	-1	512	-1	1	1	0	none	-1	-	-	-	1	1	replay	none	680	4.1051
1389	1788554056687158019	0x7f42530c63b0	1	0fdbf3977c990123	d3c2881e53d67dec	1459	-1	-1	512	-1	1	1	0	none	-1	-	-	-	1	1	replay	none	711	4.0288
1390	1788554056692452354	0x7f42530c63b0	1	0fdbf3977c990123	d3c2881e53d67dec	1459	-1	-1	512	-1	1	1	0	none	-1	-	-	-	1	1	replay	none	682	4.0249
1391	1788554056697703098	0x7f42530c63b0	1	0fdbf3977c990123	d3c2881e53d67dec	1459	-1	-1	512	-1	1	1	0	none	-1	-	-	-	1	1	replay	none	697	3.7668
1392	1788554056702808770	0x7f42530c63b0	1	0fdbf3977c990123	d3c2881e53d67dec	1459	-1	-1	512	-1	1	1	0	none	-1	-	-	-	1	1	replay	none	695	3.7938
1393	1788554056707836975	0x7f42530c63b0	1	0fdbf3977c990123	d3c2881e53d67dec	1459	-1	-1	512	-1	1	1	0	none	-1	-	-	-	1	1	replay	none	685	3.7970
1394	1788554056712959088	0x7f42530c63b0	1	0fdbf3977c990123	d3c2881e53d67dec	1459	-1	-1	512	-1	1	1	0	none	-1	-	-	-	1	1	replay	none	684	4.0086
1395	1788554056718380392	0x7f42530c63b0	1	0fdbf3977c990123	d3c2881e53d67dec	1459	-1	-1	512	-1	1	1	0	none	-1	-	-	-	1	1	replay	none	693	4.1164
1396	1788554056723658057	0x7f42530c63b0	1	0fdbf3977c990123	d3c2881e53d67dec	1459	-1	-1	512	-1	1	1	0	none	-1	-	-	-	1	1	replay	none	691	3.9297
1397	1788554056728814573	0x7f42530c63b0	1	0fdbf3977c990123	d3c2881e53d67dec	1459	-1	-1	512	-1	1	1	0	none	-1	-	-	-	1	1	replay	none	716	3.7947
1398	1788554056733848420	0x7f42530c63b0	1	0fdbf3977c990123	d3c2881e53d67dec	1459	-1	-1	512	-1	1	1	0	none	-1	-	-	-	1	1	replay	none	705	3.8118
1399	1788554056739053418	0x7f42530c63b0	1	0fdbf3977c990123	d3c2881e53d67dec	1459	-1	-1	512	-1	1	1	0	none	-1	-	-	-	1	1	replay	none	785	4.0243
1400	1788554056744320132	0x7f42530c63b0	1	0fdbf3977c990123	d3c2881e53d67dec	1459	-1	-1	512	-1	1	1	0	none	-1	-	-	-	1	1	replay	none	695	4.0829
1401	1788554056749591214	0x7f42530c63b0	1	0fdbf3977c990123	d3c2881e53d67dec	1459	-1	-1	512	-1	1	1	0	none	-1	-	-	-	1	1	replay	none	684	3.9593
1402	1788554056754783678	0x7f42530c63b0	1	0fdbf3977c990123	d3c2881e53d67dec	1459	-1	-1	512	-1	1	1	0	none	-1	-	-	-	1	1	replay	none	714	4.0271
1403	1788554056760023471	0x7f42530c63b0	1	0fdbf3977c990123	d3c2881e53d67dec	1459	-1	-1	512	-1	1	1	0	none	-1	-	-	-	1	1	replay	none	885	3.9371
1404	1788554056765370346	0x7f42530c63b0	1	0fdbf3977c990123	d3c2881e53d67dec	1459	-1	-1	512	-1	1	1	0	none	-1	-	-	-	1	1	replay	none	691	3.7960
1405	1788554056770382111	0x7f42530c63b0	1	0fdbf3977c990123	d3c2881e53d67dec	1459	-1	-1	512	-1	1	1	0	none	-1	-	-	-	1	1	replay	none	702	4.0375
1406	1788554056775649706	0x7f42530c63b0	1	0fdbf3977c990123	d3c2881e53d67dec	1459	-1	-1	512	-1	1	1	0	none	-1	-	-	-	1	1	replay	none	717	4.0667
1407	1788554056780870674	0x7f42530c63b0	1	0fdbf3977c990123	d3c2881e53d67dec	1459	-1	-1	512	-1	1	1	0	none	-1	-	-	-	1	1	replay	none	721	3.9540
1408	1788554056786090430	0x7f42530c63b0	1	0fdbf3977c990123	d3c2881e53d67dec	1459	-1	-1	512	-1	1	1	0	none	-1	-	-	-	1	1	replay	none	721	4.0274
1409	1788554056791356974	0x7f42530c63b0	1	0fdbf3977c990123	d3c2881e53d67dec	1459	-1	-1	512	-1	1	1	0	none	-1	-	-	-	1	1	replay	none	676	3.8800
1410	1788554056796455301	0x7f42530c63b0	1	0fdbf3977c990123	d3c2881e53d67dec	1459	-1	-1	512	-1	1	1	0	none	-1	-	-	-	1	1	replay	none	677	4.0621
1411	1788554056801758664	0x7f42530c63b0	1	0fdbf3977c990123	d3c2881e53d67dec	1459	-1	-1	512	-1	1	1	0	none	-1	-	-	-	1	1	replay	none	701	3.9551
1412	1788554056806876568	0x7f42530c63b0	1	0fdbf3977c990123	d3c2881e53d67dec	1459	-1	-1	512	-1	1	1	0	none	-1	-	-	-	1	1	replay	none	984	3.9953
1413	1788554056812436292	0x7f42530c63b0	1	0fdbf3977c990123	d3c2881e53d67dec	1459	-1	-1	512	-1	1	1	0	none	-1	-	-	-	1	1	replay	none	693	4.1419
1414	1788554056817718115	0x7f42530c63b0	1	0fdbf3977c990123	d3c2881e53d67dec	1459	-1	-1	512	-1	1	1	0	none	-1	-	-	-	1	1	replay	none	740	3.9410
1415	1788554056822930316	0x7f42530c63b0	1	0fdbf3977c990123	d3c2881e53d67dec	1459	-1	-1	512	-1	1	1	0	none	-1	-	-	-	1	1	replay	none	714	3.7705
1416	1788554056828018805	0x7f42530c63b0	1	0fdbf3977c990123	d3c2881e53d67dec	1459	-1	-1	512	-1	1	1	0	none	-1	-	-	-	1	1	replay	none	706	3.8033
1417	1788554056833011034	0x7f42530c63b0	1	0fdbf3977c990123	d3c2881e53d67dec	1459	-1	-1	512	-1	1	1	0	none	-1	-	-	-	1	1	replay	none	677	4.7201
1418	1788554056839033437	0x7f42530c63b0	1	0fdbf3977c990123	d3c2881e53d67dec	1459	-1	-1	512	-1	1	1	0	none	-1	-	-	-	1	1	replay	none	740	3.8225
1419	1788554056844644267	0x7f42530c63b0	1	0fdbf3977c990123	d3c2881e53d67dec	1459	-1	-1	512	-1	1	1	0	none	-1	-	-	-	1	1	replay	none	738	4.1134
1420	1788554056849948051	0x7f42530c63b0	1	0fdbf3977c990123	d3c2881e53d67dec	1459	-1	-1	512	-1	1	1	0	none	-1	-	-	-	1	1	replay	none	691	3.8620
1421	1788554056860177257	0x7f42530c63b0	1	0fdbf3977c990123	d3c2881e53d67dec	1459	-1	-1	512	-1	1	1	0	none	-1	-	-	-	1	1	replay	none	747	3.8420
1422	1788554056865412602	0x7f42530c63b0	1	0fdbf3977c990123	d3c2881e53d67dec	1459	-1	-1	512	-1	1	1	0	none	-1	-	-	-	1	1	replay	none	697	3.8002
1423	1788554056870433424	0x7f42530c63b0	1	0fdbf3977c990123	d3c2881e53d67dec	1459	-1	-1	512	-1	1	1	0	none	-1	-	-	-	1	1	replay	none	693	4.0878
1424	1788554056875785919	0x7f42530c63b0	1	0fdbf3977c990123	d3c2881e53d67dec	1459	-1	-1	512	-1	1	1	0	none	-1	-	-	-	1	1	replay	none	690	4.0253
1425	1788554056881061961	0x7f42530c63b0	1	0fdbf3977c990123	d3c2881e53d67dec	1459	-1	-1	512	-1	1	1	0	none	-1	-	-	-	1	1	replay	none	707	3.9720
1426	1788554056886286826	0x7f42530c63b0	1	0fdbf3977c990123	d3c2881e53d67dec	1459	-1	-1	512	-1	1	1	0	none	-1	-	-	-	1	1	replay	none	715	3.8368
1427	1788554056891373432	0x7f42530c63b0	1	0fdbf3977c990123	d3c2881e53d67dec	1459	-1	-1	512	-1	1	1	0	none	-1	-	-	-	1	1	replay	none	690	3.7663
1428	1788554056896380478	0x7f42530c63b0	1	0fdbf3977c990123	d3c2881e53d67dec	1459	-1	-1	512	-1	1	1	0	none	-1	-	-	-	1	1	replay	none	684	3.7827
1429	1788554056901388025	0x7f42530c63b0	1	0fdbf3977c990123	d3c2881e53d67dec	1459	-1	-1	512	-1	1	1	0	none	-1	-	-	-	1	1	replay	none	757	3.8421
1430	1788554056906824798	0x7f42530c63b0	1	0fdbf3977c990123	d3c2881e53d67dec	1459	-1	-1	512	-1	1	1	0	none	-1	-	-	-	1	1	replay	none	746	4.0224
1431	1788554056912138981	0x7f42530c63b0	1	0fdbf3977c990123	d3c2881e53d67dec	1459	-1	-1	512	-1	1	1	0	none	-1	-	-	-	1	1	replay	none	705	3.9248
1432	1788554056917266854	0x7f42530c63b0	1	0fdbf3977c990123	d3c2881e53d67dec	1459	-1	-1	512	-1	1	1	0	none	-1	-	-	-	1	1	replay	none	692	3.9948
1433	1788554057433299828	0x7f42530c63b0	1	5e879b663492f411	da6dad2d538c7885	1459	-1	-1	256	-1	1	1	1	structure	0	GET_ROWS	model.input_embed	shape,data	1	0	direct	none	4714	5.0163
1434	1788554057440846966	0x7f42530c63b0	1	0fdbf3977c990123	d3c2881e53d67dec	1459	-1	-1	512	-1	1	1	1	structure	0	GET_ROWS	model.input_embed	shape,data	0	0	direct	none	3711	4.3511
1435	1788554057446580757	0x7f42530c63b0	1	0fdbf3977c990123	d3c2881e53d67dec	1459	-1	-1	512	-1	1	1	0	none	-1	-	-	-	0	1	capture	update	2906	6.2244
1436	1788554057454100243	0x7f42530c63b0	1	0fdbf3977c990123	d3c2881e53d67dec	1459	-1	-1	512	-1	1	1	0	none	-1	-	-	-	1	1	replay	none	759	3.7717
1437	1788554057459212076	0x7f42530c63b0	1	0fdbf3977c990123	d3c2881e53d67dec	1459	-1	-1	512	-1	1	1	0	none	-1	-	-	-	1	1	replay	none	762	3.8044
1438	1788554057464371809	0x7f42530c63b0	1	0fdbf3977c990123	d3c2881e53d67dec	1459	-1	-1	512	-1	1	1	0	none	-1	-	-	-	1	1	replay	none	741	4.1271
1439	1788554057469700349	0x7f42530c63b0	1	0fdbf3977c990123	d3c2881e53d67dec	1459	-1	-1	512	-1	1	1	0	none	-1	-	-	-	1	1	replay	none	740	4.1224
1440	1788554057475042595	0x7f42530c63b0	1	0fdbf3977c990123	d3c2881e53d67dec	1459	-1	-1	512	-1	1	1	0	none	-1	-	-	-	1	1	replay	none	780	4.0387
1441	1788554057480344946	0x7f42530c63b0	1	0fdbf3977c990123	d3c2881e53d67dec	1459	-1	-1	512	-1	1	1	0	none	-1	-	-	-	1	1	replay	none	732	3.7740
1442	1788554057485528924	0x7f42530c63b0	1	0fdbf3977c990123	d3c2881e53d67dec	1459	-1	-1	512	-1	1	1	0	none	-1	-	-	-	1	1	replay	none	710	4.0147
1443	1788554057490763467	0x7f42530c63b0	1	0fdbf3977c990123	d3c2881e53d67dec	1459	-1	-1	512	-1	1	1	0	none	-1	-	-	-	1	1	replay	none	726	3.8918
1444	1788554057495913091	0x7f42530c63b0	1	0fdbf3977c990123	d3c2881e53d67dec	1459	-1	-1	512	-1	1	1	0	none	-1	-	-	-	1	1	replay	none	733	4.0435
1445	1788554057501150831	0x7f42530c63b0	1	0fdbf3977c990123	d3c2881e53d67dec	1459	-1	-1	512	-1	1	1	0	none	-1	-	-	-	1	1	replay	none	712	4.1036
1446	1788554057506439566	0x7f42530c63b0	1	0fdbf3977c990123	d3c2881e53d67dec	1459	-1	-1	512	-1	1	1	0	none	-1	-	-	-	1	1	replay	none	693	4.0341
1447	1788554057511774829	0x7f42530c63b0	1	0fdbf3977c990123	d3c2881e53d67dec	1459	-1	-1	512	-1	1	1	0	none	-1	-	-	-	1	1	replay	none	1119	4.0332
1448	1788554057517491257	0x7f42530c63b0	1	0fdbf3977c990123	d3c2881e53d67dec	1459	-1	-1	512	-1	1	1	0	none	-1	-	-	-	1	1	replay	none	734	4.0035
1449	1788554057522739256	0x7f42530c63b0	1	0fdbf3977c990123	d3c2881e53d67dec	1459	-1	-1	512	-1	1	1	0	none	-1	-	-	-	1	1	replay	none	683	3.7582
1450	1788554057527741032	0x7f42530c63b0	1	0fdbf3977c990123	d3c2881e53d67dec	1459	-1	-1	512	-1	1	1	0	none	-1	-	-	-	1	1	replay	none	693	3.7801
1451	1788554057532877401	0x7f42530c63b0	1	0fdbf3977c990123	d3c2881e53d67dec	1459	-1	-1	512	-1	1	1	0	none	-1	-	-	-	1	1	replay	none	745	4.0700
1452	1788554057538148684	0x7f42530c63b0	1	0fdbf3977c990123	d3c2881e53d67dec	1459	-1	-1	512	-1	1	1	0	none	-1	-	-	-	1	1	replay	none	716	3.9651
1453	1788554057543461564	0x7f42530c63b0	1	0fdbf3977c990123	d3c2881e53d67dec	1459	-1	-1	512	-1	1	1	0	none	-1	-	-	-	1	1	replay	none	699	4.0289
1454	1788554057548716727	0x7f42530c63b0	1	0fdbf3977c990123	d3c2881e53d67dec	1459	-1	-1	512	-1	1	1	0	none	-1	-	-	-	1	1	replay	none	714	3.9872
1455	1788554057553910684	0x7f42530c63b0	1	0fdbf3977c990123	d3c2881e53d67dec	1459	-1	-1	512	-1	1	1	0	none	-1	-	-	-	1	1	replay	none	711	3.7684
1456	1788554057559780761	0x7f42530c63b0	1	0fdbf3977c990123	d3c2881e53d67dec	1459	-1	-1	512	-1	1	1	0	none	-1	-	-	-	1	1	replay	none	734	3.7768
1457	1788554057564787767	0x7f42530c63b0	1	0fdbf3977c990123	d3c2881e53d67dec	1459	-1	-1	512	-1	1	1	0	none	-1	-	-	-	1	1	replay	none	741	4.0014
1458	1788554057570700114	0x7f42530c63b0	1	0fdbf3977c990123	d3c2881e53d67dec	1459	-1	-1	512	-1	1	1	0	none	-1	-	-	-	1	1	replay	none	714	4.0162
1459	1788554057575507084	0x7f42530c63b0	1	da7570afdbb81394	b11e6ad39340ff34	1459	-1	-1	256	-1	1	1	1	structure	0	GET_ROWS	model.input_embed	shape,data	1	0	direct	none	5435	17.2604
1460	1788554057598842952	0x7f42530c63b0	1	0fdbf3977c990123	d3c2881e53d67dec	1459	-1	-1	512	-1	1	1	1	structure	0	GET_ROWS	model.input_embed	shape,data	0	0	direct	none	3883	4.6203
1461	1788554057604379222	0x7f42530c63b0	1	802ba1f19f5ea689	83e51ade51eb3baf	1459	-1	-1	256	-1	1	1	1	structure	0	GET_ROWS	model.input_embed	shape,data	0	0	direct	none	4373	4.9779
1462	1788554057611903297	0x7f42530c63b0	1	d702fd6fe588b6cb	5f0c85a409d6545f	1459	-1	-1	512	-1	1	1	1	structure	0	GET_ROWS	model.input_embed	shape,data	0	0	direct	none	4490	5.2721
1463	1788554057618670069	0x7f42530c63b0	1	d702fd6fe588b6cb	5f0c85a409d6545f	1459	-1	-1	512	-1	1	1	0	none	-1	-	-	-	0	1	capture	reinstantiate	5094	8.6683
1464	1788554057629204539	0x7f42530c63b0	1	d702fd6fe588b6cb	5f0c85a409d6545f	1459	-1	-1	512	-1	1	1	0	none	-1	-	-	-	1	1	replay	none	813	4.2176
1465	1788554057635188149	0x7f42530c63b0	1	d702fd6fe588b6cb	5f0c85a409d6545f	1459	-1	-1	512	-1	1	1	0	none	-1	-	-	-	1	1	replay	none	750	4.2133
1466	1788554057641078815	0x7f42530c63b0	1	d702fd6fe588b6cb	5f0c85a409d6545f	1459	-1	-1	512	-1	1	1	0	none	-1	-	-	-	1	1	replay	none	769	4.0657
1467	1788554057646907855	0x7f42530c63b0	1	d702fd6fe588b6cb	5f0c85a409d6545f	1459	-1	-1	512	-1	1	1	0	none	-1	-	-	-	1	1	replay	none	764	4.0789
1468	1788554057652924258	0x7f42530c63b0	1	d702fd6fe588b6cb	5f0c85a409d6545f	1459	-1	-1	512	-1	1	1	0	none	-1	-	-	-	1	1	replay	none	620	4.1064
1469	1788554057658687494	0x7f42530c63b0	1	d702fd6fe588b6cb	5f0c85a409d6545f	1459	-1	-1	512	-1	1	1	0	none	-1	-	-	-	1	1	replay	none	744	4.1028
1470	1788554057664387522	0x7f42530c63b0	1	d702fd6fe588b6cb	5f0c85a409d6545f	1459	-1	-1	512	-1	1	1	0	none	-1	-	-	-	1	1	replay	none	635	4.1431
1471	1788554057669886573	0x7f42530c63b0	1	d702fd6fe588b6cb	5f0c85a409d6545f	1459	-1	-1	512	-1	1	1	0	none	-1	-	-	-	1	1	replay	none	573	4.2223
1472	1788554057675512010	0x7f42530c63b0	1	d702fd6fe588b6cb	5f0c85a409d6545f	1459	-1	-1	512	-1	1	1	0	none	-1	-	-	-	1	1	replay	none	709	4.3420
1473	1788554057681388079	0x7f42530c63b0	1	d702fd6fe588b6cb	5f0c85a409d6545f	1459	-1	-1	512	-1	1	1	0	none	-1	-	-	-	1	1	replay	none	611	4.1465
1474	1788554057686966338	0x7f42530c63b0	1	d702fd6fe588b6cb	5f0c85a409d6545f	1459	-1	-1	512	-1	1	1	0	none	-1	-	-	-	1	1	replay	none	684	4.2272
1475	1788554057692670353	0x7f42530c63b0	1	d702fd6fe588b6cb	5f0c85a409d6545f	1459	-1	-1	512	-1	1	1	0	none	-1	-	-	-	1	1	replay	none	664	4.2748
1476	1788554057698490507	0x7f42530c63b0	1	d702fd6fe588b6cb	5f0c85a409d6545f	1459	-1	-1	512	-1	1	1	0	none	-1	-	-	-	1	1	replay	none	737	4.3328
1477	1788554057704649557	0x7f42530c63b0	1	d702fd6fe588b6cb	5f0c85a409d6545f	1459	-1	-1	512	-1	1	1	0	none	-1	-	-	-	1	1	replay	none	729	4.2992
1478	1788554057710629200	0x7f42530c63b0	1	d702fd6fe588b6cb	5f0c85a409d6545f	1459	-1	-1	512	-1	1	1	0	none	-1	-	-	-	1	1	replay	none	706	4.2061
1479	1788554057716433254	0x7f42530c63b0	1	d702fd6fe588b6cb	5f0c85a409d6545f	1459	-1	-1	512	-1	1	1	0	none	-1	-	-	-	1	1	replay	none	719	4.2994
1480	1788554057722114577	0x7f42530c63b0	1	d702fd6fe588b6cb	5f0c85a409d6545f	1459	-1	-1	512	-1	1	1	0	none	-1	-	-	-	1	1	replay	none	745	4.1573
1481	1788554057727918750	0x7f42530c63b0	1	d702fd6fe588b6cb	5f0c85a409d6545f	1459	-1	-1	512	-1	1	1	0	none	-1	-	-	-	1	1	replay	none	727	4.1542
1482	1788554057733746839	0x7f42530c63b0	1	d702fd6fe588b6cb	5f0c85a409d6545f	1459	-1	-1	512	-1	1	1	0	none	-1	-	-	-	1	1	replay	none	756	4.1978
1483	1788554057739524342	0x7f42530c63b0	1	d702fd6fe588b6cb	5f0c85a409d6545f	1459	-1	-1	512	-1	1	1	0	none	-1	-	-	-	1	1	replay	none	687	4.2852
1484	1788554057745418665	0x7f42530c63b0	1	d702fd6fe588b6cb	5f0c85a409d6545f	1459	-1	-1	512	-1	1	1	0	none	-1	-	-	-	1	1	replay	none	762	4.3282
1485	1788554057751406063	0x7f42530c63b0	1	d702fd6fe588b6cb	5f0c85a409d6545f	1459	-1	-1	512	-1	1	1	0	none	-1	-	-	-	1	1	replay	none	725	4.3315
1486	1788554057757232668	0x7f42530c63b0	1	d702fd6fe588b6cb	5f0c85a409d6545f	1459	-1	-1	512	-1	1	1	0	none	-1	-	-	-	1	1	replay	none	677	4.3530
1487	1788554057763131299	0x7f42530c63b0	1	d702fd6fe588b6cb	5f0c85a409d6545f	1459	-1	-1	512	-1	1	1	0	none	-1	-	-	-	1	1	replay	none	743	4.3513
1488	1788554057769871070	0x7f42530c63b0	1	d702fd6fe588b6cb	5f0c85a409d6545f	1459	-1	-1	512	-1	1	1	0	none	-1	-	-	-	1	1	replay	none	719	4.2940
1489	1788554057775735848	0x7f42530c63b0	1	d702fd6fe588b6cb	5f0c85a409d6545f	1459	-1	-1	512	-1	1	1	0	none	-1	-	-	-	1	1	replay	none	667	4.3607
1490	1788554057781681517	0x7f42530c63b0	1	d702fd6fe588b6cb	5f0c85a409d6545f	1459	-1	-1	512	-1	1	1	0	none	-1	-	-	-	1	1	replay	none	607	4.3587
1491	1788554057787496130	0x7f42530c63b0	1	d702fd6fe588b6cb	5f0c85a409d6545f	1459	-1	-1	512	-1	1	1	0	none	-1	-	-	-	1	1	replay	none	697	4.1519
1492	1788554057793137759	0x7f42530c63b0	1	d702fd6fe588b6cb	5f0c85a409d6545f	1459	-1	-1	512	-1	1	1	0	none	-1	-	-	-	1	1	replay	none	705	4.3236
1493	1788554057799983950	0x7f42530c63b0	1	0fdbf3977c990123	d3c2881e53d67dec	1459	-1	-1	512	-1	1	1	1	structure	0	GET_ROWS	model.input_embed	shape,data	1	0	direct	none	3352	4.4772
1494	1788554057805696220	0x7f42530c63b0	1	0fdbf3977c990123	d3c2881e53d67dec	1459	-1	-1	512	-1	1	1	0	none	-1	-	-	-	0	1	capture	reinstantiate	5249	8.3808
1495	1788554057815377778	0x7f42530c63b0	1	0fdbf3977c990123	d3c2881e53d67dec	1459	-1	-1	512	-1	1	1	0	none	-1	-	-	-	1	1	replay	none	719	3.8009
1496	1788554057820443484	0x7f42530c63b0	1	0fdbf3977c990123	d3c2881e53d67dec	1459	-1	-1	512	-1	1	1	0	none	-1	-	-	-	1	1	replay	none	698	5.6928
1497	1788554057827468191	0x7f42530c63b0	1	0fdbf3977c990123	d3c2881e53d67dec	1459	-1	-1	512	-1	1	1	0	none	-1	-	-	-	1	1	replay	none	702	3.8179
1498	1788554057832522936	0x7f42530c63b0	1	0fdbf3977c990123	d3c2881e53d67dec	1459	-1	-1	512	-1	1	1	0	none	-1	-	-	-	1	1	replay	none	693	4.0513
1499	1788554057837764683	0x7f42530c63b0	1	0fdbf3977c990123	d3c2881e53d67dec	1459	-1	-1	512	-1	1	1	0	none	-1	-	-	-	1	1	replay	none	739	4.0935
1500	1788554057843349465	0x7f42530c63b0	1	0fdbf3977c990123	d3c2881e53d67dec	1459	-1	-1	512	-1	1	1	0	none	-1	-	-	-	1	1	replay	none	755	3.9684
1501	1788554057848609837	0x7f42530c63b0	1	0fdbf3977c990123	d3c2881e53d67dec	1459	-1	-1	512	-1	1	1	0	none	-1	-	-	-	1	1	replay	none	743	4.2852
1502	1788554057854219495	0x7f42530c63b0	1	0fdbf3977c990123	d3c2881e53d67dec	1459	-1	-1	512	-1	1	1	0	none	-1	-	-	-	1	1	replay	none	672	3.9310
1503	1788554057859270884	0x7f42530c63b0	1	0fdbf3977c990123	d3c2881e53d67dec	1459	-1	-1	512	-1	1	1	0	none	-1	-	-	-	1	1	replay	none	663	3.8274
1504	1788554057864221594	0x7f42530c63b0	1	0fdbf3977c990123	d3c2881e53d67dec	1459	-1	-1	512	-1	1	1	0	none	-1	-	-	-	1	1	replay	none	700	4.0348
1505	1788554057869398409	0x7f42530c63b0	1	0fdbf3977c990123	d3c2881e53d67dec	1459	-1	-1	512	-1	1	1	0	none	-1	-	-	-	1	1	replay	none	704	4.0344
1506	1788554057874774729	0x7f42530c63b0	1	0fdbf3977c990123	d3c2881e53d67dec	1459	-1	-1	512	-1	1	1	0	none	-1	-	-	-	1	1	replay	none	717	3.9856
1507	1788554057879989225	0x7f42530c63b0	1	0fdbf3977c990123	d3c2881e53d67dec	1459	-1	-1	512	-1	1	1	0	none	-1	-	-	-	1	1	replay	none	704	3.9961
1508	1788554057885364333	0x7f42530c63b0	1	0fdbf3977c990123	d3c2881e53d67dec	1459	-1	-1	512	-1	1	1	0	none	-1	-	-	-	1	1	replay	none	743	3.7811
1509	1788554057890554533	0x7f42530c63b0	1	0fdbf3977c990123	d3c2881e53d67dec	1459	-1	-1	512	-1	1	1	0	none	-1	-	-	-	1	1	replay	none	1070	3.8558
1510	1788554057896003809	0x7f42530c63b0	1	0fdbf3977c990123	d3c2881e53d67dec	1459	-1	-1	512	-1	1	1	0	none	-1	-	-	-	1	1	replay	none	703	3.9230
1511	1788554057901122866	0x7f42530c63b0	1	0fdbf3977c990123	d3c2881e53d67dec	1459	-1	-1	512	-1	1	1	0	none	-1	-	-	-	1	1	replay	none	696	4.0222
1512	1788554057906423123	0x7f42530c63b0	1	0fdbf3977c990123	d3c2881e53d67dec	1459	-1	-1	512	-1	1	1	0	none	-1	-	-	-	1	1	replay	none	717	3.9805
1513	1788554057911634122	0x7f42530c63b0	1	0fdbf3977c990123	d3c2881e53d67dec	1459	-1	-1	512	-1	1	1	0	none	-1	-	-	-	1	1	replay	none	712	3.7839
1514	1788554057916740345	0x7f42530c63b0	1	0fdbf3977c990123	d3c2881e53d67dec	1459	-1	-1	512	-1	1	1	0	none	-1	-	-	-	1	1	replay	none	716	3.7486
1515	1788554057921897503	0x7f42530c63b0	1	0fdbf3977c990123	d3c2881e53d67dec	1459	-1	-1	512	-1	1	1	0	none	-1	-	-	-	1	1	replay	none	734	4.0972
1516	1788554057927225391	0x7f42530c63b0	1	0fdbf3977c990123	d3c2881e53d67dec	1459	-1	-1	512	-1	1	1	0	none	-1	-	-	-	1	1	replay	none	717	3.9012
1517	1788554057932423707	0x7f42530c63b0	1	0fdbf3977c990123	d3c2881e53d67dec	1459	-1	-1	512	-1	1	1	0	none	-1	-	-	-	1	1	replay	none	652	3.7973
1518	1788554057937410385	0x7f42530c63b0	1	0fdbf3977c990123	d3c2881e53d67dec	1459	-1	-1	512	-1	1	1	0	none	-1	-	-	-	1	1	replay	none	688	4.1226
1519	1788554057942722103	0x7f42530c63b0	1	0fdbf3977c990123	d3c2881e53d67dec	1459	-1	-1	512	-1	1	1	0	none	-1	-	-	-	1	1	replay	none	696	3.9826
1520	1788554057947936348	0x7f42530c63b0	1	0fdbf3977c990123	d3c2881e53d67dec	1459	-1	-1	512	-1	1	1	0	none	-1	-	-	-	1	1	replay	none	1712	4.0000
1521	1788554057954185438	0x7f42530c63b0	1	0fdbf3977c990123	d3c2881e53d67dec	1459	-1	-1	512	-1	1	1	0	none	-1	-	-	-	1	1	replay	none	707	3.9822
1522	1788554057959445309	0x7f42530c63b0	1	0fdbf3977c990123	d3c2881e53d67dec	1459	-1	-1	512	-1	1	1	0	none	-1	-	-	-	1	1	replay	none	684	3.7639
1523	1788554057964398824	0x7f42530c63b0	1	0fdbf3977c990123	d3c2881e53d67dec	1459	-1	-1	512	-1	1	1	0	none	-1	-	-	-	1	1	replay	none	685	4.0171
1524	1788554057969545102	0x7f42530c63b0	1	0fdbf3977c990123	d3c2881e53d67dec	1459	-1	-1	512	-1	1	1	0	none	-1	-	-	-	1	1	replay	none	518	3.9336
1525	1788554057974470976	0x7f42530c63b0	1	0fdbf3977c990123	d3c2881e53d67dec	1459	-1	-1	512	-1	1	1	0	none	-1	-	-	-	1	1	replay	none	661	4.0212
1526	1788554057979646929	0x7f42530c63b0	1	0fdbf3977c990123	d3c2881e53d67dec	1459	-1	-1	512	-1	1	1	0	none	-1	-	-	-	1	1	replay	none	659	3.9788
1527	1788554057984825127	0x7f42530c63b0	1	0fdbf3977c990123	d3c2881e53d67dec	1459	-1	-1	512	-1	1	1	0	none	-1	-	-	-	1	1	replay	none	692	3.9909
1528	1788554057990277379	0x7f42530c63b0	1	0fdbf3977c990123	d3c2881e53d67dec	1459	-1	-1	512	-1	1	1	0	none	-1	-	-	-	1	1	replay	none	594	3.7786
1529	1788554057995209895	0x7f42530c63b0	1	0fdbf3977c990123	d3c2881e53d67dec	1459	-1	-1	512	-1	1	1	0	none	-1	-	-	-	1	1	replay	none	735	3.9981
1530	1788554058000450279	0x7f42530c63b0	1	0fdbf3977c990123	d3c2881e53d67dec	1459	-1	-1	512	-1	1	1	0	none	-1	-	-	-	1	1	replay	none	704	4.0568
1531	1788554058005585987	0x7f42530c63b0	1	0fdbf3977c990123	d3c2881e53d67dec	1459	-1	-1	512	-1	1	1	0	none	-1	-	-	-	1	1	replay	none	629	4.0024
1532	1788554058010756450	0x7f42530c63b0	1	0fdbf3977c990123	d3c2881e53d67dec	1459	-1	-1	512	-1	1	1	0	none	-1	-	-	-	1	1	replay	none	698	4.0003
1533	1788554058015975204	0x7f42530c63b0	1	0fdbf3977c990123	d3c2881e53d67dec	1459	-1	-1	512	-1	1	1	0	none	-1	-	-	-	1	1	replay	none	785	3.9357
1534	1788554058021101995	0x7f42530c63b0	1	0fdbf3977c990123	d3c2881e53d67dec	1459	-1	-1	512	-1	1	1	0	none	-1	-	-	-	1	1	replay	none	683	3.8299
1535	1788554058026061742	0x7f42530c63b0	1	0fdbf3977c990123	d3c2881e53d67dec	1459	-1	-1	512	-1	1	1	0	none	-1	-	-	-	1	1	replay	none	624	4.0210
1536	1788554058031119684	0x7f42530c63b0	1	0fdbf3977c990123	d3c2881e53d67dec	1459	-1	-1	512	-1	1	1	0	none	-1	-	-	-	1	1	replay	none	685	3.8607
1537	1788554058036198174	0x7f42530c63b0	1	0fdbf3977c990123	d3c2881e53d67dec	1459	-1	-1	512	-1	1	1	0	none	-1	-	-	-	1	1	replay	none	685	3.9925
1538	1788554058041398003	0x7f42530c63b0	1	0fdbf3977c990123	d3c2881e53d67dec	1459	-1	-1	512	-1	1	1	0	none	-1	-	-	-	1	1	replay	none	704	3.9004
1539	1788554058046974238	0x7f42530c63b0	1	0fdbf3977c990123	d3c2881e53d67dec	1459	-1	-1	512	-1	1	1	0	none	-1	-	-	-	1	1	replay	none	936	3.8128
1540	1788554058052166282	0x7f42530c63b0	1	0fdbf3977c990123	d3c2881e53d67dec	1459	-1	-1	512	-1	1	1	0	none	-1	-	-	-	1	1	replay	none	561	4.0195
1541	1788554058057538594	0x7f42530c63b0	1	0fdbf3977c990123	d3c2881e53d67dec	1459	-1	-1	512	-1	1	1	0	none	-1	-	-	-	1	1	replay	none	753	4.0361
1542	1788554058062864409	0x7f42530c63b0	1	0fdbf3977c990123	d3c2881e53d67dec	1459	-1	-1	512	-1	1	1	0	none	-1	-	-	-	1	1	replay	none	748	4.1401
1543	1788554058068382044	0x7f42530c63b0	1	0fdbf3977c990123	d3c2881e53d67dec	1459	-1	-1	512	-1	1	1	0	none	-1	-	-	-	1	1	replay	none	686	4.0719
1544	1788554058074257391	0x7f42530c63b0	1	0fdbf3977c990123	d3c2881e53d67dec	1459	-1	-1	512	-1	1	1	0	none	-1	-	-	-	1	1	replay	none	740	4.0652
1545	1788554058079585781	0x7f42530c63b0	1	0fdbf3977c990123	d3c2881e53d67dec	1459	-1	-1	512	-1	1	1	0	none	-1	-	-	-	1	1	replay	none	690	4.0034
1546	1788554058085424730	0x7f42530c63b0	1	0fdbf3977c990123	d3c2881e53d67dec	1459	-1	-1	512	-1	1	1	0	none	-1	-	-	-	1	1	replay	none	708	3.8863
1547	1788554058090532635	0x7f42530c63b0	1	0fdbf3977c990123	d3c2881e53d67dec	1459	-1	-1	512	-1	1	1	0	none	-1	-	-	-	1	1	replay	none	757	4.0800
1548	1788554058096028209	0x7f42530c63b0	1	0fdbf3977c990123	d3c2881e53d67dec	1459	-1	-1	512	-1	1	1	0	none	-1	-	-	-	1	1	replay	none	711	4.0586
1549	1788554058101371497	0x7f42530c63b0	1	0fdbf3977c990123	d3c2881e53d67dec	1459	-1	-1	512	-1	1	1	0	none	-1	-	-	-	1	1	replay	none	740	4.0692
1550	1788554058106757836	0x7f42530c63b0	1	0fdbf3977c990123	d3c2881e53d67dec	1459	-1	-1	512	-1	1	1	0	none	-1	-	-	-	1	1	replay	none	748	4.1573
1551	1788554058112125038	0x7f42530c63b0	1	0fdbf3977c990123	d3c2881e53d67dec	1459	-1	-1	512	-1	1	1	0	none	-1	-	-	-	1	1	replay	none	735	4.1602
1552	1788554058117549929	0x7f42530c63b0	1	0fdbf3977c990123	d3c2881e53d67dec	1459	-1	-1	512	-1	1	1	0	none	-1	-	-	-	1	1	replay	none	690	4.0108
1553	1788554058122734679	0x7f42530c63b0	1	0fdbf3977c990123	d3c2881e53d67dec	1459	-1	-1	512	-1	1	1	0	none	-1	-	-	-	1	1	replay	none	569	4.0211
1554	1788554058127800446	0x7f42530c63b0	1	0fdbf3977c990123	d3c2881e53d67dec	1459	-1	-1	512	-1	1	1	0	none	-1	-	-	-	1	1	replay	none	981	3.8311
1555	1788554058133401618	0x7f42530c63b0	1	0fdbf3977c990123	d3c2881e53d67dec	1459	-1	-1	512	-1	1	1	0	none	-1	-	-	-	1	1	replay	none	739	4.0307
1556	1788554058138700873	0x7f42530c63b0	1	0fdbf3977c990123	d3c2881e53d67dec	1459	-1	-1	512	-1	1	1	0	none	-1	-	-	-	1	1	replay	none	700	4.0601
1557	1788554058143881986	0x7f42530c63b0	1	0fdbf3977c990123	d3c2881e53d67dec	1459	-1	-1	512	-1	1	1	0	none	-1	-	-	-	1	1	replay	none	769	4.1043
1558	1788554058149482276	0x7f42530c63b0	1	0fdbf3977c990123	d3c2881e53d67dec	1459	-1	-1	512	-1	1	1	0	none	-1	-	-	-	1	1	replay	none	688	3.9919
1559	1788554058154860269	0x7f42530c63b0	1	0fdbf3977c990123	d3c2881e53d67dec	1459	-1	-1	512	-1	1	1	0	none	-1	-	-	-	1	1	replay	none	714	3.9876
1560	1788554058160320246	0x7f42530c63b0	1	0fdbf3977c990123	d3c2881e53d67dec	1459	-1	-1	512	-1	1	1	0	none	-1	-	-	-	1	1	replay	none	688	3.9293
1561	1788554058165454551	0x7f42530c63b0	1	0fdbf3977c990123	d3c2881e53d67dec	1459	-1	-1	512	-1	1	1	0	none	-1	-	-	-	1	1	replay	none	688	4.0843
