request	task	batch_serial	mode	entry	image	image_ordinal	chunk_ordinal	tensor	data	buffer	row_offset	n_tokens	clip_dst	clip_digest	clip_rows	views	slices	coverage
1	0	1	host	0	5a202c8aba97cb7f97b49ce30a1e5a9ce071d11cbaa057c98b1d3bd4180db6b1	1	1	host	(nil)	host	0	88	host	3b24a6bf1624d7a6	883bf69ee14d1527,ae108ff5264e0df7,7baca1cdd710876f,7fa2b22322cb9536,1602bdd1f8de9b7d,2c729aa1a7e29fbc,13d22546ea0a9592,e9b582ce81b94f90,84396268e003f362,7e9c896a1797316d,8aa2e2cebea9b6f1,b2c2ff07231cb551,72bf8fcfdef70393,d92569bea462a060,6452fffe4f0747e0,5b33d7fc15492048,1088b0b591f46a77,95d4a32abe2a7583,c66add36fbcca598,9b503433b3a2844b,7be1ed40f3349b09,286b546ccb2920d8,92bb6ab6ffd976a0,2caa23005a5477ab,501c9ed45e784d55,e3d222fb6369d74a,e25eb2fe927293fd,6fe7c76d51e34a95,a66210d96646bf98,509eb0fd264a5b5f,61fe506e725bb61c,46482fc4a439c639,4e54372c7c5909da,0babf9967efabf2b,80622b89660bbad3,775b11ef81cf3d6e,44bedfcdfba8d056,88841c90b9341269,148aa2e7cbdbc2e2,13304d0cf95f06e2,af52c58e29e8cf99,218a5082b964acea,3d99bd78fc0a654d,485e7f9f9c613cb9,d2a668c4eeb1ce4c,43727adfa6b2a71a,d30af83c3ea6d7c2,fe3dce108f3d4c33,3410987b53995bb0,0b5baaf7c204f17a,86dd270e63a3608b,a8c05c72760d4deb,a6fee4ad82e6a7a5,a6a07041cedb2e6b,7630faa2b1a2e29a,2841271acbee3559,c365f211e4ae6fca,96d491c47403a011,d3cd399960bd5cdf,1cab6cb91796ee1c,aa574913fa4d5bd6,fae41210d69c3cca,d5ebe9961ae53fa3,129078e4191c44e2,492f1e0aa03f211f,d5b1ec29ddcc023c,cb9c15155f364b82,cfbd9e3d090c74e2,f788194f8f6c9d7d,92f1787458239401,119cdc2da3d77f47,a3e62f97c147ad9d,ddd02d1f0e14aa5d,33c46c6144785243,d850f8bccac6e5e6,15ace5bc163f9677,7b62877747e80ff5,f43d64f0b2481681,a5ee94718b80bbc5,86c6e2cebb52f410,9174fd0da680119c,5e2dd84544bc8510,9b01d4d322ee6633,1b312ee07a5a81e3,c0681de5f9a4e483,d4051bd04a0a075e,6dd0250002e937c2,38f4f7fc4b259dca	1	1	holds
2	51	2	host	0	696ca854676176c3221ff8a408b7405d9b3b19eb25dced94a65ec9639e7508bb	1	1	host	(nil)	host	0	256	host	3129d50ff2fe2a30	6258e258bde98892,4af93b76978a2aa2,45a0afd1e377b493,b082483f71e37e43,7b2e6a964e141f69,a6d2b19e5131fc1f,fb6d4a8ddc5e6e72,21af1db4d9a2ec40,62cb112935fed8bb,2350f337b4a1100b,fad005008dd34e6a,18b92a9ce2c20a05,c08527e9a71d9089,d13fe4df4b653618,0df94c6dec8b980d,9f328a0bc38eb979,23509280a0517719,71ceb88193feac81,caa21f994935a2d2,6e35d02e037ed3cb,ae70dddffd92eefd,8ebd61821f3274ee,902bd169ff3106ce,652a378916f01e30,a344995c6e6fa5a5,2f1447eb4d01dc23,d9766cedf123c23b,b990e0f8d2ee40fe,1f9d2c71e181d225,e7b34cd58ab62b7a,44bf7e2108a64598,63b6dfa304c5f19a,8c0d3a871e944ae9,e9d42eab782859d4,5e95f9b091144e15,b7b91dc05f874e4f,e934f58e859676f0,813aea4b1549da07,29f9403b31f48952,d8e0725b25f7b739,08d209c203181b71,532e1a4accc64441,c542f6ac20f111b6,d8e358b309250600,2b7da7d255dde4c2,f10f52a01a5b5bee,116d60f41313a3cc,763f7ada6ba3f3ab,5813048945e3f850,821d527f22dfa161,1da98d54993e69dd,56aa4dfbf89131f7,82d69fe27de54850,3b2a08adcec53b23,cee052f7d43c4c00,1d90376803f520a0,00a4703a25631fcf,e6aaa7f3ba4f593c,7b40982af56128e5,3f5032adda0edb25,8d5dcddd7fe0b5c5,68dc65e0c8fb8790,511233a905b7d95a,e2304499bc9c3e9d,9f26ce929c097187,b09d3b35d2fd3dd2,64c89e0d8c1d128e,d167e460ee4fe8ca,025b817a4748efb7,3b39685b14c19ff7,767fd51c47aad8b6,851c6b5ba941fb7e,b7ec52faf0c8c4ba,7f7979de491814ef,47d0c9bd32d37fb9,3ef84f133f2484f2,b28951cd1f4800a3,b53b5f84c2c60c28,d213f66ba89e379a,b0b7aee954590b84,93dd0201d734299e,8cac0a1630711cb5,f5b76b2d4fb52de7,23bf0889eef47581,a392210e28b5c97d,abe86742389b1e5f,62dcf47064cab0ff,c0d142d954769008,19e5691a76ac7396,174dbca147f29059,0e002babffd34d69,b842dad589be8f93,59a4f114c06f8bb7,e1f301abf24eabfa,2ec28638ece2d765,6db0a4f7adccc589,0e8bada888268de5,66feca2176888e14,b6f3cd1916de3fb1,c1a403b839afefb8,a1cc4ac359945ae2,f8a8bcff69264f12,29d66bf82578fd88,4a0d58971049f81c,7564b24ecf1ac010,9c312f96cc4a49a6,603dbc17f8833caf,044ab53d901a0291,a916e19c5b2cc13d,e3f965529c31cd14,132d77e1f9e5423a,dd11f72abf976a6e,65eedc8fcd389a95,abf45e5d5f7a4904,76368c131d7f50af,5daed86b5eab2106,14e09e7b507ea7fa,01bcbce3320afe9e,1829dc7b59998382,68b6bba05fa56fd5,fd1eac31bc6f8675,39fa3fe742a559bd,f6cc8013e1330386,45b1874bdc6776c3,1d3bb14f2a26297a,65cd08f1616e1c23,ba42fc4f69639b74,54374f055d6bdd20,69f539cf6493f290,e78d4f7e81a7235c,fd3b1bc01897fb51,e99d83fd9efd3961,3831dddd890067d9,1bb42ba06555797e,2290faac6d0915eb,719499106212cc5f,4da92b7c1e78b092,acf57d1ab8921519,d60b39f3e63948c0,958663ffb4e4f4b4,0fc1891b274819be,0962586390e710f0,82766a9b8aec19bc,84191da038dd7ae6,476fe9445f57f244,3d5353a636835764,fa8fa0527a21183d,0cce3ae885848fd6,6e8a9afc3724277f,e64b727fb0b254e3,a89119cfcdcedcc0,fb721ed2bbeb5377,0230ae1b074d6afd,c8ab95b2fb51701f,dda7eb9138a3d960,4a48c630124ef589,0d9413c05dde87bb,ae4c7f004eabfb37,30bbed3884fa41e3,204338288b90bd66,24b9592edc4bffe4,c40698c080cb1fdf,c1c80b626f912a9b,4a20a4d714eb444a,e6aeb5fc96c36b05,e4e3779f296220ec,dff7667c6e22aa7a,6ae22532bd46bf0d,181cf8d8739063b7,fbccbf253ff4c4c4,52ccd787910df7f2,471016e2873ee3c3,f60406f0fbe4a5e2,e731646e9069f1b0,95486b29a4f82119,8374da2b779a2af9,98a5a9e78066f8fc,047a887b98eef112,889212e2efb3fda5,8310280328d6dc5f,69c15e2574060429,2f1086a3efe16868,f45c0f737cbff27e,4fcd6d57ada259c4,8f1bbdaa4ab86805,cdfe9f7115a52e14,599b48aed75c840e,e1da7753ae2caccf,f2f9fcce698da212,3d1fb2e93cf7d626,c0591eb6528e9147,0d9954cc26d33080,81b63c42e7d35dfd,ef575d683499a353,5395714d32fae0ec,f6df8ce5f4477691,5f88441e7540921b,5277d1509d9334eb,ab6e274a705f8cef,b83d92712684c039,8e2fde962be9425d,bf649c86fce29b93,4ac96b8a4aab8f92,32be4b1fbf5768cd,05033b47f96dca00,c571cca562fa72e5,79d4508ca709b5c9,ab46b055f2a86071,9456a3c4b46fbabc,f55dd7a0e1410bd3,8390ccae3c03eda2,0a56fed38d989d1b,144fc2f982d04b48,2e8497dcd5c637bf,1da589dca16a3edc,0b177a3345766ffd,27d8e3aefd3a9f17,24811cabf36071f8,27e5af03b2d0b768,a28d74f1e6b9fa32,7d45764cfe26befd,2aeeaf1d20aa9000,906661d4af991ff2,307f050ee880183b,aea32878aafe9d28,86abacf71addcd2f,f2e01e6d776b693c,7532a6a391a87b5a,4d2ebe0380049918,d9c2aa3eedb9aa2d,f44cf3a0e46c4b3d,1e93c4033f4cf039,c34cdaba803c2b72,3a928f72b751e6ab,0873a87bce0b4880,dfc4f8b2191b2a60,2584f2dca759bba4,3736a5d517d68ab6,08711aded240d570,74173d655e18da34,c46dd3c5e2c3a545,d17418d7d9e0c587,957a0660aeac6c65,23a7959abf5ed0ec,d7ff646bfafd9674,d144d3fd544e9681,ab3c0d2abc60f737,3cc3a9ebe29704c2,5a91857df525f702,183ac6d904e88819,f85044200204c199,3a08c7cf692071b9,07958d5130b950b8,cfca9836995a9c3f,b31e50df5e84da85,474a6cd935bf5127	1	1	holds
2	51	3	host	0	696ca854676176c3221ff8a408b7405d9b3b19eb25dced94a65ec9639e7508bb	1	2	host	(nil)	host	0	256	host	7916bef4806ee6ce	16030e5e6a24227a,af626134ad180af1,c35ddf7e16c230a2,7278219a4efd1d02,cbcad9921ee279f8,488553b2ef637da5,4c6dc4b8dfa9e2cc,e031de5643203381,0162562bdb9f022d,ab6442c13f852c30,dd250e19fcba05bf,625a082e37630ac9,ff9512498922d362,8bb8874c8da41a9d,ef09fae5d19359f8,d1270e0331d3dfa5,2b78d088d6125212,2f4708fa5d6b7f79,ee50c88d78c66c93,a90c7152d0089259,23d92278583d44aa,2b93b70604569aa3,8baad0ecb8066f0e,37b2a8c5216e4cfa,1fb1ae0ad13c8c0d,070dc2cb79cf8348,501e63799e434ad4,0e193f43f8b4c509,8d052689a27debb5,3822db5d4d732429,93813d2e5cb7b4e7,2d6d997731e3cd6d,13f420b1caa5c94e,942edf252e6e0c26,4f36e545868de0ec,c2694c39408590d9,5df7635cffe21e15,53bf701ca8cf6f4f,11a93e432f2af1db,3168cead6be3a93f,fb324ef6a07dc572,06bc033d0c17d6cb,fd38bb2c9c7722ab,39f01b2c32bc8d85,3bf473e9999ab1d2,5d0fd6aec3f3e649,5272cfef7951ae00,fbc51fa1da4fffd9,007124b9dc23a025,0e19f0fad086dbf2,b29aab9bcd825d9b,d8b24f8946451aef,975fd615c2fa1a62,b0e0bd0296509ba8,874f44527a1ad795,8828101d98b53a2e,d711a83ac273d4fb,d66c9e7c7044c869,a7512e442e4f5f91,cdf627faf2feb7ba,61bbb7986e9c95d5,9429430db3190e70,8936424234612fa2,b243a4016abf9f3c,879f1434c593d040,52c6a54aaeee62be,4c93140a36925308,5cc5f34c8fc14c5b,fe4c11fc8bc60646,cc9ff3b565ec73f7,14588a2bff2f9a54,ad5470db1b3c7353,d5802aaa3a893692,d3e71435fbe77292,ad073f3ab9f6089b,81bda958bf6d22cd,9dc531e694e54a5c,acb340cb87016432,6dec58a2d2ea48e8,3c41f8bfaf8c53d6,bc6e6dc5a4145c58,b6838ff1f89d7e37,ec57109f1c5ffbd9,c8036c5f9cee4250,80df2d2b63782620,749a6370c36fcd21,44b9e5082c9e4f1c,c084b1317e4d3592,72dbbabe86287c23,8d792af1ee4a8e29,56b088ff81fbe8e0,6959e9cc80842e92,1de7b0db58839763,0afcf1d2857060d1,13edfd7ee45b7128,0adf5d605dfe6128,84ad723be5735219,9b044fafcb531831,e7916d19b79ace1a,1fec2100fe8e0e77,a051c4a042852d18,2ffae66d5d2a352c,b2028b91f8856fbe,e157384c8ae0957d,a014fe53533db5c7,70c6bef2c0e84dd3,5b0c2bbc15a6d6e8,d720e40a7a6bd9f4,b53730a51cd254fc,ab778ea1b9ab886a,f9ebf80dceca5c0b,0a957d0297ffb749,533bd508605a2716,19cd0118fb05f72a,73c51da1d138c2ba,1d98de9b8ed377c9,91f396850567cba7,3845a415f1f6ad10,63d30e8f264a1096,c46ee89208183fc0,553f5323a501a7a5,fc1108e04f32d6f6,95c2928efe463b76,4c87f0b15c707f95,ec33b48413088629,e0a42966cc6f9489,89134f9ec9f5b69f,01ee1a82e66cfcd3,c74de69dbbdad03a,54d0640b1ab115a4,65395056f820f7ab,502e29702a3fcd2f,7e51da950de53942,07f18b3d86f4b65c,041ac8dfe5f82fa2,1b9674412b45efb5,89e6fdcbd33996f6,2308a78abf9b91b6,f6a58aff31a9c1f6,981198ee61e8726d,bbf4b7782b9e9d08,05db8b6d6ad4f458,772fba9499ce7649,d8d6649e7bd1d2f5,16cf0a26ee60f6ea,8ce2eaef1f813984,f0a9ee26447087e3,bc9ea321f418a228,c3a1207da70f1a43,3bfb4cc6d8f61cf8,c66c5747a96197f5,e48c8ac885676230,0aac26cdf70a584c,ae1608ef43be494f,0079166e93013d72,59a95fc81e6359fe,9aeebd5fd503a29f,f12677ec92e2aa60,39fc9ba4df229595,421f12d1953a744e,e4996b9972bac304,7c76bfc8fdee8a5a,78c73c90183ac077,4013e299151821ae,737860f1c6ce30f9,dd46caa876d3cf2a,9f89849a5b50d456,34bca0f60ddef67e,013fecbfc6ac7be7,f1ba4bd90369f529,f97050f2f24804f2,c020f162ce981adf,39569f1c0f6d1d57,93a7816204048547,e484cf49f144ec90,bde278d4e5d250af,9a762ceec020861b,f98f867607bce259,f42a946ed3ebab4b,7cabb98f66429674,767479ce414eef69,bed0ae1373a9312b,00c7a526cfdebac0,e79a1d6599acfe67,17df2e0e5b7e5614,63ec7bbbb41e57ee,e6f832ee3a9816c5,d82ba86a7becb889,bf07c2ef124ada94,a5385b1d861f3078,d0d5ac994f804117,c9c59a4a407aacfb,b7a35dc278f34aa6,acd6f5728d51a913,95523f5c316d0a9b,22f1d1a4dceec242,66f11a742cf25b28,ae3b282adeaca585,8c95c4094f367b0a,7bda6ecf8c4ffeda,53f7bdb2e9269ea3,9b38b74fe027019f,9f38f4f8abe80c9e,c011a4e8fcd3ccac,a0484efe3e64d874,9889dc2676f122f0,2cd4456ded4dd200,ec4190a24df0459e,94cd6d310fc9bb4f,923dfd0d647c03d8,d4680d426d194b69,737a3f79aef4771c,e8d4dc503751be28,5a27a3ec6109bf5c,9f39a999e846a51b,88c77d6e36c6a7fa,c050125631626ce4,604d08721ba295b6,cbd65713ed6d1e29,a3d2f86aaf33dc3e,146d89d1aa59786d,eba20f6276df38c9,b677e7579a19e672,70d4ab44f347fc31,171635e1200035a2,488f4ee97fd331fa,7e5df7cc68711e0c,d05c823277b02199,bc1650ec728e2d08,ce2a83f947866926,8fbeb481783afdec,2de0c0f3e1dbcfda,ba1fd0a2de05594e,412310750e675393,91cd7d3a39927cb2,85abcdad9bed406d,c29b5f9a3e18f437,e2070c471af54a3b,1422065242d55044,81891ad7d9cc1eef,9208fc3ef8d0042b,f41245548bef147d,bac00acf4863adb9,1750f959f5b7dfe9,9070bdbe42365af7,39822492ba126235,731f59e9dc6db0a4,916ccf9ea3647de6,d17d4472c47bcb77,09b0622da3032e69,68110caf08fedf63,f33f1ba517922cce,b59d274b6fa5235f,7c461b3089ab5479,cef643f7b265d690,c0e286a32b5fb960	1	1	holds
2	51	4	host	0	696ca854676176c3221ff8a408b7405d9b3b19eb25dced94a65ec9639e7508bb	1	3	host	(nil)	host	0	256	host	79af927f07ac50c5	282eab3966b7eabb,81b829c1953d713e,08fda5d6072e9a9d,52bb878862e43aac,1060fd5ec66b9fc3,86054cfa92cb16a9,38d720d695bba500,16b4df9dd7d46ad3,fb130efca891878a,6a773aa3d77b607b,6b2e24e00e443c61,fffd7bd3122c408f,abef4cd07104b3e9,4664b5f90cbcb520,09f3c73ca0e22798,7f810af310192787,b4fe27eab9f008a3,1b59c686a260f523,4544e61797e5ea6e,88b53f6d7c6604aa,ac994a15f0770d89,ffb088c232202263,81f0e3664d16c51e,d9e2614fe9d12fa4,96778fcbc9a4dfc1,f572c28c90b671c7,5c558fefce4fa034,b13e7add68b77f50,2621f985edc57997,1c941cf639c4fbd7,9916d069d2c07424,8ec754eb6edf60c2,4d941bf4464ce837,23603e54a2cd5dd4,beeded28d4679e2d,59e4f8f6597b1441,48d8c1aa16b813fd,10004a524ae99278,f5fc3f3b12ee1acf,22a3341e28b22389,34eb219a475ce3a6,ffe28258791e3b65,fb05fe77dac888b0,102aea1b37f36dd4,7c139245c8a27030,543c4ca75601b2b4,c67e77f169d61439,a8b54e202e237907,2b59dec0e33e2e71,bdfd9aba748bbbfd,232023651caa4241,19ec1a4406c55e1a,8ce6e9ed7f73f0e4,ac5448ad52c0c0bb,7cbbe546bc14f8b3,ed79fd4eab59f94e,01e283793247e8a0,097ef3c54bb3cdf7,e6c72c63eb3c8600,bbcc8411845daa11,265df4fa7565ea79,e46067b799ed3a30,efe20280d68434fe,978e9203ccff59b3,2e0e828a8f451c84,9d47114893b325aa,91508d0737ae1340,3d019459a7238098,416579472364b573,3aa8af16cb6abcee,a68aec400bab2f46,620f9c18c195a8d0,4d4b5d27737d159e,e3becf20e9917e5b,4b8d277360c8e54b,ed29de3ec6341eac,88683919e2849289,607b9259175f64f3,77b252f11fa15e42,152f66a434ef632b,17a5c1dbec0ff92c,8aaa253300769150,5e43d72df3accddd,6610bc717916eef2,d908fd93d8f79ea9,7e729097e39b484c,415f9baa97297a9c,bc0e132fb1c8763c,071476a7c82d7337,e09d7262424e09e6,3629d7a7939915db,caa6766e903360b4,1acadb8542ba0594,ebe3f7fecf061cef,70f62e340cfc178a,06f5cab06c419594,0ff1347fd98bd7a3,a27d29f579558311,ba2cdf1a203e2d25,5852b8f8706b583f,07d3719f7cafe184,99cea1de3f7f2ed3,6c9dd7809025d144,e3217951f967eb7e,2a6e692f2cbee62b,a7f7e2d09891b471,3d74d0a1eca849fc,2239bb81b3eb7938,dfa9f074b1b8a937,cf9a9ff315a39a29,65711b1bd991c443,ef8e8a44689aacaa,1d968f9126048746,d473fecd369253b8,f175666a25900f93,263cf1aa767835d1,8cc545d161cb0e67,5fc7b9131a38ca41,20e3eaad9d0a97b2,8d57092cac343042,05e47957274e20d0,7b925e0729ceb0d3,2f938c3a6b80b987,05dedd732506cd01,b57afa4794acd040,bf17843040abd8de,045802f85c94d997,44a296455d82c0fc,60b740cf7d795c60,a0cd25f58c4c163d,3a35785925c7f880,0359c94e4b4b6f6b,ded902115b07ce0a,99c9dc54d2558fba,fb90b9c3c9e861d3,779ca0e6de40889e,453af552259228b3,0874da6f3236e297,4be5fccb537fa6ec,c322724531f8656e,ca1ae4041f67701e,d1af8d5750b3093e,0b5f08f8357c23cc,c22856849e17d467,6a10042d400fd331,76b704e0b86cc34e,1983f8577b5fe198,c0d3b19972bc2d41,b20e024363a97945,c2835718b3c46617,afc7df935efcd76c,f7e8ca40d0706bc3,d8c304f55c0cbf0e,cc95350188140bab,65d0cf8726f559fc,12453f656a9a1203,af85c610059e511b,5737f5660b3b8386,50bdfafa876955d9,35902c48f2f50c25,4bb8bbc39c0c905e,e71e460e73e953ea,e9210bdd07903133,b709de3e83a68354,b55679feed68fd00,5c3e0cd72a764acf,8cc1553c41453820,3b69ffe073727864,6e4552afe3eacfff,34abd3c60aefcf84,02d5b3482078e0d0,4974c00e5e7c9bbf,cdc035cd6c26c348,4dd986bc0704b84d,13ffc3bddb580645,6a3bea57f70a4ff0,78b00a5e3eea80e5,22340fd00ef36a17,0a9f5a8db2fe0720,57f5f225d56b29e0,e662e2d7a62e8633,458e152f52d6987d,ab51be9bf723f935,e8029cb6edd9fdd7,e667a474ebdc048b,60dd092349edfab6,80bc6da768920dce,68bf128f5eac8cd2,bb4bdb625f0a47f5,dcdf012095024a02,4005cd69335b6442,fab44f6375698ab4,9d74b862d90e5cc2,31b1ad9b4a7b93cc,ed152ad4b9356793,61ab07d2a15fa2e3,ff94dfad7b1c63aa,32c9e4a922c2b8b6,0dff379cf8f8c673,3f45118985932bee,26745071ef7093b1,b3f177bf87d87686,610317399d48c107,3b7ba409e1b6eaac,3b4843c620206b73,33e65657012be785,a7a9b1a736eebcbf,aab4f577a63e9918,b0a496d27bf01654,775a0c1fa4bbba39,723aecfd451bf438,7c2f2b73a9b77925,cb50be2e71a10fbe,cbc9271857c98895,cd57e471261d38cf,b81dd5ebee8298e9,804e3cd0580c0a56,6b1a195cc38f6a0e,5567c587203707fa,d48a969b75f62d95,ea7ad846456bff95,64a4f255f181a671,c1f6768b8bfc2be3,1c2b6503717d08ed,420921a4c5a03538,f561a0fbdeb1f9aa,f5f56d01c505dd26,e61f94931c1165c0,08e1cb7a50bc8d08,2b15e4869bad415a,bc4a615b1dfff752,c9786b582a1adc8d,f27a6670a0ecc180,55f1de8e99078d4d,e3b35b3524a513b8,28a303c8716b57ce,c4f6cac90d537f80,ba35ff33432f9c7d,d23a619557745a6d,3ccbbbe112fb56df,5963e34cb41defd8,24046d07d7e7c3ac,ef597268cd992e4b,2bc25d705231d091,c48e81eefbce4b77,c1921a1fe6e71b81,293f2b140a7a0d94,682e9c7461fd4a33,32406e9fa2422cd9,60e911f7c4df9d5c,41c75e703d65cea4,6078ab1225cc2760,52fa1660574091b5,f4d7cdf340d1d6b0,0362720c7308ef64,5bf8d9a32e1e5ab3	1	1	holds
2	51	5	host	0	696ca854676176c3221ff8a408b7405d9b3b19eb25dced94a65ec9639e7508bb	1	4	host	(nil)	host	0	256	host	4974d3ca9a91b3aa	4f3e5b8f98b6a82b,f2c2f65df231901e,d59780c2bfc11f23,88d09c00790799dc,62e5e12779dfd020,8f9d2820267bf97b,427c4857311e4fe6,e010d016b8ab477b,1329e58d9f44a9c7,08fc10c3693c65c0,ed74136a177c4e28,3f41e917b527cc19,85faca77e5f31676,c1351f170122fc0b,80ca6726ed5150f5,940dd2ff7db46d09,ec7df82cb7da6f70,9769fdd2f1bab80d,afdf96ce2e6b42c2,acae7992cbe661d8,9dbefd92dbdeaf99,9649678079e8377c,c9ccd2296b43d76d,09a25efae09235ce,63fbc6502db59d9b,750f1a8491ddc7ce,e88f03d202e56e27,20ea769f3221d41a,133fde393cd3b2c3,42cc635412a0d6c5,a2780b472f8aeac2,467c147a86617fa4,a528d9e8e38b5320,ba3200deca1113fe,1086f8a6cfb001c0,fdbc41ca118cd48c,86a05adcccd8bb08,4a829d11fcc83898,ce23c348cb3443dd,67c565f414a99556,610d5724fcfb51e4,d7e568007b26abf0,436170a26dc53a78,0721198e88a8b14b,1a428a3c8ebb4684,31adf0e07c094092,596846fd78d3ca1b,3924f68d8d9af9f9,03f870a927be55b2,54505b43513c9ecf,94a2a08cf35369d1,0ed248c778eecc57,7a8aafed6c8f7046,dca1cbb16ea885bb,1d0449f3cb7aa73a,c770977819c4a615,88651d22155f6597,13a57638306d4d87,eea0bf5088954dec,9118c7e90b2f592d,37811deb0781bbcf,12f33ab5f4b790d6,49dc85a798e4b2c2,ceeefd77fadca4af,9a50cdd5d7d117cc,36b3b80087e94ae6,8372fbf63833b8c1,17aa60ce4115eed7,d0ff974fd099b5db,e010c36a82f57194,d79b19828a3c9aaa,7c2b458056010578,e62be6d22a229367,07efa251086cbc9e,00ce9aa7604026db,39597da9787145e3,4d2be8566e2359a0,7fb61d2c4ef0e049,88df8302a2a2adc7,b455862fe208074a,3d20a9505e4d7611,5fce9795d434fb0c,fd9a03f518d05589,4d4194f5ef3137e2,0e9d65435b3ca72e,a15a6d0a9e7b0bce,8aef4bd5c7e38f66,17b1e894af0efd45,292f80ecaedff305,2b790f8fae866641,d77ebeba6cb421ee,29db1b79c0b569d0,52528095e266fc9c,4425e83615120bb5,f666a614f94bbb34,a97e2a070f7625c1,8887b0671798c8ab,233afe3db81a85ae,8d2e825fb4cde86b,b9e12df7c955b76c,039c9eb1c7fcd311,1d12827c9bddb9d4,623edb80c9558161,f0d081d96fa51929,b59fc0dcf63ad9c7,66ece36e36ad7421,437f7179d91bdb7a,502e8e120e5d75d0,3803cfd3a36017b6,6cde83c6ba99e385,66e2c8b21bfaef5a,05bca5eb58c276a7,81939e89f0ee186c,536761bdc6db0855,6dbd4847c25842cf,5284d68c968858e9,86ad3990d0fb4f2b,2a17c2b603f9e8b0,d828139ffb4731f8,8826d43b7d637efa,82a275c9c2b5087b,c112a5decb7870dc,673378d01ad7cdf5,89ac2e23f57999ad,4949d65d1d662b8e,b3ba0e74818dd984,476e8c12b669bf86,4ab910194404f8a1,de254ebef12f6cfe,781977af3dd4a687,8d7209602aad3708,de7c5a884de4ad90,91c767b29c5f34a7,391502f0c8c79bd1,28fbc52a58ea22bc,a49fc96cd2bbc7ec,57fdefcae95bbdc2,66d3a0ee67707704,2359138c287595a9,4b8be67893374421,b7df67959b83064f,2cc3ceb48a2d2e4c,e5b544a0d80588fe,15d79c707d63025c,198a748a2e6f5aaf,fcebd59913a75185,55e7fa0b292f3466,ed8424489c3317ed,69d0945729a2b3db,31f1e26bb7a853ac,776ab7b8411ec9b5,f6ef39a5b6afe401,26fcb0b735c4832a,d1405c1763a81b24,804b7ab0d1f323b9,b5ba5cdc0990ef85,8c6289651799ab4d,0b59f80f9dfc0ee2,b30f13e3b2764eb4,63d7ae8652bfb1f3,c795585734fcaaa5,598cf9cb3bc4ed13,2e128992ff8f0c07,a0a7a75282022afe,9dc9165c92db0fe4,86941feedd7c5bbf,25c8a0d997550ac3,1f7d08a2ce4b4fd9,454c9a15b367394a,08e2536b689fea65,d730560daa5cfa53,4a69cc10e0d7eb39,0fc696a47fce8e6d,2718a6974a3d6879,a23a4c98e1bac42b,4fdfdb2e5a98fedb,0a51eaeef36b5b42,52a6c22cf70f8591,b0b164cfef912c3e,784ebf452c50cc31,bb036f71c64407f5,71f24fd03ca57ca7,9f7599e15c1075d0,7af8847fe6f5961b,028cd898f48de2aa,9009babe0d00ed51,8156ddc2b846f96d,3906b5f3208c7dd5,bcf3a74258704a02,f38a2c29e6a7929c,1626726c483e2b9f,bdf8f0d85fa9cfb6,9b280be11054e24b,1784c0ea254babf2,35c979417f201a1e,f704bfaab90fe8dc,7f8913af2cbdeea7,ce34d9635aba6c97,b4134d07ed4c0463,3273592bd7a9ff06,9dbca5871b11b7a9,3c73251b9f9397b5,578312c2639597bc,a63834ffadca9ba1,b261e50ac657e3d3,74ab51f61d6b22a3,28cd1f495305e037,1f9e4bcec71db1fd,a09e76faf81d2771,fa209c52816bc0a5,30e1cd15bc9484c3,bc3631181b440658,97a3b13e47bfdb85,1ac38934a6edefdc,3a685aa91bfc24f8,6bd69452839f5313,ae3c633c909fbea0,5453772784f8d835,b0d58849da7bef76,0e77ce4f797e8854,7e3489cb705f4ef2,6f7120dbb1ad42d7,3f34a0e2acb9941a,9c1632af5f79d29e,80204e81192c51a2,c4d0b025276b9fab,dcc718a50a3efe9d,c500ecaa648c6d35,5e7e841e464f1a45,34c1ece41494c857,92b7499e59674207,abbb21289a535dc7,b0f7a9cea538250c,edd963d261e54b97,15cdf4881bb4ce6b,e2f14cb818c9dbe4,2d30d9b9cb716a1b,a825ac1337040df1,767a4fd3b2d76349,536b6f75546a0c14,64a673e9bd1b4d8b,5aec8b2166517ccb,e8ac539091a1d640,f62b7445d52abea6,42e1caaee034a91e,56914cb0ad938eb2,8402fb920859418e,5405263148198278,5b7294f243c000b3,e3c4f299846fcb51,477fee9f92178113,8328d3d98710b501,c336c6225be3d96c,6dfe723c9483d6d5,6ba384d3f608c8f6,09ee0c2c7bcf2cdc	1	1	holds
2	51	6	host	0	696ca854676176c3221ff8a408b7405d9b3b19eb25dced94a65ec9639e7508bb	1	5	host	(nil)	host	0	256	host	e18c44b8f651eb71	5f481bd4f5857d0a,beabf60b34a65e7e,7018a4ebbef51313,5dca892d9f82f5cc,b29e1faa71b6c829,6afcc10edda80de1,68265eb6561e66fe,4a96c26aabfe860c,75af62715b8bff66,8da4bf8b1b010013,e7df3a4a342ec64a,cd4eea048fffa35a,2e79d4d7b614a17e,b0f288d00ba744e7,c352a7715ed5bbd5,f18951f659888b82,e1f69ee332cef7a0,14476b5e2ebf871e,eb1f058e7e9f601d,a855dd56970f6a27,09b3997501945656,933589ff27948097,7e2c6e1002928a9b,64e5a494bbedb584,09ac3e13e6a03eb9,64c15ecd11554cd6,08e9ac2d20703846,4985c88d65d1c919,f82f6238200511c2,95abedf774331bea,c4d2d772a925ea4e,f9ad3187ab166880,f7a1f8daae4911af,139c82df7eb99810,7365ae2114ba0058,3b9625275ef3d062,ec82838320eb3c5e,ee713b301bce6bc0,2b643192597fe149,c3b43584fc030ce8,0548c517d080b135,a33e2c2da1613f28,c7ee718291bc9265,2e43c88ead4c1fbc,b3bdeab33b0dc67b,990a02e5b38ac4cc,e19f63f4cce1f86b,4db8104de287a731,475c81cad4e9be1a,53d98c2c1de85bda,13b40a4780c66dd4,5fd86c8fc07a98d1,03af562eec41a4a2,a84c2eb73a9dc9cc,79660b66610e44b5,2a390f14cbb69478,a04f35fed32ccb68,5f9af3144f96f09b,15b81bea69a7002f,bf93e81040668a19,5e3cc5d5a25ba67f,5d8987a63218f4e2,d3f97c33329ac699,5ffefe8d45dee988,639c9309d9a3dc2f,90a42cb9de67310e,d9fb2ea0fab0c5f6,8c28d1c9d81cdb91,60356c940f6b1178,180bc4cb93411353,3c99b7b41a7a8468,ef638c5a928ed6a8,f9c7ef7bacd1e27d,6d5e9a0f9b9459cf,ddb8a56225749164,808141b47cb784b7,0fc713f37d8cceb6,1a1542464ea33981,a54ec98256923e45,119f35bb71369e1c,cc0d7d434954998e,c31e6ff28bdba539,2f70405f0ab89925,02d609470d2fcbf8,c86332f4a2bed695,9316c189e5d81895,09e866539e8d2032,6fd54f87cc0de1a8,cfcdb738daa9c4e8,905d954609f367d3,ce6d43b06cbef65a,c83c520e8c38a3d8,93a90fd3770bdcca,8de547352faba425,db8c1ab912fa6cf0,82c9197c5ee742c4,e730453d89298b62,d11bccf33598748d,dd74e678a61e58f5,e230cf85c87588ed,9c2d80885b80b779,760b7b9cea7d0332,ef511b6df1ebff16,0d874d815b685bc8,90ebf72168ef9afe,25ba98cc11b90a55,5ab02629d182a91b,546eb42206ce0096,49c3423ff949e54c,d95cd2b3dd06227a,7e7911d672f62ab2,37ef3d8ad732ccd7,4cb6f5d8adda4e38,5553670c9d66fe69,f898440213c711d1,daf627d9a813be29,0a7b73008d154a95,86c51355bdb53351,058758e1e3994ce1,dca5b7731f6030e3,ea2be8eeadb17189,1f777fffdf319dc3,15eeb35249954229,5b57af98a22c0d1d,f23888a4dc52bd79,1e7e0554438b6dd9,5c4190511f77ab2d,f071ffae8f2da1b2,56f5afe2b48c543e,be5c18a29d6cc3fa,1e0f29ccb01926fa,2ed93012caa60e79,10dd7ac68e21973d,042caafcd2153d41,5fe3c1fe8b093161,489b18c6d6f8a0e8,72cdcf5c874ce462,b84cb14e04cf54af,648dc52624c1af5f,79540df84f4b3bbd,cfba73b5f3365bc4,45201110f1012e5e,5a3cf8c53b27b401,7043022055718dc4,d17d771fe63b21ee,16c19b5b4c2a5fb2,f97ee139a158fd93,654018eb3fb277cc,5c92dc994887f737,8c39f389cf5d85c0,b9a0f439bcb14fd5,298bd1ef5e28e9c3,70cc1d11e2ec3a2c,fc3811cac36b3d37,98e87c5f93853eb6,532747461588b74a,472f047602c7ca4c,5493cc2ae2e865d6,738c723c389cc17d,119a3ddb0ecad742,de7040e5e51b3c36,60d0361ee5aac900,c8da77df41550436,6de9a7a2549add29,e955ae044d9457f2,97bcd0ae9acf63e7,bc996b504ccfe529,7342e742ffca2536,3f48484c6ca86848,b39c775fa70c6033,8d34f40ac4621a8c,15462f5b8f542a47,0ef1e68d7ce4a619,e619afc43ce25c87,f8c0b88e0a6b9ef5,5751c47a163915d2,846b00ba7916fc62,d58f198aa9c28306,07b726ce1106fc3b,0cd390ced269b545,d381488910aa78a9,4e05472861eba9de,20ffecff410a9370,76ec58647d1827db,2b2d9e9c77b610be,eac36a3239c756b0,eabab75ec963ffdc,7d9653fc1dd0b5ca,b7c70693df0af2be,252eec45396078c7,13705c54e868f377,7d985e289da4d214,113e6a0812724d0d,f07408e45be68c7e,c4d04695fc17ac76,29d90cdaff2cdb99,863f4b87fad7d90f,1ff7b8b0803815ee,7ac6be98d2d6d6ad,d5fcac5b72005371,a9530e309fa17ef4,d32b22525e939655,e371664a6bb4b1b0,a8bb1b527deae85c,fd0891db2599fd8d,9a2f1a82751e2d31,e1bfa7e1d2fd4d9f,cf0cfb11d32fcb92,4e8b85e36f4d4ce3,12809e93b3d4bda6,0952b925bbb5de70,e334307fdbcb9bf1,0602fb11a57fb180,4ad5f33ba7d0b744,e15aac02b71a0c90,9e1cbee0c6b9b422,ad7ca725e49bfb5e,04b509648a686dab,4aca8ad217903807,f8198a23d48b8c02,31452b3f55e08e53,636457ce16a1eef5,29573e41fa858341,cf9b9b5febf4c272,926a1c8040f90b94,f4d47bf3dc0b57c8,26ecaf537ba22cf2,4c03e697e7988d3d,a7ea9b07455ba55b,0d2211ec7551eb45,ea41a53d00b67b12,0f544404f7535d7b,efb938f6dea9d413,82fbb041bd758618,b38a61035854d5ea,fa49e1558d773797,b1e69ad5196a5c6a,55f91183862726a3,24143eafe3701f1e,266c8fd233e37f07,7ffd72e84e9ceac1,419bac504df22748,d0168c14a17569f0,04f51410f3e56af6,e0d52645fa66dc4e,dbf5357aaa5894e8,edf56527d06fc905,6632873b1741b84b,871d83e2e67bc9bc,2077de9dd355370b,3b4f74966da0f9ec,81bc70de090ade5c,ecdeb01880c35831,de0c34c555786dbf,2feea5871de085aa,5f068516deafbf41	1	1	holds
2	51	7	host	0	696ca854676176c3221ff8a408b7405d9b3b19eb25dced94a65ec9639e7508bb	1	6	host	(nil)	host	0	256	host	8338359c28b2fb96	b6d35317e64f072b,b4b16c13bde1d478,89e58fa325f0f029,a368983dea314494,bd800b455650ce74,ac2f2248fc6e90ea,7667ec1af2c7b96b,8ee05cd0193c1838,06db13f9374c0405,59cc07ef55e1b33c,0c046c7e1f95a0f3,ff881f3e965f6912,0b109fd9da4634cf,87b0a266b4c30725,d3a8a13f4637a069,b9e59de5f08a4f96,c5b8817ea57fbc63,988230ab555de376,92bd283d61d1dd91,09c91fba8720436e,636435f2c80e6d32,06ce1db96242feae,17bfdf8e631d3ebe,e7929a7c29a532f6,3e5c4925452c9ee3,128d631d755d149d,73e8d443966c2c14,6c87968e56139bc6,e940c284bf9f3f8e,2be3f845209134a8,aae2ac222f936750,160b7e74726a1b4b,6725d4324906b985,960c5b4471b70064,335bccc0c88c047a,8dd921368731259b,3e7f0de6ac9a00db,809eec4eca643906,e13e204bea824798,480c617d0baf74bc,6b73d27ca0cee9c6,3cf44204b224a484,3b4784a4d087e311,8f715ab4bf75ab9a,9b5dd6d7bb47dd43,5154f0bc781b8b82,a09b8bb144f42db0,ee35a9f6c27438b1,80eed833c431a251,c5379e47b03cf565,1f30f5cdd53c2cae,ae3e5c4f4c03accd,61e186050a4f3585,a1df8b740aadd822,9155afe38f073422,17d2b9a75d06a238,cd0308b109824d7c,e3121d1503acb588,1c4630fff3b196c0,d4f0eaf66fae4f28,c899e5a0ce6e774c,113e6715c8de0332,0da3c93d81cc83e1,9024bbfc916c63bb,0d0cfa9ff40c278c,546137826dc8d9bf,c002d96676080644,b90d40d75750dc3f,2ca9a4c2b190ffaa,9cd1f2b9c58fceb0,62b559809bf7b8c3,9a1e1caa8c7f33f3,28a21d96d2c59011,2c194ce4db62fb10,8a5d8fece232771a,c0ee33c9080b6ed8,b31649940bd9bd6e,f84ea10827e6af2b,853909233631330a,174e4c451970ad8a,e53460cc8732ec2b,33ad4ca1b7397e05,dab49910eaa2b0c1,b8bfda61c4dcc65e,151713b89e611702,91bf061e15a3bc94,99fe9e790a03bd6f,33b032d5bd14a8ce,0702de3cee415e15,720271f5772a70f5,fe78a47b5f2fa03b,e8edc8359be1fc4d,4407ccd1ce77c104,82345697a598892e,a3582a5206a4a325,d13d0a84000d07fc,83fb05a5adbc0a64,ce7e408154e72e90,637b808e8df97896,fc7035f561afde80,2fd4f8b69d119c74,c2c2c318d6a9dce7,228d224571fc7f99,e92266130ae40db9,a4cdd96716e90798,02f48a0386629b04,f29c235c06d3cfed,3eabedeb40d66e12,36d0acdced7c2d48,2081fffe02d81511,dc35727ad8924a6a,c41118a8afac4042,7a0ad092f7fa5f18,e6ca1067fe043b74,3f8932d26252f83b,4270b8bd7c3127ec,c607034dcc77351d,8e06889f509d6e38,de94351ca9746700,88bc00793db99272,4f83f6ed626ec6b2,9646fd27888274d1,d98ca27d0918a753,effbd0b60a8ecd55,8ae3a9ea6f59ceac,52a053968e30d584,86775a45e047bea8,4e0be385ec2f419f,6c2b12a43ecdc8ba,a785bf85378d6655,4ffcd3769c3497dc,cada41ab5cffd56c,f6f73b985a3b1bd0,ad53b9709d76ee7c,bd0bb080690d9d3a,376f699ae94a37f5,da026973708d73a5,10ee5f0d6f41cdc1,fcbf340b17086a28,5b87adc909b2bf2e,3c30b4ad786b14eb,60a8df111c2465ee,0a41a1fba4c71c71,5ea09253e6d863d3,ef18bd46fb4a2e9c,a1fa77941ab5ea6b,35e1861e00767689,46a588709204bb8e,18d84db35fb63b42,bf7bedd3f59964a6,49cb3ff83f3190a9,7855bffbb4b3e1dc,f79340285a1e86ef,271f9a6cb4cbf470,508fb4b814f5dfe0,7126b43e80258857,a6babe88d54e2868,0019b9657db17298,7471266d1c6a5180,9690a0a219f5617e,a5e29c003b85f519,feef15b872cf5c02,3533a5b8d9f9ddcb,fd33aab3fbb6a1d4,765d1ab8af9a429a,b7064c631016cadb,d470f1867a3be5d5,d3d87557746bc82a,a8d40c65d0654802,a7bc0060b4d4c134,249627f5ae023bca,1720c40d673f5028,97765e5ed8793f21,15ef7a7bd70f3311,bde7839af4023060,b57ed36b7506dff1,cdc8176cbcbc834f,2ec8ce5ac5553744,8f8548aceef44f10,40d37d55389abf63,a4f26e35ee009669,2e5fcbea2b218db0,484b1a5774720581,13bd3de1e8f60b47,757e7cd0d91addc1,49ceabe3b8403d2c,448e1e163cfa016b,5a353a7e3c708e6e,1d2cab256b6dc2b6,f2c9b585b31e035a,fc07ddd442a88a5d,1556cd75bb0474f7,fd55c6e288df25d1,464b77895d55a9f9,79d632ec6b91b48a,e3594a96f2869728,d394f9de7cac0081,19993961941d925d,331c9e7dd800bdcd,850ff7a458ec2aa8,4a6eba093c9ffd3e,5165dd4202a35496,9cdce8a801c7ef17,c3980ddcbb8e67db,08a98d6a36fe3f24,95b8fcad68792fa0,76d587cd8e6ed9a1,268008790c8f5d35,875771a180f96888,258e14e0a0e2ef90,c9bfd0108f7b7893,8036dc4a97b33541,4c307c1a26fb0e35,54d3eb16843434e7,51a74f4e67f0cbcb,a9f5b96a7737d78e,e04f87530c9523f5,18b7db5f7ec7da81,8870d4e82cc21ef9,72c464ec25b9a8f8,26c87f95ddec509b,53d1349273c3e2f4,319671d973a04933,cda6b1ca34bedb32,2efb4fa4d8e488b3,2ca95a8b86c9e6b2,0dd1636bd01a2c28,4194bc1d49db2f25,0db6c3f4b0480f5f,0b4692bd213154f6,345a9f6d54afb3ef,e2367ed7888c0e01,af76c3b161c72c01,c88b93b56995c3c7,92acc67875dcda0c,6954e36b9170c897,6167bf7a71d38538,81be9d03df9a8c59,a8fd333be9d0cb35,d308e45a91679fde,68a589c7cb28b61d,8792c3c045d322ad,4113a1d1cefd0a79,b022e4e7b25fd3ae,38a8bbea78d85ee0,e5900b4ffe0b0be4,0a9b4c166074d742,0bf5a01cfb6f4284,a9ee1bc8987b83b7,c9978a51b9be3b3e,67658c56e3d5a206,3f724e00ceb94893,f0d44430ca05dfb7,767a4015a3bd4279,fec12e1cc6603ab9,46cf357fa86fad73	1	1	holds
2	51	8	host	0	696ca854676176c3221ff8a408b7405d9b3b19eb25dced94a65ec9639e7508bb	1	7	host	(nil)	host	0	234	host	691a0c8e49e35625	18af39e0aa0333dc,170f11e6dc73b2f6,38b1e024859157ba,99fb40beb0b2a5f3,e63f446c22888c4f,38aa4c2bcb6b3e65,c46845a8aff600bf,2d0b8eedfbe2782b,ba0bd2a9c5945b09,d468e5a0558164eb,bdb63901ad870f85,6990e969fe151c5d,27245e89a63babf9,a138222d9c2f98bf,30230c1c59168df0,2f724fb3458b4bcc,6156194be88a8c62,534cf81ce3b7b4bd,614428f34c41dd11,cc1dc59adeff3652,a2596a3bf8c9115e,a503e4f498b71e1d,6b5a445da5ce9175,08670f8299f27dd6,c4428acd6daf07ab,df15bb8df9680f21,4ad3bbad8b3c392e,52cce15ec2c883f9,20459e8a673f364b,41a06912e5fa7d1b,dfe7cd61dcab654d,ccaa499c1996140d,fea6f6a454e711da,052182901642a4ef,e342765e64c85f63,576f3feb0c085813,009ba3fd37c90762,805c313387dc93ae,66ca03b19b623921,ec7a65f8af37285b,527e75c275224da1,3d6091a36820ad37,98ea0b4948048440,2e7f7d09704d25fc,8acdadac68091799,6fd51bc844fc9e4d,c8bea57f740bb8df,5ee2ef2f764f0ec8,d869610ff8abb21c,b8067be5e772b15d,7b14a2edf78ed180,916c3ddde37388a9,b4495cde66a00d85,b172f3828e9c6364,a7ac4e5a7e5f5d39,bcd02cadbb85c2b6,ffa5b86564b5c3dd,eeb5e78adc7cc510,56d4f5adbe6b5769,bcfacdc127084515,2d4347fe87fbd3e0,bedfa2bad13a19c2,e50678664da00efe,a7a389fd7bb79ecf,b603aa081591451d,7ea4f03e3a1ecce2,4ca1b37a8d15156a,f3a6a5dbbe181301,51820ff5d0fb0774,bcee1b3b247766ee,f6107b15264c9341,b0f2716ee4a124b0,fe3f74854da4c0dd,2c4713dd7e74884f,763f0947ed3a00cf,cce145b89665aae1,9c3586b964af44ec,7c6927270c7e3f85,da04dc16e7b82189,09b1a32a33c8abed,9d365924fabff15c,c6dba4c77981e37a,652eab46bb63f794,82fbbf8894856944,5240aeaaeee1572e,eedde6c2f7d45244,bfc683b5b7e9b756,4e29538b8df04e81,df8f0575516d141c,d6ac0f1e4e2aa178,bd3e8c924b6ece09,7bfc7a399d06c06b,d8fd9e7325406b1a,80d98819e78162d1,4fc1139f906af5ac,44e07ce49c45b60b,4195bd06bb8822dc,67069d1d7f366ff3,de027563bd08758d,5a4b2c8acf5cbf88,7d3c303c88f48f23,f10031a34e624b2a,84dbed885dcda382,8fe53db6e69fa3d6,71daa61d50111ef4,749ef8be5d3e2789,979b86238d304e8e,d8ca324004d62b72,f265650abfbf1383,885d93b8c98b288b,9389f2ba23a03df8,c3e257c059f5b764,c94e50e1ef7fcf2d,80747a3a0413cf68,1abf48f9fce58bda,6e462d929e648827,659c42a1e0b641cf,14d65c28e93d243a,ece100a50ee76a91,a914582a9143fb17,ac476659d1f5e176,4ef4f04c4543174f,fe2c64285287cde3,5ea5849477fcc230,3a30cb9409e1112c,d839bd3dae578df8,064aaad0f9d72d65,99049df20364aa68,59f7d2fb5a80ea20,4877cb5d362dd534,33852c2e89d68b58,4a0438629dba936c,31441f4a898d72dd,286dd90f50a9e2a4,a3793991d9809b29,dfac203176fe5f4d,10cf85cccb9f7c7e,34847cadf56c67fe,28f9f7a1a2dc0399,eb83d52296da40bd,76ec075dc1ef67b6,bc153fd9be141aad,e9a8444df9280ab2,8320a9c0a63c8738,9bce7da75045a3dd,549bc7ab2b3ca435,109c8ec3f0eda7b5,879c5c56466c209d,901ee71cdeee33f3,db3fd0332e0ef258,7f8b38a79416f825,9aab7ee083d97b26,c9951413011650ac,725ff78ccffe8fd1,4a27a1012bc47581,f4a97c0ea684f5b3,7e59bd846a6e9e13,27d6492e8c08a46f,f86ff462bcce4ef2,e3a331537a131da5,e33cec650b552d69,b4bfc23f3cf5abbf,819befc8311310ca,3efd59a6b933b97a,87fdf715ecf1a09b,54b6ea3856d7db88,e61c47ba2e018703,689d71d99f2c5faa,968b89ddabf4499a,9881018b58396508,b02aa405c3493359,2d0644d10a1d6653,3aa59d4b13fdbd30,713bf73e7a46b76b,9aeb0dc39caecb7a,5fc5940bdd63c1e8,ed318ebd4fcff252,7c469a8ca4d51c83,d251aa258394174b,392941e7e09774ab,5efed2ab2832cf4e,6a9cf96dc4daa3b9,92574dd36b2463ff,f4613be44e26d6a1,419be5fa63c78062,31e3c91e9cf2a1f1,ef52c105d5bc8a5f,0b39cb8f074d8c6c,5def0ed00606d661,c031ef8adde60bce,f7ef73cd0f3ca505,7be90a2f24a20ea8,af394a19615d1185,c18261b164e0e5fd,8ef18fc0d4cf1b8b,b7e68ac969bce3e2,f988ba6f5de4554b,fb5a96ef02f70027,ae133ef7b805aa17,557d021c4e44d198,a1c758da6821cfa2,1789c9aa7b7c8beb,674b2b98f34c53ba,97aa118d39695722,a754b7707e0d2919,f07eba6329799140,711a956fc8f5d40d,dd002f250eb27fb7,abbbfe7acac82b57,b9fe06e16f8318b9,bf6ca600a5775dae,5cb7d0d9b2476a86,85433653cb9d020e,4030cd64ea8aa185,e6b9f5dd292e458b,b0e6c003a524f7fd,53156c2ee752196f,148dc785dc00b908,47f98a06299c970d,f11f70868c8963f4,34337617ddbd5d63,d4e9341774ba8147,572d19b6a48d8ed1,b46974aeb0624ebb,c61058a0163eb3d7,c06b68034ee82d67,05ba02443b7c3d96,ab88f0e87d130d11,d070461eef09b44c,8ab89e2fc68aa1e4,fe93d8c65bf49347,861730515b1dbc38,8f8eeca8637fa907,2bf9e88b2eda5f92	1	1	holds
3	55	9	host	0	5a202c8aba97cb7f97b49ce30a1e5a9ce071d11cbaa057c98b1d3bd4180db6b1	1	1	host	(nil)	host	0	88	host	3b24a6bf1624d7a6	883bf69ee14d1527,ae108ff5264e0df7,7baca1cdd710876f,7fa2b22322cb9536,1602bdd1f8de9b7d,2c729aa1a7e29fbc,13d22546ea0a9592,e9b582ce81b94f90,84396268e003f362,7e9c896a1797316d,8aa2e2cebea9b6f1,b2c2ff07231cb551,72bf8fcfdef70393,d92569bea462a060,6452fffe4f0747e0,5b33d7fc15492048,1088b0b591f46a77,95d4a32abe2a7583,c66add36fbcca598,9b503433b3a2844b,7be1ed40f3349b09,286b546ccb2920d8,92bb6ab6ffd976a0,2caa23005a5477ab,501c9ed45e784d55,e3d222fb6369d74a,e25eb2fe927293fd,6fe7c76d51e34a95,a66210d96646bf98,509eb0fd264a5b5f,61fe506e725bb61c,46482fc4a439c639,4e54372c7c5909da,0babf9967efabf2b,80622b89660bbad3,775b11ef81cf3d6e,44bedfcdfba8d056,88841c90b9341269,148aa2e7cbdbc2e2,13304d0cf95f06e2,af52c58e29e8cf99,218a5082b964acea,3d99bd78fc0a654d,485e7f9f9c613cb9,d2a668c4eeb1ce4c,43727adfa6b2a71a,d30af83c3ea6d7c2,fe3dce108f3d4c33,3410987b53995bb0,0b5baaf7c204f17a,86dd270e63a3608b,a8c05c72760d4deb,a6fee4ad82e6a7a5,a6a07041cedb2e6b,7630faa2b1a2e29a,2841271acbee3559,c365f211e4ae6fca,96d491c47403a011,d3cd399960bd5cdf,1cab6cb91796ee1c,aa574913fa4d5bd6,fae41210d69c3cca,d5ebe9961ae53fa3,129078e4191c44e2,492f1e0aa03f211f,d5b1ec29ddcc023c,cb9c15155f364b82,cfbd9e3d090c74e2,f788194f8f6c9d7d,92f1787458239401,119cdc2da3d77f47,a3e62f97c147ad9d,ddd02d1f0e14aa5d,33c46c6144785243,d850f8bccac6e5e6,15ace5bc163f9677,7b62877747e80ff5,f43d64f0b2481681,a5ee94718b80bbc5,86c6e2cebb52f410,9174fd0da680119c,5e2dd84544bc8510,9b01d4d322ee6633,1b312ee07a5a81e3,c0681de5f9a4e483,d4051bd04a0a075e,6dd0250002e937c2,38f4f7fc4b259dca	1	1	holds
4	745	10	host	0	696ca854676176c3221ff8a408b7405d9b3b19eb25dced94a65ec9639e7508bb	1	1	host	(nil)	host	0	256	host	3129d50ff2fe2a30	6258e258bde98892,4af93b76978a2aa2,45a0afd1e377b493,b082483f71e37e43,7b2e6a964e141f69,a6d2b19e5131fc1f,fb6d4a8ddc5e6e72,21af1db4d9a2ec40,62cb112935fed8bb,2350f337b4a1100b,fad005008dd34e6a,18b92a9ce2c20a05,c08527e9a71d9089,d13fe4df4b653618,0df94c6dec8b980d,9f328a0bc38eb979,23509280a0517719,71ceb88193feac81,caa21f994935a2d2,6e35d02e037ed3cb,ae70dddffd92eefd,8ebd61821f3274ee,902bd169ff3106ce,652a378916f01e30,a344995c6e6fa5a5,2f1447eb4d01dc23,d9766cedf123c23b,b990e0f8d2ee40fe,1f9d2c71e181d225,e7b34cd58ab62b7a,44bf7e2108a64598,63b6dfa304c5f19a,8c0d3a871e944ae9,e9d42eab782859d4,5e95f9b091144e15,b7b91dc05f874e4f,e934f58e859676f0,813aea4b1549da07,29f9403b31f48952,d8e0725b25f7b739,08d209c203181b71,532e1a4accc64441,c542f6ac20f111b6,d8e358b309250600,2b7da7d255dde4c2,f10f52a01a5b5bee,116d60f41313a3cc,763f7ada6ba3f3ab,5813048945e3f850,821d527f22dfa161,1da98d54993e69dd,56aa4dfbf89131f7,82d69fe27de54850,3b2a08adcec53b23,cee052f7d43c4c00,1d90376803f520a0,00a4703a25631fcf,e6aaa7f3ba4f593c,7b40982af56128e5,3f5032adda0edb25,8d5dcddd7fe0b5c5,68dc65e0c8fb8790,511233a905b7d95a,e2304499bc9c3e9d,9f26ce929c097187,b09d3b35d2fd3dd2,64c89e0d8c1d128e,d167e460ee4fe8ca,025b817a4748efb7,3b39685b14c19ff7,767fd51c47aad8b6,851c6b5ba941fb7e,b7ec52faf0c8c4ba,7f7979de491814ef,47d0c9bd32d37fb9,3ef84f133f2484f2,b28951cd1f4800a3,b53b5f84c2c60c28,d213f66ba89e379a,b0b7aee954590b84,93dd0201d734299e,8cac0a1630711cb5,f5b76b2d4fb52de7,23bf0889eef47581,a392210e28b5c97d,abe86742389b1e5f,62dcf47064cab0ff,c0d142d954769008,19e5691a76ac7396,174dbca147f29059,0e002babffd34d69,b842dad589be8f93,59a4f114c06f8bb7,e1f301abf24eabfa,2ec28638ece2d765,6db0a4f7adccc589,0e8bada888268de5,66feca2176888e14,b6f3cd1916de3fb1,c1a403b839afefb8,a1cc4ac359945ae2,f8a8bcff69264f12,29d66bf82578fd88,4a0d58971049f81c,7564b24ecf1ac010,9c312f96cc4a49a6,603dbc17f8833caf,044ab53d901a0291,a916e19c5b2cc13d,e3f965529c31cd14,132d77e1f9e5423a,dd11f72abf976a6e,65eedc8fcd389a95,abf45e5d5f7a4904,76368c131d7f50af,5daed86b5eab2106,14e09e7b507ea7fa,01bcbce3320afe9e,1829dc7b59998382,68b6bba05fa56fd5,fd1eac31bc6f8675,39fa3fe742a559bd,f6cc8013e1330386,45b1874bdc6776c3,1d3bb14f2a26297a,65cd08f1616e1c23,ba42fc4f69639b74,54374f055d6bdd20,69f539cf6493f290,e78d4f7e81a7235c,fd3b1bc01897fb51,e99d83fd9efd3961,3831dddd890067d9,1bb42ba06555797e,2290faac6d0915eb,719499106212cc5f,4da92b7c1e78b092,acf57d1ab8921519,d60b39f3e63948c0,958663ffb4e4f4b4,0fc1891b274819be,0962586390e710f0,82766a9b8aec19bc,84191da038dd7ae6,476fe9445f57f244,3d5353a636835764,fa8fa0527a21183d,0cce3ae885848fd6,6e8a9afc3724277f,e64b727fb0b254e3,a89119cfcdcedcc0,fb721ed2bbeb5377,0230ae1b074d6afd,c8ab95b2fb51701f,dda7eb9138a3d960,4a48c630124ef589,0d9413c05dde87bb,ae4c7f004eabfb37,30bbed3884fa41e3,204338288b90bd66,24b9592edc4bffe4,c40698c080cb1fdf,c1c80b626f912a9b,4a20a4d714eb444a,e6aeb5fc96c36b05,e4e3779f296220ec,dff7667c6e22aa7a,6ae22532bd46bf0d,181cf8d8739063b7,fbccbf253ff4c4c4,52ccd787910df7f2,471016e2873ee3c3,f60406f0fbe4a5e2,e731646e9069f1b0,95486b29a4f82119,8374da2b779a2af9,98a5a9e78066f8fc,047a887b98eef112,889212e2efb3fda5,8310280328d6dc5f,69c15e2574060429,2f1086a3efe16868,f45c0f737cbff27e,4fcd6d57ada259c4,8f1bbdaa4ab86805,cdfe9f7115a52e14,599b48aed75c840e,e1da7753ae2caccf,f2f9fcce698da212,3d1fb2e93cf7d626,c0591eb6528e9147,0d9954cc26d33080,81b63c42e7d35dfd,ef575d683499a353,5395714d32fae0ec,f6df8ce5f4477691,5f88441e7540921b,5277d1509d9334eb,ab6e274a705f8cef,b83d92712684c039,8e2fde962be9425d,bf649c86fce29b93,4ac96b8a4aab8f92,32be4b1fbf5768cd,05033b47f96dca00,c571cca562fa72e5,79d4508ca709b5c9,ab46b055f2a86071,9456a3c4b46fbabc,f55dd7a0e1410bd3,8390ccae3c03eda2,0a56fed38d989d1b,144fc2f982d04b48,2e8497dcd5c637bf,1da589dca16a3edc,0b177a3345766ffd,27d8e3aefd3a9f17,24811cabf36071f8,27e5af03b2d0b768,a28d74f1e6b9fa32,7d45764cfe26befd,2aeeaf1d20aa9000,906661d4af991ff2,307f050ee880183b,aea32878aafe9d28,86abacf71addcd2f,f2e01e6d776b693c,7532a6a391a87b5a,4d2ebe0380049918,d9c2aa3eedb9aa2d,f44cf3a0e46c4b3d,1e93c4033f4cf039,c34cdaba803c2b72,3a928f72b751e6ab,0873a87bce0b4880,dfc4f8b2191b2a60,2584f2dca759bba4,3736a5d517d68ab6,08711aded240d570,74173d655e18da34,c46dd3c5e2c3a545,d17418d7d9e0c587,957a0660aeac6c65,23a7959abf5ed0ec,d7ff646bfafd9674,d144d3fd544e9681,ab3c0d2abc60f737,3cc3a9ebe29704c2,5a91857df525f702,183ac6d904e88819,f85044200204c199,3a08c7cf692071b9,07958d5130b950b8,cfca9836995a9c3f,b31e50df5e84da85,474a6cd935bf5127	1	1	holds
4	745	11	host	0	696ca854676176c3221ff8a408b7405d9b3b19eb25dced94a65ec9639e7508bb	1	2	host	(nil)	host	0	256	host	7916bef4806ee6ce	16030e5e6a24227a,af626134ad180af1,c35ddf7e16c230a2,7278219a4efd1d02,cbcad9921ee279f8,488553b2ef637da5,4c6dc4b8dfa9e2cc,e031de5643203381,0162562bdb9f022d,ab6442c13f852c30,dd250e19fcba05bf,625a082e37630ac9,ff9512498922d362,8bb8874c8da41a9d,ef09fae5d19359f8,d1270e0331d3dfa5,2b78d088d6125212,2f4708fa5d6b7f79,ee50c88d78c66c93,a90c7152d0089259,23d92278583d44aa,2b93b70604569aa3,8baad0ecb8066f0e,37b2a8c5216e4cfa,1fb1ae0ad13c8c0d,070dc2cb79cf8348,501e63799e434ad4,0e193f43f8b4c509,8d052689a27debb5,3822db5d4d732429,93813d2e5cb7b4e7,2d6d997731e3cd6d,13f420b1caa5c94e,942edf252e6e0c26,4f36e545868de0ec,c2694c39408590d9,5df7635cffe21e15,53bf701ca8cf6f4f,11a93e432f2af1db,3168cead6be3a93f,fb324ef6a07dc572,06bc033d0c17d6cb,fd38bb2c9c7722ab,39f01b2c32bc8d85,3bf473e9999ab1d2,5d0fd6aec3f3e649,5272cfef7951ae00,fbc51fa1da4fffd9,007124b9dc23a025,0e19f0fad086dbf2,b29aab9bcd825d9b,d8b24f8946451aef,975fd615c2fa1a62,b0e0bd0296509ba8,874f44527a1ad795,8828101d98b53a2e,d711a83ac273d4fb,d66c9e7c7044c869,a7512e442e4f5f91,cdf627faf2feb7ba,61bbb7986e9c95d5,9429430db3190e70,8936424234612fa2,b243a4016abf9f3c,879f1434c593d040,52c6a54aaeee62be,4c93140a36925308,5cc5f34c8fc14c5b,fe4c11fc8bc60646,cc9ff3b565ec73f7,14588a2bff2f9a54,ad5470db1b3c7353,d5802aaa3a893692,d3e71435fbe77292,ad073f3ab9f6089b,81bda958bf6d22cd,9dc531e694e54a5c,acb340cb87016432,6dec58a2d2ea48e8,3c41f8bfaf8c53d6,bc6e6dc5a4145c58,b6838ff1f89d7e37,ec57109f1c5ffbd9,c8036c5f9cee4250,80df2d2b63782620,749a6370c36fcd21,44b9e5082c9e4f1c,c084b1317e4d3592,72dbbabe86287c23,8d792af1ee4a8e29,56b088ff81fbe8e0,6959e9cc80842e92,1de7b0db58839763,0afcf1d2857060d1,13edfd7ee45b7128,0adf5d605dfe6128,84ad723be5735219,9b044fafcb531831,e7916d19b79ace1a,1fec2100fe8e0e77,a051c4a042852d18,2ffae66d5d2a352c,b2028b91f8856fbe,e157384c8ae0957d,a014fe53533db5c7,70c6bef2c0e84dd3,5b0c2bbc15a6d6e8,d720e40a7a6bd9f4,b53730a51cd254fc,ab778ea1b9ab886a,f9ebf80dceca5c0b,0a957d0297ffb749,533bd508605a2716,19cd0118fb05f72a,73c51da1d138c2ba,1d98de9b8ed377c9,91f396850567cba7,3845a415f1f6ad10,63d30e8f264a1096,c46ee89208183fc0,553f5323a501a7a5,fc1108e04f32d6f6,95c2928efe463b76,4c87f0b15c707f95,ec33b48413088629,e0a42966cc6f9489,89134f9ec9f5b69f,01ee1a82e66cfcd3,c74de69dbbdad03a,54d0640b1ab115a4,65395056f820f7ab,502e29702a3fcd2f,7e51da950de53942,07f18b3d86f4b65c,041ac8dfe5f82fa2,1b9674412b45efb5,89e6fdcbd33996f6,2308a78abf9b91b6,f6a58aff31a9c1f6,981198ee61e8726d,bbf4b7782b9e9d08,05db8b6d6ad4f458,772fba9499ce7649,d8d6649e7bd1d2f5,16cf0a26ee60f6ea,8ce2eaef1f813984,f0a9ee26447087e3,bc9ea321f418a228,c3a1207da70f1a43,3bfb4cc6d8f61cf8,c66c5747a96197f5,e48c8ac885676230,0aac26cdf70a584c,ae1608ef43be494f,0079166e93013d72,59a95fc81e6359fe,9aeebd5fd503a29f,f12677ec92e2aa60,39fc9ba4df229595,421f12d1953a744e,e4996b9972bac304,7c76bfc8fdee8a5a,78c73c90183ac077,4013e299151821ae,737860f1c6ce30f9,dd46caa876d3cf2a,9f89849a5b50d456,34bca0f60ddef67e,013fecbfc6ac7be7,f1ba4bd90369f529,f97050f2f24804f2,c020f162ce981adf,39569f1c0f6d1d57,93a7816204048547,e484cf49f144ec90,bde278d4e5d250af,9a762ceec020861b,f98f867607bce259,f42a946ed3ebab4b,7cabb98f66429674,767479ce414eef69,bed0ae1373a9312b,00c7a526cfdebac0,e79a1d6599acfe67,17df2e0e5b7e5614,63ec7bbbb41e57ee,e6f832ee3a9816c5,d82ba86a7becb889,bf07c2ef124ada94,a5385b1d861f3078,d0d5ac994f804117,c9c59a4a407aacfb,b7a35dc278f34aa6,acd6f5728d51a913,95523f5c316d0a9b,22f1d1a4dceec242,66f11a742cf25b28,ae3b282adeaca585,8c95c4094f367b0a,7bda6ecf8c4ffeda,53f7bdb2e9269ea3,9b38b74fe027019f,9f38f4f8abe80c9e,c011a4e8fcd3ccac,a0484efe3e64d874,9889dc2676f122f0,2cd4456ded4dd200,ec4190a24df0459e,94cd6d310fc9bb4f,923dfd0d647c03d8,d4680d426d194b69,737a3f79aef4771c,e8d4dc503751be28,5a27a3ec6109bf5c,9f39a999e846a51b,88c77d6e36c6a7fa,c050125631626ce4,604d08721ba295b6,cbd65713ed6d1e29,a3d2f86aaf33dc3e,146d89d1aa59786d,eba20f6276df38c9,b677e7579a19e672,70d4ab44f347fc31,171635e1200035a2,488f4ee97fd331fa,7e5df7cc68711e0c,d05c823277b02199,bc1650ec728e2d08,ce2a83f947866926,8fbeb481783afdec,2de0c0f3e1dbcfda,ba1fd0a2de05594e,412310750e675393,91cd7d3a39927cb2,85abcdad9bed406d,c29b5f9a3e18f437,e2070c471af54a3b,1422065242d55044,81891ad7d9cc1eef,9208fc3ef8d0042b,f41245548bef147d,bac00acf4863adb9,1750f959f5b7dfe9,9070bdbe42365af7,39822492ba126235,731f59e9dc6db0a4,916ccf9ea3647de6,d17d4472c47bcb77,09b0622da3032e69,68110caf08fedf63,f33f1ba517922cce,b59d274b6fa5235f,7c461b3089ab5479,cef643f7b265d690,c0e286a32b5fb960	1	1	holds
4	745	12	host	0	696ca854676176c3221ff8a408b7405d9b3b19eb25dced94a65ec9639e7508bb	1	3	host	(nil)	host	0	256	host	79af927f07ac50c5	282eab3966b7eabb,81b829c1953d713e,08fda5d6072e9a9d,52bb878862e43aac,1060fd5ec66b9fc3,86054cfa92cb16a9,38d720d695bba500,16b4df9dd7d46ad3,fb130efca891878a,6a773aa3d77b607b,6b2e24e00e443c61,fffd7bd3122c408f,abef4cd07104b3e9,4664b5f90cbcb520,09f3c73ca0e22798,7f810af310192787,b4fe27eab9f008a3,1b59c686a260f523,4544e61797e5ea6e,88b53f6d7c6604aa,ac994a15f0770d89,ffb088c232202263,81f0e3664d16c51e,d9e2614fe9d12fa4,96778fcbc9a4dfc1,f572c28c90b671c7,5c558fefce4fa034,b13e7add68b77f50,2621f985edc57997,1c941cf639c4fbd7,9916d069d2c07424,8ec754eb6edf60c2,4d941bf4464ce837,23603e54a2cd5dd4,beeded28d4679e2d,59e4f8f6597b1441,48d8c1aa16b813fd,10004a524ae99278,f5fc3f3b12ee1acf,22a3341e28b22389,34eb219a475ce3a6,ffe28258791e3b65,fb05fe77dac888b0,102aea1b37f36dd4,7c139245c8a27030,543c4ca75601b2b4,c67e77f169d61439,a8b54e202e237907,2b59dec0e33e2e71,bdfd9aba748bbbfd,232023651caa4241,19ec1a4406c55e1a,8ce6e9ed7f73f0e4,ac5448ad52c0c0bb,7cbbe546bc14f8b3,ed79fd4eab59f94e,01e283793247e8a0,097ef3c54bb3cdf7,e6c72c63eb3c8600,bbcc8411845daa11,265df4fa7565ea79,e46067b799ed3a30,efe20280d68434fe,978e9203ccff59b3,2e0e828a8f451c84,9d47114893b325aa,91508d0737ae1340,3d019459a7238098,416579472364b573,3aa8af16cb6abcee,a68aec400bab2f46,620f9c18c195a8d0,4d4b5d27737d159e,e3becf20e9917e5b,4b8d277360c8e54b,ed29de3ec6341eac,88683919e2849289,607b9259175f64f3,77b252f11fa15e42,152f66a434ef632b,17a5c1dbec0ff92c,8aaa253300769150,5e43d72df3accddd,6610bc717916eef2,d908fd93d8f79ea9,7e729097e39b484c,415f9baa97297a9c,bc0e132fb1c8763c,071476a7c82d7337,e09d7262424e09e6,3629d7a7939915db,caa6766e903360b4,1acadb8542ba0594,ebe3f7fecf061cef,70f62e340cfc178a,06f5cab06c419594,0ff1347fd98bd7a3,a27d29f579558311,ba2cdf1a203e2d25,5852b8f8706b583f,07d3719f7cafe184,99cea1de3f7f2ed3,6c9dd7809025d144,e3217951f967eb7e,2a6e692f2cbee62b,a7f7e2d09891b471,3d74d0a1eca849fc,2239bb81b3eb7938,dfa9f074b1b8a937,cf9a9ff315a39a29,65711b1bd991c443,ef8e8a44689aacaa,1d968f9126048746,d473fecd369253b8,f175666a25900f93,263cf1aa767835d1,8cc545d161cb0e67,5fc7b9131a38ca41,20e3eaad9d0a97b2,8d57092cac343042,05e47957274e20d0,7b925e0729ceb0d3,2f938c3a6b80b987,05dedd732506cd01,b57afa4794acd040,bf17843040abd8de,045802f85c94d997,44a296455d82c0fc,60b740cf7d795c60,a0cd25f58c4c163d,3a35785925c7f880,0359c94e4b4b6f6b,ded902115b07ce0a,99c9dc54d2558fba,fb90b9c3c9e861d3,779ca0e6de40889e,453af552259228b3,0874da6f3236e297,4be5fccb537fa6ec,c322724531f8656e,ca1ae4041f67701e,d1af8d5750b3093e,0b5f08f8357c23cc,c22856849e17d467,6a10042d400fd331,76b704e0b86cc34e,1983f8577b5fe198,c0d3b19972bc2d41,b20e024363a97945,c2835718b3c46617,afc7df935efcd76c,f7e8ca40d0706bc3,d8c304f55c0cbf0e,cc95350188140bab,65d0cf8726f559fc,12453f656a9a1203,af85c610059e511b,5737f5660b3b8386,50bdfafa876955d9,35902c48f2f50c25,4bb8bbc39c0c905e,e71e460e73e953ea,e9210bdd07903133,b709de3e83a68354,b55679feed68fd00,5c3e0cd72a764acf,8cc1553c41453820,3b69ffe073727864,6e4552afe3eacfff,34abd3c60aefcf84,02d5b3482078e0d0,4974c00e5e7c9bbf,cdc035cd6c26c348,4dd986bc0704b84d,13ffc3bddb580645,6a3bea57f70a4ff0,78b00a5e3eea80e5,22340fd00ef36a17,0a9f5a8db2fe0720,57f5f225d56b29e0,e662e2d7a62e8633,458e152f52d6987d,ab51be9bf723f935,e8029cb6edd9fdd7,e667a474ebdc048b,60dd092349edfab6,80bc6da768920dce,68bf128f5eac8cd2,bb4bdb625f0a47f5,dcdf012095024a02,4005cd69335b6442,fab44f6375698ab4,9d74b862d90e5cc2,31b1ad9b4a7b93cc,ed152ad4b9356793,61ab07d2a15fa2e3,ff94dfad7b1c63aa,32c9e4a922c2b8b6,0dff379cf8f8c673,3f45118985932bee,26745071ef7093b1,b3f177bf87d87686,610317399d48c107,3b7ba409e1b6eaac,3b4843c620206b73,33e65657012be785,a7a9b1a736eebcbf,aab4f577a63e9918,b0a496d27bf01654,775a0c1fa4bbba39,723aecfd451bf438,7c2f2b73a9b77925,cb50be2e71a10fbe,cbc9271857c98895,cd57e471261d38cf,b81dd5ebee8298e9,804e3cd0580c0a56,6b1a195cc38f6a0e,5567c587203707fa,d48a969b75f62d95,ea7ad846456bff95,64a4f255f181a671,c1f6768b8bfc2be3,1c2b6503717d08ed,420921a4c5a03538,f561a0fbdeb1f9aa,f5f56d01c505dd26,e61f94931c1165c0,08e1cb7a50bc8d08,2b15e4869bad415a,bc4a615b1dfff752,c9786b582a1adc8d,f27a6670a0ecc180,55f1de8e99078d4d,e3b35b3524a513b8,28a303c8716b57ce,c4f6cac90d537f80,ba35ff33432f9c7d,d23a619557745a6d,3ccbbbe112fb56df,5963e34cb41defd8,24046d07d7e7c3ac,ef597268cd992e4b,2bc25d705231d091,c48e81eefbce4b77,c1921a1fe6e71b81,293f2b140a7a0d94,682e9c7461fd4a33,32406e9fa2422cd9,60e911f7c4df9d5c,41c75e703d65cea4,6078ab1225cc2760,52fa1660574091b5,f4d7cdf340d1d6b0,0362720c7308ef64,5bf8d9a32e1e5ab3	1	1	holds
4	745	13	host	0	696ca854676176c3221ff8a408b7405d9b3b19eb25dced94a65ec9639e7508bb	1	4	host	(nil)	host	0	256	host	4974d3ca9a91b3aa	4f3e5b8f98b6a82b,f2c2f65df231901e,d59780c2bfc11f23,88d09c00790799dc,62e5e12779dfd020,8f9d2820267bf97b,427c4857311e4fe6,e010d016b8ab477b,1329e58d9f44a9c7,08fc10c3693c65c0,ed74136a177c4e28,3f41e917b527cc19,85faca77e5f31676,c1351f170122fc0b,80ca6726ed5150f5,940dd2ff7db46d09,ec7df82cb7da6f70,9769fdd2f1bab80d,afdf96ce2e6b42c2,acae7992cbe661d8,9dbefd92dbdeaf99,9649678079e8377c,c9ccd2296b43d76d,09a25efae09235ce,63fbc6502db59d9b,750f1a8491ddc7ce,e88f03d202e56e27,20ea769f3221d41a,133fde393cd3b2c3,42cc635412a0d6c5,a2780b472f8aeac2,467c147a86617fa4,a528d9e8e38b5320,ba3200deca1113fe,1086f8a6cfb001c0,fdbc41ca118cd48c,86a05adcccd8bb08,4a829d11fcc83898,ce23c348cb3443dd,67c565f414a99556,610d5724fcfb51e4,d7e568007b26abf0,436170a26dc53a78,0721198e88a8b14b,1a428a3c8ebb4684,31adf0e07c094092,596846fd78d3ca1b,3924f68d8d9af9f9,03f870a927be55b2,54505b43513c9ecf,94a2a08cf35369d1,0ed248c778eecc57,7a8aafed6c8f7046,dca1cbb16ea885bb,1d0449f3cb7aa73a,c770977819c4a615,88651d22155f6597,13a57638306d4d87,eea0bf5088954dec,9118c7e90b2f592d,37811deb0781bbcf,12f33ab5f4b790d6,49dc85a798e4b2c2,ceeefd77fadca4af,9a50cdd5d7d117cc,36b3b80087e94ae6,8372fbf63833b8c1,17aa60ce4115eed7,d0ff974fd099b5db,e010c36a82f57194,d79b19828a3c9aaa,7c2b458056010578,e62be6d22a229367,07efa251086cbc9e,00ce9aa7604026db,39597da9787145e3,4d2be8566e2359a0,7fb61d2c4ef0e049,88df8302a2a2adc7,b455862fe208074a,3d20a9505e4d7611,5fce9795d434fb0c,fd9a03f518d05589,4d4194f5ef3137e2,0e9d65435b3ca72e,a15a6d0a9e7b0bce,8aef4bd5c7e38f66,17b1e894af0efd45,292f80ecaedff305,2b790f8fae866641,d77ebeba6cb421ee,29db1b79c0b569d0,52528095e266fc9c,4425e83615120bb5,f666a614f94bbb34,a97e2a070f7625c1,8887b0671798c8ab,233afe3db81a85ae,8d2e825fb4cde86b,b9e12df7c955b76c,039c9eb1c7fcd311,1d12827c9bddb9d4,623edb80c9558161,f0d081d96fa51929,b59fc0dcf63ad9c7,66ece36e36ad7421,437f7179d91bdb7a,502e8e120e5d75d0,3803cfd3a36017b6,6cde83c6ba99e385,66e2c8b21bfaef5a,05bca5eb58c276a7,81939e89f0ee186c,536761bdc6db0855,6dbd4847c25842cf,5284d68c968858e9,86ad3990d0fb4f2b,2a17c2b603f9e8b0,d828139ffb4731f8,8826d43b7d637efa,82a275c9c2b5087b,c112a5decb7870dc,673378d01ad7cdf5,89ac2e23f57999ad,4949d65d1d662b8e,b3ba0e74818dd984,476e8c12b669bf86,4ab910194404f8a1,de254ebef12f6cfe,781977af3dd4a687,8d7209602aad3708,de7c5a884de4ad90,91c767b29c5f34a7,391502f0c8c79bd1,28fbc52a58ea22bc,a49fc96cd2bbc7ec,57fdefcae95bbdc2,66d3a0ee67707704,2359138c287595a9,4b8be67893374421,b7df67959b83064f,2cc3ceb48a2d2e4c,e5b544a0d80588fe,15d79c707d63025c,198a748a2e6f5aaf,fcebd59913a75185,55e7fa0b292f3466,ed8424489c3317ed,69d0945729a2b3db,31f1e26bb7a853ac,776ab7b8411ec9b5,f6ef39a5b6afe401,26fcb0b735c4832a,d1405c1763a81b24,804b7ab0d1f323b9,b5ba5cdc0990ef85,8c6289651799ab4d,0b59f80f9dfc0ee2,b30f13e3b2764eb4,63d7ae8652bfb1f3,c795585734fcaaa5,598cf9cb3bc4ed13,2e128992ff8f0c07,a0a7a75282022afe,9dc9165c92db0fe4,86941feedd7c5bbf,25c8a0d997550ac3,1f7d08a2ce4b4fd9,454c9a15b367394a,08e2536b689fea65,d730560daa5cfa53,4a69cc10e0d7eb39,0fc696a47fce8e6d,2718a6974a3d6879,a23a4c98e1bac42b,4fdfdb2e5a98fedb,0a51eaeef36b5b42,52a6c22cf70f8591,b0b164cfef912c3e,784ebf452c50cc31,bb036f71c64407f5,71f24fd03ca57ca7,9f7599e15c1075d0,7af8847fe6f5961b,028cd898f48de2aa,9009babe0d00ed51,8156ddc2b846f96d,3906b5f3208c7dd5,bcf3a74258704a02,f38a2c29e6a7929c,1626726c483e2b9f,bdf8f0d85fa9cfb6,9b280be11054e24b,1784c0ea254babf2,35c979417f201a1e,f704bfaab90fe8dc,7f8913af2cbdeea7,ce34d9635aba6c97,b4134d07ed4c0463,3273592bd7a9ff06,9dbca5871b11b7a9,3c73251b9f9397b5,578312c2639597bc,a63834ffadca9ba1,b261e50ac657e3d3,74ab51f61d6b22a3,28cd1f495305e037,1f9e4bcec71db1fd,a09e76faf81d2771,fa209c52816bc0a5,30e1cd15bc9484c3,bc3631181b440658,97a3b13e47bfdb85,1ac38934a6edefdc,3a685aa91bfc24f8,6bd69452839f5313,ae3c633c909fbea0,5453772784f8d835,b0d58849da7bef76,0e77ce4f797e8854,7e3489cb705f4ef2,6f7120dbb1ad42d7,3f34a0e2acb9941a,9c1632af5f79d29e,80204e81192c51a2,c4d0b025276b9fab,dcc718a50a3efe9d,c500ecaa648c6d35,5e7e841e464f1a45,34c1ece41494c857,92b7499e59674207,abbb21289a535dc7,b0f7a9cea538250c,edd963d261e54b97,15cdf4881bb4ce6b,e2f14cb818c9dbe4,2d30d9b9cb716a1b,a825ac1337040df1,767a4fd3b2d76349,536b6f75546a0c14,64a673e9bd1b4d8b,5aec8b2166517ccb,e8ac539091a1d640,f62b7445d52abea6,42e1caaee034a91e,56914cb0ad938eb2,8402fb920859418e,5405263148198278,5b7294f243c000b3,e3c4f299846fcb51,477fee9f92178113,8328d3d98710b501,c336c6225be3d96c,6dfe723c9483d6d5,6ba384d3f608c8f6,09ee0c2c7bcf2cdc	1	1	holds
4	745	14	host	0	696ca854676176c3221ff8a408b7405d9b3b19eb25dced94a65ec9639e7508bb	1	5	host	(nil)	host	0	256	host	e18c44b8f651eb71	5f481bd4f5857d0a,beabf60b34a65e7e,7018a4ebbef51313,5dca892d9f82f5cc,b29e1faa71b6c829,6afcc10edda80de1,68265eb6561e66fe,4a96c26aabfe860c,75af62715b8bff66,8da4bf8b1b010013,e7df3a4a342ec64a,cd4eea048fffa35a,2e79d4d7b614a17e,b0f288d00ba744e7,c352a7715ed5bbd5,f18951f659888b82,e1f69ee332cef7a0,14476b5e2ebf871e,eb1f058e7e9f601d,a855dd56970f6a27,09b3997501945656,933589ff27948097,7e2c6e1002928a9b,64e5a494bbedb584,09ac3e13e6a03eb9,64c15ecd11554cd6,08e9ac2d20703846,4985c88d65d1c919,f82f6238200511c2,95abedf774331bea,c4d2d772a925ea4e,f9ad3187ab166880,f7a1f8daae4911af,139c82df7eb99810,7365ae2114ba0058,3b9625275ef3d062,ec82838320eb3c5e,ee713b301bce6bc0,2b643192597fe149,c3b43584fc030ce8,0548c517d080b135,a33e2c2da1613f28,c7ee718291bc9265,2e43c88ead4c1fbc,b3bdeab33b0dc67b,990a02e5b38ac4cc,e19f63f4cce1f86b,4db8104de287a731,475c81cad4e9be1a,53d98c2c1de85bda,13b40a4780c66dd4,5fd86c8fc07a98d1,03af562eec41a4a2,a84c2eb73a9dc9cc,79660b66610e44b5,2a390f14cbb69478,a04f35fed32ccb68,5f9af3144f96f09b,15b81bea69a7002f,bf93e81040668a19,5e3cc5d5a25ba67f,5d8987a63218f4e2,d3f97c33329ac699,5ffefe8d45dee988,639c9309d9a3dc2f,90a42cb9de67310e,d9fb2ea0fab0c5f6,8c28d1c9d81cdb91,60356c940f6b1178,180bc4cb93411353,3c99b7b41a7a8468,ef638c5a928ed6a8,f9c7ef7bacd1e27d,6d5e9a0f9b9459cf,ddb8a56225749164,808141b47cb784b7,0fc713f37d8cceb6,1a1542464ea33981,a54ec98256923e45,119f35bb71369e1c,cc0d7d434954998e,c31e6ff28bdba539,2f70405f0ab89925,02d609470d2fcbf8,c86332f4a2bed695,9316c189e5d81895,09e866539e8d2032,6fd54f87cc0de1a8,cfcdb738daa9c4e8,905d954609f367d3,ce6d43b06cbef65a,c83c520e8c38a3d8,93a90fd3770bdcca,8de547352faba425,db8c1ab912fa6cf0,82c9197c5ee742c4,e730453d89298b62,d11bccf33598748d,dd74e678a61e58f5,e230cf85c87588ed,9c2d80885b80b779,760b7b9cea7d0332,ef511b6df1ebff16,0d874d815b685bc8,90ebf72168ef9afe,25ba98cc11b90a55,5ab02629d182a91b,546eb42206ce0096,49c3423ff949e54c,d95cd2b3dd06227a,7e7911d672f62ab2,37ef3d8ad732ccd7,4cb6f5d8adda4e38,5553670c9d66fe69,f898440213c711d1,daf627d9a813be29,0a7b73008d154a95,86c51355bdb53351,058758e1e3994ce1,dca5b7731f6030e3,ea2be8eeadb17189,1f777fffdf319dc3,15eeb35249954229,5b57af98a22c0d1d,f23888a4dc52bd79,1e7e0554438b6dd9,5c4190511f77ab2d,f071ffae8f2da1b2,56f5afe2b48c543e,be5c18a29d6cc3fa,1e0f29ccb01926fa,2ed93012caa60e79,10dd7ac68e21973d,042caafcd2153d41,5fe3c1fe8b093161,489b18c6d6f8a0e8,72cdcf5c874ce462,b84cb14e04cf54af,648dc52624c1af5f,79540df84f4b3bbd,cfba73b5f3365bc4,45201110f1012e5e,5a3cf8c53b27b401,7043022055718dc4,d17d771fe63b21ee,16c19b5b4c2a5fb2,f97ee139a158fd93,654018eb3fb277cc,5c92dc994887f737,8c39f389cf5d85c0,b9a0f439bcb14fd5,298bd1ef5e28e9c3,70cc1d11e2ec3a2c,fc3811cac36b3d37,98e87c5f93853eb6,532747461588b74a,472f047602c7ca4c,5493cc2ae2e865d6,738c723c389cc17d,119a3ddb0ecad742,de7040e5e51b3c36,60d0361ee5aac900,c8da77df41550436,6de9a7a2549add29,e955ae044d9457f2,97bcd0ae9acf63e7,bc996b504ccfe529,7342e742ffca2536,3f48484c6ca86848,b39c775fa70c6033,8d34f40ac4621a8c,15462f5b8f542a47,0ef1e68d7ce4a619,e619afc43ce25c87,f8c0b88e0a6b9ef5,5751c47a163915d2,846b00ba7916fc62,d58f198aa9c28306,07b726ce1106fc3b,0cd390ced269b545,d381488910aa78a9,4e05472861eba9de,20ffecff410a9370,76ec58647d1827db,2b2d9e9c77b610be,eac36a3239c756b0,eabab75ec963ffdc,7d9653fc1dd0b5ca,b7c70693df0af2be,252eec45396078c7,13705c54e868f377,7d985e289da4d214,113e6a0812724d0d,f07408e45be68c7e,c4d04695fc17ac76,29d90cdaff2cdb99,863f4b87fad7d90f,1ff7b8b0803815ee,7ac6be98d2d6d6ad,d5fcac5b72005371,a9530e309fa17ef4,d32b22525e939655,e371664a6bb4b1b0,a8bb1b527deae85c,fd0891db2599fd8d,9a2f1a82751e2d31,e1bfa7e1d2fd4d9f,cf0cfb11d32fcb92,4e8b85e36f4d4ce3,12809e93b3d4bda6,0952b925bbb5de70,e334307fdbcb9bf1,0602fb11a57fb180,4ad5f33ba7d0b744,e15aac02b71a0c90,9e1cbee0c6b9b422,ad7ca725e49bfb5e,04b509648a686dab,4aca8ad217903807,f8198a23d48b8c02,31452b3f55e08e53,636457ce16a1eef5,29573e41fa858341,cf9b9b5febf4c272,926a1c8040f90b94,f4d47bf3dc0b57c8,26ecaf537ba22cf2,4c03e697e7988d3d,a7ea9b07455ba55b,0d2211ec7551eb45,ea41a53d00b67b12,0f544404f7535d7b,efb938f6dea9d413,82fbb041bd758618,b38a61035854d5ea,fa49e1558d773797,b1e69ad5196a5c6a,55f91183862726a3,24143eafe3701f1e,266c8fd233e37f07,7ffd72e84e9ceac1,419bac504df22748,d0168c14a17569f0,04f51410f3e56af6,e0d52645fa66dc4e,dbf5357aaa5894e8,edf56527d06fc905,6632873b1741b84b,871d83e2e67bc9bc,2077de9dd355370b,3b4f74966da0f9ec,81bc70de090ade5c,ecdeb01880c35831,de0c34c555786dbf,2feea5871de085aa,5f068516deafbf41	1	1	holds
4	745	15	host	0	696ca854676176c3221ff8a408b7405d9b3b19eb25dced94a65ec9639e7508bb	1	6	host	(nil)	host	0	256	host	8338359c28b2fb96	b6d35317e64f072b,b4b16c13bde1d478,89e58fa325f0f029,a368983dea314494,bd800b455650ce74,ac2f2248fc6e90ea,7667ec1af2c7b96b,8ee05cd0193c1838,06db13f9374c0405,59cc07ef55e1b33c,0c046c7e1f95a0f3,ff881f3e965f6912,0b109fd9da4634cf,87b0a266b4c30725,d3a8a13f4637a069,b9e59de5f08a4f96,c5b8817ea57fbc63,988230ab555de376,92bd283d61d1dd91,09c91fba8720436e,636435f2c80e6d32,06ce1db96242feae,17bfdf8e631d3ebe,e7929a7c29a532f6,3e5c4925452c9ee3,128d631d755d149d,73e8d443966c2c14,6c87968e56139bc6,e940c284bf9f3f8e,2be3f845209134a8,aae2ac222f936750,160b7e74726a1b4b,6725d4324906b985,960c5b4471b70064,335bccc0c88c047a,8dd921368731259b,3e7f0de6ac9a00db,809eec4eca643906,e13e204bea824798,480c617d0baf74bc,6b73d27ca0cee9c6,3cf44204b224a484,3b4784a4d087e311,8f715ab4bf75ab9a,9b5dd6d7bb47dd43,5154f0bc781b8b82,a09b8bb144f42db0,ee35a9f6c27438b1,80eed833c431a251,c5379e47b03cf565,1f30f5cdd53c2cae,ae3e5c4f4c03accd,61e186050a4f3585,a1df8b740aadd822,9155afe38f073422,17d2b9a75d06a238,cd0308b109824d7c,e3121d1503acb588,1c4630fff3b196c0,d4f0eaf66fae4f28,c899e5a0ce6e774c,113e6715c8de0332,0da3c93d81cc83e1,9024bbfc916c63bb,0d0cfa9ff40c278c,546137826dc8d9bf,c002d96676080644,b90d40d75750dc3f,2ca9a4c2b190ffaa,9cd1f2b9c58fceb0,62b559809bf7b8c3,9a1e1caa8c7f33f3,28a21d96d2c59011,2c194ce4db62fb10,8a5d8fece232771a,c0ee33c9080b6ed8,b31649940bd9bd6e,f84ea10827e6af2b,853909233631330a,174e4c451970ad8a,e53460cc8732ec2b,33ad4ca1b7397e05,dab49910eaa2b0c1,b8bfda61c4dcc65e,151713b89e611702,91bf061e15a3bc94,99fe9e790a03bd6f,33b032d5bd14a8ce,0702de3cee415e15,720271f5772a70f5,fe78a47b5f2fa03b,e8edc8359be1fc4d,4407ccd1ce77c104,82345697a598892e,a3582a5206a4a325,d13d0a84000d07fc,83fb05a5adbc0a64,ce7e408154e72e90,637b808e8df97896,fc7035f561afde80,2fd4f8b69d119c74,c2c2c318d6a9dce7,228d224571fc7f99,e92266130ae40db9,a4cdd96716e90798,02f48a0386629b04,f29c235c06d3cfed,3eabedeb40d66e12,36d0acdced7c2d48,2081fffe02d81511,dc35727ad8924a6a,c41118a8afac4042,7a0ad092f7fa5f18,e6ca1067fe043b74,3f8932d26252f83b,4270b8bd7c3127ec,c607034dcc77351d,8e06889f509d6e38,de94351ca9746700,88bc00793db99272,4f83f6ed626ec6b2,9646fd27888274d1,d98ca27d0918a753,effbd0b60a8ecd55,8ae3a9ea6f59ceac,52a053968e30d584,86775a45e047bea8,4e0be385ec2f419f,6c2b12a43ecdc8ba,a785bf85378d6655,4ffcd3769c3497dc,cada41ab5cffd56c,f6f73b985a3b1bd0,ad53b9709d76ee7c,bd0bb080690d9d3a,376f699ae94a37f5,da026973708d73a5,10ee5f0d6f41cdc1,fcbf340b17086a28,5b87adc909b2bf2e,3c30b4ad786b14eb,60a8df111c2465ee,0a41a1fba4c71c71,5ea09253e6d863d3,ef18bd46fb4a2e9c,a1fa77941ab5ea6b,35e1861e00767689,46a588709204bb8e,18d84db35fb63b42,bf7bedd3f59964a6,49cb3ff83f3190a9,7855bffbb4b3e1dc,f79340285a1e86ef,271f9a6cb4cbf470,508fb4b814f5dfe0,7126b43e80258857,a6babe88d54e2868,0019b9657db17298,7471266d1c6a5180,9690a0a219f5617e,a5e29c003b85f519,feef15b872cf5c02,3533a5b8d9f9ddcb,fd33aab3fbb6a1d4,765d1ab8af9a429a,b7064c631016cadb,d470f1867a3be5d5,d3d87557746bc82a,a8d40c65d0654802,a7bc0060b4d4c134,249627f5ae023bca,1720c40d673f5028,97765e5ed8793f21,15ef7a7bd70f3311,bde7839af4023060,b57ed36b7506dff1,cdc8176cbcbc834f,2ec8ce5ac5553744,8f8548aceef44f10,40d37d55389abf63,a4f26e35ee009669,2e5fcbea2b218db0,484b1a5774720581,13bd3de1e8f60b47,757e7cd0d91addc1,49ceabe3b8403d2c,448e1e163cfa016b,5a353a7e3c708e6e,1d2cab256b6dc2b6,f2c9b585b31e035a,fc07ddd442a88a5d,1556cd75bb0474f7,fd55c6e288df25d1,464b77895d55a9f9,79d632ec6b91b48a,e3594a96f2869728,d394f9de7cac0081,19993961941d925d,331c9e7dd800bdcd,850ff7a458ec2aa8,4a6eba093c9ffd3e,5165dd4202a35496,9cdce8a801c7ef17,c3980ddcbb8e67db,08a98d6a36fe3f24,95b8fcad68792fa0,76d587cd8e6ed9a1,268008790c8f5d35,875771a180f96888,258e14e0a0e2ef90,c9bfd0108f7b7893,8036dc4a97b33541,4c307c1a26fb0e35,54d3eb16843434e7,51a74f4e67f0cbcb,a9f5b96a7737d78e,e04f87530c9523f5,18b7db5f7ec7da81,8870d4e82cc21ef9,72c464ec25b9a8f8,26c87f95ddec509b,53d1349273c3e2f4,319671d973a04933,cda6b1ca34bedb32,2efb4fa4d8e488b3,2ca95a8b86c9e6b2,0dd1636bd01a2c28,4194bc1d49db2f25,0db6c3f4b0480f5f,0b4692bd213154f6,345a9f6d54afb3ef,e2367ed7888c0e01,af76c3b161c72c01,c88b93b56995c3c7,92acc67875dcda0c,6954e36b9170c897,6167bf7a71d38538,81be9d03df9a8c59,a8fd333be9d0cb35,d308e45a91679fde,68a589c7cb28b61d,8792c3c045d322ad,4113a1d1cefd0a79,b022e4e7b25fd3ae,38a8bbea78d85ee0,e5900b4ffe0b0be4,0a9b4c166074d742,0bf5a01cfb6f4284,a9ee1bc8987b83b7,c9978a51b9be3b3e,67658c56e3d5a206,3f724e00ceb94893,f0d44430ca05dfb7,767a4015a3bd4279,fec12e1cc6603ab9,46cf357fa86fad73	1	1	holds
4	745	16	host	0	696ca854676176c3221ff8a408b7405d9b3b19eb25dced94a65ec9639e7508bb	1	7	host	(nil)	host	0	234	host	691a0c8e49e35625	18af39e0aa0333dc,170f11e6dc73b2f6,38b1e024859157ba,99fb40beb0b2a5f3,e63f446c22888c4f,38aa4c2bcb6b3e65,c46845a8aff600bf,2d0b8eedfbe2782b,ba0bd2a9c5945b09,d468e5a0558164eb,bdb63901ad870f85,6990e969fe151c5d,27245e89a63babf9,a138222d9c2f98bf,30230c1c59168df0,2f724fb3458b4bcc,6156194be88a8c62,534cf81ce3b7b4bd,614428f34c41dd11,cc1dc59adeff3652,a2596a3bf8c9115e,a503e4f498b71e1d,6b5a445da5ce9175,08670f8299f27dd6,c4428acd6daf07ab,df15bb8df9680f21,4ad3bbad8b3c392e,52cce15ec2c883f9,20459e8a673f364b,41a06912e5fa7d1b,dfe7cd61dcab654d,ccaa499c1996140d,fea6f6a454e711da,052182901642a4ef,e342765e64c85f63,576f3feb0c085813,009ba3fd37c90762,805c313387dc93ae,66ca03b19b623921,ec7a65f8af37285b,527e75c275224da1,3d6091a36820ad37,98ea0b4948048440,2e7f7d09704d25fc,8acdadac68091799,6fd51bc844fc9e4d,c8bea57f740bb8df,5ee2ef2f764f0ec8,d869610ff8abb21c,b8067be5e772b15d,7b14a2edf78ed180,916c3ddde37388a9,b4495cde66a00d85,b172f3828e9c6364,a7ac4e5a7e5f5d39,bcd02cadbb85c2b6,ffa5b86564b5c3dd,eeb5e78adc7cc510,56d4f5adbe6b5769,bcfacdc127084515,2d4347fe87fbd3e0,bedfa2bad13a19c2,e50678664da00efe,a7a389fd7bb79ecf,b603aa081591451d,7ea4f03e3a1ecce2,4ca1b37a8d15156a,f3a6a5dbbe181301,51820ff5d0fb0774,bcee1b3b247766ee,f6107b15264c9341,b0f2716ee4a124b0,fe3f74854da4c0dd,2c4713dd7e74884f,763f0947ed3a00cf,cce145b89665aae1,9c3586b964af44ec,7c6927270c7e3f85,da04dc16e7b82189,09b1a32a33c8abed,9d365924fabff15c,c6dba4c77981e37a,652eab46bb63f794,82fbbf8894856944,5240aeaaeee1572e,eedde6c2f7d45244,bfc683b5b7e9b756,4e29538b8df04e81,df8f0575516d141c,d6ac0f1e4e2aa178,bd3e8c924b6ece09,7bfc7a399d06c06b,d8fd9e7325406b1a,80d98819e78162d1,4fc1139f906af5ac,44e07ce49c45b60b,4195bd06bb8822dc,67069d1d7f366ff3,de027563bd08758d,5a4b2c8acf5cbf88,7d3c303c88f48f23,f10031a34e624b2a,84dbed885dcda382,8fe53db6e69fa3d6,71daa61d50111ef4,749ef8be5d3e2789,979b86238d304e8e,d8ca324004d62b72,f265650abfbf1383,885d93b8c98b288b,9389f2ba23a03df8,c3e257c059f5b764,c94e50e1ef7fcf2d,80747a3a0413cf68,1abf48f9fce58bda,6e462d929e648827,659c42a1e0b641cf,14d65c28e93d243a,ece100a50ee76a91,a914582a9143fb17,ac476659d1f5e176,4ef4f04c4543174f,fe2c64285287cde3,5ea5849477fcc230,3a30cb9409e1112c,d839bd3dae578df8,064aaad0f9d72d65,99049df20364aa68,59f7d2fb5a80ea20,4877cb5d362dd534,33852c2e89d68b58,4a0438629dba936c,31441f4a898d72dd,286dd90f50a9e2a4,a3793991d9809b29,dfac203176fe5f4d,10cf85cccb9f7c7e,34847cadf56c67fe,28f9f7a1a2dc0399,eb83d52296da40bd,76ec075dc1ef67b6,bc153fd9be141aad,e9a8444df9280ab2,8320a9c0a63c8738,9bce7da75045a3dd,549bc7ab2b3ca435,109c8ec3f0eda7b5,879c5c56466c209d,901ee71cdeee33f3,db3fd0332e0ef258,7f8b38a79416f825,9aab7ee083d97b26,c9951413011650ac,725ff78ccffe8fd1,4a27a1012bc47581,f4a97c0ea684f5b3,7e59bd846a6e9e13,27d6492e8c08a46f,f86ff462bcce4ef2,e3a331537a131da5,e33cec650b552d69,b4bfc23f3cf5abbf,819befc8311310ca,3efd59a6b933b97a,87fdf715ecf1a09b,54b6ea3856d7db88,e61c47ba2e018703,689d71d99f2c5faa,968b89ddabf4499a,9881018b58396508,b02aa405c3493359,2d0644d10a1d6653,3aa59d4b13fdbd30,713bf73e7a46b76b,9aeb0dc39caecb7a,5fc5940bdd63c1e8,ed318ebd4fcff252,7c469a8ca4d51c83,d251aa258394174b,392941e7e09774ab,5efed2ab2832cf4e,6a9cf96dc4daa3b9,92574dd36b2463ff,f4613be44e26d6a1,419be5fa63c78062,31e3c91e9cf2a1f1,ef52c105d5bc8a5f,0b39cb8f074d8c6c,5def0ed00606d661,c031ef8adde60bce,f7ef73cd0f3ca505,7be90a2f24a20ea8,af394a19615d1185,c18261b164e0e5fd,8ef18fc0d4cf1b8b,b7e68ac969bce3e2,f988ba6f5de4554b,fb5a96ef02f70027,ae133ef7b805aa17,557d021c4e44d198,a1c758da6821cfa2,1789c9aa7b7c8beb,674b2b98f34c53ba,97aa118d39695722,a754b7707e0d2919,f07eba6329799140,711a956fc8f5d40d,dd002f250eb27fb7,abbbfe7acac82b57,b9fe06e16f8318b9,bf6ca600a5775dae,5cb7d0d9b2476a86,85433653cb9d020e,4030cd64ea8aa185,e6b9f5dd292e458b,b0e6c003a524f7fd,53156c2ee752196f,148dc785dc00b908,47f98a06299c970d,f11f70868c8963f4,34337617ddbd5d63,d4e9341774ba8147,572d19b6a48d8ed1,b46974aeb0624ebb,c61058a0163eb3d7,c06b68034ee82d67,05ba02443b7c3d96,ab88f0e87d130d11,d070461eef09b44c,8ab89e2fc68aa1e4,fe93d8c65bf49347,861730515b1dbc38,8f8eeca8637fa907,2bf9e88b2eda5f92	1	1	holds
5	754	17	host	0	5a202c8aba97cb7f97b49ce30a1e5a9ce071d11cbaa057c98b1d3bd4180db6b1	1	1	host	(nil)	host	0	88	host	3b24a6bf1624d7a6	883bf69ee14d1527,ae108ff5264e0df7,7baca1cdd710876f,7fa2b22322cb9536,1602bdd1f8de9b7d,2c729aa1a7e29fbc,13d22546ea0a9592,e9b582ce81b94f90,84396268e003f362,7e9c896a1797316d,8aa2e2cebea9b6f1,b2c2ff07231cb551,72bf8fcfdef70393,d92569bea462a060,6452fffe4f0747e0,5b33d7fc15492048,1088b0b591f46a77,95d4a32abe2a7583,c66add36fbcca598,9b503433b3a2844b,7be1ed40f3349b09,286b546ccb2920d8,92bb6ab6ffd976a0,2caa23005a5477ab,501c9ed45e784d55,e3d222fb6369d74a,e25eb2fe927293fd,6fe7c76d51e34a95,a66210d96646bf98,509eb0fd264a5b5f,61fe506e725bb61c,46482fc4a439c639,4e54372c7c5909da,0babf9967efabf2b,80622b89660bbad3,775b11ef81cf3d6e,44bedfcdfba8d056,88841c90b9341269,148aa2e7cbdbc2e2,13304d0cf95f06e2,af52c58e29e8cf99,218a5082b964acea,3d99bd78fc0a654d,485e7f9f9c613cb9,d2a668c4eeb1ce4c,43727adfa6b2a71a,d30af83c3ea6d7c2,fe3dce108f3d4c33,3410987b53995bb0,0b5baaf7c204f17a,86dd270e63a3608b,a8c05c72760d4deb,a6fee4ad82e6a7a5,a6a07041cedb2e6b,7630faa2b1a2e29a,2841271acbee3559,c365f211e4ae6fca,96d491c47403a011,d3cd399960bd5cdf,1cab6cb91796ee1c,aa574913fa4d5bd6,fae41210d69c3cca,d5ebe9961ae53fa3,129078e4191c44e2,492f1e0aa03f211f,d5b1ec29ddcc023c,cb9c15155f364b82,cfbd9e3d090c74e2,f788194f8f6c9d7d,92f1787458239401,119cdc2da3d77f47,a3e62f97c147ad9d,ddd02d1f0e14aa5d,33c46c6144785243,d850f8bccac6e5e6,15ace5bc163f9677,7b62877747e80ff5,f43d64f0b2481681,a5ee94718b80bbc5,86c6e2cebb52f410,9174fd0da680119c,5e2dd84544bc8510,9b01d4d322ee6633,1b312ee07a5a81e3,c0681de5f9a4e483,d4051bd04a0a075e,6dd0250002e937c2,38f4f7fc4b259dca	1	1	holds
6	1534	18	host	0	696ca854676176c3221ff8a408b7405d9b3b19eb25dced94a65ec9639e7508bb	1	1	host	(nil)	host	0	256	host	3129d50ff2fe2a30	6258e258bde98892,4af93b76978a2aa2,45a0afd1e377b493,b082483f71e37e43,7b2e6a964e141f69,a6d2b19e5131fc1f,fb6d4a8ddc5e6e72,21af1db4d9a2ec40,62cb112935fed8bb,2350f337b4a1100b,fad005008dd34e6a,18b92a9ce2c20a05,c08527e9a71d9089,d13fe4df4b653618,0df94c6dec8b980d,9f328a0bc38eb979,23509280a0517719,71ceb88193feac81,caa21f994935a2d2,6e35d02e037ed3cb,ae70dddffd92eefd,8ebd61821f3274ee,902bd169ff3106ce,652a378916f01e30,a344995c6e6fa5a5,2f1447eb4d01dc23,d9766cedf123c23b,b990e0f8d2ee40fe,1f9d2c71e181d225,e7b34cd58ab62b7a,44bf7e2108a64598,63b6dfa304c5f19a,8c0d3a871e944ae9,e9d42eab782859d4,5e95f9b091144e15,b7b91dc05f874e4f,e934f58e859676f0,813aea4b1549da07,29f9403b31f48952,d8e0725b25f7b739,08d209c203181b71,532e1a4accc64441,c542f6ac20f111b6,d8e358b309250600,2b7da7d255dde4c2,f10f52a01a5b5bee,116d60f41313a3cc,763f7ada6ba3f3ab,5813048945e3f850,821d527f22dfa161,1da98d54993e69dd,56aa4dfbf89131f7,82d69fe27de54850,3b2a08adcec53b23,cee052f7d43c4c00,1d90376803f520a0,00a4703a25631fcf,e6aaa7f3ba4f593c,7b40982af56128e5,3f5032adda0edb25,8d5dcddd7fe0b5c5,68dc65e0c8fb8790,511233a905b7d95a,e2304499bc9c3e9d,9f26ce929c097187,b09d3b35d2fd3dd2,64c89e0d8c1d128e,d167e460ee4fe8ca,025b817a4748efb7,3b39685b14c19ff7,767fd51c47aad8b6,851c6b5ba941fb7e,b7ec52faf0c8c4ba,7f7979de491814ef,47d0c9bd32d37fb9,3ef84f133f2484f2,b28951cd1f4800a3,b53b5f84c2c60c28,d213f66ba89e379a,b0b7aee954590b84,93dd0201d734299e,8cac0a1630711cb5,f5b76b2d4fb52de7,23bf0889eef47581,a392210e28b5c97d,abe86742389b1e5f,62dcf47064cab0ff,c0d142d954769008,19e5691a76ac7396,174dbca147f29059,0e002babffd34d69,b842dad589be8f93,59a4f114c06f8bb7,e1f301abf24eabfa,2ec28638ece2d765,6db0a4f7adccc589,0e8bada888268de5,66feca2176888e14,b6f3cd1916de3fb1,c1a403b839afefb8,a1cc4ac359945ae2,f8a8bcff69264f12,29d66bf82578fd88,4a0d58971049f81c,7564b24ecf1ac010,9c312f96cc4a49a6,603dbc17f8833caf,044ab53d901a0291,a916e19c5b2cc13d,e3f965529c31cd14,132d77e1f9e5423a,dd11f72abf976a6e,65eedc8fcd389a95,abf45e5d5f7a4904,76368c131d7f50af,5daed86b5eab2106,14e09e7b507ea7fa,01bcbce3320afe9e,1829dc7b59998382,68b6bba05fa56fd5,fd1eac31bc6f8675,39fa3fe742a559bd,f6cc8013e1330386,45b1874bdc6776c3,1d3bb14f2a26297a,65cd08f1616e1c23,ba42fc4f69639b74,54374f055d6bdd20,69f539cf6493f290,e78d4f7e81a7235c,fd3b1bc01897fb51,e99d83fd9efd3961,3831dddd890067d9,1bb42ba06555797e,2290faac6d0915eb,719499106212cc5f,4da92b7c1e78b092,acf57d1ab8921519,d60b39f3e63948c0,958663ffb4e4f4b4,0fc1891b274819be,0962586390e710f0,82766a9b8aec19bc,84191da038dd7ae6,476fe9445f57f244,3d5353a636835764,fa8fa0527a21183d,0cce3ae885848fd6,6e8a9afc3724277f,e64b727fb0b254e3,a89119cfcdcedcc0,fb721ed2bbeb5377,0230ae1b074d6afd,c8ab95b2fb51701f,dda7eb9138a3d960,4a48c630124ef589,0d9413c05dde87bb,ae4c7f004eabfb37,30bbed3884fa41e3,204338288b90bd66,24b9592edc4bffe4,c40698c080cb1fdf,c1c80b626f912a9b,4a20a4d714eb444a,e6aeb5fc96c36b05,e4e3779f296220ec,dff7667c6e22aa7a,6ae22532bd46bf0d,181cf8d8739063b7,fbccbf253ff4c4c4,52ccd787910df7f2,471016e2873ee3c3,f60406f0fbe4a5e2,e731646e9069f1b0,95486b29a4f82119,8374da2b779a2af9,98a5a9e78066f8fc,047a887b98eef112,889212e2efb3fda5,8310280328d6dc5f,69c15e2574060429,2f1086a3efe16868,f45c0f737cbff27e,4fcd6d57ada259c4,8f1bbdaa4ab86805,cdfe9f7115a52e14,599b48aed75c840e,e1da7753ae2caccf,f2f9fcce698da212,3d1fb2e93cf7d626,c0591eb6528e9147,0d9954cc26d33080,81b63c42e7d35dfd,ef575d683499a353,5395714d32fae0ec,f6df8ce5f4477691,5f88441e7540921b,5277d1509d9334eb,ab6e274a705f8cef,b83d92712684c039,8e2fde962be9425d,bf649c86fce29b93,4ac96b8a4aab8f92,32be4b1fbf5768cd,05033b47f96dca00,c571cca562fa72e5,79d4508ca709b5c9,ab46b055f2a86071,9456a3c4b46fbabc,f55dd7a0e1410bd3,8390ccae3c03eda2,0a56fed38d989d1b,144fc2f982d04b48,2e8497dcd5c637bf,1da589dca16a3edc,0b177a3345766ffd,27d8e3aefd3a9f17,24811cabf36071f8,27e5af03b2d0b768,a28d74f1e6b9fa32,7d45764cfe26befd,2aeeaf1d20aa9000,906661d4af991ff2,307f050ee880183b,aea32878aafe9d28,86abacf71addcd2f,f2e01e6d776b693c,7532a6a391a87b5a,4d2ebe0380049918,d9c2aa3eedb9aa2d,f44cf3a0e46c4b3d,1e93c4033f4cf039,c34cdaba803c2b72,3a928f72b751e6ab,0873a87bce0b4880,dfc4f8b2191b2a60,2584f2dca759bba4,3736a5d517d68ab6,08711aded240d570,74173d655e18da34,c46dd3c5e2c3a545,d17418d7d9e0c587,957a0660aeac6c65,23a7959abf5ed0ec,d7ff646bfafd9674,d144d3fd544e9681,ab3c0d2abc60f737,3cc3a9ebe29704c2,5a91857df525f702,183ac6d904e88819,f85044200204c199,3a08c7cf692071b9,07958d5130b950b8,cfca9836995a9c3f,b31e50df5e84da85,474a6cd935bf5127	1	1	holds
6	1534	19	host	0	696ca854676176c3221ff8a408b7405d9b3b19eb25dced94a65ec9639e7508bb	1	2	host	(nil)	host	0	256	host	7916bef4806ee6ce	16030e5e6a24227a,af626134ad180af1,c35ddf7e16c230a2,7278219a4efd1d02,cbcad9921ee279f8,488553b2ef637da5,4c6dc4b8dfa9e2cc,e031de5643203381,0162562bdb9f022d,ab6442c13f852c30,dd250e19fcba05bf,625a082e37630ac9,ff9512498922d362,8bb8874c8da41a9d,ef09fae5d19359f8,d1270e0331d3dfa5,2b78d088d6125212,2f4708fa5d6b7f79,ee50c88d78c66c93,a90c7152d0089259,23d92278583d44aa,2b93b70604569aa3,8baad0ecb8066f0e,37b2a8c5216e4cfa,1fb1ae0ad13c8c0d,070dc2cb79cf8348,501e63799e434ad4,0e193f43f8b4c509,8d052689a27debb5,3822db5d4d732429,93813d2e5cb7b4e7,2d6d997731e3cd6d,13f420b1caa5c94e,942edf252e6e0c26,4f36e545868de0ec,c2694c39408590d9,5df7635cffe21e15,53bf701ca8cf6f4f,11a93e432f2af1db,3168cead6be3a93f,fb324ef6a07dc572,06bc033d0c17d6cb,fd38bb2c9c7722ab,39f01b2c32bc8d85,3bf473e9999ab1d2,5d0fd6aec3f3e649,5272cfef7951ae00,fbc51fa1da4fffd9,007124b9dc23a025,0e19f0fad086dbf2,b29aab9bcd825d9b,d8b24f8946451aef,975fd615c2fa1a62,b0e0bd0296509ba8,874f44527a1ad795,8828101d98b53a2e,d711a83ac273d4fb,d66c9e7c7044c869,a7512e442e4f5f91,cdf627faf2feb7ba,61bbb7986e9c95d5,9429430db3190e70,8936424234612fa2,b243a4016abf9f3c,879f1434c593d040,52c6a54aaeee62be,4c93140a36925308,5cc5f34c8fc14c5b,fe4c11fc8bc60646,cc9ff3b565ec73f7,14588a2bff2f9a54,ad5470db1b3c7353,d5802aaa3a893692,d3e71435fbe77292,ad073f3ab9f6089b,81bda958bf6d22cd,9dc531e694e54a5c,acb340cb87016432,6dec58a2d2ea48e8,3c41f8bfaf8c53d6,bc6e6dc5a4145c58,b6838ff1f89d7e37,ec57109f1c5ffbd9,c8036c5f9cee4250,80df2d2b63782620,749a6370c36fcd21,44b9e5082c9e4f1c,c084b1317e4d3592,72dbbabe86287c23,8d792af1ee4a8e29,56b088ff81fbe8e0,6959e9cc80842e92,1de7b0db58839763,0afcf1d2857060d1,13edfd7ee45b7128,0adf5d605dfe6128,84ad723be5735219,9b044fafcb531831,e7916d19b79ace1a,1fec2100fe8e0e77,a051c4a042852d18,2ffae66d5d2a352c,b2028b91f8856fbe,e157384c8ae0957d,a014fe53533db5c7,70c6bef2c0e84dd3,5b0c2bbc15a6d6e8,d720e40a7a6bd9f4,b53730a51cd254fc,ab778ea1b9ab886a,f9ebf80dceca5c0b,0a957d0297ffb749,533bd508605a2716,19cd0118fb05f72a,73c51da1d138c2ba,1d98de9b8ed377c9,91f396850567cba7,3845a415f1f6ad10,63d30e8f264a1096,c46ee89208183fc0,553f5323a501a7a5,fc1108e04f32d6f6,95c2928efe463b76,4c87f0b15c707f95,ec33b48413088629,e0a42966cc6f9489,89134f9ec9f5b69f,01ee1a82e66cfcd3,c74de69dbbdad03a,54d0640b1ab115a4,65395056f820f7ab,502e29702a3fcd2f,7e51da950de53942,07f18b3d86f4b65c,041ac8dfe5f82fa2,1b9674412b45efb5,89e6fdcbd33996f6,2308a78abf9b91b6,f6a58aff31a9c1f6,981198ee61e8726d,bbf4b7782b9e9d08,05db8b6d6ad4f458,772fba9499ce7649,d8d6649e7bd1d2f5,16cf0a26ee60f6ea,8ce2eaef1f813984,f0a9ee26447087e3,bc9ea321f418a228,c3a1207da70f1a43,3bfb4cc6d8f61cf8,c66c5747a96197f5,e48c8ac885676230,0aac26cdf70a584c,ae1608ef43be494f,0079166e93013d72,59a95fc81e6359fe,9aeebd5fd503a29f,f12677ec92e2aa60,39fc9ba4df229595,421f12d1953a744e,e4996b9972bac304,7c76bfc8fdee8a5a,78c73c90183ac077,4013e299151821ae,737860f1c6ce30f9,dd46caa876d3cf2a,9f89849a5b50d456,34bca0f60ddef67e,013fecbfc6ac7be7,f1ba4bd90369f529,f97050f2f24804f2,c020f162ce981adf,39569f1c0f6d1d57,93a7816204048547,e484cf49f144ec90,bde278d4e5d250af,9a762ceec020861b,f98f867607bce259,f42a946ed3ebab4b,7cabb98f66429674,767479ce414eef69,bed0ae1373a9312b,00c7a526cfdebac0,e79a1d6599acfe67,17df2e0e5b7e5614,63ec7bbbb41e57ee,e6f832ee3a9816c5,d82ba86a7becb889,bf07c2ef124ada94,a5385b1d861f3078,d0d5ac994f804117,c9c59a4a407aacfb,b7a35dc278f34aa6,acd6f5728d51a913,95523f5c316d0a9b,22f1d1a4dceec242,66f11a742cf25b28,ae3b282adeaca585,8c95c4094f367b0a,7bda6ecf8c4ffeda,53f7bdb2e9269ea3,9b38b74fe027019f,9f38f4f8abe80c9e,c011a4e8fcd3ccac,a0484efe3e64d874,9889dc2676f122f0,2cd4456ded4dd200,ec4190a24df0459e,94cd6d310fc9bb4f,923dfd0d647c03d8,d4680d426d194b69,737a3f79aef4771c,e8d4dc503751be28,5a27a3ec6109bf5c,9f39a999e846a51b,88c77d6e36c6a7fa,c050125631626ce4,604d08721ba295b6,cbd65713ed6d1e29,a3d2f86aaf33dc3e,146d89d1aa59786d,eba20f6276df38c9,b677e7579a19e672,70d4ab44f347fc31,171635e1200035a2,488f4ee97fd331fa,7e5df7cc68711e0c,d05c823277b02199,bc1650ec728e2d08,ce2a83f947866926,8fbeb481783afdec,2de0c0f3e1dbcfda,ba1fd0a2de05594e,412310750e675393,91cd7d3a39927cb2,85abcdad9bed406d,c29b5f9a3e18f437,e2070c471af54a3b,1422065242d55044,81891ad7d9cc1eef,9208fc3ef8d0042b,f41245548bef147d,bac00acf4863adb9,1750f959f5b7dfe9,9070bdbe42365af7,39822492ba126235,731f59e9dc6db0a4,916ccf9ea3647de6,d17d4472c47bcb77,09b0622da3032e69,68110caf08fedf63,f33f1ba517922cce,b59d274b6fa5235f,7c461b3089ab5479,cef643f7b265d690,c0e286a32b5fb960	1	1	holds
6	1534	20	host	0	696ca854676176c3221ff8a408b7405d9b3b19eb25dced94a65ec9639e7508bb	1	3	host	(nil)	host	0	256	host	79af927f07ac50c5	282eab3966b7eabb,81b829c1953d713e,08fda5d6072e9a9d,52bb878862e43aac,1060fd5ec66b9fc3,86054cfa92cb16a9,38d720d695bba500,16b4df9dd7d46ad3,fb130efca891878a,6a773aa3d77b607b,6b2e24e00e443c61,fffd7bd3122c408f,abef4cd07104b3e9,4664b5f90cbcb520,09f3c73ca0e22798,7f810af310192787,b4fe27eab9f008a3,1b59c686a260f523,4544e61797e5ea6e,88b53f6d7c6604aa,ac994a15f0770d89,ffb088c232202263,81f0e3664d16c51e,d9e2614fe9d12fa4,96778fcbc9a4dfc1,f572c28c90b671c7,5c558fefce4fa034,b13e7add68b77f50,2621f985edc57997,1c941cf639c4fbd7,9916d069d2c07424,8ec754eb6edf60c2,4d941bf4464ce837,23603e54a2cd5dd4,beeded28d4679e2d,59e4f8f6597b1441,48d8c1aa16b813fd,10004a524ae99278,f5fc3f3b12ee1acf,22a3341e28b22389,34eb219a475ce3a6,ffe28258791e3b65,fb05fe77dac888b0,102aea1b37f36dd4,7c139245c8a27030,543c4ca75601b2b4,c67e77f169d61439,a8b54e202e237907,2b59dec0e33e2e71,bdfd9aba748bbbfd,232023651caa4241,19ec1a4406c55e1a,8ce6e9ed7f73f0e4,ac5448ad52c0c0bb,7cbbe546bc14f8b3,ed79fd4eab59f94e,01e283793247e8a0,097ef3c54bb3cdf7,e6c72c63eb3c8600,bbcc8411845daa11,265df4fa7565ea79,e46067b799ed3a30,efe20280d68434fe,978e9203ccff59b3,2e0e828a8f451c84,9d47114893b325aa,91508d0737ae1340,3d019459a7238098,416579472364b573,3aa8af16cb6abcee,a68aec400bab2f46,620f9c18c195a8d0,4d4b5d27737d159e,e3becf20e9917e5b,4b8d277360c8e54b,ed29de3ec6341eac,88683919e2849289,607b9259175f64f3,77b252f11fa15e42,152f66a434ef632b,17a5c1dbec0ff92c,8aaa253300769150,5e43d72df3accddd,6610bc717916eef2,d908fd93d8f79ea9,7e729097e39b484c,415f9baa97297a9c,bc0e132fb1c8763c,071476a7c82d7337,e09d7262424e09e6,3629d7a7939915db,caa6766e903360b4,1acadb8542ba0594,ebe3f7fecf061cef,70f62e340cfc178a,06f5cab06c419594,0ff1347fd98bd7a3,a27d29f579558311,ba2cdf1a203e2d25,5852b8f8706b583f,07d3719f7cafe184,99cea1de3f7f2ed3,6c9dd7809025d144,e3217951f967eb7e,2a6e692f2cbee62b,a7f7e2d09891b471,3d74d0a1eca849fc,2239bb81b3eb7938,dfa9f074b1b8a937,cf9a9ff315a39a29,65711b1bd991c443,ef8e8a44689aacaa,1d968f9126048746,d473fecd369253b8,f175666a25900f93,263cf1aa767835d1,8cc545d161cb0e67,5fc7b9131a38ca41,20e3eaad9d0a97b2,8d57092cac343042,05e47957274e20d0,7b925e0729ceb0d3,2f938c3a6b80b987,05dedd732506cd01,b57afa4794acd040,bf17843040abd8de,045802f85c94d997,44a296455d82c0fc,60b740cf7d795c60,a0cd25f58c4c163d,3a35785925c7f880,0359c94e4b4b6f6b,ded902115b07ce0a,99c9dc54d2558fba,fb90b9c3c9e861d3,779ca0e6de40889e,453af552259228b3,0874da6f3236e297,4be5fccb537fa6ec,c322724531f8656e,ca1ae4041f67701e,d1af8d5750b3093e,0b5f08f8357c23cc,c22856849e17d467,6a10042d400fd331,76b704e0b86cc34e,1983f8577b5fe198,c0d3b19972bc2d41,b20e024363a97945,c2835718b3c46617,afc7df935efcd76c,f7e8ca40d0706bc3,d8c304f55c0cbf0e,cc95350188140bab,65d0cf8726f559fc,12453f656a9a1203,af85c610059e511b,5737f5660b3b8386,50bdfafa876955d9,35902c48f2f50c25,4bb8bbc39c0c905e,e71e460e73e953ea,e9210bdd07903133,b709de3e83a68354,b55679feed68fd00,5c3e0cd72a764acf,8cc1553c41453820,3b69ffe073727864,6e4552afe3eacfff,34abd3c60aefcf84,02d5b3482078e0d0,4974c00e5e7c9bbf,cdc035cd6c26c348,4dd986bc0704b84d,13ffc3bddb580645,6a3bea57f70a4ff0,78b00a5e3eea80e5,22340fd00ef36a17,0a9f5a8db2fe0720,57f5f225d56b29e0,e662e2d7a62e8633,458e152f52d6987d,ab51be9bf723f935,e8029cb6edd9fdd7,e667a474ebdc048b,60dd092349edfab6,80bc6da768920dce,68bf128f5eac8cd2,bb4bdb625f0a47f5,dcdf012095024a02,4005cd69335b6442,fab44f6375698ab4,9d74b862d90e5cc2,31b1ad9b4a7b93cc,ed152ad4b9356793,61ab07d2a15fa2e3,ff94dfad7b1c63aa,32c9e4a922c2b8b6,0dff379cf8f8c673,3f45118985932bee,26745071ef7093b1,b3f177bf87d87686,610317399d48c107,3b7ba409e1b6eaac,3b4843c620206b73,33e65657012be785,a7a9b1a736eebcbf,aab4f577a63e9918,b0a496d27bf01654,775a0c1fa4bbba39,723aecfd451bf438,7c2f2b73a9b77925,cb50be2e71a10fbe,cbc9271857c98895,cd57e471261d38cf,b81dd5ebee8298e9,804e3cd0580c0a56,6b1a195cc38f6a0e,5567c587203707fa,d48a969b75f62d95,ea7ad846456bff95,64a4f255f181a671,c1f6768b8bfc2be3,1c2b6503717d08ed,420921a4c5a03538,f561a0fbdeb1f9aa,f5f56d01c505dd26,e61f94931c1165c0,08e1cb7a50bc8d08,2b15e4869bad415a,bc4a615b1dfff752,c9786b582a1adc8d,f27a6670a0ecc180,55f1de8e99078d4d,e3b35b3524a513b8,28a303c8716b57ce,c4f6cac90d537f80,ba35ff33432f9c7d,d23a619557745a6d,3ccbbbe112fb56df,5963e34cb41defd8,24046d07d7e7c3ac,ef597268cd992e4b,2bc25d705231d091,c48e81eefbce4b77,c1921a1fe6e71b81,293f2b140a7a0d94,682e9c7461fd4a33,32406e9fa2422cd9,60e911f7c4df9d5c,41c75e703d65cea4,6078ab1225cc2760,52fa1660574091b5,f4d7cdf340d1d6b0,0362720c7308ef64,5bf8d9a32e1e5ab3	1	1	holds
6	1534	21	host	0	696ca854676176c3221ff8a408b7405d9b3b19eb25dced94a65ec9639e7508bb	1	4	host	(nil)	host	0	256	host	4974d3ca9a91b3aa	4f3e5b8f98b6a82b,f2c2f65df231901e,d59780c2bfc11f23,88d09c00790799dc,62e5e12779dfd020,8f9d2820267bf97b,427c4857311e4fe6,e010d016b8ab477b,1329e58d9f44a9c7,08fc10c3693c65c0,ed74136a177c4e28,3f41e917b527cc19,85faca77e5f31676,c1351f170122fc0b,80ca6726ed5150f5,940dd2ff7db46d09,ec7df82cb7da6f70,9769fdd2f1bab80d,afdf96ce2e6b42c2,acae7992cbe661d8,9dbefd92dbdeaf99,9649678079e8377c,c9ccd2296b43d76d,09a25efae09235ce,63fbc6502db59d9b,750f1a8491ddc7ce,e88f03d202e56e27,20ea769f3221d41a,133fde393cd3b2c3,42cc635412a0d6c5,a2780b472f8aeac2,467c147a86617fa4,a528d9e8e38b5320,ba3200deca1113fe,1086f8a6cfb001c0,fdbc41ca118cd48c,86a05adcccd8bb08,4a829d11fcc83898,ce23c348cb3443dd,67c565f414a99556,610d5724fcfb51e4,d7e568007b26abf0,436170a26dc53a78,0721198e88a8b14b,1a428a3c8ebb4684,31adf0e07c094092,596846fd78d3ca1b,3924f68d8d9af9f9,03f870a927be55b2,54505b43513c9ecf,94a2a08cf35369d1,0ed248c778eecc57,7a8aafed6c8f7046,dca1cbb16ea885bb,1d0449f3cb7aa73a,c770977819c4a615,88651d22155f6597,13a57638306d4d87,eea0bf5088954dec,9118c7e90b2f592d,37811deb0781bbcf,12f33ab5f4b790d6,49dc85a798e4b2c2,ceeefd77fadca4af,9a50cdd5d7d117cc,36b3b80087e94ae6,8372fbf63833b8c1,17aa60ce4115eed7,d0ff974fd099b5db,e010c36a82f57194,d79b19828a3c9aaa,7c2b458056010578,e62be6d22a229367,07efa251086cbc9e,00ce9aa7604026db,39597da9787145e3,4d2be8566e2359a0,7fb61d2c4ef0e049,88df8302a2a2adc7,b455862fe208074a,3d20a9505e4d7611,5fce9795d434fb0c,fd9a03f518d05589,4d4194f5ef3137e2,0e9d65435b3ca72e,a15a6d0a9e7b0bce,8aef4bd5c7e38f66,17b1e894af0efd45,292f80ecaedff305,2b790f8fae866641,d77ebeba6cb421ee,29db1b79c0b569d0,52528095e266fc9c,4425e83615120bb5,f666a614f94bbb34,a97e2a070f7625c1,8887b0671798c8ab,233afe3db81a85ae,8d2e825fb4cde86b,b9e12df7c955b76c,039c9eb1c7fcd311,1d12827c9bddb9d4,623edb80c9558161,f0d081d96fa51929,b59fc0dcf63ad9c7,66ece36e36ad7421,437f7179d91bdb7a,502e8e120e5d75d0,3803cfd3a36017b6,6cde83c6ba99e385,66e2c8b21bfaef5a,05bca5eb58c276a7,81939e89f0ee186c,536761bdc6db0855,6dbd4847c25842cf,5284d68c968858e9,86ad3990d0fb4f2b,2a17c2b603f9e8b0,d828139ffb4731f8,8826d43b7d637efa,82a275c9c2b5087b,c112a5decb7870dc,673378d01ad7cdf5,89ac2e23f57999ad,4949d65d1d662b8e,b3ba0e74818dd984,476e8c12b669bf86,4ab910194404f8a1,de254ebef12f6cfe,781977af3dd4a687,8d7209602aad3708,de7c5a884de4ad90,91c767b29c5f34a7,391502f0c8c79bd1,28fbc52a58ea22bc,a49fc96cd2bbc7ec,57fdefcae95bbdc2,66d3a0ee67707704,2359138c287595a9,4b8be67893374421,b7df67959b83064f,2cc3ceb48a2d2e4c,e5b544a0d80588fe,15d79c707d63025c,198a748a2e6f5aaf,fcebd59913a75185,55e7fa0b292f3466,ed8424489c3317ed,69d0945729a2b3db,31f1e26bb7a853ac,776ab7b8411ec9b5,f6ef39a5b6afe401,26fcb0b735c4832a,d1405c1763a81b24,804b7ab0d1f323b9,b5ba5cdc0990ef85,8c6289651799ab4d,0b59f80f9dfc0ee2,b30f13e3b2764eb4,63d7ae8652bfb1f3,c795585734fcaaa5,598cf9cb3bc4ed13,2e128992ff8f0c07,a0a7a75282022afe,9dc9165c92db0fe4,86941feedd7c5bbf,25c8a0d997550ac3,1f7d08a2ce4b4fd9,454c9a15b367394a,08e2536b689fea65,d730560daa5cfa53,4a69cc10e0d7eb39,0fc696a47fce8e6d,2718a6974a3d6879,a23a4c98e1bac42b,4fdfdb2e5a98fedb,0a51eaeef36b5b42,52a6c22cf70f8591,b0b164cfef912c3e,784ebf452c50cc31,bb036f71c64407f5,71f24fd03ca57ca7,9f7599e15c1075d0,7af8847fe6f5961b,028cd898f48de2aa,9009babe0d00ed51,8156ddc2b846f96d,3906b5f3208c7dd5,bcf3a74258704a02,f38a2c29e6a7929c,1626726c483e2b9f,bdf8f0d85fa9cfb6,9b280be11054e24b,1784c0ea254babf2,35c979417f201a1e,f704bfaab90fe8dc,7f8913af2cbdeea7,ce34d9635aba6c97,b4134d07ed4c0463,3273592bd7a9ff06,9dbca5871b11b7a9,3c73251b9f9397b5,578312c2639597bc,a63834ffadca9ba1,b261e50ac657e3d3,74ab51f61d6b22a3,28cd1f495305e037,1f9e4bcec71db1fd,a09e76faf81d2771,fa209c52816bc0a5,30e1cd15bc9484c3,bc3631181b440658,97a3b13e47bfdb85,1ac38934a6edefdc,3a685aa91bfc24f8,6bd69452839f5313,ae3c633c909fbea0,5453772784f8d835,b0d58849da7bef76,0e77ce4f797e8854,7e3489cb705f4ef2,6f7120dbb1ad42d7,3f34a0e2acb9941a,9c1632af5f79d29e,80204e81192c51a2,c4d0b025276b9fab,dcc718a50a3efe9d,c500ecaa648c6d35,5e7e841e464f1a45,34c1ece41494c857,92b7499e59674207,abbb21289a535dc7,b0f7a9cea538250c,edd963d261e54b97,15cdf4881bb4ce6b,e2f14cb818c9dbe4,2d30d9b9cb716a1b,a825ac1337040df1,767a4fd3b2d76349,536b6f75546a0c14,64a673e9bd1b4d8b,5aec8b2166517ccb,e8ac539091a1d640,f62b7445d52abea6,42e1caaee034a91e,56914cb0ad938eb2,8402fb920859418e,5405263148198278,5b7294f243c000b3,e3c4f299846fcb51,477fee9f92178113,8328d3d98710b501,c336c6225be3d96c,6dfe723c9483d6d5,6ba384d3f608c8f6,09ee0c2c7bcf2cdc	1	1	holds
6	1534	22	host	0	696ca854676176c3221ff8a408b7405d9b3b19eb25dced94a65ec9639e7508bb	1	5	host	(nil)	host	0	256	host	e18c44b8f651eb71	5f481bd4f5857d0a,beabf60b34a65e7e,7018a4ebbef51313,5dca892d9f82f5cc,b29e1faa71b6c829,6afcc10edda80de1,68265eb6561e66fe,4a96c26aabfe860c,75af62715b8bff66,8da4bf8b1b010013,e7df3a4a342ec64a,cd4eea048fffa35a,2e79d4d7b614a17e,b0f288d00ba744e7,c352a7715ed5bbd5,f18951f659888b82,e1f69ee332cef7a0,14476b5e2ebf871e,eb1f058e7e9f601d,a855dd56970f6a27,09b3997501945656,933589ff27948097,7e2c6e1002928a9b,64e5a494bbedb584,09ac3e13e6a03eb9,64c15ecd11554cd6,08e9ac2d20703846,4985c88d65d1c919,f82f6238200511c2,95abedf774331bea,c4d2d772a925ea4e,f9ad3187ab166880,f7a1f8daae4911af,139c82df7eb99810,7365ae2114ba0058,3b9625275ef3d062,ec82838320eb3c5e,ee713b301bce6bc0,2b643192597fe149,c3b43584fc030ce8,0548c517d080b135,a33e2c2da1613f28,c7ee718291bc9265,2e43c88ead4c1fbc,b3bdeab33b0dc67b,990a02e5b38ac4cc,e19f63f4cce1f86b,4db8104de287a731,475c81cad4e9be1a,53d98c2c1de85bda,13b40a4780c66dd4,5fd86c8fc07a98d1,03af562eec41a4a2,a84c2eb73a9dc9cc,79660b66610e44b5,2a390f14cbb69478,a04f35fed32ccb68,5f9af3144f96f09b,15b81bea69a7002f,bf93e81040668a19,5e3cc5d5a25ba67f,5d8987a63218f4e2,d3f97c33329ac699,5ffefe8d45dee988,639c9309d9a3dc2f,90a42cb9de67310e,d9fb2ea0fab0c5f6,8c28d1c9d81cdb91,60356c940f6b1178,180bc4cb93411353,3c99b7b41a7a8468,ef638c5a928ed6a8,f9c7ef7bacd1e27d,6d5e9a0f9b9459cf,ddb8a56225749164,808141b47cb784b7,0fc713f37d8cceb6,1a1542464ea33981,a54ec98256923e45,119f35bb71369e1c,cc0d7d434954998e,c31e6ff28bdba539,2f70405f0ab89925,02d609470d2fcbf8,c86332f4a2bed695,9316c189e5d81895,09e866539e8d2032,6fd54f87cc0de1a8,cfcdb738daa9c4e8,905d954609f367d3,ce6d43b06cbef65a,c83c520e8c38a3d8,93a90fd3770bdcca,8de547352faba425,db8c1ab912fa6cf0,82c9197c5ee742c4,e730453d89298b62,d11bccf33598748d,dd74e678a61e58f5,e230cf85c87588ed,9c2d80885b80b779,760b7b9cea7d0332,ef511b6df1ebff16,0d874d815b685bc8,90ebf72168ef9afe,25ba98cc11b90a55,5ab02629d182a91b,546eb42206ce0096,49c3423ff949e54c,d95cd2b3dd06227a,7e7911d672f62ab2,37ef3d8ad732ccd7,4cb6f5d8adda4e38,5553670c9d66fe69,f898440213c711d1,daf627d9a813be29,0a7b73008d154a95,86c51355bdb53351,058758e1e3994ce1,dca5b7731f6030e3,ea2be8eeadb17189,1f777fffdf319dc3,15eeb35249954229,5b57af98a22c0d1d,f23888a4dc52bd79,1e7e0554438b6dd9,5c4190511f77ab2d,f071ffae8f2da1b2,56f5afe2b48c543e,be5c18a29d6cc3fa,1e0f29ccb01926fa,2ed93012caa60e79,10dd7ac68e21973d,042caafcd2153d41,5fe3c1fe8b093161,489b18c6d6f8a0e8,72cdcf5c874ce462,b84cb14e04cf54af,648dc52624c1af5f,79540df84f4b3bbd,cfba73b5f3365bc4,45201110f1012e5e,5a3cf8c53b27b401,7043022055718dc4,d17d771fe63b21ee,16c19b5b4c2a5fb2,f97ee139a158fd93,654018eb3fb277cc,5c92dc994887f737,8c39f389cf5d85c0,b9a0f439bcb14fd5,298bd1ef5e28e9c3,70cc1d11e2ec3a2c,fc3811cac36b3d37,98e87c5f93853eb6,532747461588b74a,472f047602c7ca4c,5493cc2ae2e865d6,738c723c389cc17d,119a3ddb0ecad742,de7040e5e51b3c36,60d0361ee5aac900,c8da77df41550436,6de9a7a2549add29,e955ae044d9457f2,97bcd0ae9acf63e7,bc996b504ccfe529,7342e742ffca2536,3f48484c6ca86848,b39c775fa70c6033,8d34f40ac4621a8c,15462f5b8f542a47,0ef1e68d7ce4a619,e619afc43ce25c87,f8c0b88e0a6b9ef5,5751c47a163915d2,846b00ba7916fc62,d58f198aa9c28306,07b726ce1106fc3b,0cd390ced269b545,d381488910aa78a9,4e05472861eba9de,20ffecff410a9370,76ec58647d1827db,2b2d9e9c77b610be,eac36a3239c756b0,eabab75ec963ffdc,7d9653fc1dd0b5ca,b7c70693df0af2be,252eec45396078c7,13705c54e868f377,7d985e289da4d214,113e6a0812724d0d,f07408e45be68c7e,c4d04695fc17ac76,29d90cdaff2cdb99,863f4b87fad7d90f,1ff7b8b0803815ee,7ac6be98d2d6d6ad,d5fcac5b72005371,a9530e309fa17ef4,d32b22525e939655,e371664a6bb4b1b0,a8bb1b527deae85c,fd0891db2599fd8d,9a2f1a82751e2d31,e1bfa7e1d2fd4d9f,cf0cfb11d32fcb92,4e8b85e36f4d4ce3,12809e93b3d4bda6,0952b925bbb5de70,e334307fdbcb9bf1,0602fb11a57fb180,4ad5f33ba7d0b744,e15aac02b71a0c90,9e1cbee0c6b9b422,ad7ca725e49bfb5e,04b509648a686dab,4aca8ad217903807,f8198a23d48b8c02,31452b3f55e08e53,636457ce16a1eef5,29573e41fa858341,cf9b9b5febf4c272,926a1c8040f90b94,f4d47bf3dc0b57c8,26ecaf537ba22cf2,4c03e697e7988d3d,a7ea9b07455ba55b,0d2211ec7551eb45,ea41a53d00b67b12,0f544404f7535d7b,efb938f6dea9d413,82fbb041bd758618,b38a61035854d5ea,fa49e1558d773797,b1e69ad5196a5c6a,55f91183862726a3,24143eafe3701f1e,266c8fd233e37f07,7ffd72e84e9ceac1,419bac504df22748,d0168c14a17569f0,04f51410f3e56af6,e0d52645fa66dc4e,dbf5357aaa5894e8,edf56527d06fc905,6632873b1741b84b,871d83e2e67bc9bc,2077de9dd355370b,3b4f74966da0f9ec,81bc70de090ade5c,ecdeb01880c35831,de0c34c555786dbf,2feea5871de085aa,5f068516deafbf41	1	1	holds
6	1534	23	host	0	696ca854676176c3221ff8a408b7405d9b3b19eb25dced94a65ec9639e7508bb	1	6	host	(nil)	host	0	256	host	8338359c28b2fb96	b6d35317e64f072b,b4b16c13bde1d478,89e58fa325f0f029,a368983dea314494,bd800b455650ce74,ac2f2248fc6e90ea,7667ec1af2c7b96b,8ee05cd0193c1838,06db13f9374c0405,59cc07ef55e1b33c,0c046c7e1f95a0f3,ff881f3e965f6912,0b109fd9da4634cf,87b0a266b4c30725,d3a8a13f4637a069,b9e59de5f08a4f96,c5b8817ea57fbc63,988230ab555de376,92bd283d61d1dd91,09c91fba8720436e,636435f2c80e6d32,06ce1db96242feae,17bfdf8e631d3ebe,e7929a7c29a532f6,3e5c4925452c9ee3,128d631d755d149d,73e8d443966c2c14,6c87968e56139bc6,e940c284bf9f3f8e,2be3f845209134a8,aae2ac222f936750,160b7e74726a1b4b,6725d4324906b985,960c5b4471b70064,335bccc0c88c047a,8dd921368731259b,3e7f0de6ac9a00db,809eec4eca643906,e13e204bea824798,480c617d0baf74bc,6b73d27ca0cee9c6,3cf44204b224a484,3b4784a4d087e311,8f715ab4bf75ab9a,9b5dd6d7bb47dd43,5154f0bc781b8b82,a09b8bb144f42db0,ee35a9f6c27438b1,80eed833c431a251,c5379e47b03cf565,1f30f5cdd53c2cae,ae3e5c4f4c03accd,61e186050a4f3585,a1df8b740aadd822,9155afe38f073422,17d2b9a75d06a238,cd0308b109824d7c,e3121d1503acb588,1c4630fff3b196c0,d4f0eaf66fae4f28,c899e5a0ce6e774c,113e6715c8de0332,0da3c93d81cc83e1,9024bbfc916c63bb,0d0cfa9ff40c278c,546137826dc8d9bf,c002d96676080644,b90d40d75750dc3f,2ca9a4c2b190ffaa,9cd1f2b9c58fceb0,62b559809bf7b8c3,9a1e1caa8c7f33f3,28a21d96d2c59011,2c194ce4db62fb10,8a5d8fece232771a,c0ee33c9080b6ed8,b31649940bd9bd6e,f84ea10827e6af2b,853909233631330a,174e4c451970ad8a,e53460cc8732ec2b,33ad4ca1b7397e05,dab49910eaa2b0c1,b8bfda61c4dcc65e,151713b89e611702,91bf061e15a3bc94,99fe9e790a03bd6f,33b032d5bd14a8ce,0702de3cee415e15,720271f5772a70f5,fe78a47b5f2fa03b,e8edc8359be1fc4d,4407ccd1ce77c104,82345697a598892e,a3582a5206a4a325,d13d0a84000d07fc,83fb05a5adbc0a64,ce7e408154e72e90,637b808e8df97896,fc7035f561afde80,2fd4f8b69d119c74,c2c2c318d6a9dce7,228d224571fc7f99,e92266130ae40db9,a4cdd96716e90798,02f48a0386629b04,f29c235c06d3cfed,3eabedeb40d66e12,36d0acdced7c2d48,2081fffe02d81511,dc35727ad8924a6a,c41118a8afac4042,7a0ad092f7fa5f18,e6ca1067fe043b74,3f8932d26252f83b,4270b8bd7c3127ec,c607034dcc77351d,8e06889f509d6e38,de94351ca9746700,88bc00793db99272,4f83f6ed626ec6b2,9646fd27888274d1,d98ca27d0918a753,effbd0b60a8ecd55,8ae3a9ea6f59ceac,52a053968e30d584,86775a45e047bea8,4e0be385ec2f419f,6c2b12a43ecdc8ba,a785bf85378d6655,4ffcd3769c3497dc,cada41ab5cffd56c,f6f73b985a3b1bd0,ad53b9709d76ee7c,bd0bb080690d9d3a,376f699ae94a37f5,da026973708d73a5,10ee5f0d6f41cdc1,fcbf340b17086a28,5b87adc909b2bf2e,3c30b4ad786b14eb,60a8df111c2465ee,0a41a1fba4c71c71,5ea09253e6d863d3,ef18bd46fb4a2e9c,a1fa77941ab5ea6b,35e1861e00767689,46a588709204bb8e,18d84db35fb63b42,bf7bedd3f59964a6,49cb3ff83f3190a9,7855bffbb4b3e1dc,f79340285a1e86ef,271f9a6cb4cbf470,508fb4b814f5dfe0,7126b43e80258857,a6babe88d54e2868,0019b9657db17298,7471266d1c6a5180,9690a0a219f5617e,a5e29c003b85f519,feef15b872cf5c02,3533a5b8d9f9ddcb,fd33aab3fbb6a1d4,765d1ab8af9a429a,b7064c631016cadb,d470f1867a3be5d5,d3d87557746bc82a,a8d40c65d0654802,a7bc0060b4d4c134,249627f5ae023bca,1720c40d673f5028,97765e5ed8793f21,15ef7a7bd70f3311,bde7839af4023060,b57ed36b7506dff1,cdc8176cbcbc834f,2ec8ce5ac5553744,8f8548aceef44f10,40d37d55389abf63,a4f26e35ee009669,2e5fcbea2b218db0,484b1a5774720581,13bd3de1e8f60b47,757e7cd0d91addc1,49ceabe3b8403d2c,448e1e163cfa016b,5a353a7e3c708e6e,1d2cab256b6dc2b6,f2c9b585b31e035a,fc07ddd442a88a5d,1556cd75bb0474f7,fd55c6e288df25d1,464b77895d55a9f9,79d632ec6b91b48a,e3594a96f2869728,d394f9de7cac0081,19993961941d925d,331c9e7dd800bdcd,850ff7a458ec2aa8,4a6eba093c9ffd3e,5165dd4202a35496,9cdce8a801c7ef17,c3980ddcbb8e67db,08a98d6a36fe3f24,95b8fcad68792fa0,76d587cd8e6ed9a1,268008790c8f5d35,875771a180f96888,258e14e0a0e2ef90,c9bfd0108f7b7893,8036dc4a97b33541,4c307c1a26fb0e35,54d3eb16843434e7,51a74f4e67f0cbcb,a9f5b96a7737d78e,e04f87530c9523f5,18b7db5f7ec7da81,8870d4e82cc21ef9,72c464ec25b9a8f8,26c87f95ddec509b,53d1349273c3e2f4,319671d973a04933,cda6b1ca34bedb32,2efb4fa4d8e488b3,2ca95a8b86c9e6b2,0dd1636bd01a2c28,4194bc1d49db2f25,0db6c3f4b0480f5f,0b4692bd213154f6,345a9f6d54afb3ef,e2367ed7888c0e01,af76c3b161c72c01,c88b93b56995c3c7,92acc67875dcda0c,6954e36b9170c897,6167bf7a71d38538,81be9d03df9a8c59,a8fd333be9d0cb35,d308e45a91679fde,68a589c7cb28b61d,8792c3c045d322ad,4113a1d1cefd0a79,b022e4e7b25fd3ae,38a8bbea78d85ee0,e5900b4ffe0b0be4,0a9b4c166074d742,0bf5a01cfb6f4284,a9ee1bc8987b83b7,c9978a51b9be3b3e,67658c56e3d5a206,3f724e00ceb94893,f0d44430ca05dfb7,767a4015a3bd4279,fec12e1cc6603ab9,46cf357fa86fad73	1	1	holds
6	1534	24	host	0	696ca854676176c3221ff8a408b7405d9b3b19eb25dced94a65ec9639e7508bb	1	7	host	(nil)	host	0	234	host	691a0c8e49e35625	18af39e0aa0333dc,170f11e6dc73b2f6,38b1e024859157ba,99fb40beb0b2a5f3,e63f446c22888c4f,38aa4c2bcb6b3e65,c46845a8aff600bf,2d0b8eedfbe2782b,ba0bd2a9c5945b09,d468e5a0558164eb,bdb63901ad870f85,6990e969fe151c5d,27245e89a63babf9,a138222d9c2f98bf,30230c1c59168df0,2f724fb3458b4bcc,6156194be88a8c62,534cf81ce3b7b4bd,614428f34c41dd11,cc1dc59adeff3652,a2596a3bf8c9115e,a503e4f498b71e1d,6b5a445da5ce9175,08670f8299f27dd6,c4428acd6daf07ab,df15bb8df9680f21,4ad3bbad8b3c392e,52cce15ec2c883f9,20459e8a673f364b,41a06912e5fa7d1b,dfe7cd61dcab654d,ccaa499c1996140d,fea6f6a454e711da,052182901642a4ef,e342765e64c85f63,576f3feb0c085813,009ba3fd37c90762,805c313387dc93ae,66ca03b19b623921,ec7a65f8af37285b,527e75c275224da1,3d6091a36820ad37,98ea0b4948048440,2e7f7d09704d25fc,8acdadac68091799,6fd51bc844fc9e4d,c8bea57f740bb8df,5ee2ef2f764f0ec8,d869610ff8abb21c,b8067be5e772b15d,7b14a2edf78ed180,916c3ddde37388a9,b4495cde66a00d85,b172f3828e9c6364,a7ac4e5a7e5f5d39,bcd02cadbb85c2b6,ffa5b86564b5c3dd,eeb5e78adc7cc510,56d4f5adbe6b5769,bcfacdc127084515,2d4347fe87fbd3e0,bedfa2bad13a19c2,e50678664da00efe,a7a389fd7bb79ecf,b603aa081591451d,7ea4f03e3a1ecce2,4ca1b37a8d15156a,f3a6a5dbbe181301,51820ff5d0fb0774,bcee1b3b247766ee,f6107b15264c9341,b0f2716ee4a124b0,fe3f74854da4c0dd,2c4713dd7e74884f,763f0947ed3a00cf,cce145b89665aae1,9c3586b964af44ec,7c6927270c7e3f85,da04dc16e7b82189,09b1a32a33c8abed,9d365924fabff15c,c6dba4c77981e37a,652eab46bb63f794,82fbbf8894856944,5240aeaaeee1572e,eedde6c2f7d45244,bfc683b5b7e9b756,4e29538b8df04e81,df8f0575516d141c,d6ac0f1e4e2aa178,bd3e8c924b6ece09,7bfc7a399d06c06b,d8fd9e7325406b1a,80d98819e78162d1,4fc1139f906af5ac,44e07ce49c45b60b,4195bd06bb8822dc,67069d1d7f366ff3,de027563bd08758d,5a4b2c8acf5cbf88,7d3c303c88f48f23,f10031a34e624b2a,84dbed885dcda382,8fe53db6e69fa3d6,71daa61d50111ef4,749ef8be5d3e2789,979b86238d304e8e,d8ca324004d62b72,f265650abfbf1383,885d93b8c98b288b,9389f2ba23a03df8,c3e257c059f5b764,c94e50e1ef7fcf2d,80747a3a0413cf68,1abf48f9fce58bda,6e462d929e648827,659c42a1e0b641cf,14d65c28e93d243a,ece100a50ee76a91,a914582a9143fb17,ac476659d1f5e176,4ef4f04c4543174f,fe2c64285287cde3,5ea5849477fcc230,3a30cb9409e1112c,d839bd3dae578df8,064aaad0f9d72d65,99049df20364aa68,59f7d2fb5a80ea20,4877cb5d362dd534,33852c2e89d68b58,4a0438629dba936c,31441f4a898d72dd,286dd90f50a9e2a4,a3793991d9809b29,dfac203176fe5f4d,10cf85cccb9f7c7e,34847cadf56c67fe,28f9f7a1a2dc0399,eb83d52296da40bd,76ec075dc1ef67b6,bc153fd9be141aad,e9a8444df9280ab2,8320a9c0a63c8738,9bce7da75045a3dd,549bc7ab2b3ca435,109c8ec3f0eda7b5,879c5c56466c209d,901ee71cdeee33f3,db3fd0332e0ef258,7f8b38a79416f825,9aab7ee083d97b26,c9951413011650ac,725ff78ccffe8fd1,4a27a1012bc47581,f4a97c0ea684f5b3,7e59bd846a6e9e13,27d6492e8c08a46f,f86ff462bcce4ef2,e3a331537a131da5,e33cec650b552d69,b4bfc23f3cf5abbf,819befc8311310ca,3efd59a6b933b97a,87fdf715ecf1a09b,54b6ea3856d7db88,e61c47ba2e018703,689d71d99f2c5faa,968b89ddabf4499a,9881018b58396508,b02aa405c3493359,2d0644d10a1d6653,3aa59d4b13fdbd30,713bf73e7a46b76b,9aeb0dc39caecb7a,5fc5940bdd63c1e8,ed318ebd4fcff252,7c469a8ca4d51c83,d251aa258394174b,392941e7e09774ab,5efed2ab2832cf4e,6a9cf96dc4daa3b9,92574dd36b2463ff,f4613be44e26d6a1,419be5fa63c78062,31e3c91e9cf2a1f1,ef52c105d5bc8a5f,0b39cb8f074d8c6c,5def0ed00606d661,c031ef8adde60bce,f7ef73cd0f3ca505,7be90a2f24a20ea8,af394a19615d1185,c18261b164e0e5fd,8ef18fc0d4cf1b8b,b7e68ac969bce3e2,f988ba6f5de4554b,fb5a96ef02f70027,ae133ef7b805aa17,557d021c4e44d198,a1c758da6821cfa2,1789c9aa7b7c8beb,674b2b98f34c53ba,97aa118d39695722,a754b7707e0d2919,f07eba6329799140,711a956fc8f5d40d,dd002f250eb27fb7,abbbfe7acac82b57,b9fe06e16f8318b9,bf6ca600a5775dae,5cb7d0d9b2476a86,85433653cb9d020e,4030cd64ea8aa185,e6b9f5dd292e458b,b0e6c003a524f7fd,53156c2ee752196f,148dc785dc00b908,47f98a06299c970d,f11f70868c8963f4,34337617ddbd5d63,d4e9341774ba8147,572d19b6a48d8ed1,b46974aeb0624ebb,c61058a0163eb3d7,c06b68034ee82d67,05ba02443b7c3d96,ab88f0e87d130d11,d070461eef09b44c,8ab89e2fc68aa1e4,fe93d8c65bf49347,861730515b1dbc38,8f8eeca8637fa907,2bf9e88b2eda5f92	1	1	holds
7	1956	25	host	0	5a202c8aba97cb7f97b49ce30a1e5a9ce071d11cbaa057c98b1d3bd4180db6b1	1	1	host	(nil)	host	0	88	host	3b24a6bf1624d7a6	883bf69ee14d1527,ae108ff5264e0df7,7baca1cdd710876f,7fa2b22322cb9536,1602bdd1f8de9b7d,2c729aa1a7e29fbc,13d22546ea0a9592,e9b582ce81b94f90,84396268e003f362,7e9c896a1797316d,8aa2e2cebea9b6f1,b2c2ff07231cb551,72bf8fcfdef70393,d92569bea462a060,6452fffe4f0747e0,5b33d7fc15492048,1088b0b591f46a77,95d4a32abe2a7583,c66add36fbcca598,9b503433b3a2844b,7be1ed40f3349b09,286b546ccb2920d8,92bb6ab6ffd976a0,2caa23005a5477ab,501c9ed45e784d55,e3d222fb6369d74a,e25eb2fe927293fd,6fe7c76d51e34a95,a66210d96646bf98,509eb0fd264a5b5f,61fe506e725bb61c,46482fc4a439c639,4e54372c7c5909da,0babf9967efabf2b,80622b89660bbad3,775b11ef81cf3d6e,44bedfcdfba8d056,88841c90b9341269,148aa2e7cbdbc2e2,13304d0cf95f06e2,af52c58e29e8cf99,218a5082b964acea,3d99bd78fc0a654d,485e7f9f9c613cb9,d2a668c4eeb1ce4c,43727adfa6b2a71a,d30af83c3ea6d7c2,fe3dce108f3d4c33,3410987b53995bb0,0b5baaf7c204f17a,86dd270e63a3608b,a8c05c72760d4deb,a6fee4ad82e6a7a5,a6a07041cedb2e6b,7630faa2b1a2e29a,2841271acbee3559,c365f211e4ae6fca,96d491c47403a011,d3cd399960bd5cdf,1cab6cb91796ee1c,aa574913fa4d5bd6,fae41210d69c3cca,d5ebe9961ae53fa3,129078e4191c44e2,492f1e0aa03f211f,d5b1ec29ddcc023c,cb9c15155f364b82,cfbd9e3d090c74e2,f788194f8f6c9d7d,92f1787458239401,119cdc2da3d77f47,a3e62f97c147ad9d,ddd02d1f0e14aa5d,33c46c6144785243,d850f8bccac6e5e6,15ace5bc163f9677,7b62877747e80ff5,f43d64f0b2481681,a5ee94718b80bbc5,86c6e2cebb52f410,9174fd0da680119c,5e2dd84544bc8510,9b01d4d322ee6633,1b312ee07a5a81e3,c0681de5f9a4e483,d4051bd04a0a075e,6dd0250002e937c2,38f4f7fc4b259dca	1	1	holds
8	2303	26	host	0	696ca854676176c3221ff8a408b7405d9b3b19eb25dced94a65ec9639e7508bb	1	1	host	(nil)	host	0	256	host	3129d50ff2fe2a30	6258e258bde98892,4af93b76978a2aa2,45a0afd1e377b493,b082483f71e37e43,7b2e6a964e141f69,a6d2b19e5131fc1f,fb6d4a8ddc5e6e72,21af1db4d9a2ec40,62cb112935fed8bb,2350f337b4a1100b,fad005008dd34e6a,18b92a9ce2c20a05,c08527e9a71d9089,d13fe4df4b653618,0df94c6dec8b980d,9f328a0bc38eb979,23509280a0517719,71ceb88193feac81,caa21f994935a2d2,6e35d02e037ed3cb,ae70dddffd92eefd,8ebd61821f3274ee,902bd169ff3106ce,652a378916f01e30,a344995c6e6fa5a5,2f1447eb4d01dc23,d9766cedf123c23b,b990e0f8d2ee40fe,1f9d2c71e181d225,e7b34cd58ab62b7a,44bf7e2108a64598,63b6dfa304c5f19a,8c0d3a871e944ae9,e9d42eab782859d4,5e95f9b091144e15,b7b91dc05f874e4f,e934f58e859676f0,813aea4b1549da07,29f9403b31f48952,d8e0725b25f7b739,08d209c203181b71,532e1a4accc64441,c542f6ac20f111b6,d8e358b309250600,2b7da7d255dde4c2,f10f52a01a5b5bee,116d60f41313a3cc,763f7ada6ba3f3ab,5813048945e3f850,821d527f22dfa161,1da98d54993e69dd,56aa4dfbf89131f7,82d69fe27de54850,3b2a08adcec53b23,cee052f7d43c4c00,1d90376803f520a0,00a4703a25631fcf,e6aaa7f3ba4f593c,7b40982af56128e5,3f5032adda0edb25,8d5dcddd7fe0b5c5,68dc65e0c8fb8790,511233a905b7d95a,e2304499bc9c3e9d,9f26ce929c097187,b09d3b35d2fd3dd2,64c89e0d8c1d128e,d167e460ee4fe8ca,025b817a4748efb7,3b39685b14c19ff7,767fd51c47aad8b6,851c6b5ba941fb7e,b7ec52faf0c8c4ba,7f7979de491814ef,47d0c9bd32d37fb9,3ef84f133f2484f2,b28951cd1f4800a3,b53b5f84c2c60c28,d213f66ba89e379a,b0b7aee954590b84,93dd0201d734299e,8cac0a1630711cb5,f5b76b2d4fb52de7,23bf0889eef47581,a392210e28b5c97d,abe86742389b1e5f,62dcf47064cab0ff,c0d142d954769008,19e5691a76ac7396,174dbca147f29059,0e002babffd34d69,b842dad589be8f93,59a4f114c06f8bb7,e1f301abf24eabfa,2ec28638ece2d765,6db0a4f7adccc589,0e8bada888268de5,66feca2176888e14,b6f3cd1916de3fb1,c1a403b839afefb8,a1cc4ac359945ae2,f8a8bcff69264f12,29d66bf82578fd88,4a0d58971049f81c,7564b24ecf1ac010,9c312f96cc4a49a6,603dbc17f8833caf,044ab53d901a0291,a916e19c5b2cc13d,e3f965529c31cd14,132d77e1f9e5423a,dd11f72abf976a6e,65eedc8fcd389a95,abf45e5d5f7a4904,76368c131d7f50af,5daed86b5eab2106,14e09e7b507ea7fa,01bcbce3320afe9e,1829dc7b59998382,68b6bba05fa56fd5,fd1eac31bc6f8675,39fa3fe742a559bd,f6cc8013e1330386,45b1874bdc6776c3,1d3bb14f2a26297a,65cd08f1616e1c23,ba42fc4f69639b74,54374f055d6bdd20,69f539cf6493f290,e78d4f7e81a7235c,fd3b1bc01897fb51,e99d83fd9efd3961,3831dddd890067d9,1bb42ba06555797e,2290faac6d0915eb,719499106212cc5f,4da92b7c1e78b092,acf57d1ab8921519,d60b39f3e63948c0,958663ffb4e4f4b4,0fc1891b274819be,0962586390e710f0,82766a9b8aec19bc,84191da038dd7ae6,476fe9445f57f244,3d5353a636835764,fa8fa0527a21183d,0cce3ae885848fd6,6e8a9afc3724277f,e64b727fb0b254e3,a89119cfcdcedcc0,fb721ed2bbeb5377,0230ae1b074d6afd,c8ab95b2fb51701f,dda7eb9138a3d960,4a48c630124ef589,0d9413c05dde87bb,ae4c7f004eabfb37,30bbed3884fa41e3,204338288b90bd66,24b9592edc4bffe4,c40698c080cb1fdf,c1c80b626f912a9b,4a20a4d714eb444a,e6aeb5fc96c36b05,e4e3779f296220ec,dff7667c6e22aa7a,6ae22532bd46bf0d,181cf8d8739063b7,fbccbf253ff4c4c4,52ccd787910df7f2,471016e2873ee3c3,f60406f0fbe4a5e2,e731646e9069f1b0,95486b29a4f82119,8374da2b779a2af9,98a5a9e78066f8fc,047a887b98eef112,889212e2efb3fda5,8310280328d6dc5f,69c15e2574060429,2f1086a3efe16868,f45c0f737cbff27e,4fcd6d57ada259c4,8f1bbdaa4ab86805,cdfe9f7115a52e14,599b48aed75c840e,e1da7753ae2caccf,f2f9fcce698da212,3d1fb2e93cf7d626,c0591eb6528e9147,0d9954cc26d33080,81b63c42e7d35dfd,ef575d683499a353,5395714d32fae0ec,f6df8ce5f4477691,5f88441e7540921b,5277d1509d9334eb,ab6e274a705f8cef,b83d92712684c039,8e2fde962be9425d,bf649c86fce29b93,4ac96b8a4aab8f92,32be4b1fbf5768cd,05033b47f96dca00,c571cca562fa72e5,79d4508ca709b5c9,ab46b055f2a86071,9456a3c4b46fbabc,f55dd7a0e1410bd3,8390ccae3c03eda2,0a56fed38d989d1b,144fc2f982d04b48,2e8497dcd5c637bf,1da589dca16a3edc,0b177a3345766ffd,27d8e3aefd3a9f17,24811cabf36071f8,27e5af03b2d0b768,a28d74f1e6b9fa32,7d45764cfe26befd,2aeeaf1d20aa9000,906661d4af991ff2,307f050ee880183b,aea32878aafe9d28,86abacf71addcd2f,f2e01e6d776b693c,7532a6a391a87b5a,4d2ebe0380049918,d9c2aa3eedb9aa2d,f44cf3a0e46c4b3d,1e93c4033f4cf039,c34cdaba803c2b72,3a928f72b751e6ab,0873a87bce0b4880,dfc4f8b2191b2a60,2584f2dca759bba4,3736a5d517d68ab6,08711aded240d570,74173d655e18da34,c46dd3c5e2c3a545,d17418d7d9e0c587,957a0660aeac6c65,23a7959abf5ed0ec,d7ff646bfafd9674,d144d3fd544e9681,ab3c0d2abc60f737,3cc3a9ebe29704c2,5a91857df525f702,183ac6d904e88819,f85044200204c199,3a08c7cf692071b9,07958d5130b950b8,cfca9836995a9c3f,b31e50df5e84da85,474a6cd935bf5127	1	1	holds
8	2303	27	host	0	696ca854676176c3221ff8a408b7405d9b3b19eb25dced94a65ec9639e7508bb	1	2	host	(nil)	host	0	256	host	7916bef4806ee6ce	16030e5e6a24227a,af626134ad180af1,c35ddf7e16c230a2,7278219a4efd1d02,cbcad9921ee279f8,488553b2ef637da5,4c6dc4b8dfa9e2cc,e031de5643203381,0162562bdb9f022d,ab6442c13f852c30,dd250e19fcba05bf,625a082e37630ac9,ff9512498922d362,8bb8874c8da41a9d,ef09fae5d19359f8,d1270e0331d3dfa5,2b78d088d6125212,2f4708fa5d6b7f79,ee50c88d78c66c93,a90c7152d0089259,23d92278583d44aa,2b93b70604569aa3,8baad0ecb8066f0e,37b2a8c5216e4cfa,1fb1ae0ad13c8c0d,070dc2cb79cf8348,501e63799e434ad4,0e193f43f8b4c509,8d052689a27debb5,3822db5d4d732429,93813d2e5cb7b4e7,2d6d997731e3cd6d,13f420b1caa5c94e,942edf252e6e0c26,4f36e545868de0ec,c2694c39408590d9,5df7635cffe21e15,53bf701ca8cf6f4f,11a93e432f2af1db,3168cead6be3a93f,fb324ef6a07dc572,06bc033d0c17d6cb,fd38bb2c9c7722ab,39f01b2c32bc8d85,3bf473e9999ab1d2,5d0fd6aec3f3e649,5272cfef7951ae00,fbc51fa1da4fffd9,007124b9dc23a025,0e19f0fad086dbf2,b29aab9bcd825d9b,d8b24f8946451aef,975fd615c2fa1a62,b0e0bd0296509ba8,874f44527a1ad795,8828101d98b53a2e,d711a83ac273d4fb,d66c9e7c7044c869,a7512e442e4f5f91,cdf627faf2feb7ba,61bbb7986e9c95d5,9429430db3190e70,8936424234612fa2,b243a4016abf9f3c,879f1434c593d040,52c6a54aaeee62be,4c93140a36925308,5cc5f34c8fc14c5b,fe4c11fc8bc60646,cc9ff3b565ec73f7,14588a2bff2f9a54,ad5470db1b3c7353,d5802aaa3a893692,d3e71435fbe77292,ad073f3ab9f6089b,81bda958bf6d22cd,9dc531e694e54a5c,acb340cb87016432,6dec58a2d2ea48e8,3c41f8bfaf8c53d6,bc6e6dc5a4145c58,b6838ff1f89d7e37,ec57109f1c5ffbd9,c8036c5f9cee4250,80df2d2b63782620,749a6370c36fcd21,44b9e5082c9e4f1c,c084b1317e4d3592,72dbbabe86287c23,8d792af1ee4a8e29,56b088ff81fbe8e0,6959e9cc80842e92,1de7b0db58839763,0afcf1d2857060d1,13edfd7ee45b7128,0adf5d605dfe6128,84ad723be5735219,9b044fafcb531831,e7916d19b79ace1a,1fec2100fe8e0e77,a051c4a042852d18,2ffae66d5d2a352c,b2028b91f8856fbe,e157384c8ae0957d,a014fe53533db5c7,70c6bef2c0e84dd3,5b0c2bbc15a6d6e8,d720e40a7a6bd9f4,b53730a51cd254fc,ab778ea1b9ab886a,f9ebf80dceca5c0b,0a957d0297ffb749,533bd508605a2716,19cd0118fb05f72a,73c51da1d138c2ba,1d98de9b8ed377c9,91f396850567cba7,3845a415f1f6ad10,63d30e8f264a1096,c46ee89208183fc0,553f5323a501a7a5,fc1108e04f32d6f6,95c2928efe463b76,4c87f0b15c707f95,ec33b48413088629,e0a42966cc6f9489,89134f9ec9f5b69f,01ee1a82e66cfcd3,c74de69dbbdad03a,54d0640b1ab115a4,65395056f820f7ab,502e29702a3fcd2f,7e51da950de53942,07f18b3d86f4b65c,041ac8dfe5f82fa2,1b9674412b45efb5,89e6fdcbd33996f6,2308a78abf9b91b6,f6a58aff31a9c1f6,981198ee61e8726d,bbf4b7782b9e9d08,05db8b6d6ad4f458,772fba9499ce7649,d8d6649e7bd1d2f5,16cf0a26ee60f6ea,8ce2eaef1f813984,f0a9ee26447087e3,bc9ea321f418a228,c3a1207da70f1a43,3bfb4cc6d8f61cf8,c66c5747a96197f5,e48c8ac885676230,0aac26cdf70a584c,ae1608ef43be494f,0079166e93013d72,59a95fc81e6359fe,9aeebd5fd503a29f,f12677ec92e2aa60,39fc9ba4df229595,421f12d1953a744e,e4996b9972bac304,7c76bfc8fdee8a5a,78c73c90183ac077,4013e299151821ae,737860f1c6ce30f9,dd46caa876d3cf2a,9f89849a5b50d456,34bca0f60ddef67e,013fecbfc6ac7be7,f1ba4bd90369f529,f97050f2f24804f2,c020f162ce981adf,39569f1c0f6d1d57,93a7816204048547,e484cf49f144ec90,bde278d4e5d250af,9a762ceec020861b,f98f867607bce259,f42a946ed3ebab4b,7cabb98f66429674,767479ce414eef69,bed0ae1373a9312b,00c7a526cfdebac0,e79a1d6599acfe67,17df2e0e5b7e5614,63ec7bbbb41e57ee,e6f832ee3a9816c5,d82ba86a7becb889,bf07c2ef124ada94,a5385b1d861f3078,d0d5ac994f804117,c9c59a4a407aacfb,b7a35dc278f34aa6,acd6f5728d51a913,95523f5c316d0a9b,22f1d1a4dceec242,66f11a742cf25b28,ae3b282adeaca585,8c95c4094f367b0a,7bda6ecf8c4ffeda,53f7bdb2e9269ea3,9b38b74fe027019f,9f38f4f8abe80c9e,c011a4e8fcd3ccac,a0484efe3e64d874,9889dc2676f122f0,2cd4456ded4dd200,ec4190a24df0459e,94cd6d310fc9bb4f,923dfd0d647c03d8,d4680d426d194b69,737a3f79aef4771c,e8d4dc503751be28,5a27a3ec6109bf5c,9f39a999e846a51b,88c77d6e36c6a7fa,c050125631626ce4,604d08721ba295b6,cbd65713ed6d1e29,a3d2f86aaf33dc3e,146d89d1aa59786d,eba20f6276df38c9,b677e7579a19e672,70d4ab44f347fc31,171635e1200035a2,488f4ee97fd331fa,7e5df7cc68711e0c,d05c823277b02199,bc1650ec728e2d08,ce2a83f947866926,8fbeb481783afdec,2de0c0f3e1dbcfda,ba1fd0a2de05594e,412310750e675393,91cd7d3a39927cb2,85abcdad9bed406d,c29b5f9a3e18f437,e2070c471af54a3b,1422065242d55044,81891ad7d9cc1eef,9208fc3ef8d0042b,f41245548bef147d,bac00acf4863adb9,1750f959f5b7dfe9,9070bdbe42365af7,39822492ba126235,731f59e9dc6db0a4,916ccf9ea3647de6,d17d4472c47bcb77,09b0622da3032e69,68110caf08fedf63,f33f1ba517922cce,b59d274b6fa5235f,7c461b3089ab5479,cef643f7b265d690,c0e286a32b5fb960	1	1	holds
8	2303	28	host	0	696ca854676176c3221ff8a408b7405d9b3b19eb25dced94a65ec9639e7508bb	1	3	host	(nil)	host	0	256	host	79af927f07ac50c5	282eab3966b7eabb,81b829c1953d713e,08fda5d6072e9a9d,52bb878862e43aac,1060fd5ec66b9fc3,86054cfa92cb16a9,38d720d695bba500,16b4df9dd7d46ad3,fb130efca891878a,6a773aa3d77b607b,6b2e24e00e443c61,fffd7bd3122c408f,abef4cd07104b3e9,4664b5f90cbcb520,09f3c73ca0e22798,7f810af310192787,b4fe27eab9f008a3,1b59c686a260f523,4544e61797e5ea6e,88b53f6d7c6604aa,ac994a15f0770d89,ffb088c232202263,81f0e3664d16c51e,d9e2614fe9d12fa4,96778fcbc9a4dfc1,f572c28c90b671c7,5c558fefce4fa034,b13e7add68b77f50,2621f985edc57997,1c941cf639c4fbd7,9916d069d2c07424,8ec754eb6edf60c2,4d941bf4464ce837,23603e54a2cd5dd4,beeded28d4679e2d,59e4f8f6597b1441,48d8c1aa16b813fd,10004a524ae99278,f5fc3f3b12ee1acf,22a3341e28b22389,34eb219a475ce3a6,ffe28258791e3b65,fb05fe77dac888b0,102aea1b37f36dd4,7c139245c8a27030,543c4ca75601b2b4,c67e77f169d61439,a8b54e202e237907,2b59dec0e33e2e71,bdfd9aba748bbbfd,232023651caa4241,19ec1a4406c55e1a,8ce6e9ed7f73f0e4,ac5448ad52c0c0bb,7cbbe546bc14f8b3,ed79fd4eab59f94e,01e283793247e8a0,097ef3c54bb3cdf7,e6c72c63eb3c8600,bbcc8411845daa11,265df4fa7565ea79,e46067b799ed3a30,efe20280d68434fe,978e9203ccff59b3,2e0e828a8f451c84,9d47114893b325aa,91508d0737ae1340,3d019459a7238098,416579472364b573,3aa8af16cb6abcee,a68aec400bab2f46,620f9c18c195a8d0,4d4b5d27737d159e,e3becf20e9917e5b,4b8d277360c8e54b,ed29de3ec6341eac,88683919e2849289,607b9259175f64f3,77b252f11fa15e42,152f66a434ef632b,17a5c1dbec0ff92c,8aaa253300769150,5e43d72df3accddd,6610bc717916eef2,d908fd93d8f79ea9,7e729097e39b484c,415f9baa97297a9c,bc0e132fb1c8763c,071476a7c82d7337,e09d7262424e09e6,3629d7a7939915db,caa6766e903360b4,1acadb8542ba0594,ebe3f7fecf061cef,70f62e340cfc178a,06f5cab06c419594,0ff1347fd98bd7a3,a27d29f579558311,ba2cdf1a203e2d25,5852b8f8706b583f,07d3719f7cafe184,99cea1de3f7f2ed3,6c9dd7809025d144,e3217951f967eb7e,2a6e692f2cbee62b,a7f7e2d09891b471,3d74d0a1eca849fc,2239bb81b3eb7938,dfa9f074b1b8a937,cf9a9ff315a39a29,65711b1bd991c443,ef8e8a44689aacaa,1d968f9126048746,d473fecd369253b8,f175666a25900f93,263cf1aa767835d1,8cc545d161cb0e67,5fc7b9131a38ca41,20e3eaad9d0a97b2,8d57092cac343042,05e47957274e20d0,7b925e0729ceb0d3,2f938c3a6b80b987,05dedd732506cd01,b57afa4794acd040,bf17843040abd8de,045802f85c94d997,44a296455d82c0fc,60b740cf7d795c60,a0cd25f58c4c163d,3a35785925c7f880,0359c94e4b4b6f6b,ded902115b07ce0a,99c9dc54d2558fba,fb90b9c3c9e861d3,779ca0e6de40889e,453af552259228b3,0874da6f3236e297,4be5fccb537fa6ec,c322724531f8656e,ca1ae4041f67701e,d1af8d5750b3093e,0b5f08f8357c23cc,c22856849e17d467,6a10042d400fd331,76b704e0b86cc34e,1983f8577b5fe198,c0d3b19972bc2d41,b20e024363a97945,c2835718b3c46617,afc7df935efcd76c,f7e8ca40d0706bc3,d8c304f55c0cbf0e,cc95350188140bab,65d0cf8726f559fc,12453f656a9a1203,af85c610059e511b,5737f5660b3b8386,50bdfafa876955d9,35902c48f2f50c25,4bb8bbc39c0c905e,e71e460e73e953ea,e9210bdd07903133,b709de3e83a68354,b55679feed68fd00,5c3e0cd72a764acf,8cc1553c41453820,3b69ffe073727864,6e4552afe3eacfff,34abd3c60aefcf84,02d5b3482078e0d0,4974c00e5e7c9bbf,cdc035cd6c26c348,4dd986bc0704b84d,13ffc3bddb580645,6a3bea57f70a4ff0,78b00a5e3eea80e5,22340fd00ef36a17,0a9f5a8db2fe0720,57f5f225d56b29e0,e662e2d7a62e8633,458e152f52d6987d,ab51be9bf723f935,e8029cb6edd9fdd7,e667a474ebdc048b,60dd092349edfab6,80bc6da768920dce,68bf128f5eac8cd2,bb4bdb625f0a47f5,dcdf012095024a02,4005cd69335b6442,fab44f6375698ab4,9d74b862d90e5cc2,31b1ad9b4a7b93cc,ed152ad4b9356793,61ab07d2a15fa2e3,ff94dfad7b1c63aa,32c9e4a922c2b8b6,0dff379cf8f8c673,3f45118985932bee,26745071ef7093b1,b3f177bf87d87686,610317399d48c107,3b7ba409e1b6eaac,3b4843c620206b73,33e65657012be785,a7a9b1a736eebcbf,aab4f577a63e9918,b0a496d27bf01654,775a0c1fa4bbba39,723aecfd451bf438,7c2f2b73a9b77925,cb50be2e71a10fbe,cbc9271857c98895,cd57e471261d38cf,b81dd5ebee8298e9,804e3cd0580c0a56,6b1a195cc38f6a0e,5567c587203707fa,d48a969b75f62d95,ea7ad846456bff95,64a4f255f181a671,c1f6768b8bfc2be3,1c2b6503717d08ed,420921a4c5a03538,f561a0fbdeb1f9aa,f5f56d01c505dd26,e61f94931c1165c0,08e1cb7a50bc8d08,2b15e4869bad415a,bc4a615b1dfff752,c9786b582a1adc8d,f27a6670a0ecc180,55f1de8e99078d4d,e3b35b3524a513b8,28a303c8716b57ce,c4f6cac90d537f80,ba35ff33432f9c7d,d23a619557745a6d,3ccbbbe112fb56df,5963e34cb41defd8,24046d07d7e7c3ac,ef597268cd992e4b,2bc25d705231d091,c48e81eefbce4b77,c1921a1fe6e71b81,293f2b140a7a0d94,682e9c7461fd4a33,32406e9fa2422cd9,60e911f7c4df9d5c,41c75e703d65cea4,6078ab1225cc2760,52fa1660574091b5,f4d7cdf340d1d6b0,0362720c7308ef64,5bf8d9a32e1e5ab3	1	1	holds
8	2303	29	host	0	696ca854676176c3221ff8a408b7405d9b3b19eb25dced94a65ec9639e7508bb	1	4	host	(nil)	host	0	256	host	4974d3ca9a91b3aa	4f3e5b8f98b6a82b,f2c2f65df231901e,d59780c2bfc11f23,88d09c00790799dc,62e5e12779dfd020,8f9d2820267bf97b,427c4857311e4fe6,e010d016b8ab477b,1329e58d9f44a9c7,08fc10c3693c65c0,ed74136a177c4e28,3f41e917b527cc19,85faca77e5f31676,c1351f170122fc0b,80ca6726ed5150f5,940dd2ff7db46d09,ec7df82cb7da6f70,9769fdd2f1bab80d,afdf96ce2e6b42c2,acae7992cbe661d8,9dbefd92dbdeaf99,9649678079e8377c,c9ccd2296b43d76d,09a25efae09235ce,63fbc6502db59d9b,750f1a8491ddc7ce,e88f03d202e56e27,20ea769f3221d41a,133fde393cd3b2c3,42cc635412a0d6c5,a2780b472f8aeac2,467c147a86617fa4,a528d9e8e38b5320,ba3200deca1113fe,1086f8a6cfb001c0,fdbc41ca118cd48c,86a05adcccd8bb08,4a829d11fcc83898,ce23c348cb3443dd,67c565f414a99556,610d5724fcfb51e4,d7e568007b26abf0,436170a26dc53a78,0721198e88a8b14b,1a428a3c8ebb4684,31adf0e07c094092,596846fd78d3ca1b,3924f68d8d9af9f9,03f870a927be55b2,54505b43513c9ecf,94a2a08cf35369d1,0ed248c778eecc57,7a8aafed6c8f7046,dca1cbb16ea885bb,1d0449f3cb7aa73a,c770977819c4a615,88651d22155f6597,13a57638306d4d87,eea0bf5088954dec,9118c7e90b2f592d,37811deb0781bbcf,12f33ab5f4b790d6,49dc85a798e4b2c2,ceeefd77fadca4af,9a50cdd5d7d117cc,36b3b80087e94ae6,8372fbf63833b8c1,17aa60ce4115eed7,d0ff974fd099b5db,e010c36a82f57194,d79b19828a3c9aaa,7c2b458056010578,e62be6d22a229367,07efa251086cbc9e,00ce9aa7604026db,39597da9787145e3,4d2be8566e2359a0,7fb61d2c4ef0e049,88df8302a2a2adc7,b455862fe208074a,3d20a9505e4d7611,5fce9795d434fb0c,fd9a03f518d05589,4d4194f5ef3137e2,0e9d65435b3ca72e,a15a6d0a9e7b0bce,8aef4bd5c7e38f66,17b1e894af0efd45,292f80ecaedff305,2b790f8fae866641,d77ebeba6cb421ee,29db1b79c0b569d0,52528095e266fc9c,4425e83615120bb5,f666a614f94bbb34,a97e2a070f7625c1,8887b0671798c8ab,233afe3db81a85ae,8d2e825fb4cde86b,b9e12df7c955b76c,039c9eb1c7fcd311,1d12827c9bddb9d4,623edb80c9558161,f0d081d96fa51929,b59fc0dcf63ad9c7,66ece36e36ad7421,437f7179d91bdb7a,502e8e120e5d75d0,3803cfd3a36017b6,6cde83c6ba99e385,66e2c8b21bfaef5a,05bca5eb58c276a7,81939e89f0ee186c,536761bdc6db0855,6dbd4847c25842cf,5284d68c968858e9,86ad3990d0fb4f2b,2a17c2b603f9e8b0,d828139ffb4731f8,8826d43b7d637efa,82a275c9c2b5087b,c112a5decb7870dc,673378d01ad7cdf5,89ac2e23f57999ad,4949d65d1d662b8e,b3ba0e74818dd984,476e8c12b669bf86,4ab910194404f8a1,de254ebef12f6cfe,781977af3dd4a687,8d7209602aad3708,de7c5a884de4ad90,91c767b29c5f34a7,391502f0c8c79bd1,28fbc52a58ea22bc,a49fc96cd2bbc7ec,57fdefcae95bbdc2,66d3a0ee67707704,2359138c287595a9,4b8be67893374421,b7df67959b83064f,2cc3ceb48a2d2e4c,e5b544a0d80588fe,15d79c707d63025c,198a748a2e6f5aaf,fcebd59913a75185,55e7fa0b292f3466,ed8424489c3317ed,69d0945729a2b3db,31f1e26bb7a853ac,776ab7b8411ec9b5,f6ef39a5b6afe401,26fcb0b735c4832a,d1405c1763a81b24,804b7ab0d1f323b9,b5ba5cdc0990ef85,8c6289651799ab4d,0b59f80f9dfc0ee2,b30f13e3b2764eb4,63d7ae8652bfb1f3,c795585734fcaaa5,598cf9cb3bc4ed13,2e128992ff8f0c07,a0a7a75282022afe,9dc9165c92db0fe4,86941feedd7c5bbf,25c8a0d997550ac3,1f7d08a2ce4b4fd9,454c9a15b367394a,08e2536b689fea65,d730560daa5cfa53,4a69cc10e0d7eb39,0fc696a47fce8e6d,2718a6974a3d6879,a23a4c98e1bac42b,4fdfdb2e5a98fedb,0a51eaeef36b5b42,52a6c22cf70f8591,b0b164cfef912c3e,784ebf452c50cc31,bb036f71c64407f5,71f24fd03ca57ca7,9f7599e15c1075d0,7af8847fe6f5961b,028cd898f48de2aa,9009babe0d00ed51,8156ddc2b846f96d,3906b5f3208c7dd5,bcf3a74258704a02,f38a2c29e6a7929c,1626726c483e2b9f,bdf8f0d85fa9cfb6,9b280be11054e24b,1784c0ea254babf2,35c979417f201a1e,f704bfaab90fe8dc,7f8913af2cbdeea7,ce34d9635aba6c97,b4134d07ed4c0463,3273592bd7a9ff06,9dbca5871b11b7a9,3c73251b9f9397b5,578312c2639597bc,a63834ffadca9ba1,b261e50ac657e3d3,74ab51f61d6b22a3,28cd1f495305e037,1f9e4bcec71db1fd,a09e76faf81d2771,fa209c52816bc0a5,30e1cd15bc9484c3,bc3631181b440658,97a3b13e47bfdb85,1ac38934a6edefdc,3a685aa91bfc24f8,6bd69452839f5313,ae3c633c909fbea0,5453772784f8d835,b0d58849da7bef76,0e77ce4f797e8854,7e3489cb705f4ef2,6f7120dbb1ad42d7,3f34a0e2acb9941a,9c1632af5f79d29e,80204e81192c51a2,c4d0b025276b9fab,dcc718a50a3efe9d,c500ecaa648c6d35,5e7e841e464f1a45,34c1ece41494c857,92b7499e59674207,abbb21289a535dc7,b0f7a9cea538250c,edd963d261e54b97,15cdf4881bb4ce6b,e2f14cb818c9dbe4,2d30d9b9cb716a1b,a825ac1337040df1,767a4fd3b2d76349,536b6f75546a0c14,64a673e9bd1b4d8b,5aec8b2166517ccb,e8ac539091a1d640,f62b7445d52abea6,42e1caaee034a91e,56914cb0ad938eb2,8402fb920859418e,5405263148198278,5b7294f243c000b3,e3c4f299846fcb51,477fee9f92178113,8328d3d98710b501,c336c6225be3d96c,6dfe723c9483d6d5,6ba384d3f608c8f6,09ee0c2c7bcf2cdc	1	1	holds
8	2303	30	host	0	696ca854676176c3221ff8a408b7405d9b3b19eb25dced94a65ec9639e7508bb	1	5	host	(nil)	host	0	256	host	e18c44b8f651eb71	5f481bd4f5857d0a,beabf60b34a65e7e,7018a4ebbef51313,5dca892d9f82f5cc,b29e1faa71b6c829,6afcc10edda80de1,68265eb6561e66fe,4a96c26aabfe860c,75af62715b8bff66,8da4bf8b1b010013,e7df3a4a342ec64a,cd4eea048fffa35a,2e79d4d7b614a17e,b0f288d00ba744e7,c352a7715ed5bbd5,f18951f659888b82,e1f69ee332cef7a0,14476b5e2ebf871e,eb1f058e7e9f601d,a855dd56970f6a27,09b3997501945656,933589ff27948097,7e2c6e1002928a9b,64e5a494bbedb584,09ac3e13e6a03eb9,64c15ecd11554cd6,08e9ac2d20703846,4985c88d65d1c919,f82f6238200511c2,95abedf774331bea,c4d2d772a925ea4e,f9ad3187ab166880,f7a1f8daae4911af,139c82df7eb99810,7365ae2114ba0058,3b9625275ef3d062,ec82838320eb3c5e,ee713b301bce6bc0,2b643192597fe149,c3b43584fc030ce8,0548c517d080b135,a33e2c2da1613f28,c7ee718291bc9265,2e43c88ead4c1fbc,b3bdeab33b0dc67b,990a02e5b38ac4cc,e19f63f4cce1f86b,4db8104de287a731,475c81cad4e9be1a,53d98c2c1de85bda,13b40a4780c66dd4,5fd86c8fc07a98d1,03af562eec41a4a2,a84c2eb73a9dc9cc,79660b66610e44b5,2a390f14cbb69478,a04f35fed32ccb68,5f9af3144f96f09b,15b81bea69a7002f,bf93e81040668a19,5e3cc5d5a25ba67f,5d8987a63218f4e2,d3f97c33329ac699,5ffefe8d45dee988,639c9309d9a3dc2f,90a42cb9de67310e,d9fb2ea0fab0c5f6,8c28d1c9d81cdb91,60356c940f6b1178,180bc4cb93411353,3c99b7b41a7a8468,ef638c5a928ed6a8,f9c7ef7bacd1e27d,6d5e9a0f9b9459cf,ddb8a56225749164,808141b47cb784b7,0fc713f37d8cceb6,1a1542464ea33981,a54ec98256923e45,119f35bb71369e1c,cc0d7d434954998e,c31e6ff28bdba539,2f70405f0ab89925,02d609470d2fcbf8,c86332f4a2bed695,9316c189e5d81895,09e866539e8d2032,6fd54f87cc0de1a8,cfcdb738daa9c4e8,905d954609f367d3,ce6d43b06cbef65a,c83c520e8c38a3d8,93a90fd3770bdcca,8de547352faba425,db8c1ab912fa6cf0,82c9197c5ee742c4,e730453d89298b62,d11bccf33598748d,dd74e678a61e58f5,e230cf85c87588ed,9c2d80885b80b779,760b7b9cea7d0332,ef511b6df1ebff16,0d874d815b685bc8,90ebf72168ef9afe,25ba98cc11b90a55,5ab02629d182a91b,546eb42206ce0096,49c3423ff949e54c,d95cd2b3dd06227a,7e7911d672f62ab2,37ef3d8ad732ccd7,4cb6f5d8adda4e38,5553670c9d66fe69,f898440213c711d1,daf627d9a813be29,0a7b73008d154a95,86c51355bdb53351,058758e1e3994ce1,dca5b7731f6030e3,ea2be8eeadb17189,1f777fffdf319dc3,15eeb35249954229,5b57af98a22c0d1d,f23888a4dc52bd79,1e7e0554438b6dd9,5c4190511f77ab2d,f071ffae8f2da1b2,56f5afe2b48c543e,be5c18a29d6cc3fa,1e0f29ccb01926fa,2ed93012caa60e79,10dd7ac68e21973d,042caafcd2153d41,5fe3c1fe8b093161,489b18c6d6f8a0e8,72cdcf5c874ce462,b84cb14e04cf54af,648dc52624c1af5f,79540df84f4b3bbd,cfba73b5f3365bc4,45201110f1012e5e,5a3cf8c53b27b401,7043022055718dc4,d17d771fe63b21ee,16c19b5b4c2a5fb2,f97ee139a158fd93,654018eb3fb277cc,5c92dc994887f737,8c39f389cf5d85c0,b9a0f439bcb14fd5,298bd1ef5e28e9c3,70cc1d11e2ec3a2c,fc3811cac36b3d37,98e87c5f93853eb6,532747461588b74a,472f047602c7ca4c,5493cc2ae2e865d6,738c723c389cc17d,119a3ddb0ecad742,de7040e5e51b3c36,60d0361ee5aac900,c8da77df41550436,6de9a7a2549add29,e955ae044d9457f2,97bcd0ae9acf63e7,bc996b504ccfe529,7342e742ffca2536,3f48484c6ca86848,b39c775fa70c6033,8d34f40ac4621a8c,15462f5b8f542a47,0ef1e68d7ce4a619,e619afc43ce25c87,f8c0b88e0a6b9ef5,5751c47a163915d2,846b00ba7916fc62,d58f198aa9c28306,07b726ce1106fc3b,0cd390ced269b545,d381488910aa78a9,4e05472861eba9de,20ffecff410a9370,76ec58647d1827db,2b2d9e9c77b610be,eac36a3239c756b0,eabab75ec963ffdc,7d9653fc1dd0b5ca,b7c70693df0af2be,252eec45396078c7,13705c54e868f377,7d985e289da4d214,113e6a0812724d0d,f07408e45be68c7e,c4d04695fc17ac76,29d90cdaff2cdb99,863f4b87fad7d90f,1ff7b8b0803815ee,7ac6be98d2d6d6ad,d5fcac5b72005371,a9530e309fa17ef4,d32b22525e939655,e371664a6bb4b1b0,a8bb1b527deae85c,fd0891db2599fd8d,9a2f1a82751e2d31,e1bfa7e1d2fd4d9f,cf0cfb11d32fcb92,4e8b85e36f4d4ce3,12809e93b3d4bda6,0952b925bbb5de70,e334307fdbcb9bf1,0602fb11a57fb180,4ad5f33ba7d0b744,e15aac02b71a0c90,9e1cbee0c6b9b422,ad7ca725e49bfb5e,04b509648a686dab,4aca8ad217903807,f8198a23d48b8c02,31452b3f55e08e53,636457ce16a1eef5,29573e41fa858341,cf9b9b5febf4c272,926a1c8040f90b94,f4d47bf3dc0b57c8,26ecaf537ba22cf2,4c03e697e7988d3d,a7ea9b07455ba55b,0d2211ec7551eb45,ea41a53d00b67b12,0f544404f7535d7b,efb938f6dea9d413,82fbb041bd758618,b38a61035854d5ea,fa49e1558d773797,b1e69ad5196a5c6a,55f91183862726a3,24143eafe3701f1e,266c8fd233e37f07,7ffd72e84e9ceac1,419bac504df22748,d0168c14a17569f0,04f51410f3e56af6,e0d52645fa66dc4e,dbf5357aaa5894e8,edf56527d06fc905,6632873b1741b84b,871d83e2e67bc9bc,2077de9dd355370b,3b4f74966da0f9ec,81bc70de090ade5c,ecdeb01880c35831,de0c34c555786dbf,2feea5871de085aa,5f068516deafbf41	1	1	holds
8	2303	31	host	0	696ca854676176c3221ff8a408b7405d9b3b19eb25dced94a65ec9639e7508bb	1	6	host	(nil)	host	0	256	host	8338359c28b2fb96	b6d35317e64f072b,b4b16c13bde1d478,89e58fa325f0f029,a368983dea314494,bd800b455650ce74,ac2f2248fc6e90ea,7667ec1af2c7b96b,8ee05cd0193c1838,06db13f9374c0405,59cc07ef55e1b33c,0c046c7e1f95a0f3,ff881f3e965f6912,0b109fd9da4634cf,87b0a266b4c30725,d3a8a13f4637a069,b9e59de5f08a4f96,c5b8817ea57fbc63,988230ab555de376,92bd283d61d1dd91,09c91fba8720436e,636435f2c80e6d32,06ce1db96242feae,17bfdf8e631d3ebe,e7929a7c29a532f6,3e5c4925452c9ee3,128d631d755d149d,73e8d443966c2c14,6c87968e56139bc6,e940c284bf9f3f8e,2be3f845209134a8,aae2ac222f936750,160b7e74726a1b4b,6725d4324906b985,960c5b4471b70064,335bccc0c88c047a,8dd921368731259b,3e7f0de6ac9a00db,809eec4eca643906,e13e204bea824798,480c617d0baf74bc,6b73d27ca0cee9c6,3cf44204b224a484,3b4784a4d087e311,8f715ab4bf75ab9a,9b5dd6d7bb47dd43,5154f0bc781b8b82,a09b8bb144f42db0,ee35a9f6c27438b1,80eed833c431a251,c5379e47b03cf565,1f30f5cdd53c2cae,ae3e5c4f4c03accd,61e186050a4f3585,a1df8b740aadd822,9155afe38f073422,17d2b9a75d06a238,cd0308b109824d7c,e3121d1503acb588,1c4630fff3b196c0,d4f0eaf66fae4f28,c899e5a0ce6e774c,113e6715c8de0332,0da3c93d81cc83e1,9024bbfc916c63bb,0d0cfa9ff40c278c,546137826dc8d9bf,c002d96676080644,b90d40d75750dc3f,2ca9a4c2b190ffaa,9cd1f2b9c58fceb0,62b559809bf7b8c3,9a1e1caa8c7f33f3,28a21d96d2c59011,2c194ce4db62fb10,8a5d8fece232771a,c0ee33c9080b6ed8,b31649940bd9bd6e,f84ea10827e6af2b,853909233631330a,174e4c451970ad8a,e53460cc8732ec2b,33ad4ca1b7397e05,dab49910eaa2b0c1,b8bfda61c4dcc65e,151713b89e611702,91bf061e15a3bc94,99fe9e790a03bd6f,33b032d5bd14a8ce,0702de3cee415e15,720271f5772a70f5,fe78a47b5f2fa03b,e8edc8359be1fc4d,4407ccd1ce77c104,82345697a598892e,a3582a5206a4a325,d13d0a84000d07fc,83fb05a5adbc0a64,ce7e408154e72e90,637b808e8df97896,fc7035f561afde80,2fd4f8b69d119c74,c2c2c318d6a9dce7,228d224571fc7f99,e92266130ae40db9,a4cdd96716e90798,02f48a0386629b04,f29c235c06d3cfed,3eabedeb40d66e12,36d0acdced7c2d48,2081fffe02d81511,dc35727ad8924a6a,c41118a8afac4042,7a0ad092f7fa5f18,e6ca1067fe043b74,3f8932d26252f83b,4270b8bd7c3127ec,c607034dcc77351d,8e06889f509d6e38,de94351ca9746700,88bc00793db99272,4f83f6ed626ec6b2,9646fd27888274d1,d98ca27d0918a753,effbd0b60a8ecd55,8ae3a9ea6f59ceac,52a053968e30d584,86775a45e047bea8,4e0be385ec2f419f,6c2b12a43ecdc8ba,a785bf85378d6655,4ffcd3769c3497dc,cada41ab5cffd56c,f6f73b985a3b1bd0,ad53b9709d76ee7c,bd0bb080690d9d3a,376f699ae94a37f5,da026973708d73a5,10ee5f0d6f41cdc1,fcbf340b17086a28,5b87adc909b2bf2e,3c30b4ad786b14eb,60a8df111c2465ee,0a41a1fba4c71c71,5ea09253e6d863d3,ef18bd46fb4a2e9c,a1fa77941ab5ea6b,35e1861e00767689,46a588709204bb8e,18d84db35fb63b42,bf7bedd3f59964a6,49cb3ff83f3190a9,7855bffbb4b3e1dc,f79340285a1e86ef,271f9a6cb4cbf470,508fb4b814f5dfe0,7126b43e80258857,a6babe88d54e2868,0019b9657db17298,7471266d1c6a5180,9690a0a219f5617e,a5e29c003b85f519,feef15b872cf5c02,3533a5b8d9f9ddcb,fd33aab3fbb6a1d4,765d1ab8af9a429a,b7064c631016cadb,d470f1867a3be5d5,d3d87557746bc82a,a8d40c65d0654802,a7bc0060b4d4c134,249627f5ae023bca,1720c40d673f5028,97765e5ed8793f21,15ef7a7bd70f3311,bde7839af4023060,b57ed36b7506dff1,cdc8176cbcbc834f,2ec8ce5ac5553744,8f8548aceef44f10,40d37d55389abf63,a4f26e35ee009669,2e5fcbea2b218db0,484b1a5774720581,13bd3de1e8f60b47,757e7cd0d91addc1,49ceabe3b8403d2c,448e1e163cfa016b,5a353a7e3c708e6e,1d2cab256b6dc2b6,f2c9b585b31e035a,fc07ddd442a88a5d,1556cd75bb0474f7,fd55c6e288df25d1,464b77895d55a9f9,79d632ec6b91b48a,e3594a96f2869728,d394f9de7cac0081,19993961941d925d,331c9e7dd800bdcd,850ff7a458ec2aa8,4a6eba093c9ffd3e,5165dd4202a35496,9cdce8a801c7ef17,c3980ddcbb8e67db,08a98d6a36fe3f24,95b8fcad68792fa0,76d587cd8e6ed9a1,268008790c8f5d35,875771a180f96888,258e14e0a0e2ef90,c9bfd0108f7b7893,8036dc4a97b33541,4c307c1a26fb0e35,54d3eb16843434e7,51a74f4e67f0cbcb,a9f5b96a7737d78e,e04f87530c9523f5,18b7db5f7ec7da81,8870d4e82cc21ef9,72c464ec25b9a8f8,26c87f95ddec509b,53d1349273c3e2f4,319671d973a04933,cda6b1ca34bedb32,2efb4fa4d8e488b3,2ca95a8b86c9e6b2,0dd1636bd01a2c28,4194bc1d49db2f25,0db6c3f4b0480f5f,0b4692bd213154f6,345a9f6d54afb3ef,e2367ed7888c0e01,af76c3b161c72c01,c88b93b56995c3c7,92acc67875dcda0c,6954e36b9170c897,6167bf7a71d38538,81be9d03df9a8c59,a8fd333be9d0cb35,d308e45a91679fde,68a589c7cb28b61d,8792c3c045d322ad,4113a1d1cefd0a79,b022e4e7b25fd3ae,38a8bbea78d85ee0,e5900b4ffe0b0be4,0a9b4c166074d742,0bf5a01cfb6f4284,a9ee1bc8987b83b7,c9978a51b9be3b3e,67658c56e3d5a206,3f724e00ceb94893,f0d44430ca05dfb7,767a4015a3bd4279,fec12e1cc6603ab9,46cf357fa86fad73	1	1	holds
8	2303	32	host	0	696ca854676176c3221ff8a408b7405d9b3b19eb25dced94a65ec9639e7508bb	1	7	host	(nil)	host	0	234	host	691a0c8e49e35625	18af39e0aa0333dc,170f11e6dc73b2f6,38b1e024859157ba,99fb40beb0b2a5f3,e63f446c22888c4f,38aa4c2bcb6b3e65,c46845a8aff600bf,2d0b8eedfbe2782b,ba0bd2a9c5945b09,d468e5a0558164eb,bdb63901ad870f85,6990e969fe151c5d,27245e89a63babf9,a138222d9c2f98bf,30230c1c59168df0,2f724fb3458b4bcc,6156194be88a8c62,534cf81ce3b7b4bd,614428f34c41dd11,cc1dc59adeff3652,a2596a3bf8c9115e,a503e4f498b71e1d,6b5a445da5ce9175,08670f8299f27dd6,c4428acd6daf07ab,df15bb8df9680f21,4ad3bbad8b3c392e,52cce15ec2c883f9,20459e8a673f364b,41a06912e5fa7d1b,dfe7cd61dcab654d,ccaa499c1996140d,fea6f6a454e711da,052182901642a4ef,e342765e64c85f63,576f3feb0c085813,009ba3fd37c90762,805c313387dc93ae,66ca03b19b623921,ec7a65f8af37285b,527e75c275224da1,3d6091a36820ad37,98ea0b4948048440,2e7f7d09704d25fc,8acdadac68091799,6fd51bc844fc9e4d,c8bea57f740bb8df,5ee2ef2f764f0ec8,d869610ff8abb21c,b8067be5e772b15d,7b14a2edf78ed180,916c3ddde37388a9,b4495cde66a00d85,b172f3828e9c6364,a7ac4e5a7e5f5d39,bcd02cadbb85c2b6,ffa5b86564b5c3dd,eeb5e78adc7cc510,56d4f5adbe6b5769,bcfacdc127084515,2d4347fe87fbd3e0,bedfa2bad13a19c2,e50678664da00efe,a7a389fd7bb79ecf,b603aa081591451d,7ea4f03e3a1ecce2,4ca1b37a8d15156a,f3a6a5dbbe181301,51820ff5d0fb0774,bcee1b3b247766ee,f6107b15264c9341,b0f2716ee4a124b0,fe3f74854da4c0dd,2c4713dd7e74884f,763f0947ed3a00cf,cce145b89665aae1,9c3586b964af44ec,7c6927270c7e3f85,da04dc16e7b82189,09b1a32a33c8abed,9d365924fabff15c,c6dba4c77981e37a,652eab46bb63f794,82fbbf8894856944,5240aeaaeee1572e,eedde6c2f7d45244,bfc683b5b7e9b756,4e29538b8df04e81,df8f0575516d141c,d6ac0f1e4e2aa178,bd3e8c924b6ece09,7bfc7a399d06c06b,d8fd9e7325406b1a,80d98819e78162d1,4fc1139f906af5ac,44e07ce49c45b60b,4195bd06bb8822dc,67069d1d7f366ff3,de027563bd08758d,5a4b2c8acf5cbf88,7d3c303c88f48f23,f10031a34e624b2a,84dbed885dcda382,8fe53db6e69fa3d6,71daa61d50111ef4,749ef8be5d3e2789,979b86238d304e8e,d8ca324004d62b72,f265650abfbf1383,885d93b8c98b288b,9389f2ba23a03df8,c3e257c059f5b764,c94e50e1ef7fcf2d,80747a3a0413cf68,1abf48f9fce58bda,6e462d929e648827,659c42a1e0b641cf,14d65c28e93d243a,ece100a50ee76a91,a914582a9143fb17,ac476659d1f5e176,4ef4f04c4543174f,fe2c64285287cde3,5ea5849477fcc230,3a30cb9409e1112c,d839bd3dae578df8,064aaad0f9d72d65,99049df20364aa68,59f7d2fb5a80ea20,4877cb5d362dd534,33852c2e89d68b58,4a0438629dba936c,31441f4a898d72dd,286dd90f50a9e2a4,a3793991d9809b29,dfac203176fe5f4d,10cf85cccb9f7c7e,34847cadf56c67fe,28f9f7a1a2dc0399,eb83d52296da40bd,76ec075dc1ef67b6,bc153fd9be141aad,e9a8444df9280ab2,8320a9c0a63c8738,9bce7da75045a3dd,549bc7ab2b3ca435,109c8ec3f0eda7b5,879c5c56466c209d,901ee71cdeee33f3,db3fd0332e0ef258,7f8b38a79416f825,9aab7ee083d97b26,c9951413011650ac,725ff78ccffe8fd1,4a27a1012bc47581,f4a97c0ea684f5b3,7e59bd846a6e9e13,27d6492e8c08a46f,f86ff462bcce4ef2,e3a331537a131da5,e33cec650b552d69,b4bfc23f3cf5abbf,819befc8311310ca,3efd59a6b933b97a,87fdf715ecf1a09b,54b6ea3856d7db88,e61c47ba2e018703,689d71d99f2c5faa,968b89ddabf4499a,9881018b58396508,b02aa405c3493359,2d0644d10a1d6653,3aa59d4b13fdbd30,713bf73e7a46b76b,9aeb0dc39caecb7a,5fc5940bdd63c1e8,ed318ebd4fcff252,7c469a8ca4d51c83,d251aa258394174b,392941e7e09774ab,5efed2ab2832cf4e,6a9cf96dc4daa3b9,92574dd36b2463ff,f4613be44e26d6a1,419be5fa63c78062,31e3c91e9cf2a1f1,ef52c105d5bc8a5f,0b39cb8f074d8c6c,5def0ed00606d661,c031ef8adde60bce,f7ef73cd0f3ca505,7be90a2f24a20ea8,af394a19615d1185,c18261b164e0e5fd,8ef18fc0d4cf1b8b,b7e68ac969bce3e2,f988ba6f5de4554b,fb5a96ef02f70027,ae133ef7b805aa17,557d021c4e44d198,a1c758da6821cfa2,1789c9aa7b7c8beb,674b2b98f34c53ba,97aa118d39695722,a754b7707e0d2919,f07eba6329799140,711a956fc8f5d40d,dd002f250eb27fb7,abbbfe7acac82b57,b9fe06e16f8318b9,bf6ca600a5775dae,5cb7d0d9b2476a86,85433653cb9d020e,4030cd64ea8aa185,e6b9f5dd292e458b,b0e6c003a524f7fd,53156c2ee752196f,148dc785dc00b908,47f98a06299c970d,f11f70868c8963f4,34337617ddbd5d63,d4e9341774ba8147,572d19b6a48d8ed1,b46974aeb0624ebb,c61058a0163eb3d7,c06b68034ee82d67,05ba02443b7c3d96,ab88f0e87d130d11,d070461eef09b44c,8ab89e2fc68aa1e4,fe93d8c65bf49347,861730515b1dbc38,8f8eeca8637fa907,2bf9e88b2eda5f92	1	1	holds
9	2360	33	host	0	5a202c8aba97cb7f97b49ce30a1e5a9ce071d11cbaa057c98b1d3bd4180db6b1	1	1	host	(nil)	host	0	88	host	3b24a6bf1624d7a6	883bf69ee14d1527,ae108ff5264e0df7,7baca1cdd710876f,7fa2b22322cb9536,1602bdd1f8de9b7d,2c729aa1a7e29fbc,13d22546ea0a9592,e9b582ce81b94f90,84396268e003f362,7e9c896a1797316d,8aa2e2cebea9b6f1,b2c2ff07231cb551,72bf8fcfdef70393,d92569bea462a060,6452fffe4f0747e0,5b33d7fc15492048,1088b0b591f46a77,95d4a32abe2a7583,c66add36fbcca598,9b503433b3a2844b,7be1ed40f3349b09,286b546ccb2920d8,92bb6ab6ffd976a0,2caa23005a5477ab,501c9ed45e784d55,e3d222fb6369d74a,e25eb2fe927293fd,6fe7c76d51e34a95,a66210d96646bf98,509eb0fd264a5b5f,61fe506e725bb61c,46482fc4a439c639,4e54372c7c5909da,0babf9967efabf2b,80622b89660bbad3,775b11ef81cf3d6e,44bedfcdfba8d056,88841c90b9341269,148aa2e7cbdbc2e2,13304d0cf95f06e2,af52c58e29e8cf99,218a5082b964acea,3d99bd78fc0a654d,485e7f9f9c613cb9,d2a668c4eeb1ce4c,43727adfa6b2a71a,d30af83c3ea6d7c2,fe3dce108f3d4c33,3410987b53995bb0,0b5baaf7c204f17a,86dd270e63a3608b,a8c05c72760d4deb,a6fee4ad82e6a7a5,a6a07041cedb2e6b,7630faa2b1a2e29a,2841271acbee3559,c365f211e4ae6fca,96d491c47403a011,d3cd399960bd5cdf,1cab6cb91796ee1c,aa574913fa4d5bd6,fae41210d69c3cca,d5ebe9961ae53fa3,129078e4191c44e2,492f1e0aa03f211f,d5b1ec29ddcc023c,cb9c15155f364b82,cfbd9e3d090c74e2,f788194f8f6c9d7d,92f1787458239401,119cdc2da3d77f47,a3e62f97c147ad9d,ddd02d1f0e14aa5d,33c46c6144785243,d850f8bccac6e5e6,15ace5bc163f9677,7b62877747e80ff5,f43d64f0b2481681,a5ee94718b80bbc5,86c6e2cebb52f410,9174fd0da680119c,5e2dd84544bc8510,9b01d4d322ee6633,1b312ee07a5a81e3,c0681de5f9a4e483,d4051bd04a0a075e,6dd0250002e937c2,38f4f7fc4b259dca	1	1	holds
