start_ns	end_ns	kind	bytes	src_kind	dst_kind	stream	api	kernel_before	kernel_after	embedding_sized	row_multiple
45150038	45163798	Host-to-Device	262144	Pinned	Device	13	cudaMemcpyAsync_v3020	-	k_get_rows_kq	no	yes
93898047	93942303	Host-to-Device	1081344	Pageable	Device	13	cudaMemcpyAsync_v3020	rms_norm_f32	im2col_kernel	no	yes
126081901	126084013	Device-to-Device	1441792	Device	Device	15	cudaMemcpyAsync_v3020	convert_unary	im2col_kernel	no	yes
126112845	126114893	Device-to-Device	1441792	Device	Device	15	cudaMemcpyAsync_v3020	convert_unary	k_bin_bcast	no	yes
126501872	126503792	Device-to-Device	1441792	Device	Device	15	cudaMemcpyAsync_v3020	cpy_scalar	cpy_scalar	no	yes
136442137	136471193	Device-to-Host	720896	Device	Pageable	13	cudaMemcpyAsync_v3020	k_bin_bcast	rms_norm_f32	yes	yes
137595426	137628546	Host-to-Device	720896	Pinned	Device	13	cudaMemcpyAsync_v3020	k_bin_bcast	rms_norm_f32	yes	yes
137653922	137666242	Host-to-Device	262144	Pinned	Device	13	cudaMemcpyAsync_v3020	k_bin_bcast	rms_norm_f32	no	yes
161306161	161319089	Host-to-Device	262144	Pinned	Device	13	cudaMemcpyAsync_v3020	rms_norm_f32	k_get_rows_kq	no	yes
170154291	170158963	Device-to-Host	73728	Device	Pageable	13	cudaMemcpyAsync_v3020	rms_norm_f32	k_get_rows_kq	no	yes
170174035	170178227	Device-to-Host	73728	Device	Pageable	13	cudaMemcpyAsync_v3020	rms_norm_f32	k_get_rows_kq	no	yes
170191251	170194835	Device-to-Host	73728	Device	Pageable	13	cudaMemcpyAsync_v3020	rms_norm_f32	k_get_rows_kq	no	yes
170205779	170209523	Device-to-Host	73728	Device	Pageable	13	cudaMemcpyAsync_v3020	rms_norm_f32	k_get_rows_kq	no	yes
170221363	170225171	Device-to-Host	73728	Device	Pageable	13	cudaMemcpyAsync_v3020	rms_norm_f32	k_get_rows_kq	no	yes
170236211	170239891	Device-to-Host	73728	Device	Pageable	13	cudaMemcpyAsync_v3020	rms_norm_f32	k_get_rows_kq	no	yes
170251123	170254771	Device-to-Host	73728	Device	Pageable	13	cudaMemcpyAsync_v3020	rms_norm_f32	k_get_rows_kq	no	yes
170265427	170269075	Device-to-Host	73728	Device	Pageable	13	cudaMemcpyAsync_v3020	rms_norm_f32	k_get_rows_kq	no	yes
170279635	170283283	Device-to-Host	73728	Device	Pageable	13	cudaMemcpyAsync_v3020	rms_norm_f32	k_get_rows_kq	no	yes
170293652	170297236	Device-to-Host	73728	Device	Pageable	13	cudaMemcpyAsync_v3020	rms_norm_f32	k_get_rows_kq	no	yes
170308404	170312084	Device-to-Host	73728	Device	Pageable	13	cudaMemcpyAsync_v3020	rms_norm_f32	k_get_rows_kq	no	yes
170322548	170326196	Device-to-Host	73728	Device	Pageable	13	cudaMemcpyAsync_v3020	rms_norm_f32	k_get_rows_kq	no	yes
170337300	170340916	Device-to-Host	73728	Device	Pageable	13	cudaMemcpyAsync_v3020	rms_norm_f32	k_get_rows_kq	no	yes
170351284	170354900	Device-to-Host	73728	Device	Pageable	13	cudaMemcpyAsync_v3020	rms_norm_f32	k_get_rows_kq	no	yes
170365332	170369012	Device-to-Host	73728	Device	Pageable	13	cudaMemcpyAsync_v3020	rms_norm_f32	k_get_rows_kq	no	yes
170379508	170383156	Device-to-Host	73728	Device	Pageable	13	cudaMemcpyAsync_v3020	rms_norm_f32	k_get_rows_kq	no	yes
170394132	170397748	Device-to-Host	73728	Device	Pageable	13	cudaMemcpyAsync_v3020	rms_norm_f32	k_get_rows_kq	no	yes
170408756	170412340	Device-to-Host	73728	Device	Pageable	13	cudaMemcpyAsync_v3020	rms_norm_f32	k_get_rows_kq	no	yes
170423381	170464085	Device-to-Host	1048576	Device	Pageable	13	cudaMemcpyAsync_v3020	rms_norm_f32	k_get_rows_kq	no	yes
170543733	170584534	Device-to-Host	1048576	Device	Pageable	13	cudaMemcpyAsync_v3020	rms_norm_f32	k_get_rows_kq	no	yes
170662742	170703607	Device-to-Host	1048576	Device	Pageable	13	cudaMemcpyAsync_v3020	rms_norm_f32	k_get_rows_kq	no	yes
170776247	170817079	Device-to-Host	1048576	Device	Pageable	13	cudaMemcpyAsync_v3020	rms_norm_f32	k_get_rows_kq	no	yes
170878712	170919544	Device-to-Host	1048576	Device	Pageable	13	cudaMemcpyAsync_v3020	rms_norm_f32	k_get_rows_kq	no	yes
170980313	171020953	Device-to-Host	1048576	Device	Pageable	13	cudaMemcpyAsync_v3020	rms_norm_f32	k_get_rows_kq	no	yes
171081913	171122810	Device-to-Host	1048576	Device	Pageable	13	cudaMemcpyAsync_v3020	rms_norm_f32	k_get_rows_kq	no	yes
171184122	171224730	Device-to-Host	1048576	Device	Pageable	13	cudaMemcpyAsync_v3020	rms_norm_f32	k_get_rows_kq	no	yes
171285243	171326043	Device-to-Host	1048576	Device	Pageable	13	cudaMemcpyAsync_v3020	rms_norm_f32	k_get_rows_kq	no	yes
171386012	171426652	Device-to-Host	1048576	Device	Pageable	13	cudaMemcpyAsync_v3020	rms_norm_f32	k_get_rows_kq	no	yes
171487068	171527805	Device-to-Host	1048576	Device	Pageable	13	cudaMemcpyAsync_v3020	rms_norm_f32	k_get_rows_kq	no	yes
171588061	171628733	Device-to-Host	1048576	Device	Pageable	13	cudaMemcpyAsync_v3020	rms_norm_f32	k_get_rows_kq	no	yes
171689726	171730590	Device-to-Host	1048576	Device	Pageable	13	cudaMemcpyAsync_v3020	rms_norm_f32	k_get_rows_kq	no	yes
171792479	171833119	Device-to-Host	1048576	Device	Pageable	13	cudaMemcpyAsync_v3020	rms_norm_f32	k_get_rows_kq	no	yes
171908415	171952672	Device-to-Host	1048576	Device	Pageable	13	cudaMemcpyAsync_v3020	rms_norm_f32	k_get_rows_kq	no	yes
172014112	172054721	Device-to-Host	1048576	Device	Pageable	13	cudaMemcpyAsync_v3020	rms_norm_f32	k_get_rows_kq	no	yes
172114753	172155585	Device-to-Host	1048576	Device	Pageable	13	cudaMemcpyAsync_v3020	rms_norm_f32	k_get_rows_kq	no	yes
172216770	172257538	Device-to-Host	1048576	Device	Pageable	13	cudaMemcpyAsync_v3020	rms_norm_f32	k_get_rows_kq	no	yes
172916775	172929255	Host-to-Device	262144	Pinned	Device	13	cudaMemcpyAsync_v3020	rms_norm_f32	k_get_rows_kq	no	yes
178200782	178240270	Device-to-Host	993280	Device	Pinned	14	cudaMemcpyAsync_v3020	mul_mat_vec_q	k_get_rows_kq	no	no
179464215	179476503	Host-to-Device	262144	Pinned	Device	13	cudaMemcpyAsync_v3020	mul_mat_vec_q	k_get_rows_kq	no	yes
184299419	184338555	Device-to-Host	993280	Device	Pinned	14	cudaMemcpyAsync_v3020	mul_mat_vec_q	k_get_rows_kq	no	no
184603869	184616189	Host-to-Device	262144	Pinned	Device	13	cudaMemcpyAsync_v3020	mul_mat_vec_q	k_get_rows_kq	no	yes
192062421	192101493	Device-to-Host	993280	Device	Pinned	14	cudaMemcpyAsync_v3020	mul_mat_vec_q	k_get_rows_kq	no	no
192386167	192400215	Host-to-Device	262144	Pinned	Device	13	cudaMemcpyAsync_v3020	mul_mat_vec_q	k_get_rows_kq	no	yes
196707319	196756215	Device-to-Host	993280	Device	Pinned	14	cudaMemcpyAsync_v3020	mul_mat_vec_q	k_get_rows_kq	no	no
197029689	197042169	Host-to-Device	262144	Pinned	Device	13	cudaMemcpyAsync_v3020	mul_mat_vec_q	k_get_rows_kq	no	yes
201120791	201161464	Device-to-Host	993280	Device	Pinned	14	cudaMemcpyAsync_v3020	mul_mat_vec_q	k_get_rows_kq	no	no
201565723	201577947	Host-to-Device	262144	Pinned	Device	13	cudaMemcpyAsync_v3020	mul_mat_vec_q	k_get_rows_kq	no	yes
205618233	205657305	Device-to-Host	993280	Device	Pinned	14	cudaMemcpyAsync_v3020	mul_mat_vec_q	k_get_rows_kq	no	no
205912827	205925179	Host-to-Device	262144	Pinned	Device	13	cudaMemcpyAsync_v3020	mul_mat_vec_q	k_get_rows_kq	no	yes
210787231	210826431	Device-to-Host	993280	Device	Pinned	14	cudaMemcpyAsync_v3020	mul_mat_vec_q	k_get_rows_kq	no	no
212832302	212845902	Host-to-Device	262144	Pinned	Device	13	cudaMemcpyAsync_v3020	mul_mat_vec_q	k_get_rows_kq	no	yes
217226383	217265519	Device-to-Host	993280	Device	Pinned	14	cudaMemcpyAsync_v3020	mul_mat_vec_q	k_get_rows_kq	no	no
217526385	217538673	Host-to-Device	262144	Pinned	Device	13	cudaMemcpyAsync_v3020	mul_mat_vec_q	k_get_rows_kq	no	yes
221590703	221629935	Device-to-Host	993280	Device	Pinned	14	cudaMemcpyAsync_v3020	mul_mat_vec_q	k_get_rows_kq	no	no
221896529	221910321	Host-to-Device	262144	Pinned	Device	13	cudaMemcpyAsync_v3020	mul_mat_vec_q	k_get_rows_kq	no	yes
226253009	226291986	Device-to-Host	993280	Device	Pinned	14	cudaMemcpyAsync_v3020	mul_mat_vec_q	k_get_rows_kq	no	no
226573012	226585268	Host-to-Device	262144	Pinned	Device	13	cudaMemcpyAsync_v3020	mul_mat_vec_q	k_get_rows_kq	no	yes
230902004	230941076	Device-to-Host	993280	Device	Pinned	14	cudaMemcpyAsync_v3020	mul_mat_vec_q	k_get_rows_kq	no	no
231214934	231227286	Host-to-Device	262144	Pinned	Device	13	cudaMemcpyAsync_v3020	mul_mat_vec_q	k_get_rows_kq	no	yes
235320596	235359669	Device-to-Host	993280	Device	Pinned	14	cudaMemcpyAsync_v3020	mul_mat_vec_q	k_get_rows_kq	no	no
235732855	235745111	Host-to-Device	262144	Pinned	Device	13	cudaMemcpyAsync_v3020	mul_mat_vec_q	k_get_rows_kq	no	yes
239778101	239817174	Device-to-Host	993280	Device	Pinned	14	cudaMemcpyAsync_v3020	mul_mat_vec_q	k_get_rows_kq	no	no
240075351	240087608	Host-to-Device	262144	Pinned	Device	13	cudaMemcpyAsync_v3020	mul_mat_vec_q	k_get_rows_kq	no	yes
244314455	244353527	Device-to-Host	993280	Device	Pinned	14	cudaMemcpyAsync_v3020	mul_mat_vec_q	k_get_rows_kq	no	no
244610841	244623193	Host-to-Device	262144	Pinned	Device	13	cudaMemcpyAsync_v3020	mul_mat_vec_q	k_get_rows_kq	no	yes
248682007	248721079	Device-to-Host	993280	Device	Pinned	14	cudaMemcpyAsync_v3020	mul_mat_vec_q	k_get_rows_kq	no	no
248977209	248989465	Host-to-Device	262144	Pinned	Device	13	cudaMemcpyAsync_v3020	mul_mat_vec_q	k_get_rows_kq	no	yes
253161880	253200921	Device-to-Host	993280	Device	Pinned	14	cudaMemcpyAsync_v3020	mul_mat_vec_q	k_get_rows_kq	no	no
253459578	253471867	Host-to-Device	262144	Pinned	Device	13	cudaMemcpyAsync_v3020	mul_mat_vec_q	k_get_rows_kq	no	yes
257771962	257811035	Device-to-Host	993280	Device	Pinned	14	cudaMemcpyAsync_v3020	mul_mat_vec_q	k_get_rows_kq	no	no
258066717	258079037	Host-to-Device	262144	Pinned	Device	13	cudaMemcpyAsync_v3020	mul_mat_vec_q	k_get_rows_kq	no	yes
262139355	262178427	Device-to-Host	993280	Device	Pinned	14	cudaMemcpyAsync_v3020	mul_mat_vec_q	k_get_rows_kq	no	no
262431677	262443965	Host-to-Device	262144	Pinned	Device	13	cudaMemcpyAsync_v3020	mul_mat_vec_q	k_get_rows_kq	no	yes
266760701	266799901	Device-to-Host	993280	Device	Pinned	14	cudaMemcpyAsync_v3020	mul_mat_vec_q	k_get_rows_kq	no	no
267060095	267072607	Host-to-Device	262144	Pinned	Device	13	cudaMemcpyAsync_v3020	mul_mat_vec_q	k_get_rows_kq	no	yes
271405599	271444639	Device-to-Host	993280	Device	Pinned	14	cudaMemcpyAsync_v3020	mul_mat_vec_q	k_get_rows_kq	no	no
271699681	271712065	Host-to-Device	262144	Pinned	Device	13	cudaMemcpyAsync_v3020	mul_mat_vec_q	k_get_rows_kq	no	yes
275751487	275790624	Device-to-Host	993280	Device	Pinned	14	cudaMemcpyAsync_v3020	mul_mat_vec_q	k_get_rows_kq	no	no
276049441	276061762	Host-to-Device	262144	Pinned	Device	13	cudaMemcpyAsync_v3020	mul_mat_vec_q	k_get_rows_kq	no	yes
280312097	280351233	Device-to-Host	993280	Device	Pinned	14	cudaMemcpyAsync_v3020	mul_mat_vec_q	k_get_rows_kq	no	no
280662980	280675300	Host-to-Device	262144	Pinned	Device	13	cudaMemcpyAsync_v3020	mul_mat_vec_q	k_get_rows_kq	no	yes
285041284	285080324	Device-to-Host	993280	Device	Pinned	14	cudaMemcpyAsync_v3020	mul_mat_vec_q	k_get_rows_kq	no	no
285334630	285346854	Host-to-Device	262144	Pinned	Device	13	cudaMemcpyAsync_v3020	mul_mat_vec_q	k_get_rows_kq	no	yes
289377956	289417028	Device-to-Host	993280	Device	Pinned	14	cudaMemcpyAsync_v3020	mul_mat_vec_q	k_get_rows_kq	no	no
289667782	289680038	Host-to-Device	262144	Pinned	Device	13	cudaMemcpyAsync_v3020	mul_mat_vec_q	k_get_rows_kq	no	yes
293985990	294025158	Device-to-Host	993280	Device	Pinned	14	cudaMemcpyAsync_v3020	mul_mat_vec_q	k_get_rows_kq	no	no
294292424	294304776	Host-to-Device	262144	Pinned	Device	13	cudaMemcpyAsync_v3020	mul_mat_vec_q	k_get_rows_kq	no	yes
298373031	298412263	Device-to-Host	993280	Device	Pinned	14	cudaMemcpyAsync_v3020	mul_mat_vec_q	k_get_rows_kq	no	no
298725961	298738313	Host-to-Device	262144	Pinned	Device	13	cudaMemcpyAsync_v3020	mul_mat_vec_q	k_get_rows_kq	no	yes
302780167	302819207	Device-to-Host	993280	Device	Pinned	14	cudaMemcpyAsync_v3020	mul_mat_vec_q	k_get_rows_kq	no	no
303079593	303092361	Host-to-Device	262144	Pinned	Device	13	cudaMemcpyAsync_v3020	mul_mat_vec_q	k_get_rows_kq	no	yes
308199919	308238959	Device-to-Host	993280	Device	Pinned	14	cudaMemcpyAsync_v3020	mul_mat_vec_q	k_get_rows_kq	no	no
309931260	309943484	Host-to-Device	262144	Pinned	Device	13	cudaMemcpyAsync_v3020	mul_mat_vec_q	k_get_rows_kq	no	yes
314388317	314427197	Device-to-Host	993280	Device	Pinned	14	cudaMemcpyAsync_v3020	mul_mat_vec_q	k_get_rows_kq	no	no
314683935	314696383	Host-to-Device	262144	Pinned	Device	13	cudaMemcpyAsync_v3020	mul_mat_vec_q	k_get_rows_kq	no	yes
318703453	318742365	Device-to-Host	993280	Device	Pinned	14	cudaMemcpyAsync_v3020	mul_mat_vec_q	k_get_rows_kq	no	no
319055935	319069024	Host-to-Device	262144	Pinned	Device	13	cudaMemcpyAsync_v3020	mul_mat_vec_q	k_get_rows_kq	no	yes
323101597	323140542	Device-to-Host	993280	Device	Pinned	14	cudaMemcpyAsync_v3020	mul_mat_vec_q	k_get_rows_kq	no	no
323398560	323410720	Host-to-Device	262144	Pinned	Device	13	cudaMemcpyAsync_v3020	mul_mat_vec_q	k_get_rows_kq	no	yes
327638655	327677759	Device-to-Host	993280	Device	Pinned	14	cudaMemcpyAsync_v3020	mul_mat_vec_q	k_get_rows_kq	no	no
328058082	328071138	Host-to-Device	262144	Pinned	Device	13	cudaMemcpyAsync_v3020	mul_mat_vec_q	k_get_rows_kq	no	yes
332102624	332141632	Device-to-Host	993280	Device	Pinned	14	cudaMemcpyAsync_v3020	mul_mat_vec_q	k_get_rows_kq	no	no
332411906	332424258	Host-to-Device	262144	Pinned	Device	13	cudaMemcpyAsync_v3020	mul_mat_vec_q	k_get_rows_kq	no	yes
336620545	336659522	Device-to-Host	993280	Device	Pinned	14	cudaMemcpyAsync_v3020	mul_mat_vec_q	k_get_rows_kq	no	no
336926372	336938724	Host-to-Device	262144	Pinned	Device	13	cudaMemcpyAsync_v3020	mul_mat_vec_q	k_get_rows_kq	no	yes
341193763	341232675	Device-to-Host	993280	Device	Pinned	14	cudaMemcpyAsync_v3020	mul_mat_vec_q	k_get_rows_kq	no	no
341501637	341514054	Host-to-Device	262144	Pinned	Device	13	cudaMemcpyAsync_v3020	mul_mat_vec_q	k_get_rows_kq	no	yes
345480259	345519203	Device-to-Host	993280	Device	Pinned	14	cudaMemcpyAsync_v3020	mul_mat_vec_q	k_get_rows_kq	no	no
345777765	345789893	Host-to-Device	262144	Pinned	Device	13	cudaMemcpyAsync_v3020	mul_mat_vec_q	k_get_rows_kq	no	yes
349976676	350015620	Device-to-Host	993280	Device	Pinned	14	cudaMemcpyAsync_v3020	mul_mat_vec_q	k_get_rows_kq	no	no
350275078	350287398	Host-to-Device	262144	Pinned	Device	13	cudaMemcpyAsync_v3020	mul_mat_vec_q	k_get_rows_kq	no	yes
354547846	354586790	Device-to-Host	993280	Device	Pinned	14	cudaMemcpyAsync_v3020	mul_mat_vec_q	k_get_rows_kq	no	no
354846760	354859240	Host-to-Device	262144	Pinned	Device	13	cudaMemcpyAsync_v3020	mul_mat_vec_q	k_get_rows_kq	no	yes
358835334	358874310	Device-to-Host	993280	Device	Pinned	14	cudaMemcpyAsync_v3020	mul_mat_vec_q	k_get_rows_kq	no	no
359132584	359144776	Host-to-Device	262144	Pinned	Device	13	cudaMemcpyAsync_v3020	mul_mat_vec_q	k_get_rows_kq	no	yes
363273382	363312391	Device-to-Host	993280	Device	Pinned	14	cudaMemcpyAsync_v3020	mul_mat_vec_q	k_get_rows_kq	no	no
363574441	363586761	Host-to-Device	262144	Pinned	Device	13	cudaMemcpyAsync_v3020	mul_mat_vec_q	k_get_rows_kq	no	yes
367584486	367623399	Device-to-Host	993280	Device	Pinned	14	cudaMemcpyAsync_v3020	mul_mat_vec_q	k_get_rows_kq	no	no
367940809	367953065	Host-to-Device	262144	Pinned	Device	13	cudaMemcpyAsync_v3020	mul_mat_vec_q	k_get_rows_kq	no	yes
371936518	371975495	Device-to-Host	993280	Device	Pinned	14	cudaMemcpyAsync_v3020	mul_mat_vec_q	k_get_rows_kq	no	no
372237097	372249673	Host-to-Device	262144	Pinned	Device	13	cudaMemcpyAsync_v3020	mul_mat_vec_q	k_get_rows_kq	no	yes
376364295	376403303	Device-to-Host	993280	Device	Pinned	14	cudaMemcpyAsync_v3020	mul_mat_vec_q	k_get_rows_kq	no	no
376663657	376675881	Host-to-Device	262144	Pinned	Device	13	cudaMemcpyAsync_v3020	mul_mat_vec_q	k_get_rows_kq	no	yes
380674375	380713351	Device-to-Host	993280	Device	Pinned	14	cudaMemcpyAsync_v3020	mul_mat_vec_q	k_get_rows_kq	no	no
380967529	380980009	Host-to-Device	262144	Pinned	Device	13	cudaMemcpyAsync_v3020	mul_mat_vec_q	k_get_rows_kq	no	yes
385144168	385183112	Device-to-Host	993280	Device	Pinned	14	cudaMemcpyAsync_v3020	mul_mat_vec_q	k_get_rows_kq	no	no
385443818	385456458	Host-to-Device	262144	Pinned	Device	13	cudaMemcpyAsync_v3020	mul_mat_vec_q	k_get_rows_kq	no	yes
389598569	389637513	Device-to-Host	993280	Device	Pinned	14	cudaMemcpyAsync_v3020	mul_mat_vec_q	k_get_rows_kq	no	no
389904971	389917195	Host-to-Device	262144	Pinned	Device	13	cudaMemcpyAsync_v3020	mul_mat_vec_q	k_get_rows_kq	no	yes
393886121	393925097	Device-to-Host	993280	Device	Pinned	14	cudaMemcpyAsync_v3020	mul_mat_vec_q	k_get_rows_kq	no	no
394200267	394218123	Host-to-Device	262144	Pinned	Device	13	cudaMemcpyAsync_v3020	mul_mat_vec_q	k_get_rows_kq	no	yes
398466507	398505483	Device-to-Host	993280	Device	Pinned	14	cudaMemcpyAsync_v3020	mul_mat_vec_q	k_get_rows_kq	no	no
524459214	524464078	Device-to-Host	87584	Device	Pageable	13	cudaMemcpyAsync_v3020	mul_mat_vec_q	k_get_rows_kq	no	no
524482190	524487118	Device-to-Host	87584	Device	Pageable	13	cudaMemcpyAsync_v3020	mul_mat_vec_q	k_get_rows_kq	no	no
524501326	524505710	Device-to-Host	87584	Device	Pageable	13	cudaMemcpyAsync_v3020	mul_mat_vec_q	k_get_rows_kq	no	no
524518447	524522863	Device-to-Host	87584	Device	Pageable	13	cudaMemcpyAsync_v3020	mul_mat_vec_q	k_get_rows_kq	no	no
524535119	524539503	Device-to-Host	87584	Device	Pageable	13	cudaMemcpyAsync_v3020	mul_mat_vec_q	k_get_rows_kq	no	no
524551663	524555983	Device-to-Host	87584	Device	Pageable	13	cudaMemcpyAsync_v3020	mul_mat_vec_q	k_get_rows_kq	no	no
524644048	524647632	Device-to-Host	73728	Device	Pageable	13	cudaMemcpyAsync_v3020	mul_mat_vec_q	k_get_rows_kq	no	yes
524659184	524662800	Device-to-Host	73728	Device	Pageable	13	cudaMemcpyAsync_v3020	mul_mat_vec_q	k_get_rows_kq	no	yes
524674160	524677744	Device-to-Host	73728	Device	Pageable	13	cudaMemcpyAsync_v3020	mul_mat_vec_q	k_get_rows_kq	no	yes
524688400	524692368	Device-to-Host	73728	Device	Pageable	13	cudaMemcpyAsync_v3020	mul_mat_vec_q	k_get_rows_kq	no	yes
524702960	524706768	Device-to-Host	73728	Device	Pageable	13	cudaMemcpyAsync_v3020	mul_mat_vec_q	k_get_rows_kq	no	yes
524717488	524721104	Device-to-Host	73728	Device	Pageable	13	cudaMemcpyAsync_v3020	mul_mat_vec_q	k_get_rows_kq	no	yes
524732176	524735760	Device-to-Host	73728	Device	Pageable	13	cudaMemcpyAsync_v3020	mul_mat_vec_q	k_get_rows_kq	no	yes
524749712	524753392	Device-to-Host	73728	Device	Pageable	13	cudaMemcpyAsync_v3020	mul_mat_vec_q	k_get_rows_kq	no	yes
524766160	524769744	Device-to-Host	73728	Device	Pageable	13	cudaMemcpyAsync_v3020	mul_mat_vec_q	k_get_rows_kq	no	yes
524781041	524784689	Device-to-Host	73728	Device	Pageable	13	cudaMemcpyAsync_v3020	mul_mat_vec_q	k_get_rows_kq	no	yes
524796497	524800049	Device-to-Host	73728	Device	Pageable	13	cudaMemcpyAsync_v3020	mul_mat_vec_q	k_get_rows_kq	no	yes
524810929	524814577	Device-to-Host	73728	Device	Pageable	13	cudaMemcpyAsync_v3020	mul_mat_vec_q	k_get_rows_kq	no	yes
524825233	524828785	Device-to-Host	73728	Device	Pageable	13	cudaMemcpyAsync_v3020	mul_mat_vec_q	k_get_rows_kq	no	yes
524839857	524843473	Device-to-Host	73728	Device	Pageable	13	cudaMemcpyAsync_v3020	mul_mat_vec_q	k_get_rows_kq	no	yes
524854449	524858001	Device-to-Host	73728	Device	Pageable	13	cudaMemcpyAsync_v3020	mul_mat_vec_q	k_get_rows_kq	no	yes
524868689	524872305	Device-to-Host	73728	Device	Pageable	13	cudaMemcpyAsync_v3020	mul_mat_vec_q	k_get_rows_kq	no	yes
524882961	524886993	Device-to-Host	73728	Device	Pageable	13	cudaMemcpyAsync_v3020	mul_mat_vec_q	k_get_rows_kq	no	yes
524897489	524901073	Device-to-Host	73728	Device	Pageable	13	cudaMemcpyAsync_v3020	mul_mat_vec_q	k_get_rows_kq	no	yes
524912625	524953234	Device-to-Host	1048576	Device	Pageable	13	cudaMemcpyAsync_v3020	mul_mat_vec_q	k_get_rows_kq	no	yes
525025202	525065779	Device-to-Host	1048576	Device	Pageable	13	cudaMemcpyAsync_v3020	mul_mat_vec_q	k_get_rows_kq	no	yes
525139283	525180147	Device-to-Host	1048576	Device	Pageable	13	cudaMemcpyAsync_v3020	mul_mat_vec_q	k_get_rows_kq	no	yes
525247860	525288468	Device-to-Host	1048576	Device	Pageable	13	cudaMemcpyAsync_v3020	mul_mat_vec_q	k_get_rows_kq	no	yes
525351861	525392597	Device-to-Host	1048576	Device	Pageable	13	cudaMemcpyAsync_v3020	mul_mat_vec_q	k_get_rows_kq	no	yes
525457206	525497814	Device-to-Host	1048576	Device	Pageable	13	cudaMemcpyAsync_v3020	mul_mat_vec_q	k_get_rows_kq	no	yes
525563510	525604247	Device-to-Host	1048576	Device	Pageable	13	cudaMemcpyAsync_v3020	mul_mat_vec_q	k_get_rows_kq	no	yes
525673399	525713975	Device-to-Host	1048576	Device	Pageable	13	cudaMemcpyAsync_v3020	mul_mat_vec_q	k_get_rows_kq	no	yes
525787800	525828536	Device-to-Host	1048576	Device	Pageable	13	cudaMemcpyAsync_v3020	mul_mat_vec_q	k_get_rows_kq	no	yes
525898105	525938713	Device-to-Host	1048576	Device	Pageable	13	cudaMemcpyAsync_v3020	mul_mat_vec_q	k_get_rows_kq	no	yes
526006618	526047354	Device-to-Host	1048576	Device	Pageable	13	cudaMemcpyAsync_v3020	mul_mat_vec_q	k_get_rows_kq	no	yes
526116954	526163195	Device-to-Host	1048576	Device	Pageable	13	cudaMemcpyAsync_v3020	mul_mat_vec_q	k_get_rows_kq	no	yes
526231707	526272700	Device-to-Host	1048576	Device	Pageable	13	cudaMemcpyAsync_v3020	mul_mat_vec_q	k_get_rows_kq	no	yes
526355676	526396284	Device-to-Host	1048576	Device	Pageable	13	cudaMemcpyAsync_v3020	mul_mat_vec_q	k_get_rows_kq	no	yes
526463933	526504733	Device-to-Host	1048576	Device	Pageable	13	cudaMemcpyAsync_v3020	mul_mat_vec_q	k_get_rows_kq	no	yes
526575294	526615870	Device-to-Host	1048576	Device	Pageable	13	cudaMemcpyAsync_v3020	mul_mat_vec_q	k_get_rows_kq	no	yes
526684863	526725695	Device-to-Host	1048576	Device	Pageable	13	cudaMemcpyAsync_v3020	mul_mat_vec_q	k_get_rows_kq	no	yes
526808992	526849600	Device-to-Host	1048576	Device	Pageable	13	cudaMemcpyAsync_v3020	mul_mat_vec_q	k_get_rows_kq	no	yes
527805415	527817831	Host-to-Device	262144	Pinned	Device	13	cudaMemcpyAsync_v3020	mul_mat_vec_q	k_get_rows_kq	no	yes
532913517	532935949	Host-to-Device	552960	Pageable	Device	13	cudaMemcpyAsync_v3020	rms_norm_f32	im2col_kernel	no	no
533731603	533733107	Device-to-Device	737280	Device	Device	15	cudaMemcpyAsync_v3020	convert_unary	im2col_kernel	no	yes
533765139	533766579	Device-to-Device	737280	Device	Device	15	cudaMemcpyAsync_v3020	convert_unary	k_bin_bcast	no	yes
533809203	533810643	Device-to-Device	737280	Device	Device	15	cudaMemcpyAsync_v3020	cpy_scalar	cpy_scalar	no	yes
538614199	538629303	Device-to-Host	368640	Device	Pageable	13	cudaMemcpyAsync_v3020	k_bin_bcast	rms_norm_f32	yes	yes
539339644	539356860	Host-to-Device	368640	Pinned	Device	13	cudaMemcpyAsync_v3020	k_bin_bcast	rms_norm_f32	yes	yes
539380316	539392797	Host-to-Device	262144	Pinned	Device	13	cudaMemcpyAsync_v3020	k_bin_bcast	rms_norm_f32	no	yes
546389008	546401008	Host-to-Device	262144	Pinned	Device	13	cudaMemcpyAsync_v3020	rms_norm_f32	k_get_rows_kq	no	yes
550592975	550615408	Host-to-Device	552960	Pageable	Device	13	cudaMemcpyAsync_v3020	rms_norm_f32	rms_norm_f32	no	no
558408361	558423337	Device-to-Host	368640	Device	Pageable	13	cudaMemcpyAsync_v3020	rms_norm_f32	rms_norm_f32	yes	yes
559083662	559100302	Host-to-Device	368640	Pinned	Device	13	cudaMemcpyAsync_v3020	rms_norm_f32	rms_norm_f32	yes	yes
559123310	559135343	Host-to-Device	262144	Pinned	Device	13	cudaMemcpyAsync_v3020	rms_norm_f32	rms_norm_f32	no	yes
565968449	565980705	Host-to-Device	262144	Pinned	Device	13	cudaMemcpyAsync_v3020	rms_norm_f32	k_get_rows_kq	no	yes
574808898	574813058	Device-to-Host	73728	Device	Pageable	13	cudaMemcpyAsync_v3020	rms_norm_f32	k_get_rows_kq	no	yes
574827235	574831587	Device-to-Host	73728	Device	Pageable	13	cudaMemcpyAsync_v3020	rms_norm_f32	k_get_rows_kq	no	yes
574843907	574847523	Device-to-Host	73728	Device	Pageable	13	cudaMemcpyAsync_v3020	rms_norm_f32	k_get_rows_kq	no	yes
574858499	574862371	Device-to-Host	73728	Device	Pageable	13	cudaMemcpyAsync_v3020	rms_norm_f32	k_get_rows_kq	no	yes
574873731	574877379	Device-to-Host	73728	Device	Pageable	13	cudaMemcpyAsync_v3020	rms_norm_f32	k_get_rows_kq	no	yes
574888707	574892419	Device-to-Host	73728	Device	Pageable	13	cudaMemcpyAsync_v3020	rms_norm_f32	k_get_rows_kq	no	yes
574905763	574909379	Device-to-Host	73728	Device	Pageable	13	cudaMemcpyAsync_v3020	rms_norm_f32	k_get_rows_kq	no	yes
574920707	574924323	Device-to-Host	73728	Device	Pageable	13	cudaMemcpyAsync_v3020	rms_norm_f32	k_get_rows_kq	no	yes
574935619	574939267	Device-to-Host	73728	Device	Pageable	13	cudaMemcpyAsync_v3020	rms_norm_f32	k_get_rows_kq	no	yes
574949571	574953123	Device-to-Host	73728	Device	Pageable	13	cudaMemcpyAsync_v3020	rms_norm_f32	k_get_rows_kq	no	yes
574963524	574967140	Device-to-Host	73728	Device	Pageable	13	cudaMemcpyAsync_v3020	rms_norm_f32	k_get_rows_kq	no	yes
574977604	574981220	Device-to-Host	73728	Device	Pageable	13	cudaMemcpyAsync_v3020	rms_norm_f32	k_get_rows_kq	no	yes
574992196	574995780	Device-to-Host	73728	Device	Pageable	13	cudaMemcpyAsync_v3020	rms_norm_f32	k_get_rows_kq	no	yes
575006820	575010404	Device-to-Host	73728	Device	Pageable	13	cudaMemcpyAsync_v3020	rms_norm_f32	k_get_rows_kq	no	yes
575021572	575025284	Device-to-Host	73728	Device	Pageable	13	cudaMemcpyAsync_v3020	rms_norm_f32	k_get_rows_kq	no	yes
575035620	575039236	Device-to-Host	73728	Device	Pageable	13	cudaMemcpyAsync_v3020	rms_norm_f32	k_get_rows_kq	no	yes
575049764	575053316	Device-to-Host	73728	Device	Pageable	13	cudaMemcpyAsync_v3020	rms_norm_f32	k_get_rows_kq	no	yes
575063684	575067236	Device-to-Host	73728	Device	Pageable	13	cudaMemcpyAsync_v3020	rms_norm_f32	k_get_rows_kq	no	yes
575078116	575118757	Device-to-Host	1048576	Device	Pageable	13	cudaMemcpyAsync_v3020	rms_norm_f32	k_get_rows_kq	no	yes
575188901	575229478	Device-to-Host	1048576	Device	Pageable	13	cudaMemcpyAsync_v3020	rms_norm_f32	k_get_rows_kq	no	yes
575303014	575343974	Device-to-Host	1048576	Device	Pageable	13	cudaMemcpyAsync_v3020	rms_norm_f32	k_get_rows_kq	no	yes
575412583	575453223	Device-to-Host	1048576	Device	Pageable	13	cudaMemcpyAsync_v3020	rms_norm_f32	k_get_rows_kq	no	yes
575514600	575555432	Device-to-Host	1048576	Device	Pageable	13	cudaMemcpyAsync_v3020	rms_norm_f32	k_get_rows_kq	no	yes
575617768	575658569	Device-to-Host	1048576	Device	Pageable	13	cudaMemcpyAsync_v3020	rms_norm_f32	k_get_rows_kq	no	yes
575722409	575763177	Device-to-Host	1048576	Device	Pageable	13	cudaMemcpyAsync_v3020	rms_norm_f32	k_get_rows_kq	no	yes
575824458	575865034	Device-to-Host	1048576	Device	Pageable	13	cudaMemcpyAsync_v3020	rms_norm_f32	k_get_rows_kq	no	yes
575934699	575975723	Device-to-Host	1048576	Device	Pageable	13	cudaMemcpyAsync_v3020	rms_norm_f32	k_get_rows_kq	no	yes
576041676	576082284	Device-to-Host	1048576	Device	Pageable	13	cudaMemcpyAsync_v3020	rms_norm_f32	k_get_rows_kq	no	yes
576145516	576186445	Device-to-Host	1048576	Device	Pageable	13	cudaMemcpyAsync_v3020	rms_norm_f32	k_get_rows_kq	no	yes
576247757	576288365	Device-to-Host	1048576	Device	Pageable	13	cudaMemcpyAsync_v3020	rms_norm_f32	k_get_rows_kq	no	yes
576348878	576389710	Device-to-Host	1048576	Device	Pageable	13	cudaMemcpyAsync_v3020	rms_norm_f32	k_get_rows_kq	no	yes
576450479	576491119	Device-to-Host	1048576	Device	Pageable	13	cudaMemcpyAsync_v3020	rms_norm_f32	k_get_rows_kq	no	yes
576552559	576593360	Device-to-Host	1048576	Device	Pageable	13	cudaMemcpyAsync_v3020	rms_norm_f32	k_get_rows_kq	no	yes
576654256	576694800	Device-to-Host	1048576	Device	Pageable	13	cudaMemcpyAsync_v3020	rms_norm_f32	k_get_rows_kq	no	yes
576756113	576797137	Device-to-Host	1048576	Device	Pageable	13	cudaMemcpyAsync_v3020	rms_norm_f32	k_get_rows_kq	no	yes
576859602	576900178	Device-to-Host	1048576	Device	Pageable	13	cudaMemcpyAsync_v3020	rms_norm_f32	k_get_rows_kq	no	yes
577600759	577613175	Host-to-Device	262144	Pinned	Device	13	cudaMemcpyAsync_v3020	rms_norm_f32	k_get_rows_kq	no	yes
582780445	582819774	Device-to-Host	993280	Device	Pinned	14	cudaMemcpyAsync_v3020	mul_mat_vec_q	k_get_rows_kq	no	no
583663044	583675524	Host-to-Device	262144	Pinned	Device	13	cudaMemcpyAsync_v3020	mul_mat_vec_q	k_get_rows_kq	no	yes
588163877	588202853	Device-to-Host	993280	Device	Pinned	14	cudaMemcpyAsync_v3020	mul_mat_vec_q	k_get_rows_kq	no	no
588473191	588485320	Host-to-Device	262144	Pinned	Device	13	cudaMemcpyAsync_v3020	mul_mat_vec_q	k_get_rows_kq	no	yes
594505556	594544564	Device-to-Host	993280	Device	Pinned	14	cudaMemcpyAsync_v3020	mul_mat_vec_q	k_get_rows_kq	no	no
594810262	594822646	Host-to-Device	262144	Pinned	Device	13	cudaMemcpyAsync_v3020	mul_mat_vec_q	k_get_rows_kq	no	yes
599111574	599150582	Device-to-Host	993280	Device	Pinned	14	cudaMemcpyAsync_v3020	mul_mat_vec_q	k_get_rows_kq	no	no
599411128	599423416	Host-to-Device	262144	Pinned	Device	13	cudaMemcpyAsync_v3020	mul_mat_vec_q	k_get_rows_kq	no	yes
603430806	603469718	Device-to-Host	993280	Device	Pinned	14	cudaMemcpyAsync_v3020	mul_mat_vec_q	k_get_rows_kq	no	no
603742072	603754456	Host-to-Device	262144	Pinned	Device	13	cudaMemcpyAsync_v3020	mul_mat_vec_q	k_get_rows_kq	no	yes
609043104	609082080	Device-to-Host	993280	Device	Pinned	14	cudaMemcpyAsync_v3020	mul_mat_vec_q	k_get_rows_kq	no	no
610499370	610511786	Host-to-Device	262144	Pinned	Device	13	cudaMemcpyAsync_v3020	mul_mat_vec_q	k_get_rows_kq	no	yes
614670345	614709289	Device-to-Host	993280	Device	Pinned	14	cudaMemcpyAsync_v3020	mul_mat_vec_q	k_get_rows_kq	no	no
614970411	614982635	Host-to-Device	262144	Pinned	Device	13	cudaMemcpyAsync_v3020	mul_mat_vec_q	k_get_rows_kq	no	yes
619227979	619267019	Device-to-Host	993280	Device	Pinned	14	cudaMemcpyAsync_v3020	mul_mat_vec_q	k_get_rows_kq	no	no
619580973	619593262	Host-to-Device	262144	Pinned	Device	13	cudaMemcpyAsync_v3020	mul_mat_vec_q	k_get_rows_kq	no	yes
623604811	623643755	Device-to-Host	993280	Device	Pinned	14	cudaMemcpyAsync_v3020	mul_mat_vec_q	k_get_rows_kq	no	no
623905133	623917550	Host-to-Device	262144	Pinned	Device	13	cudaMemcpyAsync_v3020	mul_mat_vec_q	k_get_rows_kq	no	yes
628121709	628160685	Device-to-Host	993280	Device	Pinned	14	cudaMemcpyAsync_v3020	mul_mat_vec_q	k_get_rows_kq	no	no
628422831	628435119	Host-to-Device	262144	Pinned	Device	13	cudaMemcpyAsync_v3020	mul_mat_vec_q	k_get_rows_kq	no	yes
632648846	632687822	Device-to-Host	993280	Device	Pinned	14	cudaMemcpyAsync_v3020	mul_mat_vec_q	k_get_rows_kq	no	no
632962768	632975088	Host-to-Device	262144	Pinned	Device	13	cudaMemcpyAsync_v3020	mul_mat_vec_q	k_get_rows_kq	no	yes
636979342	637018350	Device-to-Host	993280	Device	Pinned	14	cudaMemcpyAsync_v3020	mul_mat_vec_q	k_get_rows_kq	no	no
637282384	637294704	Host-to-Device	262144	Pinned	Device	13	cudaMemcpyAsync_v3020	mul_mat_vec_q	k_get_rows_kq	no	yes
641529040	641567984	Device-to-Host	993280	Device	Pinned	14	cudaMemcpyAsync_v3020	mul_mat_vec_q	k_get_rows_kq	no	no
641829522	641841714	Host-to-Device	262144	Pinned	Device	13	cudaMemcpyAsync_v3020	mul_mat_vec_q	k_get_rows_kq	no	yes
646142194	646181170	Device-to-Host	993280	Device	Pinned	14	cudaMemcpyAsync_v3020	mul_mat_vec_q	k_get_rows_kq	no	no
646441268	646453524	Host-to-Device	262144	Pinned	Device	13	cudaMemcpyAsync_v3020	mul_mat_vec_q	k_get_rows_kq	no	yes
650429682	650468690	Device-to-Host	993280	Device	Pinned	14	cudaMemcpyAsync_v3020	mul_mat_vec_q	k_get_rows_kq	no	no
650727092	650739348	Host-to-Device	262144	Pinned	Device	13	cudaMemcpyAsync_v3020	mul_mat_vec_q	k_get_rows_kq	no	yes
654921011	654959955	Device-to-Host	993280	Device	Pinned	14	cudaMemcpyAsync_v3020	mul_mat_vec_q	k_get_rows_kq	no	no
655224117	655236309	Host-to-Device	262144	Pinned	Device	13	cudaMemcpyAsync_v3020	mul_mat_vec_q	k_get_rows_kq	no	yes
659240275	659279411	Device-to-Host	993280	Device	Pinned	14	cudaMemcpyAsync_v3020	mul_mat_vec_q	k_get_rows_kq	no	no
659705430	659717622	Host-to-Device	262144	Pinned	Device	13	cudaMemcpyAsync_v3020	mul_mat_vec_q	k_get_rows_kq	no	yes
663697780	663736724	Device-to-Host	993280	Device	Pinned	14	cudaMemcpyAsync_v3020	mul_mat_vec_q	k_get_rows_kq	no	no
663998070	664010358	Host-to-Device	262144	Pinned	Device	13	cudaMemcpyAsync_v3020	mul_mat_vec_q	k_get_rows_kq	no	yes
668183925	668222901	Device-to-Host	993280	Device	Pinned	14	cudaMemcpyAsync_v3020	mul_mat_vec_q	k_get_rows_kq	no	no
668478871	668491159	Host-to-Device	262144	Pinned	Device	13	cudaMemcpyAsync_v3020	mul_mat_vec_q	k_get_rows_kq	no	yes
672511413	672550421	Device-to-Host	993280	Device	Pinned	14	cudaMemcpyAsync_v3020	mul_mat_vec_q	k_get_rows_kq	no	no
672812055	672824471	Host-to-Device	262144	Pinned	Device	13	cudaMemcpyAsync_v3020	mul_mat_vec_q	k_get_rows_kq	no	yes
677018070	677056982	Device-to-Host	993280	Device	Pinned	14	cudaMemcpyAsync_v3020	mul_mat_vec_q	k_get_rows_kq	no	no
677318520	677331736	Host-to-Device	262144	Pinned	Device	13	cudaMemcpyAsync_v3020	mul_mat_vec_q	k_get_rows_kq	no	yes
681440439	681479575	Device-to-Host	993280	Device	Pinned	14	cudaMemcpyAsync_v3020	mul_mat_vec_q	k_get_rows_kq	no	no
681796377	681808730	Host-to-Device	262144	Pinned	Device	13	cudaMemcpyAsync_v3020	mul_mat_vec_q	k_get_rows_kq	no	yes
685802007	685840951	Device-to-Host	993280	Device	Pinned	14	cudaMemcpyAsync_v3020	mul_mat_vec_q	k_get_rows_kq	no	no
686098041	686110681	Host-to-Device	262144	Pinned	Device	13	cudaMemcpyAsync_v3020	mul_mat_vec_q	k_get_rows_kq	no	yes
690309688	690348729	Device-to-Host	993280	Device	Pinned	14	cudaMemcpyAsync_v3020	mul_mat_vec_q	k_get_rows_kq	no	no
690608027	690620443	Host-to-Device	262144	Pinned	Device	13	cudaMemcpyAsync_v3020	mul_mat_vec_q	k_get_rows_kq	no	yes
694940251	694979227	Device-to-Host	993280	Device	Pinned	14	cudaMemcpyAsync_v3020	mul_mat_vec_q	k_get_rows_kq	no	no
695239837	695252349	Host-to-Device	262144	Pinned	Device	13	cudaMemcpyAsync_v3020	mul_mat_vec_q	k_get_rows_kq	no	yes
699235962	699274907	Device-to-Host	993280	Device	Pinned	14	cudaMemcpyAsync_v3020	mul_mat_vec_q	k_get_rows_kq	no	no
699532157	699544445	Host-to-Device	262144	Pinned	Device	13	cudaMemcpyAsync_v3020	mul_mat_vec_q	k_get_rows_kq	no	yes
704338944	704378016	Device-to-Host	993280	Device	Pinned	14	cudaMemcpyAsync_v3020	mul_mat_vec_q	k_get_rows_kq	no	no
706327215	706344783	Host-to-Device	262144	Pinned	Device	13	cudaMemcpyAsync_v3020	mul_mat_vec_q	k_get_rows_kq	no	yes
710843856	710882800	Device-to-Host	993280	Device	Pinned	14	cudaMemcpyAsync_v3020	mul_mat_vec_q	k_get_rows_kq	no	no
711143666	711156467	Host-to-Device	262144	Pinned	Device	13	cudaMemcpyAsync_v3020	mul_mat_vec_q	k_get_rows_kq	no	yes
715577043	715615923	Device-to-Host	993280	Device	Pinned	14	cudaMemcpyAsync_v3020	mul_mat_vec_q	k_get_rows_kq	no	no
715877813	715890486	Host-to-Device	262144	Pinned	Device	13	cudaMemcpyAsync_v3020	mul_mat_vec_q	k_get_rows_kq	no	yes
719869491	719908467	Device-to-Host	993280	Device	Pinned	14	cudaMemcpyAsync_v3020	mul_mat_vec_q	k_get_rows_kq	no	no
720168405	720180885	Host-to-Device	262144	Pinned	Device	13	cudaMemcpyAsync_v3020	mul_mat_vec_q	k_get_rows_kq	no	yes
724323124	724362100	Device-to-Host	993280	Device	Pinned	14	cudaMemcpyAsync_v3020	mul_mat_vec_q	k_get_rows_kq	no	no
724628854	724642742	Host-to-Device	262144	Pinned	Device	13	cudaMemcpyAsync_v3020	mul_mat_vec_q	k_get_rows_kq	no	yes
728670036	728708980	Device-to-Host	993280	Device	Pinned	14	cudaMemcpyAsync_v3020	mul_mat_vec_q	k_get_rows_kq	no	no
729048599	729061239	Host-to-Device	262144	Pinned	Device	13	cudaMemcpyAsync_v3020	mul_mat_vec_q	k_get_rows_kq	no	yes
733027188	733066133	Device-to-Host	993280	Device	Pinned	14	cudaMemcpyAsync_v3020	mul_mat_vec_q	k_get_rows_kq	no	no
733340951	733353143	Host-to-Device	262144	Pinned	Device	13	cudaMemcpyAsync_v3020	mul_mat_vec_q	k_get_rows_kq	no	yes
737491861	737530710	Device-to-Host	993280	Device	Pinned	14	cudaMemcpyAsync_v3020	mul_mat_vec_q	k_get_rows_kq	no	no
737795031	737807896	Host-to-Device	262144	Pinned	Device	13	cudaMemcpyAsync_v3020	mul_mat_vec_q	k_get_rows_kq	no	yes
741838773	741877814	Device-to-Host	993280	Device	Pinned	14	cudaMemcpyAsync_v3020	mul_mat_vec_q	k_get_rows_kq	no	no
742140600	742154296	Host-to-Device	262144	Pinned	Device	13	cudaMemcpyAsync_v3020	mul_mat_vec_q	k_get_rows_kq	no	yes
746335191	746374167	Device-to-Host	993280	Device	Pinned	14	cudaMemcpyAsync_v3020	mul_mat_vec_q	k_get_rows_kq	no	no
746631385	746643577	Host-to-Device	262144	Pinned	Device	13	cudaMemcpyAsync_v3020	mul_mat_vec_q	k_get_rows_kq	no	yes
750869496	750908472	Device-to-Host	993280	Device	Pinned	14	cudaMemcpyAsync_v3020	mul_mat_vec_q	k_get_rows_kq	no	no
751169786	751182778	Host-to-Device	262144	Pinned	Device	13	cudaMemcpyAsync_v3020	mul_mat_vec_q	k_get_rows_kq	no	yes
755191800	755230808	Device-to-Host	993280	Device	Pinned	14	cudaMemcpyAsync_v3020	mul_mat_vec_q	k_get_rows_kq	no	no
755485626	755498394	Host-to-Device	262144	Pinned	Device	13	cudaMemcpyAsync_v3020	mul_mat_vec_q	k_get_rows_kq	no	yes
759607353	759646233	Device-to-Host	993280	Device	Pinned	14	cudaMemcpyAsync_v3020	mul_mat_vec_q	k_get_rows_kq	no	no
759910107	759922843	Host-to-Device	262144	Pinned	Device	13	cudaMemcpyAsync_v3020	mul_mat_vec_q	k_get_rows_kq	no	yes
764171354	764210331	Device-to-Host	993280	Device	Pinned	14	cudaMemcpyAsync_v3020	mul_mat_vec_q	k_get_rows_kq	no	no
764483101	764496125	Host-to-Device	262144	Pinned	Device	13	cudaMemcpyAsync_v3020	mul_mat_vec_q	k_get_rows_kq	no	yes
768468090	768507067	Device-to-Host	993280	Device	Pinned	14	cudaMemcpyAsync_v3020	mul_mat_vec_q	k_get_rows_kq	no	no
768768796	768781149	Host-to-Device	262144	Pinned	Device	13	cudaMemcpyAsync_v3020	mul_mat_vec_q	k_get_rows_kq	no	yes
773026940	773065916	Device-to-Host	993280	Device	Pinned	14	cudaMemcpyAsync_v3020	mul_mat_vec_q	k_get_rows_kq	no	no
773338878	773351070	Host-to-Device	262144	Pinned	Device	13	cudaMemcpyAsync_v3020	mul_mat_vec_q	k_get_rows_kq	no	yes
777341820	777380764	Device-to-Host	993280	Device	Pinned	14	cudaMemcpyAsync_v3020	mul_mat_vec_q	k_get_rows_kq	no	no
777838848	777851072	Host-to-Device	262144	Pinned	Device	13	cudaMemcpyAsync_v3020	mul_mat_vec_q	k_get_rows_kq	no	yes
781863133	781902110	Device-to-Host	993280	Device	Pinned	14	cudaMemcpyAsync_v3020	mul_mat_vec_q	k_get_rows_kq	no	no
782164160	782176384	Host-to-Device	262144	Pinned	Device	13	cudaMemcpyAsync_v3020	mul_mat_vec_q	k_get_rows_kq	no	yes
786324734	786363647	Device-to-Host	993280	Device	Pinned	14	cudaMemcpyAsync_v3020	mul_mat_vec_q	k_get_rows_kq	no	no
786621152	786633921	Host-to-Device	262144	Pinned	Device	13	cudaMemcpyAsync_v3020	mul_mat_vec_q	k_get_rows_kq	no	yes
790637822	790676830	Device-to-Host	993280	Device	Pinned	14	cudaMemcpyAsync_v3020	mul_mat_vec_q	k_get_rows_kq	no	no
790934944	790947392	Host-to-Device	262144	Pinned	Device	13	cudaMemcpyAsync_v3020	mul_mat_vec_q	k_get_rows_kq	no	yes
795156800	795195744	Device-to-Host	993280	Device	Pinned	14	cudaMemcpyAsync_v3020	mul_mat_vec_q	k_get_rows_kq	no	no
795453634	795465826	Host-to-Device	262144	Pinned	Device	13	cudaMemcpyAsync_v3020	mul_mat_vec_q	k_get_rows_kq	no	yes
799758370	799797314	Device-to-Host	993280	Device	Pinned	14	cudaMemcpyAsync_v3020	mul_mat_vec_q	k_get_rows_kq	no	no
929514049	929518913	Device-to-Host	88128	Device	Pageable	13	cudaMemcpyAsync_v3020	mul_mat_vec_q	k_get_rows_kq	no	no
929537377	929542273	Device-to-Host	88128	Device	Pageable	13	cudaMemcpyAsync_v3020	mul_mat_vec_q	k_get_rows_kq	no	no
929556897	929561249	Device-to-Host	88128	Device	Pageable	13	cudaMemcpyAsync_v3020	mul_mat_vec_q	k_get_rows_kq	no	no
929574241	929578625	Device-to-Host	88128	Device	Pageable	13	cudaMemcpyAsync_v3020	mul_mat_vec_q	k_get_rows_kq	no	no
929590914	929595362	Device-to-Host	88128	Device	Pageable	13	cudaMemcpyAsync_v3020	mul_mat_vec_q	k_get_rows_kq	no	no
929607906	929612290	Device-to-Host	88128	Device	Pageable	13	cudaMemcpyAsync_v3020	mul_mat_vec_q	k_get_rows_kq	no	no
929700706	929704322	Device-to-Host	73728	Device	Pageable	13	cudaMemcpyAsync_v3020	mul_mat_vec_q	k_get_rows_kq	no	yes
929716674	929720355	Device-to-Host	73728	Device	Pageable	13	cudaMemcpyAsync_v3020	mul_mat_vec_q	k_get_rows_kq	no	yes
929731235	929734787	Device-to-Host	73728	Device	Pageable	13	cudaMemcpyAsync_v3020	mul_mat_vec_q	k_get_rows_kq	no	yes
929745315	929748899	Device-to-Host	73728	Device	Pageable	13	cudaMemcpyAsync_v3020	mul_mat_vec_q	k_get_rows_kq	no	yes
929760067	929763651	Device-to-Host	73728	Device	Pageable	13	cudaMemcpyAsync_v3020	mul_mat_vec_q	k_get_rows_kq	no	yes
929774563	929778211	Device-to-Host	73728	Device	Pageable	13	cudaMemcpyAsync_v3020	mul_mat_vec_q	k_get_rows_kq	no	yes
929789443	929793027	Device-to-Host	73728	Device	Pageable	13	cudaMemcpyAsync_v3020	mul_mat_vec_q	k_get_rows_kq	no	yes
929804131	929807811	Device-to-Host	73728	Device	Pageable	13	cudaMemcpyAsync_v3020	mul_mat_vec_q	k_get_rows_kq	no	yes
929818883	929822435	Device-to-Host	73728	Device	Pageable	13	cudaMemcpyAsync_v3020	mul_mat_vec_q	k_get_rows_kq	no	yes
929833155	929836739	Device-to-Host	73728	Device	Pageable	13	cudaMemcpyAsync_v3020	mul_mat_vec_q	k_get_rows_kq	no	yes
929847299	929850851	Device-to-Host	73728	Device	Pageable	13	cudaMemcpyAsync_v3020	mul_mat_vec_q	k_get_rows_kq	no	yes
929861508	929865156	Device-to-Host	73728	Device	Pageable	13	cudaMemcpyAsync_v3020	mul_mat_vec_q	k_get_rows_kq	no	yes
929876676	929880260	Device-to-Host	73728	Device	Pageable	13	cudaMemcpyAsync_v3020	mul_mat_vec_q	k_get_rows_kq	no	yes
929891044	929894660	Device-to-Host	73728	Device	Pageable	13	cudaMemcpyAsync_v3020	mul_mat_vec_q	k_get_rows_kq	no	yes
929910948	929914884	Device-to-Host	73728	Device	Pageable	13	cudaMemcpyAsync_v3020	mul_mat_vec_q	k_get_rows_kq	no	yes
929926148	929929732	Device-to-Host	73728	Device	Pageable	13	cudaMemcpyAsync_v3020	mul_mat_vec_q	k_get_rows_kq	no	yes
929941092	929944676	Device-to-Host	73728	Device	Pageable	13	cudaMemcpyAsync_v3020	mul_mat_vec_q	k_get_rows_kq	no	yes
929955204	929959076	Device-to-Host	73728	Device	Pageable	13	cudaMemcpyAsync_v3020	mul_mat_vec_q	k_get_rows_kq	no	yes
929970756	930011333	Device-to-Host	1048576	Device	Pageable	13	cudaMemcpyAsync_v3020	mul_mat_vec_q	k_get_rows_kq	no	yes
930086309	930127014	Device-to-Host	1048576	Device	Pageable	13	cudaMemcpyAsync_v3020	mul_mat_vec_q	k_get_rows_kq	no	yes
930205958	930246790	Device-to-Host	1048576	Device	Pageable	13	cudaMemcpyAsync_v3020	mul_mat_vec_q	k_get_rows_kq	no	yes
930318055	930358791	Device-to-Host	1048576	Device	Pageable	13	cudaMemcpyAsync_v3020	mul_mat_vec_q	k_get_rows_kq	no	yes
930424392	930465096	Device-to-Host	1048576	Device	Pageable	13	cudaMemcpyAsync_v3020	mul_mat_vec_q	k_get_rows_kq	no	yes
930528040	930568617	Device-to-Host	1048576	Device	Pageable	13	cudaMemcpyAsync_v3020	mul_mat_vec_q	k_get_rows_kq	no	yes
930631081	930671818	Device-to-Host	1048576	Device	Pageable	13	cudaMemcpyAsync_v3020	mul_mat_vec_q	k_get_rows_kq	no	yes
930732010	930772618	Device-to-Host	1048576	Device	Pageable	13	cudaMemcpyAsync_v3020	mul_mat_vec_q	k_get_rows_kq	no	yes
930834091	930874795	Device-to-Host	1048576	Device	Pageable	13	cudaMemcpyAsync_v3020	mul_mat_vec_q	k_get_rows_kq	no	yes
930938828	930979404	Device-to-Host	1048576	Device	Pageable	13	cudaMemcpyAsync_v3020	mul_mat_vec_q	k_get_rows_kq	no	yes
931040620	931081325	Device-to-Host	1048576	Device	Pageable	13	cudaMemcpyAsync_v3020	mul_mat_vec_q	k_get_rows_kq	no	yes
931141325	931182189	Device-to-Host	1048576	Device	Pageable	13	cudaMemcpyAsync_v3020	mul_mat_vec_q	k_get_rows_kq	no	yes
931241838	931282734	Device-to-Host	1048576	Device	Pageable	13	cudaMemcpyAsync_v3020	mul_mat_vec_q	k_get_rows_kq	no	yes
931343791	931384495	Device-to-Host	1048576	Device	Pageable	13	cudaMemcpyAsync_v3020	mul_mat_vec_q	k_get_rows_kq	no	yes
931444847	931485744	Device-to-Host	1048576	Device	Pageable	13	cudaMemcpyAsync_v3020	mul_mat_vec_q	k_get_rows_kq	no	yes
931547760	931588592	Device-to-Host	1048576	Device	Pageable	13	cudaMemcpyAsync_v3020	mul_mat_vec_q	k_get_rows_kq	no	yes
931648561	931689457	Device-to-Host	1048576	Device	Pageable	13	cudaMemcpyAsync_v3020	mul_mat_vec_q	k_get_rows_kq	no	yes
931751250	931791858	Device-to-Host	1048576	Device	Pageable	13	cudaMemcpyAsync_v3020	mul_mat_vec_q	k_get_rows_kq	no	yes
932755609	932767961	Host-to-Device	262144	Pinned	Device	13	cudaMemcpyAsync_v3020	mul_mat_vec_q	k_get_rows_kq	no	yes
940145584	940189616	Host-to-Device	1081344	Pageable	Device	13	cudaMemcpyAsync_v3020	rms_norm_f32	im2col_kernel	no	yes
940315761	940317489	Device-to-Device	1441792	Device	Device	15	cudaMemcpyAsync_v3020	convert_unary	im2col_kernel	no	yes
940342193	940343857	Device-to-Device	1441792	Device	Device	15	cudaMemcpyAsync_v3020	convert_unary	k_bin_bcast	no	yes
940407474	940409170	Device-to-Device	1441792	Device	Device	15	cudaMemcpyAsync_v3020	cpy_scalar	cpy_scalar	no	yes
947052003	947080291	Device-to-Host	720896	Device	Pageable	13	cudaMemcpyAsync_v3020	k_bin_bcast	rms_norm_f32	yes	yes
947831176	947862761	Host-to-Device	720896	Pinned	Device	13	cudaMemcpyAsync_v3020	k_bin_bcast	rms_norm_f32	yes	yes
947886505	947899817	Host-to-Device	262144	Pinned	Device	13	cudaMemcpyAsync_v3020	k_bin_bcast	rms_norm_f32	no	yes
956643114	956655626	Host-to-Device	262144	Pinned	Device	13	cudaMemcpyAsync_v3020	rms_norm_f32	k_get_rows_kq	no	yes
961331436	961361164	Host-to-Device	737280	Pageable	Device	13	cudaMemcpyAsync_v3020	quantize_q8_1	k_bin_bcast	no	yes
961507950	961509742	Device-to-Device	983040	Device	Device	15	cudaMemcpyAsync_v3020	convert_unary	im2col_kernel	no	yes
961564398	961566286	Device-to-Device	983040	Device	Device	15	cudaMemcpyAsync_v3020	convert_unary	k_bin_bcast	no	yes
961608846	961610574	Device-to-Device	983040	Device	Device	15	cudaMemcpyAsync_v3020	cpy_scalar	cpy_scalar	no	yes
966981718	967001366	Device-to-Host	491520	Device	Pageable	13	cudaMemcpyAsync_v3020	k_bin_bcast	rms_norm_f32	yes	yes
967668283	967690011	Host-to-Device	491520	Pinned	Device	13	cudaMemcpyAsync_v3020	k_bin_bcast	rms_norm_f32	yes	yes
967713179	967726364	Host-to-Device	262144	Pinned	Device	13	cudaMemcpyAsync_v3020	k_bin_bcast	rms_norm_f32	no	yes
975503701	975515989	Host-to-Device	262144	Pinned	Device	13	cudaMemcpyAsync_v3020	rms_norm_f32	k_get_rows_kq	no	yes
981218271	981222367	Device-to-Host	73728	Device	Pageable	13	cudaMemcpyAsync_v3020	rms_norm_f32	k_get_rows_kq	no	yes
981235775	981239871	Device-to-Host	73728	Device	Pageable	13	cudaMemcpyAsync_v3020	rms_norm_f32	k_get_rows_kq	no	yes
981251520	981255168	Device-to-Host	73728	Device	Pageable	13	cudaMemcpyAsync_v3020	rms_norm_f32	k_get_rows_kq	no	yes
981265824	981269600	Device-to-Host	73728	Device	Pageable	13	cudaMemcpyAsync_v3020	rms_norm_f32	k_get_rows_kq	no	yes
981280256	981283840	Device-to-Host	73728	Device	Pageable	13	cudaMemcpyAsync_v3020	rms_norm_f32	k_get_rows_kq	no	yes
981294624	981298272	Device-to-Host	73728	Device	Pageable	13	cudaMemcpyAsync_v3020	rms_norm_f32	k_get_rows_kq	no	yes
981309248	981313088	Device-to-Host	73728	Device	Pageable	13	cudaMemcpyAsync_v3020	rms_norm_f32	k_get_rows_kq	no	yes
981324192	981327808	Device-to-Host	73728	Device	Pageable	13	cudaMemcpyAsync_v3020	rms_norm_f32	k_get_rows_kq	no	yes
981339008	981342656	Device-to-Host	73728	Device	Pageable	13	cudaMemcpyAsync_v3020	rms_norm_f32	k_get_rows_kq	no	yes
981353088	981356800	Device-to-Host	73728	Device	Pageable	13	cudaMemcpyAsync_v3020	rms_norm_f32	k_get_rows_kq	no	yes
981367680	981371232	Device-to-Host	73728	Device	Pageable	13	cudaMemcpyAsync_v3020	rms_norm_f32	k_get_rows_kq	no	yes
981381824	981385473	Device-to-Host	73728	Device	Pageable	13	cudaMemcpyAsync_v3020	rms_norm_f32	k_get_rows_kq	no	yes
981396961	981400641	Device-to-Host	73728	Device	Pageable	13	cudaMemcpyAsync_v3020	rms_norm_f32	k_get_rows_kq	no	yes
981411201	981415009	Device-to-Host	73728	Device	Pageable	13	cudaMemcpyAsync_v3020	rms_norm_f32	k_get_rows_kq	no	yes
981426113	981429825	Device-to-Host	73728	Device	Pageable	13	cudaMemcpyAsync_v3020	rms_norm_f32	k_get_rows_kq	no	yes
981440769	981444385	Device-to-Host	73728	Device	Pageable	13	cudaMemcpyAsync_v3020	rms_norm_f32	k_get_rows_kq	no	yes
981455265	981458849	Device-to-Host	73728	Device	Pageable	13	cudaMemcpyAsync_v3020	rms_norm_f32	k_get_rows_kq	no	yes
981469505	981473089	Device-to-Host	73728	Device	Pageable	13	cudaMemcpyAsync_v3020	rms_norm_f32	k_get_rows_kq	no	yes
981483905	981524514	Device-to-Host	1048576	Device	Pageable	13	cudaMemcpyAsync_v3020	rms_norm_f32	k_get_rows_kq	no	yes
981590370	981631170	Device-to-Host	1048576	Device	Pageable	13	cudaMemcpyAsync_v3020	rms_norm_f32	k_get_rows_kq	no	yes
981703971	981744803	Device-to-Host	1048576	Device	Pageable	13	cudaMemcpyAsync_v3020	rms_norm_f32	k_get_rows_kq	no	yes
981815940	981856580	Device-to-Host	1048576	Device	Pageable	13	cudaMemcpyAsync_v3020	rms_norm_f32	k_get_rows_kq	no	yes
981927621	981968357	Device-to-Host	1048576	Device	Pageable	13	cudaMemcpyAsync_v3020	rms_norm_f32	k_get_rows_kq	no	yes
982035109	982075654	Device-to-Host	1048576	Device	Pageable	13	cudaMemcpyAsync_v3020	rms_norm_f32	k_get_rows_kq	no	yes
982139174	982179942	Device-to-Host	1048576	Device	Pageable	13	cudaMemcpyAsync_v3020	rms_norm_f32	k_get_rows_kq	no	yes
982245735	982286343	Device-to-Host	1048576	Device	Pageable	13	cudaMemcpyAsync_v3020	rms_norm_f32	k_get_rows_kq	no	yes
982355624	982396392	Device-to-Host	1048576	Device	Pageable	13	cudaMemcpyAsync_v3020	rms_norm_f32	k_get_rows_kq	no	yes
982458984	982499593	Device-to-Host	1048576	Device	Pageable	13	cudaMemcpyAsync_v3020	rms_norm_f32	k_get_rows_kq	no	yes
982560553	982601226	Device-to-Host	1048576	Device	Pageable	13	cudaMemcpyAsync_v3020	rms_norm_f32	k_get_rows_kq	no	yes
982663306	982703914	Device-to-Host	1048576	Device	Pageable	13	cudaMemcpyAsync_v3020	rms_norm_f32	k_get_rows_kq	no	yes
982765515	982806283	Device-to-Host	1048576	Device	Pageable	13	cudaMemcpyAsync_v3020	rms_norm_f32	k_get_rows_kq	no	yes
982867403	982908012	Device-to-Host	1048576	Device	Pageable	13	cudaMemcpyAsync_v3020	rms_norm_f32	k_get_rows_kq	no	yes
982969932	983010765	Device-to-Host	1048576	Device	Pageable	13	cudaMemcpyAsync_v3020	rms_norm_f32	k_get_rows_kq	no	yes
983071053	983111725	Device-to-Host	1048576	Device	Pageable	13	cudaMemcpyAsync_v3020	rms_norm_f32	k_get_rows_kq	no	yes
983173454	983214318	Device-to-Host	1048576	Device	Pageable	13	cudaMemcpyAsync_v3020	rms_norm_f32	k_get_rows_kq	no	yes
983276622	983317231	Device-to-Host	1048576	Device	Pageable	13	cudaMemcpyAsync_v3020	rms_norm_f32	k_get_rows_kq	no	yes
983947027	983959508	Host-to-Device	262144	Pinned	Device	13	cudaMemcpyAsync_v3020	rms_norm_f32	k_get_rows_kq	no	yes
989163002	989202042	Device-to-Host	993280	Device	Pinned	14	cudaMemcpyAsync_v3020	mul_mat_vec_q	k_get_rows_kq	no	no
990577380	990595781	Host-to-Device	262144	Pinned	Device	13	cudaMemcpyAsync_v3020	mul_mat_vec_q	k_get_rows_kq	no	yes
995061670	995100998	Device-to-Host	993280	Device	Pinned	14	cudaMemcpyAsync_v3020	mul_mat_vec_q	k_get_rows_kq	no	no
995417128	995429384	Host-to-Device	262144	Pinned	Device	13	cudaMemcpyAsync_v3020	mul_mat_vec_q	k_get_rows_kq	no	yes
1002531325	1002570397	Device-to-Host	993280	Device	Pinned	14	cudaMemcpyAsync_v3020	mul_mat_vec_q	k_get_rows_kq	no	no
1004283402	1004296170	Host-to-Device	262144	Pinned	Device	13	cudaMemcpyAsync_v3020	mul_mat_vec_q	k_get_rows_kq	no	yes
1008661322	1008700330	Device-to-Host	993280	Device	Pinned	14	cudaMemcpyAsync_v3020	mul_mat_vec_q	k_get_rows_kq	no	no
1008961132	1008973292	Host-to-Device	262144	Pinned	Device	13	cudaMemcpyAsync_v3020	mul_mat_vec_q	k_get_rows_kq	no	yes
1012972426	1013011466	Device-to-Host	993280	Device	Pinned	14	cudaMemcpyAsync_v3020	mul_mat_vec_q	k_get_rows_kq	no	no
1013263052	1013275404	Host-to-Device	262144	Pinned	Device	13	cudaMemcpyAsync_v3020	mul_mat_vec_q	k_get_rows_kq	no	yes
1017374411	1017413323	Device-to-Host	993280	Device	Pinned	14	cudaMemcpyAsync_v3020	mul_mat_vec_q	k_get_rows_kq	no	no
1017666765	1017678989	Host-to-Device	262144	Pinned	Device	13	cudaMemcpyAsync_v3020	mul_mat_vec_q	k_get_rows_kq	no	yes
1021962893	1022001869	Device-to-Host	993280	Device	Pinned	14	cudaMemcpyAsync_v3020	mul_mat_vec_q	k_get_rows_kq	no	no
1022328879	1022341103	Host-to-Device	262144	Pinned	Device	13	cudaMemcpyAsync_v3020	mul_mat_vec_q	k_get_rows_kq	no	yes
1026352109	1026391085	Device-to-Host	993280	Device	Pinned	14	cudaMemcpyAsync_v3020	mul_mat_vec_q	k_get_rows_kq	no	no
1026654767	1026667055	Host-to-Device	262144	Pinned	Device	13	cudaMemcpyAsync_v3020	mul_mat_vec_q	k_get_rows_kq	no	yes
1030864910	1030903855	Device-to-Host	993280	Device	Pinned	14	cudaMemcpyAsync_v3020	mul_mat_vec_q	k_get_rows_kq	no	no
1031176337	1031188625	Host-to-Device	262144	Pinned	Device	13	cudaMemcpyAsync_v3020	mul_mat_vec_q	k_get_rows_kq	no	yes
1035488785	1035527729	Device-to-Host	993280	Device	Pinned	14	cudaMemcpyAsync_v3020	mul_mat_vec_q	k_get_rows_kq	no	no
1035799411	1035812051	Host-to-Device	262144	Pinned	Device	13	cudaMemcpyAsync_v3020	mul_mat_vec_q	k_get_rows_kq	no	yes
1039789136	1039828113	Device-to-Host	993280	Device	Pinned	14	cudaMemcpyAsync_v3020	mul_mat_vec_q	k_get_rows_kq	no	no
1040102323	1040114643	Host-to-Device	262144	Pinned	Device	13	cudaMemcpyAsync_v3020	mul_mat_vec_q	k_get_rows_kq	no	yes
1044247665	1044286642	Device-to-Host	993280	Device	Pinned	14	cudaMemcpyAsync_v3020	mul_mat_vec_q	k_get_rows_kq	no	no
1044557460	1044570548	Host-to-Device	262144	Pinned	Device	13	cudaMemcpyAsync_v3020	mul_mat_vec_q	k_get_rows_kq	no	yes
1048825971	1048864947	Device-to-Host	993280	Device	Pinned	14	cudaMemcpyAsync_v3020	mul_mat_vec_q	k_get_rows_kq	no	no
1049138965	1049151158	Host-to-Device	262144	Pinned	Device	13	cudaMemcpyAsync_v3020	mul_mat_vec_q	k_get_rows_kq	no	yes
1053124787	1053163731	Device-to-Host	993280	Device	Pinned	14	cudaMemcpyAsync_v3020	mul_mat_vec_q	k_get_rows_kq	no	no
1053423637	1053435925	Host-to-Device	262144	Pinned	Device	13	cudaMemcpyAsync_v3020	mul_mat_vec_q	k_get_rows_kq	no	yes
1057674453	1057713365	Device-to-Host	993280	Device	Pinned	14	cudaMemcpyAsync_v3020	mul_mat_vec_q	k_get_rows_kq	no	no
1057972951	1057985975	Host-to-Device	262144	Pinned	Device	13	cudaMemcpyAsync_v3020	mul_mat_vec_q	k_get_rows_kq	no	yes
1062228182	1062267287	Device-to-Host	993280	Device	Pinned	14	cudaMemcpyAsync_v3020	mul_mat_vec_q	k_get_rows_kq	no	no
1062526296	1062538585	Host-to-Device	262144	Pinned	Device	13	cudaMemcpyAsync_v3020	mul_mat_vec_q	k_get_rows_kq	no	yes
1066520854	1066559798	Device-to-Host	993280	Device	Pinned	14	cudaMemcpyAsync_v3020	mul_mat_vec_q	k_get_rows_kq	no	no
1066817752	1066829944	Host-to-Device	262144	Pinned	Device	13	cudaMemcpyAsync_v3020	mul_mat_vec_q	k_get_rows_kq	no	yes
1070964023	1071002967	Device-to-Host	993280	Device	Pinned	14	cudaMemcpyAsync_v3020	mul_mat_vec_q	k_get_rows_kq	no	no
1071258105	1071270393	Host-to-Device	262144	Pinned	Device	13	cudaMemcpyAsync_v3020	mul_mat_vec_q	k_get_rows_kq	no	yes
1075269975	1075309015	Device-to-Host	993280	Device	Pinned	14	cudaMemcpyAsync_v3020	mul_mat_vec_q	k_get_rows_kq	no	no
1075562585	1075574745	Host-to-Device	262144	Pinned	Device	13	cudaMemcpyAsync_v3020	mul_mat_vec_q	k_get_rows_kq	no	yes
1079818616	1079857593	Device-to-Host	993280	Device	Pinned	14	cudaMemcpyAsync_v3020	mul_mat_vec_q	k_get_rows_kq	no	no
1080111034	1080123227	Host-to-Device	262144	Pinned	Device	13	cudaMemcpyAsync_v3020	mul_mat_vec_q	k_get_rows_kq	no	yes
1084348826	1084387770	Device-to-Host	993280	Device	Pinned	14	cudaMemcpyAsync_v3020	mul_mat_vec_q	k_get_rows_kq	no	no
1084662268	1084674588	Host-to-Device	262144	Pinned	Device	13	cudaMemcpyAsync_v3020	mul_mat_vec_q	k_get_rows_kq	no	yes
1088677274	1088716282	Device-to-Host	993280	Device	Pinned	14	cudaMemcpyAsync_v3020	mul_mat_vec_q	k_get_rows_kq	no	no
1088979868	1088992220	Host-to-Device	262144	Pinned	Device	13	cudaMemcpyAsync_v3020	mul_mat_vec_q	k_get_rows_kq	no	yes
1093192923	1093231899	Device-to-Host	993280	Device	Pinned	14	cudaMemcpyAsync_v3020	mul_mat_vec_q	k_get_rows_kq	no	no
1093492605	1093504861	Host-to-Device	262144	Pinned	Device	13	cudaMemcpyAsync_v3020	mul_mat_vec_q	k_get_rows_kq	no	yes
1097808381	1097847390	Device-to-Host	993280	Device	Pinned	14	cudaMemcpyAsync_v3020	mul_mat_vec_q	k_get_rows_kq	no	no
1098108736	1098121024	Host-to-Device	262144	Pinned	Device	13	cudaMemcpyAsync_v3020	mul_mat_vec_q	k_get_rows_kq	no	yes
1102088189	1102127037	Device-to-Host	993280	Device	Pinned	14	cudaMemcpyAsync_v3020	mul_mat_vec_q	k_get_rows_kq	no	no
1102384735	1102396959	Host-to-Device	262144	Pinned	Device	13	cudaMemcpyAsync_v3020	mul_mat_vec_q	k_get_rows_kq	no	yes
1106664991	1106704031	Device-to-Host	993280	Device	Pinned	14	cudaMemcpyAsync_v3020	mul_mat_vec_q	k_get_rows_kq	no	no
1106966337	1106978657	Host-to-Device	262144	Pinned	Device	13	cudaMemcpyAsync_v3020	mul_mat_vec_q	k_get_rows_kq	no	yes
1111229025	1111269793	Device-to-Host	993280	Device	Pinned	14	cudaMemcpyAsync_v3020	mul_mat_vec_q	k_get_rows_kq	no	no
1111573603	1111586371	Host-to-Device	262144	Pinned	Device	13	cudaMemcpyAsync_v3020	mul_mat_vec_q	k_get_rows_kq	no	yes
1115565697	1115604705	Device-to-Host	993280	Device	Pinned	14	cudaMemcpyAsync_v3020	mul_mat_vec_q	k_get_rows_kq	no	no
1115861347	1115873859	Host-to-Device	262144	Pinned	Device	13	cudaMemcpyAsync_v3020	mul_mat_vec_q	k_get_rows_kq	no	yes
1120035490	1120074466	Device-to-Host	993280	Device	Pinned	14	cudaMemcpyAsync_v3020	mul_mat_vec_q	k_get_rows_kq	no	no
1120340740	1120353092	Host-to-Device	262144	Pinned	Device	13	cudaMemcpyAsync_v3020	mul_mat_vec_q	k_get_rows_kq	no	yes
1124357826	1124396802	Device-to-Host	993280	Device	Pinned	14	cudaMemcpyAsync_v3020	mul_mat_vec_q	k_get_rows_kq	no	no
1124654788	1124667460	Host-to-Device	262144	Pinned	Device	13	cudaMemcpyAsync_v3020	mul_mat_vec_q	k_get_rows_kq	no	yes
1128837859	1128876803	Device-to-Host	993280	Device	Pinned	14	cudaMemcpyAsync_v3020	mul_mat_vec_q	k_get_rows_kq	no	no
1129130757	1129143045	Host-to-Device	262144	Pinned	Device	13	cudaMemcpyAsync_v3020	mul_mat_vec_q	k_get_rows_kq	no	yes
1133960713	1133999817	Device-to-Host	993280	Device	Pinned	14	cudaMemcpyAsync_v3020	mul_mat_vec_q	k_get_rows_kq	no	no
1135945431	1135957751	Host-to-Device	262144	Pinned	Device	13	cudaMemcpyAsync_v3020	mul_mat_vec_q	k_get_rows_kq	no	yes
1140388664	1140427672	Device-to-Host	993280	Device	Pinned	14	cudaMemcpyAsync_v3020	mul_mat_vec_q	k_get_rows_kq	no	no
1140682490	1140694682	Host-to-Device	262144	Pinned	Device	13	cudaMemcpyAsync_v3020	mul_mat_vec_q	k_get_rows_kq	no	yes
1144699736	1144738680	Device-to-Host	993280	Device	Pinned	14	cudaMemcpyAsync_v3020	mul_mat_vec_q	k_get_rows_kq	no	no
1144992314	1145004474	Host-to-Device	262144	Pinned	Device	13	cudaMemcpyAsync_v3020	mul_mat_vec_q	k_get_rows_kq	no	yes
1149351770	1149390779	Device-to-Host	993280	Device	Pinned	14	cudaMemcpyAsync_v3020	mul_mat_vec_q	k_get_rows_kq	no	no
1149644829	1149657181	Host-to-Device	262144	Pinned	Device	13	cudaMemcpyAsync_v3020	mul_mat_vec_q	k_get_rows_kq	no	yes
1153913756	1153952732	Device-to-Host	993280	Device	Pinned	14	cudaMemcpyAsync_v3020	mul_mat_vec_q	k_get_rows_kq	no	no
1154207166	1154219358	Host-to-Device	262144	Pinned	Device	13	cudaMemcpyAsync_v3020	mul_mat_vec_q	k_get_rows_kq	no	yes
1158210492	1158249500	Device-to-Host	993280	Device	Pinned	14	cudaMemcpyAsync_v3020	mul_mat_vec_q	k_get_rows_kq	no	no
1158500414	1158512766	Host-to-Device	262144	Pinned	Device	13	cudaMemcpyAsync_v3020	mul_mat_vec_q	k_get_rows_kq	no	yes
1162706877	1162745853	Device-to-Host	993280	Device	Pinned	14	cudaMemcpyAsync_v3020	mul_mat_vec_q	k_get_rows_kq	no	no
1163002047	1163014751	Host-to-Device	262144	Pinned	Device	13	cudaMemcpyAsync_v3020	mul_mat_vec_q	k_get_rows_kq	no	yes
1167266783	1167305791	Device-to-Host	993280	Device	Pinned	14	cudaMemcpyAsync_v3020	mul_mat_vec_q	k_get_rows_kq	no	no
1167561761	1167574081	Host-to-Device	262144	Pinned	Device	13	cudaMemcpyAsync_v3020	mul_mat_vec_q	k_get_rows_kq	no	yes
1171549183	1171588159	Device-to-Host	993280	Device	Pinned	14	cudaMemcpyAsync_v3020	mul_mat_vec_q	k_get_rows_kq	no	no
1171843329	1171855809	Host-to-Device	262144	Pinned	Device	13	cudaMemcpyAsync_v3020	mul_mat_vec_q	k_get_rows_kq	no	yes
1176045632	1176084608	Device-to-Host	993280	Device	Pinned	14	cudaMemcpyAsync_v3020	mul_mat_vec_q	k_get_rows_kq	no	no
1176339138	1176351394	Host-to-Device	262144	Pinned	Device	13	cudaMemcpyAsync_v3020	mul_mat_vec_q	k_get_rows_kq	no	yes
1180560481	1180599457	Device-to-Host	993280	Device	Pinned	14	cudaMemcpyAsync_v3020	mul_mat_vec_q	k_get_rows_kq	no	no
1180853347	1180865859	Host-to-Device	262144	Pinned	Device	13	cudaMemcpyAsync_v3020	mul_mat_vec_q	k_get_rows_kq	no	yes
1184885857	1184924865	Device-to-Host	993280	Device	Pinned	14	cudaMemcpyAsync_v3020	mul_mat_vec_q	k_get_rows_kq	no	no
1185179619	1185191811	Host-to-Device	262144	Pinned	Device	13	cudaMemcpyAsync_v3020	mul_mat_vec_q	k_get_rows_kq	no	yes
1189418147	1189457123	Device-to-Host	993280	Device	Pinned	14	cudaMemcpyAsync_v3020	mul_mat_vec_q	k_get_rows_kq	no	no
1189709989	1189722309	Host-to-Device	262144	Pinned	Device	13	cudaMemcpyAsync_v3020	mul_mat_vec_q	k_get_rows_kq	no	yes
1193731427	1193770499	Device-to-Host	993280	Device	Pinned	14	cudaMemcpyAsync_v3020	mul_mat_vec_q	k_get_rows_kq	no	no
1194081253	1194093669	Host-to-Device	262144	Pinned	Device	13	cudaMemcpyAsync_v3020	mul_mat_vec_q	k_get_rows_kq	no	yes
1198070051	1198109027	Device-to-Host	993280	Device	Pinned	14	cudaMemcpyAsync_v3020	mul_mat_vec_q	k_get_rows_kq	no	no
1198361125	1198373477	Host-to-Device	262144	Pinned	Device	13	cudaMemcpyAsync_v3020	mul_mat_vec_q	k_get_rows_kq	no	yes
1202592996	1202632036	Device-to-Host	993280	Device	Pinned	14	cudaMemcpyAsync_v3020	mul_mat_vec_q	k_get_rows_kq	no	no
1202885638	1202898278	Host-to-Device	262144	Pinned	Device	13	cudaMemcpyAsync_v3020	mul_mat_vec_q	k_get_rows_kq	no	yes
1206895908	1206934916	Device-to-Host	993280	Device	Pinned	14	cudaMemcpyAsync_v3020	mul_mat_vec_q	k_get_rows_kq	no	no
1354122308	1354128484	Device-to-Host	125120	Device	Pageable	13	cudaMemcpyAsync_v3020	mul_mat_vec_q	k_get_rows_kq	no	no
1354149253	1354155557	Device-to-Host	125120	Device	Pageable	13	cudaMemcpyAsync_v3020	mul_mat_vec_q	k_get_rows_kq	no	no
1354173029	1354178597	Device-to-Host	125120	Device	Pageable	13	cudaMemcpyAsync_v3020	mul_mat_vec_q	k_get_rows_kq	no	no
1354194501	1354200293	Device-to-Host	125120	Device	Pageable	13	cudaMemcpyAsync_v3020	mul_mat_vec_q	k_get_rows_kq	no	no
1354220741	1354226597	Device-to-Host	125120	Device	Pageable	13	cudaMemcpyAsync_v3020	mul_mat_vec_q	k_get_rows_kq	no	no
1354240997	1354246757	Device-to-Host	125120	Device	Pageable	13	cudaMemcpyAsync_v3020	mul_mat_vec_q	k_get_rows_kq	no	no
1354260645	1354264005	Device-to-Host	66240	Device	Pageable	13	cudaMemcpyAsync_v3020	mul_mat_vec_q	k_get_rows_kq	no	no
1354274566	1354278182	Device-to-Host	66240	Device	Pageable	13	cudaMemcpyAsync_v3020	mul_mat_vec_q	k_get_rows_kq	no	no
1354288870	1354292230	Device-to-Host	66240	Device	Pageable	13	cudaMemcpyAsync_v3020	mul_mat_vec_q	k_get_rows_kq	no	no
1354303078	1354306662	Device-to-Host	66240	Device	Pageable	13	cudaMemcpyAsync_v3020	mul_mat_vec_q	k_get_rows_kq	no	no
1354317638	1354321350	Device-to-Host	66240	Device	Pageable	13	cudaMemcpyAsync_v3020	mul_mat_vec_q	k_get_rows_kq	no	no
1354332710	1354336038	Device-to-Host	66240	Device	Pageable	13	cudaMemcpyAsync_v3020	mul_mat_vec_q	k_get_rows_kq	no	no
1354346982	1354350534	Device-to-Host	73728	Device	Pageable	13	cudaMemcpyAsync_v3020	mul_mat_vec_q	k_get_rows_kq	no	yes
1354362470	1354366118	Device-to-Host	73728	Device	Pageable	13	cudaMemcpyAsync_v3020	mul_mat_vec_q	k_get_rows_kq	no	yes
1354376934	1354380518	Device-to-Host	73728	Device	Pageable	13	cudaMemcpyAsync_v3020	mul_mat_vec_q	k_get_rows_kq	no	yes
1354391334	1354395142	Device-to-Host	73728	Device	Pageable	13	cudaMemcpyAsync_v3020	mul_mat_vec_q	k_get_rows_kq	no	yes
1354406151	1354409799	Device-to-Host	73728	Device	Pageable	13	cudaMemcpyAsync_v3020	mul_mat_vec_q	k_get_rows_kq	no	yes
1354422119	1354425767	Device-to-Host	73728	Device	Pageable	13	cudaMemcpyAsync_v3020	mul_mat_vec_q	k_get_rows_kq	no	yes
1354437351	1354440935	Device-to-Host	73728	Device	Pageable	13	cudaMemcpyAsync_v3020	mul_mat_vec_q	k_get_rows_kq	no	yes
1354451623	1354455303	Device-to-Host	73728	Device	Pageable	13	cudaMemcpyAsync_v3020	mul_mat_vec_q	k_get_rows_kq	no	yes
1354466759	1354470343	Device-to-Host	73728	Device	Pageable	13	cudaMemcpyAsync_v3020	mul_mat_vec_q	k_get_rows_kq	no	yes
1354481351	1354484935	Device-to-Host	73728	Device	Pageable	13	cudaMemcpyAsync_v3020	mul_mat_vec_q	k_get_rows_kq	no	yes
1354496551	1354500103	Device-to-Host	73728	Device	Pageable	13	cudaMemcpyAsync_v3020	mul_mat_vec_q	k_get_rows_kq	no	yes
1354510951	1354514631	Device-to-Host	73728	Device	Pageable	13	cudaMemcpyAsync_v3020	mul_mat_vec_q	k_get_rows_kq	no	yes
1354525543	1354529127	Device-to-Host	73728	Device	Pageable	13	cudaMemcpyAsync_v3020	mul_mat_vec_q	k_get_rows_kq	no	yes
1354540104	1354544008	Device-to-Host	73728	Device	Pageable	13	cudaMemcpyAsync_v3020	mul_mat_vec_q	k_get_rows_kq	no	yes
1354554824	1354558408	Device-to-Host	73728	Device	Pageable	13	cudaMemcpyAsync_v3020	mul_mat_vec_q	k_get_rows_kq	no	yes
1354569160	1354572744	Device-to-Host	73728	Device	Pageable	13	cudaMemcpyAsync_v3020	mul_mat_vec_q	k_get_rows_kq	no	yes
1354583912	1354587464	Device-to-Host	73728	Device	Pageable	13	cudaMemcpyAsync_v3020	mul_mat_vec_q	k_get_rows_kq	no	yes
1354598440	1354602024	Device-to-Host	73728	Device	Pageable	13	cudaMemcpyAsync_v3020	mul_mat_vec_q	k_get_rows_kq	no	yes
1354613512	1354654088	Device-to-Host	1048576	Device	Pageable	13	cudaMemcpyAsync_v3020	mul_mat_vec_q	k_get_rows_kq	no	yes
1354727849	1354768553	Device-to-Host	1048576	Device	Pageable	13	cudaMemcpyAsync_v3020	mul_mat_vec_q	k_get_rows_kq	no	yes
1354848970	1354890122	Device-to-Host	1048576	Device	Pageable	13	cudaMemcpyAsync_v3020	mul_mat_vec_q	k_get_rows_kq	no	yes
1354961387	1355002187	Device-to-Host	1048576	Device	Pageable	13	cudaMemcpyAsync_v3020	mul_mat_vec_q	k_get_rows_kq	no	yes
1355064459	1355105196	Device-to-Host	1048576	Device	Pageable	13	cudaMemcpyAsync_v3020	mul_mat_vec_q	k_get_rows_kq	no	yes
1355167020	1355207564	Device-to-Host	1048576	Device	Pageable	13	cudaMemcpyAsync_v3020	mul_mat_vec_q	k_get_rows_kq	no	yes
1355268941	1355309677	Device-to-Host	1048576	Device	Pageable	13	cudaMemcpyAsync_v3020	mul_mat_vec_q	k_get_rows_kq	no	yes
1355369966	1355411118	Device-to-Host	1048576	Device	Pageable	13	cudaMemcpyAsync_v3020	mul_mat_vec_q	k_get_rows_kq	no	yes
1355472398	1355513135	Device-to-Host	1048576	Device	Pageable	13	cudaMemcpyAsync_v3020	mul_mat_vec_q	k_get_rows_kq	no	yes
1355574831	1355615407	Device-to-Host	1048576	Device	Pageable	13	cudaMemcpyAsync_v3020	mul_mat_vec_q	k_get_rows_kq	no	yes
1355675504	1355716208	Device-to-Host	1048576	Device	Pageable	13	cudaMemcpyAsync_v3020	mul_mat_vec_q	k_get_rows_kq	no	yes
1355778097	1355818737	Device-to-Host	1048576	Device	Pageable	13	cudaMemcpyAsync_v3020	mul_mat_vec_q	k_get_rows_kq	no	yes
1355878769	1355919570	Device-to-Host	1048576	Device	Pageable	13	cudaMemcpyAsync_v3020	mul_mat_vec_q	k_get_rows_kq	no	yes
1355982130	1356023058	Device-to-Host	1048576	Device	Pageable	13	cudaMemcpyAsync_v3020	mul_mat_vec_q	k_get_rows_kq	no	yes
1356084915	1356125779	Device-to-Host	1048576	Device	Pageable	13	cudaMemcpyAsync_v3020	mul_mat_vec_q	k_get_rows_kq	no	yes
1356187636	1356228180	Device-to-Host	1048576	Device	Pageable	13	cudaMemcpyAsync_v3020	mul_mat_vec_q	k_get_rows_kq	no	yes
1356289396	1356330229	Device-to-Host	1048576	Device	Pageable	13	cudaMemcpyAsync_v3020	mul_mat_vec_q	k_get_rows_kq	no	yes
1356391477	1356432053	Device-to-Host	1048576	Device	Pageable	13	cudaMemcpyAsync_v3020	mul_mat_vec_q	k_get_rows_kq	no	yes
1357255612	1357267900	Host-to-Device	262144	Pinned	Device	13	cudaMemcpyAsync_v3020	mul_mat_vec_q	k_get_rows_kq	no	yes
1366797378	1367303686	Host-to-Device	10027008	Pageable	Device	13	cudaMemcpyAsync_v3020	rms_norm_f32	im2col_kernel	no	yes
1367630376	1367640872	Device-to-Device	13369344	Device	Device	15	cudaMemcpyAsync_v3020	convert_unary	im2col_kernel	no	yes
1367753417	1367765609	Device-to-Device	13369344	Device	Device	15	cudaMemcpyAsync_v3020	convert_unary	k_bin_bcast	no	yes
1368115500	1368125260	Device-to-Device	13369344	Device	Device	15	cudaMemcpyAsync_v3020	cpy_scalar	cpy_scalar	no	yes
1446228781	1446799410	Device-to-Host	6684672	Device	Pageable	13	cudaMemcpyAsync_v3020	k_bin_bcast	rms_norm_f32	yes	yes
1449159235	1449338436	Host-to-Device	4194304	Pinned	Device	13	cudaMemcpyAsync_v3020	k_bin_bcast	rms_norm_f32	yes	yes
1449388933	1449404453	Host-to-Device	262144	Pinned	Device	13	cudaMemcpyAsync_v3020	k_bin_bcast	rms_norm_f32	no	yes
1449433093	1449470053	Host-to-Device	786432	Pinned	Device	13	cudaMemcpyAsync_v3020	k_bin_bcast	rms_norm_f32	no	yes
1478502716	1478607069	Host-to-Device	2490368	Pinned	Device	13	cudaMemcpyAsync_v3020	rms_norm_f32	rms_norm_f32	yes	yes
1478630749	1478644477	Host-to-Device	262144	Pinned	Device	13	cudaMemcpyAsync_v3020	rms_norm_f32	rms_norm_f32	no	yes
1478687005	1478716990	Host-to-Device	622592	Pinned	Device	13	cudaMemcpyAsync_v3020	rms_norm_f32	rms_norm_f32	no	yes
1498502512	1498515248	Host-to-Device	262144	Pinned	Device	13	cudaMemcpyAsync_v3020	rms_norm_f32	k_get_rows_kq	no	yes
1505863526	1505867686	Device-to-Host	73728	Device	Pageable	13	cudaMemcpyAsync_v3020	rms_norm_f32	k_get_rows_kq	no	yes
1505882374	1505886471	Device-to-Host	73728	Device	Pageable	13	cudaMemcpyAsync_v3020	rms_norm_f32	k_get_rows_kq	no	yes
1505916583	1505920263	Device-to-Host	73728	Device	Pageable	13	cudaMemcpyAsync_v3020	rms_norm_f32	k_get_rows_kq	no	yes
1505932775	1505936391	Device-to-Host	73728	Device	Pageable	13	cudaMemcpyAsync_v3020	rms_norm_f32	k_get_rows_kq	no	yes
1505947015	1505950631	Device-to-Host	73728	Device	Pageable	13	cudaMemcpyAsync_v3020	rms_norm_f32	k_get_rows_kq	no	yes
1505961895	1505965575	Device-to-Host	73728	Device	Pageable	13	cudaMemcpyAsync_v3020	rms_norm_f32	k_get_rows_kq	no	yes
1505976391	1505979975	Device-to-Host	73728	Device	Pageable	13	cudaMemcpyAsync_v3020	rms_norm_f32	k_get_rows_kq	no	yes
1506027528	1506031400	Device-to-Host	73728	Device	Pageable	13	cudaMemcpyAsync_v3020	rms_norm_f32	k_get_rows_kq	no	yes
1506042920	1506046536	Device-to-Host	73728	Device	Pageable	13	cudaMemcpyAsync_v3020	rms_norm_f32	k_get_rows_kq	no	yes
1506058312	1506061896	Device-to-Host	73728	Device	Pageable	13	cudaMemcpyAsync_v3020	rms_norm_f32	k_get_rows_kq	no	yes
1506095176	1506098824	Device-to-Host	73728	Device	Pageable	13	cudaMemcpyAsync_v3020	rms_norm_f32	k_get_rows_kq	no	yes
1506110888	1506114536	Device-to-Host	73728	Device	Pageable	13	cudaMemcpyAsync_v3020	rms_norm_f32	k_get_rows_kq	no	yes
1506125064	1506128648	Device-to-Host	73728	Device	Pageable	13	cudaMemcpyAsync_v3020	rms_norm_f32	k_get_rows_kq	no	yes
1506139400	1506142984	Device-to-Host	73728	Device	Pageable	13	cudaMemcpyAsync_v3020	rms_norm_f32	k_get_rows_kq	no	yes
1506153832	1506157417	Device-to-Host	73728	Device	Pageable	13	cudaMemcpyAsync_v3020	rms_norm_f32	k_get_rows_kq	no	yes
1506168905	1506172617	Device-to-Host	73728	Device	Pageable	13	cudaMemcpyAsync_v3020	rms_norm_f32	k_get_rows_kq	no	yes
1506184521	1506188233	Device-to-Host	73728	Device	Pageable	13	cudaMemcpyAsync_v3020	rms_norm_f32	k_get_rows_kq	no	yes
1506199753	1506203273	Device-to-Host	73728	Device	Pageable	13	cudaMemcpyAsync_v3020	rms_norm_f32	k_get_rows_kq	no	yes
1506214825	1506255625	Device-to-Host	1048576	Device	Pageable	13	cudaMemcpyAsync_v3020	rms_norm_f32	k_get_rows_kq	no	yes
1506379914	1506420746	Device-to-Host	1048576	Device	Pageable	13	cudaMemcpyAsync_v3020	rms_norm_f32	k_get_rows_kq	no	yes
1506496395	1506537035	Device-to-Host	1048576	Device	Pageable	13	cudaMemcpyAsync_v3020	rms_norm_f32	k_get_rows_kq	no	yes
1506607372	1506648236	Device-to-Host	1048576	Device	Pageable	13	cudaMemcpyAsync_v3020	rms_norm_f32	k_get_rows_kq	no	yes
1506716173	1506756749	Device-to-Host	1048576	Device	Pageable	13	cudaMemcpyAsync_v3020	rms_norm_f32	k_get_rows_kq	no	yes
1506824557	1506865294	Device-to-Host	1048576	Device	Pageable	13	cudaMemcpyAsync_v3020	rms_norm_f32	k_get_rows_kq	no	yes
1506935662	1506976367	Device-to-Host	1048576	Device	Pageable	13	cudaMemcpyAsync_v3020	rms_norm_f32	k_get_rows_kq	no	yes
1507040239	1507080943	Device-to-Host	1048576	Device	Pageable	13	cudaMemcpyAsync_v3020	rms_norm_f32	k_get_rows_kq	no	yes
1507141168	1507181744	Device-to-Host	1048576	Device	Pageable	13	cudaMemcpyAsync_v3020	rms_norm_f32	k_get_rows_kq	no	yes
1507244081	1507284945	Device-to-Host	1048576	Device	Pageable	13	cudaMemcpyAsync_v3020	rms_norm_f32	k_get_rows_kq	no	yes
1507346993	1507387570	Device-to-Host	1048576	Device	Pageable	13	cudaMemcpyAsync_v3020	rms_norm_f32	k_get_rows_kq	no	yes
1507451602	1507492466	Device-to-Host	1048576	Device	Pageable	13	cudaMemcpyAsync_v3020	rms_norm_f32	k_get_rows_kq	no	yes
1507555475	1507596051	Device-to-Host	1048576	Device	Pageable	13	cudaMemcpyAsync_v3020	rms_norm_f32	k_get_rows_kq	no	yes
1507658452	1507699284	Device-to-Host	1048576	Device	Pageable	13	cudaMemcpyAsync_v3020	rms_norm_f32	k_get_rows_kq	no	yes
1507761620	1507802229	Device-to-Host	1048576	Device	Pageable	13	cudaMemcpyAsync_v3020	rms_norm_f32	k_get_rows_kq	no	yes
1507863637	1507904405	Device-to-Host	1048576	Device	Pageable	13	cudaMemcpyAsync_v3020	rms_norm_f32	k_get_rows_kq	no	yes
1507996950	1508037590	Device-to-Host	1048576	Device	Pageable	13	cudaMemcpyAsync_v3020	rms_norm_f32	k_get_rows_kq	no	yes
1508098263	1508139063	Device-to-Host	1048576	Device	Pageable	13	cudaMemcpyAsync_v3020	rms_norm_f32	k_get_rows_kq	no	yes
1508827580	1508839868	Host-to-Device	262144	Pinned	Device	13	cudaMemcpyAsync_v3020	rms_norm_f32	k_get_rows_kq	no	yes
1514028003	1514067331	Device-to-Host	993280	Device	Pinned	14	cudaMemcpyAsync_v3020	mul_mat_vec_q	k_get_rows_kq	no	no
1515011306	1515023818	Host-to-Device	262144	Pinned	Device	13	cudaMemcpyAsync_v3020	mul_mat_vec_q	k_get_rows_kq	no	yes
1520348849	1520387826	Device-to-Host	993280	Device	Pinned	14	cudaMemcpyAsync_v3020	mul_mat_vec_q	k_get_rows_kq	no	no
1520673876	1520688756	Host-to-Device	262144	Pinned	Device	13	cudaMemcpyAsync_v3020	mul_mat_vec_q	k_get_rows_kq	no	yes
1528431181	1528470125	Device-to-Host	993280	Device	Pinned	14	cudaMemcpyAsync_v3020	mul_mat_vec_q	k_get_rows_kq	no	no
1528772944	1528785264	Host-to-Device	262144	Pinned	Device	13	cudaMemcpyAsync_v3020	mul_mat_vec_q	k_get_rows_kq	no	yes
1532766829	1532805806	Device-to-Host	993280	Device	Pinned	14	cudaMemcpyAsync_v3020	mul_mat_vec_q	k_get_rows_kq	no	no
1533087792	1533102832	Host-to-Device	262144	Pinned	Device	13	cudaMemcpyAsync_v3020	mul_mat_vec_q	k_get_rows_kq	no	yes
1537992052	1538031124	Device-to-Host	993280	Device	Pinned	14	cudaMemcpyAsync_v3020	mul_mat_vec_q	k_get_rows_kq	no	no
1539417214	1539429407	Host-to-Device	262144	Pinned	Device	13	cudaMemcpyAsync_v3020	mul_mat_vec_q	k_get_rows_kq	no	yes
1543873215	1543912224	Device-to-Host	993280	Device	Pinned	14	cudaMemcpyAsync_v3020	mul_mat_vec_q	k_get_rows_kq	no	no
1544169346	1544181698	Host-to-Device	262144	Pinned	Device	13	cudaMemcpyAsync_v3020	mul_mat_vec_q	k_get_rows_kq	no	yes
1548604130	1548643075	Device-to-Host	993280	Device	Pinned	14	cudaMemcpyAsync_v3020	mul_mat_vec_q	k_get_rows_kq	no	no
1548901829	1548914181	Host-to-Device	262144	Pinned	Device	13	cudaMemcpyAsync_v3020	mul_mat_vec_q	k_get_rows_kq	no	yes
1552892674	1552931682	Device-to-Host	993280	Device	Pinned	14	cudaMemcpyAsync_v3020	mul_mat_vec_q	k_get_rows_kq	no	no
1553187044	1553199236	Host-to-Device	262144	Pinned	Device	13	cudaMemcpyAsync_v3020	mul_mat_vec_q	k_get_rows_kq	no	yes
1557440292	1557479300	Device-to-Host	993280	Device	Pinned	14	cudaMemcpyAsync_v3020	mul_mat_vec_q	k_get_rows_kq	no	no
1557733478	1557745766	Host-to-Device	262144	Pinned	Device	13	cudaMemcpyAsync_v3020	mul_mat_vec_q	k_get_rows_kq	no	yes
1561762628	1561801604	Device-to-Host	993280	Device	Pinned	14	cudaMemcpyAsync_v3020	mul_mat_vec_q	k_get_rows_kq	no	no
1562110406	1562122566	Host-to-Device	262144	Pinned	Device	13	cudaMemcpyAsync_v3020	mul_mat_vec_q	k_get_rows_kq	no	yes
1566110564	1566149572	Device-to-Host	993280	Device	Pinned	14	cudaMemcpyAsync_v3020	mul_mat_vec_q	k_get_rows_kq	no	no
1566402726	1566414950	Host-to-Device	262144	Pinned	Device	13	cudaMemcpyAsync_v3020	mul_mat_vec_q	k_get_rows_kq	no	yes
1570625413	1570664389	Device-to-Host	993280	Device	Pinned	14	cudaMemcpyAsync_v3020	mul_mat_vec_q	k_get_rows_kq	no	no
1570922599	1570934791	Host-to-Device	262144	Pinned	Device	13	cudaMemcpyAsync_v3020	mul_mat_vec_q	k_get_rows_kq	no	yes
1574934437	1574973477	Device-to-Host	993280	Device	Pinned	14	cudaMemcpyAsync_v3020	mul_mat_vec_q	k_get_rows_kq	no	no
1575227943	1575240775	Host-to-Device	262144	Pinned	Device	13	cudaMemcpyAsync_v3020	mul_mat_vec_q	k_get_rows_kq	no	yes
1579397062	1579436070	Device-to-Host	993280	Device	Pinned	14	cudaMemcpyAsync_v3020	mul_mat_vec_q	k_get_rows_kq	no	no
1579689736	1579701992	Host-to-Device	262144	Pinned	Device	13	cudaMemcpyAsync_v3020	mul_mat_vec_q	k_get_rows_kq	no	yes
1583960040	1583999144	Device-to-Host	993280	Device	Pinned	14	cudaMemcpyAsync_v3020	mul_mat_vec_q	k_get_rows_kq	no	no
1584258314	1584270666	Host-to-Device	262144	Pinned	Device	13	cudaMemcpyAsync_v3020	mul_mat_vec_q	k_get_rows_kq	no	yes
1588250631	1588289608	Device-to-Host	993280	Device	Pinned	14	cudaMemcpyAsync_v3020	mul_mat_vec_q	k_get_rows_kq	no	no
1588548778	1588561386	Host-to-Device	262144	Pinned	Device	13	cudaMemcpyAsync_v3020	mul_mat_vec_q	k_get_rows_kq	no	yes
1592754217	1592793225	Device-to-Host	993280	Device	Pinned	14	cudaMemcpyAsync_v3020	mul_mat_vec_q	k_get_rows_kq	no	no
1593049387	1593061739	Host-to-Device	262144	Pinned	Device	13	cudaMemcpyAsync_v3020	mul_mat_vec_q	k_get_rows_kq	no	yes
1597305930	1597344779	Device-to-Host	993280	Device	Pinned	14	cudaMemcpyAsync_v3020	mul_mat_vec_q	k_get_rows_kq	no	no
1597601453	1597613645	Host-to-Device	262144	Pinned	Device	13	cudaMemcpyAsync_v3020	mul_mat_vec_q	k_get_rows_kq	no	yes
1601605514	1601644491	Device-to-Host	993280	Device	Pinned	14	cudaMemcpyAsync_v3020	mul_mat_vec_q	k_get_rows_kq	no	no
1601897580	1601910220	Host-to-Device	262144	Pinned	Device	13	cudaMemcpyAsync_v3020	mul_mat_vec_q	k_get_rows_kq	no	yes
1606113420	1606152396	Device-to-Host	993280	Device	Pinned	14	cudaMemcpyAsync_v3020	mul_mat_vec_q	k_get_rows_kq	no	no
1606404878	1606417262	Host-to-Device	262144	Pinned	Device	13	cudaMemcpyAsync_v3020	mul_mat_vec_q	k_get_rows_kq	no	yes
1610449068	1610488044	Device-to-Host	993280	Device	Pinned	14	cudaMemcpyAsync_v3020	mul_mat_vec_q	k_get_rows_kq	no	no
1610792366	1610804654	Host-to-Device	262144	Pinned	Device	13	cudaMemcpyAsync_v3020	mul_mat_vec_q	k_get_rows_kq	no	yes
1614788812	1614827788	Device-to-Host	993280	Device	Pinned	14	cudaMemcpyAsync_v3020	mul_mat_vec_q	k_get_rows_kq	no	no
1615081710	1615094478	Host-to-Device	262144	Pinned	Device	13	cudaMemcpyAsync_v3020	mul_mat_vec_q	k_get_rows_kq	no	yes
1619346669	1619385646	Device-to-Host	993280	Device	Pinned	14	cudaMemcpyAsync_v3020	mul_mat_vec_q	k_get_rows_kq	no	no
1619642128	1619654416	Host-to-Device	262144	Pinned	Device	13	cudaMemcpyAsync_v3020	mul_mat_vec_q	k_get_rows_kq	no	yes
1623658765	1623697774	Device-to-Host	993280	Device	Pinned	14	cudaMemcpyAsync_v3020	mul_mat_vec_q	k_get_rows_kq	no	no
1623954607	1623966992	Host-to-Device	262144	Pinned	Device	13	cudaMemcpyAsync_v3020	mul_mat_vec_q	k_get_rows_kq	no	yes
1628158255	1628197231	Device-to-Host	993280	Device	Pinned	14	cudaMemcpyAsync_v3020	mul_mat_vec_q	k_get_rows_kq	no	no
1628450993	1628463249	Host-to-Device	262144	Pinned	Device	13	cudaMemcpyAsync_v3020	mul_mat_vec_q	k_get_rows_kq	no	yes
1632464206	1632503247	Device-to-Host	993280	Device	Pinned	14	cudaMemcpyAsync_v3020	mul_mat_vec_q	k_get_rows_kq	no	no
1632759153	1632775921	Host-to-Device	262144	Pinned	Device	13	cudaMemcpyAsync_v3020	mul_mat_vec_q	k_get_rows_kq	no	yes
1638025272	1638064376	Device-to-Host	993280	Device	Pinned	14	cudaMemcpyAsync_v3020	mul_mat_vec_q	k_get_rows_kq	no	no
1639757220	1639769412	Host-to-Device	262144	Pinned	Device	13	cudaMemcpyAsync_v3020	mul_mat_vec_q	k_get_rows_kq	no	yes
1643799970	1643838946	Device-to-Host	993280	Device	Pinned	14	cudaMemcpyAsync_v3020	mul_mat_vec_q	k_get_rows_kq	no	no
1644096292	1644108644	Host-to-Device	262144	Pinned	Device	13	cudaMemcpyAsync_v3020	mul_mat_vec_q	k_get_rows_kq	no	yes
1648498117	1648537093	Device-to-Host	993280	Device	Pinned	14	cudaMemcpyAsync_v3020	mul_mat_vec_q	k_get_rows_kq	no	no
1648791463	1648803591	Host-to-Device	262144	Pinned	Device	13	cudaMemcpyAsync_v3020	mul_mat_vec_q	k_get_rows_kq	no	yes
1653065191	1653104327	Device-to-Host	993280	Device	Pinned	14	cudaMemcpyAsync_v3020	mul_mat_vec_q	k_get_rows_kq	no	no
1653410601	1653423177	Host-to-Device	262144	Pinned	Device	13	cudaMemcpyAsync_v3020	mul_mat_vec_q	k_get_rows_kq	no	yes
1657405415	1657444327	Device-to-Host	993280	Device	Pinned	14	cudaMemcpyAsync_v3020	mul_mat_vec_q	k_get_rows_kq	no	no
1657698537	1657710921	Host-to-Device	262144	Pinned	Device	13	cudaMemcpyAsync_v3020	mul_mat_vec_q	k_get_rows_kq	no	yes
1661935944	1661975017	Device-to-Host	993280	Device	Pinned	14	cudaMemcpyAsync_v3020	mul_mat_vec_q	k_get_rows_kq	no	no
1662233642	1662245867	Host-to-Device	262144	Pinned	Device	13	cudaMemcpyAsync_v3020	mul_mat_vec_q	k_get_rows_kq	no	yes
1666270792	1666310057	Device-to-Host	993280	Device	Pinned	14	cudaMemcpyAsync_v3020	mul_mat_vec_q	k_get_rows_kq	no	no
1666616779	1666629323	Host-to-Device	262144	Pinned	Device	13	cudaMemcpyAsync_v3020	mul_mat_vec_q	k_get_rows_kq	no	yes
1670606440	1670645513	Device-to-Host	993280	Device	Pinned	14	cudaMemcpyAsync_v3020	mul_mat_vec_q	k_get_rows_kq	no	no
1670902987	1670915339	Host-to-Device	262144	Pinned	Device	13	cudaMemcpyAsync_v3020	mul_mat_vec_q	k_get_rows_kq	no	yes
1675032201	1675071177	Device-to-Host	993280	Device	Pinned	14	cudaMemcpyAsync_v3020	mul_mat_vec_q	k_get_rows_kq	no	no
1675326379	1675338859	Host-to-Device	262144	Pinned	Device	13	cudaMemcpyAsync_v3020	mul_mat_vec_q	k_get_rows_kq	no	yes
1679362729	1679401737	Device-to-Host	993280	Device	Pinned	14	cudaMemcpyAsync_v3020	mul_mat_vec_q	k_get_rows_kq	no	no
1679655403	1679667787	Host-to-Device	262144	Pinned	Device	13	cudaMemcpyAsync_v3020	mul_mat_vec_q	k_get_rows_kq	no	yes
1683807946	1683846858	Device-to-Host	993280	Device	Pinned	14	cudaMemcpyAsync_v3020	mul_mat_vec_q	k_get_rows_kq	no	no
1684106860	1684119308	Host-to-Device	262144	Pinned	Device	13	cudaMemcpyAsync_v3020	mul_mat_vec_q	k_get_rows_kq	no	yes
1688289003	1688328011	Device-to-Host	993280	Device	Pinned	14	cudaMemcpyAsync_v3020	mul_mat_vec_q	k_get_rows_kq	no	no
1688584621	1688597101	Host-to-Device	262144	Pinned	Device	13	cudaMemcpyAsync_v3020	mul_mat_vec_q	k_get_rows_kq	no	yes
1692612363	1692651403	Device-to-Host	993280	Device	Pinned	14	cudaMemcpyAsync_v3020	mul_mat_vec_q	k_get_rows_kq	no	no
1692913709	1692927501	Host-to-Device	262144	Pinned	Device	13	cudaMemcpyAsync_v3020	mul_mat_vec_q	k_get_rows_kq	no	yes
1697140525	1697179501	Device-to-Host	993280	Device	Pinned	14	cudaMemcpyAsync_v3020	mul_mat_vec_q	k_get_rows_kq	no	no
1697441519	1697455055	Host-to-Device	262144	Pinned	Device	13	cudaMemcpyAsync_v3020	mul_mat_vec_q	k_get_rows_kq	no	yes
1701773135	1701812079	Device-to-Host	993280	Device	Pinned	14	cudaMemcpyAsync_v3020	mul_mat_vec_q	k_get_rows_kq	no	no
1702071889	1702086577	Host-to-Device	262144	Pinned	Device	13	cudaMemcpyAsync_v3020	mul_mat_vec_q	k_get_rows_kq	no	yes
1706061039	1706099887	Device-to-Host	993280	Device	Pinned	14	cudaMemcpyAsync_v3020	mul_mat_vec_q	k_get_rows_kq	no	no
1706356145	1706368817	Host-to-Device	262144	Pinned	Device	13	cudaMemcpyAsync_v3020	mul_mat_vec_q	k_get_rows_kq	no	yes
1710513039	1710551984	Device-to-Host	993280	Device	Pinned	14	cudaMemcpyAsync_v3020	mul_mat_vec_q	k_get_rows_kq	no	no
1710806034	1710818194	Host-to-Device	262144	Pinned	Device	13	cudaMemcpyAsync_v3020	mul_mat_vec_q	k_get_rows_kq	no	yes
1714818767	1714857840	Device-to-Host	993280	Device	Pinned	14	cudaMemcpyAsync_v3020	mul_mat_vec_q	k_get_rows_kq	no	no
1715174418	1715186930	Host-to-Device	262144	Pinned	Device	13	cudaMemcpyAsync_v3020	mul_mat_vec_q	k_get_rows_kq	no	yes
1719191504	1719230416	Device-to-Host	993280	Device	Pinned	14	cudaMemcpyAsync_v3020	mul_mat_vec_q	k_get_rows_kq	no	no
1719504786	1719517746	Host-to-Device	262144	Pinned	Device	13	cudaMemcpyAsync_v3020	mul_mat_vec_q	k_get_rows_kq	no	yes
1723814898	1723853842	Device-to-Host	993280	Device	Pinned	14	cudaMemcpyAsync_v3020	mul_mat_vec_q	k_get_rows_kq	no	no
1724122900	1724135348	Host-to-Device	262144	Pinned	Device	13	cudaMemcpyAsync_v3020	mul_mat_vec_q	k_get_rows_kq	no	yes
1728164338	1728203314	Device-to-Host	993280	Device	Pinned	14	cudaMemcpyAsync_v3020	mul_mat_vec_q	k_get_rows_kq	no	no
1728472692	1728485108	Host-to-Device	262144	Pinned	Device	13	cudaMemcpyAsync_v3020	mul_mat_vec_q	k_get_rows_kq	no	yes
1733695259	1733734331	Device-to-Host	993280	Device	Pinned	14	cudaMemcpyAsync_v3020	mul_mat_vec_q	k_get_rows_kq	no	no
1882903434	1882923370	Device-to-Host	483616	Device	Pageable	13	cudaMemcpyAsync_v3020	mul_mat_vec_q	k_get_rows_kq	no	no
1882970539	1882990411	Device-to-Host	483616	Device	Pageable	13	cudaMemcpyAsync_v3020	mul_mat_vec_q	k_get_rows_kq	no	no
1883033067	1883052683	Device-to-Host	483616	Device	Pageable	13	cudaMemcpyAsync_v3020	mul_mat_vec_q	k_get_rows_kq	no	no
1883091819	1883111532	Device-to-Host	483616	Device	Pageable	13	cudaMemcpyAsync_v3020	mul_mat_vec_q	k_get_rows_kq	no	no
1883146508	1883166092	Device-to-Host	483616	Device	Pageable	13	cudaMemcpyAsync_v3020	mul_mat_vec_q	k_get_rows_kq	no	no
1883199820	1883219500	Device-to-Host	483616	Device	Pageable	13	cudaMemcpyAsync_v3020	mul_mat_vec_q	k_get_rows_kq	no	no
1883253357	1883264173	Device-to-Host	256032	Device	Pageable	13	cudaMemcpyAsync_v3020	mul_mat_vec_q	k_get_rows_kq	no	no
1883285325	1883296141	Device-to-Host	256032	Device	Pageable	13	cudaMemcpyAsync_v3020	mul_mat_vec_q	k_get_rows_kq	no	no
1883328717	1883339405	Device-to-Host	256032	Device	Pageable	13	cudaMemcpyAsync_v3020	mul_mat_vec_q	k_get_rows_kq	no	no
1883361101	1883371918	Device-to-Host	256032	Device	Pageable	13	cudaMemcpyAsync_v3020	mul_mat_vec_q	k_get_rows_kq	no	no
1883392814	1883403566	Device-to-Host	256032	Device	Pageable	13	cudaMemcpyAsync_v3020	mul_mat_vec_q	k_get_rows_kq	no	no
1883424750	1883435502	Device-to-Host	256032	Device	Pageable	13	cudaMemcpyAsync_v3020	mul_mat_vec_q	k_get_rows_kq	no	no
1883457326	1883460942	Device-to-Host	73728	Device	Pageable	13	cudaMemcpyAsync_v3020	mul_mat_vec_q	k_get_rows_kq	no	yes
1883473326	1883476974	Device-to-Host	73728	Device	Pageable	13	cudaMemcpyAsync_v3020	mul_mat_vec_q	k_get_rows_kq	no	yes
1883487662	1883491246	Device-to-Host	73728	Device	Pageable	13	cudaMemcpyAsync_v3020	mul_mat_vec_q	k_get_rows_kq	no	yes
1883502286	1883505871	Device-to-Host	73728	Device	Pageable	13	cudaMemcpyAsync_v3020	mul_mat_vec_q	k_get_rows_kq	no	yes
1883516847	1883520463	Device-to-Host	73728	Device	Pageable	13	cudaMemcpyAsync_v3020	mul_mat_vec_q	k_get_rows_kq	no	yes
1883531439	1883535119	Device-to-Host	73728	Device	Pageable	13	cudaMemcpyAsync_v3020	mul_mat_vec_q	k_get_rows_kq	no	yes
1883546511	1883550095	Device-to-Host	73728	Device	Pageable	13	cudaMemcpyAsync_v3020	mul_mat_vec_q	k_get_rows_kq	no	yes
1883561167	1883564783	Device-to-Host	73728	Device	Pageable	13	cudaMemcpyAsync_v3020	mul_mat_vec_q	k_get_rows_kq	no	yes
1883575535	1883579119	Device-to-Host	73728	Device	Pageable	13	cudaMemcpyAsync_v3020	mul_mat_vec_q	k_get_rows_kq	no	yes
1883590031	1883593615	Device-to-Host	73728	Device	Pageable	13	cudaMemcpyAsync_v3020	mul_mat_vec_q	k_get_rows_kq	no	yes
1883604303	1883607887	Device-to-Host	73728	Device	Pageable	13	cudaMemcpyAsync_v3020	mul_mat_vec_q	k_get_rows_kq	no	yes
1883618927	1883622543	Device-to-Host	73728	Device	Pageable	13	cudaMemcpyAsync_v3020	mul_mat_vec_q	k_get_rows_kq	no	yes
1883633199	1883636783	Device-to-Host	73728	Device	Pageable	13	cudaMemcpyAsync_v3020	mul_mat_vec_q	k_get_rows_kq	no	yes
1883647856	1883651568	Device-to-Host	73728	Device	Pageable	13	cudaMemcpyAsync_v3020	mul_mat_vec_q	k_get_rows_kq	no	yes
1883662832	1883666384	Device-to-Host	73728	Device	Pageable	13	cudaMemcpyAsync_v3020	mul_mat_vec_q	k_get_rows_kq	no	yes
1883677008	1883680752	Device-to-Host	73728	Device	Pageable	13	cudaMemcpyAsync_v3020	mul_mat_vec_q	k_get_rows_kq	no	yes
1883691120	1883694704	Device-to-Host	73728	Device	Pageable	13	cudaMemcpyAsync_v3020	mul_mat_vec_q	k_get_rows_kq	no	yes
1883705552	1883709488	Device-to-Host	73728	Device	Pageable	13	cudaMemcpyAsync_v3020	mul_mat_vec_q	k_get_rows_kq	no	yes
1883720848	1883761456	Device-to-Host	1048576	Device	Pageable	13	cudaMemcpyAsync_v3020	mul_mat_vec_q	k_get_rows_kq	no	yes
1883827153	1883867889	Device-to-Host	1048576	Device	Pageable	13	cudaMemcpyAsync_v3020	mul_mat_vec_q	k_get_rows_kq	no	yes
1883942034	1883982674	Device-to-Host	1048576	Device	Pageable	13	cudaMemcpyAsync_v3020	mul_mat_vec_q	k_get_rows_kq	no	yes
1884051923	1884092723	Device-to-Host	1048576	Device	Pageable	13	cudaMemcpyAsync_v3020	mul_mat_vec_q	k_get_rows_kq	no	yes
1884162835	1884203444	Device-to-Host	1048576	Device	Pageable	13	cudaMemcpyAsync_v3020	mul_mat_vec_q	k_get_rows_kq	no	yes
1884268212	1884308980	Device-to-Host	1048576	Device	Pageable	13	cudaMemcpyAsync_v3020	mul_mat_vec_q	k_get_rows_kq	no	yes
1884380309	1884420917	Device-to-Host	1048576	Device	Pageable	13	cudaMemcpyAsync_v3020	mul_mat_vec_q	k_get_rows_kq	no	yes
1884503830	1884544534	Device-to-Host	1048576	Device	Pageable	13	cudaMemcpyAsync_v3020	mul_mat_vec_q	k_get_rows_kq	no	yes
1884616631	1884657239	Device-to-Host	1048576	Device	Pageable	13	cudaMemcpyAsync_v3020	mul_mat_vec_q	k_get_rows_kq	no	yes
1884720599	1884761432	Device-to-Host	1048576	Device	Pageable	13	cudaMemcpyAsync_v3020	mul_mat_vec_q	k_get_rows_kq	no	yes
1884830968	1884871641	Device-to-Host	1048576	Device	Pageable	13	cudaMemcpyAsync_v3020	mul_mat_vec_q	k_get_rows_kq	no	yes
1884940025	1884980889	Device-to-Host	1048576	Device	Pageable	13	cudaMemcpyAsync_v3020	mul_mat_vec_q	k_get_rows_kq	no	yes
1885049850	1885090458	Device-to-Host	1048576	Device	Pageable	13	cudaMemcpyAsync_v3020	mul_mat_vec_q	k_get_rows_kq	no	yes
1885153115	1885193915	Device-to-Host	1048576	Device	Pageable	13	cudaMemcpyAsync_v3020	mul_mat_vec_q	k_get_rows_kq	no	yes
1885255515	1885296092	Device-to-Host	1048576	Device	Pageable	13	cudaMemcpyAsync_v3020	mul_mat_vec_q	k_get_rows_kq	no	yes
1885359484	1885400573	Device-to-Host	1048576	Device	Pageable	13	cudaMemcpyAsync_v3020	mul_mat_vec_q	k_get_rows_kq	no	yes
1885462909	1885503517	Device-to-Host	1048576	Device	Pageable	13	cudaMemcpyAsync_v3020	mul_mat_vec_q	k_get_rows_kq	no	yes
1885568862	1885609630	Device-to-Host	1048576	Device	Pageable	13	cudaMemcpyAsync_v3020	mul_mat_vec_q	k_get_rows_kq	no	yes
1886601221	1886613573	Host-to-Device	262144	Pinned	Device	13	cudaMemcpyAsync_v3020	mul_mat_vec_q	k_get_rows_kq	no	yes
1895682313	1896169932	Host-to-Device	10027008	Pageable	Device	13	cudaMemcpyAsync_v3020	rms_norm_f32	rms_norm_f32	no	yes
1978595824	1979150772	Device-to-Host	6684672	Device	Pageable	13	cudaMemcpyAsync_v3020	rms_norm_f32	rms_norm_f32	yes	yes
1981709447	1981891880	Host-to-Device	4194304	Pinned	Device	13	cudaMemcpyAsync_v3020	rms_norm_f32	rms_norm_f32	yes	yes
1981921768	1981935272	Host-to-Device	262144	Pinned	Device	13	cudaMemcpyAsync_v3020	rms_norm_f32	rms_norm_f32	no	yes
1981964521	1982001929	Host-to-Device	786432	Pinned	Device	13	cudaMemcpyAsync_v3020	rms_norm_f32	rms_norm_f32	no	yes
2010601789	2010705310	Host-to-Device	2490368	Pinned	Device	13	cudaMemcpyAsync_v3020	rms_norm_f32	rms_norm_f32	yes	yes
2010729630	2010742975	Host-to-Device	262144	Pinned	Device	13	cudaMemcpyAsync_v3020	rms_norm_f32	rms_norm_f32	no	yes
2010771487	2010801215	Host-to-Device	622592	Pinned	Device	13	cudaMemcpyAsync_v3020	rms_norm_f32	rms_norm_f32	no	yes
2033157925	2033170117	Host-to-Device	262144	Pinned	Device	13	cudaMemcpyAsync_v3020	rms_norm_f32	k_get_rows_kq	no	yes
2039629557	2039961144	Host-to-Device	7004160	Pageable	Device	13	cudaMemcpyAsync_v3020	rms_norm_f32	im2col_kernel	no	yes
2040158617	2040165625	Device-to-Device	9338880	Device	Device	15	cudaMemcpyAsync_v3020	convert_unary	im2col_kernel	no	yes
2040244570	2040251578	Device-to-Device	9338880	Device	Device	15	cudaMemcpyAsync_v3020	convert_unary	k_bin_bcast	no	yes
2040473467	2040480540	Device-to-Device	9338880	Device	Device	15	cudaMemcpyAsync_v3020	cpy_scalar	cpy_scalar	no	yes
2080305667	2080653670	Device-to-Host	4669440	Device	Pageable	13	cudaMemcpyAsync_v3020	k_bin_bcast	rms_norm_f32	yes	yes
2082837430	2083016152	Host-to-Device	4194304	Pinned	Device	13	cudaMemcpyAsync_v3020	k_bin_bcast	rms_norm_f32	yes	yes
2083135512	2083148569	Host-to-Device	262144	Pinned	Device	13	cudaMemcpyAsync_v3020	k_bin_bcast	rms_norm_f32	no	yes
2083177369	2083250201	Host-to-Device	1572864	Pinned	Device	13	cudaMemcpyAsync_v3020	k_bin_bcast	rms_norm_f32	no	yes
2112455698	2112501107	Host-to-Device	475136	Pinned	Device	13	cudaMemcpyAsync_v3020	rms_norm_f32	rms_norm_f32	yes	yes
2112525235	2112541139	Host-to-Device	262144	Pinned	Device	13	cudaMemcpyAsync_v3020	rms_norm_f32	rms_norm_f32	no	yes
2112570451	2112579891	Host-to-Device	178176	Pinned	Device	13	cudaMemcpyAsync_v3020	rms_norm_f32	rms_norm_f32	no	no
2120212908	2120225132	Host-to-Device	262144	Pinned	Device	13	cudaMemcpyAsync_v3020	rms_norm_f32	k_get_rows_kq	no	yes
2126346714	2126370874	Device-to-Host	73728	Device	Pageable	13	cudaMemcpyAsync_v3020	rms_norm_f32	k_get_rows_kq	no	yes
2126459002	2126499739	Device-to-Host	73728	Device	Pageable	13	cudaMemcpyAsync_v3020	rms_norm_f32	k_get_rows_kq	no	yes
2126566395	2126569979	Device-to-Host	73728	Device	Pageable	13	cudaMemcpyAsync_v3020	rms_norm_f32	k_get_rows_kq	no	yes
2126582331	2126586171	Device-to-Host	73728	Device	Pageable	13	cudaMemcpyAsync_v3020	rms_norm_f32	k_get_rows_kq	no	yes
2126606780	2126647804	Device-to-Host	73728	Device	Pageable	13	cudaMemcpyAsync_v3020	rms_norm_f32	k_get_rows_kq	no	yes
2126707356	2126725340	Device-to-Host	73728	Device	Pageable	13	cudaMemcpyAsync_v3020	rms_norm_f32	k_get_rows_kq	no	yes
2126801661	2126840029	Device-to-Host	73728	Device	Pageable	13	cudaMemcpyAsync_v3020	rms_norm_f32	k_get_rows_kq	no	yes
2126918782	2126972414	Device-to-Host	73728	Device	Pageable	13	cudaMemcpyAsync_v3020	rms_norm_f32	k_get_rows_kq	no	yes
2127046239	2127087359	Device-to-Host	73728	Device	Pageable	13	cudaMemcpyAsync_v3020	rms_norm_f32	k_get_rows_kq	no	yes
2127099615	2127103167	Device-to-Host	73728	Device	Pageable	13	cudaMemcpyAsync_v3020	rms_norm_f32	k_get_rows_kq	no	yes
2127115711	2127119295	Device-to-Host	73728	Device	Pageable	13	cudaMemcpyAsync_v3020	rms_norm_f32	k_get_rows_kq	no	yes
2127131327	2127134975	Device-to-Host	73728	Device	Pageable	13	cudaMemcpyAsync_v3020	rms_norm_f32	k_get_rows_kq	no	yes
2127146080	2127149728	Device-to-Host	73728	Device	Pageable	13	cudaMemcpyAsync_v3020	rms_norm_f32	k_get_rows_kq	no	yes
2127161856	2127165472	Device-to-Host	73728	Device	Pageable	13	cudaMemcpyAsync_v3020	rms_norm_f32	k_get_rows_kq	no	yes
2127176896	2127180640	Device-to-Host	73728	Device	Pageable	13	cudaMemcpyAsync_v3020	rms_norm_f32	k_get_rows_kq	no	yes
2127191712	2127195552	Device-to-Host	73728	Device	Pageable	13	cudaMemcpyAsync_v3020	rms_norm_f32	k_get_rows_kq	no	yes
2127206880	2127210464	Device-to-Host	73728	Device	Pageable	13	cudaMemcpyAsync_v3020	rms_norm_f32	k_get_rows_kq	no	yes
2127222688	2127226400	Device-to-Host	73728	Device	Pageable	13	cudaMemcpyAsync_v3020	rms_norm_f32	k_get_rows_kq	no	yes
2127237920	2127278593	Device-to-Host	1048576	Device	Pageable	13	cudaMemcpyAsync_v3020	rms_norm_f32	k_get_rows_kq	no	yes
2127368609	2127409377	Device-to-Host	1048576	Device	Pageable	13	cudaMemcpyAsync_v3020	rms_norm_f32	k_get_rows_kq	no	yes
2127518370	2127648419	Device-to-Host	1048576	Device	Pageable	13	cudaMemcpyAsync_v3020	rms_norm_f32	k_get_rows_kq	no	yes
2127800996	2127946725	Device-to-Host	1048576	Device	Pageable	13	cudaMemcpyAsync_v3020	rms_norm_f32	k_get_rows_kq	no	yes
2128064710	2128153703	Device-to-Host	1048576	Device	Pageable	13	cudaMemcpyAsync_v3020	rms_norm_f32	k_get_rows_kq	no	yes
2128323496	2128388297	Device-to-Host	1048576	Device	Pageable	13	cudaMemcpyAsync_v3020	rms_norm_f32	k_get_rows_kq	no	yes
2128450985	2128493034	Device-to-Host	1048576	Device	Pageable	13	cudaMemcpyAsync_v3020	rms_norm_f32	k_get_rows_kq	no	yes
2128563818	2128604906	Device-to-Host	1048576	Device	Pageable	13	cudaMemcpyAsync_v3020	rms_norm_f32	k_get_rows_kq	no	yes
2128665675	2128706347	Device-to-Host	1048576	Device	Pageable	13	cudaMemcpyAsync_v3020	rms_norm_f32	k_get_rows_kq	no	yes
2128767980	2128808684	Device-to-Host	1048576	Device	Pageable	13	cudaMemcpyAsync_v3020	rms_norm_f32	k_get_rows_kq	no	yes
2128871020	2128911629	Device-to-Host	1048576	Device	Pageable	13	cudaMemcpyAsync_v3020	rms_norm_f32	k_get_rows_kq	no	yes
2128975629	2129016653	Device-to-Host	1048576	Device	Pageable	13	cudaMemcpyAsync_v3020	rms_norm_f32	k_get_rows_kq	no	yes
2129080398	2129121038	Device-to-Host	1048576	Device	Pageable	13	cudaMemcpyAsync_v3020	rms_norm_f32	k_get_rows_kq	no	yes
2129183247	2129224239	Device-to-Host	1048576	Device	Pageable	13	cudaMemcpyAsync_v3020	rms_norm_f32	k_get_rows_kq	no	yes
2129286415	2129327184	Device-to-Host	1048576	Device	Pageable	13	cudaMemcpyAsync_v3020	rms_norm_f32	k_get_rows_kq	no	yes
2129388400	2129429104	Device-to-Host	1048576	Device	Pageable	13	cudaMemcpyAsync_v3020	rms_norm_f32	k_get_rows_kq	no	yes
2129490385	2129531185	Device-to-Host	1048576	Device	Pageable	13	cudaMemcpyAsync_v3020	rms_norm_f32	k_get_rows_kq	no	yes
2129593138	2129633842	Device-to-Host	1048576	Device	Pageable	13	cudaMemcpyAsync_v3020	rms_norm_f32	k_get_rows_kq	no	yes
2130327607	2130340087	Host-to-Device	262144	Pinned	Device	13	cudaMemcpyAsync_v3020	rms_norm_f32	k_get_rows_kq	no	yes
2135717663	2135756960	Device-to-Host	993280	Device	Pinned	14	cudaMemcpyAsync_v3020	mul_mat_vec_q	k_get_rows_kq	no	no
2136500293	2136512517	Host-to-Device	262144	Pinned	Device	13	cudaMemcpyAsync_v3020	mul_mat_vec_q	k_get_rows_kq	no	yes
2141255144	2141294121	Device-to-Host	993280	Device	Pinned	14	cudaMemcpyAsync_v3020	mul_mat_vec_q	-	no	no
2141558955	2141571179	Host-to-Device	262144	Pinned	Device	13	cudaMemcpyAsync_v3020	mul_mat_vec_q	-	no	yes
2148126779	2148165724	Device-to-Host	993280	Device	Pinned	14	cudaMemcpyAsync_v3020	mul_mat_vec_q	-	no	no
2148432510	2148444830	Host-to-Device	262144	Pinned	Device	13	cudaMemcpyAsync_v3020	mul_mat_vec_q	-	no	yes
2152457308	2152496284	Device-to-Host	993280	Device	Pinned	14	cudaMemcpyAsync_v3020	mul_mat_vec_q	-	no	no
2152815198	2152827358	Host-to-Device	262144	Pinned	Device	13	cudaMemcpyAsync_v3020	mul_mat_vec_q	-	no	yes
2156834940	2156873916	Device-to-Host	993280	Device	Pinned	14	cudaMemcpyAsync_v3020	mul_mat_vec_q	-	no	no
2157131998	2157144190	Host-to-Device	262144	Pinned	Device	13	cudaMemcpyAsync_v3020	mul_mat_vec_q	-	no	yes
2161386654	2161425662	Device-to-Host	993280	Device	Pinned	14	cudaMemcpyAsync_v3020	mul_mat_vec_q	-	no	no
2161683840	2161696096	Host-to-Device	262144	Pinned	Device	13	cudaMemcpyAsync_v3020	mul_mat_vec_q	-	no	yes
2165722302	2165761310	Device-to-Host	993280	Device	Pinned	14	cudaMemcpyAsync_v3020	mul_mat_vec_q	-	no	no
2166022048	2166034305	Host-to-Device	262144	Pinned	Device	13	cudaMemcpyAsync_v3020	mul_mat_vec_q	-	no	yes
2170184703	2170223648	Device-to-Host	993280	Device	Pinned	14	cudaMemcpyAsync_v3020	mul_mat_vec_q	-	no	no
2170482370	2170494466	Host-to-Device	262144	Pinned	Device	13	cudaMemcpyAsync_v3020	mul_mat_vec_q	-	no	yes
2174738689	2174777729	Device-to-Host	993280	Device	Pinned	14	cudaMemcpyAsync_v3020	mul_mat_vec_q	-	no	no
2175042531	2175054692	Host-to-Device	262144	Pinned	Device	13	cudaMemcpyAsync_v3020	mul_mat_vec_q	-	no	yes
2179091746	2179130754	Device-to-Host	993280	Device	Pinned	14	cudaMemcpyAsync_v3020	mul_mat_vec_q	-	no	no
2179383684	2179396004	Host-to-Device	262144	Pinned	Device	13	cudaMemcpyAsync_v3020	mul_mat_vec_q	-	no	yes
2183608643	2183647619	Device-to-Host	993280	Device	Pinned	14	cudaMemcpyAsync_v3020	mul_mat_vec_q	-	no	no
2183991078	2184003238	Host-to-Device	262144	Pinned	Device	13	cudaMemcpyAsync_v3020	mul_mat_vec_q	-	no	yes
2188199269	2188238246	Device-to-Host	993280	Device	Pinned	14	cudaMemcpyAsync_v3020	mul_mat_vec_q	-	no	no
2188494727	2188507080	Host-to-Device	262144	Pinned	Device	13	cudaMemcpyAsync_v3020	mul_mat_vec_q	-	no	yes
2192536965	2192575974	Device-to-Host	993280	Device	Pinned	14	cudaMemcpyAsync_v3020	mul_mat_vec_q	-	no	no
2192832584	2192844808	Host-to-Device	262144	Pinned	Device	13	cudaMemcpyAsync_v3020	mul_mat_vec_q	-	no	yes
2196994471	2197033607	Device-to-Host	993280	Device	Pinned	14	cudaMemcpyAsync_v3020	mul_mat_vec_q	-	no	no
2197289353	2197301769	Host-to-Device	262144	Pinned	Device	13	cudaMemcpyAsync_v3020	mul_mat_vec_q	-	no	yes
2201564617	2201603625	Device-to-Host	993280	Device	Pinned	14	cudaMemcpyAsync_v3020	mul_mat_vec_q	-	no	no
2201857675	2201869867	Host-to-Device	262144	Pinned	Device	13	cudaMemcpyAsync_v3020	mul_mat_vec_q	-	no	yes
2205853160	2205892073	Device-to-Host	993280	Device	Pinned	14	cudaMemcpyAsync_v3020	mul_mat_vec_q	-	no	no
2206149131	2206161355	Host-to-Device	262144	Pinned	Device	13	cudaMemcpyAsync_v3020	mul_mat_vec_q	-	no	yes
2210450955	2210489899	Device-to-Host	993280	Device	Pinned	14	cudaMemcpyAsync_v3020	mul_mat_vec_q	-	no	no
2210745421	2210757581	Host-to-Device	262144	Pinned	Device	13	cudaMemcpyAsync_v3020	mul_mat_vec_q	-	no	yes
2214773291	2214821259	Device-to-Host	993280	Device	Pinned	14	cudaMemcpyAsync_v3020	mul_mat_vec_q	-	no	no
2215085549	2215101933	Host-to-Device	262144	Pinned	Device	13	cudaMemcpyAsync_v3020	mul_mat_vec_q	-	no	yes
2219391565	2219430573	Device-to-Host	993280	Device	Pinned	14	cudaMemcpyAsync_v3020	mul_mat_vec_q	-	no	no
2219691311	2219703535	Host-to-Device	262144	Pinned	Device	13	cudaMemcpyAsync_v3020	mul_mat_vec_q	-	no	yes
2223978095	2224017071	Device-to-Host	993280	Device	Pinned	14	cudaMemcpyAsync_v3020	mul_mat_vec_q	-	no	no
2224273169	2224285425	Host-to-Device	262144	Pinned	Device	13	cudaMemcpyAsync_v3020	mul_mat_vec_q	-	no	yes
2228304527	2228343664	Device-to-Host	993280	Device	Pinned	14	cudaMemcpyAsync_v3020	mul_mat_vec_q	-	no	no
2228599409	2228613010	Host-to-Device	262144	Pinned	Device	13	cudaMemcpyAsync_v3020	mul_mat_vec_q	-	no	yes
2233881977	2233921017	Device-to-Host	993280	Device	Pinned	14	cudaMemcpyAsync_v3020	mul_mat_vec_q	-	no	no
2235403556	2235415876	Host-to-Device	262144	Pinned	Device	13	cudaMemcpyAsync_v3020	mul_mat_vec_q	-	no	yes
2239893221	2239932134	Device-to-Host	993280	Device	Pinned	14	cudaMemcpyAsync_v3020	mul_mat_vec_q	-	no	no
2240207848	2240220200	Host-to-Device	262144	Pinned	Device	13	cudaMemcpyAsync_v3020	mul_mat_vec_q	-	no	yes
2244619016	2244657993	Device-to-Host	993280	Device	Pinned	14	cudaMemcpyAsync_v3020	mul_mat_vec_q	-	no	no
2244919147	2244931307	Host-to-Device	262144	Pinned	Device	13	cudaMemcpyAsync_v3020	mul_mat_vec_q	-	no	yes
2248961833	2249000905	Device-to-Host	993280	Device	Pinned	14	cudaMemcpyAsync_v3020	mul_mat_vec_q	-	no	no
2249257259	2249269675	Host-to-Device	262144	Pinned	Device	13	cudaMemcpyAsync_v3020	mul_mat_vec_q	-	no	yes
2253504331	2253543307	Device-to-Host	993280	Device	Pinned	14	cudaMemcpyAsync_v3020	mul_mat_vec_q	-	no	no
2253800717	2253813069	Host-to-Device	262144	Pinned	Device	13	cudaMemcpyAsync_v3020	mul_mat_vec_q	-	no	yes
2257967980	2258006956	Device-to-Host	993280	Device	Pinned	14	cudaMemcpyAsync_v3020	mul_mat_vec_q	-	no	no
2258262798	2258275246	Host-to-Device	262144	Pinned	Device	13	cudaMemcpyAsync_v3020	mul_mat_vec_q	-	no	yes
2262286220	2262325132	Device-to-Host	993280	Device	Pinned	14	cudaMemcpyAsync_v3020	mul_mat_vec_q	-	no	no
2262581774	2262593902	Host-to-Device	262144	Pinned	Device	13	cudaMemcpyAsync_v3020	mul_mat_vec_q	-	no	yes
2266738605	2266777581	Device-to-Host	993280	Device	Pinned	14	cudaMemcpyAsync_v3020	mul_mat_vec_q	-	no	no
2267035023	2267047151	Host-to-Device	262144	Pinned	Device	13	cudaMemcpyAsync_v3020	mul_mat_vec_q	-	no	yes
2271315919	2271354863	Device-to-Host	993280	Device	Pinned	14	cudaMemcpyAsync_v3020	mul_mat_vec_q	-	no	no
2271616305	2271628497	Host-to-Device	262144	Pinned	Device	13	cudaMemcpyAsync_v3020	mul_mat_vec_q	-	no	yes
2275625967	2275664943	Device-to-Host	993280	Device	Pinned	14	cudaMemcpyAsync_v3020	mul_mat_vec_q	-	no	no
2275921585	2275933713	Host-to-Device	262144	Pinned	Device	13	cudaMemcpyAsync_v3020	mul_mat_vec_q	-	no	yes
2280089616	2280128592	Device-to-Host	993280	Device	Pinned	14	cudaMemcpyAsync_v3020	mul_mat_vec_q	-	no	no
2280383666	2280396146	Host-to-Device	262144	Pinned	Device	13	cudaMemcpyAsync_v3020	mul_mat_vec_q	-	no	yes
2284411984	2284451056	Device-to-Host	993280	Device	Pinned	14	cudaMemcpyAsync_v3020	mul_mat_vec_q	-	no	no
2284759059	2284771379	Host-to-Device	262144	Pinned	Device	13	cudaMemcpyAsync_v3020	mul_mat_vec_q	-	no	yes
2288765201	2288804145	Device-to-Host	993280	Device	Pinned	14	cudaMemcpyAsync_v3020	mul_mat_vec_q	-	no	no
2289064787	2289077075	Host-to-Device	262144	Pinned	Device	13	cudaMemcpyAsync_v3020	mul_mat_vec_q	-	no	yes
2293334130	2293380947	Device-to-Host	993280	Device	Pinned	14	cudaMemcpyAsync_v3020	mul_mat_vec_q	-	no	no
2293787958	2293802294	Host-to-Device	262144	Pinned	Device	13	cudaMemcpyAsync_v3020	mul_mat_vec_q	-	no	yes
2297911157	2297950229	Device-to-Host	993280	Device	Pinned	14	cudaMemcpyAsync_v3020	mul_mat_vec_q	-	no	no
2298297303	2298309591	Host-to-Device	262144	Pinned	Device	13	cudaMemcpyAsync_v3020	mul_mat_vec_q	-	no	yes
2302304437	2302343413	Device-to-Host	993280	Device	Pinned	14	cudaMemcpyAsync_v3020	mul_mat_vec_q	-	no	no
2302600375	2302612663	Host-to-Device	262144	Pinned	Device	13	cudaMemcpyAsync_v3020	mul_mat_vec_q	-	no	yes
2306862295	2306901271	Device-to-Host	993280	Device	Pinned	14	cudaMemcpyAsync_v3020	mul_mat_vec_q	-	no	no
2307157593	2307169849	Host-to-Device	262144	Pinned	Device	13	cudaMemcpyAsync_v3020	mul_mat_vec_q	-	no	yes
2311189751	2311228727	Device-to-Host	993280	Device	Pinned	14	cudaMemcpyAsync_v3020	mul_mat_vec_q	-	no	no
2311483769	2311496057	Host-to-Device	262144	Pinned	Device	13	cudaMemcpyAsync_v3020	mul_mat_vec_q	-	no	yes
2315698457	2315737401	Device-to-Host	993280	Device	Pinned	14	cudaMemcpyAsync_v3020	mul_mat_vec_q	-	no	no
2315997435	2316011067	Host-to-Device	262144	Pinned	Device	13	cudaMemcpyAsync_v3020	mul_mat_vec_q	-	no	yes
2320309563	2320348507	Device-to-Host	993280	Device	Pinned	14	cudaMemcpyAsync_v3020	mul_mat_vec_q	-	no	no
2320605245	2320617469	Host-to-Device	262144	Pinned	Device	13	cudaMemcpyAsync_v3020	mul_mat_vec_q	-	no	yes
2324630875	2324669915	Device-to-Host	993280	Device	Pinned	14	cudaMemcpyAsync_v3020	mul_mat_vec_q	-	no	no
2324928125	2324940317	Host-to-Device	262144	Pinned	Device	13	cudaMemcpyAsync_v3020	mul_mat_vec_q	-	no	yes
2329607264	2329646304	Device-to-Host	993280	Device	Pinned	14	cudaMemcpyAsync_v3020	mul_mat_vec_q	-	no	no
2331696720	2331708976	Host-to-Device	262144	Pinned	Device	13	cudaMemcpyAsync_v3020	mul_mat_vec_q	-	no	yes
2336144817	2336183793	Device-to-Host	993280	Device	Pinned	14	cudaMemcpyAsync_v3020	mul_mat_vec_q	-	no	no
2336437331	2336449683	Host-to-Device	262144	Pinned	Device	13	cudaMemcpyAsync_v3020	mul_mat_vec_q	-	no	yes
2340888020	2340926964	Device-to-Host	993280	Device	Pinned	14	cudaMemcpyAsync_v3020	mul_mat_vec_q	-	no	no
2341179606	2341191830	Host-to-Device	262144	Pinned	Device	13	cudaMemcpyAsync_v3020	mul_mat_vec_q	-	no	yes
2345182708	2345221620	Device-to-Host	993280	Device	Pinned	14	cudaMemcpyAsync_v3020	mul_mat_vec_q	-	no	no
2345476246	2345488598	Host-to-Device	262144	Pinned	Device	13	cudaMemcpyAsync_v3020	mul_mat_vec_q	-	no	yes
2349615413	2349654389	Device-to-Host	993280	Device	Pinned	14	cudaMemcpyAsync_v3020	mul_mat_vec_q	-	no	no
2349909271	2349921431	Host-to-Device	262144	Pinned	Device	13	cudaMemcpyAsync_v3020	mul_mat_vec_q	-	no	yes
2354211159	2354250135	Device-to-Host	993280	Device	Pinned	14	cudaMemcpyAsync_v3020	mul_mat_vec_q	-	no	no
