graph_index	t_ns	mode	n_nodes	op	path	detail	src0_name	dst_name	src0_type	src1_type	dst_type	ne00	ne01	ne02	ne03	ne10	ne11	ne12	ne13	nb01	nb02	nb03	nb11	nb12	nb13	src0_contiguous	src1_contiguous	src0_transposed	batch_count	launches
0	1788291892220650134	eager	620	MUL_MAT	MMVQ	-	blk.0.ffn_down.weight	node_42	q6_K	f32	f32	8192	2048	1	1	8192	2	1	1	6720	13762560	13762560	32768	65536	65536	1	1	0	1	1
0	1788291892220650134	eager	620	MUL_MAT	MMVQ	-	blk.0.ffn_gate.weight	ffn_gate-0	q4_K	f32	f32	2048	8192	1	1	2048	2	1	1	1152	9437184	9437184	8192	16384	16384	1	1	0	1	1
0	1788291892220650134	eager	620	MUL_MAT	MMVQ	-	blk.0.ffn_up.weight	ffn_up-0	q4_K	f32	f32	2048	8192	1	1	2048	2	1	1	1152	9437184	9437184	8192	16384	16384	1	1	0	1	1
0	1788291892220650134	eager	620	MUL_MAT	MMVQ	-	blk.0.shortconv.in_proj.weight	model.layers.{}.conv.in_proj-0	q4_K	f32	f32	2048	6144	1	1	2048	2	1	1	1152	7077888	7077888	8192	16384	16384	1	1	0	1	1
0	1788291892220650134	eager	620	MUL_MAT	MMVQ	-	blk.0.shortconv.out_proj.weight	model.layers.{}.conv.out_proj-0	q4_K	f32	f32	2048	2048	1	1	2048	2	1	1	1152	2359296	2359296	8192	16384	16384	1	1	0	1	1
0	1788291892220650134	eager	620	MUL_MAT	MMVQ	-	blk.1.ffn_down.weight	node_67	q6_K	f32	f32	8192	2048	1	1	8192	2	1	1	6720	13762560	13762560	32768	65536	65536	1	1	0	1	1
0	1788291892220650134	eager	620	MUL_MAT	MMVQ	-	blk.1.ffn_gate.weight	ffn_gate-1	q4_K	f32	f32	2048	8192	1	1	2048	2	1	1	1152	9437184	9437184	8192	16384	16384	1	1	0	1	1
0	1788291892220650134	eager	620	MUL_MAT	MMVQ	-	blk.1.ffn_up.weight	ffn_up-1	q4_K	f32	f32	2048	8192	1	1	2048	2	1	1	1152	9437184	9437184	8192	16384	16384	1	1	0	1	1
0	1788291892220650134	eager	620	MUL_MAT	MMVQ	-	blk.1.shortconv.in_proj.weight	model.layers.{}.conv.in_proj-1	q4_K	f32	f32	2048	6144	1	1	2048	2	1	1	1152	7077888	7077888	8192	16384	16384	1	1	0	1	1
0	1788291892220650134	eager	620	MUL_MAT	MMVQ	-	blk.1.shortconv.out_proj.weight	model.layers.{}.conv.out_proj-1	q4_K	f32	f32	2048	2048	1	1	2048	2	1	1	1152	2359296	2359296	8192	16384	16384	1	1	0	1	1
0	1788291892220650134	eager	620	MUL_MAT	MMVQ	-	blk.10.attn_k.weight	Kcur-10	q4_K	f32	f32	2048	512	1	1	2048	2	1	1	1152	589824	589824	8192	16384	16384	1	1	0	1	1
0	1788291892220650134	eager	620	MUL_MAT	MMVQ	-	blk.10.attn_output.weight	model.layers.{}.self_attn.out_proj-10	q4_K	f32	f32	2048	2048	1	1	2048	2	1	1	1152	2359296	2359296	8192	16384	16384	1	1	0	1	1
0	1788291892220650134	eager	620	MUL_MAT	MMVQ	-	blk.10.attn_q.weight	Qcur-10	q4_K	f32	f32	2048	2048	1	1	2048	2	1	1	1152	2359296	2359296	8192	16384	16384	1	1	0	1	1
0	1788291892220650134	eager	620	MUL_MAT	MMVQ	-	blk.10.attn_v.weight	Vcur-10	q4_K	f32	f32	2048	512	1	1	2048	2	1	1	1152	589824	589824	8192	16384	16384	1	1	0	1	1
0	1788291892220650134	eager	620	MUL_MAT	MMVQ	-	blk.10.ffn_down.weight	node_428	q6_K	f32	f32	8192	2048	1	1	8192	2	1	1	6720	13762560	13762560	32768	65536	65536	1	1	0	1	1
0	1788291892220650134	eager	620	MUL_MAT	MMVQ	-	blk.10.ffn_gate.weight	ffn_gate-10	q4_K	f32	f32	2048	8192	1	1	2048	2	1	1	1152	9437184	9437184	8192	16384	16384	1	1	0	1	1
0	1788291892220650134	eager	620	MUL_MAT	MMVQ	-	blk.10.ffn_up.weight	ffn_up-10	q4_K	f32	f32	2048	8192	1	1	2048	2	1	1	1152	9437184	9437184	8192	16384	16384	1	1	0	1	1
0	1788291892220650134	eager	620	MUL_MAT	MMVQ	-	blk.11.ffn_down.weight	node_453	q4_K	f32	f32	8192	2048	1	1	8192	2	1	1	4608	9437184	9437184	32768	65536	65536	1	1	0	1	1
0	1788291892220650134	eager	620	MUL_MAT	MMVQ	-	blk.11.ffn_gate.weight	ffn_gate-11	q4_K	f32	f32	2048	8192	1	1	2048	2	1	1	1152	9437184	9437184	8192	16384	16384	1	1	0	1	1
0	1788291892220650134	eager	620	MUL_MAT	MMVQ	-	blk.11.ffn_up.weight	ffn_up-11	q4_K	f32	f32	2048	8192	1	1	2048	2	1	1	1152	9437184	9437184	8192	16384	16384	1	1	0	1	1
0	1788291892220650134	eager	620	MUL_MAT	MMVQ	-	blk.11.shortconv.in_proj.weight	model.layers.{}.conv.in_proj-11	q4_K	f32	f32	2048	6144	1	1	2048	2	1	1	1152	7077888	7077888	8192	16384	16384	1	1	0	1	1
0	1788291892220650134	eager	620	MUL_MAT	MMVQ	-	blk.11.shortconv.out_proj.weight	model.layers.{}.conv.out_proj-11	q4_K	f32	f32	2048	2048	1	1	2048	2	1	1	1152	2359296	2359296	8192	16384	16384	1	1	0	1	1
0	1788291892220650134	eager	620	MUL_MAT	MMVQ	-	blk.12.attn_k.weight	Kcur-12	q4_K	f32	f32	2048	512	1	1	2048	2	1	1	1152	589824	589824	8192	16384	16384	1	1	0	1	1
0	1788291892220650134	eager	620	MUL_MAT	MMVQ	-	blk.12.attn_output.weight	model.layers.{}.self_attn.out_proj-12	q4_K	f32	f32	2048	2048	1	1	2048	2	1	1	1152	2359296	2359296	8192	16384	16384	1	1	0	1	1
0	1788291892220650134	eager	620	MUL_MAT	MMVQ	-	blk.12.attn_q.weight	Qcur-12	q4_K	f32	f32	2048	2048	1	1	2048	2	1	1	1152	2359296	2359296	8192	16384	16384	1	1	0	1	1
0	1788291892220650134	eager	620	MUL_MAT	MMVQ	-	blk.12.attn_v.weight	Vcur-12	q4_K	f32	f32	2048	512	1	1	2048	2	1	1	1152	589824	589824	8192	16384	16384	1	1	0	1	1
0	1788291892220650134	eager	620	MUL_MAT	MMVQ	-	blk.12.ffn_down.weight	node_508	q4_K	f32	f32	8192	2048	1	1	8192	2	1	1	4608	9437184	9437184	32768	65536	65536	1	1	0	1	1
0	1788291892220650134	eager	620	MUL_MAT	MMVQ	-	blk.12.ffn_gate.weight	ffn_gate-12	q4_K	f32	f32	2048	8192	1	1	2048	2	1	1	1152	9437184	9437184	8192	16384	16384	1	1	0	1	1
0	1788291892220650134	eager	620	MUL_MAT	MMVQ	-	blk.12.ffn_up.weight	ffn_up-12	q4_K	f32	f32	2048	8192	1	1	2048	2	1	1	1152	9437184	9437184	8192	16384	16384	1	1	0	1	1
0	1788291892220650134	eager	620	MUL_MAT	MMVQ	-	blk.13.ffn_down.weight	node_533	q6_K	f32	f32	8192	2048	1	1	8192	2	1	1	6720	13762560	13762560	32768	65536	65536	1	1	0	1	1
0	1788291892220650134	eager	620	MUL_MAT	MMVQ	-	blk.13.ffn_gate.weight	ffn_gate-13	q4_K	f32	f32	2048	8192	1	1	2048	2	1	1	1152	9437184	9437184	8192	16384	16384	1	1	0	1	1
0	1788291892220650134	eager	620	MUL_MAT	MMVQ	-	blk.13.ffn_up.weight	ffn_up-13	q4_K	f32	f32	2048	8192	1	1	2048	2	1	1	1152	9437184	9437184	8192	16384	16384	1	1	0	1	1
0	1788291892220650134	eager	620	MUL_MAT	MMVQ	-	blk.13.shortconv.in_proj.weight	model.layers.{}.conv.in_proj-13	q4_K	f32	f32	2048	6144	1	1	2048	2	1	1	1152	7077888	7077888	8192	16384	16384	1	1	0	1	1
0	1788291892220650134	eager	620	MUL_MAT	MMVQ	-	blk.13.shortconv.out_proj.weight	model.layers.{}.conv.out_proj-13	q4_K	f32	f32	2048	2048	1	1	2048	2	1	1	1152	2359296	2359296	8192	16384	16384	1	1	0	1	1
0	1788291892220650134	eager	620	MUL_MAT	MMVQ	-	blk.14.attn_k.weight	Kcur-14	q4_K	f32	f32	2048	512	1	1	2048	2	1	1	1152	589824	589824	8192	16384	16384	1	1	0	1	1
0	1788291892220650134	eager	620	MUL_MAT	MMVQ	-	blk.14.attn_output.weight	model.layers.{}.self_attn.out_proj-14	q4_K	f32	f32	2048	2048	1	1	2048	2	1	1	1152	2359296	2359296	8192	16384	16384	1	1	0	1	1
0	1788291892220650134	eager	620	MUL_MAT	MMVQ	-	blk.14.attn_q.weight	Qcur-14	q4_K	f32	f32	2048	2048	1	1	2048	2	1	1	1152	2359296	2359296	8192	16384	16384	1	1	0	1	1
0	1788291892220650134	eager	620	MUL_MAT	MMVQ	-	blk.14.attn_v.weight	Vcur-14	q6_K	f32	f32	2048	512	1	1	2048	2	1	1	1680	860160	860160	8192	16384	16384	1	1	0	1	1
0	1788291892220650134	eager	620	MUL_MAT	MMVQ	-	blk.14.ffn_down.weight	node_588	q6_K	f32	f32	8192	2048	1	1	8192	2	1	1	6720	13762560	13762560	32768	65536	65536	1	1	0	1	1
0	1788291892220650134	eager	620	MUL_MAT	MMVQ	-	blk.14.ffn_gate.weight	ffn_gate-14	q4_K	f32	f32	2048	8192	1	1	2048	2	1	1	1152	9437184	9437184	8192	16384	16384	1	1	0	1	1
0	1788291892220650134	eager	620	MUL_MAT	MMVQ	-	blk.14.ffn_up.weight	ffn_up-14	q4_K	f32	f32	2048	8192	1	1	2048	2	1	1	1152	9437184	9437184	8192	16384	16384	1	1	0	1	1
0	1788291892220650134	eager	620	MUL_MAT	MMVQ	-	blk.15.shortconv.in_proj.weight	model.layers.{}.conv.in_proj-15	q4_K	f32	f32	2048	6144	1	1	2048	2	1	1	1152	7077888	7077888	8192	16384	16384	1	1	0	1	1
0	1788291892220650134	eager	620	MUL_MAT	MMVQ	-	blk.15.shortconv.out_proj.weight	model.layers.{}.conv.out_proj-15	q4_K	f32	f32	2048	2048	1	1	2048	2	1	1	1152	2359296	2359296	8192	16384	16384	1	1	0	1	1
0	1788291892220650134	eager	620	MUL_MAT	MMVQ	-	blk.2.attn_k.weight	Kcur-2	q4_K	f32	f32	2048	512	1	1	2048	2	1	1	1152	589824	589824	8192	16384	16384	1	1	0	1	1
0	1788291892220650134	eager	620	MUL_MAT	MMVQ	-	blk.2.attn_output.weight	model.layers.{}.self_attn.out_proj-2	q4_K	f32	f32	2048	2048	1	1	2048	2	1	1	1152	2359296	2359296	8192	16384	16384	1	1	0	1	1
0	1788291892220650134	eager	620	MUL_MAT	MMVQ	-	blk.2.attn_q.weight	Qcur-2	q4_K	f32	f32	2048	2048	1	1	2048	2	1	1	1152	2359296	2359296	8192	16384	16384	1	1	0	1	1
0	1788291892220650134	eager	620	MUL_MAT	MMVQ	-	blk.2.attn_v.weight	Vcur-2	q4_K	f32	f32	2048	512	1	1	2048	2	1	1	1152	589824	589824	8192	16384	16384	1	1	0	1	1
0	1788291892220650134	eager	620	MUL_MAT	MMVQ	-	blk.2.ffn_down.weight	node_122	q4_K	f32	f32	8192	2048	1	1	8192	2	1	1	4608	9437184	9437184	32768	65536	65536	1	1	0	1	1
0	1788291892220650134	eager	620	MUL_MAT	MMVQ	-	blk.2.ffn_gate.weight	ffn_gate-2	q4_K	f32	f32	2048	8192	1	1	2048	2	1	1	1152	9437184	9437184	8192	16384	16384	1	1	0	1	1
0	1788291892220650134	eager	620	MUL_MAT	MMVQ	-	blk.2.ffn_up.weight	ffn_up-2	q4_K	f32	f32	2048	8192	1	1	2048	2	1	1	1152	9437184	9437184	8192	16384	16384	1	1	0	1	1
0	1788291892220650134	eager	620	MUL_MAT	MMVQ	-	blk.3.ffn_down.weight	node_155	q4_K	f32	f32	8192	2048	1	1	8192	2	1	1	4608	9437184	9437184	32768	65536	65536	1	1	0	1	1
0	1788291892220650134	eager	620	MUL_MAT	MMVQ	-	blk.3.ffn_gate.weight	ffn_gate-3	q4_K	f32	f32	2048	8192	1	1	2048	2	1	1	1152	9437184	9437184	8192	16384	16384	1	1	0	1	1
0	1788291892220650134	eager	620	MUL_MAT	MMVQ	-	blk.3.ffn_up.weight	ffn_up-3	q4_K	f32	f32	2048	8192	1	1	2048	2	1	1	1152	9437184	9437184	8192	16384	16384	1	1	0	1	1
0	1788291892220650134	eager	620	MUL_MAT	MMVQ	-	blk.3.shortconv.in_proj.weight	model.layers.{}.conv.in_proj-3	q4_K	f32	f32	2048	6144	1	1	2048	2	1	1	1152	7077888	7077888	8192	16384	16384	1	1	0	1	1
0	1788291892220650134	eager	620	MUL_MAT	MMVQ	-	blk.3.shortconv.out_proj.weight	model.layers.{}.conv.out_proj-3	q4_K	f32	f32	2048	2048	1	1	2048	2	1	1	1152	2359296	2359296	8192	16384	16384	1	1	0	1	1
0	1788291892220650134	eager	620	MUL_MAT	MMVQ	-	blk.4.ffn_down.weight	node_180	q6_K	f32	f32	8192	2048	1	1	8192	2	1	1	6720	13762560	13762560	32768	65536	65536	1	1	0	1	1
0	1788291892220650134	eager	620	MUL_MAT	MMVQ	-	blk.4.ffn_gate.weight	ffn_gate-4	q4_K	f32	f32	2048	8192	1	1	2048	2	1	1	1152	9437184	9437184	8192	16384	16384	1	1	0	1	1
0	1788291892220650134	eager	620	MUL_MAT	MMVQ	-	blk.4.ffn_up.weight	ffn_up-4	q4_K	f32	f32	2048	8192	1	1	2048	2	1	1	1152	9437184	9437184	8192	16384	16384	1	1	0	1	1
0	1788291892220650134	eager	620	MUL_MAT	MMVQ	-	blk.4.shortconv.in_proj.weight	model.layers.{}.conv.in_proj-4	q4_K	f32	f32	2048	6144	1	1	2048	2	1	1	1152	7077888	7077888	8192	16384	16384	1	1	0	1	1
0	1788291892220650134	eager	620	MUL_MAT	MMVQ	-	blk.4.shortconv.out_proj.weight	model.layers.{}.conv.out_proj-4	q4_K	f32	f32	2048	2048	1	1	2048	2	1	1	1152	2359296	2359296	8192	16384	16384	1	1	0	1	1
0	1788291892220650134	eager	620	MUL_MAT	MMVQ	-	blk.5.attn_k.weight	Kcur-5	q4_K	f32	f32	2048	512	1	1	2048	2	1	1	1152	589824	589824	8192	16384	16384	1	1	0	1	1
0	1788291892220650134	eager	620	MUL_MAT	MMVQ	-	blk.5.attn_output.weight	model.layers.{}.self_attn.out_proj-5	q4_K	f32	f32	2048	2048	1	1	2048	2	1	1	1152	2359296	2359296	8192	16384	16384	1	1	0	1	1
0	1788291892220650134	eager	620	MUL_MAT	MMVQ	-	blk.5.attn_q.weight	Qcur-5	q4_K	f32	f32	2048	2048	1	1	2048	2	1	1	1152	2359296	2359296	8192	16384	16384	1	1	0	1	1
0	1788291892220650134	eager	620	MUL_MAT	MMVQ	-	blk.5.attn_v.weight	Vcur-5	q4_K	f32	f32	2048	512	1	1	2048	2	1	1	1152	589824	589824	8192	16384	16384	1	1	0	1	1
0	1788291892220650134	eager	620	MUL_MAT	MMVQ	-	blk.5.ffn_down.weight	node_235	q4_K	f32	f32	8192	2048	1	1	8192	2	1	1	4608	9437184	9437184	32768	65536	65536	1	1	0	1	1
0	1788291892220650134	eager	620	MUL_MAT	MMVQ	-	blk.5.ffn_gate.weight	ffn_gate-5	q4_K	f32	f32	2048	8192	1	1	2048	2	1	1	1152	9437184	9437184	8192	16384	16384	1	1	0	1	1
0	1788291892220650134	eager	620	MUL_MAT	MMVQ	-	blk.5.ffn_up.weight	ffn_up-5	q4_K	f32	f32	2048	8192	1	1	2048	2	1	1	1152	9437184	9437184	8192	16384	16384	1	1	0	1	1
0	1788291892220650134	eager	620	MUL_MAT	MMVQ	-	blk.6.ffn_down.weight	node_268	q4_K	f32	f32	8192	2048	1	1	8192	2	1	1	4608	9437184	9437184	32768	65536	65536	1	1	0	1	1
0	1788291892220650134	eager	620	MUL_MAT	MMVQ	-	blk.6.ffn_gate.weight	ffn_gate-6	q4_K	f32	f32	2048	8192	1	1	2048	2	1	1	1152	9437184	9437184	8192	16384	16384	1	1	0	1	1
0	1788291892220650134	eager	620	MUL_MAT	MMVQ	-	blk.6.ffn_up.weight	ffn_up-6	q4_K	f32	f32	2048	8192	1	1	2048	2	1	1	1152	9437184	9437184	8192	16384	16384	1	1	0	1	1
0	1788291892220650134	eager	620	MUL_MAT	MMVQ	-	blk.6.shortconv.in_proj.weight	model.layers.{}.conv.in_proj-6	q4_K	f32	f32	2048	6144	1	1	2048	2	1	1	1152	7077888	7077888	8192	16384	16384	1	1	0	1	1
0	1788291892220650134	eager	620	MUL_MAT	MMVQ	-	blk.6.shortconv.out_proj.weight	model.layers.{}.conv.out_proj-6	q4_K	f32	f32	2048	2048	1	1	2048	2	1	1	1152	2359296	2359296	8192	16384	16384	1	1	0	1	1
0	1788291892220650134	eager	620	MUL_MAT	MMVQ	-	blk.7.ffn_down.weight	node_293	q6_K	f32	f32	8192	2048	1	1	8192	2	1	1	6720	13762560	13762560	32768	65536	65536	1	1	0	1	1
0	1788291892220650134	eager	620	MUL_MAT	MMVQ	-	blk.7.ffn_gate.weight	ffn_gate-7	q4_K	f32	f32	2048	8192	1	1	2048	2	1	1	1152	9437184	9437184	8192	16384	16384	1	1	0	1	1
0	1788291892220650134	eager	620	MUL_MAT	MMVQ	-	blk.7.ffn_up.weight	ffn_up-7	q4_K	f32	f32	2048	8192	1	1	2048	2	1	1	1152	9437184	9437184	8192	16384	16384	1	1	0	1	1
0	1788291892220650134	eager	620	MUL_MAT	MMVQ	-	blk.7.shortconv.in_proj.weight	model.layers.{}.conv.in_proj-7	q4_K	f32	f32	2048	6144	1	1	2048	2	1	1	1152	7077888	7077888	8192	16384	16384	1	1	0	1	1
0	1788291892220650134	eager	620	MUL_MAT	MMVQ	-	blk.7.shortconv.out_proj.weight	model.layers.{}.conv.out_proj-7	q4_K	f32	f32	2048	2048	1	1	2048	2	1	1	1152	2359296	2359296	8192	16384	16384	1	1	0	1	1
0	1788291892220650134	eager	620	MUL_MAT	MMVQ	-	blk.8.attn_k.weight	Kcur-8	q4_K	f32	f32	2048	512	1	1	2048	2	1	1	1152	589824	589824	8192	16384	16384	1	1	0	1	1
0	1788291892220650134	eager	620	MUL_MAT	MMVQ	-	blk.8.attn_output.weight	model.layers.{}.self_attn.out_proj-8	q4_K	f32	f32	2048	2048	1	1	2048	2	1	1	1152	2359296	2359296	8192	16384	16384	1	1	0	1	1
0	1788291892220650134	eager	620	MUL_MAT	MMVQ	-	blk.8.attn_q.weight	Qcur-8	q4_K	f32	f32	2048	2048	1	1	2048	2	1	1	1152	2359296	2359296	8192	16384	16384	1	1	0	1	1
0	1788291892220650134	eager	620	MUL_MAT	MMVQ	-	blk.8.attn_v.weight	Vcur-8	q6_K	f32	f32	2048	512	1	1	2048	2	1	1	1680	860160	860160	8192	16384	16384	1	1	0	1	1
0	1788291892220650134	eager	620	MUL_MAT	MMVQ	-	blk.8.ffn_down.weight	node_348	q4_K	f32	f32	8192	2048	1	1	8192	2	1	1	4608	9437184	9437184	32768	65536	65536	1	1	0	1	1
0	1788291892220650134	eager	620	MUL_MAT	MMVQ	-	blk.8.ffn_gate.weight	ffn_gate-8	q4_K	f32	f32	2048	8192	1	1	2048	2	1	1	1152	9437184	9437184	8192	16384	16384	1	1	0	1	1
0	1788291892220650134	eager	620	MUL_MAT	MMVQ	-	blk.8.ffn_up.weight	ffn_up-8	q4_K	f32	f32	2048	8192	1	1	2048	2	1	1	1152	9437184	9437184	8192	16384	16384	1	1	0	1	1
0	1788291892220650134	eager	620	MUL_MAT	MMVQ	-	blk.9.ffn_down.weight	node_373	q4_K	f32	f32	8192	2048	1	1	8192	2	1	1	4608	9437184	9437184	32768	65536	65536	1	1	0	1	1
0	1788291892220650134	eager	620	MUL_MAT	MMVQ	-	blk.9.ffn_gate.weight	ffn_gate-9	q4_K	f32	f32	2048	8192	1	1	2048	2	1	1	1152	9437184	9437184	8192	16384	16384	1	1	0	1	1
0	1788291892220650134	eager	620	MUL_MAT	MMVQ	-	blk.9.ffn_up.weight	ffn_up-9	q4_K	f32	f32	2048	8192	1	1	2048	2	1	1	1152	9437184	9437184	8192	16384	16384	1	1	0	1	1
0	1788291892220650134	eager	620	MUL_MAT	MMVQ	-	blk.9.shortconv.in_proj.weight	model.layers.{}.conv.in_proj-9	q4_K	f32	f32	2048	6144	1	1	2048	2	1	1	1152	7077888	7077888	8192	16384	16384	1	1	0	1	1
0	1788291892220650134	eager	620	MUL_MAT	MMVQ	-	blk.9.shortconv.out_proj.weight	model.layers.{}.conv.out_proj-9	q4_K	f32	f32	2048	2048	1	1	2048	2	1	1	1152	2359296	2359296	8192	16384	16384	1	1	0	1	1
0	1788291892220650134	eager	620	MUL_MAT	MMVQ	-	token_embd.weight	result_output	q6_K	f32	f32	2048	65536	1	1	2048	1	1	1	1680	110100480	110100480	8192	8192	8192	1	1	0	1	1
0	1788291892220650134	eager	620	MUL_MAT	MMVQ	fused	blk.15.ffn_down.weight	l_out-15	q6_K	f32	f32	8192	2048	1	1	8192	1	1	1	6720	13762560	13762560	32768	32768	32768	1	1	0	1	1
0	1788291892220650134	eager	620	MUL_MAT	MMVQ	fused	blk.15.ffn_up.weight	ffn_swiglu-15	q4_K	f32	f32	2048	8192	1	1	2048	1	1	1	1152	9437184	9437184	8192	8192	8192	1	1	0	1	1
1	1788291892435931199	eager	620	MUL_MAT	MMQ	-	blk.0.ffn_down.weight	node_42	q6_K	f32	f32	8192	2048	1	1	8192	27	1	1	6720	13762560	13762560	32768	884736	884736	1	1	0	1	1
1	1788291892435931199	eager	620	MUL_MAT	MMQ	-	blk.0.ffn_gate.weight	ffn_gate-0	q4_K	f32	f32	2048	8192	1	1	2048	27	1	1	1152	9437184	9437184	8192	221184	221184	1	1	0	1	1
1	1788291892435931199	eager	620	MUL_MAT	MMQ	-	blk.0.ffn_up.weight	ffn_up-0	q4_K	f32	f32	2048	8192	1	1	2048	27	1	1	1152	9437184	9437184	8192	221184	221184	1	1	0	1	1
1	1788291892435931199	eager	620	MUL_MAT	MMQ	-	blk.0.shortconv.in_proj.weight	model.layers.{}.conv.in_proj-0	q4_K	f32	f32	2048	6144	1	1	2048	27	1	1	1152	7077888	7077888	8192	221184	221184	1	1	0	1	1
1	1788291892435931199	eager	620	MUL_MAT	MMQ	-	blk.0.shortconv.out_proj.weight	model.layers.{}.conv.out_proj-0	q4_K	f32	f32	2048	2048	1	1	2048	27	1	1	1152	2359296	2359296	8192	221184	221184	1	1	0	1	1
1	1788291892435931199	eager	620	MUL_MAT	MMQ	-	blk.1.ffn_down.weight	node_67	q6_K	f32	f32	8192	2048	1	1	8192	27	1	1	6720	13762560	13762560	32768	884736	884736	1	1	0	1	1
1	1788291892435931199	eager	620	MUL_MAT	MMQ	-	blk.1.ffn_gate.weight	ffn_gate-1	q4_K	f32	f32	2048	8192	1	1	2048	27	1	1	1152	9437184	9437184	8192	221184	221184	1	1	0	1	1
1	1788291892435931199	eager	620	MUL_MAT	MMQ	-	blk.1.ffn_up.weight	ffn_up-1	q4_K	f32	f32	2048	8192	1	1	2048	27	1	1	1152	9437184	9437184	8192	221184	221184	1	1	0	1	1
1	1788291892435931199	eager	620	MUL_MAT	MMQ	-	blk.1.shortconv.in_proj.weight	model.layers.{}.conv.in_proj-1	q4_K	f32	f32	2048	6144	1	1	2048	27	1	1	1152	7077888	7077888	8192	221184	221184	1	1	0	1	1
1	1788291892435931199	eager	620	MUL_MAT	MMQ	-	blk.1.shortconv.out_proj.weight	model.layers.{}.conv.out_proj-1	q4_K	f32	f32	2048	2048	1	1	2048	27	1	1	1152	2359296	2359296	8192	221184	221184	1	1	0	1	1
1	1788291892435931199	eager	620	MUL_MAT	MMQ	-	blk.10.attn_k.weight	Kcur-10	q4_K	f32	f32	2048	512	1	1	2048	27	1	1	1152	589824	589824	8192	221184	221184	1	1	0	1	1
1	1788291892435931199	eager	620	MUL_MAT	MMQ	-	blk.10.attn_output.weight	model.layers.{}.self_attn.out_proj-10	q4_K	f32	f32	2048	2048	1	1	2048	27	1	1	1152	2359296	2359296	8192	221184	221184	1	1	0	1	1
1	1788291892435931199	eager	620	MUL_MAT	MMQ	-	blk.10.attn_q.weight	Qcur-10	q4_K	f32	f32	2048	2048	1	1	2048	27	1	1	1152	2359296	2359296	8192	221184	221184	1	1	0	1	1
1	1788291892435931199	eager	620	MUL_MAT	MMQ	-	blk.10.attn_v.weight	Vcur-10	q4_K	f32	f32	2048	512	1	1	2048	27	1	1	1152	589824	589824	8192	221184	221184	1	1	0	1	1
1	1788291892435931199	eager	620	MUL_MAT	MMQ	-	blk.10.ffn_down.weight	node_428	q6_K	f32	f32	8192	2048	1	1	8192	27	1	1	6720	13762560	13762560	32768	884736	884736	1	1	0	1	1
1	1788291892435931199	eager	620	MUL_MAT	MMQ	-	blk.10.ffn_gate.weight	ffn_gate-10	q4_K	f32	f32	2048	8192	1	1	2048	27	1	1	1152	9437184	9437184	8192	221184	221184	1	1	0	1	1
1	1788291892435931199	eager	620	MUL_MAT	MMQ	-	blk.10.ffn_up.weight	ffn_up-10	q4_K	f32	f32	2048	8192	1	1	2048	27	1	1	1152	9437184	9437184	8192	221184	221184	1	1	0	1	1
1	1788291892435931199	eager	620	MUL_MAT	MMQ	-	blk.11.ffn_down.weight	node_453	q4_K	f32	f32	8192	2048	1	1	8192	27	1	1	4608	9437184	9437184	32768	884736	884736	1	1	0	1	1
1	1788291892435931199	eager	620	MUL_MAT	MMQ	-	blk.11.ffn_gate.weight	ffn_gate-11	q4_K	f32	f32	2048	8192	1	1	2048	27	1	1	1152	9437184	9437184	8192	221184	221184	1	1	0	1	1
1	1788291892435931199	eager	620	MUL_MAT	MMQ	-	blk.11.ffn_up.weight	ffn_up-11	q4_K	f32	f32	2048	8192	1	1	2048	27	1	1	1152	9437184	9437184	8192	221184	221184	1	1	0	1	1
1	1788291892435931199	eager	620	MUL_MAT	MMQ	-	blk.11.shortconv.in_proj.weight	model.layers.{}.conv.in_proj-11	q4_K	f32	f32	2048	6144	1	1	2048	27	1	1	1152	7077888	7077888	8192	221184	221184	1	1	0	1	1
1	1788291892435931199	eager	620	MUL_MAT	MMQ	-	blk.11.shortconv.out_proj.weight	model.layers.{}.conv.out_proj-11	q4_K	f32	f32	2048	2048	1	1	2048	27	1	1	1152	2359296	2359296	8192	221184	221184	1	1	0	1	1
1	1788291892435931199	eager	620	MUL_MAT	MMQ	-	blk.12.attn_k.weight	Kcur-12	q4_K	f32	f32	2048	512	1	1	2048	27	1	1	1152	589824	589824	8192	221184	221184	1	1	0	1	1
1	1788291892435931199	eager	620	MUL_MAT	MMQ	-	blk.12.attn_output.weight	model.layers.{}.self_attn.out_proj-12	q4_K	f32	f32	2048	2048	1	1	2048	27	1	1	1152	2359296	2359296	8192	221184	221184	1	1	0	1	1
1	1788291892435931199	eager	620	MUL_MAT	MMQ	-	blk.12.attn_q.weight	Qcur-12	q4_K	f32	f32	2048	2048	1	1	2048	27	1	1	1152	2359296	2359296	8192	221184	221184	1	1	0	1	1
1	1788291892435931199	eager	620	MUL_MAT	MMQ	-	blk.12.attn_v.weight	Vcur-12	q4_K	f32	f32	2048	512	1	1	2048	27	1	1	1152	589824	589824	8192	221184	221184	1	1	0	1	1
1	1788291892435931199	eager	620	MUL_MAT	MMQ	-	blk.12.ffn_down.weight	node_508	q4_K	f32	f32	8192	2048	1	1	8192	27	1	1	4608	9437184	9437184	32768	884736	884736	1	1	0	1	1
1	1788291892435931199	eager	620	MUL_MAT	MMQ	-	blk.12.ffn_gate.weight	ffn_gate-12	q4_K	f32	f32	2048	8192	1	1	2048	27	1	1	1152	9437184	9437184	8192	221184	221184	1	1	0	1	1
1	1788291892435931199	eager	620	MUL_MAT	MMQ	-	blk.12.ffn_up.weight	ffn_up-12	q4_K	f32	f32	2048	8192	1	1	2048	27	1	1	1152	9437184	9437184	8192	221184	221184	1	1	0	1	1
1	1788291892435931199	eager	620	MUL_MAT	MMQ	-	blk.13.ffn_down.weight	node_533	q6_K	f32	f32	8192	2048	1	1	8192	27	1	1	6720	13762560	13762560	32768	884736	884736	1	1	0	1	1
1	1788291892435931199	eager	620	MUL_MAT	MMQ	-	blk.13.ffn_gate.weight	ffn_gate-13	q4_K	f32	f32	2048	8192	1	1	2048	27	1	1	1152	9437184	9437184	8192	221184	221184	1	1	0	1	1
1	1788291892435931199	eager	620	MUL_MAT	MMQ	-	blk.13.ffn_up.weight	ffn_up-13	q4_K	f32	f32	2048	8192	1	1	2048	27	1	1	1152	9437184	9437184	8192	221184	221184	1	1	0	1	1
1	1788291892435931199	eager	620	MUL_MAT	MMQ	-	blk.13.shortconv.in_proj.weight	model.layers.{}.conv.in_proj-13	q4_K	f32	f32	2048	6144	1	1	2048	27	1	1	1152	7077888	7077888	8192	221184	221184	1	1	0	1	1
1	1788291892435931199	eager	620	MUL_MAT	MMQ	-	blk.13.shortconv.out_proj.weight	model.layers.{}.conv.out_proj-13	q4_K	f32	f32	2048	2048	1	1	2048	27	1	1	1152	2359296	2359296	8192	221184	221184	1	1	0	1	1
1	1788291892435931199	eager	620	MUL_MAT	MMQ	-	blk.14.attn_k.weight	Kcur-14	q4_K	f32	f32	2048	512	1	1	2048	27	1	1	1152	589824	589824	8192	221184	221184	1	1	0	1	1
1	1788291892435931199	eager	620	MUL_MAT	MMQ	-	blk.14.attn_output.weight	model.layers.{}.self_attn.out_proj-14	q4_K	f32	f32	2048	2048	1	1	2048	27	1	1	1152	2359296	2359296	8192	221184	221184	1	1	0	1	1
1	1788291892435931199	eager	620	MUL_MAT	MMQ	-	blk.14.attn_q.weight	Qcur-14	q4_K	f32	f32	2048	2048	1	1	2048	27	1	1	1152	2359296	2359296	8192	221184	221184	1	1	0	1	1
1	1788291892435931199	eager	620	MUL_MAT	MMQ	-	blk.14.attn_v.weight	Vcur-14	q6_K	f32	f32	2048	512	1	1	2048	27	1	1	1680	860160	860160	8192	221184	221184	1	1	0	1	1
1	1788291892435931199	eager	620	MUL_MAT	MMQ	-	blk.14.ffn_down.weight	node_588	q6_K	f32	f32	8192	2048	1	1	8192	27	1	1	6720	13762560	13762560	32768	884736	884736	1	1	0	1	1
1	1788291892435931199	eager	620	MUL_MAT	MMQ	-	blk.14.ffn_gate.weight	ffn_gate-14	q4_K	f32	f32	2048	8192	1	1	2048	27	1	1	1152	9437184	9437184	8192	221184	221184	1	1	0	1	1
1	1788291892435931199	eager	620	MUL_MAT	MMQ	-	blk.14.ffn_up.weight	ffn_up-14	q4_K	f32	f32	2048	8192	1	1	2048	27	1	1	1152	9437184	9437184	8192	221184	221184	1	1	0	1	1
1	1788291892435931199	eager	620	MUL_MAT	MMQ	-	blk.15.shortconv.in_proj.weight	model.layers.{}.conv.in_proj-15	q4_K	f32	f32	2048	6144	1	1	2048	27	1	1	1152	7077888	7077888	8192	221184	221184	1	1	0	1	1
1	1788291892435931199	eager	620	MUL_MAT	MMQ	-	blk.15.shortconv.out_proj.weight	model.layers.{}.conv.out_proj-15	q4_K	f32	f32	2048	2048	1	1	2048	27	1	1	1152	2359296	2359296	8192	221184	221184	1	1	0	1	1
1	1788291892435931199	eager	620	MUL_MAT	MMQ	-	blk.2.attn_k.weight	Kcur-2	q4_K	f32	f32	2048	512	1	1	2048	27	1	1	1152	589824	589824	8192	221184	221184	1	1	0	1	1
1	1788291892435931199	eager	620	MUL_MAT	MMQ	-	blk.2.attn_output.weight	model.layers.{}.self_attn.out_proj-2	q4_K	f32	f32	2048	2048	1	1	2048	27	1	1	1152	2359296	2359296	8192	221184	221184	1	1	0	1	1
1	1788291892435931199	eager	620	MUL_MAT	MMQ	-	blk.2.attn_q.weight	Qcur-2	q4_K	f32	f32	2048	2048	1	1	2048	27	1	1	1152	2359296	2359296	8192	221184	221184	1	1	0	1	1
1	1788291892435931199	eager	620	MUL_MAT	MMQ	-	blk.2.attn_v.weight	Vcur-2	q4_K	f32	f32	2048	512	1	1	2048	27	1	1	1152	589824	589824	8192	221184	221184	1	1	0	1	1
1	1788291892435931199	eager	620	MUL_MAT	MMQ	-	blk.2.ffn_down.weight	node_122	q4_K	f32	f32	8192	2048	1	1	8192	27	1	1	4608	9437184	9437184	32768	884736	884736	1	1	0	1	1
1	1788291892435931199	eager	620	MUL_MAT	MMQ	-	blk.2.ffn_gate.weight	ffn_gate-2	q4_K	f32	f32	2048	8192	1	1	2048	27	1	1	1152	9437184	9437184	8192	221184	221184	1	1	0	1	1
1	1788291892435931199	eager	620	MUL_MAT	MMQ	-	blk.2.ffn_up.weight	ffn_up-2	q4_K	f32	f32	2048	8192	1	1	2048	27	1	1	1152	9437184	9437184	8192	221184	221184	1	1	0	1	1
1	1788291892435931199	eager	620	MUL_MAT	MMQ	-	blk.3.ffn_down.weight	node_155	q4_K	f32	f32	8192	2048	1	1	8192	27	1	1	4608	9437184	9437184	32768	884736	884736	1	1	0	1	1
1	1788291892435931199	eager	620	MUL_MAT	MMQ	-	blk.3.ffn_gate.weight	ffn_gate-3	q4_K	f32	f32	2048	8192	1	1	2048	27	1	1	1152	9437184	9437184	8192	221184	221184	1	1	0	1	1
1	1788291892435931199	eager	620	MUL_MAT	MMQ	-	blk.3.ffn_up.weight	ffn_up-3	q4_K	f32	f32	2048	8192	1	1	2048	27	1	1	1152	9437184	9437184	8192	221184	221184	1	1	0	1	1
1	1788291892435931199	eager	620	MUL_MAT	MMQ	-	blk.3.shortconv.in_proj.weight	model.layers.{}.conv.in_proj-3	q4_K	f32	f32	2048	6144	1	1	2048	27	1	1	1152	7077888	7077888	8192	221184	221184	1	1	0	1	1
1	1788291892435931199	eager	620	MUL_MAT	MMQ	-	blk.3.shortconv.out_proj.weight	model.layers.{}.conv.out_proj-3	q4_K	f32	f32	2048	2048	1	1	2048	27	1	1	1152	2359296	2359296	8192	221184	221184	1	1	0	1	1
1	1788291892435931199	eager	620	MUL_MAT	MMQ	-	blk.4.ffn_down.weight	node_180	q6_K	f32	f32	8192	2048	1	1	8192	27	1	1	6720	13762560	13762560	32768	884736	884736	1	1	0	1	1
1	1788291892435931199	eager	620	MUL_MAT	MMQ	-	blk.4.ffn_gate.weight	ffn_gate-4	q4_K	f32	f32	2048	8192	1	1	2048	27	1	1	1152	9437184	9437184	8192	221184	221184	1	1	0	1	1
1	1788291892435931199	eager	620	MUL_MAT	MMQ	-	blk.4.ffn_up.weight	ffn_up-4	q4_K	f32	f32	2048	8192	1	1	2048	27	1	1	1152	9437184	9437184	8192	221184	221184	1	1	0	1	1
1	1788291892435931199	eager	620	MUL_MAT	MMQ	-	blk.4.shortconv.in_proj.weight	model.layers.{}.conv.in_proj-4	q4_K	f32	f32	2048	6144	1	1	2048	27	1	1	1152	7077888	7077888	8192	221184	221184	1	1	0	1	1
1	1788291892435931199	eager	620	MUL_MAT	MMQ	-	blk.4.shortconv.out_proj.weight	model.layers.{}.conv.out_proj-4	q4_K	f32	f32	2048	2048	1	1	2048	27	1	1	1152	2359296	2359296	8192	221184	221184	1	1	0	1	1
1	1788291892435931199	eager	620	MUL_MAT	MMQ	-	blk.5.attn_k.weight	Kcur-5	q4_K	f32	f32	2048	512	1	1	2048	27	1	1	1152	589824	589824	8192	221184	221184	1	1	0	1	1
1	1788291892435931199	eager	620	MUL_MAT	MMQ	-	blk.5.attn_output.weight	model.layers.{}.self_attn.out_proj-5	q4_K	f32	f32	2048	2048	1	1	2048	27	1	1	1152	2359296	2359296	8192	221184	221184	1	1	0	1	1
1	1788291892435931199	eager	620	MUL_MAT	MMQ	-	blk.5.attn_q.weight	Qcur-5	q4_K	f32	f32	2048	2048	1	1	2048	27	1	1	1152	2359296	2359296	8192	221184	221184	1	1	0	1	1
1	1788291892435931199	eager	620	MUL_MAT	MMQ	-	blk.5.attn_v.weight	Vcur-5	q4_K	f32	f32	2048	512	1	1	2048	27	1	1	1152	589824	589824	8192	221184	221184	1	1	0	1	1
1	1788291892435931199	eager	620	MUL_MAT	MMQ	-	blk.5.ffn_down.weight	node_235	q4_K	f32	f32	8192	2048	1	1	8192	27	1	1	4608	9437184	9437184	32768	884736	884736	1	1	0	1	1
1	1788291892435931199	eager	620	MUL_MAT	MMQ	-	blk.5.ffn_gate.weight	ffn_gate-5	q4_K	f32	f32	2048	8192	1	1	2048	27	1	1	1152	9437184	9437184	8192	221184	221184	1	1	0	1	1
1	1788291892435931199	eager	620	MUL_MAT	MMQ	-	blk.5.ffn_up.weight	ffn_up-5	q4_K	f32	f32	2048	8192	1	1	2048	27	1	1	1152	9437184	9437184	8192	221184	221184	1	1	0	1	1
1	1788291892435931199	eager	620	MUL_MAT	MMQ	-	blk.6.ffn_down.weight	node_268	q4_K	f32	f32	8192	2048	1	1	8192	27	1	1	4608	9437184	9437184	32768	884736	884736	1	1	0	1	1
1	1788291892435931199	eager	620	MUL_MAT	MMQ	-	blk.6.ffn_gate.weight	ffn_gate-6	q4_K	f32	f32	2048	8192	1	1	2048	27	1	1	1152	9437184	9437184	8192	221184	221184	1	1	0	1	1
1	1788291892435931199	eager	620	MUL_MAT	MMQ	-	blk.6.ffn_up.weight	ffn_up-6	q4_K	f32	f32	2048	8192	1	1	2048	27	1	1	1152	9437184	9437184	8192	221184	221184	1	1	0	1	1
1	1788291892435931199	eager	620	MUL_MAT	MMQ	-	blk.6.shortconv.in_proj.weight	model.layers.{}.conv.in_proj-6	q4_K	f32	f32	2048	6144	1	1	2048	27	1	1	1152	7077888	7077888	8192	221184	221184	1	1	0	1	1
1	1788291892435931199	eager	620	MUL_MAT	MMQ	-	blk.6.shortconv.out_proj.weight	model.layers.{}.conv.out_proj-6	q4_K	f32	f32	2048	2048	1	1	2048	27	1	1	1152	2359296	2359296	8192	221184	221184	1	1	0	1	1
1	1788291892435931199	eager	620	MUL_MAT	MMQ	-	blk.7.ffn_down.weight	node_293	q6_K	f32	f32	8192	2048	1	1	8192	27	1	1	6720	13762560	13762560	32768	884736	884736	1	1	0	1	1
1	1788291892435931199	eager	620	MUL_MAT	MMQ	-	blk.7.ffn_gate.weight	ffn_gate-7	q4_K	f32	f32	2048	8192	1	1	2048	27	1	1	1152	9437184	9437184	8192	221184	221184	1	1	0	1	1
1	1788291892435931199	eager	620	MUL_MAT	MMQ	-	blk.7.ffn_up.weight	ffn_up-7	q4_K	f32	f32	2048	8192	1	1	2048	27	1	1	1152	9437184	9437184	8192	221184	221184	1	1	0	1	1
1	1788291892435931199	eager	620	MUL_MAT	MMQ	-	blk.7.shortconv.in_proj.weight	model.layers.{}.conv.in_proj-7	q4_K	f32	f32	2048	6144	1	1	2048	27	1	1	1152	7077888	7077888	8192	221184	221184	1	1	0	1	1
1	1788291892435931199	eager	620	MUL_MAT	MMQ	-	blk.7.shortconv.out_proj.weight	model.layers.{}.conv.out_proj-7	q4_K	f32	f32	2048	2048	1	1	2048	27	1	1	1152	2359296	2359296	8192	221184	221184	1	1	0	1	1
1	1788291892435931199	eager	620	MUL_MAT	MMQ	-	blk.8.attn_k.weight	Kcur-8	q4_K	f32	f32	2048	512	1	1	2048	27	1	1	1152	589824	589824	8192	221184	221184	1	1	0	1	1
1	1788291892435931199	eager	620	MUL_MAT	MMQ	-	blk.8.attn_output.weight	model.layers.{}.self_attn.out_proj-8	q4_K	f32	f32	2048	2048	1	1	2048	27	1	1	1152	2359296	2359296	8192	221184	221184	1	1	0	1	1
1	1788291892435931199	eager	620	MUL_MAT	MMQ	-	blk.8.attn_q.weight	Qcur-8	q4_K	f32	f32	2048	2048	1	1	2048	27	1	1	1152	2359296	2359296	8192	221184	221184	1	1	0	1	1
1	1788291892435931199	eager	620	MUL_MAT	MMQ	-	blk.8.attn_v.weight	Vcur-8	q6_K	f32	f32	2048	512	1	1	2048	27	1	1	1680	860160	860160	8192	221184	221184	1	1	0	1	1
1	1788291892435931199	eager	620	MUL_MAT	MMQ	-	blk.8.ffn_down.weight	node_348	q4_K	f32	f32	8192	2048	1	1	8192	27	1	1	4608	9437184	9437184	32768	884736	884736	1	1	0	1	1
1	1788291892435931199	eager	620	MUL_MAT	MMQ	-	blk.8.ffn_gate.weight	ffn_gate-8	q4_K	f32	f32	2048	8192	1	1	2048	27	1	1	1152	9437184	9437184	8192	221184	221184	1	1	0	1	1
1	1788291892435931199	eager	620	MUL_MAT	MMQ	-	blk.8.ffn_up.weight	ffn_up-8	q4_K	f32	f32	2048	8192	1	1	2048	27	1	1	1152	9437184	9437184	8192	221184	221184	1	1	0	1	1
1	1788291892435931199	eager	620	MUL_MAT	MMQ	-	blk.9.ffn_down.weight	node_373	q4_K	f32	f32	8192	2048	1	1	8192	27	1	1	4608	9437184	9437184	32768	884736	884736	1	1	0	1	1
1	1788291892435931199	eager	620	MUL_MAT	MMQ	-	blk.9.ffn_gate.weight	ffn_gate-9	q4_K	f32	f32	2048	8192	1	1	2048	27	1	1	1152	9437184	9437184	8192	221184	221184	1	1	0	1	1
1	1788291892435931199	eager	620	MUL_MAT	MMQ	-	blk.9.ffn_up.weight	ffn_up-9	q4_K	f32	f32	2048	8192	1	1	2048	27	1	1	1152	9437184	9437184	8192	221184	221184	1	1	0	1	1
1	1788291892435931199	eager	620	MUL_MAT	MMQ	-	blk.9.shortconv.in_proj.weight	model.layers.{}.conv.in_proj-9	q4_K	f32	f32	2048	6144	1	1	2048	27	1	1	1152	7077888	7077888	8192	221184	221184	1	1	0	1	1
1	1788291892435931199	eager	620	MUL_MAT	MMQ	-	blk.9.shortconv.out_proj.weight	model.layers.{}.conv.out_proj-9	q4_K	f32	f32	2048	2048	1	1	2048	27	1	1	1152	2359296	2359296	8192	221184	221184	1	1	0	1	1
1	1788291892435931199	eager	620	MUL_MAT	MMVQ	-	token_embd.weight	result_output	q6_K	f32	f32	2048	65536	1	1	2048	1	1	1	1680	110100480	110100480	8192	8192	8192	1	1	0	1	1
1	1788291892435931199	eager	620	MUL_MAT	MMVQ	fused	blk.15.ffn_down.weight	l_out-15	q6_K	f32	f32	8192	2048	1	1	8192	1	1	1	6720	13762560	13762560	32768	32768	32768	1	1	0	1	1
1	1788291892435931199	eager	620	MUL_MAT	MMVQ	fused	blk.15.ffn_up.weight	ffn_swiglu-15	q4_K	f32	f32	2048	8192	1	1	2048	1	1	1	1152	9437184	9437184	8192	8192	8192	1	1	0	1	1
2	1788291892452585735	eager	620	MUL_MAT	MMVQ	-	blk.0.shortconv.in_proj.weight	model.layers.{}.conv.in_proj-0	q4_K	f32	f32	2048	6144	1	1	2048	1	1	1	1152	7077888	7077888	8192	8192	8192	1	1	0	1	1
2	1788291892452585735	eager	620	MUL_MAT	MMVQ	-	blk.0.shortconv.out_proj.weight	model.layers.{}.conv.out_proj-0	q4_K	f32	f32	2048	2048	1	1	2048	1	1	1	1152	2359296	2359296	8192	8192	8192	1	1	0	1	1
2	1788291892452585735	eager	620	MUL_MAT	MMVQ	-	blk.1.shortconv.in_proj.weight	model.layers.{}.conv.in_proj-1	q4_K	f32	f32	2048	6144	1	1	2048	1	1	1	1152	7077888	7077888	8192	8192	8192	1	1	0	1	1
2	1788291892452585735	eager	620	MUL_MAT	MMVQ	-	blk.1.shortconv.out_proj.weight	model.layers.{}.conv.out_proj-1	q4_K	f32	f32	2048	2048	1	1	2048	1	1	1	1152	2359296	2359296	8192	8192	8192	1	1	0	1	1
2	1788291892452585735	eager	620	MUL_MAT	MMVQ	-	blk.10.attn_k.weight	Kcur-10	q4_K	f32	f32	2048	512	1	1	2048	1	1	1	1152	589824	589824	8192	8192	8192	1	1	0	1	1
2	1788291892452585735	eager	620	MUL_MAT	MMVQ	-	blk.10.attn_q.weight	Qcur-10	q4_K	f32	f32	2048	2048	1	1	2048	1	1	1	1152	2359296	2359296	8192	8192	8192	1	1	0	1	1
2	1788291892452585735	eager	620	MUL_MAT	MMVQ	-	blk.10.attn_v.weight	Vcur-10	q4_K	f32	f32	2048	512	1	1	2048	1	1	1	1152	589824	589824	8192	8192	8192	1	1	0	1	1
2	1788291892452585735	eager	620	MUL_MAT	MMVQ	-	blk.11.shortconv.in_proj.weight	model.layers.{}.conv.in_proj-11	q4_K	f32	f32	2048	6144	1	1	2048	1	1	1	1152	7077888	7077888	8192	8192	8192	1	1	0	1	1
2	1788291892452585735	eager	620	MUL_MAT	MMVQ	-	blk.11.shortconv.out_proj.weight	model.layers.{}.conv.out_proj-11	q4_K	f32	f32	2048	2048	1	1	2048	1	1	1	1152	2359296	2359296	8192	8192	8192	1	1	0	1	1
2	1788291892452585735	eager	620	MUL_MAT	MMVQ	-	blk.12.attn_k.weight	Kcur-12	q4_K	f32	f32	2048	512	1	1	2048	1	1	1	1152	589824	589824	8192	8192	8192	1	1	0	1	1
2	1788291892452585735	eager	620	MUL_MAT	MMVQ	-	blk.12.attn_q.weight	Qcur-12	q4_K	f32	f32	2048	2048	1	1	2048	1	1	1	1152	2359296	2359296	8192	8192	8192	1	1	0	1	1
2	1788291892452585735	eager	620	MUL_MAT	MMVQ	-	blk.12.attn_v.weight	Vcur-12	q4_K	f32	f32	2048	512	1	1	2048	1	1	1	1152	589824	589824	8192	8192	8192	1	1	0	1	1
2	1788291892452585735	eager	620	MUL_MAT	MMVQ	-	blk.13.shortconv.in_proj.weight	model.layers.{}.conv.in_proj-13	q4_K	f32	f32	2048	6144	1	1	2048	1	1	1	1152	7077888	7077888	8192	8192	8192	1	1	0	1	1
2	1788291892452585735	eager	620	MUL_MAT	MMVQ	-	blk.13.shortconv.out_proj.weight	model.layers.{}.conv.out_proj-13	q4_K	f32	f32	2048	2048	1	1	2048	1	1	1	1152	2359296	2359296	8192	8192	8192	1	1	0	1	1
2	1788291892452585735	eager	620	MUL_MAT	MMVQ	-	blk.14.attn_k.weight	Kcur-14	q4_K	f32	f32	2048	512	1	1	2048	1	1	1	1152	589824	589824	8192	8192	8192	1	1	0	1	1
2	1788291892452585735	eager	620	MUL_MAT	MMVQ	-	blk.14.attn_q.weight	Qcur-14	q4_K	f32	f32	2048	2048	1	1	2048	1	1	1	1152	2359296	2359296	8192	8192	8192	1	1	0	1	1
2	1788291892452585735	eager	620	MUL_MAT	MMVQ	-	blk.14.attn_v.weight	Vcur-14	q6_K	f32	f32	2048	512	1	1	2048	1	1	1	1680	860160	860160	8192	8192	8192	1	1	0	1	1
2	1788291892452585735	eager	620	MUL_MAT	MMVQ	-	blk.15.shortconv.in_proj.weight	model.layers.{}.conv.in_proj-15	q4_K	f32	f32	2048	6144	1	1	2048	1	1	1	1152	7077888	7077888	8192	8192	8192	1	1	0	1	1
2	1788291892452585735	eager	620	MUL_MAT	MMVQ	-	blk.15.shortconv.out_proj.weight	model.layers.{}.conv.out_proj-15	q4_K	f32	f32	2048	2048	1	1	2048	1	1	1	1152	2359296	2359296	8192	8192	8192	1	1	0	1	1
2	1788291892452585735	eager	620	MUL_MAT	MMVQ	-	blk.2.attn_k.weight	Kcur-2	q4_K	f32	f32	2048	512	1	1	2048	1	1	1	1152	589824	589824	8192	8192	8192	1	1	0	1	1
2	1788291892452585735	eager	620	MUL_MAT	MMVQ	-	blk.2.attn_q.weight	Qcur-2	q4_K	f32	f32	2048	2048	1	1	2048	1	1	1	1152	2359296	2359296	8192	8192	8192	1	1	0	1	1
2	1788291892452585735	eager	620	MUL_MAT	MMVQ	-	blk.2.attn_v.weight	Vcur-2	q4_K	f32	f32	2048	512	1	1	2048	1	1	1	1152	589824	589824	8192	8192	8192	1	1	0	1	1
2	1788291892452585735	eager	620	MUL_MAT	MMVQ	-	blk.3.shortconv.in_proj.weight	model.layers.{}.conv.in_proj-3	q4_K	f32	f32	2048	6144	1	1	2048	1	1	1	1152	7077888	7077888	8192	8192	8192	1	1	0	1	1
2	1788291892452585735	eager	620	MUL_MAT	MMVQ	-	blk.3.shortconv.out_proj.weight	model.layers.{}.conv.out_proj-3	q4_K	f32	f32	2048	2048	1	1	2048	1	1	1	1152	2359296	2359296	8192	8192	8192	1	1	0	1	1
2	1788291892452585735	eager	620	MUL_MAT	MMVQ	-	blk.4.shortconv.in_proj.weight	model.layers.{}.conv.in_proj-4	q4_K	f32	f32	2048	6144	1	1	2048	1	1	1	1152	7077888	7077888	8192	8192	8192	1	1	0	1	1
2	1788291892452585735	eager	620	MUL_MAT	MMVQ	-	blk.4.shortconv.out_proj.weight	model.layers.{}.conv.out_proj-4	q4_K	f32	f32	2048	2048	1	1	2048	1	1	1	1152	2359296	2359296	8192	8192	8192	1	1	0	1	1
2	1788291892452585735	eager	620	MUL_MAT	MMVQ	-	blk.5.attn_k.weight	Kcur-5	q4_K	f32	f32	2048	512	1	1	2048	1	1	1	1152	589824	589824	8192	8192	8192	1	1	0	1	1
2	1788291892452585735	eager	620	MUL_MAT	MMVQ	-	blk.5.attn_q.weight	Qcur-5	q4_K	f32	f32	2048	2048	1	1	2048	1	1	1	1152	2359296	2359296	8192	8192	8192	1	1	0	1	1
2	1788291892452585735	eager	620	MUL_MAT	MMVQ	-	blk.5.attn_v.weight	Vcur-5	q4_K	f32	f32	2048	512	1	1	2048	1	1	1	1152	589824	589824	8192	8192	8192	1	1	0	1	1
2	1788291892452585735	eager	620	MUL_MAT	MMVQ	-	blk.6.shortconv.in_proj.weight	model.layers.{}.conv.in_proj-6	q4_K	f32	f32	2048	6144	1	1	2048	1	1	1	1152	7077888	7077888	8192	8192	8192	1	1	0	1	1
2	1788291892452585735	eager	620	MUL_MAT	MMVQ	-	blk.6.shortconv.out_proj.weight	model.layers.{}.conv.out_proj-6	q4_K	f32	f32	2048	2048	1	1	2048	1	1	1	1152	2359296	2359296	8192	8192	8192	1	1	0	1	1
2	1788291892452585735	eager	620	MUL_MAT	MMVQ	-	blk.7.shortconv.in_proj.weight	model.layers.{}.conv.in_proj-7	q4_K	f32	f32	2048	6144	1	1	2048	1	1	1	1152	7077888	7077888	8192	8192	8192	1	1	0	1	1
2	1788291892452585735	eager	620	MUL_MAT	MMVQ	-	blk.7.shortconv.out_proj.weight	model.layers.{}.conv.out_proj-7	q4_K	f32	f32	2048	2048	1	1	2048	1	1	1	1152	2359296	2359296	8192	8192	8192	1	1	0	1	1
2	1788291892452585735	eager	620	MUL_MAT	MMVQ	-	blk.8.attn_k.weight	Kcur-8	q4_K	f32	f32	2048	512	1	1	2048	1	1	1	1152	589824	589824	8192	8192	8192	1	1	0	1	1
2	1788291892452585735	eager	620	MUL_MAT	MMVQ	-	blk.8.attn_q.weight	Qcur-8	q4_K	f32	f32	2048	2048	1	1	2048	1	1	1	1152	2359296	2359296	8192	8192	8192	1	1	0	1	1
2	1788291892452585735	eager	620	MUL_MAT	MMVQ	-	blk.8.attn_v.weight	Vcur-8	q6_K	f32	f32	2048	512	1	1	2048	1	1	1	1680	860160	860160	8192	8192	8192	1	1	0	1	1
2	1788291892452585735	eager	620	MUL_MAT	MMVQ	-	blk.9.shortconv.in_proj.weight	model.layers.{}.conv.in_proj-9	q4_K	f32	f32	2048	6144	1	1	2048	1	1	1	1152	7077888	7077888	8192	8192	8192	1	1	0	1	1
2	1788291892452585735	eager	620	MUL_MAT	MMVQ	-	blk.9.shortconv.out_proj.weight	model.layers.{}.conv.out_proj-9	q4_K	f32	f32	2048	2048	1	1	2048	1	1	1	1152	2359296	2359296	8192	8192	8192	1	1	0	1	1
2	1788291892452585735	eager	620	MUL_MAT	MMVQ	-	token_embd.weight	result_output	q6_K	f32	f32	2048	65536	1	1	2048	1	1	1	1680	110100480	110100480	8192	8192	8192	1	1	0	1	1
2	1788291892452585735	eager	620	MUL_MAT	MMVQ	fused	blk.0.ffn_down.weight	l_out-0	q6_K	f32	f32	8192	2048	1	1	8192	1	1	1	6720	13762560	13762560	32768	32768	32768	1	1	0	1	1
2	1788291892452585735	eager	620	MUL_MAT	MMVQ	fused	blk.0.ffn_up.weight	ffn_swiglu-0	q4_K	f32	f32	2048	8192	1	1	2048	1	1	1	1152	9437184	9437184	8192	8192	8192	1	1	0	1	1
2	1788291892452585735	eager	620	MUL_MAT	MMVQ	fused	blk.1.ffn_down.weight	l_out-1	q6_K	f32	f32	8192	2048	1	1	8192	1	1	1	6720	13762560	13762560	32768	32768	32768	1	1	0	1	1
2	1788291892452585735	eager	620	MUL_MAT	MMVQ	fused	blk.1.ffn_up.weight	ffn_swiglu-1	q4_K	f32	f32	2048	8192	1	1	2048	1	1	1	1152	9437184	9437184	8192	8192	8192	1	1	0	1	1
2	1788291892452585735	eager	620	MUL_MAT	MMVQ	fused	blk.10.attn_output.weight	node_422	q4_K	f32	f32	2048	2048	1	1	2048	1	1	1	1152	2359296	2359296	8192	8192	8192	1	1	0	1	1
2	1788291892452585735	eager	620	MUL_MAT	MMVQ	fused	blk.10.ffn_down.weight	l_out-10	q6_K	f32	f32	8192	2048	1	1	8192	1	1	1	6720	13762560	13762560	32768	32768	32768	1	1	0	1	1
2	1788291892452585735	eager	620	MUL_MAT	MMVQ	fused	blk.10.ffn_up.weight	ffn_swiglu-10	q4_K	f32	f32	2048	8192	1	1	2048	1	1	1	1152	9437184	9437184	8192	8192	8192	1	1	0	1	1
2	1788291892452585735	eager	620	MUL_MAT	MMVQ	fused	blk.11.ffn_down.weight	l_out-11	q4_K	f32	f32	8192	2048	1	1	8192	1	1	1	4608	9437184	9437184	32768	32768	32768	1	1	0	1	1
2	1788291892452585735	eager	620	MUL_MAT	MMVQ	fused	blk.11.ffn_up.weight	ffn_swiglu-11	q4_K	f32	f32	2048	8192	1	1	2048	1	1	1	1152	9437184	9437184	8192	8192	8192	1	1	0	1	1
2	1788291892452585735	eager	620	MUL_MAT	MMVQ	fused	blk.12.attn_output.weight	node_502	q4_K	f32	f32	2048	2048	1	1	2048	1	1	1	1152	2359296	2359296	8192	8192	8192	1	1	0	1	1
2	1788291892452585735	eager	620	MUL_MAT	MMVQ	fused	blk.12.ffn_down.weight	l_out-12	q4_K	f32	f32	8192	2048	1	1	8192	1	1	1	4608	9437184	9437184	32768	32768	32768	1	1	0	1	1
2	1788291892452585735	eager	620	MUL_MAT	MMVQ	fused	blk.12.ffn_up.weight	ffn_swiglu-12	q4_K	f32	f32	2048	8192	1	1	2048	1	1	1	1152	9437184	9437184	8192	8192	8192	1	1	0	1	1
2	1788291892452585735	eager	620	MUL_MAT	MMVQ	fused	blk.13.ffn_down.weight	l_out-13	q6_K	f32	f32	8192	2048	1	1	8192	1	1	1	6720	13762560	13762560	32768	32768	32768	1	1	0	1	1
2	1788291892452585735	eager	620	MUL_MAT	MMVQ	fused	blk.13.ffn_up.weight	ffn_swiglu-13	q4_K	f32	f32	2048	8192	1	1	2048	1	1	1	1152	9437184	9437184	8192	8192	8192	1	1	0	1	1
2	1788291892452585735	eager	620	MUL_MAT	MMVQ	fused	blk.14.attn_output.weight	node_582	q4_K	f32	f32	2048	2048	1	1	2048	1	1	1	1152	2359296	2359296	8192	8192	8192	1	1	0	1	1
2	1788291892452585735	eager	620	MUL_MAT	MMVQ	fused	blk.14.ffn_down.weight	l_out-14	q6_K	f32	f32	8192	2048	1	1	8192	1	1	1	6720	13762560	13762560	32768	32768	32768	1	1	0	1	1
2	1788291892452585735	eager	620	MUL_MAT	MMVQ	fused	blk.14.ffn_up.weight	ffn_swiglu-14	q4_K	f32	f32	2048	8192	1	1	2048	1	1	1	1152	9437184	9437184	8192	8192	8192	1	1	0	1	1
2	1788291892452585735	eager	620	MUL_MAT	MMVQ	fused	blk.15.ffn_down.weight	l_out-15	q6_K	f32	f32	8192	2048	1	1	8192	1	1	1	6720	13762560	13762560	32768	32768	32768	1	1	0	1	1
2	1788291892452585735	eager	620	MUL_MAT	MMVQ	fused	blk.15.ffn_up.weight	ffn_swiglu-15	q4_K	f32	f32	2048	8192	1	1	2048	1	1	1	1152	9437184	9437184	8192	8192	8192	1	1	0	1	1
2	1788291892452585735	eager	620	MUL_MAT	MMVQ	fused	blk.2.attn_output.weight	node_116	q4_K	f32	f32	2048	2048	1	1	2048	1	1	1	1152	2359296	2359296	8192	8192	8192	1	1	0	1	1
2	1788291892452585735	eager	620	MUL_MAT	MMVQ	fused	blk.2.ffn_down.weight	l_out-2	q4_K	f32	f32	8192	2048	1	1	8192	1	1	1	4608	9437184	9437184	32768	32768	32768	1	1	0	1	1
2	1788291892452585735	eager	620	MUL_MAT	MMVQ	fused	blk.2.ffn_up.weight	ffn_swiglu-2	q4_K	f32	f32	2048	8192	1	1	2048	1	1	1	1152	9437184	9437184	8192	8192	8192	1	1	0	1	1
2	1788291892452585735	eager	620	MUL_MAT	MMVQ	fused	blk.3.ffn_down.weight	l_out-3	q4_K	f32	f32	8192	2048	1	1	8192	1	1	1	4608	9437184	9437184	32768	32768	32768	1	1	0	1	1
2	1788291892452585735	eager	620	MUL_MAT	MMVQ	fused	blk.3.ffn_up.weight	ffn_swiglu-3	q4_K	f32	f32	2048	8192	1	1	2048	1	1	1	1152	9437184	9437184	8192	8192	8192	1	1	0	1	1
2	1788291892452585735	eager	620	MUL_MAT	MMVQ	fused	blk.4.ffn_down.weight	l_out-4	q6_K	f32	f32	8192	2048	1	1	8192	1	1	1	6720	13762560	13762560	32768	32768	32768	1	1	0	1	1
2	1788291892452585735	eager	620	MUL_MAT	MMVQ	fused	blk.4.ffn_up.weight	ffn_swiglu-4	q4_K	f32	f32	2048	8192	1	1	2048	1	1	1	1152	9437184	9437184	8192	8192	8192	1	1	0	1	1
2	1788291892452585735	eager	620	MUL_MAT	MMVQ	fused	blk.5.attn_output.weight	node_229	q4_K	f32	f32	2048	2048	1	1	2048	1	1	1	1152	2359296	2359296	8192	8192	8192	1	1	0	1	1
2	1788291892452585735	eager	620	MUL_MAT	MMVQ	fused	blk.5.ffn_down.weight	l_out-5	q4_K	f32	f32	8192	2048	1	1	8192	1	1	1	4608	9437184	9437184	32768	32768	32768	1	1	0	1	1
2	1788291892452585735	eager	620	MUL_MAT	MMVQ	fused	blk.5.ffn_up.weight	ffn_swiglu-5	q4_K	f32	f32	2048	8192	1	1	2048	1	1	1	1152	9437184	9437184	8192	8192	8192	1	1	0	1	1
2	1788291892452585735	eager	620	MUL_MAT	MMVQ	fused	blk.6.ffn_down.weight	l_out-6	q4_K	f32	f32	8192	2048	1	1	8192	1	1	1	4608	9437184	9437184	32768	32768	32768	1	1	0	1	1
2	1788291892452585735	eager	620	MUL_MAT	MMVQ	fused	blk.6.ffn_up.weight	ffn_swiglu-6	q4_K	f32	f32	2048	8192	1	1	2048	1	1	1	1152	9437184	9437184	8192	8192	8192	1	1	0	1	1
2	1788291892452585735	eager	620	MUL_MAT	MMVQ	fused	blk.7.ffn_down.weight	l_out-7	q6_K	f32	f32	8192	2048	1	1	8192	1	1	1	6720	13762560	13762560	32768	32768	32768	1	1	0	1	1
2	1788291892452585735	eager	620	MUL_MAT	MMVQ	fused	blk.7.ffn_up.weight	ffn_swiglu-7	q4_K	f32	f32	2048	8192	1	1	2048	1	1	1	1152	9437184	9437184	8192	8192	8192	1	1	0	1	1
2	1788291892452585735	eager	620	MUL_MAT	MMVQ	fused	blk.8.attn_output.weight	node_342	q4_K	f32	f32	2048	2048	1	1	2048	1	1	1	1152	2359296	2359296	8192	8192	8192	1	1	0	1	1
2	1788291892452585735	eager	620	MUL_MAT	MMVQ	fused	blk.8.ffn_down.weight	l_out-8	q4_K	f32	f32	8192	2048	1	1	8192	1	1	1	4608	9437184	9437184	32768	32768	32768	1	1	0	1	1
2	1788291892452585735	eager	620	MUL_MAT	MMVQ	fused	blk.8.ffn_up.weight	ffn_swiglu-8	q4_K	f32	f32	2048	8192	1	1	2048	1	1	1	1152	9437184	9437184	8192	8192	8192	1	1	0	1	1
2	1788291892452585735	eager	620	MUL_MAT	MMVQ	fused	blk.9.ffn_down.weight	l_out-9	q4_K	f32	f32	8192	2048	1	1	8192	1	1	1	4608	9437184	9437184	32768	32768	32768	1	1	0	1	1
2	1788291892452585735	eager	620	MUL_MAT	MMVQ	fused	blk.9.ffn_up.weight	ffn_swiglu-9	q4_K	f32	f32	2048	8192	1	1	2048	1	1	1	1152	9437184	9437184	8192	8192	8192	1	1	0	1	1
3	1788291892456228831	capture	620	MUL_MAT	MMVQ	-	blk.0.shortconv.in_proj.weight	model.layers.{}.conv.in_proj-0	q4_K	f32	f32	2048	6144	1	1	2048	1	1	1	1152	7077888	7077888	8192	8192	8192	1	1	0	1	1
3	1788291892456228831	capture	620	MUL_MAT	MMVQ	-	blk.0.shortconv.out_proj.weight	model.layers.{}.conv.out_proj-0	q4_K	f32	f32	2048	2048	1	1	2048	1	1	1	1152	2359296	2359296	8192	8192	8192	1	1	0	1	1
3	1788291892456228831	capture	620	MUL_MAT	MMVQ	-	blk.1.shortconv.in_proj.weight	model.layers.{}.conv.in_proj-1	q4_K	f32	f32	2048	6144	1	1	2048	1	1	1	1152	7077888	7077888	8192	8192	8192	1	1	0	1	1
3	1788291892456228831	capture	620	MUL_MAT	MMVQ	-	blk.1.shortconv.out_proj.weight	model.layers.{}.conv.out_proj-1	q4_K	f32	f32	2048	2048	1	1	2048	1	1	1	1152	2359296	2359296	8192	8192	8192	1	1	0	1	1
3	1788291892456228831	capture	620	MUL_MAT	MMVQ	-	blk.10.attn_k.weight	Kcur-10	q4_K	f32	f32	2048	512	1	1	2048	1	1	1	1152	589824	589824	8192	8192	8192	1	1	0	1	1
3	1788291892456228831	capture	620	MUL_MAT	MMVQ	-	blk.10.attn_q.weight	Qcur-10	q4_K	f32	f32	2048	2048	1	1	2048	1	1	1	1152	2359296	2359296	8192	8192	8192	1	1	0	1	1
3	1788291892456228831	capture	620	MUL_MAT	MMVQ	-	blk.10.attn_v.weight	Vcur-10	q4_K	f32	f32	2048	512	1	1	2048	1	1	1	1152	589824	589824	8192	8192	8192	1	1	0	1	1
3	1788291892456228831	capture	620	MUL_MAT	MMVQ	-	blk.11.shortconv.in_proj.weight	model.layers.{}.conv.in_proj-11	q4_K	f32	f32	2048	6144	1	1	2048	1	1	1	1152	7077888	7077888	8192	8192	8192	1	1	0	1	1
3	1788291892456228831	capture	620	MUL_MAT	MMVQ	-	blk.11.shortconv.out_proj.weight	model.layers.{}.conv.out_proj-11	q4_K	f32	f32	2048	2048	1	1	2048	1	1	1	1152	2359296	2359296	8192	8192	8192	1	1	0	1	1
3	1788291892456228831	capture	620	MUL_MAT	MMVQ	-	blk.12.attn_k.weight	Kcur-12	q4_K	f32	f32	2048	512	1	1	2048	1	1	1	1152	589824	589824	8192	8192	8192	1	1	0	1	1
3	1788291892456228831	capture	620	MUL_MAT	MMVQ	-	blk.12.attn_q.weight	Qcur-12	q4_K	f32	f32	2048	2048	1	1	2048	1	1	1	1152	2359296	2359296	8192	8192	8192	1	1	0	1	1
3	1788291892456228831	capture	620	MUL_MAT	MMVQ	-	blk.12.attn_v.weight	Vcur-12	q4_K	f32	f32	2048	512	1	1	2048	1	1	1	1152	589824	589824	8192	8192	8192	1	1	0	1	1
3	1788291892456228831	capture	620	MUL_MAT	MMVQ	-	blk.13.shortconv.in_proj.weight	model.layers.{}.conv.in_proj-13	q4_K	f32	f32	2048	6144	1	1	2048	1	1	1	1152	7077888	7077888	8192	8192	8192	1	1	0	1	1
3	1788291892456228831	capture	620	MUL_MAT	MMVQ	-	blk.13.shortconv.out_proj.weight	model.layers.{}.conv.out_proj-13	q4_K	f32	f32	2048	2048	1	1	2048	1	1	1	1152	2359296	2359296	8192	8192	8192	1	1	0	1	1
3	1788291892456228831	capture	620	MUL_MAT	MMVQ	-	blk.14.attn_k.weight	Kcur-14	q4_K	f32	f32	2048	512	1	1	2048	1	1	1	1152	589824	589824	8192	8192	8192	1	1	0	1	1
3	1788291892456228831	capture	620	MUL_MAT	MMVQ	-	blk.14.attn_q.weight	Qcur-14	q4_K	f32	f32	2048	2048	1	1	2048	1	1	1	1152	2359296	2359296	8192	8192	8192	1	1	0	1	1
3	1788291892456228831	capture	620	MUL_MAT	MMVQ	-	blk.14.attn_v.weight	Vcur-14	q6_K	f32	f32	2048	512	1	1	2048	1	1	1	1680	860160	860160	8192	8192	8192	1	1	0	1	1
3	1788291892456228831	capture	620	MUL_MAT	MMVQ	-	blk.15.shortconv.in_proj.weight	model.layers.{}.conv.in_proj-15	q4_K	f32	f32	2048	6144	1	1	2048	1	1	1	1152	7077888	7077888	8192	8192	8192	1	1	0	1	1
3	1788291892456228831	capture	620	MUL_MAT	MMVQ	-	blk.15.shortconv.out_proj.weight	model.layers.{}.conv.out_proj-15	q4_K	f32	f32	2048	2048	1	1	2048	1	1	1	1152	2359296	2359296	8192	8192	8192	1	1	0	1	1
3	1788291892456228831	capture	620	MUL_MAT	MMVQ	-	blk.2.attn_k.weight	Kcur-2	q4_K	f32	f32	2048	512	1	1	2048	1	1	1	1152	589824	589824	8192	8192	8192	1	1	0	1	1
3	1788291892456228831	capture	620	MUL_MAT	MMVQ	-	blk.2.attn_q.weight	Qcur-2	q4_K	f32	f32	2048	2048	1	1	2048	1	1	1	1152	2359296	2359296	8192	8192	8192	1	1	0	1	1
3	1788291892456228831	capture	620	MUL_MAT	MMVQ	-	blk.2.attn_v.weight	Vcur-2	q4_K	f32	f32	2048	512	1	1	2048	1	1	1	1152	589824	589824	8192	8192	8192	1	1	0	1	1
3	1788291892456228831	capture	620	MUL_MAT	MMVQ	-	blk.3.shortconv.in_proj.weight	model.layers.{}.conv.in_proj-3	q4_K	f32	f32	2048	6144	1	1	2048	1	1	1	1152	7077888	7077888	8192	8192	8192	1	1	0	1	1
3	1788291892456228831	capture	620	MUL_MAT	MMVQ	-	blk.3.shortconv.out_proj.weight	model.layers.{}.conv.out_proj-3	q4_K	f32	f32	2048	2048	1	1	2048	1	1	1	1152	2359296	2359296	8192	8192	8192	1	1	0	1	1
3	1788291892456228831	capture	620	MUL_MAT	MMVQ	-	blk.4.shortconv.in_proj.weight	model.layers.{}.conv.in_proj-4	q4_K	f32	f32	2048	6144	1	1	2048	1	1	1	1152	7077888	7077888	8192	8192	8192	1	1	0	1	1
3	1788291892456228831	capture	620	MUL_MAT	MMVQ	-	blk.4.shortconv.out_proj.weight	model.layers.{}.conv.out_proj-4	q4_K	f32	f32	2048	2048	1	1	2048	1	1	1	1152	2359296	2359296	8192	8192	8192	1	1	0	1	1
3	1788291892456228831	capture	620	MUL_MAT	MMVQ	-	blk.5.attn_k.weight	Kcur-5	q4_K	f32	f32	2048	512	1	1	2048	1	1	1	1152	589824	589824	8192	8192	8192	1	1	0	1	1
3	1788291892456228831	capture	620	MUL_MAT	MMVQ	-	blk.5.attn_q.weight	Qcur-5	q4_K	f32	f32	2048	2048	1	1	2048	1	1	1	1152	2359296	2359296	8192	8192	8192	1	1	0	1	1
3	1788291892456228831	capture	620	MUL_MAT	MMVQ	-	blk.5.attn_v.weight	Vcur-5	q4_K	f32	f32	2048	512	1	1	2048	1	1	1	1152	589824	589824	8192	8192	8192	1	1	0	1	1
3	1788291892456228831	capture	620	MUL_MAT	MMVQ	-	blk.6.shortconv.in_proj.weight	model.layers.{}.conv.in_proj-6	q4_K	f32	f32	2048	6144	1	1	2048	1	1	1	1152	7077888	7077888	8192	8192	8192	1	1	0	1	1
3	1788291892456228831	capture	620	MUL_MAT	MMVQ	-	blk.6.shortconv.out_proj.weight	model.layers.{}.conv.out_proj-6	q4_K	f32	f32	2048	2048	1	1	2048	1	1	1	1152	2359296	2359296	8192	8192	8192	1	1	0	1	1
3	1788291892456228831	capture	620	MUL_MAT	MMVQ	-	blk.7.shortconv.in_proj.weight	model.layers.{}.conv.in_proj-7	q4_K	f32	f32	2048	6144	1	1	2048	1	1	1	1152	7077888	7077888	8192	8192	8192	1	1	0	1	1
3	1788291892456228831	capture	620	MUL_MAT	MMVQ	-	blk.7.shortconv.out_proj.weight	model.layers.{}.conv.out_proj-7	q4_K	f32	f32	2048	2048	1	1	2048	1	1	1	1152	2359296	2359296	8192	8192	8192	1	1	0	1	1
3	1788291892456228831	capture	620	MUL_MAT	MMVQ	-	blk.8.attn_k.weight	Kcur-8	q4_K	f32	f32	2048	512	1	1	2048	1	1	1	1152	589824	589824	8192	8192	8192	1	1	0	1	1
3	1788291892456228831	capture	620	MUL_MAT	MMVQ	-	blk.8.attn_q.weight	Qcur-8	q4_K	f32	f32	2048	2048	1	1	2048	1	1	1	1152	2359296	2359296	8192	8192	8192	1	1	0	1	1
3	1788291892456228831	capture	620	MUL_MAT	MMVQ	-	blk.8.attn_v.weight	Vcur-8	q6_K	f32	f32	2048	512	1	1	2048	1	1	1	1680	860160	860160	8192	8192	8192	1	1	0	1	1
3	1788291892456228831	capture	620	MUL_MAT	MMVQ	-	blk.9.shortconv.in_proj.weight	model.layers.{}.conv.in_proj-9	q4_K	f32	f32	2048	6144	1	1	2048	1	1	1	1152	7077888	7077888	8192	8192	8192	1	1	0	1	1
3	1788291892456228831	capture	620	MUL_MAT	MMVQ	-	blk.9.shortconv.out_proj.weight	model.layers.{}.conv.out_proj-9	q4_K	f32	f32	2048	2048	1	1	2048	1	1	1	1152	2359296	2359296	8192	8192	8192	1	1	0	1	1
3	1788291892456228831	capture	620	MUL_MAT	MMVQ	-	token_embd.weight	result_output	q6_K	f32	f32	2048	65536	1	1	2048	1	1	1	1680	110100480	110100480	8192	8192	8192	1	1	0	1	1
3	1788291892456228831	capture	620	MUL_MAT	MMVQ	fused	blk.0.ffn_down.weight	l_out-0	q6_K	f32	f32	8192	2048	1	1	8192	1	1	1	6720	13762560	13762560	32768	32768	32768	1	1	0	1	1
3	1788291892456228831	capture	620	MUL_MAT	MMVQ	fused	blk.0.ffn_up.weight	ffn_swiglu-0	q4_K	f32	f32	2048	8192	1	1	2048	1	1	1	1152	9437184	9437184	8192	8192	8192	1	1	0	1	1
3	1788291892456228831	capture	620	MUL_MAT	MMVQ	fused	blk.1.ffn_down.weight	l_out-1	q6_K	f32	f32	8192	2048	1	1	8192	1	1	1	6720	13762560	13762560	32768	32768	32768	1	1	0	1	1
3	1788291892456228831	capture	620	MUL_MAT	MMVQ	fused	blk.1.ffn_up.weight	ffn_swiglu-1	q4_K	f32	f32	2048	8192	1	1	2048	1	1	1	1152	9437184	9437184	8192	8192	8192	1	1	0	1	1
3	1788291892456228831	capture	620	MUL_MAT	MMVQ	fused	blk.10.attn_output.weight	node_422	q4_K	f32	f32	2048	2048	1	1	2048	1	1	1	1152	2359296	2359296	8192	8192	8192	1	1	0	1	1
3	1788291892456228831	capture	620	MUL_MAT	MMVQ	fused	blk.10.ffn_down.weight	l_out-10	q6_K	f32	f32	8192	2048	1	1	8192	1	1	1	6720	13762560	13762560	32768	32768	32768	1	1	0	1	1
3	1788291892456228831	capture	620	MUL_MAT	MMVQ	fused	blk.10.ffn_up.weight	ffn_swiglu-10	q4_K	f32	f32	2048	8192	1	1	2048	1	1	1	1152	9437184	9437184	8192	8192	8192	1	1	0	1	1
3	1788291892456228831	capture	620	MUL_MAT	MMVQ	fused	blk.11.ffn_down.weight	l_out-11	q4_K	f32	f32	8192	2048	1	1	8192	1	1	1	4608	9437184	9437184	32768	32768	32768	1	1	0	1	1
3	1788291892456228831	capture	620	MUL_MAT	MMVQ	fused	blk.11.ffn_up.weight	ffn_swiglu-11	q4_K	f32	f32	2048	8192	1	1	2048	1	1	1	1152	9437184	9437184	8192	8192	8192	1	1	0	1	1
3	1788291892456228831	capture	620	MUL_MAT	MMVQ	fused	blk.12.attn_output.weight	node_502	q4_K	f32	f32	2048	2048	1	1	2048	1	1	1	1152	2359296	2359296	8192	8192	8192	1	1	0	1	1
3	1788291892456228831	capture	620	MUL_MAT	MMVQ	fused	blk.12.ffn_down.weight	l_out-12	q4_K	f32	f32	8192	2048	1	1	8192	1	1	1	4608	9437184	9437184	32768	32768	32768	1	1	0	1	1
3	1788291892456228831	capture	620	MUL_MAT	MMVQ	fused	blk.12.ffn_up.weight	ffn_swiglu-12	q4_K	f32	f32	2048	8192	1	1	2048	1	1	1	1152	9437184	9437184	8192	8192	8192	1	1	0	1	1
3	1788291892456228831	capture	620	MUL_MAT	MMVQ	fused	blk.13.ffn_down.weight	l_out-13	q6_K	f32	f32	8192	2048	1	1	8192	1	1	1	6720	13762560	13762560	32768	32768	32768	1	1	0	1	1
3	1788291892456228831	capture	620	MUL_MAT	MMVQ	fused	blk.13.ffn_up.weight	ffn_swiglu-13	q4_K	f32	f32	2048	8192	1	1	2048	1	1	1	1152	9437184	9437184	8192	8192	8192	1	1	0	1	1
3	1788291892456228831	capture	620	MUL_MAT	MMVQ	fused	blk.14.attn_output.weight	node_582	q4_K	f32	f32	2048	2048	1	1	2048	1	1	1	1152	2359296	2359296	8192	8192	8192	1	1	0	1	1
3	1788291892456228831	capture	620	MUL_MAT	MMVQ	fused	blk.14.ffn_down.weight	l_out-14	q6_K	f32	f32	8192	2048	1	1	8192	1	1	1	6720	13762560	13762560	32768	32768	32768	1	1	0	1	1
3	1788291892456228831	capture	620	MUL_MAT	MMVQ	fused	blk.14.ffn_up.weight	ffn_swiglu-14	q4_K	f32	f32	2048	8192	1	1	2048	1	1	1	1152	9437184	9437184	8192	8192	8192	1	1	0	1	1
3	1788291892456228831	capture	620	MUL_MAT	MMVQ	fused	blk.15.ffn_down.weight	l_out-15	q6_K	f32	f32	8192	2048	1	1	8192	1	1	1	6720	13762560	13762560	32768	32768	32768	1	1	0	1	1
3	1788291892456228831	capture	620	MUL_MAT	MMVQ	fused	blk.15.ffn_up.weight	ffn_swiglu-15	q4_K	f32	f32	2048	8192	1	1	2048	1	1	1	1152	9437184	9437184	8192	8192	8192	1	1	0	1	1
3	1788291892456228831	capture	620	MUL_MAT	MMVQ	fused	blk.2.attn_output.weight	node_116	q4_K	f32	f32	2048	2048	1	1	2048	1	1	1	1152	2359296	2359296	8192	8192	8192	1	1	0	1	1
3	1788291892456228831	capture	620	MUL_MAT	MMVQ	fused	blk.2.ffn_down.weight	l_out-2	q4_K	f32	f32	8192	2048	1	1	8192	1	1	1	4608	9437184	9437184	32768	32768	32768	1	1	0	1	1
3	1788291892456228831	capture	620	MUL_MAT	MMVQ	fused	blk.2.ffn_up.weight	ffn_swiglu-2	q4_K	f32	f32	2048	8192	1	1	2048	1	1	1	1152	9437184	9437184	8192	8192	8192	1	1	0	1	1
3	1788291892456228831	capture	620	MUL_MAT	MMVQ	fused	blk.3.ffn_down.weight	l_out-3	q4_K	f32	f32	8192	2048	1	1	8192	1	1	1	4608	9437184	9437184	32768	32768	32768	1	1	0	1	1
3	1788291892456228831	capture	620	MUL_MAT	MMVQ	fused	blk.3.ffn_up.weight	ffn_swiglu-3	q4_K	f32	f32	2048	8192	1	1	2048	1	1	1	1152	9437184	9437184	8192	8192	8192	1	1	0	1	1
3	1788291892456228831	capture	620	MUL_MAT	MMVQ	fused	blk.4.ffn_down.weight	l_out-4	q6_K	f32	f32	8192	2048	1	1	8192	1	1	1	6720	13762560	13762560	32768	32768	32768	1	1	0	1	1
3	1788291892456228831	capture	620	MUL_MAT	MMVQ	fused	blk.4.ffn_up.weight	ffn_swiglu-4	q4_K	f32	f32	2048	8192	1	1	2048	1	1	1	1152	9437184	9437184	8192	8192	8192	1	1	0	1	1
3	1788291892456228831	capture	620	MUL_MAT	MMVQ	fused	blk.5.attn_output.weight	node_229	q4_K	f32	f32	2048	2048	1	1	2048	1	1	1	1152	2359296	2359296	8192	8192	8192	1	1	0	1	1
3	1788291892456228831	capture	620	MUL_MAT	MMVQ	fused	blk.5.ffn_down.weight	l_out-5	q4_K	f32	f32	8192	2048	1	1	8192	1	1	1	4608	9437184	9437184	32768	32768	32768	1	1	0	1	1
3	1788291892456228831	capture	620	MUL_MAT	MMVQ	fused	blk.5.ffn_up.weight	ffn_swiglu-5	q4_K	f32	f32	2048	8192	1	1	2048	1	1	1	1152	9437184	9437184	8192	8192	8192	1	1	0	1	1
3	1788291892456228831	capture	620	MUL_MAT	MMVQ	fused	blk.6.ffn_down.weight	l_out-6	q4_K	f32	f32	8192	2048	1	1	8192	1	1	1	4608	9437184	9437184	32768	32768	32768	1	1	0	1	1
3	1788291892456228831	capture	620	MUL_MAT	MMVQ	fused	blk.6.ffn_up.weight	ffn_swiglu-6	q4_K	f32	f32	2048	8192	1	1	2048	1	1	1	1152	9437184	9437184	8192	8192	8192	1	1	0	1	1
3	1788291892456228831	capture	620	MUL_MAT	MMVQ	fused	blk.7.ffn_down.weight	l_out-7	q6_K	f32	f32	8192	2048	1	1	8192	1	1	1	6720	13762560	13762560	32768	32768	32768	1	1	0	1	1
3	1788291892456228831	capture	620	MUL_MAT	MMVQ	fused	blk.7.ffn_up.weight	ffn_swiglu-7	q4_K	f32	f32	2048	8192	1	1	2048	1	1	1	1152	9437184	9437184	8192	8192	8192	1	1	0	1	1
3	1788291892456228831	capture	620	MUL_MAT	MMVQ	fused	blk.8.attn_output.weight	node_342	q4_K	f32	f32	2048	2048	1	1	2048	1	1	1	1152	2359296	2359296	8192	8192	8192	1	1	0	1	1
3	1788291892456228831	capture	620	MUL_MAT	MMVQ	fused	blk.8.ffn_down.weight	l_out-8	q4_K	f32	f32	8192	2048	1	1	8192	1	1	1	4608	9437184	9437184	32768	32768	32768	1	1	0	1	1
3	1788291892456228831	capture	620	MUL_MAT	MMVQ	fused	blk.8.ffn_up.weight	ffn_swiglu-8	q4_K	f32	f32	2048	8192	1	1	2048	1	1	1	1152	9437184	9437184	8192	8192	8192	1	1	0	1	1
3	1788291892456228831	capture	620	MUL_MAT	MMVQ	fused	blk.9.ffn_down.weight	l_out-9	q4_K	f32	f32	8192	2048	1	1	8192	1	1	1	4608	9437184	9437184	32768	32768	32768	1	1	0	1	1
3	1788291892456228831	capture	620	MUL_MAT	MMVQ	fused	blk.9.ffn_up.weight	ffn_swiglu-9	q4_K	f32	f32	2048	8192	1	1	2048	1	1	1	1152	9437184	9437184	8192	8192	8192	1	1	0	1	1
4	1788291892460722245	replay	620	-	graph_replay	-	-	-	-	-	-	-	-	-	-	-	-	-	-	-	-	-	-	-	-	-	-	-	-	1
5	1788291892463021676	replay	620	-	graph_replay	-	-	-	-	-	-	-	-	-	-	-	-	-	-	-	-	-	-	-	-	-	-	-	-	1
6	1788291892465143092	replay	620	-	graph_replay	-	-	-	-	-	-	-	-	-	-	-	-	-	-	-	-	-	-	-	-	-	-	-	-	1
7	1788291892467359307	replay	620	-	graph_replay	-	-	-	-	-	-	-	-	-	-	-	-	-	-	-	-	-	-	-	-	-	-	-	-	1
8	1788291892469656163	replay	620	-	graph_replay	-	-	-	-	-	-	-	-	-	-	-	-	-	-	-	-	-	-	-	-	-	-	-	-	1
9	1788291892471957357	replay	620	-	graph_replay	-	-	-	-	-	-	-	-	-	-	-	-	-	-	-	-	-	-	-	-	-	-	-	-	1
10	1788291892474244055	replay	620	-	graph_replay	-	-	-	-	-	-	-	-	-	-	-	-	-	-	-	-	-	-	-	-	-	-	-	-	1
11	1788291892476633735	replay	620	-	graph_replay	-	-	-	-	-	-	-	-	-	-	-	-	-	-	-	-	-	-	-	-	-	-	-	-	1
12	1788291892478947573	replay	620	-	graph_replay	-	-	-	-	-	-	-	-	-	-	-	-	-	-	-	-	-	-	-	-	-	-	-	-	1
13	1788291892481277742	replay	620	-	graph_replay	-	-	-	-	-	-	-	-	-	-	-	-	-	-	-	-	-	-	-	-	-	-	-	-	1
14	1788291892483792648	replay	620	-	graph_replay	-	-	-	-	-	-	-	-	-	-	-	-	-	-	-	-	-	-	-	-	-	-	-	-	1
15	1788291892486008712	replay	620	-	graph_replay	-	-	-	-	-	-	-	-	-	-	-	-	-	-	-	-	-	-	-	-	-	-	-	-	1
16	1788291892488301090	replay	620	-	graph_replay	-	-	-	-	-	-	-	-	-	-	-	-	-	-	-	-	-	-	-	-	-	-	-	-	1
17	1788291892491511182	replay	620	-	graph_replay	-	-	-	-	-	-	-	-	-	-	-	-	-	-	-	-	-	-	-	-	-	-	-	-	1
18	1788291892493753115	replay	620	-	graph_replay	-	-	-	-	-	-	-	-	-	-	-	-	-	-	-	-	-	-	-	-	-	-	-	-	1
19	1788291892496078996	replay	620	-	graph_replay	-	-	-	-	-	-	-	-	-	-	-	-	-	-	-	-	-	-	-	-	-	-	-	-	1
20	1788291892498357457	replay	620	-	graph_replay	-	-	-	-	-	-	-	-	-	-	-	-	-	-	-	-	-	-	-	-	-	-	-	-	1
21	1788291892500551891	replay	620	-	graph_replay	-	-	-	-	-	-	-	-	-	-	-	-	-	-	-	-	-	-	-	-	-	-	-	-	1
22	1788291892502867152	replay	620	-	graph_replay	-	-	-	-	-	-	-	-	-	-	-	-	-	-	-	-	-	-	-	-	-	-	-	-	1
23	1788291892505144912	replay	620	-	graph_replay	-	-	-	-	-	-	-	-	-	-	-	-	-	-	-	-	-	-	-	-	-	-	-	-	1
24	1788291892507451306	replay	620	-	graph_replay	-	-	-	-	-	-	-	-	-	-	-	-	-	-	-	-	-	-	-	-	-	-	-	-	1
25	1788291892509762529	replay	620	-	graph_replay	-	-	-	-	-	-	-	-	-	-	-	-	-	-	-	-	-	-	-	-	-	-	-	-	1
26	1788291892512058053	replay	620	-	graph_replay	-	-	-	-	-	-	-	-	-	-	-	-	-	-	-	-	-	-	-	-	-	-	-	-	1
27	1788291892514362954	replay	620	-	graph_replay	-	-	-	-	-	-	-	-	-	-	-	-	-	-	-	-	-	-	-	-	-	-	-	-	1
28	1788291892516700346	replay	620	-	graph_replay	-	-	-	-	-	-	-	-	-	-	-	-	-	-	-	-	-	-	-	-	-	-	-	-	1
29	1788291892518865455	replay	620	-	graph_replay	-	-	-	-	-	-	-	-	-	-	-	-	-	-	-	-	-	-	-	-	-	-	-	-	1
30	1788291892521062563	replay	620	-	graph_replay	-	-	-	-	-	-	-	-	-	-	-	-	-	-	-	-	-	-	-	-	-	-	-	-	1
31	1788291892523323532	replay	620	-	graph_replay	-	-	-	-	-	-	-	-	-	-	-	-	-	-	-	-	-	-	-	-	-	-	-	-	1
32	1788291892525601944	replay	620	-	graph_replay	-	-	-	-	-	-	-	-	-	-	-	-	-	-	-	-	-	-	-	-	-	-	-	-	1
33	1788291892568811300	eager	620	MUL_MAT	MMQ	-	blk.0.ffn_down.weight	node_42	q6_K	f32	f32	8192	2048	1	1	8192	19	1	1	6720	13762560	13762560	32768	622592	622592	1	1	0	1	1
33	1788291892568811300	eager	620	MUL_MAT	MMQ	-	blk.0.ffn_gate.weight	ffn_gate-0	q4_K	f32	f32	2048	8192	1	1	2048	19	1	1	1152	9437184	9437184	8192	155648	155648	1	1	0	1	1
33	1788291892568811300	eager	620	MUL_MAT	MMQ	-	blk.0.ffn_up.weight	ffn_up-0	q4_K	f32	f32	2048	8192	1	1	2048	19	1	1	1152	9437184	9437184	8192	155648	155648	1	1	0	1	1
33	1788291892568811300	eager	620	MUL_MAT	MMQ	-	blk.0.shortconv.in_proj.weight	model.layers.{}.conv.in_proj-0	q4_K	f32	f32	2048	6144	1	1	2048	19	1	1	1152	7077888	7077888	8192	155648	155648	1	1	0	1	1
33	1788291892568811300	eager	620	MUL_MAT	MMQ	-	blk.0.shortconv.out_proj.weight	model.layers.{}.conv.out_proj-0	q4_K	f32	f32	2048	2048	1	1	2048	19	1	1	1152	2359296	2359296	8192	155648	155648	1	1	0	1	1
33	1788291892568811300	eager	620	MUL_MAT	MMQ	-	blk.1.ffn_down.weight	node_67	q6_K	f32	f32	8192	2048	1	1	8192	19	1	1	6720	13762560	13762560	32768	622592	622592	1	1	0	1	1
33	1788291892568811300	eager	620	MUL_MAT	MMQ	-	blk.1.ffn_gate.weight	ffn_gate-1	q4_K	f32	f32	2048	8192	1	1	2048	19	1	1	1152	9437184	9437184	8192	155648	155648	1	1	0	1	1
33	1788291892568811300	eager	620	MUL_MAT	MMQ	-	blk.1.ffn_up.weight	ffn_up-1	q4_K	f32	f32	2048	8192	1	1	2048	19	1	1	1152	9437184	9437184	8192	155648	155648	1	1	0	1	1
33	1788291892568811300	eager	620	MUL_MAT	MMQ	-	blk.1.shortconv.in_proj.weight	model.layers.{}.conv.in_proj-1	q4_K	f32	f32	2048	6144	1	1	2048	19	1	1	1152	7077888	7077888	8192	155648	155648	1	1	0	1	1
33	1788291892568811300	eager	620	MUL_MAT	MMQ	-	blk.1.shortconv.out_proj.weight	model.layers.{}.conv.out_proj-1	q4_K	f32	f32	2048	2048	1	1	2048	19	1	1	1152	2359296	2359296	8192	155648	155648	1	1	0	1	1
33	1788291892568811300	eager	620	MUL_MAT	MMQ	-	blk.10.attn_k.weight	Kcur-10	q4_K	f32	f32	2048	512	1	1	2048	19	1	1	1152	589824	589824	8192	155648	155648	1	1	0	1	1
33	1788291892568811300	eager	620	MUL_MAT	MMQ	-	blk.10.attn_output.weight	model.layers.{}.self_attn.out_proj-10	q4_K	f32	f32	2048	2048	1	1	2048	19	1	1	1152	2359296	2359296	8192	155648	155648	1	1	0	1	1
33	1788291892568811300	eager	620	MUL_MAT	MMQ	-	blk.10.attn_q.weight	Qcur-10	q4_K	f32	f32	2048	2048	1	1	2048	19	1	1	1152	2359296	2359296	8192	155648	155648	1	1	0	1	1
33	1788291892568811300	eager	620	MUL_MAT	MMQ	-	blk.10.attn_v.weight	Vcur-10	q4_K	f32	f32	2048	512	1	1	2048	19	1	1	1152	589824	589824	8192	155648	155648	1	1	0	1	1
33	1788291892568811300	eager	620	MUL_MAT	MMQ	-	blk.10.ffn_down.weight	node_428	q6_K	f32	f32	8192	2048	1	1	8192	19	1	1	6720	13762560	13762560	32768	622592	622592	1	1	0	1	1
33	1788291892568811300	eager	620	MUL_MAT	MMQ	-	blk.10.ffn_gate.weight	ffn_gate-10	q4_K	f32	f32	2048	8192	1	1	2048	19	1	1	1152	9437184	9437184	8192	155648	155648	1	1	0	1	1
33	1788291892568811300	eager	620	MUL_MAT	MMQ	-	blk.10.ffn_up.weight	ffn_up-10	q4_K	f32	f32	2048	8192	1	1	2048	19	1	1	1152	9437184	9437184	8192	155648	155648	1	1	0	1	1
33	1788291892568811300	eager	620	MUL_MAT	MMQ	-	blk.11.ffn_down.weight	node_453	q4_K	f32	f32	8192	2048	1	1	8192	19	1	1	4608	9437184	9437184	32768	622592	622592	1	1	0	1	1
33	1788291892568811300	eager	620	MUL_MAT	MMQ	-	blk.11.ffn_gate.weight	ffn_gate-11	q4_K	f32	f32	2048	8192	1	1	2048	19	1	1	1152	9437184	9437184	8192	155648	155648	1	1	0	1	1
33	1788291892568811300	eager	620	MUL_MAT	MMQ	-	blk.11.ffn_up.weight	ffn_up-11	q4_K	f32	f32	2048	8192	1	1	2048	19	1	1	1152	9437184	9437184	8192	155648	155648	1	1	0	1	1
33	1788291892568811300	eager	620	MUL_MAT	MMQ	-	blk.11.shortconv.in_proj.weight	model.layers.{}.conv.in_proj-11	q4_K	f32	f32	2048	6144	1	1	2048	19	1	1	1152	7077888	7077888	8192	155648	155648	1	1	0	1	1
33	1788291892568811300	eager	620	MUL_MAT	MMQ	-	blk.11.shortconv.out_proj.weight	model.layers.{}.conv.out_proj-11	q4_K	f32	f32	2048	2048	1	1	2048	19	1	1	1152	2359296	2359296	8192	155648	155648	1	1	0	1	1
33	1788291892568811300	eager	620	MUL_MAT	MMQ	-	blk.12.attn_k.weight	Kcur-12	q4_K	f32	f32	2048	512	1	1	2048	19	1	1	1152	589824	589824	8192	155648	155648	1	1	0	1	1
33	1788291892568811300	eager	620	MUL_MAT	MMQ	-	blk.12.attn_output.weight	model.layers.{}.self_attn.out_proj-12	q4_K	f32	f32	2048	2048	1	1	2048	19	1	1	1152	2359296	2359296	8192	155648	155648	1	1	0	1	1
33	1788291892568811300	eager	620	MUL_MAT	MMQ	-	blk.12.attn_q.weight	Qcur-12	q4_K	f32	f32	2048	2048	1	1	2048	19	1	1	1152	2359296	2359296	8192	155648	155648	1	1	0	1	1
33	1788291892568811300	eager	620	MUL_MAT	MMQ	-	blk.12.attn_v.weight	Vcur-12	q4_K	f32	f32	2048	512	1	1	2048	19	1	1	1152	589824	589824	8192	155648	155648	1	1	0	1	1
33	1788291892568811300	eager	620	MUL_MAT	MMQ	-	blk.12.ffn_down.weight	node_508	q4_K	f32	f32	8192	2048	1	1	8192	19	1	1	4608	9437184	9437184	32768	622592	622592	1	1	0	1	1
33	1788291892568811300	eager	620	MUL_MAT	MMQ	-	blk.12.ffn_gate.weight	ffn_gate-12	q4_K	f32	f32	2048	8192	1	1	2048	19	1	1	1152	9437184	9437184	8192	155648	155648	1	1	0	1	1
33	1788291892568811300	eager	620	MUL_MAT	MMQ	-	blk.12.ffn_up.weight	ffn_up-12	q4_K	f32	f32	2048	8192	1	1	2048	19	1	1	1152	9437184	9437184	8192	155648	155648	1	1	0	1	1
33	1788291892568811300	eager	620	MUL_MAT	MMQ	-	blk.13.ffn_down.weight	node_533	q6_K	f32	f32	8192	2048	1	1	8192	19	1	1	6720	13762560	13762560	32768	622592	622592	1	1	0	1	1
33	1788291892568811300	eager	620	MUL_MAT	MMQ	-	blk.13.ffn_gate.weight	ffn_gate-13	q4_K	f32	f32	2048	8192	1	1	2048	19	1	1	1152	9437184	9437184	8192	155648	155648	1	1	0	1	1
33	1788291892568811300	eager	620	MUL_MAT	MMQ	-	blk.13.ffn_up.weight	ffn_up-13	q4_K	f32	f32	2048	8192	1	1	2048	19	1	1	1152	9437184	9437184	8192	155648	155648	1	1	0	1	1
33	1788291892568811300	eager	620	MUL_MAT	MMQ	-	blk.13.shortconv.in_proj.weight	model.layers.{}.conv.in_proj-13	q4_K	f32	f32	2048	6144	1	1	2048	19	1	1	1152	7077888	7077888	8192	155648	155648	1	1	0	1	1
33	1788291892568811300	eager	620	MUL_MAT	MMQ	-	blk.13.shortconv.out_proj.weight	model.layers.{}.conv.out_proj-13	q4_K	f32	f32	2048	2048	1	1	2048	19	1	1	1152	2359296	2359296	8192	155648	155648	1	1	0	1	1
33	1788291892568811300	eager	620	MUL_MAT	MMQ	-	blk.14.attn_k.weight	Kcur-14	q4_K	f32	f32	2048	512	1	1	2048	19	1	1	1152	589824	589824	8192	155648	155648	1	1	0	1	1
33	1788291892568811300	eager	620	MUL_MAT	MMQ	-	blk.14.attn_output.weight	model.layers.{}.self_attn.out_proj-14	q4_K	f32	f32	2048	2048	1	1	2048	19	1	1	1152	2359296	2359296	8192	155648	155648	1	1	0	1	1
33	1788291892568811300	eager	620	MUL_MAT	MMQ	-	blk.14.attn_q.weight	Qcur-14	q4_K	f32	f32	2048	2048	1	1	2048	19	1	1	1152	2359296	2359296	8192	155648	155648	1	1	0	1	1
33	1788291892568811300	eager	620	MUL_MAT	MMQ	-	blk.14.attn_v.weight	Vcur-14	q6_K	f32	f32	2048	512	1	1	2048	19	1	1	1680	860160	860160	8192	155648	155648	1	1	0	1	1
33	1788291892568811300	eager	620	MUL_MAT	MMQ	-	blk.14.ffn_down.weight	node_588	q6_K	f32	f32	8192	2048	1	1	8192	19	1	1	6720	13762560	13762560	32768	622592	622592	1	1	0	1	1
33	1788291892568811300	eager	620	MUL_MAT	MMQ	-	blk.14.ffn_gate.weight	ffn_gate-14	q4_K	f32	f32	2048	8192	1	1	2048	19	1	1	1152	9437184	9437184	8192	155648	155648	1	1	0	1	1
33	1788291892568811300	eager	620	MUL_MAT	MMQ	-	blk.14.ffn_up.weight	ffn_up-14	q4_K	f32	f32	2048	8192	1	1	2048	19	1	1	1152	9437184	9437184	8192	155648	155648	1	1	0	1	1
33	1788291892568811300	eager	620	MUL_MAT	MMQ	-	blk.15.shortconv.in_proj.weight	model.layers.{}.conv.in_proj-15	q4_K	f32	f32	2048	6144	1	1	2048	19	1	1	1152	7077888	7077888	8192	155648	155648	1	1	0	1	1
33	1788291892568811300	eager	620	MUL_MAT	MMQ	-	blk.15.shortconv.out_proj.weight	model.layers.{}.conv.out_proj-15	q4_K	f32	f32	2048	2048	1	1	2048	19	1	1	1152	2359296	2359296	8192	155648	155648	1	1	0	1	1
33	1788291892568811300	eager	620	MUL_MAT	MMQ	-	blk.2.attn_k.weight	Kcur-2	q4_K	f32	f32	2048	512	1	1	2048	19	1	1	1152	589824	589824	8192	155648	155648	1	1	0	1	1
33	1788291892568811300	eager	620	MUL_MAT	MMQ	-	blk.2.attn_output.weight	model.layers.{}.self_attn.out_proj-2	q4_K	f32	f32	2048	2048	1	1	2048	19	1	1	1152	2359296	2359296	8192	155648	155648	1	1	0	1	1
33	1788291892568811300	eager	620	MUL_MAT	MMQ	-	blk.2.attn_q.weight	Qcur-2	q4_K	f32	f32	2048	2048	1	1	2048	19	1	1	1152	2359296	2359296	8192	155648	155648	1	1	0	1	1
33	1788291892568811300	eager	620	MUL_MAT	MMQ	-	blk.2.attn_v.weight	Vcur-2	q4_K	f32	f32	2048	512	1	1	2048	19	1	1	1152	589824	589824	8192	155648	155648	1	1	0	1	1
33	1788291892568811300	eager	620	MUL_MAT	MMQ	-	blk.2.ffn_down.weight	node_122	q4_K	f32	f32	8192	2048	1	1	8192	19	1	1	4608	9437184	9437184	32768	622592	622592	1	1	0	1	1
33	1788291892568811300	eager	620	MUL_MAT	MMQ	-	blk.2.ffn_gate.weight	ffn_gate-2	q4_K	f32	f32	2048	8192	1	1	2048	19	1	1	1152	9437184	9437184	8192	155648	155648	1	1	0	1	1
33	1788291892568811300	eager	620	MUL_MAT	MMQ	-	blk.2.ffn_up.weight	ffn_up-2	q4_K	f32	f32	2048	8192	1	1	2048	19	1	1	1152	9437184	9437184	8192	155648	155648	1	1	0	1	1
33	1788291892568811300	eager	620	MUL_MAT	MMQ	-	blk.3.ffn_down.weight	node_155	q4_K	f32	f32	8192	2048	1	1	8192	19	1	1	4608	9437184	9437184	32768	622592	622592	1	1	0	1	1
33	1788291892568811300	eager	620	MUL_MAT	MMQ	-	blk.3.ffn_gate.weight	ffn_gate-3	q4_K	f32	f32	2048	8192	1	1	2048	19	1	1	1152	9437184	9437184	8192	155648	155648	1	1	0	1	1
33	1788291892568811300	eager	620	MUL_MAT	MMQ	-	blk.3.ffn_up.weight	ffn_up-3	q4_K	f32	f32	2048	8192	1	1	2048	19	1	1	1152	9437184	9437184	8192	155648	155648	1	1	0	1	1
33	1788291892568811300	eager	620	MUL_MAT	MMQ	-	blk.3.shortconv.in_proj.weight	model.layers.{}.conv.in_proj-3	q4_K	f32	f32	2048	6144	1	1	2048	19	1	1	1152	7077888	7077888	8192	155648	155648	1	1	0	1	1
33	1788291892568811300	eager	620	MUL_MAT	MMQ	-	blk.3.shortconv.out_proj.weight	model.layers.{}.conv.out_proj-3	q4_K	f32	f32	2048	2048	1	1	2048	19	1	1	1152	2359296	2359296	8192	155648	155648	1	1	0	1	1
33	1788291892568811300	eager	620	MUL_MAT	MMQ	-	blk.4.ffn_down.weight	node_180	q6_K	f32	f32	8192	2048	1	1	8192	19	1	1	6720	13762560	13762560	32768	622592	622592	1	1	0	1	1
33	1788291892568811300	eager	620	MUL_MAT	MMQ	-	blk.4.ffn_gate.weight	ffn_gate-4	q4_K	f32	f32	2048	8192	1	1	2048	19	1	1	1152	9437184	9437184	8192	155648	155648	1	1	0	1	1
33	1788291892568811300	eager	620	MUL_MAT	MMQ	-	blk.4.ffn_up.weight	ffn_up-4	q4_K	f32	f32	2048	8192	1	1	2048	19	1	1	1152	9437184	9437184	8192	155648	155648	1	1	0	1	1
33	1788291892568811300	eager	620	MUL_MAT	MMQ	-	blk.4.shortconv.in_proj.weight	model.layers.{}.conv.in_proj-4	q4_K	f32	f32	2048	6144	1	1	2048	19	1	1	1152	7077888	7077888	8192	155648	155648	1	1	0	1	1
33	1788291892568811300	eager	620	MUL_MAT	MMQ	-	blk.4.shortconv.out_proj.weight	model.layers.{}.conv.out_proj-4	q4_K	f32	f32	2048	2048	1	1	2048	19	1	1	1152	2359296	2359296	8192	155648	155648	1	1	0	1	1
33	1788291892568811300	eager	620	MUL_MAT	MMQ	-	blk.5.attn_k.weight	Kcur-5	q4_K	f32	f32	2048	512	1	1	2048	19	1	1	1152	589824	589824	8192	155648	155648	1	1	0	1	1
33	1788291892568811300	eager	620	MUL_MAT	MMQ	-	blk.5.attn_output.weight	model.layers.{}.self_attn.out_proj-5	q4_K	f32	f32	2048	2048	1	1	2048	19	1	1	1152	2359296	2359296	8192	155648	155648	1	1	0	1	1
33	1788291892568811300	eager	620	MUL_MAT	MMQ	-	blk.5.attn_q.weight	Qcur-5	q4_K	f32	f32	2048	2048	1	1	2048	19	1	1	1152	2359296	2359296	8192	155648	155648	1	1	0	1	1
33	1788291892568811300	eager	620	MUL_MAT	MMQ	-	blk.5.attn_v.weight	Vcur-5	q4_K	f32	f32	2048	512	1	1	2048	19	1	1	1152	589824	589824	8192	155648	155648	1	1	0	1	1
33	1788291892568811300	eager	620	MUL_MAT	MMQ	-	blk.5.ffn_down.weight	node_235	q4_K	f32	f32	8192	2048	1	1	8192	19	1	1	4608	9437184	9437184	32768	622592	622592	1	1	0	1	1
33	1788291892568811300	eager	620	MUL_MAT	MMQ	-	blk.5.ffn_gate.weight	ffn_gate-5	q4_K	f32	f32	2048	8192	1	1	2048	19	1	1	1152	9437184	9437184	8192	155648	155648	1	1	0	1	1
33	1788291892568811300	eager	620	MUL_MAT	MMQ	-	blk.5.ffn_up.weight	ffn_up-5	q4_K	f32	f32	2048	8192	1	1	2048	19	1	1	1152	9437184	9437184	8192	155648	155648	1	1	0	1	1
33	1788291892568811300	eager	620	MUL_MAT	MMQ	-	blk.6.ffn_down.weight	node_268	q4_K	f32	f32	8192	2048	1	1	8192	19	1	1	4608	9437184	9437184	32768	622592	622592	1	1	0	1	1
33	1788291892568811300	eager	620	MUL_MAT	MMQ	-	blk.6.ffn_gate.weight	ffn_gate-6	q4_K	f32	f32	2048	8192	1	1	2048	19	1	1	1152	9437184	9437184	8192	155648	155648	1	1	0	1	1
33	1788291892568811300	eager	620	MUL_MAT	MMQ	-	blk.6.ffn_up.weight	ffn_up-6	q4_K	f32	f32	2048	8192	1	1	2048	19	1	1	1152	9437184	9437184	8192	155648	155648	1	1	0	1	1
33	1788291892568811300	eager	620	MUL_MAT	MMQ	-	blk.6.shortconv.in_proj.weight	model.layers.{}.conv.in_proj-6	q4_K	f32	f32	2048	6144	1	1	2048	19	1	1	1152	7077888	7077888	8192	155648	155648	1	1	0	1	1
33	1788291892568811300	eager	620	MUL_MAT	MMQ	-	blk.6.shortconv.out_proj.weight	model.layers.{}.conv.out_proj-6	q4_K	f32	f32	2048	2048	1	1	2048	19	1	1	1152	2359296	2359296	8192	155648	155648	1	1	0	1	1
33	1788291892568811300	eager	620	MUL_MAT	MMQ	-	blk.7.ffn_down.weight	node_293	q6_K	f32	f32	8192	2048	1	1	8192	19	1	1	6720	13762560	13762560	32768	622592	622592	1	1	0	1	1
33	1788291892568811300	eager	620	MUL_MAT	MMQ	-	blk.7.ffn_gate.weight	ffn_gate-7	q4_K	f32	f32	2048	8192	1	1	2048	19	1	1	1152	9437184	9437184	8192	155648	155648	1	1	0	1	1
33	1788291892568811300	eager	620	MUL_MAT	MMQ	-	blk.7.ffn_up.weight	ffn_up-7	q4_K	f32	f32	2048	8192	1	1	2048	19	1	1	1152	9437184	9437184	8192	155648	155648	1	1	0	1	1
33	1788291892568811300	eager	620	MUL_MAT	MMQ	-	blk.7.shortconv.in_proj.weight	model.layers.{}.conv.in_proj-7	q4_K	f32	f32	2048	6144	1	1	2048	19	1	1	1152	7077888	7077888	8192	155648	155648	1	1	0	1	1
33	1788291892568811300	eager	620	MUL_MAT	MMQ	-	blk.7.shortconv.out_proj.weight	model.layers.{}.conv.out_proj-7	q4_K	f32	f32	2048	2048	1	1	2048	19	1	1	1152	2359296	2359296	8192	155648	155648	1	1	0	1	1
33	1788291892568811300	eager	620	MUL_MAT	MMQ	-	blk.8.attn_k.weight	Kcur-8	q4_K	f32	f32	2048	512	1	1	2048	19	1	1	1152	589824	589824	8192	155648	155648	1	1	0	1	1
33	1788291892568811300	eager	620	MUL_MAT	MMQ	-	blk.8.attn_output.weight	model.layers.{}.self_attn.out_proj-8	q4_K	f32	f32	2048	2048	1	1	2048	19	1	1	1152	2359296	2359296	8192	155648	155648	1	1	0	1	1
33	1788291892568811300	eager	620	MUL_MAT	MMQ	-	blk.8.attn_q.weight	Qcur-8	q4_K	f32	f32	2048	2048	1	1	2048	19	1	1	1152	2359296	2359296	8192	155648	155648	1	1	0	1	1
33	1788291892568811300	eager	620	MUL_MAT	MMQ	-	blk.8.attn_v.weight	Vcur-8	q6_K	f32	f32	2048	512	1	1	2048	19	1	1	1680	860160	860160	8192	155648	155648	1	1	0	1	1
33	1788291892568811300	eager	620	MUL_MAT	MMQ	-	blk.8.ffn_down.weight	node_348	q4_K	f32	f32	8192	2048	1	1	8192	19	1	1	4608	9437184	9437184	32768	622592	622592	1	1	0	1	1
33	1788291892568811300	eager	620	MUL_MAT	MMQ	-	blk.8.ffn_gate.weight	ffn_gate-8	q4_K	f32	f32	2048	8192	1	1	2048	19	1	1	1152	9437184	9437184	8192	155648	155648	1	1	0	1	1
33	1788291892568811300	eager	620	MUL_MAT	MMQ	-	blk.8.ffn_up.weight	ffn_up-8	q4_K	f32	f32	2048	8192	1	1	2048	19	1	1	1152	9437184	9437184	8192	155648	155648	1	1	0	1	1
33	1788291892568811300	eager	620	MUL_MAT	MMQ	-	blk.9.ffn_down.weight	node_373	q4_K	f32	f32	8192	2048	1	1	8192	19	1	1	4608	9437184	9437184	32768	622592	622592	1	1	0	1	1
33	1788291892568811300	eager	620	MUL_MAT	MMQ	-	blk.9.ffn_gate.weight	ffn_gate-9	q4_K	f32	f32	2048	8192	1	1	2048	19	1	1	1152	9437184	9437184	8192	155648	155648	1	1	0	1	1
33	1788291892568811300	eager	620	MUL_MAT	MMQ	-	blk.9.ffn_up.weight	ffn_up-9	q4_K	f32	f32	2048	8192	1	1	2048	19	1	1	1152	9437184	9437184	8192	155648	155648	1	1	0	1	1
33	1788291892568811300	eager	620	MUL_MAT	MMQ	-	blk.9.shortconv.in_proj.weight	model.layers.{}.conv.in_proj-9	q4_K	f32	f32	2048	6144	1	1	2048	19	1	1	1152	7077888	7077888	8192	155648	155648	1	1	0	1	1
33	1788291892568811300	eager	620	MUL_MAT	MMQ	-	blk.9.shortconv.out_proj.weight	model.layers.{}.conv.out_proj-9	q4_K	f32	f32	2048	2048	1	1	2048	19	1	1	1152	2359296	2359296	8192	155648	155648	1	1	0	1	1
34	1788291892574068559	eager	870	MUL_MAT	MMQ	-	mm.1.weight	ffn_up	q8_0	f32	f32	4608	2048	1	1	4608	88	1	1	4896	10027008	10027008	18432	1622016	1622016	1	1	0	1	1
34	1788291892574068559	eager	870	MUL_MAT	MMQ	-	mm.2.weight	ffn_down	q8_0	f32	f32	2048	2048	1	1	2048	88	1	1	2176	4456448	4456448	8192	720896	720896	1	1	0	1	1
34	1788291892574068559	eager	870	MUL_MAT	MMQ	-	v.blk.0.attn_k.weight	node_24	q8_0	f32	f32	1152	1152	1	1	1152	352	1	1	1224	1410048	1410048	4608	1622016	1622016	1	1	0	1	1
34	1788291892574068559	eager	870	MUL_MAT	MMQ	-	v.blk.0.attn_out.weight	node_37	q8_0	f32	f32	1152	1152	1	1	1152	352	1	1	1224	1410048	1410048	4608	1622016	1622016	1	1	0	1	1
34	1788291892574068559	eager	870	MUL_MAT	MMQ	-	v.blk.0.attn_q.weight	node_21	q8_0	f32	f32	1152	1152	1	1	1152	352	1	1	1224	1410048	1410048	4608	1622016	1622016	1	1	0	1	1
34	1788291892574068559	eager	870	MUL_MAT	MMQ	-	v.blk.0.attn_v.weight	node_27	q8_0	f32	f32	1152	1152	1	1	1152	352	1	1	1224	1410048	1410048	4608	1622016	1622016	1	1	0	1	1
34	1788291892574068559	eager	870	MUL_MAT	MMQ	-	v.blk.0.ffn_up.weight	ffn_up-0	q8_0	f32	f32	1152	4304	1	1	1152	352	1	1	1224	5268096	5268096	4608	1622016	1622016	1	1	0	1	1
34	1788291892574068559	eager	870	MUL_MAT	MMQ	-	v.blk.1.attn_k.weight	node_55	q8_0	f32	f32	1152	1152	1	1	1152	352	1	1	1224	1410048	1410048	4608	1622016	1622016	1	1	0	1	1
34	1788291892574068559	eager	870	MUL_MAT	MMQ	-	v.blk.1.attn_out.weight	node_68	q8_0	f32	f32	1152	1152	1	1	1152	352	1	1	1224	1410048	1410048	4608	1622016	1622016	1	1	0	1	1
34	1788291892574068559	eager	870	MUL_MAT	MMQ	-	v.blk.1.attn_q.weight	node_52	q8_0	f32	f32	1152	1152	1	1	1152	352	1	1	1224	1410048	1410048	4608	1622016	1622016	1	1	0	1	1
34	1788291892574068559	eager	870	MUL_MAT	MMQ	-	v.blk.1.attn_v.weight	node_58	q8_0	f32	f32	1152	1152	1	1	1152	352	1	1	1224	1410048	1410048	4608	1622016	1622016	1	1	0	1	1
34	1788291892574068559	eager	870	MUL_MAT	MMQ	-	v.blk.1.ffn_up.weight	ffn_up-1	q8_0	f32	f32	1152	4304	1	1	1152	352	1	1	1224	5268096	5268096	4608	1622016	1622016	1	1	0	1	1
34	1788291892574068559	eager	870	MUL_MAT	MMQ	-	v.blk.10.attn_k.weight	node_334	q8_0	f32	f32	1152	1152	1	1	1152	352	1	1	1224	1410048	1410048	4608	1622016	1622016	1	1	0	1	1
34	1788291892574068559	eager	870	MUL_MAT	MMQ	-	v.blk.10.attn_out.weight	node_347	q8_0	f32	f32	1152	1152	1	1	1152	352	1	1	1224	1410048	1410048	4608	1622016	1622016	1	1	0	1	1
34	1788291892574068559	eager	870	MUL_MAT	MMQ	-	v.blk.10.attn_q.weight	node_331	q8_0	f32	f32	1152	1152	1	1	1152	352	1	1	1224	1410048	1410048	4608	1622016	1622016	1	1	0	1	1
34	1788291892574068559	eager	870	MUL_MAT	MMQ	-	v.blk.10.attn_v.weight	node_337	q8_0	f32	f32	1152	1152	1	1	1152	352	1	1	1224	1410048	1410048	4608	1622016	1622016	1	1	0	1	1
34	1788291892574068559	eager	870	MUL_MAT	MMQ	-	v.blk.10.ffn_up.weight	ffn_up-10	q8_0	f32	f32	1152	4304	1	1	1152	352	1	1	1224	5268096	5268096	4608	1622016	1622016	1	1	0	1	1
34	1788291892574068559	eager	870	MUL_MAT	MMQ	-	v.blk.11.attn_k.weight	node_365	q8_0	f32	f32	1152	1152	1	1	1152	352	1	1	1224	1410048	1410048	4608	1622016	1622016	1	1	0	1	1
34	1788291892574068559	eager	870	MUL_MAT	MMQ	-	v.blk.11.attn_out.weight	node_378	q8_0	f32	f32	1152	1152	1	1	1152	352	1	1	1224	1410048	1410048	4608	1622016	1622016	1	1	0	1	1
34	1788291892574068559	eager	870	MUL_MAT	MMQ	-	v.blk.11.attn_q.weight	node_362	q8_0	f32	f32	1152	1152	1	1	1152	352	1	1	1224	1410048	1410048	4608	1622016	1622016	1	1	0	1	1
34	1788291892574068559	eager	870	MUL_MAT	MMQ	-	v.blk.11.attn_v.weight	node_368	q8_0	f32	f32	1152	1152	1	1	1152	352	1	1	1224	1410048	1410048	4608	1622016	1622016	1	1	0	1	1
34	1788291892574068559	eager	870	MUL_MAT	MMQ	-	v.blk.11.ffn_up.weight	ffn_up-11	q8_0	f32	f32	1152	4304	1	1	1152	352	1	1	1224	5268096	5268096	4608	1622016	1622016	1	1	0	1	1
34	1788291892574068559	eager	870	MUL_MAT	MMQ	-	v.blk.12.attn_k.weight	node_396	q8_0	f32	f32	1152	1152	1	1	1152	352	1	1	1224	1410048	1410048	4608	1622016	1622016	1	1	0	1	1
34	1788291892574068559	eager	870	MUL_MAT	MMQ	-	v.blk.12.attn_out.weight	node_409	q8_0	f32	f32	1152	1152	1	1	1152	352	1	1	1224	1410048	1410048	4608	1622016	1622016	1	1	0	1	1
34	1788291892574068559	eager	870	MUL_MAT	MMQ	-	v.blk.12.attn_q.weight	node_393	q8_0	f32	f32	1152	1152	1	1	1152	352	1	1	1224	1410048	1410048	4608	1622016	1622016	1	1	0	1	1
34	1788291892574068559	eager	870	MUL_MAT	MMQ	-	v.blk.12.attn_v.weight	node_399	q8_0	f32	f32	1152	1152	1	1	1152	352	1	1	1224	1410048	1410048	4608	1622016	1622016	1	1	0	1	1
34	1788291892574068559	eager	870	MUL_MAT	MMQ	-	v.blk.12.ffn_up.weight	ffn_up-12	q8_0	f32	f32	1152	4304	1	1	1152	352	1	1	1224	5268096	5268096	4608	1622016	1622016	1	1	0	1	1
34	1788291892574068559	eager	870	MUL_MAT	MMQ	-	v.blk.13.attn_k.weight	node_427	q8_0	f32	f32	1152	1152	1	1	1152	352	1	1	1224	1410048	1410048	4608	1622016	1622016	1	1	0	1	1
34	1788291892574068559	eager	870	MUL_MAT	MMQ	-	v.blk.13.attn_out.weight	node_440	q8_0	f32	f32	1152	1152	1	1	1152	352	1	1	1224	1410048	1410048	4608	1622016	1622016	1	1	0	1	1
34	1788291892574068559	eager	870	MUL_MAT	MMQ	-	v.blk.13.attn_q.weight	node_424	q8_0	f32	f32	1152	1152	1	1	1152	352	1	1	1224	1410048	1410048	4608	1622016	1622016	1	1	0	1	1
34	1788291892574068559	eager	870	MUL_MAT	MMQ	-	v.blk.13.attn_v.weight	node_430	q8_0	f32	f32	1152	1152	1	1	1152	352	1	1	1224	1410048	1410048	4608	1622016	1622016	1	1	0	1	1
34	1788291892574068559	eager	870	MUL_MAT	MMQ	-	v.blk.13.ffn_up.weight	ffn_up-13	q8_0	f32	f32	1152	4304	1	1	1152	352	1	1	1224	5268096	5268096	4608	1622016	1622016	1	1	0	1	1
34	1788291892574068559	eager	870	MUL_MAT	MMQ	-	v.blk.14.attn_k.weight	node_458	q8_0	f32	f32	1152	1152	1	1	1152	352	1	1	1224	1410048	1410048	4608	1622016	1622016	1	1	0	1	1
34	1788291892574068559	eager	870	MUL_MAT	MMQ	-	v.blk.14.attn_out.weight	node_471	q8_0	f32	f32	1152	1152	1	1	1152	352	1	1	1224	1410048	1410048	4608	1622016	1622016	1	1	0	1	1
34	1788291892574068559	eager	870	MUL_MAT	MMQ	-	v.blk.14.attn_q.weight	node_455	q8_0	f32	f32	1152	1152	1	1	1152	352	1	1	1224	1410048	1410048	4608	1622016	1622016	1	1	0	1	1
34	1788291892574068559	eager	870	MUL_MAT	MMQ	-	v.blk.14.attn_v.weight	node_461	q8_0	f32	f32	1152	1152	1	1	1152	352	1	1	1224	1410048	1410048	4608	1622016	1622016	1	1	0	1	1
34	1788291892574068559	eager	870	MUL_MAT	MMQ	-	v.blk.14.ffn_up.weight	ffn_up-14	q8_0	f32	f32	1152	4304	1	1	1152	352	1	1	1224	5268096	5268096	4608	1622016	1622016	1	1	0	1	1
34	1788291892574068559	eager	870	MUL_MAT	MMQ	-	v.blk.15.attn_k.weight	node_489	q8_0	f32	f32	1152	1152	1	1	1152	352	1	1	1224	1410048	1410048	4608	1622016	1622016	1	1	0	1	1
34	1788291892574068559	eager	870	MUL_MAT	MMQ	-	v.blk.15.attn_out.weight	node_502	q8_0	f32	f32	1152	1152	1	1	1152	352	1	1	1224	1410048	1410048	4608	1622016	1622016	1	1	0	1	1
34	1788291892574068559	eager	870	MUL_MAT	MMQ	-	v.blk.15.attn_q.weight	node_486	q8_0	f32	f32	1152	1152	1	1	1152	352	1	1	1224	1410048	1410048	4608	1622016	1622016	1	1	0	1	1
34	1788291892574068559	eager	870	MUL_MAT	MMQ	-	v.blk.15.attn_v.weight	node_492	q8_0	f32	f32	1152	1152	1	1	1152	352	1	1	1224	1410048	1410048	4608	1622016	1622016	1	1	0	1	1
34	1788291892574068559	eager	870	MUL_MAT	MMQ	-	v.blk.15.ffn_up.weight	ffn_up-15	q8_0	f32	f32	1152	4304	1	1	1152	352	1	1	1224	5268096	5268096	4608	1622016	1622016	1	1	0	1	1
34	1788291892574068559	eager	870	MUL_MAT	MMQ	-	v.blk.16.attn_k.weight	node_520	q8_0	f32	f32	1152	1152	1	1	1152	352	1	1	1224	1410048	1410048	4608	1622016	1622016	1	1	0	1	1
34	1788291892574068559	eager	870	MUL_MAT	MMQ	-	v.blk.16.attn_out.weight	node_533	q8_0	f32	f32	1152	1152	1	1	1152	352	1	1	1224	1410048	1410048	4608	1622016	1622016	1	1	0	1	1
34	1788291892574068559	eager	870	MUL_MAT	MMQ	-	v.blk.16.attn_q.weight	node_517	q8_0	f32	f32	1152	1152	1	1	1152	352	1	1	1224	1410048	1410048	4608	1622016	1622016	1	1	0	1	1
34	1788291892574068559	eager	870	MUL_MAT	MMQ	-	v.blk.16.attn_v.weight	node_523	q8_0	f32	f32	1152	1152	1	1	1152	352	1	1	1224	1410048	1410048	4608	1622016	1622016	1	1	0	1	1
34	1788291892574068559	eager	870	MUL_MAT	MMQ	-	v.blk.16.ffn_up.weight	ffn_up-16	q8_0	f32	f32	1152	4304	1	1	1152	352	1	1	1224	5268096	5268096	4608	1622016	1622016	1	1	0	1	1
34	1788291892574068559	eager	870	MUL_MAT	MMQ	-	v.blk.17.attn_k.weight	node_551	q8_0	f32	f32	1152	1152	1	1	1152	352	1	1	1224	1410048	1410048	4608	1622016	1622016	1	1	0	1	1
34	1788291892574068559	eager	870	MUL_MAT	MMQ	-	v.blk.17.attn_out.weight	node_564	q8_0	f32	f32	1152	1152	1	1	1152	352	1	1	1224	1410048	1410048	4608	1622016	1622016	1	1	0	1	1
34	1788291892574068559	eager	870	MUL_MAT	MMQ	-	v.blk.17.attn_q.weight	node_548	q8_0	f32	f32	1152	1152	1	1	1152	352	1	1	1224	1410048	1410048	4608	1622016	1622016	1	1	0	1	1
34	1788291892574068559	eager	870	MUL_MAT	MMQ	-	v.blk.17.attn_v.weight	node_554	q8_0	f32	f32	1152	1152	1	1	1152	352	1	1	1224	1410048	1410048	4608	1622016	1622016	1	1	0	1	1
34	1788291892574068559	eager	870	MUL_MAT	MMQ	-	v.blk.17.ffn_up.weight	ffn_up-17	q8_0	f32	f32	1152	4304	1	1	1152	352	1	1	1224	5268096	5268096	4608	1622016	1622016	1	1	0	1	1
34	1788291892574068559	eager	870	MUL_MAT	MMQ	-	v.blk.18.attn_k.weight	node_582	q8_0	f32	f32	1152	1152	1	1	1152	352	1	1	1224	1410048	1410048	4608	1622016	1622016	1	1	0	1	1
34	1788291892574068559	eager	870	MUL_MAT	MMQ	-	v.blk.18.attn_out.weight	node_595	q8_0	f32	f32	1152	1152	1	1	1152	352	1	1	1224	1410048	1410048	4608	1622016	1622016	1	1	0	1	1
34	1788291892574068559	eager	870	MUL_MAT	MMQ	-	v.blk.18.attn_q.weight	node_579	q8_0	f32	f32	1152	1152	1	1	1152	352	1	1	1224	1410048	1410048	4608	1622016	1622016	1	1	0	1	1
34	1788291892574068559	eager	870	MUL_MAT	MMQ	-	v.blk.18.attn_v.weight	node_585	q8_0	f32	f32	1152	1152	1	1	1152	352	1	1	1224	1410048	1410048	4608	1622016	1622016	1	1	0	1	1
34	1788291892574068559	eager	870	MUL_MAT	MMQ	-	v.blk.18.ffn_up.weight	ffn_up-18	q8_0	f32	f32	1152	4304	1	1	1152	352	1	1	1224	5268096	5268096	4608	1622016	1622016	1	1	0	1	1
34	1788291892574068559	eager	870	MUL_MAT	MMQ	-	v.blk.19.attn_k.weight	node_613	q8_0	f32	f32	1152	1152	1	1	1152	352	1	1	1224	1410048	1410048	4608	1622016	1622016	1	1	0	1	1
34	1788291892574068559	eager	870	MUL_MAT	MMQ	-	v.blk.19.attn_out.weight	node_626	q8_0	f32	f32	1152	1152	1	1	1152	352	1	1	1224	1410048	1410048	4608	1622016	1622016	1	1	0	1	1
34	1788291892574068559	eager	870	MUL_MAT	MMQ	-	v.blk.19.attn_q.weight	node_610	q8_0	f32	f32	1152	1152	1	1	1152	352	1	1	1224	1410048	1410048	4608	1622016	1622016	1	1	0	1	1
34	1788291892574068559	eager	870	MUL_MAT	MMQ	-	v.blk.19.attn_v.weight	node_616	q8_0	f32	f32	1152	1152	1	1	1152	352	1	1	1224	1410048	1410048	4608	1622016	1622016	1	1	0	1	1
34	1788291892574068559	eager	870	MUL_MAT	MMQ	-	v.blk.19.ffn_up.weight	ffn_up-19	q8_0	f32	f32	1152	4304	1	1	1152	352	1	1	1224	5268096	5268096	4608	1622016	1622016	1	1	0	1	1
34	1788291892574068559	eager	870	MUL_MAT	MMQ	-	v.blk.2.attn_k.weight	node_86	q8_0	f32	f32	1152	1152	1	1	1152	352	1	1	1224	1410048	1410048	4608	1622016	1622016	1	1	0	1	1
34	1788291892574068559	eager	870	MUL_MAT	MMQ	-	v.blk.2.attn_out.weight	node_99	q8_0	f32	f32	1152	1152	1	1	1152	352	1	1	1224	1410048	1410048	4608	1622016	1622016	1	1	0	1	1
34	1788291892574068559	eager	870	MUL_MAT	MMQ	-	v.blk.2.attn_q.weight	node_83	q8_0	f32	f32	1152	1152	1	1	1152	352	1	1	1224	1410048	1410048	4608	1622016	1622016	1	1	0	1	1
34	1788291892574068559	eager	870	MUL_MAT	MMQ	-	v.blk.2.attn_v.weight	node_89	q8_0	f32	f32	1152	1152	1	1	1152	352	1	1	1224	1410048	1410048	4608	1622016	1622016	1	1	0	1	1
34	1788291892574068559	eager	870	MUL_MAT	MMQ	-	v.blk.2.ffn_up.weight	ffn_up-2	q8_0	f32	f32	1152	4304	1	1	1152	352	1	1	1224	5268096	5268096	4608	1622016	1622016	1	1	0	1	1
34	1788291892574068559	eager	870	MUL_MAT	MMQ	-	v.blk.20.attn_k.weight	node_644	q8_0	f32	f32	1152	1152	1	1	1152	352	1	1	1224	1410048	1410048	4608	1622016	1622016	1	1	0	1	1
34	1788291892574068559	eager	870	MUL_MAT	MMQ	-	v.blk.20.attn_out.weight	node_657	q8_0	f32	f32	1152	1152	1	1	1152	352	1	1	1224	1410048	1410048	4608	1622016	1622016	1	1	0	1	1
34	1788291892574068559	eager	870	MUL_MAT	MMQ	-	v.blk.20.attn_q.weight	node_641	q8_0	f32	f32	1152	1152	1	1	1152	352	1	1	1224	1410048	1410048	4608	1622016	1622016	1	1	0	1	1
34	1788291892574068559	eager	870	MUL_MAT	MMQ	-	v.blk.20.attn_v.weight	node_647	q8_0	f32	f32	1152	1152	1	1	1152	352	1	1	1224	1410048	1410048	4608	1622016	1622016	1	1	0	1	1
34	1788291892574068559	eager	870	MUL_MAT	MMQ	-	v.blk.20.ffn_up.weight	ffn_up-20	q8_0	f32	f32	1152	4304	1	1	1152	352	1	1	1224	5268096	5268096	4608	1622016	1622016	1	1	0	1	1
34	1788291892574068559	eager	870	MUL_MAT	MMQ	-	v.blk.21.attn_k.weight	node_675	q8_0	f32	f32	1152	1152	1	1	1152	352	1	1	1224	1410048	1410048	4608	1622016	1622016	1	1	0	1	1
34	1788291892574068559	eager	870	MUL_MAT	MMQ	-	v.blk.21.attn_out.weight	node_688	q8_0	f32	f32	1152	1152	1	1	1152	352	1	1	1224	1410048	1410048	4608	1622016	1622016	1	1	0	1	1
34	1788291892574068559	eager	870	MUL_MAT	MMQ	-	v.blk.21.attn_q.weight	node_672	q8_0	f32	f32	1152	1152	1	1	1152	352	1	1	1224	1410048	1410048	4608	1622016	1622016	1	1	0	1	1
34	1788291892574068559	eager	870	MUL_MAT	MMQ	-	v.blk.21.attn_v.weight	node_678	q8_0	f32	f32	1152	1152	1	1	1152	352	1	1	1224	1410048	1410048	4608	1622016	1622016	1	1	0	1	1
34	1788291892574068559	eager	870	MUL_MAT	MMQ	-	v.blk.21.ffn_up.weight	ffn_up-21	q8_0	f32	f32	1152	4304	1	1	1152	352	1	1	1224	5268096	5268096	4608	1622016	1622016	1	1	0	1	1
34	1788291892574068559	eager	870	MUL_MAT	MMQ	-	v.blk.22.attn_k.weight	node_706	q8_0	f32	f32	1152	1152	1	1	1152	352	1	1	1224	1410048	1410048	4608	1622016	1622016	1	1	0	1	1
34	1788291892574068559	eager	870	MUL_MAT	MMQ	-	v.blk.22.attn_out.weight	node_719	q8_0	f32	f32	1152	1152	1	1	1152	352	1	1	1224	1410048	1410048	4608	1622016	1622016	1	1	0	1	1
34	1788291892574068559	eager	870	MUL_MAT	MMQ	-	v.blk.22.attn_q.weight	node_703	q8_0	f32	f32	1152	1152	1	1	1152	352	1	1	1224	1410048	1410048	4608	1622016	1622016	1	1	0	1	1
34	1788291892574068559	eager	870	MUL_MAT	MMQ	-	v.blk.22.attn_v.weight	node_709	q8_0	f32	f32	1152	1152	1	1	1152	352	1	1	1224	1410048	1410048	4608	1622016	1622016	1	1	0	1	1
34	1788291892574068559	eager	870	MUL_MAT	MMQ	-	v.blk.22.ffn_up.weight	ffn_up-22	q8_0	f32	f32	1152	4304	1	1	1152	352	1	1	1224	5268096	5268096	4608	1622016	1622016	1	1	0	1	1
34	1788291892574068559	eager	870	MUL_MAT	MMQ	-	v.blk.23.attn_k.weight	node_737	q8_0	f32	f32	1152	1152	1	1	1152	352	1	1	1224	1410048	1410048	4608	1622016	1622016	1	1	0	1	1
34	1788291892574068559	eager	870	MUL_MAT	MMQ	-	v.blk.23.attn_out.weight	node_750	q8_0	f32	f32	1152	1152	1	1	1152	352	1	1	1224	1410048	1410048	4608	1622016	1622016	1	1	0	1	1
34	1788291892574068559	eager	870	MUL_MAT	MMQ	-	v.blk.23.attn_q.weight	node_734	q8_0	f32	f32	1152	1152	1	1	1152	352	1	1	1224	1410048	1410048	4608	1622016	1622016	1	1	0	1	1
34	1788291892574068559	eager	870	MUL_MAT	MMQ	-	v.blk.23.attn_v.weight	node_740	q8_0	f32	f32	1152	1152	1	1	1152	352	1	1	1224	1410048	1410048	4608	1622016	1622016	1	1	0	1	1
34	1788291892574068559	eager	870	MUL_MAT	MMQ	-	v.blk.23.ffn_up.weight	ffn_up-23	q8_0	f32	f32	1152	4304	1	1	1152	352	1	1	1224	5268096	5268096	4608	1622016	1622016	1	1	0	1	1
34	1788291892574068559	eager	870	MUL_MAT	MMQ	-	v.blk.24.attn_k.weight	node_768	q8_0	f32	f32	1152	1152	1	1	1152	352	1	1	1224	1410048	1410048	4608	1622016	1622016	1	1	0	1	1
34	1788291892574068559	eager	870	MUL_MAT	MMQ	-	v.blk.24.attn_out.weight	node_781	q8_0	f32	f32	1152	1152	1	1	1152	352	1	1	1224	1410048	1410048	4608	1622016	1622016	1	1	0	1	1
34	1788291892574068559	eager	870	MUL_MAT	MMQ	-	v.blk.24.attn_q.weight	node_765	q8_0	f32	f32	1152	1152	1	1	1152	352	1	1	1224	1410048	1410048	4608	1622016	1622016	1	1	0	1	1
34	1788291892574068559	eager	870	MUL_MAT	MMQ	-	v.blk.24.attn_v.weight	node_771	q8_0	f32	f32	1152	1152	1	1	1152	352	1	1	1224	1410048	1410048	4608	1622016	1622016	1	1	0	1	1
34	1788291892574068559	eager	870	MUL_MAT	MMQ	-	v.blk.24.ffn_up.weight	ffn_up-24	q8_0	f32	f32	1152	4304	1	1	1152	352	1	1	1224	5268096	5268096	4608	1622016	1622016	1	1	0	1	1
34	1788291892574068559	eager	870	MUL_MAT	MMQ	-	v.blk.25.attn_k.weight	node_799	q8_0	f32	f32	1152	1152	1	1	1152	352	1	1	1224	1410048	1410048	4608	1622016	1622016	1	1	0	1	1
34	1788291892574068559	eager	870	MUL_MAT	MMQ	-	v.blk.25.attn_out.weight	node_812	q8_0	f32	f32	1152	1152	1	1	1152	352	1	1	1224	1410048	1410048	4608	1622016	1622016	1	1	0	1	1
34	1788291892574068559	eager	870	MUL_MAT	MMQ	-	v.blk.25.attn_q.weight	node_796	q8_0	f32	f32	1152	1152	1	1	1152	352	1	1	1224	1410048	1410048	4608	1622016	1622016	1	1	0	1	1
34	1788291892574068559	eager	870	MUL_MAT	MMQ	-	v.blk.25.attn_v.weight	node_802	q8_0	f32	f32	1152	1152	1	1	1152	352	1	1	1224	1410048	1410048	4608	1622016	1622016	1	1	0	1	1
34	1788291892574068559	eager	870	MUL_MAT	MMQ	-	v.blk.25.ffn_up.weight	ffn_up-25	q8_0	f32	f32	1152	4304	1	1	1152	352	1	1	1224	5268096	5268096	4608	1622016	1622016	1	1	0	1	1
34	1788291892574068559	eager	870	MUL_MAT	MMQ	-	v.blk.26.attn_k.weight	node_830	q8_0	f32	f32	1152	1152	1	1	1152	352	1	1	1224	1410048	1410048	4608	1622016	1622016	1	1	0	1	1
34	1788291892574068559	eager	870	MUL_MAT	MMQ	-	v.blk.26.attn_out.weight	node_843	q8_0	f32	f32	1152	1152	1	1	1152	352	1	1	1224	1410048	1410048	4608	1622016	1622016	1	1	0	1	1
34	1788291892574068559	eager	870	MUL_MAT	MMQ	-	v.blk.26.attn_q.weight	node_827	q8_0	f32	f32	1152	1152	1	1	1152	352	1	1	1224	1410048	1410048	4608	1622016	1622016	1	1	0	1	1
34	1788291892574068559	eager	870	MUL_MAT	MMQ	-	v.blk.26.attn_v.weight	node_833	q8_0	f32	f32	1152	1152	1	1	1152	352	1	1	1224	1410048	1410048	4608	1622016	1622016	1	1	0	1	1
34	1788291892574068559	eager	870	MUL_MAT	MMQ	-	v.blk.26.ffn_up.weight	ffn_up-26	q8_0	f32	f32	1152	4304	1	1	1152	352	1	1	1224	5268096	5268096	4608	1622016	1622016	1	1	0	1	1
34	1788291892574068559	eager	870	MUL_MAT	MMQ	-	v.blk.3.attn_k.weight	node_117	q8_0	f32	f32	1152	1152	1	1	1152	352	1	1	1224	1410048	1410048	4608	1622016	1622016	1	1	0	1	1
34	1788291892574068559	eager	870	MUL_MAT	MMQ	-	v.blk.3.attn_out.weight	node_130	q8_0	f32	f32	1152	1152	1	1	1152	352	1	1	1224	1410048	1410048	4608	1622016	1622016	1	1	0	1	1
34	1788291892574068559	eager	870	MUL_MAT	MMQ	-	v.blk.3.attn_q.weight	node_114	q8_0	f32	f32	1152	1152	1	1	1152	352	1	1	1224	1410048	1410048	4608	1622016	1622016	1	1	0	1	1
34	1788291892574068559	eager	870	MUL_MAT	MMQ	-	v.blk.3.attn_v.weight	node_120	q8_0	f32	f32	1152	1152	1	1	1152	352	1	1	1224	1410048	1410048	4608	1622016	1622016	1	1	0	1	1
34	1788291892574068559	eager	870	MUL_MAT	MMQ	-	v.blk.3.ffn_up.weight	ffn_up-3	q8_0	f32	f32	1152	4304	1	1	1152	352	1	1	1224	5268096	5268096	4608	1622016	1622016	1	1	0	1	1
34	1788291892574068559	eager	870	MUL_MAT	MMQ	-	v.blk.4.attn_k.weight	node_148	q8_0	f32	f32	1152	1152	1	1	1152	352	1	1	1224	1410048	1410048	4608	1622016	1622016	1	1	0	1	1
34	1788291892574068559	eager	870	MUL_MAT	MMQ	-	v.blk.4.attn_out.weight	node_161	q8_0	f32	f32	1152	1152	1	1	1152	352	1	1	1224	1410048	1410048	4608	1622016	1622016	1	1	0	1	1
34	1788291892574068559	eager	870	MUL_MAT	MMQ	-	v.blk.4.attn_q.weight	node_145	q8_0	f32	f32	1152	1152	1	1	1152	352	1	1	1224	1410048	1410048	4608	1622016	1622016	1	1	0	1	1
34	1788291892574068559	eager	870	MUL_MAT	MMQ	-	v.blk.4.attn_v.weight	node_151	q8_0	f32	f32	1152	1152	1	1	1152	352	1	1	1224	1410048	1410048	4608	1622016	1622016	1	1	0	1	1
34	1788291892574068559	eager	870	MUL_MAT	MMQ	-	v.blk.4.ffn_up.weight	ffn_up-4	q8_0	f32	f32	1152	4304	1	1	1152	352	1	1	1224	5268096	5268096	4608	1622016	1622016	1	1	0	1	1
34	1788291892574068559	eager	870	MUL_MAT	MMQ	-	v.blk.5.attn_k.weight	node_179	q8_0	f32	f32	1152	1152	1	1	1152	352	1	1	1224	1410048	1410048	4608	1622016	1622016	1	1	0	1	1
34	1788291892574068559	eager	870	MUL_MAT	MMQ	-	v.blk.5.attn_out.weight	node_192	q8_0	f32	f32	1152	1152	1	1	1152	352	1	1	1224	1410048	1410048	4608	1622016	1622016	1	1	0	1	1
34	1788291892574068559	eager	870	MUL_MAT	MMQ	-	v.blk.5.attn_q.weight	node_176	q8_0	f32	f32	1152	1152	1	1	1152	352	1	1	1224	1410048	1410048	4608	1622016	1622016	1	1	0	1	1
34	1788291892574068559	eager	870	MUL_MAT	MMQ	-	v.blk.5.attn_v.weight	node_182	q8_0	f32	f32	1152	1152	1	1	1152	352	1	1	1224	1410048	1410048	4608	1622016	1622016	1	1	0	1	1
34	1788291892574068559	eager	870	MUL_MAT	MMQ	-	v.blk.5.ffn_up.weight	ffn_up-5	q8_0	f32	f32	1152	4304	1	1	1152	352	1	1	1224	5268096	5268096	4608	1622016	1622016	1	1	0	1	1
34	1788291892574068559	eager	870	MUL_MAT	MMQ	-	v.blk.6.attn_k.weight	node_210	q8_0	f32	f32	1152	1152	1	1	1152	352	1	1	1224	1410048	1410048	4608	1622016	1622016	1	1	0	1	1
34	1788291892574068559	eager	870	MUL_MAT	MMQ	-	v.blk.6.attn_out.weight	node_223	q8_0	f32	f32	1152	1152	1	1	1152	352	1	1	1224	1410048	1410048	4608	1622016	1622016	1	1	0	1	1
34	1788291892574068559	eager	870	MUL_MAT	MMQ	-	v.blk.6.attn_q.weight	node_207	q8_0	f32	f32	1152	1152	1	1	1152	352	1	1	1224	1410048	1410048	4608	1622016	1622016	1	1	0	1	1
34	1788291892574068559	eager	870	MUL_MAT	MMQ	-	v.blk.6.attn_v.weight	node_213	q8_0	f32	f32	1152	1152	1	1	1152	352	1	1	1224	1410048	1410048	4608	1622016	1622016	1	1	0	1	1
34	1788291892574068559	eager	870	MUL_MAT	MMQ	-	v.blk.6.ffn_up.weight	ffn_up-6	q8_0	f32	f32	1152	4304	1	1	1152	352	1	1	1224	5268096	5268096	4608	1622016	1622016	1	1	0	1	1
34	1788291892574068559	eager	870	MUL_MAT	MMQ	-	v.blk.7.attn_k.weight	node_241	q8_0	f32	f32	1152	1152	1	1	1152	352	1	1	1224	1410048	1410048	4608	1622016	1622016	1	1	0	1	1
34	1788291892574068559	eager	870	MUL_MAT	MMQ	-	v.blk.7.attn_out.weight	node_254	q8_0	f32	f32	1152	1152	1	1	1152	352	1	1	1224	1410048	1410048	4608	1622016	1622016	1	1	0	1	1
34	1788291892574068559	eager	870	MUL_MAT	MMQ	-	v.blk.7.attn_q.weight	node_238	q8_0	f32	f32	1152	1152	1	1	1152	352	1	1	1224	1410048	1410048	4608	1622016	1622016	1	1	0	1	1
34	1788291892574068559	eager	870	MUL_MAT	MMQ	-	v.blk.7.attn_v.weight	node_244	q8_0	f32	f32	1152	1152	1	1	1152	352	1	1	1224	1410048	1410048	4608	1622016	1622016	1	1	0	1	1
34	1788291892574068559	eager	870	MUL_MAT	MMQ	-	v.blk.7.ffn_up.weight	ffn_up-7	q8_0	f32	f32	1152	4304	1	1	1152	352	1	1	1224	5268096	5268096	4608	1622016	1622016	1	1	0	1	1
34	1788291892574068559	eager	870	MUL_MAT	MMQ	-	v.blk.8.attn_k.weight	node_272	q8_0	f32	f32	1152	1152	1	1	1152	352	1	1	1224	1410048	1410048	4608	1622016	1622016	1	1	0	1	1
34	1788291892574068559	eager	870	MUL_MAT	MMQ	-	v.blk.8.attn_out.weight	node_285	q8_0	f32	f32	1152	1152	1	1	1152	352	1	1	1224	1410048	1410048	4608	1622016	1622016	1	1	0	1	1
34	1788291892574068559	eager	870	MUL_MAT	MMQ	-	v.blk.8.attn_q.weight	node_269	q8_0	f32	f32	1152	1152	1	1	1152	352	1	1	1224	1410048	1410048	4608	1622016	1622016	1	1	0	1	1
34	1788291892574068559	eager	870	MUL_MAT	MMQ	-	v.blk.8.attn_v.weight	node_275	q8_0	f32	f32	1152	1152	1	1	1152	352	1	1	1224	1410048	1410048	4608	1622016	1622016	1	1	0	1	1
34	1788291892574068559	eager	870	MUL_MAT	MMQ	-	v.blk.8.ffn_up.weight	ffn_up-8	q8_0	f32	f32	1152	4304	1	1	1152	352	1	1	1224	5268096	5268096	4608	1622016	1622016	1	1	0	1	1
34	1788291892574068559	eager	870	MUL_MAT	MMQ	-	v.blk.9.attn_k.weight	node_303	q8_0	f32	f32	1152	1152	1	1	1152	352	1	1	1224	1410048	1410048	4608	1622016	1622016	1	1	0	1	1
34	1788291892574068559	eager	870	MUL_MAT	MMQ	-	v.blk.9.attn_out.weight	node_316	q8_0	f32	f32	1152	1152	1	1	1152	352	1	1	1224	1410048	1410048	4608	1622016	1622016	1	1	0	1	1
34	1788291892574068559	eager	870	MUL_MAT	MMQ	-	v.blk.9.attn_q.weight	node_300	q8_0	f32	f32	1152	1152	1	1	1152	352	1	1	1224	1410048	1410048	4608	1622016	1622016	1	1	0	1	1
34	1788291892574068559	eager	870	MUL_MAT	MMQ	-	v.blk.9.attn_v.weight	node_306	q8_0	f32	f32	1152	1152	1	1	1152	352	1	1	1224	1410048	1410048	4608	1622016	1622016	1	1	0	1	1
34	1788291892574068559	eager	870	MUL_MAT	MMQ	-	v.blk.9.ffn_up.weight	ffn_up-9	q8_0	f32	f32	1152	4304	1	1	1152	352	1	1	1224	5268096	5268096	4608	1622016	1622016	1	1	0	1	1
34	1788291892574068559	eager	870	MUL_MAT	cuBLAS	cublasGemmEx/F16	 (reshaped)	node_3	f16	f32	f32	768	352	1	1	768	1152	1	1	1536	540672	540672	3072	3538944	3538944	1	1	0	1	1
34	1788291892574068559	eager	870	MUL_MAT	cuBLAS	cublasGemmEx/F16	v.blk.0.ffn_down.weight	ffn_down-0	f16	f32	f32	4304	1152	1	1	4304	352	1	1	8608	9916416	9916416	17216	6060032	6060032	1	1	0	1	1
34	1788291892574068559	eager	870	MUL_MAT	cuBLAS	cublasGemmEx/F16	v.blk.1.ffn_down.weight	ffn_down-1	f16	f32	f32	4304	1152	1	1	4304	352	1	1	8608	9916416	9916416	17216	6060032	6060032	1	1	0	1	1
34	1788291892574068559	eager	870	MUL_MAT	cuBLAS	cublasGemmEx/F16	v.blk.10.ffn_down.weight	ffn_down-10	f16	f32	f32	4304	1152	1	1	4304	352	1	1	8608	9916416	9916416	17216	6060032	6060032	1	1	0	1	1
34	1788291892574068559	eager	870	MUL_MAT	cuBLAS	cublasGemmEx/F16	v.blk.11.ffn_down.weight	ffn_down-11	f16	f32	f32	4304	1152	1	1	4304	352	1	1	8608	9916416	9916416	17216	6060032	6060032	1	1	0	1	1
34	1788291892574068559	eager	870	MUL_MAT	cuBLAS	cublasGemmEx/F16	v.blk.12.ffn_down.weight	ffn_down-12	f16	f32	f32	4304	1152	1	1	4304	352	1	1	8608	9916416	9916416	17216	6060032	6060032	1	1	0	1	1
34	1788291892574068559	eager	870	MUL_MAT	cuBLAS	cublasGemmEx/F16	v.blk.13.ffn_down.weight	ffn_down-13	f16	f32	f32	4304	1152	1	1	4304	352	1	1	8608	9916416	9916416	17216	6060032	6060032	1	1	0	1	1
34	1788291892574068559	eager	870	MUL_MAT	cuBLAS	cublasGemmEx/F16	v.blk.14.ffn_down.weight	ffn_down-14	f16	f32	f32	4304	1152	1	1	4304	352	1	1	8608	9916416	9916416	17216	6060032	6060032	1	1	0	1	1
34	1788291892574068559	eager	870	MUL_MAT	cuBLAS	cublasGemmEx/F16	v.blk.15.ffn_down.weight	ffn_down-15	f16	f32	f32	4304	1152	1	1	4304	352	1	1	8608	9916416	9916416	17216	6060032	6060032	1	1	0	1	1
34	1788291892574068559	eager	870	MUL_MAT	cuBLAS	cublasGemmEx/F16	v.blk.16.ffn_down.weight	ffn_down-16	f16	f32	f32	4304	1152	1	1	4304	352	1	1	8608	9916416	9916416	17216	6060032	6060032	1	1	0	1	1
34	1788291892574068559	eager	870	MUL_MAT	cuBLAS	cublasGemmEx/F16	v.blk.17.ffn_down.weight	ffn_down-17	f16	f32	f32	4304	1152	1	1	4304	352	1	1	8608	9916416	9916416	17216	6060032	6060032	1	1	0	1	1
34	1788291892574068559	eager	870	MUL_MAT	cuBLAS	cublasGemmEx/F16	v.blk.18.ffn_down.weight	ffn_down-18	f16	f32	f32	4304	1152	1	1	4304	352	1	1	8608	9916416	9916416	17216	6060032	6060032	1	1	0	1	1
34	1788291892574068559	eager	870	MUL_MAT	cuBLAS	cublasGemmEx/F16	v.blk.19.ffn_down.weight	ffn_down-19	f16	f32	f32	4304	1152	1	1	4304	352	1	1	8608	9916416	9916416	17216	6060032	6060032	1	1	0	1	1
34	1788291892574068559	eager	870	MUL_MAT	cuBLAS	cublasGemmEx/F16	v.blk.2.ffn_down.weight	ffn_down-2	f16	f32	f32	4304	1152	1	1	4304	352	1	1	8608	9916416	9916416	17216	6060032	6060032	1	1	0	1	1
34	1788291892574068559	eager	870	MUL_MAT	cuBLAS	cublasGemmEx/F16	v.blk.20.ffn_down.weight	ffn_down-20	f16	f32	f32	4304	1152	1	1	4304	352	1	1	8608	9916416	9916416	17216	6060032	6060032	1	1	0	1	1
34	1788291892574068559	eager	870	MUL_MAT	cuBLAS	cublasGemmEx/F16	v.blk.21.ffn_down.weight	ffn_down-21	f16	f32	f32	4304	1152	1	1	4304	352	1	1	8608	9916416	9916416	17216	6060032	6060032	1	1	0	1	1
34	1788291892574068559	eager	870	MUL_MAT	cuBLAS	cublasGemmEx/F16	v.blk.22.ffn_down.weight	ffn_down-22	f16	f32	f32	4304	1152	1	1	4304	352	1	1	8608	9916416	9916416	17216	6060032	6060032	1	1	0	1	1
34	1788291892574068559	eager	870	MUL_MAT	cuBLAS	cublasGemmEx/F16	v.blk.23.ffn_down.weight	ffn_down-23	f16	f32	f32	4304	1152	1	1	4304	352	1	1	8608	9916416	9916416	17216	6060032	6060032	1	1	0	1	1
34	1788291892574068559	eager	870	MUL_MAT	cuBLAS	cublasGemmEx/F16	v.blk.24.ffn_down.weight	ffn_down-24	f16	f32	f32	4304	1152	1	1	4304	352	1	1	8608	9916416	9916416	17216	6060032	6060032	1	1	0	1	1
34	1788291892574068559	eager	870	MUL_MAT	cuBLAS	cublasGemmEx/F16	v.blk.25.ffn_down.weight	ffn_down-25	f16	f32	f32	4304	1152	1	1	4304	352	1	1	8608	9916416	9916416	17216	6060032	6060032	1	1	0	1	1
34	1788291892574068559	eager	870	MUL_MAT	cuBLAS	cublasGemmEx/F16	v.blk.26.ffn_down.weight	ffn_down-26	f16	f32	f32	4304	1152	1	1	4304	352	1	1	8608	9916416	9916416	17216	6060032	6060032	1	1	0	1	1
34	1788291892574068559	eager	870	MUL_MAT	cuBLAS	cublasGemmEx/F16	v.blk.3.ffn_down.weight	ffn_down-3	f16	f32	f32	4304	1152	1	1	4304	352	1	1	8608	9916416	9916416	17216	6060032	6060032	1	1	0	1	1
34	1788291892574068559	eager	870	MUL_MAT	cuBLAS	cublasGemmEx/F16	v.blk.4.ffn_down.weight	ffn_down-4	f16	f32	f32	4304	1152	1	1	4304	352	1	1	8608	9916416	9916416	17216	6060032	6060032	1	1	0	1	1
34	1788291892574068559	eager	870	MUL_MAT	cuBLAS	cublasGemmEx/F16	v.blk.5.ffn_down.weight	ffn_down-5	f16	f32	f32	4304	1152	1	1	4304	352	1	1	8608	9916416	9916416	17216	6060032	6060032	1	1	0	1	1
34	1788291892574068559	eager	870	MUL_MAT	cuBLAS	cublasGemmEx/F16	v.blk.6.ffn_down.weight	ffn_down-6	f16	f32	f32	4304	1152	1	1	4304	352	1	1	8608	9916416	9916416	17216	6060032	6060032	1	1	0	1	1
34	1788291892574068559	eager	870	MUL_MAT	cuBLAS	cublasGemmEx/F16	v.blk.7.ffn_down.weight	ffn_down-7	f16	f32	f32	4304	1152	1	1	4304	352	1	1	8608	9916416	9916416	17216	6060032	6060032	1	1	0	1	1
34	1788291892574068559	eager	870	MUL_MAT	cuBLAS	cublasGemmEx/F16	v.blk.8.ffn_down.weight	ffn_down-8	f16	f32	f32	4304	1152	1	1	4304	352	1	1	8608	9916416	9916416	17216	6060032	6060032	1	1	0	1	1
34	1788291892574068559	eager	870	MUL_MAT	cuBLAS	cublasGemmEx/F16	v.blk.9.ffn_down.weight	ffn_down-9	f16	f32	f32	4304	1152	1	1	4304	352	1	1	8608	9916416	9916416	17216	6060032	6060032	1	1	0	1	1
35	1788291892642651487	eager	620	MUL_MAT	MMQ	-	blk.0.ffn_down.weight	node_42	q6_K	f32	f32	8192	2048	1	1	8192	88	1	1	6720	13762560	13762560	32768	2883584	2883584	1	1	0	1	1
35	1788291892642651487	eager	620	MUL_MAT	MMQ	-	blk.0.ffn_gate.weight	ffn_gate-0	q4_K	f32	f32	2048	8192	1	1	2048	88	1	1	1152	9437184	9437184	8192	720896	720896	1	1	0	1	1
35	1788291892642651487	eager	620	MUL_MAT	MMQ	-	blk.0.ffn_up.weight	ffn_up-0	q4_K	f32	f32	2048	8192	1	1	2048	88	1	1	1152	9437184	9437184	8192	720896	720896	1	1	0	1	1
35	1788291892642651487	eager	620	MUL_MAT	MMQ	-	blk.0.shortconv.in_proj.weight	model.layers.{}.conv.in_proj-0	q4_K	f32	f32	2048	6144	1	1	2048	88	1	1	1152	7077888	7077888	8192	720896	720896	1	1	0	1	1
35	1788291892642651487	eager	620	MUL_MAT	MMQ	-	blk.0.shortconv.out_proj.weight	model.layers.{}.conv.out_proj-0	q4_K	f32	f32	2048	2048	1	1	2048	88	1	1	1152	2359296	2359296	8192	720896	720896	1	1	0	1	1
35	1788291892642651487	eager	620	MUL_MAT	MMQ	-	blk.1.ffn_down.weight	node_67	q6_K	f32	f32	8192	2048	1	1	8192	88	1	1	6720	13762560	13762560	32768	2883584	2883584	1	1	0	1	1
35	1788291892642651487	eager	620	MUL_MAT	MMQ	-	blk.1.ffn_gate.weight	ffn_gate-1	q4_K	f32	f32	2048	8192	1	1	2048	88	1	1	1152	9437184	9437184	8192	720896	720896	1	1	0	1	1
35	1788291892642651487	eager	620	MUL_MAT	MMQ	-	blk.1.ffn_up.weight	ffn_up-1	q4_K	f32	f32	2048	8192	1	1	2048	88	1	1	1152	9437184	9437184	8192	720896	720896	1	1	0	1	1
35	1788291892642651487	eager	620	MUL_MAT	MMQ	-	blk.1.shortconv.in_proj.weight	model.layers.{}.conv.in_proj-1	q4_K	f32	f32	2048	6144	1	1	2048	88	1	1	1152	7077888	7077888	8192	720896	720896	1	1	0	1	1
35	1788291892642651487	eager	620	MUL_MAT	MMQ	-	blk.1.shortconv.out_proj.weight	model.layers.{}.conv.out_proj-1	q4_K	f32	f32	2048	2048	1	1	2048	88	1	1	1152	2359296	2359296	8192	720896	720896	1	1	0	1	1
35	1788291892642651487	eager	620	MUL_MAT	MMQ	-	blk.10.attn_k.weight	Kcur-10	q4_K	f32	f32	2048	512	1	1	2048	88	1	1	1152	589824	589824	8192	720896	720896	1	1	0	1	1
35	1788291892642651487	eager	620	MUL_MAT	MMQ	-	blk.10.attn_output.weight	model.layers.{}.self_attn.out_proj-10	q4_K	f32	f32	2048	2048	1	1	2048	88	1	1	1152	2359296	2359296	8192	720896	720896	1	1	0	1	1
35	1788291892642651487	eager	620	MUL_MAT	MMQ	-	blk.10.attn_q.weight	Qcur-10	q4_K	f32	f32	2048	2048	1	1	2048	88	1	1	1152	2359296	2359296	8192	720896	720896	1	1	0	1	1
35	1788291892642651487	eager	620	MUL_MAT	MMQ	-	blk.10.attn_v.weight	Vcur-10	q4_K	f32	f32	2048	512	1	1	2048	88	1	1	1152	589824	589824	8192	720896	720896	1	1	0	1	1
35	1788291892642651487	eager	620	MUL_MAT	MMQ	-	blk.10.ffn_down.weight	node_428	q6_K	f32	f32	8192	2048	1	1	8192	88	1	1	6720	13762560	13762560	32768	2883584	2883584	1	1	0	1	1
35	1788291892642651487	eager	620	MUL_MAT	MMQ	-	blk.10.ffn_gate.weight	ffn_gate-10	q4_K	f32	f32	2048	8192	1	1	2048	88	1	1	1152	9437184	9437184	8192	720896	720896	1	1	0	1	1
35	1788291892642651487	eager	620	MUL_MAT	MMQ	-	blk.10.ffn_up.weight	ffn_up-10	q4_K	f32	f32	2048	8192	1	1	2048	88	1	1	1152	9437184	9437184	8192	720896	720896	1	1	0	1	1
35	1788291892642651487	eager	620	MUL_MAT	MMQ	-	blk.11.ffn_down.weight	node_453	q4_K	f32	f32	8192	2048	1	1	8192	88	1	1	4608	9437184	9437184	32768	2883584	2883584	1	1	0	1	1
35	1788291892642651487	eager	620	MUL_MAT	MMQ	-	blk.11.ffn_gate.weight	ffn_gate-11	q4_K	f32	f32	2048	8192	1	1	2048	88	1	1	1152	9437184	9437184	8192	720896	720896	1	1	0	1	1
35	1788291892642651487	eager	620	MUL_MAT	MMQ	-	blk.11.ffn_up.weight	ffn_up-11	q4_K	f32	f32	2048	8192	1	1	2048	88	1	1	1152	9437184	9437184	8192	720896	720896	1	1	0	1	1
35	1788291892642651487	eager	620	MUL_MAT	MMQ	-	blk.11.shortconv.in_proj.weight	model.layers.{}.conv.in_proj-11	q4_K	f32	f32	2048	6144	1	1	2048	88	1	1	1152	7077888	7077888	8192	720896	720896	1	1	0	1	1
35	1788291892642651487	eager	620	MUL_MAT	MMQ	-	blk.11.shortconv.out_proj.weight	model.layers.{}.conv.out_proj-11	q4_K	f32	f32	2048	2048	1	1	2048	88	1	1	1152	2359296	2359296	8192	720896	720896	1	1	0	1	1
35	1788291892642651487	eager	620	MUL_MAT	MMQ	-	blk.12.attn_k.weight	Kcur-12	q4_K	f32	f32	2048	512	1	1	2048	88	1	1	1152	589824	589824	8192	720896	720896	1	1	0	1	1
35	1788291892642651487	eager	620	MUL_MAT	MMQ	-	blk.12.attn_output.weight	model.layers.{}.self_attn.out_proj-12	q4_K	f32	f32	2048	2048	1	1	2048	88	1	1	1152	2359296	2359296	8192	720896	720896	1	1	0	1	1
35	1788291892642651487	eager	620	MUL_MAT	MMQ	-	blk.12.attn_q.weight	Qcur-12	q4_K	f32	f32	2048	2048	1	1	2048	88	1	1	1152	2359296	2359296	8192	720896	720896	1	1	0	1	1
35	1788291892642651487	eager	620	MUL_MAT	MMQ	-	blk.12.attn_v.weight	Vcur-12	q4_K	f32	f32	2048	512	1	1	2048	88	1	1	1152	589824	589824	8192	720896	720896	1	1	0	1	1
35	1788291892642651487	eager	620	MUL_MAT	MMQ	-	blk.12.ffn_down.weight	node_508	q4_K	f32	f32	8192	2048	1	1	8192	88	1	1	4608	9437184	9437184	32768	2883584	2883584	1	1	0	1	1
35	1788291892642651487	eager	620	MUL_MAT	MMQ	-	blk.12.ffn_gate.weight	ffn_gate-12	q4_K	f32	f32	2048	8192	1	1	2048	88	1	1	1152	9437184	9437184	8192	720896	720896	1	1	0	1	1
35	1788291892642651487	eager	620	MUL_MAT	MMQ	-	blk.12.ffn_up.weight	ffn_up-12	q4_K	f32	f32	2048	8192	1	1	2048	88	1	1	1152	9437184	9437184	8192	720896	720896	1	1	0	1	1
35	1788291892642651487	eager	620	MUL_MAT	MMQ	-	blk.13.ffn_down.weight	node_533	q6_K	f32	f32	8192	2048	1	1	8192	88	1	1	6720	13762560	13762560	32768	2883584	2883584	1	1	0	1	1
35	1788291892642651487	eager	620	MUL_MAT	MMQ	-	blk.13.ffn_gate.weight	ffn_gate-13	q4_K	f32	f32	2048	8192	1	1	2048	88	1	1	1152	9437184	9437184	8192	720896	720896	1	1	0	1	1
35	1788291892642651487	eager	620	MUL_MAT	MMQ	-	blk.13.ffn_up.weight	ffn_up-13	q4_K	f32	f32	2048	8192	1	1	2048	88	1	1	1152	9437184	9437184	8192	720896	720896	1	1	0	1	1
35	1788291892642651487	eager	620	MUL_MAT	MMQ	-	blk.13.shortconv.in_proj.weight	model.layers.{}.conv.in_proj-13	q4_K	f32	f32	2048	6144	1	1	2048	88	1	1	1152	7077888	7077888	8192	720896	720896	1	1	0	1	1
35	1788291892642651487	eager	620	MUL_MAT	MMQ	-	blk.13.shortconv.out_proj.weight	model.layers.{}.conv.out_proj-13	q4_K	f32	f32	2048	2048	1	1	2048	88	1	1	1152	2359296	2359296	8192	720896	720896	1	1	0	1	1
35	1788291892642651487	eager	620	MUL_MAT	MMQ	-	blk.14.attn_k.weight	Kcur-14	q4_K	f32	f32	2048	512	1	1	2048	88	1	1	1152	589824	589824	8192	720896	720896	1	1	0	1	1
35	1788291892642651487	eager	620	MUL_MAT	MMQ	-	blk.14.attn_output.weight	model.layers.{}.self_attn.out_proj-14	q4_K	f32	f32	2048	2048	1	1	2048	88	1	1	1152	2359296	2359296	8192	720896	720896	1	1	0	1	1
35	1788291892642651487	eager	620	MUL_MAT	MMQ	-	blk.14.attn_q.weight	Qcur-14	q4_K	f32	f32	2048	2048	1	1	2048	88	1	1	1152	2359296	2359296	8192	720896	720896	1	1	0	1	1
35	1788291892642651487	eager	620	MUL_MAT	MMQ	-	blk.14.attn_v.weight	Vcur-14	q6_K	f32	f32	2048	512	1	1	2048	88	1	1	1680	860160	860160	8192	720896	720896	1	1	0	1	1
35	1788291892642651487	eager	620	MUL_MAT	MMQ	-	blk.14.ffn_down.weight	node_588	q6_K	f32	f32	8192	2048	1	1	8192	88	1	1	6720	13762560	13762560	32768	2883584	2883584	1	1	0	1	1
35	1788291892642651487	eager	620	MUL_MAT	MMQ	-	blk.14.ffn_gate.weight	ffn_gate-14	q4_K	f32	f32	2048	8192	1	1	2048	88	1	1	1152	9437184	9437184	8192	720896	720896	1	1	0	1	1
35	1788291892642651487	eager	620	MUL_MAT	MMQ	-	blk.14.ffn_up.weight	ffn_up-14	q4_K	f32	f32	2048	8192	1	1	2048	88	1	1	1152	9437184	9437184	8192	720896	720896	1	1	0	1	1
35	1788291892642651487	eager	620	MUL_MAT	MMQ	-	blk.15.shortconv.in_proj.weight	model.layers.{}.conv.in_proj-15	q4_K	f32	f32	2048	6144	1	1	2048	88	1	1	1152	7077888	7077888	8192	720896	720896	1	1	0	1	1
35	1788291892642651487	eager	620	MUL_MAT	MMQ	-	blk.15.shortconv.out_proj.weight	model.layers.{}.conv.out_proj-15	q4_K	f32	f32	2048	2048	1	1	2048	88	1	1	1152	2359296	2359296	8192	720896	720896	1	1	0	1	1
35	1788291892642651487	eager	620	MUL_MAT	MMQ	-	blk.2.attn_k.weight	Kcur-2	q4_K	f32	f32	2048	512	1	1	2048	88	1	1	1152	589824	589824	8192	720896	720896	1	1	0	1	1
35	1788291892642651487	eager	620	MUL_MAT	MMQ	-	blk.2.attn_output.weight	model.layers.{}.self_attn.out_proj-2	q4_K	f32	f32	2048	2048	1	1	2048	88	1	1	1152	2359296	2359296	8192	720896	720896	1	1	0	1	1
35	1788291892642651487	eager	620	MUL_MAT	MMQ	-	blk.2.attn_q.weight	Qcur-2	q4_K	f32	f32	2048	2048	1	1	2048	88	1	1	1152	2359296	2359296	8192	720896	720896	1	1	0	1	1
35	1788291892642651487	eager	620	MUL_MAT	MMQ	-	blk.2.attn_v.weight	Vcur-2	q4_K	f32	f32	2048	512	1	1	2048	88	1	1	1152	589824	589824	8192	720896	720896	1	1	0	1	1
35	1788291892642651487	eager	620	MUL_MAT	MMQ	-	blk.2.ffn_down.weight	node_122	q4_K	f32	f32	8192	2048	1	1	8192	88	1	1	4608	9437184	9437184	32768	2883584	2883584	1	1	0	1	1
35	1788291892642651487	eager	620	MUL_MAT	MMQ	-	blk.2.ffn_gate.weight	ffn_gate-2	q4_K	f32	f32	2048	8192	1	1	2048	88	1	1	1152	9437184	9437184	8192	720896	720896	1	1	0	1	1
35	1788291892642651487	eager	620	MUL_MAT	MMQ	-	blk.2.ffn_up.weight	ffn_up-2	q4_K	f32	f32	2048	8192	1	1	2048	88	1	1	1152	9437184	9437184	8192	720896	720896	1	1	0	1	1
35	1788291892642651487	eager	620	MUL_MAT	MMQ	-	blk.3.ffn_down.weight	node_155	q4_K	f32	f32	8192	2048	1	1	8192	88	1	1	4608	9437184	9437184	32768	2883584	2883584	1	1	0	1	1
35	1788291892642651487	eager	620	MUL_MAT	MMQ	-	blk.3.ffn_gate.weight	ffn_gate-3	q4_K	f32	f32	2048	8192	1	1	2048	88	1	1	1152	9437184	9437184	8192	720896	720896	1	1	0	1	1
35	1788291892642651487	eager	620	MUL_MAT	MMQ	-	blk.3.ffn_up.weight	ffn_up-3	q4_K	f32	f32	2048	8192	1	1	2048	88	1	1	1152	9437184	9437184	8192	720896	720896	1	1	0	1	1
35	1788291892642651487	eager	620	MUL_MAT	MMQ	-	blk.3.shortconv.in_proj.weight	model.layers.{}.conv.in_proj-3	q4_K	f32	f32	2048	6144	1	1	2048	88	1	1	1152	7077888	7077888	8192	720896	720896	1	1	0	1	1
35	1788291892642651487	eager	620	MUL_MAT	MMQ	-	blk.3.shortconv.out_proj.weight	model.layers.{}.conv.out_proj-3	q4_K	f32	f32	2048	2048	1	1	2048	88	1	1	1152	2359296	2359296	8192	720896	720896	1	1	0	1	1
35	1788291892642651487	eager	620	MUL_MAT	MMQ	-	blk.4.ffn_down.weight	node_180	q6_K	f32	f32	8192	2048	1	1	8192	88	1	1	6720	13762560	13762560	32768	2883584	2883584	1	1	0	1	1
35	1788291892642651487	eager	620	MUL_MAT	MMQ	-	blk.4.ffn_gate.weight	ffn_gate-4	q4_K	f32	f32	2048	8192	1	1	2048	88	1	1	1152	9437184	9437184	8192	720896	720896	1	1	0	1	1
35	1788291892642651487	eager	620	MUL_MAT	MMQ	-	blk.4.ffn_up.weight	ffn_up-4	q4_K	f32	f32	2048	8192	1	1	2048	88	1	1	1152	9437184	9437184	8192	720896	720896	1	1	0	1	1
35	1788291892642651487	eager	620	MUL_MAT	MMQ	-	blk.4.shortconv.in_proj.weight	model.layers.{}.conv.in_proj-4	q4_K	f32	f32	2048	6144	1	1	2048	88	1	1	1152	7077888	7077888	8192	720896	720896	1	1	0	1	1
35	1788291892642651487	eager	620	MUL_MAT	MMQ	-	blk.4.shortconv.out_proj.weight	model.layers.{}.conv.out_proj-4	q4_K	f32	f32	2048	2048	1	1	2048	88	1	1	1152	2359296	2359296	8192	720896	720896	1	1	0	1	1
35	1788291892642651487	eager	620	MUL_MAT	MMQ	-	blk.5.attn_k.weight	Kcur-5	q4_K	f32	f32	2048	512	1	1	2048	88	1	1	1152	589824	589824	8192	720896	720896	1	1	0	1	1
35	1788291892642651487	eager	620	MUL_MAT	MMQ	-	blk.5.attn_output.weight	model.layers.{}.self_attn.out_proj-5	q4_K	f32	f32	2048	2048	1	1	2048	88	1	1	1152	2359296	2359296	8192	720896	720896	1	1	0	1	1
35	1788291892642651487	eager	620	MUL_MAT	MMQ	-	blk.5.attn_q.weight	Qcur-5	q4_K	f32	f32	2048	2048	1	1	2048	88	1	1	1152	2359296	2359296	8192	720896	720896	1	1	0	1	1
35	1788291892642651487	eager	620	MUL_MAT	MMQ	-	blk.5.attn_v.weight	Vcur-5	q4_K	f32	f32	2048	512	1	1	2048	88	1	1	1152	589824	589824	8192	720896	720896	1	1	0	1	1
35	1788291892642651487	eager	620	MUL_MAT	MMQ	-	blk.5.ffn_down.weight	node_235	q4_K	f32	f32	8192	2048	1	1	8192	88	1	1	4608	9437184	9437184	32768	2883584	2883584	1	1	0	1	1
35	1788291892642651487	eager	620	MUL_MAT	MMQ	-	blk.5.ffn_gate.weight	ffn_gate-5	q4_K	f32	f32	2048	8192	1	1	2048	88	1	1	1152	9437184	9437184	8192	720896	720896	1	1	0	1	1
35	1788291892642651487	eager	620	MUL_MAT	MMQ	-	blk.5.ffn_up.weight	ffn_up-5	q4_K	f32	f32	2048	8192	1	1	2048	88	1	1	1152	9437184	9437184	8192	720896	720896	1	1	0	1	1
35	1788291892642651487	eager	620	MUL_MAT	MMQ	-	blk.6.ffn_down.weight	node_268	q4_K	f32	f32	8192	2048	1	1	8192	88	1	1	4608	9437184	9437184	32768	2883584	2883584	1	1	0	1	1
35	1788291892642651487	eager	620	MUL_MAT	MMQ	-	blk.6.ffn_gate.weight	ffn_gate-6	q4_K	f32	f32	2048	8192	1	1	2048	88	1	1	1152	9437184	9437184	8192	720896	720896	1	1	0	1	1
35	1788291892642651487	eager	620	MUL_MAT	MMQ	-	blk.6.ffn_up.weight	ffn_up-6	q4_K	f32	f32	2048	8192	1	1	2048	88	1	1	1152	9437184	9437184	8192	720896	720896	1	1	0	1	1
35	1788291892642651487	eager	620	MUL_MAT	MMQ	-	blk.6.shortconv.in_proj.weight	model.layers.{}.conv.in_proj-6	q4_K	f32	f32	2048	6144	1	1	2048	88	1	1	1152	7077888	7077888	8192	720896	720896	1	1	0	1	1
35	1788291892642651487	eager	620	MUL_MAT	MMQ	-	blk.6.shortconv.out_proj.weight	model.layers.{}.conv.out_proj-6	q4_K	f32	f32	2048	2048	1	1	2048	88	1	1	1152	2359296	2359296	8192	720896	720896	1	1	0	1	1
35	1788291892642651487	eager	620	MUL_MAT	MMQ	-	blk.7.ffn_down.weight	node_293	q6_K	f32	f32	8192	2048	1	1	8192	88	1	1	6720	13762560	13762560	32768	2883584	2883584	1	1	0	1	1
35	1788291892642651487	eager	620	MUL_MAT	MMQ	-	blk.7.ffn_gate.weight	ffn_gate-7	q4_K	f32	f32	2048	8192	1	1	2048	88	1	1	1152	9437184	9437184	8192	720896	720896	1	1	0	1	1
35	1788291892642651487	eager	620	MUL_MAT	MMQ	-	blk.7.ffn_up.weight	ffn_up-7	q4_K	f32	f32	2048	8192	1	1	2048	88	1	1	1152	9437184	9437184	8192	720896	720896	1	1	0	1	1
35	1788291892642651487	eager	620	MUL_MAT	MMQ	-	blk.7.shortconv.in_proj.weight	model.layers.{}.conv.in_proj-7	q4_K	f32	f32	2048	6144	1	1	2048	88	1	1	1152	7077888	7077888	8192	720896	720896	1	1	0	1	1
35	1788291892642651487	eager	620	MUL_MAT	MMQ	-	blk.7.shortconv.out_proj.weight	model.layers.{}.conv.out_proj-7	q4_K	f32	f32	2048	2048	1	1	2048	88	1	1	1152	2359296	2359296	8192	720896	720896	1	1	0	1	1
35	1788291892642651487	eager	620	MUL_MAT	MMQ	-	blk.8.attn_k.weight	Kcur-8	q4_K	f32	f32	2048	512	1	1	2048	88	1	1	1152	589824	589824	8192	720896	720896	1	1	0	1	1
35	1788291892642651487	eager	620	MUL_MAT	MMQ	-	blk.8.attn_output.weight	model.layers.{}.self_attn.out_proj-8	q4_K	f32	f32	2048	2048	1	1	2048	88	1	1	1152	2359296	2359296	8192	720896	720896	1	1	0	1	1
35	1788291892642651487	eager	620	MUL_MAT	MMQ	-	blk.8.attn_q.weight	Qcur-8	q4_K	f32	f32	2048	2048	1	1	2048	88	1	1	1152	2359296	2359296	8192	720896	720896	1	1	0	1	1
35	1788291892642651487	eager	620	MUL_MAT	MMQ	-	blk.8.attn_v.weight	Vcur-8	q6_K	f32	f32	2048	512	1	1	2048	88	1	1	1680	860160	860160	8192	720896	720896	1	1	0	1	1
35	1788291892642651487	eager	620	MUL_MAT	MMQ	-	blk.8.ffn_down.weight	node_348	q4_K	f32	f32	8192	2048	1	1	8192	88	1	1	4608	9437184	9437184	32768	2883584	2883584	1	1	0	1	1
35	1788291892642651487	eager	620	MUL_MAT	MMQ	-	blk.8.ffn_gate.weight	ffn_gate-8	q4_K	f32	f32	2048	8192	1	1	2048	88	1	1	1152	9437184	9437184	8192	720896	720896	1	1	0	1	1
35	1788291892642651487	eager	620	MUL_MAT	MMQ	-	blk.8.ffn_up.weight	ffn_up-8	q4_K	f32	f32	2048	8192	1	1	2048	88	1	1	1152	9437184	9437184	8192	720896	720896	1	1	0	1	1
35	1788291892642651487	eager	620	MUL_MAT	MMQ	-	blk.9.ffn_down.weight	node_373	q4_K	f32	f32	8192	2048	1	1	8192	88	1	1	4608	9437184	9437184	32768	2883584	2883584	1	1	0	1	1
35	1788291892642651487	eager	620	MUL_MAT	MMQ	-	blk.9.ffn_gate.weight	ffn_gate-9	q4_K	f32	f32	2048	8192	1	1	2048	88	1	1	1152	9437184	9437184	8192	720896	720896	1	1	0	1	1
35	1788291892642651487	eager	620	MUL_MAT	MMQ	-	blk.9.ffn_up.weight	ffn_up-9	q4_K	f32	f32	2048	8192	1	1	2048	88	1	1	1152	9437184	9437184	8192	720896	720896	1	1	0	1	1
35	1788291892642651487	eager	620	MUL_MAT	MMQ	-	blk.9.shortconv.in_proj.weight	model.layers.{}.conv.in_proj-9	q4_K	f32	f32	2048	6144	1	1	2048	88	1	1	1152	7077888	7077888	8192	720896	720896	1	1	0	1	1
35	1788291892642651487	eager	620	MUL_MAT	MMQ	-	blk.9.shortconv.out_proj.weight	model.layers.{}.conv.out_proj-9	q4_K	f32	f32	2048	2048	1	1	2048	88	1	1	1152	2359296	2359296	8192	720896	720896	1	1	0	1	1
36	1788291892648261429	eager	620	MUL_MAT	MMVQ	-	blk.0.ffn_down.weight	node_42	q6_K	f32	f32	8192	2048	1	1	8192	6	1	1	6720	13762560	13762560	32768	196608	196608	1	1	0	1	1
36	1788291892648261429	eager	620	MUL_MAT	MMVQ	-	blk.0.ffn_gate.weight	ffn_gate-0	q4_K	f32	f32	2048	8192	1	1	2048	6	1	1	1152	9437184	9437184	8192	49152	49152	1	1	0	1	1
36	1788291892648261429	eager	620	MUL_MAT	MMVQ	-	blk.0.ffn_up.weight	ffn_up-0	q4_K	f32	f32	2048	8192	1	1	2048	6	1	1	1152	9437184	9437184	8192	49152	49152	1	1	0	1	1
36	1788291892648261429	eager	620	MUL_MAT	MMVQ	-	blk.0.shortconv.in_proj.weight	model.layers.{}.conv.in_proj-0	q4_K	f32	f32	2048	6144	1	1	2048	6	1	1	1152	7077888	7077888	8192	49152	49152	1	1	0	1	1
36	1788291892648261429	eager	620	MUL_MAT	MMVQ	-	blk.0.shortconv.out_proj.weight	model.layers.{}.conv.out_proj-0	q4_K	f32	f32	2048	2048	1	1	2048	6	1	1	1152	2359296	2359296	8192	49152	49152	1	1	0	1	1
36	1788291892648261429	eager	620	MUL_MAT	MMVQ	-	blk.1.ffn_down.weight	node_67	q6_K	f32	f32	8192	2048	1	1	8192	6	1	1	6720	13762560	13762560	32768	196608	196608	1	1	0	1	1
36	1788291892648261429	eager	620	MUL_MAT	MMVQ	-	blk.1.ffn_gate.weight	ffn_gate-1	q4_K	f32	f32	2048	8192	1	1	2048	6	1	1	1152	9437184	9437184	8192	49152	49152	1	1	0	1	1
36	1788291892648261429	eager	620	MUL_MAT	MMVQ	-	blk.1.ffn_up.weight	ffn_up-1	q4_K	f32	f32	2048	8192	1	1	2048	6	1	1	1152	9437184	9437184	8192	49152	49152	1	1	0	1	1
36	1788291892648261429	eager	620	MUL_MAT	MMVQ	-	blk.1.shortconv.in_proj.weight	model.layers.{}.conv.in_proj-1	q4_K	f32	f32	2048	6144	1	1	2048	6	1	1	1152	7077888	7077888	8192	49152	49152	1	1	0	1	1
36	1788291892648261429	eager	620	MUL_MAT	MMVQ	-	blk.1.shortconv.out_proj.weight	model.layers.{}.conv.out_proj-1	q4_K	f32	f32	2048	2048	1	1	2048	6	1	1	1152	2359296	2359296	8192	49152	49152	1	1	0	1	1
36	1788291892648261429	eager	620	MUL_MAT	MMVQ	-	blk.10.attn_k.weight	Kcur-10	q4_K	f32	f32	2048	512	1	1	2048	6	1	1	1152	589824	589824	8192	49152	49152	1	1	0	1	1
36	1788291892648261429	eager	620	MUL_MAT	MMVQ	-	blk.10.attn_output.weight	model.layers.{}.self_attn.out_proj-10	q4_K	f32	f32	2048	2048	1	1	2048	6	1	1	1152	2359296	2359296	8192	49152	49152	1	1	0	1	1
36	1788291892648261429	eager	620	MUL_MAT	MMVQ	-	blk.10.attn_q.weight	Qcur-10	q4_K	f32	f32	2048	2048	1	1	2048	6	1	1	1152	2359296	2359296	8192	49152	49152	1	1	0	1	1
36	1788291892648261429	eager	620	MUL_MAT	MMVQ	-	blk.10.attn_v.weight	Vcur-10	q4_K	f32	f32	2048	512	1	1	2048	6	1	1	1152	589824	589824	8192	49152	49152	1	1	0	1	1
36	1788291892648261429	eager	620	MUL_MAT	MMVQ	-	blk.10.ffn_down.weight	node_428	q6_K	f32	f32	8192	2048	1	1	8192	6	1	1	6720	13762560	13762560	32768	196608	196608	1	1	0	1	1
36	1788291892648261429	eager	620	MUL_MAT	MMVQ	-	blk.10.ffn_gate.weight	ffn_gate-10	q4_K	f32	f32	2048	8192	1	1	2048	6	1	1	1152	9437184	9437184	8192	49152	49152	1	1	0	1	1
36	1788291892648261429	eager	620	MUL_MAT	MMVQ	-	blk.10.ffn_up.weight	ffn_up-10	q4_K	f32	f32	2048	8192	1	1	2048	6	1	1	1152	9437184	9437184	8192	49152	49152	1	1	0	1	1
36	1788291892648261429	eager	620	MUL_MAT	MMVQ	-	blk.11.ffn_down.weight	node_453	q4_K	f32	f32	8192	2048	1	1	8192	6	1	1	4608	9437184	9437184	32768	196608	196608	1	1	0	1	1
36	1788291892648261429	eager	620	MUL_MAT	MMVQ	-	blk.11.ffn_gate.weight	ffn_gate-11	q4_K	f32	f32	2048	8192	1	1	2048	6	1	1	1152	9437184	9437184	8192	49152	49152	1	1	0	1	1
36	1788291892648261429	eager	620	MUL_MAT	MMVQ	-	blk.11.ffn_up.weight	ffn_up-11	q4_K	f32	f32	2048	8192	1	1	2048	6	1	1	1152	9437184	9437184	8192	49152	49152	1	1	0	1	1
36	1788291892648261429	eager	620	MUL_MAT	MMVQ	-	blk.11.shortconv.in_proj.weight	model.layers.{}.conv.in_proj-11	q4_K	f32	f32	2048	6144	1	1	2048	6	1	1	1152	7077888	7077888	8192	49152	49152	1	1	0	1	1
36	1788291892648261429	eager	620	MUL_MAT	MMVQ	-	blk.11.shortconv.out_proj.weight	model.layers.{}.conv.out_proj-11	q4_K	f32	f32	2048	2048	1	1	2048	6	1	1	1152	2359296	2359296	8192	49152	49152	1	1	0	1	1
36	1788291892648261429	eager	620	MUL_MAT	MMVQ	-	blk.12.attn_k.weight	Kcur-12	q4_K	f32	f32	2048	512	1	1	2048	6	1	1	1152	589824	589824	8192	49152	49152	1	1	0	1	1
36	1788291892648261429	eager	620	MUL_MAT	MMVQ	-	blk.12.attn_output.weight	model.layers.{}.self_attn.out_proj-12	q4_K	f32	f32	2048	2048	1	1	2048	6	1	1	1152	2359296	2359296	8192	49152	49152	1	1	0	1	1
36	1788291892648261429	eager	620	MUL_MAT	MMVQ	-	blk.12.attn_q.weight	Qcur-12	q4_K	f32	f32	2048	2048	1	1	2048	6	1	1	1152	2359296	2359296	8192	49152	49152	1	1	0	1	1
36	1788291892648261429	eager	620	MUL_MAT	MMVQ	-	blk.12.attn_v.weight	Vcur-12	q4_K	f32	f32	2048	512	1	1	2048	6	1	1	1152	589824	589824	8192	49152	49152	1	1	0	1	1
36	1788291892648261429	eager	620	MUL_MAT	MMVQ	-	blk.12.ffn_down.weight	node_508	q4_K	f32	f32	8192	2048	1	1	8192	6	1	1	4608	9437184	9437184	32768	196608	196608	1	1	0	1	1
36	1788291892648261429	eager	620	MUL_MAT	MMVQ	-	blk.12.ffn_gate.weight	ffn_gate-12	q4_K	f32	f32	2048	8192	1	1	2048	6	1	1	1152	9437184	9437184	8192	49152	49152	1	1	0	1	1
36	1788291892648261429	eager	620	MUL_MAT	MMVQ	-	blk.12.ffn_up.weight	ffn_up-12	q4_K	f32	f32	2048	8192	1	1	2048	6	1	1	1152	9437184	9437184	8192	49152	49152	1	1	0	1	1
36	1788291892648261429	eager	620	MUL_MAT	MMVQ	-	blk.13.ffn_down.weight	node_533	q6_K	f32	f32	8192	2048	1	1	8192	6	1	1	6720	13762560	13762560	32768	196608	196608	1	1	0	1	1
36	1788291892648261429	eager	620	MUL_MAT	MMVQ	-	blk.13.ffn_gate.weight	ffn_gate-13	q4_K	f32	f32	2048	8192	1	1	2048	6	1	1	1152	9437184	9437184	8192	49152	49152	1	1	0	1	1
36	1788291892648261429	eager	620	MUL_MAT	MMVQ	-	blk.13.ffn_up.weight	ffn_up-13	q4_K	f32	f32	2048	8192	1	1	2048	6	1	1	1152	9437184	9437184	8192	49152	49152	1	1	0	1	1
36	1788291892648261429	eager	620	MUL_MAT	MMVQ	-	blk.13.shortconv.in_proj.weight	model.layers.{}.conv.in_proj-13	q4_K	f32	f32	2048	6144	1	1	2048	6	1	1	1152	7077888	7077888	8192	49152	49152	1	1	0	1	1
36	1788291892648261429	eager	620	MUL_MAT	MMVQ	-	blk.13.shortconv.out_proj.weight	model.layers.{}.conv.out_proj-13	q4_K	f32	f32	2048	2048	1	1	2048	6	1	1	1152	2359296	2359296	8192	49152	49152	1	1	0	1	1
36	1788291892648261429	eager	620	MUL_MAT	MMVQ	-	blk.14.attn_k.weight	Kcur-14	q4_K	f32	f32	2048	512	1	1	2048	6	1	1	1152	589824	589824	8192	49152	49152	1	1	0	1	1
36	1788291892648261429	eager	620	MUL_MAT	MMVQ	-	blk.14.attn_output.weight	model.layers.{}.self_attn.out_proj-14	q4_K	f32	f32	2048	2048	1	1	2048	6	1	1	1152	2359296	2359296	8192	49152	49152	1	1	0	1	1
36	1788291892648261429	eager	620	MUL_MAT	MMVQ	-	blk.14.attn_q.weight	Qcur-14	q4_K	f32	f32	2048	2048	1	1	2048	6	1	1	1152	2359296	2359296	8192	49152	49152	1	1	0	1	1
36	1788291892648261429	eager	620	MUL_MAT	MMVQ	-	blk.14.attn_v.weight	Vcur-14	q6_K	f32	f32	2048	512	1	1	2048	6	1	1	1680	860160	860160	8192	49152	49152	1	1	0	1	1
36	1788291892648261429	eager	620	MUL_MAT	MMVQ	-	blk.14.ffn_down.weight	node_588	q6_K	f32	f32	8192	2048	1	1	8192	6	1	1	6720	13762560	13762560	32768	196608	196608	1	1	0	1	1
36	1788291892648261429	eager	620	MUL_MAT	MMVQ	-	blk.14.ffn_gate.weight	ffn_gate-14	q4_K	f32	f32	2048	8192	1	1	2048	6	1	1	1152	9437184	9437184	8192	49152	49152	1	1	0	1	1
36	1788291892648261429	eager	620	MUL_MAT	MMVQ	-	blk.14.ffn_up.weight	ffn_up-14	q4_K	f32	f32	2048	8192	1	1	2048	6	1	1	1152	9437184	9437184	8192	49152	49152	1	1	0	1	1
36	1788291892648261429	eager	620	MUL_MAT	MMVQ	-	blk.15.shortconv.in_proj.weight	model.layers.{}.conv.in_proj-15	q4_K	f32	f32	2048	6144	1	1	2048	6	1	1	1152	7077888	7077888	8192	49152	49152	1	1	0	1	1
36	1788291892648261429	eager	620	MUL_MAT	MMVQ	-	blk.15.shortconv.out_proj.weight	model.layers.{}.conv.out_proj-15	q4_K	f32	f32	2048	2048	1	1	2048	6	1	1	1152	2359296	2359296	8192	49152	49152	1	1	0	1	1
36	1788291892648261429	eager	620	MUL_MAT	MMVQ	-	blk.2.attn_k.weight	Kcur-2	q4_K	f32	f32	2048	512	1	1	2048	6	1	1	1152	589824	589824	8192	49152	49152	1	1	0	1	1
36	1788291892648261429	eager	620	MUL_MAT	MMVQ	-	blk.2.attn_output.weight	model.layers.{}.self_attn.out_proj-2	q4_K	f32	f32	2048	2048	1	1	2048	6	1	1	1152	2359296	2359296	8192	49152	49152	1	1	0	1	1
36	1788291892648261429	eager	620	MUL_MAT	MMVQ	-	blk.2.attn_q.weight	Qcur-2	q4_K	f32	f32	2048	2048	1	1	2048	6	1	1	1152	2359296	2359296	8192	49152	49152	1	1	0	1	1
36	1788291892648261429	eager	620	MUL_MAT	MMVQ	-	blk.2.attn_v.weight	Vcur-2	q4_K	f32	f32	2048	512	1	1	2048	6	1	1	1152	589824	589824	8192	49152	49152	1	1	0	1	1
36	1788291892648261429	eager	620	MUL_MAT	MMVQ	-	blk.2.ffn_down.weight	node_122	q4_K	f32	f32	8192	2048	1	1	8192	6	1	1	4608	9437184	9437184	32768	196608	196608	1	1	0	1	1
36	1788291892648261429	eager	620	MUL_MAT	MMVQ	-	blk.2.ffn_gate.weight	ffn_gate-2	q4_K	f32	f32	2048	8192	1	1	2048	6	1	1	1152	9437184	9437184	8192	49152	49152	1	1	0	1	1
36	1788291892648261429	eager	620	MUL_MAT	MMVQ	-	blk.2.ffn_up.weight	ffn_up-2	q4_K	f32	f32	2048	8192	1	1	2048	6	1	1	1152	9437184	9437184	8192	49152	49152	1	1	0	1	1
36	1788291892648261429	eager	620	MUL_MAT	MMVQ	-	blk.3.ffn_down.weight	node_155	q4_K	f32	f32	8192	2048	1	1	8192	6	1	1	4608	9437184	9437184	32768	196608	196608	1	1	0	1	1
36	1788291892648261429	eager	620	MUL_MAT	MMVQ	-	blk.3.ffn_gate.weight	ffn_gate-3	q4_K	f32	f32	2048	8192	1	1	2048	6	1	1	1152	9437184	9437184	8192	49152	49152	1	1	0	1	1
36	1788291892648261429	eager	620	MUL_MAT	MMVQ	-	blk.3.ffn_up.weight	ffn_up-3	q4_K	f32	f32	2048	8192	1	1	2048	6	1	1	1152	9437184	9437184	8192	49152	49152	1	1	0	1	1
36	1788291892648261429	eager	620	MUL_MAT	MMVQ	-	blk.3.shortconv.in_proj.weight	model.layers.{}.conv.in_proj-3	q4_K	f32	f32	2048	6144	1	1	2048	6	1	1	1152	7077888	7077888	8192	49152	49152	1	1	0	1	1
36	1788291892648261429	eager	620	MUL_MAT	MMVQ	-	blk.3.shortconv.out_proj.weight	model.layers.{}.conv.out_proj-3	q4_K	f32	f32	2048	2048	1	1	2048	6	1	1	1152	2359296	2359296	8192	49152	49152	1	1	0	1	1
36	1788291892648261429	eager	620	MUL_MAT	MMVQ	-	blk.4.ffn_down.weight	node_180	q6_K	f32	f32	8192	2048	1	1	8192	6	1	1	6720	13762560	13762560	32768	196608	196608	1	1	0	1	1
36	1788291892648261429	eager	620	MUL_MAT	MMVQ	-	blk.4.ffn_gate.weight	ffn_gate-4	q4_K	f32	f32	2048	8192	1	1	2048	6	1	1	1152	9437184	9437184	8192	49152	49152	1	1	0	1	1
36	1788291892648261429	eager	620	MUL_MAT	MMVQ	-	blk.4.ffn_up.weight	ffn_up-4	q4_K	f32	f32	2048	8192	1	1	2048	6	1	1	1152	9437184	9437184	8192	49152	49152	1	1	0	1	1
36	1788291892648261429	eager	620	MUL_MAT	MMVQ	-	blk.4.shortconv.in_proj.weight	model.layers.{}.conv.in_proj-4	q4_K	f32	f32	2048	6144	1	1	2048	6	1	1	1152	7077888	7077888	8192	49152	49152	1	1	0	1	1
36	1788291892648261429	eager	620	MUL_MAT	MMVQ	-	blk.4.shortconv.out_proj.weight	model.layers.{}.conv.out_proj-4	q4_K	f32	f32	2048	2048	1	1	2048	6	1	1	1152	2359296	2359296	8192	49152	49152	1	1	0	1	1
36	1788291892648261429	eager	620	MUL_MAT	MMVQ	-	blk.5.attn_k.weight	Kcur-5	q4_K	f32	f32	2048	512	1	1	2048	6	1	1	1152	589824	589824	8192	49152	49152	1	1	0	1	1
36	1788291892648261429	eager	620	MUL_MAT	MMVQ	-	blk.5.attn_output.weight	model.layers.{}.self_attn.out_proj-5	q4_K	f32	f32	2048	2048	1	1	2048	6	1	1	1152	2359296	2359296	8192	49152	49152	1	1	0	1	1
36	1788291892648261429	eager	620	MUL_MAT	MMVQ	-	blk.5.attn_q.weight	Qcur-5	q4_K	f32	f32	2048	2048	1	1	2048	6	1	1	1152	2359296	2359296	8192	49152	49152	1	1	0	1	1
36	1788291892648261429	eager	620	MUL_MAT	MMVQ	-	blk.5.attn_v.weight	Vcur-5	q4_K	f32	f32	2048	512	1	1	2048	6	1	1	1152	589824	589824	8192	49152	49152	1	1	0	1	1
36	1788291892648261429	eager	620	MUL_MAT	MMVQ	-	blk.5.ffn_down.weight	node_235	q4_K	f32	f32	8192	2048	1	1	8192	6	1	1	4608	9437184	9437184	32768	196608	196608	1	1	0	1	1
36	1788291892648261429	eager	620	MUL_MAT	MMVQ	-	blk.5.ffn_gate.weight	ffn_gate-5	q4_K	f32	f32	2048	8192	1	1	2048	6	1	1	1152	9437184	9437184	8192	49152	49152	1	1	0	1	1
36	1788291892648261429	eager	620	MUL_MAT	MMVQ	-	blk.5.ffn_up.weight	ffn_up-5	q4_K	f32	f32	2048	8192	1	1	2048	6	1	1	1152	9437184	9437184	8192	49152	49152	1	1	0	1	1
36	1788291892648261429	eager	620	MUL_MAT	MMVQ	-	blk.6.ffn_down.weight	node_268	q4_K	f32	f32	8192	2048	1	1	8192	6	1	1	4608	9437184	9437184	32768	196608	196608	1	1	0	1	1
36	1788291892648261429	eager	620	MUL_MAT	MMVQ	-	blk.6.ffn_gate.weight	ffn_gate-6	q4_K	f32	f32	2048	8192	1	1	2048	6	1	1	1152	9437184	9437184	8192	49152	49152	1	1	0	1	1
36	1788291892648261429	eager	620	MUL_MAT	MMVQ	-	blk.6.ffn_up.weight	ffn_up-6	q4_K	f32	f32	2048	8192	1	1	2048	6	1	1	1152	9437184	9437184	8192	49152	49152	1	1	0	1	1
36	1788291892648261429	eager	620	MUL_MAT	MMVQ	-	blk.6.shortconv.in_proj.weight	model.layers.{}.conv.in_proj-6	q4_K	f32	f32	2048	6144	1	1	2048	6	1	1	1152	7077888	7077888	8192	49152	49152	1	1	0	1	1
36	1788291892648261429	eager	620	MUL_MAT	MMVQ	-	blk.6.shortconv.out_proj.weight	model.layers.{}.conv.out_proj-6	q4_K	f32	f32	2048	2048	1	1	2048	6	1	1	1152	2359296	2359296	8192	49152	49152	1	1	0	1	1
36	1788291892648261429	eager	620	MUL_MAT	MMVQ	-	blk.7.ffn_down.weight	node_293	q6_K	f32	f32	8192	2048	1	1	8192	6	1	1	6720	13762560	13762560	32768	196608	196608	1	1	0	1	1
36	1788291892648261429	eager	620	MUL_MAT	MMVQ	-	blk.7.ffn_gate.weight	ffn_gate-7	q4_K	f32	f32	2048	8192	1	1	2048	6	1	1	1152	9437184	9437184	8192	49152	49152	1	1	0	1	1
36	1788291892648261429	eager	620	MUL_MAT	MMVQ	-	blk.7.ffn_up.weight	ffn_up-7	q4_K	f32	f32	2048	8192	1	1	2048	6	1	1	1152	9437184	9437184	8192	49152	49152	1	1	0	1	1
36	1788291892648261429	eager	620	MUL_MAT	MMVQ	-	blk.7.shortconv.in_proj.weight	model.layers.{}.conv.in_proj-7	q4_K	f32	f32	2048	6144	1	1	2048	6	1	1	1152	7077888	7077888	8192	49152	49152	1	1	0	1	1
36	1788291892648261429	eager	620	MUL_MAT	MMVQ	-	blk.7.shortconv.out_proj.weight	model.layers.{}.conv.out_proj-7	q4_K	f32	f32	2048	2048	1	1	2048	6	1	1	1152	2359296	2359296	8192	49152	49152	1	1	0	1	1
36	1788291892648261429	eager	620	MUL_MAT	MMVQ	-	blk.8.attn_k.weight	Kcur-8	q4_K	f32	f32	2048	512	1	1	2048	6	1	1	1152	589824	589824	8192	49152	49152	1	1	0	1	1
36	1788291892648261429	eager	620	MUL_MAT	MMVQ	-	blk.8.attn_output.weight	model.layers.{}.self_attn.out_proj-8	q4_K	f32	f32	2048	2048	1	1	2048	6	1	1	1152	2359296	2359296	8192	49152	49152	1	1	0	1	1
36	1788291892648261429	eager	620	MUL_MAT	MMVQ	-	blk.8.attn_q.weight	Qcur-8	q4_K	f32	f32	2048	2048	1	1	2048	6	1	1	1152	2359296	2359296	8192	49152	49152	1	1	0	1	1
36	1788291892648261429	eager	620	MUL_MAT	MMVQ	-	blk.8.attn_v.weight	Vcur-8	q6_K	f32	f32	2048	512	1	1	2048	6	1	1	1680	860160	860160	8192	49152	49152	1	1	0	1	1
36	1788291892648261429	eager	620	MUL_MAT	MMVQ	-	blk.8.ffn_down.weight	node_348	q4_K	f32	f32	8192	2048	1	1	8192	6	1	1	4608	9437184	9437184	32768	196608	196608	1	1	0	1	1
36	1788291892648261429	eager	620	MUL_MAT	MMVQ	-	blk.8.ffn_gate.weight	ffn_gate-8	q4_K	f32	f32	2048	8192	1	1	2048	6	1	1	1152	9437184	9437184	8192	49152	49152	1	1	0	1	1
36	1788291892648261429	eager	620	MUL_MAT	MMVQ	-	blk.8.ffn_up.weight	ffn_up-8	q4_K	f32	f32	2048	8192	1	1	2048	6	1	1	1152	9437184	9437184	8192	49152	49152	1	1	0	1	1
36	1788291892648261429	eager	620	MUL_MAT	MMVQ	-	blk.9.ffn_down.weight	node_373	q4_K	f32	f32	8192	2048	1	1	8192	6	1	1	4608	9437184	9437184	32768	196608	196608	1	1	0	1	1
36	1788291892648261429	eager	620	MUL_MAT	MMVQ	-	blk.9.ffn_gate.weight	ffn_gate-9	q4_K	f32	f32	2048	8192	1	1	2048	6	1	1	1152	9437184	9437184	8192	49152	49152	1	1	0	1	1
36	1788291892648261429	eager	620	MUL_MAT	MMVQ	-	blk.9.ffn_up.weight	ffn_up-9	q4_K	f32	f32	2048	8192	1	1	2048	6	1	1	1152	9437184	9437184	8192	49152	49152	1	1	0	1	1
36	1788291892648261429	eager	620	MUL_MAT	MMVQ	-	blk.9.shortconv.in_proj.weight	model.layers.{}.conv.in_proj-9	q4_K	f32	f32	2048	6144	1	1	2048	6	1	1	1152	7077888	7077888	8192	49152	49152	1	1	0	1	1
36	1788291892648261429	eager	620	MUL_MAT	MMVQ	-	blk.9.shortconv.out_proj.weight	model.layers.{}.conv.out_proj-9	q4_K	f32	f32	2048	2048	1	1	2048	6	1	1	1152	2359296	2359296	8192	49152	49152	1	1	0	1	1
36	1788291892648261429	eager	620	MUL_MAT	MMVQ	-	token_embd.weight	result_output	q6_K	f32	f32	2048	65536	1	1	2048	1	1	1	1680	110100480	110100480	8192	8192	8192	1	1	0	1	1
36	1788291892648261429	eager	620	MUL_MAT	MMVQ	fused	blk.15.ffn_down.weight	l_out-15	q6_K	f32	f32	8192	2048	1	1	8192	1	1	1	6720	13762560	13762560	32768	32768	32768	1	1	0	1	1
36	1788291892648261429	eager	620	MUL_MAT	MMVQ	fused	blk.15.ffn_up.weight	ffn_swiglu-15	q4_K	f32	f32	2048	8192	1	1	2048	1	1	1	1152	9437184	9437184	8192	8192	8192	1	1	0	1	1
37	1788291892654915733	eager	620	MUL_MAT	MMVQ	-	blk.0.shortconv.in_proj.weight	model.layers.{}.conv.in_proj-0	q4_K	f32	f32	2048	6144	1	1	2048	1	1	1	1152	7077888	7077888	8192	8192	8192	1	1	0	1	1
37	1788291892654915733	eager	620	MUL_MAT	MMVQ	-	blk.0.shortconv.out_proj.weight	model.layers.{}.conv.out_proj-0	q4_K	f32	f32	2048	2048	1	1	2048	1	1	1	1152	2359296	2359296	8192	8192	8192	1	1	0	1	1
37	1788291892654915733	eager	620	MUL_MAT	MMVQ	-	blk.1.shortconv.in_proj.weight	model.layers.{}.conv.in_proj-1	q4_K	f32	f32	2048	6144	1	1	2048	1	1	1	1152	7077888	7077888	8192	8192	8192	1	1	0	1	1
37	1788291892654915733	eager	620	MUL_MAT	MMVQ	-	blk.1.shortconv.out_proj.weight	model.layers.{}.conv.out_proj-1	q4_K	f32	f32	2048	2048	1	1	2048	1	1	1	1152	2359296	2359296	8192	8192	8192	1	1	0	1	1
37	1788291892654915733	eager	620	MUL_MAT	MMVQ	-	blk.10.attn_k.weight	Kcur-10	q4_K	f32	f32	2048	512	1	1	2048	1	1	1	1152	589824	589824	8192	8192	8192	1	1	0	1	1
37	1788291892654915733	eager	620	MUL_MAT	MMVQ	-	blk.10.attn_q.weight	Qcur-10	q4_K	f32	f32	2048	2048	1	1	2048	1	1	1	1152	2359296	2359296	8192	8192	8192	1	1	0	1	1
37	1788291892654915733	eager	620	MUL_MAT	MMVQ	-	blk.10.attn_v.weight	Vcur-10	q4_K	f32	f32	2048	512	1	1	2048	1	1	1	1152	589824	589824	8192	8192	8192	1	1	0	1	1
37	1788291892654915733	eager	620	MUL_MAT	MMVQ	-	blk.11.shortconv.in_proj.weight	model.layers.{}.conv.in_proj-11	q4_K	f32	f32	2048	6144	1	1	2048	1	1	1	1152	7077888	7077888	8192	8192	8192	1	1	0	1	1
37	1788291892654915733	eager	620	MUL_MAT	MMVQ	-	blk.11.shortconv.out_proj.weight	model.layers.{}.conv.out_proj-11	q4_K	f32	f32	2048	2048	1	1	2048	1	1	1	1152	2359296	2359296	8192	8192	8192	1	1	0	1	1
37	1788291892654915733	eager	620	MUL_MAT	MMVQ	-	blk.12.attn_k.weight	Kcur-12	q4_K	f32	f32	2048	512	1	1	2048	1	1	1	1152	589824	589824	8192	8192	8192	1	1	0	1	1
37	1788291892654915733	eager	620	MUL_MAT	MMVQ	-	blk.12.attn_q.weight	Qcur-12	q4_K	f32	f32	2048	2048	1	1	2048	1	1	1	1152	2359296	2359296	8192	8192	8192	1	1	0	1	1
37	1788291892654915733	eager	620	MUL_MAT	MMVQ	-	blk.12.attn_v.weight	Vcur-12	q4_K	f32	f32	2048	512	1	1	2048	1	1	1	1152	589824	589824	8192	8192	8192	1	1	0	1	1
37	1788291892654915733	eager	620	MUL_MAT	MMVQ	-	blk.13.shortconv.in_proj.weight	model.layers.{}.conv.in_proj-13	q4_K	f32	f32	2048	6144	1	1	2048	1	1	1	1152	7077888	7077888	8192	8192	8192	1	1	0	1	1
37	1788291892654915733	eager	620	MUL_MAT	MMVQ	-	blk.13.shortconv.out_proj.weight	model.layers.{}.conv.out_proj-13	q4_K	f32	f32	2048	2048	1	1	2048	1	1	1	1152	2359296	2359296	8192	8192	8192	1	1	0	1	1
37	1788291892654915733	eager	620	MUL_MAT	MMVQ	-	blk.14.attn_k.weight	Kcur-14	q4_K	f32	f32	2048	512	1	1	2048	1	1	1	1152	589824	589824	8192	8192	8192	1	1	0	1	1
37	1788291892654915733	eager	620	MUL_MAT	MMVQ	-	blk.14.attn_q.weight	Qcur-14	q4_K	f32	f32	2048	2048	1	1	2048	1	1	1	1152	2359296	2359296	8192	8192	8192	1	1	0	1	1
37	1788291892654915733	eager	620	MUL_MAT	MMVQ	-	blk.14.attn_v.weight	Vcur-14	q6_K	f32	f32	2048	512	1	1	2048	1	1	1	1680	860160	860160	8192	8192	8192	1	1	0	1	1
37	1788291892654915733	eager	620	MUL_MAT	MMVQ	-	blk.15.shortconv.in_proj.weight	model.layers.{}.conv.in_proj-15	q4_K	f32	f32	2048	6144	1	1	2048	1	1	1	1152	7077888	7077888	8192	8192	8192	1	1	0	1	1
37	1788291892654915733	eager	620	MUL_MAT	MMVQ	-	blk.15.shortconv.out_proj.weight	model.layers.{}.conv.out_proj-15	q4_K	f32	f32	2048	2048	1	1	2048	1	1	1	1152	2359296	2359296	8192	8192	8192	1	1	0	1	1
37	1788291892654915733	eager	620	MUL_MAT	MMVQ	-	blk.2.attn_k.weight	Kcur-2	q4_K	f32	f32	2048	512	1	1	2048	1	1	1	1152	589824	589824	8192	8192	8192	1	1	0	1	1
37	1788291892654915733	eager	620	MUL_MAT	MMVQ	-	blk.2.attn_q.weight	Qcur-2	q4_K	f32	f32	2048	2048	1	1	2048	1	1	1	1152	2359296	2359296	8192	8192	8192	1	1	0	1	1
37	1788291892654915733	eager	620	MUL_MAT	MMVQ	-	blk.2.attn_v.weight	Vcur-2	q4_K	f32	f32	2048	512	1	1	2048	1	1	1	1152	589824	589824	8192	8192	8192	1	1	0	1	1
37	1788291892654915733	eager	620	MUL_MAT	MMVQ	-	blk.3.shortconv.in_proj.weight	model.layers.{}.conv.in_proj-3	q4_K	f32	f32	2048	6144	1	1	2048	1	1	1	1152	7077888	7077888	8192	8192	8192	1	1	0	1	1
37	1788291892654915733	eager	620	MUL_MAT	MMVQ	-	blk.3.shortconv.out_proj.weight	model.layers.{}.conv.out_proj-3	q4_K	f32	f32	2048	2048	1	1	2048	1	1	1	1152	2359296	2359296	8192	8192	8192	1	1	0	1	1
37	1788291892654915733	eager	620	MUL_MAT	MMVQ	-	blk.4.shortconv.in_proj.weight	model.layers.{}.conv.in_proj-4	q4_K	f32	f32	2048	6144	1	1	2048	1	1	1	1152	7077888	7077888	8192	8192	8192	1	1	0	1	1
37	1788291892654915733	eager	620	MUL_MAT	MMVQ	-	blk.4.shortconv.out_proj.weight	model.layers.{}.conv.out_proj-4	q4_K	f32	f32	2048	2048	1	1	2048	1	1	1	1152	2359296	2359296	8192	8192	8192	1	1	0	1	1
37	1788291892654915733	eager	620	MUL_MAT	MMVQ	-	blk.5.attn_k.weight	Kcur-5	q4_K	f32	f32	2048	512	1	1	2048	1	1	1	1152	589824	589824	8192	8192	8192	1	1	0	1	1
37	1788291892654915733	eager	620	MUL_MAT	MMVQ	-	blk.5.attn_q.weight	Qcur-5	q4_K	f32	f32	2048	2048	1	1	2048	1	1	1	1152	2359296	2359296	8192	8192	8192	1	1	0	1	1
37	1788291892654915733	eager	620	MUL_MAT	MMVQ	-	blk.5.attn_v.weight	Vcur-5	q4_K	f32	f32	2048	512	1	1	2048	1	1	1	1152	589824	589824	8192	8192	8192	1	1	0	1	1
37	1788291892654915733	eager	620	MUL_MAT	MMVQ	-	blk.6.shortconv.in_proj.weight	model.layers.{}.conv.in_proj-6	q4_K	f32	f32	2048	6144	1	1	2048	1	1	1	1152	7077888	7077888	8192	8192	8192	1	1	0	1	1
37	1788291892654915733	eager	620	MUL_MAT	MMVQ	-	blk.6.shortconv.out_proj.weight	model.layers.{}.conv.out_proj-6	q4_K	f32	f32	2048	2048	1	1	2048	1	1	1	1152	2359296	2359296	8192	8192	8192	1	1	0	1	1
37	1788291892654915733	eager	620	MUL_MAT	MMVQ	-	blk.7.shortconv.in_proj.weight	model.layers.{}.conv.in_proj-7	q4_K	f32	f32	2048	6144	1	1	2048	1	1	1	1152	7077888	7077888	8192	8192	8192	1	1	0	1	1
37	1788291892654915733	eager	620	MUL_MAT	MMVQ	-	blk.7.shortconv.out_proj.weight	model.layers.{}.conv.out_proj-7	q4_K	f32	f32	2048	2048	1	1	2048	1	1	1	1152	2359296	2359296	8192	8192	8192	1	1	0	1	1
37	1788291892654915733	eager	620	MUL_MAT	MMVQ	-	blk.8.attn_k.weight	Kcur-8	q4_K	f32	f32	2048	512	1	1	2048	1	1	1	1152	589824	589824	8192	8192	8192	1	1	0	1	1
37	1788291892654915733	eager	620	MUL_MAT	MMVQ	-	blk.8.attn_q.weight	Qcur-8	q4_K	f32	f32	2048	2048	1	1	2048	1	1	1	1152	2359296	2359296	8192	8192	8192	1	1	0	1	1
37	1788291892654915733	eager	620	MUL_MAT	MMVQ	-	blk.8.attn_v.weight	Vcur-8	q6_K	f32	f32	2048	512	1	1	2048	1	1	1	1680	860160	860160	8192	8192	8192	1	1	0	1	1
37	1788291892654915733	eager	620	MUL_MAT	MMVQ	-	blk.9.shortconv.in_proj.weight	model.layers.{}.conv.in_proj-9	q4_K	f32	f32	2048	6144	1	1	2048	1	1	1	1152	7077888	7077888	8192	8192	8192	1	1	0	1	1
37	1788291892654915733	eager	620	MUL_MAT	MMVQ	-	blk.9.shortconv.out_proj.weight	model.layers.{}.conv.out_proj-9	q4_K	f32	f32	2048	2048	1	1	2048	1	1	1	1152	2359296	2359296	8192	8192	8192	1	1	0	1	1
37	1788291892654915733	eager	620	MUL_MAT	MMVQ	-	token_embd.weight	result_output	q6_K	f32	f32	2048	65536	1	1	2048	1	1	1	1680	110100480	110100480	8192	8192	8192	1	1	0	1	1
37	1788291892654915733	eager	620	MUL_MAT	MMVQ	fused	blk.0.ffn_down.weight	l_out-0	q6_K	f32	f32	8192	2048	1	1	8192	1	1	1	6720	13762560	13762560	32768	32768	32768	1	1	0	1	1
37	1788291892654915733	eager	620	MUL_MAT	MMVQ	fused	blk.0.ffn_up.weight	ffn_swiglu-0	q4_K	f32	f32	2048	8192	1	1	2048	1	1	1	1152	9437184	9437184	8192	8192	8192	1	1	0	1	1
37	1788291892654915733	eager	620	MUL_MAT	MMVQ	fused	blk.1.ffn_down.weight	l_out-1	q6_K	f32	f32	8192	2048	1	1	8192	1	1	1	6720	13762560	13762560	32768	32768	32768	1	1	0	1	1
37	1788291892654915733	eager	620	MUL_MAT	MMVQ	fused	blk.1.ffn_up.weight	ffn_swiglu-1	q4_K	f32	f32	2048	8192	1	1	2048	1	1	1	1152	9437184	9437184	8192	8192	8192	1	1	0	1	1
37	1788291892654915733	eager	620	MUL_MAT	MMVQ	fused	blk.10.attn_output.weight	node_422	q4_K	f32	f32	2048	2048	1	1	2048	1	1	1	1152	2359296	2359296	8192	8192	8192	1	1	0	1	1
37	1788291892654915733	eager	620	MUL_MAT	MMVQ	fused	blk.10.ffn_down.weight	l_out-10	q6_K	f32	f32	8192	2048	1	1	8192	1	1	1	6720	13762560	13762560	32768	32768	32768	1	1	0	1	1
37	1788291892654915733	eager	620	MUL_MAT	MMVQ	fused	blk.10.ffn_up.weight	ffn_swiglu-10	q4_K	f32	f32	2048	8192	1	1	2048	1	1	1	1152	9437184	9437184	8192	8192	8192	1	1	0	1	1
37	1788291892654915733	eager	620	MUL_MAT	MMVQ	fused	blk.11.ffn_down.weight	l_out-11	q4_K	f32	f32	8192	2048	1	1	8192	1	1	1	4608	9437184	9437184	32768	32768	32768	1	1	0	1	1
37	1788291892654915733	eager	620	MUL_MAT	MMVQ	fused	blk.11.ffn_up.weight	ffn_swiglu-11	q4_K	f32	f32	2048	8192	1	1	2048	1	1	1	1152	9437184	9437184	8192	8192	8192	1	1	0	1	1
37	1788291892654915733	eager	620	MUL_MAT	MMVQ	fused	blk.12.attn_output.weight	node_502	q4_K	f32	f32	2048	2048	1	1	2048	1	1	1	1152	2359296	2359296	8192	8192	8192	1	1	0	1	1
37	1788291892654915733	eager	620	MUL_MAT	MMVQ	fused	blk.12.ffn_down.weight	l_out-12	q4_K	f32	f32	8192	2048	1	1	8192	1	1	1	4608	9437184	9437184	32768	32768	32768	1	1	0	1	1
37	1788291892654915733	eager	620	MUL_MAT	MMVQ	fused	blk.12.ffn_up.weight	ffn_swiglu-12	q4_K	f32	f32	2048	8192	1	1	2048	1	1	1	1152	9437184	9437184	8192	8192	8192	1	1	0	1	1
37	1788291892654915733	eager	620	MUL_MAT	MMVQ	fused	blk.13.ffn_down.weight	l_out-13	q6_K	f32	f32	8192	2048	1	1	8192	1	1	1	6720	13762560	13762560	32768	32768	32768	1	1	0	1	1
37	1788291892654915733	eager	620	MUL_MAT	MMVQ	fused	blk.13.ffn_up.weight	ffn_swiglu-13	q4_K	f32	f32	2048	8192	1	1	2048	1	1	1	1152	9437184	9437184	8192	8192	8192	1	1	0	1	1
37	1788291892654915733	eager	620	MUL_MAT	MMVQ	fused	blk.14.attn_output.weight	node_582	q4_K	f32	f32	2048	2048	1	1	2048	1	1	1	1152	2359296	2359296	8192	8192	8192	1	1	0	1	1
37	1788291892654915733	eager	620	MUL_MAT	MMVQ	fused	blk.14.ffn_down.weight	l_out-14	q6_K	f32	f32	8192	2048	1	1	8192	1	1	1	6720	13762560	13762560	32768	32768	32768	1	1	0	1	1
37	1788291892654915733	eager	620	MUL_MAT	MMVQ	fused	blk.14.ffn_up.weight	ffn_swiglu-14	q4_K	f32	f32	2048	8192	1	1	2048	1	1	1	1152	9437184	9437184	8192	8192	8192	1	1	0	1	1
37	1788291892654915733	eager	620	MUL_MAT	MMVQ	fused	blk.15.ffn_down.weight	l_out-15	q6_K	f32	f32	8192	2048	1	1	8192	1	1	1	6720	13762560	13762560	32768	32768	32768	1	1	0	1	1
37	1788291892654915733	eager	620	MUL_MAT	MMVQ	fused	blk.15.ffn_up.weight	ffn_swiglu-15	q4_K	f32	f32	2048	8192	1	1	2048	1	1	1	1152	9437184	9437184	8192	8192	8192	1	1	0	1	1
37	1788291892654915733	eager	620	MUL_MAT	MMVQ	fused	blk.2.attn_output.weight	node_116	q4_K	f32	f32	2048	2048	1	1	2048	1	1	1	1152	2359296	2359296	8192	8192	8192	1	1	0	1	1
37	1788291892654915733	eager	620	MUL_MAT	MMVQ	fused	blk.2.ffn_down.weight	l_out-2	q4_K	f32	f32	8192	2048	1	1	8192	1	1	1	4608	9437184	9437184	32768	32768	32768	1	1	0	1	1
37	1788291892654915733	eager	620	MUL_MAT	MMVQ	fused	blk.2.ffn_up.weight	ffn_swiglu-2	q4_K	f32	f32	2048	8192	1	1	2048	1	1	1	1152	9437184	9437184	8192	8192	8192	1	1	0	1	1
37	1788291892654915733	eager	620	MUL_MAT	MMVQ	fused	blk.3.ffn_down.weight	l_out-3	q4_K	f32	f32	8192	2048	1	1	8192	1	1	1	4608	9437184	9437184	32768	32768	32768	1	1	0	1	1
37	1788291892654915733	eager	620	MUL_MAT	MMVQ	fused	blk.3.ffn_up.weight	ffn_swiglu-3	q4_K	f32	f32	2048	8192	1	1	2048	1	1	1	1152	9437184	9437184	8192	8192	8192	1	1	0	1	1
37	1788291892654915733	eager	620	MUL_MAT	MMVQ	fused	blk.4.ffn_down.weight	l_out-4	q6_K	f32	f32	8192	2048	1	1	8192	1	1	1	6720	13762560	13762560	32768	32768	32768	1	1	0	1	1
37	1788291892654915733	eager	620	MUL_MAT	MMVQ	fused	blk.4.ffn_up.weight	ffn_swiglu-4	q4_K	f32	f32	2048	8192	1	1	2048	1	1	1	1152	9437184	9437184	8192	8192	8192	1	1	0	1	1
37	1788291892654915733	eager	620	MUL_MAT	MMVQ	fused	blk.5.attn_output.weight	node_229	q4_K	f32	f32	2048	2048	1	1	2048	1	1	1	1152	2359296	2359296	8192	8192	8192	1	1	0	1	1
37	1788291892654915733	eager	620	MUL_MAT	MMVQ	fused	blk.5.ffn_down.weight	l_out-5	q4_K	f32	f32	8192	2048	1	1	8192	1	1	1	4608	9437184	9437184	32768	32768	32768	1	1	0	1	1
37	1788291892654915733	eager	620	MUL_MAT	MMVQ	fused	blk.5.ffn_up.weight	ffn_swiglu-5	q4_K	f32	f32	2048	8192	1	1	2048	1	1	1	1152	9437184	9437184	8192	8192	8192	1	1	0	1	1
37	1788291892654915733	eager	620	MUL_MAT	MMVQ	fused	blk.6.ffn_down.weight	l_out-6	q4_K	f32	f32	8192	2048	1	1	8192	1	1	1	4608	9437184	9437184	32768	32768	32768	1	1	0	1	1
37	1788291892654915733	eager	620	MUL_MAT	MMVQ	fused	blk.6.ffn_up.weight	ffn_swiglu-6	q4_K	f32	f32	2048	8192	1	1	2048	1	1	1	1152	9437184	9437184	8192	8192	8192	1	1	0	1	1
37	1788291892654915733	eager	620	MUL_MAT	MMVQ	fused	blk.7.ffn_down.weight	l_out-7	q6_K	f32	f32	8192	2048	1	1	8192	1	1	1	6720	13762560	13762560	32768	32768	32768	1	1	0	1	1
37	1788291892654915733	eager	620	MUL_MAT	MMVQ	fused	blk.7.ffn_up.weight	ffn_swiglu-7	q4_K	f32	f32	2048	8192	1	1	2048	1	1	1	1152	9437184	9437184	8192	8192	8192	1	1	0	1	1
37	1788291892654915733	eager	620	MUL_MAT	MMVQ	fused	blk.8.attn_output.weight	node_342	q4_K	f32	f32	2048	2048	1	1	2048	1	1	1	1152	2359296	2359296	8192	8192	8192	1	1	0	1	1
37	1788291892654915733	eager	620	MUL_MAT	MMVQ	fused	blk.8.ffn_down.weight	l_out-8	q4_K	f32	f32	8192	2048	1	1	8192	1	1	1	4608	9437184	9437184	32768	32768	32768	1	1	0	1	1
37	1788291892654915733	eager	620	MUL_MAT	MMVQ	fused	blk.8.ffn_up.weight	ffn_swiglu-8	q4_K	f32	f32	2048	8192	1	1	2048	1	1	1	1152	9437184	9437184	8192	8192	8192	1	1	0	1	1
37	1788291892654915733	eager	620	MUL_MAT	MMVQ	fused	blk.9.ffn_down.weight	l_out-9	q4_K	f32	f32	8192	2048	1	1	8192	1	1	1	4608	9437184	9437184	32768	32768	32768	1	1	0	1	1
37	1788291892654915733	eager	620	MUL_MAT	MMVQ	fused	blk.9.ffn_up.weight	ffn_swiglu-9	q4_K	f32	f32	2048	8192	1	1	2048	1	1	1	1152	9437184	9437184	8192	8192	8192	1	1	0	1	1
38	1788291892657485973	capture	620	MUL_MAT	MMVQ	-	blk.0.shortconv.in_proj.weight	model.layers.{}.conv.in_proj-0	q4_K	f32	f32	2048	6144	1	1	2048	1	1	1	1152	7077888	7077888	8192	8192	8192	1	1	0	1	1
38	1788291892657485973	capture	620	MUL_MAT	MMVQ	-	blk.0.shortconv.out_proj.weight	model.layers.{}.conv.out_proj-0	q4_K	f32	f32	2048	2048	1	1	2048	1	1	1	1152	2359296	2359296	8192	8192	8192	1	1	0	1	1
38	1788291892657485973	capture	620	MUL_MAT	MMVQ	-	blk.1.shortconv.in_proj.weight	model.layers.{}.conv.in_proj-1	q4_K	f32	f32	2048	6144	1	1	2048	1	1	1	1152	7077888	7077888	8192	8192	8192	1	1	0	1	1
38	1788291892657485973	capture	620	MUL_MAT	MMVQ	-	blk.1.shortconv.out_proj.weight	model.layers.{}.conv.out_proj-1	q4_K	f32	f32	2048	2048	1	1	2048	1	1	1	1152	2359296	2359296	8192	8192	8192	1	1	0	1	1
38	1788291892657485973	capture	620	MUL_MAT	MMVQ	-	blk.10.attn_k.weight	Kcur-10	q4_K	f32	f32	2048	512	1	1	2048	1	1	1	1152	589824	589824	8192	8192	8192	1	1	0	1	1
38	1788291892657485973	capture	620	MUL_MAT	MMVQ	-	blk.10.attn_q.weight	Qcur-10	q4_K	f32	f32	2048	2048	1	1	2048	1	1	1	1152	2359296	2359296	8192	8192	8192	1	1	0	1	1
38	1788291892657485973	capture	620	MUL_MAT	MMVQ	-	blk.10.attn_v.weight	Vcur-10	q4_K	f32	f32	2048	512	1	1	2048	1	1	1	1152	589824	589824	8192	8192	8192	1	1	0	1	1
38	1788291892657485973	capture	620	MUL_MAT	MMVQ	-	blk.11.shortconv.in_proj.weight	model.layers.{}.conv.in_proj-11	q4_K	f32	f32	2048	6144	1	1	2048	1	1	1	1152	7077888	7077888	8192	8192	8192	1	1	0	1	1
38	1788291892657485973	capture	620	MUL_MAT	MMVQ	-	blk.11.shortconv.out_proj.weight	model.layers.{}.conv.out_proj-11	q4_K	f32	f32	2048	2048	1	1	2048	1	1	1	1152	2359296	2359296	8192	8192	8192	1	1	0	1	1
38	1788291892657485973	capture	620	MUL_MAT	MMVQ	-	blk.12.attn_k.weight	Kcur-12	q4_K	f32	f32	2048	512	1	1	2048	1	1	1	1152	589824	589824	8192	8192	8192	1	1	0	1	1
38	1788291892657485973	capture	620	MUL_MAT	MMVQ	-	blk.12.attn_q.weight	Qcur-12	q4_K	f32	f32	2048	2048	1	1	2048	1	1	1	1152	2359296	2359296	8192	8192	8192	1	1	0	1	1
38	1788291892657485973	capture	620	MUL_MAT	MMVQ	-	blk.12.attn_v.weight	Vcur-12	q4_K	f32	f32	2048	512	1	1	2048	1	1	1	1152	589824	589824	8192	8192	8192	1	1	0	1	1
38	1788291892657485973	capture	620	MUL_MAT	MMVQ	-	blk.13.shortconv.in_proj.weight	model.layers.{}.conv.in_proj-13	q4_K	f32	f32	2048	6144	1	1	2048	1	1	1	1152	7077888	7077888	8192	8192	8192	1	1	0	1	1
38	1788291892657485973	capture	620	MUL_MAT	MMVQ	-	blk.13.shortconv.out_proj.weight	model.layers.{}.conv.out_proj-13	q4_K	f32	f32	2048	2048	1	1	2048	1	1	1	1152	2359296	2359296	8192	8192	8192	1	1	0	1	1
38	1788291892657485973	capture	620	MUL_MAT	MMVQ	-	blk.14.attn_k.weight	Kcur-14	q4_K	f32	f32	2048	512	1	1	2048	1	1	1	1152	589824	589824	8192	8192	8192	1	1	0	1	1
38	1788291892657485973	capture	620	MUL_MAT	MMVQ	-	blk.14.attn_q.weight	Qcur-14	q4_K	f32	f32	2048	2048	1	1	2048	1	1	1	1152	2359296	2359296	8192	8192	8192	1	1	0	1	1
38	1788291892657485973	capture	620	MUL_MAT	MMVQ	-	blk.14.attn_v.weight	Vcur-14	q6_K	f32	f32	2048	512	1	1	2048	1	1	1	1680	860160	860160	8192	8192	8192	1	1	0	1	1
38	1788291892657485973	capture	620	MUL_MAT	MMVQ	-	blk.15.shortconv.in_proj.weight	model.layers.{}.conv.in_proj-15	q4_K	f32	f32	2048	6144	1	1	2048	1	1	1	1152	7077888	7077888	8192	8192	8192	1	1	0	1	1
38	1788291892657485973	capture	620	MUL_MAT	MMVQ	-	blk.15.shortconv.out_proj.weight	model.layers.{}.conv.out_proj-15	q4_K	f32	f32	2048	2048	1	1	2048	1	1	1	1152	2359296	2359296	8192	8192	8192	1	1	0	1	1
38	1788291892657485973	capture	620	MUL_MAT	MMVQ	-	blk.2.attn_k.weight	Kcur-2	q4_K	f32	f32	2048	512	1	1	2048	1	1	1	1152	589824	589824	8192	8192	8192	1	1	0	1	1
38	1788291892657485973	capture	620	MUL_MAT	MMVQ	-	blk.2.attn_q.weight	Qcur-2	q4_K	f32	f32	2048	2048	1	1	2048	1	1	1	1152	2359296	2359296	8192	8192	8192	1	1	0	1	1
38	1788291892657485973	capture	620	MUL_MAT	MMVQ	-	blk.2.attn_v.weight	Vcur-2	q4_K	f32	f32	2048	512	1	1	2048	1	1	1	1152	589824	589824	8192	8192	8192	1	1	0	1	1
38	1788291892657485973	capture	620	MUL_MAT	MMVQ	-	blk.3.shortconv.in_proj.weight	model.layers.{}.conv.in_proj-3	q4_K	f32	f32	2048	6144	1	1	2048	1	1	1	1152	7077888	7077888	8192	8192	8192	1	1	0	1	1
38	1788291892657485973	capture	620	MUL_MAT	MMVQ	-	blk.3.shortconv.out_proj.weight	model.layers.{}.conv.out_proj-3	q4_K	f32	f32	2048	2048	1	1	2048	1	1	1	1152	2359296	2359296	8192	8192	8192	1	1	0	1	1
38	1788291892657485973	capture	620	MUL_MAT	MMVQ	-	blk.4.shortconv.in_proj.weight	model.layers.{}.conv.in_proj-4	q4_K	f32	f32	2048	6144	1	1	2048	1	1	1	1152	7077888	7077888	8192	8192	8192	1	1	0	1	1
38	1788291892657485973	capture	620	MUL_MAT	MMVQ	-	blk.4.shortconv.out_proj.weight	model.layers.{}.conv.out_proj-4	q4_K	f32	f32	2048	2048	1	1	2048	1	1	1	1152	2359296	2359296	8192	8192	8192	1	1	0	1	1
38	1788291892657485973	capture	620	MUL_MAT	MMVQ	-	blk.5.attn_k.weight	Kcur-5	q4_K	f32	f32	2048	512	1	1	2048	1	1	1	1152	589824	589824	8192	8192	8192	1	1	0	1	1
38	1788291892657485973	capture	620	MUL_MAT	MMVQ	-	blk.5.attn_q.weight	Qcur-5	q4_K	f32	f32	2048	2048	1	1	2048	1	1	1	1152	2359296	2359296	8192	8192	8192	1	1	0	1	1
38	1788291892657485973	capture	620	MUL_MAT	MMVQ	-	blk.5.attn_v.weight	Vcur-5	q4_K	f32	f32	2048	512	1	1	2048	1	1	1	1152	589824	589824	8192	8192	8192	1	1	0	1	1
38	1788291892657485973	capture	620	MUL_MAT	MMVQ	-	blk.6.shortconv.in_proj.weight	model.layers.{}.conv.in_proj-6	q4_K	f32	f32	2048	6144	1	1	2048	1	1	1	1152	7077888	7077888	8192	8192	8192	1	1	0	1	1
38	1788291892657485973	capture	620	MUL_MAT	MMVQ	-	blk.6.shortconv.out_proj.weight	model.layers.{}.conv.out_proj-6	q4_K	f32	f32	2048	2048	1	1	2048	1	1	1	1152	2359296	2359296	8192	8192	8192	1	1	0	1	1
38	1788291892657485973	capture	620	MUL_MAT	MMVQ	-	blk.7.shortconv.in_proj.weight	model.layers.{}.conv.in_proj-7	q4_K	f32	f32	2048	6144	1	1	2048	1	1	1	1152	7077888	7077888	8192	8192	8192	1	1	0	1	1
38	1788291892657485973	capture	620	MUL_MAT	MMVQ	-	blk.7.shortconv.out_proj.weight	model.layers.{}.conv.out_proj-7	q4_K	f32	f32	2048	2048	1	1	2048	1	1	1	1152	2359296	2359296	8192	8192	8192	1	1	0	1	1
38	1788291892657485973	capture	620	MUL_MAT	MMVQ	-	blk.8.attn_k.weight	Kcur-8	q4_K	f32	f32	2048	512	1	1	2048	1	1	1	1152	589824	589824	8192	8192	8192	1	1	0	1	1
38	1788291892657485973	capture	620	MUL_MAT	MMVQ	-	blk.8.attn_q.weight	Qcur-8	q4_K	f32	f32	2048	2048	1	1	2048	1	1	1	1152	2359296	2359296	8192	8192	8192	1	1	0	1	1
38	1788291892657485973	capture	620	MUL_MAT	MMVQ	-	blk.8.attn_v.weight	Vcur-8	q6_K	f32	f32	2048	512	1	1	2048	1	1	1	1680	860160	860160	8192	8192	8192	1	1	0	1	1
38	1788291892657485973	capture	620	MUL_MAT	MMVQ	-	blk.9.shortconv.in_proj.weight	model.layers.{}.conv.in_proj-9	q4_K	f32	f32	2048	6144	1	1	2048	1	1	1	1152	7077888	7077888	8192	8192	8192	1	1	0	1	1
38	1788291892657485973	capture	620	MUL_MAT	MMVQ	-	blk.9.shortconv.out_proj.weight	model.layers.{}.conv.out_proj-9	q4_K	f32	f32	2048	2048	1	1	2048	1	1	1	1152	2359296	2359296	8192	8192	8192	1	1	0	1	1
38	1788291892657485973	capture	620	MUL_MAT	MMVQ	-	token_embd.weight	result_output	q6_K	f32	f32	2048	65536	1	1	2048	1	1	1	1680	110100480	110100480	8192	8192	8192	1	1	0	1	1
38	1788291892657485973	capture	620	MUL_MAT	MMVQ	fused	blk.0.ffn_down.weight	l_out-0	q6_K	f32	f32	8192	2048	1	1	8192	1	1	1	6720	13762560	13762560	32768	32768	32768	1	1	0	1	1
38	1788291892657485973	capture	620	MUL_MAT	MMVQ	fused	blk.0.ffn_up.weight	ffn_swiglu-0	q4_K	f32	f32	2048	8192	1	1	2048	1	1	1	1152	9437184	9437184	8192	8192	8192	1	1	0	1	1
38	1788291892657485973	capture	620	MUL_MAT	MMVQ	fused	blk.1.ffn_down.weight	l_out-1	q6_K	f32	f32	8192	2048	1	1	8192	1	1	1	6720	13762560	13762560	32768	32768	32768	1	1	0	1	1
38	1788291892657485973	capture	620	MUL_MAT	MMVQ	fused	blk.1.ffn_up.weight	ffn_swiglu-1	q4_K	f32	f32	2048	8192	1	1	2048	1	1	1	1152	9437184	9437184	8192	8192	8192	1	1	0	1	1
38	1788291892657485973	capture	620	MUL_MAT	MMVQ	fused	blk.10.attn_output.weight	node_422	q4_K	f32	f32	2048	2048	1	1	2048	1	1	1	1152	2359296	2359296	8192	8192	8192	1	1	0	1	1
38	1788291892657485973	capture	620	MUL_MAT	MMVQ	fused	blk.10.ffn_down.weight	l_out-10	q6_K	f32	f32	8192	2048	1	1	8192	1	1	1	6720	13762560	13762560	32768	32768	32768	1	1	0	1	1
38	1788291892657485973	capture	620	MUL_MAT	MMVQ	fused	blk.10.ffn_up.weight	ffn_swiglu-10	q4_K	f32	f32	2048	8192	1	1	2048	1	1	1	1152	9437184	9437184	8192	8192	8192	1	1	0	1	1
38	1788291892657485973	capture	620	MUL_MAT	MMVQ	fused	blk.11.ffn_down.weight	l_out-11	q4_K	f32	f32	8192	2048	1	1	8192	1	1	1	4608	9437184	9437184	32768	32768	32768	1	1	0	1	1
38	1788291892657485973	capture	620	MUL_MAT	MMVQ	fused	blk.11.ffn_up.weight	ffn_swiglu-11	q4_K	f32	f32	2048	8192	1	1	2048	1	1	1	1152	9437184	9437184	8192	8192	8192	1	1	0	1	1
38	1788291892657485973	capture	620	MUL_MAT	MMVQ	fused	blk.12.attn_output.weight	node_502	q4_K	f32	f32	2048	2048	1	1	2048	1	1	1	1152	2359296	2359296	8192	8192	8192	1	1	0	1	1
38	1788291892657485973	capture	620	MUL_MAT	MMVQ	fused	blk.12.ffn_down.weight	l_out-12	q4_K	f32	f32	8192	2048	1	1	8192	1	1	1	4608	9437184	9437184	32768	32768	32768	1	1	0	1	1
38	1788291892657485973	capture	620	MUL_MAT	MMVQ	fused	blk.12.ffn_up.weight	ffn_swiglu-12	q4_K	f32	f32	2048	8192	1	1	2048	1	1	1	1152	9437184	9437184	8192	8192	8192	1	1	0	1	1
38	1788291892657485973	capture	620	MUL_MAT	MMVQ	fused	blk.13.ffn_down.weight	l_out-13	q6_K	f32	f32	8192	2048	1	1	8192	1	1	1	6720	13762560	13762560	32768	32768	32768	1	1	0	1	1
38	1788291892657485973	capture	620	MUL_MAT	MMVQ	fused	blk.13.ffn_up.weight	ffn_swiglu-13	q4_K	f32	f32	2048	8192	1	1	2048	1	1	1	1152	9437184	9437184	8192	8192	8192	1	1	0	1	1
38	1788291892657485973	capture	620	MUL_MAT	MMVQ	fused	blk.14.attn_output.weight	node_582	q4_K	f32	f32	2048	2048	1	1	2048	1	1	1	1152	2359296	2359296	8192	8192	8192	1	1	0	1	1
38	1788291892657485973	capture	620	MUL_MAT	MMVQ	fused	blk.14.ffn_down.weight	l_out-14	q6_K	f32	f32	8192	2048	1	1	8192	1	1	1	6720	13762560	13762560	32768	32768	32768	1	1	0	1	1
38	1788291892657485973	capture	620	MUL_MAT	MMVQ	fused	blk.14.ffn_up.weight	ffn_swiglu-14	q4_K	f32	f32	2048	8192	1	1	2048	1	1	1	1152	9437184	9437184	8192	8192	8192	1	1	0	1	1
38	1788291892657485973	capture	620	MUL_MAT	MMVQ	fused	blk.15.ffn_down.weight	l_out-15	q6_K	f32	f32	8192	2048	1	1	8192	1	1	1	6720	13762560	13762560	32768	32768	32768	1	1	0	1	1
38	1788291892657485973	capture	620	MUL_MAT	MMVQ	fused	blk.15.ffn_up.weight	ffn_swiglu-15	q4_K	f32	f32	2048	8192	1	1	2048	1	1	1	1152	9437184	9437184	8192	8192	8192	1	1	0	1	1
38	1788291892657485973	capture	620	MUL_MAT	MMVQ	fused	blk.2.attn_output.weight	node_116	q4_K	f32	f32	2048	2048	1	1	2048	1	1	1	1152	2359296	2359296	8192	8192	8192	1	1	0	1	1
38	1788291892657485973	capture	620	MUL_MAT	MMVQ	fused	blk.2.ffn_down.weight	l_out-2	q4_K	f32	f32	8192	2048	1	1	8192	1	1	1	4608	9437184	9437184	32768	32768	32768	1	1	0	1	1
38	1788291892657485973	capture	620	MUL_MAT	MMVQ	fused	blk.2.ffn_up.weight	ffn_swiglu-2	q4_K	f32	f32	2048	8192	1	1	2048	1	1	1	1152	9437184	9437184	8192	8192	8192	1	1	0	1	1
38	1788291892657485973	capture	620	MUL_MAT	MMVQ	fused	blk.3.ffn_down.weight	l_out-3	q4_K	f32	f32	8192	2048	1	1	8192	1	1	1	4608	9437184	9437184	32768	32768	32768	1	1	0	1	1
38	1788291892657485973	capture	620	MUL_MAT	MMVQ	fused	blk.3.ffn_up.weight	ffn_swiglu-3	q4_K	f32	f32	2048	8192	1	1	2048	1	1	1	1152	9437184	9437184	8192	8192	8192	1	1	0	1	1
38	1788291892657485973	capture	620	MUL_MAT	MMVQ	fused	blk.4.ffn_down.weight	l_out-4	q6_K	f32	f32	8192	2048	1	1	8192	1	1	1	6720	13762560	13762560	32768	32768	32768	1	1	0	1	1
38	1788291892657485973	capture	620	MUL_MAT	MMVQ	fused	blk.4.ffn_up.weight	ffn_swiglu-4	q4_K	f32	f32	2048	8192	1	1	2048	1	1	1	1152	9437184	9437184	8192	8192	8192	1	1	0	1	1
38	1788291892657485973	capture	620	MUL_MAT	MMVQ	fused	blk.5.attn_output.weight	node_229	q4_K	f32	f32	2048	2048	1	1	2048	1	1	1	1152	2359296	2359296	8192	8192	8192	1	1	0	1	1
38	1788291892657485973	capture	620	MUL_MAT	MMVQ	fused	blk.5.ffn_down.weight	l_out-5	q4_K	f32	f32	8192	2048	1	1	8192	1	1	1	4608	9437184	9437184	32768	32768	32768	1	1	0	1	1
38	1788291892657485973	capture	620	MUL_MAT	MMVQ	fused	blk.5.ffn_up.weight	ffn_swiglu-5	q4_K	f32	f32	2048	8192	1	1	2048	1	1	1	1152	9437184	9437184	8192	8192	8192	1	1	0	1	1
38	1788291892657485973	capture	620	MUL_MAT	MMVQ	fused	blk.6.ffn_down.weight	l_out-6	q4_K	f32	f32	8192	2048	1	1	8192	1	1	1	4608	9437184	9437184	32768	32768	32768	1	1	0	1	1
38	1788291892657485973	capture	620	MUL_MAT	MMVQ	fused	blk.6.ffn_up.weight	ffn_swiglu-6	q4_K	f32	f32	2048	8192	1	1	2048	1	1	1	1152	9437184	9437184	8192	8192	8192	1	1	0	1	1
38	1788291892657485973	capture	620	MUL_MAT	MMVQ	fused	blk.7.ffn_down.weight	l_out-7	q6_K	f32	f32	8192	2048	1	1	8192	1	1	1	6720	13762560	13762560	32768	32768	32768	1	1	0	1	1
38	1788291892657485973	capture	620	MUL_MAT	MMVQ	fused	blk.7.ffn_up.weight	ffn_swiglu-7	q4_K	f32	f32	2048	8192	1	1	2048	1	1	1	1152	9437184	9437184	8192	8192	8192	1	1	0	1	1
38	1788291892657485973	capture	620	MUL_MAT	MMVQ	fused	blk.8.attn_output.weight	node_342	q4_K	f32	f32	2048	2048	1	1	2048	1	1	1	1152	2359296	2359296	8192	8192	8192	1	1	0	1	1
38	1788291892657485973	capture	620	MUL_MAT	MMVQ	fused	blk.8.ffn_down.weight	l_out-8	q4_K	f32	f32	8192	2048	1	1	8192	1	1	1	4608	9437184	9437184	32768	32768	32768	1	1	0	1	1
38	1788291892657485973	capture	620	MUL_MAT	MMVQ	fused	blk.8.ffn_up.weight	ffn_swiglu-8	q4_K	f32	f32	2048	8192	1	1	2048	1	1	1	1152	9437184	9437184	8192	8192	8192	1	1	0	1	1
38	1788291892657485973	capture	620	MUL_MAT	MMVQ	fused	blk.9.ffn_down.weight	l_out-9	q4_K	f32	f32	8192	2048	1	1	8192	1	1	1	4608	9437184	9437184	32768	32768	32768	1	1	0	1	1
38	1788291892657485973	capture	620	MUL_MAT	MMVQ	fused	blk.9.ffn_up.weight	ffn_swiglu-9	q4_K	f32	f32	2048	8192	1	1	2048	1	1	1	1152	9437184	9437184	8192	8192	8192	1	1	0	1	1
39	1788291892661224118	replay	620	-	graph_replay	-	-	-	-	-	-	-	-	-	-	-	-	-	-	-	-	-	-	-	-	-	-	-	-	1
40	1788291892664140638	replay	620	-	graph_replay	-	-	-	-	-	-	-	-	-	-	-	-	-	-	-	-	-	-	-	-	-	-	-	-	1
41	1788291892666485444	replay	620	-	graph_replay	-	-	-	-	-	-	-	-	-	-	-	-	-	-	-	-	-	-	-	-	-	-	-	-	1
42	1788291892668789414	replay	620	-	graph_replay	-	-	-	-	-	-	-	-	-	-	-	-	-	-	-	-	-	-	-	-	-	-	-	-	1
43	1788291892671097661	replay	620	-	graph_replay	-	-	-	-	-	-	-	-	-	-	-	-	-	-	-	-	-	-	-	-	-	-	-	-	1
44	1788291892673357418	replay	620	-	graph_replay	-	-	-	-	-	-	-	-	-	-	-	-	-	-	-	-	-	-	-	-	-	-	-	-	1
45	1788291892675565607	replay	620	-	graph_replay	-	-	-	-	-	-	-	-	-	-	-	-	-	-	-	-	-	-	-	-	-	-	-	-	1
46	1788291892677897159	replay	620	-	graph_replay	-	-	-	-	-	-	-	-	-	-	-	-	-	-	-	-	-	-	-	-	-	-	-	-	1
47	1788291892680260920	replay	620	-	graph_replay	-	-	-	-	-	-	-	-	-	-	-	-	-	-	-	-	-	-	-	-	-	-	-	-	1
48	1788291892682476704	replay	620	-	graph_replay	-	-	-	-	-	-	-	-	-	-	-	-	-	-	-	-	-	-	-	-	-	-	-	-	1
49	1788291892684845666	replay	620	-	graph_replay	-	-	-	-	-	-	-	-	-	-	-	-	-	-	-	-	-	-	-	-	-	-	-	-	1
50	1788291892687107276	replay	620	-	graph_replay	-	-	-	-	-	-	-	-	-	-	-	-	-	-	-	-	-	-	-	-	-	-	-	-	1
51	1788291892689420533	replay	620	-	graph_replay	-	-	-	-	-	-	-	-	-	-	-	-	-	-	-	-	-	-	-	-	-	-	-	-	1
52	1788291892691695167	replay	620	-	graph_replay	-	-	-	-	-	-	-	-	-	-	-	-	-	-	-	-	-	-	-	-	-	-	-	-	1
53	1788291892693936639	replay	620	-	graph_replay	-	-	-	-	-	-	-	-	-	-	-	-	-	-	-	-	-	-	-	-	-	-	-	-	1
54	1788291892696195975	replay	620	-	graph_replay	-	-	-	-	-	-	-	-	-	-	-	-	-	-	-	-	-	-	-	-	-	-	-	-	1
55	1788291892698584433	replay	620	-	graph_replay	-	-	-	-	-	-	-	-	-	-	-	-	-	-	-	-	-	-	-	-	-	-	-	-	1
56	1788291892700895376	replay	620	-	graph_replay	-	-	-	-	-	-	-	-	-	-	-	-	-	-	-	-	-	-	-	-	-	-	-	-	1
57	1788291892703253948	replay	620	-	graph_replay	-	-	-	-	-	-	-	-	-	-	-	-	-	-	-	-	-	-	-	-	-	-	-	-	1
58	1788291892705483277	replay	620	-	graph_replay	-	-	-	-	-	-	-	-	-	-	-	-	-	-	-	-	-	-	-	-	-	-	-	-	1
59	1788291892746015733	eager	620	MUL_MAT	MMQ	-	blk.0.ffn_down.weight	node_42	q6_K	f32	f32	8192	2048	1	1	8192	19	1	1	6720	13762560	13762560	32768	622592	622592	1	1	0	1	1
59	1788291892746015733	eager	620	MUL_MAT	MMQ	-	blk.0.ffn_gate.weight	ffn_gate-0	q4_K	f32	f32	2048	8192	1	1	2048	19	1	1	1152	9437184	9437184	8192	155648	155648	1	1	0	1	1
59	1788291892746015733	eager	620	MUL_MAT	MMQ	-	blk.0.ffn_up.weight	ffn_up-0	q4_K	f32	f32	2048	8192	1	1	2048	19	1	1	1152	9437184	9437184	8192	155648	155648	1	1	0	1	1
59	1788291892746015733	eager	620	MUL_MAT	MMQ	-	blk.0.shortconv.in_proj.weight	model.layers.{}.conv.in_proj-0	q4_K	f32	f32	2048	6144	1	1	2048	19	1	1	1152	7077888	7077888	8192	155648	155648	1	1	0	1	1
59	1788291892746015733	eager	620	MUL_MAT	MMQ	-	blk.0.shortconv.out_proj.weight	model.layers.{}.conv.out_proj-0	q4_K	f32	f32	2048	2048	1	1	2048	19	1	1	1152	2359296	2359296	8192	155648	155648	1	1	0	1	1
59	1788291892746015733	eager	620	MUL_MAT	MMQ	-	blk.1.ffn_down.weight	node_67	q6_K	f32	f32	8192	2048	1	1	8192	19	1	1	6720	13762560	13762560	32768	622592	622592	1	1	0	1	1
59	1788291892746015733	eager	620	MUL_MAT	MMQ	-	blk.1.ffn_gate.weight	ffn_gate-1	q4_K	f32	f32	2048	8192	1	1	2048	19	1	1	1152	9437184	9437184	8192	155648	155648	1	1	0	1	1
59	1788291892746015733	eager	620	MUL_MAT	MMQ	-	blk.1.ffn_up.weight	ffn_up-1	q4_K	f32	f32	2048	8192	1	1	2048	19	1	1	1152	9437184	9437184	8192	155648	155648	1	1	0	1	1
59	1788291892746015733	eager	620	MUL_MAT	MMQ	-	blk.1.shortconv.in_proj.weight	model.layers.{}.conv.in_proj-1	q4_K	f32	f32	2048	6144	1	1	2048	19	1	1	1152	7077888	7077888	8192	155648	155648	1	1	0	1	1
59	1788291892746015733	eager	620	MUL_MAT	MMQ	-	blk.1.shortconv.out_proj.weight	model.layers.{}.conv.out_proj-1	q4_K	f32	f32	2048	2048	1	1	2048	19	1	1	1152	2359296	2359296	8192	155648	155648	1	1	0	1	1
59	1788291892746015733	eager	620	MUL_MAT	MMQ	-	blk.10.attn_k.weight	Kcur-10	q4_K	f32	f32	2048	512	1	1	2048	19	1	1	1152	589824	589824	8192	155648	155648	1	1	0	1	1
59	1788291892746015733	eager	620	MUL_MAT	MMQ	-	blk.10.attn_output.weight	model.layers.{}.self_attn.out_proj-10	q4_K	f32	f32	2048	2048	1	1	2048	19	1	1	1152	2359296	2359296	8192	155648	155648	1	1	0	1	1
59	1788291892746015733	eager	620	MUL_MAT	MMQ	-	blk.10.attn_q.weight	Qcur-10	q4_K	f32	f32	2048	2048	1	1	2048	19	1	1	1152	2359296	2359296	8192	155648	155648	1	1	0	1	1
59	1788291892746015733	eager	620	MUL_MAT	MMQ	-	blk.10.attn_v.weight	Vcur-10	q4_K	f32	f32	2048	512	1	1	2048	19	1	1	1152	589824	589824	8192	155648	155648	1	1	0	1	1
59	1788291892746015733	eager	620	MUL_MAT	MMQ	-	blk.10.ffn_down.weight	node_428	q6_K	f32	f32	8192	2048	1	1	8192	19	1	1	6720	13762560	13762560	32768	622592	622592	1	1	0	1	1
59	1788291892746015733	eager	620	MUL_MAT	MMQ	-	blk.10.ffn_gate.weight	ffn_gate-10	q4_K	f32	f32	2048	8192	1	1	2048	19	1	1	1152	9437184	9437184	8192	155648	155648	1	1	0	1	1
59	1788291892746015733	eager	620	MUL_MAT	MMQ	-	blk.10.ffn_up.weight	ffn_up-10	q4_K	f32	f32	2048	8192	1	1	2048	19	1	1	1152	9437184	9437184	8192	155648	155648	1	1	0	1	1
59	1788291892746015733	eager	620	MUL_MAT	MMQ	-	blk.11.ffn_down.weight	node_453	q4_K	f32	f32	8192	2048	1	1	8192	19	1	1	4608	9437184	9437184	32768	622592	622592	1	1	0	1	1
59	1788291892746015733	eager	620	MUL_MAT	MMQ	-	blk.11.ffn_gate.weight	ffn_gate-11	q4_K	f32	f32	2048	8192	1	1	2048	19	1	1	1152	9437184	9437184	8192	155648	155648	1	1	0	1	1
59	1788291892746015733	eager	620	MUL_MAT	MMQ	-	blk.11.ffn_up.weight	ffn_up-11	q4_K	f32	f32	2048	8192	1	1	2048	19	1	1	1152	9437184	9437184	8192	155648	155648	1	1	0	1	1
59	1788291892746015733	eager	620	MUL_MAT	MMQ	-	blk.11.shortconv.in_proj.weight	model.layers.{}.conv.in_proj-11	q4_K	f32	f32	2048	6144	1	1	2048	19	1	1	1152	7077888	7077888	8192	155648	155648	1	1	0	1	1
59	1788291892746015733	eager	620	MUL_MAT	MMQ	-	blk.11.shortconv.out_proj.weight	model.layers.{}.conv.out_proj-11	q4_K	f32	f32	2048	2048	1	1	2048	19	1	1	1152	2359296	2359296	8192	155648	155648	1	1	0	1	1
59	1788291892746015733	eager	620	MUL_MAT	MMQ	-	blk.12.attn_k.weight	Kcur-12	q4_K	f32	f32	2048	512	1	1	2048	19	1	1	1152	589824	589824	8192	155648	155648	1	1	0	1	1
59	1788291892746015733	eager	620	MUL_MAT	MMQ	-	blk.12.attn_output.weight	model.layers.{}.self_attn.out_proj-12	q4_K	f32	f32	2048	2048	1	1	2048	19	1	1	1152	2359296	2359296	8192	155648	155648	1	1	0	1	1
59	1788291892746015733	eager	620	MUL_MAT	MMQ	-	blk.12.attn_q.weight	Qcur-12	q4_K	f32	f32	2048	2048	1	1	2048	19	1	1	1152	2359296	2359296	8192	155648	155648	1	1	0	1	1
59	1788291892746015733	eager	620	MUL_MAT	MMQ	-	blk.12.attn_v.weight	Vcur-12	q4_K	f32	f32	2048	512	1	1	2048	19	1	1	1152	589824	589824	8192	155648	155648	1	1	0	1	1
59	1788291892746015733	eager	620	MUL_MAT	MMQ	-	blk.12.ffn_down.weight	node_508	q4_K	f32	f32	8192	2048	1	1	8192	19	1	1	4608	9437184	9437184	32768	622592	622592	1	1	0	1	1
59	1788291892746015733	eager	620	MUL_MAT	MMQ	-	blk.12.ffn_gate.weight	ffn_gate-12	q4_K	f32	f32	2048	8192	1	1	2048	19	1	1	1152	9437184	9437184	8192	155648	155648	1	1	0	1	1
59	1788291892746015733	eager	620	MUL_MAT	MMQ	-	blk.12.ffn_up.weight	ffn_up-12	q4_K	f32	f32	2048	8192	1	1	2048	19	1	1	1152	9437184	9437184	8192	155648	155648	1	1	0	1	1
59	1788291892746015733	eager	620	MUL_MAT	MMQ	-	blk.13.ffn_down.weight	node_533	q6_K	f32	f32	8192	2048	1	1	8192	19	1	1	6720	13762560	13762560	32768	622592	622592	1	1	0	1	1
59	1788291892746015733	eager	620	MUL_MAT	MMQ	-	blk.13.ffn_gate.weight	ffn_gate-13	q4_K	f32	f32	2048	8192	1	1	2048	19	1	1	1152	9437184	9437184	8192	155648	155648	1	1	0	1	1
59	1788291892746015733	eager	620	MUL_MAT	MMQ	-	blk.13.ffn_up.weight	ffn_up-13	q4_K	f32	f32	2048	8192	1	1	2048	19	1	1	1152	9437184	9437184	8192	155648	155648	1	1	0	1	1
59	1788291892746015733	eager	620	MUL_MAT	MMQ	-	blk.13.shortconv.in_proj.weight	model.layers.{}.conv.in_proj-13	q4_K	f32	f32	2048	6144	1	1	2048	19	1	1	1152	7077888	7077888	8192	155648	155648	1	1	0	1	1
59	1788291892746015733	eager	620	MUL_MAT	MMQ	-	blk.13.shortconv.out_proj.weight	model.layers.{}.conv.out_proj-13	q4_K	f32	f32	2048	2048	1	1	2048	19	1	1	1152	2359296	2359296	8192	155648	155648	1	1	0	1	1
59	1788291892746015733	eager	620	MUL_MAT	MMQ	-	blk.14.attn_k.weight	Kcur-14	q4_K	f32	f32	2048	512	1	1	2048	19	1	1	1152	589824	589824	8192	155648	155648	1	1	0	1	1
59	1788291892746015733	eager	620	MUL_MAT	MMQ	-	blk.14.attn_output.weight	model.layers.{}.self_attn.out_proj-14	q4_K	f32	f32	2048	2048	1	1	2048	19	1	1	1152	2359296	2359296	8192	155648	155648	1	1	0	1	1
59	1788291892746015733	eager	620	MUL_MAT	MMQ	-	blk.14.attn_q.weight	Qcur-14	q4_K	f32	f32	2048	2048	1	1	2048	19	1	1	1152	2359296	2359296	8192	155648	155648	1	1	0	1	1
59	1788291892746015733	eager	620	MUL_MAT	MMQ	-	blk.14.attn_v.weight	Vcur-14	q6_K	f32	f32	2048	512	1	1	2048	19	1	1	1680	860160	860160	8192	155648	155648	1	1	0	1	1
59	1788291892746015733	eager	620	MUL_MAT	MMQ	-	blk.14.ffn_down.weight	node_588	q6_K	f32	f32	8192	2048	1	1	8192	19	1	1	6720	13762560	13762560	32768	622592	622592	1	1	0	1	1
59	1788291892746015733	eager	620	MUL_MAT	MMQ	-	blk.14.ffn_gate.weight	ffn_gate-14	q4_K	f32	f32	2048	8192	1	1	2048	19	1	1	1152	9437184	9437184	8192	155648	155648	1	1	0	1	1
59	1788291892746015733	eager	620	MUL_MAT	MMQ	-	blk.14.ffn_up.weight	ffn_up-14	q4_K	f32	f32	2048	8192	1	1	2048	19	1	1	1152	9437184	9437184	8192	155648	155648	1	1	0	1	1
59	1788291892746015733	eager	620	MUL_MAT	MMQ	-	blk.15.shortconv.in_proj.weight	model.layers.{}.conv.in_proj-15	q4_K	f32	f32	2048	6144	1	1	2048	19	1	1	1152	7077888	7077888	8192	155648	155648	1	1	0	1	1
59	1788291892746015733	eager	620	MUL_MAT	MMQ	-	blk.15.shortconv.out_proj.weight	model.layers.{}.conv.out_proj-15	q4_K	f32	f32	2048	2048	1	1	2048	19	1	1	1152	2359296	2359296	8192	155648	155648	1	1	0	1	1
59	1788291892746015733	eager	620	MUL_MAT	MMQ	-	blk.2.attn_k.weight	Kcur-2	q4_K	f32	f32	2048	512	1	1	2048	19	1	1	1152	589824	589824	8192	155648	155648	1	1	0	1	1
59	1788291892746015733	eager	620	MUL_MAT	MMQ	-	blk.2.attn_output.weight	model.layers.{}.self_attn.out_proj-2	q4_K	f32	f32	2048	2048	1	1	2048	19	1	1	1152	2359296	2359296	8192	155648	155648	1	1	0	1	1
59	1788291892746015733	eager	620	MUL_MAT	MMQ	-	blk.2.attn_q.weight	Qcur-2	q4_K	f32	f32	2048	2048	1	1	2048	19	1	1	1152	2359296	2359296	8192	155648	155648	1	1	0	1	1
59	1788291892746015733	eager	620	MUL_MAT	MMQ	-	blk.2.attn_v.weight	Vcur-2	q4_K	f32	f32	2048	512	1	1	2048	19	1	1	1152	589824	589824	8192	155648	155648	1	1	0	1	1
59	1788291892746015733	eager	620	MUL_MAT	MMQ	-	blk.2.ffn_down.weight	node_122	q4_K	f32	f32	8192	2048	1	1	8192	19	1	1	4608	9437184	9437184	32768	622592	622592	1	1	0	1	1
59	1788291892746015733	eager	620	MUL_MAT	MMQ	-	blk.2.ffn_gate.weight	ffn_gate-2	q4_K	f32	f32	2048	8192	1	1	2048	19	1	1	1152	9437184	9437184	8192	155648	155648	1	1	0	1	1
59	1788291892746015733	eager	620	MUL_MAT	MMQ	-	blk.2.ffn_up.weight	ffn_up-2	q4_K	f32	f32	2048	8192	1	1	2048	19	1	1	1152	9437184	9437184	8192	155648	155648	1	1	0	1	1
59	1788291892746015733	eager	620	MUL_MAT	MMQ	-	blk.3.ffn_down.weight	node_155	q4_K	f32	f32	8192	2048	1	1	8192	19	1	1	4608	9437184	9437184	32768	622592	622592	1	1	0	1	1
59	1788291892746015733	eager	620	MUL_MAT	MMQ	-	blk.3.ffn_gate.weight	ffn_gate-3	q4_K	f32	f32	2048	8192	1	1	2048	19	1	1	1152	9437184	9437184	8192	155648	155648	1	1	0	1	1
59	1788291892746015733	eager	620	MUL_MAT	MMQ	-	blk.3.ffn_up.weight	ffn_up-3	q4_K	f32	f32	2048	8192	1	1	2048	19	1	1	1152	9437184	9437184	8192	155648	155648	1	1	0	1	1
59	1788291892746015733	eager	620	MUL_MAT	MMQ	-	blk.3.shortconv.in_proj.weight	model.layers.{}.conv.in_proj-3	q4_K	f32	f32	2048	6144	1	1	2048	19	1	1	1152	7077888	7077888	8192	155648	155648	1	1	0	1	1
59	1788291892746015733	eager	620	MUL_MAT	MMQ	-	blk.3.shortconv.out_proj.weight	model.layers.{}.conv.out_proj-3	q4_K	f32	f32	2048	2048	1	1	2048	19	1	1	1152	2359296	2359296	8192	155648	155648	1	1	0	1	1
59	1788291892746015733	eager	620	MUL_MAT	MMQ	-	blk.4.ffn_down.weight	node_180	q6_K	f32	f32	8192	2048	1	1	8192	19	1	1	6720	13762560	13762560	32768	622592	622592	1	1	0	1	1
59	1788291892746015733	eager	620	MUL_MAT	MMQ	-	blk.4.ffn_gate.weight	ffn_gate-4	q4_K	f32	f32	2048	8192	1	1	2048	19	1	1	1152	9437184	9437184	8192	155648	155648	1	1	0	1	1
59	1788291892746015733	eager	620	MUL_MAT	MMQ	-	blk.4.ffn_up.weight	ffn_up-4	q4_K	f32	f32	2048	8192	1	1	2048	19	1	1	1152	9437184	9437184	8192	155648	155648	1	1	0	1	1
59	1788291892746015733	eager	620	MUL_MAT	MMQ	-	blk.4.shortconv.in_proj.weight	model.layers.{}.conv.in_proj-4	q4_K	f32	f32	2048	6144	1	1	2048	19	1	1	1152	7077888	7077888	8192	155648	155648	1	1	0	1	1
59	1788291892746015733	eager	620	MUL_MAT	MMQ	-	blk.4.shortconv.out_proj.weight	model.layers.{}.conv.out_proj-4	q4_K	f32	f32	2048	2048	1	1	2048	19	1	1	1152	2359296	2359296	8192	155648	155648	1	1	0	1	1
59	1788291892746015733	eager	620	MUL_MAT	MMQ	-	blk.5.attn_k.weight	Kcur-5	q4_K	f32	f32	2048	512	1	1	2048	19	1	1	1152	589824	589824	8192	155648	155648	1	1	0	1	1
59	1788291892746015733	eager	620	MUL_MAT	MMQ	-	blk.5.attn_output.weight	model.layers.{}.self_attn.out_proj-5	q4_K	f32	f32	2048	2048	1	1	2048	19	1	1	1152	2359296	2359296	8192	155648	155648	1	1	0	1	1
59	1788291892746015733	eager	620	MUL_MAT	MMQ	-	blk.5.attn_q.weight	Qcur-5	q4_K	f32	f32	2048	2048	1	1	2048	19	1	1	1152	2359296	2359296	8192	155648	155648	1	1	0	1	1
59	1788291892746015733	eager	620	MUL_MAT	MMQ	-	blk.5.attn_v.weight	Vcur-5	q4_K	f32	f32	2048	512	1	1	2048	19	1	1	1152	589824	589824	8192	155648	155648	1	1	0	1	1
59	1788291892746015733	eager	620	MUL_MAT	MMQ	-	blk.5.ffn_down.weight	node_235	q4_K	f32	f32	8192	2048	1	1	8192	19	1	1	4608	9437184	9437184	32768	622592	622592	1	1	0	1	1
59	1788291892746015733	eager	620	MUL_MAT	MMQ	-	blk.5.ffn_gate.weight	ffn_gate-5	q4_K	f32	f32	2048	8192	1	1	2048	19	1	1	1152	9437184	9437184	8192	155648	155648	1	1	0	1	1
59	1788291892746015733	eager	620	MUL_MAT	MMQ	-	blk.5.ffn_up.weight	ffn_up-5	q4_K	f32	f32	2048	8192	1	1	2048	19	1	1	1152	9437184	9437184	8192	155648	155648	1	1	0	1	1
59	1788291892746015733	eager	620	MUL_MAT	MMQ	-	blk.6.ffn_down.weight	node_268	q4_K	f32	f32	8192	2048	1	1	8192	19	1	1	4608	9437184	9437184	32768	622592	622592	1	1	0	1	1
59	1788291892746015733	eager	620	MUL_MAT	MMQ	-	blk.6.ffn_gate.weight	ffn_gate-6	q4_K	f32	f32	2048	8192	1	1	2048	19	1	1	1152	9437184	9437184	8192	155648	155648	1	1	0	1	1
59	1788291892746015733	eager	620	MUL_MAT	MMQ	-	blk.6.ffn_up.weight	ffn_up-6	q4_K	f32	f32	2048	8192	1	1	2048	19	1	1	1152	9437184	9437184	8192	155648	155648	1	1	0	1	1
59	1788291892746015733	eager	620	MUL_MAT	MMQ	-	blk.6.shortconv.in_proj.weight	model.layers.{}.conv.in_proj-6	q4_K	f32	f32	2048	6144	1	1	2048	19	1	1	1152	7077888	7077888	8192	155648	155648	1	1	0	1	1
59	1788291892746015733	eager	620	MUL_MAT	MMQ	-	blk.6.shortconv.out_proj.weight	model.layers.{}.conv.out_proj-6	q4_K	f32	f32	2048	2048	1	1	2048	19	1	1	1152	2359296	2359296	8192	155648	155648	1	1	0	1	1
59	1788291892746015733	eager	620	MUL_MAT	MMQ	-	blk.7.ffn_down.weight	node_293	q6_K	f32	f32	8192	2048	1	1	8192	19	1	1	6720	13762560	13762560	32768	622592	622592	1	1	0	1	1
59	1788291892746015733	eager	620	MUL_MAT	MMQ	-	blk.7.ffn_gate.weight	ffn_gate-7	q4_K	f32	f32	2048	8192	1	1	2048	19	1	1	1152	9437184	9437184	8192	155648	155648	1	1	0	1	1
59	1788291892746015733	eager	620	MUL_MAT	MMQ	-	blk.7.ffn_up.weight	ffn_up-7	q4_K	f32	f32	2048	8192	1	1	2048	19	1	1	1152	9437184	9437184	8192	155648	155648	1	1	0	1	1
59	1788291892746015733	eager	620	MUL_MAT	MMQ	-	blk.7.shortconv.in_proj.weight	model.layers.{}.conv.in_proj-7	q4_K	f32	f32	2048	6144	1	1	2048	19	1	1	1152	7077888	7077888	8192	155648	155648	1	1	0	1	1
59	1788291892746015733	eager	620	MUL_MAT	MMQ	-	blk.7.shortconv.out_proj.weight	model.layers.{}.conv.out_proj-7	q4_K	f32	f32	2048	2048	1	1	2048	19	1	1	1152	2359296	2359296	8192	155648	155648	1	1	0	1	1
59	1788291892746015733	eager	620	MUL_MAT	MMQ	-	blk.8.attn_k.weight	Kcur-8	q4_K	f32	f32	2048	512	1	1	2048	19	1	1	1152	589824	589824	8192	155648	155648	1	1	0	1	1
59	1788291892746015733	eager	620	MUL_MAT	MMQ	-	blk.8.attn_output.weight	model.layers.{}.self_attn.out_proj-8	q4_K	f32	f32	2048	2048	1	1	2048	19	1	1	1152	2359296	2359296	8192	155648	155648	1	1	0	1	1
59	1788291892746015733	eager	620	MUL_MAT	MMQ	-	blk.8.attn_q.weight	Qcur-8	q4_K	f32	f32	2048	2048	1	1	2048	19	1	1	1152	2359296	2359296	8192	155648	155648	1	1	0	1	1
59	1788291892746015733	eager	620	MUL_MAT	MMQ	-	blk.8.attn_v.weight	Vcur-8	q6_K	f32	f32	2048	512	1	1	2048	19	1	1	1680	860160	860160	8192	155648	155648	1	1	0	1	1
59	1788291892746015733	eager	620	MUL_MAT	MMQ	-	blk.8.ffn_down.weight	node_348	q4_K	f32	f32	8192	2048	1	1	8192	19	1	1	4608	9437184	9437184	32768	622592	622592	1	1	0	1	1
59	1788291892746015733	eager	620	MUL_MAT	MMQ	-	blk.8.ffn_gate.weight	ffn_gate-8	q4_K	f32	f32	2048	8192	1	1	2048	19	1	1	1152	9437184	9437184	8192	155648	155648	1	1	0	1	1
59	1788291892746015733	eager	620	MUL_MAT	MMQ	-	blk.8.ffn_up.weight	ffn_up-8	q4_K	f32	f32	2048	8192	1	1	2048	19	1	1	1152	9437184	9437184	8192	155648	155648	1	1	0	1	1
59	1788291892746015733	eager	620	MUL_MAT	MMQ	-	blk.9.ffn_down.weight	node_373	q4_K	f32	f32	8192	2048	1	1	8192	19	1	1	4608	9437184	9437184	32768	622592	622592	1	1	0	1	1
59	1788291892746015733	eager	620	MUL_MAT	MMQ	-	blk.9.ffn_gate.weight	ffn_gate-9	q4_K	f32	f32	2048	8192	1	1	2048	19	1	1	1152	9437184	9437184	8192	155648	155648	1	1	0	1	1
59	1788291892746015733	eager	620	MUL_MAT	MMQ	-	blk.9.ffn_up.weight	ffn_up-9	q4_K	f32	f32	2048	8192	1	1	2048	19	1	1	1152	9437184	9437184	8192	155648	155648	1	1	0	1	1
59	1788291892746015733	eager	620	MUL_MAT	MMQ	-	blk.9.shortconv.in_proj.weight	model.layers.{}.conv.in_proj-9	q4_K	f32	f32	2048	6144	1	1	2048	19	1	1	1152	7077888	7077888	8192	155648	155648	1	1	0	1	1
59	1788291892746015733	eager	620	MUL_MAT	MMQ	-	blk.9.shortconv.out_proj.weight	model.layers.{}.conv.out_proj-9	q4_K	f32	f32	2048	2048	1	1	2048	19	1	1	1152	2359296	2359296	8192	155648	155648	1	1	0	1	1
60	1788291892749860178	capture	870	MUL_MAT	MMQ	-	mm.1.weight	ffn_up	q8_0	f32	f32	4608	2048	1	1	4608	88	1	1	4896	10027008	10027008	18432	1622016	1622016	1	1	0	1	1
60	1788291892749860178	capture	870	MUL_MAT	MMQ	-	mm.2.weight	ffn_down	q8_0	f32	f32	2048	2048	1	1	2048	88	1	1	2176	4456448	4456448	8192	720896	720896	1	1	0	1	1
60	1788291892749860178	capture	870	MUL_MAT	MMQ	-	v.blk.0.attn_k.weight	node_24	q8_0	f32	f32	1152	1152	1	1	1152	352	1	1	1224	1410048	1410048	4608	1622016	1622016	1	1	0	1	1
60	1788291892749860178	capture	870	MUL_MAT	MMQ	-	v.blk.0.attn_out.weight	node_37	q8_0	f32	f32	1152	1152	1	1	1152	352	1	1	1224	1410048	1410048	4608	1622016	1622016	1	1	0	1	1
60	1788291892749860178	capture	870	MUL_MAT	MMQ	-	v.blk.0.attn_q.weight	node_21	q8_0	f32	f32	1152	1152	1	1	1152	352	1	1	1224	1410048	1410048	4608	1622016	1622016	1	1	0	1	1
60	1788291892749860178	capture	870	MUL_MAT	MMQ	-	v.blk.0.attn_v.weight	node_27	q8_0	f32	f32	1152	1152	1	1	1152	352	1	1	1224	1410048	1410048	4608	1622016	1622016	1	1	0	1	1
60	1788291892749860178	capture	870	MUL_MAT	MMQ	-	v.blk.0.ffn_up.weight	ffn_up-0	q8_0	f32	f32	1152	4304	1	1	1152	352	1	1	1224	5268096	5268096	4608	1622016	1622016	1	1	0	1	1
60	1788291892749860178	capture	870	MUL_MAT	MMQ	-	v.blk.1.attn_k.weight	node_55	q8_0	f32	f32	1152	1152	1	1	1152	352	1	1	1224	1410048	1410048	4608	1622016	1622016	1	1	0	1	1
60	1788291892749860178	capture	870	MUL_MAT	MMQ	-	v.blk.1.attn_out.weight	node_68	q8_0	f32	f32	1152	1152	1	1	1152	352	1	1	1224	1410048	1410048	4608	1622016	1622016	1	1	0	1	1
60	1788291892749860178	capture	870	MUL_MAT	MMQ	-	v.blk.1.attn_q.weight	node_52	q8_0	f32	f32	1152	1152	1	1	1152	352	1	1	1224	1410048	1410048	4608	1622016	1622016	1	1	0	1	1
60	1788291892749860178	capture	870	MUL_MAT	MMQ	-	v.blk.1.attn_v.weight	node_58	q8_0	f32	f32	1152	1152	1	1	1152	352	1	1	1224	1410048	1410048	4608	1622016	1622016	1	1	0	1	1
60	1788291892749860178	capture	870	MUL_MAT	MMQ	-	v.blk.1.ffn_up.weight	ffn_up-1	q8_0	f32	f32	1152	4304	1	1	1152	352	1	1	1224	5268096	5268096	4608	1622016	1622016	1	1	0	1	1
60	1788291892749860178	capture	870	MUL_MAT	MMQ	-	v.blk.10.attn_k.weight	node_334	q8_0	f32	f32	1152	1152	1	1	1152	352	1	1	1224	1410048	1410048	4608	1622016	1622016	1	1	0	1	1
60	1788291892749860178	capture	870	MUL_MAT	MMQ	-	v.blk.10.attn_out.weight	node_347	q8_0	f32	f32	1152	1152	1	1	1152	352	1	1	1224	1410048	1410048	4608	1622016	1622016	1	1	0	1	1
60	1788291892749860178	capture	870	MUL_MAT	MMQ	-	v.blk.10.attn_q.weight	node_331	q8_0	f32	f32	1152	1152	1	1	1152	352	1	1	1224	1410048	1410048	4608	1622016	1622016	1	1	0	1	1
60	1788291892749860178	capture	870	MUL_MAT	MMQ	-	v.blk.10.attn_v.weight	node_337	q8_0	f32	f32	1152	1152	1	1	1152	352	1	1	1224	1410048	1410048	4608	1622016	1622016	1	1	0	1	1
60	1788291892749860178	capture	870	MUL_MAT	MMQ	-	v.blk.10.ffn_up.weight	ffn_up-10	q8_0	f32	f32	1152	4304	1	1	1152	352	1	1	1224	5268096	5268096	4608	1622016	1622016	1	1	0	1	1
60	1788291892749860178	capture	870	MUL_MAT	MMQ	-	v.blk.11.attn_k.weight	node_365	q8_0	f32	f32	1152	1152	1	1	1152	352	1	1	1224	1410048	1410048	4608	1622016	1622016	1	1	0	1	1
60	1788291892749860178	capture	870	MUL_MAT	MMQ	-	v.blk.11.attn_out.weight	node_378	q8_0	f32	f32	1152	1152	1	1	1152	352	1	1	1224	1410048	1410048	4608	1622016	1622016	1	1	0	1	1
60	1788291892749860178	capture	870	MUL_MAT	MMQ	-	v.blk.11.attn_q.weight	node_362	q8_0	f32	f32	1152	1152	1	1	1152	352	1	1	1224	1410048	1410048	4608	1622016	1622016	1	1	0	1	1
60	1788291892749860178	capture	870	MUL_MAT	MMQ	-	v.blk.11.attn_v.weight	node_368	q8_0	f32	f32	1152	1152	1	1	1152	352	1	1	1224	1410048	1410048	4608	1622016	1622016	1	1	0	1	1
60	1788291892749860178	capture	870	MUL_MAT	MMQ	-	v.blk.11.ffn_up.weight	ffn_up-11	q8_0	f32	f32	1152	4304	1	1	1152	352	1	1	1224	5268096	5268096	4608	1622016	1622016	1	1	0	1	1
60	1788291892749860178	capture	870	MUL_MAT	MMQ	-	v.blk.12.attn_k.weight	node_396	q8_0	f32	f32	1152	1152	1	1	1152	352	1	1	1224	1410048	1410048	4608	1622016	1622016	1	1	0	1	1
60	1788291892749860178	capture	870	MUL_MAT	MMQ	-	v.blk.12.attn_out.weight	node_409	q8_0	f32	f32	1152	1152	1	1	1152	352	1	1	1224	1410048	1410048	4608	1622016	1622016	1	1	0	1	1
60	1788291892749860178	capture	870	MUL_MAT	MMQ	-	v.blk.12.attn_q.weight	node_393	q8_0	f32	f32	1152	1152	1	1	1152	352	1	1	1224	1410048	1410048	4608	1622016	1622016	1	1	0	1	1
60	1788291892749860178	capture	870	MUL_MAT	MMQ	-	v.blk.12.attn_v.weight	node_399	q8_0	f32	f32	1152	1152	1	1	1152	352	1	1	1224	1410048	1410048	4608	1622016	1622016	1	1	0	1	1
60	1788291892749860178	capture	870	MUL_MAT	MMQ	-	v.blk.12.ffn_up.weight	ffn_up-12	q8_0	f32	f32	1152	4304	1	1	1152	352	1	1	1224	5268096	5268096	4608	1622016	1622016	1	1	0	1	1
60	1788291892749860178	capture	870	MUL_MAT	MMQ	-	v.blk.13.attn_k.weight	node_427	q8_0	f32	f32	1152	1152	1	1	1152	352	1	1	1224	1410048	1410048	4608	1622016	1622016	1	1	0	1	1
60	1788291892749860178	capture	870	MUL_MAT	MMQ	-	v.blk.13.attn_out.weight	node_440	q8_0	f32	f32	1152	1152	1	1	1152	352	1	1	1224	1410048	1410048	4608	1622016	1622016	1	1	0	1	1
60	1788291892749860178	capture	870	MUL_MAT	MMQ	-	v.blk.13.attn_q.weight	node_424	q8_0	f32	f32	1152	1152	1	1	1152	352	1	1	1224	1410048	1410048	4608	1622016	1622016	1	1	0	1	1
60	1788291892749860178	capture	870	MUL_MAT	MMQ	-	v.blk.13.attn_v.weight	node_430	q8_0	f32	f32	1152	1152	1	1	1152	352	1	1	1224	1410048	1410048	4608	1622016	1622016	1	1	0	1	1
60	1788291892749860178	capture	870	MUL_MAT	MMQ	-	v.blk.13.ffn_up.weight	ffn_up-13	q8_0	f32	f32	1152	4304	1	1	1152	352	1	1	1224	5268096	5268096	4608	1622016	1622016	1	1	0	1	1
60	1788291892749860178	capture	870	MUL_MAT	MMQ	-	v.blk.14.attn_k.weight	node_458	q8_0	f32	f32	1152	1152	1	1	1152	352	1	1	1224	1410048	1410048	4608	1622016	1622016	1	1	0	1	1
60	1788291892749860178	capture	870	MUL_MAT	MMQ	-	v.blk.14.attn_out.weight	node_471	q8_0	f32	f32	1152	1152	1	1	1152	352	1	1	1224	1410048	1410048	4608	1622016	1622016	1	1	0	1	1
60	1788291892749860178	capture	870	MUL_MAT	MMQ	-	v.blk.14.attn_q.weight	node_455	q8_0	f32	f32	1152	1152	1	1	1152	352	1	1	1224	1410048	1410048	4608	1622016	1622016	1	1	0	1	1
60	1788291892749860178	capture	870	MUL_MAT	MMQ	-	v.blk.14.attn_v.weight	node_461	q8_0	f32	f32	1152	1152	1	1	1152	352	1	1	1224	1410048	1410048	4608	1622016	1622016	1	1	0	1	1
60	1788291892749860178	capture	870	MUL_MAT	MMQ	-	v.blk.14.ffn_up.weight	ffn_up-14	q8_0	f32	f32	1152	4304	1	1	1152	352	1	1	1224	5268096	5268096	4608	1622016	1622016	1	1	0	1	1
60	1788291892749860178	capture	870	MUL_MAT	MMQ	-	v.blk.15.attn_k.weight	node_489	q8_0	f32	f32	1152	1152	1	1	1152	352	1	1	1224	1410048	1410048	4608	1622016	1622016	1	1	0	1	1
60	1788291892749860178	capture	870	MUL_MAT	MMQ	-	v.blk.15.attn_out.weight	node_502	q8_0	f32	f32	1152	1152	1	1	1152	352	1	1	1224	1410048	1410048	4608	1622016	1622016	1	1	0	1	1
60	1788291892749860178	capture	870	MUL_MAT	MMQ	-	v.blk.15.attn_q.weight	node_486	q8_0	f32	f32	1152	1152	1	1	1152	352	1	1	1224	1410048	1410048	4608	1622016	1622016	1	1	0	1	1
60	1788291892749860178	capture	870	MUL_MAT	MMQ	-	v.blk.15.attn_v.weight	node_492	q8_0	f32	f32	1152	1152	1	1	1152	352	1	1	1224	1410048	1410048	4608	1622016	1622016	1	1	0	1	1
60	1788291892749860178	capture	870	MUL_MAT	MMQ	-	v.blk.15.ffn_up.weight	ffn_up-15	q8_0	f32	f32	1152	4304	1	1	1152	352	1	1	1224	5268096	5268096	4608	1622016	1622016	1	1	0	1	1
60	1788291892749860178	capture	870	MUL_MAT	MMQ	-	v.blk.16.attn_k.weight	node_520	q8_0	f32	f32	1152	1152	1	1	1152	352	1	1	1224	1410048	1410048	4608	1622016	1622016	1	1	0	1	1
60	1788291892749860178	capture	870	MUL_MAT	MMQ	-	v.blk.16.attn_out.weight	node_533	q8_0	f32	f32	1152	1152	1	1	1152	352	1	1	1224	1410048	1410048	4608	1622016	1622016	1	1	0	1	1
60	1788291892749860178	capture	870	MUL_MAT	MMQ	-	v.blk.16.attn_q.weight	node_517	q8_0	f32	f32	1152	1152	1	1	1152	352	1	1	1224	1410048	1410048	4608	1622016	1622016	1	1	0	1	1
60	1788291892749860178	capture	870	MUL_MAT	MMQ	-	v.blk.16.attn_v.weight	node_523	q8_0	f32	f32	1152	1152	1	1	1152	352	1	1	1224	1410048	1410048	4608	1622016	1622016	1	1	0	1	1
60	1788291892749860178	capture	870	MUL_MAT	MMQ	-	v.blk.16.ffn_up.weight	ffn_up-16	q8_0	f32	f32	1152	4304	1	1	1152	352	1	1	1224	5268096	5268096	4608	1622016	1622016	1	1	0	1	1
60	1788291892749860178	capture	870	MUL_MAT	MMQ	-	v.blk.17.attn_k.weight	node_551	q8_0	f32	f32	1152	1152	1	1	1152	352	1	1	1224	1410048	1410048	4608	1622016	1622016	1	1	0	1	1
60	1788291892749860178	capture	870	MUL_MAT	MMQ	-	v.blk.17.attn_out.weight	node_564	q8_0	f32	f32	1152	1152	1	1	1152	352	1	1	1224	1410048	1410048	4608	1622016	1622016	1	1	0	1	1
60	1788291892749860178	capture	870	MUL_MAT	MMQ	-	v.blk.17.attn_q.weight	node_548	q8_0	f32	f32	1152	1152	1	1	1152	352	1	1	1224	1410048	1410048	4608	1622016	1622016	1	1	0	1	1
60	1788291892749860178	capture	870	MUL_MAT	MMQ	-	v.blk.17.attn_v.weight	node_554	q8_0	f32	f32	1152	1152	1	1	1152	352	1	1	1224	1410048	1410048	4608	1622016	1622016	1	1	0	1	1
60	1788291892749860178	capture	870	MUL_MAT	MMQ	-	v.blk.17.ffn_up.weight	ffn_up-17	q8_0	f32	f32	1152	4304	1	1	1152	352	1	1	1224	5268096	5268096	4608	1622016	1622016	1	1	0	1	1
60	1788291892749860178	capture	870	MUL_MAT	MMQ	-	v.blk.18.attn_k.weight	node_582	q8_0	f32	f32	1152	1152	1	1	1152	352	1	1	1224	1410048	1410048	4608	1622016	1622016	1	1	0	1	1
60	1788291892749860178	capture	870	MUL_MAT	MMQ	-	v.blk.18.attn_out.weight	node_595	q8_0	f32	f32	1152	1152	1	1	1152	352	1	1	1224	1410048	1410048	4608	1622016	1622016	1	1	0	1	1
60	1788291892749860178	capture	870	MUL_MAT	MMQ	-	v.blk.18.attn_q.weight	node_579	q8_0	f32	f32	1152	1152	1	1	1152	352	1	1	1224	1410048	1410048	4608	1622016	1622016	1	1	0	1	1
60	1788291892749860178	capture	870	MUL_MAT	MMQ	-	v.blk.18.attn_v.weight	node_585	q8_0	f32	f32	1152	1152	1	1	1152	352	1	1	1224	1410048	1410048	4608	1622016	1622016	1	1	0	1	1
60	1788291892749860178	capture	870	MUL_MAT	MMQ	-	v.blk.18.ffn_up.weight	ffn_up-18	q8_0	f32	f32	1152	4304	1	1	1152	352	1	1	1224	5268096	5268096	4608	1622016	1622016	1	1	0	1	1
60	1788291892749860178	capture	870	MUL_MAT	MMQ	-	v.blk.19.attn_k.weight	node_613	q8_0	f32	f32	1152	1152	1	1	1152	352	1	1	1224	1410048	1410048	4608	1622016	1622016	1	1	0	1	1
60	1788291892749860178	capture	870	MUL_MAT	MMQ	-	v.blk.19.attn_out.weight	node_626	q8_0	f32	f32	1152	1152	1	1	1152	352	1	1	1224	1410048	1410048	4608	1622016	1622016	1	1	0	1	1
60	1788291892749860178	capture	870	MUL_MAT	MMQ	-	v.blk.19.attn_q.weight	node_610	q8_0	f32	f32	1152	1152	1	1	1152	352	1	1	1224	1410048	1410048	4608	1622016	1622016	1	1	0	1	1
60	1788291892749860178	capture	870	MUL_MAT	MMQ	-	v.blk.19.attn_v.weight	node_616	q8_0	f32	f32	1152	1152	1	1	1152	352	1	1	1224	1410048	1410048	4608	1622016	1622016	1	1	0	1	1
60	1788291892749860178	capture	870	MUL_MAT	MMQ	-	v.blk.19.ffn_up.weight	ffn_up-19	q8_0	f32	f32	1152	4304	1	1	1152	352	1	1	1224	5268096	5268096	4608	1622016	1622016	1	1	0	1	1
60	1788291892749860178	capture	870	MUL_MAT	MMQ	-	v.blk.2.attn_k.weight	node_86	q8_0	f32	f32	1152	1152	1	1	1152	352	1	1	1224	1410048	1410048	4608	1622016	1622016	1	1	0	1	1
60	1788291892749860178	capture	870	MUL_MAT	MMQ	-	v.blk.2.attn_out.weight	node_99	q8_0	f32	f32	1152	1152	1	1	1152	352	1	1	1224	1410048	1410048	4608	1622016	1622016	1	1	0	1	1
60	1788291892749860178	capture	870	MUL_MAT	MMQ	-	v.blk.2.attn_q.weight	node_83	q8_0	f32	f32	1152	1152	1	1	1152	352	1	1	1224	1410048	1410048	4608	1622016	1622016	1	1	0	1	1
60	1788291892749860178	capture	870	MUL_MAT	MMQ	-	v.blk.2.attn_v.weight	node_89	q8_0	f32	f32	1152	1152	1	1	1152	352	1	1	1224	1410048	1410048	4608	1622016	1622016	1	1	0	1	1
60	1788291892749860178	capture	870	MUL_MAT	MMQ	-	v.blk.2.ffn_up.weight	ffn_up-2	q8_0	f32	f32	1152	4304	1	1	1152	352	1	1	1224	5268096	5268096	4608	1622016	1622016	1	1	0	1	1
60	1788291892749860178	capture	870	MUL_MAT	MMQ	-	v.blk.20.attn_k.weight	node_644	q8_0	f32	f32	1152	1152	1	1	1152	352	1	1	1224	1410048	1410048	4608	1622016	1622016	1	1	0	1	1
60	1788291892749860178	capture	870	MUL_MAT	MMQ	-	v.blk.20.attn_out.weight	node_657	q8_0	f32	f32	1152	1152	1	1	1152	352	1	1	1224	1410048	1410048	4608	1622016	1622016	1	1	0	1	1
60	1788291892749860178	capture	870	MUL_MAT	MMQ	-	v.blk.20.attn_q.weight	node_641	q8_0	f32	f32	1152	1152	1	1	1152	352	1	1	1224	1410048	1410048	4608	1622016	1622016	1	1	0	1	1
60	1788291892749860178	capture	870	MUL_MAT	MMQ	-	v.blk.20.attn_v.weight	node_647	q8_0	f32	f32	1152	1152	1	1	1152	352	1	1	1224	1410048	1410048	4608	1622016	1622016	1	1	0	1	1
60	1788291892749860178	capture	870	MUL_MAT	MMQ	-	v.blk.20.ffn_up.weight	ffn_up-20	q8_0	f32	f32	1152	4304	1	1	1152	352	1	1	1224	5268096	5268096	4608	1622016	1622016	1	1	0	1	1
60	1788291892749860178	capture	870	MUL_MAT	MMQ	-	v.blk.21.attn_k.weight	node_675	q8_0	f32	f32	1152	1152	1	1	1152	352	1	1	1224	1410048	1410048	4608	1622016	1622016	1	1	0	1	1
60	1788291892749860178	capture	870	MUL_MAT	MMQ	-	v.blk.21.attn_out.weight	node_688	q8_0	f32	f32	1152	1152	1	1	1152	352	1	1	1224	1410048	1410048	4608	1622016	1622016	1	1	0	1	1
60	1788291892749860178	capture	870	MUL_MAT	MMQ	-	v.blk.21.attn_q.weight	node_672	q8_0	f32	f32	1152	1152	1	1	1152	352	1	1	1224	1410048	1410048	4608	1622016	1622016	1	1	0	1	1
60	1788291892749860178	capture	870	MUL_MAT	MMQ	-	v.blk.21.attn_v.weight	node_678	q8_0	f32	f32	1152	1152	1	1	1152	352	1	1	1224	1410048	1410048	4608	1622016	1622016	1	1	0	1	1
60	1788291892749860178	capture	870	MUL_MAT	MMQ	-	v.blk.21.ffn_up.weight	ffn_up-21	q8_0	f32	f32	1152	4304	1	1	1152	352	1	1	1224	5268096	5268096	4608	1622016	1622016	1	1	0	1	1
60	1788291892749860178	capture	870	MUL_MAT	MMQ	-	v.blk.22.attn_k.weight	node_706	q8_0	f32	f32	1152	1152	1	1	1152	352	1	1	1224	1410048	1410048	4608	1622016	1622016	1	1	0	1	1
60	1788291892749860178	capture	870	MUL_MAT	MMQ	-	v.blk.22.attn_out.weight	node_719	q8_0	f32	f32	1152	1152	1	1	1152	352	1	1	1224	1410048	1410048	4608	1622016	1622016	1	1	0	1	1
60	1788291892749860178	capture	870	MUL_MAT	MMQ	-	v.blk.22.attn_q.weight	node_703	q8_0	f32	f32	1152	1152	1	1	1152	352	1	1	1224	1410048	1410048	4608	1622016	1622016	1	1	0	1	1
60	1788291892749860178	capture	870	MUL_MAT	MMQ	-	v.blk.22.attn_v.weight	node_709	q8_0	f32	f32	1152	1152	1	1	1152	352	1	1	1224	1410048	1410048	4608	1622016	1622016	1	1	0	1	1
60	1788291892749860178	capture	870	MUL_MAT	MMQ	-	v.blk.22.ffn_up.weight	ffn_up-22	q8_0	f32	f32	1152	4304	1	1	1152	352	1	1	1224	5268096	5268096	4608	1622016	1622016	1	1	0	1	1
60	1788291892749860178	capture	870	MUL_MAT	MMQ	-	v.blk.23.attn_k.weight	node_737	q8_0	f32	f32	1152	1152	1	1	1152	352	1	1	1224	1410048	1410048	4608	1622016	1622016	1	1	0	1	1
60	1788291892749860178	capture	870	MUL_MAT	MMQ	-	v.blk.23.attn_out.weight	node_750	q8_0	f32	f32	1152	1152	1	1	1152	352	1	1	1224	1410048	1410048	4608	1622016	1622016	1	1	0	1	1
60	1788291892749860178	capture	870	MUL_MAT	MMQ	-	v.blk.23.attn_q.weight	node_734	q8_0	f32	f32	1152	1152	1	1	1152	352	1	1	1224	1410048	1410048	4608	1622016	1622016	1	1	0	1	1
60	1788291892749860178	capture	870	MUL_MAT	MMQ	-	v.blk.23.attn_v.weight	node_740	q8_0	f32	f32	1152	1152	1	1	1152	352	1	1	1224	1410048	1410048	4608	1622016	1622016	1	1	0	1	1
60	1788291892749860178	capture	870	MUL_MAT	MMQ	-	v.blk.23.ffn_up.weight	ffn_up-23	q8_0	f32	f32	1152	4304	1	1	1152	352	1	1	1224	5268096	5268096	4608	1622016	1622016	1	1	0	1	1
60	1788291892749860178	capture	870	MUL_MAT	MMQ	-	v.blk.24.attn_k.weight	node_768	q8_0	f32	f32	1152	1152	1	1	1152	352	1	1	1224	1410048	1410048	4608	1622016	1622016	1	1	0	1	1
60	1788291892749860178	capture	870	MUL_MAT	MMQ	-	v.blk.24.attn_out.weight	node_781	q8_0	f32	f32	1152	1152	1	1	1152	352	1	1	1224	1410048	1410048	4608	1622016	1622016	1	1	0	1	1
60	1788291892749860178	capture	870	MUL_MAT	MMQ	-	v.blk.24.attn_q.weight	node_765	q8_0	f32	f32	1152	1152	1	1	1152	352	1	1	1224	1410048	1410048	4608	1622016	1622016	1	1	0	1	1
60	1788291892749860178	capture	870	MUL_MAT	MMQ	-	v.blk.24.attn_v.weight	node_771	q8_0	f32	f32	1152	1152	1	1	1152	352	1	1	1224	1410048	1410048	4608	1622016	1622016	1	1	0	1	1
60	1788291892749860178	capture	870	MUL_MAT	MMQ	-	v.blk.24.ffn_up.weight	ffn_up-24	q8_0	f32	f32	1152	4304	1	1	1152	352	1	1	1224	5268096	5268096	4608	1622016	1622016	1	1	0	1	1
60	1788291892749860178	capture	870	MUL_MAT	MMQ	-	v.blk.25.attn_k.weight	node_799	q8_0	f32	f32	1152	1152	1	1	1152	352	1	1	1224	1410048	1410048	4608	1622016	1622016	1	1	0	1	1
60	1788291892749860178	capture	870	MUL_MAT	MMQ	-	v.blk.25.attn_out.weight	node_812	q8_0	f32	f32	1152	1152	1	1	1152	352	1	1	1224	1410048	1410048	4608	1622016	1622016	1	1	0	1	1
60	1788291892749860178	capture	870	MUL_MAT	MMQ	-	v.blk.25.attn_q.weight	node_796	q8_0	f32	f32	1152	1152	1	1	1152	352	1	1	1224	1410048	1410048	4608	1622016	1622016	1	1	0	1	1
60	1788291892749860178	capture	870	MUL_MAT	MMQ	-	v.blk.25.attn_v.weight	node_802	q8_0	f32	f32	1152	1152	1	1	1152	352	1	1	1224	1410048	1410048	4608	1622016	1622016	1	1	0	1	1
60	1788291892749860178	capture	870	MUL_MAT	MMQ	-	v.blk.25.ffn_up.weight	ffn_up-25	q8_0	f32	f32	1152	4304	1	1	1152	352	1	1	1224	5268096	5268096	4608	1622016	1622016	1	1	0	1	1
60	1788291892749860178	capture	870	MUL_MAT	MMQ	-	v.blk.26.attn_k.weight	node_830	q8_0	f32	f32	1152	1152	1	1	1152	352	1	1	1224	1410048	1410048	4608	1622016	1622016	1	1	0	1	1
60	1788291892749860178	capture	870	MUL_MAT	MMQ	-	v.blk.26.attn_out.weight	node_843	q8_0	f32	f32	1152	1152	1	1	1152	352	1	1	1224	1410048	1410048	4608	1622016	1622016	1	1	0	1	1
60	1788291892749860178	capture	870	MUL_MAT	MMQ	-	v.blk.26.attn_q.weight	node_827	q8_0	f32	f32	1152	1152	1	1	1152	352	1	1	1224	1410048	1410048	4608	1622016	1622016	1	1	0	1	1
60	1788291892749860178	capture	870	MUL_MAT	MMQ	-	v.blk.26.attn_v.weight	node_833	q8_0	f32	f32	1152	1152	1	1	1152	352	1	1	1224	1410048	1410048	4608	1622016	1622016	1	1	0	1	1
60	1788291892749860178	capture	870	MUL_MAT	MMQ	-	v.blk.26.ffn_up.weight	ffn_up-26	q8_0	f32	f32	1152	4304	1	1	1152	352	1	1	1224	5268096	5268096	4608	1622016	1622016	1	1	0	1	1
60	1788291892749860178	capture	870	MUL_MAT	MMQ	-	v.blk.3.attn_k.weight	node_117	q8_0	f32	f32	1152	1152	1	1	1152	352	1	1	1224	1410048	1410048	4608	1622016	1622016	1	1	0	1	1
60	1788291892749860178	capture	870	MUL_MAT	MMQ	-	v.blk.3.attn_out.weight	node_130	q8_0	f32	f32	1152	1152	1	1	1152	352	1	1	1224	1410048	1410048	4608	1622016	1622016	1	1	0	1	1
60	1788291892749860178	capture	870	MUL_MAT	MMQ	-	v.blk.3.attn_q.weight	node_114	q8_0	f32	f32	1152	1152	1	1	1152	352	1	1	1224	1410048	1410048	4608	1622016	1622016	1	1	0	1	1
60	1788291892749860178	capture	870	MUL_MAT	MMQ	-	v.blk.3.attn_v.weight	node_120	q8_0	f32	f32	1152	1152	1	1	1152	352	1	1	1224	1410048	1410048	4608	1622016	1622016	1	1	0	1	1
60	1788291892749860178	capture	870	MUL_MAT	MMQ	-	v.blk.3.ffn_up.weight	ffn_up-3	q8_0	f32	f32	1152	4304	1	1	1152	352	1	1	1224	5268096	5268096	4608	1622016	1622016	1	1	0	1	1
60	1788291892749860178	capture	870	MUL_MAT	MMQ	-	v.blk.4.attn_k.weight	node_148	q8_0	f32	f32	1152	1152	1	1	1152	352	1	1	1224	1410048	1410048	4608	1622016	1622016	1	1	0	1	1
60	1788291892749860178	capture	870	MUL_MAT	MMQ	-	v.blk.4.attn_out.weight	node_161	q8_0	f32	f32	1152	1152	1	1	1152	352	1	1	1224	1410048	1410048	4608	1622016	1622016	1	1	0	1	1
60	1788291892749860178	capture	870	MUL_MAT	MMQ	-	v.blk.4.attn_q.weight	node_145	q8_0	f32	f32	1152	1152	1	1	1152	352	1	1	1224	1410048	1410048	4608	1622016	1622016	1	1	0	1	1
60	1788291892749860178	capture	870	MUL_MAT	MMQ	-	v.blk.4.attn_v.weight	node_151	q8_0	f32	f32	1152	1152	1	1	1152	352	1	1	1224	1410048	1410048	4608	1622016	1622016	1	1	0	1	1
60	1788291892749860178	capture	870	MUL_MAT	MMQ	-	v.blk.4.ffn_up.weight	ffn_up-4	q8_0	f32	f32	1152	4304	1	1	1152	352	1	1	1224	5268096	5268096	4608	1622016	1622016	1	1	0	1	1
60	1788291892749860178	capture	870	MUL_MAT	MMQ	-	v.blk.5.attn_k.weight	node_179	q8_0	f32	f32	1152	1152	1	1	1152	352	1	1	1224	1410048	1410048	4608	1622016	1622016	1	1	0	1	1
60	1788291892749860178	capture	870	MUL_MAT	MMQ	-	v.blk.5.attn_out.weight	node_192	q8_0	f32	f32	1152	1152	1	1	1152	352	1	1	1224	1410048	1410048	4608	1622016	1622016	1	1	0	1	1
60	1788291892749860178	capture	870	MUL_MAT	MMQ	-	v.blk.5.attn_q.weight	node_176	q8_0	f32	f32	1152	1152	1	1	1152	352	1	1	1224	1410048	1410048	4608	1622016	1622016	1	1	0	1	1
60	1788291892749860178	capture	870	MUL_MAT	MMQ	-	v.blk.5.attn_v.weight	node_182	q8_0	f32	f32	1152	1152	1	1	1152	352	1	1	1224	1410048	1410048	4608	1622016	1622016	1	1	0	1	1
60	1788291892749860178	capture	870	MUL_MAT	MMQ	-	v.blk.5.ffn_up.weight	ffn_up-5	q8_0	f32	f32	1152	4304	1	1	1152	352	1	1	1224	5268096	5268096	4608	1622016	1622016	1	1	0	1	1
60	1788291892749860178	capture	870	MUL_MAT	MMQ	-	v.blk.6.attn_k.weight	node_210	q8_0	f32	f32	1152	1152	1	1	1152	352	1	1	1224	1410048	1410048	4608	1622016	1622016	1	1	0	1	1
60	1788291892749860178	capture	870	MUL_MAT	MMQ	-	v.blk.6.attn_out.weight	node_223	q8_0	f32	f32	1152	1152	1	1	1152	352	1	1	1224	1410048	1410048	4608	1622016	1622016	1	1	0	1	1
60	1788291892749860178	capture	870	MUL_MAT	MMQ	-	v.blk.6.attn_q.weight	node_207	q8_0	f32	f32	1152	1152	1	1	1152	352	1	1	1224	1410048	1410048	4608	1622016	1622016	1	1	0	1	1
60	1788291892749860178	capture	870	MUL_MAT	MMQ	-	v.blk.6.attn_v.weight	node_213	q8_0	f32	f32	1152	1152	1	1	1152	352	1	1	1224	1410048	1410048	4608	1622016	1622016	1	1	0	1	1
60	1788291892749860178	capture	870	MUL_MAT	MMQ	-	v.blk.6.ffn_up.weight	ffn_up-6	q8_0	f32	f32	1152	4304	1	1	1152	352	1	1	1224	5268096	5268096	4608	1622016	1622016	1	1	0	1	1
60	1788291892749860178	capture	870	MUL_MAT	MMQ	-	v.blk.7.attn_k.weight	node_241	q8_0	f32	f32	1152	1152	1	1	1152	352	1	1	1224	1410048	1410048	4608	1622016	1622016	1	1	0	1	1
60	1788291892749860178	capture	870	MUL_MAT	MMQ	-	v.blk.7.attn_out.weight	node_254	q8_0	f32	f32	1152	1152	1	1	1152	352	1	1	1224	1410048	1410048	4608	1622016	1622016	1	1	0	1	1
60	1788291892749860178	capture	870	MUL_MAT	MMQ	-	v.blk.7.attn_q.weight	node_238	q8_0	f32	f32	1152	1152	1	1	1152	352	1	1	1224	1410048	1410048	4608	1622016	1622016	1	1	0	1	1
60	1788291892749860178	capture	870	MUL_MAT	MMQ	-	v.blk.7.attn_v.weight	node_244	q8_0	f32	f32	1152	1152	1	1	1152	352	1	1	1224	1410048	1410048	4608	1622016	1622016	1	1	0	1	1
60	1788291892749860178	capture	870	MUL_MAT	MMQ	-	v.blk.7.ffn_up.weight	ffn_up-7	q8_0	f32	f32	1152	4304	1	1	1152	352	1	1	1224	5268096	5268096	4608	1622016	1622016	1	1	0	1	1
60	1788291892749860178	capture	870	MUL_MAT	MMQ	-	v.blk.8.attn_k.weight	node_272	q8_0	f32	f32	1152	1152	1	1	1152	352	1	1	1224	1410048	1410048	4608	1622016	1622016	1	1	0	1	1
60	1788291892749860178	capture	870	MUL_MAT	MMQ	-	v.blk.8.attn_out.weight	node_285	q8_0	f32	f32	1152	1152	1	1	1152	352	1	1	1224	1410048	1410048	4608	1622016	1622016	1	1	0	1	1
60	1788291892749860178	capture	870	MUL_MAT	MMQ	-	v.blk.8.attn_q.weight	node_269	q8_0	f32	f32	1152	1152	1	1	1152	352	1	1	1224	1410048	1410048	4608	1622016	1622016	1	1	0	1	1
60	1788291892749860178	capture	870	MUL_MAT	MMQ	-	v.blk.8.attn_v.weight	node_275	q8_0	f32	f32	1152	1152	1	1	1152	352	1	1	1224	1410048	1410048	4608	1622016	1622016	1	1	0	1	1
60	1788291892749860178	capture	870	MUL_MAT	MMQ	-	v.blk.8.ffn_up.weight	ffn_up-8	q8_0	f32	f32	1152	4304	1	1	1152	352	1	1	1224	5268096	5268096	4608	1622016	1622016	1	1	0	1	1
60	1788291892749860178	capture	870	MUL_MAT	MMQ	-	v.blk.9.attn_k.weight	node_303	q8_0	f32	f32	1152	1152	1	1	1152	352	1	1	1224	1410048	1410048	4608	1622016	1622016	1	1	0	1	1
60	1788291892749860178	capture	870	MUL_MAT	MMQ	-	v.blk.9.attn_out.weight	node_316	q8_0	f32	f32	1152	1152	1	1	1152	352	1	1	1224	1410048	1410048	4608	1622016	1622016	1	1	0	1	1
60	1788291892749860178	capture	870	MUL_MAT	MMQ	-	v.blk.9.attn_q.weight	node_300	q8_0	f32	f32	1152	1152	1	1	1152	352	1	1	1224	1410048	1410048	4608	1622016	1622016	1	1	0	1	1
60	1788291892749860178	capture	870	MUL_MAT	MMQ	-	v.blk.9.attn_v.weight	node_306	q8_0	f32	f32	1152	1152	1	1	1152	352	1	1	1224	1410048	1410048	4608	1622016	1622016	1	1	0	1	1
60	1788291892749860178	capture	870	MUL_MAT	MMQ	-	v.blk.9.ffn_up.weight	ffn_up-9	q8_0	f32	f32	1152	4304	1	1	1152	352	1	1	1224	5268096	5268096	4608	1622016	1622016	1	1	0	1	1
60	1788291892749860178	capture	870	MUL_MAT	cuBLAS	cublasGemmEx/F16	 (reshaped)	node_3	f16	f32	f32	768	352	1	1	768	1152	1	1	1536	540672	540672	3072	3538944	3538944	1	1	0	1	1
60	1788291892749860178	capture	870	MUL_MAT	cuBLAS	cublasGemmEx/F16	v.blk.0.ffn_down.weight	ffn_down-0	f16	f32	f32	4304	1152	1	1	4304	352	1	1	8608	9916416	9916416	17216	6060032	6060032	1	1	0	1	1
60	1788291892749860178	capture	870	MUL_MAT	cuBLAS	cublasGemmEx/F16	v.blk.1.ffn_down.weight	ffn_down-1	f16	f32	f32	4304	1152	1	1	4304	352	1	1	8608	9916416	9916416	17216	6060032	6060032	1	1	0	1	1
60	1788291892749860178	capture	870	MUL_MAT	cuBLAS	cublasGemmEx/F16	v.blk.10.ffn_down.weight	ffn_down-10	f16	f32	f32	4304	1152	1	1	4304	352	1	1	8608	9916416	9916416	17216	6060032	6060032	1	1	0	1	1
60	1788291892749860178	capture	870	MUL_MAT	cuBLAS	cublasGemmEx/F16	v.blk.11.ffn_down.weight	ffn_down-11	f16	f32	f32	4304	1152	1	1	4304	352	1	1	8608	9916416	9916416	17216	6060032	6060032	1	1	0	1	1
60	1788291892749860178	capture	870	MUL_MAT	cuBLAS	cublasGemmEx/F16	v.blk.12.ffn_down.weight	ffn_down-12	f16	f32	f32	4304	1152	1	1	4304	352	1	1	8608	9916416	9916416	17216	6060032	6060032	1	1	0	1	1
60	1788291892749860178	capture	870	MUL_MAT	cuBLAS	cublasGemmEx/F16	v.blk.13.ffn_down.weight	ffn_down-13	f16	f32	f32	4304	1152	1	1	4304	352	1	1	8608	9916416	9916416	17216	6060032	6060032	1	1	0	1	1
60	1788291892749860178	capture	870	MUL_MAT	cuBLAS	cublasGemmEx/F16	v.blk.14.ffn_down.weight	ffn_down-14	f16	f32	f32	4304	1152	1	1	4304	352	1	1	8608	9916416	9916416	17216	6060032	6060032	1	1	0	1	1
60	1788291892749860178	capture	870	MUL_MAT	cuBLAS	cublasGemmEx/F16	v.blk.15.ffn_down.weight	ffn_down-15	f16	f32	f32	4304	1152	1	1	4304	352	1	1	8608	9916416	9916416	17216	6060032	6060032	1	1	0	1	1
60	1788291892749860178	capture	870	MUL_MAT	cuBLAS	cublasGemmEx/F16	v.blk.16.ffn_down.weight	ffn_down-16	f16	f32	f32	4304	1152	1	1	4304	352	1	1	8608	9916416	9916416	17216	6060032	6060032	1	1	0	1	1
60	1788291892749860178	capture	870	MUL_MAT	cuBLAS	cublasGemmEx/F16	v.blk.17.ffn_down.weight	ffn_down-17	f16	f32	f32	4304	1152	1	1	4304	352	1	1	8608	9916416	9916416	17216	6060032	6060032	1	1	0	1	1
60	1788291892749860178	capture	870	MUL_MAT	cuBLAS	cublasGemmEx/F16	v.blk.18.ffn_down.weight	ffn_down-18	f16	f32	f32	4304	1152	1	1	4304	352	1	1	8608	9916416	9916416	17216	6060032	6060032	1	1	0	1	1
60	1788291892749860178	capture	870	MUL_MAT	cuBLAS	cublasGemmEx/F16	v.blk.19.ffn_down.weight	ffn_down-19	f16	f32	f32	4304	1152	1	1	4304	352	1	1	8608	9916416	9916416	17216	6060032	6060032	1	1	0	1	1
60	1788291892749860178	capture	870	MUL_MAT	cuBLAS	cublasGemmEx/F16	v.blk.2.ffn_down.weight	ffn_down-2	f16	f32	f32	4304	1152	1	1	4304	352	1	1	8608	9916416	9916416	17216	6060032	6060032	1	1	0	1	1
60	1788291892749860178	capture	870	MUL_MAT	cuBLAS	cublasGemmEx/F16	v.blk.20.ffn_down.weight	ffn_down-20	f16	f32	f32	4304	1152	1	1	4304	352	1	1	8608	9916416	9916416	17216	6060032	6060032	1	1	0	1	1
60	1788291892749860178	capture	870	MUL_MAT	cuBLAS	cublasGemmEx/F16	v.blk.21.ffn_down.weight	ffn_down-21	f16	f32	f32	4304	1152	1	1	4304	352	1	1	8608	9916416	9916416	17216	6060032	6060032	1	1	0	1	1
60	1788291892749860178	capture	870	MUL_MAT	cuBLAS	cublasGemmEx/F16	v.blk.22.ffn_down.weight	ffn_down-22	f16	f32	f32	4304	1152	1	1	4304	352	1	1	8608	9916416	9916416	17216	6060032	6060032	1	1	0	1	1
60	1788291892749860178	capture	870	MUL_MAT	cuBLAS	cublasGemmEx/F16	v.blk.23.ffn_down.weight	ffn_down-23	f16	f32	f32	4304	1152	1	1	4304	352	1	1	8608	9916416	9916416	17216	6060032	6060032	1	1	0	1	1
60	1788291892749860178	capture	870	MUL_MAT	cuBLAS	cublasGemmEx/F16	v.blk.24.ffn_down.weight	ffn_down-24	f16	f32	f32	4304	1152	1	1	4304	352	1	1	8608	9916416	9916416	17216	6060032	6060032	1	1	0	1	1
60	1788291892749860178	capture	870	MUL_MAT	cuBLAS	cublasGemmEx/F16	v.blk.25.ffn_down.weight	ffn_down-25	f16	f32	f32	4304	1152	1	1	4304	352	1	1	8608	9916416	9916416	17216	6060032	6060032	1	1	0	1	1
60	1788291892749860178	capture	870	MUL_MAT	cuBLAS	cublasGemmEx/F16	v.blk.26.ffn_down.weight	ffn_down-26	f16	f32	f32	4304	1152	1	1	4304	352	1	1	8608	9916416	9916416	17216	6060032	6060032	1	1	0	1	1
60	1788291892749860178	capture	870	MUL_MAT	cuBLAS	cublasGemmEx/F16	v.blk.3.ffn_down.weight	ffn_down-3	f16	f32	f32	4304	1152	1	1	4304	352	1	1	8608	9916416	9916416	17216	6060032	6060032	1	1	0	1	1
60	1788291892749860178	capture	870	MUL_MAT	cuBLAS	cublasGemmEx/F16	v.blk.4.ffn_down.weight	ffn_down-4	f16	f32	f32	4304	1152	1	1	4304	352	1	1	8608	9916416	9916416	17216	6060032	6060032	1	1	0	1	1
60	1788291892749860178	capture	870	MUL_MAT	cuBLAS	cublasGemmEx/F16	v.blk.5.ffn_down.weight	ffn_down-5	f16	f32	f32	4304	1152	1	1	4304	352	1	1	8608	9916416	9916416	17216	6060032	6060032	1	1	0	1	1
60	1788291892749860178	capture	870	MUL_MAT	cuBLAS	cublasGemmEx/F16	v.blk.6.ffn_down.weight	ffn_down-6	f16	f32	f32	4304	1152	1	1	4304	352	1	1	8608	9916416	9916416	17216	6060032	6060032	1	1	0	1	1
60	1788291892749860178	capture	870	MUL_MAT	cuBLAS	cublasGemmEx/F16	v.blk.7.ffn_down.weight	ffn_down-7	f16	f32	f32	4304	1152	1	1	4304	352	1	1	8608	9916416	9916416	17216	6060032	6060032	1	1	0	1	1
60	1788291892749860178	capture	870	MUL_MAT	cuBLAS	cublasGemmEx/F16	v.blk.8.ffn_down.weight	ffn_down-8	f16	f32	f32	4304	1152	1	1	4304	352	1	1	8608	9916416	9916416	17216	6060032	6060032	1	1	0	1	1
60	1788291892749860178	capture	870	MUL_MAT	cuBLAS	cublasGemmEx/F16	v.blk.9.ffn_down.weight	ffn_down-9	f16	f32	f32	4304	1152	1	1	4304	352	1	1	8608	9916416	9916416	17216	6060032	6060032	1	1	0	1	1
61	1788291892768190443	eager	620	MUL_MAT	MMQ	-	blk.0.ffn_down.weight	node_42	q6_K	f32	f32	8192	2048	1	1	8192	88	1	1	6720	13762560	13762560	32768	2883584	2883584	1	1	0	1	1
61	1788291892768190443	eager	620	MUL_MAT	MMQ	-	blk.0.ffn_gate.weight	ffn_gate-0	q4_K	f32	f32	2048	8192	1	1	2048	88	1	1	1152	9437184	9437184	8192	720896	720896	1	1	0	1	1
61	1788291892768190443	eager	620	MUL_MAT	MMQ	-	blk.0.ffn_up.weight	ffn_up-0	q4_K	f32	f32	2048	8192	1	1	2048	88	1	1	1152	9437184	9437184	8192	720896	720896	1	1	0	1	1
61	1788291892768190443	eager	620	MUL_MAT	MMQ	-	blk.0.shortconv.in_proj.weight	model.layers.{}.conv.in_proj-0	q4_K	f32	f32	2048	6144	1	1	2048	88	1	1	1152	7077888	7077888	8192	720896	720896	1	1	0	1	1
61	1788291892768190443	eager	620	MUL_MAT	MMQ	-	blk.0.shortconv.out_proj.weight	model.layers.{}.conv.out_proj-0	q4_K	f32	f32	2048	2048	1	1	2048	88	1	1	1152	2359296	2359296	8192	720896	720896	1	1	0	1	1
61	1788291892768190443	eager	620	MUL_MAT	MMQ	-	blk.1.ffn_down.weight	node_67	q6_K	f32	f32	8192	2048	1	1	8192	88	1	1	6720	13762560	13762560	32768	2883584	2883584	1	1	0	1	1
61	1788291892768190443	eager	620	MUL_MAT	MMQ	-	blk.1.ffn_gate.weight	ffn_gate-1	q4_K	f32	f32	2048	8192	1	1	2048	88	1	1	1152	9437184	9437184	8192	720896	720896	1	1	0	1	1
61	1788291892768190443	eager	620	MUL_MAT	MMQ	-	blk.1.ffn_up.weight	ffn_up-1	q4_K	f32	f32	2048	8192	1	1	2048	88	1	1	1152	9437184	9437184	8192	720896	720896	1	1	0	1	1
61	1788291892768190443	eager	620	MUL_MAT	MMQ	-	blk.1.shortconv.in_proj.weight	model.layers.{}.conv.in_proj-1	q4_K	f32	f32	2048	6144	1	1	2048	88	1	1	1152	7077888	7077888	8192	720896	720896	1	1	0	1	1
61	1788291892768190443	eager	620	MUL_MAT	MMQ	-	blk.1.shortconv.out_proj.weight	model.layers.{}.conv.out_proj-1	q4_K	f32	f32	2048	2048	1	1	2048	88	1	1	1152	2359296	2359296	8192	720896	720896	1	1	0	1	1
61	1788291892768190443	eager	620	MUL_MAT	MMQ	-	blk.10.attn_k.weight	Kcur-10	q4_K	f32	f32	2048	512	1	1	2048	88	1	1	1152	589824	589824	8192	720896	720896	1	1	0	1	1
61	1788291892768190443	eager	620	MUL_MAT	MMQ	-	blk.10.attn_output.weight	model.layers.{}.self_attn.out_proj-10	q4_K	f32	f32	2048	2048	1	1	2048	88	1	1	1152	2359296	2359296	8192	720896	720896	1	1	0	1	1
61	1788291892768190443	eager	620	MUL_MAT	MMQ	-	blk.10.attn_q.weight	Qcur-10	q4_K	f32	f32	2048	2048	1	1	2048	88	1	1	1152	2359296	2359296	8192	720896	720896	1	1	0	1	1
61	1788291892768190443	eager	620	MUL_MAT	MMQ	-	blk.10.attn_v.weight	Vcur-10	q4_K	f32	f32	2048	512	1	1	2048	88	1	1	1152	589824	589824	8192	720896	720896	1	1	0	1	1
61	1788291892768190443	eager	620	MUL_MAT	MMQ	-	blk.10.ffn_down.weight	node_428	q6_K	f32	f32	8192	2048	1	1	8192	88	1	1	6720	13762560	13762560	32768	2883584	2883584	1	1	0	1	1
61	1788291892768190443	eager	620	MUL_MAT	MMQ	-	blk.10.ffn_gate.weight	ffn_gate-10	q4_K	f32	f32	2048	8192	1	1	2048	88	1	1	1152	9437184	9437184	8192	720896	720896	1	1	0	1	1
61	1788291892768190443	eager	620	MUL_MAT	MMQ	-	blk.10.ffn_up.weight	ffn_up-10	q4_K	f32	f32	2048	8192	1	1	2048	88	1	1	1152	9437184	9437184	8192	720896	720896	1	1	0	1	1
61	1788291892768190443	eager	620	MUL_MAT	MMQ	-	blk.11.ffn_down.weight	node_453	q4_K	f32	f32	8192	2048	1	1	8192	88	1	1	4608	9437184	9437184	32768	2883584	2883584	1	1	0	1	1
61	1788291892768190443	eager	620	MUL_MAT	MMQ	-	blk.11.ffn_gate.weight	ffn_gate-11	q4_K	f32	f32	2048	8192	1	1	2048	88	1	1	1152	9437184	9437184	8192	720896	720896	1	1	0	1	1
61	1788291892768190443	eager	620	MUL_MAT	MMQ	-	blk.11.ffn_up.weight	ffn_up-11	q4_K	f32	f32	2048	8192	1	1	2048	88	1	1	1152	9437184	9437184	8192	720896	720896	1	1	0	1	1
61	1788291892768190443	eager	620	MUL_MAT	MMQ	-	blk.11.shortconv.in_proj.weight	model.layers.{}.conv.in_proj-11	q4_K	f32	f32	2048	6144	1	1	2048	88	1	1	1152	7077888	7077888	8192	720896	720896	1	1	0	1	1
61	1788291892768190443	eager	620	MUL_MAT	MMQ	-	blk.11.shortconv.out_proj.weight	model.layers.{}.conv.out_proj-11	q4_K	f32	f32	2048	2048	1	1	2048	88	1	1	1152	2359296	2359296	8192	720896	720896	1	1	0	1	1
61	1788291892768190443	eager	620	MUL_MAT	MMQ	-	blk.12.attn_k.weight	Kcur-12	q4_K	f32	f32	2048	512	1	1	2048	88	1	1	1152	589824	589824	8192	720896	720896	1	1	0	1	1
61	1788291892768190443	eager	620	MUL_MAT	MMQ	-	blk.12.attn_output.weight	model.layers.{}.self_attn.out_proj-12	q4_K	f32	f32	2048	2048	1	1	2048	88	1	1	1152	2359296	2359296	8192	720896	720896	1	1	0	1	1
61	1788291892768190443	eager	620	MUL_MAT	MMQ	-	blk.12.attn_q.weight	Qcur-12	q4_K	f32	f32	2048	2048	1	1	2048	88	1	1	1152	2359296	2359296	8192	720896	720896	1	1	0	1	1
61	1788291892768190443	eager	620	MUL_MAT	MMQ	-	blk.12.attn_v.weight	Vcur-12	q4_K	f32	f32	2048	512	1	1	2048	88	1	1	1152	589824	589824	8192	720896	720896	1	1	0	1	1
61	1788291892768190443	eager	620	MUL_MAT	MMQ	-	blk.12.ffn_down.weight	node_508	q4_K	f32	f32	8192	2048	1	1	8192	88	1	1	4608	9437184	9437184	32768	2883584	2883584	1	1	0	1	1
61	1788291892768190443	eager	620	MUL_MAT	MMQ	-	blk.12.ffn_gate.weight	ffn_gate-12	q4_K	f32	f32	2048	8192	1	1	2048	88	1	1	1152	9437184	9437184	8192	720896	720896	1	1	0	1	1
61	1788291892768190443	eager	620	MUL_MAT	MMQ	-	blk.12.ffn_up.weight	ffn_up-12	q4_K	f32	f32	2048	8192	1	1	2048	88	1	1	1152	9437184	9437184	8192	720896	720896	1	1	0	1	1
61	1788291892768190443	eager	620	MUL_MAT	MMQ	-	blk.13.ffn_down.weight	node_533	q6_K	f32	f32	8192	2048	1	1	8192	88	1	1	6720	13762560	13762560	32768	2883584	2883584	1	1	0	1	1
61	1788291892768190443	eager	620	MUL_MAT	MMQ	-	blk.13.ffn_gate.weight	ffn_gate-13	q4_K	f32	f32	2048	8192	1	1	2048	88	1	1	1152	9437184	9437184	8192	720896	720896	1	1	0	1	1
61	1788291892768190443	eager	620	MUL_MAT	MMQ	-	blk.13.ffn_up.weight	ffn_up-13	q4_K	f32	f32	2048	8192	1	1	2048	88	1	1	1152	9437184	9437184	8192	720896	720896	1	1	0	1	1
61	1788291892768190443	eager	620	MUL_MAT	MMQ	-	blk.13.shortconv.in_proj.weight	model.layers.{}.conv.in_proj-13	q4_K	f32	f32	2048	6144	1	1	2048	88	1	1	1152	7077888	7077888	8192	720896	720896	1	1	0	1	1
61	1788291892768190443	eager	620	MUL_MAT	MMQ	-	blk.13.shortconv.out_proj.weight	model.layers.{}.conv.out_proj-13	q4_K	f32	f32	2048	2048	1	1	2048	88	1	1	1152	2359296	2359296	8192	720896	720896	1	1	0	1	1
61	1788291892768190443	eager	620	MUL_MAT	MMQ	-	blk.14.attn_k.weight	Kcur-14	q4_K	f32	f32	2048	512	1	1	2048	88	1	1	1152	589824	589824	8192	720896	720896	1	1	0	1	1
61	1788291892768190443	eager	620	MUL_MAT	MMQ	-	blk.14.attn_output.weight	model.layers.{}.self_attn.out_proj-14	q4_K	f32	f32	2048	2048	1	1	2048	88	1	1	1152	2359296	2359296	8192	720896	720896	1	1	0	1	1
61	1788291892768190443	eager	620	MUL_MAT	MMQ	-	blk.14.attn_q.weight	Qcur-14	q4_K	f32	f32	2048	2048	1	1	2048	88	1	1	1152	2359296	2359296	8192	720896	720896	1	1	0	1	1
61	1788291892768190443	eager	620	MUL_MAT	MMQ	-	blk.14.attn_v.weight	Vcur-14	q6_K	f32	f32	2048	512	1	1	2048	88	1	1	1680	860160	860160	8192	720896	720896	1	1	0	1	1
61	1788291892768190443	eager	620	MUL_MAT	MMQ	-	blk.14.ffn_down.weight	node_588	q6_K	f32	f32	8192	2048	1	1	8192	88	1	1	6720	13762560	13762560	32768	2883584	2883584	1	1	0	1	1
61	1788291892768190443	eager	620	MUL_MAT	MMQ	-	blk.14.ffn_gate.weight	ffn_gate-14	q4_K	f32	f32	2048	8192	1	1	2048	88	1	1	1152	9437184	9437184	8192	720896	720896	1	1	0	1	1
61	1788291892768190443	eager	620	MUL_MAT	MMQ	-	blk.14.ffn_up.weight	ffn_up-14	q4_K	f32	f32	2048	8192	1	1	2048	88	1	1	1152	9437184	9437184	8192	720896	720896	1	1	0	1	1
61	1788291892768190443	eager	620	MUL_MAT	MMQ	-	blk.15.shortconv.in_proj.weight	model.layers.{}.conv.in_proj-15	q4_K	f32	f32	2048	6144	1	1	2048	88	1	1	1152	7077888	7077888	8192	720896	720896	1	1	0	1	1
61	1788291892768190443	eager	620	MUL_MAT	MMQ	-	blk.15.shortconv.out_proj.weight	model.layers.{}.conv.out_proj-15	q4_K	f32	f32	2048	2048	1	1	2048	88	1	1	1152	2359296	2359296	8192	720896	720896	1	1	0	1	1
61	1788291892768190443	eager	620	MUL_MAT	MMQ	-	blk.2.attn_k.weight	Kcur-2	q4_K	f32	f32	2048	512	1	1	2048	88	1	1	1152	589824	589824	8192	720896	720896	1	1	0	1	1
61	1788291892768190443	eager	620	MUL_MAT	MMQ	-	blk.2.attn_output.weight	model.layers.{}.self_attn.out_proj-2	q4_K	f32	f32	2048	2048	1	1	2048	88	1	1	1152	2359296	2359296	8192	720896	720896	1	1	0	1	1
61	1788291892768190443	eager	620	MUL_MAT	MMQ	-	blk.2.attn_q.weight	Qcur-2	q4_K	f32	f32	2048	2048	1	1	2048	88	1	1	1152	2359296	2359296	8192	720896	720896	1	1	0	1	1
61	1788291892768190443	eager	620	MUL_MAT	MMQ	-	blk.2.attn_v.weight	Vcur-2	q4_K	f32	f32	2048	512	1	1	2048	88	1	1	1152	589824	589824	8192	720896	720896	1	1	0	1	1
61	1788291892768190443	eager	620	MUL_MAT	MMQ	-	blk.2.ffn_down.weight	node_122	q4_K	f32	f32	8192	2048	1	1	8192	88	1	1	4608	9437184	9437184	32768	2883584	2883584	1	1	0	1	1
61	1788291892768190443	eager	620	MUL_MAT	MMQ	-	blk.2.ffn_gate.weight	ffn_gate-2	q4_K	f32	f32	2048	8192	1	1	2048	88	1	1	1152	9437184	9437184	8192	720896	720896	1	1	0	1	1
61	1788291892768190443	eager	620	MUL_MAT	MMQ	-	blk.2.ffn_up.weight	ffn_up-2	q4_K	f32	f32	2048	8192	1	1	2048	88	1	1	1152	9437184	9437184	8192	720896	720896	1	1	0	1	1
61	1788291892768190443	eager	620	MUL_MAT	MMQ	-	blk.3.ffn_down.weight	node_155	q4_K	f32	f32	8192	2048	1	1	8192	88	1	1	4608	9437184	9437184	32768	2883584	2883584	1	1	0	1	1
61	1788291892768190443	eager	620	MUL_MAT	MMQ	-	blk.3.ffn_gate.weight	ffn_gate-3	q4_K	f32	f32	2048	8192	1	1	2048	88	1	1	1152	9437184	9437184	8192	720896	720896	1	1	0	1	1
61	1788291892768190443	eager	620	MUL_MAT	MMQ	-	blk.3.ffn_up.weight	ffn_up-3	q4_K	f32	f32	2048	8192	1	1	2048	88	1	1	1152	9437184	9437184	8192	720896	720896	1	1	0	1	1
61	1788291892768190443	eager	620	MUL_MAT	MMQ	-	blk.3.shortconv.in_proj.weight	model.layers.{}.conv.in_proj-3	q4_K	f32	f32	2048	6144	1	1	2048	88	1	1	1152	7077888	7077888	8192	720896	720896	1	1	0	1	1
61	1788291892768190443	eager	620	MUL_MAT	MMQ	-	blk.3.shortconv.out_proj.weight	model.layers.{}.conv.out_proj-3	q4_K	f32	f32	2048	2048	1	1	2048	88	1	1	1152	2359296	2359296	8192	720896	720896	1	1	0	1	1
61	1788291892768190443	eager	620	MUL_MAT	MMQ	-	blk.4.ffn_down.weight	node_180	q6_K	f32	f32	8192	2048	1	1	8192	88	1	1	6720	13762560	13762560	32768	2883584	2883584	1	1	0	1	1
61	1788291892768190443	eager	620	MUL_MAT	MMQ	-	blk.4.ffn_gate.weight	ffn_gate-4	q4_K	f32	f32	2048	8192	1	1	2048	88	1	1	1152	9437184	9437184	8192	720896	720896	1	1	0	1	1
61	1788291892768190443	eager	620	MUL_MAT	MMQ	-	blk.4.ffn_up.weight	ffn_up-4	q4_K	f32	f32	2048	8192	1	1	2048	88	1	1	1152	9437184	9437184	8192	720896	720896	1	1	0	1	1
61	1788291892768190443	eager	620	MUL_MAT	MMQ	-	blk.4.shortconv.in_proj.weight	model.layers.{}.conv.in_proj-4	q4_K	f32	f32	2048	6144	1	1	2048	88	1	1	1152	7077888	7077888	8192	720896	720896	1	1	0	1	1
61	1788291892768190443	eager	620	MUL_MAT	MMQ	-	blk.4.shortconv.out_proj.weight	model.layers.{}.conv.out_proj-4	q4_K	f32	f32	2048	2048	1	1	2048	88	1	1	1152	2359296	2359296	8192	720896	720896	1	1	0	1	1
61	1788291892768190443	eager	620	MUL_MAT	MMQ	-	blk.5.attn_k.weight	Kcur-5	q4_K	f32	f32	2048	512	1	1	2048	88	1	1	1152	589824	589824	8192	720896	720896	1	1	0	1	1
61	1788291892768190443	eager	620	MUL_MAT	MMQ	-	blk.5.attn_output.weight	model.layers.{}.self_attn.out_proj-5	q4_K	f32	f32	2048	2048	1	1	2048	88	1	1	1152	2359296	2359296	8192	720896	720896	1	1	0	1	1
61	1788291892768190443	eager	620	MUL_MAT	MMQ	-	blk.5.attn_q.weight	Qcur-5	q4_K	f32	f32	2048	2048	1	1	2048	88	1	1	1152	2359296	2359296	8192	720896	720896	1	1	0	1	1
61	1788291892768190443	eager	620	MUL_MAT	MMQ	-	blk.5.attn_v.weight	Vcur-5	q4_K	f32	f32	2048	512	1	1	2048	88	1	1	1152	589824	589824	8192	720896	720896	1	1	0	1	1
61	1788291892768190443	eager	620	MUL_MAT	MMQ	-	blk.5.ffn_down.weight	node_235	q4_K	f32	f32	8192	2048	1	1	8192	88	1	1	4608	9437184	9437184	32768	2883584	2883584	1	1	0	1	1
61	1788291892768190443	eager	620	MUL_MAT	MMQ	-	blk.5.ffn_gate.weight	ffn_gate-5	q4_K	f32	f32	2048	8192	1	1	2048	88	1	1	1152	9437184	9437184	8192	720896	720896	1	1	0	1	1
61	1788291892768190443	eager	620	MUL_MAT	MMQ	-	blk.5.ffn_up.weight	ffn_up-5	q4_K	f32	f32	2048	8192	1	1	2048	88	1	1	1152	9437184	9437184	8192	720896	720896	1	1	0	1	1
61	1788291892768190443	eager	620	MUL_MAT	MMQ	-	blk.6.ffn_down.weight	node_268	q4_K	f32	f32	8192	2048	1	1	8192	88	1	1	4608	9437184	9437184	32768	2883584	2883584	1	1	0	1	1
61	1788291892768190443	eager	620	MUL_MAT	MMQ	-	blk.6.ffn_gate.weight	ffn_gate-6	q4_K	f32	f32	2048	8192	1	1	2048	88	1	1	1152	9437184	9437184	8192	720896	720896	1	1	0	1	1
61	1788291892768190443	eager	620	MUL_MAT	MMQ	-	blk.6.ffn_up.weight	ffn_up-6	q4_K	f32	f32	2048	8192	1	1	2048	88	1	1	1152	9437184	9437184	8192	720896	720896	1	1	0	1	1
61	1788291892768190443	eager	620	MUL_MAT	MMQ	-	blk.6.shortconv.in_proj.weight	model.layers.{}.conv.in_proj-6	q4_K	f32	f32	2048	6144	1	1	2048	88	1	1	1152	7077888	7077888	8192	720896	720896	1	1	0	1	1
61	1788291892768190443	eager	620	MUL_MAT	MMQ	-	blk.6.shortconv.out_proj.weight	model.layers.{}.conv.out_proj-6	q4_K	f32	f32	2048	2048	1	1	2048	88	1	1	1152	2359296	2359296	8192	720896	720896	1	1	0	1	1
61	1788291892768190443	eager	620	MUL_MAT	MMQ	-	blk.7.ffn_down.weight	node_293	q6_K	f32	f32	8192	2048	1	1	8192	88	1	1	6720	13762560	13762560	32768	2883584	2883584	1	1	0	1	1
61	1788291892768190443	eager	620	MUL_MAT	MMQ	-	blk.7.ffn_gate.weight	ffn_gate-7	q4_K	f32	f32	2048	8192	1	1	2048	88	1	1	1152	9437184	9437184	8192	720896	720896	1	1	0	1	1
61	1788291892768190443	eager	620	MUL_MAT	MMQ	-	blk.7.ffn_up.weight	ffn_up-7	q4_K	f32	f32	2048	8192	1	1	2048	88	1	1	1152	9437184	9437184	8192	720896	720896	1	1	0	1	1
61	1788291892768190443	eager	620	MUL_MAT	MMQ	-	blk.7.shortconv.in_proj.weight	model.layers.{}.conv.in_proj-7	q4_K	f32	f32	2048	6144	1	1	2048	88	1	1	1152	7077888	7077888	8192	720896	720896	1	1	0	1	1
61	1788291892768190443	eager	620	MUL_MAT	MMQ	-	blk.7.shortconv.out_proj.weight	model.layers.{}.conv.out_proj-7	q4_K	f32	f32	2048	2048	1	1	2048	88	1	1	1152	2359296	2359296	8192	720896	720896	1	1	0	1	1
61	1788291892768190443	eager	620	MUL_MAT	MMQ	-	blk.8.attn_k.weight	Kcur-8	q4_K	f32	f32	2048	512	1	1	2048	88	1	1	1152	589824	589824	8192	720896	720896	1	1	0	1	1
61	1788291892768190443	eager	620	MUL_MAT	MMQ	-	blk.8.attn_output.weight	model.layers.{}.self_attn.out_proj-8	q4_K	f32	f32	2048	2048	1	1	2048	88	1	1	1152	2359296	2359296	8192	720896	720896	1	1	0	1	1
61	1788291892768190443	eager	620	MUL_MAT	MMQ	-	blk.8.attn_q.weight	Qcur-8	q4_K	f32	f32	2048	2048	1	1	2048	88	1	1	1152	2359296	2359296	8192	720896	720896	1	1	0	1	1
61	1788291892768190443	eager	620	MUL_MAT	MMQ	-	blk.8.attn_v.weight	Vcur-8	q6_K	f32	f32	2048	512	1	1	2048	88	1	1	1680	860160	860160	8192	720896	720896	1	1	0	1	1
61	1788291892768190443	eager	620	MUL_MAT	MMQ	-	blk.8.ffn_down.weight	node_348	q4_K	f32	f32	8192	2048	1	1	8192	88	1	1	4608	9437184	9437184	32768	2883584	2883584	1	1	0	1	1
61	1788291892768190443	eager	620	MUL_MAT	MMQ	-	blk.8.ffn_gate.weight	ffn_gate-8	q4_K	f32	f32	2048	8192	1	1	2048	88	1	1	1152	9437184	9437184	8192	720896	720896	1	1	0	1	1
61	1788291892768190443	eager	620	MUL_MAT	MMQ	-	blk.8.ffn_up.weight	ffn_up-8	q4_K	f32	f32	2048	8192	1	1	2048	88	1	1	1152	9437184	9437184	8192	720896	720896	1	1	0	1	1
61	1788291892768190443	eager	620	MUL_MAT	MMQ	-	blk.9.ffn_down.weight	node_373	q4_K	f32	f32	8192	2048	1	1	8192	88	1	1	4608	9437184	9437184	32768	2883584	2883584	1	1	0	1	1
61	1788291892768190443	eager	620	MUL_MAT	MMQ	-	blk.9.ffn_gate.weight	ffn_gate-9	q4_K	f32	f32	2048	8192	1	1	2048	88	1	1	1152	9437184	9437184	8192	720896	720896	1	1	0	1	1
61	1788291892768190443	eager	620	MUL_MAT	MMQ	-	blk.9.ffn_up.weight	ffn_up-9	q4_K	f32	f32	2048	8192	1	1	2048	88	1	1	1152	9437184	9437184	8192	720896	720896	1	1	0	1	1
61	1788291892768190443	eager	620	MUL_MAT	MMQ	-	blk.9.shortconv.in_proj.weight	model.layers.{}.conv.in_proj-9	q4_K	f32	f32	2048	6144	1	1	2048	88	1	1	1152	7077888	7077888	8192	720896	720896	1	1	0	1	1
61	1788291892768190443	eager	620	MUL_MAT	MMQ	-	blk.9.shortconv.out_proj.weight	model.layers.{}.conv.out_proj-9	q4_K	f32	f32	2048	2048	1	1	2048	88	1	1	1152	2359296	2359296	8192	720896	720896	1	1	0	1	1
62	1788291892773025519	eager	620	MUL_MAT	MMVQ	-	blk.0.ffn_down.weight	node_42	q6_K	f32	f32	8192	2048	1	1	8192	6	1	1	6720	13762560	13762560	32768	196608	196608	1	1	0	1	1
62	1788291892773025519	eager	620	MUL_MAT	MMVQ	-	blk.0.ffn_gate.weight	ffn_gate-0	q4_K	f32	f32	2048	8192	1	1	2048	6	1	1	1152	9437184	9437184	8192	49152	49152	1	1	0	1	1
62	1788291892773025519	eager	620	MUL_MAT	MMVQ	-	blk.0.ffn_up.weight	ffn_up-0	q4_K	f32	f32	2048	8192	1	1	2048	6	1	1	1152	9437184	9437184	8192	49152	49152	1	1	0	1	1
62	1788291892773025519	eager	620	MUL_MAT	MMVQ	-	blk.0.shortconv.in_proj.weight	model.layers.{}.conv.in_proj-0	q4_K	f32	f32	2048	6144	1	1	2048	6	1	1	1152	7077888	7077888	8192	49152	49152	1	1	0	1	1
62	1788291892773025519	eager	620	MUL_MAT	MMVQ	-	blk.0.shortconv.out_proj.weight	model.layers.{}.conv.out_proj-0	q4_K	f32	f32	2048	2048	1	1	2048	6	1	1	1152	2359296	2359296	8192	49152	49152	1	1	0	1	1
62	1788291892773025519	eager	620	MUL_MAT	MMVQ	-	blk.1.ffn_down.weight	node_67	q6_K	f32	f32	8192	2048	1	1	8192	6	1	1	6720	13762560	13762560	32768	196608	196608	1	1	0	1	1
62	1788291892773025519	eager	620	MUL_MAT	MMVQ	-	blk.1.ffn_gate.weight	ffn_gate-1	q4_K	f32	f32	2048	8192	1	1	2048	6	1	1	1152	9437184	9437184	8192	49152	49152	1	1	0	1	1
62	1788291892773025519	eager	620	MUL_MAT	MMVQ	-	blk.1.ffn_up.weight	ffn_up-1	q4_K	f32	f32	2048	8192	1	1	2048	6	1	1	1152	9437184	9437184	8192	49152	49152	1	1	0	1	1
62	1788291892773025519	eager	620	MUL_MAT	MMVQ	-	blk.1.shortconv.in_proj.weight	model.layers.{}.conv.in_proj-1	q4_K	f32	f32	2048	6144	1	1	2048	6	1	1	1152	7077888	7077888	8192	49152	49152	1	1	0	1	1
62	1788291892773025519	eager	620	MUL_MAT	MMVQ	-	blk.1.shortconv.out_proj.weight	model.layers.{}.conv.out_proj-1	q4_K	f32	f32	2048	2048	1	1	2048	6	1	1	1152	2359296	2359296	8192	49152	49152	1	1	0	1	1
62	1788291892773025519	eager	620	MUL_MAT	MMVQ	-	blk.10.attn_k.weight	Kcur-10	q4_K	f32	f32	2048	512	1	1	2048	6	1	1	1152	589824	589824	8192	49152	49152	1	1	0	1	1
62	1788291892773025519	eager	620	MUL_MAT	MMVQ	-	blk.10.attn_output.weight	model.layers.{}.self_attn.out_proj-10	q4_K	f32	f32	2048	2048	1	1	2048	6	1	1	1152	2359296	2359296	8192	49152	49152	1	1	0	1	1
62	1788291892773025519	eager	620	MUL_MAT	MMVQ	-	blk.10.attn_q.weight	Qcur-10	q4_K	f32	f32	2048	2048	1	1	2048	6	1	1	1152	2359296	2359296	8192	49152	49152	1	1	0	1	1
62	1788291892773025519	eager	620	MUL_MAT	MMVQ	-	blk.10.attn_v.weight	Vcur-10	q4_K	f32	f32	2048	512	1	1	2048	6	1	1	1152	589824	589824	8192	49152	49152	1	1	0	1	1
62	1788291892773025519	eager	620	MUL_MAT	MMVQ	-	blk.10.ffn_down.weight	node_428	q6_K	f32	f32	8192	2048	1	1	8192	6	1	1	6720	13762560	13762560	32768	196608	196608	1	1	0	1	1
62	1788291892773025519	eager	620	MUL_MAT	MMVQ	-	blk.10.ffn_gate.weight	ffn_gate-10	q4_K	f32	f32	2048	8192	1	1	2048	6	1	1	1152	9437184	9437184	8192	49152	49152	1	1	0	1	1
62	1788291892773025519	eager	620	MUL_MAT	MMVQ	-	blk.10.ffn_up.weight	ffn_up-10	q4_K	f32	f32	2048	8192	1	1	2048	6	1	1	1152	9437184	9437184	8192	49152	49152	1	1	0	1	1
62	1788291892773025519	eager	620	MUL_MAT	MMVQ	-	blk.11.ffn_down.weight	node_453	q4_K	f32	f32	8192	2048	1	1	8192	6	1	1	4608	9437184	9437184	32768	196608	196608	1	1	0	1	1
62	1788291892773025519	eager	620	MUL_MAT	MMVQ	-	blk.11.ffn_gate.weight	ffn_gate-11	q4_K	f32	f32	2048	8192	1	1	2048	6	1	1	1152	9437184	9437184	8192	49152	49152	1	1	0	1	1
62	1788291892773025519	eager	620	MUL_MAT	MMVQ	-	blk.11.ffn_up.weight	ffn_up-11	q4_K	f32	f32	2048	8192	1	1	2048	6	1	1	1152	9437184	9437184	8192	49152	49152	1	1	0	1	1
62	1788291892773025519	eager	620	MUL_MAT	MMVQ	-	blk.11.shortconv.in_proj.weight	model.layers.{}.conv.in_proj-11	q4_K	f32	f32	2048	6144	1	1	2048	6	1	1	1152	7077888	7077888	8192	49152	49152	1	1	0	1	1
62	1788291892773025519	eager	620	MUL_MAT	MMVQ	-	blk.11.shortconv.out_proj.weight	model.layers.{}.conv.out_proj-11	q4_K	f32	f32	2048	2048	1	1	2048	6	1	1	1152	2359296	2359296	8192	49152	49152	1	1	0	1	1
62	1788291892773025519	eager	620	MUL_MAT	MMVQ	-	blk.12.attn_k.weight	Kcur-12	q4_K	f32	f32	2048	512	1	1	2048	6	1	1	1152	589824	589824	8192	49152	49152	1	1	0	1	1
62	1788291892773025519	eager	620	MUL_MAT	MMVQ	-	blk.12.attn_output.weight	model.layers.{}.self_attn.out_proj-12	q4_K	f32	f32	2048	2048	1	1	2048	6	1	1	1152	2359296	2359296	8192	49152	49152	1	1	0	1	1
62	1788291892773025519	eager	620	MUL_MAT	MMVQ	-	blk.12.attn_q.weight	Qcur-12	q4_K	f32	f32	2048	2048	1	1	2048	6	1	1	1152	2359296	2359296	8192	49152	49152	1	1	0	1	1
62	1788291892773025519	eager	620	MUL_MAT	MMVQ	-	blk.12.attn_v.weight	Vcur-12	q4_K	f32	f32	2048	512	1	1	2048	6	1	1	1152	589824	589824	8192	49152	49152	1	1	0	1	1
62	1788291892773025519	eager	620	MUL_MAT	MMVQ	-	blk.12.ffn_down.weight	node_508	q4_K	f32	f32	8192	2048	1	1	8192	6	1	1	4608	9437184	9437184	32768	196608	196608	1	1	0	1	1
62	1788291892773025519	eager	620	MUL_MAT	MMVQ	-	blk.12.ffn_gate.weight	ffn_gate-12	q4_K	f32	f32	2048	8192	1	1	2048	6	1	1	1152	9437184	9437184	8192	49152	49152	1	1	0	1	1
62	1788291892773025519	eager	620	MUL_MAT	MMVQ	-	blk.12.ffn_up.weight	ffn_up-12	q4_K	f32	f32	2048	8192	1	1	2048	6	1	1	1152	9437184	9437184	8192	49152	49152	1	1	0	1	1
62	1788291892773025519	eager	620	MUL_MAT	MMVQ	-	blk.13.ffn_down.weight	node_533	q6_K	f32	f32	8192	2048	1	1	8192	6	1	1	6720	13762560	13762560	32768	196608	196608	1	1	0	1	1
62	1788291892773025519	eager	620	MUL_MAT	MMVQ	-	blk.13.ffn_gate.weight	ffn_gate-13	q4_K	f32	f32	2048	8192	1	1	2048	6	1	1	1152	9437184	9437184	8192	49152	49152	1	1	0	1	1
62	1788291892773025519	eager	620	MUL_MAT	MMVQ	-	blk.13.ffn_up.weight	ffn_up-13	q4_K	f32	f32	2048	8192	1	1	2048	6	1	1	1152	9437184	9437184	8192	49152	49152	1	1	0	1	1
62	1788291892773025519	eager	620	MUL_MAT	MMVQ	-	blk.13.shortconv.in_proj.weight	model.layers.{}.conv.in_proj-13	q4_K	f32	f32	2048	6144	1	1	2048	6	1	1	1152	7077888	7077888	8192	49152	49152	1	1	0	1	1
62	1788291892773025519	eager	620	MUL_MAT	MMVQ	-	blk.13.shortconv.out_proj.weight	model.layers.{}.conv.out_proj-13	q4_K	f32	f32	2048	2048	1	1	2048	6	1	1	1152	2359296	2359296	8192	49152	49152	1	1	0	1	1
62	1788291892773025519	eager	620	MUL_MAT	MMVQ	-	blk.14.attn_k.weight	Kcur-14	q4_K	f32	f32	2048	512	1	1	2048	6	1	1	1152	589824	589824	8192	49152	49152	1	1	0	1	1
62	1788291892773025519	eager	620	MUL_MAT	MMVQ	-	blk.14.attn_output.weight	model.layers.{}.self_attn.out_proj-14	q4_K	f32	f32	2048	2048	1	1	2048	6	1	1	1152	2359296	2359296	8192	49152	49152	1	1	0	1	1
62	1788291892773025519	eager	620	MUL_MAT	MMVQ	-	blk.14.attn_q.weight	Qcur-14	q4_K	f32	f32	2048	2048	1	1	2048	6	1	1	1152	2359296	2359296	8192	49152	49152	1	1	0	1	1
62	1788291892773025519	eager	620	MUL_MAT	MMVQ	-	blk.14.attn_v.weight	Vcur-14	q6_K	f32	f32	2048	512	1	1	2048	6	1	1	1680	860160	860160	8192	49152	49152	1	1	0	1	1
62	1788291892773025519	eager	620	MUL_MAT	MMVQ	-	blk.14.ffn_down.weight	node_588	q6_K	f32	f32	8192	2048	1	1	8192	6	1	1	6720	13762560	13762560	32768	196608	196608	1	1	0	1	1
62	1788291892773025519	eager	620	MUL_MAT	MMVQ	-	blk.14.ffn_gate.weight	ffn_gate-14	q4_K	f32	f32	2048	8192	1	1	2048	6	1	1	1152	9437184	9437184	8192	49152	49152	1	1	0	1	1
62	1788291892773025519	eager	620	MUL_MAT	MMVQ	-	blk.14.ffn_up.weight	ffn_up-14	q4_K	f32	f32	2048	8192	1	1	2048	6	1	1	1152	9437184	9437184	8192	49152	49152	1	1	0	1	1
62	1788291892773025519	eager	620	MUL_MAT	MMVQ	-	blk.15.shortconv.in_proj.weight	model.layers.{}.conv.in_proj-15	q4_K	f32	f32	2048	6144	1	1	2048	6	1	1	1152	7077888	7077888	8192	49152	49152	1	1	0	1	1
62	1788291892773025519	eager	620	MUL_MAT	MMVQ	-	blk.15.shortconv.out_proj.weight	model.layers.{}.conv.out_proj-15	q4_K	f32	f32	2048	2048	1	1	2048	6	1	1	1152	2359296	2359296	8192	49152	49152	1	1	0	1	1
62	1788291892773025519	eager	620	MUL_MAT	MMVQ	-	blk.2.attn_k.weight	Kcur-2	q4_K	f32	f32	2048	512	1	1	2048	6	1	1	1152	589824	589824	8192	49152	49152	1	1	0	1	1
62	1788291892773025519	eager	620	MUL_MAT	MMVQ	-	blk.2.attn_output.weight	model.layers.{}.self_attn.out_proj-2	q4_K	f32	f32	2048	2048	1	1	2048	6	1	1	1152	2359296	2359296	8192	49152	49152	1	1	0	1	1
62	1788291892773025519	eager	620	MUL_MAT	MMVQ	-	blk.2.attn_q.weight	Qcur-2	q4_K	f32	f32	2048	2048	1	1	2048	6	1	1	1152	2359296	2359296	8192	49152	49152	1	1	0	1	1
62	1788291892773025519	eager	620	MUL_MAT	MMVQ	-	blk.2.attn_v.weight	Vcur-2	q4_K	f32	f32	2048	512	1	1	2048	6	1	1	1152	589824	589824	8192	49152	49152	1	1	0	1	1
62	1788291892773025519	eager	620	MUL_MAT	MMVQ	-	blk.2.ffn_down.weight	node_122	q4_K	f32	f32	8192	2048	1	1	8192	6	1	1	4608	9437184	9437184	32768	196608	196608	1	1	0	1	1
62	1788291892773025519	eager	620	MUL_MAT	MMVQ	-	blk.2.ffn_gate.weight	ffn_gate-2	q4_K	f32	f32	2048	8192	1	1	2048	6	1	1	1152	9437184	9437184	8192	49152	49152	1	1	0	1	1
62	1788291892773025519	eager	620	MUL_MAT	MMVQ	-	blk.2.ffn_up.weight	ffn_up-2	q4_K	f32	f32	2048	8192	1	1	2048	6	1	1	1152	9437184	9437184	8192	49152	49152	1	1	0	1	1
62	1788291892773025519	eager	620	MUL_MAT	MMVQ	-	blk.3.ffn_down.weight	node_155	q4_K	f32	f32	8192	2048	1	1	8192	6	1	1	4608	9437184	9437184	32768	196608	196608	1	1	0	1	1
62	1788291892773025519	eager	620	MUL_MAT	MMVQ	-	blk.3.ffn_gate.weight	ffn_gate-3	q4_K	f32	f32	2048	8192	1	1	2048	6	1	1	1152	9437184	9437184	8192	49152	49152	1	1	0	1	1
62	1788291892773025519	eager	620	MUL_MAT	MMVQ	-	blk.3.ffn_up.weight	ffn_up-3	q4_K	f32	f32	2048	8192	1	1	2048	6	1	1	1152	9437184	9437184	8192	49152	49152	1	1	0	1	1
62	1788291892773025519	eager	620	MUL_MAT	MMVQ	-	blk.3.shortconv.in_proj.weight	model.layers.{}.conv.in_proj-3	q4_K	f32	f32	2048	6144	1	1	2048	6	1	1	1152	7077888	7077888	8192	49152	49152	1	1	0	1	1
62	1788291892773025519	eager	620	MUL_MAT	MMVQ	-	blk.3.shortconv.out_proj.weight	model.layers.{}.conv.out_proj-3	q4_K	f32	f32	2048	2048	1	1	2048	6	1	1	1152	2359296	2359296	8192	49152	49152	1	1	0	1	1
62	1788291892773025519	eager	620	MUL_MAT	MMVQ	-	blk.4.ffn_down.weight	node_180	q6_K	f32	f32	8192	2048	1	1	8192	6	1	1	6720	13762560	13762560	32768	196608	196608	1	1	0	1	1
62	1788291892773025519	eager	620	MUL_MAT	MMVQ	-	blk.4.ffn_gate.weight	ffn_gate-4	q4_K	f32	f32	2048	8192	1	1	2048	6	1	1	1152	9437184	9437184	8192	49152	49152	1	1	0	1	1
62	1788291892773025519	eager	620	MUL_MAT	MMVQ	-	blk.4.ffn_up.weight	ffn_up-4	q4_K	f32	f32	2048	8192	1	1	2048	6	1	1	1152	9437184	9437184	8192	49152	49152	1	1	0	1	1
62	1788291892773025519	eager	620	MUL_MAT	MMVQ	-	blk.4.shortconv.in_proj.weight	model.layers.{}.conv.in_proj-4	q4_K	f32	f32	2048	6144	1	1	2048	6	1	1	1152	7077888	7077888	8192	49152	49152	1	1	0	1	1
62	1788291892773025519	eager	620	MUL_MAT	MMVQ	-	blk.4.shortconv.out_proj.weight	model.layers.{}.conv.out_proj-4	q4_K	f32	f32	2048	2048	1	1	2048	6	1	1	1152	2359296	2359296	8192	49152	49152	1	1	0	1	1
62	1788291892773025519	eager	620	MUL_MAT	MMVQ	-	blk.5.attn_k.weight	Kcur-5	q4_K	f32	f32	2048	512	1	1	2048	6	1	1	1152	589824	589824	8192	49152	49152	1	1	0	1	1
62	1788291892773025519	eager	620	MUL_MAT	MMVQ	-	blk.5.attn_output.weight	model.layers.{}.self_attn.out_proj-5	q4_K	f32	f32	2048	2048	1	1	2048	6	1	1	1152	2359296	2359296	8192	49152	49152	1	1	0	1	1
62	1788291892773025519	eager	620	MUL_MAT	MMVQ	-	blk.5.attn_q.weight	Qcur-5	q4_K	f32	f32	2048	2048	1	1	2048	6	1	1	1152	2359296	2359296	8192	49152	49152	1	1	0	1	1
62	1788291892773025519	eager	620	MUL_MAT	MMVQ	-	blk.5.attn_v.weight	Vcur-5	q4_K	f32	f32	2048	512	1	1	2048	6	1	1	1152	589824	589824	8192	49152	49152	1	1	0	1	1
62	1788291892773025519	eager	620	MUL_MAT	MMVQ	-	blk.5.ffn_down.weight	node_235	q4_K	f32	f32	8192	2048	1	1	8192	6	1	1	4608	9437184	9437184	32768	196608	196608	1	1	0	1	1
62	1788291892773025519	eager	620	MUL_MAT	MMVQ	-	blk.5.ffn_gate.weight	ffn_gate-5	q4_K	f32	f32	2048	8192	1	1	2048	6	1	1	1152	9437184	9437184	8192	49152	49152	1	1	0	1	1
62	1788291892773025519	eager	620	MUL_MAT	MMVQ	-	blk.5.ffn_up.weight	ffn_up-5	q4_K	f32	f32	2048	8192	1	1	2048	6	1	1	1152	9437184	9437184	8192	49152	49152	1	1	0	1	1
62	1788291892773025519	eager	620	MUL_MAT	MMVQ	-	blk.6.ffn_down.weight	node_268	q4_K	f32	f32	8192	2048	1	1	8192	6	1	1	4608	9437184	9437184	32768	196608	196608	1	1	0	1	1
62	1788291892773025519	eager	620	MUL_MAT	MMVQ	-	blk.6.ffn_gate.weight	ffn_gate-6	q4_K	f32	f32	2048	8192	1	1	2048	6	1	1	1152	9437184	9437184	8192	49152	49152	1	1	0	1	1
62	1788291892773025519	eager	620	MUL_MAT	MMVQ	-	blk.6.ffn_up.weight	ffn_up-6	q4_K	f32	f32	2048	8192	1	1	2048	6	1	1	1152	9437184	9437184	8192	49152	49152	1	1	0	1	1
62	1788291892773025519	eager	620	MUL_MAT	MMVQ	-	blk.6.shortconv.in_proj.weight	model.layers.{}.conv.in_proj-6	q4_K	f32	f32	2048	6144	1	1	2048	6	1	1	1152	7077888	7077888	8192	49152	49152	1	1	0	1	1
62	1788291892773025519	eager	620	MUL_MAT	MMVQ	-	blk.6.shortconv.out_proj.weight	model.layers.{}.conv.out_proj-6	q4_K	f32	f32	2048	2048	1	1	2048	6	1	1	1152	2359296	2359296	8192	49152	49152	1	1	0	1	1
62	1788291892773025519	eager	620	MUL_MAT	MMVQ	-	blk.7.ffn_down.weight	node_293	q6_K	f32	f32	8192	2048	1	1	8192	6	1	1	6720	13762560	13762560	32768	196608	196608	1	1	0	1	1
62	1788291892773025519	eager	620	MUL_MAT	MMVQ	-	blk.7.ffn_gate.weight	ffn_gate-7	q4_K	f32	f32	2048	8192	1	1	2048	6	1	1	1152	9437184	9437184	8192	49152	49152	1	1	0	1	1
62	1788291892773025519	eager	620	MUL_MAT	MMVQ	-	blk.7.ffn_up.weight	ffn_up-7	q4_K	f32	f32	2048	8192	1	1	2048	6	1	1	1152	9437184	9437184	8192	49152	49152	1	1	0	1	1
62	1788291892773025519	eager	620	MUL_MAT	MMVQ	-	blk.7.shortconv.in_proj.weight	model.layers.{}.conv.in_proj-7	q4_K	f32	f32	2048	6144	1	1	2048	6	1	1	1152	7077888	7077888	8192	49152	49152	1	1	0	1	1
62	1788291892773025519	eager	620	MUL_MAT	MMVQ	-	blk.7.shortconv.out_proj.weight	model.layers.{}.conv.out_proj-7	q4_K	f32	f32	2048	2048	1	1	2048	6	1	1	1152	2359296	2359296	8192	49152	49152	1	1	0	1	1
62	1788291892773025519	eager	620	MUL_MAT	MMVQ	-	blk.8.attn_k.weight	Kcur-8	q4_K	f32	f32	2048	512	1	1	2048	6	1	1	1152	589824	589824	8192	49152	49152	1	1	0	1	1
62	1788291892773025519	eager	620	MUL_MAT	MMVQ	-	blk.8.attn_output.weight	model.layers.{}.self_attn.out_proj-8	q4_K	f32	f32	2048	2048	1	1	2048	6	1	1	1152	2359296	2359296	8192	49152	49152	1	1	0	1	1
62	1788291892773025519	eager	620	MUL_MAT	MMVQ	-	blk.8.attn_q.weight	Qcur-8	q4_K	f32	f32	2048	2048	1	1	2048	6	1	1	1152	2359296	2359296	8192	49152	49152	1	1	0	1	1
62	1788291892773025519	eager	620	MUL_MAT	MMVQ	-	blk.8.attn_v.weight	Vcur-8	q6_K	f32	f32	2048	512	1	1	2048	6	1	1	1680	860160	860160	8192	49152	49152	1	1	0	1	1
62	1788291892773025519	eager	620	MUL_MAT	MMVQ	-	blk.8.ffn_down.weight	node_348	q4_K	f32	f32	8192	2048	1	1	8192	6	1	1	4608	9437184	9437184	32768	196608	196608	1	1	0	1	1
62	1788291892773025519	eager	620	MUL_MAT	MMVQ	-	blk.8.ffn_gate.weight	ffn_gate-8	q4_K	f32	f32	2048	8192	1	1	2048	6	1	1	1152	9437184	9437184	8192	49152	49152	1	1	0	1	1
62	1788291892773025519	eager	620	MUL_MAT	MMVQ	-	blk.8.ffn_up.weight	ffn_up-8	q4_K	f32	f32	2048	8192	1	1	2048	6	1	1	1152	9437184	9437184	8192	49152	49152	1	1	0	1	1
62	1788291892773025519	eager	620	MUL_MAT	MMVQ	-	blk.9.ffn_down.weight	node_373	q4_K	f32	f32	8192	2048	1	1	8192	6	1	1	4608	9437184	9437184	32768	196608	196608	1	1	0	1	1
62	1788291892773025519	eager	620	MUL_MAT	MMVQ	-	blk.9.ffn_gate.weight	ffn_gate-9	q4_K	f32	f32	2048	8192	1	1	2048	6	1	1	1152	9437184	9437184	8192	49152	49152	1	1	0	1	1
62	1788291892773025519	eager	620	MUL_MAT	MMVQ	-	blk.9.ffn_up.weight	ffn_up-9	q4_K	f32	f32	2048	8192	1	1	2048	6	1	1	1152	9437184	9437184	8192	49152	49152	1	1	0	1	1
62	1788291892773025519	eager	620	MUL_MAT	MMVQ	-	blk.9.shortconv.in_proj.weight	model.layers.{}.conv.in_proj-9	q4_K	f32	f32	2048	6144	1	1	2048	6	1	1	1152	7077888	7077888	8192	49152	49152	1	1	0	1	1
62	1788291892773025519	eager	620	MUL_MAT	MMVQ	-	blk.9.shortconv.out_proj.weight	model.layers.{}.conv.out_proj-9	q4_K	f32	f32	2048	2048	1	1	2048	6	1	1	1152	2359296	2359296	8192	49152	49152	1	1	0	1	1
62	1788291892773025519	eager	620	MUL_MAT	MMVQ	-	token_embd.weight	result_output	q6_K	f32	f32	2048	65536	1	1	2048	1	1	1	1680	110100480	110100480	8192	8192	8192	1	1	0	1	1
62	1788291892773025519	eager	620	MUL_MAT	MMVQ	fused	blk.15.ffn_down.weight	l_out-15	q6_K	f32	f32	8192	2048	1	1	8192	1	1	1	6720	13762560	13762560	32768	32768	32768	1	1	0	1	1
62	1788291892773025519	eager	620	MUL_MAT	MMVQ	fused	blk.15.ffn_up.weight	ffn_swiglu-15	q4_K	f32	f32	2048	8192	1	1	2048	1	1	1	1152	9437184	9437184	8192	8192	8192	1	1	0	1	1
63	1788291892776757111	eager	620	MUL_MAT	MMVQ	-	blk.0.shortconv.in_proj.weight	model.layers.{}.conv.in_proj-0	q4_K	f32	f32	2048	6144	1	1	2048	1	1	1	1152	7077888	7077888	8192	8192	8192	1	1	0	1	1
63	1788291892776757111	eager	620	MUL_MAT	MMVQ	-	blk.0.shortconv.out_proj.weight	model.layers.{}.conv.out_proj-0	q4_K	f32	f32	2048	2048	1	1	2048	1	1	1	1152	2359296	2359296	8192	8192	8192	1	1	0	1	1
63	1788291892776757111	eager	620	MUL_MAT	MMVQ	-	blk.1.shortconv.in_proj.weight	model.layers.{}.conv.in_proj-1	q4_K	f32	f32	2048	6144	1	1	2048	1	1	1	1152	7077888	7077888	8192	8192	8192	1	1	0	1	1
63	1788291892776757111	eager	620	MUL_MAT	MMVQ	-	blk.1.shortconv.out_proj.weight	model.layers.{}.conv.out_proj-1	q4_K	f32	f32	2048	2048	1	1	2048	1	1	1	1152	2359296	2359296	8192	8192	8192	1	1	0	1	1
63	1788291892776757111	eager	620	MUL_MAT	MMVQ	-	blk.10.attn_k.weight	Kcur-10	q4_K	f32	f32	2048	512	1	1	2048	1	1	1	1152	589824	589824	8192	8192	8192	1	1	0	1	1
63	1788291892776757111	eager	620	MUL_MAT	MMVQ	-	blk.10.attn_q.weight	Qcur-10	q4_K	f32	f32	2048	2048	1	1	2048	1	1	1	1152	2359296	2359296	8192	8192	8192	1	1	0	1	1
63	1788291892776757111	eager	620	MUL_MAT	MMVQ	-	blk.10.attn_v.weight	Vcur-10	q4_K	f32	f32	2048	512	1	1	2048	1	1	1	1152	589824	589824	8192	8192	8192	1	1	0	1	1
63	1788291892776757111	eager	620	MUL_MAT	MMVQ	-	blk.11.shortconv.in_proj.weight	model.layers.{}.conv.in_proj-11	q4_K	f32	f32	2048	6144	1	1	2048	1	1	1	1152	7077888	7077888	8192	8192	8192	1	1	0	1	1
63	1788291892776757111	eager	620	MUL_MAT	MMVQ	-	blk.11.shortconv.out_proj.weight	model.layers.{}.conv.out_proj-11	q4_K	f32	f32	2048	2048	1	1	2048	1	1	1	1152	2359296	2359296	8192	8192	8192	1	1	0	1	1
63	1788291892776757111	eager	620	MUL_MAT	MMVQ	-	blk.12.attn_k.weight	Kcur-12	q4_K	f32	f32	2048	512	1	1	2048	1	1	1	1152	589824	589824	8192	8192	8192	1	1	0	1	1
63	1788291892776757111	eager	620	MUL_MAT	MMVQ	-	blk.12.attn_q.weight	Qcur-12	q4_K	f32	f32	2048	2048	1	1	2048	1	1	1	1152	2359296	2359296	8192	8192	8192	1	1	0	1	1
63	1788291892776757111	eager	620	MUL_MAT	MMVQ	-	blk.12.attn_v.weight	Vcur-12	q4_K	f32	f32	2048	512	1	1	2048	1	1	1	1152	589824	589824	8192	8192	8192	1	1	0	1	1
63	1788291892776757111	eager	620	MUL_MAT	MMVQ	-	blk.13.shortconv.in_proj.weight	model.layers.{}.conv.in_proj-13	q4_K	f32	f32	2048	6144	1	1	2048	1	1	1	1152	7077888	7077888	8192	8192	8192	1	1	0	1	1
63	1788291892776757111	eager	620	MUL_MAT	MMVQ	-	blk.13.shortconv.out_proj.weight	model.layers.{}.conv.out_proj-13	q4_K	f32	f32	2048	2048	1	1	2048	1	1	1	1152	2359296	2359296	8192	8192	8192	1	1	0	1	1
63	1788291892776757111	eager	620	MUL_MAT	MMVQ	-	blk.14.attn_k.weight	Kcur-14	q4_K	f32	f32	2048	512	1	1	2048	1	1	1	1152	589824	589824	8192	8192	8192	1	1	0	1	1
63	1788291892776757111	eager	620	MUL_MAT	MMVQ	-	blk.14.attn_q.weight	Qcur-14	q4_K	f32	f32	2048	2048	1	1	2048	1	1	1	1152	2359296	2359296	8192	8192	8192	1	1	0	1	1
63	1788291892776757111	eager	620	MUL_MAT	MMVQ	-	blk.14.attn_v.weight	Vcur-14	q6_K	f32	f32	2048	512	1	1	2048	1	1	1	1680	860160	860160	8192	8192	8192	1	1	0	1	1
63	1788291892776757111	eager	620	MUL_MAT	MMVQ	-	blk.15.shortconv.in_proj.weight	model.layers.{}.conv.in_proj-15	q4_K	f32	f32	2048	6144	1	1	2048	1	1	1	1152	7077888	7077888	8192	8192	8192	1	1	0	1	1
63	1788291892776757111	eager	620	MUL_MAT	MMVQ	-	blk.15.shortconv.out_proj.weight	model.layers.{}.conv.out_proj-15	q4_K	f32	f32	2048	2048	1	1	2048	1	1	1	1152	2359296	2359296	8192	8192	8192	1	1	0	1	1
63	1788291892776757111	eager	620	MUL_MAT	MMVQ	-	blk.2.attn_k.weight	Kcur-2	q4_K	f32	f32	2048	512	1	1	2048	1	1	1	1152	589824	589824	8192	8192	8192	1	1	0	1	1
63	1788291892776757111	eager	620	MUL_MAT	MMVQ	-	blk.2.attn_q.weight	Qcur-2	q4_K	f32	f32	2048	2048	1	1	2048	1	1	1	1152	2359296	2359296	8192	8192	8192	1	1	0	1	1
63	1788291892776757111	eager	620	MUL_MAT	MMVQ	-	blk.2.attn_v.weight	Vcur-2	q4_K	f32	f32	2048	512	1	1	2048	1	1	1	1152	589824	589824	8192	8192	8192	1	1	0	1	1
63	1788291892776757111	eager	620	MUL_MAT	MMVQ	-	blk.3.shortconv.in_proj.weight	model.layers.{}.conv.in_proj-3	q4_K	f32	f32	2048	6144	1	1	2048	1	1	1	1152	7077888	7077888	8192	8192	8192	1	1	0	1	1
63	1788291892776757111	eager	620	MUL_MAT	MMVQ	-	blk.3.shortconv.out_proj.weight	model.layers.{}.conv.out_proj-3	q4_K	f32	f32	2048	2048	1	1	2048	1	1	1	1152	2359296	2359296	8192	8192	8192	1	1	0	1	1
63	1788291892776757111	eager	620	MUL_MAT	MMVQ	-	blk.4.shortconv.in_proj.weight	model.layers.{}.conv.in_proj-4	q4_K	f32	f32	2048	6144	1	1	2048	1	1	1	1152	7077888	7077888	8192	8192	8192	1	1	0	1	1
63	1788291892776757111	eager	620	MUL_MAT	MMVQ	-	blk.4.shortconv.out_proj.weight	model.layers.{}.conv.out_proj-4	q4_K	f32	f32	2048	2048	1	1	2048	1	1	1	1152	2359296	2359296	8192	8192	8192	1	1	0	1	1
63	1788291892776757111	eager	620	MUL_MAT	MMVQ	-	blk.5.attn_k.weight	Kcur-5	q4_K	f32	f32	2048	512	1	1	2048	1	1	1	1152	589824	589824	8192	8192	8192	1	1	0	1	1
63	1788291892776757111	eager	620	MUL_MAT	MMVQ	-	blk.5.attn_q.weight	Qcur-5	q4_K	f32	f32	2048	2048	1	1	2048	1	1	1	1152	2359296	2359296	8192	8192	8192	1	1	0	1	1
63	1788291892776757111	eager	620	MUL_MAT	MMVQ	-	blk.5.attn_v.weight	Vcur-5	q4_K	f32	f32	2048	512	1	1	2048	1	1	1	1152	589824	589824	8192	8192	8192	1	1	0	1	1
63	1788291892776757111	eager	620	MUL_MAT	MMVQ	-	blk.6.shortconv.in_proj.weight	model.layers.{}.conv.in_proj-6	q4_K	f32	f32	2048	6144	1	1	2048	1	1	1	1152	7077888	7077888	8192	8192	8192	1	1	0	1	1
63	1788291892776757111	eager	620	MUL_MAT	MMVQ	-	blk.6.shortconv.out_proj.weight	model.layers.{}.conv.out_proj-6	q4_K	f32	f32	2048	2048	1	1	2048	1	1	1	1152	2359296	2359296	8192	8192	8192	1	1	0	1	1
63	1788291892776757111	eager	620	MUL_MAT	MMVQ	-	blk.7.shortconv.in_proj.weight	model.layers.{}.conv.in_proj-7	q4_K	f32	f32	2048	6144	1	1	2048	1	1	1	1152	7077888	7077888	8192	8192	8192	1	1	0	1	1
63	1788291892776757111	eager	620	MUL_MAT	MMVQ	-	blk.7.shortconv.out_proj.weight	model.layers.{}.conv.out_proj-7	q4_K	f32	f32	2048	2048	1	1	2048	1	1	1	1152	2359296	2359296	8192	8192	8192	1	1	0	1	1
63	1788291892776757111	eager	620	MUL_MAT	MMVQ	-	blk.8.attn_k.weight	Kcur-8	q4_K	f32	f32	2048	512	1	1	2048	1	1	1	1152	589824	589824	8192	8192	8192	1	1	0	1	1
63	1788291892776757111	eager	620	MUL_MAT	MMVQ	-	blk.8.attn_q.weight	Qcur-8	q4_K	f32	f32	2048	2048	1	1	2048	1	1	1	1152	2359296	2359296	8192	8192	8192	1	1	0	1	1
63	1788291892776757111	eager	620	MUL_MAT	MMVQ	-	blk.8.attn_v.weight	Vcur-8	q6_K	f32	f32	2048	512	1	1	2048	1	1	1	1680	860160	860160	8192	8192	8192	1	1	0	1	1
63	1788291892776757111	eager	620	MUL_MAT	MMVQ	-	blk.9.shortconv.in_proj.weight	model.layers.{}.conv.in_proj-9	q4_K	f32	f32	2048	6144	1	1	2048	1	1	1	1152	7077888	7077888	8192	8192	8192	1	1	0	1	1
63	1788291892776757111	eager	620	MUL_MAT	MMVQ	-	blk.9.shortconv.out_proj.weight	model.layers.{}.conv.out_proj-9	q4_K	f32	f32	2048	2048	1	1	2048	1	1	1	1152	2359296	2359296	8192	8192	8192	1	1	0	1	1
63	1788291892776757111	eager	620	MUL_MAT	MMVQ	-	token_embd.weight	result_output	q6_K	f32	f32	2048	65536	1	1	2048	1	1	1	1680	110100480	110100480	8192	8192	8192	1	1	0	1	1
63	1788291892776757111	eager	620	MUL_MAT	MMVQ	fused	blk.0.ffn_down.weight	l_out-0	q6_K	f32	f32	8192	2048	1	1	8192	1	1	1	6720	13762560	13762560	32768	32768	32768	1	1	0	1	1
63	1788291892776757111	eager	620	MUL_MAT	MMVQ	fused	blk.0.ffn_up.weight	ffn_swiglu-0	q4_K	f32	f32	2048	8192	1	1	2048	1	1	1	1152	9437184	9437184	8192	8192	8192	1	1	0	1	1
63	1788291892776757111	eager	620	MUL_MAT	MMVQ	fused	blk.1.ffn_down.weight	l_out-1	q6_K	f32	f32	8192	2048	1	1	8192	1	1	1	6720	13762560	13762560	32768	32768	32768	1	1	0	1	1
63	1788291892776757111	eager	620	MUL_MAT	MMVQ	fused	blk.1.ffn_up.weight	ffn_swiglu-1	q4_K	f32	f32	2048	8192	1	1	2048	1	1	1	1152	9437184	9437184	8192	8192	8192	1	1	0	1	1
63	1788291892776757111	eager	620	MUL_MAT	MMVQ	fused	blk.10.attn_output.weight	node_422	q4_K	f32	f32	2048	2048	1	1	2048	1	1	1	1152	2359296	2359296	8192	8192	8192	1	1	0	1	1
63	1788291892776757111	eager	620	MUL_MAT	MMVQ	fused	blk.10.ffn_down.weight	l_out-10	q6_K	f32	f32	8192	2048	1	1	8192	1	1	1	6720	13762560	13762560	32768	32768	32768	1	1	0	1	1
63	1788291892776757111	eager	620	MUL_MAT	MMVQ	fused	blk.10.ffn_up.weight	ffn_swiglu-10	q4_K	f32	f32	2048	8192	1	1	2048	1	1	1	1152	9437184	9437184	8192	8192	8192	1	1	0	1	1
63	1788291892776757111	eager	620	MUL_MAT	MMVQ	fused	blk.11.ffn_down.weight	l_out-11	q4_K	f32	f32	8192	2048	1	1	8192	1	1	1	4608	9437184	9437184	32768	32768	32768	1	1	0	1	1
63	1788291892776757111	eager	620	MUL_MAT	MMVQ	fused	blk.11.ffn_up.weight	ffn_swiglu-11	q4_K	f32	f32	2048	8192	1	1	2048	1	1	1	1152	9437184	9437184	8192	8192	8192	1	1	0	1	1
63	1788291892776757111	eager	620	MUL_MAT	MMVQ	fused	blk.12.attn_output.weight	node_502	q4_K	f32	f32	2048	2048	1	1	2048	1	1	1	1152	2359296	2359296	8192	8192	8192	1	1	0	1	1
63	1788291892776757111	eager	620	MUL_MAT	MMVQ	fused	blk.12.ffn_down.weight	l_out-12	q4_K	f32	f32	8192	2048	1	1	8192	1	1	1	4608	9437184	9437184	32768	32768	32768	1	1	0	1	1
63	1788291892776757111	eager	620	MUL_MAT	MMVQ	fused	blk.12.ffn_up.weight	ffn_swiglu-12	q4_K	f32	f32	2048	8192	1	1	2048	1	1	1	1152	9437184	9437184	8192	8192	8192	1	1	0	1	1
63	1788291892776757111	eager	620	MUL_MAT	MMVQ	fused	blk.13.ffn_down.weight	l_out-13	q6_K	f32	f32	8192	2048	1	1	8192	1	1	1	6720	13762560	13762560	32768	32768	32768	1	1	0	1	1
63	1788291892776757111	eager	620	MUL_MAT	MMVQ	fused	blk.13.ffn_up.weight	ffn_swiglu-13	q4_K	f32	f32	2048	8192	1	1	2048	1	1	1	1152	9437184	9437184	8192	8192	8192	1	1	0	1	1
63	1788291892776757111	eager	620	MUL_MAT	MMVQ	fused	blk.14.attn_output.weight	node_582	q4_K	f32	f32	2048	2048	1	1	2048	1	1	1	1152	2359296	2359296	8192	8192	8192	1	1	0	1	1
63	1788291892776757111	eager	620	MUL_MAT	MMVQ	fused	blk.14.ffn_down.weight	l_out-14	q6_K	f32	f32	8192	2048	1	1	8192	1	1	1	6720	13762560	13762560	32768	32768	32768	1	1	0	1	1
63	1788291892776757111	eager	620	MUL_MAT	MMVQ	fused	blk.14.ffn_up.weight	ffn_swiglu-14	q4_K	f32	f32	2048	8192	1	1	2048	1	1	1	1152	9437184	9437184	8192	8192	8192	1	1	0	1	1
63	1788291892776757111	eager	620	MUL_MAT	MMVQ	fused	blk.15.ffn_down.weight	l_out-15	q6_K	f32	f32	8192	2048	1	1	8192	1	1	1	6720	13762560	13762560	32768	32768	32768	1	1	0	1	1
63	1788291892776757111	eager	620	MUL_MAT	MMVQ	fused	blk.15.ffn_up.weight	ffn_swiglu-15	q4_K	f32	f32	2048	8192	1	1	2048	1	1	1	1152	9437184	9437184	8192	8192	8192	1	1	0	1	1
63	1788291892776757111	eager	620	MUL_MAT	MMVQ	fused	blk.2.attn_output.weight	node_116	q4_K	f32	f32	2048	2048	1	1	2048	1	1	1	1152	2359296	2359296	8192	8192	8192	1	1	0	1	1
63	1788291892776757111	eager	620	MUL_MAT	MMVQ	fused	blk.2.ffn_down.weight	l_out-2	q4_K	f32	f32	8192	2048	1	1	8192	1	1	1	4608	9437184	9437184	32768	32768	32768	1	1	0	1	1
63	1788291892776757111	eager	620	MUL_MAT	MMVQ	fused	blk.2.ffn_up.weight	ffn_swiglu-2	q4_K	f32	f32	2048	8192	1	1	2048	1	1	1	1152	9437184	9437184	8192	8192	8192	1	1	0	1	1
63	1788291892776757111	eager	620	MUL_MAT	MMVQ	fused	blk.3.ffn_down.weight	l_out-3	q4_K	f32	f32	8192	2048	1	1	8192	1	1	1	4608	9437184	9437184	32768	32768	32768	1	1	0	1	1
63	1788291892776757111	eager	620	MUL_MAT	MMVQ	fused	blk.3.ffn_up.weight	ffn_swiglu-3	q4_K	f32	f32	2048	8192	1	1	2048	1	1	1	1152	9437184	9437184	8192	8192	8192	1	1	0	1	1
63	1788291892776757111	eager	620	MUL_MAT	MMVQ	fused	blk.4.ffn_down.weight	l_out-4	q6_K	f32	f32	8192	2048	1	1	8192	1	1	1	6720	13762560	13762560	32768	32768	32768	1	1	0	1	1
63	1788291892776757111	eager	620	MUL_MAT	MMVQ	fused	blk.4.ffn_up.weight	ffn_swiglu-4	q4_K	f32	f32	2048	8192	1	1	2048	1	1	1	1152	9437184	9437184	8192	8192	8192	1	1	0	1	1
63	1788291892776757111	eager	620	MUL_MAT	MMVQ	fused	blk.5.attn_output.weight	node_229	q4_K	f32	f32	2048	2048	1	1	2048	1	1	1	1152	2359296	2359296	8192	8192	8192	1	1	0	1	1
63	1788291892776757111	eager	620	MUL_MAT	MMVQ	fused	blk.5.ffn_down.weight	l_out-5	q4_K	f32	f32	8192	2048	1	1	8192	1	1	1	4608	9437184	9437184	32768	32768	32768	1	1	0	1	1
63	1788291892776757111	eager	620	MUL_MAT	MMVQ	fused	blk.5.ffn_up.weight	ffn_swiglu-5	q4_K	f32	f32	2048	8192	1	1	2048	1	1	1	1152	9437184	9437184	8192	8192	8192	1	1	0	1	1
63	1788291892776757111	eager	620	MUL_MAT	MMVQ	fused	blk.6.ffn_down.weight	l_out-6	q4_K	f32	f32	8192	2048	1	1	8192	1	1	1	4608	9437184	9437184	32768	32768	32768	1	1	0	1	1
63	1788291892776757111	eager	620	MUL_MAT	MMVQ	fused	blk.6.ffn_up.weight	ffn_swiglu-6	q4_K	f32	f32	2048	8192	1	1	2048	1	1	1	1152	9437184	9437184	8192	8192	8192	1	1	0	1	1
63	1788291892776757111	eager	620	MUL_MAT	MMVQ	fused	blk.7.ffn_down.weight	l_out-7	q6_K	f32	f32	8192	2048	1	1	8192	1	1	1	6720	13762560	13762560	32768	32768	32768	1	1	0	1	1
63	1788291892776757111	eager	620	MUL_MAT	MMVQ	fused	blk.7.ffn_up.weight	ffn_swiglu-7	q4_K	f32	f32	2048	8192	1	1	2048	1	1	1	1152	9437184	9437184	8192	8192	8192	1	1	0	1	1
63	1788291892776757111	eager	620	MUL_MAT	MMVQ	fused	blk.8.attn_output.weight	node_342	q4_K	f32	f32	2048	2048	1	1	2048	1	1	1	1152	2359296	2359296	8192	8192	8192	1	1	0	1	1
63	1788291892776757111	eager	620	MUL_MAT	MMVQ	fused	blk.8.ffn_down.weight	l_out-8	q4_K	f32	f32	8192	2048	1	1	8192	1	1	1	4608	9437184	9437184	32768	32768	32768	1	1	0	1	1
63	1788291892776757111	eager	620	MUL_MAT	MMVQ	fused	blk.8.ffn_up.weight	ffn_swiglu-8	q4_K	f32	f32	2048	8192	1	1	2048	1	1	1	1152	9437184	9437184	8192	8192	8192	1	1	0	1	1
63	1788291892776757111	eager	620	MUL_MAT	MMVQ	fused	blk.9.ffn_down.weight	l_out-9	q4_K	f32	f32	8192	2048	1	1	8192	1	1	1	4608	9437184	9437184	32768	32768	32768	1	1	0	1	1
63	1788291892776757111	eager	620	MUL_MAT	MMVQ	fused	blk.9.ffn_up.weight	ffn_swiglu-9	q4_K	f32	f32	2048	8192	1	1	2048	1	1	1	1152	9437184	9437184	8192	8192	8192	1	1	0	1	1
64	1788291892779749204	capture	620	MUL_MAT	MMVQ	-	blk.0.shortconv.in_proj.weight	model.layers.{}.conv.in_proj-0	q4_K	f32	f32	2048	6144	1	1	2048	1	1	1	1152	7077888	7077888	8192	8192	8192	1	1	0	1	1
64	1788291892779749204	capture	620	MUL_MAT	MMVQ	-	blk.0.shortconv.out_proj.weight	model.layers.{}.conv.out_proj-0	q4_K	f32	f32	2048	2048	1	1	2048	1	1	1	1152	2359296	2359296	8192	8192	8192	1	1	0	1	1
64	1788291892779749204	capture	620	MUL_MAT	MMVQ	-	blk.1.shortconv.in_proj.weight	model.layers.{}.conv.in_proj-1	q4_K	f32	f32	2048	6144	1	1	2048	1	1	1	1152	7077888	7077888	8192	8192	8192	1	1	0	1	1
64	1788291892779749204	capture	620	MUL_MAT	MMVQ	-	blk.1.shortconv.out_proj.weight	model.layers.{}.conv.out_proj-1	q4_K	f32	f32	2048	2048	1	1	2048	1	1	1	1152	2359296	2359296	8192	8192	8192	1	1	0	1	1
64	1788291892779749204	capture	620	MUL_MAT	MMVQ	-	blk.10.attn_k.weight	Kcur-10	q4_K	f32	f32	2048	512	1	1	2048	1	1	1	1152	589824	589824	8192	8192	8192	1	1	0	1	1
64	1788291892779749204	capture	620	MUL_MAT	MMVQ	-	blk.10.attn_q.weight	Qcur-10	q4_K	f32	f32	2048	2048	1	1	2048	1	1	1	1152	2359296	2359296	8192	8192	8192	1	1	0	1	1
64	1788291892779749204	capture	620	MUL_MAT	MMVQ	-	blk.10.attn_v.weight	Vcur-10	q4_K	f32	f32	2048	512	1	1	2048	1	1	1	1152	589824	589824	8192	8192	8192	1	1	0	1	1
64	1788291892779749204	capture	620	MUL_MAT	MMVQ	-	blk.11.shortconv.in_proj.weight	model.layers.{}.conv.in_proj-11	q4_K	f32	f32	2048	6144	1	1	2048	1	1	1	1152	7077888	7077888	8192	8192	8192	1	1	0	1	1
64	1788291892779749204	capture	620	MUL_MAT	MMVQ	-	blk.11.shortconv.out_proj.weight	model.layers.{}.conv.out_proj-11	q4_K	f32	f32	2048	2048	1	1	2048	1	1	1	1152	2359296	2359296	8192	8192	8192	1	1	0	1	1
64	1788291892779749204	capture	620	MUL_MAT	MMVQ	-	blk.12.attn_k.weight	Kcur-12	q4_K	f32	f32	2048	512	1	1	2048	1	1	1	1152	589824	589824	8192	8192	8192	1	1	0	1	1
64	1788291892779749204	capture	620	MUL_MAT	MMVQ	-	blk.12.attn_q.weight	Qcur-12	q4_K	f32	f32	2048	2048	1	1	2048	1	1	1	1152	2359296	2359296	8192	8192	8192	1	1	0	1	1
64	1788291892779749204	capture	620	MUL_MAT	MMVQ	-	blk.12.attn_v.weight	Vcur-12	q4_K	f32	f32	2048	512	1	1	2048	1	1	1	1152	589824	589824	8192	8192	8192	1	1	0	1	1
64	1788291892779749204	capture	620	MUL_MAT	MMVQ	-	blk.13.shortconv.in_proj.weight	model.layers.{}.conv.in_proj-13	q4_K	f32	f32	2048	6144	1	1	2048	1	1	1	1152	7077888	7077888	8192	8192	8192	1	1	0	1	1
64	1788291892779749204	capture	620	MUL_MAT	MMVQ	-	blk.13.shortconv.out_proj.weight	model.layers.{}.conv.out_proj-13	q4_K	f32	f32	2048	2048	1	1	2048	1	1	1	1152	2359296	2359296	8192	8192	8192	1	1	0	1	1
64	1788291892779749204	capture	620	MUL_MAT	MMVQ	-	blk.14.attn_k.weight	Kcur-14	q4_K	f32	f32	2048	512	1	1	2048	1	1	1	1152	589824	589824	8192	8192	8192	1	1	0	1	1
64	1788291892779749204	capture	620	MUL_MAT	MMVQ	-	blk.14.attn_q.weight	Qcur-14	q4_K	f32	f32	2048	2048	1	1	2048	1	1	1	1152	2359296	2359296	8192	8192	8192	1	1	0	1	1
64	1788291892779749204	capture	620	MUL_MAT	MMVQ	-	blk.14.attn_v.weight	Vcur-14	q6_K	f32	f32	2048	512	1	1	2048	1	1	1	1680	860160	860160	8192	8192	8192	1	1	0	1	1
64	1788291892779749204	capture	620	MUL_MAT	MMVQ	-	blk.15.shortconv.in_proj.weight	model.layers.{}.conv.in_proj-15	q4_K	f32	f32	2048	6144	1	1	2048	1	1	1	1152	7077888	7077888	8192	8192	8192	1	1	0	1	1
64	1788291892779749204	capture	620	MUL_MAT	MMVQ	-	blk.15.shortconv.out_proj.weight	model.layers.{}.conv.out_proj-15	q4_K	f32	f32	2048	2048	1	1	2048	1	1	1	1152	2359296	2359296	8192	8192	8192	1	1	0	1	1
64	1788291892779749204	capture	620	MUL_MAT	MMVQ	-	blk.2.attn_k.weight	Kcur-2	q4_K	f32	f32	2048	512	1	1	2048	1	1	1	1152	589824	589824	8192	8192	8192	1	1	0	1	1
64	1788291892779749204	capture	620	MUL_MAT	MMVQ	-	blk.2.attn_q.weight	Qcur-2	q4_K	f32	f32	2048	2048	1	1	2048	1	1	1	1152	2359296	2359296	8192	8192	8192	1	1	0	1	1
64	1788291892779749204	capture	620	MUL_MAT	MMVQ	-	blk.2.attn_v.weight	Vcur-2	q4_K	f32	f32	2048	512	1	1	2048	1	1	1	1152	589824	589824	8192	8192	8192	1	1	0	1	1
64	1788291892779749204	capture	620	MUL_MAT	MMVQ	-	blk.3.shortconv.in_proj.weight	model.layers.{}.conv.in_proj-3	q4_K	f32	f32	2048	6144	1	1	2048	1	1	1	1152	7077888	7077888	8192	8192	8192	1	1	0	1	1
64	1788291892779749204	capture	620	MUL_MAT	MMVQ	-	blk.3.shortconv.out_proj.weight	model.layers.{}.conv.out_proj-3	q4_K	f32	f32	2048	2048	1	1	2048	1	1	1	1152	2359296	2359296	8192	8192	8192	1	1	0	1	1
64	1788291892779749204	capture	620	MUL_MAT	MMVQ	-	blk.4.shortconv.in_proj.weight	model.layers.{}.conv.in_proj-4	q4_K	f32	f32	2048	6144	1	1	2048	1	1	1	1152	7077888	7077888	8192	8192	8192	1	1	0	1	1
64	1788291892779749204	capture	620	MUL_MAT	MMVQ	-	blk.4.shortconv.out_proj.weight	model.layers.{}.conv.out_proj-4	q4_K	f32	f32	2048	2048	1	1	2048	1	1	1	1152	2359296	2359296	8192	8192	8192	1	1	0	1	1
64	1788291892779749204	capture	620	MUL_MAT	MMVQ	-	blk.5.attn_k.weight	Kcur-5	q4_K	f32	f32	2048	512	1	1	2048	1	1	1	1152	589824	589824	8192	8192	8192	1	1	0	1	1
64	1788291892779749204	capture	620	MUL_MAT	MMVQ	-	blk.5.attn_q.weight	Qcur-5	q4_K	f32	f32	2048	2048	1	1	2048	1	1	1	1152	2359296	2359296	8192	8192	8192	1	1	0	1	1
64	1788291892779749204	capture	620	MUL_MAT	MMVQ	-	blk.5.attn_v.weight	Vcur-5	q4_K	f32	f32	2048	512	1	1	2048	1	1	1	1152	589824	589824	8192	8192	8192	1	1	0	1	1
64	1788291892779749204	capture	620	MUL_MAT	MMVQ	-	blk.6.shortconv.in_proj.weight	model.layers.{}.conv.in_proj-6	q4_K	f32	f32	2048	6144	1	1	2048	1	1	1	1152	7077888	7077888	8192	8192	8192	1	1	0	1	1
64	1788291892779749204	capture	620	MUL_MAT	MMVQ	-	blk.6.shortconv.out_proj.weight	model.layers.{}.conv.out_proj-6	q4_K	f32	f32	2048	2048	1	1	2048	1	1	1	1152	2359296	2359296	8192	8192	8192	1	1	0	1	1
64	1788291892779749204	capture	620	MUL_MAT	MMVQ	-	blk.7.shortconv.in_proj.weight	model.layers.{}.conv.in_proj-7	q4_K	f32	f32	2048	6144	1	1	2048	1	1	1	1152	7077888	7077888	8192	8192	8192	1	1	0	1	1
64	1788291892779749204	capture	620	MUL_MAT	MMVQ	-	blk.7.shortconv.out_proj.weight	model.layers.{}.conv.out_proj-7	q4_K	f32	f32	2048	2048	1	1	2048	1	1	1	1152	2359296	2359296	8192	8192	8192	1	1	0	1	1
64	1788291892779749204	capture	620	MUL_MAT	MMVQ	-	blk.8.attn_k.weight	Kcur-8	q4_K	f32	f32	2048	512	1	1	2048	1	1	1	1152	589824	589824	8192	8192	8192	1	1	0	1	1
64	1788291892779749204	capture	620	MUL_MAT	MMVQ	-	blk.8.attn_q.weight	Qcur-8	q4_K	f32	f32	2048	2048	1	1	2048	1	1	1	1152	2359296	2359296	8192	8192	8192	1	1	0	1	1
64	1788291892779749204	capture	620	MUL_MAT	MMVQ	-	blk.8.attn_v.weight	Vcur-8	q6_K	f32	f32	2048	512	1	1	2048	1	1	1	1680	860160	860160	8192	8192	8192	1	1	0	1	1
64	1788291892779749204	capture	620	MUL_MAT	MMVQ	-	blk.9.shortconv.in_proj.weight	model.layers.{}.conv.in_proj-9	q4_K	f32	f32	2048	6144	1	1	2048	1	1	1	1152	7077888	7077888	8192	8192	8192	1	1	0	1	1
64	1788291892779749204	capture	620	MUL_MAT	MMVQ	-	blk.9.shortconv.out_proj.weight	model.layers.{}.conv.out_proj-9	q4_K	f32	f32	2048	2048	1	1	2048	1	1	1	1152	2359296	2359296	8192	8192	8192	1	1	0	1	1
64	1788291892779749204	capture	620	MUL_MAT	MMVQ	-	token_embd.weight	result_output	q6_K	f32	f32	2048	65536	1	1	2048	1	1	1	1680	110100480	110100480	8192	8192	8192	1	1	0	1	1
64	1788291892779749204	capture	620	MUL_MAT	MMVQ	fused	blk.0.ffn_down.weight	l_out-0	q6_K	f32	f32	8192	2048	1	1	8192	1	1	1	6720	13762560	13762560	32768	32768	32768	1	1	0	1	1
64	1788291892779749204	capture	620	MUL_MAT	MMVQ	fused	blk.0.ffn_up.weight	ffn_swiglu-0	q4_K	f32	f32	2048	8192	1	1	2048	1	1	1	1152	9437184	9437184	8192	8192	8192	1	1	0	1	1
64	1788291892779749204	capture	620	MUL_MAT	MMVQ	fused	blk.1.ffn_down.weight	l_out-1	q6_K	f32	f32	8192	2048	1	1	8192	1	1	1	6720	13762560	13762560	32768	32768	32768	1	1	0	1	1
64	1788291892779749204	capture	620	MUL_MAT	MMVQ	fused	blk.1.ffn_up.weight	ffn_swiglu-1	q4_K	f32	f32	2048	8192	1	1	2048	1	1	1	1152	9437184	9437184	8192	8192	8192	1	1	0	1	1
64	1788291892779749204	capture	620	MUL_MAT	MMVQ	fused	blk.10.attn_output.weight	node_422	q4_K	f32	f32	2048	2048	1	1	2048	1	1	1	1152	2359296	2359296	8192	8192	8192	1	1	0	1	1
64	1788291892779749204	capture	620	MUL_MAT	MMVQ	fused	blk.10.ffn_down.weight	l_out-10	q6_K	f32	f32	8192	2048	1	1	8192	1	1	1	6720	13762560	13762560	32768	32768	32768	1	1	0	1	1
64	1788291892779749204	capture	620	MUL_MAT	MMVQ	fused	blk.10.ffn_up.weight	ffn_swiglu-10	q4_K	f32	f32	2048	8192	1	1	2048	1	1	1	1152	9437184	9437184	8192	8192	8192	1	1	0	1	1
64	1788291892779749204	capture	620	MUL_MAT	MMVQ	fused	blk.11.ffn_down.weight	l_out-11	q4_K	f32	f32	8192	2048	1	1	8192	1	1	1	4608	9437184	9437184	32768	32768	32768	1	1	0	1	1
64	1788291892779749204	capture	620	MUL_MAT	MMVQ	fused	blk.11.ffn_up.weight	ffn_swiglu-11	q4_K	f32	f32	2048	8192	1	1	2048	1	1	1	1152	9437184	9437184	8192	8192	8192	1	1	0	1	1
64	1788291892779749204	capture	620	MUL_MAT	MMVQ	fused	blk.12.attn_output.weight	node_502	q4_K	f32	f32	2048	2048	1	1	2048	1	1	1	1152	2359296	2359296	8192	8192	8192	1	1	0	1	1
64	1788291892779749204	capture	620	MUL_MAT	MMVQ	fused	blk.12.ffn_down.weight	l_out-12	q4_K	f32	f32	8192	2048	1	1	8192	1	1	1	4608	9437184	9437184	32768	32768	32768	1	1	0	1	1
64	1788291892779749204	capture	620	MUL_MAT	MMVQ	fused	blk.12.ffn_up.weight	ffn_swiglu-12	q4_K	f32	f32	2048	8192	1	1	2048	1	1	1	1152	9437184	9437184	8192	8192	8192	1	1	0	1	1
64	1788291892779749204	capture	620	MUL_MAT	MMVQ	fused	blk.13.ffn_down.weight	l_out-13	q6_K	f32	f32	8192	2048	1	1	8192	1	1	1	6720	13762560	13762560	32768	32768	32768	1	1	0	1	1
64	1788291892779749204	capture	620	MUL_MAT	MMVQ	fused	blk.13.ffn_up.weight	ffn_swiglu-13	q4_K	f32	f32	2048	8192	1	1	2048	1	1	1	1152	9437184	9437184	8192	8192	8192	1	1	0	1	1
64	1788291892779749204	capture	620	MUL_MAT	MMVQ	fused	blk.14.attn_output.weight	node_582	q4_K	f32	f32	2048	2048	1	1	2048	1	1	1	1152	2359296	2359296	8192	8192	8192	1	1	0	1	1
64	1788291892779749204	capture	620	MUL_MAT	MMVQ	fused	blk.14.ffn_down.weight	l_out-14	q6_K	f32	f32	8192	2048	1	1	8192	1	1	1	6720	13762560	13762560	32768	32768	32768	1	1	0	1	1
64	1788291892779749204	capture	620	MUL_MAT	MMVQ	fused	blk.14.ffn_up.weight	ffn_swiglu-14	q4_K	f32	f32	2048	8192	1	1	2048	1	1	1	1152	9437184	9437184	8192	8192	8192	1	1	0	1	1
64	1788291892779749204	capture	620	MUL_MAT	MMVQ	fused	blk.15.ffn_down.weight	l_out-15	q6_K	f32	f32	8192	2048	1	1	8192	1	1	1	6720	13762560	13762560	32768	32768	32768	1	1	0	1	1
64	1788291892779749204	capture	620	MUL_MAT	MMVQ	fused	blk.15.ffn_up.weight	ffn_swiglu-15	q4_K	f32	f32	2048	8192	1	1	2048	1	1	1	1152	9437184	9437184	8192	8192	8192	1	1	0	1	1
64	1788291892779749204	capture	620	MUL_MAT	MMVQ	fused	blk.2.attn_output.weight	node_116	q4_K	f32	f32	2048	2048	1	1	2048	1	1	1	1152	2359296	2359296	8192	8192	8192	1	1	0	1	1
64	1788291892779749204	capture	620	MUL_MAT	MMVQ	fused	blk.2.ffn_down.weight	l_out-2	q4_K	f32	f32	8192	2048	1	1	8192	1	1	1	4608	9437184	9437184	32768	32768	32768	1	1	0	1	1
64	1788291892779749204	capture	620	MUL_MAT	MMVQ	fused	blk.2.ffn_up.weight	ffn_swiglu-2	q4_K	f32	f32	2048	8192	1	1	2048	1	1	1	1152	9437184	9437184	8192	8192	8192	1	1	0	1	1
64	1788291892779749204	capture	620	MUL_MAT	MMVQ	fused	blk.3.ffn_down.weight	l_out-3	q4_K	f32	f32	8192	2048	1	1	8192	1	1	1	4608	9437184	9437184	32768	32768	32768	1	1	0	1	1
64	1788291892779749204	capture	620	MUL_MAT	MMVQ	fused	blk.3.ffn_up.weight	ffn_swiglu-3	q4_K	f32	f32	2048	8192	1	1	2048	1	1	1	1152	9437184	9437184	8192	8192	8192	1	1	0	1	1
64	1788291892779749204	capture	620	MUL_MAT	MMVQ	fused	blk.4.ffn_down.weight	l_out-4	q6_K	f32	f32	8192	2048	1	1	8192	1	1	1	6720	13762560	13762560	32768	32768	32768	1	1	0	1	1
64	1788291892779749204	capture	620	MUL_MAT	MMVQ	fused	blk.4.ffn_up.weight	ffn_swiglu-4	q4_K	f32	f32	2048	8192	1	1	2048	1	1	1	1152	9437184	9437184	8192	8192	8192	1	1	0	1	1
64	1788291892779749204	capture	620	MUL_MAT	MMVQ	fused	blk.5.attn_output.weight	node_229	q4_K	f32	f32	2048	2048	1	1	2048	1	1	1	1152	2359296	2359296	8192	8192	8192	1	1	0	1	1
64	1788291892779749204	capture	620	MUL_MAT	MMVQ	fused	blk.5.ffn_down.weight	l_out-5	q4_K	f32	f32	8192	2048	1	1	8192	1	1	1	4608	9437184	9437184	32768	32768	32768	1	1	0	1	1
64	1788291892779749204	capture	620	MUL_MAT	MMVQ	fused	blk.5.ffn_up.weight	ffn_swiglu-5	q4_K	f32	f32	2048	8192	1	1	2048	1	1	1	1152	9437184	9437184	8192	8192	8192	1	1	0	1	1
64	1788291892779749204	capture	620	MUL_MAT	MMVQ	fused	blk.6.ffn_down.weight	l_out-6	q4_K	f32	f32	8192	2048	1	1	8192	1	1	1	4608	9437184	9437184	32768	32768	32768	1	1	0	1	1
64	1788291892779749204	capture	620	MUL_MAT	MMVQ	fused	blk.6.ffn_up.weight	ffn_swiglu-6	q4_K	f32	f32	2048	8192	1	1	2048	1	1	1	1152	9437184	9437184	8192	8192	8192	1	1	0	1	1
64	1788291892779749204	capture	620	MUL_MAT	MMVQ	fused	blk.7.ffn_down.weight	l_out-7	q6_K	f32	f32	8192	2048	1	1	8192	1	1	1	6720	13762560	13762560	32768	32768	32768	1	1	0	1	1
64	1788291892779749204	capture	620	MUL_MAT	MMVQ	fused	blk.7.ffn_up.weight	ffn_swiglu-7	q4_K	f32	f32	2048	8192	1	1	2048	1	1	1	1152	9437184	9437184	8192	8192	8192	1	1	0	1	1
64	1788291892779749204	capture	620	MUL_MAT	MMVQ	fused	blk.8.attn_output.weight	node_342	q4_K	f32	f32	2048	2048	1	1	2048	1	1	1	1152	2359296	2359296	8192	8192	8192	1	1	0	1	1
64	1788291892779749204	capture	620	MUL_MAT	MMVQ	fused	blk.8.ffn_down.weight	l_out-8	q4_K	f32	f32	8192	2048	1	1	8192	1	1	1	4608	9437184	9437184	32768	32768	32768	1	1	0	1	1
64	1788291892779749204	capture	620	MUL_MAT	MMVQ	fused	blk.8.ffn_up.weight	ffn_swiglu-8	q4_K	f32	f32	2048	8192	1	1	2048	1	1	1	1152	9437184	9437184	8192	8192	8192	1	1	0	1	1
64	1788291892779749204	capture	620	MUL_MAT	MMVQ	fused	blk.9.ffn_down.weight	l_out-9	q4_K	f32	f32	8192	2048	1	1	8192	1	1	1	4608	9437184	9437184	32768	32768	32768	1	1	0	1	1
64	1788291892779749204	capture	620	MUL_MAT	MMVQ	fused	blk.9.ffn_up.weight	ffn_swiglu-9	q4_K	f32	f32	2048	8192	1	1	2048	1	1	1	1152	9437184	9437184	8192	8192	8192	1	1	0	1	1
65	1788291892783382040	replay	620	-	graph_replay	-	-	-	-	-	-	-	-	-	-	-	-	-	-	-	-	-	-	-	-	-	-	-	-	1
66	1788291892785620406	replay	620	-	graph_replay	-	-	-	-	-	-	-	-	-	-	-	-	-	-	-	-	-	-	-	-	-	-	-	-	1
67	1788291892787858783	replay	620	-	graph_replay	-	-	-	-	-	-	-	-	-	-	-	-	-	-	-	-	-	-	-	-	-	-	-	-	1
68	1788291892790504464	replay	620	-	graph_replay	-	-	-	-	-	-	-	-	-	-	-	-	-	-	-	-	-	-	-	-	-	-	-	-	1
69	1788291892792793977	replay	620	-	graph_replay	-	-	-	-	-	-	-	-	-	-	-	-	-	-	-	-	-	-	-	-	-	-	-	-	1
70	1788291892795151457	replay	620	-	graph_replay	-	-	-	-	-	-	-	-	-	-	-	-	-	-	-	-	-	-	-	-	-	-	-	-	1
71	1788291892797540626	replay	620	-	graph_replay	-	-	-	-	-	-	-	-	-	-	-	-	-	-	-	-	-	-	-	-	-	-	-	-	1
72	1788291892799740520	replay	620	-	graph_replay	-	-	-	-	-	-	-	-	-	-	-	-	-	-	-	-	-	-	-	-	-	-	-	-	1
73	1788291892802044470	replay	620	-	graph_replay	-	-	-	-	-	-	-	-	-	-	-	-	-	-	-	-	-	-	-	-	-	-	-	-	1
74	1788291892804528628	replay	620	-	graph_replay	-	-	-	-	-	-	-	-	-	-	-	-	-	-	-	-	-	-	-	-	-	-	-	-	1
75	1788291892806789296	replay	620	-	graph_replay	-	-	-	-	-	-	-	-	-	-	-	-	-	-	-	-	-	-	-	-	-	-	-	-	1
76	1788291892809015459	replay	620	-	graph_replay	-	-	-	-	-	-	-	-	-	-	-	-	-	-	-	-	-	-	-	-	-	-	-	-	1
77	1788291892812562885	replay	620	-	graph_replay	-	-	-	-	-	-	-	-	-	-	-	-	-	-	-	-	-	-	-	-	-	-	-	-	1
78	1788291892814939381	replay	620	-	graph_replay	-	-	-	-	-	-	-	-	-	-	-	-	-	-	-	-	-	-	-	-	-	-	-	-	1
79	1788291892817315847	replay	620	-	graph_replay	-	-	-	-	-	-	-	-	-	-	-	-	-	-	-	-	-	-	-	-	-	-	-	-	1
80	1788291892819771602	replay	620	-	graph_replay	-	-	-	-	-	-	-	-	-	-	-	-	-	-	-	-	-	-	-	-	-	-	-	-	1
81	1788291892822119764	replay	620	-	graph_replay	-	-	-	-	-	-	-	-	-	-	-	-	-	-	-	-	-	-	-	-	-	-	-	-	1
82	1788291892824384490	replay	620	-	graph_replay	-	-	-	-	-	-	-	-	-	-	-	-	-	-	-	-	-	-	-	-	-	-	-	-	1
83	1788291892826763019	replay	620	-	graph_replay	-	-	-	-	-	-	-	-	-	-	-	-	-	-	-	-	-	-	-	-	-	-	-	-	1
84	1788291892829362143	replay	620	-	graph_replay	-	-	-	-	-	-	-	-	-	-	-	-	-	-	-	-	-	-	-	-	-	-	-	-	1
