start_ns	end_ns	kind	bytes	src_kind	dst_kind	stream	api	kernel_before	kernel_after	embedding_sized	row_multiple
44632483	44646563	Host-to-Device	262144	Pinned	Device	13	cudaMemcpyAsync_v3020	-	k_get_rows_kq	no	yes
96066738	96110802	Host-to-Device	1081344	Pageable	Device	13	cudaMemcpyAsync_v3020	rms_norm_f32	im2col_kernel	no	yes
126353097	126355177	Device-to-Device	1441792	Device	Device	15	cudaMemcpyAsync_v3020	convert_unary	im2col_kernel	no	yes
126384234	126386186	Device-to-Device	1441792	Device	Device	15	cudaMemcpyAsync_v3020	convert_unary	k_bin_bcast	no	yes
126769164	126771020	Device-to-Device	1441792	Device	Device	15	cudaMemcpyAsync_v3020	cpy_scalar	cpy_scalar	no	yes
136689523	136691411	Device-to-Device	720896	Device	Device	13	cudaMemcpyAsync_v3020	k_bin_bcast	rms_norm_f32	yes	yes
137540089	137553625	Host-to-Device	262144	Pinned	Device	13	cudaMemcpyAsync_v3020	k_bin_bcast	rms_norm_f32	no	yes
161934631	161947207	Host-to-Device	262144	Pinned	Device	13	cudaMemcpyAsync_v3020	rms_norm_f32	k_get_rows_kq	no	yes
170809734	170814502	Device-to-Host	73728	Device	Pageable	13	cudaMemcpyAsync_v3020	rms_norm_f32	k_get_rows_kq	no	yes
170830438	170834662	Device-to-Host	73728	Device	Pageable	13	cudaMemcpyAsync_v3020	rms_norm_f32	k_get_rows_kq	no	yes
170846918	170850502	Device-to-Host	73728	Device	Pageable	13	cudaMemcpyAsync_v3020	rms_norm_f32	k_get_rows_kq	no	yes
170861830	170865478	Device-to-Host	73728	Device	Pageable	13	cudaMemcpyAsync_v3020	rms_norm_f32	k_get_rows_kq	no	yes
170876582	170880230	Device-to-Host	73728	Device	Pageable	13	cudaMemcpyAsync_v3020	rms_norm_f32	k_get_rows_kq	no	yes
170891622	170895367	Device-to-Host	73728	Device	Pageable	13	cudaMemcpyAsync_v3020	rms_norm_f32	k_get_rows_kq	no	yes
170906439	170910119	Device-to-Host	73728	Device	Pageable	13	cudaMemcpyAsync_v3020	rms_norm_f32	k_get_rows_kq	no	yes
170921223	170924967	Device-to-Host	73728	Device	Pageable	13	cudaMemcpyAsync_v3020	rms_norm_f32	k_get_rows_kq	no	yes
170935975	170939591	Device-to-Host	73728	Device	Pageable	13	cudaMemcpyAsync_v3020	rms_norm_f32	k_get_rows_kq	no	yes
170950887	170954503	Device-to-Host	73728	Device	Pageable	13	cudaMemcpyAsync_v3020	rms_norm_f32	k_get_rows_kq	no	yes
170965927	170969735	Device-to-Host	73728	Device	Pageable	13	cudaMemcpyAsync_v3020	rms_norm_f32	k_get_rows_kq	no	yes
170980743	170984391	Device-to-Host	73728	Device	Pageable	13	cudaMemcpyAsync_v3020	rms_norm_f32	k_get_rows_kq	no	yes
170995207	170998791	Device-to-Host	73728	Device	Pageable	13	cudaMemcpyAsync_v3020	rms_norm_f32	k_get_rows_kq	no	yes
171009639	171013255	Device-to-Host	73728	Device	Pageable	13	cudaMemcpyAsync_v3020	rms_norm_f32	k_get_rows_kq	no	yes
171023911	171027495	Device-to-Host	73728	Device	Pageable	13	cudaMemcpyAsync_v3020	rms_norm_f32	k_get_rows_kq	no	yes
171038376	171042152	Device-to-Host	73728	Device	Pageable	13	cudaMemcpyAsync_v3020	rms_norm_f32	k_get_rows_kq	no	yes
171053672	171057320	Device-to-Host	73728	Device	Pageable	13	cudaMemcpyAsync_v3020	rms_norm_f32	k_get_rows_kq	no	yes
171068712	171072328	Device-to-Host	73728	Device	Pageable	13	cudaMemcpyAsync_v3020	rms_norm_f32	k_get_rows_kq	no	yes
171083752	171128936	Device-to-Host	1048576	Device	Pageable	13	cudaMemcpyAsync_v3020	rms_norm_f32	k_get_rows_kq	no	yes
171210921	171251753	Device-to-Host	1048576	Device	Pageable	13	cudaMemcpyAsync_v3020	rms_norm_f32	k_get_rows_kq	no	yes
171329514	171370218	Device-to-Host	1048576	Device	Pageable	13	cudaMemcpyAsync_v3020	rms_norm_f32	k_get_rows_kq	no	yes
171444522	171485419	Device-to-Host	1048576	Device	Pageable	13	cudaMemcpyAsync_v3020	rms_norm_f32	k_get_rows_kq	no	yes
171553131	171593803	Device-to-Host	1048576	Device	Pageable	13	cudaMemcpyAsync_v3020	rms_norm_f32	k_get_rows_kq	no	yes
171660812	171701644	Device-to-Host	1048576	Device	Pageable	13	cudaMemcpyAsync_v3020	rms_norm_f32	k_get_rows_kq	no	yes
171767565	171808429	Device-to-Host	1048576	Device	Pageable	13	cudaMemcpyAsync_v3020	rms_norm_f32	k_get_rows_kq	no	yes
171874253	171915246	Device-to-Host	1048576	Device	Pageable	13	cudaMemcpyAsync_v3020	rms_norm_f32	k_get_rows_kq	no	yes
171982958	172023599	Device-to-Host	1048576	Device	Pageable	13	cudaMemcpyAsync_v3020	rms_norm_f32	k_get_rows_kq	no	yes
172090031	172130959	Device-to-Host	1048576	Device	Pageable	13	cudaMemcpyAsync_v3020	rms_norm_f32	k_get_rows_kq	no	yes
172197968	172238608	Device-to-Host	1048576	Device	Pageable	13	cudaMemcpyAsync_v3020	rms_norm_f32	k_get_rows_kq	no	yes
172304945	172345873	Device-to-Host	1048576	Device	Pageable	13	cudaMemcpyAsync_v3020	rms_norm_f32	k_get_rows_kq	no	yes
172411921	172452498	Device-to-Host	1048576	Device	Pageable	13	cudaMemcpyAsync_v3020	rms_norm_f32	k_get_rows_kq	no	yes
172527634	172568530	Device-to-Host	1048576	Device	Pageable	13	cudaMemcpyAsync_v3020	rms_norm_f32	k_get_rows_kq	no	yes
172643635	172684307	Device-to-Host	1048576	Device	Pageable	13	cudaMemcpyAsync_v3020	rms_norm_f32	k_get_rows_kq	no	yes
172754932	172795796	Device-to-Host	1048576	Device	Pageable	13	cudaMemcpyAsync_v3020	rms_norm_f32	k_get_rows_kq	no	yes
172866357	172906997	Device-to-Host	1048576	Device	Pageable	13	cudaMemcpyAsync_v3020	rms_norm_f32	k_get_rows_kq	no	yes
172977845	173018582	Device-to-Host	1048576	Device	Pageable	13	cudaMemcpyAsync_v3020	rms_norm_f32	k_get_rows_kq	no	yes
173730907	173747771	Host-to-Device	262144	Pinned	Device	13	cudaMemcpyAsync_v3020	rms_norm_f32	k_get_rows_kq	no	yes
182152599	182191927	Device-to-Host	993280	Device	Pinned	14	cudaMemcpyAsync_v3020	mul_mat_vec_q	k_get_rows_kq	no	no
183391040	183403360	Host-to-Device	262144	Pinned	Device	13	cudaMemcpyAsync_v3020	mul_mat_vec_q	k_get_rows_kq	no	yes
188451972	188491044	Device-to-Host	993280	Device	Pinned	14	cudaMemcpyAsync_v3020	mul_mat_vec_q	k_get_rows_kq	no	no
188762758	188774918	Host-to-Device	262144	Pinned	Device	13	cudaMemcpyAsync_v3020	mul_mat_vec_q	k_get_rows_kq	no	yes
196508829	196547901	Device-to-Host	993280	Device	Pinned	14	cudaMemcpyAsync_v3020	mul_mat_vec_q	k_get_rows_kq	no	no
196815775	196827999	Host-to-Device	262144	Pinned	Device	13	cudaMemcpyAsync_v3020	mul_mat_vec_q	k_get_rows_kq	no	yes
201149630	201188734	Device-to-Host	993280	Device	Pinned	14	cudaMemcpyAsync_v3020	mul_mat_vec_q	k_get_rows_kq	no	no
201448576	201460896	Host-to-Device	262144	Pinned	Device	13	cudaMemcpyAsync_v3020	mul_mat_vec_q	k_get_rows_kq	no	yes
205486301	205525405	Device-to-Host	993280	Device	Pinned	14	cudaMemcpyAsync_v3020	mul_mat_vec_q	k_get_rows_kq	no	no
205801823	205814399	Host-to-Device	262144	Pinned	Device	13	cudaMemcpyAsync_v3020	mul_mat_vec_q	k_get_rows_kq	no	yes
210110718	210149790	Device-to-Host	993280	Device	Pinned	14	cudaMemcpyAsync_v3020	mul_mat_vec_q	k_get_rows_kq	no	no
210407680	210420032	Host-to-Device	262144	Pinned	Device	13	cudaMemcpyAsync_v3020	mul_mat_vec_q	k_get_rows_kq	no	yes
214727967	214767103	Device-to-Host	993280	Device	Pinned	14	cudaMemcpyAsync_v3020	mul_mat_vec_q	k_get_rows_kq	no	no
215021953	215034337	Host-to-Device	262144	Pinned	Device	13	cudaMemcpyAsync_v3020	mul_mat_vec_q	k_get_rows_kq	no	yes
219076926	219116030	Device-to-Host	993280	Device	Pinned	14	cudaMemcpyAsync_v3020	mul_mat_vec_q	k_get_rows_kq	no	no
219368672	219380896	Host-to-Device	262144	Pinned	Device	13	cudaMemcpyAsync_v3020	mul_mat_vec_q	k_get_rows_kq	no	yes
223677790	223716863	Device-to-Host	993280	Device	Pinned	14	cudaMemcpyAsync_v3020	mul_mat_vec_q	k_get_rows_kq	no	no
223974881	223989409	Host-to-Device	262144	Pinned	Device	13	cudaMemcpyAsync_v3020	mul_mat_vec_q	k_get_rows_kq	no	yes
228301183	228340352	Device-to-Host	993280	Device	Pinned	14	cudaMemcpyAsync_v3020	mul_mat_vec_q	k_get_rows_kq	no	no
228599233	228611426	Host-to-Device	262144	Pinned	Device	13	cudaMemcpyAsync_v3020	mul_mat_vec_q	k_get_rows_kq	no	yes
232674718	232713823	Device-to-Host	993280	Device	Pinned	14	cudaMemcpyAsync_v3020	mul_mat_vec_q	k_get_rows_kq	no	no
232967649	232980225	Host-to-Device	262144	Pinned	Device	13	cudaMemcpyAsync_v3020	mul_mat_vec_q	k_get_rows_kq	no	yes
237287871	237326976	Device-to-Host	993280	Device	Pinned	14	cudaMemcpyAsync_v3020	mul_mat_vec_q	k_get_rows_kq	no	no
237580097	237592449	Host-to-Device	262144	Pinned	Device	13	cudaMemcpyAsync_v3020	mul_mat_vec_q	k_get_rows_kq	no	yes
241656286	241695391	Device-to-Host	993280	Device	Pinned	14	cudaMemcpyAsync_v3020	mul_mat_vec_q	k_get_rows_kq	no	no
242055361	242067585	Host-to-Device	262144	Pinned	Device	13	cudaMemcpyAsync_v3020	mul_mat_vec_q	k_get_rows_kq	no	yes
246105598	246144734	Device-to-Host	993280	Device	Pinned	14	cudaMemcpyAsync_v3020	mul_mat_vec_q	k_get_rows_kq	no	no
246399936	246412480	Host-to-Device	262144	Pinned	Device	13	cudaMemcpyAsync_v3020	mul_mat_vec_q	k_get_rows_kq	no	yes
250628638	250667711	Device-to-Host	993280	Device	Pinned	14	cudaMemcpyAsync_v3020	mul_mat_vec_q	k_get_rows_kq	no	no
250922816	250935393	Host-to-Device	262144	Pinned	Device	13	cudaMemcpyAsync_v3020	mul_mat_vec_q	k_get_rows_kq	no	yes
254992957	255032126	Device-to-Host	993280	Device	Pinned	14	cudaMemcpyAsync_v3020	mul_mat_vec_q	k_get_rows_kq	no	no
255300416	255312800	Host-to-Device	262144	Pinned	Device	13	cudaMemcpyAsync_v3020	mul_mat_vec_q	k_get_rows_kq	no	yes
259480157	259519134	Device-to-Host	993280	Device	Pinned	14	cudaMemcpyAsync_v3020	mul_mat_vec_q	k_get_rows_kq	no	no
259777599	259789824	Host-to-Device	262144	Pinned	Device	13	cudaMemcpyAsync_v3020	mul_mat_vec_q	k_get_rows_kq	no	yes
263914109	263953149	Device-to-Host	993280	Device	Pinned	14	cudaMemcpyAsync_v3020	mul_mat_vec_q	k_get_rows_kq	no	no
264209087	264221439	Host-to-Device	262144	Pinned	Device	13	cudaMemcpyAsync_v3020	mul_mat_vec_q	k_get_rows_kq	no	yes
268193435	268232444	Device-to-Host	993280	Device	Pinned	14	cudaMemcpyAsync_v3020	mul_mat_vec_q	k_get_rows_kq	no	no
268487326	268499742	Host-to-Device	262144	Pinned	Device	13	cudaMemcpyAsync_v3020	mul_mat_vec_q	k_get_rows_kq	no	yes
272761532	272800540	Device-to-Host	993280	Device	Pinned	14	cudaMemcpyAsync_v3020	mul_mat_vec_q	k_get_rows_kq	no	no
273066206	273079198	Host-to-Device	262144	Pinned	Device	13	cudaMemcpyAsync_v3020	mul_mat_vec_q	k_get_rows_kq	no	yes
277082843	277121819	Device-to-Host	993280	Device	Pinned	14	cudaMemcpyAsync_v3020	mul_mat_vec_q	k_get_rows_kq	no	no
277379325	277395901	Host-to-Device	262144	Pinned	Device	13	cudaMemcpyAsync_v3020	mul_mat_vec_q	k_get_rows_kq	no	yes
282743555	282782595	Device-to-Host	993280	Device	Pinned	14	cudaMemcpyAsync_v3020	mul_mat_vec_q	k_get_rows_kq	no	no
284452911	284465423	Host-to-Device	262144	Pinned	Device	13	cudaMemcpyAsync_v3020	mul_mat_vec_q	k_get_rows_kq	no	yes
288491308	288530316	Device-to-Host	993280	Device	Pinned	14	cudaMemcpyAsync_v3020	mul_mat_vec_q	k_get_rows_kq	no	no
288785870	288798062	Host-to-Device	262144	Pinned	Device	13	cudaMemcpyAsync_v3020	mul_mat_vec_q	k_get_rows_kq	no	yes
293202766	293241774	Device-to-Host	993280	Device	Pinned	14	cudaMemcpyAsync_v3020	mul_mat_vec_q	k_get_rows_kq	no	no
293495216	293507504	Host-to-Device	262144	Pinned	Device	13	cudaMemcpyAsync_v3020	mul_mat_vec_q	k_get_rows_kq	no	yes
297719662	297758574	Device-to-Host	993280	Device	Pinned	14	cudaMemcpyAsync_v3020	mul_mat_vec_q	k_get_rows_kq	no	no
298011056	298023728	Host-to-Device	262144	Pinned	Device	13	cudaMemcpyAsync_v3020	mul_mat_vec_q	k_get_rows_kq	no	yes
302038924	302077933	Device-to-Host	993280	Device	Pinned	14	cudaMemcpyAsync_v3020	mul_mat_vec_q	k_get_rows_kq	no	no
302333295	302345647	Host-to-Device	262144	Pinned	Device	13	cudaMemcpyAsync_v3020	mul_mat_vec_q	k_get_rows_kq	no	yes
306491308	306530316	Device-to-Host	993280	Device	Pinned	14	cudaMemcpyAsync_v3020	mul_mat_vec_q	k_get_rows_kq	no	no
306784462	306796718	Host-to-Device	262144	Pinned	Device	13	cudaMemcpyAsync_v3020	mul_mat_vec_q	k_get_rows_kq	no	yes
310798283	310837323	Device-to-Host	993280	Device	Pinned	14	cudaMemcpyAsync_v3020	mul_mat_vec_q	k_get_rows_kq	no	no
311093165	311105549	Host-to-Device	262144	Pinned	Device	13	cudaMemcpyAsync_v3020	mul_mat_vec_q	k_get_rows_kq	no	yes
315143146	315182154	Device-to-Host	993280	Device	Pinned	14	cudaMemcpyAsync_v3020	mul_mat_vec_q	k_get_rows_kq	no	no
315434988	315447180	Host-to-Device	262144	Pinned	Device	13	cudaMemcpyAsync_v3020	mul_mat_vec_q	k_get_rows_kq	no	yes
319581193	319620234	Device-to-Host	993280	Device	Pinned	14	cudaMemcpyAsync_v3020	mul_mat_vec_q	k_get_rows_kq	no	no
319872075	319884428	Host-to-Device	262144	Pinned	Device	13	cudaMemcpyAsync_v3020	mul_mat_vec_q	k_get_rows_kq	no	yes
323874856	323913928	Device-to-Host	993280	Device	Pinned	14	cudaMemcpyAsync_v3020	mul_mat_vec_q	k_get_rows_kq	no	no
324167562	324179850	Host-to-Device	262144	Pinned	Device	13	cudaMemcpyAsync_v3020	mul_mat_vec_q	k_get_rows_kq	no	yes
328339528	328378504	Device-to-Host	993280	Device	Pinned	14	cudaMemcpyAsync_v3020	mul_mat_vec_q	k_get_rows_kq	no	no
328630218	328642730	Host-to-Device	262144	Pinned	Device	13	cudaMemcpyAsync_v3020	mul_mat_vec_q	k_get_rows_kq	no	yes
332888168	332927048	Device-to-Host	993280	Device	Pinned	14	cudaMemcpyAsync_v3020	mul_mat_vec_q	k_get_rows_kq	no	no
333179722	333192010	Host-to-Device	262144	Pinned	Device	13	cudaMemcpyAsync_v3020	mul_mat_vec_q	k_get_rows_kq	no	yes
337166471	337205383	Device-to-Host	993280	Device	Pinned	14	cudaMemcpyAsync_v3020	mul_mat_vec_q	k_get_rows_kq	no	no
337458281	337470441	Host-to-Device	262144	Pinned	Device	13	cudaMemcpyAsync_v3020	mul_mat_vec_q	k_get_rows_kq	no	yes
341618854	341657927	Device-to-Host	993280	Device	Pinned	14	cudaMemcpyAsync_v3020	mul_mat_vec_q	k_get_rows_kq	no	no
341913256	341925961	Host-to-Device	262144	Pinned	Device	13	cudaMemcpyAsync_v3020	mul_mat_vec_q	k_get_rows_kq	no	yes
345923045	345962085	Device-to-Host	993280	Device	Pinned	14	cudaMemcpyAsync_v3020	mul_mat_vec_q	k_get_rows_kq	no	no
346213511	346225703	Host-to-Device	262144	Pinned	Device	13	cudaMemcpyAsync_v3020	mul_mat_vec_q	k_get_rows_kq	no	yes
350362853	350401861	Device-to-Host	993280	Device	Pinned	14	cudaMemcpyAsync_v3020	mul_mat_vec_q	k_get_rows_kq	no	no
350655687	350667975	Host-to-Device	262144	Pinned	Device	13	cudaMemcpyAsync_v3020	mul_mat_vec_q	k_get_rows_kq	no	yes
354884869	354923909	Device-to-Host	993280	Device	Pinned	14	cudaMemcpyAsync_v3020	mul_mat_vec_q	k_get_rows_kq	no	no
355175527	355187783	Host-to-Device	262144	Pinned	Device	13	cudaMemcpyAsync_v3020	mul_mat_vec_q	k_get_rows_kq	no	yes
359197988	359237060	Device-to-Host	993280	Device	Pinned	14	cudaMemcpyAsync_v3020	mul_mat_vec_q	k_get_rows_kq	no	no
359488486	359500710	Host-to-Device	262144	Pinned	Device	13	cudaMemcpyAsync_v3020	mul_mat_vec_q	k_get_rows_kq	no	yes
363684163	363723172	Device-to-Host	993280	Device	Pinned	14	cudaMemcpyAsync_v3020	mul_mat_vec_q	k_get_rows_kq	no	no
363975878	363988390	Host-to-Device	262144	Pinned	Device	13	cudaMemcpyAsync_v3020	mul_mat_vec_q	k_get_rows_kq	no	yes
368310628	368349637	Device-to-Host	993280	Device	Pinned	14	cudaMemcpyAsync_v3020	mul_mat_vec_q	k_get_rows_kq	no	no
368601254	368614311	Host-to-Device	262144	Pinned	Device	13	cudaMemcpyAsync_v3020	mul_mat_vec_q	k_get_rows_kq	no	yes
372621699	372660643	Device-to-Host	993280	Device	Pinned	14	cudaMemcpyAsync_v3020	mul_mat_vec_q	k_get_rows_kq	no	no
372912325	372924709	Host-to-Device	262144	Pinned	Device	13	cudaMemcpyAsync_v3020	mul_mat_vec_q	k_get_rows_kq	no	yes
378266731	378305836	Device-to-Host	993280	Device	Pinned	14	cudaMemcpyAsync_v3020	mul_mat_vec_q	k_get_rows_kq	no	no
379716022	379728214	Host-to-Device	262144	Pinned	Device	13	cudaMemcpyAsync_v3020	mul_mat_vec_q	k_get_rows_kq	no	yes
384181717	384220694	Device-to-Host	993280	Device	Pinned	14	cudaMemcpyAsync_v3020	mul_mat_vec_q	k_get_rows_kq	no	no
384473240	384485528	Host-to-Device	262144	Pinned	Device	13	cudaMemcpyAsync_v3020	mul_mat_vec_q	k_get_rows_kq	no	yes
388876791	388915799	Device-to-Host	993280	Device	Pinned	14	cudaMemcpyAsync_v3020	mul_mat_vec_q	k_get_rows_kq	no	no
389174201	389186361	Host-to-Device	262144	Pinned	Device	13	cudaMemcpyAsync_v3020	mul_mat_vec_q	k_get_rows_kq	no	yes
393154069	393193014	Device-to-Host	993280	Device	Pinned	14	cudaMemcpyAsync_v3020	mul_mat_vec_q	k_get_rows_kq	no	no
393445367	393457623	Host-to-Device	262144	Pinned	Device	13	cudaMemcpyAsync_v3020	mul_mat_vec_q	k_get_rows_kq	no	yes
397572661	397611893	Device-to-Host	993280	Device	Pinned	14	cudaMemcpyAsync_v3020	mul_mat_vec_q	k_get_rows_kq	no	no
397865143	397877367	Host-to-Device	262144	Pinned	Device	13	cudaMemcpyAsync_v3020	mul_mat_vec_q	k_get_rows_kq	no	yes
402071125	402110133	Device-to-Host	993280	Device	Pinned	14	cudaMemcpyAsync_v3020	mul_mat_vec_q	k_get_rows_kq	no	no
528398392	528403320	Device-to-Host	87584	Device	Pageable	13	cudaMemcpyAsync_v3020	mul_mat_vec_q	k_get_rows_kq	no	no
528421753	528426681	Device-to-Host	87584	Device	Pageable	13	cudaMemcpyAsync_v3020	mul_mat_vec_q	k_get_rows_kq	no	no
528441401	528445977	Device-to-Host	87584	Device	Pageable	13	cudaMemcpyAsync_v3020	mul_mat_vec_q	k_get_rows_kq	no	no
528460281	528464697	Device-to-Host	87584	Device	Pageable	13	cudaMemcpyAsync_v3020	mul_mat_vec_q	k_get_rows_kq	no	no
528476377	528480793	Device-to-Host	87584	Device	Pageable	13	cudaMemcpyAsync_v3020	mul_mat_vec_q	k_get_rows_kq	no	no
528493465	528497913	Device-to-Host	87584	Device	Pageable	13	cudaMemcpyAsync_v3020	mul_mat_vec_q	k_get_rows_kq	no	no
528587450	528591034	Device-to-Host	73728	Device	Pageable	13	cudaMemcpyAsync_v3020	mul_mat_vec_q	k_get_rows_kq	no	yes
528603866	528607802	Device-to-Host	73728	Device	Pageable	13	cudaMemcpyAsync_v3020	mul_mat_vec_q	k_get_rows_kq	no	yes
528619130	528622682	Device-to-Host	73728	Device	Pageable	13	cudaMemcpyAsync_v3020	mul_mat_vec_q	k_get_rows_kq	no	yes
528639162	528642938	Device-to-Host	73728	Device	Pageable	13	cudaMemcpyAsync_v3020	mul_mat_vec_q	k_get_rows_kq	no	yes
528655194	528658778	Device-to-Host	73728	Device	Pageable	13	cudaMemcpyAsync_v3020	mul_mat_vec_q	k_get_rows_kq	no	yes
528670746	528674362	Device-to-Host	73728	Device	Pageable	13	cudaMemcpyAsync_v3020	mul_mat_vec_q	k_get_rows_kq	no	yes
528685083	528688859	Device-to-Host	73728	Device	Pageable	13	cudaMemcpyAsync_v3020	mul_mat_vec_q	k_get_rows_kq	no	yes
528700891	528704507	Device-to-Host	73728	Device	Pageable	13	cudaMemcpyAsync_v3020	mul_mat_vec_q	k_get_rows_kq	no	yes
528715451	528719035	Device-to-Host	73728	Device	Pageable	13	cudaMemcpyAsync_v3020	mul_mat_vec_q	k_get_rows_kq	no	yes
528730203	528733755	Device-to-Host	73728	Device	Pageable	13	cudaMemcpyAsync_v3020	mul_mat_vec_q	k_get_rows_kq	no	yes
528744891	528748603	Device-to-Host	73728	Device	Pageable	13	cudaMemcpyAsync_v3020	mul_mat_vec_q	k_get_rows_kq	no	yes
528760507	528764219	Device-to-Host	73728	Device	Pageable	13	cudaMemcpyAsync_v3020	mul_mat_vec_q	k_get_rows_kq	no	yes
528775515	528779099	Device-to-Host	73728	Device	Pageable	13	cudaMemcpyAsync_v3020	mul_mat_vec_q	k_get_rows_kq	no	yes
528790555	528794139	Device-to-Host	73728	Device	Pageable	13	cudaMemcpyAsync_v3020	mul_mat_vec_q	k_get_rows_kq	no	yes
528806523	528810075	Device-to-Host	73728	Device	Pageable	13	cudaMemcpyAsync_v3020	mul_mat_vec_q	k_get_rows_kq	no	yes
528822363	528825980	Device-to-Host	73728	Device	Pageable	13	cudaMemcpyAsync_v3020	mul_mat_vec_q	k_get_rows_kq	no	yes
528837468	528841436	Device-to-Host	73728	Device	Pageable	13	cudaMemcpyAsync_v3020	mul_mat_vec_q	k_get_rows_kq	no	yes
528853276	528856988	Device-to-Host	73728	Device	Pageable	13	cudaMemcpyAsync_v3020	mul_mat_vec_q	k_get_rows_kq	no	yes
528868732	528909372	Device-to-Host	1048576	Device	Pageable	13	cudaMemcpyAsync_v3020	mul_mat_vec_q	k_get_rows_kq	no	yes
528988957	529029693	Device-to-Host	1048576	Device	Pageable	13	cudaMemcpyAsync_v3020	mul_mat_vec_q	k_get_rows_kq	no	yes
529110174	529150814	Device-to-Host	1048576	Device	Pageable	13	cudaMemcpyAsync_v3020	mul_mat_vec_q	k_get_rows_kq	no	yes
529224574	529265407	Device-to-Host	1048576	Device	Pageable	13	cudaMemcpyAsync_v3020	mul_mat_vec_q	k_get_rows_kq	no	yes
529334463	529375135	Device-to-Host	1048576	Device	Pageable	13	cudaMemcpyAsync_v3020	mul_mat_vec_q	k_get_rows_kq	no	yes
529445216	529486208	Device-to-Host	1048576	Device	Pageable	13	cudaMemcpyAsync_v3020	mul_mat_vec_q	k_get_rows_kq	no	yes
529559233	529599841	Device-to-Host	1048576	Device	Pageable	13	cudaMemcpyAsync_v3020	mul_mat_vec_q	k_get_rows_kq	no	yes
529670722	529711458	Device-to-Host	1048576	Device	Pageable	13	cudaMemcpyAsync_v3020	mul_mat_vec_q	k_get_rows_kq	no	yes
529779586	529820163	Device-to-Host	1048576	Device	Pageable	13	cudaMemcpyAsync_v3020	mul_mat_vec_q	k_get_rows_kq	no	yes
529889123	529929923	Device-to-Host	1048576	Device	Pageable	13	cudaMemcpyAsync_v3020	mul_mat_vec_q	k_get_rows_kq	no	yes
529997124	530037700	Device-to-Host	1048576	Device	Pageable	13	cudaMemcpyAsync_v3020	mul_mat_vec_q	k_get_rows_kq	no	yes
530107205	530148069	Device-to-Host	1048576	Device	Pageable	13	cudaMemcpyAsync_v3020	mul_mat_vec_q	k_get_rows_kq	no	yes
530218757	530259366	Device-to-Host	1048576	Device	Pageable	13	cudaMemcpyAsync_v3020	mul_mat_vec_q	k_get_rows_kq	no	yes
530324390	530365222	Device-to-Host	1048576	Device	Pageable	13	cudaMemcpyAsync_v3020	mul_mat_vec_q	k_get_rows_kq	no	yes
530429127	530469703	Device-to-Host	1048576	Device	Pageable	13	cudaMemcpyAsync_v3020	mul_mat_vec_q	k_get_rows_kq	no	yes
530532232	530573064	Device-to-Host	1048576	Device	Pageable	13	cudaMemcpyAsync_v3020	mul_mat_vec_q	k_get_rows_kq	no	yes
530641128	530681737	Device-to-Host	1048576	Device	Pageable	13	cudaMemcpyAsync_v3020	mul_mat_vec_q	k_get_rows_kq	no	yes
530745161	530785929	Device-to-Host	1048576	Device	Pageable	13	cudaMemcpyAsync_v3020	mul_mat_vec_q	k_get_rows_kq	no	yes
531598511	531610767	Host-to-Device	262144	Pinned	Device	13	cudaMemcpyAsync_v3020	mul_mat_vec_q	k_get_rows_kq	no	yes
536558131	536580563	Host-to-Device	552960	Pageable	Device	13	cudaMemcpyAsync_v3020	rms_norm_f32	im2col_kernel	no	no
537281656	537283192	Device-to-Device	737280	Device	Device	15	cudaMemcpyAsync_v3020	convert_unary	im2col_kernel	no	yes
537313272	537314744	Device-to-Device	737280	Device	Device	15	cudaMemcpyAsync_v3020	convert_unary	k_bin_bcast	no	yes
537356664	537358136	Device-to-Device	737280	Device	Device	15	cudaMemcpyAsync_v3020	cpy_scalar	cpy_scalar	no	yes
542185563	542186811	Device-to-Device	368640	Device	Device	13	cudaMemcpyAsync_v3020	k_bin_bcast	rms_norm_f32	yes	yes
542887616	542900064	Host-to-Device	262144	Pinned	Device	13	cudaMemcpyAsync_v3020	k_bin_bcast	rms_norm_f32	no	yes
550272916	550285012	Host-to-Device	262144	Pinned	Device	13	cudaMemcpyAsync_v3020	rms_norm_f32	k_get_rows_kq	no	yes
554533363	554555699	Host-to-Device	552960	Pageable	Device	13	cudaMemcpyAsync_v3020	rms_norm_f32	rms_norm_f32	no	no
562501099	562502475	Device-to-Device	368640	Device	Device	13	cudaMemcpyAsync_v3020	rms_norm_f32	rms_norm_f32	yes	yes
563112240	563124688	Host-to-Device	262144	Pinned	Device	13	cudaMemcpyAsync_v3020	rms_norm_f32	rms_norm_f32	no	yes
570119714	570131874	Host-to-Device	262144	Pinned	Device	13	cudaMemcpyAsync_v3020	rms_norm_f32	k_get_rows_kq	no	yes
579075265	579097474	Device-to-Host	73728	Device	Pageable	13	cudaMemcpyAsync_v3020	rms_norm_f32	k_get_rows_kq	no	yes
579121602	579161634	Device-to-Host	73728	Device	Pageable	13	cudaMemcpyAsync_v3020	rms_norm_f32	k_get_rows_kq	no	yes
579182626	579197122	Device-to-Host	73728	Device	Pageable	13	cudaMemcpyAsync_v3020	rms_norm_f32	k_get_rows_kq	no	yes
579209442	579213826	Device-to-Host	73728	Device	Pageable	13	cudaMemcpyAsync_v3020	rms_norm_f32	k_get_rows_kq	no	yes
579224706	579229186	Device-to-Host	73728	Device	Pageable	13	cudaMemcpyAsync_v3020	rms_norm_f32	k_get_rows_kq	no	yes
579240323	579244003	Device-to-Host	73728	Device	Pageable	13	cudaMemcpyAsync_v3020	rms_norm_f32	k_get_rows_kq	no	yes
579254787	579258819	Device-to-Host	73728	Device	Pageable	13	cudaMemcpyAsync_v3020	rms_norm_f32	k_get_rows_kq	no	yes
579270499	579274915	Device-to-Host	73728	Device	Pageable	13	cudaMemcpyAsync_v3020	rms_norm_f32	k_get_rows_kq	no	yes
579286019	579290019	Device-to-Host	73728	Device	Pageable	13	cudaMemcpyAsync_v3020	rms_norm_f32	k_get_rows_kq	no	yes
579301667	579306595	Device-to-Host	73728	Device	Pageable	13	cudaMemcpyAsync_v3020	rms_norm_f32	k_get_rows_kq	no	yes
579322179	579330499	Device-to-Host	73728	Device	Pageable	13	cudaMemcpyAsync_v3020	rms_norm_f32	k_get_rows_kq	no	yes
579346083	579353923	Device-to-Host	73728	Device	Pageable	13	cudaMemcpyAsync_v3020	rms_norm_f32	k_get_rows_kq	no	yes
579365187	579369411	Device-to-Host	73728	Device	Pageable	13	cudaMemcpyAsync_v3020	rms_norm_f32	k_get_rows_kq	no	yes
579379876	579384100	Device-to-Host	73728	Device	Pageable	13	cudaMemcpyAsync_v3020	rms_norm_f32	k_get_rows_kq	no	yes
579395108	579398820	Device-to-Host	73728	Device	Pageable	13	cudaMemcpyAsync_v3020	rms_norm_f32	k_get_rows_kq	no	yes
579410180	579413924	Device-to-Host	73728	Device	Pageable	13	cudaMemcpyAsync_v3020	rms_norm_f32	k_get_rows_kq	no	yes
579424516	579428260	Device-to-Host	73728	Device	Pageable	13	cudaMemcpyAsync_v3020	rms_norm_f32	k_get_rows_kq	no	yes
579438660	579442372	Device-to-Host	73728	Device	Pageable	13	cudaMemcpyAsync_v3020	rms_norm_f32	k_get_rows_kq	no	yes
579453092	579493732	Device-to-Host	1048576	Device	Pageable	13	cudaMemcpyAsync_v3020	rms_norm_f32	k_get_rows_kq	no	yes
579563077	579604197	Device-to-Host	1048576	Device	Pageable	13	cudaMemcpyAsync_v3020	rms_norm_f32	k_get_rows_kq	no	yes
579676806	579717414	Device-to-Host	1048576	Device	Pageable	13	cudaMemcpyAsync_v3020	rms_norm_f32	k_get_rows_kq	no	yes
579783366	579824231	Device-to-Host	1048576	Device	Pageable	13	cudaMemcpyAsync_v3020	rms_norm_f32	k_get_rows_kq	no	yes
579884999	579925959	Device-to-Host	1048576	Device	Pageable	13	cudaMemcpyAsync_v3020	rms_norm_f32	k_get_rows_kq	no	yes
579986568	580027240	Device-to-Host	1048576	Device	Pageable	13	cudaMemcpyAsync_v3020	rms_norm_f32	k_get_rows_kq	no	yes
580090089	580130665	Device-to-Host	1048576	Device	Pageable	13	cudaMemcpyAsync_v3020	rms_norm_f32	k_get_rows_kq	no	yes
580190921	580231722	Device-to-Host	1048576	Device	Pageable	13	cudaMemcpyAsync_v3020	rms_norm_f32	k_get_rows_kq	no	yes
580293354	580334154	Device-to-Host	1048576	Device	Pageable	13	cudaMemcpyAsync_v3020	rms_norm_f32	k_get_rows_kq	no	yes
580396523	580437451	Device-to-Host	1048576	Device	Pageable	13	cudaMemcpyAsync_v3020	rms_norm_f32	k_get_rows_kq	no	yes
580498603	580539244	Device-to-Host	1048576	Device	Pageable	13	cudaMemcpyAsync_v3020	rms_norm_f32	k_get_rows_kq	no	yes
580601804	580642733	Device-to-Host	1048576	Device	Pageable	13	cudaMemcpyAsync_v3020	rms_norm_f32	k_get_rows_kq	no	yes
580703629	580744237	Device-to-Host	1048576	Device	Pageable	13	cudaMemcpyAsync_v3020	rms_norm_f32	k_get_rows_kq	no	yes
580807534	580848878	Device-to-Host	1048576	Device	Pageable	13	cudaMemcpyAsync_v3020	rms_norm_f32	k_get_rows_kq	no	yes
580910286	580951087	Device-to-Host	1048576	Device	Pageable	13	cudaMemcpyAsync_v3020	rms_norm_f32	k_get_rows_kq	no	yes
581012367	581053167	Device-to-Host	1048576	Device	Pageable	13	cudaMemcpyAsync_v3020	rms_norm_f32	k_get_rows_kq	no	yes
581115472	581156112	Device-to-Host	1048576	Device	Pageable	13	cudaMemcpyAsync_v3020	rms_norm_f32	k_get_rows_kq	no	yes
581218545	581259313	Device-to-Host	1048576	Device	Pageable	13	cudaMemcpyAsync_v3020	rms_norm_f32	k_get_rows_kq	no	yes
581942390	581954614	Host-to-Device	262144	Pinned	Device	13	cudaMemcpyAsync_v3020	rms_norm_f32	k_get_rows_kq	no	yes
587222715	587262108	Device-to-Host	993280	Device	Pinned	14	cudaMemcpyAsync_v3020	mul_mat_vec_q	k_get_rows_kq	no	no
588030337	588042529	Host-to-Device	262144	Pinned	Device	13	cudaMemcpyAsync_v3020	mul_mat_vec_q	k_get_rows_kq	no	yes
592875460	592914468	Device-to-Host	993280	Device	Pinned	14	cudaMemcpyAsync_v3020	mul_mat_vec_q	k_get_rows_kq	no	no
593176518	593188742	Host-to-Device	262144	Pinned	Device	13	cudaMemcpyAsync_v3020	mul_mat_vec_q	k_get_rows_kq	no	yes
599316434	599355410	Device-to-Host	993280	Device	Pinned	14	cudaMemcpyAsync_v3020	mul_mat_vec_q	k_get_rows_kq	no	no
599616436	599628660	Host-to-Device	262144	Pinned	Device	13	cudaMemcpyAsync_v3020	mul_mat_vec_q	k_get_rows_kq	no	yes
603883506	603922482	Device-to-Host	993280	Device	Pinned	14	cudaMemcpyAsync_v3020	mul_mat_vec_q	k_get_rows_kq	no	no
604177204	604189364	Host-to-Device	262144	Pinned	Device	13	cudaMemcpyAsync_v3020	mul_mat_vec_q	k_get_rows_kq	no	yes
608165905	608204945	Device-to-Host	993280	Device	Pinned	14	cudaMemcpyAsync_v3020	mul_mat_vec_q	k_get_rows_kq	no	no
608458131	608470611	Host-to-Device	262144	Pinned	Device	13	cudaMemcpyAsync_v3020	mul_mat_vec_q	k_get_rows_kq	no	yes
612639792	612692497	Device-to-Host	993280	Device	Pinned	14	cudaMemcpyAsync_v3020	mul_mat_vec_q	k_get_rows_kq	no	no
612951923	612969811	Host-to-Device	262144	Pinned	Device	13	cudaMemcpyAsync_v3020	mul_mat_vec_q	k_get_rows_kq	no	yes
617183313	617222225	Device-to-Host	993280	Device	Pinned	14	cudaMemcpyAsync_v3020	mul_mat_vec_q	k_get_rows_kq	no	no
617474035	617486451	Host-to-Device	262144	Pinned	Device	13	cudaMemcpyAsync_v3020	mul_mat_vec_q	k_get_rows_kq	no	yes
621497455	621536400	Device-to-Host	993280	Device	Pinned	14	cudaMemcpyAsync_v3020	mul_mat_vec_q	k_get_rows_kq	no	no
621791058	621803442	Host-to-Device	262144	Pinned	Device	13	cudaMemcpyAsync_v3020	mul_mat_vec_q	k_get_rows_kq	no	yes
625995920	626034928	Device-to-Host	993280	Device	Pinned	14	cudaMemcpyAsync_v3020	mul_mat_vec_q	k_get_rows_kq	no	no
626287314	626299794	Host-to-Device	262144	Pinned	Device	13	cudaMemcpyAsync_v3020	mul_mat_vec_q	k_get_rows_kq	no	yes
630296750	630335950	Device-to-Host	993280	Device	Pinned	14	cudaMemcpyAsync_v3020	mul_mat_vec_q	k_get_rows_kq	no	no
630817906	630830162	Host-to-Device	262144	Pinned	Device	13	cudaMemcpyAsync_v3020	mul_mat_vec_q	k_get_rows_kq	no	yes
634810574	634849583	Device-to-Host	993280	Device	Pinned	14	cudaMemcpyAsync_v3020	mul_mat_vec_q	k_get_rows_kq	no	no
635101744	635114096	Host-to-Device	262144	Pinned	Device	13	cudaMemcpyAsync_v3020	mul_mat_vec_q	k_get_rows_kq	no	yes
639331566	639370607	Device-to-Host	993280	Device	Pinned	14	cudaMemcpyAsync_v3020	mul_mat_vec_q	k_get_rows_kq	no	no
639625809	639639505	Host-to-Device	262144	Pinned	Device	13	cudaMemcpyAsync_v3020	mul_mat_vec_q	k_get_rows_kq	no	yes
643641613	643680621	Device-to-Host	993280	Device	Pinned	14	cudaMemcpyAsync_v3020	mul_mat_vec_q	k_get_rows_kq	no	no
643933999	643946319	Host-to-Device	262144	Pinned	Device	13	cudaMemcpyAsync_v3020	mul_mat_vec_q	k_get_rows_kq	no	yes
648134957	648173965	Device-to-Host	993280	Device	Pinned	14	cudaMemcpyAsync_v3020	mul_mat_vec_q	k_get_rows_kq	no	no
648426799	648439311	Host-to-Device	262144	Pinned	Device	13	cudaMemcpyAsync_v3020	mul_mat_vec_q	k_get_rows_kq	no	yes
652707150	652746190	Device-to-Host	993280	Device	Pinned	14	cudaMemcpyAsync_v3020	mul_mat_vec_q	k_get_rows_kq	no	no
652999280	653011600	Host-to-Device	262144	Pinned	Device	13	cudaMemcpyAsync_v3020	mul_mat_vec_q	k_get_rows_kq	no	yes
656980332	657019308	Device-to-Host	993280	Device	Pinned	14	cudaMemcpyAsync_v3020	mul_mat_vec_q	k_get_rows_kq	no	no
657270574	657282862	Host-to-Device	262144	Pinned	Device	13	cudaMemcpyAsync_v3020	mul_mat_vec_q	k_get_rows_kq	no	yes
661494156	661533165	Device-to-Host	993280	Device	Pinned	14	cudaMemcpyAsync_v3020	mul_mat_vec_q	k_get_rows_kq	no	no
661789486	661802030	Host-to-Device	262144	Pinned	Device	13	cudaMemcpyAsync_v3020	mul_mat_vec_q	k_get_rows_kq	no	yes
665820587	665859723	Device-to-Host	993280	Device	Pinned	14	cudaMemcpyAsync_v3020	mul_mat_vec_q	k_get_rows_kq	no	no
666165870	666178318	Host-to-Device	262144	Pinned	Device	13	cudaMemcpyAsync_v3020	mul_mat_vec_q	k_get_rows_kq	no	yes
670160330	670199370	Device-to-Host	993280	Device	Pinned	14	cudaMemcpyAsync_v3020	mul_mat_vec_q	k_get_rows_kq	no	no
670461164	670473612	Host-to-Device	262144	Pinned	Device	13	cudaMemcpyAsync_v3020	mul_mat_vec_q	k_get_rows_kq	no	yes
675603633	675642673	Device-to-Host	993280	Device	Pinned	14	cudaMemcpyAsync_v3020	mul_mat_vec_q	k_get_rows_kq	no	no
677271197	677283805	Host-to-Device	262144	Pinned	Device	13	cudaMemcpyAsync_v3020	mul_mat_vec_q	k_get_rows_kq	no	yes
681771549	681810525	Device-to-Host	993280	Device	Pinned	14	cudaMemcpyAsync_v3020	mul_mat_vec_q	k_get_rows_kq	no	no
682065183	682082911	Host-to-Device	262144	Pinned	Device	13	cudaMemcpyAsync_v3020	mul_mat_vec_q	k_get_rows_kq	no	yes
686087003	686126012	Device-to-Host	993280	Device	Pinned	14	cudaMemcpyAsync_v3020	mul_mat_vec_q	k_get_rows_kq	no	no
686429854	686442366	Host-to-Device	262144	Pinned	Device	13	cudaMemcpyAsync_v3020	mul_mat_vec_q	k_get_rows_kq	no	yes
690469467	690508411	Device-to-Host	993280	Device	Pinned	14	cudaMemcpyAsync_v3020	mul_mat_vec_q	k_get_rows_kq	no	no
690766045	690778365	Host-to-Device	262144	Pinned	Device	13	cudaMemcpyAsync_v3020	mul_mat_vec_q	k_get_rows_kq	no	yes
694988411	695027419	Device-to-Host	993280	Device	Pinned	14	cudaMemcpyAsync_v3020	mul_mat_vec_q	k_get_rows_kq	no	no
695280701	695293597	Host-to-Device	262144	Pinned	Device	13	cudaMemcpyAsync_v3020	mul_mat_vec_q	k_get_rows_kq	no	yes
699292313	699331354	Device-to-Host	993280	Device	Pinned	14	cudaMemcpyAsync_v3020	mul_mat_vec_q	k_get_rows_kq	no	no
699582652	699594972	Host-to-Device	262144	Pinned	Device	13	cudaMemcpyAsync_v3020	mul_mat_vec_q	k_get_rows_kq	no	yes
703796602	703835738	Device-to-Host	993280	Device	Pinned	14	cudaMemcpyAsync_v3020	mul_mat_vec_q	k_get_rows_kq	no	no
704221885	704234045	Host-to-Device	262144	Pinned	Device	13	cudaMemcpyAsync_v3020	mul_mat_vec_q	k_get_rows_kq	no	yes
708512475	708551483	Device-to-Host	993280	Device	Pinned	14	cudaMemcpyAsync_v3020	mul_mat_vec_q	k_get_rows_kq	no	no
708822909	708835197	Host-to-Device	262144	Pinned	Device	13	cudaMemcpyAsync_v3020	mul_mat_vec_q	k_get_rows_kq	no	yes
712809210	712848218	Device-to-Host	993280	Device	Pinned	14	cudaMemcpyAsync_v3020	mul_mat_vec_q	k_get_rows_kq	no	no
713166044	713178332	Host-to-Device	262144	Pinned	Device	13	cudaMemcpyAsync_v3020	mul_mat_vec_q	k_get_rows_kq	no	yes
717371162	717410171	Device-to-Host	993280	Device	Pinned	14	cudaMemcpyAsync_v3020	mul_mat_vec_q	k_get_rows_kq	no	no
717673372	717685660	Host-to-Device	262144	Pinned	Device	13	cudaMemcpyAsync_v3020	mul_mat_vec_q	k_get_rows_kq	no	yes
721959739	721998747	Device-to-Host	993280	Device	Pinned	14	cudaMemcpyAsync_v3020	mul_mat_vec_q	k_get_rows_kq	no	no
722306141	722319293	Host-to-Device	262144	Pinned	Device	13	cudaMemcpyAsync_v3020	mul_mat_vec_q	k_get_rows_kq	no	yes
726299482	726338490	Device-to-Host	993280	Device	Pinned	14	cudaMemcpyAsync_v3020	mul_mat_vec_q	k_get_rows_kq	no	no
726599388	726611740	Host-to-Device	262144	Pinned	Device	13	cudaMemcpyAsync_v3020	mul_mat_vec_q	k_get_rows_kq	no	yes
730766202	730805210	Device-to-Host	993280	Device	Pinned	14	cudaMemcpyAsync_v3020	mul_mat_vec_q	k_get_rows_kq	no	no
731069596	731081884	Host-to-Device	262144	Pinned	Device	13	cudaMemcpyAsync_v3020	mul_mat_vec_q	k_get_rows_kq	no	yes
735302554	735341402	Device-to-Host	993280	Device	Pinned	14	cudaMemcpyAsync_v3020	mul_mat_vec_q	k_get_rows_kq	no	no
735613820	735626076	Host-to-Device	262144	Pinned	Device	13	cudaMemcpyAsync_v3020	mul_mat_vec_q	k_get_rows_kq	no	yes
739623865	739662905	Device-to-Host	993280	Device	Pinned	14	cudaMemcpyAsync_v3020	mul_mat_vec_q	k_get_rows_kq	no	no
739925627	739938523	Host-to-Device	262144	Pinned	Device	13	cudaMemcpyAsync_v3020	mul_mat_vec_q	k_get_rows_kq	no	yes
744145881	744184825	Device-to-Host	993280	Device	Pinned	14	cudaMemcpyAsync_v3020	mul_mat_vec_q	k_get_rows_kq	no	no
744441595	744453819	Host-to-Device	262144	Pinned	Device	13	cudaMemcpyAsync_v3020	mul_mat_vec_q	k_get_rows_kq	no	yes
748456952	748496024	Device-to-Host	993280	Device	Pinned	14	cudaMemcpyAsync_v3020	mul_mat_vec_q	k_get_rows_kq	no	no
748802746	748815034	Host-to-Device	262144	Pinned	Device	13	cudaMemcpyAsync_v3020	mul_mat_vec_q	k_get_rows_kq	no	yes
752799767	752838807	Device-to-Host	993280	Device	Pinned	14	cudaMemcpyAsync_v3020	mul_mat_vec_q	k_get_rows_kq	no	no
753096089	753108537	Host-to-Device	262144	Pinned	Device	13	cudaMemcpyAsync_v3020	mul_mat_vec_q	k_get_rows_kq	no	yes
757330679	757369719	Device-to-Host	993280	Device	Pinned	14	cudaMemcpyAsync_v3020	mul_mat_vec_q	k_get_rows_kq	no	no
757625209	757637529	Host-to-Device	262144	Pinned	Device	13	cudaMemcpyAsync_v3020	mul_mat_vec_q	k_get_rows_kq	no	yes
761625685	761664822	Device-to-Host	993280	Device	Pinned	14	cudaMemcpyAsync_v3020	mul_mat_vec_q	k_get_rows_kq	no	no
761920791	761933016	Host-to-Device	262144	Pinned	Device	13	cudaMemcpyAsync_v3020	mul_mat_vec_q	k_get_rows_kq	no	yes
766199926	766238902	Device-to-Host	993280	Device	Pinned	14	cudaMemcpyAsync_v3020	mul_mat_vec_q	k_get_rows_kq	no	no
766491928	766504152	Host-to-Device	262144	Pinned	Device	13	cudaMemcpyAsync_v3020	mul_mat_vec_q	k_get_rows_kq	no	yes
770500757	770539797	Device-to-Host	993280	Device	Pinned	14	cudaMemcpyAsync_v3020	mul_mat_vec_q	k_get_rows_kq	no	no
770854263	770866487	Host-to-Device	262144	Pinned	Device	13	cudaMemcpyAsync_v3020	mul_mat_vec_q	k_get_rows_kq	no	yes
776797057	776836162	Device-to-Host	993280	Device	Pinned	14	cudaMemcpyAsync_v3020	mul_mat_vec_q	k_get_rows_kq	no	no
777874057	777886217	Host-to-Device	262144	Pinned	Device	13	cudaMemcpyAsync_v3020	mul_mat_vec_q	k_get_rows_kq	no	yes
781904102	781943110	Device-to-Host	993280	Device	Pinned	14	cudaMemcpyAsync_v3020	mul_mat_vec_q	k_get_rows_kq	no	no
782206088	782218472	Host-to-Device	262144	Pinned	Device	13	cudaMemcpyAsync_v3020	mul_mat_vec_q	k_get_rows_kq	no	yes
786511111	786550119	Device-to-Host	993280	Device	Pinned	14	cudaMemcpyAsync_v3020	mul_mat_vec_q	k_get_rows_kq	no	no
786807049	786819241	Host-to-Device	262144	Pinned	Device	13	cudaMemcpyAsync_v3020	mul_mat_vec_q	k_get_rows_kq	no	yes
791086375	791125383	Device-to-Host	993280	Device	Pinned	14	cudaMemcpyAsync_v3020	mul_mat_vec_q	k_get_rows_kq	no	no
791381321	791393545	Host-to-Device	262144	Pinned	Device	13	cudaMemcpyAsync_v3020	mul_mat_vec_q	k_get_rows_kq	no	yes
795359846	795398822	Device-to-Host	993280	Device	Pinned	14	cudaMemcpyAsync_v3020	mul_mat_vec_q	k_get_rows_kq	no	no
795654824	795667112	Host-to-Device	262144	Pinned	Device	13	cudaMemcpyAsync_v3020	mul_mat_vec_q	k_get_rows_kq	no	yes
799844710	799883814	Device-to-Host	993280	Device	Pinned	14	cudaMemcpyAsync_v3020	mul_mat_vec_q	k_get_rows_kq	no	no
800134152	800146280	Host-to-Device	262144	Pinned	Device	13	cudaMemcpyAsync_v3020	mul_mat_vec_q	k_get_rows_kq	no	yes
804147588	804186596	Device-to-Host	993280	Device	Pinned	14	cudaMemcpyAsync_v3020	mul_mat_vec_q	k_get_rows_kq	no	no
931767953	931772881	Device-to-Host	88128	Device	Pageable	13	cudaMemcpyAsync_v3020	mul_mat_vec_q	k_get_rows_kq	no	no
931792497	931797393	Device-to-Host	88128	Device	Pageable	13	cudaMemcpyAsync_v3020	mul_mat_vec_q	k_get_rows_kq	no	no
931812881	931817361	Device-to-Host	88128	Device	Pageable	13	cudaMemcpyAsync_v3020	mul_mat_vec_q	k_get_rows_kq	no	no
931831634	931836082	Device-to-Host	88128	Device	Pageable	13	cudaMemcpyAsync_v3020	mul_mat_vec_q	k_get_rows_kq	no	no
931849202	931853682	Device-to-Host	88128	Device	Pageable	13	cudaMemcpyAsync_v3020	mul_mat_vec_q	k_get_rows_kq	no	no
931866418	931870834	Device-to-Host	88128	Device	Pageable	13	cudaMemcpyAsync_v3020	mul_mat_vec_q	k_get_rows_kq	no	no
931963154	931967090	Device-to-Host	73728	Device	Pageable	13	cudaMemcpyAsync_v3020	mul_mat_vec_q	k_get_rows_kq	no	yes
931980755	931984435	Device-to-Host	73728	Device	Pageable	13	cudaMemcpyAsync_v3020	mul_mat_vec_q	k_get_rows_kq	no	yes
931996019	931999699	Device-to-Host	73728	Device	Pageable	13	cudaMemcpyAsync_v3020	mul_mat_vec_q	k_get_rows_kq	no	yes
932011571	932015155	Device-to-Host	73728	Device	Pageable	13	cudaMemcpyAsync_v3020	mul_mat_vec_q	k_get_rows_kq	no	yes
932027923	932031539	Device-to-Host	73728	Device	Pageable	13	cudaMemcpyAsync_v3020	mul_mat_vec_q	k_get_rows_kq	no	yes
932043475	932047123	Device-to-Host	73728	Device	Pageable	13	cudaMemcpyAsync_v3020	mul_mat_vec_q	k_get_rows_kq	no	yes
932058547	932062131	Device-to-Host	73728	Device	Pageable	13	cudaMemcpyAsync_v3020	mul_mat_vec_q	k_get_rows_kq	no	yes
932074099	932077779	Device-to-Host	73728	Device	Pageable	13	cudaMemcpyAsync_v3020	mul_mat_vec_q	k_get_rows_kq	no	yes
932089075	932092659	Device-to-Host	73728	Device	Pageable	13	cudaMemcpyAsync_v3020	mul_mat_vec_q	k_get_rows_kq	no	yes
932103859	932107443	Device-to-Host	73728	Device	Pageable	13	cudaMemcpyAsync_v3020	mul_mat_vec_q	k_get_rows_kq	no	yes
932118964	932122548	Device-to-Host	73728	Device	Pageable	13	cudaMemcpyAsync_v3020	mul_mat_vec_q	k_get_rows_kq	no	yes
932135476	932139156	Device-to-Host	73728	Device	Pageable	13	cudaMemcpyAsync_v3020	mul_mat_vec_q	k_get_rows_kq	no	yes
932150612	932154196	Device-to-Host	73728	Device	Pageable	13	cudaMemcpyAsync_v3020	mul_mat_vec_q	k_get_rows_kq	no	yes
932165428	932169044	Device-to-Host	73728	Device	Pageable	13	cudaMemcpyAsync_v3020	mul_mat_vec_q	k_get_rows_kq	no	yes
932180404	932184084	Device-to-Host	73728	Device	Pageable	13	cudaMemcpyAsync_v3020	mul_mat_vec_q	k_get_rows_kq	no	yes
932195604	932199220	Device-to-Host	73728	Device	Pageable	13	cudaMemcpyAsync_v3020	mul_mat_vec_q	k_get_rows_kq	no	yes
932210676	932214228	Device-to-Host	73728	Device	Pageable	13	cudaMemcpyAsync_v3020	mul_mat_vec_q	k_get_rows_kq	no	yes
932225364	932229236	Device-to-Host	73728	Device	Pageable	13	cudaMemcpyAsync_v3020	mul_mat_vec_q	k_get_rows_kq	no	yes
932240628	932281237	Device-to-Host	1048576	Device	Pageable	13	cudaMemcpyAsync_v3020	mul_mat_vec_q	k_get_rows_kq	no	yes
932364341	932405142	Device-to-Host	1048576	Device	Pageable	13	cudaMemcpyAsync_v3020	mul_mat_vec_q	k_get_rows_kq	no	yes
932491894	932532886	Device-to-Host	1048576	Device	Pageable	13	cudaMemcpyAsync_v3020	mul_mat_vec_q	k_get_rows_kq	no	yes
932612343	932653207	Device-to-Host	1048576	Device	Pageable	13	cudaMemcpyAsync_v3020	mul_mat_vec_q	k_get_rows_kq	no	yes
932723096	932763704	Device-to-Host	1048576	Device	Pageable	13	cudaMemcpyAsync_v3020	mul_mat_vec_q	k_get_rows_kq	no	yes
932831353	932872089	Device-to-Host	1048576	Device	Pageable	13	cudaMemcpyAsync_v3020	mul_mat_vec_q	k_get_rows_kq	no	yes
932934873	932975482	Device-to-Host	1048576	Device	Pageable	13	cudaMemcpyAsync_v3020	mul_mat_vec_q	k_get_rows_kq	no	yes
933040922	933081658	Device-to-Host	1048576	Device	Pageable	13	cudaMemcpyAsync_v3020	mul_mat_vec_q	k_get_rows_kq	no	yes
933144571	933185147	Device-to-Host	1048576	Device	Pageable	13	cudaMemcpyAsync_v3020	mul_mat_vec_q	k_get_rows_kq	no	yes
933248636	933289532	Device-to-Host	1048576	Device	Pageable	13	cudaMemcpyAsync_v3020	mul_mat_vec_q	k_get_rows_kq	no	yes
933352508	933393117	Device-to-Host	1048576	Device	Pageable	13	cudaMemcpyAsync_v3020	mul_mat_vec_q	k_get_rows_kq	no	yes
933456957	933497885	Device-to-Host	1048576	Device	Pageable	13	cudaMemcpyAsync_v3020	mul_mat_vec_q	k_get_rows_kq	no	yes
933559454	933600030	Device-to-Host	1048576	Device	Pageable	13	cudaMemcpyAsync_v3020	mul_mat_vec_q	k_get_rows_kq	no	yes
933665631	933706495	Device-to-Host	1048576	Device	Pageable	13	cudaMemcpyAsync_v3020	mul_mat_vec_q	k_get_rows_kq	no	yes
933769791	933810432	Device-to-Host	1048576	Device	Pageable	13	cudaMemcpyAsync_v3020	mul_mat_vec_q	k_get_rows_kq	no	yes
933871936	933912704	Device-to-Host	1048576	Device	Pageable	13	cudaMemcpyAsync_v3020	mul_mat_vec_q	k_get_rows_kq	no	yes
933977281	934017953	Device-to-Host	1048576	Device	Pageable	13	cudaMemcpyAsync_v3020	mul_mat_vec_q	k_get_rows_kq	no	yes
934079554	934120290	Device-to-Host	1048576	Device	Pageable	13	cudaMemcpyAsync_v3020	mul_mat_vec_q	k_get_rows_kq	no	yes
935108521	935120777	Host-to-Device	262144	Pinned	Device	13	cudaMemcpyAsync_v3020	mul_mat_vec_q	k_get_rows_kq	no	yes
942462429	942506174	Host-to-Device	1081344	Pageable	Device	13	cudaMemcpyAsync_v3020	rms_norm_f32	im2col_kernel	no	yes
942627518	942629246	Device-to-Device	1441792	Device	Device	15	cudaMemcpyAsync_v3020	convert_unary	im2col_kernel	no	yes
942663199	942664863	Device-to-Device	1441792	Device	Device	15	cudaMemcpyAsync_v3020	convert_unary	k_bin_bcast	no	yes
942729695	942731359	Device-to-Device	1441792	Device	Device	15	cudaMemcpyAsync_v3020	cpy_scalar	cpy_scalar	no	yes
949446095	949447791	Device-to-Device	720896	Device	Device	13	cudaMemcpyAsync_v3020	k_bin_bcast	rms_norm_f32	yes	yes
950094004	950106228	Host-to-Device	262144	Pinned	Device	13	cudaMemcpyAsync_v3020	k_bin_bcast	rms_norm_f32	no	yes
959140244	959152404	Host-to-Device	262144	Pinned	Device	13	cudaMemcpyAsync_v3020	rms_norm_f32	k_get_rows_kq	no	yes
964283033	964312409	Host-to-Device	737280	Pageable	Device	13	cudaMemcpyAsync_v3020	rms_norm_f32	im2col_kernel	no	yes
964474426	964476186	Device-to-Device	983040	Device	Device	15	cudaMemcpyAsync_v3020	convert_unary	im2col_kernel	no	yes
964491354	964493082	Device-to-Device	983040	Device	Device	15	cudaMemcpyAsync_v3020	convert_unary	k_bin_bcast	no	yes
964536282	964538010	Device-to-Device	983040	Device	Device	15	cudaMemcpyAsync_v3020	cpy_scalar	cpy_scalar	no	yes
969889537	969891137	Device-to-Device	491520	Device	Device	13	cudaMemcpyAsync_v3020	k_bin_bcast	rms_norm_f32	yes	yes
970518597	970533829	Host-to-Device	262144	Pinned	Device	13	cudaMemcpyAsync_v3020	k_bin_bcast	rms_norm_f32	no	yes
981515795	981527827	Host-to-Device	262144	Pinned	Device	13	cudaMemcpyAsync_v3020	rms_norm_f32	k_get_rows_kq	no	yes
987358365	987362429	Device-to-Host	73728	Device	Pageable	13	cudaMemcpyAsync_v3020	rms_norm_f32	k_get_rows_kq	no	yes
987376669	987380797	Device-to-Host	73728	Device	Pageable	13	cudaMemcpyAsync_v3020	rms_norm_f32	k_get_rows_kq	no	yes
987393245	987397181	Device-to-Host	73728	Device	Pageable	13	cudaMemcpyAsync_v3020	rms_norm_f32	k_get_rows_kq	no	yes
987408637	987412221	Device-to-Host	73728	Device	Pageable	13	cudaMemcpyAsync_v3020	rms_norm_f32	k_get_rows_kq	no	yes
987423709	987427325	Device-to-Host	73728	Device	Pageable	13	cudaMemcpyAsync_v3020	rms_norm_f32	k_get_rows_kq	no	yes
987439230	987442878	Device-to-Host	73728	Device	Pageable	13	cudaMemcpyAsync_v3020	rms_norm_f32	k_get_rows_kq	no	yes
987455006	987458590	Device-to-Host	73728	Device	Pageable	13	cudaMemcpyAsync_v3020	rms_norm_f32	k_get_rows_kq	no	yes
987470430	987474110	Device-to-Host	73728	Device	Pageable	13	cudaMemcpyAsync_v3020	rms_norm_f32	k_get_rows_kq	no	yes
987484574	987488190	Device-to-Host	73728	Device	Pageable	13	cudaMemcpyAsync_v3020	rms_norm_f32	k_get_rows_kq	no	yes
987498846	987502430	Device-to-Host	73728	Device	Pageable	13	cudaMemcpyAsync_v3020	rms_norm_f32	k_get_rows_kq	no	yes
987513246	987516830	Device-to-Host	73728	Device	Pageable	13	cudaMemcpyAsync_v3020	rms_norm_f32	k_get_rows_kq	no	yes
987527934	987531806	Device-to-Host	73728	Device	Pageable	13	cudaMemcpyAsync_v3020	rms_norm_f32	k_get_rows_kq	no	yes
987542654	987546302	Device-to-Host	73728	Device	Pageable	13	cudaMemcpyAsync_v3020	rms_norm_f32	k_get_rows_kq	no	yes
987557438	987561310	Device-to-Host	73728	Device	Pageable	13	cudaMemcpyAsync_v3020	rms_norm_f32	k_get_rows_kq	no	yes
987572286	987576158	Device-to-Host	73728	Device	Pageable	13	cudaMemcpyAsync_v3020	rms_norm_f32	k_get_rows_kq	no	yes
987587679	987591231	Device-to-Host	73728	Device	Pageable	13	cudaMemcpyAsync_v3020	rms_norm_f32	k_get_rows_kq	no	yes
987602143	987605695	Device-to-Host	73728	Device	Pageable	13	cudaMemcpyAsync_v3020	rms_norm_f32	k_get_rows_kq	no	yes
987616255	987619999	Device-to-Host	73728	Device	Pageable	13	cudaMemcpyAsync_v3020	rms_norm_f32	k_get_rows_kq	no	yes
987630847	987671423	Device-to-Host	1048576	Device	Pageable	13	cudaMemcpyAsync_v3020	rms_norm_f32	k_get_rows_kq	no	yes
987744608	987785344	Device-to-Host	1048576	Device	Pageable	13	cudaMemcpyAsync_v3020	rms_norm_f32	k_get_rows_kq	no	yes
987858624	987899265	Device-to-Host	1048576	Device	Pageable	13	cudaMemcpyAsync_v3020	rms_norm_f32	k_get_rows_kq	no	yes
987967105	988007906	Device-to-Host	1048576	Device	Pageable	13	cudaMemcpyAsync_v3020	rms_norm_f32	k_get_rows_kq	no	yes
988068738	988109314	Device-to-Host	1048576	Device	Pageable	13	cudaMemcpyAsync_v3020	rms_norm_f32	k_get_rows_kq	no	yes
988170403	988211139	Device-to-Host	1048576	Device	Pageable	13	cudaMemcpyAsync_v3020	rms_norm_f32	k_get_rows_kq	no	yes
988274659	988315236	Device-to-Host	1048576	Device	Pageable	13	cudaMemcpyAsync_v3020	rms_norm_f32	k_get_rows_kq	no	yes
988375140	988416164	Device-to-Host	1048576	Device	Pageable	13	cudaMemcpyAsync_v3020	rms_norm_f32	k_get_rows_kq	no	yes
988479621	988520485	Device-to-Host	1048576	Device	Pageable	13	cudaMemcpyAsync_v3020	rms_norm_f32	k_get_rows_kq	no	yes
988582918	988623814	Device-to-Host	1048576	Device	Pageable	13	cudaMemcpyAsync_v3020	rms_norm_f32	k_get_rows_kq	no	yes
988688454	988729415	Device-to-Host	1048576	Device	Pageable	13	cudaMemcpyAsync_v3020	rms_norm_f32	k_get_rows_kq	no	yes
988791975	988832807	Device-to-Host	1048576	Device	Pageable	13	cudaMemcpyAsync_v3020	rms_norm_f32	k_get_rows_kq	no	yes
988893096	988933672	Device-to-Host	1048576	Device	Pageable	13	cudaMemcpyAsync_v3020	rms_norm_f32	k_get_rows_kq	no	yes
988994537	989035337	Device-to-Host	1048576	Device	Pageable	13	cudaMemcpyAsync_v3020	rms_norm_f32	k_get_rows_kq	no	yes
989097193	989137898	Device-to-Host	1048576	Device	Pageable	13	cudaMemcpyAsync_v3020	rms_norm_f32	k_get_rows_kq	no	yes
989199946	989240746	Device-to-Host	1048576	Device	Pageable	13	cudaMemcpyAsync_v3020	rms_norm_f32	k_get_rows_kq	no	yes
989302763	989343371	Device-to-Host	1048576	Device	Pageable	13	cudaMemcpyAsync_v3020	rms_norm_f32	k_get_rows_kq	no	yes
989404812	989445516	Device-to-Host	1048576	Device	Pageable	13	cudaMemcpyAsync_v3020	rms_norm_f32	k_get_rows_kq	no	yes
990078000	990090288	Host-to-Device	262144	Pinned	Device	13	cudaMemcpyAsync_v3020	rms_norm_f32	k_get_rows_kq	no	yes
995279381	995318390	Device-to-Host	993280	Device	Pinned	14	cudaMemcpyAsync_v3020	mul_mat_vec_q	k_get_rows_kq	no	no
996584351	996596543	Host-to-Device	262144	Pinned	Device	13	cudaMemcpyAsync_v3020	mul_mat_vec_q	k_get_rows_kq	no	yes
1001294400	1001333376	Device-to-Host	993280	Device	Pinned	14	cudaMemcpyAsync_v3020	mul_mat_vec_q	k_get_rows_kq	no	no
1001601186	1001613442	Host-to-Device	262144	Pinned	Device	13	cudaMemcpyAsync_v3020	mul_mat_vec_q	k_get_rows_kq	no	yes
1007778606	1007817615	Device-to-Host	993280	Device	Pinned	14	cudaMemcpyAsync_v3020	mul_mat_vec_q	k_get_rows_kq	no	no
1008085393	1008097873	Host-to-Device	262144	Pinned	Device	13	cudaMemcpyAsync_v3020	mul_mat_vec_q	k_get_rows_kq	no	yes
1012105037	1012144077	Device-to-Host	993280	Device	Pinned	14	cudaMemcpyAsync_v3020	mul_mat_vec_q	k_get_rows_kq	no	no
1012403311	1012415599	Host-to-Device	262144	Pinned	Device	13	cudaMemcpyAsync_v3020	mul_mat_vec_q	k_get_rows_kq	no	yes
1016631149	1016670158	Device-to-Host	993280	Device	Pinned	14	cudaMemcpyAsync_v3020	mul_mat_vec_q	k_get_rows_kq	no	no
1016930640	1016942832	Host-to-Device	262144	Pinned	Device	13	cudaMemcpyAsync_v3020	mul_mat_vec_q	k_get_rows_kq	no	yes
1021094797	1021133805	Device-to-Host	993280	Device	Pinned	14	cudaMemcpyAsync_v3020	mul_mat_vec_q	k_get_rows_kq	no	no
1021428880	1021441360	Host-to-Device	262144	Pinned	Device	13	cudaMemcpyAsync_v3020	mul_mat_vec_q	k_get_rows_kq	no	yes
1025412012	1025451628	Device-to-Host	993280	Device	Pinned	14	cudaMemcpyAsync_v3020	mul_mat_vec_q	k_get_rows_kq	no	no
1025730990	1025743662	Host-to-Device	262144	Pinned	Device	13	cudaMemcpyAsync_v3020	mul_mat_vec_q	k_get_rows_kq	no	yes
1029943244	1029982220	Device-to-Host	993280	Device	Pinned	14	cudaMemcpyAsync_v3020	mul_mat_vec_q	k_get_rows_kq	no	no
1030239694	1030251886	Host-to-Device	262144	Pinned	Device	13	cudaMemcpyAsync_v3020	mul_mat_vec_q	k_get_rows_kq	no	yes
1034516461	1034555469	Device-to-Host	993280	Device	Pinned	14	cudaMemcpyAsync_v3020	mul_mat_vec_q	k_get_rows_kq	no	no
1034812847	1034825071	Host-to-Device	262144	Pinned	Device	13	cudaMemcpyAsync_v3020	mul_mat_vec_q	k_get_rows_kq	no	yes
1038791691	1038830731	Device-to-Host	993280	Device	Pinned	14	cudaMemcpyAsync_v3020	mul_mat_vec_q	k_get_rows_kq	no	no
1039088557	1039101101	Host-to-Device	262144	Pinned	Device	13	cudaMemcpyAsync_v3020	mul_mat_vec_q	k_get_rows_kq	no	yes
1043316779	1043355788	Device-to-Host	993280	Device	Pinned	14	cudaMemcpyAsync_v3020	mul_mat_vec_q	k_get_rows_kq	no	no
1043611246	1043623502	Host-to-Device	262144	Pinned	Device	13	cudaMemcpyAsync_v3020	mul_mat_vec_q	k_get_rows_kq	no	yes
1047876684	1047915692	Device-to-Host	993280	Device	Pinned	14	cudaMemcpyAsync_v3020	mul_mat_vec_q	k_get_rows_kq	no	no
1048173262	1048185582	Host-to-Device	262144	Pinned	Device	13	cudaMemcpyAsync_v3020	mul_mat_vec_q	k_get_rows_kq	no	yes
1052157034	1052196011	Device-to-Host	993280	Device	Pinned	14	cudaMemcpyAsync_v3020	mul_mat_vec_q	k_get_rows_kq	no	no
1052453741	1052468141	Host-to-Device	262144	Pinned	Device	13	cudaMemcpyAsync_v3020	mul_mat_vec_q	k_get_rows_kq	no	yes
1056627850	1056666859	Device-to-Host	993280	Device	Pinned	14	cudaMemcpyAsync_v3020	mul_mat_vec_q	k_get_rows_kq	no	no
1056924620	1056937228	Host-to-Device	262144	Pinned	Device	13	cudaMemcpyAsync_v3020	mul_mat_vec_q	k_get_rows_kq	no	yes
1060946089	1060985129	Device-to-Host	993280	Device	Pinned	14	cudaMemcpyAsync_v3020	mul_mat_vec_q	k_get_rows_kq	no	no
1061252779	1061265771	Host-to-Device	262144	Pinned	Device	13	cudaMemcpyAsync_v3020	mul_mat_vec_q	k_get_rows_kq	no	yes
1065458889	1065497897	Device-to-Host	993280	Device	Pinned	14	cudaMemcpyAsync_v3020	mul_mat_vec_q	k_get_rows_kq	no	no
1065758763	1065771243	Host-to-Device	262144	Pinned	Device	13	cudaMemcpyAsync_v3020	mul_mat_vec_q	k_get_rows_kq	no	yes
1069748456	1069787464	Device-to-Host	993280	Device	Pinned	14	cudaMemcpyAsync_v3020	mul_mat_vec_q	k_get_rows_kq	no	no
1070044810	1070059114	Host-to-Device	262144	Pinned	Device	13	cudaMemcpyAsync_v3020	mul_mat_vec_q	k_get_rows_kq	no	yes
1075295183	1075334319	Device-to-Host	993280	Device	Pinned	14	cudaMemcpyAsync_v3020	mul_mat_vec_q	k_get_rows_kq	no	no
1076989659	1077001819	Host-to-Device	262144	Pinned	Device	13	cudaMemcpyAsync_v3020	mul_mat_vec_q	k_get_rows_kq	no	yes
1081054520	1081093624	Device-to-Host	993280	Device	Pinned	14	cudaMemcpyAsync_v3020	mul_mat_vec_q	k_get_rows_kq	no	no
1081350106	1081362362	Host-to-Device	262144	Pinned	Device	13	cudaMemcpyAsync_v3020	mul_mat_vec_q	k_get_rows_kq	no	yes
1085760858	1085799866	Device-to-Host	993280	Device	Pinned	14	cudaMemcpyAsync_v3020	mul_mat_vec_q	k_get_rows_kq	no	no
1086058908	1086071228	Host-to-Device	262144	Pinned	Device	13	cudaMemcpyAsync_v3020	mul_mat_vec_q	k_get_rows_kq	no	yes
1090358650	1090397627	Device-to-Host	993280	Device	Pinned	14	cudaMemcpyAsync_v3020	mul_mat_vec_q	k_get_rows_kq	no	no
1090659037	1090671357	Host-to-Device	262144	Pinned	Device	13	cudaMemcpyAsync_v3020	mul_mat_vec_q	k_get_rows_kq	no	yes
1094640025	1094679033	Device-to-Host	993280	Device	Pinned	14	cudaMemcpyAsync_v3020	mul_mat_vec_q	k_get_rows_kq	no	no
1094947547	1094961435	Host-to-Device	262144	Pinned	Device	13	cudaMemcpyAsync_v3020	mul_mat_vec_q	k_get_rows_kq	no	yes
1099149753	1099188793	Device-to-Host	993280	Device	Pinned	14	cudaMemcpyAsync_v3020	mul_mat_vec_q	k_get_rows_kq	no	no
1099441723	1099453883	Host-to-Device	262144	Pinned	Device	13	cudaMemcpyAsync_v3020	mul_mat_vec_q	k_get_rows_kq	no	yes
1103709658	1103751130	Device-to-Host	993280	Device	Pinned	14	cudaMemcpyAsync_v3020	mul_mat_vec_q	k_get_rows_kq	no	no
1104029980	1104043292	Host-to-Device	262144	Pinned	Device	13	cudaMemcpyAsync_v3020	mul_mat_vec_q	k_get_rows_kq	no	yes
1108020728	1108059641	Device-to-Host	993280	Device	Pinned	14	cudaMemcpyAsync_v3020	mul_mat_vec_q	k_get_rows_kq	no	no
1108317658	1108330042	Host-to-Device	262144	Pinned	Device	13	cudaMemcpyAsync_v3020	mul_mat_vec_q	k_get_rows_kq	no	yes
1112547864	1112586873	Device-to-Host	993280	Device	Pinned	14	cudaMemcpyAsync_v3020	mul_mat_vec_q	k_get_rows_kq	no	no
1112853627	1112865883	Host-to-Device	262144	Pinned	Device	13	cudaMemcpyAsync_v3020	mul_mat_vec_q	k_get_rows_kq	no	yes
1116867127	1116906168	Device-to-Host	993280	Device	Pinned	14	cudaMemcpyAsync_v3020	mul_mat_vec_q	k_get_rows_kq	no	no
1117230586	1117242810	Host-to-Device	262144	Pinned	Device	13	cudaMemcpyAsync_v3020	mul_mat_vec_q	k_get_rows_kq	no	yes
1121227350	1121266327	Device-to-Host	993280	Device	Pinned	14	cudaMemcpyAsync_v3020	mul_mat_vec_q	k_get_rows_kq	no	no
1121524824	1121537592	Host-to-Device	262144	Pinned	Device	13	cudaMemcpyAsync_v3020	mul_mat_vec_q	k_get_rows_kq	no	yes
1125728886	1125767895	Device-to-Host	993280	Device	Pinned	14	cudaMemcpyAsync_v3020	mul_mat_vec_q	k_get_rows_kq	no	no
1126026712	1126039193	Host-to-Device	262144	Pinned	Device	13	cudaMemcpyAsync_v3020	mul_mat_vec_q	k_get_rows_kq	no	yes
1130038933	1130078037	Device-to-Host	993280	Device	Pinned	14	cudaMemcpyAsync_v3020	mul_mat_vec_q	k_get_rows_kq	no	no
1130332791	1130345175	Host-to-Device	262144	Pinned	Device	13	cudaMemcpyAsync_v3020	mul_mat_vec_q	k_get_rows_kq	no	yes
1134554805	1134593813	Device-to-Host	993280	Device	Pinned	14	cudaMemcpyAsync_v3020	mul_mat_vec_q	k_get_rows_kq	no	no
1134850487	1134862935	Host-to-Device	262144	Pinned	Device	13	cudaMemcpyAsync_v3020	mul_mat_vec_q	k_get_rows_kq	no	yes
1139158742	1139197846	Device-to-Host	993280	Device	Pinned	14	cudaMemcpyAsync_v3020	mul_mat_vec_q	k_get_rows_kq	no	no
1139455960	1139468152	Host-to-Device	262144	Pinned	Device	13	cudaMemcpyAsync_v3020	mul_mat_vec_q	k_get_rows_kq	no	yes
1143466741	1143505813	Device-to-Host	993280	Device	Pinned	14	cudaMemcpyAsync_v3020	mul_mat_vec_q	k_get_rows_kq	no	no
1143762295	1143774423	Host-to-Device	262144	Pinned	Device	13	cudaMemcpyAsync_v3020	mul_mat_vec_q	k_get_rows_kq	no	yes
1147989781	1148028757	Device-to-Host	993280	Device	Pinned	14	cudaMemcpyAsync_v3020	mul_mat_vec_q	k_get_rows_kq	no	no
1148280599	1148292727	Host-to-Device	262144	Pinned	Device	13	cudaMemcpyAsync_v3020	mul_mat_vec_q	k_get_rows_kq	no	yes
1152550709	1152589750	Device-to-Host	993280	Device	Pinned	14	cudaMemcpyAsync_v3020	mul_mat_vec_q	k_get_rows_kq	no	no
1152895128	1152907640	Host-to-Device	262144	Pinned	Device	13	cudaMemcpyAsync_v3020	mul_mat_vec_q	k_get_rows_kq	no	yes
1156867924	1156906932	Device-to-Host	993280	Device	Pinned	14	cudaMemcpyAsync_v3020	mul_mat_vec_q	k_get_rows_kq	no	no
1157172982	1157185334	Host-to-Device	262144	Pinned	Device	13	cudaMemcpyAsync_v3020	mul_mat_vec_q	k_get_rows_kq	no	yes
1161414516	1161453525	Device-to-Host	993280	Device	Pinned	14	cudaMemcpyAsync_v3020	mul_mat_vec_q	k_get_rows_kq	no	no
1161709815	1161722231	Host-to-Device	262144	Pinned	Device	13	cudaMemcpyAsync_v3020	mul_mat_vec_q	k_get_rows_kq	no	yes
1165742995	1165781876	Device-to-Host	993280	Device	Pinned	14	cudaMemcpyAsync_v3020	mul_mat_vec_q	k_get_rows_kq	no	no
1166034485	1166050517	Host-to-Device	262144	Pinned	Device	13	cudaMemcpyAsync_v3020	mul_mat_vec_q	k_get_rows_kq	no	yes
1171285915	1171325243	Device-to-Host	993280	Device	Pinned	14	cudaMemcpyAsync_v3020	mul_mat_vec_q	k_get_rows_kq	no	no
1173064551	1173076744	Host-to-Device	262144	Pinned	Device	13	cudaMemcpyAsync_v3020	mul_mat_vec_q	k_get_rows_kq	no	yes
1177102308	1177141316	Device-to-Host	993280	Device	Pinned	14	cudaMemcpyAsync_v3020	mul_mat_vec_q	k_get_rows_kq	no	no
1177414790	1177427015	Host-to-Device	262144	Pinned	Device	13	cudaMemcpyAsync_v3020	mul_mat_vec_q	k_get_rows_kq	no	yes
1181697029	1181736005	Device-to-Host	993280	Device	Pinned	14	cudaMemcpyAsync_v3020	mul_mat_vec_q	k_get_rows_kq	no	no
1181993255	1182005607	Host-to-Device	262144	Pinned	Device	13	cudaMemcpyAsync_v3020	mul_mat_vec_q	k_get_rows_kq	no	yes
1186005028	1186044036	Device-to-Host	993280	Device	Pinned	14	cudaMemcpyAsync_v3020	mul_mat_vec_q	k_get_rows_kq	no	no
1186350790	1186363014	Host-to-Device	262144	Pinned	Device	13	cudaMemcpyAsync_v3020	mul_mat_vec_q	k_get_rows_kq	no	yes
1190348867	1190388163	Device-to-Host	993280	Device	Pinned	14	cudaMemcpyAsync_v3020	mul_mat_vec_q	k_get_rows_kq	no	no
1190655909	1190668357	Host-to-Device	262144	Pinned	Device	13	cudaMemcpyAsync_v3020	mul_mat_vec_q	k_get_rows_kq	no	yes
1194833698	1194872707	Device-to-Host	993280	Device	Pinned	14	cudaMemcpyAsync_v3020	mul_mat_vec_q	k_get_rows_kq	no	no
1195131333	1195143525	Host-to-Device	262144	Pinned	Device	13	cudaMemcpyAsync_v3020	mul_mat_vec_q	k_get_rows_kq	no	yes
1199129729	1199168737	Device-to-Host	993280	Device	Pinned	14	cudaMemcpyAsync_v3020	mul_mat_vec_q	k_get_rows_kq	no	no
1199424515	1199436707	Host-to-Device	262144	Pinned	Device	13	cudaMemcpyAsync_v3020	mul_mat_vec_q	k_get_rows_kq	no	yes
1203646625	1203685634	Device-to-Host	993280	Device	Pinned	14	cudaMemcpyAsync_v3020	mul_mat_vec_q	k_get_rows_kq	no	no
1203943171	1203955395	Host-to-Device	262144	Pinned	Device	13	cudaMemcpyAsync_v3020	mul_mat_vec_q	k_get_rows_kq	no	yes
1208252610	1208291586	Device-to-Host	993280	Device	Pinned	14	cudaMemcpyAsync_v3020	mul_mat_vec_q	k_get_rows_kq	no	no
1208548900	1208561188	Host-to-Device	262144	Pinned	Device	13	cudaMemcpyAsync_v3020	mul_mat_vec_q	k_get_rows_kq	no	yes
1212542465	1212581473	Device-to-Host	993280	Device	Pinned	14	cudaMemcpyAsync_v3020	mul_mat_vec_q	k_get_rows_kq	no	no
1355982334	1355988446	Device-to-Host	125120	Device	Pageable	13	cudaMemcpyAsync_v3020	mul_mat_vec_q	k_get_rows_kq	no	no
1356010750	1356017054	Device-to-Host	125120	Device	Pageable	13	cudaMemcpyAsync_v3020	mul_mat_vec_q	k_get_rows_kq	no	no
1356034238	1356039870	Device-to-Host	125120	Device	Pageable	13	cudaMemcpyAsync_v3020	mul_mat_vec_q	k_get_rows_kq	no	no
1356055999	1356061887	Device-to-Host	125120	Device	Pageable	13	cudaMemcpyAsync_v3020	mul_mat_vec_q	k_get_rows_kq	no	no
1356075871	1356081759	Device-to-Host	125120	Device	Pageable	13	cudaMemcpyAsync_v3020	mul_mat_vec_q	k_get_rows_kq	no	no
1356097151	1356103199	Device-to-Host	125120	Device	Pageable	13	cudaMemcpyAsync_v3020	mul_mat_vec_q	k_get_rows_kq	no	no
1356117343	1356120703	Device-to-Host	66240	Device	Pageable	13	cudaMemcpyAsync_v3020	mul_mat_vec_q	k_get_rows_kq	no	no
1356131903	1356135679	Device-to-Host	66240	Device	Pageable	13	cudaMemcpyAsync_v3020	mul_mat_vec_q	k_get_rows_kq	no	no
1356145983	1356149311	Device-to-Host	66240	Device	Pageable	13	cudaMemcpyAsync_v3020	mul_mat_vec_q	k_get_rows_kq	no	no
1356159871	1356163455	Device-to-Host	66240	Device	Pageable	13	cudaMemcpyAsync_v3020	mul_mat_vec_q	k_get_rows_kq	no	no
1356174111	1356177791	Device-to-Host	66240	Device	Pageable	13	cudaMemcpyAsync_v3020	mul_mat_vec_q	k_get_rows_kq	no	no
1356188768	1356192160	Device-to-Host	66240	Device	Pageable	13	cudaMemcpyAsync_v3020	mul_mat_vec_q	k_get_rows_kq	no	no
1356203296	1356206912	Device-to-Host	73728	Device	Pageable	13	cudaMemcpyAsync_v3020	mul_mat_vec_q	k_get_rows_kq	no	yes
1356219232	1356222880	Device-to-Host	73728	Device	Pageable	13	cudaMemcpyAsync_v3020	mul_mat_vec_q	k_get_rows_kq	no	yes
1356234208	1356237760	Device-to-Host	73728	Device	Pageable	13	cudaMemcpyAsync_v3020	mul_mat_vec_q	k_get_rows_kq	no	yes
1356249088	1356252672	Device-to-Host	73728	Device	Pageable	13	cudaMemcpyAsync_v3020	mul_mat_vec_q	k_get_rows_kq	no	yes
1356264320	1356267968	Device-to-Host	73728	Device	Pageable	13	cudaMemcpyAsync_v3020	mul_mat_vec_q	k_get_rows_kq	no	yes
1356279072	1356282688	Device-to-Host	73728	Device	Pageable	13	cudaMemcpyAsync_v3020	mul_mat_vec_q	k_get_rows_kq	no	yes
1356293248	1356296832	Device-to-Host	73728	Device	Pageable	13	cudaMemcpyAsync_v3020	mul_mat_vec_q	k_get_rows_kq	no	yes
1356308224	1356311840	Device-to-Host	73728	Device	Pageable	13	cudaMemcpyAsync_v3020	mul_mat_vec_q	k_get_rows_kq	no	yes
1356322689	1356326401	Device-to-Host	73728	Device	Pageable	13	cudaMemcpyAsync_v3020	mul_mat_vec_q	k_get_rows_kq	no	yes
1356337249	1356341057	Device-to-Host	73728	Device	Pageable	13	cudaMemcpyAsync_v3020	mul_mat_vec_q	k_get_rows_kq	no	yes
1356352609	1356356161	Device-to-Host	73728	Device	Pageable	13	cudaMemcpyAsync_v3020	mul_mat_vec_q	k_get_rows_kq	no	yes
1356367457	1356371105	Device-to-Host	73728	Device	Pageable	13	cudaMemcpyAsync_v3020	mul_mat_vec_q	k_get_rows_kq	no	yes
1356381697	1356385281	Device-to-Host	73728	Device	Pageable	13	cudaMemcpyAsync_v3020	mul_mat_vec_q	k_get_rows_kq	no	yes
1356396353	1356399937	Device-to-Host	73728	Device	Pageable	13	cudaMemcpyAsync_v3020	mul_mat_vec_q	k_get_rows_kq	no	yes
1356410465	1356414081	Device-to-Host	73728	Device	Pageable	13	cudaMemcpyAsync_v3020	mul_mat_vec_q	k_get_rows_kq	no	yes
1356426113	1356429697	Device-to-Host	73728	Device	Pageable	13	cudaMemcpyAsync_v3020	mul_mat_vec_q	k_get_rows_kq	no	yes
1356441409	1356444961	Device-to-Host	73728	Device	Pageable	13	cudaMemcpyAsync_v3020	mul_mat_vec_q	k_get_rows_kq	no	yes
1356456577	1356460129	Device-to-Host	73728	Device	Pageable	13	cudaMemcpyAsync_v3020	mul_mat_vec_q	k_get_rows_kq	no	yes
1356471650	1356512226	Device-to-Host	1048576	Device	Pageable	13	cudaMemcpyAsync_v3020	mul_mat_vec_q	k_get_rows_kq	no	yes
1356592450	1356633187	Device-to-Host	1048576	Device	Pageable	13	cudaMemcpyAsync_v3020	mul_mat_vec_q	k_get_rows_kq	no	yes
1356717187	1356757796	Device-to-Host	1048576	Device	Pageable	13	cudaMemcpyAsync_v3020	mul_mat_vec_q	k_get_rows_kq	no	yes
1356830404	1356871492	Device-to-Host	1048576	Device	Pageable	13	cudaMemcpyAsync_v3020	mul_mat_vec_q	k_get_rows_kq	no	yes
1356938053	1356978661	Device-to-Host	1048576	Device	Pageable	13	cudaMemcpyAsync_v3020	mul_mat_vec_q	k_get_rows_kq	no	yes
1357047142	1357087910	Device-to-Host	1048576	Device	Pageable	13	cudaMemcpyAsync_v3020	mul_mat_vec_q	k_get_rows_kq	no	yes
1357155014	1357196007	Device-to-Host	1048576	Device	Pageable	13	cudaMemcpyAsync_v3020	mul_mat_vec_q	k_get_rows_kq	no	yes
1357257767	1357298503	Device-to-Host	1048576	Device	Pageable	13	cudaMemcpyAsync_v3020	mul_mat_vec_q	k_get_rows_kq	no	yes
1357361416	1357401992	Device-to-Host	1048576	Device	Pageable	13	cudaMemcpyAsync_v3020	mul_mat_vec_q	k_get_rows_kq	no	yes
1357464201	1357504969	Device-to-Host	1048576	Device	Pageable	13	cudaMemcpyAsync_v3020	mul_mat_vec_q	k_get_rows_kq	no	yes
1357567721	1357608298	Device-to-Host	1048576	Device	Pageable	13	cudaMemcpyAsync_v3020	mul_mat_vec_q	k_get_rows_kq	no	yes
1357672426	1357713322	Device-to-Host	1048576	Device	Pageable	13	cudaMemcpyAsync_v3020	mul_mat_vec_q	k_get_rows_kq	no	yes
1357775243	1357816011	Device-to-Host	1048576	Device	Pageable	13	cudaMemcpyAsync_v3020	mul_mat_vec_q	k_get_rows_kq	no	yes
1357878828	1357919628	Device-to-Host	1048576	Device	Pageable	13	cudaMemcpyAsync_v3020	mul_mat_vec_q	k_get_rows_kq	no	yes
1357981068	1358021709	Device-to-Host	1048576	Device	Pageable	13	cudaMemcpyAsync_v3020	mul_mat_vec_q	k_get_rows_kq	no	yes
1358083565	1358124429	Device-to-Host	1048576	Device	Pageable	13	cudaMemcpyAsync_v3020	mul_mat_vec_q	k_get_rows_kq	no	yes
1358190222	1358231118	Device-to-Host	1048576	Device	Pageable	13	cudaMemcpyAsync_v3020	mul_mat_vec_q	k_get_rows_kq	no	yes
1358298127	1358338831	Device-to-Host	1048576	Device	Pageable	13	cudaMemcpyAsync_v3020	mul_mat_vec_q	k_get_rows_kq	no	yes
1359194101	1359206773	Host-to-Device	262144	Pinned	Device	13	cudaMemcpyAsync_v3020	mul_mat_vec_q	k_get_rows_kq	no	yes
1367619057	1368196981	Host-to-Device	10027008	Pageable	Device	13	cudaMemcpyAsync_v3020	rms_norm_f32	im2col_kernel	no	yes
1369155772	1369177596	Device-to-Device	13369344	Device	Device	15	cudaMemcpyAsync_v3020	convert_unary	im2col_kernel	no	yes
1369301277	1369316317	Device-to-Device	13369344	Device	Device	15	cudaMemcpyAsync_v3020	convert_unary	k_bin_bcast	no	yes
1369673056	1369682688	Device-to-Device	13369344	Device	Device	15	cudaMemcpyAsync_v3020	cpy_scalar	cpy_scalar	no	yes
1448042958	1448048526	Device-to-Device	6684672	Device	Device	13	cudaMemcpyAsync_v3020	k_bin_bcast	rms_norm_f32	yes	yes
1449420920	1449434296	Host-to-Device	262144	Pinned	Device	13	cudaMemcpyAsync_v3020	k_bin_bcast	rms_norm_f32	no	yes
1449463672	1449500120	Host-to-Device	786432	Pinned	Device	13	cudaMemcpyAsync_v3020	k_bin_bcast	rms_norm_f32	no	yes
1481612541	1481625373	Host-to-Device	262144	Pinned	Device	13	cudaMemcpyAsync_v3020	rms_norm_f32	rms_norm_f32	no	yes
1481655997	1481681949	Host-to-Device	622592	Pinned	Device	13	cudaMemcpyAsync_v3020	rms_norm_f32	rms_norm_f32	no	yes
1501938414	1501950542	Host-to-Device	262144	Pinned	Device	13	cudaMemcpyAsync_v3020	rms_norm_f32	k_get_rows_kq	no	yes
1507786679	1507790807	Device-to-Host	73728	Device	Pageable	13	cudaMemcpyAsync_v3020	rms_norm_f32	k_get_rows_kq	no	yes
1507805335	1507809527	Device-to-Host	73728	Device	Pageable	13	cudaMemcpyAsync_v3020	rms_norm_f32	k_get_rows_kq	no	yes
1507822295	1507825879	Device-to-Host	73728	Device	Pageable	13	cudaMemcpyAsync_v3020	rms_norm_f32	k_get_rows_kq	no	yes
1507837560	1507841464	Device-to-Host	73728	Device	Pageable	13	cudaMemcpyAsync_v3020	rms_norm_f32	k_get_rows_kq	no	yes
1507852888	1507856472	Device-to-Host	73728	Device	Pageable	13	cudaMemcpyAsync_v3020	rms_norm_f32	k_get_rows_kq	no	yes
1507867864	1507871512	Device-to-Host	73728	Device	Pageable	13	cudaMemcpyAsync_v3020	rms_norm_f32	k_get_rows_kq	no	yes
1507881848	1507885400	Device-to-Host	73728	Device	Pageable	13	cudaMemcpyAsync_v3020	rms_norm_f32	k_get_rows_kq	no	yes
1507896184	1507899896	Device-to-Host	73728	Device	Pageable	13	cudaMemcpyAsync_v3020	rms_norm_f32	k_get_rows_kq	no	yes
1507910136	1507913752	Device-to-Host	73728	Device	Pageable	13	cudaMemcpyAsync_v3020	rms_norm_f32	k_get_rows_kq	no	yes
1507924568	1507928152	Device-to-Host	73728	Device	Pageable	13	cudaMemcpyAsync_v3020	rms_norm_f32	k_get_rows_kq	no	yes
1507939096	1507942808	Device-to-Host	73728	Device	Pageable	13	cudaMemcpyAsync_v3020	rms_norm_f32	k_get_rows_kq	no	yes
1507954008	1507957688	Device-to-Host	73728	Device	Pageable	13	cudaMemcpyAsync_v3020	rms_norm_f32	k_get_rows_kq	no	yes
1507968408	1507971960	Device-to-Host	73728	Device	Pageable	13	cudaMemcpyAsync_v3020	rms_norm_f32	k_get_rows_kq	no	yes
1507983321	1507986905	Device-to-Host	73728	Device	Pageable	13	cudaMemcpyAsync_v3020	rms_norm_f32	k_get_rows_kq	no	yes
1507998169	1508001721	Device-to-Host	73728	Device	Pageable	13	cudaMemcpyAsync_v3020	rms_norm_f32	k_get_rows_kq	no	yes
1508012761	1508016377	Device-to-Host	73728	Device	Pageable	13	cudaMemcpyAsync_v3020	rms_norm_f32	k_get_rows_kq	no	yes
1508027097	1508030681	Device-to-Host	73728	Device	Pageable	13	cudaMemcpyAsync_v3020	rms_norm_f32	k_get_rows_kq	no	yes
1508041657	1508045241	Device-to-Host	73728	Device	Pageable	13	cudaMemcpyAsync_v3020	rms_norm_f32	k_get_rows_kq	no	yes
1508056249	1508096857	Device-to-Host	1048576	Device	Pageable	13	cudaMemcpyAsync_v3020	rms_norm_f32	k_get_rows_kq	no	yes
1508173370	1508214074	Device-to-Host	1048576	Device	Pageable	13	cudaMemcpyAsync_v3020	rms_norm_f32	k_get_rows_kq	no	yes
1508289307	1508329947	Device-to-Host	1048576	Device	Pageable	13	cudaMemcpyAsync_v3020	rms_norm_f32	k_get_rows_kq	no	yes
1508398364	1508439196	Device-to-Host	1048576	Device	Pageable	13	cudaMemcpyAsync_v3020	rms_norm_f32	k_get_rows_kq	no	yes
1508499260	1508539837	Device-to-Host	1048576	Device	Pageable	13	cudaMemcpyAsync_v3020	rms_norm_f32	k_get_rows_kq	no	yes
1508600797	1508641501	Device-to-Host	1048576	Device	Pageable	13	cudaMemcpyAsync_v3020	rms_norm_f32	k_get_rows_kq	no	yes
1508704478	1508745054	Device-to-Host	1048576	Device	Pageable	13	cudaMemcpyAsync_v3020	rms_norm_f32	k_get_rows_kq	no	yes
1508805694	1508846463	Device-to-Host	1048576	Device	Pageable	13	cudaMemcpyAsync_v3020	rms_norm_f32	k_get_rows_kq	no	yes
1508907583	1508948191	Device-to-Host	1048576	Device	Pageable	13	cudaMemcpyAsync_v3020	rms_norm_f32	k_get_rows_kq	no	yes
1509011008	1509051904	Device-to-Host	1048576	Device	Pageable	13	cudaMemcpyAsync_v3020	rms_norm_f32	k_get_rows_kq	no	yes
1509113665	1509154497	Device-to-Host	1048576	Device	Pageable	13	cudaMemcpyAsync_v3020	rms_norm_f32	k_get_rows_kq	no	yes
1509215489	1509256322	Device-to-Host	1048576	Device	Pageable	13	cudaMemcpyAsync_v3020	rms_norm_f32	k_get_rows_kq	no	yes
1509316994	1509357602	Device-to-Host	1048576	Device	Pageable	13	cudaMemcpyAsync_v3020	rms_norm_f32	k_get_rows_kq	no	yes
1509419171	1509460035	Device-to-Host	1048576	Device	Pageable	13	cudaMemcpyAsync_v3020	rms_norm_f32	k_get_rows_kq	no	yes
1509521348	1509562084	Device-to-Host	1048576	Device	Pageable	13	cudaMemcpyAsync_v3020	rms_norm_f32	k_get_rows_kq	no	yes
1509623460	1509664261	Device-to-Host	1048576	Device	Pageable	13	cudaMemcpyAsync_v3020	rms_norm_f32	k_get_rows_kq	no	yes
1509725381	1509765957	Device-to-Host	1048576	Device	Pageable	13	cudaMemcpyAsync_v3020	rms_norm_f32	k_get_rows_kq	no	yes
1509828070	1509868838	Device-to-Host	1048576	Device	Pageable	13	cudaMemcpyAsync_v3020	rms_norm_f32	k_get_rows_kq	no	yes
1510510379	1510522987	Host-to-Device	262144	Pinned	Device	13	cudaMemcpyAsync_v3020	rms_norm_f32	k_get_rows_kq	no	yes
1515788944	1515828240	Device-to-Host	993280	Device	Pinned	14	cudaMemcpyAsync_v3020	mul_mat_vec_q	k_get_rows_kq	no	no
1517024281	1517036505	Host-to-Device	262144	Pinned	Device	13	cudaMemcpyAsync_v3020	mul_mat_vec_q	k_get_rows_kq	no	yes
1522604929	1522644001	Device-to-Host	993280	Device	Pinned	14	cudaMemcpyAsync_v3020	mul_mat_vec_q	k_get_rows_kq	no	no
1522914915	1522927107	Host-to-Device	262144	Pinned	Device	13	cudaMemcpyAsync_v3020	mul_mat_vec_q	k_get_rows_kq	no	yes
1530398136	1530437048	Device-to-Host	993280	Device	Pinned	14	cudaMemcpyAsync_v3020	mul_mat_vec_q	k_get_rows_kq	no	no
1530704858	1530717018	Host-to-Device	262144	Pinned	Device	13	cudaMemcpyAsync_v3020	mul_mat_vec_q	k_get_rows_kq	no	yes
1534963161	1535002201	Device-to-Host	993280	Device	Pinned	14	cudaMemcpyAsync_v3020	mul_mat_vec_q	k_get_rows_kq	no	no
1535257499	1535269819	Host-to-Device	262144	Pinned	Device	13	cudaMemcpyAsync_v3020	mul_mat_vec_q	k_get_rows_kq	no	yes
1539244535	1539283575	Device-to-Host	993280	Device	Pinned	14	cudaMemcpyAsync_v3020	mul_mat_vec_q	k_get_rows_kq	no	no
1539560249	1539572410	Host-to-Device	262144	Pinned	Device	13	cudaMemcpyAsync_v3020	mul_mat_vec_q	k_get_rows_kq	no	yes
1543795224	1543834232	Device-to-Host	993280	Device	Pinned	14	cudaMemcpyAsync_v3020	mul_mat_vec_q	k_get_rows_kq	no	no
1544098010	1544110298	Host-to-Device	262144	Pinned	Device	13	cudaMemcpyAsync_v3020	mul_mat_vec_q	k_get_rows_kq	no	yes
1548369464	1548408568	Device-to-Host	993280	Device	Pinned	14	cudaMemcpyAsync_v3020	mul_mat_vec_q	k_get_rows_kq	no	no
1548670874	1548683194	Host-to-Device	262144	Pinned	Device	13	cudaMemcpyAsync_v3020	mul_mat_vec_q	k_get_rows_kq	no	yes
1552715351	1552754359	Device-to-Host	993280	Device	Pinned	14	cudaMemcpyAsync_v3020	mul_mat_vec_q	k_get_rows_kq	no	no
1553013657	1553026169	Host-to-Device	262144	Pinned	Device	13	cudaMemcpyAsync_v3020	mul_mat_vec_q	k_get_rows_kq	no	yes
1557305976	1557344984	Device-to-Host	993280	Device	Pinned	14	cudaMemcpyAsync_v3020	mul_mat_vec_q	k_get_rows_kq	no	no
1557605466	1557617914	Host-to-Device	262144	Pinned	Device	13	cudaMemcpyAsync_v3020	mul_mat_vec_q	k_get_rows_kq	no	yes
1561621943	1561660983	Device-to-Host	993280	Device	Pinned	14	cudaMemcpyAsync_v3020	mul_mat_vec_q	k_get_rows_kq	no	no
1561919801	1561936889	Host-to-Device	262144	Pinned	Device	13	cudaMemcpyAsync_v3020	mul_mat_vec_q	k_get_rows_kq	no	yes
1567177086	1567216254	Device-to-Host	993280	Device	Pinned	14	cudaMemcpyAsync_v3020	mul_mat_vec_q	k_get_rows_kq	no	no
1568897578	1568909994	Host-to-Device	262144	Pinned	Device	13	cudaMemcpyAsync_v3020	mul_mat_vec_q	k_get_rows_kq	no	yes
1572948711	1572987719	Device-to-Host	993280	Device	Pinned	14	cudaMemcpyAsync_v3020	mul_mat_vec_q	k_get_rows_kq	no	no
1573248009	1573260425	Host-to-Device	262144	Pinned	Device	13	cudaMemcpyAsync_v3020	mul_mat_vec_q	k_get_rows_kq	no	yes
1577628425	1577667721	Device-to-Host	993280	Device	Pinned	14	cudaMemcpyAsync_v3020	mul_mat_vec_q	k_get_rows_kq	no	no
1577930123	1577942475	Host-to-Device	262144	Pinned	Device	13	cudaMemcpyAsync_v3020	mul_mat_vec_q	k_get_rows_kq	no	yes
1581944295	1581983304	Device-to-Host	993280	Device	Pinned	14	cudaMemcpyAsync_v3020	mul_mat_vec_q	k_get_rows_kq	no	no
1582260522	1582272842	Host-to-Device	262144	Pinned	Device	13	cudaMemcpyAsync_v3020	mul_mat_vec_q	k_get_rows_kq	no	yes
1586346823	1586385799	Device-to-Host	993280	Device	Pinned	14	cudaMemcpyAsync_v3020	mul_mat_vec_q	k_get_rows_kq	no	no
1586648329	1586660457	Host-to-Device	262144	Pinned	Device	13	cudaMemcpyAsync_v3020	mul_mat_vec_q	k_get_rows_kq	no	yes
1590926183	1590965192	Device-to-Host	993280	Device	Pinned	14	cudaMemcpyAsync_v3020	mul_mat_vec_q	k_get_rows_kq	no	no
1591224201	1591236553	Host-to-Device	262144	Pinned	Device	13	cudaMemcpyAsync_v3020	mul_mat_vec_q	k_get_rows_kq	no	yes
1595246246	1595285318	Device-to-Host	993280	Device	Pinned	14	cudaMemcpyAsync_v3020	mul_mat_vec_q	k_get_rows_kq	no	no
1595542408	1595554536	Host-to-Device	262144	Pinned	Device	13	cudaMemcpyAsync_v3020	mul_mat_vec_q	k_get_rows_kq	no	yes
1599758246	1599797286	Device-to-Host	993280	Device	Pinned	14	cudaMemcpyAsync_v3020	mul_mat_vec_q	k_get_rows_kq	no	no
1600053160	1600065320	Host-to-Device	262144	Pinned	Device	13	cudaMemcpyAsync_v3020	mul_mat_vec_q	k_get_rows_kq	no	yes
1604352999	1604391975	Device-to-Host	993280	Device	Pinned	14	cudaMemcpyAsync_v3020	mul_mat_vec_q	k_get_rows_kq	no	no
1604693897	1604706057	Host-to-Device	262144	Pinned	Device	13	cudaMemcpyAsync_v3020	mul_mat_vec_q	k_get_rows_kq	no	yes
1608717286	1608756326	Device-to-Host	993280	Device	Pinned	14	cudaMemcpyAsync_v3020	mul_mat_vec_q	k_get_rows_kq	no	no
1609012840	1609025096	Host-to-Device	262144	Pinned	Device	13	cudaMemcpyAsync_v3020	mul_mat_vec_q	k_get_rows_kq	no	yes
1613246470	1613285478	Device-to-Host	993280	Device	Pinned	14	cudaMemcpyAsync_v3020	mul_mat_vec_q	k_get_rows_kq	no	no
1613544328	1613556872	Host-to-Device	262144	Pinned	Device	13	cudaMemcpyAsync_v3020	mul_mat_vec_q	k_get_rows_kq	no	yes
1617813543	1617852551	Device-to-Host	993280	Device	Pinned	14	cudaMemcpyAsync_v3020	mul_mat_vec_q	k_get_rows_kq	no	no
1618111465	1618123913	Host-to-Device	262144	Pinned	Device	13	cudaMemcpyAsync_v3020	mul_mat_vec_q	k_get_rows_kq	no	yes
1622113797	1622152742	Device-to-Host	993280	Device	Pinned	14	cudaMemcpyAsync_v3020	mul_mat_vec_q	k_get_rows_kq	no	no
1622408263	1622420648	Host-to-Device	262144	Pinned	Device	13	cudaMemcpyAsync_v3020	mul_mat_vec_q	k_get_rows_kq	no	yes
1626630245	1626669446	Device-to-Host	993280	Device	Pinned	14	cudaMemcpyAsync_v3020	mul_mat_vec_q	k_get_rows_kq	no	no
1626927208	1626939592	Host-to-Device	262144	Pinned	Device	13	cudaMemcpyAsync_v3020	mul_mat_vec_q	k_get_rows_kq	no	yes
1631193222	1631232230	Device-to-Host	993280	Device	Pinned	14	cudaMemcpyAsync_v3020	mul_mat_vec_q	k_get_rows_kq	no	no
1631487720	1631500008	Host-to-Device	262144	Pinned	Device	13	cudaMemcpyAsync_v3020	mul_mat_vec_q	k_get_rows_kq	no	yes
1635482789	1635521797	Device-to-Host	993280	Device	Pinned	14	cudaMemcpyAsync_v3020	mul_mat_vec_q	k_get_rows_kq	no	no
1635779399	1635791847	Host-to-Device	262144	Pinned	Device	13	cudaMemcpyAsync_v3020	mul_mat_vec_q	k_get_rows_kq	no	yes
1640104837	1640143814	Device-to-Host	993280	Device	Pinned	14	cudaMemcpyAsync_v3020	mul_mat_vec_q	k_get_rows_kq	no	no
1640404680	1640418344	Host-to-Device	262144	Pinned	Device	13	cudaMemcpyAsync_v3020	mul_mat_vec_q	k_get_rows_kq	no	yes
1644424420	1644463460	Device-to-Host	993280	Device	Pinned	14	cudaMemcpyAsync_v3020	mul_mat_vec_q	k_get_rows_kq	no	no
1644749607	1644762023	Host-to-Device	262144	Pinned	Device	13	cudaMemcpyAsync_v3020	mul_mat_vec_q	k_get_rows_kq	no	yes
1648977157	1649016165	Device-to-Host	993280	Device	Pinned	14	cudaMemcpyAsync_v3020	mul_mat_vec_q	k_get_rows_kq	no	no
1649274023	1649286215	Host-to-Device	262144	Pinned	Device	13	cudaMemcpyAsync_v3020	mul_mat_vec_q	k_get_rows_kq	no	yes
1653545253	1653591077	Device-to-Host	993280	Device	Pinned	14	cudaMemcpyAsync_v3020	mul_mat_vec_q	k_get_rows_kq	no	no
1653869895	1653886184	Host-to-Device	262144	Pinned	Device	13	cudaMemcpyAsync_v3020	mul_mat_vec_q	k_get_rows_kq	no	yes
1657901188	1657940260	Device-to-Host	993280	Device	Pinned	14	cudaMemcpyAsync_v3020	mul_mat_vec_q	k_get_rows_kq	no	no
1658199910	1658212390	Host-to-Device	262144	Pinned	Device	13	cudaMemcpyAsync_v3020	mul_mat_vec_q	k_get_rows_kq	no	yes
1662453797	1662492837	Device-to-Host	993280	Device	Pinned	14	cudaMemcpyAsync_v3020	mul_mat_vec_q	k_get_rows_kq	no	no
1662754919	1662767335	Host-to-Device	262144	Pinned	Device	13	cudaMemcpyAsync_v3020	mul_mat_vec_q	k_get_rows_kq	no	yes
1666770467	1666809508	Device-to-Host	993280	Device	Pinned	14	cudaMemcpyAsync_v3020	mul_mat_vec_q	k_get_rows_kq	no	no
1669249653	1669262741	Host-to-Device	262144	Pinned	Device	13	cudaMemcpyAsync_v3020	mul_mat_vec_q	k_get_rows_kq	no	yes
1674192312	1674231352	Device-to-Host	993280	Device	Pinned	14	cudaMemcpyAsync_v3020	mul_mat_vec_q	k_get_rows_kq	no	no
1674492250	1674504730	Host-to-Device	262144	Pinned	Device	13	cudaMemcpyAsync_v3020	mul_mat_vec_q	k_get_rows_kq	no	yes
1678527959	1678566967	Device-to-Host	993280	Device	Pinned	14	cudaMemcpyAsync_v3020	mul_mat_vec_q	k_get_rows_kq	no	no
1678824889	1678837657	Host-to-Device	262144	Pinned	Device	13	cudaMemcpyAsync_v3020	mul_mat_vec_q	k_get_rows_kq	no	yes
1683170808	1683209848	Device-to-Host	993280	Device	Pinned	14	cudaMemcpyAsync_v3020	mul_mat_vec_q	k_get_rows_kq	no	no
1683471034	1683483322	Host-to-Device	262144	Pinned	Device	13	cudaMemcpyAsync_v3020	mul_mat_vec_q	k_get_rows_kq	no	yes
1687722521	1687761657	Device-to-Host	993280	Device	Pinned	14	cudaMemcpyAsync_v3020	mul_mat_vec_q	k_get_rows_kq	no	no
1688058011	1688070363	Host-to-Device	262144	Pinned	Device	13	cudaMemcpyAsync_v3020	mul_mat_vec_q	k_get_rows_kq	no	yes
1692083768	1692122808	Device-to-Host	993280	Device	Pinned	14	cudaMemcpyAsync_v3020	mul_mat_vec_q	k_get_rows_kq	no	no
1692380378	1692392890	Host-to-Device	262144	Pinned	Device	13	cudaMemcpyAsync_v3020	mul_mat_vec_q	k_get_rows_kq	no	yes
1696630360	1696669368	Device-to-Host	993280	Device	Pinned	14	cudaMemcpyAsync_v3020	mul_mat_vec_q	k_get_rows_kq	no	no
1696930010	1696942394	Host-to-Device	262144	Pinned	Device	13	cudaMemcpyAsync_v3020	mul_mat_vec_q	k_get_rows_kq	no	yes
1701200505	1701239673	Device-to-Host	993280	Device	Pinned	14	cudaMemcpyAsync_v3020	mul_mat_vec_q	k_get_rows_kq	no	no
1701502747	1701515003	Host-to-Device	262144	Pinned	Device	13	cudaMemcpyAsync_v3020	mul_mat_vec_q	k_get_rows_kq	no	yes
1705495191	1705534199	Device-to-Host	993280	Device	Pinned	14	cudaMemcpyAsync_v3020	mul_mat_vec_q	k_get_rows_kq	no	no
1705800857	1705813081	Host-to-Device	262144	Pinned	Device	13	cudaMemcpyAsync_v3020	mul_mat_vec_q	k_get_rows_kq	no	yes
1710029495	1710068536	Device-to-Host	993280	Device	Pinned	14	cudaMemcpyAsync_v3020	mul_mat_vec_q	k_get_rows_kq	no	no
1710327226	1710339386	Host-to-Device	262144	Pinned	Device	13	cudaMemcpyAsync_v3020	mul_mat_vec_q	k_get_rows_kq	no	yes
1714539224	1714578264	Device-to-Host	993280	Device	Pinned	14	cudaMemcpyAsync_v3020	mul_mat_vec_q	k_get_rows_kq	no	no
1714840474	1714852730	Host-to-Device	262144	Pinned	Device	13	cudaMemcpyAsync_v3020	mul_mat_vec_q	k_get_rows_kq	no	yes
1718890231	1718929303	Device-to-Host	993280	Device	Pinned	14	cudaMemcpyAsync_v3020	mul_mat_vec_q	k_get_rows_kq	no	no
1719185945	1719198297	Host-to-Device	262144	Pinned	Device	13	cudaMemcpyAsync_v3020	mul_mat_vec_q	k_get_rows_kq	no	yes
1723427607	1723466615	Device-to-Host	993280	Device	Pinned	14	cudaMemcpyAsync_v3020	mul_mat_vec_q	k_get_rows_kq	no	no
1723727193	1723739385	Host-to-Device	262144	Pinned	Device	13	cudaMemcpyAsync_v3020	mul_mat_vec_q	k_get_rows_kq	no	yes
1727801142	1727840214	Device-to-Host	993280	Device	Pinned	14	cudaMemcpyAsync_v3020	mul_mat_vec_q	k_get_rows_kq	no	no
1728216281	1728228409	Host-to-Device	262144	Pinned	Device	13	cudaMemcpyAsync_v3020	mul_mat_vec_q	k_get_rows_kq	no	yes
1732207445	1732246454	Device-to-Host	993280	Device	Pinned	14	cudaMemcpyAsync_v3020	mul_mat_vec_q	k_get_rows_kq	no	no
1732505175	1732517336	Host-to-Device	262144	Pinned	Device	13	cudaMemcpyAsync_v3020	mul_mat_vec_q	k_get_rows_kq	no	yes
1736817526	1736856566	Device-to-Host	993280	Device	Pinned	14	cudaMemcpyAsync_v3020	mul_mat_vec_q	k_get_rows_kq	no	no
1887707369	1887727273	Device-to-Host	483616	Device	Pageable	13	cudaMemcpyAsync_v3020	mul_mat_vec_q	k_get_rows_kq	no	no
1887827434	1887847338	Device-to-Host	483616	Device	Pageable	13	cudaMemcpyAsync_v3020	mul_mat_vec_q	k_get_rows_kq	no	no
1887896074	1887915818	Device-to-Host	483616	Device	Pageable	13	cudaMemcpyAsync_v3020	mul_mat_vec_q	k_get_rows_kq	no	no
1887960555	1887980235	Device-to-Host	483616	Device	Pageable	13	cudaMemcpyAsync_v3020	mul_mat_vec_q	k_get_rows_kq	no	no
1888020683	1888040587	Device-to-Host	483616	Device	Pageable	13	cudaMemcpyAsync_v3020	mul_mat_vec_q	k_get_rows_kq	no	no
1888079723	1888099468	Device-to-Host	483616	Device	Pageable	13	cudaMemcpyAsync_v3020	mul_mat_vec_q	k_get_rows_kq	no	no
1888140396	1888151116	Device-to-Host	256032	Device	Pageable	13	cudaMemcpyAsync_v3020	mul_mat_vec_q	k_get_rows_kq	no	no
1888177516	1888188364	Device-to-Host	256032	Device	Pageable	13	cudaMemcpyAsync_v3020	mul_mat_vec_q	k_get_rows_kq	no	no
1888213772	1888224364	Device-to-Host	256032	Device	Pageable	13	cudaMemcpyAsync_v3020	mul_mat_vec_q	k_get_rows_kq	no	no
1888249805	1888260717	Device-to-Host	256032	Device	Pageable	13	cudaMemcpyAsync_v3020	mul_mat_vec_q	k_get_rows_kq	no	no
1888286413	1888297677	Device-to-Host	256032	Device	Pageable	13	cudaMemcpyAsync_v3020	mul_mat_vec_q	k_get_rows_kq	no	no
1888321389	1888332173	Device-to-Host	256032	Device	Pageable	13	cudaMemcpyAsync_v3020	mul_mat_vec_q	k_get_rows_kq	no	no
1888357293	1888360909	Device-to-Host	73728	Device	Pageable	13	cudaMemcpyAsync_v3020	mul_mat_vec_q	k_get_rows_kq	no	yes
1888375150	1888378798	Device-to-Host	73728	Device	Pageable	13	cudaMemcpyAsync_v3020	mul_mat_vec_q	k_get_rows_kq	no	yes
1888392846	1888396430	Device-to-Host	73728	Device	Pageable	13	cudaMemcpyAsync_v3020	mul_mat_vec_q	k_get_rows_kq	no	yes
1888418606	1888422222	Device-to-Host	73728	Device	Pageable	13	cudaMemcpyAsync_v3020	mul_mat_vec_q	k_get_rows_kq	no	yes
1888436686	1888440302	Device-to-Host	73728	Device	Pageable	13	cudaMemcpyAsync_v3020	mul_mat_vec_q	k_get_rows_kq	no	yes
1888452334	1888455950	Device-to-Host	73728	Device	Pageable	13	cudaMemcpyAsync_v3020	mul_mat_vec_q	k_get_rows_kq	no	yes
1888468142	1888471822	Device-to-Host	73728	Device	Pageable	13	cudaMemcpyAsync_v3020	mul_mat_vec_q	k_get_rows_kq	no	yes
1888484302	1888488110	Device-to-Host	73728	Device	Pageable	13	cudaMemcpyAsync_v3020	mul_mat_vec_q	k_get_rows_kq	no	yes
1888500174	1888503790	Device-to-Host	73728	Device	Pageable	13	cudaMemcpyAsync_v3020	mul_mat_vec_q	k_get_rows_kq	no	yes
1888516143	1888519695	Device-to-Host	73728	Device	Pageable	13	cudaMemcpyAsync_v3020	mul_mat_vec_q	k_get_rows_kq	no	yes
1888535791	1888539439	Device-to-Host	73728	Device	Pageable	13	cudaMemcpyAsync_v3020	mul_mat_vec_q	k_get_rows_kq	no	yes
1888555023	1888558671	Device-to-Host	73728	Device	Pageable	13	cudaMemcpyAsync_v3020	mul_mat_vec_q	k_get_rows_kq	no	yes
1888575183	1888578735	Device-to-Host	73728	Device	Pageable	13	cudaMemcpyAsync_v3020	mul_mat_vec_q	k_get_rows_kq	no	yes
1888590511	1888594127	Device-to-Host	73728	Device	Pageable	13	cudaMemcpyAsync_v3020	mul_mat_vec_q	k_get_rows_kq	no	yes
1888605839	1888609423	Device-to-Host	73728	Device	Pageable	13	cudaMemcpyAsync_v3020	mul_mat_vec_q	k_get_rows_kq	no	yes
1888622863	1888626479	Device-to-Host	73728	Device	Pageable	13	cudaMemcpyAsync_v3020	mul_mat_vec_q	k_get_rows_kq	no	yes
1888641839	1888645391	Device-to-Host	73728	Device	Pageable	13	cudaMemcpyAsync_v3020	mul_mat_vec_q	k_get_rows_kq	no	yes
1888656752	1888660336	Device-to-Host	73728	Device	Pageable	13	cudaMemcpyAsync_v3020	mul_mat_vec_q	k_get_rows_kq	no	yes
1888671376	1888721296	Device-to-Host	1048576	Device	Pageable	13	cudaMemcpyAsync_v3020	mul_mat_vec_q	k_get_rows_kq	no	yes
1888837713	1888879985	Device-to-Host	1048576	Device	Pageable	13	cudaMemcpyAsync_v3020	mul_mat_vec_q	k_get_rows_kq	no	yes
1888980338	1889021010	Device-to-Host	1048576	Device	Pageable	13	cudaMemcpyAsync_v3020	mul_mat_vec_q	k_get_rows_kq	no	yes
1889111667	1889152659	Device-to-Host	1048576	Device	Pageable	13	cudaMemcpyAsync_v3020	mul_mat_vec_q	k_get_rows_kq	no	yes
1889232116	1889273012	Device-to-Host	1048576	Device	Pageable	13	cudaMemcpyAsync_v3020	mul_mat_vec_q	k_get_rows_kq	no	yes
1889367765	1889408469	Device-to-Host	1048576	Device	Pageable	13	cudaMemcpyAsync_v3020	mul_mat_vec_q	k_get_rows_kq	no	yes
1889473493	1889514102	Device-to-Host	1048576	Device	Pageable	13	cudaMemcpyAsync_v3020	mul_mat_vec_q	k_get_rows_kq	no	yes
1889578710	1889619478	Device-to-Host	1048576	Device	Pageable	13	cudaMemcpyAsync_v3020	mul_mat_vec_q	k_get_rows_kq	no	yes
1889686455	1889729847	Device-to-Host	1048576	Device	Pageable	13	cudaMemcpyAsync_v3020	mul_mat_vec_q	k_get_rows_kq	no	yes
1889794488	1889843160	Device-to-Host	1048576	Device	Pageable	13	cudaMemcpyAsync_v3020	mul_mat_vec_q	k_get_rows_kq	no	yes
1889947257	1889987929	Device-to-Host	1048576	Device	Pageable	13	cudaMemcpyAsync_v3020	mul_mat_vec_q	k_get_rows_kq	no	yes
1890070202	1890119002	Device-to-Host	1048576	Device	Pageable	13	cudaMemcpyAsync_v3020	mul_mat_vec_q	k_get_rows_kq	no	yes
1890262747	1890309691	Device-to-Host	1048576	Device	Pageable	13	cudaMemcpyAsync_v3020	mul_mat_vec_q	k_get_rows_kq	no	yes
1890413404	1890454876	Device-to-Host	1048576	Device	Pageable	13	cudaMemcpyAsync_v3020	mul_mat_vec_q	k_get_rows_kq	no	yes
1890519581	1890560189	Device-to-Host	1048576	Device	Pageable	13	cudaMemcpyAsync_v3020	mul_mat_vec_q	k_get_rows_kq	no	yes
1890621694	1890662558	Device-to-Host	1048576	Device	Pageable	13	cudaMemcpyAsync_v3020	mul_mat_vec_q	k_get_rows_kq	no	yes
1890739518	1890790975	Device-to-Host	1048576	Device	Pageable	13	cudaMemcpyAsync_v3020	mul_mat_vec_q	k_get_rows_kq	no	yes
1890878015	1890918784	Device-to-Host	1048576	Device	Pageable	13	cudaMemcpyAsync_v3020	mul_mat_vec_q	k_get_rows_kq	no	yes
1891963879	1891976039	Host-to-Device	262144	Pinned	Device	13	cudaMemcpyAsync_v3020	mul_mat_vec_q	k_get_rows_kq	no	yes
1899921280	1900406275	Host-to-Device	10027008	Pageable	Device	13	cudaMemcpyAsync_v3020	rms_norm_f32	rms_norm_f32	no	yes
1982304365	1982309997	Device-to-Device	6684672	Device	Device	13	cudaMemcpyAsync_v3020	rms_norm_f32	rms_norm_f32	yes	yes
1983746903	1983760247	Host-to-Device	262144	Pinned	Device	13	cudaMemcpyAsync_v3020	rms_norm_f32	rms_norm_f32	no	yes
1983792696	1983830072	Host-to-Device	786432	Pinned	Device	13	cudaMemcpyAsync_v3020	rms_norm_f32	rms_norm_f32	no	yes
2012501765	2012515077	Host-to-Device	262144	Pinned	Device	13	cudaMemcpyAsync_v3020	rms_norm_f32	rms_norm_f32	no	yes
2012543845	2012573605	Host-to-Device	622592	Pinned	Device	13	cudaMemcpyAsync_v3020	rms_norm_f32	rms_norm_f32	no	yes
2032625941	2032638293	Host-to-Device	262144	Pinned	Device	13	cudaMemcpyAsync_v3020	rms_norm_f32	k_get_rows_kq	no	yes
2039733064	2040079722	Host-to-Device	7004160	Pageable	Device	13	cudaMemcpyAsync_v3020	rms_norm_f32	im2col_kernel	no	yes
2040269675	2040276683	Device-to-Device	9338880	Device	Device	15	cudaMemcpyAsync_v3020	convert_unary	im2col_kernel	no	yes
2040355564	2040362508	Device-to-Device	9338880	Device	Device	15	cudaMemcpyAsync_v3020	convert_unary	k_bin_bcast	no	yes
2040584782	2040591854	Device-to-Device	9338880	Device	Device	15	cudaMemcpyAsync_v3020	cpy_scalar	cpy_scalar	no	yes
2083524257	2083529057	Device-to-Device	4669440	Device	Device	13	cudaMemcpyAsync_v3020	k_bin_bcast	rms_norm_f32	yes	yes
2084862794	2084876202	Host-to-Device	262144	Pinned	Device	13	cudaMemcpyAsync_v3020	k_bin_bcast	rms_norm_f32	no	yes
2084905643	2084981835	Host-to-Device	1572864	Pinned	Device	13	cudaMemcpyAsync_v3020	k_bin_bcast	rms_norm_f32	no	yes
2113635864	2113649240	Host-to-Device	262144	Pinned	Device	13	cudaMemcpyAsync_v3020	rms_norm_f32	rms_norm_f32	no	yes
2113678104	2113687513	Host-to-Device	178176	Pinned	Device	13	cudaMemcpyAsync_v3020	rms_norm_f32	rms_norm_f32	no	no
2121605585	2121617745	Host-to-Device	262144	Pinned	Device	13	cudaMemcpyAsync_v3020	rms_norm_f32	k_get_rows_kq	no	yes
2127361818	2127365978	Device-to-Host	73728	Device	Pageable	13	cudaMemcpyAsync_v3020	rms_norm_f32	k_get_rows_kq	no	yes
2127380890	2127385018	Device-to-Host	73728	Device	Pageable	13	cudaMemcpyAsync_v3020	rms_norm_f32	k_get_rows_kq	no	yes
2127397403	2127401083	Device-to-Host	73728	Device	Pageable	13	cudaMemcpyAsync_v3020	rms_norm_f32	k_get_rows_kq	no	yes
2127412731	2127416379	Device-to-Host	73728	Device	Pageable	13	cudaMemcpyAsync_v3020	rms_norm_f32	k_get_rows_kq	no	yes
2127427611	2127431227	Device-to-Host	73728	Device	Pageable	13	cudaMemcpyAsync_v3020	rms_norm_f32	k_get_rows_kq	no	yes
2127442843	2127446491	Device-to-Host	73728	Device	Pageable	13	cudaMemcpyAsync_v3020	rms_norm_f32	k_get_rows_kq	no	yes
2127457531	2127461115	Device-to-Host	73728	Device	Pageable	13	cudaMemcpyAsync_v3020	rms_norm_f32	k_get_rows_kq	no	yes
2127472667	2127476283	Device-to-Host	73728	Device	Pageable	13	cudaMemcpyAsync_v3020	rms_norm_f32	k_get_rows_kq	no	yes
2127486843	2127490427	Device-to-Host	73728	Device	Pageable	13	cudaMemcpyAsync_v3020	rms_norm_f32	k_get_rows_kq	no	yes
2127500955	2127504507	Device-to-Host	73728	Device	Pageable	13	cudaMemcpyAsync_v3020	rms_norm_f32	k_get_rows_kq	no	yes
2127515259	2127518811	Device-to-Host	73728	Device	Pageable	13	cudaMemcpyAsync_v3020	rms_norm_f32	k_get_rows_kq	no	yes
2127529660	2127533308	Device-to-Host	73728	Device	Pageable	13	cudaMemcpyAsync_v3020	rms_norm_f32	k_get_rows_kq	no	yes
2127546684	2127550236	Device-to-Host	73728	Device	Pageable	13	cudaMemcpyAsync_v3020	rms_norm_f32	k_get_rows_kq	no	yes
2127561628	2127565244	Device-to-Host	73728	Device	Pageable	13	cudaMemcpyAsync_v3020	rms_norm_f32	k_get_rows_kq	no	yes
2127576156	2127579836	Device-to-Host	73728	Device	Pageable	13	cudaMemcpyAsync_v3020	rms_norm_f32	k_get_rows_kq	no	yes
2127590652	2127594268	Device-to-Host	73728	Device	Pageable	13	cudaMemcpyAsync_v3020	rms_norm_f32	k_get_rows_kq	no	yes
2127605148	2127608700	Device-to-Host	73728	Device	Pageable	13	cudaMemcpyAsync_v3020	rms_norm_f32	k_get_rows_kq	no	yes
2127619420	2127623100	Device-to-Host	73728	Device	Pageable	13	cudaMemcpyAsync_v3020	rms_norm_f32	k_get_rows_kq	no	yes
2127635516	2127676093	Device-to-Host	1048576	Device	Pageable	13	cudaMemcpyAsync_v3020	rms_norm_f32	k_get_rows_kq	no	yes
2127747965	2127788701	Device-to-Host	1048576	Device	Pageable	13	cudaMemcpyAsync_v3020	rms_norm_f32	k_get_rows_kq	no	yes
2127861086	2127901726	Device-to-Host	1048576	Device	Pageable	13	cudaMemcpyAsync_v3020	rms_norm_f32	k_get_rows_kq	no	yes
2127968927	2128009791	Device-to-Host	1048576	Device	Pageable	13	cudaMemcpyAsync_v3020	rms_norm_f32	k_get_rows_kq	no	yes
2128075615	2128116352	Device-to-Host	1048576	Device	Pageable	13	cudaMemcpyAsync_v3020	rms_norm_f32	k_get_rows_kq	no	yes
2128180000	2128220768	Device-to-Host	1048576	Device	Pageable	13	cudaMemcpyAsync_v3020	rms_norm_f32	k_get_rows_kq	no	yes
2128284673	2128325281	Device-to-Host	1048576	Device	Pageable	13	cudaMemcpyAsync_v3020	rms_norm_f32	k_get_rows_kq	no	yes
2128385474	2128426210	Device-to-Host	1048576	Device	Pageable	13	cudaMemcpyAsync_v3020	rms_norm_f32	k_get_rows_kq	no	yes
2128488194	2128528963	Device-to-Host	1048576	Device	Pageable	13	cudaMemcpyAsync_v3020	rms_norm_f32	k_get_rows_kq	no	yes
2128593507	2128634307	Device-to-Host	1048576	Device	Pageable	13	cudaMemcpyAsync_v3020	rms_norm_f32	k_get_rows_kq	no	yes
2128695556	2128736100	Device-to-Host	1048576	Device	Pageable	13	cudaMemcpyAsync_v3020	rms_norm_f32	k_get_rows_kq	no	yes
2128798565	2128839429	Device-to-Host	1048576	Device	Pageable	13	cudaMemcpyAsync_v3020	rms_norm_f32	k_get_rows_kq	no	yes
2128900901	2128941510	Device-to-Host	1048576	Device	Pageable	13	cudaMemcpyAsync_v3020	rms_norm_f32	k_get_rows_kq	no	yes
2129004454	2129045318	Device-to-Host	1048576	Device	Pageable	13	cudaMemcpyAsync_v3020	rms_norm_f32	k_get_rows_kq	no	yes
2129107079	2129147975	Device-to-Host	1048576	Device	Pageable	13	cudaMemcpyAsync_v3020	rms_norm_f32	k_get_rows_kq	no	yes
2129210536	2129252168	Device-to-Host	1048576	Device	Pageable	13	cudaMemcpyAsync_v3020	rms_norm_f32	k_get_rows_kq	no	yes
2129319240	2129359913	Device-to-Host	1048576	Device	Pageable	13	cudaMemcpyAsync_v3020	rms_norm_f32	k_get_rows_kq	no	yes
2129422217	2129462985	Device-to-Host	1048576	Device	Pageable	13	cudaMemcpyAsync_v3020	rms_norm_f32	k_get_rows_kq	no	yes
2130131886	2130144078	Host-to-Device	262144	Pinned	Device	13	cudaMemcpyAsync_v3020	rms_norm_f32	k_get_rows_kq	no	yes
2135370708	2135410004	Device-to-Host	993280	Device	Pinned	14	cudaMemcpyAsync_v3020	mul_mat_vec_q	k_get_rows_kq	no	no
2136666557	2136678781	Host-to-Device	262144	Pinned	Device	13	cudaMemcpyAsync_v3020	mul_mat_vec_q	k_get_rows_kq	no	yes
2141382367	2141421343	Device-to-Host	993280	Device	Pinned	14	cudaMemcpyAsync_v3020	mul_mat_vec_q	-	no	no
2141690721	2141703009	Host-to-Device	262144	Pinned	Device	13	cudaMemcpyAsync_v3020	mul_mat_vec_q	-	no	yes
2148223728	2148262736	Device-to-Host	993280	Device	Pinned	14	cudaMemcpyAsync_v3020	mul_mat_vec_q	-	no	no
2148535282	2148550642	Host-to-Device	262144	Pinned	Device	13	cudaMemcpyAsync_v3020	mul_mat_vec_q	-	no	yes
2152921873	2152960881	Device-to-Host	993280	Device	Pinned	14	cudaMemcpyAsync_v3020	mul_mat_vec_q	-	no	no
2153238899	2153251443	Host-to-Device	262144	Pinned	Device	13	cudaMemcpyAsync_v3020	mul_mat_vec_q	-	no	yes
2157241136	2157280144	Device-to-Host	993280	Device	Pinned	14	cudaMemcpyAsync_v3020	mul_mat_vec_q	-	no	no
2157547954	2157560242	Host-to-Device	262144	Pinned	Device	13	cudaMemcpyAsync_v3020	mul_mat_vec_q	-	no	yes
2162133555	2162172627	Device-to-Host	993280	Device	Pinned	14	cudaMemcpyAsync_v3020	mul_mat_vec_q	-	no	no
2164199938	2164212450	Host-to-Device	262144	Pinned	Device	13	cudaMemcpyAsync_v3020	mul_mat_vec_q	-	no	yes
2168669474	2168708450	Device-to-Host	993280	Device	Pinned	14	cudaMemcpyAsync_v3020	mul_mat_vec_q	-	no	no
2168984836	2168997156	Host-to-Device	262144	Pinned	Device	13	cudaMemcpyAsync_v3020	mul_mat_vec_q	-	no	yes
2173416356	2173455364	Device-to-Host	993280	Device	Pinned	14	cudaMemcpyAsync_v3020	mul_mat_vec_q	-	no	no
2173731654	2173743974	Host-to-Device	262144	Pinned	Device	13	cudaMemcpyAsync_v3020	mul_mat_vec_q	-	no	yes
2177753027	2177792035	Device-to-Host	993280	Device	Pinned	14	cudaMemcpyAsync_v3020	mul_mat_vec_q	-	no	no
2178081733	2178095429	Host-to-Device	262144	Pinned	Device	13	cudaMemcpyAsync_v3020	mul_mat_vec_q	-	no	yes
2182217699	2182256771	Device-to-Host	993280	Device	Pinned	14	cudaMemcpyAsync_v3020	mul_mat_vec_q	-	no	no
2182528261	2182540517	Host-to-Device	262144	Pinned	Device	13	cudaMemcpyAsync_v3020	mul_mat_vec_q	-	no	yes
2186811908	2186850884	Device-to-Host	993280	Device	Pinned	14	cudaMemcpyAsync_v3020	mul_mat_vec_q	-	no	no
2187122534	2187134854	Host-to-Device	262144	Pinned	Device	13	cudaMemcpyAsync_v3020	mul_mat_vec_q	-	no	yes
2191140898	2191179939	Device-to-Host	993280	Device	Pinned	14	cudaMemcpyAsync_v3020	mul_mat_vec_q	-	no	no
2191439621	2191451941	Host-to-Device	262144	Pinned	Device	13	cudaMemcpyAsync_v3020	mul_mat_vec_q	-	no	yes
2195703875	2195742883	Device-to-Host	993280	Device	Pinned	14	cudaMemcpyAsync_v3020	mul_mat_vec_q	-	no	no
2196007397	2196019589	Host-to-Device	262144	Pinned	Device	13	cudaMemcpyAsync_v3020	mul_mat_vec_q	-	no	yes
2200058658	2200097571	Device-to-Host	993280	Device	Pinned	14	cudaMemcpyAsync_v3020	mul_mat_vec_q	-	no	no
2200434949	2200447269	Host-to-Device	262144	Pinned	Device	13	cudaMemcpyAsync_v3020	mul_mat_vec_q	-	no	yes
2204446850	2204485858	Device-to-Host	993280	Device	Pinned	14	cudaMemcpyAsync_v3020	mul_mat_vec_q	-	no	no
2204745412	2204757540	Host-to-Device	262144	Pinned	Device	13	cudaMemcpyAsync_v3020	mul_mat_vec_q	-	no	yes
2209010850	2209049987	Device-to-Host	993280	Device	Pinned	14	cudaMemcpyAsync_v3020	mul_mat_vec_q	-	no	no
2209312100	2209324325	Host-to-Device	262144	Pinned	Device	13	cudaMemcpyAsync_v3020	mul_mat_vec_q	-	no	yes
2213343425	2213382498	Device-to-Host	993280	Device	Pinned	14	cudaMemcpyAsync_v3020	mul_mat_vec_q	-	no	no
2213642275	2213654692	Host-to-Device	262144	Pinned	Device	13	cudaMemcpyAsync_v3020	mul_mat_vec_q	-	no	yes
2217856226	2217895202	Device-to-Host	993280	Device	Pinned	14	cudaMemcpyAsync_v3020	mul_mat_vec_q	-	no	no
2218157220	2218169444	Host-to-Device	262144	Pinned	Device	13	cudaMemcpyAsync_v3020	mul_mat_vec_q	-	no	yes
2222440706	2222479715	Device-to-Host	993280	Device	Pinned	14	cudaMemcpyAsync_v3020	mul_mat_vec_q	-	no	no
2222750245	2222762501	Host-to-Device	262144	Pinned	Device	13	cudaMemcpyAsync_v3020	mul_mat_vec_q	-	no	yes
2226754849	2226793857	Device-to-Host	993280	Device	Pinned	14	cudaMemcpyAsync_v3020	mul_mat_vec_q	-	no	no
2227148708	2227161156	Host-to-Device	262144	Pinned	Device	13	cudaMemcpyAsync_v3020	mul_mat_vec_q	-	no	yes
2231419203	2231458211	Device-to-Host	993280	Device	Pinned	14	cudaMemcpyAsync_v3020	mul_mat_vec_q	-	no	no
2231732005	2231744229	Host-to-Device	262144	Pinned	Device	13	cudaMemcpyAsync_v3020	mul_mat_vec_q	-	no	yes
2236008803	2236047812	Device-to-Host	993280	Device	Pinned	14	cudaMemcpyAsync_v3020	mul_mat_vec_q	-	no	no
2236318342	2236330566	Host-to-Device	262144	Pinned	Device	13	cudaMemcpyAsync_v3020	mul_mat_vec_q	-	no	yes
2240338306	2240377315	Device-to-Host	993280	Device	Pinned	14	cudaMemcpyAsync_v3020	mul_mat_vec_q	-	no	no
2240657957	2240670117	Host-to-Device	262144	Pinned	Device	13	cudaMemcpyAsync_v3020	mul_mat_vec_q	-	no	yes
2244811170	2244850211	Device-to-Host	993280	Device	Pinned	14	cudaMemcpyAsync_v3020	mul_mat_vec_q	-	no	no
2245185893	2245198213	Host-to-Device	262144	Pinned	Device	13	cudaMemcpyAsync_v3020	mul_mat_vec_q	-	no	yes
2249562564	2249601573	Device-to-Host	993280	Device	Pinned	14	cudaMemcpyAsync_v3020	mul_mat_vec_q	-	no	no
2249863910	2249876167	Host-to-Device	262144	Pinned	Device	13	cudaMemcpyAsync_v3020	mul_mat_vec_q	-	no	yes
2253877731	2253916771	Device-to-Host	993280	Device	Pinned	14	cudaMemcpyAsync_v3020	mul_mat_vec_q	-	no	no
2254180293	2254193349	Host-to-Device	262144	Pinned	Device	13	cudaMemcpyAsync_v3020	mul_mat_vec_q	-	no	yes
2258320899	2258359907	Device-to-Host	993280	Device	Pinned	14	cudaMemcpyAsync_v3020	mul_mat_vec_q	-	no	no
2258616805	2258629125	Host-to-Device	262144	Pinned	Device	13	cudaMemcpyAsync_v3020	mul_mat_vec_q	-	no	yes
2262655874	2262694882	Device-to-Host	993280	Device	Pinned	14	cudaMemcpyAsync_v3020	mul_mat_vec_q	-	no	no
2262950660	2262966628	Host-to-Device	262144	Pinned	Device	13	cudaMemcpyAsync_v3020	mul_mat_vec_q	-	no	yes
2268192010	2268231018	Device-to-Host	993280	Device	Pinned	14	cudaMemcpyAsync_v3020	mul_mat_vec_q	-	no	no
2269646164	2269658452	Host-to-Device	262144	Pinned	Device	13	cudaMemcpyAsync_v3020	mul_mat_vec_q	-	no	yes
2274084468	2274123508	Device-to-Host	993280	Device	Pinned	14	cudaMemcpyAsync_v3020	mul_mat_vec_q	-	no	no
2274380054	2274392310	Host-to-Device	262144	Pinned	Device	13	cudaMemcpyAsync_v3020	mul_mat_vec_q	-	no	yes
2278656340	2278695381	Device-to-Host	993280	Device	Pinned	14	cudaMemcpyAsync_v3020	mul_mat_vec_q	-	no	no
2279004151	2279016311	Host-to-Device	262144	Pinned	Device	13	cudaMemcpyAsync_v3020	mul_mat_vec_q	-	no	yes
2283040436	2283079508	Device-to-Host	993280	Device	Pinned	14	cudaMemcpyAsync_v3020	mul_mat_vec_q	-	no	no
2283333654	2283346006	Host-to-Device	262144	Pinned	Device	13	cudaMemcpyAsync_v3020	mul_mat_vec_q	-	no	yes
2287571668	2287610676	Device-to-Host	993280	Device	Pinned	14	cudaMemcpyAsync_v3020	mul_mat_vec_q	-	no	no
2287885942	2287899703	Host-to-Device	262144	Pinned	Device	13	cudaMemcpyAsync_v3020	mul_mat_vec_q	-	no	yes
2292075956	2292117429	Device-to-Host	993280	Device	Pinned	14	cudaMemcpyAsync_v3020	mul_mat_vec_q	-	no	no
2292436727	2292450391	Host-to-Device	262144	Pinned	Device	13	cudaMemcpyAsync_v3020	mul_mat_vec_q	-	no	yes
2296501012	2296540084	Device-to-Host	993280	Device	Pinned	14	cudaMemcpyAsync_v3020	mul_mat_vec_q	-	no	no
2296801782	2296813878	Host-to-Device	262144	Pinned	Device	13	cudaMemcpyAsync_v3020	mul_mat_vec_q	-	no	yes
2301014836	2301053845	Device-to-Host	993280	Device	Pinned	14	cudaMemcpyAsync_v3020	mul_mat_vec_q	-	no	no
2301312662	2301324791	Host-to-Device	262144	Pinned	Device	13	cudaMemcpyAsync_v3020	mul_mat_vec_q	-	no	yes
2305587029	2305626037	Device-to-Host	993280	Device	Pinned	14	cudaMemcpyAsync_v3020	mul_mat_vec_q	-	no	no
2305893687	2305906007	Host-to-Device	262144	Pinned	Device	13	cudaMemcpyAsync_v3020	mul_mat_vec_q	-	no	yes
2309918580	2309957588	Device-to-Host	993280	Device	Pinned	14	cudaMemcpyAsync_v3020	mul_mat_vec_q	-	no	no
2310217334	2310229622	Host-to-Device	262144	Pinned	Device	13	cudaMemcpyAsync_v3020	mul_mat_vec_q	-	no	yes
2314448788	2314487829	Device-to-Host	993280	Device	Pinned	14	cudaMemcpyAsync_v3020	mul_mat_vec_q	-	no	no
2314749303	2314761655	Host-to-Device	262144	Pinned	Device	13	cudaMemcpyAsync_v3020	mul_mat_vec_q	-	no	yes
2319031221	2319070261	Device-to-Host	993280	Device	Pinned	14	cudaMemcpyAsync_v3020	mul_mat_vec_q	-	no	no
2319330871	2319343031	Host-to-Device	262144	Pinned	Device	13	cudaMemcpyAsync_v3020	mul_mat_vec_q	-	no	yes
2323337172	2323376180	Device-to-Host	993280	Device	Pinned	14	cudaMemcpyAsync_v3020	mul_mat_vec_q	-	no	no
2323632438	2323644886	Host-to-Device	262144	Pinned	Device	13	cudaMemcpyAsync_v3020	mul_mat_vec_q	-	no	yes
2327907317	2327946325	Device-to-Host	993280	Device	Pinned	14	cudaMemcpyAsync_v3020	mul_mat_vec_q	-	no	no
2328207767	2328219959	Host-to-Device	262144	Pinned	Device	13	cudaMemcpyAsync_v3020	mul_mat_vec_q	-	no	yes
2332229652	2332268660	Device-to-Host	993280	Device	Pinned	14	cudaMemcpyAsync_v3020	mul_mat_vec_q	-	no	no
2332607286	2332619606	Host-to-Device	262144	Pinned	Device	13	cudaMemcpyAsync_v3020	mul_mat_vec_q	-	no	yes
2336613427	2336652403	Device-to-Host	993280	Device	Pinned	14	cudaMemcpyAsync_v3020	mul_mat_vec_q	-	no	no
2336936181	2336948437	Host-to-Device	262144	Pinned	Device	13	cudaMemcpyAsync_v3020	mul_mat_vec_q	-	no	yes
2341202004	2341241012	Device-to-Host	993280	Device	Pinned	14	cudaMemcpyAsync_v3020	mul_mat_vec_q	-	no	no
2341500214	2341512630	Host-to-Device	262144	Pinned	Device	13	cudaMemcpyAsync_v3020	mul_mat_vec_q	-	no	yes
2345534579	2345573651	Device-to-Host	993280	Device	Pinned	14	cudaMemcpyAsync_v3020	mul_mat_vec_q	-	no	no
2345829781	2345842069	Host-to-Device	262144	Pinned	Device	13	cudaMemcpyAsync_v3020	mul_mat_vec_q	-	no	yes
2350054547	2350093555	Device-to-Host	993280	Device	Pinned	14	cudaMemcpyAsync_v3020	mul_mat_vec_q	-	no	no
2350353557	2350365685	Host-to-Device	262144	Pinned	Device	13	cudaMemcpyAsync_v3020	mul_mat_vec_q	-	no	yes
2354604212	2354643252	Device-to-Host	993280	Device	Pinned	14	cudaMemcpyAsync_v3020	mul_mat_vec_q	-	no	no
