graph_index	t_ns	mode	n_nodes	op	path	detail	src0_name	dst_name	src0_type	src1_type	dst_type	ne00	ne01	ne02	ne03	ne10	ne11	ne12	ne13	nb01	nb02	nb03	nb11	nb12	nb13	src0_contiguous	src1_contiguous	src0_transposed	batch_count	launches
0	1788292024781177858	eager	1447	MUL_MAT	MMF	-	blk.0.attn_gate.weight	z-0	bf16	f32	f32	1024	2048	1	1	1024	2	1	1	2048	4194304	4194304	4096	8192	8192	1	1	0	1	1
0	1788292024781177858	eager	1447	MUL_MAT	MMF	-	blk.0.attn_qkv.weight	node_13	bf16	f32	f32	1024	6144	1	1	1024	2	1	1	2048	12582912	12582912	4096	8192	8192	1	1	0	1	1
0	1788292024781177858	eager	1447	MUL_MAT	MMF	-	blk.0.ffn_down.weight	ffn_out-0	bf16	f32	f32	3584	1024	1	1	3584	2	1	1	7168	7340032	7340032	14336	28672	28672	1	1	0	1	1
0	1788292024781177858	eager	1447	MUL_MAT	MMF	-	blk.0.ffn_gate.weight	ffn_gate-0	bf16	f32	f32	1024	3584	1	1	1024	2	1	1	2048	7340032	7340032	4096	8192	8192	1	1	0	1	1
0	1788292024781177858	eager	1447	MUL_MAT	MMF	-	blk.0.ffn_up.weight	ffn_up-0	bf16	f32	f32	1024	3584	1	1	1024	2	1	1	2048	7340032	7340032	4096	8192	8192	1	1	0	1	1
0	1788292024781177858	eager	1447	MUL_MAT	MMF	-	blk.0.ssm_out.weight	linear_attn_out-0	bf16	f32	f32	2048	1024	1	1	2048	2	1	1	4096	4194304	4194304	8192	16384	16384	1	1	0	1	1
0	1788292024781177858	eager	1447	MUL_MAT	MMF	-	blk.1.attn_gate.weight	z-1	bf16	f32	f32	1024	2048	1	1	1024	2	1	1	2048	4194304	4194304	4096	8192	8192	1	1	0	1	1
0	1788292024781177858	eager	1447	MUL_MAT	MMF	-	blk.1.attn_qkv.weight	node_76	bf16	f32	f32	1024	6144	1	1	1024	2	1	1	2048	12582912	12582912	4096	8192	8192	1	1	0	1	1
0	1788292024781177858	eager	1447	MUL_MAT	MMF	-	blk.1.ffn_down.weight	ffn_out-1	bf16	f32	f32	3584	1024	1	1	3584	2	1	1	7168	7340032	7340032	14336	28672	28672	1	1	0	1	1
0	1788292024781177858	eager	1447	MUL_MAT	MMF	-	blk.1.ffn_gate.weight	ffn_gate-1	bf16	f32	f32	1024	3584	1	1	1024	2	1	1	2048	7340032	7340032	4096	8192	8192	1	1	0	1	1
0	1788292024781177858	eager	1447	MUL_MAT	MMF	-	blk.1.ffn_up.weight	ffn_up-1	bf16	f32	f32	1024	3584	1	1	1024	2	1	1	2048	7340032	7340032	4096	8192	8192	1	1	0	1	1
0	1788292024781177858	eager	1447	MUL_MAT	MMF	-	blk.1.ssm_out.weight	linear_attn_out-1	bf16	f32	f32	2048	1024	1	1	2048	2	1	1	4096	4194304	4194304	8192	16384	16384	1	1	0	1	1
0	1788292024781177858	eager	1447	MUL_MAT	MMF	-	blk.10.attn_gate.weight	z-10	bf16	f32	f32	1024	2048	1	1	1024	2	1	1	2048	4194304	4194304	4096	8192	8192	1	1	0	1	1
0	1788292024781177858	eager	1447	MUL_MAT	MMF	-	blk.10.attn_qkv.weight	node_619	bf16	f32	f32	1024	6144	1	1	1024	2	1	1	2048	12582912	12582912	4096	8192	8192	1	1	0	1	1
0	1788292024781177858	eager	1447	MUL_MAT	MMF	-	blk.10.ffn_down.weight	ffn_out-10	bf16	f32	f32	3584	1024	1	1	3584	2	1	1	7168	7340032	7340032	14336	28672	28672	1	1	0	1	1
0	1788292024781177858	eager	1447	MUL_MAT	MMF	-	blk.10.ffn_gate.weight	ffn_gate-10	bf16	f32	f32	1024	3584	1	1	1024	2	1	1	2048	7340032	7340032	4096	8192	8192	1	1	0	1	1
0	1788292024781177858	eager	1447	MUL_MAT	MMF	-	blk.10.ffn_up.weight	ffn_up-10	bf16	f32	f32	1024	3584	1	1	1024	2	1	1	2048	7340032	7340032	4096	8192	8192	1	1	0	1	1
0	1788292024781177858	eager	1447	MUL_MAT	MMF	-	blk.10.ssm_out.weight	linear_attn_out-10	bf16	f32	f32	2048	1024	1	1	2048	2	1	1	4096	4194304	4194304	8192	16384	16384	1	1	0	1	1
0	1788292024781177858	eager	1447	MUL_MAT	MMF	-	blk.11.attn_k.weight	Kcur-11	bf16	f32	f32	1024	512	1	1	1024	2	1	1	2048	1048576	1048576	4096	8192	8192	1	1	0	1	1
0	1788292024781177858	eager	1447	MUL_MAT	MMF	-	blk.11.attn_output.weight	attn_output-11	bf16	f32	f32	2048	1024	1	1	2048	2	1	1	4096	4194304	4194304	8192	16384	16384	1	1	0	1	1
0	1788292024781177858	eager	1447	MUL_MAT	MMF	-	blk.11.attn_q.weight	Qcur_full-11	bf16	f32	f32	1024	4096	1	1	1024	2	1	1	2048	8388608	8388608	4096	8192	8192	1	1	0	1	1
0	1788292024781177858	eager	1447	MUL_MAT	MMF	-	blk.11.attn_v.weight	Vcur-11	bf16	f32	f32	1024	512	1	1	1024	2	1	1	2048	1048576	1048576	4096	8192	8192	1	1	0	1	1
0	1788292024781177858	eager	1447	MUL_MAT	MMF	-	blk.11.ffn_down.weight	ffn_out-11	bf16	f32	f32	3584	1024	1	1	3584	2	1	1	7168	7340032	7340032	14336	28672	28672	1	1	0	1	1
0	1788292024781177858	eager	1447	MUL_MAT	MMF	-	blk.11.ffn_gate.weight	ffn_gate-11	bf16	f32	f32	1024	3584	1	1	1024	2	1	1	2048	7340032	7340032	4096	8192	8192	1	1	0	1	1
0	1788292024781177858	eager	1447	MUL_MAT	MMF	-	blk.11.ffn_up.weight	ffn_up-11	bf16	f32	f32	1024	3584	1	1	1024	2	1	1	2048	7340032	7340032	4096	8192	8192	1	1	0	1	1
0	1788292024781177858	eager	1447	MUL_MAT	MMF	-	blk.12.attn_gate.weight	z-12	bf16	f32	f32	1024	2048	1	1	1024	2	1	1	2048	4194304	4194304	4096	8192	8192	1	1	0	1	1
0	1788292024781177858	eager	1447	MUL_MAT	MMF	-	blk.12.attn_qkv.weight	node_733	bf16	f32	f32	1024	6144	1	1	1024	2	1	1	2048	12582912	12582912	4096	8192	8192	1	1	0	1	1
0	1788292024781177858	eager	1447	MUL_MAT	MMF	-	blk.12.ffn_down.weight	ffn_out-12	bf16	f32	f32	3584	1024	1	1	3584	2	1	1	7168	7340032	7340032	14336	28672	28672	1	1	0	1	1
0	1788292024781177858	eager	1447	MUL_MAT	MMF	-	blk.12.ffn_gate.weight	ffn_gate-12	bf16	f32	f32	1024	3584	1	1	1024	2	1	1	2048	7340032	7340032	4096	8192	8192	1	1	0	1	1
0	1788292024781177858	eager	1447	MUL_MAT	MMF	-	blk.12.ffn_up.weight	ffn_up-12	bf16	f32	f32	1024	3584	1	1	1024	2	1	1	2048	7340032	7340032	4096	8192	8192	1	1	0	1	1
0	1788292024781177858	eager	1447	MUL_MAT	MMF	-	blk.12.ssm_out.weight	linear_attn_out-12	bf16	f32	f32	2048	1024	1	1	2048	2	1	1	4096	4194304	4194304	8192	16384	16384	1	1	0	1	1
0	1788292024781177858	eager	1447	MUL_MAT	MMF	-	blk.13.attn_gate.weight	z-13	bf16	f32	f32	1024	2048	1	1	1024	2	1	1	2048	4194304	4194304	4096	8192	8192	1	1	0	1	1
0	1788292024781177858	eager	1447	MUL_MAT	MMF	-	blk.13.attn_qkv.weight	node_796	bf16	f32	f32	1024	6144	1	1	1024	2	1	1	2048	12582912	12582912	4096	8192	8192	1	1	0	1	1
0	1788292024781177858	eager	1447	MUL_MAT	MMF	-	blk.13.ffn_down.weight	ffn_out-13	bf16	f32	f32	3584	1024	1	1	3584	2	1	1	7168	7340032	7340032	14336	28672	28672	1	1	0	1	1
0	1788292024781177858	eager	1447	MUL_MAT	MMF	-	blk.13.ffn_gate.weight	ffn_gate-13	bf16	f32	f32	1024	3584	1	1	1024	2	1	1	2048	7340032	7340032	4096	8192	8192	1	1	0	1	1
0	1788292024781177858	eager	1447	MUL_MAT	MMF	-	blk.13.ffn_up.weight	ffn_up-13	bf16	f32	f32	1024	3584	1	1	1024	2	1	1	2048	7340032	7340032	4096	8192	8192	1	1	0	1	1
0	1788292024781177858	eager	1447	MUL_MAT	MMF	-	blk.13.ssm_out.weight	linear_attn_out-13	bf16	f32	f32	2048	1024	1	1	2048	2	1	1	4096	4194304	4194304	8192	16384	16384	1	1	0	1	1
0	1788292024781177858	eager	1447	MUL_MAT	MMF	-	blk.14.attn_gate.weight	z-14	bf16	f32	f32	1024	2048	1	1	1024	2	1	1	2048	4194304	4194304	4096	8192	8192	1	1	0	1	1
0	1788292024781177858	eager	1447	MUL_MAT	MMF	-	blk.14.attn_qkv.weight	node_859	bf16	f32	f32	1024	6144	1	1	1024	2	1	1	2048	12582912	12582912	4096	8192	8192	1	1	0	1	1
0	1788292024781177858	eager	1447	MUL_MAT	MMF	-	blk.14.ffn_down.weight	ffn_out-14	bf16	f32	f32	3584	1024	1	1	3584	2	1	1	7168	7340032	7340032	14336	28672	28672	1	1	0	1	1
0	1788292024781177858	eager	1447	MUL_MAT	MMF	-	blk.14.ffn_gate.weight	ffn_gate-14	bf16	f32	f32	1024	3584	1	1	1024	2	1	1	2048	7340032	7340032	4096	8192	8192	1	1	0	1	1
0	1788292024781177858	eager	1447	MUL_MAT	MMF	-	blk.14.ffn_up.weight	ffn_up-14	bf16	f32	f32	1024	3584	1	1	1024	2	1	1	2048	7340032	7340032	4096	8192	8192	1	1	0	1	1
0	1788292024781177858	eager	1447	MUL_MAT	MMF	-	blk.14.ssm_out.weight	linear_attn_out-14	bf16	f32	f32	2048	1024	1	1	2048	2	1	1	4096	4194304	4194304	8192	16384	16384	1	1	0	1	1
0	1788292024781177858	eager	1447	MUL_MAT	MMF	-	blk.15.attn_k.weight	Kcur-15	bf16	f32	f32	1024	512	1	1	1024	2	1	1	2048	1048576	1048576	4096	8192	8192	1	1	0	1	1
0	1788292024781177858	eager	1447	MUL_MAT	MMF	-	blk.15.attn_output.weight	attn_output-15	bf16	f32	f32	2048	1024	1	1	2048	2	1	1	4096	4194304	4194304	8192	16384	16384	1	1	0	1	1
0	1788292024781177858	eager	1447	MUL_MAT	MMF	-	blk.15.attn_q.weight	Qcur_full-15	bf16	f32	f32	1024	4096	1	1	1024	2	1	1	2048	8388608	8388608	4096	8192	8192	1	1	0	1	1
0	1788292024781177858	eager	1447	MUL_MAT	MMF	-	blk.15.attn_v.weight	Vcur-15	bf16	f32	f32	1024	512	1	1	1024	2	1	1	2048	1048576	1048576	4096	8192	8192	1	1	0	1	1
0	1788292024781177858	eager	1447	MUL_MAT	MMF	-	blk.15.ffn_down.weight	ffn_out-15	bf16	f32	f32	3584	1024	1	1	3584	2	1	1	7168	7340032	7340032	14336	28672	28672	1	1	0	1	1
0	1788292024781177858	eager	1447	MUL_MAT	MMF	-	blk.15.ffn_gate.weight	ffn_gate-15	bf16	f32	f32	1024	3584	1	1	1024	2	1	1	2048	7340032	7340032	4096	8192	8192	1	1	0	1	1
0	1788292024781177858	eager	1447	MUL_MAT	MMF	-	blk.15.ffn_up.weight	ffn_up-15	bf16	f32	f32	1024	3584	1	1	1024	2	1	1	2048	7340032	7340032	4096	8192	8192	1	1	0	1	1
0	1788292024781177858	eager	1447	MUL_MAT	MMF	-	blk.16.attn_gate.weight	z-16	bf16	f32	f32	1024	2048	1	1	1024	2	1	1	2048	4194304	4194304	4096	8192	8192	1	1	0	1	1
0	1788292024781177858	eager	1447	MUL_MAT	MMF	-	blk.16.attn_qkv.weight	node_973	bf16	f32	f32	1024	6144	1	1	1024	2	1	1	2048	12582912	12582912	4096	8192	8192	1	1	0	1	1
0	1788292024781177858	eager	1447	MUL_MAT	MMF	-	blk.16.ffn_down.weight	ffn_out-16	bf16	f32	f32	3584	1024	1	1	3584	2	1	1	7168	7340032	7340032	14336	28672	28672	1	1	0	1	1
0	1788292024781177858	eager	1447	MUL_MAT	MMF	-	blk.16.ffn_gate.weight	ffn_gate-16	bf16	f32	f32	1024	3584	1	1	1024	2	1	1	2048	7340032	7340032	4096	8192	8192	1	1	0	1	1
0	1788292024781177858	eager	1447	MUL_MAT	MMF	-	blk.16.ffn_up.weight	ffn_up-16	bf16	f32	f32	1024	3584	1	1	1024	2	1	1	2048	7340032	7340032	4096	8192	8192	1	1	0	1	1
0	1788292024781177858	eager	1447	MUL_MAT	MMF	-	blk.16.ssm_out.weight	linear_attn_out-16	bf16	f32	f32	2048	1024	1	1	2048	2	1	1	4096	4194304	4194304	8192	16384	16384	1	1	0	1	1
0	1788292024781177858	eager	1447	MUL_MAT	MMF	-	blk.17.attn_gate.weight	z-17	bf16	f32	f32	1024	2048	1	1	1024	2	1	1	2048	4194304	4194304	4096	8192	8192	1	1	0	1	1
0	1788292024781177858	eager	1447	MUL_MAT	MMF	-	blk.17.attn_qkv.weight	node_1036	bf16	f32	f32	1024	6144	1	1	1024	2	1	1	2048	12582912	12582912	4096	8192	8192	1	1	0	1	1
0	1788292024781177858	eager	1447	MUL_MAT	MMF	-	blk.17.ffn_down.weight	ffn_out-17	bf16	f32	f32	3584	1024	1	1	3584	2	1	1	7168	7340032	7340032	14336	28672	28672	1	1	0	1	1
0	1788292024781177858	eager	1447	MUL_MAT	MMF	-	blk.17.ffn_gate.weight	ffn_gate-17	bf16	f32	f32	1024	3584	1	1	1024	2	1	1	2048	7340032	7340032	4096	8192	8192	1	1	0	1	1
0	1788292024781177858	eager	1447	MUL_MAT	MMF	-	blk.17.ffn_up.weight	ffn_up-17	bf16	f32	f32	1024	3584	1	1	1024	2	1	1	2048	7340032	7340032	4096	8192	8192	1	1	0	1	1
0	1788292024781177858	eager	1447	MUL_MAT	MMF	-	blk.17.ssm_out.weight	linear_attn_out-17	bf16	f32	f32	2048	1024	1	1	2048	2	1	1	4096	4194304	4194304	8192	16384	16384	1	1	0	1	1
0	1788292024781177858	eager	1447	MUL_MAT	MMF	-	blk.18.attn_gate.weight	z-18	bf16	f32	f32	1024	2048	1	1	1024	2	1	1	2048	4194304	4194304	4096	8192	8192	1	1	0	1	1
0	1788292024781177858	eager	1447	MUL_MAT	MMF	-	blk.18.attn_qkv.weight	node_1099	bf16	f32	f32	1024	6144	1	1	1024	2	1	1	2048	12582912	12582912	4096	8192	8192	1	1	0	1	1
0	1788292024781177858	eager	1447	MUL_MAT	MMF	-	blk.18.ffn_down.weight	ffn_out-18	bf16	f32	f32	3584	1024	1	1	3584	2	1	1	7168	7340032	7340032	14336	28672	28672	1	1	0	1	1
0	1788292024781177858	eager	1447	MUL_MAT	MMF	-	blk.18.ffn_gate.weight	ffn_gate-18	bf16	f32	f32	1024	3584	1	1	1024	2	1	1	2048	7340032	7340032	4096	8192	8192	1	1	0	1	1
0	1788292024781177858	eager	1447	MUL_MAT	MMF	-	blk.18.ffn_up.weight	ffn_up-18	bf16	f32	f32	1024	3584	1	1	1024	2	1	1	2048	7340032	7340032	4096	8192	8192	1	1	0	1	1
0	1788292024781177858	eager	1447	MUL_MAT	MMF	-	blk.18.ssm_out.weight	linear_attn_out-18	bf16	f32	f32	2048	1024	1	1	2048	2	1	1	4096	4194304	4194304	8192	16384	16384	1	1	0	1	1
0	1788292024781177858	eager	1447	MUL_MAT	MMF	-	blk.19.attn_k.weight	Kcur-19	bf16	f32	f32	1024	512	1	1	1024	2	1	1	2048	1048576	1048576	4096	8192	8192	1	1	0	1	1
0	1788292024781177858	eager	1447	MUL_MAT	MMF	-	blk.19.attn_output.weight	attn_output-19	bf16	f32	f32	2048	1024	1	1	2048	2	1	1	4096	4194304	4194304	8192	16384	16384	1	1	0	1	1
0	1788292024781177858	eager	1447	MUL_MAT	MMF	-	blk.19.attn_q.weight	Qcur_full-19	bf16	f32	f32	1024	4096	1	1	1024	2	1	1	2048	8388608	8388608	4096	8192	8192	1	1	0	1	1
0	1788292024781177858	eager	1447	MUL_MAT	MMF	-	blk.19.attn_v.weight	Vcur-19	bf16	f32	f32	1024	512	1	1	1024	2	1	1	2048	1048576	1048576	4096	8192	8192	1	1	0	1	1
0	1788292024781177858	eager	1447	MUL_MAT	MMF	-	blk.19.ffn_down.weight	ffn_out-19	bf16	f32	f32	3584	1024	1	1	3584	2	1	1	7168	7340032	7340032	14336	28672	28672	1	1	0	1	1
0	1788292024781177858	eager	1447	MUL_MAT	MMF	-	blk.19.ffn_gate.weight	ffn_gate-19	bf16	f32	f32	1024	3584	1	1	1024	2	1	1	2048	7340032	7340032	4096	8192	8192	1	1	0	1	1
0	1788292024781177858	eager	1447	MUL_MAT	MMF	-	blk.19.ffn_up.weight	ffn_up-19	bf16	f32	f32	1024	3584	1	1	1024	2	1	1	2048	7340032	7340032	4096	8192	8192	1	1	0	1	1
0	1788292024781177858	eager	1447	MUL_MAT	MMF	-	blk.2.attn_gate.weight	z-2	bf16	f32	f32	1024	2048	1	1	1024	2	1	1	2048	4194304	4194304	4096	8192	8192	1	1	0	1	1
0	1788292024781177858	eager	1447	MUL_MAT	MMF	-	blk.2.attn_qkv.weight	node_139	bf16	f32	f32	1024	6144	1	1	1024	2	1	1	2048	12582912	12582912	4096	8192	8192	1	1	0	1	1
0	1788292024781177858	eager	1447	MUL_MAT	MMF	-	blk.2.ffn_down.weight	ffn_out-2	bf16	f32	f32	3584	1024	1	1	3584	2	1	1	7168	7340032	7340032	14336	28672	28672	1	1	0	1	1
0	1788292024781177858	eager	1447	MUL_MAT	MMF	-	blk.2.ffn_gate.weight	ffn_gate-2	bf16	f32	f32	1024	3584	1	1	1024	2	1	1	2048	7340032	7340032	4096	8192	8192	1	1	0	1	1
0	1788292024781177858	eager	1447	MUL_MAT	MMF	-	blk.2.ffn_up.weight	ffn_up-2	bf16	f32	f32	1024	3584	1	1	1024	2	1	1	2048	7340032	7340032	4096	8192	8192	1	1	0	1	1
0	1788292024781177858	eager	1447	MUL_MAT	MMF	-	blk.2.ssm_out.weight	linear_attn_out-2	bf16	f32	f32	2048	1024	1	1	2048	2	1	1	4096	4194304	4194304	8192	16384	16384	1	1	0	1	1
0	1788292024781177858	eager	1447	MUL_MAT	MMF	-	blk.20.attn_gate.weight	z-20	bf16	f32	f32	1024	2048	1	1	1024	2	1	1	2048	4194304	4194304	4096	8192	8192	1	1	0	1	1
0	1788292024781177858	eager	1447	MUL_MAT	MMF	-	blk.20.attn_qkv.weight	node_1213	bf16	f32	f32	1024	6144	1	1	1024	2	1	1	2048	12582912	12582912	4096	8192	8192	1	1	0	1	1
0	1788292024781177858	eager	1447	MUL_MAT	MMF	-	blk.20.ffn_down.weight	ffn_out-20	bf16	f32	f32	3584	1024	1	1	3584	2	1	1	7168	7340032	7340032	14336	28672	28672	1	1	0	1	1
0	1788292024781177858	eager	1447	MUL_MAT	MMF	-	blk.20.ffn_gate.weight	ffn_gate-20	bf16	f32	f32	1024	3584	1	1	1024	2	1	1	2048	7340032	7340032	4096	8192	8192	1	1	0	1	1
0	1788292024781177858	eager	1447	MUL_MAT	MMF	-	blk.20.ffn_up.weight	ffn_up-20	bf16	f32	f32	1024	3584	1	1	1024	2	1	1	2048	7340032	7340032	4096	8192	8192	1	1	0	1	1
0	1788292024781177858	eager	1447	MUL_MAT	MMF	-	blk.20.ssm_out.weight	linear_attn_out-20	bf16	f32	f32	2048	1024	1	1	2048	2	1	1	4096	4194304	4194304	8192	16384	16384	1	1	0	1	1
0	1788292024781177858	eager	1447	MUL_MAT	MMF	-	blk.21.attn_gate.weight	z-21	bf16	f32	f32	1024	2048	1	1	1024	2	1	1	2048	4194304	4194304	4096	8192	8192	1	1	0	1	1
0	1788292024781177858	eager	1447	MUL_MAT	MMF	-	blk.21.attn_qkv.weight	node_1276	bf16	f32	f32	1024	6144	1	1	1024	2	1	1	2048	12582912	12582912	4096	8192	8192	1	1	0	1	1
0	1788292024781177858	eager	1447	MUL_MAT	MMF	-	blk.21.ffn_down.weight	ffn_out-21	bf16	f32	f32	3584	1024	1	1	3584	2	1	1	7168	7340032	7340032	14336	28672	28672	1	1	0	1	1
0	1788292024781177858	eager	1447	MUL_MAT	MMF	-	blk.21.ffn_gate.weight	ffn_gate-21	bf16	f32	f32	1024	3584	1	1	1024	2	1	1	2048	7340032	7340032	4096	8192	8192	1	1	0	1	1
0	1788292024781177858	eager	1447	MUL_MAT	MMF	-	blk.21.ffn_up.weight	ffn_up-21	bf16	f32	f32	1024	3584	1	1	1024	2	1	1	2048	7340032	7340032	4096	8192	8192	1	1	0	1	1
0	1788292024781177858	eager	1447	MUL_MAT	MMF	-	blk.21.ssm_out.weight	linear_attn_out-21	bf16	f32	f32	2048	1024	1	1	2048	2	1	1	4096	4194304	4194304	8192	16384	16384	1	1	0	1	1
0	1788292024781177858	eager	1447	MUL_MAT	MMF	-	blk.22.attn_gate.weight	z-22	bf16	f32	f32	1024	2048	1	1	1024	2	1	1	2048	4194304	4194304	4096	8192	8192	1	1	0	1	1
0	1788292024781177858	eager	1447	MUL_MAT	MMF	-	blk.22.attn_qkv.weight	node_1339	bf16	f32	f32	1024	6144	1	1	1024	2	1	1	2048	12582912	12582912	4096	8192	8192	1	1	0	1	1
0	1788292024781177858	eager	1447	MUL_MAT	MMF	-	blk.22.ffn_down.weight	ffn_out-22	bf16	f32	f32	3584	1024	1	1	3584	2	1	1	7168	7340032	7340032	14336	28672	28672	1	1	0	1	1
0	1788292024781177858	eager	1447	MUL_MAT	MMF	-	blk.22.ffn_gate.weight	ffn_gate-22	bf16	f32	f32	1024	3584	1	1	1024	2	1	1	2048	7340032	7340032	4096	8192	8192	1	1	0	1	1
0	1788292024781177858	eager	1447	MUL_MAT	MMF	-	blk.22.ffn_up.weight	ffn_up-22	bf16	f32	f32	1024	3584	1	1	1024	2	1	1	2048	7340032	7340032	4096	8192	8192	1	1	0	1	1
0	1788292024781177858	eager	1447	MUL_MAT	MMF	-	blk.22.ssm_out.weight	linear_attn_out-22	bf16	f32	f32	2048	1024	1	1	2048	2	1	1	4096	4194304	4194304	8192	16384	16384	1	1	0	1	1
0	1788292024781177858	eager	1447	MUL_MAT	MMF	-	blk.23.attn_k.weight	Kcur-23	bf16	f32	f32	1024	512	1	1	1024	2	1	1	2048	1048576	1048576	4096	8192	8192	1	1	0	1	1
0	1788292024781177858	eager	1447	MUL_MAT	MMF	-	blk.23.attn_output.weight	attn_output-23	bf16	f32	f32	2048	1024	1	1	2048	2	1	1	4096	4194304	4194304	8192	16384	16384	1	1	0	1	1
0	1788292024781177858	eager	1447	MUL_MAT	MMF	-	blk.23.attn_q.weight	Qcur_full-23	bf16	f32	f32	1024	4096	1	1	1024	2	1	1	2048	8388608	8388608	4096	8192	8192	1	1	0	1	1
0	1788292024781177858	eager	1447	MUL_MAT	MMF	-	blk.23.attn_v.weight	Vcur-23	bf16	f32	f32	1024	512	1	1	1024	2	1	1	2048	1048576	1048576	4096	8192	8192	1	1	0	1	1
0	1788292024781177858	eager	1447	MUL_MAT	MMF	-	blk.23.ffn_down.weight	ffn_out-23	bf16	f32	f32	3584	1024	1	1	3584	2	1	1	7168	7340032	7340032	14336	28672	28672	1	1	0	1	1
0	1788292024781177858	eager	1447	MUL_MAT	MMF	-	blk.23.ffn_gate.weight	ffn_gate-23	bf16	f32	f32	1024	3584	1	1	1024	2	1	1	2048	7340032	7340032	4096	8192	8192	1	1	0	1	1
0	1788292024781177858	eager	1447	MUL_MAT	MMF	-	blk.23.ffn_up.weight	ffn_up-23	bf16	f32	f32	1024	3584	1	1	1024	2	1	1	2048	7340032	7340032	4096	8192	8192	1	1	0	1	1
0	1788292024781177858	eager	1447	MUL_MAT	MMF	-	blk.3.attn_k.weight	Kcur-3	bf16	f32	f32	1024	512	1	1	1024	2	1	1	2048	1048576	1048576	4096	8192	8192	1	1	0	1	1
0	1788292024781177858	eager	1447	MUL_MAT	MMF	-	blk.3.attn_output.weight	attn_output-3	bf16	f32	f32	2048	1024	1	1	2048	2	1	1	4096	4194304	4194304	8192	16384	16384	1	1	0	1	1
0	1788292024781177858	eager	1447	MUL_MAT	MMF	-	blk.3.attn_q.weight	Qcur_full-3	bf16	f32	f32	1024	4096	1	1	1024	2	1	1	2048	8388608	8388608	4096	8192	8192	1	1	0	1	1
0	1788292024781177858	eager	1447	MUL_MAT	MMF	-	blk.3.attn_v.weight	Vcur-3	bf16	f32	f32	1024	512	1	1	1024	2	1	1	2048	1048576	1048576	4096	8192	8192	1	1	0	1	1
0	1788292024781177858	eager	1447	MUL_MAT	MMF	-	blk.3.ffn_down.weight	ffn_out-3	bf16	f32	f32	3584	1024	1	1	3584	2	1	1	7168	7340032	7340032	14336	28672	28672	1	1	0	1	1
0	1788292024781177858	eager	1447	MUL_MAT	MMF	-	blk.3.ffn_gate.weight	ffn_gate-3	bf16	f32	f32	1024	3584	1	1	1024	2	1	1	2048	7340032	7340032	4096	8192	8192	1	1	0	1	1
0	1788292024781177858	eager	1447	MUL_MAT	MMF	-	blk.3.ffn_up.weight	ffn_up-3	bf16	f32	f32	1024	3584	1	1	1024	2	1	1	2048	7340032	7340032	4096	8192	8192	1	1	0	1	1
0	1788292024781177858	eager	1447	MUL_MAT	MMF	-	blk.4.attn_gate.weight	z-4	bf16	f32	f32	1024	2048	1	1	1024	2	1	1	2048	4194304	4194304	4096	8192	8192	1	1	0	1	1
0	1788292024781177858	eager	1447	MUL_MAT	MMF	-	blk.4.attn_qkv.weight	node_253	bf16	f32	f32	1024	6144	1	1	1024	2	1	1	2048	12582912	12582912	4096	8192	8192	1	1	0	1	1
0	1788292024781177858	eager	1447	MUL_MAT	MMF	-	blk.4.ffn_down.weight	ffn_out-4	bf16	f32	f32	3584	1024	1	1	3584	2	1	1	7168	7340032	7340032	14336	28672	28672	1	1	0	1	1
0	1788292024781177858	eager	1447	MUL_MAT	MMF	-	blk.4.ffn_gate.weight	ffn_gate-4	bf16	f32	f32	1024	3584	1	1	1024	2	1	1	2048	7340032	7340032	4096	8192	8192	1	1	0	1	1
0	1788292024781177858	eager	1447	MUL_MAT	MMF	-	blk.4.ffn_up.weight	ffn_up-4	bf16	f32	f32	1024	3584	1	1	1024	2	1	1	2048	7340032	7340032	4096	8192	8192	1	1	0	1	1
0	1788292024781177858	eager	1447	MUL_MAT	MMF	-	blk.4.ssm_out.weight	linear_attn_out-4	bf16	f32	f32	2048	1024	1	1	2048	2	1	1	4096	4194304	4194304	8192	16384	16384	1	1	0	1	1
0	1788292024781177858	eager	1447	MUL_MAT	MMF	-	blk.5.attn_gate.weight	z-5	bf16	f32	f32	1024	2048	1	1	1024	2	1	1	2048	4194304	4194304	4096	8192	8192	1	1	0	1	1
0	1788292024781177858	eager	1447	MUL_MAT	MMF	-	blk.5.attn_qkv.weight	node_316	bf16	f32	f32	1024	6144	1	1	1024	2	1	1	2048	12582912	12582912	4096	8192	8192	1	1	0	1	1
0	1788292024781177858	eager	1447	MUL_MAT	MMF	-	blk.5.ffn_down.weight	ffn_out-5	bf16	f32	f32	3584	1024	1	1	3584	2	1	1	7168	7340032	7340032	14336	28672	28672	1	1	0	1	1
0	1788292024781177858	eager	1447	MUL_MAT	MMF	-	blk.5.ffn_gate.weight	ffn_gate-5	bf16	f32	f32	1024	3584	1	1	1024	2	1	1	2048	7340032	7340032	4096	8192	8192	1	1	0	1	1
0	1788292024781177858	eager	1447	MUL_MAT	MMF	-	blk.5.ffn_up.weight	ffn_up-5	bf16	f32	f32	1024	3584	1	1	1024	2	1	1	2048	7340032	7340032	4096	8192	8192	1	1	0	1	1
0	1788292024781177858	eager	1447	MUL_MAT	MMF	-	blk.5.ssm_out.weight	linear_attn_out-5	bf16	f32	f32	2048	1024	1	1	2048	2	1	1	4096	4194304	4194304	8192	16384	16384	1	1	0	1	1
0	1788292024781177858	eager	1447	MUL_MAT	MMF	-	blk.6.attn_gate.weight	z-6	bf16	f32	f32	1024	2048	1	1	1024	2	1	1	2048	4194304	4194304	4096	8192	8192	1	1	0	1	1
0	1788292024781177858	eager	1447	MUL_MAT	MMF	-	blk.6.attn_qkv.weight	node_379	bf16	f32	f32	1024	6144	1	1	1024	2	1	1	2048	12582912	12582912	4096	8192	8192	1	1	0	1	1
0	1788292024781177858	eager	1447	MUL_MAT	MMF	-	blk.6.ffn_down.weight	ffn_out-6	bf16	f32	f32	3584	1024	1	1	3584	2	1	1	7168	7340032	7340032	14336	28672	28672	1	1	0	1	1
0	1788292024781177858	eager	1447	MUL_MAT	MMF	-	blk.6.ffn_gate.weight	ffn_gate-6	bf16	f32	f32	1024	3584	1	1	1024	2	1	1	2048	7340032	7340032	4096	8192	8192	1	1	0	1	1
0	1788292024781177858	eager	1447	MUL_MAT	MMF	-	blk.6.ffn_up.weight	ffn_up-6	bf16	f32	f32	1024	3584	1	1	1024	2	1	1	2048	7340032	7340032	4096	8192	8192	1	1	0	1	1
0	1788292024781177858	eager	1447	MUL_MAT	MMF	-	blk.6.ssm_out.weight	linear_attn_out-6	bf16	f32	f32	2048	1024	1	1	2048	2	1	1	4096	4194304	4194304	8192	16384	16384	1	1	0	1	1
0	1788292024781177858	eager	1447	MUL_MAT	MMF	-	blk.7.attn_k.weight	Kcur-7	bf16	f32	f32	1024	512	1	1	1024	2	1	1	2048	1048576	1048576	4096	8192	8192	1	1	0	1	1
0	1788292024781177858	eager	1447	MUL_MAT	MMF	-	blk.7.attn_output.weight	attn_output-7	bf16	f32	f32	2048	1024	1	1	2048	2	1	1	4096	4194304	4194304	8192	16384	16384	1	1	0	1	1
0	1788292024781177858	eager	1447	MUL_MAT	MMF	-	blk.7.attn_q.weight	Qcur_full-7	bf16	f32	f32	1024	4096	1	1	1024	2	1	1	2048	8388608	8388608	4096	8192	8192	1	1	0	1	1
0	1788292024781177858	eager	1447	MUL_MAT	MMF	-	blk.7.attn_v.weight	Vcur-7	bf16	f32	f32	1024	512	1	1	1024	2	1	1	2048	1048576	1048576	4096	8192	8192	1	1	0	1	1
0	1788292024781177858	eager	1447	MUL_MAT	MMF	-	blk.7.ffn_down.weight	ffn_out-7	bf16	f32	f32	3584	1024	1	1	3584	2	1	1	7168	7340032	7340032	14336	28672	28672	1	1	0	1	1
0	1788292024781177858	eager	1447	MUL_MAT	MMF	-	blk.7.ffn_gate.weight	ffn_gate-7	bf16	f32	f32	1024	3584	1	1	1024	2	1	1	2048	7340032	7340032	4096	8192	8192	1	1	0	1	1
0	1788292024781177858	eager	1447	MUL_MAT	MMF	-	blk.7.ffn_up.weight	ffn_up-7	bf16	f32	f32	1024	3584	1	1	1024	2	1	1	2048	7340032	7340032	4096	8192	8192	1	1	0	1	1
0	1788292024781177858	eager	1447	MUL_MAT	MMF	-	blk.8.attn_gate.weight	z-8	bf16	f32	f32	1024	2048	1	1	1024	2	1	1	2048	4194304	4194304	4096	8192	8192	1	1	0	1	1
0	1788292024781177858	eager	1447	MUL_MAT	MMF	-	blk.8.attn_qkv.weight	node_493	bf16	f32	f32	1024	6144	1	1	1024	2	1	1	2048	12582912	12582912	4096	8192	8192	1	1	0	1	1
0	1788292024781177858	eager	1447	MUL_MAT	MMF	-	blk.8.ffn_down.weight	ffn_out-8	bf16	f32	f32	3584	1024	1	1	3584	2	1	1	7168	7340032	7340032	14336	28672	28672	1	1	0	1	1
0	1788292024781177858	eager	1447	MUL_MAT	MMF	-	blk.8.ffn_gate.weight	ffn_gate-8	bf16	f32	f32	1024	3584	1	1	1024	2	1	1	2048	7340032	7340032	4096	8192	8192	1	1	0	1	1
0	1788292024781177858	eager	1447	MUL_MAT	MMF	-	blk.8.ffn_up.weight	ffn_up-8	bf16	f32	f32	1024	3584	1	1	1024	2	1	1	2048	7340032	7340032	4096	8192	8192	1	1	0	1	1
0	1788292024781177858	eager	1447	MUL_MAT	MMF	-	blk.8.ssm_out.weight	linear_attn_out-8	bf16	f32	f32	2048	1024	1	1	2048	2	1	1	4096	4194304	4194304	8192	16384	16384	1	1	0	1	1
0	1788292024781177858	eager	1447	MUL_MAT	MMF	-	blk.9.attn_gate.weight	z-9	bf16	f32	f32	1024	2048	1	1	1024	2	1	1	2048	4194304	4194304	4096	8192	8192	1	1	0	1	1
0	1788292024781177858	eager	1447	MUL_MAT	MMF	-	blk.9.attn_qkv.weight	node_556	bf16	f32	f32	1024	6144	1	1	1024	2	1	1	2048	12582912	12582912	4096	8192	8192	1	1	0	1	1
0	1788292024781177858	eager	1447	MUL_MAT	MMF	-	blk.9.ffn_down.weight	ffn_out-9	bf16	f32	f32	3584	1024	1	1	3584	2	1	1	7168	7340032	7340032	14336	28672	28672	1	1	0	1	1
0	1788292024781177858	eager	1447	MUL_MAT	MMF	-	blk.9.ffn_gate.weight	ffn_gate-9	bf16	f32	f32	1024	3584	1	1	1024	2	1	1	2048	7340032	7340032	4096	8192	8192	1	1	0	1	1
0	1788292024781177858	eager	1447	MUL_MAT	MMF	-	blk.9.ffn_up.weight	ffn_up-9	bf16	f32	f32	1024	3584	1	1	1024	2	1	1	2048	7340032	7340032	4096	8192	8192	1	1	0	1	1
0	1788292024781177858	eager	1447	MUL_MAT	MMF	-	blk.9.ssm_out.weight	linear_attn_out-9	bf16	f32	f32	2048	1024	1	1	2048	2	1	1	4096	4194304	4194304	8192	16384	16384	1	1	0	1	1
0	1788292024781177858	eager	1447	MUL_MAT	MMVF	-	token_embd.weight	result_output	bf16	f32	f32	1024	248320	1	1	1024	1	1	1	2048	508559360	508559360	4096	4096	4096	1	1	0	1	1
0	1788292024781177858	eager	1447	MUL_MAT	cuBLAS	cublasGemmEx/BF16	blk.0.ssm_alpha.weight	node_34	bf16	f32	f32	1024	16	1	1	1024	2	1	1	2048	32768	32768	4096	8192	8192	1	1	0	1	1
0	1788292024781177858	eager	1447	MUL_MAT	cuBLAS	cublasGemmEx/BF16	blk.0.ssm_beta.weight	node_40	bf16	f32	f32	1024	16	1	1	1024	2	1	1	2048	32768	32768	4096	8192	8192	1	1	0	1	1
0	1788292024781177858	eager	1447	MUL_MAT	cuBLAS	cublasGemmEx/BF16	blk.1.ssm_alpha.weight	node_97	bf16	f32	f32	1024	16	1	1	1024	2	1	1	2048	32768	32768	4096	8192	8192	1	1	0	1	1
0	1788292024781177858	eager	1447	MUL_MAT	cuBLAS	cublasGemmEx/BF16	blk.1.ssm_beta.weight	node_103	bf16	f32	f32	1024	16	1	1	1024	2	1	1	2048	32768	32768	4096	8192	8192	1	1	0	1	1
0	1788292024781177858	eager	1447	MUL_MAT	cuBLAS	cublasGemmEx/BF16	blk.10.ssm_alpha.weight	node_640	bf16	f32	f32	1024	16	1	1	1024	2	1	1	2048	32768	32768	4096	8192	8192	1	1	0	1	1
0	1788292024781177858	eager	1447	MUL_MAT	cuBLAS	cublasGemmEx/BF16	blk.10.ssm_beta.weight	node_646	bf16	f32	f32	1024	16	1	1	1024	2	1	1	2048	32768	32768	4096	8192	8192	1	1	0	1	1
0	1788292024781177858	eager	1447	MUL_MAT	cuBLAS	cublasGemmEx/BF16	blk.12.ssm_alpha.weight	node_754	bf16	f32	f32	1024	16	1	1	1024	2	1	1	2048	32768	32768	4096	8192	8192	1	1	0	1	1
0	1788292024781177858	eager	1447	MUL_MAT	cuBLAS	cublasGemmEx/BF16	blk.12.ssm_beta.weight	node_760	bf16	f32	f32	1024	16	1	1	1024	2	1	1	2048	32768	32768	4096	8192	8192	1	1	0	1	1
0	1788292024781177858	eager	1447	MUL_MAT	cuBLAS	cublasGemmEx/BF16	blk.13.ssm_alpha.weight	node_817	bf16	f32	f32	1024	16	1	1	1024	2	1	1	2048	32768	32768	4096	8192	8192	1	1	0	1	1
0	1788292024781177858	eager	1447	MUL_MAT	cuBLAS	cublasGemmEx/BF16	blk.13.ssm_beta.weight	node_823	bf16	f32	f32	1024	16	1	1	1024	2	1	1	2048	32768	32768	4096	8192	8192	1	1	0	1	1
0	1788292024781177858	eager	1447	MUL_MAT	cuBLAS	cublasGemmEx/BF16	blk.14.ssm_alpha.weight	node_880	bf16	f32	f32	1024	16	1	1	1024	2	1	1	2048	32768	32768	4096	8192	8192	1	1	0	1	1
0	1788292024781177858	eager	1447	MUL_MAT	cuBLAS	cublasGemmEx/BF16	blk.14.ssm_beta.weight	node_886	bf16	f32	f32	1024	16	1	1	1024	2	1	1	2048	32768	32768	4096	8192	8192	1	1	0	1	1
0	1788292024781177858	eager	1447	MUL_MAT	cuBLAS	cublasGemmEx/BF16	blk.16.ssm_alpha.weight	node_994	bf16	f32	f32	1024	16	1	1	1024	2	1	1	2048	32768	32768	4096	8192	8192	1	1	0	1	1
0	1788292024781177858	eager	1447	MUL_MAT	cuBLAS	cublasGemmEx/BF16	blk.16.ssm_beta.weight	node_1000	bf16	f32	f32	1024	16	1	1	1024	2	1	1	2048	32768	32768	4096	8192	8192	1	1	0	1	1
0	1788292024781177858	eager	1447	MUL_MAT	cuBLAS	cublasGemmEx/BF16	blk.17.ssm_alpha.weight	node_1057	bf16	f32	f32	1024	16	1	1	1024	2	1	1	2048	32768	32768	4096	8192	8192	1	1	0	1	1
0	1788292024781177858	eager	1447	MUL_MAT	cuBLAS	cublasGemmEx/BF16	blk.17.ssm_beta.weight	node_1063	bf16	f32	f32	1024	16	1	1	1024	2	1	1	2048	32768	32768	4096	8192	8192	1	1	0	1	1
0	1788292024781177858	eager	1447	MUL_MAT	cuBLAS	cublasGemmEx/BF16	blk.18.ssm_alpha.weight	node_1120	bf16	f32	f32	1024	16	1	1	1024	2	1	1	2048	32768	32768	4096	8192	8192	1	1	0	1	1
0	1788292024781177858	eager	1447	MUL_MAT	cuBLAS	cublasGemmEx/BF16	blk.18.ssm_beta.weight	node_1126	bf16	f32	f32	1024	16	1	1	1024	2	1	1	2048	32768	32768	4096	8192	8192	1	1	0	1	1
0	1788292024781177858	eager	1447	MUL_MAT	cuBLAS	cublasGemmEx/BF16	blk.2.ssm_alpha.weight	node_160	bf16	f32	f32	1024	16	1	1	1024	2	1	1	2048	32768	32768	4096	8192	8192	1	1	0	1	1
0	1788292024781177858	eager	1447	MUL_MAT	cuBLAS	cublasGemmEx/BF16	blk.2.ssm_beta.weight	node_166	bf16	f32	f32	1024	16	1	1	1024	2	1	1	2048	32768	32768	4096	8192	8192	1	1	0	1	1
0	1788292024781177858	eager	1447	MUL_MAT	cuBLAS	cublasGemmEx/BF16	blk.20.ssm_alpha.weight	node_1234	bf16	f32	f32	1024	16	1	1	1024	2	1	1	2048	32768	32768	4096	8192	8192	1	1	0	1	1
0	1788292024781177858	eager	1447	MUL_MAT	cuBLAS	cublasGemmEx/BF16	blk.20.ssm_beta.weight	node_1240	bf16	f32	f32	1024	16	1	1	1024	2	1	1	2048	32768	32768	4096	8192	8192	1	1	0	1	1
0	1788292024781177858	eager	1447	MUL_MAT	cuBLAS	cublasGemmEx/BF16	blk.21.ssm_alpha.weight	node_1297	bf16	f32	f32	1024	16	1	1	1024	2	1	1	2048	32768	32768	4096	8192	8192	1	1	0	1	1
0	1788292024781177858	eager	1447	MUL_MAT	cuBLAS	cublasGemmEx/BF16	blk.21.ssm_beta.weight	node_1303	bf16	f32	f32	1024	16	1	1	1024	2	1	1	2048	32768	32768	4096	8192	8192	1	1	0	1	1
0	1788292024781177858	eager	1447	MUL_MAT	cuBLAS	cublasGemmEx/BF16	blk.22.ssm_alpha.weight	node_1360	bf16	f32	f32	1024	16	1	1	1024	2	1	1	2048	32768	32768	4096	8192	8192	1	1	0	1	1
0	1788292024781177858	eager	1447	MUL_MAT	cuBLAS	cublasGemmEx/BF16	blk.22.ssm_beta.weight	node_1366	bf16	f32	f32	1024	16	1	1	1024	2	1	1	2048	32768	32768	4096	8192	8192	1	1	0	1	1
0	1788292024781177858	eager	1447	MUL_MAT	cuBLAS	cublasGemmEx/BF16	blk.4.ssm_alpha.weight	node_274	bf16	f32	f32	1024	16	1	1	1024	2	1	1	2048	32768	32768	4096	8192	8192	1	1	0	1	1
0	1788292024781177858	eager	1447	MUL_MAT	cuBLAS	cublasGemmEx/BF16	blk.4.ssm_beta.weight	node_280	bf16	f32	f32	1024	16	1	1	1024	2	1	1	2048	32768	32768	4096	8192	8192	1	1	0	1	1
0	1788292024781177858	eager	1447	MUL_MAT	cuBLAS	cublasGemmEx/BF16	blk.5.ssm_alpha.weight	node_337	bf16	f32	f32	1024	16	1	1	1024	2	1	1	2048	32768	32768	4096	8192	8192	1	1	0	1	1
0	1788292024781177858	eager	1447	MUL_MAT	cuBLAS	cublasGemmEx/BF16	blk.5.ssm_beta.weight	node_343	bf16	f32	f32	1024	16	1	1	1024	2	1	1	2048	32768	32768	4096	8192	8192	1	1	0	1	1
0	1788292024781177858	eager	1447	MUL_MAT	cuBLAS	cublasGemmEx/BF16	blk.6.ssm_alpha.weight	node_400	bf16	f32	f32	1024	16	1	1	1024	2	1	1	2048	32768	32768	4096	8192	8192	1	1	0	1	1
0	1788292024781177858	eager	1447	MUL_MAT	cuBLAS	cublasGemmEx/BF16	blk.6.ssm_beta.weight	node_406	bf16	f32	f32	1024	16	1	1	1024	2	1	1	2048	32768	32768	4096	8192	8192	1	1	0	1	1
0	1788292024781177858	eager	1447	MUL_MAT	cuBLAS	cublasGemmEx/BF16	blk.8.ssm_alpha.weight	node_514	bf16	f32	f32	1024	16	1	1	1024	2	1	1	2048	32768	32768	4096	8192	8192	1	1	0	1	1
0	1788292024781177858	eager	1447	MUL_MAT	cuBLAS	cublasGemmEx/BF16	blk.8.ssm_beta.weight	node_520	bf16	f32	f32	1024	16	1	1	1024	2	1	1	2048	32768	32768	4096	8192	8192	1	1	0	1	1
0	1788292024781177858	eager	1447	MUL_MAT	cuBLAS	cublasGemmEx/BF16	blk.9.ssm_alpha.weight	node_577	bf16	f32	f32	1024	16	1	1	1024	2	1	1	2048	32768	32768	4096	8192	8192	1	1	0	1	1
0	1788292024781177858	eager	1447	MUL_MAT	cuBLAS	cublasGemmEx/BF16	blk.9.ssm_beta.weight	node_583	bf16	f32	f32	1024	16	1	1	1024	2	1	1	2048	32768	32768	4096	8192	8192	1	1	0	1	1
1	1788292025105828495	eager	1447	MUL_MAT	MMVF	-	token_embd.weight	result_output	bf16	f32	f32	1024	248320	1	1	1024	1	1	1	2048	508559360	508559360	4096	4096	4096	1	1	0	1	1
1	1788292025105828495	eager	1447	MUL_MAT	cuBLAS	cublasGemmEx/BF16	blk.0.attn_gate.weight	z-0	bf16	f32	f32	1024	2048	1	1	1024	512	1	1	2048	4194304	4194304	4096	2097152	2097152	1	1	0	1	1
1	1788292025105828495	eager	1447	MUL_MAT	cuBLAS	cublasGemmEx/BF16	blk.0.attn_qkv.weight	node_13	bf16	f32	f32	1024	6144	1	1	1024	512	1	1	2048	12582912	12582912	4096	2097152	2097152	1	1	0	1	1
1	1788292025105828495	eager	1447	MUL_MAT	cuBLAS	cublasGemmEx/BF16	blk.0.ffn_down.weight	ffn_out-0	bf16	f32	f32	3584	1024	1	1	3584	512	1	1	7168	7340032	7340032	14336	7340032	7340032	1	1	0	1	1
1	1788292025105828495	eager	1447	MUL_MAT	cuBLAS	cublasGemmEx/BF16	blk.0.ffn_gate.weight	ffn_gate-0	bf16	f32	f32	1024	3584	1	1	1024	512	1	1	2048	7340032	7340032	4096	2097152	2097152	1	1	0	1	1
1	1788292025105828495	eager	1447	MUL_MAT	cuBLAS	cublasGemmEx/BF16	blk.0.ffn_up.weight	ffn_up-0	bf16	f32	f32	1024	3584	1	1	1024	512	1	1	2048	7340032	7340032	4096	2097152	2097152	1	1	0	1	1
1	1788292025105828495	eager	1447	MUL_MAT	cuBLAS	cublasGemmEx/BF16	blk.0.ssm_alpha.weight	node_34	bf16	f32	f32	1024	16	1	1	1024	512	1	1	2048	32768	32768	4096	2097152	2097152	1	1	0	1	1
1	1788292025105828495	eager	1447	MUL_MAT	cuBLAS	cublasGemmEx/BF16	blk.0.ssm_beta.weight	node_40	bf16	f32	f32	1024	16	1	1	1024	512	1	1	2048	32768	32768	4096	2097152	2097152	1	1	0	1	1
1	1788292025105828495	eager	1447	MUL_MAT	cuBLAS	cublasGemmEx/BF16	blk.0.ssm_out.weight	linear_attn_out-0	bf16	f32	f32	2048	1024	1	1	2048	512	1	1	4096	4194304	4194304	8192	4194304	4194304	1	1	0	1	1
1	1788292025105828495	eager	1447	MUL_MAT	cuBLAS	cublasGemmEx/BF16	blk.1.attn_gate.weight	z-1	bf16	f32	f32	1024	2048	1	1	1024	512	1	1	2048	4194304	4194304	4096	2097152	2097152	1	1	0	1	1
1	1788292025105828495	eager	1447	MUL_MAT	cuBLAS	cublasGemmEx/BF16	blk.1.attn_qkv.weight	node_76	bf16	f32	f32	1024	6144	1	1	1024	512	1	1	2048	12582912	12582912	4096	2097152	2097152	1	1	0	1	1
1	1788292025105828495	eager	1447	MUL_MAT	cuBLAS	cublasGemmEx/BF16	blk.1.ffn_down.weight	ffn_out-1	bf16	f32	f32	3584	1024	1	1	3584	512	1	1	7168	7340032	7340032	14336	7340032	7340032	1	1	0	1	1
1	1788292025105828495	eager	1447	MUL_MAT	cuBLAS	cublasGemmEx/BF16	blk.1.ffn_gate.weight	ffn_gate-1	bf16	f32	f32	1024	3584	1	1	1024	512	1	1	2048	7340032	7340032	4096	2097152	2097152	1	1	0	1	1
1	1788292025105828495	eager	1447	MUL_MAT	cuBLAS	cublasGemmEx/BF16	blk.1.ffn_up.weight	ffn_up-1	bf16	f32	f32	1024	3584	1	1	1024	512	1	1	2048	7340032	7340032	4096	2097152	2097152	1	1	0	1	1
1	1788292025105828495	eager	1447	MUL_MAT	cuBLAS	cublasGemmEx/BF16	blk.1.ssm_alpha.weight	node_97	bf16	f32	f32	1024	16	1	1	1024	512	1	1	2048	32768	32768	4096	2097152	2097152	1	1	0	1	1
1	1788292025105828495	eager	1447	MUL_MAT	cuBLAS	cublasGemmEx/BF16	blk.1.ssm_beta.weight	node_103	bf16	f32	f32	1024	16	1	1	1024	512	1	1	2048	32768	32768	4096	2097152	2097152	1	1	0	1	1
1	1788292025105828495	eager	1447	MUL_MAT	cuBLAS	cublasGemmEx/BF16	blk.1.ssm_out.weight	linear_attn_out-1	bf16	f32	f32	2048	1024	1	1	2048	512	1	1	4096	4194304	4194304	8192	4194304	4194304	1	1	0	1	1
1	1788292025105828495	eager	1447	MUL_MAT	cuBLAS	cublasGemmEx/BF16	blk.10.attn_gate.weight	z-10	bf16	f32	f32	1024	2048	1	1	1024	512	1	1	2048	4194304	4194304	4096	2097152	2097152	1	1	0	1	1
1	1788292025105828495	eager	1447	MUL_MAT	cuBLAS	cublasGemmEx/BF16	blk.10.attn_qkv.weight	node_619	bf16	f32	f32	1024	6144	1	1	1024	512	1	1	2048	12582912	12582912	4096	2097152	2097152	1	1	0	1	1
1	1788292025105828495	eager	1447	MUL_MAT	cuBLAS	cublasGemmEx/BF16	blk.10.ffn_down.weight	ffn_out-10	bf16	f32	f32	3584	1024	1	1	3584	512	1	1	7168	7340032	7340032	14336	7340032	7340032	1	1	0	1	1
1	1788292025105828495	eager	1447	MUL_MAT	cuBLAS	cublasGemmEx/BF16	blk.10.ffn_gate.weight	ffn_gate-10	bf16	f32	f32	1024	3584	1	1	1024	512	1	1	2048	7340032	7340032	4096	2097152	2097152	1	1	0	1	1
1	1788292025105828495	eager	1447	MUL_MAT	cuBLAS	cublasGemmEx/BF16	blk.10.ffn_up.weight	ffn_up-10	bf16	f32	f32	1024	3584	1	1	1024	512	1	1	2048	7340032	7340032	4096	2097152	2097152	1	1	0	1	1
1	1788292025105828495	eager	1447	MUL_MAT	cuBLAS	cublasGemmEx/BF16	blk.10.ssm_alpha.weight	node_640	bf16	f32	f32	1024	16	1	1	1024	512	1	1	2048	32768	32768	4096	2097152	2097152	1	1	0	1	1
1	1788292025105828495	eager	1447	MUL_MAT	cuBLAS	cublasGemmEx/BF16	blk.10.ssm_beta.weight	node_646	bf16	f32	f32	1024	16	1	1	1024	512	1	1	2048	32768	32768	4096	2097152	2097152	1	1	0	1	1
1	1788292025105828495	eager	1447	MUL_MAT	cuBLAS	cublasGemmEx/BF16	blk.10.ssm_out.weight	linear_attn_out-10	bf16	f32	f32	2048	1024	1	1	2048	512	1	1	4096	4194304	4194304	8192	4194304	4194304	1	1	0	1	1
1	1788292025105828495	eager	1447	MUL_MAT	cuBLAS	cublasGemmEx/BF16	blk.11.attn_k.weight	Kcur-11	bf16	f32	f32	1024	512	1	1	1024	512	1	1	2048	1048576	1048576	4096	2097152	2097152	1	1	0	1	1
1	1788292025105828495	eager	1447	MUL_MAT	cuBLAS	cublasGemmEx/BF16	blk.11.attn_output.weight	attn_output-11	bf16	f32	f32	2048	1024	1	1	2048	512	1	1	4096	4194304	4194304	8192	4194304	4194304	1	1	0	1	1
1	1788292025105828495	eager	1447	MUL_MAT	cuBLAS	cublasGemmEx/BF16	blk.11.attn_q.weight	Qcur_full-11	bf16	f32	f32	1024	4096	1	1	1024	512	1	1	2048	8388608	8388608	4096	2097152	2097152	1	1	0	1	1
1	1788292025105828495	eager	1447	MUL_MAT	cuBLAS	cublasGemmEx/BF16	blk.11.attn_v.weight	Vcur-11	bf16	f32	f32	1024	512	1	1	1024	512	1	1	2048	1048576	1048576	4096	2097152	2097152	1	1	0	1	1
1	1788292025105828495	eager	1447	MUL_MAT	cuBLAS	cublasGemmEx/BF16	blk.11.ffn_down.weight	ffn_out-11	bf16	f32	f32	3584	1024	1	1	3584	512	1	1	7168	7340032	7340032	14336	7340032	7340032	1	1	0	1	1
1	1788292025105828495	eager	1447	MUL_MAT	cuBLAS	cublasGemmEx/BF16	blk.11.ffn_gate.weight	ffn_gate-11	bf16	f32	f32	1024	3584	1	1	1024	512	1	1	2048	7340032	7340032	4096	2097152	2097152	1	1	0	1	1
1	1788292025105828495	eager	1447	MUL_MAT	cuBLAS	cublasGemmEx/BF16	blk.11.ffn_up.weight	ffn_up-11	bf16	f32	f32	1024	3584	1	1	1024	512	1	1	2048	7340032	7340032	4096	2097152	2097152	1	1	0	1	1
1	1788292025105828495	eager	1447	MUL_MAT	cuBLAS	cublasGemmEx/BF16	blk.12.attn_gate.weight	z-12	bf16	f32	f32	1024	2048	1	1	1024	512	1	1	2048	4194304	4194304	4096	2097152	2097152	1	1	0	1	1
1	1788292025105828495	eager	1447	MUL_MAT	cuBLAS	cublasGemmEx/BF16	blk.12.attn_qkv.weight	node_733	bf16	f32	f32	1024	6144	1	1	1024	512	1	1	2048	12582912	12582912	4096	2097152	2097152	1	1	0	1	1
1	1788292025105828495	eager	1447	MUL_MAT	cuBLAS	cublasGemmEx/BF16	blk.12.ffn_down.weight	ffn_out-12	bf16	f32	f32	3584	1024	1	1	3584	512	1	1	7168	7340032	7340032	14336	7340032	7340032	1	1	0	1	1
1	1788292025105828495	eager	1447	MUL_MAT	cuBLAS	cublasGemmEx/BF16	blk.12.ffn_gate.weight	ffn_gate-12	bf16	f32	f32	1024	3584	1	1	1024	512	1	1	2048	7340032	7340032	4096	2097152	2097152	1	1	0	1	1
1	1788292025105828495	eager	1447	MUL_MAT	cuBLAS	cublasGemmEx/BF16	blk.12.ffn_up.weight	ffn_up-12	bf16	f32	f32	1024	3584	1	1	1024	512	1	1	2048	7340032	7340032	4096	2097152	2097152	1	1	0	1	1
1	1788292025105828495	eager	1447	MUL_MAT	cuBLAS	cublasGemmEx/BF16	blk.12.ssm_alpha.weight	node_754	bf16	f32	f32	1024	16	1	1	1024	512	1	1	2048	32768	32768	4096	2097152	2097152	1	1	0	1	1
1	1788292025105828495	eager	1447	MUL_MAT	cuBLAS	cublasGemmEx/BF16	blk.12.ssm_beta.weight	node_760	bf16	f32	f32	1024	16	1	1	1024	512	1	1	2048	32768	32768	4096	2097152	2097152	1	1	0	1	1
1	1788292025105828495	eager	1447	MUL_MAT	cuBLAS	cublasGemmEx/BF16	blk.12.ssm_out.weight	linear_attn_out-12	bf16	f32	f32	2048	1024	1	1	2048	512	1	1	4096	4194304	4194304	8192	4194304	4194304	1	1	0	1	1
1	1788292025105828495	eager	1447	MUL_MAT	cuBLAS	cublasGemmEx/BF16	blk.13.attn_gate.weight	z-13	bf16	f32	f32	1024	2048	1	1	1024	512	1	1	2048	4194304	4194304	4096	2097152	2097152	1	1	0	1	1
1	1788292025105828495	eager	1447	MUL_MAT	cuBLAS	cublasGemmEx/BF16	blk.13.attn_qkv.weight	node_796	bf16	f32	f32	1024	6144	1	1	1024	512	1	1	2048	12582912	12582912	4096	2097152	2097152	1	1	0	1	1
1	1788292025105828495	eager	1447	MUL_MAT	cuBLAS	cublasGemmEx/BF16	blk.13.ffn_down.weight	ffn_out-13	bf16	f32	f32	3584	1024	1	1	3584	512	1	1	7168	7340032	7340032	14336	7340032	7340032	1	1	0	1	1
1	1788292025105828495	eager	1447	MUL_MAT	cuBLAS	cublasGemmEx/BF16	blk.13.ffn_gate.weight	ffn_gate-13	bf16	f32	f32	1024	3584	1	1	1024	512	1	1	2048	7340032	7340032	4096	2097152	2097152	1	1	0	1	1
1	1788292025105828495	eager	1447	MUL_MAT	cuBLAS	cublasGemmEx/BF16	blk.13.ffn_up.weight	ffn_up-13	bf16	f32	f32	1024	3584	1	1	1024	512	1	1	2048	7340032	7340032	4096	2097152	2097152	1	1	0	1	1
1	1788292025105828495	eager	1447	MUL_MAT	cuBLAS	cublasGemmEx/BF16	blk.13.ssm_alpha.weight	node_817	bf16	f32	f32	1024	16	1	1	1024	512	1	1	2048	32768	32768	4096	2097152	2097152	1	1	0	1	1
1	1788292025105828495	eager	1447	MUL_MAT	cuBLAS	cublasGemmEx/BF16	blk.13.ssm_beta.weight	node_823	bf16	f32	f32	1024	16	1	1	1024	512	1	1	2048	32768	32768	4096	2097152	2097152	1	1	0	1	1
1	1788292025105828495	eager	1447	MUL_MAT	cuBLAS	cublasGemmEx/BF16	blk.13.ssm_out.weight	linear_attn_out-13	bf16	f32	f32	2048	1024	1	1	2048	512	1	1	4096	4194304	4194304	8192	4194304	4194304	1	1	0	1	1
1	1788292025105828495	eager	1447	MUL_MAT	cuBLAS	cublasGemmEx/BF16	blk.14.attn_gate.weight	z-14	bf16	f32	f32	1024	2048	1	1	1024	512	1	1	2048	4194304	4194304	4096	2097152	2097152	1	1	0	1	1
1	1788292025105828495	eager	1447	MUL_MAT	cuBLAS	cublasGemmEx/BF16	blk.14.attn_qkv.weight	node_859	bf16	f32	f32	1024	6144	1	1	1024	512	1	1	2048	12582912	12582912	4096	2097152	2097152	1	1	0	1	1
1	1788292025105828495	eager	1447	MUL_MAT	cuBLAS	cublasGemmEx/BF16	blk.14.ffn_down.weight	ffn_out-14	bf16	f32	f32	3584	1024	1	1	3584	512	1	1	7168	7340032	7340032	14336	7340032	7340032	1	1	0	1	1
1	1788292025105828495	eager	1447	MUL_MAT	cuBLAS	cublasGemmEx/BF16	blk.14.ffn_gate.weight	ffn_gate-14	bf16	f32	f32	1024	3584	1	1	1024	512	1	1	2048	7340032	7340032	4096	2097152	2097152	1	1	0	1	1
1	1788292025105828495	eager	1447	MUL_MAT	cuBLAS	cublasGemmEx/BF16	blk.14.ffn_up.weight	ffn_up-14	bf16	f32	f32	1024	3584	1	1	1024	512	1	1	2048	7340032	7340032	4096	2097152	2097152	1	1	0	1	1
1	1788292025105828495	eager	1447	MUL_MAT	cuBLAS	cublasGemmEx/BF16	blk.14.ssm_alpha.weight	node_880	bf16	f32	f32	1024	16	1	1	1024	512	1	1	2048	32768	32768	4096	2097152	2097152	1	1	0	1	1
1	1788292025105828495	eager	1447	MUL_MAT	cuBLAS	cublasGemmEx/BF16	blk.14.ssm_beta.weight	node_886	bf16	f32	f32	1024	16	1	1	1024	512	1	1	2048	32768	32768	4096	2097152	2097152	1	1	0	1	1
1	1788292025105828495	eager	1447	MUL_MAT	cuBLAS	cublasGemmEx/BF16	blk.14.ssm_out.weight	linear_attn_out-14	bf16	f32	f32	2048	1024	1	1	2048	512	1	1	4096	4194304	4194304	8192	4194304	4194304	1	1	0	1	1
1	1788292025105828495	eager	1447	MUL_MAT	cuBLAS	cublasGemmEx/BF16	blk.15.attn_k.weight	Kcur-15	bf16	f32	f32	1024	512	1	1	1024	512	1	1	2048	1048576	1048576	4096	2097152	2097152	1	1	0	1	1
1	1788292025105828495	eager	1447	MUL_MAT	cuBLAS	cublasGemmEx/BF16	blk.15.attn_output.weight	attn_output-15	bf16	f32	f32	2048	1024	1	1	2048	512	1	1	4096	4194304	4194304	8192	4194304	4194304	1	1	0	1	1
1	1788292025105828495	eager	1447	MUL_MAT	cuBLAS	cublasGemmEx/BF16	blk.15.attn_q.weight	Qcur_full-15	bf16	f32	f32	1024	4096	1	1	1024	512	1	1	2048	8388608	8388608	4096	2097152	2097152	1	1	0	1	1
1	1788292025105828495	eager	1447	MUL_MAT	cuBLAS	cublasGemmEx/BF16	blk.15.attn_v.weight	Vcur-15	bf16	f32	f32	1024	512	1	1	1024	512	1	1	2048	1048576	1048576	4096	2097152	2097152	1	1	0	1	1
1	1788292025105828495	eager	1447	MUL_MAT	cuBLAS	cublasGemmEx/BF16	blk.15.ffn_down.weight	ffn_out-15	bf16	f32	f32	3584	1024	1	1	3584	512	1	1	7168	7340032	7340032	14336	7340032	7340032	1	1	0	1	1
1	1788292025105828495	eager	1447	MUL_MAT	cuBLAS	cublasGemmEx/BF16	blk.15.ffn_gate.weight	ffn_gate-15	bf16	f32	f32	1024	3584	1	1	1024	512	1	1	2048	7340032	7340032	4096	2097152	2097152	1	1	0	1	1
1	1788292025105828495	eager	1447	MUL_MAT	cuBLAS	cublasGemmEx/BF16	blk.15.ffn_up.weight	ffn_up-15	bf16	f32	f32	1024	3584	1	1	1024	512	1	1	2048	7340032	7340032	4096	2097152	2097152	1	1	0	1	1
1	1788292025105828495	eager	1447	MUL_MAT	cuBLAS	cublasGemmEx/BF16	blk.16.attn_gate.weight	z-16	bf16	f32	f32	1024	2048	1	1	1024	512	1	1	2048	4194304	4194304	4096	2097152	2097152	1	1	0	1	1
1	1788292025105828495	eager	1447	MUL_MAT	cuBLAS	cublasGemmEx/BF16	blk.16.attn_qkv.weight	node_973	bf16	f32	f32	1024	6144	1	1	1024	512	1	1	2048	12582912	12582912	4096	2097152	2097152	1	1	0	1	1
1	1788292025105828495	eager	1447	MUL_MAT	cuBLAS	cublasGemmEx/BF16	blk.16.ffn_down.weight	ffn_out-16	bf16	f32	f32	3584	1024	1	1	3584	512	1	1	7168	7340032	7340032	14336	7340032	7340032	1	1	0	1	1
1	1788292025105828495	eager	1447	MUL_MAT	cuBLAS	cublasGemmEx/BF16	blk.16.ffn_gate.weight	ffn_gate-16	bf16	f32	f32	1024	3584	1	1	1024	512	1	1	2048	7340032	7340032	4096	2097152	2097152	1	1	0	1	1
1	1788292025105828495	eager	1447	MUL_MAT	cuBLAS	cublasGemmEx/BF16	blk.16.ffn_up.weight	ffn_up-16	bf16	f32	f32	1024	3584	1	1	1024	512	1	1	2048	7340032	7340032	4096	2097152	2097152	1	1	0	1	1
1	1788292025105828495	eager	1447	MUL_MAT	cuBLAS	cublasGemmEx/BF16	blk.16.ssm_alpha.weight	node_994	bf16	f32	f32	1024	16	1	1	1024	512	1	1	2048	32768	32768	4096	2097152	2097152	1	1	0	1	1
1	1788292025105828495	eager	1447	MUL_MAT	cuBLAS	cublasGemmEx/BF16	blk.16.ssm_beta.weight	node_1000	bf16	f32	f32	1024	16	1	1	1024	512	1	1	2048	32768	32768	4096	2097152	2097152	1	1	0	1	1
1	1788292025105828495	eager	1447	MUL_MAT	cuBLAS	cublasGemmEx/BF16	blk.16.ssm_out.weight	linear_attn_out-16	bf16	f32	f32	2048	1024	1	1	2048	512	1	1	4096	4194304	4194304	8192	4194304	4194304	1	1	0	1	1
1	1788292025105828495	eager	1447	MUL_MAT	cuBLAS	cublasGemmEx/BF16	blk.17.attn_gate.weight	z-17	bf16	f32	f32	1024	2048	1	1	1024	512	1	1	2048	4194304	4194304	4096	2097152	2097152	1	1	0	1	1
1	1788292025105828495	eager	1447	MUL_MAT	cuBLAS	cublasGemmEx/BF16	blk.17.attn_qkv.weight	node_1036	bf16	f32	f32	1024	6144	1	1	1024	512	1	1	2048	12582912	12582912	4096	2097152	2097152	1	1	0	1	1
1	1788292025105828495	eager	1447	MUL_MAT	cuBLAS	cublasGemmEx/BF16	blk.17.ffn_down.weight	ffn_out-17	bf16	f32	f32	3584	1024	1	1	3584	512	1	1	7168	7340032	7340032	14336	7340032	7340032	1	1	0	1	1
1	1788292025105828495	eager	1447	MUL_MAT	cuBLAS	cublasGemmEx/BF16	blk.17.ffn_gate.weight	ffn_gate-17	bf16	f32	f32	1024	3584	1	1	1024	512	1	1	2048	7340032	7340032	4096	2097152	2097152	1	1	0	1	1
1	1788292025105828495	eager	1447	MUL_MAT	cuBLAS	cublasGemmEx/BF16	blk.17.ffn_up.weight	ffn_up-17	bf16	f32	f32	1024	3584	1	1	1024	512	1	1	2048	7340032	7340032	4096	2097152	2097152	1	1	0	1	1
1	1788292025105828495	eager	1447	MUL_MAT	cuBLAS	cublasGemmEx/BF16	blk.17.ssm_alpha.weight	node_1057	bf16	f32	f32	1024	16	1	1	1024	512	1	1	2048	32768	32768	4096	2097152	2097152	1	1	0	1	1
1	1788292025105828495	eager	1447	MUL_MAT	cuBLAS	cublasGemmEx/BF16	blk.17.ssm_beta.weight	node_1063	bf16	f32	f32	1024	16	1	1	1024	512	1	1	2048	32768	32768	4096	2097152	2097152	1	1	0	1	1
1	1788292025105828495	eager	1447	MUL_MAT	cuBLAS	cublasGemmEx/BF16	blk.17.ssm_out.weight	linear_attn_out-17	bf16	f32	f32	2048	1024	1	1	2048	512	1	1	4096	4194304	4194304	8192	4194304	4194304	1	1	0	1	1
1	1788292025105828495	eager	1447	MUL_MAT	cuBLAS	cublasGemmEx/BF16	blk.18.attn_gate.weight	z-18	bf16	f32	f32	1024	2048	1	1	1024	512	1	1	2048	4194304	4194304	4096	2097152	2097152	1	1	0	1	1
1	1788292025105828495	eager	1447	MUL_MAT	cuBLAS	cublasGemmEx/BF16	blk.18.attn_qkv.weight	node_1099	bf16	f32	f32	1024	6144	1	1	1024	512	1	1	2048	12582912	12582912	4096	2097152	2097152	1	1	0	1	1
1	1788292025105828495	eager	1447	MUL_MAT	cuBLAS	cublasGemmEx/BF16	blk.18.ffn_down.weight	ffn_out-18	bf16	f32	f32	3584	1024	1	1	3584	512	1	1	7168	7340032	7340032	14336	7340032	7340032	1	1	0	1	1
1	1788292025105828495	eager	1447	MUL_MAT	cuBLAS	cublasGemmEx/BF16	blk.18.ffn_gate.weight	ffn_gate-18	bf16	f32	f32	1024	3584	1	1	1024	512	1	1	2048	7340032	7340032	4096	2097152	2097152	1	1	0	1	1
1	1788292025105828495	eager	1447	MUL_MAT	cuBLAS	cublasGemmEx/BF16	blk.18.ffn_up.weight	ffn_up-18	bf16	f32	f32	1024	3584	1	1	1024	512	1	1	2048	7340032	7340032	4096	2097152	2097152	1	1	0	1	1
1	1788292025105828495	eager	1447	MUL_MAT	cuBLAS	cublasGemmEx/BF16	blk.18.ssm_alpha.weight	node_1120	bf16	f32	f32	1024	16	1	1	1024	512	1	1	2048	32768	32768	4096	2097152	2097152	1	1	0	1	1
1	1788292025105828495	eager	1447	MUL_MAT	cuBLAS	cublasGemmEx/BF16	blk.18.ssm_beta.weight	node_1126	bf16	f32	f32	1024	16	1	1	1024	512	1	1	2048	32768	32768	4096	2097152	2097152	1	1	0	1	1
1	1788292025105828495	eager	1447	MUL_MAT	cuBLAS	cublasGemmEx/BF16	blk.18.ssm_out.weight	linear_attn_out-18	bf16	f32	f32	2048	1024	1	1	2048	512	1	1	4096	4194304	4194304	8192	4194304	4194304	1	1	0	1	1
1	1788292025105828495	eager	1447	MUL_MAT	cuBLAS	cublasGemmEx/BF16	blk.19.attn_k.weight	Kcur-19	bf16	f32	f32	1024	512	1	1	1024	512	1	1	2048	1048576	1048576	4096	2097152	2097152	1	1	0	1	1
1	1788292025105828495	eager	1447	MUL_MAT	cuBLAS	cublasGemmEx/BF16	blk.19.attn_output.weight	attn_output-19	bf16	f32	f32	2048	1024	1	1	2048	512	1	1	4096	4194304	4194304	8192	4194304	4194304	1	1	0	1	1
1	1788292025105828495	eager	1447	MUL_MAT	cuBLAS	cublasGemmEx/BF16	blk.19.attn_q.weight	Qcur_full-19	bf16	f32	f32	1024	4096	1	1	1024	512	1	1	2048	8388608	8388608	4096	2097152	2097152	1	1	0	1	1
1	1788292025105828495	eager	1447	MUL_MAT	cuBLAS	cublasGemmEx/BF16	blk.19.attn_v.weight	Vcur-19	bf16	f32	f32	1024	512	1	1	1024	512	1	1	2048	1048576	1048576	4096	2097152	2097152	1	1	0	1	1
1	1788292025105828495	eager	1447	MUL_MAT	cuBLAS	cublasGemmEx/BF16	blk.19.ffn_down.weight	ffn_out-19	bf16	f32	f32	3584	1024	1	1	3584	512	1	1	7168	7340032	7340032	14336	7340032	7340032	1	1	0	1	1
1	1788292025105828495	eager	1447	MUL_MAT	cuBLAS	cublasGemmEx/BF16	blk.19.ffn_gate.weight	ffn_gate-19	bf16	f32	f32	1024	3584	1	1	1024	512	1	1	2048	7340032	7340032	4096	2097152	2097152	1	1	0	1	1
1	1788292025105828495	eager	1447	MUL_MAT	cuBLAS	cublasGemmEx/BF16	blk.19.ffn_up.weight	ffn_up-19	bf16	f32	f32	1024	3584	1	1	1024	512	1	1	2048	7340032	7340032	4096	2097152	2097152	1	1	0	1	1
1	1788292025105828495	eager	1447	MUL_MAT	cuBLAS	cublasGemmEx/BF16	blk.2.attn_gate.weight	z-2	bf16	f32	f32	1024	2048	1	1	1024	512	1	1	2048	4194304	4194304	4096	2097152	2097152	1	1	0	1	1
1	1788292025105828495	eager	1447	MUL_MAT	cuBLAS	cublasGemmEx/BF16	blk.2.attn_qkv.weight	node_139	bf16	f32	f32	1024	6144	1	1	1024	512	1	1	2048	12582912	12582912	4096	2097152	2097152	1	1	0	1	1
1	1788292025105828495	eager	1447	MUL_MAT	cuBLAS	cublasGemmEx/BF16	blk.2.ffn_down.weight	ffn_out-2	bf16	f32	f32	3584	1024	1	1	3584	512	1	1	7168	7340032	7340032	14336	7340032	7340032	1	1	0	1	1
1	1788292025105828495	eager	1447	MUL_MAT	cuBLAS	cublasGemmEx/BF16	blk.2.ffn_gate.weight	ffn_gate-2	bf16	f32	f32	1024	3584	1	1	1024	512	1	1	2048	7340032	7340032	4096	2097152	2097152	1	1	0	1	1
1	1788292025105828495	eager	1447	MUL_MAT	cuBLAS	cublasGemmEx/BF16	blk.2.ffn_up.weight	ffn_up-2	bf16	f32	f32	1024	3584	1	1	1024	512	1	1	2048	7340032	7340032	4096	2097152	2097152	1	1	0	1	1
1	1788292025105828495	eager	1447	MUL_MAT	cuBLAS	cublasGemmEx/BF16	blk.2.ssm_alpha.weight	node_160	bf16	f32	f32	1024	16	1	1	1024	512	1	1	2048	32768	32768	4096	2097152	2097152	1	1	0	1	1
1	1788292025105828495	eager	1447	MUL_MAT	cuBLAS	cublasGemmEx/BF16	blk.2.ssm_beta.weight	node_166	bf16	f32	f32	1024	16	1	1	1024	512	1	1	2048	32768	32768	4096	2097152	2097152	1	1	0	1	1
1	1788292025105828495	eager	1447	MUL_MAT	cuBLAS	cublasGemmEx/BF16	blk.2.ssm_out.weight	linear_attn_out-2	bf16	f32	f32	2048	1024	1	1	2048	512	1	1	4096	4194304	4194304	8192	4194304	4194304	1	1	0	1	1
1	1788292025105828495	eager	1447	MUL_MAT	cuBLAS	cublasGemmEx/BF16	blk.20.attn_gate.weight	z-20	bf16	f32	f32	1024	2048	1	1	1024	512	1	1	2048	4194304	4194304	4096	2097152	2097152	1	1	0	1	1
1	1788292025105828495	eager	1447	MUL_MAT	cuBLAS	cublasGemmEx/BF16	blk.20.attn_qkv.weight	node_1213	bf16	f32	f32	1024	6144	1	1	1024	512	1	1	2048	12582912	12582912	4096	2097152	2097152	1	1	0	1	1
1	1788292025105828495	eager	1447	MUL_MAT	cuBLAS	cublasGemmEx/BF16	blk.20.ffn_down.weight	ffn_out-20	bf16	f32	f32	3584	1024	1	1	3584	512	1	1	7168	7340032	7340032	14336	7340032	7340032	1	1	0	1	1
1	1788292025105828495	eager	1447	MUL_MAT	cuBLAS	cublasGemmEx/BF16	blk.20.ffn_gate.weight	ffn_gate-20	bf16	f32	f32	1024	3584	1	1	1024	512	1	1	2048	7340032	7340032	4096	2097152	2097152	1	1	0	1	1
1	1788292025105828495	eager	1447	MUL_MAT	cuBLAS	cublasGemmEx/BF16	blk.20.ffn_up.weight	ffn_up-20	bf16	f32	f32	1024	3584	1	1	1024	512	1	1	2048	7340032	7340032	4096	2097152	2097152	1	1	0	1	1
1	1788292025105828495	eager	1447	MUL_MAT	cuBLAS	cublasGemmEx/BF16	blk.20.ssm_alpha.weight	node_1234	bf16	f32	f32	1024	16	1	1	1024	512	1	1	2048	32768	32768	4096	2097152	2097152	1	1	0	1	1
1	1788292025105828495	eager	1447	MUL_MAT	cuBLAS	cublasGemmEx/BF16	blk.20.ssm_beta.weight	node_1240	bf16	f32	f32	1024	16	1	1	1024	512	1	1	2048	32768	32768	4096	2097152	2097152	1	1	0	1	1
1	1788292025105828495	eager	1447	MUL_MAT	cuBLAS	cublasGemmEx/BF16	blk.20.ssm_out.weight	linear_attn_out-20	bf16	f32	f32	2048	1024	1	1	2048	512	1	1	4096	4194304	4194304	8192	4194304	4194304	1	1	0	1	1
1	1788292025105828495	eager	1447	MUL_MAT	cuBLAS	cublasGemmEx/BF16	blk.21.attn_gate.weight	z-21	bf16	f32	f32	1024	2048	1	1	1024	512	1	1	2048	4194304	4194304	4096	2097152	2097152	1	1	0	1	1
1	1788292025105828495	eager	1447	MUL_MAT	cuBLAS	cublasGemmEx/BF16	blk.21.attn_qkv.weight	node_1276	bf16	f32	f32	1024	6144	1	1	1024	512	1	1	2048	12582912	12582912	4096	2097152	2097152	1	1	0	1	1
1	1788292025105828495	eager	1447	MUL_MAT	cuBLAS	cublasGemmEx/BF16	blk.21.ffn_down.weight	ffn_out-21	bf16	f32	f32	3584	1024	1	1	3584	512	1	1	7168	7340032	7340032	14336	7340032	7340032	1	1	0	1	1
1	1788292025105828495	eager	1447	MUL_MAT	cuBLAS	cublasGemmEx/BF16	blk.21.ffn_gate.weight	ffn_gate-21	bf16	f32	f32	1024	3584	1	1	1024	512	1	1	2048	7340032	7340032	4096	2097152	2097152	1	1	0	1	1
1	1788292025105828495	eager	1447	MUL_MAT	cuBLAS	cublasGemmEx/BF16	blk.21.ffn_up.weight	ffn_up-21	bf16	f32	f32	1024	3584	1	1	1024	512	1	1	2048	7340032	7340032	4096	2097152	2097152	1	1	0	1	1
1	1788292025105828495	eager	1447	MUL_MAT	cuBLAS	cublasGemmEx/BF16	blk.21.ssm_alpha.weight	node_1297	bf16	f32	f32	1024	16	1	1	1024	512	1	1	2048	32768	32768	4096	2097152	2097152	1	1	0	1	1
1	1788292025105828495	eager	1447	MUL_MAT	cuBLAS	cublasGemmEx/BF16	blk.21.ssm_beta.weight	node_1303	bf16	f32	f32	1024	16	1	1	1024	512	1	1	2048	32768	32768	4096	2097152	2097152	1	1	0	1	1
1	1788292025105828495	eager	1447	MUL_MAT	cuBLAS	cublasGemmEx/BF16	blk.21.ssm_out.weight	linear_attn_out-21	bf16	f32	f32	2048	1024	1	1	2048	512	1	1	4096	4194304	4194304	8192	4194304	4194304	1	1	0	1	1
1	1788292025105828495	eager	1447	MUL_MAT	cuBLAS	cublasGemmEx/BF16	blk.22.attn_gate.weight	z-22	bf16	f32	f32	1024	2048	1	1	1024	512	1	1	2048	4194304	4194304	4096	2097152	2097152	1	1	0	1	1
1	1788292025105828495	eager	1447	MUL_MAT	cuBLAS	cublasGemmEx/BF16	blk.22.attn_qkv.weight	node_1339	bf16	f32	f32	1024	6144	1	1	1024	512	1	1	2048	12582912	12582912	4096	2097152	2097152	1	1	0	1	1
1	1788292025105828495	eager	1447	MUL_MAT	cuBLAS	cublasGemmEx/BF16	blk.22.ffn_down.weight	ffn_out-22	bf16	f32	f32	3584	1024	1	1	3584	512	1	1	7168	7340032	7340032	14336	7340032	7340032	1	1	0	1	1
1	1788292025105828495	eager	1447	MUL_MAT	cuBLAS	cublasGemmEx/BF16	blk.22.ffn_gate.weight	ffn_gate-22	bf16	f32	f32	1024	3584	1	1	1024	512	1	1	2048	7340032	7340032	4096	2097152	2097152	1	1	0	1	1
1	1788292025105828495	eager	1447	MUL_MAT	cuBLAS	cublasGemmEx/BF16	blk.22.ffn_up.weight	ffn_up-22	bf16	f32	f32	1024	3584	1	1	1024	512	1	1	2048	7340032	7340032	4096	2097152	2097152	1	1	0	1	1
1	1788292025105828495	eager	1447	MUL_MAT	cuBLAS	cublasGemmEx/BF16	blk.22.ssm_alpha.weight	node_1360	bf16	f32	f32	1024	16	1	1	1024	512	1	1	2048	32768	32768	4096	2097152	2097152	1	1	0	1	1
1	1788292025105828495	eager	1447	MUL_MAT	cuBLAS	cublasGemmEx/BF16	blk.22.ssm_beta.weight	node_1366	bf16	f32	f32	1024	16	1	1	1024	512	1	1	2048	32768	32768	4096	2097152	2097152	1	1	0	1	1
1	1788292025105828495	eager	1447	MUL_MAT	cuBLAS	cublasGemmEx/BF16	blk.22.ssm_out.weight	linear_attn_out-22	bf16	f32	f32	2048	1024	1	1	2048	512	1	1	4096	4194304	4194304	8192	4194304	4194304	1	1	0	1	1
1	1788292025105828495	eager	1447	MUL_MAT	cuBLAS	cublasGemmEx/BF16	blk.23.attn_k.weight	Kcur-23	bf16	f32	f32	1024	512	1	1	1024	512	1	1	2048	1048576	1048576	4096	2097152	2097152	1	1	0	1	1
1	1788292025105828495	eager	1447	MUL_MAT	cuBLAS	cublasGemmEx/BF16	blk.23.attn_output.weight	attn_output-23	bf16	f32	f32	2048	1024	1	1	2048	512	1	1	4096	4194304	4194304	8192	4194304	4194304	1	1	0	1	1
1	1788292025105828495	eager	1447	MUL_MAT	cuBLAS	cublasGemmEx/BF16	blk.23.attn_q.weight	Qcur_full-23	bf16	f32	f32	1024	4096	1	1	1024	512	1	1	2048	8388608	8388608	4096	2097152	2097152	1	1	0	1	1
1	1788292025105828495	eager	1447	MUL_MAT	cuBLAS	cublasGemmEx/BF16	blk.23.attn_v.weight	Vcur-23	bf16	f32	f32	1024	512	1	1	1024	512	1	1	2048	1048576	1048576	4096	2097152	2097152	1	1	0	1	1
1	1788292025105828495	eager	1447	MUL_MAT	cuBLAS	cublasGemmEx/BF16	blk.23.ffn_down.weight	ffn_out-23	bf16	f32	f32	3584	1024	1	1	3584	512	1	1	7168	7340032	7340032	14336	7340032	7340032	1	1	0	1	1
1	1788292025105828495	eager	1447	MUL_MAT	cuBLAS	cublasGemmEx/BF16	blk.23.ffn_gate.weight	ffn_gate-23	bf16	f32	f32	1024	3584	1	1	1024	512	1	1	2048	7340032	7340032	4096	2097152	2097152	1	1	0	1	1
1	1788292025105828495	eager	1447	MUL_MAT	cuBLAS	cublasGemmEx/BF16	blk.23.ffn_up.weight	ffn_up-23	bf16	f32	f32	1024	3584	1	1	1024	512	1	1	2048	7340032	7340032	4096	2097152	2097152	1	1	0	1	1
1	1788292025105828495	eager	1447	MUL_MAT	cuBLAS	cublasGemmEx/BF16	blk.3.attn_k.weight	Kcur-3	bf16	f32	f32	1024	512	1	1	1024	512	1	1	2048	1048576	1048576	4096	2097152	2097152	1	1	0	1	1
1	1788292025105828495	eager	1447	MUL_MAT	cuBLAS	cublasGemmEx/BF16	blk.3.attn_output.weight	attn_output-3	bf16	f32	f32	2048	1024	1	1	2048	512	1	1	4096	4194304	4194304	8192	4194304	4194304	1	1	0	1	1
1	1788292025105828495	eager	1447	MUL_MAT	cuBLAS	cublasGemmEx/BF16	blk.3.attn_q.weight	Qcur_full-3	bf16	f32	f32	1024	4096	1	1	1024	512	1	1	2048	8388608	8388608	4096	2097152	2097152	1	1	0	1	1
1	1788292025105828495	eager	1447	MUL_MAT	cuBLAS	cublasGemmEx/BF16	blk.3.attn_v.weight	Vcur-3	bf16	f32	f32	1024	512	1	1	1024	512	1	1	2048	1048576	1048576	4096	2097152	2097152	1	1	0	1	1
1	1788292025105828495	eager	1447	MUL_MAT	cuBLAS	cublasGemmEx/BF16	blk.3.ffn_down.weight	ffn_out-3	bf16	f32	f32	3584	1024	1	1	3584	512	1	1	7168	7340032	7340032	14336	7340032	7340032	1	1	0	1	1
1	1788292025105828495	eager	1447	MUL_MAT	cuBLAS	cublasGemmEx/BF16	blk.3.ffn_gate.weight	ffn_gate-3	bf16	f32	f32	1024	3584	1	1	1024	512	1	1	2048	7340032	7340032	4096	2097152	2097152	1	1	0	1	1
1	1788292025105828495	eager	1447	MUL_MAT	cuBLAS	cublasGemmEx/BF16	blk.3.ffn_up.weight	ffn_up-3	bf16	f32	f32	1024	3584	1	1	1024	512	1	1	2048	7340032	7340032	4096	2097152	2097152	1	1	0	1	1
1	1788292025105828495	eager	1447	MUL_MAT	cuBLAS	cublasGemmEx/BF16	blk.4.attn_gate.weight	z-4	bf16	f32	f32	1024	2048	1	1	1024	512	1	1	2048	4194304	4194304	4096	2097152	2097152	1	1	0	1	1
1	1788292025105828495	eager	1447	MUL_MAT	cuBLAS	cublasGemmEx/BF16	blk.4.attn_qkv.weight	node_253	bf16	f32	f32	1024	6144	1	1	1024	512	1	1	2048	12582912	12582912	4096	2097152	2097152	1	1	0	1	1
1	1788292025105828495	eager	1447	MUL_MAT	cuBLAS	cublasGemmEx/BF16	blk.4.ffn_down.weight	ffn_out-4	bf16	f32	f32	3584	1024	1	1	3584	512	1	1	7168	7340032	7340032	14336	7340032	7340032	1	1	0	1	1
1	1788292025105828495	eager	1447	MUL_MAT	cuBLAS	cublasGemmEx/BF16	blk.4.ffn_gate.weight	ffn_gate-4	bf16	f32	f32	1024	3584	1	1	1024	512	1	1	2048	7340032	7340032	4096	2097152	2097152	1	1	0	1	1
1	1788292025105828495	eager	1447	MUL_MAT	cuBLAS	cublasGemmEx/BF16	blk.4.ffn_up.weight	ffn_up-4	bf16	f32	f32	1024	3584	1	1	1024	512	1	1	2048	7340032	7340032	4096	2097152	2097152	1	1	0	1	1
1	1788292025105828495	eager	1447	MUL_MAT	cuBLAS	cublasGemmEx/BF16	blk.4.ssm_alpha.weight	node_274	bf16	f32	f32	1024	16	1	1	1024	512	1	1	2048	32768	32768	4096	2097152	2097152	1	1	0	1	1
1	1788292025105828495	eager	1447	MUL_MAT	cuBLAS	cublasGemmEx/BF16	blk.4.ssm_beta.weight	node_280	bf16	f32	f32	1024	16	1	1	1024	512	1	1	2048	32768	32768	4096	2097152	2097152	1	1	0	1	1
1	1788292025105828495	eager	1447	MUL_MAT	cuBLAS	cublasGemmEx/BF16	blk.4.ssm_out.weight	linear_attn_out-4	bf16	f32	f32	2048	1024	1	1	2048	512	1	1	4096	4194304	4194304	8192	4194304	4194304	1	1	0	1	1
1	1788292025105828495	eager	1447	MUL_MAT	cuBLAS	cublasGemmEx/BF16	blk.5.attn_gate.weight	z-5	bf16	f32	f32	1024	2048	1	1	1024	512	1	1	2048	4194304	4194304	4096	2097152	2097152	1	1	0	1	1
1	1788292025105828495	eager	1447	MUL_MAT	cuBLAS	cublasGemmEx/BF16	blk.5.attn_qkv.weight	node_316	bf16	f32	f32	1024	6144	1	1	1024	512	1	1	2048	12582912	12582912	4096	2097152	2097152	1	1	0	1	1
1	1788292025105828495	eager	1447	MUL_MAT	cuBLAS	cublasGemmEx/BF16	blk.5.ffn_down.weight	ffn_out-5	bf16	f32	f32	3584	1024	1	1	3584	512	1	1	7168	7340032	7340032	14336	7340032	7340032	1	1	0	1	1
1	1788292025105828495	eager	1447	MUL_MAT	cuBLAS	cublasGemmEx/BF16	blk.5.ffn_gate.weight	ffn_gate-5	bf16	f32	f32	1024	3584	1	1	1024	512	1	1	2048	7340032	7340032	4096	2097152	2097152	1	1	0	1	1
1	1788292025105828495	eager	1447	MUL_MAT	cuBLAS	cublasGemmEx/BF16	blk.5.ffn_up.weight	ffn_up-5	bf16	f32	f32	1024	3584	1	1	1024	512	1	1	2048	7340032	7340032	4096	2097152	2097152	1	1	0	1	1
1	1788292025105828495	eager	1447	MUL_MAT	cuBLAS	cublasGemmEx/BF16	blk.5.ssm_alpha.weight	node_337	bf16	f32	f32	1024	16	1	1	1024	512	1	1	2048	32768	32768	4096	2097152	2097152	1	1	0	1	1
1	1788292025105828495	eager	1447	MUL_MAT	cuBLAS	cublasGemmEx/BF16	blk.5.ssm_beta.weight	node_343	bf16	f32	f32	1024	16	1	1	1024	512	1	1	2048	32768	32768	4096	2097152	2097152	1	1	0	1	1
1	1788292025105828495	eager	1447	MUL_MAT	cuBLAS	cublasGemmEx/BF16	blk.5.ssm_out.weight	linear_attn_out-5	bf16	f32	f32	2048	1024	1	1	2048	512	1	1	4096	4194304	4194304	8192	4194304	4194304	1	1	0	1	1
1	1788292025105828495	eager	1447	MUL_MAT	cuBLAS	cublasGemmEx/BF16	blk.6.attn_gate.weight	z-6	bf16	f32	f32	1024	2048	1	1	1024	512	1	1	2048	4194304	4194304	4096	2097152	2097152	1	1	0	1	1
1	1788292025105828495	eager	1447	MUL_MAT	cuBLAS	cublasGemmEx/BF16	blk.6.attn_qkv.weight	node_379	bf16	f32	f32	1024	6144	1	1	1024	512	1	1	2048	12582912	12582912	4096	2097152	2097152	1	1	0	1	1
1	1788292025105828495	eager	1447	MUL_MAT	cuBLAS	cublasGemmEx/BF16	blk.6.ffn_down.weight	ffn_out-6	bf16	f32	f32	3584	1024	1	1	3584	512	1	1	7168	7340032	7340032	14336	7340032	7340032	1	1	0	1	1
1	1788292025105828495	eager	1447	MUL_MAT	cuBLAS	cublasGemmEx/BF16	blk.6.ffn_gate.weight	ffn_gate-6	bf16	f32	f32	1024	3584	1	1	1024	512	1	1	2048	7340032	7340032	4096	2097152	2097152	1	1	0	1	1
1	1788292025105828495	eager	1447	MUL_MAT	cuBLAS	cublasGemmEx/BF16	blk.6.ffn_up.weight	ffn_up-6	bf16	f32	f32	1024	3584	1	1	1024	512	1	1	2048	7340032	7340032	4096	2097152	2097152	1	1	0	1	1
1	1788292025105828495	eager	1447	MUL_MAT	cuBLAS	cublasGemmEx/BF16	blk.6.ssm_alpha.weight	node_400	bf16	f32	f32	1024	16	1	1	1024	512	1	1	2048	32768	32768	4096	2097152	2097152	1	1	0	1	1
1	1788292025105828495	eager	1447	MUL_MAT	cuBLAS	cublasGemmEx/BF16	blk.6.ssm_beta.weight	node_406	bf16	f32	f32	1024	16	1	1	1024	512	1	1	2048	32768	32768	4096	2097152	2097152	1	1	0	1	1
1	1788292025105828495	eager	1447	MUL_MAT	cuBLAS	cublasGemmEx/BF16	blk.6.ssm_out.weight	linear_attn_out-6	bf16	f32	f32	2048	1024	1	1	2048	512	1	1	4096	4194304	4194304	8192	4194304	4194304	1	1	0	1	1
1	1788292025105828495	eager	1447	MUL_MAT	cuBLAS	cublasGemmEx/BF16	blk.7.attn_k.weight	Kcur-7	bf16	f32	f32	1024	512	1	1	1024	512	1	1	2048	1048576	1048576	4096	2097152	2097152	1	1	0	1	1
1	1788292025105828495	eager	1447	MUL_MAT	cuBLAS	cublasGemmEx/BF16	blk.7.attn_output.weight	attn_output-7	bf16	f32	f32	2048	1024	1	1	2048	512	1	1	4096	4194304	4194304	8192	4194304	4194304	1	1	0	1	1
1	1788292025105828495	eager	1447	MUL_MAT	cuBLAS	cublasGemmEx/BF16	blk.7.attn_q.weight	Qcur_full-7	bf16	f32	f32	1024	4096	1	1	1024	512	1	1	2048	8388608	8388608	4096	2097152	2097152	1	1	0	1	1
1	1788292025105828495	eager	1447	MUL_MAT	cuBLAS	cublasGemmEx/BF16	blk.7.attn_v.weight	Vcur-7	bf16	f32	f32	1024	512	1	1	1024	512	1	1	2048	1048576	1048576	4096	2097152	2097152	1	1	0	1	1
1	1788292025105828495	eager	1447	MUL_MAT	cuBLAS	cublasGemmEx/BF16	blk.7.ffn_down.weight	ffn_out-7	bf16	f32	f32	3584	1024	1	1	3584	512	1	1	7168	7340032	7340032	14336	7340032	7340032	1	1	0	1	1
1	1788292025105828495	eager	1447	MUL_MAT	cuBLAS	cublasGemmEx/BF16	blk.7.ffn_gate.weight	ffn_gate-7	bf16	f32	f32	1024	3584	1	1	1024	512	1	1	2048	7340032	7340032	4096	2097152	2097152	1	1	0	1	1
1	1788292025105828495	eager	1447	MUL_MAT	cuBLAS	cublasGemmEx/BF16	blk.7.ffn_up.weight	ffn_up-7	bf16	f32	f32	1024	3584	1	1	1024	512	1	1	2048	7340032	7340032	4096	2097152	2097152	1	1	0	1	1
1	1788292025105828495	eager	1447	MUL_MAT	cuBLAS	cublasGemmEx/BF16	blk.8.attn_gate.weight	z-8	bf16	f32	f32	1024	2048	1	1	1024	512	1	1	2048	4194304	4194304	4096	2097152	2097152	1	1	0	1	1
1	1788292025105828495	eager	1447	MUL_MAT	cuBLAS	cublasGemmEx/BF16	blk.8.attn_qkv.weight	node_493	bf16	f32	f32	1024	6144	1	1	1024	512	1	1	2048	12582912	12582912	4096	2097152	2097152	1	1	0	1	1
1	1788292025105828495	eager	1447	MUL_MAT	cuBLAS	cublasGemmEx/BF16	blk.8.ffn_down.weight	ffn_out-8	bf16	f32	f32	3584	1024	1	1	3584	512	1	1	7168	7340032	7340032	14336	7340032	7340032	1	1	0	1	1
1	1788292025105828495	eager	1447	MUL_MAT	cuBLAS	cublasGemmEx/BF16	blk.8.ffn_gate.weight	ffn_gate-8	bf16	f32	f32	1024	3584	1	1	1024	512	1	1	2048	7340032	7340032	4096	2097152	2097152	1	1	0	1	1
1	1788292025105828495	eager	1447	MUL_MAT	cuBLAS	cublasGemmEx/BF16	blk.8.ffn_up.weight	ffn_up-8	bf16	f32	f32	1024	3584	1	1	1024	512	1	1	2048	7340032	7340032	4096	2097152	2097152	1	1	0	1	1
1	1788292025105828495	eager	1447	MUL_MAT	cuBLAS	cublasGemmEx/BF16	blk.8.ssm_alpha.weight	node_514	bf16	f32	f32	1024	16	1	1	1024	512	1	1	2048	32768	32768	4096	2097152	2097152	1	1	0	1	1
1	1788292025105828495	eager	1447	MUL_MAT	cuBLAS	cublasGemmEx/BF16	blk.8.ssm_beta.weight	node_520	bf16	f32	f32	1024	16	1	1	1024	512	1	1	2048	32768	32768	4096	2097152	2097152	1	1	0	1	1
1	1788292025105828495	eager	1447	MUL_MAT	cuBLAS	cublasGemmEx/BF16	blk.8.ssm_out.weight	linear_attn_out-8	bf16	f32	f32	2048	1024	1	1	2048	512	1	1	4096	4194304	4194304	8192	4194304	4194304	1	1	0	1	1
1	1788292025105828495	eager	1447	MUL_MAT	cuBLAS	cublasGemmEx/BF16	blk.9.attn_gate.weight	z-9	bf16	f32	f32	1024	2048	1	1	1024	512	1	1	2048	4194304	4194304	4096	2097152	2097152	1	1	0	1	1
1	1788292025105828495	eager	1447	MUL_MAT	cuBLAS	cublasGemmEx/BF16	blk.9.attn_qkv.weight	node_556	bf16	f32	f32	1024	6144	1	1	1024	512	1	1	2048	12582912	12582912	4096	2097152	2097152	1	1	0	1	1
1	1788292025105828495	eager	1447	MUL_MAT	cuBLAS	cublasGemmEx/BF16	blk.9.ffn_down.weight	ffn_out-9	bf16	f32	f32	3584	1024	1	1	3584	512	1	1	7168	7340032	7340032	14336	7340032	7340032	1	1	0	1	1
1	1788292025105828495	eager	1447	MUL_MAT	cuBLAS	cublasGemmEx/BF16	blk.9.ffn_gate.weight	ffn_gate-9	bf16	f32	f32	1024	3584	1	1	1024	512	1	1	2048	7340032	7340032	4096	2097152	2097152	1	1	0	1	1
1	1788292025105828495	eager	1447	MUL_MAT	cuBLAS	cublasGemmEx/BF16	blk.9.ffn_up.weight	ffn_up-9	bf16	f32	f32	1024	3584	1	1	1024	512	1	1	2048	7340032	7340032	4096	2097152	2097152	1	1	0	1	1
1	1788292025105828495	eager	1447	MUL_MAT	cuBLAS	cublasGemmEx/BF16	blk.9.ssm_alpha.weight	node_577	bf16	f32	f32	1024	16	1	1	1024	512	1	1	2048	32768	32768	4096	2097152	2097152	1	1	0	1	1
1	1788292025105828495	eager	1447	MUL_MAT	cuBLAS	cublasGemmEx/BF16	blk.9.ssm_beta.weight	node_583	bf16	f32	f32	1024	16	1	1	1024	512	1	1	2048	32768	32768	4096	2097152	2097152	1	1	0	1	1
1	1788292025105828495	eager	1447	MUL_MAT	cuBLAS	cublasGemmEx/BF16	blk.9.ssm_out.weight	linear_attn_out-9	bf16	f32	f32	2048	1024	1	1	2048	512	1	1	4096	4194304	4194304	8192	4194304	4194304	1	1	0	1	1
2	1788292025135237806	eager	1447	MUL_MAT	MMVF	-	blk.0.attn_gate.weight	z-0	bf16	f32	f32	1024	2048	1	1	1024	1	1	1	2048	4194304	4194304	4096	4096	4096	1	1	0	1	1
2	1788292025135237806	eager	1447	MUL_MAT	MMVF	-	blk.0.attn_qkv.weight	node_13	bf16	f32	f32	1024	6144	1	1	1024	1	1	1	2048	12582912	12582912	4096	4096	4096	1	1	0	1	1
2	1788292025135237806	eager	1447	MUL_MAT	MMVF	-	blk.0.ssm_alpha.weight	node_34	bf16	f32	f32	1024	16	1	1	1024	1	1	1	2048	32768	32768	4096	4096	4096	1	1	0	1	1
2	1788292025135237806	eager	1447	MUL_MAT	MMVF	-	blk.0.ssm_beta.weight	node_40	bf16	f32	f32	1024	16	1	1	1024	1	1	1	2048	32768	32768	4096	4096	4096	1	1	0	1	1
2	1788292025135237806	eager	1447	MUL_MAT	MMVF	-	blk.0.ssm_out.weight	linear_attn_out-0	bf16	f32	f32	2048	1024	1	1	2048	1	1	1	4096	4194304	4194304	8192	8192	8192	1	1	0	1	1
2	1788292025135237806	eager	1447	MUL_MAT	MMVF	-	blk.1.attn_gate.weight	z-1	bf16	f32	f32	1024	2048	1	1	1024	1	1	1	2048	4194304	4194304	4096	4096	4096	1	1	0	1	1
2	1788292025135237806	eager	1447	MUL_MAT	MMVF	-	blk.1.attn_qkv.weight	node_76	bf16	f32	f32	1024	6144	1	1	1024	1	1	1	2048	12582912	12582912	4096	4096	4096	1	1	0	1	1
2	1788292025135237806	eager	1447	MUL_MAT	MMVF	-	blk.1.ssm_alpha.weight	node_97	bf16	f32	f32	1024	16	1	1	1024	1	1	1	2048	32768	32768	4096	4096	4096	1	1	0	1	1
2	1788292025135237806	eager	1447	MUL_MAT	MMVF	-	blk.1.ssm_beta.weight	node_103	bf16	f32	f32	1024	16	1	1	1024	1	1	1	2048	32768	32768	4096	4096	4096	1	1	0	1	1
2	1788292025135237806	eager	1447	MUL_MAT	MMVF	-	blk.1.ssm_out.weight	linear_attn_out-1	bf16	f32	f32	2048	1024	1	1	2048	1	1	1	4096	4194304	4194304	8192	8192	8192	1	1	0	1	1
2	1788292025135237806	eager	1447	MUL_MAT	MMVF	-	blk.10.attn_gate.weight	z-10	bf16	f32	f32	1024	2048	1	1	1024	1	1	1	2048	4194304	4194304	4096	4096	4096	1	1	0	1	1
2	1788292025135237806	eager	1447	MUL_MAT	MMVF	-	blk.10.attn_qkv.weight	node_619	bf16	f32	f32	1024	6144	1	1	1024	1	1	1	2048	12582912	12582912	4096	4096	4096	1	1	0	1	1
2	1788292025135237806	eager	1447	MUL_MAT	MMVF	-	blk.10.ssm_alpha.weight	node_640	bf16	f32	f32	1024	16	1	1	1024	1	1	1	2048	32768	32768	4096	4096	4096	1	1	0	1	1
2	1788292025135237806	eager	1447	MUL_MAT	MMVF	-	blk.10.ssm_beta.weight	node_646	bf16	f32	f32	1024	16	1	1	1024	1	1	1	2048	32768	32768	4096	4096	4096	1	1	0	1	1
2	1788292025135237806	eager	1447	MUL_MAT	MMVF	-	blk.10.ssm_out.weight	linear_attn_out-10	bf16	f32	f32	2048	1024	1	1	2048	1	1	1	4096	4194304	4194304	8192	8192	8192	1	1	0	1	1
2	1788292025135237806	eager	1447	MUL_MAT	MMVF	-	blk.11.attn_k.weight	Kcur-11	bf16	f32	f32	1024	512	1	1	1024	1	1	1	2048	1048576	1048576	4096	4096	4096	1	1	0	1	1
2	1788292025135237806	eager	1447	MUL_MAT	MMVF	-	blk.11.attn_q.weight	Qcur_full-11	bf16	f32	f32	1024	4096	1	1	1024	1	1	1	2048	8388608	8388608	4096	4096	4096	1	1	0	1	1
2	1788292025135237806	eager	1447	MUL_MAT	MMVF	-	blk.11.attn_v.weight	Vcur-11	bf16	f32	f32	1024	512	1	1	1024	1	1	1	2048	1048576	1048576	4096	4096	4096	1	1	0	1	1
2	1788292025135237806	eager	1447	MUL_MAT	MMVF	-	blk.12.attn_gate.weight	z-12	bf16	f32	f32	1024	2048	1	1	1024	1	1	1	2048	4194304	4194304	4096	4096	4096	1	1	0	1	1
2	1788292025135237806	eager	1447	MUL_MAT	MMVF	-	blk.12.attn_qkv.weight	node_733	bf16	f32	f32	1024	6144	1	1	1024	1	1	1	2048	12582912	12582912	4096	4096	4096	1	1	0	1	1
2	1788292025135237806	eager	1447	MUL_MAT	MMVF	-	blk.12.ssm_alpha.weight	node_754	bf16	f32	f32	1024	16	1	1	1024	1	1	1	2048	32768	32768	4096	4096	4096	1	1	0	1	1
2	1788292025135237806	eager	1447	MUL_MAT	MMVF	-	blk.12.ssm_beta.weight	node_760	bf16	f32	f32	1024	16	1	1	1024	1	1	1	2048	32768	32768	4096	4096	4096	1	1	0	1	1
2	1788292025135237806	eager	1447	MUL_MAT	MMVF	-	blk.12.ssm_out.weight	linear_attn_out-12	bf16	f32	f32	2048	1024	1	1	2048	1	1	1	4096	4194304	4194304	8192	8192	8192	1	1	0	1	1
2	1788292025135237806	eager	1447	MUL_MAT	MMVF	-	blk.13.attn_gate.weight	z-13	bf16	f32	f32	1024	2048	1	1	1024	1	1	1	2048	4194304	4194304	4096	4096	4096	1	1	0	1	1
2	1788292025135237806	eager	1447	MUL_MAT	MMVF	-	blk.13.attn_qkv.weight	node_796	bf16	f32	f32	1024	6144	1	1	1024	1	1	1	2048	12582912	12582912	4096	4096	4096	1	1	0	1	1
2	1788292025135237806	eager	1447	MUL_MAT	MMVF	-	blk.13.ssm_alpha.weight	node_817	bf16	f32	f32	1024	16	1	1	1024	1	1	1	2048	32768	32768	4096	4096	4096	1	1	0	1	1
2	1788292025135237806	eager	1447	MUL_MAT	MMVF	-	blk.13.ssm_beta.weight	node_823	bf16	f32	f32	1024	16	1	1	1024	1	1	1	2048	32768	32768	4096	4096	4096	1	1	0	1	1
2	1788292025135237806	eager	1447	MUL_MAT	MMVF	-	blk.13.ssm_out.weight	linear_attn_out-13	bf16	f32	f32	2048	1024	1	1	2048	1	1	1	4096	4194304	4194304	8192	8192	8192	1	1	0	1	1
2	1788292025135237806	eager	1447	MUL_MAT	MMVF	-	blk.14.attn_gate.weight	z-14	bf16	f32	f32	1024	2048	1	1	1024	1	1	1	2048	4194304	4194304	4096	4096	4096	1	1	0	1	1
2	1788292025135237806	eager	1447	MUL_MAT	MMVF	-	blk.14.attn_qkv.weight	node_859	bf16	f32	f32	1024	6144	1	1	1024	1	1	1	2048	12582912	12582912	4096	4096	4096	1	1	0	1	1
2	1788292025135237806	eager	1447	MUL_MAT	MMVF	-	blk.14.ssm_alpha.weight	node_880	bf16	f32	f32	1024	16	1	1	1024	1	1	1	2048	32768	32768	4096	4096	4096	1	1	0	1	1
2	1788292025135237806	eager	1447	MUL_MAT	MMVF	-	blk.14.ssm_beta.weight	node_886	bf16	f32	f32	1024	16	1	1	1024	1	1	1	2048	32768	32768	4096	4096	4096	1	1	0	1	1
2	1788292025135237806	eager	1447	MUL_MAT	MMVF	-	blk.14.ssm_out.weight	linear_attn_out-14	bf16	f32	f32	2048	1024	1	1	2048	1	1	1	4096	4194304	4194304	8192	8192	8192	1	1	0	1	1
2	1788292025135237806	eager	1447	MUL_MAT	MMVF	-	blk.15.attn_k.weight	Kcur-15	bf16	f32	f32	1024	512	1	1	1024	1	1	1	2048	1048576	1048576	4096	4096	4096	1	1	0	1	1
2	1788292025135237806	eager	1447	MUL_MAT	MMVF	-	blk.15.attn_q.weight	Qcur_full-15	bf16	f32	f32	1024	4096	1	1	1024	1	1	1	2048	8388608	8388608	4096	4096	4096	1	1	0	1	1
2	1788292025135237806	eager	1447	MUL_MAT	MMVF	-	blk.15.attn_v.weight	Vcur-15	bf16	f32	f32	1024	512	1	1	1024	1	1	1	2048	1048576	1048576	4096	4096	4096	1	1	0	1	1
2	1788292025135237806	eager	1447	MUL_MAT	MMVF	-	blk.16.attn_gate.weight	z-16	bf16	f32	f32	1024	2048	1	1	1024	1	1	1	2048	4194304	4194304	4096	4096	4096	1	1	0	1	1
2	1788292025135237806	eager	1447	MUL_MAT	MMVF	-	blk.16.attn_qkv.weight	node_973	bf16	f32	f32	1024	6144	1	1	1024	1	1	1	2048	12582912	12582912	4096	4096	4096	1	1	0	1	1
2	1788292025135237806	eager	1447	MUL_MAT	MMVF	-	blk.16.ssm_alpha.weight	node_994	bf16	f32	f32	1024	16	1	1	1024	1	1	1	2048	32768	32768	4096	4096	4096	1	1	0	1	1
2	1788292025135237806	eager	1447	MUL_MAT	MMVF	-	blk.16.ssm_beta.weight	node_1000	bf16	f32	f32	1024	16	1	1	1024	1	1	1	2048	32768	32768	4096	4096	4096	1	1	0	1	1
2	1788292025135237806	eager	1447	MUL_MAT	MMVF	-	blk.16.ssm_out.weight	linear_attn_out-16	bf16	f32	f32	2048	1024	1	1	2048	1	1	1	4096	4194304	4194304	8192	8192	8192	1	1	0	1	1
2	1788292025135237806	eager	1447	MUL_MAT	MMVF	-	blk.17.attn_gate.weight	z-17	bf16	f32	f32	1024	2048	1	1	1024	1	1	1	2048	4194304	4194304	4096	4096	4096	1	1	0	1	1
2	1788292025135237806	eager	1447	MUL_MAT	MMVF	-	blk.17.attn_qkv.weight	node_1036	bf16	f32	f32	1024	6144	1	1	1024	1	1	1	2048	12582912	12582912	4096	4096	4096	1	1	0	1	1
2	1788292025135237806	eager	1447	MUL_MAT	MMVF	-	blk.17.ssm_alpha.weight	node_1057	bf16	f32	f32	1024	16	1	1	1024	1	1	1	2048	32768	32768	4096	4096	4096	1	1	0	1	1
2	1788292025135237806	eager	1447	MUL_MAT	MMVF	-	blk.17.ssm_beta.weight	node_1063	bf16	f32	f32	1024	16	1	1	1024	1	1	1	2048	32768	32768	4096	4096	4096	1	1	0	1	1
2	1788292025135237806	eager	1447	MUL_MAT	MMVF	-	blk.17.ssm_out.weight	linear_attn_out-17	bf16	f32	f32	2048	1024	1	1	2048	1	1	1	4096	4194304	4194304	8192	8192	8192	1	1	0	1	1
2	1788292025135237806	eager	1447	MUL_MAT	MMVF	-	blk.18.attn_gate.weight	z-18	bf16	f32	f32	1024	2048	1	1	1024	1	1	1	2048	4194304	4194304	4096	4096	4096	1	1	0	1	1
2	1788292025135237806	eager	1447	MUL_MAT	MMVF	-	blk.18.attn_qkv.weight	node_1099	bf16	f32	f32	1024	6144	1	1	1024	1	1	1	2048	12582912	12582912	4096	4096	4096	1	1	0	1	1
2	1788292025135237806	eager	1447	MUL_MAT	MMVF	-	blk.18.ssm_alpha.weight	node_1120	bf16	f32	f32	1024	16	1	1	1024	1	1	1	2048	32768	32768	4096	4096	4096	1	1	0	1	1
2	1788292025135237806	eager	1447	MUL_MAT	MMVF	-	blk.18.ssm_beta.weight	node_1126	bf16	f32	f32	1024	16	1	1	1024	1	1	1	2048	32768	32768	4096	4096	4096	1	1	0	1	1
2	1788292025135237806	eager	1447	MUL_MAT	MMVF	-	blk.18.ssm_out.weight	linear_attn_out-18	bf16	f32	f32	2048	1024	1	1	2048	1	1	1	4096	4194304	4194304	8192	8192	8192	1	1	0	1	1
2	1788292025135237806	eager	1447	MUL_MAT	MMVF	-	blk.19.attn_k.weight	Kcur-19	bf16	f32	f32	1024	512	1	1	1024	1	1	1	2048	1048576	1048576	4096	4096	4096	1	1	0	1	1
2	1788292025135237806	eager	1447	MUL_MAT	MMVF	-	blk.19.attn_q.weight	Qcur_full-19	bf16	f32	f32	1024	4096	1	1	1024	1	1	1	2048	8388608	8388608	4096	4096	4096	1	1	0	1	1
2	1788292025135237806	eager	1447	MUL_MAT	MMVF	-	blk.19.attn_v.weight	Vcur-19	bf16	f32	f32	1024	512	1	1	1024	1	1	1	2048	1048576	1048576	4096	4096	4096	1	1	0	1	1
2	1788292025135237806	eager	1447	MUL_MAT	MMVF	-	blk.2.attn_gate.weight	z-2	bf16	f32	f32	1024	2048	1	1	1024	1	1	1	2048	4194304	4194304	4096	4096	4096	1	1	0	1	1
2	1788292025135237806	eager	1447	MUL_MAT	MMVF	-	blk.2.attn_qkv.weight	node_139	bf16	f32	f32	1024	6144	1	1	1024	1	1	1	2048	12582912	12582912	4096	4096	4096	1	1	0	1	1
2	1788292025135237806	eager	1447	MUL_MAT	MMVF	-	blk.2.ssm_alpha.weight	node_160	bf16	f32	f32	1024	16	1	1	1024	1	1	1	2048	32768	32768	4096	4096	4096	1	1	0	1	1
2	1788292025135237806	eager	1447	MUL_MAT	MMVF	-	blk.2.ssm_beta.weight	node_166	bf16	f32	f32	1024	16	1	1	1024	1	1	1	2048	32768	32768	4096	4096	4096	1	1	0	1	1
2	1788292025135237806	eager	1447	MUL_MAT	MMVF	-	blk.2.ssm_out.weight	linear_attn_out-2	bf16	f32	f32	2048	1024	1	1	2048	1	1	1	4096	4194304	4194304	8192	8192	8192	1	1	0	1	1
2	1788292025135237806	eager	1447	MUL_MAT	MMVF	-	blk.20.attn_gate.weight	z-20	bf16	f32	f32	1024	2048	1	1	1024	1	1	1	2048	4194304	4194304	4096	4096	4096	1	1	0	1	1
2	1788292025135237806	eager	1447	MUL_MAT	MMVF	-	blk.20.attn_qkv.weight	node_1213	bf16	f32	f32	1024	6144	1	1	1024	1	1	1	2048	12582912	12582912	4096	4096	4096	1	1	0	1	1
2	1788292025135237806	eager	1447	MUL_MAT	MMVF	-	blk.20.ssm_alpha.weight	node_1234	bf16	f32	f32	1024	16	1	1	1024	1	1	1	2048	32768	32768	4096	4096	4096	1	1	0	1	1
2	1788292025135237806	eager	1447	MUL_MAT	MMVF	-	blk.20.ssm_beta.weight	node_1240	bf16	f32	f32	1024	16	1	1	1024	1	1	1	2048	32768	32768	4096	4096	4096	1	1	0	1	1
2	1788292025135237806	eager	1447	MUL_MAT	MMVF	-	blk.20.ssm_out.weight	linear_attn_out-20	bf16	f32	f32	2048	1024	1	1	2048	1	1	1	4096	4194304	4194304	8192	8192	8192	1	1	0	1	1
2	1788292025135237806	eager	1447	MUL_MAT	MMVF	-	blk.21.attn_gate.weight	z-21	bf16	f32	f32	1024	2048	1	1	1024	1	1	1	2048	4194304	4194304	4096	4096	4096	1	1	0	1	1
2	1788292025135237806	eager	1447	MUL_MAT	MMVF	-	blk.21.attn_qkv.weight	node_1276	bf16	f32	f32	1024	6144	1	1	1024	1	1	1	2048	12582912	12582912	4096	4096	4096	1	1	0	1	1
2	1788292025135237806	eager	1447	MUL_MAT	MMVF	-	blk.21.ssm_alpha.weight	node_1297	bf16	f32	f32	1024	16	1	1	1024	1	1	1	2048	32768	32768	4096	4096	4096	1	1	0	1	1
2	1788292025135237806	eager	1447	MUL_MAT	MMVF	-	blk.21.ssm_beta.weight	node_1303	bf16	f32	f32	1024	16	1	1	1024	1	1	1	2048	32768	32768	4096	4096	4096	1	1	0	1	1
2	1788292025135237806	eager	1447	MUL_MAT	MMVF	-	blk.21.ssm_out.weight	linear_attn_out-21	bf16	f32	f32	2048	1024	1	1	2048	1	1	1	4096	4194304	4194304	8192	8192	8192	1	1	0	1	1
2	1788292025135237806	eager	1447	MUL_MAT	MMVF	-	blk.22.attn_gate.weight	z-22	bf16	f32	f32	1024	2048	1	1	1024	1	1	1	2048	4194304	4194304	4096	4096	4096	1	1	0	1	1
2	1788292025135237806	eager	1447	MUL_MAT	MMVF	-	blk.22.attn_qkv.weight	node_1339	bf16	f32	f32	1024	6144	1	1	1024	1	1	1	2048	12582912	12582912	4096	4096	4096	1	1	0	1	1
2	1788292025135237806	eager	1447	MUL_MAT	MMVF	-	blk.22.ssm_alpha.weight	node_1360	bf16	f32	f32	1024	16	1	1	1024	1	1	1	2048	32768	32768	4096	4096	4096	1	1	0	1	1
2	1788292025135237806	eager	1447	MUL_MAT	MMVF	-	blk.22.ssm_beta.weight	node_1366	bf16	f32	f32	1024	16	1	1	1024	1	1	1	2048	32768	32768	4096	4096	4096	1	1	0	1	1
2	1788292025135237806	eager	1447	MUL_MAT	MMVF	-	blk.22.ssm_out.weight	linear_attn_out-22	bf16	f32	f32	2048	1024	1	1	2048	1	1	1	4096	4194304	4194304	8192	8192	8192	1	1	0	1	1
2	1788292025135237806	eager	1447	MUL_MAT	MMVF	-	blk.23.attn_k.weight	Kcur-23	bf16	f32	f32	1024	512	1	1	1024	1	1	1	2048	1048576	1048576	4096	4096	4096	1	1	0	1	1
2	1788292025135237806	eager	1447	MUL_MAT	MMVF	-	blk.23.attn_q.weight	Qcur_full-23	bf16	f32	f32	1024	4096	1	1	1024	1	1	1	2048	8388608	8388608	4096	4096	4096	1	1	0	1	1
2	1788292025135237806	eager	1447	MUL_MAT	MMVF	-	blk.23.attn_v.weight	Vcur-23	bf16	f32	f32	1024	512	1	1	1024	1	1	1	2048	1048576	1048576	4096	4096	4096	1	1	0	1	1
2	1788292025135237806	eager	1447	MUL_MAT	MMVF	-	blk.3.attn_k.weight	Kcur-3	bf16	f32	f32	1024	512	1	1	1024	1	1	1	2048	1048576	1048576	4096	4096	4096	1	1	0	1	1
2	1788292025135237806	eager	1447	MUL_MAT	MMVF	-	blk.3.attn_q.weight	Qcur_full-3	bf16	f32	f32	1024	4096	1	1	1024	1	1	1	2048	8388608	8388608	4096	4096	4096	1	1	0	1	1
2	1788292025135237806	eager	1447	MUL_MAT	MMVF	-	blk.3.attn_v.weight	Vcur-3	bf16	f32	f32	1024	512	1	1	1024	1	1	1	2048	1048576	1048576	4096	4096	4096	1	1	0	1	1
2	1788292025135237806	eager	1447	MUL_MAT	MMVF	-	blk.4.attn_gate.weight	z-4	bf16	f32	f32	1024	2048	1	1	1024	1	1	1	2048	4194304	4194304	4096	4096	4096	1	1	0	1	1
2	1788292025135237806	eager	1447	MUL_MAT	MMVF	-	blk.4.attn_qkv.weight	node_253	bf16	f32	f32	1024	6144	1	1	1024	1	1	1	2048	12582912	12582912	4096	4096	4096	1	1	0	1	1
2	1788292025135237806	eager	1447	MUL_MAT	MMVF	-	blk.4.ssm_alpha.weight	node_274	bf16	f32	f32	1024	16	1	1	1024	1	1	1	2048	32768	32768	4096	4096	4096	1	1	0	1	1
2	1788292025135237806	eager	1447	MUL_MAT	MMVF	-	blk.4.ssm_beta.weight	node_280	bf16	f32	f32	1024	16	1	1	1024	1	1	1	2048	32768	32768	4096	4096	4096	1	1	0	1	1
2	1788292025135237806	eager	1447	MUL_MAT	MMVF	-	blk.4.ssm_out.weight	linear_attn_out-4	bf16	f32	f32	2048	1024	1	1	2048	1	1	1	4096	4194304	4194304	8192	8192	8192	1	1	0	1	1
2	1788292025135237806	eager	1447	MUL_MAT	MMVF	-	blk.5.attn_gate.weight	z-5	bf16	f32	f32	1024	2048	1	1	1024	1	1	1	2048	4194304	4194304	4096	4096	4096	1	1	0	1	1
2	1788292025135237806	eager	1447	MUL_MAT	MMVF	-	blk.5.attn_qkv.weight	node_316	bf16	f32	f32	1024	6144	1	1	1024	1	1	1	2048	12582912	12582912	4096	4096	4096	1	1	0	1	1
2	1788292025135237806	eager	1447	MUL_MAT	MMVF	-	blk.5.ssm_alpha.weight	node_337	bf16	f32	f32	1024	16	1	1	1024	1	1	1	2048	32768	32768	4096	4096	4096	1	1	0	1	1
2	1788292025135237806	eager	1447	MUL_MAT	MMVF	-	blk.5.ssm_beta.weight	node_343	bf16	f32	f32	1024	16	1	1	1024	1	1	1	2048	32768	32768	4096	4096	4096	1	1	0	1	1
2	1788292025135237806	eager	1447	MUL_MAT	MMVF	-	blk.5.ssm_out.weight	linear_attn_out-5	bf16	f32	f32	2048	1024	1	1	2048	1	1	1	4096	4194304	4194304	8192	8192	8192	1	1	0	1	1
2	1788292025135237806	eager	1447	MUL_MAT	MMVF	-	blk.6.attn_gate.weight	z-6	bf16	f32	f32	1024	2048	1	1	1024	1	1	1	2048	4194304	4194304	4096	4096	4096	1	1	0	1	1
2	1788292025135237806	eager	1447	MUL_MAT	MMVF	-	blk.6.attn_qkv.weight	node_379	bf16	f32	f32	1024	6144	1	1	1024	1	1	1	2048	12582912	12582912	4096	4096	4096	1	1	0	1	1
2	1788292025135237806	eager	1447	MUL_MAT	MMVF	-	blk.6.ssm_alpha.weight	node_400	bf16	f32	f32	1024	16	1	1	1024	1	1	1	2048	32768	32768	4096	4096	4096	1	1	0	1	1
2	1788292025135237806	eager	1447	MUL_MAT	MMVF	-	blk.6.ssm_beta.weight	node_406	bf16	f32	f32	1024	16	1	1	1024	1	1	1	2048	32768	32768	4096	4096	4096	1	1	0	1	1
2	1788292025135237806	eager	1447	MUL_MAT	MMVF	-	blk.6.ssm_out.weight	linear_attn_out-6	bf16	f32	f32	2048	1024	1	1	2048	1	1	1	4096	4194304	4194304	8192	8192	8192	1	1	0	1	1
2	1788292025135237806	eager	1447	MUL_MAT	MMVF	-	blk.7.attn_k.weight	Kcur-7	bf16	f32	f32	1024	512	1	1	1024	1	1	1	2048	1048576	1048576	4096	4096	4096	1	1	0	1	1
2	1788292025135237806	eager	1447	MUL_MAT	MMVF	-	blk.7.attn_q.weight	Qcur_full-7	bf16	f32	f32	1024	4096	1	1	1024	1	1	1	2048	8388608	8388608	4096	4096	4096	1	1	0	1	1
2	1788292025135237806	eager	1447	MUL_MAT	MMVF	-	blk.7.attn_v.weight	Vcur-7	bf16	f32	f32	1024	512	1	1	1024	1	1	1	2048	1048576	1048576	4096	4096	4096	1	1	0	1	1
2	1788292025135237806	eager	1447	MUL_MAT	MMVF	-	blk.8.attn_gate.weight	z-8	bf16	f32	f32	1024	2048	1	1	1024	1	1	1	2048	4194304	4194304	4096	4096	4096	1	1	0	1	1
2	1788292025135237806	eager	1447	MUL_MAT	MMVF	-	blk.8.attn_qkv.weight	node_493	bf16	f32	f32	1024	6144	1	1	1024	1	1	1	2048	12582912	12582912	4096	4096	4096	1	1	0	1	1
2	1788292025135237806	eager	1447	MUL_MAT	MMVF	-	blk.8.ssm_alpha.weight	node_514	bf16	f32	f32	1024	16	1	1	1024	1	1	1	2048	32768	32768	4096	4096	4096	1	1	0	1	1
2	1788292025135237806	eager	1447	MUL_MAT	MMVF	-	blk.8.ssm_beta.weight	node_520	bf16	f32	f32	1024	16	1	1	1024	1	1	1	2048	32768	32768	4096	4096	4096	1	1	0	1	1
2	1788292025135237806	eager	1447	MUL_MAT	MMVF	-	blk.8.ssm_out.weight	linear_attn_out-8	bf16	f32	f32	2048	1024	1	1	2048	1	1	1	4096	4194304	4194304	8192	8192	8192	1	1	0	1	1
2	1788292025135237806	eager	1447	MUL_MAT	MMVF	-	blk.9.attn_gate.weight	z-9	bf16	f32	f32	1024	2048	1	1	1024	1	1	1	2048	4194304	4194304	4096	4096	4096	1	1	0	1	1
2	1788292025135237806	eager	1447	MUL_MAT	MMVF	-	blk.9.attn_qkv.weight	node_556	bf16	f32	f32	1024	6144	1	1	1024	1	1	1	2048	12582912	12582912	4096	4096	4096	1	1	0	1	1
2	1788292025135237806	eager	1447	MUL_MAT	MMVF	-	blk.9.ssm_alpha.weight	node_577	bf16	f32	f32	1024	16	1	1	1024	1	1	1	2048	32768	32768	4096	4096	4096	1	1	0	1	1
2	1788292025135237806	eager	1447	MUL_MAT	MMVF	-	blk.9.ssm_beta.weight	node_583	bf16	f32	f32	1024	16	1	1	1024	1	1	1	2048	32768	32768	4096	4096	4096	1	1	0	1	1
2	1788292025135237806	eager	1447	MUL_MAT	MMVF	-	blk.9.ssm_out.weight	linear_attn_out-9	bf16	f32	f32	2048	1024	1	1	2048	1	1	1	4096	4194304	4194304	8192	8192	8192	1	1	0	1	1
2	1788292025135237806	eager	1447	MUL_MAT	MMVF	-	token_embd.weight	result_output	bf16	f32	f32	1024	248320	1	1	1024	1	1	1	2048	508559360	508559360	4096	4096	4096	1	1	0	1	1
2	1788292025135237806	eager	1447	MUL_MAT	MMVF	fused	blk.0.ffn_down.weight	l_out-0	bf16	f32	f32	3584	1024	1	1	3584	1	1	1	7168	7340032	7340032	14336	14336	14336	1	1	0	1	1
2	1788292025135237806	eager	1447	MUL_MAT	MMVF	fused	blk.0.ffn_up.weight	ffn_swiglu-0	bf16	f32	f32	1024	3584	1	1	1024	1	1	1	2048	7340032	7340032	4096	4096	4096	1	1	0	1	1
2	1788292025135237806	eager	1447	MUL_MAT	MMVF	fused	blk.1.ffn_down.weight	l_out-1	bf16	f32	f32	3584	1024	1	1	3584	1	1	1	7168	7340032	7340032	14336	14336	14336	1	1	0	1	1
2	1788292025135237806	eager	1447	MUL_MAT	MMVF	fused	blk.1.ffn_up.weight	ffn_swiglu-1	bf16	f32	f32	1024	3584	1	1	1024	1	1	1	2048	7340032	7340032	4096	4096	4096	1	1	0	1	1
2	1788292025135237806	eager	1447	MUL_MAT	MMVF	fused	blk.10.ffn_down.weight	l_out-10	bf16	f32	f32	3584	1024	1	1	3584	1	1	1	7168	7340032	7340032	14336	14336	14336	1	1	0	1	1
2	1788292025135237806	eager	1447	MUL_MAT	MMVF	fused	blk.10.ffn_up.weight	ffn_swiglu-10	bf16	f32	f32	1024	3584	1	1	1024	1	1	1	2048	7340032	7340032	4096	4096	4096	1	1	0	1	1
2	1788292025135237806	eager	1447	MUL_MAT	MMVF	fused	blk.11.attn_output.weight	attn_residual-11	bf16	f32	f32	2048	1024	1	1	2048	1	1	1	4096	4194304	4194304	8192	8192	8192	1	1	0	1	1
2	1788292025135237806	eager	1447	MUL_MAT	MMVF	fused	blk.11.ffn_down.weight	l_out-11	bf16	f32	f32	3584	1024	1	1	3584	1	1	1	7168	7340032	7340032	14336	14336	14336	1	1	0	1	1
2	1788292025135237806	eager	1447	MUL_MAT	MMVF	fused	blk.11.ffn_up.weight	ffn_swiglu-11	bf16	f32	f32	1024	3584	1	1	1024	1	1	1	2048	7340032	7340032	4096	4096	4096	1	1	0	1	1
2	1788292025135237806	eager	1447	MUL_MAT	MMVF	fused	blk.12.ffn_down.weight	l_out-12	bf16	f32	f32	3584	1024	1	1	3584	1	1	1	7168	7340032	7340032	14336	14336	14336	1	1	0	1	1
2	1788292025135237806	eager	1447	MUL_MAT	MMVF	fused	blk.12.ffn_up.weight	ffn_swiglu-12	bf16	f32	f32	1024	3584	1	1	1024	1	1	1	2048	7340032	7340032	4096	4096	4096	1	1	0	1	1
2	1788292025135237806	eager	1447	MUL_MAT	MMVF	fused	blk.13.ffn_down.weight	l_out-13	bf16	f32	f32	3584	1024	1	1	3584	1	1	1	7168	7340032	7340032	14336	14336	14336	1	1	0	1	1
2	1788292025135237806	eager	1447	MUL_MAT	MMVF	fused	blk.13.ffn_up.weight	ffn_swiglu-13	bf16	f32	f32	1024	3584	1	1	1024	1	1	1	2048	7340032	7340032	4096	4096	4096	1	1	0	1	1
2	1788292025135237806	eager	1447	MUL_MAT	MMVF	fused	blk.14.ffn_down.weight	l_out-14	bf16	f32	f32	3584	1024	1	1	3584	1	1	1	7168	7340032	7340032	14336	14336	14336	1	1	0	1	1
2	1788292025135237806	eager	1447	MUL_MAT	MMVF	fused	blk.14.ffn_up.weight	ffn_swiglu-14	bf16	f32	f32	1024	3584	1	1	1024	1	1	1	2048	7340032	7340032	4096	4096	4096	1	1	0	1	1
2	1788292025135237806	eager	1447	MUL_MAT	MMVF	fused	blk.15.attn_output.weight	attn_residual-15	bf16	f32	f32	2048	1024	1	1	2048	1	1	1	4096	4194304	4194304	8192	8192	8192	1	1	0	1	1
2	1788292025135237806	eager	1447	MUL_MAT	MMVF	fused	blk.15.ffn_down.weight	l_out-15	bf16	f32	f32	3584	1024	1	1	3584	1	1	1	7168	7340032	7340032	14336	14336	14336	1	1	0	1	1
2	1788292025135237806	eager	1447	MUL_MAT	MMVF	fused	blk.15.ffn_up.weight	ffn_swiglu-15	bf16	f32	f32	1024	3584	1	1	1024	1	1	1	2048	7340032	7340032	4096	4096	4096	1	1	0	1	1
2	1788292025135237806	eager	1447	MUL_MAT	MMVF	fused	blk.16.ffn_down.weight	l_out-16	bf16	f32	f32	3584	1024	1	1	3584	1	1	1	7168	7340032	7340032	14336	14336	14336	1	1	0	1	1
2	1788292025135237806	eager	1447	MUL_MAT	MMVF	fused	blk.16.ffn_up.weight	ffn_swiglu-16	bf16	f32	f32	1024	3584	1	1	1024	1	1	1	2048	7340032	7340032	4096	4096	4096	1	1	0	1	1
2	1788292025135237806	eager	1447	MUL_MAT	MMVF	fused	blk.17.ffn_down.weight	l_out-17	bf16	f32	f32	3584	1024	1	1	3584	1	1	1	7168	7340032	7340032	14336	14336	14336	1	1	0	1	1
2	1788292025135237806	eager	1447	MUL_MAT	MMVF	fused	blk.17.ffn_up.weight	ffn_swiglu-17	bf16	f32	f32	1024	3584	1	1	1024	1	1	1	2048	7340032	7340032	4096	4096	4096	1	1	0	1	1
2	1788292025135237806	eager	1447	MUL_MAT	MMVF	fused	blk.18.ffn_down.weight	l_out-18	bf16	f32	f32	3584	1024	1	1	3584	1	1	1	7168	7340032	7340032	14336	14336	14336	1	1	0	1	1
2	1788292025135237806	eager	1447	MUL_MAT	MMVF	fused	blk.18.ffn_up.weight	ffn_swiglu-18	bf16	f32	f32	1024	3584	1	1	1024	1	1	1	2048	7340032	7340032	4096	4096	4096	1	1	0	1	1
2	1788292025135237806	eager	1447	MUL_MAT	MMVF	fused	blk.19.attn_output.weight	attn_residual-19	bf16	f32	f32	2048	1024	1	1	2048	1	1	1	4096	4194304	4194304	8192	8192	8192	1	1	0	1	1
2	1788292025135237806	eager	1447	MUL_MAT	MMVF	fused	blk.19.ffn_down.weight	l_out-19	bf16	f32	f32	3584	1024	1	1	3584	1	1	1	7168	7340032	7340032	14336	14336	14336	1	1	0	1	1
2	1788292025135237806	eager	1447	MUL_MAT	MMVF	fused	blk.19.ffn_up.weight	ffn_swiglu-19	bf16	f32	f32	1024	3584	1	1	1024	1	1	1	2048	7340032	7340032	4096	4096	4096	1	1	0	1	1
2	1788292025135237806	eager	1447	MUL_MAT	MMVF	fused	blk.2.ffn_down.weight	l_out-2	bf16	f32	f32	3584	1024	1	1	3584	1	1	1	7168	7340032	7340032	14336	14336	14336	1	1	0	1	1
2	1788292025135237806	eager	1447	MUL_MAT	MMVF	fused	blk.2.ffn_up.weight	ffn_swiglu-2	bf16	f32	f32	1024	3584	1	1	1024	1	1	1	2048	7340032	7340032	4096	4096	4096	1	1	0	1	1
2	1788292025135237806	eager	1447	MUL_MAT	MMVF	fused	blk.20.ffn_down.weight	l_out-20	bf16	f32	f32	3584	1024	1	1	3584	1	1	1	7168	7340032	7340032	14336	14336	14336	1	1	0	1	1
2	1788292025135237806	eager	1447	MUL_MAT	MMVF	fused	blk.20.ffn_up.weight	ffn_swiglu-20	bf16	f32	f32	1024	3584	1	1	1024	1	1	1	2048	7340032	7340032	4096	4096	4096	1	1	0	1	1
2	1788292025135237806	eager	1447	MUL_MAT	MMVF	fused	blk.21.ffn_down.weight	l_out-21	bf16	f32	f32	3584	1024	1	1	3584	1	1	1	7168	7340032	7340032	14336	14336	14336	1	1	0	1	1
2	1788292025135237806	eager	1447	MUL_MAT	MMVF	fused	blk.21.ffn_up.weight	ffn_swiglu-21	bf16	f32	f32	1024	3584	1	1	1024	1	1	1	2048	7340032	7340032	4096	4096	4096	1	1	0	1	1
2	1788292025135237806	eager	1447	MUL_MAT	MMVF	fused	blk.22.ffn_down.weight	l_out-22	bf16	f32	f32	3584	1024	1	1	3584	1	1	1	7168	7340032	7340032	14336	14336	14336	1	1	0	1	1
2	1788292025135237806	eager	1447	MUL_MAT	MMVF	fused	blk.22.ffn_up.weight	ffn_swiglu-22	bf16	f32	f32	1024	3584	1	1	1024	1	1	1	2048	7340032	7340032	4096	4096	4096	1	1	0	1	1
2	1788292025135237806	eager	1447	MUL_MAT	MMVF	fused	blk.23.attn_output.weight	attn_residual-23	bf16	f32	f32	2048	1024	1	1	2048	1	1	1	4096	4194304	4194304	8192	8192	8192	1	1	0	1	1
2	1788292025135237806	eager	1447	MUL_MAT	MMVF	fused	blk.23.ffn_down.weight	l_out-23	bf16	f32	f32	3584	1024	1	1	3584	1	1	1	7168	7340032	7340032	14336	14336	14336	1	1	0	1	1
2	1788292025135237806	eager	1447	MUL_MAT	MMVF	fused	blk.23.ffn_up.weight	ffn_swiglu-23	bf16	f32	f32	1024	3584	1	1	1024	1	1	1	2048	7340032	7340032	4096	4096	4096	1	1	0	1	1
2	1788292025135237806	eager	1447	MUL_MAT	MMVF	fused	blk.3.attn_output.weight	attn_residual-3	bf16	f32	f32	2048	1024	1	1	2048	1	1	1	4096	4194304	4194304	8192	8192	8192	1	1	0	1	1
2	1788292025135237806	eager	1447	MUL_MAT	MMVF	fused	blk.3.ffn_down.weight	l_out-3	bf16	f32	f32	3584	1024	1	1	3584	1	1	1	7168	7340032	7340032	14336	14336	14336	1	1	0	1	1
2	1788292025135237806	eager	1447	MUL_MAT	MMVF	fused	blk.3.ffn_up.weight	ffn_swiglu-3	bf16	f32	f32	1024	3584	1	1	1024	1	1	1	2048	7340032	7340032	4096	4096	4096	1	1	0	1	1
2	1788292025135237806	eager	1447	MUL_MAT	MMVF	fused	blk.4.ffn_down.weight	l_out-4	bf16	f32	f32	3584	1024	1	1	3584	1	1	1	7168	7340032	7340032	14336	14336	14336	1	1	0	1	1
2	1788292025135237806	eager	1447	MUL_MAT	MMVF	fused	blk.4.ffn_up.weight	ffn_swiglu-4	bf16	f32	f32	1024	3584	1	1	1024	1	1	1	2048	7340032	7340032	4096	4096	4096	1	1	0	1	1
2	1788292025135237806	eager	1447	MUL_MAT	MMVF	fused	blk.5.ffn_down.weight	l_out-5	bf16	f32	f32	3584	1024	1	1	3584	1	1	1	7168	7340032	7340032	14336	14336	14336	1	1	0	1	1
2	1788292025135237806	eager	1447	MUL_MAT	MMVF	fused	blk.5.ffn_up.weight	ffn_swiglu-5	bf16	f32	f32	1024	3584	1	1	1024	1	1	1	2048	7340032	7340032	4096	4096	4096	1	1	0	1	1
2	1788292025135237806	eager	1447	MUL_MAT	MMVF	fused	blk.6.ffn_down.weight	l_out-6	bf16	f32	f32	3584	1024	1	1	3584	1	1	1	7168	7340032	7340032	14336	14336	14336	1	1	0	1	1
2	1788292025135237806	eager	1447	MUL_MAT	MMVF	fused	blk.6.ffn_up.weight	ffn_swiglu-6	bf16	f32	f32	1024	3584	1	1	1024	1	1	1	2048	7340032	7340032	4096	4096	4096	1	1	0	1	1
2	1788292025135237806	eager	1447	MUL_MAT	MMVF	fused	blk.7.attn_output.weight	attn_residual-7	bf16	f32	f32	2048	1024	1	1	2048	1	1	1	4096	4194304	4194304	8192	8192	8192	1	1	0	1	1
2	1788292025135237806	eager	1447	MUL_MAT	MMVF	fused	blk.7.ffn_down.weight	l_out-7	bf16	f32	f32	3584	1024	1	1	3584	1	1	1	7168	7340032	7340032	14336	14336	14336	1	1	0	1	1
2	1788292025135237806	eager	1447	MUL_MAT	MMVF	fused	blk.7.ffn_up.weight	ffn_swiglu-7	bf16	f32	f32	1024	3584	1	1	1024	1	1	1	2048	7340032	7340032	4096	4096	4096	1	1	0	1	1
2	1788292025135237806	eager	1447	MUL_MAT	MMVF	fused	blk.8.ffn_down.weight	l_out-8	bf16	f32	f32	3584	1024	1	1	3584	1	1	1	7168	7340032	7340032	14336	14336	14336	1	1	0	1	1
2	1788292025135237806	eager	1447	MUL_MAT	MMVF	fused	blk.8.ffn_up.weight	ffn_swiglu-8	bf16	f32	f32	1024	3584	1	1	1024	1	1	1	2048	7340032	7340032	4096	4096	4096	1	1	0	1	1
2	1788292025135237806	eager	1447	MUL_MAT	MMVF	fused	blk.9.ffn_down.weight	l_out-9	bf16	f32	f32	3584	1024	1	1	3584	1	1	1	7168	7340032	7340032	14336	14336	14336	1	1	0	1	1
2	1788292025135237806	eager	1447	MUL_MAT	MMVF	fused	blk.9.ffn_up.weight	ffn_swiglu-9	bf16	f32	f32	1024	3584	1	1	1024	1	1	1	2048	7340032	7340032	4096	4096	4096	1	1	0	1	1
3	1788292025142678868	capture	1447	MUL_MAT	MMVF	-	blk.0.attn_gate.weight	z-0	bf16	f32	f32	1024	2048	1	1	1024	1	1	1	2048	4194304	4194304	4096	4096	4096	1	1	0	1	1
3	1788292025142678868	capture	1447	MUL_MAT	MMVF	-	blk.0.attn_qkv.weight	node_13	bf16	f32	f32	1024	6144	1	1	1024	1	1	1	2048	12582912	12582912	4096	4096	4096	1	1	0	1	1
3	1788292025142678868	capture	1447	MUL_MAT	MMVF	-	blk.0.ssm_alpha.weight	node_34	bf16	f32	f32	1024	16	1	1	1024	1	1	1	2048	32768	32768	4096	4096	4096	1	1	0	1	1
3	1788292025142678868	capture	1447	MUL_MAT	MMVF	-	blk.0.ssm_beta.weight	node_40	bf16	f32	f32	1024	16	1	1	1024	1	1	1	2048	32768	32768	4096	4096	4096	1	1	0	1	1
3	1788292025142678868	capture	1447	MUL_MAT	MMVF	-	blk.0.ssm_out.weight	linear_attn_out-0	bf16	f32	f32	2048	1024	1	1	2048	1	1	1	4096	4194304	4194304	8192	8192	8192	1	1	0	1	1
3	1788292025142678868	capture	1447	MUL_MAT	MMVF	-	blk.1.attn_gate.weight	z-1	bf16	f32	f32	1024	2048	1	1	1024	1	1	1	2048	4194304	4194304	4096	4096	4096	1	1	0	1	1
3	1788292025142678868	capture	1447	MUL_MAT	MMVF	-	blk.1.attn_qkv.weight	node_76	bf16	f32	f32	1024	6144	1	1	1024	1	1	1	2048	12582912	12582912	4096	4096	4096	1	1	0	1	1
3	1788292025142678868	capture	1447	MUL_MAT	MMVF	-	blk.1.ssm_alpha.weight	node_97	bf16	f32	f32	1024	16	1	1	1024	1	1	1	2048	32768	32768	4096	4096	4096	1	1	0	1	1
3	1788292025142678868	capture	1447	MUL_MAT	MMVF	-	blk.1.ssm_beta.weight	node_103	bf16	f32	f32	1024	16	1	1	1024	1	1	1	2048	32768	32768	4096	4096	4096	1	1	0	1	1
3	1788292025142678868	capture	1447	MUL_MAT	MMVF	-	blk.1.ssm_out.weight	linear_attn_out-1	bf16	f32	f32	2048	1024	1	1	2048	1	1	1	4096	4194304	4194304	8192	8192	8192	1	1	0	1	1
3	1788292025142678868	capture	1447	MUL_MAT	MMVF	-	blk.10.attn_gate.weight	z-10	bf16	f32	f32	1024	2048	1	1	1024	1	1	1	2048	4194304	4194304	4096	4096	4096	1	1	0	1	1
3	1788292025142678868	capture	1447	MUL_MAT	MMVF	-	blk.10.attn_qkv.weight	node_619	bf16	f32	f32	1024	6144	1	1	1024	1	1	1	2048	12582912	12582912	4096	4096	4096	1	1	0	1	1
3	1788292025142678868	capture	1447	MUL_MAT	MMVF	-	blk.10.ssm_alpha.weight	node_640	bf16	f32	f32	1024	16	1	1	1024	1	1	1	2048	32768	32768	4096	4096	4096	1	1	0	1	1
3	1788292025142678868	capture	1447	MUL_MAT	MMVF	-	blk.10.ssm_beta.weight	node_646	bf16	f32	f32	1024	16	1	1	1024	1	1	1	2048	32768	32768	4096	4096	4096	1	1	0	1	1
3	1788292025142678868	capture	1447	MUL_MAT	MMVF	-	blk.10.ssm_out.weight	linear_attn_out-10	bf16	f32	f32	2048	1024	1	1	2048	1	1	1	4096	4194304	4194304	8192	8192	8192	1	1	0	1	1
3	1788292025142678868	capture	1447	MUL_MAT	MMVF	-	blk.11.attn_k.weight	Kcur-11	bf16	f32	f32	1024	512	1	1	1024	1	1	1	2048	1048576	1048576	4096	4096	4096	1	1	0	1	1
3	1788292025142678868	capture	1447	MUL_MAT	MMVF	-	blk.11.attn_q.weight	Qcur_full-11	bf16	f32	f32	1024	4096	1	1	1024	1	1	1	2048	8388608	8388608	4096	4096	4096	1	1	0	1	1
3	1788292025142678868	capture	1447	MUL_MAT	MMVF	-	blk.11.attn_v.weight	Vcur-11	bf16	f32	f32	1024	512	1	1	1024	1	1	1	2048	1048576	1048576	4096	4096	4096	1	1	0	1	1
3	1788292025142678868	capture	1447	MUL_MAT	MMVF	-	blk.12.attn_gate.weight	z-12	bf16	f32	f32	1024	2048	1	1	1024	1	1	1	2048	4194304	4194304	4096	4096	4096	1	1	0	1	1
3	1788292025142678868	capture	1447	MUL_MAT	MMVF	-	blk.12.attn_qkv.weight	node_733	bf16	f32	f32	1024	6144	1	1	1024	1	1	1	2048	12582912	12582912	4096	4096	4096	1	1	0	1	1
3	1788292025142678868	capture	1447	MUL_MAT	MMVF	-	blk.12.ssm_alpha.weight	node_754	bf16	f32	f32	1024	16	1	1	1024	1	1	1	2048	32768	32768	4096	4096	4096	1	1	0	1	1
3	1788292025142678868	capture	1447	MUL_MAT	MMVF	-	blk.12.ssm_beta.weight	node_760	bf16	f32	f32	1024	16	1	1	1024	1	1	1	2048	32768	32768	4096	4096	4096	1	1	0	1	1
3	1788292025142678868	capture	1447	MUL_MAT	MMVF	-	blk.12.ssm_out.weight	linear_attn_out-12	bf16	f32	f32	2048	1024	1	1	2048	1	1	1	4096	4194304	4194304	8192	8192	8192	1	1	0	1	1
3	1788292025142678868	capture	1447	MUL_MAT	MMVF	-	blk.13.attn_gate.weight	z-13	bf16	f32	f32	1024	2048	1	1	1024	1	1	1	2048	4194304	4194304	4096	4096	4096	1	1	0	1	1
3	1788292025142678868	capture	1447	MUL_MAT	MMVF	-	blk.13.attn_qkv.weight	node_796	bf16	f32	f32	1024	6144	1	1	1024	1	1	1	2048	12582912	12582912	4096	4096	4096	1	1	0	1	1
3	1788292025142678868	capture	1447	MUL_MAT	MMVF	-	blk.13.ssm_alpha.weight	node_817	bf16	f32	f32	1024	16	1	1	1024	1	1	1	2048	32768	32768	4096	4096	4096	1	1	0	1	1
3	1788292025142678868	capture	1447	MUL_MAT	MMVF	-	blk.13.ssm_beta.weight	node_823	bf16	f32	f32	1024	16	1	1	1024	1	1	1	2048	32768	32768	4096	4096	4096	1	1	0	1	1
3	1788292025142678868	capture	1447	MUL_MAT	MMVF	-	blk.13.ssm_out.weight	linear_attn_out-13	bf16	f32	f32	2048	1024	1	1	2048	1	1	1	4096	4194304	4194304	8192	8192	8192	1	1	0	1	1
3	1788292025142678868	capture	1447	MUL_MAT	MMVF	-	blk.14.attn_gate.weight	z-14	bf16	f32	f32	1024	2048	1	1	1024	1	1	1	2048	4194304	4194304	4096	4096	4096	1	1	0	1	1
3	1788292025142678868	capture	1447	MUL_MAT	MMVF	-	blk.14.attn_qkv.weight	node_859	bf16	f32	f32	1024	6144	1	1	1024	1	1	1	2048	12582912	12582912	4096	4096	4096	1	1	0	1	1
3	1788292025142678868	capture	1447	MUL_MAT	MMVF	-	blk.14.ssm_alpha.weight	node_880	bf16	f32	f32	1024	16	1	1	1024	1	1	1	2048	32768	32768	4096	4096	4096	1	1	0	1	1
3	1788292025142678868	capture	1447	MUL_MAT	MMVF	-	blk.14.ssm_beta.weight	node_886	bf16	f32	f32	1024	16	1	1	1024	1	1	1	2048	32768	32768	4096	4096	4096	1	1	0	1	1
3	1788292025142678868	capture	1447	MUL_MAT	MMVF	-	blk.14.ssm_out.weight	linear_attn_out-14	bf16	f32	f32	2048	1024	1	1	2048	1	1	1	4096	4194304	4194304	8192	8192	8192	1	1	0	1	1
3	1788292025142678868	capture	1447	MUL_MAT	MMVF	-	blk.15.attn_k.weight	Kcur-15	bf16	f32	f32	1024	512	1	1	1024	1	1	1	2048	1048576	1048576	4096	4096	4096	1	1	0	1	1
3	1788292025142678868	capture	1447	MUL_MAT	MMVF	-	blk.15.attn_q.weight	Qcur_full-15	bf16	f32	f32	1024	4096	1	1	1024	1	1	1	2048	8388608	8388608	4096	4096	4096	1	1	0	1	1
3	1788292025142678868	capture	1447	MUL_MAT	MMVF	-	blk.15.attn_v.weight	Vcur-15	bf16	f32	f32	1024	512	1	1	1024	1	1	1	2048	1048576	1048576	4096	4096	4096	1	1	0	1	1
3	1788292025142678868	capture	1447	MUL_MAT	MMVF	-	blk.16.attn_gate.weight	z-16	bf16	f32	f32	1024	2048	1	1	1024	1	1	1	2048	4194304	4194304	4096	4096	4096	1	1	0	1	1
3	1788292025142678868	capture	1447	MUL_MAT	MMVF	-	blk.16.attn_qkv.weight	node_973	bf16	f32	f32	1024	6144	1	1	1024	1	1	1	2048	12582912	12582912	4096	4096	4096	1	1	0	1	1
3	1788292025142678868	capture	1447	MUL_MAT	MMVF	-	blk.16.ssm_alpha.weight	node_994	bf16	f32	f32	1024	16	1	1	1024	1	1	1	2048	32768	32768	4096	4096	4096	1	1	0	1	1
3	1788292025142678868	capture	1447	MUL_MAT	MMVF	-	blk.16.ssm_beta.weight	node_1000	bf16	f32	f32	1024	16	1	1	1024	1	1	1	2048	32768	32768	4096	4096	4096	1	1	0	1	1
3	1788292025142678868	capture	1447	MUL_MAT	MMVF	-	blk.16.ssm_out.weight	linear_attn_out-16	bf16	f32	f32	2048	1024	1	1	2048	1	1	1	4096	4194304	4194304	8192	8192	8192	1	1	0	1	1
3	1788292025142678868	capture	1447	MUL_MAT	MMVF	-	blk.17.attn_gate.weight	z-17	bf16	f32	f32	1024	2048	1	1	1024	1	1	1	2048	4194304	4194304	4096	4096	4096	1	1	0	1	1
3	1788292025142678868	capture	1447	MUL_MAT	MMVF	-	blk.17.attn_qkv.weight	node_1036	bf16	f32	f32	1024	6144	1	1	1024	1	1	1	2048	12582912	12582912	4096	4096	4096	1	1	0	1	1
3	1788292025142678868	capture	1447	MUL_MAT	MMVF	-	blk.17.ssm_alpha.weight	node_1057	bf16	f32	f32	1024	16	1	1	1024	1	1	1	2048	32768	32768	4096	4096	4096	1	1	0	1	1
3	1788292025142678868	capture	1447	MUL_MAT	MMVF	-	blk.17.ssm_beta.weight	node_1063	bf16	f32	f32	1024	16	1	1	1024	1	1	1	2048	32768	32768	4096	4096	4096	1	1	0	1	1
3	1788292025142678868	capture	1447	MUL_MAT	MMVF	-	blk.17.ssm_out.weight	linear_attn_out-17	bf16	f32	f32	2048	1024	1	1	2048	1	1	1	4096	4194304	4194304	8192	8192	8192	1	1	0	1	1
3	1788292025142678868	capture	1447	MUL_MAT	MMVF	-	blk.18.attn_gate.weight	z-18	bf16	f32	f32	1024	2048	1	1	1024	1	1	1	2048	4194304	4194304	4096	4096	4096	1	1	0	1	1
3	1788292025142678868	capture	1447	MUL_MAT	MMVF	-	blk.18.attn_qkv.weight	node_1099	bf16	f32	f32	1024	6144	1	1	1024	1	1	1	2048	12582912	12582912	4096	4096	4096	1	1	0	1	1
3	1788292025142678868	capture	1447	MUL_MAT	MMVF	-	blk.18.ssm_alpha.weight	node_1120	bf16	f32	f32	1024	16	1	1	1024	1	1	1	2048	32768	32768	4096	4096	4096	1	1	0	1	1
3	1788292025142678868	capture	1447	MUL_MAT	MMVF	-	blk.18.ssm_beta.weight	node_1126	bf16	f32	f32	1024	16	1	1	1024	1	1	1	2048	32768	32768	4096	4096	4096	1	1	0	1	1
3	1788292025142678868	capture	1447	MUL_MAT	MMVF	-	blk.18.ssm_out.weight	linear_attn_out-18	bf16	f32	f32	2048	1024	1	1	2048	1	1	1	4096	4194304	4194304	8192	8192	8192	1	1	0	1	1
3	1788292025142678868	capture	1447	MUL_MAT	MMVF	-	blk.19.attn_k.weight	Kcur-19	bf16	f32	f32	1024	512	1	1	1024	1	1	1	2048	1048576	1048576	4096	4096	4096	1	1	0	1	1
3	1788292025142678868	capture	1447	MUL_MAT	MMVF	-	blk.19.attn_q.weight	Qcur_full-19	bf16	f32	f32	1024	4096	1	1	1024	1	1	1	2048	8388608	8388608	4096	4096	4096	1	1	0	1	1
3	1788292025142678868	capture	1447	MUL_MAT	MMVF	-	blk.19.attn_v.weight	Vcur-19	bf16	f32	f32	1024	512	1	1	1024	1	1	1	2048	1048576	1048576	4096	4096	4096	1	1	0	1	1
3	1788292025142678868	capture	1447	MUL_MAT	MMVF	-	blk.2.attn_gate.weight	z-2	bf16	f32	f32	1024	2048	1	1	1024	1	1	1	2048	4194304	4194304	4096	4096	4096	1	1	0	1	1
3	1788292025142678868	capture	1447	MUL_MAT	MMVF	-	blk.2.attn_qkv.weight	node_139	bf16	f32	f32	1024	6144	1	1	1024	1	1	1	2048	12582912	12582912	4096	4096	4096	1	1	0	1	1
3	1788292025142678868	capture	1447	MUL_MAT	MMVF	-	blk.2.ssm_alpha.weight	node_160	bf16	f32	f32	1024	16	1	1	1024	1	1	1	2048	32768	32768	4096	4096	4096	1	1	0	1	1
3	1788292025142678868	capture	1447	MUL_MAT	MMVF	-	blk.2.ssm_beta.weight	node_166	bf16	f32	f32	1024	16	1	1	1024	1	1	1	2048	32768	32768	4096	4096	4096	1	1	0	1	1
3	1788292025142678868	capture	1447	MUL_MAT	MMVF	-	blk.2.ssm_out.weight	linear_attn_out-2	bf16	f32	f32	2048	1024	1	1	2048	1	1	1	4096	4194304	4194304	8192	8192	8192	1	1	0	1	1
3	1788292025142678868	capture	1447	MUL_MAT	MMVF	-	blk.20.attn_gate.weight	z-20	bf16	f32	f32	1024	2048	1	1	1024	1	1	1	2048	4194304	4194304	4096	4096	4096	1	1	0	1	1
3	1788292025142678868	capture	1447	MUL_MAT	MMVF	-	blk.20.attn_qkv.weight	node_1213	bf16	f32	f32	1024	6144	1	1	1024	1	1	1	2048	12582912	12582912	4096	4096	4096	1	1	0	1	1
3	1788292025142678868	capture	1447	MUL_MAT	MMVF	-	blk.20.ssm_alpha.weight	node_1234	bf16	f32	f32	1024	16	1	1	1024	1	1	1	2048	32768	32768	4096	4096	4096	1	1	0	1	1
3	1788292025142678868	capture	1447	MUL_MAT	MMVF	-	blk.20.ssm_beta.weight	node_1240	bf16	f32	f32	1024	16	1	1	1024	1	1	1	2048	32768	32768	4096	4096	4096	1	1	0	1	1
3	1788292025142678868	capture	1447	MUL_MAT	MMVF	-	blk.20.ssm_out.weight	linear_attn_out-20	bf16	f32	f32	2048	1024	1	1	2048	1	1	1	4096	4194304	4194304	8192	8192	8192	1	1	0	1	1
3	1788292025142678868	capture	1447	MUL_MAT	MMVF	-	blk.21.attn_gate.weight	z-21	bf16	f32	f32	1024	2048	1	1	1024	1	1	1	2048	4194304	4194304	4096	4096	4096	1	1	0	1	1
3	1788292025142678868	capture	1447	MUL_MAT	MMVF	-	blk.21.attn_qkv.weight	node_1276	bf16	f32	f32	1024	6144	1	1	1024	1	1	1	2048	12582912	12582912	4096	4096	4096	1	1	0	1	1
3	1788292025142678868	capture	1447	MUL_MAT	MMVF	-	blk.21.ssm_alpha.weight	node_1297	bf16	f32	f32	1024	16	1	1	1024	1	1	1	2048	32768	32768	4096	4096	4096	1	1	0	1	1
3	1788292025142678868	capture	1447	MUL_MAT	MMVF	-	blk.21.ssm_beta.weight	node_1303	bf16	f32	f32	1024	16	1	1	1024	1	1	1	2048	32768	32768	4096	4096	4096	1	1	0	1	1
3	1788292025142678868	capture	1447	MUL_MAT	MMVF	-	blk.21.ssm_out.weight	linear_attn_out-21	bf16	f32	f32	2048	1024	1	1	2048	1	1	1	4096	4194304	4194304	8192	8192	8192	1	1	0	1	1
3	1788292025142678868	capture	1447	MUL_MAT	MMVF	-	blk.22.attn_gate.weight	z-22	bf16	f32	f32	1024	2048	1	1	1024	1	1	1	2048	4194304	4194304	4096	4096	4096	1	1	0	1	1
3	1788292025142678868	capture	1447	MUL_MAT	MMVF	-	blk.22.attn_qkv.weight	node_1339	bf16	f32	f32	1024	6144	1	1	1024	1	1	1	2048	12582912	12582912	4096	4096	4096	1	1	0	1	1
3	1788292025142678868	capture	1447	MUL_MAT	MMVF	-	blk.22.ssm_alpha.weight	node_1360	bf16	f32	f32	1024	16	1	1	1024	1	1	1	2048	32768	32768	4096	4096	4096	1	1	0	1	1
3	1788292025142678868	capture	1447	MUL_MAT	MMVF	-	blk.22.ssm_beta.weight	node_1366	bf16	f32	f32	1024	16	1	1	1024	1	1	1	2048	32768	32768	4096	4096	4096	1	1	0	1	1
3	1788292025142678868	capture	1447	MUL_MAT	MMVF	-	blk.22.ssm_out.weight	linear_attn_out-22	bf16	f32	f32	2048	1024	1	1	2048	1	1	1	4096	4194304	4194304	8192	8192	8192	1	1	0	1	1
3	1788292025142678868	capture	1447	MUL_MAT	MMVF	-	blk.23.attn_k.weight	Kcur-23	bf16	f32	f32	1024	512	1	1	1024	1	1	1	2048	1048576	1048576	4096	4096	4096	1	1	0	1	1
3	1788292025142678868	capture	1447	MUL_MAT	MMVF	-	blk.23.attn_q.weight	Qcur_full-23	bf16	f32	f32	1024	4096	1	1	1024	1	1	1	2048	8388608	8388608	4096	4096	4096	1	1	0	1	1
3	1788292025142678868	capture	1447	MUL_MAT	MMVF	-	blk.23.attn_v.weight	Vcur-23	bf16	f32	f32	1024	512	1	1	1024	1	1	1	2048	1048576	1048576	4096	4096	4096	1	1	0	1	1
3	1788292025142678868	capture	1447	MUL_MAT	MMVF	-	blk.3.attn_k.weight	Kcur-3	bf16	f32	f32	1024	512	1	1	1024	1	1	1	2048	1048576	1048576	4096	4096	4096	1	1	0	1	1
3	1788292025142678868	capture	1447	MUL_MAT	MMVF	-	blk.3.attn_q.weight	Qcur_full-3	bf16	f32	f32	1024	4096	1	1	1024	1	1	1	2048	8388608	8388608	4096	4096	4096	1	1	0	1	1
3	1788292025142678868	capture	1447	MUL_MAT	MMVF	-	blk.3.attn_v.weight	Vcur-3	bf16	f32	f32	1024	512	1	1	1024	1	1	1	2048	1048576	1048576	4096	4096	4096	1	1	0	1	1
3	1788292025142678868	capture	1447	MUL_MAT	MMVF	-	blk.4.attn_gate.weight	z-4	bf16	f32	f32	1024	2048	1	1	1024	1	1	1	2048	4194304	4194304	4096	4096	4096	1	1	0	1	1
3	1788292025142678868	capture	1447	MUL_MAT	MMVF	-	blk.4.attn_qkv.weight	node_253	bf16	f32	f32	1024	6144	1	1	1024	1	1	1	2048	12582912	12582912	4096	4096	4096	1	1	0	1	1
3	1788292025142678868	capture	1447	MUL_MAT	MMVF	-	blk.4.ssm_alpha.weight	node_274	bf16	f32	f32	1024	16	1	1	1024	1	1	1	2048	32768	32768	4096	4096	4096	1	1	0	1	1
3	1788292025142678868	capture	1447	MUL_MAT	MMVF	-	blk.4.ssm_beta.weight	node_280	bf16	f32	f32	1024	16	1	1	1024	1	1	1	2048	32768	32768	4096	4096	4096	1	1	0	1	1
3	1788292025142678868	capture	1447	MUL_MAT	MMVF	-	blk.4.ssm_out.weight	linear_attn_out-4	bf16	f32	f32	2048	1024	1	1	2048	1	1	1	4096	4194304	4194304	8192	8192	8192	1	1	0	1	1
3	1788292025142678868	capture	1447	MUL_MAT	MMVF	-	blk.5.attn_gate.weight	z-5	bf16	f32	f32	1024	2048	1	1	1024	1	1	1	2048	4194304	4194304	4096	4096	4096	1	1	0	1	1
3	1788292025142678868	capture	1447	MUL_MAT	MMVF	-	blk.5.attn_qkv.weight	node_316	bf16	f32	f32	1024	6144	1	1	1024	1	1	1	2048	12582912	12582912	4096	4096	4096	1	1	0	1	1
3	1788292025142678868	capture	1447	MUL_MAT	MMVF	-	blk.5.ssm_alpha.weight	node_337	bf16	f32	f32	1024	16	1	1	1024	1	1	1	2048	32768	32768	4096	4096	4096	1	1	0	1	1
3	1788292025142678868	capture	1447	MUL_MAT	MMVF	-	blk.5.ssm_beta.weight	node_343	bf16	f32	f32	1024	16	1	1	1024	1	1	1	2048	32768	32768	4096	4096	4096	1	1	0	1	1
3	1788292025142678868	capture	1447	MUL_MAT	MMVF	-	blk.5.ssm_out.weight	linear_attn_out-5	bf16	f32	f32	2048	1024	1	1	2048	1	1	1	4096	4194304	4194304	8192	8192	8192	1	1	0	1	1
3	1788292025142678868	capture	1447	MUL_MAT	MMVF	-	blk.6.attn_gate.weight	z-6	bf16	f32	f32	1024	2048	1	1	1024	1	1	1	2048	4194304	4194304	4096	4096	4096	1	1	0	1	1
3	1788292025142678868	capture	1447	MUL_MAT	MMVF	-	blk.6.attn_qkv.weight	node_379	bf16	f32	f32	1024	6144	1	1	1024	1	1	1	2048	12582912	12582912	4096	4096	4096	1	1	0	1	1
3	1788292025142678868	capture	1447	MUL_MAT	MMVF	-	blk.6.ssm_alpha.weight	node_400	bf16	f32	f32	1024	16	1	1	1024	1	1	1	2048	32768	32768	4096	4096	4096	1	1	0	1	1
3	1788292025142678868	capture	1447	MUL_MAT	MMVF	-	blk.6.ssm_beta.weight	node_406	bf16	f32	f32	1024	16	1	1	1024	1	1	1	2048	32768	32768	4096	4096	4096	1	1	0	1	1
3	1788292025142678868	capture	1447	MUL_MAT	MMVF	-	blk.6.ssm_out.weight	linear_attn_out-6	bf16	f32	f32	2048	1024	1	1	2048	1	1	1	4096	4194304	4194304	8192	8192	8192	1	1	0	1	1
3	1788292025142678868	capture	1447	MUL_MAT	MMVF	-	blk.7.attn_k.weight	Kcur-7	bf16	f32	f32	1024	512	1	1	1024	1	1	1	2048	1048576	1048576	4096	4096	4096	1	1	0	1	1
3	1788292025142678868	capture	1447	MUL_MAT	MMVF	-	blk.7.attn_q.weight	Qcur_full-7	bf16	f32	f32	1024	4096	1	1	1024	1	1	1	2048	8388608	8388608	4096	4096	4096	1	1	0	1	1
3	1788292025142678868	capture	1447	MUL_MAT	MMVF	-	blk.7.attn_v.weight	Vcur-7	bf16	f32	f32	1024	512	1	1	1024	1	1	1	2048	1048576	1048576	4096	4096	4096	1	1	0	1	1
3	1788292025142678868	capture	1447	MUL_MAT	MMVF	-	blk.8.attn_gate.weight	z-8	bf16	f32	f32	1024	2048	1	1	1024	1	1	1	2048	4194304	4194304	4096	4096	4096	1	1	0	1	1
3	1788292025142678868	capture	1447	MUL_MAT	MMVF	-	blk.8.attn_qkv.weight	node_493	bf16	f32	f32	1024	6144	1	1	1024	1	1	1	2048	12582912	12582912	4096	4096	4096	1	1	0	1	1
3	1788292025142678868	capture	1447	MUL_MAT	MMVF	-	blk.8.ssm_alpha.weight	node_514	bf16	f32	f32	1024	16	1	1	1024	1	1	1	2048	32768	32768	4096	4096	4096	1	1	0	1	1
3	1788292025142678868	capture	1447	MUL_MAT	MMVF	-	blk.8.ssm_beta.weight	node_520	bf16	f32	f32	1024	16	1	1	1024	1	1	1	2048	32768	32768	4096	4096	4096	1	1	0	1	1
3	1788292025142678868	capture	1447	MUL_MAT	MMVF	-	blk.8.ssm_out.weight	linear_attn_out-8	bf16	f32	f32	2048	1024	1	1	2048	1	1	1	4096	4194304	4194304	8192	8192	8192	1	1	0	1	1
3	1788292025142678868	capture	1447	MUL_MAT	MMVF	-	blk.9.attn_gate.weight	z-9	bf16	f32	f32	1024	2048	1	1	1024	1	1	1	2048	4194304	4194304	4096	4096	4096	1	1	0	1	1
3	1788292025142678868	capture	1447	MUL_MAT	MMVF	-	blk.9.attn_qkv.weight	node_556	bf16	f32	f32	1024	6144	1	1	1024	1	1	1	2048	12582912	12582912	4096	4096	4096	1	1	0	1	1
3	1788292025142678868	capture	1447	MUL_MAT	MMVF	-	blk.9.ssm_alpha.weight	node_577	bf16	f32	f32	1024	16	1	1	1024	1	1	1	2048	32768	32768	4096	4096	4096	1	1	0	1	1
3	1788292025142678868	capture	1447	MUL_MAT	MMVF	-	blk.9.ssm_beta.weight	node_583	bf16	f32	f32	1024	16	1	1	1024	1	1	1	2048	32768	32768	4096	4096	4096	1	1	0	1	1
3	1788292025142678868	capture	1447	MUL_MAT	MMVF	-	blk.9.ssm_out.weight	linear_attn_out-9	bf16	f32	f32	2048	1024	1	1	2048	1	1	1	4096	4194304	4194304	8192	8192	8192	1	1	0	1	1
3	1788292025142678868	capture	1447	MUL_MAT	MMVF	-	token_embd.weight	result_output	bf16	f32	f32	1024	248320	1	1	1024	1	1	1	2048	508559360	508559360	4096	4096	4096	1	1	0	1	1
3	1788292025142678868	capture	1447	MUL_MAT	MMVF	fused	blk.0.ffn_down.weight	l_out-0	bf16	f32	f32	3584	1024	1	1	3584	1	1	1	7168	7340032	7340032	14336	14336	14336	1	1	0	1	1
3	1788292025142678868	capture	1447	MUL_MAT	MMVF	fused	blk.0.ffn_up.weight	ffn_swiglu-0	bf16	f32	f32	1024	3584	1	1	1024	1	1	1	2048	7340032	7340032	4096	4096	4096	1	1	0	1	1
3	1788292025142678868	capture	1447	MUL_MAT	MMVF	fused	blk.1.ffn_down.weight	l_out-1	bf16	f32	f32	3584	1024	1	1	3584	1	1	1	7168	7340032	7340032	14336	14336	14336	1	1	0	1	1
3	1788292025142678868	capture	1447	MUL_MAT	MMVF	fused	blk.1.ffn_up.weight	ffn_swiglu-1	bf16	f32	f32	1024	3584	1	1	1024	1	1	1	2048	7340032	7340032	4096	4096	4096	1	1	0	1	1
3	1788292025142678868	capture	1447	MUL_MAT	MMVF	fused	blk.10.ffn_down.weight	l_out-10	bf16	f32	f32	3584	1024	1	1	3584	1	1	1	7168	7340032	7340032	14336	14336	14336	1	1	0	1	1
3	1788292025142678868	capture	1447	MUL_MAT	MMVF	fused	blk.10.ffn_up.weight	ffn_swiglu-10	bf16	f32	f32	1024	3584	1	1	1024	1	1	1	2048	7340032	7340032	4096	4096	4096	1	1	0	1	1
3	1788292025142678868	capture	1447	MUL_MAT	MMVF	fused	blk.11.attn_output.weight	attn_residual-11	bf16	f32	f32	2048	1024	1	1	2048	1	1	1	4096	4194304	4194304	8192	8192	8192	1	1	0	1	1
3	1788292025142678868	capture	1447	MUL_MAT	MMVF	fused	blk.11.ffn_down.weight	l_out-11	bf16	f32	f32	3584	1024	1	1	3584	1	1	1	7168	7340032	7340032	14336	14336	14336	1	1	0	1	1
3	1788292025142678868	capture	1447	MUL_MAT	MMVF	fused	blk.11.ffn_up.weight	ffn_swiglu-11	bf16	f32	f32	1024	3584	1	1	1024	1	1	1	2048	7340032	7340032	4096	4096	4096	1	1	0	1	1
3	1788292025142678868	capture	1447	MUL_MAT	MMVF	fused	blk.12.ffn_down.weight	l_out-12	bf16	f32	f32	3584	1024	1	1	3584	1	1	1	7168	7340032	7340032	14336	14336	14336	1	1	0	1	1
3	1788292025142678868	capture	1447	MUL_MAT	MMVF	fused	blk.12.ffn_up.weight	ffn_swiglu-12	bf16	f32	f32	1024	3584	1	1	1024	1	1	1	2048	7340032	7340032	4096	4096	4096	1	1	0	1	1
3	1788292025142678868	capture	1447	MUL_MAT	MMVF	fused	blk.13.ffn_down.weight	l_out-13	bf16	f32	f32	3584	1024	1	1	3584	1	1	1	7168	7340032	7340032	14336	14336	14336	1	1	0	1	1
3	1788292025142678868	capture	1447	MUL_MAT	MMVF	fused	blk.13.ffn_up.weight	ffn_swiglu-13	bf16	f32	f32	1024	3584	1	1	1024	1	1	1	2048	7340032	7340032	4096	4096	4096	1	1	0	1	1
3	1788292025142678868	capture	1447	MUL_MAT	MMVF	fused	blk.14.ffn_down.weight	l_out-14	bf16	f32	f32	3584	1024	1	1	3584	1	1	1	7168	7340032	7340032	14336	14336	14336	1	1	0	1	1
3	1788292025142678868	capture	1447	MUL_MAT	MMVF	fused	blk.14.ffn_up.weight	ffn_swiglu-14	bf16	f32	f32	1024	3584	1	1	1024	1	1	1	2048	7340032	7340032	4096	4096	4096	1	1	0	1	1
3	1788292025142678868	capture	1447	MUL_MAT	MMVF	fused	blk.15.attn_output.weight	attn_residual-15	bf16	f32	f32	2048	1024	1	1	2048	1	1	1	4096	4194304	4194304	8192	8192	8192	1	1	0	1	1
3	1788292025142678868	capture	1447	MUL_MAT	MMVF	fused	blk.15.ffn_down.weight	l_out-15	bf16	f32	f32	3584	1024	1	1	3584	1	1	1	7168	7340032	7340032	14336	14336	14336	1	1	0	1	1
3	1788292025142678868	capture	1447	MUL_MAT	MMVF	fused	blk.15.ffn_up.weight	ffn_swiglu-15	bf16	f32	f32	1024	3584	1	1	1024	1	1	1	2048	7340032	7340032	4096	4096	4096	1	1	0	1	1
3	1788292025142678868	capture	1447	MUL_MAT	MMVF	fused	blk.16.ffn_down.weight	l_out-16	bf16	f32	f32	3584	1024	1	1	3584	1	1	1	7168	7340032	7340032	14336	14336	14336	1	1	0	1	1
3	1788292025142678868	capture	1447	MUL_MAT	MMVF	fused	blk.16.ffn_up.weight	ffn_swiglu-16	bf16	f32	f32	1024	3584	1	1	1024	1	1	1	2048	7340032	7340032	4096	4096	4096	1	1	0	1	1
3	1788292025142678868	capture	1447	MUL_MAT	MMVF	fused	blk.17.ffn_down.weight	l_out-17	bf16	f32	f32	3584	1024	1	1	3584	1	1	1	7168	7340032	7340032	14336	14336	14336	1	1	0	1	1
3	1788292025142678868	capture	1447	MUL_MAT	MMVF	fused	blk.17.ffn_up.weight	ffn_swiglu-17	bf16	f32	f32	1024	3584	1	1	1024	1	1	1	2048	7340032	7340032	4096	4096	4096	1	1	0	1	1
3	1788292025142678868	capture	1447	MUL_MAT	MMVF	fused	blk.18.ffn_down.weight	l_out-18	bf16	f32	f32	3584	1024	1	1	3584	1	1	1	7168	7340032	7340032	14336	14336	14336	1	1	0	1	1
3	1788292025142678868	capture	1447	MUL_MAT	MMVF	fused	blk.18.ffn_up.weight	ffn_swiglu-18	bf16	f32	f32	1024	3584	1	1	1024	1	1	1	2048	7340032	7340032	4096	4096	4096	1	1	0	1	1
3	1788292025142678868	capture	1447	MUL_MAT	MMVF	fused	blk.19.attn_output.weight	attn_residual-19	bf16	f32	f32	2048	1024	1	1	2048	1	1	1	4096	4194304	4194304	8192	8192	8192	1	1	0	1	1
3	1788292025142678868	capture	1447	MUL_MAT	MMVF	fused	blk.19.ffn_down.weight	l_out-19	bf16	f32	f32	3584	1024	1	1	3584	1	1	1	7168	7340032	7340032	14336	14336	14336	1	1	0	1	1
3	1788292025142678868	capture	1447	MUL_MAT	MMVF	fused	blk.19.ffn_up.weight	ffn_swiglu-19	bf16	f32	f32	1024	3584	1	1	1024	1	1	1	2048	7340032	7340032	4096	4096	4096	1	1	0	1	1
3	1788292025142678868	capture	1447	MUL_MAT	MMVF	fused	blk.2.ffn_down.weight	l_out-2	bf16	f32	f32	3584	1024	1	1	3584	1	1	1	7168	7340032	7340032	14336	14336	14336	1	1	0	1	1
3	1788292025142678868	capture	1447	MUL_MAT	MMVF	fused	blk.2.ffn_up.weight	ffn_swiglu-2	bf16	f32	f32	1024	3584	1	1	1024	1	1	1	2048	7340032	7340032	4096	4096	4096	1	1	0	1	1
3	1788292025142678868	capture	1447	MUL_MAT	MMVF	fused	blk.20.ffn_down.weight	l_out-20	bf16	f32	f32	3584	1024	1	1	3584	1	1	1	7168	7340032	7340032	14336	14336	14336	1	1	0	1	1
3	1788292025142678868	capture	1447	MUL_MAT	MMVF	fused	blk.20.ffn_up.weight	ffn_swiglu-20	bf16	f32	f32	1024	3584	1	1	1024	1	1	1	2048	7340032	7340032	4096	4096	4096	1	1	0	1	1
3	1788292025142678868	capture	1447	MUL_MAT	MMVF	fused	blk.21.ffn_down.weight	l_out-21	bf16	f32	f32	3584	1024	1	1	3584	1	1	1	7168	7340032	7340032	14336	14336	14336	1	1	0	1	1
3	1788292025142678868	capture	1447	MUL_MAT	MMVF	fused	blk.21.ffn_up.weight	ffn_swiglu-21	bf16	f32	f32	1024	3584	1	1	1024	1	1	1	2048	7340032	7340032	4096	4096	4096	1	1	0	1	1
3	1788292025142678868	capture	1447	MUL_MAT	MMVF	fused	blk.22.ffn_down.weight	l_out-22	bf16	f32	f32	3584	1024	1	1	3584	1	1	1	7168	7340032	7340032	14336	14336	14336	1	1	0	1	1
3	1788292025142678868	capture	1447	MUL_MAT	MMVF	fused	blk.22.ffn_up.weight	ffn_swiglu-22	bf16	f32	f32	1024	3584	1	1	1024	1	1	1	2048	7340032	7340032	4096	4096	4096	1	1	0	1	1
3	1788292025142678868	capture	1447	MUL_MAT	MMVF	fused	blk.23.attn_output.weight	attn_residual-23	bf16	f32	f32	2048	1024	1	1	2048	1	1	1	4096	4194304	4194304	8192	8192	8192	1	1	0	1	1
3	1788292025142678868	capture	1447	MUL_MAT	MMVF	fused	blk.23.ffn_down.weight	l_out-23	bf16	f32	f32	3584	1024	1	1	3584	1	1	1	7168	7340032	7340032	14336	14336	14336	1	1	0	1	1
3	1788292025142678868	capture	1447	MUL_MAT	MMVF	fused	blk.23.ffn_up.weight	ffn_swiglu-23	bf16	f32	f32	1024	3584	1	1	1024	1	1	1	2048	7340032	7340032	4096	4096	4096	1	1	0	1	1
3	1788292025142678868	capture	1447	MUL_MAT	MMVF	fused	blk.3.attn_output.weight	attn_residual-3	bf16	f32	f32	2048	1024	1	1	2048	1	1	1	4096	4194304	4194304	8192	8192	8192	1	1	0	1	1
3	1788292025142678868	capture	1447	MUL_MAT	MMVF	fused	blk.3.ffn_down.weight	l_out-3	bf16	f32	f32	3584	1024	1	1	3584	1	1	1	7168	7340032	7340032	14336	14336	14336	1	1	0	1	1
3	1788292025142678868	capture	1447	MUL_MAT	MMVF	fused	blk.3.ffn_up.weight	ffn_swiglu-3	bf16	f32	f32	1024	3584	1	1	1024	1	1	1	2048	7340032	7340032	4096	4096	4096	1	1	0	1	1
3	1788292025142678868	capture	1447	MUL_MAT	MMVF	fused	blk.4.ffn_down.weight	l_out-4	bf16	f32	f32	3584	1024	1	1	3584	1	1	1	7168	7340032	7340032	14336	14336	14336	1	1	0	1	1
3	1788292025142678868	capture	1447	MUL_MAT	MMVF	fused	blk.4.ffn_up.weight	ffn_swiglu-4	bf16	f32	f32	1024	3584	1	1	1024	1	1	1	2048	7340032	7340032	4096	4096	4096	1	1	0	1	1
3	1788292025142678868	capture	1447	MUL_MAT	MMVF	fused	blk.5.ffn_down.weight	l_out-5	bf16	f32	f32	3584	1024	1	1	3584	1	1	1	7168	7340032	7340032	14336	14336	14336	1	1	0	1	1
3	1788292025142678868	capture	1447	MUL_MAT	MMVF	fused	blk.5.ffn_up.weight	ffn_swiglu-5	bf16	f32	f32	1024	3584	1	1	1024	1	1	1	2048	7340032	7340032	4096	4096	4096	1	1	0	1	1
3	1788292025142678868	capture	1447	MUL_MAT	MMVF	fused	blk.6.ffn_down.weight	l_out-6	bf16	f32	f32	3584	1024	1	1	3584	1	1	1	7168	7340032	7340032	14336	14336	14336	1	1	0	1	1
3	1788292025142678868	capture	1447	MUL_MAT	MMVF	fused	blk.6.ffn_up.weight	ffn_swiglu-6	bf16	f32	f32	1024	3584	1	1	1024	1	1	1	2048	7340032	7340032	4096	4096	4096	1	1	0	1	1
3	1788292025142678868	capture	1447	MUL_MAT	MMVF	fused	blk.7.attn_output.weight	attn_residual-7	bf16	f32	f32	2048	1024	1	1	2048	1	1	1	4096	4194304	4194304	8192	8192	8192	1	1	0	1	1
3	1788292025142678868	capture	1447	MUL_MAT	MMVF	fused	blk.7.ffn_down.weight	l_out-7	bf16	f32	f32	3584	1024	1	1	3584	1	1	1	7168	7340032	7340032	14336	14336	14336	1	1	0	1	1
3	1788292025142678868	capture	1447	MUL_MAT	MMVF	fused	blk.7.ffn_up.weight	ffn_swiglu-7	bf16	f32	f32	1024	3584	1	1	1024	1	1	1	2048	7340032	7340032	4096	4096	4096	1	1	0	1	1
3	1788292025142678868	capture	1447	MUL_MAT	MMVF	fused	blk.8.ffn_down.weight	l_out-8	bf16	f32	f32	3584	1024	1	1	3584	1	1	1	7168	7340032	7340032	14336	14336	14336	1	1	0	1	1
3	1788292025142678868	capture	1447	MUL_MAT	MMVF	fused	blk.8.ffn_up.weight	ffn_swiglu-8	bf16	f32	f32	1024	3584	1	1	1024	1	1	1	2048	7340032	7340032	4096	4096	4096	1	1	0	1	1
3	1788292025142678868	capture	1447	MUL_MAT	MMVF	fused	blk.9.ffn_down.weight	l_out-9	bf16	f32	f32	3584	1024	1	1	3584	1	1	1	7168	7340032	7340032	14336	14336	14336	1	1	0	1	1
3	1788292025142678868	capture	1447	MUL_MAT	MMVF	fused	blk.9.ffn_up.weight	ffn_swiglu-9	bf16	f32	f32	1024	3584	1	1	1024	1	1	1	2048	7340032	7340032	4096	4096	4096	1	1	0	1	1
4	1788292025151195881	replay	1447	-	graph_replay	-	-	-	-	-	-	-	-	-	-	-	-	-	-	-	-	-	-	-	-	-	-	-	-	1
5	1788292025156712828	replay	1447	-	graph_replay	-	-	-	-	-	-	-	-	-	-	-	-	-	-	-	-	-	-	-	-	-	-	-	-	1
6	1788292025161674381	replay	1447	-	graph_replay	-	-	-	-	-	-	-	-	-	-	-	-	-	-	-	-	-	-	-	-	-	-	-	-	1
7	1788292025167192720	replay	1447	-	graph_replay	-	-	-	-	-	-	-	-	-	-	-	-	-	-	-	-	-	-	-	-	-	-	-	-	1
8	1788292025172255894	replay	1447	-	graph_replay	-	-	-	-	-	-	-	-	-	-	-	-	-	-	-	-	-	-	-	-	-	-	-	-	1
9	1788292025177621456	replay	1447	-	graph_replay	-	-	-	-	-	-	-	-	-	-	-	-	-	-	-	-	-	-	-	-	-	-	-	-	1
10	1788292025182533355	replay	1447	-	graph_replay	-	-	-	-	-	-	-	-	-	-	-	-	-	-	-	-	-	-	-	-	-	-	-	-	1
11	1788292025189204110	replay	1447	-	graph_replay	-	-	-	-	-	-	-	-	-	-	-	-	-	-	-	-	-	-	-	-	-	-	-	-	1
12	1788292025194419730	replay	1447	-	graph_replay	-	-	-	-	-	-	-	-	-	-	-	-	-	-	-	-	-	-	-	-	-	-	-	-	1
13	1788292025199154136	replay	1447	-	graph_replay	-	-	-	-	-	-	-	-	-	-	-	-	-	-	-	-	-	-	-	-	-	-	-	-	1
14	1788292025204438896	replay	1447	-	graph_replay	-	-	-	-	-	-	-	-	-	-	-	-	-	-	-	-	-	-	-	-	-	-	-	-	1
15	1788292025209784621	replay	1447	-	graph_replay	-	-	-	-	-	-	-	-	-	-	-	-	-	-	-	-	-	-	-	-	-	-	-	-	1
16	1788292025214774507	replay	1447	-	graph_replay	-	-	-	-	-	-	-	-	-	-	-	-	-	-	-	-	-	-	-	-	-	-	-	-	1
17	1788292025219724548	replay	1447	-	graph_replay	-	-	-	-	-	-	-	-	-	-	-	-	-	-	-	-	-	-	-	-	-	-	-	-	1
18	1788292025224817839	replay	1447	-	graph_replay	-	-	-	-	-	-	-	-	-	-	-	-	-	-	-	-	-	-	-	-	-	-	-	-	1
19	1788292025229570479	replay	1447	-	graph_replay	-	-	-	-	-	-	-	-	-	-	-	-	-	-	-	-	-	-	-	-	-	-	-	-	1
20	1788292025235068530	replay	1447	-	graph_replay	-	-	-	-	-	-	-	-	-	-	-	-	-	-	-	-	-	-	-	-	-	-	-	-	1
21	1788292025240265916	replay	1447	-	graph_replay	-	-	-	-	-	-	-	-	-	-	-	-	-	-	-	-	-	-	-	-	-	-	-	-	1
22	1788292025245460136	replay	1447	-	graph_replay	-	-	-	-	-	-	-	-	-	-	-	-	-	-	-	-	-	-	-	-	-	-	-	-	1
23	1788292025250629800	replay	1447	-	graph_replay	-	-	-	-	-	-	-	-	-	-	-	-	-	-	-	-	-	-	-	-	-	-	-	-	1
24	1788292025255779146	replay	1447	-	graph_replay	-	-	-	-	-	-	-	-	-	-	-	-	-	-	-	-	-	-	-	-	-	-	-	-	1
25	1788292025261112277	replay	1447	-	graph_replay	-	-	-	-	-	-	-	-	-	-	-	-	-	-	-	-	-	-	-	-	-	-	-	-	1
26	1788292025266623132	replay	1447	-	graph_replay	-	-	-	-	-	-	-	-	-	-	-	-	-	-	-	-	-	-	-	-	-	-	-	-	1
27	1788292025272748351	replay	1447	-	graph_replay	-	-	-	-	-	-	-	-	-	-	-	-	-	-	-	-	-	-	-	-	-	-	-	-	1
28	1788292025278145032	replay	1447	-	graph_replay	-	-	-	-	-	-	-	-	-	-	-	-	-	-	-	-	-	-	-	-	-	-	-	-	1
29	1788292025283663631	replay	1447	-	graph_replay	-	-	-	-	-	-	-	-	-	-	-	-	-	-	-	-	-	-	-	-	-	-	-	-	1
30	1788292025288949163	replay	1447	-	graph_replay	-	-	-	-	-	-	-	-	-	-	-	-	-	-	-	-	-	-	-	-	-	-	-	-	1
31	1788292025294307902	replay	1447	-	graph_replay	-	-	-	-	-	-	-	-	-	-	-	-	-	-	-	-	-	-	-	-	-	-	-	-	1
32	1788292025299860025	replay	1447	-	graph_replay	-	-	-	-	-	-	-	-	-	-	-	-	-	-	-	-	-	-	-	-	-	-	-	-	1
33	1788292025305857775	replay	1447	-	graph_replay	-	-	-	-	-	-	-	-	-	-	-	-	-	-	-	-	-	-	-	-	-	-	-	-	1
34	1788292025311406681	replay	1447	-	graph_replay	-	-	-	-	-	-	-	-	-	-	-	-	-	-	-	-	-	-	-	-	-	-	-	-	1
35	1788292025317161234	replay	1447	-	graph_replay	-	-	-	-	-	-	-	-	-	-	-	-	-	-	-	-	-	-	-	-	-	-	-	-	1
36	1788292025323079254	replay	1447	-	graph_replay	-	-	-	-	-	-	-	-	-	-	-	-	-	-	-	-	-	-	-	-	-	-	-	-	1
37	1788292025329974120	replay	1447	-	graph_replay	-	-	-	-	-	-	-	-	-	-	-	-	-	-	-	-	-	-	-	-	-	-	-	-	1
38	1788292025335725587	replay	1447	-	graph_replay	-	-	-	-	-	-	-	-	-	-	-	-	-	-	-	-	-	-	-	-	-	-	-	-	1
39	1788292025341611527	replay	1447	-	graph_replay	-	-	-	-	-	-	-	-	-	-	-	-	-	-	-	-	-	-	-	-	-	-	-	-	1
40	1788292025346703315	replay	1447	-	graph_replay	-	-	-	-	-	-	-	-	-	-	-	-	-	-	-	-	-	-	-	-	-	-	-	-	1
41	1788292025352392715	replay	1447	-	graph_replay	-	-	-	-	-	-	-	-	-	-	-	-	-	-	-	-	-	-	-	-	-	-	-	-	1
42	1788292025357563441	replay	1447	-	graph_replay	-	-	-	-	-	-	-	-	-	-	-	-	-	-	-	-	-	-	-	-	-	-	-	-	1
43	1788292025363004535	replay	1447	-	graph_replay	-	-	-	-	-	-	-	-	-	-	-	-	-	-	-	-	-	-	-	-	-	-	-	-	1
44	1788292025367901727	replay	1447	-	graph_replay	-	-	-	-	-	-	-	-	-	-	-	-	-	-	-	-	-	-	-	-	-	-	-	-	1
45	1788292025373625222	replay	1447	-	graph_replay	-	-	-	-	-	-	-	-	-	-	-	-	-	-	-	-	-	-	-	-	-	-	-	-	1
46	1788292025379139243	replay	1447	-	graph_replay	-	-	-	-	-	-	-	-	-	-	-	-	-	-	-	-	-	-	-	-	-	-	-	-	1
47	1788292025384548988	replay	1447	-	graph_replay	-	-	-	-	-	-	-	-	-	-	-	-	-	-	-	-	-	-	-	-	-	-	-	-	1
48	1788292025391157435	replay	1447	-	graph_replay	-	-	-	-	-	-	-	-	-	-	-	-	-	-	-	-	-	-	-	-	-	-	-	-	1
49	1788292025397278166	replay	1447	-	graph_replay	-	-	-	-	-	-	-	-	-	-	-	-	-	-	-	-	-	-	-	-	-	-	-	-	1
50	1788292025402357831	replay	1447	-	graph_replay	-	-	-	-	-	-	-	-	-	-	-	-	-	-	-	-	-	-	-	-	-	-	-	-	1
51	1788292025407513809	replay	1447	-	graph_replay	-	-	-	-	-	-	-	-	-	-	-	-	-	-	-	-	-	-	-	-	-	-	-	-	1
52	1788292025413010698	replay	1447	-	graph_replay	-	-	-	-	-	-	-	-	-	-	-	-	-	-	-	-	-	-	-	-	-	-	-	-	1
53	1788292025418654994	replay	1447	-	graph_replay	-	-	-	-	-	-	-	-	-	-	-	-	-	-	-	-	-	-	-	-	-	-	-	-	1
54	1788292025424803968	replay	1447	-	graph_replay	-	-	-	-	-	-	-	-	-	-	-	-	-	-	-	-	-	-	-	-	-	-	-	-	1
55	1788292025430063751	replay	1447	-	graph_replay	-	-	-	-	-	-	-	-	-	-	-	-	-	-	-	-	-	-	-	-	-	-	-	-	1
56	1788292025435150619	replay	1447	-	graph_replay	-	-	-	-	-	-	-	-	-	-	-	-	-	-	-	-	-	-	-	-	-	-	-	-	1
57	1788292025440436171	replay	1447	-	graph_replay	-	-	-	-	-	-	-	-	-	-	-	-	-	-	-	-	-	-	-	-	-	-	-	-	1
58	1788292025445283960	replay	1447	-	graph_replay	-	-	-	-	-	-	-	-	-	-	-	-	-	-	-	-	-	-	-	-	-	-	-	-	1
59	1788292025450159301	replay	1447	-	graph_replay	-	-	-	-	-	-	-	-	-	-	-	-	-	-	-	-	-	-	-	-	-	-	-	-	1
60	1788292025455525614	replay	1447	-	graph_replay	-	-	-	-	-	-	-	-	-	-	-	-	-	-	-	-	-	-	-	-	-	-	-	-	1
61	1788292025460917536	replay	1447	-	graph_replay	-	-	-	-	-	-	-	-	-	-	-	-	-	-	-	-	-	-	-	-	-	-	-	-	1
62	1788292025467207365	replay	1447	-	graph_replay	-	-	-	-	-	-	-	-	-	-	-	-	-	-	-	-	-	-	-	-	-	-	-	-	1
63	1788292025472295335	replay	1447	-	graph_replay	-	-	-	-	-	-	-	-	-	-	-	-	-	-	-	-	-	-	-	-	-	-	-	-	1
64	1788292025477418922	replay	1447	-	graph_replay	-	-	-	-	-	-	-	-	-	-	-	-	-	-	-	-	-	-	-	-	-	-	-	-	1
