timestamp	memory_used_mib	memory_reserved_mib	utilization_gpu_pct	utilization_memory_pct	sm_clock_mhz	power_draw_w
2026/08/31 09:23:26.923	3493	402	50	5	2835	60.77
2026/08/31 09:23:27.026	3493	402	51	5	2835	62.04
2026/08/31 09:23:27.126	3493	402	51	5	2835	62.04
2026/08/31 09:23:27.226	3493	402	51	5	2835	62.04
2026/08/31 09:23:27.326	3493	402	51	5	2835	62.04
2026/08/31 09:23:27.426	3493	402	51	5	2835	62.04
2026/08/31 09:23:27.526	3493	402	52	5	2835	60.91
2026/08/31 09:23:27.626	3493	402	52	5	2835	60.91
2026/08/31 09:23:27.727	3493	402	52	5	2835	60.91
2026/08/31 09:23:27.827	3493	402	52	5	2835	60.91
2026/08/31 09:23:27.927	3493	402	52	5	2835	60.91
2026/08/31 09:23:28.027	3493	402	51	5	2835	57.02
2026/08/31 09:23:28.127	3493	402	51	5	2835	57.02
2026/08/31 09:23:28.227	3493	402	51	5	2835	57.02
2026/08/31 09:23:28.327	3493	402	51	5	2835	57.02
2026/08/31 09:23:28.427	3493	402	51	5	2835	57.02
2026/08/31 09:23:28.527	3493	402	50	5	2835	56.45
2026/08/31 09:23:28.628	3493	402	50	5	2835	56.45
2026/08/31 09:23:28.728	3493	402	50	5	2835	56.45
2026/08/31 09:23:28.828	3493	402	50	5	2835	56.45
2026/08/31 09:23:28.928	3047	402	50	5	2835	56.45
2026/08/31 09:23:29.028	1228	402	68	10	2835	56.78
2026/08/31 09:23:29.139	1242	402	68	10	2835	56.78
2026/08/31 09:23:29.239	1427	402	68	10	2835	56.78
2026/08/31 09:23:29.339	1427	402	68	10	2835	56.78
2026/08/31 09:23:29.439	1427	402	68	10	2835	56.78
2026/08/31 09:23:29.539	1427	402	53	5	2835	58.16
2026/08/31 09:23:29.640	1427	402	53	5	2835	58.16
2026/08/31 09:23:29.740	1427	402	53	5	2835	58.16
2026/08/31 09:23:29.840	1427	402	53	5	2835	58.16
2026/08/31 09:23:29.940	1427	402	53	5	2835	58.16
2026/08/31 09:23:30.040	1427	402	52	5	2835	58.04
2026/08/31 09:23:30.140	1427	402	52	5	2835	58.04
2026/08/31 09:23:30.240	1427	402	52	5	2835	58.04
2026/08/31 09:23:30.340	1427	402	52	5	2835	58.04
2026/08/31 09:23:30.441	1427	402	52	5	2835	58.04
2026/08/31 09:23:30.541	1427	402	53	5	2835	56.52
2026/08/31 09:23:30.641	1427	402	53	5	2835	56.52
2026/08/31 09:23:30.741	1427	402	53	5	2835	56.52
2026/08/31 09:23:30.841	1427	402	53	5	2835	56.52
2026/08/31 09:23:30.941	1427	402	53	5	2835	56.52
2026/08/31 09:23:31.041	1427	402	52	5	2835	56.35
2026/08/31 09:23:31.142	1427	402	52	5	2835	56.35
2026/08/31 09:23:31.242	1427	402	52	5	2835	56.35
2026/08/31 09:23:31.342	1427	402	52	5	2835	56.35
2026/08/31 09:23:31.442	1427	402	52	5	2835	56.35
2026/08/31 09:23:31.542	1427	402	50	5	2835	56.43
2026/08/31 09:23:31.642	1427	402	50	5	2835	56.43
2026/08/31 09:23:31.742	1427	402	50	5	2835	56.43
2026/08/31 09:23:31.842	1427	402	50	5	2835	56.43
2026/08/31 09:23:31.943	1427	402	50	5	2835	56.43
2026/08/31 09:23:32.043	1427	402	51	5	2835	56.37
2026/08/31 09:23:32.143	1427	402	51	5	2835	56.37
2026/08/31 09:23:32.243	1427	402	51	5	2835	56.37
2026/08/31 09:23:32.343	1427	402	51	5	2835	56.37
2026/08/31 09:23:32.443	1427	402	51	5	2835	56.37
2026/08/31 09:23:32.543	1427	402	50	5	2835	56.59
2026/08/31 09:23:32.643	1427	402	50	5	2835	56.59
2026/08/31 09:23:32.743	1427	402	50	5	2835	56.59
2026/08/31 09:23:32.844	1427	402	50	5	2835	56.59
2026/08/31 09:23:32.944	1427	402	50	5	2835	56.59
2026/08/31 09:23:33.044	1427	402	51	5	2835	56.51
2026/08/31 09:23:33.144	1427	402	51	5	2835	56.51
2026/08/31 09:23:33.244	1427	402	51	5	2835	56.51
2026/08/31 09:23:33.344	1427	402	51	5	2835	56.51
2026/08/31 09:23:33.444	1427	402	51	5	2835	56.51
2026/08/31 09:23:33.544	1427	402	50	5	2835	56.56
2026/08/31 09:23:33.644	1427	402	50	5	2835	56.56
2026/08/31 09:23:33.745	1427	402	50	5	2835	56.56
2026/08/31 09:23:33.845	1427	402	50	5	2835	56.56
2026/08/31 09:23:33.945	1427	402	50	5	2835	56.56
2026/08/31 09:23:34.045	1427	402	53	5	2835	56.39
2026/08/31 09:23:34.145	1427	402	53	5	2835	56.39
2026/08/31 09:23:34.245	1427	402	53	5	2835	56.39
2026/08/31 09:23:34.345	1427	402	53	5	2835	56.39
2026/08/31 09:23:34.445	1427	402	53	5	2835	56.39
2026/08/31 09:23:34.546	1427	402	51	5	2835	56.46
2026/08/31 09:23:34.646	1427	402	51	5	2835	56.46
2026/08/31 09:23:34.746	1427	402	51	5	2835	56.46
2026/08/31 09:23:34.846	1427	402	51	5	2835	56.46
2026/08/31 09:23:34.946	1427	402	51	5	2835	56.46
2026/08/31 09:23:35.046	1427	402	52	5	2835	56.36
2026/08/31 09:23:35.146	1427	402	52	5	2835	56.36
2026/08/31 09:23:35.246	1427	402	52	5	2835	56.36
2026/08/31 09:23:35.346	1427	402	52	5	2835	56.36
2026/08/31 09:23:35.447	1427	402	52	5	2835	56.36
2026/08/31 09:23:35.547	1427	402	52	5	2835	56.49
2026/08/31 09:23:35.647	1427	402	52	5	2835	56.49
2026/08/31 09:23:35.747	1427	402	52	5	2835	56.49
2026/08/31 09:23:35.847	1427	402	52	5	2835	56.49
2026/08/31 09:23:35.947	1427	402	52	5	2835	56.49
2026/08/31 09:23:36.047	1427	402	50	5	2835	56.33
2026/08/31 09:23:36.147	1427	402	50	5	2835	56.33
2026/08/31 09:23:36.247	1427	402	50	5	2835	56.33
2026/08/31 09:23:36.348	1427	402	50	5	2835	56.33
2026/08/31 09:23:36.448	1427	402	50	5	2835	56.33
2026/08/31 09:23:36.548	1427	402	52	5	2835	56.33
2026/08/31 09:23:36.648	1427	402	52	5	2835	56.33
2026/08/31 09:23:36.748	1427	402	52	5	2835	56.33
2026/08/31 09:23:36.848	1427	402	52	5	2835	56.33
2026/08/31 09:23:36.948	1427	402	52	5	2835	56.33
2026/08/31 09:23:37.048	1427	402	52	5	2835	56.14
2026/08/31 09:23:37.149	1427	402	52	5	2835	56.14
2026/08/31 09:23:37.249	1427	402	52	5	2835	56.14
2026/08/31 09:23:37.349	1427	402	52	5	2835	56.14
2026/08/31 09:23:37.449	1427	402	52	5	2835	56.14
2026/08/31 09:23:37.549	1427	402	51	5	2835	56.20
2026/08/31 09:23:37.649	1427	402	51	5	2835	56.20
2026/08/31 09:23:37.749	1427	402	51	5	2835	56.20
2026/08/31 09:23:37.849	1427	402	51	5	2835	56.20
2026/08/31 09:23:37.949	1427	402	51	5	2835	56.20
2026/08/31 09:23:38.049	1427	402	51	5	2835	55.98
2026/08/31 09:23:38.150	1427	402	51	5	2835	55.98
2026/08/31 09:23:38.250	1427	402	51	5	2835	55.98
2026/08/31 09:23:38.350	1427	402	51	5	2835	55.98
2026/08/31 09:23:38.450	1427	402	51	5	2835	55.98
2026/08/31 09:23:38.550	1427	402	52	5	2835	55.81
2026/08/31 09:23:38.650	1427	402	52	5	2835	55.81
2026/08/31 09:23:38.750	1427	402	52	5	2835	55.81
2026/08/31 09:23:38.850	1427	402	52	5	2835	55.81
2026/08/31 09:23:38.950	1427	402	52	5	2835	55.81
2026/08/31 09:23:39.050	1427	402	50	5	2835	55.80
2026/08/31 09:23:39.151	1427	402	50	5	2835	55.80
2026/08/31 09:23:39.251	1427	402	50	5	2835	55.80
2026/08/31 09:23:39.351	1427	402	50	5	2835	55.80
2026/08/31 09:23:39.451	1427	402	50	5	2835	55.80
2026/08/31 09:23:39.551	1427	402	51	5	2835	55.84
2026/08/31 09:23:39.651	1427	402	51	5	2835	55.84
2026/08/31 09:23:39.751	1427	402	51	5	2835	55.84
2026/08/31 09:23:39.851	1427	402	51	5	2835	55.84
2026/08/31 09:23:39.951	1427	402	51	5	2835	55.84
2026/08/31 09:23:40.052	1427	402	52	5	2835	55.83
2026/08/31 09:23:40.152	1427	402	52	5	2835	55.83
2026/08/31 09:23:40.252	1427	402	52	5	2835	55.83
2026/08/31 09:23:40.352	1427	402	52	5	2835	55.83
2026/08/31 09:23:40.452	1427	402	52	5	2835	55.83
2026/08/31 09:23:40.552	1427	402	53	5	2835	55.88
2026/08/31 09:23:40.652	1427	402	53	5	2835	55.88
2026/08/31 09:23:40.752	1427	402	53	5	2835	55.88
2026/08/31 09:23:40.852	1427	402	53	5	2835	55.88
2026/08/31 09:23:40.953	1427	402	53	5	2835	55.88
2026/08/31 09:23:41.053	1427	402	53	5	2835	55.94
2026/08/31 09:23:41.153	1427	402	53	5	2835	55.94
2026/08/31 09:23:41.253	1427	402	53	5	2835	55.94
2026/08/31 09:23:41.353	1427	402	53	5	2835	55.94
2026/08/31 09:23:41.453	1427	402	53	5	2835	55.94
2026/08/31 09:23:41.553	1427	402	53	5	2835	56.06
2026/08/31 09:23:41.653	1427	402	53	5	2835	56.06
2026/08/31 09:23:41.754	1427	402	53	5	2835	56.06
2026/08/31 09:23:41.854	1427	402	53	5	2835	56.06
2026/08/31 09:23:41.954	1427	402	53	5	2835	56.06
2026/08/31 09:23:42.054	1427	402	51	5	2835	55.80
2026/08/31 09:23:42.154	1427	402	51	5	2835	55.80
2026/08/31 09:23:42.254	1427	402	51	5	2835	55.80
2026/08/31 09:23:42.354	1427	402	51	5	2835	55.80
2026/08/31 09:23:42.454	1427	402	51	5	2835	55.80
2026/08/31 09:23:42.555	1427	402	52	5	2835	55.75
2026/08/31 09:23:42.655	1427	402	52	5	2835	55.75
2026/08/31 09:23:42.755	1427	402	52	5	2835	55.75
2026/08/31 09:23:42.855	1427	402	52	5	2835	55.75
2026/08/31 09:23:42.955	1427	402	52	5	2835	55.75
2026/08/31 09:23:43.055	1427	402	50	5	2835	55.82
2026/08/31 09:23:43.156	1427	402	50	5	2835	55.82
2026/08/31 09:23:43.256	1427	402	50	5	2835	55.82
2026/08/31 09:23:43.356	1427	402	50	5	2835	55.82
2026/08/31 09:23:43.456	1427	402	50	5	2835	55.82
2026/08/31 09:23:43.556	1427	402	51	5	2835	55.79
2026/08/31 09:23:43.656	1427	402	51	5	2835	55.79
2026/08/31 09:23:43.756	1427	402	51	5	2835	55.79
2026/08/31 09:23:43.856	1427	402	51	5	2835	55.79
2026/08/31 09:23:43.956	1427	402	51	5	2835	55.79
2026/08/31 09:23:44.056	1427	402	51	5	2835	55.56
2026/08/31 09:23:44.156	1427	402	51	5	2835	55.56
2026/08/31 09:23:44.257	1427	402	51	5	2835	55.56
2026/08/31 09:23:44.357	1427	402	51	5	2835	55.56
2026/08/31 09:23:44.457	1427	402	51	5	2835	55.56
2026/08/31 09:23:44.557	1427	402	53	5	2835	55.53
2026/08/31 09:23:44.657	1427	402	53	5	2835	55.53
2026/08/31 09:23:44.757	1427	402	53	5	2835	55.53
2026/08/31 09:23:44.857	1427	402	53	5	2835	55.53
2026/08/31 09:23:44.957	1427	402	53	5	2835	55.53
2026/08/31 09:23:45.057	1427	402	52	5	2835	55.55
2026/08/31 09:23:45.157	1427	402	52	5	2835	55.55
2026/08/31 09:23:45.258	1427	402	52	5	2835	55.55
2026/08/31 09:23:45.358	1427	402	52	5	2835	55.55
2026/08/31 09:23:45.458	1427	402	52	5	2835	55.55
2026/08/31 09:23:45.558	1427	402	53	5	2835	55.66
2026/08/31 09:23:45.658	1427	402	53	5	2835	55.66
2026/08/31 09:23:45.758	1427	402	53	5	2835	55.66
2026/08/31 09:23:45.859	1427	402	53	5	2835	55.66
2026/08/31 09:23:45.959	1427	402	53	5	2835	55.66
2026/08/31 09:23:46.059	1427	402	49	5	2835	55.74
2026/08/31 09:23:46.159	1427	402	49	5	2835	55.74
2026/08/31 09:23:46.259	1427	402	49	5	2835	55.74
2026/08/31 09:23:46.359	1427	402	49	5	2835	55.74
2026/08/31 09:23:46.459	1427	402	49	5	2835	55.74
2026/08/31 09:23:46.559	1427	402	50	5	2835	55.71
2026/08/31 09:23:46.659	1427	402	50	5	2835	55.71
2026/08/31 09:23:46.759	1427	402	50	5	2835	55.71
2026/08/31 09:23:46.860	1427	402	50	5	2835	55.71
2026/08/31 09:23:46.960	1427	402	50	5	2835	55.71
2026/08/31 09:23:47.060	1427	402	50	5	2835	55.67
2026/08/31 09:23:47.160	1427	402	50	5	2835	55.67
2026/08/31 09:23:47.260	1427	402	50	5	2835	55.67
2026/08/31 09:23:47.360	1427	402	50	5	2835	55.67
2026/08/31 09:23:47.460	1427	402	50	5	2835	55.67
2026/08/31 09:23:47.560	1427	402	52	5	2835	55.57
2026/08/31 09:23:47.660	1427	402	52	5	2835	55.57
2026/08/31 09:23:47.761	1427	402	52	5	2835	55.57
2026/08/31 09:23:47.861	1427	402	52	5	2835	55.57
2026/08/31 09:23:47.961	1427	402	52	5	2835	55.57
2026/08/31 09:23:48.061	1427	402	50	4	2835	55.58
2026/08/31 09:23:48.161	1427	402	50	4	2835	55.58
2026/08/31 09:23:48.261	1427	402	50	4	2835	55.58
2026/08/31 09:23:48.361	1427	402	50	4	2835	55.58
2026/08/31 09:23:48.461	1427	402	50	4	2835	55.58
2026/08/31 09:23:48.562	1427	402	54	5	2835	55.81
2026/08/31 09:23:48.662	1427	402	54	5	2835	55.81
2026/08/31 09:23:48.762	1427	402	54	5	2835	55.81
2026/08/31 09:23:48.862	1427	402	54	5	2835	55.81
2026/08/31 09:23:48.962	1427	402	54	5	2835	55.81
2026/08/31 09:23:49.062	1427	402	52	5	2835	55.86
2026/08/31 09:23:49.162	1427	402	52	5	2835	55.86
2026/08/31 09:23:49.262	1427	402	52	5	2835	55.86
2026/08/31 09:23:49.362	1427	402	52	5	2835	55.86
2026/08/31 09:23:49.462	1427	402	52	5	2835	55.86
2026/08/31 09:23:49.563	1427	402	53	5	2835	55.72
2026/08/31 09:23:49.663	1427	402	53	5	2835	55.72
2026/08/31 09:23:49.763	1427	402	53	5	2835	55.72
2026/08/31 09:23:49.863	1427	402	53	5	2835	55.72
2026/08/31 09:23:49.963	1427	402	53	5	2835	55.72
2026/08/31 09:23:50.063	1427	402	50	5	2835	55.74
2026/08/31 09:23:50.163	1427	402	50	5	2835	55.74
2026/08/31 09:23:50.263	1427	402	50	5	2835	55.74
2026/08/31 09:23:50.363	1427	402	50	5	2835	55.74
2026/08/31 09:23:50.464	1427	402	50	5	2835	55.74
2026/08/31 09:23:50.564	1427	402	52	5	2835	55.83
2026/08/31 09:23:50.664	1427	402	52	5	2835	55.83
2026/08/31 09:23:50.764	1427	402	52	5	2835	55.83
2026/08/31 09:23:50.864	1427	402	52	5	2835	55.83
2026/08/31 09:23:50.964	1427	402	52	5	2835	55.83
2026/08/31 09:23:51.064	1427	402	51	5	2835	55.80
2026/08/31 09:23:51.164	1427	402	51	5	2835	55.80
2026/08/31 09:23:51.264	1427	402	51	5	2835	55.80
2026/08/31 09:23:51.365	1427	402	51	5	2835	55.80
2026/08/31 09:23:51.465	1427	402	51	5	2835	55.80
2026/08/31 09:23:51.565	1427	402	53	5	2835	55.85
2026/08/31 09:23:51.665	1427	402	53	5	2835	55.85
2026/08/31 09:23:51.765	1427	402	53	5	2835	55.85
2026/08/31 09:23:51.865	1427	402	53	5	2835	55.85
2026/08/31 09:23:51.965	1427	402	53	5	2835	55.85
2026/08/31 09:23:52.065	1427	402	52	5	2835	55.94
2026/08/31 09:23:52.165	1427	402	52	5	2835	55.94
2026/08/31 09:23:52.266	1427	402	52	5	2835	55.94
2026/08/31 09:23:52.366	1427	402	52	5	2835	55.94
2026/08/31 09:23:52.466	1427	402	52	5	2835	55.94
2026/08/31 09:23:52.566	1427	402	52	5	2835	55.87
2026/08/31 09:23:52.666	1427	402	52	5	2835	55.87
2026/08/31 09:23:52.766	1427	402	52	5	2835	55.87
2026/08/31 09:23:52.866	1427	402	52	5	2835	55.87
2026/08/31 09:23:52.966	1427	402	52	5	2835	55.87
2026/08/31 09:23:53.066	1427	402	50	5	2835	55.91
2026/08/31 09:23:53.167	1427	402	50	5	2835	55.91
2026/08/31 09:23:53.267	1427	402	50	5	2835	55.91
2026/08/31 09:23:53.367	1427	402	50	5	2835	55.91
2026/08/31 09:23:53.467	1427	402	50	5	2835	55.91
2026/08/31 09:23:53.567	1427	402	53	6	2835	56.15
2026/08/31 09:23:53.667	1427	402	53	6	2835	56.15
2026/08/31 09:23:53.767	1427	402	53	6	2835	56.15
2026/08/31 09:23:53.867	1427	402	53	6	2835	56.15
2026/08/31 09:23:53.967	1427	402	53	6	2835	56.15
2026/08/31 09:23:54.067	1427	402	51	5	2835	56.24
2026/08/31 09:23:54.168	1427	402	51	5	2835	56.24
2026/08/31 09:23:54.268	1427	402	51	5	2835	56.24
2026/08/31 09:23:54.368	1427	402	51	5	2835	56.24
2026/08/31 09:23:54.468	1427	402	51	5	2835	56.24
2026/08/31 09:23:54.568	1427	402	53	5	2835	56.33
2026/08/31 09:23:54.668	1427	402	53	5	2835	56.33
2026/08/31 09:23:54.768	1427	402	53	5	2835	56.33
2026/08/31 09:23:54.868	1427	402	53	5	2835	56.33
2026/08/31 09:23:54.969	1427	402	53	5	2835	56.33
2026/08/31 09:23:55.069	1427	402	50	5	2835	56.28
2026/08/31 09:23:55.169	1427	402	50	5	2835	56.28
2026/08/31 09:23:55.269	1427	402	50	5	2835	56.28
2026/08/31 09:23:55.369	1427	402	50	5	2835	56.28
2026/08/31 09:23:55.469	1427	402	50	5	2835	56.28
2026/08/31 09:23:55.569	1427	402	52	5	2835	56.41
2026/08/31 09:23:55.670	1427	402	52	5	2835	56.41
2026/08/31 09:23:55.770	1427	402	52	5	2835	56.41
2026/08/31 09:23:55.870	1427	402	52	5	2835	56.41
2026/08/31 09:23:55.970	1427	402	52	5	2835	56.41
2026/08/31 09:23:56.070	1427	402	52	5	2835	56.24
2026/08/31 09:23:56.170	1427	402	52	5	2835	56.24
2026/08/31 09:23:56.270	1427	402	52	5	2835	56.24
2026/08/31 09:23:56.370	1427	402	52	5	2835	56.24
2026/08/31 09:23:56.471	1427	402	52	5	2835	56.24
2026/08/31 09:23:56.571	1427	402	54	5	2835	56.44
2026/08/31 09:23:56.671	1427	402	54	5	2835	56.44
2026/08/31 09:23:56.771	6929	402	54	5	2835	56.44
2026/08/31 09:23:56.871	6929	402	54	5	2835	56.44
2026/08/31 09:23:56.971	6929	402	54	5	2835	56.44
2026/08/31 09:23:57.071	6929	402	72	6	2835	56.84
2026/08/31 09:23:57.172	6929	402	72	6	2835	56.84
2026/08/31 09:23:57.272	6929	402	72	6	2835	56.84
2026/08/31 09:23:57.372	6929	402	72	6	2835	56.84
2026/08/31 09:23:57.472	6929	402	72	6	2835	56.84
2026/08/31 09:23:57.572	6929	402	74	7	2835	57.98
2026/08/31 09:23:57.673	6929	402	74	7	2835	57.98
2026/08/31 09:23:57.773	6929	402	74	7	2835	57.98
2026/08/31 09:23:57.873	7377	402	74	7	2835	57.98
2026/08/31 09:23:57.973	7569	402	74	7	2835	57.98
2026/08/31 09:23:58.073	7579	402	74	37	2835	62.46
2026/08/31 09:23:58.174	7579	402	74	37	2835	62.46
2026/08/31 09:23:58.274	7579	402	74	37	2835	62.46
2026/08/31 09:23:58.374	7579	402	74	37	2835	62.46
2026/08/31 09:23:58.474	7579	402	74	37	2835	62.46
2026/08/31 09:23:58.574	7579	402	52	5	2835	67.71
2026/08/31 09:23:58.674	7579	402	52	5	2835	67.71
2026/08/31 09:23:58.774	7579	402	52	5	2835	67.71
2026/08/31 09:23:58.874	7579	402	52	5	2835	67.71
2026/08/31 09:23:58.975	7579	402	52	5	2835	67.71
2026/08/31 09:23:59.075	7579	402	51	5	2835	66.63
2026/08/31 09:23:59.175	7579	402	51	5	2835	66.63
2026/08/31 09:23:59.275	7579	402	51	5	2835	66.63
2026/08/31 09:23:59.375	7579	402	51	5	2835	66.63
2026/08/31 09:23:59.475	7579	402	51	5	2835	66.63
2026/08/31 09:23:59.575	7579	402	51	5	2835	56.51
2026/08/31 09:23:59.675	7579	402	51	5	2835	56.51
2026/08/31 09:23:59.775	7579	402	51	5	2835	56.51
2026/08/31 09:23:59.876	7579	402	51	5	2835	56.51
2026/08/31 09:23:59.976	7579	402	51	5	2835	56.51
2026/08/31 09:24:00.076	7579	402	50	5	2835	56.41
2026/08/31 09:24:00.176	7579	402	50	5	2835	56.41
2026/08/31 09:24:00.276	7579	402	50	5	2835	56.41
2026/08/31 09:24:00.376	7579	402	50	5	2835	56.41
2026/08/31 09:24:00.476	7579	402	50	5	2835	56.41
2026/08/31 09:24:00.576	7579	402	51	5	2835	56.59
2026/08/31 09:24:00.676	7579	402	51	5	2835	56.59
2026/08/31 09:24:00.777	7579	402	51	5	2835	56.59
2026/08/31 09:24:00.877	7579	402	51	5	2835	56.59
2026/08/31 09:24:00.977	7579	402	51	5	2835	56.59
2026/08/31 09:24:01.077	7579	402	50	5	2835	56.48
2026/08/31 09:24:01.177	1455	402	50	5	2835	56.48
2026/08/31 09:24:01.278	1228	402	50	5	2835	56.48
2026/08/31 09:24:01.378	1198	402	50	5	2835	56.48
2026/08/31 09:24:01.479	1198	402	50	5	2835	56.48
2026/08/31 09:24:01.579	1198	402	52	5	2835	58.50
2026/08/31 09:24:01.679	1198	402	52	5	2835	58.50
2026/08/31 09:24:01.779	1198	402	52	5	2835	58.50
2026/08/31 09:24:01.879	1198	402	52	5	2835	58.50
2026/08/31 09:24:01.979	1198	402	52	5	2835	58.50
2026/08/31 09:24:02.079	1198	402	49	4	2835	58.39
2026/08/31 09:24:02.179	1198	402	49	4	2835	58.39
2026/08/31 09:24:02.279	1198	402	49	4	2835	58.39
2026/08/31 09:24:02.380	1198	402	49	4	2835	58.39
2026/08/31 09:24:02.480	1198	402	49	4	2835	58.39
2026/08/31 09:24:02.580	1198	402	49	5	2835	56.48
2026/08/31 09:24:02.680	1198	402	49	5	2835	56.48
2026/08/31 09:24:02.780	1198	402	49	5	2835	56.48
2026/08/31 09:24:02.880	1198	402	49	5	2835	56.48
2026/08/31 09:24:02.980	1198	402	49	5	2835	56.48
2026/08/31 09:24:03.080	1198	402	49	4	2835	56.32
2026/08/31 09:24:03.181	1198	402	49	4	2835	56.32
2026/08/31 09:24:03.281	1198	402	49	4	2835	56.32
2026/08/31 09:24:03.381	1198	402	49	4	2835	56.32
2026/08/31 09:24:03.481	1198	402	49	4	2835	56.32
2026/08/31 09:24:03.581	1198	402	51	5	2835	56.48
2026/08/31 09:24:03.681	1198	402	51	5	2835	56.48
2026/08/31 09:24:03.781	1198	402	51	5	2835	56.48
2026/08/31 09:24:03.881	1198	402	51	5	2835	56.48
2026/08/31 09:24:03.981	1198	402	51	5	2835	56.42
2026/08/31 09:24:04.081	1198	402	50	4	2835	56.42
2026/08/31 09:24:04.182	1198	402	50	4	2835	56.42
2026/08/31 09:24:04.282	1198	402	50	4	2835	56.42
2026/08/31 09:24:04.382	1198	402	50	4	2835	56.42
2026/08/31 09:24:04.482	1198	402	49	5	2835	56.59
2026/08/31 09:24:04.582	1198	402	49	5	2835	56.59
2026/08/31 09:24:04.682	1198	402	49	5	2835	56.59
2026/08/31 09:24:04.782	1198	402	49	5	2835	56.59
2026/08/31 09:24:04.882	1198	402	49	5	2835	56.59
2026/08/31 09:24:04.982	1198	402	48	4	2835	56.56
2026/08/31 09:24:05.083	1198	402	48	4	2835	56.56
2026/08/31 09:24:05.183	1198	402	48	4	2835	56.56
2026/08/31 09:24:05.283	1198	402	48	4	2835	56.56
2026/08/31 09:24:05.383	1198	402	48	4	2835	56.56
2026/08/31 09:24:05.483	1198	402	51	5	2835	56.68
2026/08/31 09:24:05.583	1198	402	51	5	2835	56.68
2026/08/31 09:24:05.683	1198	402	51	5	2835	56.68
2026/08/31 09:24:05.783	1198	402	51	5	2835	56.68
2026/08/31 09:24:05.883	1198	402	51	5	2835	56.68
2026/08/31 09:24:05.983	1198	402	50	5	2835	56.59
2026/08/31 09:24:06.084	1198	402	50	5	2835	56.59
2026/08/31 09:24:06.184	1198	402	50	5	2835	56.59
2026/08/31 09:24:06.284	1198	402	50	5	2835	56.59
2026/08/31 09:24:06.384	1198	402	50	5	2835	56.59
2026/08/31 09:24:06.484	1198	402	50	5	2835	56.55
2026/08/31 09:24:06.584	1198	402	50	5	2835	56.55
2026/08/31 09:24:06.684	1198	402	50	5	2835	56.55
2026/08/31 09:24:06.784	1198	402	50	5	2835	56.55
2026/08/31 09:24:06.884	1198	402	50	5	2835	56.55
2026/08/31 09:24:06.984	1198	402	51	4	2835	56.38
2026/08/31 09:24:07.085	1198	402	51	4	2835	56.38
2026/08/31 09:24:07.185	1198	402	51	4	2835	56.38
2026/08/31 09:24:07.285	1198	402	51	4	2835	56.38
2026/08/31 09:24:07.385	1198	402	51	4	2835	56.38
2026/08/31 09:24:07.485	1198	402	50	5	2835	56.42
2026/08/31 09:24:07.585	1198	402	50	5	2835	56.42
2026/08/31 09:24:07.685	1198	402	50	5	2835	56.42
2026/08/31 09:24:07.785	1198	402	50	5	2835	56.42
2026/08/31 09:24:07.886	1198	402	50	5	2835	56.42
2026/08/31 09:24:07.986	1198	402	50	4	2835	56.44
2026/08/31 09:24:08.086	1198	402	50	4	2835	56.44
2026/08/31 09:24:08.186	1198	402	50	4	2835	56.44
2026/08/31 09:24:08.286	1198	402	50	4	2835	56.44
2026/08/31 09:24:08.386	1198	402	50	4	2835	56.44
2026/08/31 09:24:08.486	1198	402	50	5	2835	56.62
2026/08/31 09:24:08.586	1198	402	50	5	2835	56.62
2026/08/31 09:24:08.686	1198	402	50	5	2835	56.62
2026/08/31 09:24:08.786	1198	402	50	5	2835	56.62
2026/08/31 09:24:08.887	1198	402	50	5	2835	56.62
2026/08/31 09:24:08.987	1198	402	50	4	2835	56.44
2026/08/31 09:24:09.087	1198	402	50	4	2835	56.44
2026/08/31 09:24:09.187	1198	402	50	4	2835	56.44
2026/08/31 09:24:09.287	1198	402	50	4	2835	56.44
2026/08/31 09:24:09.387	1198	402	50	4	2835	56.44
2026/08/31 09:24:09.487	1198	402	51	5	2835	56.46
2026/08/31 09:24:09.587	1198	402	51	5	2835	56.46
2026/08/31 09:24:09.687	1198	402	51	5	2835	56.46
2026/08/31 09:24:09.787	1198	402	51	5	2835	56.46
2026/08/31 09:24:09.887	1198	402	51	5	2835	56.46
2026/08/31 09:24:09.988	1198	402	50	4	2835	56.31
2026/08/31 09:24:10.088	1198	402	50	4	2835	56.31
2026/08/31 09:24:10.188	1198	402	50	4	2835	56.31
2026/08/31 09:24:10.288	1198	402	50	4	2835	56.31
2026/08/31 09:24:10.388	1198	402	50	4	2835	56.31
2026/08/31 09:24:10.488	1198	402	49	5	2835	56.37
2026/08/31 09:24:10.588	1198	402	49	5	2835	56.37
2026/08/31 09:24:10.688	1198	402	49	5	2835	56.37
2026/08/31 09:24:10.788	1198	402	49	5	2835	56.37
2026/08/31 09:24:10.888	1198	402	49	5	2835	56.37
2026/08/31 09:24:10.989	1198	402	50	4	2835	56.32
2026/08/31 09:24:11.089	1198	402	50	4	2835	56.32
2026/08/31 09:24:11.189	1198	402	50	4	2835	56.32
2026/08/31 09:24:11.289	1198	402	50	4	2835	56.32
2026/08/31 09:24:11.389	1198	402	50	4	2835	56.32
2026/08/31 09:24:11.489	1198	402	49	5	2835	56.46
2026/08/31 09:24:11.589	1198	402	49	5	2835	56.46
2026/08/31 09:24:11.689	1198	402	49	5	2835	56.46
2026/08/31 09:24:11.789	1198	402	49	5	2835	56.46
2026/08/31 09:24:11.889	1198	402	49	5	2835	56.46
2026/08/31 09:24:11.990	1198	402	50	4	2835	56.29
2026/08/31 09:24:12.090	1198	402	50	4	2835	56.29
2026/08/31 09:24:12.190	1198	402	50	4	2835	56.29
2026/08/31 09:24:12.290	1198	402	50	4	2835	56.29
2026/08/31 09:24:12.390	1198	402	50	4	2835	56.29
2026/08/31 09:24:12.490	1198	402	50	5	2835	56.39
2026/08/31 09:24:12.590	1198	402	50	5	2835	56.39
2026/08/31 09:24:12.690	1198	402	50	5	2835	56.39
2026/08/31 09:24:12.790	1198	402	50	5	2835	56.39
2026/08/31 09:24:12.891	1198	402	50	5	2835	56.39
2026/08/31 09:24:12.991	1198	402	49	4	2835	56.28
2026/08/31 09:24:13.091	1198	402	49	4	2835	56.28
2026/08/31 09:24:13.191	1198	402	49	4	2835	56.28
2026/08/31 09:24:13.291	1198	402	49	4	2835	56.28
2026/08/31 09:24:13.391	1198	402	49	4	2835	56.28
2026/08/31 09:24:13.491	1198	402	49	5	2835	56.41
2026/08/31 09:24:13.591	1198	402	49	5	2835	56.41
2026/08/31 09:24:13.691	1198	402	49	5	2835	56.41
2026/08/31 09:24:13.791	1198	402	49	5	2835	56.41
2026/08/31 09:24:13.892	1198	402	49	5	2835	56.41
2026/08/31 09:24:13.992	1198	402	48	4	2835	56.24
2026/08/31 09:24:14.092	1198	402	48	4	2835	56.24
2026/08/31 09:24:14.192	1198	402	48	4	2835	56.24
2026/08/31 09:24:14.292	1198	402	48	4	2835	56.24
2026/08/31 09:24:14.392	1198	402	48	4	2835	56.24
2026/08/31 09:24:14.492	1198	402	51	5	2835	56.42
2026/08/31 09:24:14.592	1198	402	51	5	2835	56.42
2026/08/31 09:24:14.692	1198	402	51	5	2835	56.42
2026/08/31 09:24:14.792	1198	402	51	5	2835	56.42
2026/08/31 09:24:14.893	1198	402	51	5	2835	56.42
2026/08/31 09:24:14.993	1198	402	50	4	2835	56.35
2026/08/31 09:24:15.093	1198	402	50	4	2835	56.35
2026/08/31 09:24:15.193	1198	402	50	4	2835	56.35
2026/08/31 09:24:15.293	1198	402	50	4	2835	56.35
2026/08/31 09:24:15.393	1198	402	50	4	2835	56.35
2026/08/31 09:24:15.493	1198	402	50	5	2835	56.46
2026/08/31 09:24:15.593	1198	402	50	5	2835	56.46
2026/08/31 09:24:15.693	1198	402	50	5	2835	56.46
2026/08/31 09:24:15.793	1198	402	50	5	2835	56.46
2026/08/31 09:24:15.894	1198	402	50	5	2835	56.46
2026/08/31 09:24:15.994	1198	402	50	4	2835	56.35
2026/08/31 09:24:16.094	1198	402	50	4	2835	56.35
2026/08/31 09:24:16.194	1198	402	50	4	2835	56.35
2026/08/31 09:24:16.294	1198	402	50	4	2835	56.35
2026/08/31 09:24:16.394	1198	402	50	4	2835	56.35
2026/08/31 09:24:16.494	1198	402	50	5	2835	56.41
2026/08/31 09:24:16.594	1198	402	50	5	2835	56.41
2026/08/31 09:24:16.694	1198	402	50	5	2835	56.41
2026/08/31 09:24:16.794	1198	402	50	5	2835	56.41
2026/08/31 09:24:16.894	1198	402	50	5	2835	56.41
2026/08/31 09:24:16.995	1198	402	49	4	2835	56.18
2026/08/31 09:24:17.095	1198	402	49	4	2835	56.18
2026/08/31 09:24:17.195	1198	402	49	4	2835	56.18
2026/08/31 09:24:17.295	1198	402	49	4	2835	56.18
2026/08/31 09:24:17.395	1198	402	49	4	2835	56.18
2026/08/31 09:24:17.495	1198	402	51	5	2835	56.34
2026/08/31 09:24:17.595	1198	402	51	5	2835	56.34
2026/08/31 09:24:17.695	1198	402	51	5	2835	56.34
2026/08/31 09:24:17.795	1198	402	51	5	2835	56.34
2026/08/31 09:24:17.895	1198	402	51	5	2835	56.34
2026/08/31 09:24:17.996	1198	402	49	4	2835	56.23
2026/08/31 09:24:18.096	1198	402	49	4	2835	56.23
2026/08/31 09:24:18.196	1198	402	49	4	2835	56.23
2026/08/31 09:24:18.296	1198	402	49	4	2835	56.23
2026/08/31 09:24:18.396	1198	402	49	4	2835	56.23
2026/08/31 09:24:18.496	1198	402	50	5	2835	56.46
2026/08/31 09:24:18.596	1198	402	50	5	2835	56.46
2026/08/31 09:24:18.696	1198	402	50	5	2835	56.46
2026/08/31 09:24:18.796	1198	402	50	5	2835	56.46
2026/08/31 09:24:18.896	1198	402	50	5	2835	56.46
2026/08/31 09:24:18.996	1198	402	49	4	2835	56.32
2026/08/31 09:24:19.097	1198	402	49	4	2835	56.32
2026/08/31 09:24:19.197	1198	402	49	4	2835	56.32
2026/08/31 09:24:19.297	1198	402	49	4	2835	56.32
2026/08/31 09:24:19.397	1198	402	49	4	2835	56.32
2026/08/31 09:24:19.497	1198	402	51	5	2835	56.28
2026/08/31 09:24:19.597	1198	402	51	5	2835	56.28
2026/08/31 09:24:19.697	1198	402	51	5	2835	56.28
2026/08/31 09:24:19.797	1198	402	51	5	2835	56.28
2026/08/31 09:24:19.897	1198	402	51	5	2835	56.28
2026/08/31 09:24:19.997	1198	402	50	4	2835	56.20
2026/08/31 09:24:20.097	1198	402	50	4	2835	56.20
2026/08/31 09:24:20.198	1198	402	50	4	2835	56.20
2026/08/31 09:24:20.298	1198	402	50	4	2835	56.20
2026/08/31 09:24:20.398	1198	402	50	4	2835	56.20
2026/08/31 09:24:20.498	1198	402	50	5	2835	56.42
2026/08/31 09:24:20.598	1198	402	50	5	2835	56.42
2026/08/31 09:24:20.698	1198	402	50	5	2835	56.42
2026/08/31 09:24:20.798	1198	402	50	5	2835	56.42
2026/08/31 09:24:20.898	1198	402	50	5	2835	56.42
2026/08/31 09:24:20.998	1198	402	49	4	2835	56.38
2026/08/31 09:24:21.099	1198	402	49	4	2835	56.38
2026/08/31 09:24:21.199	1198	402	49	4	2835	56.38
2026/08/31 09:24:21.299	1198	402	49	4	2835	56.38
2026/08/31 09:24:21.399	1198	402	49	4	2835	56.38
2026/08/31 09:24:21.499	1198	402	51	5	2835	56.52
2026/08/31 09:24:21.599	1198	402	51	5	2835	56.52
2026/08/31 09:24:21.699	1198	402	51	5	2835	56.52
2026/08/31 09:24:21.800	1198	402	51	5	2835	56.52
2026/08/31 09:24:21.900	1198	402	51	5	2835	56.52
2026/08/31 09:24:22.000	1198	402	50	4	2835	56.35
2026/08/31 09:24:22.100	1198	402	50	4	2835	56.35
2026/08/31 09:24:22.200	1198	402	50	4	2835	56.35
2026/08/31 09:24:22.300	1198	402	50	4	2835	56.35
2026/08/31 09:24:22.400	1198	402	50	4	2835	56.35
2026/08/31 09:24:22.500	1198	402	48	5	2835	56.38
2026/08/31 09:24:22.600	1198	402	48	5	2835	56.38
2026/08/31 09:24:22.701	1198	402	48	5	2835	56.38
2026/08/31 09:24:22.801	1198	402	48	5	2835	56.38
2026/08/31 09:24:22.901	1198	402	48	5	2835	56.38
2026/08/31 09:24:23.001	1198	402	51	4	2835	56.20
2026/08/31 09:24:23.101	1198	402	51	4	2835	56.20
2026/08/31 09:24:23.202	1198	402	51	4	2835	56.20
2026/08/31 09:24:23.302	1198	402	51	4	2835	56.20
2026/08/31 09:24:23.402	1198	402	51	4	2835	56.20
2026/08/31 09:24:23.502	1198	402	50	5	2835	56.32
2026/08/31 09:24:23.602	1198	402	50	5	2835	56.32
2026/08/31 09:24:23.702	1198	402	50	5	2835	56.32
2026/08/31 09:24:23.802	1198	402	50	5	2835	56.32
2026/08/31 09:24:23.902	1198	402	50	5	2835	56.32
2026/08/31 09:24:24.002	1198	402	49	4	2835	56.19
2026/08/31 09:24:24.102	1198	402	49	4	2835	56.19
2026/08/31 09:24:24.203	1198	402	49	4	2835	56.19
2026/08/31 09:24:24.303	1198	402	49	4	2835	56.19
2026/08/31 09:24:24.403	1198	402	49	4	2835	56.19
2026/08/31 09:24:24.503	1198	402	50	5	2835	56.32
2026/08/31 09:24:24.603	1198	402	50	5	2835	56.32
2026/08/31 09:24:24.703	1198	402	50	5	2835	56.32
2026/08/31 09:24:24.803	1198	402	50	5	2835	56.32
2026/08/31 09:24:24.903	1198	402	50	5	2835	56.32
2026/08/31 09:24:25.003	1198	402	49	4	2835	56.26
2026/08/31 09:24:25.103	1198	402	49	4	2835	56.26
2026/08/31 09:24:25.204	1198	402	49	4	2835	56.26
2026/08/31 09:24:25.304	1198	402	49	4	2835	56.26
2026/08/31 09:24:25.404	1198	402	49	4	2835	56.26
2026/08/31 09:24:25.504	1198	402	48	5	2835	56.43
2026/08/31 09:24:25.604	1198	402	48	5	2835	56.43
2026/08/31 09:24:25.704	1198	402	48	5	2835	56.43
2026/08/31 09:24:25.804	1198	402	48	5	2835	56.43
2026/08/31 09:24:25.904	1198	402	48	5	2835	56.43
2026/08/31 09:24:26.004	1198	402	50	4	2835	56.41
2026/08/31 09:24:26.104	1198	402	50	4	2835	56.41
2026/08/31 09:24:26.205	1198	402	50	4	2835	56.41
2026/08/31 09:24:26.305	1198	402	50	4	2835	56.41
2026/08/31 09:24:26.405	1198	402	50	4	2835	56.41
2026/08/31 09:24:26.505	1198	402	50	5	2835	56.66
2026/08/31 09:24:26.605	1198	402	50	5	2835	56.66
2026/08/31 09:24:26.705	1198	402	50	5	2835	56.66
2026/08/31 09:24:26.805	1198	402	50	5	2835	56.66
2026/08/31 09:24:26.905	1198	402	50	5	2835	56.66
2026/08/31 09:24:27.005	1198	402	49	4	2835	56.65
2026/08/31 09:24:27.105	1198	402	49	4	2835	56.65
2026/08/31 09:24:27.206	1198	402	49	4	2835	56.65
2026/08/31 09:24:27.306	1198	402	49	4	2835	56.65
2026/08/31 09:24:27.406	1198	402	49	4	2835	56.65
2026/08/31 09:24:27.506	1198	402	51	5	2835	56.66
2026/08/31 09:24:27.606	1198	402	51	5	2835	56.66
2026/08/31 09:24:27.706	1198	402	51	5	2835	56.66
2026/08/31 09:24:27.806	1198	402	51	5	2835	56.66
2026/08/31 09:24:27.906	1198	402	51	5	2835	56.66
2026/08/31 09:24:28.006	1198	402	50	4	2835	56.37
2026/08/31 09:24:28.106	1198	402	50	4	2835	56.37
2026/08/31 09:24:28.207	1198	402	50	4	2835	56.37
2026/08/31 09:24:28.307	1198	402	50	4	2835	56.37
2026/08/31 09:24:28.407	1198	402	50	4	2835	56.37
2026/08/31 09:24:28.507	1198	402	48	5	2835	56.51
2026/08/31 09:24:28.607	1198	402	48	5	2835	56.51
2026/08/31 09:24:28.707	1198	402	48	5	2835	56.51
2026/08/31 09:24:28.807	1198	402	48	5	2835	56.51
2026/08/31 09:24:28.907	1198	402	48	5	2835	56.51
2026/08/31 09:24:29.008	1198	402	51	4	2835	56.47
2026/08/31 09:24:29.108	1198	402	51	4	2835	56.47
2026/08/31 09:24:29.208	1198	402	51	4	2835	56.47
2026/08/31 09:24:29.308	1198	402	51	4	2835	56.47
2026/08/31 09:24:29.408	1198	402	51	4	2835	56.47
2026/08/31 09:24:29.508	1198	402	50	5	2835	56.66
2026/08/31 09:24:29.608	1198	402	50	5	2835	56.66
2026/08/31 09:24:29.708	1198	402	50	5	2835	56.66
2026/08/31 09:24:29.808	1198	402	50	5	2835	56.66
2026/08/31 09:24:29.908	1198	402	50	5	2835	56.66
2026/08/31 09:24:30.009	1198	402	51	4	2835	56.60
2026/08/31 09:24:30.109	1198	402	51	4	2835	56.60
2026/08/31 09:24:30.209	1198	402	51	4	2835	56.60
2026/08/31 09:24:30.309	1198	402	51	4	2835	56.60
2026/08/31 09:24:30.409	1198	402	51	4	2835	56.60
2026/08/31 09:24:30.509	1198	402	48	5	2835	56.64
2026/08/31 09:24:30.609	1198	402	48	5	2835	56.64
2026/08/31 09:24:30.709	1198	402	48	5	2835	56.64
2026/08/31 09:24:30.809	1198	402	48	5	2835	56.64
2026/08/31 09:24:30.909	1198	402	48	5	2835	56.64
2026/08/31 09:24:31.010	1198	402	51	4	2835	56.49
2026/08/31 09:24:31.110	1198	402	51	4	2835	56.49
2026/08/31 09:24:31.210	1198	402	51	4	2835	56.49
2026/08/31 09:24:31.310	1198	402	51	4	2835	56.49
2026/08/31 09:24:31.410	1198	402	51	4	2835	56.49
2026/08/31 09:24:31.510	1198	402	49	5	2835	56.77
2026/08/31 09:24:31.610	1198	402	49	5	2835	56.77
2026/08/31 09:24:31.710	1198	402	49	5	2835	56.77
2026/08/31 09:24:31.810	1198	402	49	5	2835	56.77
2026/08/31 09:24:31.910	1198	402	49	5	2835	56.77
2026/08/31 09:24:32.011	1198	402	51	4	2835	56.67
2026/08/31 09:24:32.111	1198	402	51	4	2835	56.67
2026/08/31 09:24:32.211	1198	402	51	4	2835	56.67
2026/08/31 09:24:32.311	1198	402	51	4	2835	56.67
2026/08/31 09:24:32.411	1198	402	51	4	2835	56.67
2026/08/31 09:24:32.511	1198	402	49	5	2835	56.71
2026/08/31 09:24:32.611	1198	402	49	5	2835	56.71
2026/08/31 09:24:32.711	1198	402	49	5	2835	56.71
2026/08/31 09:24:32.811	1198	402	49	5	2835	56.71
2026/08/31 09:24:32.911	1198	402	49	5	2835	56.71
2026/08/31 09:24:33.011	1198	402	52	4	2835	56.53
2026/08/31 09:24:33.112	1198	402	52	4	2835	56.53
2026/08/31 09:24:33.212	1198	402	52	4	2835	56.53
2026/08/31 09:24:33.312	1198	402	52	4	2835	56.53
2026/08/31 09:24:33.412	1198	402	52	4	2835	56.53
2026/08/31 09:24:33.512	1198	402	49	5	2835	56.72
2026/08/31 09:24:33.612	1198	402	49	5	2835	56.72
2026/08/31 09:24:33.712	1198	402	49	5	2835	56.72
2026/08/31 09:24:33.812	1198	402	49	5	2835	56.72
2026/08/31 09:24:33.912	1198	402	49	5	2835	56.72
2026/08/31 09:24:34.013	1198	402	50	4	2835	56.62
2026/08/31 09:24:34.113	1198	402	50	4	2835	56.62
2026/08/31 09:24:34.213	1198	402	50	4	2835	56.62
2026/08/31 09:24:34.313	1198	402	50	4	2835	56.62
2026/08/31 09:24:34.413	1198	402	50	4	2835	56.62
2026/08/31 09:24:34.513	1198	402	50	5	2835	56.64
2026/08/31 09:24:34.613	1198	402	50	5	2835	56.64
2026/08/31 09:24:34.713	1198	402	50	5	2835	56.64
2026/08/31 09:24:34.813	1198	402	50	5	2835	56.64
2026/08/31 09:24:34.914	1198	402	50	5	2835	56.64
2026/08/31 09:24:35.014	1198	402	50	4	2835	56.54
2026/08/31 09:24:35.114	1198	402	50	4	2835	56.54
2026/08/31 09:24:35.214	1198	402	50	4	2835	56.54
2026/08/31 09:24:35.314	1198	402	50	4	2835	56.54
2026/08/31 09:24:35.414	1198	402	50	4	2835	56.54
2026/08/31 09:24:35.514	1198	402	49	5	2835	56.65
2026/08/31 09:24:35.614	1198	402	49	5	2835	56.65
2026/08/31 09:24:35.714	1198	402	49	5	2835	56.65
2026/08/31 09:24:35.814	1198	402	49	5	2835	56.65
2026/08/31 09:24:35.915	1198	402	49	5	2835	56.65
2026/08/31 09:24:36.015	1198	402	50	4	2835	56.63
2026/08/31 09:24:36.115	1198	402	50	4	2835	56.63
2026/08/31 09:24:36.215	1198	402	50	4	2835	56.63
2026/08/31 09:24:36.315	1198	402	50	4	2835	56.63
2026/08/31 09:24:36.415	1198	402	50	4	2835	56.63
2026/08/31 09:24:36.515	1198	402	49	5	2835	56.87
2026/08/31 09:24:36.615	1198	402	49	5	2835	56.87
2026/08/31 09:24:36.715	1198	402	49	5	2835	56.87
2026/08/31 09:24:36.815	1198	402	49	5	2835	56.87
2026/08/31 09:24:36.916	1198	402	49	5	2835	56.87
2026/08/31 09:24:37.016	1198	402	51	4	2835	56.87
2026/08/31 09:24:37.116	1198	402	51	4	2835	56.87
2026/08/31 09:24:37.216	1198	402	51	4	2835	56.87
2026/08/31 09:24:37.316	1198	402	51	4	2835	56.87
2026/08/31 09:24:37.416	1198	402	51	4	2835	56.87
2026/08/31 09:24:37.516	1198	402	50	5	2835	56.99
2026/08/31 09:24:37.616	1198	402	50	5	2835	56.99
2026/08/31 09:24:37.716	1198	402	50	5	2835	56.99
2026/08/31 09:24:37.816	1198	402	50	5	2835	56.99
2026/08/31 09:24:37.917	1198	402	50	5	2835	56.99
2026/08/31 09:24:38.017	1198	402	49	4	2835	56.79
2026/08/31 09:24:38.117	1198	402	49	4	2835	56.79
2026/08/31 09:24:38.217	1198	402	49	4	2835	56.79
2026/08/31 09:24:38.317	1198	402	49	4	2835	56.79
2026/08/31 09:24:38.417	1198	402	49	4	2835	56.79
2026/08/31 09:24:38.517	1198	402	49	5	2835	56.83
2026/08/31 09:24:38.617	1198	402	49	5	2835	56.83
2026/08/31 09:24:38.717	1198	402	49	5	2835	56.83
2026/08/31 09:24:38.817	1198	402	49	5	2835	56.83
2026/08/31 09:24:38.918	1198	402	49	5	2835	56.83
2026/08/31 09:24:39.018	1198	402	51	4	2835	56.77
2026/08/31 09:24:39.118	1198	402	51	4	2835	56.77
2026/08/31 09:24:39.218	1198	402	51	4	2835	56.77
2026/08/31 09:24:39.318	1198	402	51	4	2835	56.77
2026/08/31 09:24:39.418	1198	402	51	4	2835	56.77
2026/08/31 09:24:39.518	1198	402	49	5	2835	56.83
2026/08/31 09:24:39.618	1198	402	49	5	2835	56.83
2026/08/31 09:24:39.718	1198	402	49	5	2835	56.83
2026/08/31 09:24:39.818	1198	402	49	5	2835	56.83
2026/08/31 09:24:39.919	1198	402	49	5	2835	56.83
2026/08/31 09:24:40.019	1198	402	51	4	2835	56.61
2026/08/31 09:24:40.119	1198	402	51	4	2835	56.61
2026/08/31 09:24:40.219	1198	402	51	4	2835	56.61
2026/08/31 09:24:40.319	1198	402	51	4	2835	56.61
2026/08/31 09:24:40.419	1198	402	51	4	2835	56.61
2026/08/31 09:24:40.519	1198	402	50	5	2835	56.76
2026/08/31 09:24:40.619	1198	402	50	5	2835	56.76
2026/08/31 09:24:40.719	1198	402	50	5	2835	56.76
2026/08/31 09:24:40.819	1198	402	50	5	2835	56.76
2026/08/31 09:24:40.920	1198	402	50	5	2835	56.76
2026/08/31 09:24:41.020	1198	402	50	4	2835	56.78
2026/08/31 09:24:41.120	1198	402	50	4	2835	56.78
2026/08/31 09:24:41.220	1198	402	50	4	2835	56.78
2026/08/31 09:24:41.320	1198	402	50	4	2835	56.78
2026/08/31 09:24:41.420	1198	402	50	4	2835	56.78
2026/08/31 09:24:41.520	1198	402	48	5	2835	56.83
2026/08/31 09:24:41.620	1198	402	48	5	2835	56.83
2026/08/31 09:24:41.720	1198	402	48	5	2835	56.83
2026/08/31 09:24:41.820	1198	402	48	5	2835	56.83
2026/08/31 09:24:41.920	1198	402	48	5	2835	56.83
2026/08/31 09:24:42.021	1198	402	49	4	2835	56.64
2026/08/31 09:24:42.121	1198	402	49	4	2835	56.64
2026/08/31 09:24:42.221	1198	402	49	4	2835	56.64
2026/08/31 09:24:42.321	1198	402	49	4	2835	56.64
2026/08/31 09:24:42.421	1198	402	49	4	2835	56.64
2026/08/31 09:24:42.521	1198	402	50	5	2835	56.69
2026/08/31 09:24:42.621	1198	402	50	5	2835	56.69
2026/08/31 09:24:42.721	1198	402	50	5	2835	56.69
2026/08/31 09:24:42.821	1198	402	50	5	2835	56.69
2026/08/31 09:24:42.921	1198	402	50	5	2835	56.69
2026/08/31 09:24:43.022	1198	402	49	4	2835	56.59
2026/08/31 09:24:43.122	1198	402	49	4	2835	56.59
2026/08/31 09:24:43.222	1198	402	49	4	2835	56.59
2026/08/31 09:24:43.322	1198	402	49	4	2835	56.59
2026/08/31 09:24:43.422	1198	402	49	4	2835	56.59
2026/08/31 09:24:43.522	1198	402	51	5	2835	56.63
2026/08/31 09:24:43.622	1198	402	51	5	2835	56.63
2026/08/31 09:24:43.722	1198	402	51	5	2835	56.63
2026/08/31 09:24:43.822	1198	402	51	5	2835	56.63
2026/08/31 09:24:43.922	1198	402	51	5	2835	56.63
2026/08/31 09:24:44.023	1198	402	49	4	2835	56.50
2026/08/31 09:24:44.123	1198	402	49	4	2835	56.50
2026/08/31 09:24:44.223	1198	402	49	4	2835	56.50
2026/08/31 09:24:44.323	1198	402	49	4	2835	56.50
2026/08/31 09:24:44.423	1198	402	49	4	2835	56.50
2026/08/31 09:24:44.523	1198	402	50	5	2835	56.65
2026/08/31 09:24:44.623	1198	402	50	5	2835	56.65
2026/08/31 09:24:44.723	1198	402	50	5	2835	56.65
2026/08/31 09:24:44.823	1198	402	50	5	2835	56.65
2026/08/31 09:24:44.924	1198	402	50	5	2835	56.65
2026/08/31 09:24:45.024	1198	402	51	4	2835	56.65
2026/08/31 09:24:45.124	1198	402	51	4	2835	56.65
2026/08/31 09:24:45.224	1198	402	51	4	2835	56.65
2026/08/31 09:24:45.324	1198	402	51	4	2835	56.65
2026/08/31 09:24:45.424	1198	402	51	4	2835	56.65
2026/08/31 09:24:45.524	1198	402	48	5	2835	56.86
2026/08/31 09:24:45.624	1198	402	48	5	2835	56.86
2026/08/31 09:24:45.724	1198	402	48	5	2835	56.86
2026/08/31 09:24:45.824	1198	402	48	5	2835	56.86
2026/08/31 09:24:45.925	1198	402	48	5	2835	56.86
2026/08/31 09:24:46.025	1198	402	51	4	2835	56.78
2026/08/31 09:24:46.125	1198	402	51	4	2835	56.78
2026/08/31 09:24:46.225	1198	402	51	4	2835	56.78
2026/08/31 09:24:46.325	1198	402	51	4	2835	56.78
2026/08/31 09:24:46.425	1198	402	51	4	2835	56.78
2026/08/31 09:24:46.525	1198	402	50	5	2835	56.78
2026/08/31 09:24:46.625	1198	402	50	5	2835	56.78
2026/08/31 09:24:46.725	1198	402	50	5	2835	56.78
2026/08/31 09:24:46.825	1198	402	50	5	2835	56.78
2026/08/31 09:24:46.925	1198	402	50	5	2835	56.78
2026/08/31 09:24:47.026	1198	402	51	5	2835	56.63
2026/08/31 09:24:47.126	1198	402	51	5	2835	56.63
2026/08/31 09:24:47.226	1198	402	51	5	2835	56.63
2026/08/31 09:24:47.326	1198	402	51	5	2835	56.63
2026/08/31 09:24:47.426	1198	402	51	5	2835	56.63
2026/08/31 09:24:47.526	1198	402	48	5	2835	56.84
2026/08/31 09:24:47.626	1198	402	48	5	2835	56.84
2026/08/31 09:24:47.726	1198	402	48	5	2835	56.84
2026/08/31 09:24:47.826	1198	402	48	5	2835	56.84
2026/08/31 09:24:47.927	1198	402	48	5	2835	56.84
2026/08/31 09:24:48.027	1198	402	50	4	2835	57.74
2026/08/31 09:24:48.127	1198	402	50	4	2835	57.74
2026/08/31 09:24:48.227	1198	402	50	4	2835	57.74
2026/08/31 09:24:48.327	1198	402	50	4	2835	57.74
2026/08/31 09:24:48.427	1198	402	50	4	2835	57.74
2026/08/31 09:24:48.527	1198	402	51	5	2835	58.42
2026/08/31 09:24:48.627	1198	402	51	5	2835	58.42
2026/08/31 09:24:48.727	1198	402	51	5	2835	58.42
2026/08/31 09:24:48.827	1198	402	51	5	2835	58.42
2026/08/31 09:24:48.928	1198	402	51	5	2835	58.42
2026/08/31 09:24:49.028	1198	402	50	4	2835	57.55
2026/08/31 09:24:49.128	1198	402	50	4	2835	57.55
2026/08/31 09:24:49.228	1198	402	50	4	2835	57.55
2026/08/31 09:24:49.328	1198	402	50	4	2835	57.55
2026/08/31 09:24:49.428	1198	402	50	4	2835	57.55
2026/08/31 09:24:49.528	1198	402	50	5	2835	56.90
2026/08/31 09:24:49.628	1198	402	50	5	2835	56.90
2026/08/31 09:24:49.728	1198	402	50	5	2835	56.90
2026/08/31 09:24:49.828	1198	402	50	5	2835	56.90
2026/08/31 09:24:49.928	1198	402	50	5	2835	56.90
2026/08/31 09:24:50.029	1198	402	50	4	2835	57.29
2026/08/31 09:24:50.129	1198	402	50	4	2835	57.29
2026/08/31 09:24:50.229	1198	402	50	4	2835	57.29
2026/08/31 09:24:50.329	1198	402	50	4	2835	57.29
2026/08/31 09:24:50.429	1198	402	50	4	2835	57.29
2026/08/31 09:24:50.529	1198	402	49	5	2835	57.45
2026/08/31 09:24:50.629	1198	402	49	5	2835	57.45
2026/08/31 09:24:50.729	1198	402	49	5	2835	57.45
2026/08/31 09:24:50.829	1198	402	49	5	2835	57.45
2026/08/31 09:24:50.929	1198	402	49	5	2835	57.45
2026/08/31 09:24:51.030	1198	402	50	4	2835	56.70
2026/08/31 09:24:51.130	1198	402	50	4	2835	56.70
2026/08/31 09:24:51.230	1198	402	50	4	2835	56.70
2026/08/31 09:24:51.330	1198	402	50	4	2835	56.70
2026/08/31 09:24:51.430	1198	402	50	4	2835	56.70
2026/08/31 09:24:51.530	1198	402	49	5	2835	56.66
2026/08/31 09:24:51.630	1198	402	49	5	2835	56.66
2026/08/31 09:24:51.730	1198	402	49	5	2835	56.66
2026/08/31 09:24:51.830	1198	402	49	5	2835	56.66
2026/08/31 09:24:51.930	1198	402	49	5	2835	56.66
2026/08/31 09:24:52.030	1198	402	50	4	2835	56.46
2026/08/31 09:24:52.131	1198	402	50	4	2835	56.46
2026/08/31 09:24:52.231	1198	402	50	4	2835	56.46
2026/08/31 09:24:52.331	1198	402	50	4	2835	56.46
2026/08/31 09:24:52.431	1198	402	50	4	2835	56.46
2026/08/31 09:24:52.531	1198	402	52	5	2835	56.61
2026/08/31 09:24:52.631	1198	402	52	5	2835	56.61
2026/08/31 09:24:52.731	1198	402	52	5	2835	56.61
2026/08/31 09:24:52.831	1198	402	52	5	2835	56.61
2026/08/31 09:24:52.931	1198	402	52	5	2835	56.61
2026/08/31 09:24:53.031	1198	402	48	4	2835	57.79
2026/08/31 09:24:53.132	1198	402	48	4	2835	57.79
2026/08/31 09:24:53.232	1198	402	48	4	2835	57.79
2026/08/31 09:24:53.332	1198	402	48	4	2835	57.79
2026/08/31 09:24:53.432	1198	402	48	4	2835	57.79
2026/08/31 09:24:53.532	1198	402	49	5	2835	58.12
2026/08/31 09:24:53.632	1198	402	49	5	2835	58.12
2026/08/31 09:24:53.732	1198	402	49	5	2835	58.12
2026/08/31 09:24:53.832	1198	402	49	5	2835	58.12
2026/08/31 09:24:53.932	1198	402	49	5	2835	58.12
2026/08/31 09:24:54.032	1198	402	52	4	2835	57.32
2026/08/31 09:24:54.133	1198	402	52	4	2835	57.32
2026/08/31 09:24:54.233	1198	402	52	4	2835	57.32
2026/08/31 09:24:54.333	1198	402	52	4	2835	57.32
2026/08/31 09:24:54.433	1198	402	52	4	2835	57.32
2026/08/31 09:24:54.533	1198	402	51	5	2835	57.41
2026/08/31 09:24:54.633	1198	402	51	5	2835	57.41
2026/08/31 09:24:54.733	1198	402	51	5	2835	57.41
2026/08/31 09:24:54.833	1198	402	51	5	2835	57.41
2026/08/31 09:24:54.933	1198	402	51	5	2835	57.41
2026/08/31 09:24:55.033	1198	402	50	4	2835	57.05
2026/08/31 09:24:55.134	1198	402	50	4	2835	57.05
2026/08/31 09:24:55.234	1198	402	50	4	2835	57.05
2026/08/31 09:24:55.334	1198	402	50	4	2835	57.05
2026/08/31 09:24:55.434	1198	402	50	4	2835	57.05
2026/08/31 09:24:55.534	1198	402	51	5	2835	56.83
2026/08/31 09:24:55.634	1198	402	51	5	2835	56.83
2026/08/31 09:24:55.734	1198	402	51	5	2835	56.83
2026/08/31 09:24:55.834	1198	402	51	5	2835	56.83
2026/08/31 09:24:55.934	1198	402	51	5	2835	56.83
2026/08/31 09:24:56.034	1198	402	49	4	2835	57.28
2026/08/31 09:24:56.135	1198	402	49	4	2835	57.28
2026/08/31 09:24:56.235	1198	402	49	4	2835	57.28
2026/08/31 09:24:56.335	1198	402	49	4	2835	57.28
2026/08/31 09:24:56.435	1198	402	49	4	2835	57.28
2026/08/31 09:24:56.535	1198	402	49	5	2835	57.97
2026/08/31 09:24:56.635	1198	402	49	5	2835	57.97
2026/08/31 09:24:56.735	1198	402	49	5	2835	57.97
2026/08/31 09:24:56.835	1198	402	49	5	2835	57.97
2026/08/31 09:24:56.935	1198	402	49	5	2835	57.97
2026/08/31 09:24:57.035	1198	402	50	4	2835	57.46
2026/08/31 09:24:57.135	1198	402	50	4	2835	57.46
2026/08/31 09:24:57.236	1198	402	50	4	2835	57.46
2026/08/31 09:24:57.336	1198	402	50	4	2835	57.46
2026/08/31 09:24:57.436	1198	402	50	4	2835	57.46
2026/08/31 09:24:57.536	1198	402	52	5	2835	56.59
2026/08/31 09:24:57.636	1198	402	52	5	2835	56.59
2026/08/31 09:24:57.736	1198	402	52	5	2835	56.59
2026/08/31 09:24:57.836	1198	402	52	5	2835	56.59
2026/08/31 09:24:57.936	1198	402	52	5	2835	56.59
2026/08/31 09:24:58.036	1198	402	51	4	2835	56.71
2026/08/31 09:24:58.136	1198	402	51	4	2835	56.71
2026/08/31 09:24:58.237	1198	402	51	4	2835	56.71
2026/08/31 09:24:58.337	1198	402	51	4	2835	56.71
2026/08/31 09:24:58.437	1198	402	51	4	2835	56.71
2026/08/31 09:24:58.537	1198	402	51	4	2835	56.45
2026/08/31 09:24:58.637	1198	402	51	4	2835	56.45
2026/08/31 09:24:58.737	1198	402	51	4	2835	56.45
2026/08/31 09:24:58.837	1198	402	51	4	2835	56.45
2026/08/31 09:24:58.937	1198	402	51	4	2835	56.45
2026/08/31 09:24:59.037	1198	402	50	4	2835	55.71
2026/08/31 09:24:59.137	1198	402	50	4	2835	55.71
2026/08/31 09:24:59.237	1198	402	50	4	2835	55.71
2026/08/31 09:24:59.338	1198	402	50	4	2835	55.71
2026/08/31 09:24:59.438	1198	402	50	4	2835	55.71
2026/08/31 09:24:59.538	1198	402	51	4	2835	56.71
2026/08/31 09:24:59.638	1198	402	51	4	2835	56.71
2026/08/31 09:24:59.738	1198	402	51	4	2835	56.71
2026/08/31 09:24:59.838	1198	402	51	4	2835	56.71
2026/08/31 09:24:59.938	1198	402	51	4	2835	56.71
2026/08/31 09:25:00.038	1198	402	49	4	2835	57.20
2026/08/31 09:25:00.138	1198	402	49	4	2835	57.20
2026/08/31 09:25:00.238	1198	402	49	4	2835	57.20
2026/08/31 09:25:00.338	1198	402	49	4	2835	57.20
2026/08/31 09:25:00.438	1198	402	49	4	2835	57.20
2026/08/31 09:25:00.539	1198	402	49	4	2835	56.61
2026/08/31 09:25:00.639	1198	402	49	4	2835	56.61
2026/08/31 09:25:00.739	1198	402	49	4	2835	56.61
2026/08/31 09:25:00.839	1198	402	49	4	2835	56.61
2026/08/31 09:25:00.939	1198	402	49	4	2835	56.61
2026/08/31 09:25:01.039	1198	402	50	4	2835	56.04
2026/08/31 09:25:01.139	1198	402	50	4	2835	56.04
2026/08/31 09:25:01.239	1198	402	50	4	2835	56.04
2026/08/31 09:25:01.339	1198	402	50	4	2835	56.04
2026/08/31 09:25:01.440	1198	402	50	4	2835	56.04
2026/08/31 09:25:01.540	1198	402	47	4	2835	55.98
2026/08/31 09:25:01.640	1198	402	47	4	2835	55.98
2026/08/31 09:25:01.740	1198	402	47	4	2835	55.98
2026/08/31 09:25:01.840	1198	402	47	4	2835	55.98
2026/08/31 09:25:01.940	1198	402	47	4	2835	55.98
2026/08/31 09:25:02.040	1198	402	48	4	2835	56.66
2026/08/31 09:25:02.140	1198	402	48	4	2835	56.66
2026/08/31 09:25:02.240	1198	402	48	4	2835	56.66
2026/08/31 09:25:02.340	1198	402	48	4	2835	56.66
2026/08/31 09:25:02.440	1198	402	48	4	2835	56.66
2026/08/31 09:25:02.541	1198	402	50	4	2835	56.68
2026/08/31 09:25:02.641	1198	402	50	4	2835	56.68
2026/08/31 09:25:02.741	1198	402	50	4	2835	56.68
2026/08/31 09:25:02.841	1198	402	50	4	2835	56.68
2026/08/31 09:25:02.941	1198	402	50	4	2835	56.68
2026/08/31 09:25:03.041	1198	402	51	4	2835	56.36
2026/08/31 09:25:03.141	1198	402	51	4	2835	56.36
2026/08/31 09:25:03.241	1198	402	51	4	2835	56.36
2026/08/31 09:25:03.341	1198	402	51	4	2835	56.36
2026/08/31 09:25:03.442	1198	402	51	4	2835	56.36
2026/08/31 09:25:03.542	1198	402	52	5	2835	56.31
2026/08/31 09:25:03.642	1198	402	52	5	2835	56.31
2026/08/31 09:25:03.742	1198	402	52	5	2835	56.31
2026/08/31 09:25:03.842	1198	402	52	5	2835	56.31
2026/08/31 09:25:03.942	1198	402	52	5	2835	56.31
2026/08/31 09:25:04.042	1198	402	50	4	2835	56.08
2026/08/31 09:25:04.142	1198	402	50	4	2835	56.08
2026/08/31 09:25:04.242	1198	402	50	4	2835	56.08
2026/08/31 09:25:04.342	1198	402	50	4	2835	56.08
2026/08/31 09:25:04.443	1198	402	50	4	2835	56.08
2026/08/31 09:25:04.543	1198	402	50	4	2835	56.02
2026/08/31 09:25:04.643	1198	402	50	4	2835	56.02
2026/08/31 09:25:04.743	1198	402	50	4	2835	56.02
2026/08/31 09:25:04.843	1198	402	50	4	2835	56.02
2026/08/31 09:25:04.943	1198	402	50	4	2835	56.02
2026/08/31 09:25:05.043	1198	402	47	4	2835	57.23
2026/08/31 09:25:05.143	1198	402	47	4	2835	57.23
2026/08/31 09:25:05.243	1198	402	47	4	2835	57.23
2026/08/31 09:25:05.343	1198	402	47	4	2835	57.23
2026/08/31 09:25:05.443	1198	402	47	4	2835	57.23
2026/08/31 09:25:05.544	1198	402	47	4	2835	57.50
2026/08/31 09:25:05.644	1198	402	47	4	2835	57.50
2026/08/31 09:25:05.744	1198	402	47	4	2835	57.50
2026/08/31 09:25:05.844	1198	402	47	4	2835	57.50
2026/08/31 09:25:05.944	1198	402	47	4	2835	57.50
2026/08/31 09:25:06.044	1198	402	50	4	2835	56.79
2026/08/31 09:25:06.144	1198	402	50	4	2835	56.79
2026/08/31 09:25:06.244	1198	402	50	4	2835	56.79
2026/08/31 09:25:06.344	1198	402	50	4	2835	56.79
2026/08/31 09:25:06.444	1198	402	50	4	2835	56.79
2026/08/31 09:25:06.545	1198	402	50	5	2835	56.83
2026/08/31 09:25:06.645	1198	402	50	5	2835	56.83
2026/08/31 09:25:06.745	1198	402	50	5	2835	56.83
2026/08/31 09:25:06.845	1198	402	50	5	2835	56.83
2026/08/31 09:25:06.945	1198	402	50	5	2835	56.83
2026/08/31 09:25:07.045	1198	402	49	4	2835	56.96
2026/08/31 09:25:07.145	1198	402	49	4	2835	56.96
2026/08/31 09:25:07.245	1198	402	49	4	2835	56.96
2026/08/31 09:25:07.345	1198	402	49	4	2835	56.96
2026/08/31 09:25:07.445	1198	402	49	4	2835	56.96
2026/08/31 09:25:07.546	1198	402	51	5	2835	56.94
2026/08/31 09:25:07.646	1198	402	51	5	2835	56.94
2026/08/31 09:25:07.746	1198	402	51	5	2835	56.94
2026/08/31 09:25:07.846	1198	402	51	5	2835	56.94
2026/08/31 09:25:07.946	1198	402	51	5	2835	56.94
2026/08/31 09:25:08.046	1198	402	50	4	2835	56.65
2026/08/31 09:25:08.146	1198	402	50	4	2835	56.65
2026/08/31 09:25:08.246	1198	402	50	4	2835	56.65
2026/08/31 09:25:08.346	1198	402	50	4	2835	56.65
2026/08/31 09:25:08.446	1198	402	50	4	2835	56.65
2026/08/31 09:25:08.547	1198	402	51	5	2835	57.08
2026/08/31 09:25:08.647	1198	402	51	5	2835	57.08
2026/08/31 09:25:08.747	1198	402	51	5	2835	57.08
2026/08/31 09:25:08.847	1198	402	51	5	2835	57.08
2026/08/31 09:25:08.947	1198	402	51	5	2835	57.08
2026/08/31 09:25:09.047	1198	402	50	4	2835	57.27
2026/08/31 09:25:09.147	1198	402	50	4	2835	57.27
2026/08/31 09:25:09.247	1198	402	50	4	2835	57.27
2026/08/31 09:25:09.347	1198	402	50	4	2835	57.27
2026/08/31 09:25:09.447	1198	402	50	4	2835	57.27
2026/08/31 09:25:09.548	1198	402	48	5	2835	57.77
2026/08/31 09:25:09.648	1198	402	48	5	2835	57.77
2026/08/31 09:25:09.748	1198	402	48	5	2835	57.77
2026/08/31 09:25:09.848	1198	402	48	5	2835	57.77
2026/08/31 09:25:09.948	1198	402	48	5	2835	57.77
2026/08/31 09:25:10.048	1198	402	51	4	2835	57.86
2026/08/31 09:25:10.148	1198	402	51	4	2835	57.86
2026/08/31 09:25:10.248	1198	402	51	4	2835	57.86
2026/08/31 09:25:10.348	1198	402	51	4	2835	57.86
2026/08/31 09:25:10.448	1198	402	51	4	2835	57.86
2026/08/31 09:25:10.549	1198	402	50	5	2835	57.90
2026/08/31 09:25:10.649	1198	402	50	5	2835	57.90
2026/08/31 09:25:10.749	1198	402	50	5	2835	57.90
2026/08/31 09:25:10.849	1198	402	50	5	2835	57.90
2026/08/31 09:25:10.949	1198	402	50	5	2835	57.90
2026/08/31 09:25:11.049	1198	402	49	4	2835	56.82
2026/08/31 09:25:11.150	1198	402	49	4	2835	56.82
2026/08/31 09:25:11.250	1198	402	49	4	2835	56.82
2026/08/31 09:25:11.350	1198	402	49	4	2835	56.82
2026/08/31 09:25:11.450	1198	402	49	4	2835	56.82
2026/08/31 09:25:11.550	1198	402	51	5	2835	56.71
2026/08/31 09:25:11.650	1198	402	51	5	2835	56.71
2026/08/31 09:25:11.750	1198	402	51	5	2835	56.71
2026/08/31 09:25:11.850	1198	402	51	5	2835	56.71
2026/08/31 09:25:11.950	1198	402	51	5	2835	56.71
2026/08/31 09:25:12.050	1198	402	50	4	2835	56.45
2026/08/31 09:25:12.150	1198	402	50	4	2835	56.45
2026/08/31 09:25:12.251	1198	402	50	4	2835	56.45
2026/08/31 09:25:12.351	1198	402	50	4	2835	56.45
2026/08/31 09:25:12.451	1198	402	50	4	2835	56.45
2026/08/31 09:25:12.551	1198	402	51	5	2835	56.73
2026/08/31 09:25:12.651	1198	402	51	5	2835	56.73
2026/08/31 09:25:12.751	1198	402	51	5	2835	56.73
2026/08/31 09:25:12.851	1198	402	51	5	2835	56.73
2026/08/31 09:25:12.951	1198	402	51	5	2835	56.73
2026/08/31 09:25:13.051	1198	402	50	4	2835	57.15
2026/08/31 09:25:13.152	1198	402	50	4	2835	57.15
2026/08/31 09:25:13.252	1198	402	50	4	2835	57.15
2026/08/31 09:25:13.352	1198	402	50	4	2835	57.15
2026/08/31 09:25:13.452	1198	402	50	4	2835	57.15
2026/08/31 09:25:13.552	1198	402	49	5	2835	58.43
2026/08/31 09:25:13.652	1198	402	49	5	2835	58.43
2026/08/31 09:25:13.752	1198	402	49	5	2835	58.43
2026/08/31 09:25:13.852	1198	402	49	5	2835	58.43
2026/08/31 09:25:13.953	1198	402	49	5	2835	58.43
2026/08/31 09:25:14.053	1198	402	50	4	2835	57.81
2026/08/31 09:25:14.153	1198	402	50	4	2835	57.81
2026/08/31 09:25:14.253	1198	402	50	4	2835	57.81
2026/08/31 09:25:14.353	1198	402	50	4	2835	57.81
2026/08/31 09:25:14.453	1198	402	50	4	2835	57.81
2026/08/31 09:25:14.553	1198	402	49	5	2835	56.79
2026/08/31 09:25:14.653	1198	402	49	5	2835	56.79
2026/08/31 09:25:14.753	1198	402	49	5	2835	56.79
2026/08/31 09:25:14.853	1198	402	49	5	2835	56.79
2026/08/31 09:25:14.954	1198	402	49	5	2835	56.79
2026/08/31 09:25:15.054	1198	402	51	4	2835	56.23
2026/08/31 09:25:15.154	1198	402	51	4	2835	56.23
2026/08/31 09:25:15.254	1198	402	51	4	2835	56.23
2026/08/31 09:25:15.354	1198	402	51	4	2835	56.23
2026/08/31 09:25:15.454	1198	402	51	4	2835	56.23
2026/08/31 09:25:15.554	1198	402	51	5	2835	56.35
2026/08/31 09:25:15.654	1198	402	51	5	2835	56.35
2026/08/31 09:25:15.754	1198	402	51	5	2835	56.35
2026/08/31 09:25:15.854	1198	402	51	5	2835	56.35
2026/08/31 09:25:15.955	1198	402	51	5	2835	56.35
2026/08/31 09:25:16.055	1198	402	51	4	2835	56.25
2026/08/31 09:25:16.155	1198	402	51	4	2835	56.25
2026/08/31 09:25:16.255	1198	402	51	4	2835	56.25
2026/08/31 09:25:16.355	1198	402	51	4	2835	56.25
2026/08/31 09:25:16.455	1198	402	51	4	2835	56.25
2026/08/31 09:25:16.555	1198	402	51	5	2835	56.40
2026/08/31 09:25:16.655	1198	402	51	5	2835	56.40
2026/08/31 09:25:16.756	1198	402	51	5	2835	56.40
2026/08/31 09:25:16.856	1198	402	51	5	2835	56.40
2026/08/31 09:25:16.956	1198	402	51	5	2835	56.40
2026/08/31 09:25:17.056	1198	402	51	4	2835	56.97
2026/08/31 09:25:17.156	1198	402	51	4	2835	56.97
2026/08/31 09:25:17.256	1198	402	51	4	2835	56.97
2026/08/31 09:25:17.356	1198	402	51	4	2835	56.97
2026/08/31 09:25:17.456	1198	402	51	4	2835	56.97
2026/08/31 09:25:17.556	1198	402	50	5	2835	58.34
2026/08/31 09:25:17.656	1198	402	50	5	2835	58.34
2026/08/31 09:25:17.757	1198	402	50	5	2835	58.34
2026/08/31 09:25:17.857	1198	402	50	5	2835	58.34
2026/08/31 09:25:17.957	1198	402	50	5	2835	58.34
2026/08/31 09:25:18.057	1198	402	49	4	2835	57.93
2026/08/31 09:25:18.157	1198	402	49	4	2835	57.93
2026/08/31 09:25:18.257	1198	402	49	4	2835	57.93
2026/08/31 09:25:18.357	1198	402	49	4	2835	57.93
2026/08/31 09:25:18.457	1198	402	49	4	2835	57.93
2026/08/31 09:25:18.557	1198	402	50	5	2835	57.05
2026/08/31 09:25:18.657	1198	402	50	5	2835	57.05
2026/08/31 09:25:18.758	1198	402	50	5	2835	57.05
2026/08/31 09:25:18.858	1198	402	50	5	2835	57.05
2026/08/31 09:25:18.958	1198	402	50	5	2835	57.05
2026/08/31 09:25:19.058	1198	402	51	4	2835	56.35
2026/08/31 09:25:19.158	1198	402	51	4	2835	56.35
2026/08/31 09:25:19.258	1198	402	51	4	2835	56.35
2026/08/31 09:25:19.358	1198	402	51	4	2835	56.35
2026/08/31 09:25:19.458	1198	402	51	4	2835	56.35
2026/08/31 09:25:19.558	1198	402	50	5	2835	56.33
2026/08/31 09:25:19.658	1198	402	50	5	2835	56.33
2026/08/31 09:25:19.759	1198	402	50	5	2835	56.33
2026/08/31 09:25:19.859	1198	402	50	5	2835	56.33
2026/08/31 09:25:19.959	1198	402	50	5	2835	56.33
2026/08/31 09:25:20.059	1198	402	51	4	2835	55.99
2026/08/31 09:25:20.159	1198	402	51	4	2835	55.99
2026/08/31 09:25:20.259	1198	402	51	4	2835	55.99
2026/08/31 09:25:20.359	1198	402	51	4	2835	55.99
2026/08/31 09:25:20.459	1198	402	51	4	2835	55.99
2026/08/31 09:25:20.559	1198	402	50	5	2835	56.11
2026/08/31 09:25:20.659	1198	402	50	5	2835	56.11
2026/08/31 09:25:20.760	1198	402	50	5	2835	56.11
2026/08/31 09:25:20.860	1198	402	50	5	2835	56.11
2026/08/31 09:25:20.960	1198	402	50	5	2835	56.11
2026/08/31 09:25:21.060	1198	402	50	4	2835	56.11
2026/08/31 09:25:21.160	1198	402	50	4	2835	56.11
2026/08/31 09:25:21.260	1198	402	50	4	2835	56.11
2026/08/31 09:25:21.360	1198	402	50	4	2835	56.11
2026/08/31 09:25:21.460	1198	402	50	4	2835	56.11
2026/08/31 09:25:21.560	1198	402	50	5	2835	56.25
2026/08/31 09:25:21.661	1198	402	50	5	2835	56.25
2026/08/31 09:25:21.761	1198	402	50	5	2835	56.25
2026/08/31 09:25:21.861	1198	402	50	5	2835	56.25
2026/08/31 09:25:21.961	1198	402	50	5	2835	56.25
2026/08/31 09:25:22.061	1198	402	51	4	2835	56.19
2026/08/31 09:25:22.161	1198	402	51	4	2835	56.19
2026/08/31 09:25:22.261	1198	402	51	4	2835	56.19
2026/08/31 09:25:22.361	1198	402	51	4	2835	56.19
2026/08/31 09:25:22.461	1198	402	51	4	2835	56.19
2026/08/31 09:25:22.561	1198	402	50	5	2835	56.47
2026/08/31 09:25:22.662	1198	402	50	5	2835	56.47
2026/08/31 09:25:22.762	1198	402	50	5	2835	56.47
2026/08/31 09:25:22.862	1198	402	50	5	2835	56.47
2026/08/31 09:25:22.962	1198	402	50	5	2835	56.47
2026/08/31 09:25:23.062	1198	402	51	4	2835	56.28
2026/08/31 09:25:23.162	1198	402	51	4	2835	56.28
2026/08/31 09:25:23.262	1198	402	51	4	2835	56.28
2026/08/31 09:25:23.362	1198	402	51	4	2835	56.28
2026/08/31 09:25:23.462	1198	402	51	4	2835	56.28
2026/08/31 09:25:23.562	1198	402	50	5	2835	56.20
2026/08/31 09:25:23.663	1198	402	50	5	2835	56.20
2026/08/31 09:25:23.763	1198	402	50	5	2835	56.20
2026/08/31 09:25:23.863	1198	402	50	5	2835	56.20
2026/08/31 09:25:23.963	1198	402	50	5	2835	56.20
2026/08/31 09:25:24.063	1198	402	50	4	2835	56.07
2026/08/31 09:25:24.163	1198	402	50	4	2835	56.07
2026/08/31 09:25:24.263	1198	402	50	4	2835	56.07
2026/08/31 09:25:24.363	1198	402	50	4	2835	56.07
2026/08/31 09:25:24.463	1198	402	50	4	2835	56.07
2026/08/31 09:25:24.563	1198	402	50	5	2835	56.27
2026/08/31 09:25:24.663	1198	402	50	5	2835	56.27
2026/08/31 09:25:24.764	1198	402	50	5	2835	56.27
2026/08/31 09:25:24.864	1198	402	50	5	2835	56.27
2026/08/31 09:25:24.964	1198	402	50	5	2835	56.27
2026/08/31 09:25:25.064	1198	402	51	4	2835	56.17
2026/08/31 09:25:25.164	1198	402	51	4	2835	56.17
2026/08/31 09:25:25.264	1198	402	51	4	2835	56.17
2026/08/31 09:25:25.364	1198	402	51	4	2835	56.17
2026/08/31 09:25:25.464	1198	402	51	4	2835	56.17
2026/08/31 09:25:25.564	1198	402	50	5	2835	56.24
2026/08/31 09:25:25.664	1198	402	50	5	2835	56.24
2026/08/31 09:25:25.765	1198	402	50	5	2835	56.24
2026/08/31 09:25:25.865	1198	402	50	5	2835	56.24
2026/08/31 09:25:25.965	1198	402	50	5	2835	56.24
2026/08/31 09:25:26.065	1198	402	51	4	2835	56.12
2026/08/31 09:25:26.165	1198	402	51	4	2835	56.12
2026/08/31 09:25:26.265	1198	402	51	4	2835	56.12
2026/08/31 09:25:26.365	1198	402	51	4	2835	56.12
2026/08/31 09:25:26.465	1198	402	51	4	2835	56.12
2026/08/31 09:25:26.565	1198	402	51	5	2835	56.32
2026/08/31 09:25:26.666	1198	402	51	5	2835	56.32
2026/08/31 09:25:26.766	1198	402	51	5	2835	56.32
2026/08/31 09:25:26.866	1198	402	51	5	2835	56.32
2026/08/31 09:25:26.966	1198	402	51	5	2835	56.32
2026/08/31 09:25:27.066	1198	402	51	4	2835	56.16
2026/08/31 09:25:27.166	1198	402	51	4	2835	56.16
2026/08/31 09:25:27.266	1198	402	51	4	2835	56.16
2026/08/31 09:25:27.366	1198	402	51	4	2835	56.16
2026/08/31 09:25:27.466	1198	402	51	4	2835	56.16
2026/08/31 09:25:27.567	1198	402	50	5	2835	56.21
2026/08/31 09:25:27.667	1198	402	50	5	2835	56.21
2026/08/31 09:25:27.767	1198	402	50	5	2835	56.21
2026/08/31 09:25:27.867	1198	402	50	5	2835	56.21
2026/08/31 09:25:27.967	1198	402	50	5	2835	56.21
2026/08/31 09:25:28.067	1198	402	50	4	2835	56.09
2026/08/31 09:25:28.167	1198	402	50	4	2835	56.09
2026/08/31 09:25:28.267	1198	402	50	4	2835	56.09
2026/08/31 09:25:28.367	1198	402	50	4	2835	56.09
2026/08/31 09:25:28.468	1198	402	50	4	2835	56.09
2026/08/31 09:25:28.568	1198	402	50	5	2835	56.28
2026/08/31 09:25:28.668	1198	402	50	5	2835	56.28
2026/08/31 09:25:28.768	1198	402	50	5	2835	56.28
2026/08/31 09:25:28.868	1198	402	50	5	2835	56.28
2026/08/31 09:25:28.968	1198	402	50	5	2835	56.28
2026/08/31 09:25:29.068	1198	402	52	4	2835	56.28
2026/08/31 09:25:29.168	1198	402	52	4	2835	56.28
2026/08/31 09:25:29.268	1198	402	52	4	2835	56.28
2026/08/31 09:25:29.368	1198	402	52	4	2835	56.28
2026/08/31 09:25:29.469	1198	402	52	4	2835	56.28
2026/08/31 09:25:29.569	1198	402	51	5	2835	56.45
2026/08/31 09:25:29.669	1198	402	51	5	2835	56.45
2026/08/31 09:25:29.769	1198	402	51	5	2835	56.45
2026/08/31 09:25:29.869	1198	402	51	5	2835	56.45
2026/08/31 09:25:29.969	1198	402	51	5	2835	56.45
2026/08/31 09:25:30.069	1198	402	50	4	2835	56.28
2026/08/31 09:25:30.169	1198	402	50	4	2835	56.28
2026/08/31 09:25:30.269	1198	402	50	4	2835	56.28
2026/08/31 09:25:30.369	1198	402	50	4	2835	56.28
2026/08/31 09:25:30.469	1198	402	50	4	2835	56.28
2026/08/31 09:25:30.570	1198	402	49	5	2835	56.41
2026/08/31 09:25:30.670	1198	402	49	5	2835	56.41
2026/08/31 09:25:30.770	1198	402	49	5	2835	56.41
2026/08/31 09:25:30.870	1198	402	49	5	2835	56.41
2026/08/31 09:25:30.970	1198	402	49	5	2835	56.41
2026/08/31 09:25:31.070	1198	402	50	4	2835	56.40
2026/08/31 09:25:31.170	1198	402	50	4	2835	56.40
2026/08/31 09:25:31.270	1198	402	50	4	2835	56.40
2026/08/31 09:25:31.370	1198	402	50	4	2835	56.40
2026/08/31 09:25:31.471	1198	402	50	4	2835	56.40
2026/08/31 09:25:31.571	1198	402	52	5	2835	56.53
2026/08/31 09:25:31.671	1198	402	52	5	2835	56.53
2026/08/31 09:25:31.771	1198	402	52	5	2835	56.53
2026/08/31 09:25:31.871	1198	402	52	5	2835	56.53
2026/08/31 09:25:31.971	1198	402	52	5	2835	56.53
2026/08/31 09:25:32.071	1198	402	50	4	2835	56.38
2026/08/31 09:25:32.171	1198	402	50	4	2835	56.38
2026/08/31 09:25:32.271	1198	402	50	4	2835	56.38
2026/08/31 09:25:32.371	1198	402	50	4	2835	56.38
2026/08/31 09:25:32.471	1198	402	50	4	2835	56.38
2026/08/31 09:25:32.572	1198	402	50	5	2835	56.50
2026/08/31 09:25:32.672	1198	402	50	5	2835	56.50
2026/08/31 09:25:32.772	1198	402	50	5	2835	56.50
2026/08/31 09:25:32.872	1198	402	50	5	2835	56.50
2026/08/31 09:25:32.972	1198	402	50	5	2835	56.50
2026/08/31 09:25:33.072	1198	402	50	4	2835	56.37
2026/08/31 09:25:33.172	1198	402	50	4	2835	56.37
2026/08/31 09:25:33.272	1198	402	50	4	2835	56.37
2026/08/31 09:25:33.372	1198	402	50	4	2835	56.37
2026/08/31 09:25:33.472	1198	402	50	4	2835	56.37
2026/08/31 09:25:33.573	1198	402	50	5	2835	56.47
2026/08/31 09:25:33.673	1198	402	50	5	2835	56.47
2026/08/31 09:25:33.773	1198	402	50	5	2835	56.47
2026/08/31 09:25:33.873	1198	402	50	5	2835	56.47
2026/08/31 09:25:33.973	1198	402	50	5	2835	56.47
2026/08/31 09:25:34.073	1198	402	50	4	2835	56.41
2026/08/31 09:25:34.173	1198	402	50	4	2835	56.41
2026/08/31 09:25:34.273	1198	402	50	4	2835	56.41
2026/08/31 09:25:34.374	1198	402	50	4	2835	56.41
2026/08/31 09:25:34.474	1198	402	50	4	2835	56.41
2026/08/31 09:25:34.574	1198	402	51	5	2835	56.57
2026/08/31 09:25:34.674	1198	402	51	5	2835	56.57
2026/08/31 09:25:34.774	1198	402	51	5	2835	56.57
2026/08/31 09:25:34.874	1198	402	51	5	2835	56.57
2026/08/31 09:25:34.974	1198	402	51	5	2835	56.57
2026/08/31 09:25:35.074	1198	402	51	4	2835	56.53
2026/08/31 09:25:35.174	1198	402	51	4	2835	56.53
2026/08/31 09:25:35.274	1198	402	51	4	2835	56.53
2026/08/31 09:25:35.375	1198	402	51	4	2835	56.53
2026/08/31 09:25:35.475	1198	402	51	4	2835	56.53
2026/08/31 09:25:35.575	1198	402	50	5	2835	56.66
2026/08/31 09:25:35.675	1198	402	50	5	2835	56.66
2026/08/31 09:25:35.775	1198	402	50	5	2835	56.66
2026/08/31 09:25:35.875	1198	402	50	5	2835	56.66
2026/08/31 09:25:35.975	1198	402	50	5	2835	56.66
2026/08/31 09:25:36.075	1198	402	51	4	2835	56.45
2026/08/31 09:25:36.175	1198	402	51	4	2835	56.45
2026/08/31 09:25:36.275	1198	402	51	4	2835	56.45
2026/08/31 09:25:36.376	1198	402	51	4	2835	56.45
2026/08/31 09:25:36.476	1198	402	51	4	2835	56.45
2026/08/31 09:25:36.576	1198	402	51	5	2835	56.45
2026/08/31 09:25:36.676	1198	402	51	5	2835	56.45
2026/08/31 09:25:36.776	1198	402	51	5	2835	56.45
2026/08/31 09:25:36.876	1198	402	51	5	2835	56.45
2026/08/31 09:25:36.976	1198	402	51	5	2835	56.45
2026/08/31 09:25:37.076	1198	402	51	4	2835	56.38
2026/08/31 09:25:37.176	1198	402	51	4	2835	56.38
2026/08/31 09:25:37.276	1198	402	51	4	2835	56.38
2026/08/31 09:25:37.377	1198	402	51	4	2835	56.38
2026/08/31 09:25:37.477	1198	402	51	4	2835	56.38
2026/08/31 09:25:37.577	1198	402	51	5	2835	56.53
2026/08/31 09:25:37.677	1198	402	51	5	2835	56.53
2026/08/31 09:25:37.777	1198	402	51	5	2835	56.53
2026/08/31 09:25:37.877	1198	402	51	5	2835	56.53
2026/08/31 09:25:37.977	1198	402	51	5	2835	56.53
2026/08/31 09:25:38.077	1198	402	52	4	2835	56.37
2026/08/31 09:25:38.177	1198	402	52	4	2835	56.37
2026/08/31 09:25:38.278	1198	402	52	4	2835	56.37
2026/08/31 09:25:38.378	1198	402	52	4	2835	56.37
2026/08/31 09:25:38.478	1198	402	52	4	2835	56.37
2026/08/31 09:25:38.578	1198	402	51	5	2835	56.46
2026/08/31 09:25:38.678	1198	402	51	5	2835	56.46
2026/08/31 09:25:38.778	1198	402	51	5	2835	56.46
2026/08/31 09:25:38.878	1198	402	51	5	2835	56.46
2026/08/31 09:25:38.978	1198	402	51	5	2835	56.46
2026/08/31 09:25:39.078	1198	402	50	4	2835	56.46
2026/08/31 09:25:39.179	1198	402	50	4	2835	56.46
2026/08/31 09:25:39.279	1198	402	50	4	2835	56.46
2026/08/31 09:25:39.379	1198	402	50	4	2835	56.46
2026/08/31 09:25:39.479	1198	402	50	4	2835	56.46
2026/08/31 09:25:39.579	1198	402	51	5	2835	57.03
2026/08/31 09:25:39.679	1198	402	51	5	2835	57.03
2026/08/31 09:25:39.779	1198	402	51	5	2835	57.03
2026/08/31 09:25:39.880	1198	402	51	5	2835	57.03
2026/08/31 09:25:39.980	1198	402	51	5	2835	57.03
2026/08/31 09:25:40.080	1198	402	51	4	2835	56.93
2026/08/31 09:25:40.180	1198	402	51	4	2835	56.93
2026/08/31 09:25:40.280	1198	402	51	4	2835	56.93
2026/08/31 09:25:40.380	1198	402	51	4	2835	56.93
2026/08/31 09:25:40.480	1198	402	51	4	2835	56.93
2026/08/31 09:25:40.580	1198	402	52	5	2835	56.54
2026/08/31 09:25:40.680	1198	402	52	5	2835	56.54
2026/08/31 09:25:40.780	1198	402	52	5	2835	56.54
2026/08/31 09:25:40.881	1198	402	52	5	2835	56.54
2026/08/31 09:25:40.981	1198	402	52	5	2835	56.54
2026/08/31 09:25:41.081	1198	402	50	4	2835	56.34
2026/08/31 09:25:41.181	1198	402	50	4	2835	56.34
2026/08/31 09:25:41.281	1198	402	50	4	2835	56.34
2026/08/31 09:25:41.381	1198	402	50	4	2835	56.34
2026/08/31 09:25:41.481	1198	402	50	4	2835	56.34
2026/08/31 09:25:41.581	1198	402	50	5	2835	56.52
2026/08/31 09:25:41.681	1198	402	50	5	2835	56.52
2026/08/31 09:25:41.782	1198	402	50	5	2835	56.52
2026/08/31 09:25:41.882	1198	402	50	5	2835	56.52
2026/08/31 09:25:41.982	1198	402	50	5	2835	56.52
2026/08/31 09:25:42.082	1198	402	51	4	2835	56.43
2026/08/31 09:25:42.182	1198	402	51	4	2835	56.43
2026/08/31 09:25:42.282	1198	402	51	4	2835	56.43
2026/08/31 09:25:42.382	1198	402	51	4	2835	56.43
2026/08/31 09:25:42.482	1198	402	51	4	2835	56.43
2026/08/31 09:25:42.582	1198	402	49	5	2835	56.56
2026/08/31 09:25:42.683	1198	402	49	5	2835	56.56
2026/08/31 09:25:42.783	1198	402	49	5	2835	56.56
2026/08/31 09:25:42.883	1198	402	49	5	2835	56.56
2026/08/31 09:25:42.983	1198	402	49	5	2835	56.56
2026/08/31 09:25:43.083	1198	402	51	4	2835	56.41
2026/08/31 09:25:43.183	1198	402	51	4	2835	56.41
2026/08/31 09:25:43.283	1198	402	51	4	2835	56.41
2026/08/31 09:25:43.383	1198	402	51	4	2835	56.41
2026/08/31 09:25:43.483	1198	402	51	4	2835	56.41
2026/08/31 09:25:43.583	1198	402	48	5	2835	56.53
2026/08/31 09:25:43.684	1198	402	48	5	2835	56.53
2026/08/31 09:25:43.784	1198	402	48	5	2835	56.53
2026/08/31 09:25:43.884	1198	402	48	5	2835	56.53
2026/08/31 09:25:43.984	1198	402	48	5	2835	56.53
2026/08/31 09:25:44.084	1198	402	51	4	2835	56.47
2026/08/31 09:25:44.184	1198	402	51	4	2835	56.47
2026/08/31 09:25:44.284	1198	402	51	4	2835	56.47
2026/08/31 09:25:44.384	1198	402	51	4	2835	56.47
2026/08/31 09:25:44.484	1198	402	51	4	2835	56.47
2026/08/31 09:25:44.584	1198	402	49	5	2835	56.57
2026/08/31 09:25:44.685	1198	402	49	5	2835	56.57
2026/08/31 09:25:44.785	1198	402	49	5	2835	56.57
2026/08/31 09:25:44.885	1198	402	49	5	2835	56.57
2026/08/31 09:25:44.985	1198	402	49	5	2835	56.57
2026/08/31 09:25:45.085	1198	402	51	4	2835	56.46
2026/08/31 09:25:45.185	1198	402	51	4	2835	56.46
2026/08/31 09:25:45.285	1198	402	51	4	2835	56.46
2026/08/31 09:25:45.385	1198	402	51	4	2835	56.46
2026/08/31 09:25:45.485	1198	402	51	4	2835	56.51
2026/08/31 09:25:45.585	1198	402	52	5	2835	56.51
2026/08/31 09:25:45.686	1198	402	52	5	2835	56.51
2026/08/31 09:25:45.786	1198	402	52	5	2835	56.51
2026/08/31 09:25:45.886	1198	402	52	5	2835	56.51
2026/08/31 09:25:45.986	1198	402	50	4	2835	56.44
2026/08/31 09:25:46.086	1198	402	50	4	2835	56.44
2026/08/31 09:25:46.186	1198	402	50	4	2835	56.44
2026/08/31 09:25:46.286	1198	402	50	4	2835	56.44
2026/08/31 09:25:46.386	1198	402	50	4	2835	56.44
2026/08/31 09:25:46.486	1198	402	51	5	2835	56.59
2026/08/31 09:25:46.586	1198	402	51	5	2835	56.59
2026/08/31 09:25:46.686	1198	402	51	5	2835	56.59
2026/08/31 09:25:46.787	1198	402	51	5	2835	56.59
2026/08/31 09:25:46.887	1198	402	51	5	2835	56.59
2026/08/31 09:25:46.987	1198	402	52	5	2835	56.52
2026/08/31 09:25:47.087	1198	402	52	5	2835	56.52
2026/08/31 09:25:47.187	1198	402	52	5	2835	56.52
2026/08/31 09:25:47.287	1198	402	52	5	2835	56.52
2026/08/31 09:25:47.387	1198	402	52	5	2835	56.52
2026/08/31 09:25:47.487	1198	402	49	5	2835	56.62
2026/08/31 09:25:47.587	1198	402	49	5	2835	56.62
2026/08/31 09:25:47.687	1198	402	49	5	2835	56.62
2026/08/31 09:25:47.788	1198	402	49	5	2835	56.62
2026/08/31 09:25:47.888	1198	402	49	5	2835	56.62
2026/08/31 09:25:47.988	1198	402	51	4	2835	56.58
2026/08/31 09:25:48.088	1198	402	51	4	2835	56.58
2026/08/31 09:25:48.188	1198	402	51	4	2835	56.58
2026/08/31 09:25:48.288	1198	402	51	4	2835	56.58
2026/08/31 09:25:48.388	1198	402	51	4	2835	56.58
2026/08/31 09:25:48.488	1198	402	48	5	2835	56.65
2026/08/31 09:25:48.588	1198	402	48	5	2835	56.65
2026/08/31 09:25:48.688	1198	402	48	5	2835	56.65
2026/08/31 09:25:48.789	1198	402	48	5	2835	56.65
2026/08/31 09:25:48.889	1198	402	48	5	2835	56.65
2026/08/31 09:25:48.989	1198	402	50	4	2835	56.46
2026/08/31 09:25:49.089	1198	402	50	4	2835	56.46
2026/08/31 09:25:49.189	1198	402	50	4	2835	56.46
2026/08/31 09:25:49.289	1198	402	50	4	2835	56.46
2026/08/31 09:25:49.389	1198	402	50	4	2835	56.46
2026/08/31 09:25:49.489	1198	402	51	5	2835	56.65
2026/08/31 09:25:49.589	1198	402	51	5	2835	56.65
2026/08/31 09:25:49.689	1198	402	51	5	2835	56.65
2026/08/31 09:25:49.790	1198	402	51	5	2835	56.65
2026/08/31 09:25:49.890	1198	402	51	5	2835	56.65
2026/08/31 09:25:49.990	1198	402	50	4	2835	56.61
2026/08/31 09:25:50.090	1198	402	50	4	2835	56.61
2026/08/31 09:25:50.190	1198	402	50	4	2835	56.61
2026/08/31 09:25:50.290	1198	402	50	4	2835	56.61
2026/08/31 09:25:50.390	1198	402	50	4	2835	56.61
2026/08/31 09:25:50.490	1198	402	50	5	2835	56.75
2026/08/31 09:25:50.590	1198	402	50	5	2835	56.75
2026/08/31 09:25:50.690	1198	402	50	5	2835	56.75
2026/08/31 09:25:50.791	1198	402	50	5	2835	56.75
2026/08/31 09:25:50.891	1198	402	50	5	2835	56.75
2026/08/31 09:25:50.991	1198	402	52	4	2835	56.73
2026/08/31 09:25:51.091	1198	402	52	4	2835	56.73
2026/08/31 09:25:51.191	1198	402	52	4	2835	56.73
2026/08/31 09:25:51.291	1198	402	52	4	2835	56.73
2026/08/31 09:25:51.391	1198	402	52	4	2835	56.73
2026/08/31 09:25:51.491	1198	402	49	5	2835	56.79
2026/08/31 09:25:51.591	1198	402	49	5	2835	56.79
2026/08/31 09:25:51.692	1198	402	49	5	2835	56.79
2026/08/31 09:25:51.792	1198	402	49	5	2835	56.79
2026/08/31 09:25:51.892	1198	402	49	5	2835	56.79
2026/08/31 09:25:51.992	1198	402	52	4	2835	56.53
2026/08/31 09:25:52.092	1198	402	52	4	2835	56.53
2026/08/31 09:25:52.192	1198	402	52	4	2835	56.53
2026/08/31 09:25:52.292	1198	402	52	4	2835	56.53
2026/08/31 09:25:52.392	1198	402	52	4	2835	56.53
2026/08/31 09:25:52.492	1198	402	50	5	2835	56.66
2026/08/31 09:25:52.592	1198	402	50	5	2835	56.66
2026/08/31 09:25:52.692	1198	402	50	5	2835	56.66
2026/08/31 09:25:52.793	1198	402	50	5	2835	56.66
2026/08/31 09:25:52.893	1198	402	50	5	2835	56.66
2026/08/31 09:25:52.993	1198	402	50	4	2835	56.67
2026/08/31 09:25:53.093	1198	402	50	4	2835	56.67
2026/08/31 09:25:53.193	1198	402	50	4	2835	56.67
2026/08/31 09:25:53.293	1198	402	50	4	2835	56.67
2026/08/31 09:25:53.393	1198	402	50	4	2835	56.67
2026/08/31 09:25:53.493	1198	402	50	5	2835	56.83
2026/08/31 09:25:53.593	1198	402	50	5	2835	56.83
2026/08/31 09:25:53.693	1198	402	50	5	2835	56.83
2026/08/31 09:25:53.794	1198	402	50	5	2835	56.83
2026/08/31 09:25:53.894	1198	402	50	5	2835	56.83
2026/08/31 09:25:53.994	1198	402	49	4	2835	56.59
2026/08/31 09:25:54.094	1198	402	49	4	2835	56.59
2026/08/31 09:25:54.194	1198	402	49	4	2835	56.59
2026/08/31 09:25:54.294	1198	402	49	4	2835	56.59
2026/08/31 09:25:54.394	1198	402	49	4	2835	56.59
2026/08/31 09:25:54.494	1198	402	50	5	2835	56.64
2026/08/31 09:25:54.594	1198	402	50	5	2835	56.64
2026/08/31 09:25:54.694	1198	402	50	5	2835	56.64
2026/08/31 09:25:54.795	1198	402	50	5	2835	56.64
2026/08/31 09:25:54.895	1198	402	50	5	2835	56.64
2026/08/31 09:25:54.995	1198	402	48	4	2835	56.56
2026/08/31 09:25:55.095	1198	402	48	4	2835	56.56
2026/08/31 09:25:55.195	1198	402	48	4	2835	56.56
2026/08/31 09:25:55.295	1198	402	48	4	2835	56.56
2026/08/31 09:25:55.395	1198	402	48	4	2835	56.56
2026/08/31 09:25:55.495	1198	402	50	5	2835	56.71
2026/08/31 09:25:55.595	1198	402	50	5	2835	56.71
2026/08/31 09:25:55.695	1198	402	50	5	2835	56.71
2026/08/31 09:25:55.796	1198	402	50	5	2835	56.71
2026/08/31 09:25:55.896	1198	402	50	5	2835	56.71
2026/08/31 09:25:55.996	1198	402	51	5	2835	56.69
2026/08/31 09:25:56.096	1198	402	51	5	2835	56.69
2026/08/31 09:25:56.196	1198	402	51	5	2835	56.69
2026/08/31 09:25:56.296	1198	402	51	5	2835	56.69
2026/08/31 09:25:56.396	1198	402	51	5	2835	56.69
2026/08/31 09:25:56.496	1198	402	51	5	2835	56.77
2026/08/31 09:25:56.596	1198	402	51	5	2835	56.77
2026/08/31 09:25:56.696	1198	402	51	5	2835	56.77
2026/08/31 09:25:56.797	1198	402	51	5	2835	56.77
2026/08/31 09:25:56.897	1198	402	51	5	2835	56.77
2026/08/31 09:25:56.997	1198	402	49	4	2835	56.65
2026/08/31 09:25:57.097	1198	402	49	4	2835	56.65
2026/08/31 09:25:57.197	1198	402	49	4	2835	56.65
2026/08/31 09:25:57.297	1198	402	49	4	2835	56.65
2026/08/31 09:25:57.397	1198	402	49	4	2835	56.65
2026/08/31 09:25:57.497	1198	402	51	5	2835	56.69
2026/08/31 09:25:57.597	1198	402	51	5	2835	56.69
2026/08/31 09:25:57.697	1198	402	51	5	2835	56.69
2026/08/31 09:25:57.798	1198	402	51	5	2835	56.69
2026/08/31 09:25:57.898	1198	402	51	5	2835	56.69
2026/08/31 09:25:57.998	1198	402	50	4	2835	56.57
2026/08/31 09:25:58.098	1198	402	50	4	2835	56.57
2026/08/31 09:25:58.198	1198	402	50	4	2835	56.57
2026/08/31 09:25:58.298	1198	402	50	4	2835	56.57
2026/08/31 09:25:58.398	1198	402	50	4	2835	56.57
2026/08/31 09:25:58.498	1198	402	50	5	2835	56.78
2026/08/31 09:25:58.598	1198	402	50	5	2835	56.78
2026/08/31 09:25:58.699	1198	402	50	5	2835	56.78
2026/08/31 09:25:58.799	1198	402	50	5	2835	56.78
2026/08/31 09:25:58.899	1198	402	50	5	2835	56.78
2026/08/31 09:25:58.999	1198	402	51	4	2835	56.77
2026/08/31 09:25:59.099	1198	402	51	4	2835	56.77
2026/08/31 09:25:59.199	1198	402	51	4	2835	56.77
2026/08/31 09:25:59.299	1198	402	51	4	2835	56.77
2026/08/31 09:25:59.399	1198	402	51	4	2835	56.77
2026/08/31 09:25:59.499	1198	402	50	5	2835	56.92
2026/08/31 09:25:59.599	1198	402	50	5	2835	56.92
2026/08/31 09:25:59.699	1198	402	50	5	2835	56.92
2026/08/31 09:25:59.800	1198	402	50	5	2835	56.92
2026/08/31 09:25:59.900	1198	402	50	5	2835	56.92
2026/08/31 09:26:00.000	1198	402	49	4	2835	56.69
2026/08/31 09:26:00.100	1198	402	49	4	2835	56.69
2026/08/31 09:26:00.200	1198	402	49	4	2835	56.69
2026/08/31 09:26:00.300	1198	402	49	4	2835	56.69
2026/08/31 09:26:00.400	1198	402	49	4	2835	56.69
2026/08/31 09:26:00.500	1198	402	50	5	2835	56.62
2026/08/31 09:26:00.600	1198	402	50	5	2835	56.62
2026/08/31 09:26:00.700	1198	402	50	5	2835	56.62
2026/08/31 09:26:00.801	1198	402	50	5	2835	56.62
2026/08/31 09:26:00.901	1198	402	50	5	2835	56.62
2026/08/31 09:26:01.001	1198	402	50	4	2835	56.48
2026/08/31 09:26:01.101	1198	402	50	4	2835	56.48
2026/08/31 09:26:01.201	1198	402	50	4	2835	56.48
2026/08/31 09:26:01.301	1198	402	50	4	2835	56.48
2026/08/31 09:26:01.401	1198	402	50	4	2835	56.48
2026/08/31 09:26:01.501	1198	402	52	5	2835	56.62
2026/08/31 09:26:01.601	1198	402	52	5	2835	56.62
2026/08/31 09:26:01.701	1198	402	52	5	2835	56.62
2026/08/31 09:26:01.802	1198	402	52	5	2835	56.62
2026/08/31 09:26:01.902	1198	402	52	5	2835	56.62
2026/08/31 09:26:02.002	1198	402	51	4	2835	56.61
2026/08/31 09:26:02.102	1198	402	51	4	2835	56.61
2026/08/31 09:26:02.202	1198	402	51	4	2835	56.61
2026/08/31 09:26:02.302	1198	402	51	4	2835	56.61
2026/08/31 09:26:02.402	1198	402	51	4	2835	56.61
2026/08/31 09:26:02.502	1198	402	50	5	2835	56.81
2026/08/31 09:26:02.602	1198	402	50	5	2835	56.81
2026/08/31 09:26:02.702	1198	402	50	5	2835	56.81
2026/08/31 09:26:02.803	1198	402	50	5	2835	56.81
2026/08/31 09:26:02.903	1198	402	50	5	2835	56.81
2026/08/31 09:26:03.003	1198	402	49	4	2835	56.62
2026/08/31 09:26:03.103	1198	402	49	4	2835	56.62
2026/08/31 09:26:03.203	1198	402	49	4	2835	56.62
2026/08/31 09:26:03.303	1198	402	49	4	2835	56.62
2026/08/31 09:26:03.403	1198	402	49	4	2835	56.62
2026/08/31 09:26:03.503	1198	402	49	5	2835	56.68
2026/08/31 09:26:03.603	1198	402	49	5	2835	56.68
2026/08/31 09:26:03.703	1198	402	49	5	2835	56.68
2026/08/31 09:26:03.804	1198	402	49	5	2835	56.68
2026/08/31 09:26:03.904	1198	402	49	5	2835	56.68
2026/08/31 09:26:04.004	1198	402	50	4	2835	56.56
2026/08/31 09:26:04.104	1198	402	50	4	2835	56.56
2026/08/31 09:26:04.204	1198	402	50	4	2835	56.56
2026/08/31 09:26:04.304	1198	402	50	4	2835	56.56
2026/08/31 09:26:04.404	1198	402	50	4	2835	56.56
2026/08/31 09:26:04.504	1198	402	50	5	2835	56.78
2026/08/31 09:26:04.604	1198	402	50	5	2835	56.78
2026/08/31 09:26:04.704	1198	402	50	5	2835	56.78
2026/08/31 09:26:04.805	1198	402	50	5	2835	56.78
2026/08/31 09:26:04.905	1198	402	50	5	2835	56.78
2026/08/31 09:26:05.005	1198	402	49	4	2835	56.72
2026/08/31 09:26:05.105	1198	402	49	4	2835	56.72
2026/08/31 09:26:05.205	1198	402	49	4	2835	56.72
2026/08/31 09:26:05.305	1198	402	49	4	2835	56.72
2026/08/31 09:26:05.405	1198	402	49	4	2835	56.72
2026/08/31 09:26:05.505	1198	402	51	5	2835	56.77
2026/08/31 09:26:05.605	1198	402	51	5	2835	56.77
2026/08/31 09:26:05.705	1198	402	51	5	2835	56.77
2026/08/31 09:26:05.805	1198	402	51	5	2835	56.77
2026/08/31 09:26:05.906	1198	402	51	5	2835	56.77
2026/08/31 09:26:06.006	1198	402	51	4	2835	56.54
2026/08/31 09:26:06.106	1198	402	51	4	2835	56.54
2026/08/31 09:26:06.206	1198	402	51	4	2835	56.54
2026/08/31 09:26:06.306	1198	402	51	4	2835	56.54
2026/08/31 09:26:06.406	1198	402	51	4	2835	56.54
2026/08/31 09:26:06.506	1198	402	49	5	2835	56.69
2026/08/31 09:26:06.606	1198	402	49	5	2835	56.69
2026/08/31 09:26:06.706	1198	402	49	5	2835	56.69
2026/08/31 09:26:06.806	1198	402	49	5	2835	56.69
2026/08/31 09:26:06.907	1198	402	49	5	2835	56.69
2026/08/31 09:26:07.007	1198	402	52	4	2835	56.67
2026/08/31 09:26:07.107	1198	402	52	4	2835	56.67
2026/08/31 09:26:07.207	1198	402	52	4	2835	56.67
2026/08/31 09:26:07.308	1198	402	52	4	2835	56.67
2026/08/31 09:26:07.408	1198	402	52	4	2835	56.67
2026/08/31 09:26:07.508	1198	402	50	5	2835	56.86
2026/08/31 09:26:07.608	1198	402	50	5	2835	56.86
2026/08/31 09:26:07.708	1198	402	50	5	2835	56.86
2026/08/31 09:26:07.809	1198	402	50	5	2835	56.86
2026/08/31 09:26:07.909	1198	402	50	5	2835	56.86
2026/08/31 09:26:08.009	1198	402	51	4	2835	56.76
2026/08/31 09:26:08.109	1198	402	51	4	2835	56.76
2026/08/31 09:26:08.209	1198	402	51	4	2835	56.76
2026/08/31 09:26:08.309	1198	402	51	4	2835	56.76
2026/08/31 09:26:08.409	1198	402	51	4	2835	56.76
2026/08/31 09:26:08.509	1198	402	49	5	2835	56.97
2026/08/31 09:26:08.609	1198	402	49	5	2835	56.97
2026/08/31 09:26:08.709	1198	402	49	5	2835	56.97
2026/08/31 09:26:08.810	1198	402	49	5	2835	56.97
2026/08/31 09:26:08.910	1198	402	49	5	2835	56.97
2026/08/31 09:26:09.010	1198	402	52	4	2835	56.92
2026/08/31 09:26:09.110	1198	402	52	4	2835	56.92
2026/08/31 09:26:09.210	1198	402	52	4	2835	56.92
2026/08/31 09:26:09.310	1198	402	52	4	2835	56.92
2026/08/31 09:26:09.410	1198	402	52	4	2835	56.92
2026/08/31 09:26:09.510	1198	402	49	5	2835	56.90
2026/08/31 09:26:09.610	1198	402	49	5	2835	56.90
2026/08/31 09:26:09.710	1198	402	49	5	2835	56.90
2026/08/31 09:26:09.811	1198	402	49	5	2835	56.90
2026/08/31 09:26:09.911	1198	402	49	5	2835	56.90
2026/08/31 09:26:10.011	1198	402	51	4	2835	56.77
2026/08/31 09:26:10.111	1198	402	51	4	2835	56.77
2026/08/31 09:26:10.211	1198	402	51	4	2835	56.77
2026/08/31 09:26:10.311	1198	402	51	4	2835	56.77
2026/08/31 09:26:10.411	1198	402	51	4	2835	56.77
2026/08/31 09:26:10.511	1198	402	49	5	2835	56.69
2026/08/31 09:26:10.611	1198	402	49	5	2835	56.69
2026/08/31 09:26:10.711	1198	402	49	5	2835	56.69
2026/08/31 09:26:10.811	1198	402	49	5	2835	56.69
2026/08/31 09:26:10.912	1198	402	49	5	2835	56.69
2026/08/31 09:26:11.012	1198	402	48	4	2835	56.38
2026/08/31 09:26:11.112	1198	402	48	4	2835	56.38
2026/08/31 09:26:11.212	1198	402	48	4	2835	56.38
2026/08/31 09:26:11.312	1198	402	48	4	2835	56.38
2026/08/31 09:26:11.412	1198	402	48	4	2835	56.38
2026/08/31 09:26:11.512	1198	402	48	5	2835	56.45
2026/08/31 09:26:11.612	1198	402	48	5	2835	56.45
2026/08/31 09:26:11.712	1198	402	48	5	2835	56.45
2026/08/31 09:26:11.812	1198	402	48	5	2835	56.45
2026/08/31 09:26:11.912	1198	402	48	5	2835	56.45
2026/08/31 09:26:12.013	1198	402	50	4	2835	56.30
2026/08/31 09:26:12.113	1198	402	50	4	2835	56.30
2026/08/31 09:26:12.213	1198	402	50	4	2835	56.30
2026/08/31 09:26:12.313	1198	402	50	4	2835	56.30
2026/08/31 09:26:12.413	1198	402	50	4	2835	56.30
2026/08/31 09:26:12.513	1198	402	48	5	2835	56.54
2026/08/31 09:26:12.613	1198	402	48	5	2835	56.54
2026/08/31 09:26:12.713	1198	402	48	5	2835	56.54
2026/08/31 09:26:12.813	1198	402	48	5	2835	56.54
2026/08/31 09:26:12.913	1198	402	48	5	2835	56.54
2026/08/31 09:26:13.013	1198	402	50	4	2835	56.51
2026/08/31 09:26:13.114	1198	402	50	4	2835	56.51
2026/08/31 09:26:13.214	1198	402	50	4	2835	56.51
2026/08/31 09:26:13.314	1198	402	50	4	2835	56.51
2026/08/31 09:26:13.414	1198	402	50	4	2835	56.51
2026/08/31 09:26:13.514	1198	402	50	5	2835	56.57
2026/08/31 09:26:13.614	1198	402	50	5	2835	56.57
2026/08/31 09:26:13.714	1198	402	50	5	2835	56.57
2026/08/31 09:26:13.814	1198	402	50	5	2835	56.57
2026/08/31 09:26:13.914	1198	402	50	5	2835	56.57
2026/08/31 09:26:14.014	1198	402	50	4	2835	56.46
2026/08/31 09:26:14.115	1198	402	50	4	2835	56.46
2026/08/31 09:26:14.215	1198	402	50	4	2835	56.46
2026/08/31 09:26:14.315	1198	402	50	4	2835	56.46
2026/08/31 09:26:14.415	1198	402	50	4	2835	56.46
2026/08/31 09:26:14.515	1198	402	47	5	2835	56.58
2026/08/31 09:26:14.615	1198	402	47	5	2835	56.58
2026/08/31 09:26:14.715	1198	402	47	5	2835	56.58
2026/08/31 09:26:14.815	1198	402	47	5	2835	56.58
2026/08/31 09:26:14.915	1198	402	47	5	2835	56.58
2026/08/31 09:26:15.016	1198	402	53	4	2835	56.48
2026/08/31 09:26:15.116	1198	402	53	4	2835	56.48
2026/08/31 09:26:15.216	1198	402	53	4	2835	56.48
2026/08/31 09:26:15.316	1198	402	53	4	2835	56.48
2026/08/31 09:26:15.416	1198	402	53	4	2835	56.48
2026/08/31 09:26:15.516	1198	402	50	5	2835	56.61
2026/08/31 09:26:15.616	1198	402	50	5	2835	56.61
2026/08/31 09:26:15.716	1198	402	50	5	2835	56.61
2026/08/31 09:26:15.816	1198	402	50	5	2835	56.61
2026/08/31 09:26:15.916	1198	402	50	5	2835	56.61
2026/08/31 09:26:16.017	1198	402	51	4	2835	56.64
2026/08/31 09:26:16.117	1198	402	51	4	2835	56.64
2026/08/31 09:26:16.217	1198	402	51	4	2835	56.64
2026/08/31 09:26:16.317	1198	402	51	4	2835	56.64
2026/08/31 09:26:16.417	1198	402	51	4	2835	56.64
2026/08/31 09:26:16.517	1198	402	49	5	2835	56.80
2026/08/31 09:26:16.617	1198	402	49	5	2835	56.80
2026/08/31 09:26:16.717	1198	402	49	5	2835	56.80
2026/08/31 09:26:16.817	1198	402	49	5	2835	56.80
2026/08/31 09:26:16.917	1198	402	49	5	2835	56.80
2026/08/31 09:26:17.017	1198	402	51	4	2835	56.77
2026/08/31 09:26:17.118	1198	402	51	4	2835	56.77
2026/08/31 09:26:17.218	1198	402	51	4	2835	56.77
2026/08/31 09:26:17.318	1198	402	51	4	2835	56.77
2026/08/31 09:26:17.418	1198	402	51	4	2835	56.77
2026/08/31 09:26:17.518	1198	402	49	5	2835	56.92
2026/08/31 09:26:17.618	1198	402	49	5	2835	56.92
2026/08/31 09:26:17.718	1198	402	49	5	2835	56.92
2026/08/31 09:26:17.818	1198	402	49	5	2835	56.92
2026/08/31 09:26:17.918	1198	402	49	5	2835	56.92
2026/08/31 09:26:18.018	1198	402	51	4	2835	56.86
2026/08/31 09:26:18.119	1198	402	51	4	2835	56.86
2026/08/31 09:26:18.219	1198	402	51	4	2835	56.86
2026/08/31 09:26:18.319	1198	402	51	4	2835	56.86
2026/08/31 09:26:18.419	1198	402	51	4	2835	56.86
2026/08/31 09:26:18.519	1198	402	50	5	2835	56.98
2026/08/31 09:26:18.619	1198	402	50	5	2835	56.98
2026/08/31 09:26:18.719	1198	402	50	5	2835	56.98
2026/08/31 09:26:18.819	1198	402	50	5	2835	56.98
2026/08/31 09:26:18.919	1198	402	50	5	2835	56.98
2026/08/31 09:26:19.020	1198	402	52	5	2835	56.92
2026/08/31 09:26:19.120	1198	402	52	5	2835	56.92
2026/08/31 09:26:19.220	1198	402	52	5	2835	56.92
2026/08/31 09:26:19.320	1198	402	52	5	2835	56.92
2026/08/31 09:26:19.420	1198	402	52	5	2835	56.92
2026/08/31 09:26:19.520	1198	402	51	5	2835	56.97
2026/08/31 09:26:19.620	1198	402	51	5	2835	56.97
2026/08/31 09:26:19.720	1198	402	51	5	2835	56.97
2026/08/31 09:26:19.820	1198	402	51	5	2835	56.97
2026/08/31 09:26:19.920	1198	402	51	5	2835	56.97
2026/08/31 09:26:20.021	1198	402	52	5	2835	56.77
2026/08/31 09:26:20.121	1198	402	52	5	2835	56.77
2026/08/31 09:26:20.221	1198	402	52	5	2835	56.77
2026/08/31 09:26:20.321	1198	402	52	5	2835	56.77
2026/08/31 09:26:20.421	1198	402	52	5	2835	56.77
2026/08/31 09:26:20.521	1198	402	51	5	2835	56.68
2026/08/31 09:26:20.621	1198	402	51	5	2835	56.68
2026/08/31 09:26:20.721	1198	402	51	5	2835	56.68
2026/08/31 09:26:20.821	1198	402	51	5	2835	56.68
2026/08/31 09:26:20.921	1198	402	51	5	2835	56.68
2026/08/31 09:26:21.021	1198	402	51	4	2835	56.62
2026/08/31 09:26:21.122	1198	402	51	4	2835	56.62
2026/08/31 09:26:21.222	1198	402	51	4	2835	56.62
2026/08/31 09:26:21.322	1198	402	51	4	2835	56.62
2026/08/31 09:26:21.422	1198	402	51	4	2835	56.62
2026/08/31 09:26:21.522	1198	402	51	5	2835	56.79
2026/08/31 09:26:21.622	1198	402	51	5	2835	56.79
2026/08/31 09:26:21.722	1198	402	51	5	2835	56.79
2026/08/31 09:26:21.822	1198	402	51	5	2835	56.79
2026/08/31 09:26:21.922	1198	402	51	5	2835	56.79
2026/08/31 09:26:22.022	1198	402	51	4	2835	56.83
2026/08/31 09:26:22.123	1198	402	51	4	2835	56.83
2026/08/31 09:26:22.223	1198	402	51	4	2835	56.83
2026/08/31 09:26:22.323	1198	402	51	4	2835	56.83
2026/08/31 09:26:22.423	1198	402	51	4	2835	56.83
2026/08/31 09:26:22.523	1198	402	50	5	2835	56.90
2026/08/31 09:26:22.623	1198	402	50	5	2835	56.90
2026/08/31 09:26:22.723	1198	402	50	5	2835	56.90
2026/08/31 09:26:22.823	1198	402	50	5	2835	56.90
2026/08/31 09:26:22.923	1198	402	50	5	2835	56.90
2026/08/31 09:26:23.023	1198	402	50	4	2835	56.76
2026/08/31 09:26:23.124	1198	402	50	4	2835	56.76
2026/08/31 09:26:23.224	1198	402	50	4	2835	56.76
2026/08/31 09:26:23.324	1198	402	50	4	2835	56.76
2026/08/31 09:26:23.424	1198	402	50	4	2835	56.76
2026/08/31 09:26:23.524	1198	402	50	5	2835	56.89
2026/08/31 09:26:23.624	1198	402	50	5	2835	56.89
2026/08/31 09:26:23.724	1198	402	50	5	2835	56.89
2026/08/31 09:26:23.824	1198	402	50	5	2835	56.89
2026/08/31 09:26:23.924	1198	402	50	5	2835	56.89
2026/08/31 09:26:24.024	1198	402	49	4	2835	56.91
2026/08/31 09:26:24.125	1198	402	49	4	2835	56.91
2026/08/31 09:26:24.225	1198	402	49	4	2835	56.91
2026/08/31 09:26:24.325	1198	402	49	4	2835	56.91
2026/08/31 09:26:24.425	1198	402	49	4	2835	56.91
2026/08/31 09:26:24.525	1198	402	50	5	2835	57.00
2026/08/31 09:26:24.625	1198	402	50	5	2835	57.00
2026/08/31 09:26:24.725	1198	402	50	5	2835	57.00
2026/08/31 09:26:24.825	1198	402	50	5	2835	57.00
2026/08/31 09:26:24.925	1198	402	50	5	2835	57.00
2026/08/31 09:26:25.025	1198	402	50	4	2835	56.82
2026/08/31 09:26:25.125	1198	402	50	4	2835	56.82
2026/08/31 09:26:25.226	1198	402	50	4	2835	56.82
2026/08/31 09:26:25.326	1198	402	50	4	2835	56.82
2026/08/31 09:26:25.426	1198	402	50	4	2835	56.82
2026/08/31 09:26:25.526	1198	402	50	5	2835	56.85
2026/08/31 09:26:25.626	1198	402	50	5	2835	56.85
2026/08/31 09:26:25.726	1198	402	50	5	2835	56.85
2026/08/31 09:26:25.826	1198	402	50	5	2835	56.85
2026/08/31 09:26:25.926	1198	402	50	5	2835	56.85
2026/08/31 09:26:26.026	1198	402	50	4	2835	56.96
2026/08/31 09:26:26.126	1198	402	50	4	2835	56.96
2026/08/31 09:26:26.227	1198	402	50	4	2835	56.96
2026/08/31 09:26:26.327	1198	402	50	4	2835	56.96
2026/08/31 09:26:26.427	1198	402	50	4	2835	56.96
2026/08/31 09:26:26.527	1198	402	51	5	2835	57.05
2026/08/31 09:26:26.627	1198	402	51	5	2835	57.05
2026/08/31 09:26:26.727	1198	402	51	5	2835	57.05
2026/08/31 09:26:26.827	1198	402	51	5	2835	57.05
2026/08/31 09:26:26.927	1198	402	51	5	2835	57.05
2026/08/31 09:26:27.027	1198	402	52	5	2835	56.82
2026/08/31 09:26:27.127	1198	402	52	5	2835	56.82
2026/08/31 09:26:27.228	1198	402	52	5	2835	56.82
2026/08/31 09:26:27.328	1198	402	52	5	2835	56.82
2026/08/31 09:26:27.428	1198	402	52	5	2835	56.82
2026/08/31 09:26:27.528	1198	402	51	5	2835	56.89
2026/08/31 09:26:27.628	1198	402	51	5	2835	56.89
2026/08/31 09:26:27.728	1198	402	51	5	2835	56.89
2026/08/31 09:26:27.828	1198	402	51	5	2835	56.89
2026/08/31 09:26:27.928	1198	402	51	5	2835	56.89
2026/08/31 09:26:28.028	1198	402	50	4	2835	56.87
2026/08/31 09:26:28.128	1198	402	50	4	2835	56.87
2026/08/31 09:26:28.229	1198	402	50	4	2835	56.87
2026/08/31 09:26:28.329	1198	402	50	4	2835	56.87
2026/08/31 09:26:28.429	1198	402	50	4	2835	56.87
2026/08/31 09:26:28.529	1198	402	50	5	2835	56.88
2026/08/31 09:26:28.629	1198	402	50	5	2835	56.88
2026/08/31 09:26:28.729	1198	402	50	5	2835	56.88
2026/08/31 09:26:28.829	1198	402	50	5	2835	56.88
2026/08/31 09:26:28.929	1198	402	50	5	2835	56.88
2026/08/31 09:26:29.029	1198	402	49	4	2835	56.69
2026/08/31 09:26:29.129	1198	402	49	4	2835	56.69
2026/08/31 09:26:29.229	1198	402	49	4	2835	56.69
2026/08/31 09:26:29.330	1198	402	49	4	2835	56.69
2026/08/31 09:26:29.430	1198	402	49	4	2835	56.69
2026/08/31 09:26:29.530	1198	402	51	5	2835	56.85
2026/08/31 09:26:29.630	1198	402	51	5	2835	56.85
2026/08/31 09:26:29.730	1198	402	51	5	2835	56.85
2026/08/31 09:26:29.830	1198	402	51	5	2835	56.85
2026/08/31 09:26:29.930	1198	402	51	5	2835	56.85
2026/08/31 09:26:30.030	1198	402	50	4	2835	56.87
2026/08/31 09:26:30.130	1198	402	50	4	2835	56.87
2026/08/31 09:26:30.231	1198	402	50	4	2835	56.87
2026/08/31 09:26:30.331	1198	402	50	4	2835	56.87
2026/08/31 09:26:30.431	1198	402	50	4	2835	56.87
2026/08/31 09:26:30.531	1198	402	50	5	2835	57.43
2026/08/31 09:26:30.631	1198	402	50	5	2835	57.43
2026/08/31 09:26:30.731	1198	402	50	5	2835	57.43
2026/08/31 09:26:30.831	1198	402	50	5	2835	57.43
2026/08/31 09:26:30.931	1198	402	50	5	2835	57.43
2026/08/31 09:26:31.031	1198	402	49	4	2835	57.92
2026/08/31 09:26:31.131	1198	402	49	4	2835	57.92
2026/08/31 09:26:31.231	1198	402	49	4	2835	57.92
2026/08/31 09:26:31.332	1198	402	49	4	2835	57.92
2026/08/31 09:26:31.432	1198	402	49	4	2835	57.92
2026/08/31 09:26:31.532	1198	402	49	5	2835	58.89
2026/08/31 09:26:31.632	1198	402	49	5	2835	58.89
2026/08/31 09:26:31.732	1198	402	49	5	2835	58.89
2026/08/31 09:26:31.832	1198	402	49	5	2835	58.89
2026/08/31 09:26:31.932	1198	402	49	5	2835	58.89
2026/08/31 09:26:32.032	1198	402	51	4	2835	58.44
2026/08/31 09:26:32.132	1198	402	51	4	2835	58.44
2026/08/31 09:26:32.232	1198	402	51	4	2835	58.44
2026/08/31 09:26:32.333	1198	402	51	4	2835	58.44
2026/08/31 09:26:32.433	1198	402	51	4	2835	58.44
2026/08/31 09:26:32.533	1198	402	51	5	2835	57.24
2026/08/31 09:26:32.633	1198	402	51	5	2835	57.24
2026/08/31 09:26:32.733	1198	402	51	5	2835	57.24
2026/08/31 09:26:32.833	1198	402	51	5	2835	57.24
2026/08/31 09:26:32.933	1198	402	51	5	2835	57.24
2026/08/31 09:26:33.033	1198	402	51	5	2835	56.78
2026/08/31 09:26:33.133	1198	402	51	5	2835	56.78
2026/08/31 09:26:33.233	1198	402	51	5	2835	56.78
2026/08/31 09:26:33.334	1198	402	51	5	2835	56.78
2026/08/31 09:26:33.434	1198	402	51	5	2835	56.78
2026/08/31 09:26:33.534	1198	402	51	5	2835	56.85
2026/08/31 09:26:33.634	1198	402	51	5	2835	56.85
2026/08/31 09:26:33.734	1198	402	51	5	2835	56.85
2026/08/31 09:26:33.834	1198	402	51	5	2835	56.85
2026/08/31 09:26:33.934	1198	402	51	5	2835	56.85
2026/08/31 09:26:34.034	1198	402	51	5	2835	56.96
2026/08/31 09:26:34.134	1198	402	51	5	2835	56.96
2026/08/31 09:26:34.235	1198	402	51	5	2835	56.96
2026/08/31 09:26:34.335	1198	402	51	5	2835	56.96
2026/08/31 09:26:34.435	1198	402	51	5	2835	56.96
2026/08/31 09:26:34.535	1198	402	50	5	2835	56.98
2026/08/31 09:26:34.635	1198	402	50	5	2835	56.98
2026/08/31 09:26:34.735	1198	402	50	5	2835	56.98
2026/08/31 09:26:34.835	1198	402	50	5	2835	56.98
2026/08/31 09:26:34.935	1198	402	50	5	2835	56.98
2026/08/31 09:26:35.035	1198	402	51	5	2835	57.57
2026/08/31 09:26:35.135	1198	402	51	5	2835	57.57
2026/08/31 09:26:35.236	1198	402	51	5	2835	57.57
2026/08/31 09:26:35.336	1198	402	51	5	2835	57.57
2026/08/31 09:26:35.436	1198	402	51	5	2835	57.57
2026/08/31 09:26:35.536	1198	402	50	5	2835	59.20
2026/08/31 09:26:35.636	1198	402	50	5	2835	59.20
2026/08/31 09:26:35.736	1198	402	50	5	2835	59.20
2026/08/31 09:26:35.836	1198	402	50	5	2835	59.20
2026/08/31 09:26:35.936	1198	402	50	5	2835	59.20
2026/08/31 09:26:36.036	1198	402	51	5	2835	59.10
2026/08/31 09:26:36.136	1198	402	51	5	2835	59.10
2026/08/31 09:26:36.237	1198	402	51	5	2835	59.10
2026/08/31 09:26:36.337	1198	402	51	5	2835	59.10
2026/08/31 09:26:36.437	1198	402	51	5	2835	59.10
2026/08/31 09:26:36.537	1198	402	50	5	2835	57.32
2026/08/31 09:26:36.637	1198	402	50	5	2835	57.32
2026/08/31 09:26:36.737	1198	402	50	5	2835	57.32
2026/08/31 09:26:36.837	1198	402	50	5	2835	57.32
2026/08/31 09:26:36.937	1198	402	50	5	2835	57.32
2026/08/31 09:26:37.037	1198	402	51	5	2835	56.95
2026/08/31 09:26:37.137	1198	402	51	5	2835	56.95
2026/08/31 09:26:37.237	1198	402	51	5	2835	56.95
2026/08/31 09:26:37.338	1198	402	51	5	2835	56.95
2026/08/31 09:26:37.438	1198	402	51	5	2835	56.95
2026/08/31 09:26:37.538	1198	402	48	5	2835	56.80
2026/08/31 09:26:37.638	1198	402	48	5	2835	56.80
2026/08/31 09:26:37.738	1198	402	48	5	2835	56.80
2026/08/31 09:26:37.838	1198	402	48	5	2835	56.80
2026/08/31 09:26:37.938	1198	402	48	5	2835	56.80
2026/08/31 09:26:38.038	1198	402	51	5	2835	56.87
2026/08/31 09:26:38.138	1198	402	51	5	2835	56.87
2026/08/31 09:26:38.238	1198	402	51	5	2835	56.87
2026/08/31 09:26:38.338	1198	402	51	5	2835	56.87
2026/08/31 09:26:38.439	1198	402	51	5	2835	56.87
2026/08/31 09:26:38.539	1198	402	50	5	2835	58.24
2026/08/31 09:26:38.639	1198	402	50	5	2835	58.24
2026/08/31 09:26:38.739	1198	402	50	5	2835	58.24
2026/08/31 09:26:38.839	1198	402	50	5	2835	58.24
2026/08/31 09:26:38.939	1198	402	50	5	2835	58.24
2026/08/31 09:26:39.039	1198	402	51	5	2835	58.75
2026/08/31 09:26:39.139	1198	402	51	5	2835	58.75
2026/08/31 09:26:39.239	1198	402	51	5	2835	58.75
2026/08/31 09:26:39.340	1198	402	51	5	2835	58.75
2026/08/31 09:26:39.440	1198	402	51	5	2835	58.75
2026/08/31 09:26:39.540	1198	402	51	5	2835	57.86
2026/08/31 09:26:39.640	1198	402	51	5	2835	57.86
2026/08/31 09:26:39.740	1198	402	51	5	2835	57.86
2026/08/31 09:26:39.840	1198	402	51	5	2835	57.86
2026/08/31 09:26:39.940	1198	402	51	5	2835	57.86
2026/08/31 09:26:40.040	1198	402	50	5	2835	57.33
2026/08/31 09:26:40.140	1198	402	50	5	2835	57.33
2026/08/31 09:26:40.240	1198	402	50	5	2835	57.33
2026/08/31 09:26:40.341	1198	402	50	5	2835	57.33
2026/08/31 09:26:40.441	1198	402	50	5	2835	57.33
2026/08/31 09:26:40.541	1198	402	50	5	2835	57.29
2026/08/31 09:26:40.641	1198	402	50	5	2835	57.29
2026/08/31 09:26:40.741	1198	402	50	5	2835	57.29
2026/08/31 09:26:40.841	1198	402	50	5	2835	57.29
2026/08/31 09:26:40.941	1198	402	50	5	2835	57.29
2026/08/31 09:26:41.041	1198	402	52	5	2835	57.19
2026/08/31 09:26:41.141	1198	402	52	5	2835	57.19
2026/08/31 09:26:41.242	1198	402	52	5	2835	57.19
2026/08/31 09:26:41.342	1198	402	52	5	2835	57.19
2026/08/31 09:26:41.442	1198	402	52	5	2835	57.19
2026/08/31 09:26:41.542	1198	402	50	5	2835	56.92
2026/08/31 09:26:41.642	1198	402	50	5	2835	56.92
2026/08/31 09:26:41.742	1198	402	50	5	2835	56.92
2026/08/31 09:26:41.842	1198	402	50	5	2835	56.92
2026/08/31 09:26:41.942	1198	402	50	5	2835	56.92
2026/08/31 09:26:42.043	1198	402	49	5	2835	56.84
2026/08/31 09:26:42.143	1198	402	49	5	2835	56.84
2026/08/31 09:26:42.243	1198	402	49	5	2835	56.84
2026/08/31 09:26:42.343	1198	402	49	5	2835	56.84
2026/08/31 09:26:42.443	1198	402	49	5	2835	56.84
2026/08/31 09:26:42.543	1198	402	50	5	2835	57.62
2026/08/31 09:26:42.643	1198	402	50	5	2835	57.62
2026/08/31 09:26:42.743	1198	402	50	5	2835	57.62
2026/08/31 09:26:42.843	1198	402	50	5	2835	57.62
2026/08/31 09:26:42.944	1198	402	50	5	2835	57.62
2026/08/31 09:26:43.044	1198	402	50	5	2835	58.92
2026/08/31 09:26:43.144	1198	402	50	5	2835	58.92
2026/08/31 09:26:43.244	1198	402	50	5	2835	58.92
2026/08/31 09:26:43.344	1198	402	50	5	2835	58.92
2026/08/31 09:26:43.444	1198	402	50	5	2835	58.92
2026/08/31 09:26:43.544	1198	402	51	5	2835	58.59
2026/08/31 09:26:43.644	1198	402	51	5	2835	58.59
2026/08/31 09:26:43.744	1198	402	51	5	2835	58.59
2026/08/31 09:26:43.845	1198	402	51	5	2835	58.59
2026/08/31 09:26:43.945	1198	402	51	5	2835	58.59
2026/08/31 09:26:44.045	1198	402	52	5	2835	57.30
2026/08/31 09:26:44.145	1198	402	52	5	2835	57.30
2026/08/31 09:26:44.245	1198	402	52	5	2835	57.30
2026/08/31 09:26:44.345	1198	402	52	5	2835	57.30
2026/08/31 09:26:44.445	1198	402	52	5	2835	57.30
2026/08/31 09:26:44.545	1198	402	50	5	2835	57.29
2026/08/31 09:26:44.645	1198	402	50	5	2835	57.29
2026/08/31 09:26:44.746	1198	402	50	5	2835	57.29
2026/08/31 09:26:44.846	1198	402	50	5	2835	57.29
2026/08/31 09:26:44.946	1198	402	50	5	2835	57.29
2026/08/31 09:26:45.046	1198	402	50	5	2835	57.31
2026/08/31 09:26:45.146	1198	402	50	5	2835	57.31
2026/08/31 09:26:45.246	1198	402	50	5	2835	57.31
2026/08/31 09:26:45.346	1198	402	50	5	2835	57.31
2026/08/31 09:26:45.446	1198	402	50	5	2835	57.31
2026/08/31 09:26:45.546	1198	402	49	5	2835	57.46
2026/08/31 09:26:45.646	1198	402	49	5	2835	57.46
2026/08/31 09:26:45.747	1198	402	49	5	2835	57.46
2026/08/31 09:26:45.847	1198	402	49	5	2835	57.46
2026/08/31 09:26:45.947	1198	402	49	5	2835	57.46
2026/08/31 09:26:46.047	1198	402	51	5	2835	57.65
2026/08/31 09:26:46.147	1198	402	51	5	2835	57.65
2026/08/31 09:26:46.247	1198	402	51	5	2835	57.65
2026/08/31 09:26:46.347	1198	402	51	5	2835	57.65
2026/08/31 09:26:46.447	1198	402	51	5	2835	57.65
2026/08/31 09:26:46.547	1198	402	50	5	2835	57.41
2026/08/31 09:26:46.647	1198	402	50	5	2835	57.41
2026/08/31 09:26:46.747	1198	402	50	5	2835	57.41
2026/08/31 09:26:46.848	1198	402	50	5	2835	57.41
2026/08/31 09:26:46.948	1198	402	50	5	2835	57.41
2026/08/31 09:26:47.048	1198	402	50	5	2835	57.34
2026/08/31 09:26:47.148	1198	402	50	5	2835	57.34
2026/08/31 09:26:47.248	1198	402	50	5	2835	57.34
2026/08/31 09:26:47.348	1198	402	50	5	2835	57.34
2026/08/31 09:26:47.448	1198	402	50	5	2835	57.34
2026/08/31 09:26:47.548	1198	402	50	5	2835	56.98
2026/08/31 09:26:47.648	1198	402	50	5	2835	56.98
2026/08/31 09:26:47.748	1198	402	50	5	2835	56.98
2026/08/31 09:26:47.849	1198	402	50	5	2835	56.98
2026/08/31 09:26:47.949	1198	402	50	5	2835	56.98
2026/08/31 09:26:48.049	1198	402	51	5	2835	56.78
2026/08/31 09:26:48.149	1198	402	51	5	2835	56.78
2026/08/31 09:26:48.249	1198	402	51	5	2835	56.78
2026/08/31 09:26:48.349	1198	402	51	5	2835	56.78
2026/08/31 09:26:48.449	1198	402	51	5	2835	56.78
2026/08/31 09:26:48.549	1198	402	51	5	2835	56.65
2026/08/31 09:26:48.649	1198	402	51	5	2835	56.65
2026/08/31 09:26:48.749	1198	402	51	5	2835	56.65
2026/08/31 09:26:48.850	1198	402	51	5	2835	56.65
2026/08/31 09:26:48.950	1198	402	51	5	2835	56.65
2026/08/31 09:26:49.050	1198	402	51	5	2835	58.00
2026/08/31 09:26:49.150	1198	402	51	5	2835	58.00
2026/08/31 09:26:49.250	1198	402	51	5	2835	58.00
2026/08/31 09:26:49.350	1198	402	51	5	2835	58.00
2026/08/31 09:26:49.450	1198	402	51	5	2835	58.00
2026/08/31 09:26:49.550	1198	402	51	5	2835	58.66
2026/08/31 09:26:49.650	1198	402	51	5	2835	58.66
2026/08/31 09:26:49.750	1198	402	51	5	2835	58.66
2026/08/31 09:26:49.851	1198	402	51	5	2835	58.66
2026/08/31 09:26:49.951	1198	402	51	5	2835	58.66
2026/08/31 09:26:50.051	1198	402	50	5	2835	58.10
2026/08/31 09:26:50.151	1198	402	50	5	2835	58.10
2026/08/31 09:26:50.251	1198	402	50	5	2835	58.10
2026/08/31 09:26:50.351	1198	402	50	5	2835	58.10
2026/08/31 09:26:50.452	1198	402	50	5	2835	58.10
2026/08/31 09:26:50.552	1198	402	49	5	2835	57.21
2026/08/31 09:26:50.652	1198	402	49	5	2835	57.21
2026/08/31 09:26:50.752	1198	402	49	5	2835	57.21
2026/08/31 09:26:50.853	1198	402	49	5	2835	57.21
2026/08/31 09:26:50.953	1198	402	49	5	2835	57.21
2026/08/31 09:26:51.053	1198	402	50	5	2835	57.15
2026/08/31 09:26:51.153	1198	402	50	5	2835	57.15
2026/08/31 09:26:51.253	1198	402	50	5	2835	57.15
2026/08/31 09:26:51.353	1198	402	50	5	2835	57.15
2026/08/31 09:26:51.453	1198	402	50	5	2835	57.15
2026/08/31 09:26:51.553	1198	402	50	5	2835	56.78
2026/08/31 09:26:51.653	1198	402	50	5	2835	56.78
2026/08/31 09:26:51.753	1198	402	50	5	2835	56.78
2026/08/31 09:26:51.854	1198	402	50	5	2835	56.78
2026/08/31 09:26:51.954	1198	402	50	5	2835	56.78
2026/08/31 09:26:52.054	1198	402	51	5	2835	56.65
2026/08/31 09:26:52.154	1198	402	51	5	2835	56.65
2026/08/31 09:26:52.254	1198	402	51	5	2835	56.65
2026/08/31 09:26:52.354	1198	402	51	5	2835	56.65
2026/08/31 09:26:52.454	1198	402	51	5	2835	56.65
2026/08/31 09:26:52.554	1198	402	51	5	2835	56.47
2026/08/31 09:26:52.654	1198	402	51	5	2835	56.47
2026/08/31 09:26:52.754	1198	402	51	5	2835	56.47
2026/08/31 09:26:52.854	1198	402	51	5	2835	56.47
2026/08/31 09:26:52.955	1198	402	51	5	2835	56.47
2026/08/31 09:26:53.055	1198	402	50	5	2835	57.58
2026/08/31 09:26:53.155	1198	402	50	5	2835	57.58
2026/08/31 09:26:53.255	1198	402	50	5	2835	57.58
2026/08/31 09:26:53.355	1198	402	50	5	2835	57.58
2026/08/31 09:26:53.455	1198	402	50	5	2835	57.58
2026/08/31 09:26:53.555	1198	402	51	5	2835	58.38
2026/08/31 09:26:53.655	1198	402	51	5	2835	58.38
2026/08/31 09:26:53.755	1198	402	51	5	2835	58.38
2026/08/31 09:26:53.855	1198	402	51	5	2835	58.38
2026/08/31 09:26:53.956	1198	402	51	5	2835	58.38
2026/08/31 09:26:54.056	1198	402	50	5	2835	58.03
2026/08/31 09:26:54.156	1198	402	50	5	2835	58.03
2026/08/31 09:26:54.256	1198	402	50	5	2835	58.03
2026/08/31 09:26:54.356	1198	402	50	5	2835	58.03
2026/08/31 09:26:54.456	1198	402	50	5	2835	58.03
2026/08/31 09:26:54.556	1198	402	50	5	2835	56.69
2026/08/31 09:26:54.656	1198	402	50	5	2835	56.69
2026/08/31 09:26:54.756	1198	402	50	5	2835	56.69
2026/08/31 09:26:54.856	1198	402	50	5	2835	56.69
2026/08/31 09:26:54.957	1198	402	50	5	2835	56.69
2026/08/31 09:26:55.057	1198	402	49	5	2835	56.63
2026/08/31 09:26:55.157	1198	402	49	5	2835	56.63
2026/08/31 09:26:55.257	1198	402	49	5	2835	56.63
2026/08/31 09:26:55.357	1198	402	49	5	2835	56.63
2026/08/31 09:26:55.457	1198	402	49	5	2835	56.63
2026/08/31 09:26:55.557	1198	402	50	5	2835	56.40
2026/08/31 09:26:55.657	1198	402	50	5	2835	56.40
2026/08/31 09:26:55.757	1198	402	50	5	2835	56.40
2026/08/31 09:26:55.857	1198	402	50	5	2835	56.40
2026/08/31 09:26:55.957	1198	402	50	5	2835	56.40
2026/08/31 09:26:56.058	1198	402	51	5	2835	56.51
2026/08/31 09:26:56.158	1198	402	51	5	2835	56.51
2026/08/31 09:26:56.258	1198	402	51	5	2835	56.51
2026/08/31 09:26:56.358	1198	402	51	5	2835	56.51
2026/08/31 09:26:56.458	1198	402	51	5	2835	56.51
2026/08/31 09:26:56.558	1198	402	50	5	2835	56.43
2026/08/31 09:26:56.658	1198	402	50	5	2835	56.43
2026/08/31 09:26:56.758	1198	402	50	5	2835	56.43
2026/08/31 09:26:56.858	1198	402	50	5	2835	56.43
2026/08/31 09:26:56.958	1198	402	50	5	2835	56.43
2026/08/31 09:26:57.058	1198	402	51	5	2835	57.33
2026/08/31 09:26:57.159	1198	402	51	5	2835	57.33
2026/08/31 09:26:57.259	1198	402	51	5	2835	57.33
2026/08/31 09:26:57.359	1198	402	51	5	2835	57.33
2026/08/31 09:26:57.459	1198	402	51	5	2835	57.33
2026/08/31 09:26:57.559	1198	402	50	5	2835	58.59
2026/08/31 09:26:57.659	1198	402	50	5	2835	58.59
2026/08/31 09:26:57.759	1198	402	50	5	2835	58.59
2026/08/31 09:26:57.859	1198	402	50	5	2835	58.59
2026/08/31 09:26:57.960	1198	402	50	5	2835	58.59
2026/08/31 09:26:58.060	1198	402	52	5	2835	58.41
2026/08/31 09:26:58.160	1198	402	52	5	2835	58.41
2026/08/31 09:26:58.260	1198	402	52	5	2835	58.41
2026/08/31 09:26:58.360	1198	402	52	5	2835	58.41
2026/08/31 09:26:58.460	1198	402	52	5	2835	58.41
2026/08/31 09:26:58.560	1198	402	51	5	2835	56.75
2026/08/31 09:26:58.660	1198	402	51	5	2835	56.75
2026/08/31 09:26:58.760	1198	402	51	5	2835	56.75
2026/08/31 09:26:58.860	1198	402	51	5	2835	56.75
2026/08/31 09:26:58.961	1198	402	51	5	2835	56.75
2026/08/31 09:26:59.061	1198	402	50	5	2835	56.40
2026/08/31 09:26:59.161	1198	402	50	5	2835	56.40
2026/08/31 09:26:59.261	1198	402	50	5	2835	56.40
2026/08/31 09:26:59.361	1198	402	50	5	2835	56.40
2026/08/31 09:26:59.461	1198	402	50	5	2835	56.40
2026/08/31 09:26:59.561	1198	402	49	5	2835	56.11
2026/08/31 09:26:59.661	1198	402	49	5	2835	56.11
2026/08/31 09:26:59.761	1198	402	49	5	2835	56.11
2026/08/31 09:26:59.862	1198	402	49	5	2835	56.11
2026/08/31 09:26:59.962	1198	402	49	5	2835	56.11
2026/08/31 09:27:00.062	1198	402	50	5	2835	56.24
2026/08/31 09:27:00.162	1198	402	50	5	2835	56.24
2026/08/31 09:27:00.262	1198	402	50	5	2835	56.24
2026/08/31 09:27:00.362	1198	402	50	5	2835	56.24
2026/08/31 09:27:00.462	1198	402	50	5	2835	56.24
2026/08/31 09:27:00.562	1198	402	51	5	2835	56.27
2026/08/31 09:27:00.662	1198	402	51	5	2835	56.27
2026/08/31 09:27:00.762	1198	402	51	5	2835	56.27
2026/08/31 09:27:00.862	1198	402	51	5	2835	56.27
2026/08/31 09:27:00.963	1198	402	51	5	2835	56.27
2026/08/31 09:27:01.063	1198	402	49	5	2835	56.50
2026/08/31 09:27:01.163	1198	402	49	5	2835	56.50
2026/08/31 09:27:01.263	1198	402	49	5	2835	56.50
2026/08/31 09:27:01.363	1198	402	49	5	2835	56.50
2026/08/31 09:27:01.463	1198	402	49	5	2835	56.50
2026/08/31 09:27:01.563	1198	402	48	4	2835	56.37
2026/08/31 09:27:01.663	1198	402	48	4	2835	56.37
2026/08/31 09:27:01.763	1198	402	48	4	2835	56.37
2026/08/31 09:27:01.863	1198	402	48	4	2835	56.37
2026/08/31 09:27:01.964	1198	402	48	4	2835	56.37
2026/08/31 09:27:02.064	1198	402	50	5	2835	56.33
2026/08/31 09:27:02.164	1198	402	50	5	2835	56.33
2026/08/31 09:27:02.264	1198	402	50	5	2835	56.33
2026/08/31 09:27:02.364	1198	402	50	5	2835	56.33
2026/08/31 09:27:02.464	1198	402	50	5	2835	56.33
2026/08/31 09:27:02.564	1198	402	48	4	2835	56.19
2026/08/31 09:27:02.664	1198	402	48	4	2835	56.19
2026/08/31 09:27:02.764	1198	402	48	4	2835	56.19
2026/08/31 09:27:02.864	1198	402	48	4	2835	56.19
2026/08/31 09:27:02.965	1198	402	48	4	2835	56.19
2026/08/31 09:27:03.065	1198	402	51	5	2835	56.33
2026/08/31 09:27:03.165	1198	402	51	5	2835	56.33
2026/08/31 09:27:03.265	1198	402	51	5	2835	56.33
2026/08/31 09:27:03.365	1198	402	51	5	2835	56.33
2026/08/31 09:27:03.465	1198	402	51	5	2835	56.33
2026/08/31 09:27:03.565	1198	402	49	4	2835	56.25
2026/08/31 09:27:03.665	1198	402	49	4	2835	56.25
2026/08/31 09:27:03.765	1198	402	49	4	2835	56.25
2026/08/31 09:27:03.865	1198	402	49	4	2835	56.25
2026/08/31 09:27:03.966	1198	402	49	4	2835	56.25
2026/08/31 09:27:04.066	1198	402	51	5	2835	56.39
2026/08/31 09:27:04.166	1198	402	51	5	2835	56.39
2026/08/31 09:27:04.266	1198	402	51	5	2835	56.39
2026/08/31 09:27:04.366	1198	402	51	5	2835	56.39
2026/08/31 09:27:04.466	1198	402	51	5	2835	56.39
2026/08/31 09:27:04.566	1198	402	48	4	2835	56.33
2026/08/31 09:27:04.666	1198	402	48	4	2835	56.33
2026/08/31 09:27:04.766	1198	402	48	4	2835	56.33
2026/08/31 09:27:04.867	1198	402	48	4	2835	56.33
2026/08/31 09:27:04.967	1198	402	48	4	2835	56.33
2026/08/31 09:27:05.067	1198	402	51	5	2835	56.37
2026/08/31 09:27:05.167	1198	402	51	5	2835	56.37
2026/08/31 09:27:05.267	1198	402	51	5	2835	56.37
2026/08/31 09:27:05.367	1198	402	51	5	2835	56.37
2026/08/31 09:27:05.467	1198	402	51	5	2835	56.37
2026/08/31 09:27:05.567	1198	402	50	4	2835	56.31
2026/08/31 09:27:05.667	1198	402	50	4	2835	56.31
2026/08/31 09:27:05.767	1198	402	50	4	2835	56.31
2026/08/31 09:27:05.868	1198	402	50	4	2835	56.31
2026/08/31 09:27:05.968	1198	402	50	4	2835	56.31
2026/08/31 09:27:06.068	1198	402	51	5	2835	56.60
2026/08/31 09:27:06.168	1198	402	51	5	2835	56.60
2026/08/31 09:27:06.268	1198	402	51	5	2835	56.60
2026/08/31 09:27:06.368	1198	402	51	5	2835	56.60
2026/08/31 09:27:06.468	1198	402	51	5	2835	56.60
2026/08/31 09:27:06.568	1198	402	48	4	2835	56.51
2026/08/31 09:27:06.668	1198	402	48	4	2835	56.51
2026/08/31 09:27:06.768	1198	402	48	4	2835	56.51
2026/08/31 09:27:06.868	1198	402	48	4	2835	56.51
2026/08/31 09:27:06.969	1198	402	48	4	2835	56.51
2026/08/31 09:27:07.069	1198	402	51	5	2835	56.57
2026/08/31 09:27:07.169	1198	402	51	5	2835	56.57
2026/08/31 09:27:07.269	1198	402	51	5	2835	56.57
2026/08/31 09:27:07.369	1198	402	51	5	2835	56.57
2026/08/31 09:27:07.469	1198	402	51	5	2835	56.57
2026/08/31 09:27:07.569	1198	402	49	4	2835	56.40
2026/08/31 09:27:07.669	1198	402	49	4	2835	56.40
2026/08/31 09:27:07.769	1198	402	49	4	2835	56.40
2026/08/31 09:27:07.869	1198	402	49	4	2835	56.40
2026/08/31 09:27:07.970	1198	402	49	4	2835	56.40
2026/08/31 09:27:08.070	1198	402	51	5	2835	56.50
2026/08/31 09:27:08.170	1198	402	51	5	2835	56.50
2026/08/31 09:27:08.270	1198	402	51	5	2835	56.50
2026/08/31 09:27:08.370	1198	402	51	5	2835	56.50
2026/08/31 09:27:08.470	1198	402	51	5	2835	56.50
2026/08/31 09:27:08.570	1198	402	50	4	2835	56.40
2026/08/31 09:27:08.670	1198	402	50	4	2835	56.40
2026/08/31 09:27:08.770	1198	402	50	4	2835	56.40
2026/08/31 09:27:08.870	1198	402	50	4	2835	56.40
2026/08/31 09:27:08.971	1198	402	50	4	2835	56.40
2026/08/31 09:27:09.071	1198	402	52	5	2835	56.53
2026/08/31 09:27:09.171	1198	402	52	5	2835	56.53
2026/08/31 09:27:09.271	1198	402	52	5	2835	56.53
2026/08/31 09:27:09.371	1198	402	52	5	2835	56.53
2026/08/31 09:27:09.471	1198	402	52	5	2835	56.53
2026/08/31 09:27:09.571	1198	402	48	4	2835	56.44
2026/08/31 09:27:09.671	1198	402	48	4	2835	56.44
2026/08/31 09:27:09.771	1198	402	48	4	2835	56.44
2026/08/31 09:27:09.872	1198	402	48	4	2835	56.44
2026/08/31 09:27:09.972	1198	402	48	4	2835	56.44
2026/08/31 09:27:10.072	1198	402	50	5	2835	56.49
2026/08/31 09:27:10.172	1198	402	50	5	2835	56.49
2026/08/31 09:27:10.272	1198	402	50	5	2835	56.49
2026/08/31 09:27:10.372	1198	402	50	5	2835	56.49
2026/08/31 09:27:10.472	1198	402	50	5	2835	56.49
2026/08/31 09:27:10.572	1198	402	49	4	2835	56.26
2026/08/31 09:27:10.672	1198	402	49	4	2835	56.26
2026/08/31 09:27:10.772	1198	402	49	4	2835	56.26
2026/08/31 09:27:10.873	1198	402	49	4	2835	56.26
2026/08/31 09:27:10.973	1198	402	49	4	2835	56.26
2026/08/31 09:27:11.073	1198	402	50	5	2835	56.40
2026/08/31 09:27:11.173	1198	402	50	5	2835	56.40
2026/08/31 09:27:11.273	1198	402	50	5	2835	56.40
2026/08/31 09:27:11.373	1198	402	50	5	2835	56.40
2026/08/31 09:27:11.473	1198	402	50	5	2835	56.40
2026/08/31 09:27:11.573	1198	402	50	5	2835	56.36
2026/08/31 09:27:11.673	1198	402	50	5	2835	56.36
2026/08/31 09:27:11.773	1198	402	50	5	2835	56.36
2026/08/31 09:27:11.874	1198	402	50	5	2835	56.36
2026/08/31 09:27:11.974	1198	402	50	5	2835	56.36
2026/08/31 09:27:12.074	1198	402	51	5	2835	56.51
2026/08/31 09:27:12.174	1198	402	51	5	2835	56.51
2026/08/31 09:27:12.274	1198	402	51	5	2835	56.51
2026/08/31 09:27:12.374	1198	402	51	5	2835	56.51
2026/08/31 09:27:12.474	1198	402	51	5	2835	56.51
2026/08/31 09:27:12.574	1198	402	49	4	2835	56.41
2026/08/31 09:27:12.674	1198	402	49	4	2835	56.41
2026/08/31 09:27:12.774	1198	402	49	4	2835	56.41
2026/08/31 09:27:12.875	1198	402	49	4	2835	56.41
2026/08/31 09:27:12.975	1198	402	49	4	2835	56.41
2026/08/31 09:27:13.075	1198	402	51	5	2835	56.54
2026/08/31 09:27:13.175	1198	402	51	5	2835	56.54
2026/08/31 09:27:13.275	1198	402	51	5	2835	56.54
2026/08/31 09:27:13.375	1198	402	51	5	2835	56.54
2026/08/31 09:27:13.475	1198	402	51	5	2835	56.54
2026/08/31 09:27:13.575	1198	402	49	4	2835	56.54
2026/08/31 09:27:13.675	1198	402	49	4	2835	56.54
2026/08/31 09:27:13.776	1198	402	49	4	2835	56.54
2026/08/31 09:27:13.876	1198	402	49	4	2835	56.54
2026/08/31 09:27:13.976	1198	402	49	4	2835	56.54
2026/08/31 09:27:14.076	1198	402	52	5	2835	56.58
2026/08/31 09:27:14.176	1198	402	52	5	2835	56.58
2026/08/31 09:27:14.276	1198	402	52	5	2835	56.58
2026/08/31 09:27:14.376	1198	402	52	5	2835	56.58
2026/08/31 09:27:14.476	1198	402	52	5	2835	56.58
2026/08/31 09:27:14.576	1198	402	49	4	2835	56.37
2026/08/31 09:27:14.676	1198	402	49	4	2835	56.37
2026/08/31 09:27:14.777	1198	402	49	4	2835	56.37
2026/08/31 09:27:14.877	1198	402	49	4	2835	56.37
2026/08/31 09:27:14.977	1198	402	49	4	2835	56.37
2026/08/31 09:27:15.077	1198	402	51	5	2835	56.39
2026/08/31 09:27:15.177	1198	402	51	5	2835	56.39
2026/08/31 09:27:15.277	1198	402	51	5	2835	56.39
2026/08/31 09:27:15.377	1198	402	51	5	2835	56.39
2026/08/31 09:27:15.477	1198	402	51	5	2835	56.39
2026/08/31 09:27:15.577	1198	402	50	4	2835	56.22
2026/08/31 09:27:15.677	1198	402	50	4	2835	56.22
2026/08/31 09:27:15.778	1198	402	50	4	2835	56.22
2026/08/31 09:27:15.878	1198	402	50	4	2835	56.22
2026/08/31 09:27:15.978	1198	402	50	4	2835	56.22
2026/08/31 09:27:16.078	1198	402	51	5	2835	56.35
2026/08/31 09:27:16.178	1198	402	51	5	2835	56.35
2026/08/31 09:27:16.278	1198	402	51	5	2835	56.35
2026/08/31 09:27:16.378	1198	402	51	5	2835	56.35
2026/08/31 09:27:16.478	1198	402	51	5	2835	56.35
2026/08/31 09:27:16.578	1198	402	49	4	2835	56.34
2026/08/31 09:27:16.678	1198	402	49	4	2835	56.34
2026/08/31 09:27:16.778	1198	402	49	4	2835	56.34
2026/08/31 09:27:16.879	1198	402	49	4	2835	56.34
2026/08/31 09:27:16.979	1198	402	49	4	2835	56.34
2026/08/31 09:27:17.079	1198	402	51	5	2835	56.45
2026/08/31 09:27:17.179	1198	402	51	5	2835	56.45
2026/08/31 09:27:17.279	1198	402	51	5	2835	56.45
2026/08/31 09:27:17.379	1198	402	51	5	2835	56.45
2026/08/31 09:27:17.479	1198	402	51	5	2835	56.45
2026/08/31 09:27:17.579	1198	402	49	4	2835	56.26
2026/08/31 09:27:17.679	1198	402	49	4	2835	56.26
2026/08/31 09:27:17.780	1198	402	49	4	2835	56.26
2026/08/31 09:27:17.880	1198	402	49	4	2835	56.26
2026/08/31 09:27:17.980	1198	402	49	4	2835	56.26
2026/08/31 09:27:18.080	1198	402	52	5	2835	56.29
2026/08/31 09:27:18.180	1198	402	52	5	2835	56.29
2026/08/31 09:27:18.280	1198	402	52	5	2835	56.29
2026/08/31 09:27:18.380	1198	402	52	5	2835	56.29
2026/08/31 09:27:18.480	1198	402	52	5	2835	56.29
2026/08/31 09:27:18.580	1198	402	48	4	2835	56.20
2026/08/31 09:27:18.680	1198	402	48	4	2835	56.20
2026/08/31 09:27:18.780	1198	402	48	4	2835	56.20
2026/08/31 09:27:18.881	1198	402	48	4	2835	56.20
2026/08/31 09:27:18.981	1198	402	48	4	2835	56.20
2026/08/31 09:27:19.081	1198	402	50	5	2835	56.38
2026/08/31 09:27:19.181	1198	402	50	5	2835	56.38
2026/08/31 09:27:19.281	1198	402	50	5	2835	56.38
2026/08/31 09:27:19.381	1198	402	50	5	2835	56.38
2026/08/31 09:27:19.481	1198	402	50	5	2835	56.38
2026/08/31 09:27:19.581	1198	402	50	4	2835	56.26
2026/08/31 09:27:19.681	1198	402	50	4	2835	56.26
2026/08/31 09:27:19.781	1198	402	50	4	2835	56.26
2026/08/31 09:27:19.882	1198	402	50	4	2835	56.26
2026/08/31 09:27:19.982	1198	402	50	4	2835	56.26
2026/08/31 09:27:20.082	1198	402	53	5	2835	56.30
2026/08/31 09:27:20.182	1198	402	53	5	2835	56.30
2026/08/31 09:27:20.282	1198	402	53	5	2835	56.30
2026/08/31 09:27:20.382	1198	402	53	5	2835	56.30
2026/08/31 09:27:20.482	1198	402	53	5	2835	56.30
2026/08/31 09:27:20.582	1198	402	48	4	2835	56.22
2026/08/31 09:27:20.682	1198	402	48	4	2835	56.22
2026/08/31 09:27:20.782	1198	402	48	4	2835	56.22
2026/08/31 09:27:20.883	1198	402	48	4	2835	56.22
2026/08/31 09:27:20.983	1198	402	48	4	2835	56.22
2026/08/31 09:27:21.083	1198	402	51	5	2835	56.30
2026/08/31 09:27:21.183	1198	402	51	5	2835	56.30
2026/08/31 09:27:21.283	1198	402	51	5	2835	56.30
2026/08/31 09:27:21.383	1198	402	51	5	2835	56.30
2026/08/31 09:27:21.483	1198	402	51	5	2835	56.30
2026/08/31 09:27:21.583	1198	402	48	4	2835	56.12
2026/08/31 09:27:21.683	1198	402	48	4	2835	56.12
2026/08/31 09:27:21.783	1198	402	48	4	2835	56.12
2026/08/31 09:27:21.884	1198	402	48	4	2835	56.12
2026/08/31 09:27:21.984	1198	402	48	4	2835	56.12
2026/08/31 09:27:22.084	1198	402	48	5	2835	56.25
2026/08/31 09:27:22.184	1198	402	48	5	2835	56.25
2026/08/31 09:27:22.284	1198	402	48	5	2835	56.25
2026/08/31 09:27:22.384	1198	402	48	5	2835	56.25
2026/08/31 09:27:22.484	1198	402	48	5	2835	56.25
2026/08/31 09:27:22.584	1198	402	50	4	2835	56.21
2026/08/31 09:27:22.684	1198	402	50	4	2835	56.21
2026/08/31 09:27:22.784	1198	402	50	4	2835	56.21
2026/08/31 09:27:22.884	1198	402	50	4	2835	56.21
2026/08/31 09:27:22.985	1198	402	50	4	2835	56.21
2026/08/31 09:27:23.085	1198	402	50	5	2835	56.42
2026/08/31 09:27:23.185	1198	402	50	5	2835	56.42
2026/08/31 09:27:23.285	1198	402	50	5	2835	56.42
2026/08/31 09:27:23.385	1198	402	50	5	2835	56.42
2026/08/31 09:27:23.485	1198	402	50	5	2835	56.42
2026/08/31 09:27:23.585	1198	402	50	4	2835	56.34
2026/08/31 09:27:23.685	1198	402	50	4	2835	56.34
2026/08/31 09:27:23.785	1198	402	50	4	2835	56.34
2026/08/31 09:27:23.885	1198	402	50	4	2835	56.34
2026/08/31 09:27:23.986	1198	402	50	4	2835	56.34
2026/08/31 09:27:24.086	1198	402	51	5	2835	56.51
2026/08/31 09:27:24.186	1198	402	51	5	2835	56.51
2026/08/31 09:27:24.286	1198	402	51	5	2835	56.51
2026/08/31 09:27:24.386	1198	402	51	5	2835	56.51
2026/08/31 09:27:24.486	1198	402	51	5	2835	56.51
2026/08/31 09:27:24.586	1198	402	50	4	2835	56.49
2026/08/31 09:27:24.686	1198	402	50	4	2835	56.49
2026/08/31 09:27:24.786	1198	402	50	4	2835	56.49
2026/08/31 09:27:24.886	1198	402	50	4	2835	56.49
2026/08/31 09:27:24.987	1198	402	50	4	2835	56.49
2026/08/31 09:27:25.087	1198	402	52	5	2835	56.54
2026/08/31 09:27:25.187	1198	402	52	5	2835	56.54
2026/08/31 09:27:25.287	1198	402	52	5	2835	56.54
2026/08/31 09:27:25.387	1198	402	52	5	2835	56.54
2026/08/31 09:27:25.487	1198	402	52	5	2835	56.54
2026/08/31 09:27:25.587	1198	402	49	4	2835	56.37
2026/08/31 09:27:25.687	1198	402	49	4	2835	56.37
2026/08/31 09:27:25.787	1198	402	49	4	2835	56.37
2026/08/31 09:27:25.887	1198	402	49	4	2835	56.37
2026/08/31 09:27:25.987	1198	402	49	4	2835	56.37
2026/08/31 09:27:26.088	1198	402	51	5	2835	56.60
2026/08/31 09:27:26.188	1198	402	51	5	2835	56.60
2026/08/31 09:27:26.288	1198	402	51	5	2835	56.60
2026/08/31 09:27:26.388	1198	402	51	5	2835	56.60
2026/08/31 09:27:26.488	1198	402	51	5	2835	56.60
2026/08/31 09:27:26.588	1198	402	50	4	2835	56.63
2026/08/31 09:27:26.688	1198	402	50	4	2835	56.63
2026/08/31 09:27:26.788	1198	402	50	4	2835	56.63
2026/08/31 09:27:26.888	1198	402	50	4	2835	56.63
2026/08/31 09:27:26.988	1198	402	50	4	2835	56.63
2026/08/31 09:27:27.088	1198	402	51	5	2835	56.73
2026/08/31 09:27:27.189	1198	402	51	5	2835	56.73
2026/08/31 09:27:27.289	1198	402	51	5	2835	56.73
2026/08/31 09:27:27.389	1198	402	51	5	2835	56.73
2026/08/31 09:27:27.489	1198	402	51	5	2835	56.73
2026/08/31 09:27:27.589	1198	402	49	4	2835	56.54
2026/08/31 09:27:27.689	1198	402	49	4	2835	56.54
2026/08/31 09:27:27.789	1198	402	49	4	2835	56.54
2026/08/31 09:27:27.889	1198	402	49	4	2835	56.54
2026/08/31 09:27:27.989	1198	402	50	5	2835	56.59
2026/08/31 09:27:28.089	1198	402	50	5	2835	56.59
2026/08/31 09:27:28.190	1198	402	50	5	2835	56.59
2026/08/31 09:27:28.290	1198	402	50	5	2835	56.59
2026/08/31 09:27:28.390	1198	402	50	5	2835	56.59
2026/08/31 09:27:28.490	1198	402	49	5	2835	56.49
2026/08/31 09:27:28.590	1198	402	49	5	2835	56.49
2026/08/31 09:27:28.690	1198	402	49	5	2835	56.49
2026/08/31 09:27:28.790	1198	402	49	5	2835	56.49
2026/08/31 09:27:28.890	1198	402	49	5	2835	56.49
2026/08/31 09:27:28.990	1198	402	52	5	2835	56.59
2026/08/31 09:27:29.091	1198	402	52	5	2835	56.59
2026/08/31 09:27:29.191	1198	402	52	5	2835	56.59
2026/08/31 09:27:29.291	1198	402	52	5	2835	56.59
2026/08/31 09:27:29.391	1198	402	52	5	2835	56.59
2026/08/31 09:27:29.491	1198	402	48	4	2835	56.54
2026/08/31 09:27:29.591	1198	402	48	4	2835	56.54
2026/08/31 09:27:29.691	1198	402	48	4	2835	56.54
2026/08/31 09:27:29.791	1198	402	48	4	2835	56.54
2026/08/31 09:27:29.891	1198	402	48	4	2835	56.54
2026/08/31 09:27:29.991	1198	402	50	5	2835	56.53
2026/08/31 09:27:30.092	1198	402	50	5	2835	56.53
2026/08/31 09:27:30.192	1198	402	50	5	2835	56.53
2026/08/31 09:27:30.292	1198	402	50	5	2835	56.53
2026/08/31 09:27:30.392	1198	402	50	5	2835	56.53
2026/08/31 09:27:30.492	1198	402	48	4	2835	56.34
2026/08/31 09:27:30.592	1198	402	48	4	2835	56.34
2026/08/31 09:27:30.692	1198	402	48	4	2835	56.34
2026/08/31 09:27:30.792	1198	402	48	4	2835	56.34
2026/08/31 09:27:30.892	1198	402	48	4	2835	56.34
2026/08/31 09:27:30.992	1198	402	49	5	2835	56.60
2026/08/31 09:27:31.093	1198	402	49	5	2835	56.60
2026/08/31 09:27:31.193	1198	402	49	5	2835	56.60
2026/08/31 09:27:31.293	1198	402	49	5	2835	56.60
2026/08/31 09:27:31.393	1198	402	49	5	2835	56.60
2026/08/31 09:27:31.493	1198	402	50	4	2835	56.60
2026/08/31 09:27:31.593	1198	402	50	4	2835	56.60
2026/08/31 09:27:31.693	1198	402	50	4	2835	56.60
2026/08/31 09:27:31.794	1198	402	50	4	2835	56.60
2026/08/31 09:27:31.894	1198	402	50	4	2835	56.60
2026/08/31 09:27:31.994	1198	402	51	5	2835	56.56
2026/08/31 09:27:32.094	1198	402	51	5	2835	56.56
2026/08/31 09:27:32.194	1198	402	51	5	2835	56.56
2026/08/31 09:27:32.294	1198	402	51	5	2835	56.56
2026/08/31 09:27:32.394	1198	402	51	5	2835	56.56
2026/08/31 09:27:32.494	1198	402	50	5	2835	56.40
2026/08/31 09:27:32.594	1198	402	50	5	2835	56.40
2026/08/31 09:27:32.694	1198	402	50	5	2835	56.40
2026/08/31 09:27:32.794	1198	402	50	5	2835	56.40
2026/08/31 09:27:32.895	1198	402	50	5	2835	56.40
2026/08/31 09:27:32.995	1198	402	49	5	2835	56.58
2026/08/31 09:27:33.095	1198	402	49	5	2835	56.58
2026/08/31 09:27:33.195	1198	402	49	5	2835	56.58
2026/08/31 09:27:33.295	1198	402	49	5	2835	56.58
2026/08/31 09:27:33.395	1198	402	49	5	2835	56.58
2026/08/31 09:27:33.495	1198	402	49	4	2835	56.44
2026/08/31 09:27:33.595	1198	402	49	4	2835	56.44
2026/08/31 09:27:33.695	1198	402	49	4	2835	56.44
2026/08/31 09:27:33.795	1198	402	49	4	2835	56.44
2026/08/31 09:27:33.896	1198	402	49	4	2835	56.44
2026/08/31 09:27:33.996	1198	402	49	5	2835	56.55
2026/08/31 09:27:34.096	1198	402	49	5	2835	56.55
2026/08/31 09:27:34.196	1198	402	49	5	2835	56.55
2026/08/31 09:27:34.296	1198	402	49	5	2835	56.55
2026/08/31 09:27:34.396	1198	402	49	5	2835	56.55
2026/08/31 09:27:34.496	1198	402	49	4	2835	56.51
2026/08/31 09:27:34.596	1198	402	49	4	2835	56.51
2026/08/31 09:27:34.696	1198	402	49	4	2835	56.51
2026/08/31 09:27:34.796	1198	402	49	4	2835	56.51
2026/08/31 09:27:34.897	1198	402	49	4	2835	56.51
2026/08/31 09:27:34.997	1198	402	51	5	2835	56.71
2026/08/31 09:27:35.097	1198	402	51	5	2835	56.71
2026/08/31 09:27:35.197	1198	402	51	5	2835	56.71
2026/08/31 09:27:35.297	1198	402	51	5	2835	56.71
2026/08/31 09:27:35.397	1198	402	51	5	2835	56.71
2026/08/31 09:27:35.497	1198	402	50	4	2835	56.60
2026/08/31 09:27:35.597	1198	402	50	4	2835	56.60
2026/08/31 09:27:35.698	1198	402	50	4	2835	56.60
2026/08/31 09:27:35.798	1198	402	50	4	2835	56.60
2026/08/31 09:27:35.898	1198	402	50	4	2835	56.60
2026/08/31 09:27:35.998	1198	402	48	5	2835	56.61
2026/08/31 09:27:36.098	1198	402	48	5	2835	56.61
2026/08/31 09:27:36.198	1198	402	48	5	2835	56.61
2026/08/31 09:27:36.298	1198	402	48	5	2835	56.61
2026/08/31 09:27:36.398	1198	402	48	5	2835	56.61
2026/08/31 09:27:36.498	1198	402	50	5	2835	56.44
2026/08/31 09:27:36.598	1198	402	50	5	2835	56.44
2026/08/31 09:27:36.699	1198	402	50	5	2835	56.44
2026/08/31 09:27:36.799	1198	402	50	5	2835	56.44
2026/08/31 09:27:36.899	1198	402	50	5	2835	56.44
2026/08/31 09:27:36.999	1198	402	50	5	2835	56.55
2026/08/31 09:27:37.099	1198	402	50	5	2835	56.55
2026/08/31 09:27:37.199	1198	402	50	5	2835	56.55
2026/08/31 09:27:37.299	1198	402	50	5	2835	56.55
2026/08/31 09:27:37.399	1198	402	50	5	2835	56.55
2026/08/31 09:27:37.499	1198	402	50	5	2835	56.44
2026/08/31 09:27:37.599	1198	402	50	5	2835	56.44
2026/08/31 09:27:37.699	1198	402	50	5	2835	56.44
2026/08/31 09:27:37.800	1198	402	50	5	2835	56.44
2026/08/31 09:27:37.900	1198	402	50	5	2835	56.44
2026/08/31 09:27:38.000	1198	402	49	5	2835	56.64
2026/08/31 09:27:38.100	1198	402	49	5	2835	56.64
2026/08/31 09:27:38.200	1198	402	49	5	2835	56.64
2026/08/31 09:27:38.300	1198	402	49	5	2835	56.64
2026/08/31 09:27:38.400	1198	402	49	5	2835	56.64
2026/08/31 09:27:38.500	1198	402	50	5	2835	56.57
2026/08/31 09:27:38.600	1198	402	50	5	2835	56.57
2026/08/31 09:27:38.700	1198	402	50	5	2835	56.57
2026/08/31 09:27:38.800	1198	402	50	5	2835	56.57
2026/08/31 09:27:38.901	1198	402	50	5	2835	56.57
2026/08/31 09:27:39.001	1198	402	51	5	2835	56.66
2026/08/31 09:27:39.101	1198	402	51	5	2835	56.66
2026/08/31 09:27:39.201	1198	402	51	5	2835	56.66
2026/08/31 09:27:39.301	1198	402	51	5	2835	56.66
2026/08/31 09:27:39.401	1198	402	51	5	2835	56.66
2026/08/31 09:27:39.501	1198	402	49	4	2835	56.48
2026/08/31 09:27:39.601	1198	402	49	4	2835	56.48
2026/08/31 09:27:39.701	1198	402	49	4	2835	56.48
2026/08/31 09:27:39.802	1198	402	49	4	2835	56.48
2026/08/31 09:27:39.902	1198	402	49	4	2835	56.48
2026/08/31 09:27:40.002	1198	402	52	5	2835	56.52
2026/08/31 09:27:40.102	1198	402	52	5	2835	56.52
2026/08/31 09:27:40.202	1198	402	52	5	2835	56.52
2026/08/31 09:27:40.302	1198	402	52	5	2835	56.52
2026/08/31 09:27:40.402	1198	402	52	5	2835	56.52
2026/08/31 09:27:40.502	1198	402	50	5	2835	56.43
2026/08/31 09:27:40.602	1198	402	50	5	2835	56.43
2026/08/31 09:27:40.702	1198	402	50	5	2835	56.43
2026/08/31 09:27:40.803	1198	402	50	5	2835	56.43
2026/08/31 09:27:40.903	1198	402	50	5	2835	56.43
2026/08/31 09:27:41.003	1198	402	49	5	2835	56.60
2026/08/31 09:27:41.103	1198	402	49	5	2835	56.60
2026/08/31 09:27:41.203	1198	402	49	5	2835	56.60
2026/08/31 09:27:41.303	1198	402	49	5	2835	56.60
2026/08/31 09:27:41.403	1198	402	49	5	2835	56.60
2026/08/31 09:27:41.503	1198	402	48	4	2835	56.51
2026/08/31 09:27:41.603	1198	402	48	4	2835	56.51
2026/08/31 09:27:41.703	1198	402	48	4	2835	56.51
2026/08/31 09:27:41.803	1198	402	48	4	2835	56.51
2026/08/31 09:27:41.904	1198	402	48	4	2835	56.51
2026/08/31 09:27:42.004	1198	402	48	5	2835	56.65
2026/08/31 09:27:42.104	1198	402	48	5	2835	56.65
2026/08/31 09:27:42.204	1198	402	48	5	2835	56.65
2026/08/31 09:27:42.304	1198	402	48	5	2835	56.65
2026/08/31 09:27:42.404	1198	402	48	5	2835	56.65
2026/08/31 09:27:42.504	1198	402	50	5	2835	56.51
2026/08/31 09:27:42.604	1198	402	50	5	2835	56.51
2026/08/31 09:27:42.704	1198	402	50	5	2835	56.51
2026/08/31 09:27:42.804	1198	402	50	5	2835	56.51
2026/08/31 09:27:42.905	1198	402	50	5	2835	56.51
2026/08/31 09:27:43.005	1198	402	51	5	2835	56.63
2026/08/31 09:27:43.105	1198	402	51	5	2835	56.63
2026/08/31 09:27:43.205	1198	402	51	5	2835	56.63
2026/08/31 09:27:43.305	1198	402	51	5	2835	56.63
2026/08/31 09:27:43.405	1198	402	51	5	2835	56.63
2026/08/31 09:27:43.505	1198	402	50	4	2835	56.49
2026/08/31 09:27:43.605	1198	402	50	4	2835	56.49
2026/08/31 09:27:43.705	1198	402	50	4	2835	56.49
2026/08/31 09:27:43.805	1198	402	50	4	2835	56.49
2026/08/31 09:27:43.906	1198	402	50	4	2835	56.49
2026/08/31 09:27:44.006	1198	402	50	5	2835	56.45
2026/08/31 09:27:44.106	1198	402	50	5	2835	56.45
2026/08/31 09:27:44.206	1198	402	50	5	2835	56.45
2026/08/31 09:27:44.306	1198	402	50	5	2835	56.45
2026/08/31 09:27:44.406	1198	402	50	5	2835	56.45
2026/08/31 09:27:44.506	1198	402	50	4	2835	56.60
2026/08/31 09:27:44.606	1198	402	50	4	2835	56.60
2026/08/31 09:27:44.706	1198	402	50	4	2835	56.60
2026/08/31 09:27:44.806	1198	402	50	4	2835	56.60
2026/08/31 09:27:44.907	1198	402	50	4	2835	56.60
2026/08/31 09:27:45.007	1198	402	50	5	2835	56.38
2026/08/31 09:27:45.107	1198	402	50	5	2835	56.38
2026/08/31 09:27:45.207	1198	402	50	5	2835	56.38
2026/08/31 09:27:45.307	1198	402	50	5	2835	56.38
2026/08/31 09:27:45.407	1198	402	50	5	2835	56.38
2026/08/31 09:27:45.507	1198	402	50	4	2835	56.48
2026/08/31 09:27:45.607	1198	402	50	4	2835	56.48
2026/08/31 09:27:45.707	1198	402	50	4	2835	56.48
2026/08/31 09:27:45.807	1198	402	50	4	2835	56.48
2026/08/31 09:27:45.907	1198	402	50	4	2835	56.48
2026/08/31 09:27:46.008	1198	402	51	5	2835	56.47
2026/08/31 09:27:46.108	1198	402	51	5	2835	56.47
2026/08/31 09:27:46.208	1198	402	51	5	2835	56.47
2026/08/31 09:27:46.308	1198	402	51	5	2835	56.47
2026/08/31 09:27:46.408	1198	402	51	5	2835	56.47
2026/08/31 09:27:46.508	1198	402	49	4	2835	56.67
2026/08/31 09:27:46.608	1198	402	49	4	2835	56.67
2026/08/31 09:27:46.708	1198	402	49	4	2835	56.67
2026/08/31 09:27:46.808	1198	402	49	4	2835	56.67
2026/08/31 09:27:46.908	1198	402	49	4	2835	56.67
2026/08/31 09:27:47.008	1198	402	49	5	2835	56.62
2026/08/31 09:27:47.109	1198	402	49	5	2835	56.62
2026/08/31 09:27:47.209	1198	402	49	5	2835	56.62
2026/08/31 09:27:47.309	1198	402	49	5	2835	56.62
2026/08/31 09:27:47.409	1198	402	49	5	2835	56.62
2026/08/31 09:27:47.509	1198	402	49	4	2835	56.80
2026/08/31 09:27:47.609	1198	402	49	4	2835	56.80
2026/08/31 09:27:47.709	1198	402	49	4	2835	56.80
2026/08/31 09:27:47.809	1198	402	49	4	2835	56.80
2026/08/31 09:27:47.909	1198	402	49	4	2835	56.80
2026/08/31 09:27:48.009	1198	402	51	5	2835	56.71
2026/08/31 09:27:48.110	1198	402	51	5	2835	56.71
2026/08/31 09:27:48.210	1198	402	51	5	2835	56.71
2026/08/31 09:27:48.310	1198	402	51	5	2835	56.71
2026/08/31 09:27:48.410	1198	402	51	5	2835	56.71
2026/08/31 09:27:48.510	1198	402	50	4	2835	56.76
2026/08/31 09:27:48.610	1198	402	50	4	2835	56.76
2026/08/31 09:27:48.710	1198	402	50	4	2835	56.76
2026/08/31 09:27:48.810	1198	402	50	4	2835	56.76
2026/08/31 09:27:48.910	1198	402	50	4	2835	56.76
2026/08/31 09:27:49.010	1198	402	52	5	2835	56.57
2026/08/31 09:27:49.111	1198	402	52	5	2835	56.57
2026/08/31 09:27:49.211	1198	402	52	5	2835	56.57
2026/08/31 09:27:49.311	1198	402	52	5	2835	56.57
2026/08/31 09:27:49.411	1198	402	52	5	2835	56.57
2026/08/31 09:27:49.511	1198	402	49	4	2835	56.72
2026/08/31 09:27:49.611	1198	402	49	4	2835	56.72
2026/08/31 09:27:49.711	1198	402	49	4	2835	56.72
2026/08/31 09:27:49.811	1198	402	49	4	2835	56.72
2026/08/31 09:27:49.911	1198	402	49	4	2835	56.72
2026/08/31 09:27:50.011	1198	402	50	5	2835	56.56
2026/08/31 09:27:50.112	1198	402	50	5	2835	56.56
2026/08/31 09:27:50.212	1198	402	50	5	2835	56.56
2026/08/31 09:27:50.312	1198	402	50	5	2835	56.56
2026/08/31 09:27:50.412	1198	402	50	5	2835	56.56
2026/08/31 09:27:50.512	1198	402	50	4	2835	56.58
2026/08/31 09:27:50.612	1198	402	50	4	2835	56.58
2026/08/31 09:27:50.712	1198	402	50	4	2835	56.58
2026/08/31 09:27:50.812	1198	402	50	4	2835	56.58
2026/08/31 09:27:50.912	1198	402	50	4	2835	56.58
2026/08/31 09:27:51.012	1198	402	48	5	2835	56.46
2026/08/31 09:27:51.112	1198	402	48	5	2835	56.46
2026/08/31 09:27:51.213	1198	402	48	5	2835	56.46
2026/08/31 09:27:51.313	1198	402	48	5	2835	56.46
2026/08/31 09:27:51.413	1198	402	48	5	2835	56.46
2026/08/31 09:27:51.514	1198	402	50	4	2835	56.63
2026/08/31 09:27:51.614	1198	402	50	4	2835	56.63
2026/08/31 09:27:51.714	1198	402	50	4	2835	56.63
2026/08/31 09:27:51.814	1198	402	50	4	2835	56.63
2026/08/31 09:27:51.914	1198	402	50	4	2835	56.63
2026/08/31 09:27:52.014	1198	402	52	5	2835	56.65
2026/08/31 09:27:52.114	1198	402	52	5	2835	56.65
2026/08/31 09:27:52.214	1198	402	52	5	2835	56.65
2026/08/31 09:27:52.314	1198	402	52	5	2835	56.65
2026/08/31 09:27:52.414	1198	402	52	5	2835	56.65
2026/08/31 09:27:52.515	1198	402	53	5	2835	56.82
2026/08/31 09:27:52.615	1198	402	53	5	2835	56.82
2026/08/31 09:27:52.715	1198	402	53	5	2835	56.82
2026/08/31 09:27:52.815	1198	402	53	5	2835	56.82
2026/08/31 09:27:52.915	1198	402	53	5	2835	56.82
2026/08/31 09:27:53.015	1198	402	51	5	2835	56.76
2026/08/31 09:27:53.115	1198	402	51	5	2835	56.76
2026/08/31 09:27:53.215	1198	402	51	5	2835	56.76
2026/08/31 09:27:53.315	1198	402	51	5	2835	56.76
2026/08/31 09:27:53.416	1198	402	51	5	2835	56.76
2026/08/31 09:27:53.516	1198	402	52	5	2835	56.93
2026/08/31 09:27:53.616	1198	402	52	5	2835	56.93
2026/08/31 09:27:53.716	1198	402	52	5	2835	56.93
2026/08/31 09:27:53.816	1198	402	52	5	2835	56.93
2026/08/31 09:27:53.916	1198	402	52	5	2835	56.93
2026/08/31 09:27:54.016	1198	402	51	5	2835	56.69
2026/08/31 09:27:54.116	1198	402	51	5	2835	56.69
2026/08/31 09:27:54.216	1198	402	51	5	2835	56.69
2026/08/31 09:27:54.316	1198	402	51	5	2835	56.69
2026/08/31 09:27:54.417	1198	402	51	5	2835	56.69
2026/08/31 09:27:54.517	1198	402	52	5	2835	56.69
2026/08/31 09:27:54.617	1198	402	52	5	2835	56.69
2026/08/31 09:27:54.717	1198	402	52	5	2835	56.69
2026/08/31 09:27:54.817	1198	402	52	5	2835	56.69
2026/08/31 09:27:54.917	1198	402	52	5	2835	56.69
2026/08/31 09:27:55.017	1198	402	51	5	2835	56.48
2026/08/31 09:27:55.117	1198	402	51	5	2835	56.48
2026/08/31 09:27:55.217	1198	402	51	5	2835	56.48
2026/08/31 09:27:55.317	1198	402	51	5	2835	56.48
2026/08/31 09:27:55.418	1198	402	51	5	2835	56.48
2026/08/31 09:27:55.518	1198	402	51	5	2835	56.49
2026/08/31 09:27:55.618	1198	402	51	5	2835	56.49
2026/08/31 09:27:55.718	1198	402	51	5	2835	56.49
2026/08/31 09:27:55.818	1198	402	51	5	2835	56.49
2026/08/31 09:27:55.918	1198	402	51	5	2835	56.49
2026/08/31 09:27:56.018	1198	402	51	5	2835	56.33
2026/08/31 09:27:56.118	1198	402	51	5	2835	56.33
2026/08/31 09:27:56.218	1198	402	51	5	2835	56.33
2026/08/31 09:27:56.318	1198	402	51	5	2835	56.33
2026/08/31 09:27:56.418	1198	402	51	5	2835	56.33
2026/08/31 09:27:56.519	1198	402	48	5	2835	56.47
2026/08/31 09:27:56.619	1198	402	48	5	2835	56.47
2026/08/31 09:27:56.719	1198	402	48	5	2835	56.47
2026/08/31 09:27:56.819	1198	402	48	5	2835	56.47
2026/08/31 09:27:56.919	1198	402	48	5	2835	56.47
2026/08/31 09:27:57.019	1198	402	51	5	2835	56.45
2026/08/31 09:27:57.119	1198	402	51	5	2835	56.45
2026/08/31 09:27:57.219	1198	402	51	5	2835	56.45
2026/08/31 09:27:57.319	1198	402	51	5	2835	56.45
2026/08/31 09:27:57.419	1198	402	51	5	2835	56.45
2026/08/31 09:27:57.519	1198	402	48	5	2835	56.60
2026/08/31 09:27:57.620	1198	402	48	5	2835	56.60
2026/08/31 09:27:57.720	1198	402	48	5	2835	56.60
2026/08/31 09:27:57.820	1198	402	48	5	2835	56.60
2026/08/31 09:27:57.920	1198	402	48	5	2835	56.60
2026/08/31 09:27:58.020	1198	402	50	5	2835	56.43
2026/08/31 09:27:58.120	1198	402	50	5	2835	56.43
2026/08/31 09:27:58.220	1198	402	50	5	2835	56.43
2026/08/31 09:27:58.320	1198	402	50	5	2835	56.43
2026/08/31 09:27:58.420	1198	402	50	5	2835	56.43
2026/08/31 09:27:58.520	1198	402	52	5	2835	56.58
2026/08/31 09:27:58.620	1198	402	52	5	2835	56.58
2026/08/31 09:27:58.721	1198	402	52	5	2835	56.58
2026/08/31 09:27:58.821	1198	402	52	5	2835	56.58
2026/08/31 09:27:58.921	1198	402	52	5	2835	56.58
2026/08/31 09:27:59.021	1198	402	50	5	2835	56.58
2026/08/31 09:27:59.121	1198	402	50	5	2835	56.58
2026/08/31 09:27:59.221	1198	402	50	5	2835	56.58
2026/08/31 09:27:59.321	1198	402	50	5	2835	56.58
2026/08/31 09:27:59.421	1198	402	50	5	2835	56.58
2026/08/31 09:27:59.521	1198	402	51	5	2835	56.66
2026/08/31 09:27:59.621	1198	402	51	5	2835	56.66
2026/08/31 09:27:59.721	1198	402	51	5	2835	56.66
2026/08/31 09:27:59.822	1198	402	51	5	2835	56.66
2026/08/31 09:27:59.922	1198	402	51	5	2835	56.66
2026/08/31 09:28:00.022	1198	402	51	5	2835	56.59
2026/08/31 09:28:00.122	1198	402	51	5	2835	56.59
2026/08/31 09:28:00.222	1198	402	51	5	2835	56.59
2026/08/31 09:28:00.322	1198	402	51	5	2835	56.59
2026/08/31 09:28:00.422	1198	402	51	5	2835	56.59
2026/08/31 09:28:00.522	1198	402	50	5	2835	56.76
2026/08/31 09:28:00.622	1198	402	50	5	2835	56.76
2026/08/31 09:28:00.722	1198	402	50	5	2835	56.76
2026/08/31 09:28:00.823	1198	402	50	5	2835	56.76
2026/08/31 09:28:00.923	1198	402	50	5	2835	56.76
2026/08/31 09:28:01.023	1198	402	50	5	2835	56.61
2026/08/31 09:28:01.123	1198	402	50	5	2835	56.61
2026/08/31 09:28:01.223	1198	402	50	5	2835	56.61
2026/08/31 09:28:01.323	1198	402	50	5	2835	56.61
2026/08/31 09:28:01.423	1198	402	50	5	2835	56.61
2026/08/31 09:28:01.523	1198	402	50	5	2835	56.66
2026/08/31 09:28:01.624	1198	402	50	5	2835	56.66
2026/08/31 09:28:01.724	1198	402	50	5	2835	56.66
2026/08/31 09:28:01.824	1198	402	50	5	2835	56.66
2026/08/31 09:28:01.924	1198	402	50	5	2835	56.66
2026/08/31 09:28:02.024	1198	402	50	4	2835	56.50
2026/08/31 09:28:02.124	1198	402	50	4	2835	56.50
2026/08/31 09:28:02.224	1198	402	50	4	2835	56.50
2026/08/31 09:28:02.324	1198	402	50	4	2835	56.50
2026/08/31 09:28:02.424	1198	402	50	4	2835	56.50
2026/08/31 09:28:02.525	1198	402	50	5	2835	56.65
2026/08/31 09:28:02.625	1198	402	50	5	2835	56.65
2026/08/31 09:28:02.725	1198	402	50	5	2835	56.65
2026/08/31 09:28:02.825	1198	402	50	5	2835	56.65
2026/08/31 09:28:02.925	1198	402	50	5	2835	56.65
2026/08/31 09:28:03.025	1198	402	49	4	2835	56.58
2026/08/31 09:28:03.125	1198	402	49	4	2835	56.58
2026/08/31 09:28:03.225	1198	402	49	4	2835	56.58
2026/08/31 09:28:03.325	1198	402	49	4	2835	56.58
2026/08/31 09:28:03.425	1198	402	49	4	2835	56.58
2026/08/31 09:28:03.526	1198	402	51	5	2835	56.62
2026/08/31 09:28:03.626	1198	402	51	5	2835	56.62
2026/08/31 09:28:03.726	1198	402	51	5	2835	56.62
2026/08/31 09:28:03.826	1198	402	51	5	2835	56.62
2026/08/31 09:28:03.926	1198	402	51	5	2835	56.62
2026/08/31 09:28:04.026	1198	402	50	5	2835	56.48
2026/08/31 09:28:04.126	1198	402	50	5	2835	56.48
2026/08/31 09:28:04.226	1198	402	50	5	2835	56.48
2026/08/31 09:28:04.326	1198	402	50	5	2835	56.48
2026/08/31 09:28:04.426	1198	402	50	5	2835	56.48
2026/08/31 09:28:04.527	1198	402	52	5	2835	56.67
2026/08/31 09:28:04.627	1198	402	52	5	2835	56.67
2026/08/31 09:28:04.727	1198	402	52	5	2835	56.67
2026/08/31 09:28:04.827	1198	402	52	5	2835	56.67
2026/08/31 09:28:04.927	1198	402	52	5	2835	56.67
2026/08/31 09:28:05.027	1198	402	50	4	2835	56.44
2026/08/31 09:28:05.127	1198	402	50	4	2835	56.44
2026/08/31 09:28:05.227	1198	402	50	4	2835	56.44
2026/08/31 09:28:05.327	1198	402	50	4	2835	56.44
2026/08/31 09:28:05.427	1198	402	50	4	2835	56.44
2026/08/31 09:28:05.528	1198	402	49	5	2835	56.43
2026/08/31 09:28:05.628	1198	402	49	5	2835	56.43
2026/08/31 09:28:05.728	1198	402	49	5	2835	56.43
2026/08/31 09:28:05.828	1198	402	49	5	2835	56.43
2026/08/31 09:28:05.928	1198	402	49	5	2835	56.43
2026/08/31 09:28:06.028	1198	402	50	4	2835	56.39
2026/08/31 09:28:06.128	1198	402	50	4	2835	56.39
2026/08/31 09:28:06.228	1198	402	50	4	2835	56.39
2026/08/31 09:28:06.328	1198	402	50	4	2835	56.39
2026/08/31 09:28:06.428	1198	402	50	4	2835	56.39
2026/08/31 09:28:06.529	1198	402	50	5	2835	56.62
2026/08/31 09:28:06.629	1198	402	50	5	2835	56.62
2026/08/31 09:28:06.729	1198	402	50	5	2835	56.62
2026/08/31 09:28:06.829	1198	402	50	5	2835	56.62
2026/08/31 09:28:06.929	1198	402	50	5	2835	56.62
2026/08/31 09:28:07.029	1198	402	49	4	2835	56.58
2026/08/31 09:28:07.129	1198	402	49	4	2835	56.58
2026/08/31 09:28:07.229	1198	402	49	4	2835	56.58
2026/08/31 09:28:07.329	1198	402	49	4	2835	56.58
2026/08/31 09:28:07.430	1198	402	49	4	2835	56.58
2026/08/31 09:28:07.530	1198	402	50	5	2835	56.65
2026/08/31 09:28:07.630	1198	402	50	5	2835	56.65
2026/08/31 09:28:07.730	1198	402	50	5	2835	56.65
2026/08/31 09:28:07.830	1198	402	50	5	2835	56.65
2026/08/31 09:28:07.930	1198	402	50	5	2835	56.65
2026/08/31 09:28:08.030	1198	402	51	4	2835	56.48
2026/08/31 09:28:08.130	1198	402	51	4	2835	56.48
2026/08/31 09:28:08.230	1198	402	51	4	2835	56.48
2026/08/31 09:28:08.331	1198	402	51	4	2835	56.48
2026/08/31 09:28:08.431	1198	402	51	4	2835	56.48
2026/08/31 09:28:08.531	1198	402	53	5	2835	56.67
2026/08/31 09:28:08.631	1198	402	53	5	2835	56.67
2026/08/31 09:28:08.731	1198	402	53	5	2835	56.67
2026/08/31 09:28:08.831	1198	402	53	5	2835	56.67
2026/08/31 09:28:08.931	1198	402	53	5	2835	56.67
2026/08/31 09:28:09.031	1198	402	47	4	2835	56.48
2026/08/31 09:28:09.131	1198	402	47	4	2835	56.48
2026/08/31 09:28:09.231	1198	402	47	4	2835	56.48
2026/08/31 09:28:09.331	1198	402	47	4	2835	56.48
2026/08/31 09:28:09.432	1198	402	47	4	2835	56.48
2026/08/31 09:28:09.532	1198	402	53	5	2835	56.60
2026/08/31 09:28:09.632	1198	402	53	5	2835	56.60
2026/08/31 09:28:09.732	1198	402	53	5	2835	56.60
2026/08/31 09:28:09.832	1198	402	53	5	2835	56.60
2026/08/31 09:28:09.932	1198	402	53	5	2835	56.60
2026/08/31 09:28:10.032	1198	402	49	4	2835	56.59
2026/08/31 09:28:10.132	1198	402	49	4	2835	56.59
2026/08/31 09:28:10.232	1198	402	49	4	2835	56.59
2026/08/31 09:28:10.333	1198	402	49	4	2835	56.59
2026/08/31 09:28:10.433	1198	402	49	4	2835	56.59
2026/08/31 09:28:10.533	1198	402	50	5	2835	56.75
2026/08/31 09:28:10.633	1198	402	50	5	2835	56.75
2026/08/31 09:28:10.733	1198	402	50	5	2835	56.75
2026/08/31 09:28:10.833	1198	402	50	5	2835	56.75
2026/08/31 09:28:10.933	1198	402	50	5	2835	56.75
2026/08/31 09:28:11.033	1198	402	51	4	2835	56.72
2026/08/31 09:28:11.133	1198	402	51	4	2835	56.72
2026/08/31 09:28:11.233	1198	402	51	4	2835	56.72
2026/08/31 09:28:11.334	1198	402	51	4	2835	56.72
2026/08/31 09:28:11.434	1198	402	51	4	2835	56.72
2026/08/31 09:28:11.534	1198	402	53	5	2835	56.86
2026/08/31 09:28:11.634	1198	402	53	5	2835	56.86
2026/08/31 09:28:11.734	1198	402	53	5	2835	56.86
2026/08/31 09:28:11.834	1198	402	53	5	2835	56.86
2026/08/31 09:28:11.934	1198	402	53	5	2835	56.86
2026/08/31 09:28:12.034	1198	402	48	4	2835	56.63
2026/08/31 09:28:12.134	1198	402	48	4	2835	56.63
2026/08/31 09:28:12.235	1198	402	48	4	2835	56.63
2026/08/31 09:28:12.335	1198	402	48	4	2835	56.63
2026/08/31 09:28:12.435	1198	402	48	4	2835	56.63
2026/08/31 09:28:12.535	1198	402	53	5	2835	56.61
2026/08/31 09:28:12.635	1198	402	53	5	2835	56.61
2026/08/31 09:28:12.735	1198	402	53	5	2835	56.61
2026/08/31 09:28:12.835	1198	402	53	5	2835	56.61
2026/08/31 09:28:12.935	1198	402	53	5	2835	56.61
2026/08/31 09:28:13.035	1198	402	49	4	2835	56.49
2026/08/31 09:28:13.135	1198	402	49	4	2835	56.49
2026/08/31 09:28:13.236	1198	402	49	4	2835	56.49
2026/08/31 09:28:13.336	1198	402	49	4	2835	56.49
2026/08/31 09:28:13.436	1198	402	49	4	2835	56.49
2026/08/31 09:28:13.536	1198	402	52	5	2835	56.64
2026/08/31 09:28:13.636	1198	402	52	5	2835	56.64
2026/08/31 09:28:13.736	1198	402	52	5	2835	56.64
2026/08/31 09:28:13.836	1198	402	52	5	2835	56.64
2026/08/31 09:28:13.936	1198	402	52	5	2835	56.64
2026/08/31 09:28:14.036	1198	402	49	4	2835	56.92
2026/08/31 09:28:14.136	1198	402	49	4	2835	56.92
2026/08/31 09:28:14.236	1198	402	49	4	2835	56.92
2026/08/31 09:28:14.337	1198	402	49	4	2835	56.92
2026/08/31 09:28:14.437	1198	402	49	4	2835	56.92
2026/08/31 09:28:14.537	1198	402	52	5	2835	58.05
2026/08/31 09:28:14.637	1198	402	52	5	2835	58.05
2026/08/31 09:28:14.737	1198	402	52	5	2835	58.05
2026/08/31 09:28:14.837	1198	402	52	5	2835	58.05
2026/08/31 09:28:14.937	1198	402	52	5	2835	58.05
2026/08/31 09:28:15.037	1198	402	50	4	2835	58.72
2026/08/31 09:28:15.137	1198	402	50	4	2835	58.72
2026/08/31 09:28:15.237	1198	402	50	4	2835	58.72
2026/08/31 09:28:15.338	1198	402	50	4	2835	58.72
2026/08/31 09:28:15.438	1198	402	50	4	2835	58.72
2026/08/31 09:28:15.538	1198	402	50	5	2835	58.02
2026/08/31 09:28:15.638	1198	402	50	5	2835	58.02
2026/08/31 09:28:15.738	1198	402	50	5	2835	58.02
2026/08/31 09:28:15.838	1198	402	50	5	2835	58.02
2026/08/31 09:28:15.938	1198	402	50	5	2835	58.02
2026/08/31 09:28:16.038	1198	402	50	4	2835	56.75
2026/08/31 09:28:16.138	1198	402	50	4	2835	56.75
2026/08/31 09:28:16.239	1198	402	50	4	2835	56.75
2026/08/31 09:28:16.339	1198	402	50	4	2835	56.75
2026/08/31 09:28:16.439	1198	402	50	4	2835	56.75
2026/08/31 09:28:16.539	1198	402	52	5	2835	56.79
2026/08/31 09:28:16.639	1198	402	52	5	2835	56.79
2026/08/31 09:28:16.739	1198	402	52	5	2835	56.79
2026/08/31 09:28:16.839	1198	402	52	5	2835	56.79
2026/08/31 09:28:16.939	1198	402	52	5	2835	56.79
2026/08/31 09:28:17.039	1198	402	47	4	2835	56.61
2026/08/31 09:28:17.139	1198	402	47	4	2835	56.61
2026/08/31 09:28:17.239	1198	402	47	4	2835	56.61
2026/08/31 09:28:17.340	1198	402	47	4	2835	56.61
2026/08/31 09:28:17.440	1198	402	47	4	2835	56.61
2026/08/31 09:28:17.540	1198	402	52	5	2835	56.62
2026/08/31 09:28:17.640	1198	402	52	5	2835	56.62
2026/08/31 09:28:17.740	1198	402	52	5	2835	56.62
2026/08/31 09:28:17.840	1198	402	52	5	2835	56.62
2026/08/31 09:28:17.940	1198	402	52	5	2835	56.62
2026/08/31 09:28:18.040	1198	402	49	4	2835	56.44
2026/08/31 09:28:18.140	1198	402	49	4	2835	56.44
2026/08/31 09:28:18.240	1198	402	49	4	2835	56.44
2026/08/31 09:28:18.341	1198	402	49	4	2835	56.44
2026/08/31 09:28:18.441	1198	402	49	4	2835	56.44
2026/08/31 09:28:18.541	1198	402	49	5	2835	57.37
2026/08/31 09:28:18.641	1198	402	49	5	2835	57.37
2026/08/31 09:28:18.741	1198	402	49	5	2835	57.37
2026/08/31 09:28:18.841	1198	402	49	5	2835	57.37
2026/08/31 09:28:18.941	1198	402	49	5	2835	57.37
2026/08/31 09:28:19.041	1198	402	50	4	2835	58.29
2026/08/31 09:28:19.141	1198	402	50	4	2835	58.29
2026/08/31 09:28:19.241	1198	402	50	4	2835	58.29
2026/08/31 09:28:19.342	1198	402	50	4	2835	58.29
2026/08/31 09:28:19.442	1198	402	50	4	2835	58.29
2026/08/31 09:28:19.542	1198	402	51	5	2835	58.49
2026/08/31 09:28:19.642	1198	402	51	5	2835	58.49
2026/08/31 09:28:19.742	1198	402	51	5	2835	58.49
2026/08/31 09:28:19.842	1198	402	51	5	2835	58.49
2026/08/31 09:28:19.942	1198	402	51	5	2835	58.49
2026/08/31 09:28:20.042	1198	402	50	4	2835	57.60
2026/08/31 09:28:20.142	1198	402	50	4	2835	57.60
2026/08/31 09:28:20.242	1198	402	50	4	2835	57.60
2026/08/31 09:28:20.343	1198	402	50	4	2835	57.60
2026/08/31 09:28:20.443	1198	402	50	4	2835	57.60
2026/08/31 09:28:20.543	1198	402	51	5	2835	56.84
2026/08/31 09:28:20.643	1198	402	51	5	2835	56.84
2026/08/31 09:28:20.743	1198	402	51	5	2835	56.84
2026/08/31 09:28:20.843	1198	402	51	5	2835	56.84
2026/08/31 09:28:20.943	1198	402	51	5	2835	56.84
2026/08/31 09:28:21.043	1198	402	49	4	2835	56.48
2026/08/31 09:28:21.143	1198	402	49	4	2835	56.48
2026/08/31 09:28:21.244	1198	402	49	4	2835	56.48
2026/08/31 09:28:21.344	1198	402	49	4	2835	56.48
2026/08/31 09:28:21.444	1198	402	49	4	2835	56.48
2026/08/31 09:28:21.544	1198	402	50	5	2835	56.45
2026/08/31 09:28:21.644	1198	402	50	5	2835	56.45
2026/08/31 09:28:21.744	1198	402	50	5	2835	56.45
2026/08/31 09:28:21.844	1198	402	50	5	2835	56.45
2026/08/31 09:28:21.944	1198	402	50	5	2835	56.45
2026/08/31 09:28:22.044	1198	402	51	4	2835	57.07
2026/08/31 09:28:22.144	1198	402	51	4	2835	57.07
2026/08/31 09:28:22.245	1198	402	51	4	2835	57.07
2026/08/31 09:28:22.345	1198	402	51	4	2835	57.07
2026/08/31 09:28:22.445	1198	402	51	4	2835	57.07
2026/08/31 09:28:22.545	1198	402	52	5	2835	58.22
2026/08/31 09:28:22.645	1198	402	52	5	2835	58.22
2026/08/31 09:28:22.745	1198	402	52	5	2835	58.22
2026/08/31 09:28:22.845	1198	402	52	5	2835	58.22
2026/08/31 09:28:22.945	1198	402	52	5	2835	58.22
2026/08/31 09:28:23.045	1198	402	51	4	2835	58.16
2026/08/31 09:28:23.145	1198	402	51	4	2835	58.16
2026/08/31 09:28:23.245	1198	402	51	4	2835	58.16
2026/08/31 09:28:23.346	1198	402	51	4	2835	58.16
2026/08/31 09:28:23.446	1198	402	51	4	2835	58.16
2026/08/31 09:28:23.546	1198	402	50	5	2835	57.53
2026/08/31 09:28:23.646	1198	402	50	5	2835	57.53
2026/08/31 09:28:23.746	1198	402	50	5	2835	57.53
2026/08/31 09:28:23.846	1198	402	50	5	2835	57.53
2026/08/31 09:28:23.946	1198	402	50	5	2835	57.53
2026/08/31 09:28:24.046	1198	402	49	4	2835	56.90
2026/08/31 09:28:24.146	1198	402	49	4	2835	56.90
2026/08/31 09:28:24.246	1198	402	49	4	2835	56.90
2026/08/31 09:28:24.346	1198	402	49	4	2835	56.90
2026/08/31 09:28:24.447	1198	402	49	4	2835	56.90
2026/08/31 09:28:24.547	1198	402	51	5	2835	57.03
2026/08/31 09:28:24.647	1198	402	51	5	2835	57.03
2026/08/31 09:28:24.747	1198	402	51	5	2835	57.03
2026/08/31 09:28:24.847	1198	402	51	5	2835	57.03
2026/08/31 09:28:24.947	1198	402	51	5	2835	57.03
2026/08/31 09:28:25.047	1198	402	49	4	2835	57.02
2026/08/31 09:28:25.147	1198	402	49	4	2835	57.02
2026/08/31 09:28:25.247	1198	402	49	4	2835	57.02
2026/08/31 09:28:25.348	1198	402	49	4	2835	57.02
2026/08/31 09:28:25.448	1198	402	49	4	2835	57.02
2026/08/31 09:28:25.548	1198	402	51	5	2835	57.34
2026/08/31 09:28:25.648	1198	402	51	5	2835	57.34
2026/08/31 09:28:25.748	1198	402	51	5	2835	57.34
2026/08/31 09:28:25.848	1198	402	51	5	2835	57.34
2026/08/31 09:28:25.948	1198	402	51	5	2835	57.34
2026/08/31 09:28:26.048	1198	402	50	4	2835	57.49
2026/08/31 09:28:26.148	1198	402	50	4	2835	57.49
2026/08/31 09:28:26.248	1198	402	50	4	2835	57.49
2026/08/31 09:28:26.349	1198	402	50	4	2835	57.49
2026/08/31 09:28:26.449	1198	402	50	4	2835	57.49
2026/08/31 09:28:26.549	1198	402	50	5	2835	58.24
2026/08/31 09:28:26.649	1198	402	50	5	2835	58.24
2026/08/31 09:28:26.749	1198	402	50	5	2835	58.24
2026/08/31 09:28:26.849	1198	402	50	5	2835	58.24
2026/08/31 09:28:26.949	1198	402	50	5	2835	58.24
2026/08/31 09:28:27.049	1198	402	49	4	2835	58.23
2026/08/31 09:28:27.149	1198	402	49	4	2835	58.23
2026/08/31 09:28:27.250	1198	402	49	4	2835	58.23
2026/08/31 09:28:27.350	1198	402	49	4	2835	58.23
2026/08/31 09:28:27.450	1198	402	49	4	2835	58.23
2026/08/31 09:28:27.550	1198	402	50	5	2835	57.36
2026/08/31 09:28:27.650	1198	402	50	5	2835	57.36
2026/08/31 09:28:27.750	1198	402	50	5	2835	57.36
2026/08/31 09:28:27.850	1198	402	50	5	2835	57.36
2026/08/31 09:28:27.950	1198	402	50	5	2835	57.36
2026/08/31 09:28:28.050	1198	402	50	4	2835	57.25
2026/08/31 09:28:28.150	1198	402	50	4	2835	57.25
2026/08/31 09:28:28.251	1198	402	50	4	2835	57.25
2026/08/31 09:28:28.351	1198	402	50	4	2835	57.25
2026/08/31 09:28:28.451	1198	402	50	4	2835	57.25
2026/08/31 09:28:28.551	1198	402	50	5	2835	57.29
2026/08/31 09:28:28.651	1198	402	50	5	2835	57.29
2026/08/31 09:28:28.751	1198	402	50	5	2835	57.29
2026/08/31 09:28:28.851	1198	402	50	5	2835	57.29
2026/08/31 09:28:28.951	1198	402	50	5	2835	57.29
2026/08/31 09:28:29.051	1198	402	50	5	2835	57.16
2026/08/31 09:28:29.151	1198	402	50	5	2835	57.16
2026/08/31 09:28:29.252	1198	402	50	5	2835	57.16
2026/08/31 09:28:29.352	1198	402	50	5	2835	57.16
2026/08/31 09:28:29.452	1198	402	50	5	2835	57.16
2026/08/31 09:28:29.552	1198	402	53	5	2835	57.19
2026/08/31 09:28:29.652	1198	402	53	5	2835	57.19
2026/08/31 09:28:29.752	1198	402	53	5	2835	57.19
2026/08/31 09:28:29.852	1198	402	53	5	2835	57.19
2026/08/31 09:28:29.952	1198	402	53	5	2835	57.19
2026/08/31 09:28:30.052	1198	402	46	4	2835	57.19
2026/08/31 09:28:30.153	1198	402	46	4	2835	57.19
2026/08/31 09:28:30.253	1198	402	46	4	2835	57.19
2026/08/31 09:28:30.353	1198	402	46	4	2835	57.19
2026/08/31 09:28:30.453	1198	402	46	4	2835	57.19
2026/08/31 09:28:30.553	1198	402	52	5	2835	57.41
2026/08/31 09:28:30.653	1198	402	52	5	2835	57.41
2026/08/31 09:28:30.753	1198	402	52	5	2835	57.41
2026/08/31 09:28:30.853	1198	402	52	5	2835	57.41
2026/08/31 09:28:30.953	1198	402	52	5	2835	57.41
2026/08/31 09:28:31.054	1198	402	50	5	2835	57.83
2026/08/31 09:28:31.154	1198	402	50	5	2835	57.83
2026/08/31 09:28:31.254	1198	402	50	5	2835	57.83
2026/08/31 09:28:31.354	1198	402	50	5	2835	57.83
2026/08/31 09:28:31.454	1198	402	50	5	2835	57.83
2026/08/31 09:28:31.554	1198	402	49	5	2835	57.38
2026/08/31 09:28:31.654	1198	402	49	5	2835	57.38
2026/08/31 09:28:31.754	1198	402	49	5	2835	57.38
2026/08/31 09:28:31.855	1198	402	49	5	2835	57.38
2026/08/31 09:28:31.955	1198	402	49	5	2835	57.38
2026/08/31 09:28:32.055	1198	402	49	4	2835	56.78
2026/08/31 09:28:32.155	1198	402	49	4	2835	56.78
2026/08/31 09:28:32.255	1198	402	49	4	2835	56.78
2026/08/31 09:28:32.355	1198	402	49	4	2835	56.78
2026/08/31 09:28:32.455	1198	402	49	4	2835	56.78
2026/08/31 09:28:32.555	1198	402	49	6	2835	57.52
2026/08/31 09:28:32.655	1198	402	49	6	2835	57.52
2026/08/31 09:28:32.756	1198	402	49	6	2835	57.52
2026/08/31 09:28:32.856	1198	402	49	6	2835	57.52
2026/08/31 09:28:32.956	1198	402	49	6	2835	57.52
2026/08/31 09:28:33.056	1198	402	50	4	2835	57.76
2026/08/31 09:28:33.156	1198	402	50	4	2835	57.76
2026/08/31 09:28:33.256	1198	402	50	4	2835	57.76
2026/08/31 09:28:33.356	1198	402	50	4	2835	57.76
2026/08/31 09:28:33.456	1198	402	50	4	2835	57.76
2026/08/31 09:28:33.556	1198	402	49	6	2835	57.44
2026/08/31 09:28:33.657	1198	402	49	6	2835	57.44
2026/08/31 09:28:33.757	1198	402	49	6	2835	57.44
2026/08/31 09:28:33.857	1198	402	49	6	2835	57.44
2026/08/31 09:28:33.957	1198	402	49	6	2835	57.44
2026/08/31 09:28:34.057	1198	402	50	4	2835	56.69
2026/08/31 09:28:34.157	1198	402	50	4	2835	56.69
2026/08/31 09:28:34.257	1198	402	50	4	2835	56.69
2026/08/31 09:28:34.357	1198	402	50	4	2835	56.69
2026/08/31 09:28:34.457	1198	402	50	4	2835	56.69
2026/08/31 09:28:34.558	1198	402	52	6	2835	56.99
2026/08/31 09:28:34.658	1198	402	52	6	2835	56.99
2026/08/31 09:28:34.758	1198	402	52	6	2835	56.99
2026/08/31 09:28:34.858	1198	402	52	6	2835	56.99
2026/08/31 09:28:34.958	1198	402	52	6	2835	56.99
2026/08/31 09:28:35.058	1198	402	50	4	2835	57.25
2026/08/31 09:28:35.158	1198	402	50	4	2835	57.25
2026/08/31 09:28:35.258	1198	402	50	4	2835	57.25
2026/08/31 09:28:35.358	1198	402	50	4	2835	57.25
2026/08/31 09:28:35.459	1198	402	50	4	2835	57.25
2026/08/31 09:28:35.559	1198	402	50	5	2835	57.23
2026/08/31 09:28:35.659	1198	402	50	5	2835	57.23
2026/08/31 09:28:35.759	1198	402	50	5	2835	57.23
2026/08/31 09:28:35.859	1198	402	50	5	2835	57.23
2026/08/31 09:28:35.959	1198	402	50	5	2835	57.23
2026/08/31 09:28:36.059	1198	402	51	5	2835	56.37
2026/08/31 09:28:36.159	1198	402	51	5	2835	56.37
2026/08/31 09:28:36.260	1198	402	51	5	2835	56.37
2026/08/31 09:28:36.360	1198	402	51	5	2835	56.37
2026/08/31 09:28:36.460	1198	402	51	5	2835	56.37
2026/08/31 09:28:36.560	1198	402	50	5	2835	57.58
2026/08/31 09:28:36.660	1198	402	50	5	2835	57.58
2026/08/31 09:28:36.760	1198	402	50	5	2835	57.58
2026/08/31 09:28:36.860	1198	402	50	5	2835	57.58
2026/08/31 09:28:36.960	1198	402	50	5	2835	57.58
2026/08/31 09:28:37.060	1198	402	50	4	2835	57.84
2026/08/31 09:28:37.161	1198	402	50	4	2835	57.84
2026/08/31 09:28:37.261	1198	402	50	4	2835	57.84
2026/08/31 09:28:37.361	1198	402	50	4	2835	57.84
2026/08/31 09:28:37.461	1198	402	50	4	2835	57.84
2026/08/31 09:28:37.561	1198	402	50	5	2835	57.23
2026/08/31 09:28:37.661	1198	402	50	5	2835	57.23
2026/08/31 09:28:37.762	1198	402	50	5	2835	57.23
2026/08/31 09:28:37.862	1198	402	50	5	2835	57.23
2026/08/31 09:28:37.962	1198	402	50	5	2835	57.23
2026/08/31 09:28:38.062	1198	402	51	5	2835	56.63
2026/08/31 09:28:38.162	1198	402	51	5	2835	56.63
2026/08/31 09:28:38.262	1198	402	51	5	2835	56.63
2026/08/31 09:28:38.362	1198	402	51	5	2835	56.63
2026/08/31 09:28:38.462	1198	402	51	5	2835	56.63
2026/08/31 09:28:38.562	1198	402	51	5	2835	57.11
2026/08/31 09:28:38.663	1198	402	51	5	2835	57.11
2026/08/31 09:28:38.763	1198	402	51	5	2835	57.11
2026/08/31 09:28:38.863	1198	402	51	5	2835	57.11
2026/08/31 09:28:38.963	1198	402	51	5	2835	57.11
2026/08/31 09:28:39.063	1198	402	50	4	2835	57.12
2026/08/31 09:28:39.163	1198	402	50	4	2835	57.12
2026/08/31 09:28:39.263	1198	402	50	4	2835	57.12
2026/08/31 09:28:39.363	1198	402	50	4	2835	57.12
2026/08/31 09:28:39.463	1198	402	50	4	2835	57.12
2026/08/31 09:28:39.563	1198	402	51	5	2835	56.88
2026/08/31 09:28:39.664	1198	402	51	5	2835	56.88
2026/08/31 09:28:39.764	1198	402	51	5	2835	56.88
2026/08/31 09:28:39.864	1198	402	51	5	2835	56.88
2026/08/31 09:28:39.964	1198	402	51	5	2835	56.88
2026/08/31 09:28:40.064	1198	402	50	4	2835	56.46
2026/08/31 09:28:40.164	1198	402	50	4	2835	56.46
2026/08/31 09:28:40.264	1198	402	50	4	2835	56.46
2026/08/31 09:28:40.364	1198	402	50	4	2835	56.46
2026/08/31 09:28:40.465	1198	402	50	4	2835	56.46
2026/08/31 09:28:40.565	1198	402	47	5	2835	57.38
2026/08/31 09:28:40.665	1198	402	47	5	2835	57.38
2026/08/31 09:28:40.765	1198	402	47	5	2835	57.38
2026/08/31 09:28:40.865	1198	402	47	5	2835	57.38
2026/08/31 09:28:40.965	1198	402	47	5	2835	57.38
2026/08/31 09:28:41.065	1198	402	50	5	2835	57.92
2026/08/31 09:28:41.165	1198	402	50	5	2835	57.92
2026/08/31 09:28:41.266	1198	402	50	5	2835	57.92
2026/08/31 09:28:41.366	1198	402	50	5	2835	57.92
2026/08/31 09:28:41.466	1198	402	50	5	2835	57.92
2026/08/31 09:28:41.566	1198	402	51	6	2835	57.63
2026/08/31 09:28:41.666	1198	402	51	6	2835	57.63
2026/08/31 09:28:41.766	1198	402	51	6	2835	57.63
2026/08/31 09:28:41.866	1198	402	51	6	2835	57.63
2026/08/31 09:28:41.966	1198	402	51	6	2835	57.63
2026/08/31 09:28:42.066	1198	402	50	4	2835	56.64
2026/08/31 09:28:42.167	1198	402	50	4	2835	56.64
2026/08/31 09:28:42.267	1198	402	50	4	2835	56.64
2026/08/31 09:28:42.367	1198	402	50	4	2835	56.64
2026/08/31 09:28:42.467	1198	402	50	4	2835	56.64
2026/08/31 09:28:42.567	1198	402	51	5	2835	56.56
2026/08/31 09:28:42.667	1198	402	51	5	2835	56.56
2026/08/31 09:28:42.767	1198	402	51	5	2835	56.56
2026/08/31 09:28:42.867	1198	402	51	5	2835	56.56
2026/08/31 09:28:42.968	1198	402	51	5	2835	56.56
2026/08/31 09:28:43.068	1198	402	50	4	2835	56.88
2026/08/31 09:28:43.168	1198	402	50	4	2835	56.88
2026/08/31 09:28:43.268	1198	402	50	4	2835	56.88
2026/08/31 09:28:43.368	1198	402	50	4	2835	56.88
2026/08/31 09:28:43.468	1198	402	50	4	2835	56.88
2026/08/31 09:28:43.568	1198	402	51	5	2835	57.25
2026/08/31 09:28:43.668	1198	402	51	5	2835	57.25
2026/08/31 09:28:43.768	1198	402	51	5	2835	57.25
2026/08/31 09:28:43.868	1198	402	51	5	2835	57.25
2026/08/31 09:28:43.969	1198	402	51	5	2835	57.25
2026/08/31 09:28:44.069	1198	402	49	4	2835	56.81
2026/08/31 09:28:44.169	1198	402	49	4	2835	56.81
2026/08/31 09:28:44.269	1198	402	49	4	2835	56.81
2026/08/31 09:28:44.369	1198	402	49	4	2835	56.81
2026/08/31 09:28:44.469	1198	402	49	4	2835	56.81
2026/08/31 09:28:44.569	1198	402	51	5	2835	56.55
2026/08/31 09:28:44.669	1198	402	51	5	2835	56.55
2026/08/31 09:28:44.769	1198	402	51	5	2835	56.55
2026/08/31 09:28:44.870	1198	402	51	5	2835	56.55
2026/08/31 09:28:44.970	1198	402	51	5	2835	56.55
2026/08/31 09:28:45.070	1198	402	49	4	2835	56.46
2026/08/31 09:28:45.170	1198	402	49	4	2835	56.46
2026/08/31 09:28:45.270	1198	402	49	4	2835	56.46
2026/08/31 09:28:45.370	1198	402	49	4	2835	56.46
2026/08/31 09:28:45.470	1198	402	49	4	2835	56.46
2026/08/31 09:28:45.570	1198	402	51	5	2835	56.51
2026/08/31 09:28:45.671	1198	402	51	5	2835	56.51
2026/08/31 09:28:45.771	1198	402	51	5	2835	56.51
2026/08/31 09:28:45.871	1198	402	51	5	2835	56.51
2026/08/31 09:28:45.971	1198	402	51	5	2835	56.51
2026/08/31 09:28:46.071	1198	402	51	5	2835	56.30
2026/08/31 09:28:46.171	1198	402	51	5	2835	56.30
2026/08/31 09:28:46.271	1198	402	51	5	2835	56.30
2026/08/31 09:28:46.372	1198	402	51	5	2835	56.30
2026/08/31 09:28:46.472	1198	402	51	5	2835	56.30
2026/08/31 09:28:46.572	1198	402	50	5	2835	56.43
2026/08/31 09:28:46.672	1198	402	50	5	2835	56.43
2026/08/31 09:28:46.772	1198	402	50	5	2835	56.43
2026/08/31 09:28:46.872	1198	402	50	5	2835	56.43
2026/08/31 09:28:46.972	1198	402	50	5	2835	56.43
2026/08/31 09:28:47.072	1198	402	51	5	2835	56.44
2026/08/31 09:28:47.172	1198	402	51	5	2835	56.44
2026/08/31 09:28:47.272	1198	402	51	5	2835	56.44
2026/08/31 09:28:47.373	1198	402	51	5	2835	56.44
2026/08/31 09:28:47.473	1198	402	51	5	2835	56.44
2026/08/31 09:28:47.573	1198	402	49	5	2835	56.57
2026/08/31 09:28:47.673	1198	402	49	5	2835	56.57
2026/08/31 09:28:47.773	1198	402	49	5	2835	56.57
2026/08/31 09:28:47.873	1198	402	49	5	2835	56.57
2026/08/31 09:28:47.973	1198	402	49	5	2835	56.57
2026/08/31 09:28:48.073	1198	402	51	5	2835	56.43
2026/08/31 09:28:48.173	1198	402	51	5	2835	56.43
2026/08/31 09:28:48.274	1198	402	51	5	2835	56.43
2026/08/31 09:28:48.374	1198	402	51	5	2835	56.43
2026/08/31 09:28:48.474	1198	402	51	5	2835	56.43
2026/08/31 09:28:48.574	1198	402	52	5	2835	56.56
2026/08/31 09:28:48.674	1198	402	52	5	2835	56.56
2026/08/31 09:28:48.774	1198	402	52	5	2835	56.56
2026/08/31 09:28:48.874	1198	402	52	5	2835	56.56
2026/08/31 09:28:48.974	1198	402	52	5	2835	56.56
2026/08/31 09:28:49.074	1198	402	49	4	2835	56.49
2026/08/31 09:28:49.174	1198	402	49	4	2835	56.49
2026/08/31 09:28:49.275	1198	402	49	4	2835	56.49
2026/08/31 09:28:49.375	1198	402	49	4	2835	56.49
2026/08/31 09:28:49.475	1198	402	49	4	2835	56.49
2026/08/31 09:28:49.575	1198	402	47	5	2835	56.67
2026/08/31 09:28:49.675	1198	402	47	5	2835	56.67
2026/08/31 09:28:49.775	1198	402	47	5	2835	56.67
2026/08/31 09:28:49.875	1198	402	47	5	2835	56.67
2026/08/31 09:28:49.975	1198	402	47	5	2835	56.67
2026/08/31 09:28:50.075	1198	402	50	4	2835	56.54
2026/08/31 09:28:50.176	1198	402	50	4	2835	56.54
2026/08/31 09:28:50.276	1198	402	50	4	2835	56.54
2026/08/31 09:28:50.376	1198	402	50	4	2835	56.54
2026/08/31 09:28:50.476	1198	402	50	4	2835	56.54
2026/08/31 09:28:50.576	1198	402	49	5	2835	56.66
2026/08/31 09:28:50.676	1198	402	49	5	2835	56.66
2026/08/31 09:28:50.776	1198	402	49	5	2835	56.66
2026/08/31 09:28:50.876	1198	402	49	5	2835	56.66
2026/08/31 09:28:50.976	1198	402	49	5	2835	56.66
2026/08/31 09:28:51.077	1198	402	50	4	2835	56.55
2026/08/31 09:28:51.177	1198	402	50	4	2835	56.55
2026/08/31 09:28:51.277	1198	402	50	4	2835	56.55
2026/08/31 09:28:51.377	1198	402	50	4	2835	56.55
2026/08/31 09:28:51.477	1198	402	50	4	2835	56.55
2026/08/31 09:28:51.577	1198	402	51	5	2835	56.68
2026/08/31 09:28:51.677	1198	402	51	5	2835	56.68
2026/08/31 09:28:51.777	1198	402	51	5	2835	56.68
2026/08/31 09:28:51.877	1198	402	51	5	2835	56.68
2026/08/31 09:28:51.977	1198	402	51	5	2835	56.68
2026/08/31 09:28:52.078	1198	402	50	4	2835	56.52
2026/08/31 09:28:52.178	1198	402	50	4	2835	56.52
2026/08/31 09:28:52.278	1198	402	50	4	2835	56.52
2026/08/31 09:28:52.378	1198	402	50	4	2835	56.52
2026/08/31 09:28:52.478	1198	402	50	4	2835	56.52
2026/08/31 09:28:52.578	1198	402	51	5	2835	56.54
2026/08/31 09:28:52.678	1198	402	51	5	2835	56.54
2026/08/31 09:28:52.778	1198	402	51	5	2835	56.54
2026/08/31 09:28:52.878	1198	402	51	5	2835	56.54
2026/08/31 09:28:52.979	1198	402	51	5	2835	56.54
2026/08/31 09:28:53.079	1198	402	50	4	2835	56.43
2026/08/31 09:28:53.179	1198	402	50	4	2835	56.43
2026/08/31 09:28:53.279	1198	402	50	4	2835	56.43
2026/08/31 09:28:53.379	1198	402	50	4	2835	56.43
2026/08/31 09:28:53.479	1198	402	50	4	2835	56.43
2026/08/31 09:28:53.579	1198	402	49	5	2835	56.53
2026/08/31 09:28:53.679	1198	402	49	5	2835	56.53
2026/08/31 09:28:53.779	1198	402	49	5	2835	56.53
2026/08/31 09:28:53.880	1198	402	49	5	2835	56.53
2026/08/31 09:28:53.980	1198	402	49	5	2835	56.53
2026/08/31 09:28:54.080	1198	402	50	4	2835	56.34
2026/08/31 09:28:54.180	1198	402	50	4	2835	56.34
2026/08/31 09:28:54.280	1198	402	50	4	2835	56.34
2026/08/31 09:28:54.380	1198	402	50	4	2835	56.34
2026/08/31 09:28:54.480	1198	402	50	4	2835	56.34
2026/08/31 09:28:54.580	1198	402	49	5	2835	56.37
2026/08/31 09:28:54.680	1198	402	49	5	2835	56.37
2026/08/31 09:28:54.780	1198	402	49	5	2835	56.37
2026/08/31 09:28:54.881	1198	402	49	5	2835	56.37
2026/08/31 09:28:54.981	1198	402	49	5	2835	56.37
2026/08/31 09:28:55.081	1198	402	50	4	2835	56.34
2026/08/31 09:28:55.181	1198	402	50	4	2835	56.34
2026/08/31 09:28:55.281	1198	402	50	4	2835	56.34
2026/08/31 09:28:55.381	1198	402	50	4	2835	56.34
2026/08/31 09:28:55.481	1198	402	50	4	2835	56.34
2026/08/31 09:28:55.581	1198	402	51	5	2835	56.43
2026/08/31 09:28:55.681	1198	402	51	5	2835	56.43
2026/08/31 09:28:55.782	1198	402	51	5	2835	56.43
2026/08/31 09:28:55.882	1198	402	51	5	2835	56.43
2026/08/31 09:28:55.982	1198	402	51	5	2835	56.43
2026/08/31 09:28:56.082	1198	402	50	4	2835	56.26
2026/08/31 09:28:56.182	1198	402	50	4	2835	56.26
2026/08/31 09:28:56.282	1198	402	50	4	2835	56.26
2026/08/31 09:28:56.382	1198	402	50	4	2835	56.26
2026/08/31 09:28:56.482	1198	402	50	4	2835	56.26
2026/08/31 09:28:56.582	1198	402	51	5	2835	56.50
2026/08/31 09:28:56.682	1198	402	51	5	2835	56.50
2026/08/31 09:28:56.783	1198	402	51	5	2835	56.50
2026/08/31 09:28:56.883	1198	402	51	5	2835	56.50
2026/08/31 09:28:56.983	1198	402	51	5	2835	56.50
2026/08/31 09:28:57.083	1198	402	50	4	2835	56.47
2026/08/31 09:28:57.183	1198	402	50	4	2835	56.47
2026/08/31 09:28:57.283	1198	402	50	4	2835	56.47
2026/08/31 09:28:57.383	1198	402	50	4	2835	56.47
2026/08/31 09:28:57.483	1198	402	50	4	2835	56.47
2026/08/31 09:28:57.583	1198	402	51	5	2835	56.57
2026/08/31 09:28:57.683	1198	402	51	5	2835	56.57
2026/08/31 09:28:57.784	1198	402	51	5	2835	56.57
2026/08/31 09:28:57.884	1198	402	51	5	2835	56.57
2026/08/31 09:28:57.984	1198	402	51	5	2835	56.57
2026/08/31 09:28:58.084	1198	402	50	4	2835	56.52
2026/08/31 09:28:58.184	1198	402	50	4	2835	56.52
2026/08/31 09:28:58.284	1198	402	50	4	2835	56.52
2026/08/31 09:28:58.384	1198	402	50	4	2835	56.52
2026/08/31 09:28:58.484	1198	402	50	4	2835	56.52
2026/08/31 09:28:58.584	1198	402	49	5	2835	56.76
2026/08/31 09:28:58.685	1198	402	49	5	2835	56.76
2026/08/31 09:28:58.785	1198	402	49	5	2835	56.76
2026/08/31 09:28:58.885	1198	402	49	5	2835	56.76
2026/08/31 09:28:58.985	1198	402	49	5	2835	56.76
2026/08/31 09:28:59.085	1198	402	49	4	2835	56.69
2026/08/31 09:28:59.185	1198	402	49	4	2835	56.69
2026/08/31 09:28:59.285	1198	402	49	4	2835	56.69
2026/08/31 09:28:59.385	1198	402	49	4	2835	56.69
2026/08/31 09:28:59.485	1198	402	49	4	2835	56.69
2026/08/31 09:28:59.585	1198	402	50	5	2835	56.61
2026/08/31 09:28:59.685	1198	402	50	5	2835	56.61
2026/08/31 09:28:59.786	1198	402	50	5	2835	56.61
2026/08/31 09:28:59.886	1198	402	50	5	2835	56.61
2026/08/31 09:28:59.986	1198	402	50	5	2835	56.61
2026/08/31 09:29:00.086	1198	402	50	4	2835	56.45
2026/08/31 09:29:00.186	1198	402	50	4	2835	56.45
2026/08/31 09:29:00.286	1198	402	50	4	2835	56.45
2026/08/31 09:29:00.386	1198	402	50	4	2835	56.45
2026/08/31 09:29:00.486	1198	402	50	4	2835	56.45
2026/08/31 09:29:00.586	1198	402	51	5	2835	56.60
2026/08/31 09:29:00.687	1198	402	51	5	2835	56.60
2026/08/31 09:29:00.787	1198	402	51	5	2835	56.60
2026/08/31 09:29:00.887	1198	402	51	5	2835	56.60
2026/08/31 09:29:00.987	1198	402	51	5	2835	56.60
2026/08/31 09:29:01.087	1198	402	50	4	2835	56.45
2026/08/31 09:29:01.187	1198	402	50	4	2835	56.45
2026/08/31 09:29:01.287	1198	402	50	4	2835	56.45
2026/08/31 09:29:01.387	1198	402	50	4	2835	56.45
2026/08/31 09:29:01.488	1198	402	50	4	2835	56.45
2026/08/31 09:29:01.588	1198	402	49	5	2835	56.59
2026/08/31 09:29:01.688	1198	402	49	5	2835	56.59
2026/08/31 09:29:01.788	1198	402	49	5	2835	56.59
2026/08/31 09:29:01.888	1198	402	49	5	2835	56.59
2026/08/31 09:29:01.988	1198	402	49	5	2835	56.59
2026/08/31 09:29:02.088	1198	402	49	4	2835	56.54
2026/08/31 09:29:02.188	1198	402	49	4	2835	56.54
2026/08/31 09:29:02.288	1198	402	49	4	2835	56.54
2026/08/31 09:29:02.388	1198	402	49	4	2835	56.54
2026/08/31 09:29:02.488	1198	402	49	4	2835	56.54
2026/08/31 09:29:02.589	1198	402	51	5	2835	56.73
2026/08/31 09:29:02.689	1198	402	51	5	2835	56.73
2026/08/31 09:29:02.789	1198	402	51	5	2835	56.73
2026/08/31 09:29:02.889	1198	402	51	5	2835	56.73
2026/08/31 09:29:02.989	1198	402	51	5	2835	56.73
2026/08/31 09:29:03.089	1198	402	49	4	2835	56.51
2026/08/31 09:29:03.189	1198	402	49	4	2835	56.51
2026/08/31 09:29:03.289	1198	402	49	4	2835	56.51
2026/08/31 09:29:03.389	1198	402	49	4	2835	56.51
2026/08/31 09:29:03.489	1198	402	49	4	2835	56.51
2026/08/31 09:29:03.590	1198	402	52	5	2835	56.42
2026/08/31 09:29:03.690	1198	402	52	5	2835	56.42
2026/08/31 09:29:03.790	1198	402	52	5	2835	56.42
2026/08/31 09:29:03.890	1198	402	52	5	2835	56.42
2026/08/31 09:29:03.990	1198	402	52	5	2835	56.42
2026/08/31 09:29:04.090	1198	402	48	4	2835	56.23
2026/08/31 09:29:04.190	1198	402	48	4	2835	56.23
2026/08/31 09:29:04.290	1198	402	48	4	2835	56.23
2026/08/31 09:29:04.390	1198	402	48	4	2835	56.23
2026/08/31 09:29:04.491	1198	402	48	4	2835	56.23
2026/08/31 09:29:04.591	1198	402	49	5	2835	56.47
2026/08/31 09:29:04.691	1198	402	49	5	2835	56.47
2026/08/31 09:29:04.791	1198	402	49	5	2835	56.47
2026/08/31 09:29:04.891	1198	402	49	5	2835	56.47
2026/08/31 09:29:04.991	1198	402	49	5	2835	56.47
2026/08/31 09:29:05.091	1198	402	50	4	2835	56.43
2026/08/31 09:29:05.191	1198	402	50	4	2835	56.43
2026/08/31 09:29:05.291	1198	402	50	4	2835	56.43
2026/08/31 09:29:05.392	1198	402	50	4	2835	56.43
2026/08/31 09:29:05.492	1198	402	50	4	2835	56.43
2026/08/31 09:29:05.592	1198	402	51	5	2835	56.47
2026/08/31 09:29:05.692	1198	402	51	5	2835	56.47
2026/08/31 09:29:05.792	1198	402	51	5	2835	56.47
2026/08/31 09:29:05.892	1198	402	51	5	2835	56.47
2026/08/31 09:29:05.992	1198	402	51	5	2835	56.47
2026/08/31 09:29:06.092	1198	402	48	4	2835	56.32
2026/08/31 09:29:06.192	1198	402	48	4	2835	56.32
2026/08/31 09:29:06.292	1198	402	48	4	2835	56.32
2026/08/31 09:29:06.393	1198	402	48	4	2835	56.32
2026/08/31 09:29:06.493	1198	402	48	4	2835	56.32
2026/08/31 09:29:06.593	1198	402	53	5	2835	56.37
2026/08/31 09:29:06.693	1198	402	53	5	2835	56.37
2026/08/31 09:29:06.793	1198	402	53	5	2835	56.37
2026/08/31 09:29:06.893	1198	402	53	5	2835	56.37
2026/08/31 09:29:06.993	1198	402	50	4	2835	56.15
2026/08/31 09:29:07.093	1198	402	50	4	2835	56.15
2026/08/31 09:29:07.193	1198	402	50	4	2835	56.15
2026/08/31 09:29:07.294	1198	402	50	4	2835	56.15
2026/08/31 09:29:07.394	1198	402	50	4	2835	56.15
2026/08/31 09:29:07.494	1198	402	50	5	2835	56.26
2026/08/31 09:29:07.594	1198	402	50	5	2835	56.26
2026/08/31 09:29:07.694	1198	402	50	5	2835	56.26
2026/08/31 09:29:07.794	1198	402	50	5	2835	56.26
2026/08/31 09:29:07.894	1198	402	50	5	2835	56.26
2026/08/31 09:29:07.994	1198	402	49	4	2835	56.18
2026/08/31 09:29:08.094	1198	402	49	4	2835	56.18
2026/08/31 09:29:08.194	1198	402	49	4	2835	56.18
2026/08/31 09:29:08.295	1198	402	49	4	2835	56.18
2026/08/31 09:29:08.395	1198	402	49	4	2835	56.18
2026/08/31 09:29:08.495	1198	402	50	5	2835	56.43
2026/08/31 09:29:08.595	1198	402	50	5	2835	56.43
2026/08/31 09:29:08.695	1198	402	50	5	2835	56.43
2026/08/31 09:29:08.795	1198	402	50	5	2835	56.43
2026/08/31 09:29:08.895	1198	402	50	5	2835	56.43
2026/08/31 09:29:08.995	1198	402	49	4	2835	56.43
2026/08/31 09:29:09.095	1198	402	49	4	2835	56.43
2026/08/31 09:29:09.195	1198	402	49	4	2835	56.43
2026/08/31 09:29:09.296	1198	402	49	4	2835	56.43
2026/08/31 09:29:09.396	1198	402	49	4	2835	56.43
2026/08/31 09:29:09.496	1198	402	53	5	2835	56.54
2026/08/31 09:29:09.596	1198	402	53	5	2835	56.54
2026/08/31 09:29:09.696	1198	402	53	5	2835	56.54
2026/08/31 09:29:09.796	1198	402	53	5	2835	56.54
2026/08/31 09:29:09.896	1198	402	53	5	2835	56.54
2026/08/31 09:29:09.996	1198	402	49	4	2835	56.44
2026/08/31 09:29:10.096	1198	402	49	4	2835	56.44
2026/08/31 09:29:10.197	1198	402	49	4	2835	56.44
2026/08/31 09:29:10.297	1198	402	49	4	2835	56.44
2026/08/31 09:29:10.397	1198	402	49	4	2835	56.44
2026/08/31 09:29:10.497	1198	402	53	5	2835	56.58
2026/08/31 09:29:10.597	1198	402	53	5	2835	56.58
2026/08/31 09:29:10.697	1198	402	53	5	2835	56.58
2026/08/31 09:29:10.797	1198	402	53	5	2835	56.58
2026/08/31 09:29:10.897	1198	402	53	5	2835	56.58
2026/08/31 09:29:10.997	1198	402	48	4	2835	56.35
2026/08/31 09:29:11.098	1198	402	48	4	2835	56.35
2026/08/31 09:29:11.198	1198	402	48	4	2835	56.35
2026/08/31 09:29:11.298	1198	402	48	4	2835	56.35
2026/08/31 09:29:11.398	1198	402	48	4	2835	56.35
2026/08/31 09:29:11.498	1198	402	53	5	2835	56.35
2026/08/31 09:29:11.598	1198	402	53	5	2835	56.35
2026/08/31 09:29:11.698	1198	402	53	5	2835	56.35
2026/08/31 09:29:11.798	1198	402	53	5	2835	56.35
2026/08/31 09:29:11.898	1198	402	53	5	2835	56.35
2026/08/31 09:29:11.999	1198	402	51	4	2835	56.35
2026/08/31 09:29:12.099	1198	402	51	4	2835	56.35
2026/08/31 09:29:12.199	1198	402	51	4	2835	56.35
2026/08/31 09:29:12.299	1198	402	51	4	2835	56.35
2026/08/31 09:29:12.399	1198	402	51	4	2835	56.35
2026/08/31 09:29:12.499	1198	402	52	5	2835	56.55
2026/08/31 09:29:12.599	1198	402	52	5	2835	56.55
2026/08/31 09:29:12.699	1198	402	52	5	2835	56.55
2026/08/31 09:29:12.799	1198	402	52	5	2835	56.55
2026/08/31 09:29:12.899	1198	402	52	5	2835	56.55
2026/08/31 09:29:12.999	1198	402	52	5	2835	56.42
2026/08/31 09:29:13.100	1198	402	52	5	2835	56.42
2026/08/31 09:29:13.200	1198	402	52	5	2835	56.42
2026/08/31 09:29:13.300	1198	402	52	5	2835	56.42
2026/08/31 09:29:13.400	1198	402	52	5	2835	56.42
2026/08/31 09:29:13.500	1198	402	49	5	2835	56.51
2026/08/31 09:29:13.600	1198	402	49	5	2835	56.51
2026/08/31 09:29:13.700	1198	402	49	5	2835	56.51
2026/08/31 09:29:13.800	1198	402	49	5	2835	56.51
2026/08/31 09:29:13.900	1198	402	49	5	2835	56.51
2026/08/31 09:29:14.000	1198	402	51	5	2835	56.41
2026/08/31 09:29:14.101	1198	402	51	5	2835	56.41
2026/08/31 09:29:14.201	1198	402	51	5	2835	56.41
2026/08/31 09:29:14.301	1198	402	51	5	2835	56.41
2026/08/31 09:29:14.401	1198	402	51	5	2835	56.41
2026/08/31 09:29:14.501	1198	402	52	5	2835	56.56
2026/08/31 09:29:14.601	1198	402	52	5	2835	56.56
2026/08/31 09:29:14.701	1198	402	52	5	2835	56.56
2026/08/31 09:29:14.801	1198	402	52	5	2835	56.56
2026/08/31 09:29:14.901	1198	402	52	5	2835	56.56
2026/08/31 09:29:15.001	1198	402	49	4	2835	56.42
2026/08/31 09:29:15.102	1198	402	49	4	2835	56.42
2026/08/31 09:29:15.202	1198	402	49	4	2835	56.42
2026/08/31 09:29:15.302	1198	402	49	4	2835	56.42
2026/08/31 09:29:15.402	1198	402	49	4	2835	56.42
2026/08/31 09:29:15.502	1198	402	50	5	2835	56.55
2026/08/31 09:29:15.602	1198	402	50	5	2835	56.55
2026/08/31 09:29:15.702	1198	402	50	5	2835	56.55
2026/08/31 09:29:15.802	1198	402	50	5	2835	56.55
2026/08/31 09:29:15.902	1198	402	50	5	2835	56.55
2026/08/31 09:29:16.002	1198	402	50	4	2835	56.32
2026/08/31 09:29:16.103	1198	402	50	4	2835	56.32
2026/08/31 09:29:16.203	1198	402	50	4	2835	56.32
2026/08/31 09:29:16.303	1198	402	50	4	2835	56.32
2026/08/31 09:29:16.403	1198	402	50	4	2835	56.32
2026/08/31 09:29:16.503	1198	402	51	5	2835	56.38
2026/08/31 09:29:16.603	1198	402	51	5	2835	56.38
2026/08/31 09:29:16.703	1198	402	51	5	2835	56.38
2026/08/31 09:29:16.803	1198	402	51	5	2835	56.38
2026/08/31 09:29:16.903	1198	402	51	5	2835	56.38
2026/08/31 09:29:17.004	1198	402	49	4	2835	56.29
2026/08/31 09:29:17.104	1198	402	49	4	2835	56.29
2026/08/31 09:29:17.204	1198	402	49	4	2835	56.29
2026/08/31 09:29:17.304	1198	402	49	4	2835	56.29
2026/08/31 09:29:17.404	1198	402	49	4	2835	56.29
2026/08/31 09:29:17.504	1198	402	52	5	2835	56.41
2026/08/31 09:29:17.604	1198	402	52	5	2835	56.41
2026/08/31 09:29:17.704	1198	402	52	5	2835	56.41
2026/08/31 09:29:17.804	1198	402	52	5	2835	56.41
2026/08/31 09:29:17.905	1198	402	52	5	2835	56.41
2026/08/31 09:29:18.005	1198	402	49	4	2835	56.24
2026/08/31 09:29:18.105	1198	402	49	4	2835	56.24
2026/08/31 09:29:18.205	1198	402	49	4	2835	56.24
2026/08/31 09:29:18.305	1198	402	49	4	2835	56.24
2026/08/31 09:29:18.405	1198	402	49	4	2835	56.24
2026/08/31 09:29:18.505	1198	402	52	5	2835	56.34
2026/08/31 09:29:18.605	1198	402	52	5	2835	56.34
2026/08/31 09:29:18.705	1198	402	52	5	2835	56.34
2026/08/31 09:29:18.805	1198	402	52	5	2835	56.34
2026/08/31 09:29:18.906	1198	402	52	5	2835	56.34
2026/08/31 09:29:19.006	1198	402	50	4	2835	56.28
2026/08/31 09:29:19.106	1198	402	50	4	2835	56.28
2026/08/31 09:29:19.206	1198	402	50	4	2835	56.28
2026/08/31 09:29:19.306	1198	402	50	4	2835	56.28
2026/08/31 09:29:19.406	1198	402	50	4	2835	56.28
2026/08/31 09:29:19.506	1198	402	51	5	2835	56.46
2026/08/31 09:29:19.606	1198	402	51	5	2835	56.46
2026/08/31 09:29:19.706	1198	402	51	5	2835	56.46
2026/08/31 09:29:19.807	1198	402	51	5	2835	56.46
2026/08/31 09:29:19.907	1198	402	51	5	2835	56.46
2026/08/31 09:29:20.007	1198	402	50	4	2835	56.36
2026/08/31 09:29:20.107	1198	402	50	4	2835	56.36
2026/08/31 09:29:20.207	1198	402	50	4	2835	56.36
2026/08/31 09:29:20.307	1198	402	50	4	2835	56.36
2026/08/31 09:29:20.407	1198	402	50	4	2835	56.36
2026/08/31 09:29:20.507	1198	402	51	5	2835	56.48
2026/08/31 09:29:20.607	1198	402	51	5	2835	56.48
2026/08/31 09:29:20.708	1198	402	51	5	2835	56.48
2026/08/31 09:29:20.808	1198	402	51	5	2835	56.48
2026/08/31 09:29:20.908	1198	402	51	5	2835	56.48
2026/08/31 09:29:21.008	1198	402	49	4	2835	56.32
2026/08/31 09:29:21.108	1198	402	49	4	2835	56.32
2026/08/31 09:29:21.208	1198	402	49	4	2835	56.32
2026/08/31 09:29:21.308	1198	402	49	4	2835	56.32
2026/08/31 09:29:21.408	1198	402	49	4	2835	56.32
2026/08/31 09:29:21.508	1198	402	50	5	2835	56.40
2026/08/31 09:29:21.608	1198	402	50	5	2835	56.40
2026/08/31 09:29:21.709	1198	402	50	5	2835	56.40
2026/08/31 09:29:21.809	1198	402	50	5	2835	56.40
2026/08/31 09:29:21.909	1198	402	50	5	2835	56.40
2026/08/31 09:29:22.009	1198	402	50	4	2835	56.29
2026/08/31 09:29:22.109	1198	402	50	4	2835	56.29
2026/08/31 09:29:22.209	1198	402	50	4	2835	56.29
2026/08/31 09:29:22.309	1198	402	50	4	2835	56.29
2026/08/31 09:29:22.409	1198	402	50	4	2835	56.29
2026/08/31 09:29:22.509	1198	402	51	5	2835	56.49
2026/08/31 09:29:22.610	1198	402	51	5	2835	56.49
2026/08/31 09:29:22.710	1198	402	51	5	2835	56.49
2026/08/31 09:29:22.810	1198	402	51	5	2835	56.49
2026/08/31 09:29:22.910	1198	402	51	5	2835	56.49
2026/08/31 09:29:23.010	1198	402	50	4	2835	56.34
2026/08/31 09:29:23.110	1198	402	50	4	2835	56.34
2026/08/31 09:29:23.210	1198	402	50	4	2835	56.34
2026/08/31 09:29:23.310	1198	402	50	4	2835	56.34
2026/08/31 09:29:23.410	1198	402	50	4	2835	56.34
2026/08/31 09:29:23.510	1198	402	51	5	2835	56.51
2026/08/31 09:29:23.611	1198	402	51	5	2835	56.51
2026/08/31 09:29:23.711	1198	402	51	5	2835	56.51
2026/08/31 09:29:23.811	1198	402	51	5	2835	56.51
2026/08/31 09:29:23.911	1198	402	51	5	2835	56.51
2026/08/31 09:29:24.011	1198	402	49	4	2835	56.47
2026/08/31 09:29:24.112	1198	402	49	4	2835	56.47
2026/08/31 09:29:24.212	1198	402	49	4	2835	56.47
2026/08/31 09:29:24.312	1198	402	49	4	2835	56.47
2026/08/31 09:29:24.412	1198	402	49	4	2835	56.47
2026/08/31 09:29:24.513	1198	402	50	5	2835	56.57
2026/08/31 09:29:24.613	1198	402	50	5	2835	56.57
2026/08/31 09:29:24.713	1198	402	50	5	2835	56.57
2026/08/31 09:29:24.813	1198	402	50	5	2835	56.57
2026/08/31 09:29:24.913	1198	402	50	5	2835	56.57
2026/08/31 09:29:25.013	1198	402	49	4	2835	56.43
2026/08/31 09:29:25.114	1198	402	49	4	2835	56.43
2026/08/31 09:29:25.214	1198	402	49	4	2835	56.43
2026/08/31 09:29:25.314	1198	402	49	4	2835	56.43
2026/08/31 09:29:25.414	1198	402	49	4	2835	56.43
2026/08/31 09:29:25.514	1198	402	50	5	2835	56.47
2026/08/31 09:29:25.614	1198	402	50	5	2835	56.47
2026/08/31 09:29:25.715	1198	402	50	5	2835	56.47
2026/08/31 09:29:25.815	1198	402	50	5	2835	56.47
2026/08/31 09:29:25.915	1198	402	50	5	2835	56.47
2026/08/31 09:29:26.015	1198	402	50	4	2835	56.25
2026/08/31 09:29:26.115	1198	402	50	4	2835	56.25
2026/08/31 09:29:26.215	1198	402	50	4	2835	56.25
2026/08/31 09:29:26.315	1198	402	50	4	2835	56.25
2026/08/31 09:29:26.415	1198	402	50	4	2835	56.25
2026/08/31 09:29:26.515	1198	402	50	5	2835	56.33
2026/08/31 09:29:26.615	1198	402	50	5	2835	56.33
2026/08/31 09:29:26.716	1198	402	50	5	2835	56.33
2026/08/31 09:29:26.816	1198	402	50	5	2835	56.33
2026/08/31 09:29:26.916	1198	402	50	5	2835	56.33
2026/08/31 09:29:27.016	1198	402	51	4	2835	56.31
2026/08/31 09:29:27.116	1198	402	51	4	2835	56.31
2026/08/31 09:29:27.216	1198	402	51	4	2835	56.31
2026/08/31 09:29:27.316	1198	402	51	4	2835	56.31
2026/08/31 09:29:27.416	1198	402	51	4	2835	56.31
2026/08/31 09:29:27.516	1198	402	50	5	2835	56.47
2026/08/31 09:29:27.616	1198	402	50	5	2835	56.47
2026/08/31 09:29:27.717	1198	402	50	5	2835	56.47
2026/08/31 09:29:27.817	1198	402	50	5	2835	56.47
2026/08/31 09:29:27.917	1198	402	50	5	2835	56.47
2026/08/31 09:29:28.017	1198	402	51	4	2835	56.37
2026/08/31 09:29:28.117	1198	402	51	4	2835	56.37
2026/08/31 09:29:28.217	1198	402	51	4	2835	56.37
2026/08/31 09:29:28.317	1198	402	51	4	2835	56.37
2026/08/31 09:29:28.417	1198	402	51	4	2835	56.37
2026/08/31 09:29:28.517	1198	402	51	5	2835	56.56
2026/08/31 09:29:28.617	1198	402	51	5	2835	56.56
2026/08/31 09:29:28.717	1198	402	51	5	2835	56.56
2026/08/31 09:29:28.818	1198	402	51	5	2835	56.56
2026/08/31 09:29:28.918	1198	402	51	5	2835	56.56
2026/08/31 09:29:29.018	1198	402	51	4	2835	56.49
2026/08/31 09:29:29.118	1198	402	51	4	2835	56.49
2026/08/31 09:29:29.218	1198	402	51	4	2835	56.49
2026/08/31 09:29:29.318	1198	402	51	4	2835	56.49
2026/08/31 09:29:29.418	1198	402	51	4	2835	56.49
2026/08/31 09:29:29.518	1198	402	52	5	2835	56.62
2026/08/31 09:29:29.618	1198	402	52	5	2835	56.62
2026/08/31 09:29:29.718	1198	402	52	5	2835	56.62
2026/08/31 09:29:29.819	1198	402	52	5	2835	56.62
2026/08/31 09:29:29.919	1198	402	52	5	2835	56.62
2026/08/31 09:29:30.019	1198	402	52	4	2835	56.53
2026/08/31 09:29:30.119	1198	402	52	4	2835	56.53
2026/08/31 09:29:30.219	1198	402	52	4	2835	56.53
2026/08/31 09:29:30.319	1198	402	52	4	2835	56.53
2026/08/31 09:29:30.419	1198	402	52	4	2835	56.53
2026/08/31 09:29:30.519	1198	402	52	5	2835	56.72
2026/08/31 09:29:30.619	1198	402	52	5	2835	56.72
2026/08/31 09:29:30.719	1198	402	52	5	2835	56.72
2026/08/31 09:29:30.820	1198	402	52	5	2835	56.72
2026/08/31 09:29:30.920	1198	402	52	5	2835	56.72
2026/08/31 09:29:31.020	1198	402	50	4	2835	56.53
2026/08/31 09:29:31.120	1198	402	50	4	2835	56.53
2026/08/31 09:29:31.220	1198	402	50	4	2835	56.53
2026/08/31 09:29:31.320	1198	402	50	4	2835	56.53
2026/08/31 09:29:31.420	1198	402	50	4	2835	56.53
2026/08/31 09:29:31.520	1198	402	49	5	2835	56.63
2026/08/31 09:29:31.620	1198	402	49	5	2835	56.63
2026/08/31 09:29:31.720	1198	402	49	5	2835	56.63
2026/08/31 09:29:31.820	1198	402	49	5	2835	56.63
2026/08/31 09:29:31.921	1198	402	49	5	2835	56.63
2026/08/31 09:29:32.021	1198	402	51	4	2835	56.51
2026/08/31 09:29:32.121	1198	402	51	4	2835	56.51
2026/08/31 09:29:32.221	1198	402	51	4	2835	56.51
2026/08/31 09:29:32.321	1198	402	51	4	2835	56.51
2026/08/31 09:29:32.421	1198	402	51	4	2835	56.51
2026/08/31 09:29:32.521	1198	402	52	5	2835	56.55
2026/08/31 09:29:32.621	1198	402	52	5	2835	56.55
2026/08/31 09:29:32.721	1198	402	52	5	2835	56.55
2026/08/31 09:29:32.821	1198	402	52	5	2835	56.55
2026/08/31 09:29:32.922	1198	402	52	5	2835	56.55
2026/08/31 09:29:33.022	1198	402	50	4	2835	56.38
2026/08/31 09:29:33.122	1198	402	50	4	2835	56.38
2026/08/31 09:29:33.222	1198	402	50	4	2835	56.38
2026/08/31 09:29:33.322	1198	402	50	4	2835	56.38
2026/08/31 09:29:33.422	1198	402	50	4	2835	56.38
2026/08/31 09:29:33.522	1198	402	49	5	2835	56.46
2026/08/31 09:29:33.622	1198	402	49	5	2835	56.46
2026/08/31 09:29:33.722	1198	402	49	5	2835	56.46
2026/08/31 09:29:33.822	1198	402	49	5	2835	56.46
2026/08/31 09:29:33.923	1198	402	49	5	2835	56.46
2026/08/31 09:29:34.023	1198	402	51	4	2835	56.41
2026/08/31 09:29:34.123	1198	402	51	4	2835	56.41
2026/08/31 09:29:34.223	1198	402	51	4	2835	56.41
2026/08/31 09:29:34.323	1198	402	51	4	2835	56.41
2026/08/31 09:29:34.423	1198	402	51	4	2835	56.41
2026/08/31 09:29:34.523	1198	402	51	5	2835	56.59
2026/08/31 09:29:34.623	1198	402	51	5	2835	56.59
2026/08/31 09:29:34.723	1198	402	51	5	2835	56.59
2026/08/31 09:29:34.823	1198	402	51	5	2835	56.59
2026/08/31 09:29:34.924	1198	402	51	5	2835	56.59
2026/08/31 09:29:35.024	1198	402	53	4	2835	56.47
2026/08/31 09:29:35.124	1198	402	53	4	2835	56.47
2026/08/31 09:29:35.224	1198	402	53	4	2835	56.47
2026/08/31 09:29:35.324	1198	402	53	4	2835	56.47
2026/08/31 09:29:35.424	1198	402	53	4	2835	56.47
2026/08/31 09:29:35.524	1198	402	51	5	2835	56.63
2026/08/31 09:29:35.624	1198	402	51	5	2835	56.63
2026/08/31 09:29:35.724	1198	402	51	5	2835	56.63
2026/08/31 09:29:35.825	1198	402	51	5	2835	56.63
2026/08/31 09:29:35.925	1198	402	51	5	2835	56.63
2026/08/31 09:29:36.025	1198	402	50	4	2835	56.53
2026/08/31 09:29:36.125	1198	402	50	4	2835	56.53
2026/08/31 09:29:36.225	1198	402	50	4	2835	56.53
2026/08/31 09:29:36.325	1198	402	50	4	2835	56.53
2026/08/31 09:29:36.425	1198	402	50	4	2835	56.53
2026/08/31 09:29:36.525	1198	402	52	5	2835	56.63
2026/08/31 09:29:36.625	1198	402	52	5	2835	56.63
2026/08/31 09:29:36.725	1198	402	52	5	2835	56.63
2026/08/31 09:29:36.826	1198	402	52	5	2835	56.63
2026/08/31 09:29:36.926	1198	402	52	5	2835	56.63
2026/08/31 09:29:37.026	1198	402	50	4	2835	56.52
2026/08/31 09:29:37.126	1198	402	50	4	2835	56.52
2026/08/31 09:29:37.226	1198	402	50	4	2835	56.52
2026/08/31 09:29:37.326	1198	402	50	4	2835	56.52
2026/08/31 09:29:37.426	1198	402	50	4	2835	56.52
2026/08/31 09:29:37.526	1198	402	50	5	2835	56.68
2026/08/31 09:29:37.626	1198	402	50	5	2835	56.68
2026/08/31 09:29:37.727	1198	402	50	5	2835	56.68
2026/08/31 09:29:37.827	1198	402	50	5	2835	56.68
2026/08/31 09:29:37.927	1198	402	50	5	2835	56.68
2026/08/31 09:29:38.027	1198	402	50	4	2835	56.55
2026/08/31 09:29:38.127	1198	402	50	4	2835	56.55
2026/08/31 09:29:38.227	1198	402	50	4	2835	56.55
2026/08/31 09:29:38.327	1198	402	50	4	2835	56.55
2026/08/31 09:29:38.427	1198	402	50	4	2835	56.55
2026/08/31 09:29:38.527	1198	402	50	5	2835	56.72
2026/08/31 09:29:38.627	1198	402	50	5	2835	56.72
2026/08/31 09:29:38.728	1198	402	50	5	2835	56.72
2026/08/31 09:29:38.828	1198	402	50	5	2835	56.72
2026/08/31 09:29:38.928	1198	402	50	5	2835	56.72
2026/08/31 09:29:39.028	1198	402	50	4	2835	56.63
2026/08/31 09:29:39.128	1198	402	50	4	2835	56.63
2026/08/31 09:29:39.228	1198	402	50	4	2835	56.63
2026/08/31 09:29:39.328	1198	402	50	4	2835	56.63
2026/08/31 09:29:39.428	1198	402	50	4	2835	56.63
2026/08/31 09:29:39.528	1198	402	49	5	2835	56.66
2026/08/31 09:29:39.628	1198	402	49	5	2835	56.66
2026/08/31 09:29:39.729	1198	402	49	5	2835	56.66
2026/08/31 09:29:39.829	1198	402	49	5	2835	56.66
2026/08/31 09:29:39.929	1198	402	49	5	2835	56.66
2026/08/31 09:29:40.029	1198	402	50	4	2835	56.48
2026/08/31 09:29:40.129	1198	402	50	4	2835	56.48
2026/08/31 09:29:40.229	1198	402	50	4	2835	56.48
2026/08/31 09:29:40.329	1198	402	50	4	2835	56.48
2026/08/31 09:29:40.429	1198	402	50	4	2835	56.48
2026/08/31 09:29:40.529	1198	402	50	5	2835	56.67
2026/08/31 09:29:40.629	1198	402	50	5	2835	56.67
2026/08/31 09:29:40.730	1198	402	50	5	2835	56.67
2026/08/31 09:29:40.830	1198	402	50	5	2835	56.67
2026/08/31 09:29:40.930	1198	402	50	5	2835	56.67
2026/08/31 09:29:41.030	1198	402	50	4	2835	56.57
2026/08/31 09:29:41.130	1198	402	50	4	2835	56.57
2026/08/31 09:29:41.230	1198	402	50	4	2835	56.57
2026/08/31 09:29:41.330	1198	402	50	4	2835	56.57
2026/08/31 09:29:41.430	1198	402	50	4	2835	56.57
2026/08/31 09:29:41.530	1198	402	49	5	2835	56.55
2026/08/31 09:29:41.631	1198	402	49	5	2835	56.55
2026/08/31 09:29:41.731	1198	402	49	5	2835	56.55
2026/08/31 09:29:41.831	1198	402	49	5	2835	56.55
2026/08/31 09:29:41.931	1198	402	49	5	2835	56.55
2026/08/31 09:29:42.031	1198	402	49	4	2835	56.38
2026/08/31 09:29:42.131	1198	402	49	4	2835	56.38
2026/08/31 09:29:42.231	1198	402	49	4	2835	56.38
2026/08/31 09:29:42.331	1198	402	49	4	2835	56.38
2026/08/31 09:29:42.431	1198	402	49	4	2835	56.38
2026/08/31 09:29:42.531	1198	402	49	5	2835	56.56
2026/08/31 09:29:42.632	1198	402	49	5	2835	56.56
2026/08/31 09:29:42.732	1198	402	49	5	2835	56.56
2026/08/31 09:29:42.832	1198	402	49	5	2835	56.56
2026/08/31 09:29:42.932	1198	402	49	5	2835	56.56
2026/08/31 09:29:43.032	1198	402	49	4	2835	56.44
2026/08/31 09:29:43.132	1198	402	49	4	2835	56.44
2026/08/31 09:29:43.232	1198	402	49	4	2835	56.44
2026/08/31 09:29:43.332	1198	402	49	4	2835	56.44
2026/08/31 09:29:43.432	1198	402	49	4	2835	56.44
2026/08/31 09:29:43.532	1198	402	51	5	2835	56.56
2026/08/31 09:29:43.632	1198	402	51	5	2835	56.56
2026/08/31 09:29:43.733	1198	402	51	5	2835	56.56
2026/08/31 09:29:43.833	1198	402	51	5	2835	56.56
2026/08/31 09:29:43.933	1198	402	51	5	2835	56.56
2026/08/31 09:29:44.033	1198	402	49	4	2835	56.47
2026/08/31 09:29:44.133	1198	402	49	4	2835	56.47
2026/08/31 09:29:44.233	1198	402	49	4	2835	56.47
2026/08/31 09:29:44.333	1198	402	49	4	2835	56.47
2026/08/31 09:29:44.433	1198	402	49	4	2835	56.47
2026/08/31 09:29:44.533	1198	402	50	5	2835	56.53
2026/08/31 09:29:44.633	1198	402	50	5	2835	56.53
2026/08/31 09:29:44.734	1198	402	50	5	2835	56.53
2026/08/31 09:29:44.834	1198	402	50	5	2835	56.53
2026/08/31 09:29:44.934	1198	402	50	5	2835	56.53
2026/08/31 09:29:45.034	1198	402	51	4	2835	56.44
2026/08/31 09:29:45.134	1198	402	51	4	2835	56.44
2026/08/31 09:29:45.234	1198	402	51	4	2835	56.44
2026/08/31 09:29:45.334	1198	402	51	4	2835	56.44
2026/08/31 09:29:45.434	1198	402	51	4	2835	56.44
2026/08/31 09:29:45.534	1198	402	48	5	2835	56.65
2026/08/31 09:29:45.634	1198	402	48	5	2835	56.65
2026/08/31 09:29:45.735	1198	402	48	5	2835	56.65
2026/08/31 09:29:45.835	1198	402	48	5	2835	56.65
2026/08/31 09:29:45.935	1198	402	48	5	2835	56.65
2026/08/31 09:29:46.035	1198	402	49	4	2835	56.56
2026/08/31 09:29:46.135	1198	402	49	4	2835	56.56
2026/08/31 09:29:46.235	1198	402	49	4	2835	56.56
2026/08/31 09:29:46.335	1198	402	49	4	2835	56.56
2026/08/31 09:29:46.435	1198	402	49	4	2835	56.56
2026/08/31 09:29:46.536	1198	402	52	5	2835	56.66
2026/08/31 09:29:46.636	1198	402	52	5	2835	56.66
2026/08/31 09:29:46.736	1198	402	52	5	2835	56.66
2026/08/31 09:29:46.836	1198	402	52	5	2835	56.66
2026/08/31 09:29:46.936	1198	402	52	5	2835	56.66
2026/08/31 09:29:47.036	1198	402	51	4	2835	56.65
2026/08/31 09:29:47.136	1198	402	51	4	2835	56.65
2026/08/31 09:29:47.236	1198	402	51	4	2835	56.65
2026/08/31 09:29:47.336	1198	402	51	4	2835	56.65
2026/08/31 09:29:47.436	1198	402	51	4	2835	56.65
2026/08/31 09:29:47.537	1198	402	51	5	2835	56.86
2026/08/31 09:29:47.637	1198	402	51	5	2835	56.86
2026/08/31 09:29:47.737	1198	402	51	5	2835	56.86
2026/08/31 09:29:47.837	1198	402	51	5	2835	56.86
2026/08/31 09:29:47.937	1198	402	51	5	2835	56.86
2026/08/31 09:29:48.037	1198	402	50	4	2835	56.70
2026/08/31 09:29:48.137	1198	402	50	4	2835	56.70
2026/08/31 09:29:48.237	1198	402	50	4	2835	56.70
2026/08/31 09:29:48.337	1198	402	50	4	2835	56.70
2026/08/31 09:29:48.437	1198	402	50	4	2835	56.70
2026/08/31 09:29:48.538	1198	402	50	5	2835	56.69
2026/08/31 09:29:48.638	1198	402	50	5	2835	56.69
2026/08/31 09:29:48.738	1198	402	50	5	2835	56.69
2026/08/31 09:29:48.838	1198	402	50	5	2835	56.69
2026/08/31 09:29:48.938	1198	402	50	5	2835	56.69
2026/08/31 09:29:49.038	1198	402	51	4	2835	56.59
2026/08/31 09:29:49.138	1198	402	51	4	2835	56.59
2026/08/31 09:29:49.238	1198	402	51	4	2835	56.59
2026/08/31 09:29:49.338	1198	402	51	4	2835	56.59
2026/08/31 09:29:49.438	1198	402	51	4	2835	56.59
2026/08/31 09:29:49.539	1198	402	51	5	2835	56.75
2026/08/31 09:29:49.639	1198	402	51	5	2835	56.75
2026/08/31 09:29:49.739	1198	402	51	5	2835	56.75
2026/08/31 09:29:49.839	1198	402	51	5	2835	56.75
2026/08/31 09:29:49.939	1198	402	51	5	2835	56.75
2026/08/31 09:29:50.039	1198	402	49	4	2835	56.66
2026/08/31 09:29:50.139	1198	402	49	4	2835	56.66
2026/08/31 09:29:50.239	1198	402	49	4	2835	56.66
2026/08/31 09:29:50.339	1198	402	49	4	2835	56.66
2026/08/31 09:29:50.439	1198	402	49	4	2835	56.66
2026/08/31 09:29:50.540	1198	402	49	5	2835	56.70
2026/08/31 09:29:50.640	1198	402	49	5	2835	56.70
2026/08/31 09:29:50.740	1198	402	49	5	2835	56.70
2026/08/31 09:29:50.840	1198	402	49	5	2835	56.70
2026/08/31 09:29:50.940	1198	402	49	5	2835	56.70
2026/08/31 09:29:51.040	1198	402	49	4	2835	56.53
2026/08/31 09:29:51.140	1198	402	49	4	2835	56.53
2026/08/31 09:29:51.240	1198	402	49	4	2835	56.53
2026/08/31 09:29:51.340	1198	402	49	4	2835	56.53
2026/08/31 09:29:51.440	1198	402	49	4	2835	56.53
2026/08/31 09:29:51.541	1198	402	50	5	2835	56.67
2026/08/31 09:29:51.641	1198	402	50	5	2835	56.67
2026/08/31 09:29:51.741	1198	402	50	5	2835	56.67
2026/08/31 09:29:51.841	1198	402	50	5	2835	56.67
2026/08/31 09:29:51.941	1198	402	50	5	2835	56.67
2026/08/31 09:29:52.041	1198	402	51	4	2835	56.67
2026/08/31 09:29:52.141	1198	402	51	4	2835	56.67
2026/08/31 09:29:52.241	1198	402	51	4	2835	56.67
2026/08/31 09:29:52.341	1198	402	51	4	2835	56.67
2026/08/31 09:29:52.441	1198	402	51	4	2835	56.67
2026/08/31 09:29:52.541	1198	402	51	5	2835	56.90
2026/08/31 09:29:52.642	1198	402	51	5	2835	56.90
2026/08/31 09:29:52.742	1198	402	51	5	2835	56.90
2026/08/31 09:29:52.842	1198	402	51	5	2835	56.90
2026/08/31 09:29:52.942	1198	402	51	5	2835	56.90
2026/08/31 09:29:53.042	1198	402	50	4	2835	56.72
2026/08/31 09:29:53.142	1198	402	50	4	2835	56.72
2026/08/31 09:29:53.242	1198	402	50	4	2835	56.72
2026/08/31 09:29:53.342	1198	402	50	4	2835	56.72
2026/08/31 09:29:53.442	1198	402	50	4	2835	56.72
2026/08/31 09:29:53.542	1198	402	48	5	2835	56.77
2026/08/31 09:29:53.643	1198	402	48	5	2835	56.77
2026/08/31 09:29:53.743	1198	402	48	5	2835	56.77
2026/08/31 09:29:53.843	1198	402	48	5	2835	56.77
2026/08/31 09:29:53.943	1198	402	48	5	2835	56.77
2026/08/31 09:29:54.043	1198	402	50	4	2835	56.72
2026/08/31 09:29:54.143	1198	402	50	4	2835	56.72
2026/08/31 09:29:54.243	1198	402	50	4	2835	56.72
2026/08/31 09:29:54.343	1198	402	50	4	2835	56.72
2026/08/31 09:29:54.443	1198	402	50	4	2835	56.72
2026/08/31 09:29:54.543	1198	402	51	5	2835	56.84
2026/08/31 09:29:54.644	1198	402	51	5	2835	56.84
2026/08/31 09:29:54.744	1198	402	51	5	2835	56.84
2026/08/31 09:29:54.844	1198	402	51	5	2835	56.84
2026/08/31 09:29:54.944	1198	402	51	5	2835	56.84
2026/08/31 09:29:55.044	1198	402	50	4	2835	56.68
2026/08/31 09:29:55.144	1198	402	50	4	2835	56.68
2026/08/31 09:29:55.244	1198	402	50	4	2835	56.68
2026/08/31 09:29:55.344	1198	402	50	4	2835	56.68
2026/08/31 09:29:55.444	1198	402	50	4	2835	56.68
2026/08/31 09:29:55.544	1198	402	48	5	2835	56.70
2026/08/31 09:29:55.645	1198	402	48	5	2835	56.70
2026/08/31 09:29:55.745	1198	402	48	5	2835	56.70
2026/08/31 09:29:55.845	1198	402	48	5	2835	56.70
2026/08/31 09:29:55.945	1198	402	48	5	2835	56.70
2026/08/31 09:29:56.045	1198	402	50	4	2835	56.57
2026/08/31 09:29:56.145	1198	402	50	4	2835	56.57
2026/08/31 09:29:56.245	1198	402	50	4	2835	56.57
2026/08/31 09:29:56.345	1198	402	50	4	2835	56.57
2026/08/31 09:29:56.445	1198	402	50	4	2835	56.57
2026/08/31 09:29:56.545	1198	402	48	5	2835	56.67
2026/08/31 09:29:56.646	1198	402	48	5	2835	56.67
2026/08/31 09:29:56.746	1198	402	48	5	2835	56.67
2026/08/31 09:29:56.846	1198	402	48	5	2835	56.67
2026/08/31 09:29:56.946	1198	402	48	5	2835	56.67
2026/08/31 09:29:57.046	1198	402	50	4	2835	56.63
2026/08/31 09:29:57.146	1198	402	50	4	2835	56.63
2026/08/31 09:29:57.246	1198	402	50	4	2835	56.63
2026/08/31 09:29:57.346	1198	402	50	4	2835	56.63
2026/08/31 09:29:57.446	1198	402	50	4	2835	56.63
2026/08/31 09:29:57.547	1198	402	51	5	2835	56.69
2026/08/31 09:29:57.647	1198	402	51	5	2835	56.69
2026/08/31 09:29:57.747	1198	402	51	5	2835	56.69
2026/08/31 09:29:57.847	1198	402	51	5	2835	56.69
2026/08/31 09:29:57.947	1198	402	51	5	2835	56.69
2026/08/31 09:29:58.047	1198	402	50	4	2835	56.45
2026/08/31 09:29:58.147	1198	402	50	4	2835	56.45
2026/08/31 09:29:58.247	1198	402	50	4	2835	56.45
2026/08/31 09:29:58.347	1198	402	50	4	2835	56.45
2026/08/31 09:29:58.448	1198	402	50	4	2835	56.45
2026/08/31 09:29:58.548	1198	402	51	5	2835	56.69
2026/08/31 09:29:58.648	1198	402	51	5	2835	56.69
2026/08/31 09:29:58.748	1198	402	51	5	2835	56.69
2026/08/31 09:29:58.848	1198	402	51	5	2835	56.69
2026/08/31 09:29:58.948	1198	402	51	5	2835	56.69
2026/08/31 09:29:59.048	1198	402	50	4	2835	57.30
2026/08/31 09:29:59.148	1198	402	50	4	2835	57.30
2026/08/31 09:29:59.248	1198	402	50	4	2835	57.30
2026/08/31 09:29:59.348	1198	402	50	4	2835	57.30
2026/08/31 09:29:59.449	1198	402	50	4	2835	57.30
2026/08/31 09:29:59.549	1198	402	51	5	2835	58.33
2026/08/31 09:29:59.649	1198	402	51	5	2835	58.33
2026/08/31 09:29:59.749	1198	402	51	5	2835	58.33
2026/08/31 09:29:59.849	1198	402	51	5	2835	58.33
2026/08/31 09:29:59.949	1198	402	51	5	2835	58.33
2026/08/31 09:30:00.049	1198	402	50	4	2835	58.02
2026/08/31 09:30:00.149	1198	402	50	4	2835	58.02
2026/08/31 09:30:00.249	1198	402	50	4	2835	58.02
2026/08/31 09:30:00.349	1198	402	50	4	2835	58.02
2026/08/31 09:30:00.449	1198	402	50	4	2835	58.02
2026/08/31 09:30:00.550	1198	402	51	5	2835	57.10
2026/08/31 09:30:00.650	1198	402	51	5	2835	57.10
2026/08/31 09:30:00.750	1198	402	51	5	2835	57.10
2026/08/31 09:30:00.850	1198	402	51	5	2835	57.10
2026/08/31 09:30:00.950	1198	402	51	5	2835	57.10
2026/08/31 09:30:01.050	1198	402	50	4	2835	56.71
2026/08/31 09:30:01.150	1198	402	50	4	2835	56.71
2026/08/31 09:30:01.250	1198	402	50	4	2835	56.71
2026/08/31 09:30:01.350	1198	402	50	4	2835	56.71
2026/08/31 09:30:01.451	1198	402	50	4	2835	56.71
2026/08/31 09:30:01.551	1198	402	48	5	2835	56.75
2026/08/31 09:30:01.651	1198	402	48	5	2835	56.75
2026/08/31 09:30:01.751	1198	402	48	5	2835	56.75
2026/08/31 09:30:01.851	1198	402	48	5	2835	56.75
2026/08/31 09:30:01.951	1198	402	48	5	2835	56.75
2026/08/31 09:30:02.051	1198	402	50	4	2835	56.74
2026/08/31 09:30:02.151	1198	402	50	4	2835	56.74
2026/08/31 09:30:02.251	1198	402	50	4	2835	56.74
2026/08/31 09:30:02.351	1198	402	50	4	2835	56.74
2026/08/31 09:30:02.452	1198	402	50	4	2835	56.74
2026/08/31 09:30:02.552	1198	402	48	5	2835	57.13
2026/08/31 09:30:02.652	1198	402	48	5	2835	57.13
2026/08/31 09:30:02.752	1198	402	48	5	2835	57.13
2026/08/31 09:30:02.852	1198	402	48	5	2835	57.13
2026/08/31 09:30:02.952	1198	402	48	5	2835	57.13
2026/08/31 09:30:03.052	1198	402	50	4	2835	57.55
2026/08/31 09:30:03.152	1198	402	50	4	2835	57.55
2026/08/31 09:30:03.252	1198	402	50	4	2835	57.55
2026/08/31 09:30:03.352	1198	402	50	4	2835	57.55
2026/08/31 09:30:03.453	1198	402	50	4	2835	57.55
2026/08/31 09:30:03.553	1198	402	51	5	2835	57.57
2026/08/31 09:30:03.653	1198	402	51	5	2835	57.57
2026/08/31 09:30:03.753	1198	402	51	5	2835	57.57
2026/08/31 09:30:03.853	1198	402	51	5	2835	57.57
2026/08/31 09:30:03.953	1198	402	51	5	2835	57.57
2026/08/31 09:30:04.053	1198	402	49	4	2835	56.93
2026/08/31 09:30:04.153	1198	402	49	4	2835	56.93
2026/08/31 09:30:04.253	1198	402	49	4	2835	56.93
2026/08/31 09:30:04.353	1198	402	49	4	2835	56.93
2026/08/31 09:30:04.454	1198	402	49	4	2835	56.93
2026/08/31 09:30:04.554	1198	402	51	5	2835	58.15
2026/08/31 09:30:04.654	1198	402	51	5	2835	58.15
2026/08/31 09:30:04.754	1198	402	51	5	2835	58.15
2026/08/31 09:30:04.854	1198	402	51	5	2835	58.15
2026/08/31 09:30:04.954	1198	402	51	5	2835	58.15
2026/08/31 09:30:05.054	1198	402	51	4	2835	58.05
2026/08/31 09:30:05.154	1198	402	51	4	2835	58.05
2026/08/31 09:30:05.254	1198	402	51	4	2835	58.05
2026/08/31 09:30:05.355	1198	402	51	4	2835	58.05
2026/08/31 09:30:05.455	1198	402	51	4	2835	58.05
2026/08/31 09:30:05.555	1198	402	50	5	2835	57.10
2026/08/31 09:30:05.655	1198	402	50	5	2835	57.10
2026/08/31 09:30:05.755	1198	402	50	5	2835	57.10
2026/08/31 09:30:05.855	1198	402	50	5	2835	57.10
2026/08/31 09:30:05.955	1198	402	50	5	2835	57.10
2026/08/31 09:30:06.055	1198	402	51	4	2835	56.80
2026/08/31 09:30:06.155	1198	402	51	4	2835	56.80
2026/08/31 09:30:06.255	1198	402	51	4	2835	56.80
2026/08/31 09:30:06.356	1198	402	51	4	2835	56.80
2026/08/31 09:30:06.456	1198	402	51	4	2835	56.80
2026/08/31 09:30:06.556	1198	402	51	5	2835	57.26
2026/08/31 09:30:06.656	1198	402	51	5	2835	57.26
2026/08/31 09:30:06.756	1198	402	51	5	2835	57.26
2026/08/31 09:30:06.856	1198	402	51	5	2835	57.26
2026/08/31 09:30:06.956	1198	402	51	5	2835	57.26
2026/08/31 09:30:07.056	1198	402	51	4	2835	57.51
2026/08/31 09:30:07.156	1198	402	51	4	2835	57.51
2026/08/31 09:30:07.256	1198	402	51	4	2835	57.51
2026/08/31 09:30:07.357	1198	402	51	4	2835	57.51
2026/08/31 09:30:07.457	1198	402	51	4	2835	57.51
2026/08/31 09:30:07.557	1198	402	50	5	2835	57.49
2026/08/31 09:30:07.657	1198	402	50	5	2835	57.49
2026/08/31 09:30:07.757	1198	402	50	5	2835	57.49
2026/08/31 09:30:07.857	1198	402	50	5	2835	57.49
2026/08/31 09:30:07.957	1198	402	50	5	2835	57.49
2026/08/31 09:30:08.057	1198	402	50	4	2835	57.90
2026/08/31 09:30:08.157	1198	402	50	4	2835	57.90
2026/08/31 09:30:08.257	1198	402	50	4	2835	57.90
2026/08/31 09:30:08.358	1198	402	50	4	2835	57.90
2026/08/31 09:30:08.458	1198	402	50	4	2835	57.90
2026/08/31 09:30:08.558	1198	402	51	5	2835	58.45
2026/08/31 09:30:08.658	1198	402	51	5	2835	58.45
2026/08/31 09:30:08.758	1198	402	51	5	2835	58.45
2026/08/31 09:30:08.858	1198	402	51	5	2835	58.45
2026/08/31 09:30:08.958	1198	402	51	5	2835	58.45
2026/08/31 09:30:09.058	1198	402	49	4	2835	57.63
2026/08/31 09:30:09.158	1198	402	49	4	2835	57.63
2026/08/31 09:30:09.258	1198	402	49	4	2835	57.63
2026/08/31 09:30:09.359	1198	402	49	4	2835	57.63
2026/08/31 09:30:09.459	1198	402	49	4	2835	57.63
2026/08/31 09:30:09.559	1198	402	48	5	2835	56.97
2026/08/31 09:30:09.659	1198	402	48	5	2835	56.97
2026/08/31 09:30:09.759	1198	402	48	5	2835	56.97
2026/08/31 09:30:09.859	1198	402	48	5	2835	56.97
2026/08/31 09:30:09.959	1198	402	48	5	2835	56.97
2026/08/31 09:30:10.060	1198	402	51	4	2835	57.32
2026/08/31 09:30:10.160	1198	402	51	4	2835	57.32
2026/08/31 09:30:10.260	1198	402	51	4	2835	57.32
2026/08/31 09:30:10.360	1198	402	51	4	2835	57.32
2026/08/31 09:30:10.460	1198	402	51	4	2835	57.32
2026/08/31 09:30:10.560	1198	402	51	5	2835	57.60
2026/08/31 09:30:10.660	1198	402	51	5	2835	57.60
2026/08/31 09:30:10.760	1198	402	51	5	2835	57.60
2026/08/31 09:30:10.860	1198	402	51	5	2835	57.60
2026/08/31 09:30:10.961	1198	402	51	5	2835	57.60
2026/08/31 09:30:11.061	1198	402	51	4	2835	56.96
2026/08/31 09:30:11.161	1198	402	51	4	2835	56.96
2026/08/31 09:30:11.261	1198	402	51	4	2835	56.96
2026/08/31 09:30:11.361	1198	402	51	4	2835	56.96
2026/08/31 09:30:11.461	1198	402	51	4	2835	56.96
2026/08/31 09:30:11.561	1198	402	49	5	2835	56.58
2026/08/31 09:30:11.661	1198	402	49	5	2835	56.58
2026/08/31 09:30:11.761	1198	402	49	5	2835	56.58
2026/08/31 09:30:11.862	1198	402	49	5	2835	56.58
2026/08/31 09:30:11.962	1198	402	49	5	2835	56.58
2026/08/31 09:30:12.062	1198	402	48	4	2835	57.64
2026/08/31 09:30:12.162	1198	402	48	4	2835	57.64
2026/08/31 09:30:12.262	1198	402	48	4	2835	57.64
2026/08/31 09:30:12.362	1198	402	48	4	2835	57.64
2026/08/31 09:30:12.462	1198	402	48	4	2835	57.64
2026/08/31 09:30:12.562	1198	402	49	5	2835	58.00
2026/08/31 09:30:12.662	1198	402	49	5	2835	58.00
2026/08/31 09:30:12.763	1198	402	49	5	2835	58.00
2026/08/31 09:30:12.863	1198	402	49	5	2835	58.00
2026/08/31 09:30:12.963	1198	402	49	5	2835	58.00
2026/08/31 09:30:13.063	1198	402	51	4	2835	57.22
2026/08/31 09:30:13.163	1198	402	51	4	2835	57.22
2026/08/31 09:30:13.263	1198	402	51	4	2835	57.22
2026/08/31 09:30:13.363	1198	402	51	4	2835	57.22
2026/08/31 09:30:13.463	1198	402	51	4	2835	57.22
2026/08/31 09:30:13.563	1198	402	51	5	2835	57.19
2026/08/31 09:30:13.664	1198	402	51	5	2835	57.19
2026/08/31 09:30:13.764	1198	402	51	5	2835	57.19
2026/08/31 09:30:13.864	1198	402	51	5	2835	57.19
2026/08/31 09:30:13.964	1198	402	51	5	2835	57.19
2026/08/31 09:30:14.064	1198	402	50	4	2835	57.13
2026/08/31 09:30:14.164	1198	402	50	4	2835	57.13
2026/08/31 09:30:14.264	1198	402	50	4	2835	57.13
2026/08/31 09:30:14.364	1198	402	50	4	2835	57.13
2026/08/31 09:30:14.464	1198	402	50	4	2835	57.13
2026/08/31 09:30:14.564	1198	402	52	5	2835	57.27
2026/08/31 09:30:14.664	1198	402	52	5	2835	57.27
2026/08/31 09:30:14.765	1198	402	52	5	2835	57.27
2026/08/31 09:30:14.865	1198	402	52	5	2835	57.27
2026/08/31 09:30:14.965	1198	402	52	5	2835	57.27
2026/08/31 09:30:15.065	1198	402	51	4	2835	57.22
2026/08/31 09:30:15.165	1198	402	51	4	2835	57.22
2026/08/31 09:30:15.265	1198	402	51	4	2835	57.22
2026/08/31 09:30:15.365	1198	402	51	4	2835	57.22
2026/08/31 09:30:15.465	1198	402	51	4	2835	57.22
2026/08/31 09:30:15.565	1198	402	50	5	2835	57.25
2026/08/31 09:30:15.665	1198	402	50	5	2835	57.25
2026/08/31 09:30:15.765	1198	402	50	5	2835	57.25
2026/08/31 09:30:15.866	1198	402	50	5	2835	57.25
2026/08/31 09:30:15.966	1198	402	50	5	2835	57.25
2026/08/31 09:30:16.066	1198	402	52	4	2835	57.04
2026/08/31 09:30:16.166	1198	402	52	4	2835	57.04
2026/08/31 09:30:16.266	1198	402	52	4	2835	57.04
2026/08/31 09:30:16.366	1198	402	52	4	2835	57.04
2026/08/31 09:30:16.466	1198	402	52	4	2835	57.04
2026/08/31 09:30:16.566	1198	402	48	5	2835	57.20
2026/08/31 09:30:16.666	1198	402	48	5	2835	57.20
2026/08/31 09:30:16.767	1198	402	48	5	2835	57.20
2026/08/31 09:30:16.867	1198	402	48	5	2835	57.20
2026/08/31 09:30:16.967	1198	402	48	5	2835	57.20
2026/08/31 09:30:17.067	1198	402	52	4	2835	57.18
2026/08/31 09:30:17.167	1198	402	52	4	2835	57.18
2026/08/31 09:30:17.267	1198	402	52	4	2835	57.18
2026/08/31 09:30:17.367	1198	402	52	4	2835	57.18
2026/08/31 09:30:17.467	1198	402	52	4	2835	57.18
2026/08/31 09:30:17.567	1198	402	51	5	2835	57.23
2026/08/31 09:30:17.667	1198	402	51	5	2835	57.23
2026/08/31 09:30:17.768	1198	402	51	5	2835	57.23
2026/08/31 09:30:17.868	1198	402	51	5	2835	57.23
2026/08/31 09:30:17.968	1198	402	51	5	2835	57.23
2026/08/31 09:30:18.068	1198	402	51	4	2835	56.98
2026/08/31 09:30:18.168	1198	402	51	4	2835	56.98
2026/08/31 09:30:18.268	1198	402	51	4	2835	56.98
2026/08/31 09:30:18.368	1198	402	51	4	2835	56.98
2026/08/31 09:30:18.468	1198	402	51	4	2835	56.98
2026/08/31 09:30:18.568	1198	402	51	5	2835	57.07
2026/08/31 09:30:18.668	1198	402	51	5	2835	57.07
2026/08/31 09:30:18.769	1198	402	51	5	2835	57.07
2026/08/31 09:30:18.869	1198	402	51	5	2835	57.07
2026/08/31 09:30:18.969	1198	402	51	5	2835	57.07
2026/08/31 09:30:19.069	1198	402	51	4	2835	56.98
2026/08/31 09:30:19.169	1198	402	51	4	2835	56.98
2026/08/31 09:30:19.269	1198	402	51	4	2835	56.98
2026/08/31 09:30:19.369	1198	402	51	4	2835	56.98
2026/08/31 09:30:19.469	1198	402	51	4	2835	56.98
2026/08/31 09:30:19.569	1198	402	48	5	2835	57.05
2026/08/31 09:30:19.669	1198	402	48	5	2835	57.05
2026/08/31 09:30:19.770	1198	402	48	5	2835	57.05
2026/08/31 09:30:19.870	1198	402	48	5	2835	57.05
2026/08/31 09:30:19.970	1198	402	48	5	2835	57.05
2026/08/31 09:30:20.070	1198	402	51	4	2835	56.86
2026/08/31 09:30:20.170	1198	402	51	4	2835	56.86
2026/08/31 09:30:20.270	1198	402	51	4	2835	56.86
2026/08/31 09:30:20.370	1198	402	51	4	2835	56.86
2026/08/31 09:30:20.470	1198	402	51	4	2835	56.86
2026/08/31 09:30:20.570	1198	402	49	5	2835	57.10
2026/08/31 09:30:20.670	1198	402	49	5	2835	57.10
2026/08/31 09:30:20.771	1198	402	49	5	2835	57.10
2026/08/31 09:30:20.871	1198	402	49	5	2835	57.10
2026/08/31 09:30:20.971	1198	402	49	5	2835	57.10
2026/08/31 09:30:21.071	1198	402	50	4	2835	57.14
2026/08/31 09:30:21.171	1198	402	50	4	2835	57.14
2026/08/31 09:30:21.271	1198	402	50	4	2835	57.14
2026/08/31 09:30:21.371	1198	402	50	4	2835	57.14
2026/08/31 09:30:21.471	1198	402	50	4	2835	57.14
2026/08/31 09:30:21.571	1198	402	51	5	2835	57.08
2026/08/31 09:30:21.671	1198	402	51	5	2835	57.08
2026/08/31 09:30:21.772	1198	402	51	5	2835	57.08
2026/08/31 09:30:21.872	1198	402	51	5	2835	57.08
2026/08/31 09:30:21.972	1198	402	51	5	2835	57.08
2026/08/31 09:30:22.072	1198	402	52	4	2835	56.62
2026/08/31 09:30:22.172	1198	402	52	4	2835	56.62
2026/08/31 09:30:22.272	1198	402	52	4	2835	56.62
2026/08/31 09:30:22.372	1198	402	52	4	2835	56.62
2026/08/31 09:30:22.472	1198	402	52	4	2835	56.62
2026/08/31 09:30:22.572	1198	402	49	5	2835	56.84
2026/08/31 09:30:22.673	1198	402	49	5	2835	56.84
2026/08/31 09:30:22.773	1198	402	49	5	2835	56.84
2026/08/31 09:30:22.873	1198	402	49	5	2835	56.84
2026/08/31 09:30:22.973	1198	402	49	5	2835	56.84
2026/08/31 09:30:23.073	1198	402	50	4	2835	58.00
2026/08/31 09:30:23.173	1198	402	50	4	2835	58.00
2026/08/31 09:30:23.273	1198	402	50	4	2835	58.00
2026/08/31 09:30:23.373	1198	402	50	4	2835	58.00
2026/08/31 09:30:23.473	1198	402	50	4	2835	58.00
2026/08/31 09:30:23.574	1198	402	50	5	2835	58.79
2026/08/31 09:30:23.674	1198	402	50	5	2835	58.79
2026/08/31 09:30:23.774	1198	402	50	5	2835	58.79
2026/08/31 09:30:23.874	1198	402	50	5	2835	58.79
2026/08/31 09:30:23.974	1198	402	50	5	2835	58.79
2026/08/31 09:30:24.074	1198	402	51	4	2835	57.72
2026/08/31 09:30:24.174	1198	402	51	4	2835	57.72
2026/08/31 09:30:24.274	1198	402	51	4	2835	57.72
2026/08/31 09:30:24.374	1198	402	51	4	2835	57.72
2026/08/31 09:30:24.475	1198	402	51	4	2835	57.72
2026/08/31 09:30:24.575	1198	402	49	5	2835	57.06
2026/08/31 09:30:24.675	1198	402	49	5	2835	57.06
2026/08/31 09:30:24.775	1198	402	49	5	2835	57.06
2026/08/31 09:30:24.875	1198	402	49	5	2835	57.06
2026/08/31 09:30:24.975	1198	402	49	5	2835	57.06
2026/08/31 09:30:25.075	1198	402	51	4	2835	56.83
2026/08/31 09:30:25.175	1198	402	51	4	2835	56.83
2026/08/31 09:30:25.275	1198	402	51	4	2835	56.83
2026/08/31 09:30:25.375	1198	402	51	4	2835	56.83
2026/08/31 09:30:25.476	1198	402	51	4	2835	56.83
2026/08/31 09:30:25.576	1198	402	50	5	2835	56.68
2026/08/31 09:30:25.676	1198	402	50	5	2835	56.68
2026/08/31 09:30:25.776	1198	402	50	5	2835	56.68
2026/08/31 09:30:25.876	1198	402	50	5	2835	56.68
2026/08/31 09:30:25.976	1198	402	50	5	2835	56.68
2026/08/31 09:30:26.076	1198	402	51	4	2835	56.43
2026/08/31 09:30:26.176	1198	402	51	4	2835	56.43
2026/08/31 09:30:26.276	1198	402	51	4	2835	56.43
2026/08/31 09:30:26.377	1198	402	51	4	2835	56.43
2026/08/31 09:30:26.477	1198	402	51	4	2835	56.43
2026/08/31 09:30:26.577	1198	402	50	5	2835	56.60
2026/08/31 09:30:26.677	1198	402	50	5	2835	56.60
2026/08/31 09:30:26.777	1198	402	50	5	2835	56.60
2026/08/31 09:30:26.877	1198	402	50	5	2835	56.60
2026/08/31 09:30:26.977	1198	402	50	5	2835	56.60
2026/08/31 09:30:27.077	1198	402	51	4	2835	57.17
2026/08/31 09:30:27.177	1198	402	51	4	2835	57.17
2026/08/31 09:30:27.278	1198	402	51	4	2835	57.17
2026/08/31 09:30:27.378	1198	402	51	4	2835	57.17
2026/08/31 09:30:27.478	1198	402	51	4	2835	57.17
2026/08/31 09:30:27.578	1198	402	50	5	2835	58.51
2026/08/31 09:30:27.678	1198	402	50	5	2835	58.51
2026/08/31 09:30:27.778	1198	402	50	5	2835	58.51
2026/08/31 09:30:27.878	1198	402	50	5	2835	58.51
2026/08/31 09:30:27.978	1198	402	50	5	2835	58.51
2026/08/31 09:30:28.078	1198	402	51	4	2835	58.06
2026/08/31 09:30:28.179	1198	402	51	4	2835	58.06
2026/08/31 09:30:28.279	1198	402	51	4	2835	58.06
2026/08/31 09:30:28.379	1198	402	51	4	2835	58.06
2026/08/31 09:30:28.479	1198	402	51	4	2835	58.06
2026/08/31 09:30:28.579	1198	402	51	5	2835	56.78
2026/08/31 09:30:28.679	1198	402	51	5	2835	56.78
2026/08/31 09:30:28.779	1198	402	51	5	2835	56.78
2026/08/31 09:30:28.879	1198	402	51	5	2835	56.78
2026/08/31 09:30:28.980	1198	402	51	5	2835	56.78
2026/08/31 09:30:29.080	1198	402	50	4	2835	56.36
2026/08/31 09:30:29.180	1198	402	50	4	2835	56.36
2026/08/31 09:30:29.280	1198	402	50	4	2835	56.36
2026/08/31 09:30:29.380	1198	402	50	4	2835	56.36
2026/08/31 09:30:29.480	1198	402	50	4	2835	56.36
2026/08/31 09:30:29.580	1198	402	50	5	2835	56.51
2026/08/31 09:30:29.680	1198	402	50	5	2835	56.51
2026/08/31 09:30:29.780	1198	402	50	5	2835	56.51
2026/08/31 09:30:29.881	1198	402	50	5	2835	56.51
2026/08/31 09:30:29.981	1198	402	50	5	2835	56.51
2026/08/31 09:30:30.081	1198	402	51	4	2835	56.38
2026/08/31 09:30:30.181	1198	402	51	4	2835	56.38
2026/08/31 09:30:30.281	1198	402	51	4	2835	56.38
2026/08/31 09:30:30.381	1198	402	51	4	2835	56.38
2026/08/31 09:30:30.481	1198	402	51	4	2835	56.38
2026/08/31 09:30:30.581	1198	402	51	5	2835	56.44
2026/08/31 09:30:30.681	1198	402	51	5	2835	56.44
2026/08/31 09:30:30.781	1198	402	51	5	2835	56.44
2026/08/31 09:30:30.882	1198	402	51	5	2835	56.44
2026/08/31 09:30:30.982	1198	402	51	5	2835	56.44
2026/08/31 09:30:31.082	1198	402	50	4	2835	56.35
2026/08/31 09:30:31.182	1198	402	50	4	2835	56.35
2026/08/31 09:30:31.282	1198	402	50	4	2835	56.35
2026/08/31 09:30:31.382	1198	402	50	4	2835	56.35
2026/08/31 09:30:31.482	1198	402	50	4	2835	56.35
2026/08/31 09:30:31.582	1198	402	52	5	2835	56.95
2026/08/31 09:30:31.682	1198	402	52	5	2835	56.95
2026/08/31 09:30:31.783	1198	402	52	5	2835	56.95
2026/08/31 09:30:31.883	1198	402	52	5	2835	56.95
2026/08/31 09:30:31.983	1198	402	52	5	2835	56.95
2026/08/31 09:30:32.083	1198	402	50	4	2835	57.83
2026/08/31 09:30:32.183	1198	402	50	4	2835	57.83
2026/08/31 09:30:32.283	1198	402	50	4	2835	57.83
2026/08/31 09:30:32.383	1198	402	50	4	2835	57.83
2026/08/31 09:30:32.483	1198	402	50	4	2835	57.83
2026/08/31 09:30:32.583	1198	402	50	5	2835	58.29
2026/08/31 09:30:32.684	1198	402	50	5	2835	58.29
2026/08/31 09:30:32.784	1198	402	50	5	2835	58.29
2026/08/31 09:30:32.884	1198	402	50	5	2835	58.29
2026/08/31 09:30:32.984	1198	402	50	5	2835	58.29
2026/08/31 09:30:33.084	1198	402	51	4	2835	57.53
2026/08/31 09:30:33.184	1198	402	51	4	2835	57.53
2026/08/31 09:30:33.284	1198	402	51	4	2835	57.53
2026/08/31 09:30:33.384	1198	402	51	4	2835	57.53
2026/08/31 09:30:33.484	1198	402	51	4	2835	57.53
2026/08/31 09:30:33.584	1198	402	50	5	2835	57.14
2026/08/31 09:30:33.685	1198	402	50	5	2835	57.14
2026/08/31 09:30:33.785	1198	402	50	5	2835	57.14
2026/08/31 09:30:33.885	1198	402	50	5	2835	57.14
2026/08/31 09:30:33.985	1198	402	50	5	2835	57.14
2026/08/31 09:30:34.085	1198	402	53	4	2835	56.38
2026/08/31 09:30:34.185	1198	402	53	4	2835	56.38
2026/08/31 09:30:34.285	1198	402	53	4	2835	56.38
2026/08/31 09:30:34.385	1198	402	53	4	2835	56.38
2026/08/31 09:30:34.485	1198	402	53	4	2835	56.38
2026/08/31 09:30:34.586	1198	402	48	5	2835	56.48
2026/08/31 09:30:34.686	1198	402	48	5	2835	56.48
2026/08/31 09:30:34.786	1198	402	48	5	2835	56.48
2026/08/31 09:30:34.886	1198	402	48	5	2835	56.48
2026/08/31 09:30:34.986	1198	402	48	5	2835	56.48
2026/08/31 09:30:35.086	1198	402	51	4	2835	56.39
2026/08/31 09:30:35.186	1198	402	51	4	2835	56.39
2026/08/31 09:30:35.286	1198	402	51	4	2835	56.39
2026/08/31 09:30:35.387	1198	402	51	4	2835	56.39
2026/08/31 09:30:35.487	1198	402	51	4	2835	56.39
2026/08/31 09:30:35.587	1198	402	51	5	2835	56.64
2026/08/31 09:30:35.687	1198	402	51	5	2835	56.64
2026/08/31 09:30:35.787	1198	402	51	5	2835	56.64
2026/08/31 09:30:35.887	1198	402	51	5	2835	56.64
2026/08/31 09:30:35.987	1198	402	51	5	2835	56.64
2026/08/31 09:30:36.087	1198	402	50	4	2835	56.57
2026/08/31 09:30:36.187	1198	402	50	4	2835	56.57
2026/08/31 09:30:36.288	1198	402	50	4	2835	56.57
2026/08/31 09:30:36.388	1198	402	50	4	2835	56.57
2026/08/31 09:30:36.488	1198	402	50	4	2835	56.57
2026/08/31 09:30:36.588	1198	402	52	5	2835	56.66
2026/08/31 09:30:36.688	1198	402	52	5	2835	56.66
2026/08/31 09:30:36.788	1198	402	52	5	2835	56.66
2026/08/31 09:30:36.888	1198	402	52	5	2835	56.66
2026/08/31 09:30:36.988	1198	402	52	5	2835	56.66
2026/08/31 09:30:37.088	1198	402	50	4	2835	56.46
2026/08/31 09:30:37.188	1198	402	50	4	2835	56.46
2026/08/31 09:30:37.289	1198	402	50	4	2835	56.46
2026/08/31 09:30:37.389	1198	402	50	4	2835	56.46
2026/08/31 09:30:37.489	1198	402	50	4	2835	56.46
2026/08/31 09:30:37.589	1198	402	51	5	2835	56.59
2026/08/31 09:30:37.689	1198	402	51	5	2835	56.59
2026/08/31 09:30:37.789	1198	402	51	5	2835	56.59
2026/08/31 09:30:37.889	1198	402	51	5	2835	56.59
2026/08/31 09:30:37.989	1198	402	51	5	2835	56.59
2026/08/31 09:30:38.089	1198	402	50	4	2835	56.42
2026/08/31 09:30:38.189	1198	402	50	4	2835	56.42
2026/08/31 09:30:38.290	1198	402	50	4	2835	56.42
2026/08/31 09:30:38.390	1198	402	50	4	2835	56.42
2026/08/31 09:30:38.490	1198	402	50	4	2835	56.42
2026/08/31 09:30:38.590	1198	402	50	5	2835	56.52
2026/08/31 09:30:38.690	1198	402	50	5	2835	56.52
2026/08/31 09:30:38.790	1198	402	50	5	2835	56.52
2026/08/31 09:30:38.890	1198	402	50	5	2835	56.52
2026/08/31 09:30:38.990	1198	402	50	5	2835	56.52
2026/08/31 09:30:39.090	1198	402	52	4	2835	56.50
2026/08/31 09:30:39.191	1198	402	52	4	2835	56.50
2026/08/31 09:30:39.291	1198	402	52	4	2835	56.50
2026/08/31 09:30:39.391	1198	402	52	4	2835	56.50
2026/08/31 09:30:39.491	1198	402	52	4	2835	56.50
2026/08/31 09:30:39.591	1198	402	50	5	2835	56.67
2026/08/31 09:30:39.691	1198	402	50	5	2835	56.67
2026/08/31 09:30:39.791	1198	402	50	5	2835	56.67
2026/08/31 09:30:39.891	1198	402	50	5	2835	56.67
2026/08/31 09:30:39.991	1198	402	50	5	2835	56.67
2026/08/31 09:30:40.092	1198	402	51	4	2835	56.40
2026/08/31 09:30:40.192	1198	402	51	4	2835	56.40
2026/08/31 09:30:40.292	1198	402	51	4	2835	56.40
2026/08/31 09:30:40.392	1198	402	51	4	2835	56.40
2026/08/31 09:30:40.492	1198	402	51	4	2835	56.40
2026/08/31 09:30:40.592	1198	402	49	5	2835	56.48
2026/08/31 09:30:40.692	1198	402	49	5	2835	56.48
2026/08/31 09:30:40.792	1198	402	49	5	2835	56.48
2026/08/31 09:30:40.892	1198	402	49	5	2835	56.48
2026/08/31 09:30:40.993	1198	402	49	5	2835	56.48
2026/08/31 09:30:41.093	1198	402	50	4	2835	56.33
2026/08/31 09:30:41.193	1198	402	50	4	2835	56.33
2026/08/31 09:30:41.293	1198	402	50	4	2835	56.33
2026/08/31 09:30:41.393	1198	402	50	4	2835	56.33
2026/08/31 09:30:41.493	1198	402	50	4	2835	56.33
2026/08/31 09:30:41.593	1198	402	49	5	2835	56.53
2026/08/31 09:30:41.693	1198	402	49	5	2835	56.53
2026/08/31 09:30:41.793	1198	402	49	5	2835	56.53
2026/08/31 09:30:41.894	1198	402	49	5	2835	56.53
2026/08/31 09:30:41.994	1198	402	49	5	2835	56.53
2026/08/31 09:30:42.094	1198	402	51	4	2835	56.46
2026/08/31 09:30:42.194	1198	402	51	4	2835	56.46
2026/08/31 09:30:42.294	1198	402	51	4	2835	56.46
2026/08/31 09:30:42.394	1198	402	51	4	2835	56.46
2026/08/31 09:30:42.494	1198	402	51	4	2835	56.46
2026/08/31 09:30:42.594	1198	402	50	5	2835	56.55
2026/08/31 09:30:42.694	1198	402	50	5	2835	56.55
2026/08/31 09:30:42.794	1198	402	50	5	2835	56.55
2026/08/31 09:30:42.895	1198	402	50	5	2835	56.55
2026/08/31 09:30:42.995	1198	402	50	5	2835	56.55
2026/08/31 09:30:43.095	1198	402	52	4	2835	56.56
2026/08/31 09:30:43.195	1198	402	52	4	2835	56.56
2026/08/31 09:30:43.295	1198	402	52	4	2835	56.56
2026/08/31 09:30:43.395	1198	402	52	4	2835	56.56
2026/08/31 09:30:43.495	1198	402	52	4	2835	56.56
2026/08/31 09:30:43.595	1198	402	51	5	2835	56.78
2026/08/31 09:30:43.695	1198	402	51	5	2835	56.78
2026/08/31 09:30:43.796	1198	402	51	5	2835	56.78
2026/08/31 09:30:43.896	1198	402	51	5	2835	56.78
2026/08/31 09:30:43.996	1198	402	51	5	2835	56.78
2026/08/31 09:30:44.096	1198	402	50	4	2835	56.65
2026/08/31 09:30:44.196	1198	402	50	4	2835	56.65
2026/08/31 09:30:44.296	1198	402	50	4	2835	56.65
2026/08/31 09:30:44.396	1198	402	50	4	2835	56.65
2026/08/31 09:30:44.496	1198	402	50	4	2835	56.65
2026/08/31 09:30:44.597	1198	402	51	5	2835	56.85
2026/08/31 09:30:44.697	1198	402	51	5	2835	56.85
2026/08/31 09:30:44.797	1198	402	51	5	2835	56.85
2026/08/31 09:30:44.897	1198	402	51	5	2835	56.85
2026/08/31 09:30:44.997	1198	402	50	4	2835	56.81
2026/08/31 09:30:45.097	1198	402	50	4	2835	56.81
2026/08/31 09:30:45.197	1198	402	50	4	2835	56.81
2026/08/31 09:30:45.297	1198	402	50	4	2835	56.81
2026/08/31 09:30:45.397	1198	402	50	4	2835	56.81
2026/08/31 09:30:45.497	1198	402	51	5	2835	56.90
2026/08/31 09:30:45.598	1198	402	51	5	2835	56.90
2026/08/31 09:30:45.698	1198	402	51	5	2835	56.90
2026/08/31 09:30:45.798	1198	402	51	5	2835	56.90
2026/08/31 09:30:45.898	1198	402	51	5	2835	56.90
2026/08/31 09:30:45.998	1198	402	50	4	2835	56.62
2026/08/31 09:30:46.098	1198	402	50	4	2835	56.62
2026/08/31 09:30:46.198	1198	402	50	4	2835	56.62
2026/08/31 09:30:46.298	1198	402	50	4	2835	56.62
2026/08/31 09:30:46.398	1198	402	50	4	2835	56.62
2026/08/31 09:30:46.499	1198	402	50	5	2835	56.57
2026/08/31 09:30:46.599	1198	402	50	5	2835	56.57
2026/08/31 09:30:46.699	1198	402	50	5	2835	56.57
2026/08/31 09:30:46.799	1198	402	50	5	2835	56.57
2026/08/31 09:30:46.899	1198	402	50	5	2835	56.57
2026/08/31 09:30:46.999	1198	402	50	4	2835	56.42
2026/08/31 09:30:47.099	1198	402	50	4	2835	56.42
2026/08/31 09:30:47.199	1198	402	50	4	2835	56.42
2026/08/31 09:30:47.299	1198	402	50	4	2835	56.42
2026/08/31 09:30:47.399	1198	402	50	4	2835	56.42
2026/08/31 09:30:47.500	1198	402	50	5	2835	56.60
2026/08/31 09:30:47.600	1198	402	50	5	2835	56.60
2026/08/31 09:30:47.700	1198	402	50	5	2835	56.60
2026/08/31 09:30:47.800	1198	402	50	5	2835	56.60
2026/08/31 09:30:47.900	1198	402	50	5	2835	56.60
2026/08/31 09:30:48.000	1198	402	51	4	2835	56.54
2026/08/31 09:30:48.100	1198	402	51	4	2835	56.54
2026/08/31 09:30:48.200	1198	402	51	4	2835	56.54
2026/08/31 09:30:48.300	1198	402	51	4	2835	56.54
2026/08/31 09:30:48.400	1198	402	51	4	2835	56.54
2026/08/31 09:30:48.501	1198	402	50	5	2835	56.72
2026/08/31 09:30:48.601	1198	402	50	5	2835	56.72
2026/08/31 09:30:48.701	1198	402	50	5	2835	56.72
2026/08/31 09:30:48.801	1198	402	50	5	2835	56.72
2026/08/31 09:30:48.901	1198	402	50	5	2835	56.72
2026/08/31 09:30:49.001	1198	402	51	4	2835	56.64
2026/08/31 09:30:49.101	1198	402	51	4	2835	56.64
2026/08/31 09:30:49.201	1198	402	51	4	2835	56.64
2026/08/31 09:30:49.301	1198	402	51	4	2835	56.64
2026/08/31 09:30:49.402	1198	402	51	4	2835	56.64
2026/08/31 09:30:49.502	1198	402	50	5	2835	56.71
2026/08/31 09:30:49.602	1198	402	50	5	2835	56.71
2026/08/31 09:30:49.702	1198	402	50	5	2835	56.71
2026/08/31 09:30:49.802	1198	402	50	5	2835	56.71
2026/08/31 09:30:49.902	1198	402	50	5	2835	56.71
2026/08/31 09:30:50.002	1198	402	50	4	2835	56.45
2026/08/31 09:30:50.102	1198	402	50	4	2835	56.45
2026/08/31 09:30:50.202	1198	402	50	4	2835	56.45
2026/08/31 09:30:50.302	1198	402	50	4	2835	56.45
2026/08/31 09:30:50.403	1198	402	50	4	2835	56.45
2026/08/31 09:30:50.503	1198	402	51	5	2835	56.49
2026/08/31 09:30:50.603	1198	402	51	5	2835	56.49
2026/08/31 09:30:50.703	1198	402	51	5	2835	56.49
2026/08/31 09:30:50.803	1198	402	51	5	2835	56.49
2026/08/31 09:30:50.903	1198	402	51	5	2835	56.49
2026/08/31 09:30:51.003	1198	402	50	4	2835	56.38
2026/08/31 09:30:51.103	1198	402	50	4	2835	56.38
2026/08/31 09:30:51.203	1198	402	50	4	2835	56.38
2026/08/31 09:30:51.303	1198	402	50	4	2835	56.38
2026/08/31 09:30:51.404	1198	402	50	4	2835	56.38
2026/08/31 09:30:51.504	1198	402	50	5	2835	56.50
2026/08/31 09:30:51.604	1198	402	50	5	2835	56.50
2026/08/31 09:30:51.704	1198	402	50	5	2835	56.50
2026/08/31 09:30:51.804	1198	402	50	5	2835	56.50
2026/08/31 09:30:51.904	1198	402	50	5	2835	56.50
2026/08/31 09:30:52.004	1198	402	49	4	2835	56.40
2026/08/31 09:30:52.104	1198	402	49	4	2835	56.40
2026/08/31 09:30:52.204	1198	402	49	4	2835	56.40
2026/08/31 09:30:52.305	1198	402	49	4	2835	56.40
2026/08/31 09:30:52.405	1198	402	49	4	2835	56.40
2026/08/31 09:30:52.505	1198	402	50	5	2835	56.46
2026/08/31 09:30:52.605	1198	402	50	5	2835	56.46
2026/08/31 09:30:52.705	1198	402	50	5	2835	56.46
2026/08/31 09:30:52.805	1198	402	50	5	2835	56.46
2026/08/31 09:30:52.905	1198	402	50	5	2835	56.46
2026/08/31 09:30:53.005	1198	402	52	4	2835	56.42
2026/08/31 09:30:53.105	1198	402	52	4	2835	56.42
2026/08/31 09:30:53.205	1198	402	52	4	2835	56.42
2026/08/31 09:30:53.306	1198	402	52	4	2835	56.42
2026/08/31 09:30:53.406	1198	402	52	4	2835	56.42
2026/08/31 09:30:53.506	1198	402	49	5	2835	56.55
2026/08/31 09:30:53.606	1198	402	49	5	2835	56.55
2026/08/31 09:30:53.706	1198	402	49	5	2835	56.55
2026/08/31 09:30:53.806	1198	402	49	5	2835	56.55
2026/08/31 09:30:53.906	1198	402	49	5	2835	56.55
2026/08/31 09:30:54.006	1198	402	50	4	2835	56.44
2026/08/31 09:30:54.106	1198	402	50	4	2835	56.44
2026/08/31 09:30:54.206	1198	402	50	4	2835	56.44
2026/08/31 09:30:54.306	1198	402	50	4	2835	56.44
2026/08/31 09:30:54.407	1198	402	50	4	2835	56.44
2026/08/31 09:30:54.507	1198	402	50	5	2835	56.50
2026/08/31 09:30:54.607	1198	402	50	5	2835	56.50
2026/08/31 09:30:54.707	1198	402	50	5	2835	56.50
2026/08/31 09:30:54.807	1198	402	50	5	2835	56.50
2026/08/31 09:30:54.907	1198	402	50	5	2835	56.50
2026/08/31 09:30:55.007	1198	402	51	5	2835	56.41
2026/08/31 09:30:55.107	1198	402	51	5	2835	56.41
2026/08/31 09:30:55.207	1198	402	51	5	2835	56.41
2026/08/31 09:30:55.307	1198	402	51	5	2835	56.41
2026/08/31 09:30:55.408	1198	402	51	5	2835	56.41
2026/08/31 09:30:55.508	1198	402	51	5	2835	56.57
2026/08/31 09:30:55.608	1198	402	51	5	2835	56.57
2026/08/31 09:30:55.708	1198	402	51	5	2835	56.57
2026/08/31 09:30:55.808	1198	402	51	5	2835	56.57
2026/08/31 09:30:55.908	1198	402	51	5	2835	56.57
2026/08/31 09:30:56.008	1198	402	51	4	2835	56.45
2026/08/31 09:30:56.108	1198	402	51	4	2835	56.45
2026/08/31 09:30:56.208	1198	402	51	4	2835	56.45
2026/08/31 09:30:56.308	1198	402	51	4	2835	56.45
2026/08/31 09:30:56.408	1198	402	51	4	2835	56.45
2026/08/31 09:30:56.509	1198	402	50	5	2835	56.55
2026/08/31 09:30:56.609	1198	402	50	5	2835	56.55
2026/08/31 09:30:56.709	1198	402	50	5	2835	56.55
2026/08/31 09:30:56.809	1198	402	50	5	2835	56.55
2026/08/31 09:30:56.909	1198	402	50	5	2835	56.55
2026/08/31 09:30:57.009	1198	402	50	4	2835	56.42
2026/08/31 09:30:57.109	1198	402	50	4	2835	56.42
2026/08/31 09:30:57.209	1198	402	50	4	2835	56.42
2026/08/31 09:30:57.309	1198	402	50	4	2835	56.42
2026/08/31 09:30:57.409	1198	402	50	4	2835	56.42
2026/08/31 09:30:57.510	1198	402	51	5	2835	56.54
2026/08/31 09:30:57.610	1198	402	51	5	2835	56.54
2026/08/31 09:30:57.710	1198	402	51	5	2835	56.54
2026/08/31 09:30:57.810	1198	402	51	5	2835	56.54
2026/08/31 09:30:57.910	1198	402	51	5	2835	56.54
2026/08/31 09:30:58.010	1198	402	50	5	2835	56.50
2026/08/31 09:30:58.110	1198	402	50	5	2835	56.50
2026/08/31 09:30:58.211	1198	402	50	5	2835	56.50
2026/08/31 09:30:58.311	1198	402	50	5	2835	56.50
2026/08/31 09:30:58.411	1198	402	50	5	2835	56.50
2026/08/31 09:30:58.511	1198	402	49	5	2835	56.64
2026/08/31 09:30:58.611	1198	402	49	5	2835	56.64
2026/08/31 09:30:58.711	1198	402	49	5	2835	56.64
2026/08/31 09:30:58.811	1198	402	49	5	2835	56.64
2026/08/31 09:30:58.911	1198	402	49	5	2835	56.64
2026/08/31 09:30:59.011	1198	402	50	4	2835	56.44
2026/08/31 09:30:59.112	1198	402	50	4	2835	56.44
2026/08/31 09:30:59.212	1198	402	50	4	2835	56.44
2026/08/31 09:30:59.312	1198	402	50	4	2835	56.44
2026/08/31 09:30:59.412	1198	402	50	4	2835	56.44
2026/08/31 09:30:59.512	1198	402	50	5	2835	56.51
2026/08/31 09:30:59.612	1198	402	50	5	2835	56.51
2026/08/31 09:30:59.712	1198	402	50	5	2835	56.51
2026/08/31 09:30:59.813	1198	402	50	5	2835	56.51
2026/08/31 09:30:59.913	1198	402	50	5	2835	56.51
2026/08/31 09:31:00.013	1198	402	50	4	2835	56.36
2026/08/31 09:31:00.113	1198	402	50	4	2835	56.36
2026/08/31 09:31:00.213	1198	402	50	4	2835	56.36
2026/08/31 09:31:00.313	1198	402	50	4	2835	56.36
2026/08/31 09:31:00.413	1198	402	50	4	2835	56.36
2026/08/31 09:31:00.513	1198	402	51	5	2835	56.53
2026/08/31 09:31:00.613	1198	402	51	5	2835	56.53
2026/08/31 09:31:00.714	1198	402	51	5	2835	56.53
2026/08/31 09:31:00.814	1198	402	51	5	2835	56.53
2026/08/31 09:31:00.914	1198	402	51	5	2835	56.53
2026/08/31 09:31:01.014	1198	402	49	4	2835	56.54
2026/08/31 09:31:01.114	1198	402	49	4	2835	56.54
2026/08/31 09:31:01.214	1198	402	49	4	2835	56.54
2026/08/31 09:31:01.314	1198	402	49	4	2835	56.54
2026/08/31 09:31:01.414	1198	402	49	4	2835	56.54
2026/08/31 09:31:01.514	1198	402	49	5	2835	56.66
2026/08/31 09:31:01.614	1198	402	49	5	2835	56.66
2026/08/31 09:31:01.715	1198	402	49	5	2835	56.66
2026/08/31 09:31:01.815	1198	402	49	5	2835	56.66
2026/08/31 09:31:01.915	1198	402	49	5	2835	56.66
2026/08/31 09:31:02.015	1198	402	52	4	2835	56.52
2026/08/31 09:31:02.115	1198	402	52	4	2835	56.52
2026/08/31 09:31:02.215	1198	402	52	4	2835	56.52
2026/08/31 09:31:02.315	1198	402	52	4	2835	56.52
2026/08/31 09:31:02.416	1198	402	52	4	2835	56.52
2026/08/31 09:31:02.516	1198	402	50	5	2835	56.57
2026/08/31 09:31:02.616	1198	402	50	5	2835	56.57
2026/08/31 09:31:02.716	1198	402	50	5	2835	56.57
2026/08/31 09:31:02.816	1198	402	50	5	2835	56.57
2026/08/31 09:31:02.916	1198	402	50	5	2835	56.57
2026/08/31 09:31:03.016	1198	402	49	4	2835	56.50
2026/08/31 09:31:03.116	1198	402	49	4	2835	56.50
2026/08/31 09:31:03.216	1198	402	49	4	2835	56.50
2026/08/31 09:31:03.316	1198	402	49	4	2835	56.50
2026/08/31 09:31:03.417	1198	402	49	4	2835	56.50
2026/08/31 09:31:03.517	1198	402	49	5	2835	56.59
2026/08/31 09:31:03.617	1198	402	49	5	2835	56.59
2026/08/31 09:31:03.717	1198	402	49	5	2835	56.59
2026/08/31 09:31:03.817	1198	402	49	5	2835	56.59
2026/08/31 09:31:03.917	1198	402	49	5	2835	56.59
2026/08/31 09:31:04.017	1198	402	50	4	2835	56.47
2026/08/31 09:31:04.117	1198	402	50	4	2835	56.47
2026/08/31 09:31:04.217	1198	402	50	4	2835	56.47
2026/08/31 09:31:04.317	1198	402	50	4	2835	56.47
2026/08/31 09:31:04.417	1198	402	50	4	2835	56.47
2026/08/31 09:31:04.518	1198	402	49	5	2835	56.58
2026/08/31 09:31:04.618	1198	402	49	5	2835	56.58
2026/08/31 09:31:04.718	1198	402	49	5	2835	56.58
2026/08/31 09:31:04.818	1198	402	49	5	2835	56.58
2026/08/31 09:31:04.918	1198	402	49	5	2835	56.58
2026/08/31 09:31:05.018	1198	402	50	5	2835	56.55
2026/08/31 09:31:05.118	1198	402	50	5	2835	56.55
2026/08/31 09:31:05.218	1198	402	50	5	2835	56.55
2026/08/31 09:31:05.318	1198	402	50	5	2835	56.55
2026/08/31 09:31:05.418	1198	402	50	5	2835	56.55
2026/08/31 09:31:05.519	1198	402	50	5	2835	56.69
2026/08/31 09:31:05.619	1198	402	50	5	2835	56.69
2026/08/31 09:31:05.719	1198	402	50	5	2835	56.69
2026/08/31 09:31:05.819	1198	402	50	5	2835	56.69
2026/08/31 09:31:05.919	1198	402	50	5	2835	56.69
2026/08/31 09:31:06.019	1198	402	50	4	2835	56.48
2026/08/31 09:31:06.119	1198	402	50	4	2835	56.48
2026/08/31 09:31:06.219	1198	402	50	4	2835	56.48
2026/08/31 09:31:06.319	1198	402	50	4	2835	56.48
2026/08/31 09:31:06.420	1198	402	50	4	2835	56.48
2026/08/31 09:31:06.520	1198	402	50	5	2835	56.62
2026/08/31 09:31:06.620	1198	402	50	5	2835	56.62
2026/08/31 09:31:06.720	1198	402	50	5	2835	56.62
2026/08/31 09:31:06.820	1198	402	50	5	2835	56.62
2026/08/31 09:31:06.920	1198	402	50	5	2835	56.62
2026/08/31 09:31:07.020	1198	402	49	4	2835	56.52
2026/08/31 09:31:07.120	1198	402	49	4	2835	56.52
2026/08/31 09:31:07.220	1198	402	49	4	2835	56.52
2026/08/31 09:31:07.320	1198	402	49	4	2835	56.52
2026/08/31 09:31:07.421	1198	402	49	4	2835	56.52
2026/08/31 09:31:07.521	1198	402	50	5	2835	56.55
2026/08/31 09:31:07.621	1198	402	50	5	2835	56.55
2026/08/31 09:31:07.721	1198	402	50	5	2835	56.55
2026/08/31 09:31:07.821	1198	402	50	5	2835	56.55
2026/08/31 09:31:07.921	1198	402	50	5	2835	56.55
2026/08/31 09:31:08.021	1198	402	49	4	2835	56.41
2026/08/31 09:31:08.121	1198	402	49	4	2835	56.41
2026/08/31 09:31:08.222	1198	402	49	4	2835	56.41
2026/08/31 09:31:08.322	1198	402	49	4	2835	56.41
2026/08/31 09:31:08.422	1198	402	49	4	2835	56.41
2026/08/31 09:31:08.522	1198	402	50	5	2835	56.55
2026/08/31 09:31:08.622	1198	402	50	5	2835	56.55
2026/08/31 09:31:08.722	1198	402	50	5	2835	56.55
2026/08/31 09:31:08.822	1198	402	50	5	2835	56.55
2026/08/31 09:31:08.922	1198	402	50	5	2835	56.55
2026/08/31 09:31:09.022	1198	402	48	4	2835	56.47
2026/08/31 09:31:09.122	1198	402	48	4	2835	56.47
2026/08/31 09:31:09.223	1198	402	48	4	2835	56.47
2026/08/31 09:31:09.323	1198	402	48	4	2835	56.47
2026/08/31 09:31:09.423	1198	402	48	4	2835	56.47
2026/08/31 09:31:09.523	1198	402	51	5	2835	56.55
2026/08/31 09:31:09.623	1198	402	51	5	2835	56.55
2026/08/31 09:31:09.723	1198	402	51	5	2835	56.55
2026/08/31 09:31:09.823	1198	402	51	5	2835	56.55
2026/08/31 09:31:09.923	1198	402	51	5	2835	56.55
2026/08/31 09:31:10.023	1198	402	51	5	2835	56.47
2026/08/31 09:31:10.123	1198	402	51	5	2835	56.47
2026/08/31 09:31:10.224	1198	402	51	5	2835	56.47
2026/08/31 09:31:10.324	1198	402	51	5	2835	56.47
2026/08/31 09:31:10.424	1198	402	51	5	2835	56.47
2026/08/31 09:31:10.524	1198	402	50	5	2835	56.79
2026/08/31 09:31:10.624	1198	402	50	5	2835	56.79
2026/08/31 09:31:10.724	1198	402	50	5	2835	56.79
2026/08/31 09:31:10.824	1198	402	50	5	2835	56.79
2026/08/31 09:31:10.924	1198	402	50	5	2835	56.79
2026/08/31 09:31:11.024	1198	402	49	4	2835	56.69
2026/08/31 09:31:11.124	1198	402	49	4	2835	56.69
2026/08/31 09:31:11.225	1198	402	49	4	2835	56.69
2026/08/31 09:31:11.325	1198	402	49	4	2835	56.69
2026/08/31 09:31:11.425	1198	402	49	4	2835	56.69
2026/08/31 09:31:11.525	1198	402	51	5	2835	56.57
2026/08/31 09:31:11.625	1198	402	51	5	2835	56.57
2026/08/31 09:31:11.725	1198	402	51	5	2835	56.57
2026/08/31 09:31:11.825	1198	402	51	5	2835	56.57
2026/08/31 09:31:11.925	1198	402	51	5	2835	56.57
2026/08/31 09:31:12.025	1198	402	49	4	2835	56.51
2026/08/31 09:31:12.125	1198	402	49	4	2835	56.51
2026/08/31 09:31:12.226	1198	402	49	4	2835	56.51
2026/08/31 09:31:12.326	1198	402	49	4	2835	56.51
2026/08/31 09:31:12.426	1198	402	49	4	2835	56.51
2026/08/31 09:31:12.526	1198	402	49	5	2835	56.56
2026/08/31 09:31:12.626	1198	402	49	5	2835	56.56
2026/08/31 09:31:12.726	1198	402	49	5	2835	56.56
2026/08/31 09:31:12.826	1198	402	49	5	2835	56.56
2026/08/31 09:31:12.926	1198	402	49	5	2835	56.56
2026/08/31 09:31:13.026	1198	402	49	4	2835	56.50
2026/08/31 09:31:13.126	1198	402	49	4	2835	56.50
2026/08/31 09:31:13.226	1198	402	49	4	2835	56.50
2026/08/31 09:31:13.327	1198	402	49	4	2835	56.50
2026/08/31 09:31:13.427	1198	402	49	4	2835	56.50
2026/08/31 09:31:13.527	1198	402	50	5	2835	56.66
2026/08/31 09:31:13.627	1198	402	50	5	2835	56.66
2026/08/31 09:31:13.727	1198	402	50	5	2835	56.66
2026/08/31 09:31:13.827	1198	402	50	5	2835	56.66
2026/08/31 09:31:13.927	1198	402	50	5	2835	56.66
2026/08/31 09:31:14.027	1198	402	51	4	2835	56.63
2026/08/31 09:31:14.127	1198	402	51	4	2835	56.63
2026/08/31 09:31:14.228	1198	402	51	4	2835	56.63
2026/08/31 09:31:14.328	1198	402	51	4	2835	56.63
2026/08/31 09:31:14.428	1198	402	51	4	2835	56.63
2026/08/31 09:31:14.528	1198	402	48	5	2835	56.64
2026/08/31 09:31:14.628	1198	402	48	5	2835	56.64
2026/08/31 09:31:14.728	1198	402	48	5	2835	56.64
2026/08/31 09:31:14.828	1198	402	48	5	2835	56.64
2026/08/31 09:31:14.928	1198	402	48	5	2835	56.64
2026/08/31 09:31:15.028	1198	402	50	4	2835	56.40
2026/08/31 09:31:15.129	1198	402	50	4	2835	56.40
2026/08/31 09:31:15.229	1198	402	50	4	2835	56.40
2026/08/31 09:31:15.329	1198	402	50	4	2835	56.40
2026/08/31 09:31:15.429	1198	402	50	4	2835	56.40
2026/08/31 09:31:15.529	1198	402	49	5	2835	56.46
2026/08/31 09:31:15.629	1198	402	49	5	2835	56.46
2026/08/31 09:31:15.729	1198	402	49	5	2835	56.46
2026/08/31 09:31:15.829	1198	402	49	5	2835	56.46
2026/08/31 09:31:15.929	1198	402	49	5	2835	56.46
2026/08/31 09:31:16.029	1198	402	50	4	2835	56.57
2026/08/31 09:31:16.130	1198	402	50	4	2835	56.57
2026/08/31 09:31:16.230	1198	402	50	4	2835	56.57
2026/08/31 09:31:16.330	1198	402	50	4	2835	56.57
2026/08/31 09:31:16.430	1198	402	50	4	2835	56.57
2026/08/31 09:31:16.530	1198	402	50	5	2835	56.62
2026/08/31 09:31:16.630	1198	402	50	5	2835	56.62
2026/08/31 09:31:16.730	1198	402	50	5	2835	56.62
2026/08/31 09:31:16.830	1198	402	50	5	2835	56.62
2026/08/31 09:31:16.930	1198	402	50	5	2835	56.62
2026/08/31 09:31:17.030	1198	402	50	5	2835	56.52
2026/08/31 09:31:17.131	1198	402	50	5	2835	56.52
2026/08/31 09:31:17.231	1198	402	50	5	2835	56.52
2026/08/31 09:31:17.331	1198	402	50	5	2835	56.52
2026/08/31 09:31:17.431	1198	402	50	5	2835	56.52
2026/08/31 09:31:17.531	1198	402	49	5	2835	56.60
2026/08/31 09:31:17.631	1198	402	49	5	2835	56.60
2026/08/31 09:31:17.731	1198	402	49	5	2835	56.60
2026/08/31 09:31:17.831	1198	402	49	5	2835	56.60
2026/08/31 09:31:17.931	1198	402	49	5	2835	56.60
2026/08/31 09:31:18.031	1198	402	50	4	2835	56.57
2026/08/31 09:31:18.132	1198	402	50	4	2835	56.57
2026/08/31 09:31:18.232	1198	402	50	4	2835	56.57
2026/08/31 09:31:18.332	1198	402	50	4	2835	56.57
2026/08/31 09:31:18.432	1198	402	50	4	2835	56.57
2026/08/31 09:31:18.532	1198	402	49	5	2835	56.71
2026/08/31 09:31:18.632	1198	402	49	5	2835	56.71
2026/08/31 09:31:18.732	1198	402	49	5	2835	56.71
2026/08/31 09:31:18.832	1198	402	49	5	2835	56.71
2026/08/31 09:31:18.932	1198	402	49	5	2835	56.71
2026/08/31 09:31:19.032	1198	402	50	5	2835	56.87
2026/08/31 09:31:19.133	1198	402	50	5	2835	56.87
2026/08/31 09:31:19.233	1198	402	50	5	2835	56.87
2026/08/31 09:31:19.333	1198	402	50	5	2835	56.87
2026/08/31 09:31:19.433	1198	402	50	5	2835	56.87
2026/08/31 09:31:19.533	1198	402	50	5	2835	56.99
2026/08/31 09:31:19.633	1198	402	50	5	2835	56.99
2026/08/31 09:31:19.733	1198	402	50	5	2835	56.99
2026/08/31 09:31:19.833	1198	402	50	5	2835	56.99
2026/08/31 09:31:19.933	1198	402	50	5	2835	56.99
2026/08/31 09:31:20.033	1198	402	51	5	2835	56.84
2026/08/31 09:31:20.134	1198	402	51	5	2835	56.84
2026/08/31 09:31:20.234	1198	402	51	5	2835	56.84
2026/08/31 09:31:20.334	1198	402	51	5	2835	56.84
2026/08/31 09:31:20.434	1198	402	51	5	2835	56.84
2026/08/31 09:31:20.534	1198	402	48	5	2835	56.90
2026/08/31 09:31:20.634	1198	402	48	5	2835	56.90
2026/08/31 09:31:20.734	1198	402	48	5	2835	56.90
2026/08/31 09:31:20.834	1198	402	48	5	2835	56.90
2026/08/31 09:31:20.939	1198	402	48	5	2835	56.90
2026/08/31 09:31:21.039	1198	402	48	5	2835	57.30
2026/08/31 09:31:21.140	1198	402	48	5	2835	57.30
2026/08/31 09:31:21.240	1198	402	48	5	2835	57.30
2026/08/31 09:31:21.340	1198	402	48	5	2835	57.30
2026/08/31 09:31:21.440	1198	402	48	5	2835	57.30
2026/08/31 09:31:21.540	1198	402	50	5	2835	57.39
2026/08/31 09:31:21.640	1198	402	50	5	2835	57.39
2026/08/31 09:31:21.740	1198	402	50	5	2835	57.39
2026/08/31 09:31:21.840	1198	402	50	5	2835	57.39
2026/08/31 09:31:21.940	1198	402	50	5	2835	57.39
2026/08/31 09:31:22.040	1198	402	50	5	2835	57.17
2026/08/31 09:31:22.141	1198	402	50	5	2835	57.17
2026/08/31 09:31:22.241	1198	402	50	5	2835	57.17
2026/08/31 09:31:22.341	1198	402	50	5	2835	57.17
2026/08/31 09:31:22.441	1198	402	50	5	2835	57.17
2026/08/31 09:31:22.541	1198	402	49	5	2835	57.01
2026/08/31 09:31:22.641	1198	402	49	5	2835	57.01
2026/08/31 09:31:22.741	1198	402	49	5	2835	57.01
2026/08/31 09:31:22.841	1198	402	49	5	2835	57.01
2026/08/31 09:31:22.941	1198	402	49	5	2835	57.01
2026/08/31 09:31:23.042	1198	402	50	5	2835	56.94
2026/08/31 09:31:23.142	1198	402	50	5	2835	56.94
2026/08/31 09:31:23.242	1198	402	50	5	2835	56.94
2026/08/31 09:31:23.342	1198	402	50	5	2835	56.94
2026/08/31 09:31:23.442	1198	402	50	5	2835	56.94
2026/08/31 09:31:23.542	1198	402	49	5	2835	56.93
2026/08/31 09:31:23.642	1198	402	49	5	2835	56.93
2026/08/31 09:31:23.742	1198	402	49	5	2835	56.93
2026/08/31 09:31:23.842	1198	402	49	5	2835	56.93
2026/08/31 09:31:23.942	1198	402	49	5	2835	56.93
2026/08/31 09:31:24.043	1198	402	50	5	2835	56.92
2026/08/31 09:31:24.143	1198	402	50	5	2835	56.92
2026/08/31 09:31:24.243	1198	402	50	5	2835	56.92
2026/08/31 09:31:24.343	1198	402	50	5	2835	56.92
2026/08/31 09:31:24.443	1198	402	50	5	2835	56.92
2026/08/31 09:31:24.543	1198	402	50	5	2835	56.99
2026/08/31 09:31:24.643	1198	402	50	5	2835	56.99
2026/08/31 09:31:24.743	1198	402	50	5	2835	56.99
2026/08/31 09:31:24.843	1198	402	50	5	2835	56.99
2026/08/31 09:31:24.943	1198	402	50	5	2835	56.99
2026/08/31 09:31:25.043	1198	402	50	5	2835	56.90
2026/08/31 09:31:25.144	1198	402	50	5	2835	56.90
2026/08/31 09:31:25.244	1198	402	50	5	2835	56.90
2026/08/31 09:31:25.344	1198	402	50	5	2835	56.90
2026/08/31 09:31:25.444	1198	402	50	5	2835	56.90
2026/08/31 09:31:25.544	1198	402	49	5	2835	56.92
2026/08/31 09:31:25.644	1198	402	49	5	2835	56.92
2026/08/31 09:31:25.744	1198	402	49	5	2835	56.92
2026/08/31 09:31:25.844	1198	402	49	5	2835	56.92
2026/08/31 09:31:25.944	1198	402	49	5	2835	56.92
2026/08/31 09:31:26.045	1198	402	51	5	2835	56.92
2026/08/31 09:31:26.145	1198	402	51	5	2835	56.92
2026/08/31 09:31:26.245	1198	402	51	5	2835	56.92
2026/08/31 09:31:26.345	1198	402	51	5	2835	56.92
2026/08/31 09:31:26.445	1198	402	51	5	2835	56.92
2026/08/31 09:31:26.545	1198	402	50	5	2835	57.04
2026/08/31 09:31:26.645	1198	402	50	5	2835	57.04
2026/08/31 09:31:26.745	1198	402	50	5	2835	57.04
2026/08/31 09:31:26.845	1198	402	50	5	2835	57.04
2026/08/31 09:31:26.945	1198	402	50	5	2835	57.04
2026/08/31 09:31:27.046	1198	402	49	5	2835	56.99
2026/08/31 09:31:27.146	1198	402	49	5	2835	56.99
2026/08/31 09:31:27.246	1198	402	49	5	2835	56.99
2026/08/31 09:31:27.346	1198	402	49	5	2835	56.99
2026/08/31 09:31:27.446	1198	402	49	5	2835	56.99
2026/08/31 09:31:27.546	1198	402	50	5	2835	57.06
2026/08/31 09:31:27.646	1198	402	50	5	2835	57.06
2026/08/31 09:31:27.746	1198	402	50	5	2835	57.06
2026/08/31 09:31:27.846	1198	402	50	5	2835	57.06
2026/08/31 09:31:27.946	1198	402	50	5	2835	57.06
2026/08/31 09:31:28.047	1198	402	50	5	2835	56.97
2026/08/31 09:31:28.147	1198	402	50	5	2835	56.97
2026/08/31 09:31:28.247	1198	402	50	5	2835	56.97
2026/08/31 09:31:28.347	1198	402	50	5	2835	56.97
2026/08/31 09:31:28.447	1198	402	50	5	2835	56.97
2026/08/31 09:31:28.547	1198	402	48	5	2835	56.95
2026/08/31 09:31:28.647	1198	402	48	5	2835	56.95
2026/08/31 09:31:28.747	1198	402	48	5	2835	56.95
2026/08/31 09:31:28.847	1198	402	48	5	2835	56.95
2026/08/31 09:31:28.947	1198	402	48	5	2835	56.95
2026/08/31 09:31:29.048	1198	402	49	5	2835	56.82
2026/08/31 09:31:29.148	1198	402	49	5	2835	56.82
2026/08/31 09:31:29.248	1198	402	49	5	2835	56.82
2026/08/31 09:31:29.348	1198	402	49	5	2835	56.82
2026/08/31 09:31:29.448	1198	402	49	5	2835	56.82
2026/08/31 09:31:29.548	1198	402	50	5	2835	56.83
2026/08/31 09:31:29.648	1198	402	50	5	2835	56.83
2026/08/31 09:31:29.748	1198	402	50	5	2835	56.83
2026/08/31 09:31:29.848	1198	402	50	5	2835	56.83
2026/08/31 09:31:29.949	1198	402	50	5	2835	56.83
2026/08/31 09:31:30.049	1198	402	51	5	2835	56.87
2026/08/31 09:31:30.149	1198	402	51	5	2835	56.87
2026/08/31 09:31:30.249	1198	402	51	5	2835	56.87
2026/08/31 09:31:30.349	1198	402	51	5	2835	56.87
2026/08/31 09:31:30.449	1198	402	51	5	2835	56.87
2026/08/31 09:31:30.549	1198	402	50	5	2835	56.92
2026/08/31 09:31:30.649	1198	402	50	5	2835	56.92
2026/08/31 09:31:30.749	1198	402	50	5	2835	56.92
2026/08/31 09:31:30.849	1198	402	50	5	2835	56.92
2026/08/31 09:31:30.950	1198	402	50	5	2835	56.92
2026/08/31 09:31:31.050	1198	402	49	5	2835	56.90
2026/08/31 09:31:31.150	1198	402	49	5	2835	56.90
2026/08/31 09:31:31.250	1198	402	49	5	2835	56.90
2026/08/31 09:31:31.350	1198	402	49	5	2835	56.90
2026/08/31 09:31:31.450	1198	402	49	5	2835	56.90
2026/08/31 09:31:31.550	1198	402	50	5	2835	57.06
2026/08/31 09:31:31.650	1198	402	50	5	2835	57.06
2026/08/31 09:31:31.750	1198	402	50	5	2835	57.06
2026/08/31 09:31:31.850	1198	402	50	5	2835	57.06
2026/08/31 09:31:31.951	1198	402	50	5	2835	57.06
2026/08/31 09:31:32.051	1198	402	51	5	2835	56.99
2026/08/31 09:31:32.151	1198	402	51	5	2835	56.99
2026/08/31 09:31:32.251	1198	402	51	5	2835	56.99
2026/08/31 09:31:32.351	1198	402	51	5	2835	56.99
2026/08/31 09:31:32.451	1198	402	51	5	2835	56.99
2026/08/31 09:31:32.551	1198	402	50	5	2835	56.95
2026/08/31 09:31:32.651	1198	402	50	5	2835	56.95
2026/08/31 09:31:32.751	1198	402	50	5	2835	56.95
2026/08/31 09:31:32.851	1198	402	50	5	2835	56.95
2026/08/31 09:31:32.952	1198	402	50	5	2835	56.95
2026/08/31 09:31:33.052	1198	402	52	5	2835	56.87
2026/08/31 09:31:33.152	1198	402	52	5	2835	56.87
2026/08/31 09:31:33.252	1198	402	52	5	2835	56.87
2026/08/31 09:31:33.352	1198	402	52	5	2835	56.87
2026/08/31 09:31:33.452	1198	402	52	5	2835	56.87
2026/08/31 09:31:33.552	1198	402	50	5	2835	56.88
2026/08/31 09:31:33.652	1198	402	50	5	2835	56.88
2026/08/31 09:31:33.752	1198	402	50	5	2835	56.88
2026/08/31 09:31:33.853	1198	402	50	5	2835	56.88
2026/08/31 09:31:33.953	1198	402	50	5	2835	56.88
2026/08/31 09:31:34.053	1198	402	52	5	2835	56.88
2026/08/31 09:31:34.153	1198	402	52	5	2835	56.88
2026/08/31 09:31:34.253	1198	402	52	5	2835	56.88
2026/08/31 09:31:34.353	1198	402	52	5	2835	56.88
2026/08/31 09:31:34.453	1198	402	52	5	2835	56.88
2026/08/31 09:31:34.553	1198	402	48	5	2835	56.81
2026/08/31 09:31:34.653	1198	402	48	5	2835	56.81
2026/08/31 09:31:34.754	1198	402	48	5	2835	56.81
2026/08/31 09:31:34.854	1198	402	48	5	2835	56.81
2026/08/31 09:31:34.954	1198	402	48	5	2835	56.81
2026/08/31 09:31:35.054	1198	402	51	5	2835	56.71
2026/08/31 09:31:35.154	1198	402	51	5	2835	56.71
2026/08/31 09:31:35.254	1198	402	51	5	2835	56.71
2026/08/31 09:31:35.354	1198	402	51	5	2835	56.71
2026/08/31 09:31:35.454	1198	402	51	5	2835	56.71
2026/08/31 09:31:35.554	1198	402	50	5	2835	56.68
2026/08/31 09:31:35.655	1198	402	50	5	2835	56.68
2026/08/31 09:31:35.755	1198	402	50	5	2835	56.68
2026/08/31 09:31:35.855	1198	402	50	5	2835	56.68
2026/08/31 09:31:35.955	1198	402	50	5	2835	56.68
2026/08/31 09:31:36.055	1198	402	50	5	2835	56.83
2026/08/31 09:31:36.155	1198	402	50	5	2835	56.83
2026/08/31 09:31:36.255	1198	402	50	5	2835	56.83
2026/08/31 09:31:36.355	1198	402	50	5	2835	56.83
2026/08/31 09:31:36.455	1198	402	50	5	2835	56.83
2026/08/31 09:31:36.555	1198	402	49	5	2835	56.83
2026/08/31 09:31:36.656	1198	402	49	5	2835	56.83
2026/08/31 09:31:36.756	1198	402	49	5	2835	56.83
2026/08/31 09:31:36.856	1198	402	49	5	2835	56.83
2026/08/31 09:31:36.956	1198	402	49	5	2835	56.83
2026/08/31 09:31:37.056	1198	402	51	5	2835	56.89
2026/08/31 09:31:37.156	1198	402	51	5	2835	56.89
2026/08/31 09:31:37.256	1198	402	51	5	2835	56.89
2026/08/31 09:31:37.356	1198	402	51	5	2835	56.89
2026/08/31 09:31:37.456	1198	402	51	5	2835	56.89
2026/08/31 09:31:37.556	1198	402	50	5	2835	56.73
2026/08/31 09:31:37.657	1198	402	50	5	2835	56.73
2026/08/31 09:31:37.757	1198	402	50	5	2835	56.73
2026/08/31 09:31:37.857	1198	402	50	5	2835	56.73
2026/08/31 09:31:37.957	1198	402	50	5	2835	56.73
2026/08/31 09:31:38.057	1198	402	50	5	2835	56.59
2026/08/31 09:31:38.157	1198	402	50	5	2835	56.59
2026/08/31 09:31:38.257	1198	402	50	5	2835	56.59
2026/08/31 09:31:38.357	1198	402	50	5	2835	56.59
2026/08/31 09:31:38.458	1198	402	50	5	2835	56.59
2026/08/31 09:31:38.558	1198	402	50	5	2835	56.57
2026/08/31 09:31:38.658	1198	402	50	5	2835	56.57
2026/08/31 09:31:38.758	1198	402	50	5	2835	56.57
2026/08/31 09:31:38.858	1198	402	50	5	2835	56.57
2026/08/31 09:31:38.958	1198	402	50	5	2835	56.57
2026/08/31 09:31:39.058	1198	402	51	5	2835	56.70
2026/08/31 09:31:39.158	1198	402	51	5	2835	56.70
2026/08/31 09:31:39.258	1198	402	51	5	2835	56.70
2026/08/31 09:31:39.359	1198	402	51	5	2835	56.70
2026/08/31 09:31:39.459	1198	402	51	5	2835	56.70
2026/08/31 09:31:39.559	1198	402	49	5	2835	56.75
2026/08/31 09:31:39.659	1198	402	49	5	2835	56.75
2026/08/31 09:31:39.759	1198	402	49	5	2835	56.75
2026/08/31 09:31:39.859	1198	402	49	5	2835	56.75
2026/08/31 09:31:39.959	1198	402	49	5	2835	56.75
2026/08/31 09:31:40.059	1198	402	50	5	2835	56.83
2026/08/31 09:31:40.159	1198	402	50	5	2835	56.83
2026/08/31 09:31:40.259	1198	402	50	5	2835	56.83
2026/08/31 09:31:40.360	1198	402	50	5	2835	56.83
2026/08/31 09:31:40.460	1198	402	50	5	2835	56.83
2026/08/31 09:31:40.560	1198	402	50	5	2835	56.90
2026/08/31 09:31:40.660	1198	402	50	5	2835	56.90
2026/08/31 09:31:40.760	1198	402	50	5	2835	56.90
2026/08/31 09:31:40.860	1198	402	50	5	2835	56.90
2026/08/31 09:31:40.960	1198	402	50	5	2835	56.90
2026/08/31 09:31:41.060	1198	402	51	5	2835	56.96
2026/08/31 09:31:41.160	1198	402	51	5	2835	56.96
2026/08/31 09:31:41.260	1198	402	51	5	2835	56.96
2026/08/31 09:31:41.361	1198	402	51	5	2835	56.96
2026/08/31 09:31:41.461	1198	402	51	5	2835	56.96
2026/08/31 09:31:41.561	1198	402	48	5	2835	56.74
2026/08/31 09:31:41.661	1198	402	48	5	2835	56.74
2026/08/31 09:31:41.761	1198	402	48	5	2835	56.74
2026/08/31 09:31:41.861	1198	402	48	5	2835	56.74
2026/08/31 09:31:41.961	1198	402	48	5	2835	56.74
2026/08/31 09:31:42.061	1198	402	51	5	2835	56.85
2026/08/31 09:31:42.161	1198	402	51	5	2835	56.85
2026/08/31 09:31:42.261	1198	402	51	5	2835	56.85
2026/08/31 09:31:42.362	1198	402	51	5	2835	56.85
2026/08/31 09:31:42.462	1198	402	51	5	2835	56.85
2026/08/31 09:31:42.562	1198	402	49	5	2835	56.92
2026/08/31 09:31:42.662	1198	402	49	5	2835	56.92
2026/08/31 09:31:42.762	1198	402	49	5	2835	56.92
2026/08/31 09:31:42.862	1198	402	49	5	2835	56.92
2026/08/31 09:31:42.963	1198	402	49	5	2835	56.92
2026/08/31 09:31:43.063	1198	402	50	5	2835	57.08
2026/08/31 09:31:43.163	1198	402	50	5	2835	57.08
2026/08/31 09:31:43.263	1198	402	50	5	2835	57.08
2026/08/31 09:31:43.363	1198	402	50	5	2835	57.08
2026/08/31 09:31:43.463	1198	402	50	5	2835	57.08
2026/08/31 09:31:43.563	1198	402	49	4	2835	56.66
2026/08/31 09:31:43.663	1198	402	49	4	2835	56.66
2026/08/31 09:31:43.763	1198	402	49	4	2835	56.66
2026/08/31 09:31:43.863	1198	402	49	4	2835	56.66
2026/08/31 09:31:43.964	1198	402	49	4	2835	56.66
2026/08/31 09:31:44.064	1198	402	50	5	2835	56.66
2026/08/31 09:31:44.164	1198	402	50	5	2835	56.66
2026/08/31 09:31:44.264	1198	402	50	5	2835	56.66
2026/08/31 09:31:44.364	1198	402	50	5	2835	56.66
2026/08/31 09:31:44.464	1198	402	50	5	2835	56.66
2026/08/31 09:31:44.564	1198	402	49	5	2835	56.80
2026/08/31 09:31:44.664	1198	402	49	5	2835	56.80
2026/08/31 09:31:44.764	1198	402	49	5	2835	56.80
2026/08/31 09:31:44.864	1198	402	49	5	2835	56.80
2026/08/31 09:31:44.965	1198	402	49	5	2835	56.80
2026/08/31 09:31:45.065	1198	402	51	5	2835	56.80
2026/08/31 09:31:45.165	1198	402	51	5	2835	56.80
2026/08/31 09:31:45.265	1198	402	51	5	2835	56.80
2026/08/31 09:31:45.365	1198	402	51	5	2835	56.80
2026/08/31 09:31:45.465	1198	402	51	5	2835	56.80
2026/08/31 09:31:45.565	1198	402	48	4	2835	56.72
2026/08/31 09:31:45.665	1198	402	48	4	2835	56.72
2026/08/31 09:31:45.765	1198	402	48	4	2835	56.72
2026/08/31 09:31:45.865	1198	402	48	4	2835	56.72
2026/08/31 09:31:45.965	1198	402	48	4	2835	56.72
2026/08/31 09:31:46.066	1198	402	51	5	2835	56.84
2026/08/31 09:31:46.166	1198	402	51	5	2835	56.84
2026/08/31 09:31:46.266	1198	402	51	5	2835	56.84
2026/08/31 09:31:46.366	1198	402	51	5	2835	56.84
2026/08/31 09:31:46.466	1198	402	51	5	2835	56.84
2026/08/31 09:31:46.566	1198	402	48	4	2835	56.72
2026/08/31 09:31:46.666	1198	402	48	4	2835	56.72
2026/08/31 09:31:46.766	1198	402	48	4	2835	56.72
2026/08/31 09:31:46.866	1198	402	48	4	2835	56.72
2026/08/31 09:31:46.966	1198	402	48	4	2835	56.72
2026/08/31 09:31:47.067	1198	402	50	5	2835	56.70
2026/08/31 09:31:47.167	1198	402	50	5	2835	56.70
2026/08/31 09:31:47.267	1198	402	50	5	2835	56.70
2026/08/31 09:31:47.367	1198	402	50	5	2835	56.70
2026/08/31 09:31:47.467	1198	402	50	5	2835	56.70
2026/08/31 09:31:47.567	1198	402	50	5	2835	56.64
2026/08/31 09:31:47.667	1198	402	50	5	2835	56.64
2026/08/31 09:31:47.767	1198	402	50	5	2835	56.64
2026/08/31 09:31:47.867	1198	402	50	5	2835	56.64
2026/08/31 09:31:47.967	1198	402	50	5	2835	56.64
2026/08/31 09:31:48.068	1198	402	52	5	2835	56.75
2026/08/31 09:31:48.168	1198	402	52	5	2835	56.75
2026/08/31 09:31:48.268	1198	402	52	5	2835	56.75
2026/08/31 09:31:48.368	1198	402	52	5	2835	56.75
2026/08/31 09:31:48.468	1198	402	52	5	2835	56.75
2026/08/31 09:31:48.568	1198	402	49	4	2835	56.68
2026/08/31 09:31:48.668	1198	402	49	4	2835	56.68
2026/08/31 09:31:48.768	1198	402	49	4	2835	56.68
2026/08/31 09:31:48.868	1198	402	49	4	2835	56.68
2026/08/31 09:31:48.968	1198	402	49	4	2835	56.68
2026/08/31 09:31:49.069	1198	402	50	5	2835	56.91
2026/08/31 09:31:49.169	1198	402	50	5	2835	56.91
2026/08/31 09:31:49.269	1198	402	50	5	2835	56.91
2026/08/31 09:31:49.369	1198	402	50	5	2835	56.91
2026/08/31 09:31:49.469	1198	402	50	5	2835	56.91
2026/08/31 09:31:49.569	1198	402	49	4	2835	57.06
2026/08/31 09:31:49.669	1198	402	49	4	2835	57.06
2026/08/31 09:31:49.769	1198	402	49	4	2835	57.06
2026/08/31 09:31:49.869	1198	402	49	4	2835	57.06
2026/08/31 09:31:49.969	1198	402	49	4	2835	57.06
2026/08/31 09:31:50.069	1198	402	52	5	2835	57.11
2026/08/31 09:31:50.170	1198	402	52	5	2835	57.11
2026/08/31 09:31:50.270	1198	402	52	5	2835	57.11
2026/08/31 09:31:50.370	1198	402	52	5	2835	57.11
2026/08/31 09:31:50.470	1198	402	52	5	2835	57.11
2026/08/31 09:31:50.570	1198	402	48	4	2835	56.96
2026/08/31 09:31:50.670	1198	402	48	4	2835	56.96
2026/08/31 09:31:50.770	1198	402	48	4	2835	56.96
2026/08/31 09:31:50.870	1198	402	48	4	2835	56.96
2026/08/31 09:31:50.970	1198	402	48	4	2835	56.96
2026/08/31 09:31:51.070	1198	402	50	5	2835	57.01
2026/08/31 09:31:51.170	1198	402	50	5	2835	57.01
2026/08/31 09:31:51.271	1198	402	50	5	2835	57.01
2026/08/31 09:31:51.371	1198	402	50	5	2835	57.01
2026/08/31 09:31:51.471	1198	402	50	5	2835	57.01
2026/08/31 09:31:51.571	1198	402	50	5	2835	56.94
2026/08/31 09:31:51.671	1198	402	50	5	2835	56.94
2026/08/31 09:31:51.771	1198	402	50	5	2835	56.94
2026/08/31 09:31:51.871	1198	402	50	5	2835	56.94
2026/08/31 09:31:51.971	1198	402	50	5	2835	56.94
2026/08/31 09:31:52.071	1198	402	51	5	2835	57.10
2026/08/31 09:31:52.171	1198	402	51	5	2835	57.10
2026/08/31 09:31:52.272	1198	402	51	5	2835	57.10
2026/08/31 09:31:52.372	1198	402	51	5	2835	57.10
2026/08/31 09:31:52.472	1198	402	51	5	2835	57.10
2026/08/31 09:31:52.572	1198	402	49	4	2835	56.97
2026/08/31 09:31:52.672	1198	402	49	4	2835	56.97
2026/08/31 09:31:52.772	1198	402	49	4	2835	56.97
2026/08/31 09:31:52.872	1198	402	49	4	2835	56.97
2026/08/31 09:31:52.972	1198	402	49	4	2835	56.97
2026/08/31 09:31:53.072	1198	402	48	5	2835	56.97
2026/08/31 09:31:53.173	1198	402	48	5	2835	56.97
2026/08/31 09:31:53.273	1198	402	48	5	2835	56.97
2026/08/31 09:31:53.373	1198	402	48	5	2835	56.97
2026/08/31 09:31:53.473	1198	402	48	5	2835	56.97
2026/08/31 09:31:53.573	1198	402	49	4	2835	56.90
2026/08/31 09:31:53.673	1198	402	49	4	2835	56.90
2026/08/31 09:31:53.773	1198	402	49	4	2835	56.90
2026/08/31 09:31:53.873	1198	402	49	4	2835	56.90
2026/08/31 09:31:53.973	1198	402	49	4	2835	56.90
2026/08/31 09:31:54.074	1198	402	50	5	2835	57.03
2026/08/31 09:31:54.174	1198	402	50	5	2835	57.03
2026/08/31 09:31:54.274	1198	402	50	5	2835	57.03
2026/08/31 09:31:54.374	1198	402	50	5	2835	57.03
2026/08/31 09:31:54.474	1198	402	50	5	2835	57.03
2026/08/31 09:31:54.574	1198	402	48	4	2835	56.83
2026/08/31 09:31:54.674	1198	402	48	4	2835	56.83
2026/08/31 09:31:54.774	1198	402	48	4	2835	56.83
2026/08/31 09:31:54.874	1198	402	48	4	2835	56.83
2026/08/31 09:31:54.974	1198	402	48	4	2835	56.83
2026/08/31 09:31:55.075	1198	402	51	5	2835	56.95
2026/08/31 09:31:55.175	1198	402	51	5	2835	56.95
2026/08/31 09:31:55.275	1198	402	51	5	2835	56.95
2026/08/31 09:31:55.375	1198	402	51	5	2835	56.95
2026/08/31 09:31:55.475	1198	402	51	5	2835	56.95
2026/08/31 09:31:55.575	1198	402	50	4	2835	56.83
2026/08/31 09:31:55.675	1198	402	50	4	2835	56.83
2026/08/31 09:31:55.775	1198	402	50	4	2835	56.83
2026/08/31 09:31:55.875	1198	402	50	4	2835	56.83
2026/08/31 09:31:55.975	1198	402	50	4	2835	56.83
2026/08/31 09:31:56.076	1198	402	50	5	2835	56.90
2026/08/31 09:31:56.176	1198	402	50	5	2835	56.90
2026/08/31 09:31:56.276	1198	402	50	5	2835	56.90
2026/08/31 09:31:56.376	1198	402	50	5	2835	56.90
2026/08/31 09:31:56.476	1198	402	50	5	2835	56.90
2026/08/31 09:31:56.576	1198	402	49	4	2835	56.83
2026/08/31 09:31:56.676	1198	402	49	4	2835	56.83
2026/08/31 09:31:56.776	1198	402	49	4	2835	56.83
2026/08/31 09:31:56.876	1198	402	49	4	2835	56.83
2026/08/31 09:31:56.976	1198	402	49	4	2835	56.83
2026/08/31 09:31:57.076	1198	402	50	5	2835	57.03
2026/08/31 09:31:57.177	1198	402	50	5	2835	57.03
2026/08/31 09:31:57.277	1198	402	50	5	2835	57.03
2026/08/31 09:31:57.377	1198	402	50	5	2835	57.03
2026/08/31 09:31:57.477	1198	402	50	5	2835	57.03
2026/08/31 09:31:57.577	1198	402	50	4	2835	56.99
2026/08/31 09:31:57.677	1198	402	50	4	2835	56.99
2026/08/31 09:31:57.777	1198	402	50	4	2835	56.99
2026/08/31 09:31:57.877	1198	402	50	4	2835	56.99
2026/08/31 09:31:57.977	1198	402	50	4	2835	56.99
2026/08/31 09:31:58.077	1198	402	50	4	2835	56.88
2026/08/31 09:31:58.178	1198	402	50	4	2835	56.88
2026/08/31 09:31:58.278	1198	402	50	4	2835	56.88
2026/08/31 09:31:58.378	1198	402	50	4	2835	56.88
2026/08/31 09:31:58.478	1198	402	50	4	2835	56.88
2026/08/31 09:31:58.578	1198	402	52	5	2835	56.53
2026/08/31 09:31:58.678	1198	402	52	5	2835	56.53
2026/08/31 09:31:58.778	1198	402	52	5	2835	56.53
2026/08/31 09:31:58.878	1198	402	52	5	2835	56.53
2026/08/31 09:31:58.978	1198	402	52	5	2835	56.53
2026/08/31 09:31:59.078	1198	402	49	4	2835	56.44
2026/08/31 09:31:59.178	1198	402	49	4	2835	56.44
2026/08/31 09:31:59.279	1198	402	49	4	2835	56.44
2026/08/31 09:31:59.379	1198	402	49	4	2835	56.44
2026/08/31 09:31:59.479	1198	402	49	4	2835	56.44
2026/08/31 09:31:59.579	1198	402	49	4	2835	56.36
2026/08/31 09:31:59.679	1198	402	49	4	2835	56.36
2026/08/31 09:31:59.779	1198	402	49	4	2835	56.36
2026/08/31 09:31:59.879	1198	402	49	4	2835	56.36
2026/08/31 09:31:59.979	1198	402	49	4	2835	56.36
2026/08/31 09:32:00.079	1198	402	47	4	2835	58.08
2026/08/31 09:32:00.179	1198	402	47	4	2835	58.08
2026/08/31 09:32:00.279	1198	402	47	4	2835	58.08
2026/08/31 09:32:00.380	1198	402	47	4	2835	58.08
2026/08/31 09:32:00.480	1198	402	47	4	2835	58.08
2026/08/31 09:32:00.580	1198	402	48	4	2835	58.93
2026/08/31 09:32:00.680	1198	402	48	4	2835	58.93
2026/08/31 09:32:00.780	1198	402	48	4	2835	58.93
2026/08/31 09:32:00.880	1198	402	48	4	2835	58.93
2026/08/31 09:32:00.980	1198	402	48	4	2835	58.93
2026/08/31 09:32:01.080	1198	402	47	4	2835	57.75
2026/08/31 09:32:01.180	1198	402	47	4	2835	57.75
2026/08/31 09:32:01.280	1198	402	47	4	2835	57.75
2026/08/31 09:32:01.380	1198	402	47	4	2835	57.75
2026/08/31 09:32:01.481	1198	402	47	4	2835	57.75
2026/08/31 09:32:01.581	1198	402	48	4	2835	56.60
2026/08/31 09:32:01.681	1198	402	48	4	2835	56.60
2026/08/31 09:32:01.781	1198	402	48	4	2835	56.60
2026/08/31 09:32:01.881	1198	402	48	4	2835	56.60
2026/08/31 09:32:01.981	1198	402	48	4	2835	56.60
2026/08/31 09:32:02.081	1198	402	50	4	2835	56.58
2026/08/31 09:32:02.181	1198	402	50	4	2835	56.58
2026/08/31 09:32:02.281	1198	402	50	4	2835	56.58
2026/08/31 09:32:02.381	1198	402	50	4	2835	56.58
2026/08/31 09:32:02.482	1198	402	50	4	2835	56.58
2026/08/31 09:32:02.582	1198	402	50	4	2835	56.69
2026/08/31 09:32:02.682	1198	402	50	4	2835	56.69
2026/08/31 09:32:02.782	1198	402	50	4	2835	56.69
2026/08/31 09:32:02.882	1198	402	50	4	2835	56.69
2026/08/31 09:32:02.982	1198	402	50	4	2835	56.69
2026/08/31 09:32:03.082	1198	402	51	4	2835	56.60
2026/08/31 09:32:03.182	1198	402	51	4	2835	56.60
2026/08/31 09:32:03.282	1198	402	51	4	2835	56.60
2026/08/31 09:32:03.382	1198	402	51	4	2835	56.60
2026/08/31 09:32:03.483	1198	402	51	4	2835	56.60
2026/08/31 09:32:03.583	1198	402	51	4	2835	57.54
2026/08/31 09:32:03.683	1198	402	51	4	2835	57.54
2026/08/31 09:32:03.783	1198	402	51	4	2835	57.54
2026/08/31 09:32:03.883	1198	402	51	4	2835	57.54
2026/08/31 09:32:03.983	1198	402	51	4	2835	57.54
2026/08/31 09:32:04.083	1198	402	48	4	2835	58.46
2026/08/31 09:32:04.183	1198	402	48	4	2835	58.46
2026/08/31 09:32:04.283	1198	402	48	4	2835	58.46
2026/08/31 09:32:04.383	1198	402	48	4	2835	58.46
2026/08/31 09:32:04.483	1198	402	48	4	2835	58.46
2026/08/31 09:32:04.584	1198	402	50	5	2835	58.01
2026/08/31 09:32:04.684	1198	402	50	5	2835	58.01
2026/08/31 09:32:04.784	1198	402	50	5	2835	58.01
2026/08/31 09:32:04.884	1198	402	50	5	2835	58.01
2026/08/31 09:32:04.984	1198	402	50	5	2835	58.01
2026/08/31 09:32:05.084	1198	402	51	5	2835	57.30
2026/08/31 09:32:05.184	1198	402	51	5	2835	57.30
2026/08/31 09:32:05.284	1198	402	51	5	2835	57.30
2026/08/31 09:32:05.385	1198	402	51	5	2835	57.30
2026/08/31 09:32:05.485	1198	402	51	5	2835	57.30
2026/08/31 09:32:05.585	1198	402	50	5	2835	57.42
2026/08/31 09:32:05.685	1198	402	50	5	2835	57.42
2026/08/31 09:32:05.785	1198	402	50	5	2835	57.42
2026/08/31 09:32:05.885	1198	402	50	5	2835	57.42
2026/08/31 09:32:05.985	1198	402	50	5	2835	57.42
2026/08/31 09:32:06.085	1198	402	52	5	2835	57.42
2026/08/31 09:32:06.185	1198	402	52	5	2835	57.42
2026/08/31 09:32:06.286	1198	402	52	5	2835	57.42
2026/08/31 09:32:06.386	1198	402	52	5	2835	57.42
2026/08/31 09:32:06.486	1198	402	52	5	2835	57.42
2026/08/31 09:32:06.586	1198	402	50	4	2835	57.17
2026/08/31 09:32:06.686	1198	402	50	4	2835	57.17
2026/08/31 09:32:06.786	1198	402	50	4	2835	57.17
2026/08/31 09:32:06.886	1198	402	50	4	2835	57.17
2026/08/31 09:32:06.986	1198	402	50	4	2835	57.17
2026/08/31 09:32:07.086	1198	402	51	5	2835	57.09
2026/08/31 09:32:07.186	1198	402	51	5	2835	57.09
2026/08/31 09:32:07.287	1198	402	51	5	2835	57.09
2026/08/31 09:32:07.387	1198	402	51	5	2835	57.09
2026/08/31 09:32:07.487	1198	402	51	5	2835	57.09
2026/08/31 09:32:07.587	1198	402	50	4	2835	57.88
2026/08/31 09:32:07.687	1198	402	50	4	2835	57.88
2026/08/31 09:32:07.787	1198	402	50	4	2835	57.88
2026/08/31 09:32:07.887	1198	402	50	4	2835	57.88
2026/08/31 09:32:07.987	1198	402	50	4	2835	57.88
2026/08/31 09:32:08.087	1198	402	50	5	2835	58.30
2026/08/31 09:32:08.187	1198	402	50	5	2835	58.30
2026/08/31 09:32:08.288	1198	402	50	5	2835	58.30
2026/08/31 09:32:08.388	1198	402	50	5	2835	58.30
2026/08/31 09:32:08.488	1198	402	50	5	2835	58.30
2026/08/31 09:32:08.588	1198	402	51	5	2835	58.11
2026/08/31 09:32:08.688	1198	402	51	5	2835	58.11
2026/08/31 09:32:08.788	1198	402	51	5	2835	58.11
2026/08/31 09:32:08.888	1198	402	51	5	2835	58.11
2026/08/31 09:32:08.988	1198	402	51	5	2835	58.11
2026/08/31 09:32:09.088	1198	402	50	5	2835	58.07
2026/08/31 09:32:09.189	1198	402	50	5	2835	58.07
2026/08/31 09:32:09.289	1198	402	50	5	2835	58.07
2026/08/31 09:32:09.389	1198	402	50	5	2835	58.07
2026/08/31 09:32:09.489	1198	402	50	5	2835	58.07
2026/08/31 09:32:09.589	1198	402	50	4	2835	57.71
2026/08/31 09:32:09.689	1198	402	50	4	2835	57.71
2026/08/31 09:32:09.789	1198	402	50	4	2835	57.71
2026/08/31 09:32:09.889	1198	402	50	4	2835	57.71
2026/08/31 09:32:09.989	1198	402	50	4	2835	57.71
2026/08/31 09:32:10.089	1198	402	52	5	2835	57.57
2026/08/31 09:32:10.190	1198	402	52	5	2835	57.57
2026/08/31 09:32:10.290	1198	402	52	5	2835	57.57
2026/08/31 09:32:10.390	1198	402	52	5	2835	57.57
2026/08/31 09:32:10.490	1198	402	52	5	2835	57.57
2026/08/31 09:32:10.590	1198	402	49	4	2835	57.41
2026/08/31 09:32:10.690	1198	402	49	4	2835	57.41
2026/08/31 09:32:10.790	1198	402	49	4	2835	57.41
2026/08/31 09:32:10.890	1198	402	49	4	2835	57.41
2026/08/31 09:32:10.990	1198	402	49	4	2835	57.41
2026/08/31 09:32:11.090	1198	402	51	5	2835	57.44
2026/08/31 09:32:11.191	1198	402	51	5	2835	57.44
2026/08/31 09:32:11.291	1198	402	51	5	2835	57.44
2026/08/31 09:32:11.391	1198	402	51	5	2835	57.44
2026/08/31 09:32:11.491	1198	402	51	5	2835	57.44
2026/08/31 09:32:11.591	1198	402	51	4	2835	57.40
2026/08/31 09:32:11.691	1198	402	51	4	2835	57.40
2026/08/31 09:32:11.791	1198	402	51	4	2835	57.40
2026/08/31 09:32:11.891	1198	402	51	4	2835	57.40
2026/08/31 09:32:11.992	1198	402	51	4	2835	57.40
2026/08/31 09:32:12.092	1198	402	53	5	2835	57.54
2026/08/31 09:32:12.192	1198	402	53	5	2835	57.54
2026/08/31 09:32:12.292	1198	402	53	5	2835	57.54
2026/08/31 09:32:12.392	1198	402	53	5	2835	57.54
2026/08/31 09:32:12.492	1198	402	53	5	2835	57.54
2026/08/31 09:32:12.592	1198	402	50	5	2835	57.42
2026/08/31 09:32:12.692	1198	402	50	5	2835	57.42
2026/08/31 09:32:12.792	1198	402	50	5	2835	57.42
2026/08/31 09:32:12.892	1198	402	50	5	2835	57.42
2026/08/31 09:32:12.993	1198	402	50	5	2835	57.42
2026/08/31 09:32:13.093	1198	402	51	5	2835	57.55
2026/08/31 09:32:13.193	1198	402	51	5	2835	57.55
2026/08/31 09:32:13.293	1198	402	51	5	2835	57.55
2026/08/31 09:32:13.393	1198	402	51	5	2835	57.55
2026/08/31 09:32:13.493	1198	402	51	5	2835	57.55
2026/08/31 09:32:13.593	1198	402	48	4	2835	57.38
2026/08/31 09:32:13.693	1198	402	48	4	2835	57.38
2026/08/31 09:32:13.793	1198	402	48	4	2835	57.38
2026/08/31 09:32:13.893	1198	402	48	4	2835	57.38
2026/08/31 09:32:13.994	1198	402	48	4	2835	57.38
2026/08/31 09:32:14.094	1198	402	52	5	2835	57.49
2026/08/31 09:32:14.194	1198	402	52	5	2835	57.49
2026/08/31 09:32:14.294	1198	402	52	5	2835	57.49
2026/08/31 09:32:14.394	1198	402	52	5	2835	57.49
2026/08/31 09:32:14.494	1198	402	52	5	2835	57.49
2026/08/31 09:32:14.594	1198	402	51	4	2835	57.30
2026/08/31 09:32:14.694	1198	402	51	4	2835	57.30
2026/08/31 09:32:14.794	1198	402	51	4	2835	57.30
2026/08/31 09:32:14.894	1198	402	51	4	2835	57.30
2026/08/31 09:32:14.995	1198	402	51	4	2835	57.30
2026/08/31 09:32:15.095	1198	402	49	5	2835	57.35
2026/08/31 09:32:15.195	1198	402	49	5	2835	57.35
2026/08/31 09:32:15.295	1198	402	49	5	2835	57.35
2026/08/31 09:32:15.395	1198	402	49	5	2835	57.35
2026/08/31 09:32:15.495	1198	402	49	5	2835	57.35
2026/08/31 09:32:15.595	1198	402	50	4	2835	57.26
2026/08/31 09:32:15.695	1198	402	50	4	2835	57.26
2026/08/31 09:32:15.795	1198	402	50	4	2835	57.26
2026/08/31 09:32:15.896	1198	402	50	4	2835	57.26
2026/08/31 09:32:15.996	1198	402	50	4	2835	57.26
2026/08/31 09:32:16.096	1198	402	52	5	2835	57.50
2026/08/31 09:32:16.196	1198	402	52	5	2835	57.50
2026/08/31 09:32:16.296	1198	402	52	5	2835	57.50
2026/08/31 09:32:16.396	1198	402	52	5	2835	57.50
2026/08/31 09:32:16.496	1198	402	52	5	2835	57.50
2026/08/31 09:32:16.596	1198	402	49	4	2835	57.35
2026/08/31 09:32:16.696	1198	402	49	4	2835	57.35
2026/08/31 09:32:16.797	1198	402	49	4	2835	57.35
2026/08/31 09:32:16.897	1198	402	49	4	2835	57.35
2026/08/31 09:32:16.997	1198	402	49	4	2835	57.35
2026/08/31 09:32:17.097	1198	402	50	5	2835	57.34
2026/08/31 09:32:17.197	1198	402	50	5	2835	57.34
2026/08/31 09:32:17.297	1198	402	50	5	2835	57.34
2026/08/31 09:32:17.397	1198	402	50	5	2835	57.34
2026/08/31 09:32:17.497	1198	402	50	5	2835	57.34
2026/08/31 09:32:17.597	1198	402	51	4	2835	57.16
2026/08/31 09:32:17.698	1198	402	51	4	2835	57.16
2026/08/31 09:32:17.798	1198	402	51	4	2835	57.16
2026/08/31 09:32:17.898	1198	402	51	4	2835	57.16
2026/08/31 09:32:17.998	1198	402	51	4	2835	57.16
2026/08/31 09:32:18.098	1198	402	49	5	2835	57.19
2026/08/31 09:32:18.198	1198	402	49	5	2835	57.19
2026/08/31 09:32:18.298	1198	402	49	5	2835	57.19
2026/08/31 09:32:18.398	1198	402	49	5	2835	57.19
2026/08/31 09:32:18.498	1198	402	49	5	2835	57.19
2026/08/31 09:32:18.599	1198	402	51	4	2835	57.04
2026/08/31 09:32:18.699	1198	402	51	4	2835	57.04
2026/08/31 09:32:18.799	1198	402	51	4	2835	57.04
2026/08/31 09:32:18.899	1198	402	51	4	2835	57.04
2026/08/31 09:32:18.999	1198	402	51	4	2835	57.04
2026/08/31 09:32:19.099	1198	402	50	5	2835	57.12
2026/08/31 09:32:19.199	1198	402	50	5	2835	57.12
2026/08/31 09:32:19.299	1198	402	50	5	2835	57.12
2026/08/31 09:32:19.399	1198	402	50	5	2835	57.12
2026/08/31 09:32:19.499	1198	402	50	5	2835	57.12
2026/08/31 09:32:19.600	1198	402	51	4	2835	56.93
2026/08/31 09:32:19.700	1198	402	51	4	2835	56.93
2026/08/31 09:32:19.800	1198	402	51	4	2835	56.93
2026/08/31 09:32:19.900	1198	402	51	4	2835	56.93
2026/08/31 09:32:20.000	1198	402	51	4	2835	56.93
2026/08/31 09:32:20.100	1198	402	51	5	2835	57.03
2026/08/31 09:32:20.200	1198	402	51	5	2835	57.03
2026/08/31 09:32:20.300	1198	402	51	5	2835	57.03
2026/08/31 09:32:20.400	1198	402	51	5	2835	57.03
2026/08/31 09:32:20.501	1198	402	49	4	2835	57.03
2026/08/31 09:32:20.601	1198	402	49	4	2835	57.03
2026/08/31 09:32:20.701	1198	402	49	4	2835	57.03
2026/08/31 09:32:20.801	1198	402	49	4	2835	57.03
2026/08/31 09:32:20.901	1198	402	49	4	2835	57.03
2026/08/31 09:32:21.001	1198	402	50	5	2835	57.29
2026/08/31 09:32:21.101	1198	402	50	5	2835	57.29
2026/08/31 09:32:21.201	1198	402	50	5	2835	57.29
2026/08/31 09:32:21.301	1198	402	50	5	2835	57.29
2026/08/31 09:32:21.401	1198	402	50	5	2835	57.29
2026/08/31 09:32:21.502	1198	402	49	4	2835	57.18
2026/08/31 09:32:21.602	1198	402	49	4	2835	57.18
2026/08/31 09:32:21.702	1198	402	49	4	2835	57.18
2026/08/31 09:32:21.802	1198	402	49	4	2835	57.18
2026/08/31 09:32:21.902	1198	402	49	4	2835	57.18
2026/08/31 09:32:22.002	1198	402	50	5	2835	57.25
2026/08/31 09:32:22.102	1198	402	50	5	2835	57.25
2026/08/31 09:32:22.202	1198	402	50	5	2835	57.25
2026/08/31 09:32:22.302	1198	402	50	5	2835	57.25
2026/08/31 09:32:22.403	1198	402	50	5	2835	57.25
2026/08/31 09:32:22.503	1198	402	51	4	2835	57.15
2026/08/31 09:32:22.603	1198	402	51	4	2835	57.15
2026/08/31 09:32:22.703	1198	402	51	4	2835	57.15
2026/08/31 09:32:22.803	1198	402	51	4	2835	57.15
2026/08/31 09:32:22.903	1198	402	51	4	2835	57.15
2026/08/31 09:32:23.003	1198	402	50	5	2835	57.16
2026/08/31 09:32:23.103	1198	402	50	5	2835	57.16
2026/08/31 09:32:23.203	1198	402	50	5	2835	57.16
2026/08/31 09:32:23.304	1198	402	50	5	2835	57.16
2026/08/31 09:32:23.404	1198	402	50	5	2835	57.16
2026/08/31 09:32:23.504	1198	402	50	4	2835	56.64
2026/08/31 09:32:23.604	1198	402	50	4	2835	56.64
2026/08/31 09:32:23.704	1198	402	50	4	2835	56.64
2026/08/31 09:32:23.804	1198	402	50	4	2835	56.64
2026/08/31 09:32:23.904	1198	402	50	4	2835	56.64
2026/08/31 09:32:24.004	1198	402	50	5	2835	56.46
2026/08/31 09:32:24.104	1198	402	50	5	2835	56.46
2026/08/31 09:32:24.204	1198	402	50	5	2835	56.46
2026/08/31 09:32:24.305	1198	402	50	5	2835	56.46
2026/08/31 09:32:24.405	1198	402	50	5	2835	56.46
2026/08/31 09:32:24.505	1198	402	50	4	2835	56.28
2026/08/31 09:32:24.605	1198	402	50	4	2835	56.28
2026/08/31 09:32:24.705	1198	402	50	4	2835	56.28
2026/08/31 09:32:24.805	1198	402	50	4	2835	56.28
2026/08/31 09:32:24.905	1198	402	50	4	2835	56.28
2026/08/31 09:32:25.005	1198	402	49	5	2835	57.16
2026/08/31 09:32:25.105	1198	402	49	5	2835	57.16
2026/08/31 09:32:25.205	1198	402	49	5	2835	57.16
2026/08/31 09:32:25.306	1198	402	49	5	2835	57.16
2026/08/31 09:32:25.406	1198	402	49	5	2835	57.16
2026/08/31 09:32:25.506	1198	402	51	4	2835	58.21
2026/08/31 09:32:25.606	1198	402	51	4	2835	58.21
2026/08/31 09:32:25.706	1198	402	51	4	2835	58.21
2026/08/31 09:32:25.806	1198	402	51	4	2835	58.21
2026/08/31 09:32:25.906	1198	402	51	4	2835	58.21
2026/08/31 09:32:26.006	1198	402	50	5	2835	58.23
2026/08/31 09:32:26.106	1198	402	50	5	2835	58.23
2026/08/31 09:32:26.206	1198	402	50	5	2835	58.23
2026/08/31 09:32:26.307	1198	402	50	5	2835	58.23
2026/08/31 09:32:26.407	1198	402	50	5	2835	58.23
2026/08/31 09:32:26.507	1198	402	51	4	2835	56.93
2026/08/31 09:32:26.607	1198	402	51	4	2835	56.93
2026/08/31 09:32:26.707	1198	402	51	4	2835	56.93
2026/08/31 09:32:26.807	1198	402	51	4	2835	56.93
2026/08/31 09:32:26.907	1198	402	51	4	2835	56.93
2026/08/31 09:32:27.007	1198	402	49	5	2835	56.47
2026/08/31 09:32:27.107	1198	402	49	5	2835	56.47
2026/08/31 09:32:27.207	1198	402	49	5	2835	56.47
2026/08/31 09:32:27.307	1198	402	49	5	2835	56.47
2026/08/31 09:32:27.408	1198	402	49	5	2835	56.47
2026/08/31 09:32:27.508	1198	402	49	4	2835	56.25
2026/08/31 09:32:27.608	1198	402	49	4	2835	56.25
2026/08/31 09:32:27.708	1198	402	49	4	2835	56.25
2026/08/31 09:32:27.808	1198	402	49	4	2835	56.25
2026/08/31 09:32:27.908	1198	402	49	4	2835	56.25
2026/08/31 09:32:28.008	1198	402	50	5	2835	56.28
2026/08/31 09:32:28.108	1198	402	50	5	2835	56.28
2026/08/31 09:32:28.208	1198	402	50	5	2835	56.28
2026/08/31 09:32:28.308	1198	402	50	5	2835	56.28
2026/08/31 09:32:28.409	1198	402	50	5	2835	56.28
2026/08/31 09:32:28.509	1198	402	50	4	2835	56.37
2026/08/31 09:32:28.609	1198	402	50	4	2835	56.37
2026/08/31 09:32:28.709	1198	402	50	4	2835	56.37
2026/08/31 09:32:28.809	1198	402	50	4	2835	56.37
2026/08/31 09:32:28.909	1198	402	50	4	2835	56.37
2026/08/31 09:32:29.009	1198	402	50	5	2835	56.22
2026/08/31 09:32:29.109	1198	402	50	5	2835	56.22
2026/08/31 09:32:29.209	1198	402	50	5	2835	56.22
2026/08/31 09:32:29.310	1198	402	50	5	2835	56.22
2026/08/31 09:32:29.410	1198	402	50	5	2835	56.22
2026/08/31 09:32:29.510	1198	402	50	4	2835	56.50
2026/08/31 09:32:29.610	1198	402	50	4	2835	56.50
2026/08/31 09:32:29.710	1198	402	50	4	2835	56.50
2026/08/31 09:32:29.810	1198	402	50	4	2835	56.50
2026/08/31 09:32:29.910	1198	402	50	4	2835	56.50
2026/08/31 09:32:30.010	1198	402	49	5	2835	57.57
2026/08/31 09:32:30.110	1198	402	49	5	2835	57.57
2026/08/31 09:32:30.211	1198	402	49	5	2835	57.57
2026/08/31 09:32:30.311	1198	402	49	5	2835	57.57
2026/08/31 09:32:30.411	1198	402	49	5	2835	57.57
2026/08/31 09:32:30.511	1198	402	50	4	2835	57.81
2026/08/31 09:32:30.611	1198	402	50	4	2835	57.81
2026/08/31 09:32:30.711	1198	402	50	4	2835	57.81
2026/08/31 09:32:30.811	1198	402	50	4	2835	57.81
2026/08/31 09:32:30.911	1198	402	50	4	2835	57.81
2026/08/31 09:32:31.011	1198	402	52	5	2835	56.54
2026/08/31 09:32:31.112	1198	402	52	5	2835	56.54
2026/08/31 09:32:31.212	1198	402	52	5	2835	56.54
2026/08/31 09:32:31.312	1198	402	52	5	2835	56.54
2026/08/31 09:32:31.412	1198	402	52	5	2835	56.54
2026/08/31 09:32:31.512	1198	402	50	4	2835	56.22
2026/08/31 09:32:31.612	1198	402	50	4	2835	56.22
2026/08/31 09:32:31.712	1198	402	50	4	2835	56.22
2026/08/31 09:32:31.812	1198	402	50	4	2835	56.22
2026/08/31 09:32:31.912	1198	402	50	4	2835	56.22
2026/08/31 09:32:32.012	1198	402	51	5	2835	56.06
2026/08/31 09:32:32.113	1198	402	51	5	2835	56.06
2026/08/31 09:32:32.213	1198	402	51	5	2835	56.06
2026/08/31 09:32:32.313	1198	402	51	5	2835	56.06
2026/08/31 09:32:32.413	1198	402	51	5	2835	56.06
2026/08/31 09:32:32.513	1198	402	49	4	2835	56.18
2026/08/31 09:32:32.613	1198	402	49	4	2835	56.18
2026/08/31 09:32:32.713	1198	402	49	4	2835	56.18
2026/08/31 09:32:32.813	1198	402	49	4	2835	56.18
2026/08/31 09:32:32.913	1198	402	49	4	2835	56.18
2026/08/31 09:32:33.013	1198	402	51	5	2835	56.08
2026/08/31 09:32:33.113	1198	402	51	5	2835	56.08
2026/08/31 09:32:33.214	1198	402	51	5	2835	56.08
2026/08/31 09:32:33.314	1198	402	51	5	2835	56.08
2026/08/31 09:32:33.414	1198	402	51	5	2835	56.08
2026/08/31 09:32:33.514	1198	402	51	4	2835	56.13
2026/08/31 09:32:33.614	1198	402	51	4	2835	56.13
2026/08/31 09:32:33.714	1198	402	51	4	2835	56.13
2026/08/31 09:32:33.814	1198	402	51	4	2835	56.13
2026/08/31 09:32:33.914	1198	402	51	4	2835	56.13
2026/08/31 09:32:34.014	1198	402	49	5	2835	56.13
2026/08/31 09:32:34.115	1198	402	49	5	2835	56.13
2026/08/31 09:32:34.215	1198	402	49	5	2835	56.13
2026/08/31 09:32:34.315	1198	402	49	5	2835	56.13
2026/08/31 09:32:34.415	1198	402	49	5	2835	56.13
2026/08/31 09:32:34.515	1198	402	49	4	2835	56.33
2026/08/31 09:32:34.615	1198	402	49	4	2835	56.33
2026/08/31 09:32:34.715	1198	402	49	4	2835	56.33
2026/08/31 09:32:34.815	1198	402	49	4	2835	56.33
2026/08/31 09:32:34.915	1198	402	49	4	2835	56.33
2026/08/31 09:32:35.015	1198	402	51	5	2835	56.19
2026/08/31 09:32:35.116	1198	402	51	5	2835	56.19
2026/08/31 09:32:35.216	1198	402	51	5	2835	56.19
2026/08/31 09:32:35.316	1198	402	51	5	2835	56.19
2026/08/31 09:32:35.416	1198	402	51	5	2835	56.19
2026/08/31 09:32:35.516	1198	402	49	4	2835	56.28
2026/08/31 09:32:35.616	1198	402	49	4	2835	56.28
2026/08/31 09:32:35.716	1198	402	49	4	2835	56.28
2026/08/31 09:32:35.816	1198	402	49	4	2835	56.28
2026/08/31 09:32:35.917	1198	402	49	4	2835	56.28
2026/08/31 09:32:36.017	1198	402	50	5	2835	56.25
2026/08/31 09:32:36.117	1198	402	50	5	2835	56.25
2026/08/31 09:32:36.217	1198	402	50	5	2835	56.25
2026/08/31 09:32:36.317	1198	402	50	5	2835	56.25
2026/08/31 09:32:36.418	1198	402	50	5	2835	56.25
2026/08/31 09:32:36.518	1198	402	50	4	2835	56.38
2026/08/31 09:32:36.618	1198	402	50	4	2835	56.38
2026/08/31 09:32:36.718	1198	402	50	4	2835	56.38
2026/08/31 09:32:36.819	1198	402	50	4	2835	56.38
2026/08/31 09:32:36.919	1198	402	50	4	2835	56.38
2026/08/31 09:32:37.019	1198	402	48	4	2835	56.19
2026/08/31 09:32:37.119	1198	402	48	4	2835	56.19
2026/08/31 09:32:37.219	1198	402	48	4	2835	56.19
2026/08/31 09:32:37.319	1198	402	48	4	2835	56.19
2026/08/31 09:32:37.419	1198	402	48	4	2835	56.19
2026/08/31 09:32:37.519	1198	402	50	4	2835	56.19
2026/08/31 09:32:37.619	1198	402	50	4	2835	56.19
2026/08/31 09:32:37.719	1198	402	50	4	2835	56.19
2026/08/31 09:32:37.820	1198	402	50	4	2835	56.19
2026/08/31 09:32:37.920	1198	402	50	4	2835	56.19
2026/08/31 09:32:38.020	1198	402	49	4	2835	56.20
2026/08/31 09:32:38.120	1198	402	49	4	2835	56.20
2026/08/31 09:32:38.220	1198	402	49	4	2835	56.20
2026/08/31 09:32:38.320	1198	402	49	4	2835	56.20
2026/08/31 09:32:38.420	1198	402	49	4	2835	56.20
2026/08/31 09:32:38.520	1198	402	49	4	2835	56.30
2026/08/31 09:32:38.620	1198	402	49	4	2835	56.30
2026/08/31 09:32:38.721	1198	402	49	4	2835	56.30
2026/08/31 09:32:38.821	1198	402	49	4	2835	56.30
2026/08/31 09:32:38.921	1198	402	49	4	2835	56.30
2026/08/31 09:32:39.021	1198	402	51	4	2835	56.15
2026/08/31 09:32:39.121	1198	402	51	4	2835	56.15
2026/08/31 09:32:39.221	1198	402	51	4	2835	56.15
2026/08/31 09:32:39.321	1198	402	51	4	2835	56.15
2026/08/31 09:32:39.421	1198	402	51	4	2835	56.15
2026/08/31 09:32:39.521	1198	402	51	4	2835	56.28
2026/08/31 09:32:39.622	1198	402	51	4	2835	56.28
2026/08/31 09:32:39.722	1198	402	51	4	2835	56.28
2026/08/31 09:32:39.822	1198	402	51	4	2835	56.28
2026/08/31 09:32:39.922	1198	402	51	4	2835	56.28
2026/08/31 09:32:40.022	1198	402	50	4	2835	56.19
2026/08/31 09:32:40.122	1198	402	50	4	2835	56.19
2026/08/31 09:32:40.222	1198	402	50	4	2835	56.19
2026/08/31 09:32:40.322	1198	402	50	4	2835	56.19
2026/08/31 09:32:40.422	1198	402	50	4	2835	56.19
2026/08/31 09:32:40.523	1198	402	50	4	2835	56.41
2026/08/31 09:32:40.623	1198	402	50	4	2835	56.41
2026/08/31 09:32:40.723	1198	402	50	4	2835	56.41
2026/08/31 09:32:40.823	1198	402	50	4	2835	56.41
2026/08/31 09:32:40.923	1198	402	50	4	2835	56.41
2026/08/31 09:32:41.023	1198	402	50	4	2835	56.45
2026/08/31 09:32:41.123	1198	402	50	4	2835	56.45
2026/08/31 09:32:41.223	1198	402	50	4	2835	56.45
2026/08/31 09:32:41.323	1198	402	50	4	2835	56.45
2026/08/31 09:32:41.423	1198	402	50	4	2835	56.45
2026/08/31 09:32:41.524	1198	402	50	4	2835	56.63
2026/08/31 09:32:41.624	1198	402	50	4	2835	56.63
2026/08/31 09:32:41.724	1198	402	50	4	2835	56.63
2026/08/31 09:32:41.824	1198	402	50	4	2835	56.63
2026/08/31 09:32:41.924	1198	402	50	4	2835	56.63
2026/08/31 09:32:42.024	1198	402	51	4	2835	56.61
2026/08/31 09:32:42.124	1198	402	51	4	2835	56.61
2026/08/31 09:32:42.224	1198	402	51	4	2835	56.61
2026/08/31 09:32:42.324	1198	402	51	4	2835	56.61
2026/08/31 09:32:42.424	1198	402	51	4	2835	56.61
2026/08/31 09:32:42.524	1198	402	49	4	2835	56.60
2026/08/31 09:32:42.625	1198	402	49	4	2835	56.60
2026/08/31 09:32:42.725	1198	402	49	4	2835	56.60
2026/08/31 09:32:42.825	1198	402	49	4	2835	56.60
2026/08/31 09:32:42.925	1198	402	49	4	2835	56.60
2026/08/31 09:32:43.025	1198	402	50	5	2835	56.35
2026/08/31 09:32:43.125	1198	402	50	5	2835	56.35
2026/08/31 09:32:43.225	1198	402	50	5	2835	56.35
2026/08/31 09:32:43.325	1198	402	50	5	2835	56.35
2026/08/31 09:32:43.425	1198	402	50	5	2835	56.35
2026/08/31 09:32:43.525	1198	402	50	5	2835	56.43
2026/08/31 09:32:43.626	1198	402	50	5	2835	56.43
2026/08/31 09:32:43.726	1198	402	50	5	2835	56.43
2026/08/31 09:32:43.826	1198	402	50	5	2835	56.43
2026/08/31 09:32:43.926	1198	402	50	5	2835	56.43
2026/08/31 09:32:44.026	1198	402	49	4	2835	56.45
2026/08/31 09:32:44.126	1198	402	49	4	2835	56.45
2026/08/31 09:32:44.226	1198	402	49	4	2835	56.45
2026/08/31 09:32:44.326	1198	402	49	4	2835	56.45
2026/08/31 09:32:44.426	1198	402	49	4	2835	56.45
2026/08/31 09:32:44.527	1198	402	50	5	2835	56.58
2026/08/31 09:32:44.627	1198	402	50	5	2835	56.58
2026/08/31 09:32:44.727	1198	402	50	5	2835	56.58
2026/08/31 09:32:44.827	1198	402	50	5	2835	56.58
2026/08/31 09:32:44.927	1198	402	50	5	2835	56.58
2026/08/31 09:32:45.027	1198	402	49	4	2835	56.31
2026/08/31 09:32:45.127	1198	402	49	4	2835	56.31
2026/08/31 09:32:45.227	1198	402	49	4	2835	56.31
2026/08/31 09:32:45.327	1198	402	49	4	2835	56.31
2026/08/31 09:32:45.427	1198	402	49	4	2835	56.31
2026/08/31 09:32:45.527	1198	402	50	5	2835	56.39
2026/08/31 09:32:45.628	1198	402	50	5	2835	56.39
2026/08/31 09:32:45.728	1198	402	50	5	2835	56.39
2026/08/31 09:32:45.828	1198	402	50	5	2835	56.39
2026/08/31 09:32:45.928	1198	402	50	5	2835	56.39
2026/08/31 09:32:46.028	1198	402	50	5	2835	56.36
2026/08/31 09:32:46.128	1198	402	50	5	2835	56.36
2026/08/31 09:32:46.228	1198	402	50	5	2835	56.36
2026/08/31 09:32:46.328	1198	402	50	5	2835	56.36
2026/08/31 09:32:46.428	1198	402	50	5	2835	56.36
2026/08/31 09:32:46.528	1198	402	49	5	2835	56.44
2026/08/31 09:32:46.629	1198	402	49	5	2835	56.44
2026/08/31 09:32:46.729	1198	402	49	5	2835	56.44
2026/08/31 09:32:46.829	1198	402	49	5	2835	56.44
2026/08/31 09:32:46.929	1198	402	49	5	2835	56.44
2026/08/31 09:32:47.029	1198	402	51	4	2835	56.31
2026/08/31 09:32:47.129	1198	402	51	4	2835	56.31
2026/08/31 09:32:47.229	1198	402	51	4	2835	56.31
2026/08/31 09:32:47.329	1198	402	51	4	2835	56.31
2026/08/31 09:32:47.429	1198	402	51	4	2835	56.31
2026/08/31 09:32:47.529	1198	402	52	5	2835	56.50
2026/08/31 09:32:47.630	1198	402	52	5	2835	56.50
2026/08/31 09:32:47.730	1198	402	52	5	2835	56.50
2026/08/31 09:32:47.830	1198	402	52	5	2835	56.50
2026/08/31 09:32:47.930	1198	402	52	5	2835	56.50
2026/08/31 09:32:48.030	1198	402	50	5	2835	56.42
2026/08/31 09:32:48.130	1198	402	50	5	2835	56.42
2026/08/31 09:32:48.230	1198	402	50	5	2835	56.42
2026/08/31 09:32:48.330	1198	402	50	5	2835	56.42
2026/08/31 09:32:48.430	1198	402	50	5	2835	56.42
2026/08/31 09:32:48.531	1198	402	51	5	2835	56.56
2026/08/31 09:32:48.631	1198	402	51	5	2835	56.56
2026/08/31 09:32:48.731	1198	402	51	5	2835	56.56
2026/08/31 09:32:48.831	1198	402	51	5	2835	56.56
2026/08/31 09:32:48.931	1198	402	51	5	2835	56.56
2026/08/31 09:32:49.031	1198	402	49	4	2835	56.38
2026/08/31 09:32:49.131	1198	402	49	4	2835	56.38
2026/08/31 09:32:49.231	1198	402	49	4	2835	56.38
2026/08/31 09:32:49.331	1198	402	49	4	2835	56.38
2026/08/31 09:32:49.432	1198	402	49	4	2835	56.38
2026/08/31 09:32:49.532	1198	402	51	5	2835	56.45
2026/08/31 09:32:49.632	1198	402	51	5	2835	56.45
2026/08/31 09:32:49.732	1198	402	51	5	2835	56.45
2026/08/31 09:32:49.832	1198	402	51	5	2835	56.45
2026/08/31 09:32:49.932	1198	402	51	5	2835	56.45
2026/08/31 09:32:50.032	1198	402	51	5	2835	56.25
2026/08/31 09:32:50.132	1198	402	51	5	2835	56.25
2026/08/31 09:32:50.232	1198	402	51	5	2835	56.25
2026/08/31 09:32:50.332	1198	402	51	5	2835	56.25
2026/08/31 09:32:50.432	1198	402	51	5	2835	56.25
2026/08/31 09:32:50.533	1198	402	52	5	2835	56.35
2026/08/31 09:32:50.633	1198	402	52	5	2835	56.35
2026/08/31 09:32:50.733	1198	402	52	5	2835	56.35
2026/08/31 09:32:50.833	1198	402	52	5	2835	56.35
2026/08/31 09:32:50.933	1198	402	52	5	2835	56.35
2026/08/31 09:32:51.033	1198	402	49	4	2835	56.26
2026/08/31 09:32:51.133	1198	402	49	4	2835	56.26
2026/08/31 09:32:51.233	1198	402	49	4	2835	56.26
2026/08/31 09:32:51.333	1198	402	49	4	2835	56.26
2026/08/31 09:32:51.433	1198	402	49	4	2835	56.26
2026/08/31 09:32:51.534	1198	402	49	5	2835	56.42
2026/08/31 09:32:51.634	1198	402	49	5	2835	56.42
2026/08/31 09:32:51.734	1198	402	49	5	2835	56.42
2026/08/31 09:32:51.834	1198	402	49	5	2835	56.42
2026/08/31 09:32:51.934	1198	402	49	5	2835	56.42
2026/08/31 09:32:52.034	1198	402	49	4	2835	56.46
2026/08/31 09:32:52.134	1198	402	49	4	2835	56.46
2026/08/31 09:32:52.234	1198	402	49	4	2835	56.46
2026/08/31 09:32:52.334	1198	402	49	4	2835	56.46
2026/08/31 09:32:52.434	1198	402	49	4	2835	56.46
2026/08/31 09:32:52.534	1198	402	52	5	2835	56.61
2026/08/31 09:32:52.635	1198	402	52	5	2835	56.61
2026/08/31 09:32:52.735	1198	402	52	5	2835	56.61
2026/08/31 09:32:52.835	1198	402	52	5	2835	56.61
2026/08/31 09:32:52.935	1198	402	52	5	2835	56.61
2026/08/31 09:32:53.035	1198	402	50	5	2835	56.47
2026/08/31 09:32:53.135	1198	402	50	5	2835	56.47
2026/08/31 09:32:53.235	1198	402	50	5	2835	56.47
2026/08/31 09:32:53.335	1198	402	50	5	2835	56.47
2026/08/31 09:32:53.435	1198	402	50	5	2835	56.47
2026/08/31 09:32:53.535	1198	402	50	5	2835	56.52
2026/08/31 09:32:53.635	1198	402	50	5	2835	56.52
2026/08/31 09:32:53.736	1198	402	50	5	2835	56.52
2026/08/31 09:32:53.836	1198	402	50	5	2835	56.52
2026/08/31 09:32:53.936	1198	402	50	5	2835	56.52
2026/08/31 09:32:54.036	1198	402	50	4	2835	56.38
2026/08/31 09:32:54.136	1198	402	50	4	2835	56.38
2026/08/31 09:32:54.236	1198	402	50	4	2835	56.38
2026/08/31 09:32:54.336	1198	402	50	4	2835	56.38
2026/08/31 09:32:54.436	1198	402	50	4	2835	56.38
2026/08/31 09:32:54.536	1198	402	49	5	2835	56.55
2026/08/31 09:32:54.637	1198	402	49	5	2835	56.55
2026/08/31 09:32:54.737	1198	402	49	5	2835	56.55
2026/08/31 09:32:54.837	1198	402	49	5	2835	56.55
2026/08/31 09:32:54.937	1198	402	49	5	2835	56.55
2026/08/31 09:32:55.037	1198	402	49	4	2835	56.47
2026/08/31 09:32:55.137	1198	402	49	4	2835	56.47
2026/08/31 09:32:55.237	1198	402	49	4	2835	56.47
2026/08/31 09:32:55.337	1198	402	49	4	2835	56.47
2026/08/31 09:32:55.437	1198	402	49	4	2835	56.47
2026/08/31 09:32:55.538	1198	402	53	5	2835	56.67
2026/08/31 09:32:55.638	1198	402	53	5	2835	56.67
2026/08/31 09:32:55.738	1198	402	53	5	2835	56.67
2026/08/31 09:32:55.838	1198	402	53	5	2835	56.67
2026/08/31 09:32:55.938	1198	402	53	5	2835	56.67
2026/08/31 09:32:56.038	1198	402	48	4	2835	56.66
2026/08/31 09:32:56.138	1198	402	48	4	2835	56.66
2026/08/31 09:32:56.238	1198	402	48	4	2835	56.66
2026/08/31 09:32:56.338	1198	402	48	4	2835	56.66
2026/08/31 09:32:56.438	1198	402	48	4	2835	56.66
2026/08/31 09:32:56.538	1198	402	51	5	2835	56.74
2026/08/31 09:32:56.639	1198	402	51	5	2835	56.74
2026/08/31 09:32:56.739	1198	402	51	5	2835	56.74
2026/08/31 09:32:56.839	1198	402	51	5	2835	56.74
2026/08/31 09:32:56.939	1198	402	51	5	2835	56.74
2026/08/31 09:32:57.039	1198	402	49	4	2835	56.53
2026/08/31 09:32:57.139	1198	402	49	4	2835	56.53
2026/08/31 09:32:57.239	1198	402	49	4	2835	56.53
2026/08/31 09:32:57.339	1198	402	49	4	2835	56.53
2026/08/31 09:32:57.439	1198	402	49	4	2835	56.53
2026/08/31 09:32:57.539	1198	402	51	5	2835	56.63
2026/08/31 09:32:57.640	1198	402	51	5	2835	56.63
2026/08/31 09:32:57.740	1198	402	51	5	2835	56.63
2026/08/31 09:32:57.840	1198	402	51	5	2835	56.63
2026/08/31 09:32:57.940	1198	402	51	5	2835	56.63
2026/08/31 09:32:58.040	1198	402	51	4	2835	56.40
2026/08/31 09:32:58.140	1198	402	51	4	2835	56.40
2026/08/31 09:32:58.240	1198	402	51	4	2835	56.40
2026/08/31 09:32:58.340	1198	402	51	4	2835	56.40
2026/08/31 09:32:58.440	1198	402	51	4	2835	56.40
2026/08/31 09:32:58.540	1198	402	49	5	2835	56.44
2026/08/31 09:32:58.640	1198	402	49	5	2835	56.44
2026/08/31 09:32:58.741	1198	402	49	5	2835	56.44
2026/08/31 09:32:58.841	1198	402	49	5	2835	56.44
2026/08/31 09:32:58.941	1198	402	49	5	2835	56.44
2026/08/31 09:32:59.041	1198	402	50	4	2835	56.28
2026/08/31 09:32:59.141	1198	402	50	4	2835	56.28
2026/08/31 09:32:59.241	1198	402	50	4	2835	56.28
2026/08/31 09:32:59.341	1198	402	50	4	2835	56.28
2026/08/31 09:32:59.441	1198	402	50	4	2835	56.28
2026/08/31 09:32:59.542	1198	402	50	5	2835	56.52
2026/08/31 09:32:59.642	1198	402	50	5	2835	56.52
2026/08/31 09:32:59.742	1198	402	50	5	2835	56.52
2026/08/31 09:32:59.842	1198	402	50	5	2835	56.52
2026/08/31 09:32:59.942	1198	402	50	5	2835	56.52
2026/08/31 09:33:00.042	1198	402	51	5	2835	56.57
2026/08/31 09:33:00.142	1198	402	51	5	2835	56.57
2026/08/31 09:33:00.242	1198	402	51	5	2835	56.57
2026/08/31 09:33:00.342	1198	402	51	5	2835	56.57
2026/08/31 09:33:00.442	1198	402	51	5	2835	56.57
2026/08/31 09:33:00.542	1198	402	50	5	2835	56.62
2026/08/31 09:33:00.643	1198	402	50	5	2835	56.62
2026/08/31 09:33:00.743	1198	402	50	5	2835	56.62
2026/08/31 09:33:00.843	1198	402	50	5	2835	56.62
2026/08/31 09:33:00.943	1198	402	50	5	2835	56.62
2026/08/31 09:33:01.043	1198	402	51	5	2835	56.41
2026/08/31 09:33:01.143	1198	402	51	5	2835	56.41
2026/08/31 09:33:01.243	1198	402	51	5	2835	56.41
2026/08/31 09:33:01.343	1198	402	51	5	2835	56.41
2026/08/31 09:33:01.443	1198	402	51	5	2835	56.41
2026/08/31 09:33:01.543	1198	402	49	5	2835	56.53
2026/08/31 09:33:01.644	1198	402	49	5	2835	56.53
2026/08/31 09:33:01.744	1198	402	49	5	2835	56.53
2026/08/31 09:33:01.844	1198	402	49	5	2835	56.53
2026/08/31 09:33:01.944	1198	402	49	5	2835	56.53
2026/08/31 09:33:02.044	1198	402	50	5	2835	56.49
2026/08/31 09:33:02.144	1198	402	50	5	2835	56.49
2026/08/31 09:33:02.244	1198	402	50	5	2835	56.49
2026/08/31 09:33:02.344	1198	402	50	5	2835	56.49
2026/08/31 09:33:02.444	1198	402	50	5	2835	56.49
2026/08/31 09:33:02.545	1198	402	50	5	2835	56.53
2026/08/31 09:33:02.645	1198	402	50	5	2835	56.53
2026/08/31 09:33:02.745	1198	402	50	5	2835	56.53
2026/08/31 09:33:02.845	1198	402	50	5	2835	56.53
2026/08/31 09:33:02.945	1198	402	50	5	2835	56.53
2026/08/31 09:33:03.045	1198	402	50	4	2835	56.37
2026/08/31 09:33:03.145	1198	402	50	4	2835	56.37
2026/08/31 09:33:03.245	1198	402	50	4	2835	56.37
2026/08/31 09:33:03.345	1198	402	50	4	2835	56.37
2026/08/31 09:33:03.445	1198	402	50	4	2835	56.37
2026/08/31 09:33:03.545	1198	402	50	5	2835	56.52
2026/08/31 09:33:03.646	1198	402	50	5	2835	56.52
2026/08/31 09:33:03.746	1198	402	50	5	2835	56.52
2026/08/31 09:33:03.846	1198	402	50	5	2835	56.52
2026/08/31 09:33:03.946	1198	402	50	5	2835	56.52
2026/08/31 09:33:04.046	1198	402	51	5	2835	56.51
2026/08/31 09:33:04.146	1198	402	51	5	2835	56.51
2026/08/31 09:33:04.246	1198	402	51	5	2835	56.51
2026/08/31 09:33:04.346	1198	402	51	5	2835	56.51
2026/08/31 09:33:04.446	1198	402	51	5	2835	56.51
2026/08/31 09:33:04.547	1198	402	50	5	2835	56.73
2026/08/31 09:33:04.647	1198	402	50	5	2835	56.73
2026/08/31 09:33:04.747	1198	402	50	5	2835	56.73
2026/08/31 09:33:04.847	1198	402	50	5	2835	56.73
2026/08/31 09:33:04.947	1198	402	50	5	2835	56.73
2026/08/31 09:33:05.047	1198	402	50	4	2835	56.67
2026/08/31 09:33:05.147	1198	402	50	4	2835	56.67
2026/08/31 09:33:05.247	1198	402	50	4	2835	56.67
2026/08/31 09:33:05.347	1198	402	50	4	2835	56.67
2026/08/31 09:33:05.448	1198	402	50	4	2835	56.67
2026/08/31 09:33:05.548	1198	402	49	5	2835	56.72
2026/08/31 09:33:05.648	1198	402	49	5	2835	56.72
2026/08/31 09:33:05.748	1198	402	49	5	2835	56.72
2026/08/31 09:33:05.848	1198	402	49	5	2835	56.72
2026/08/31 09:33:05.948	1198	402	49	5	2835	56.72
2026/08/31 09:33:06.048	1198	402	51	5	2835	56.62
2026/08/31 09:33:06.148	1198	402	51	5	2835	56.62
2026/08/31 09:33:06.248	1198	402	51	5	2835	56.62
2026/08/31 09:33:06.348	1198	402	51	5	2835	56.62
2026/08/31 09:33:06.449	1198	402	51	5	2835	56.62
2026/08/31 09:33:06.549	1198	402	49	5	2835	56.83
2026/08/31 09:33:06.649	1198	402	49	5	2835	56.83
2026/08/31 09:33:06.749	1198	402	49	5	2835	56.83
2026/08/31 09:33:06.849	1198	402	49	5	2835	56.83
2026/08/31 09:33:06.949	1198	402	49	5	2835	56.83
2026/08/31 09:33:07.049	1198	402	49	4	2835	56.71
2026/08/31 09:33:07.149	1198	402	49	4	2835	56.71
2026/08/31 09:33:07.249	1198	402	49	4	2835	56.71
2026/08/31 09:33:07.349	1198	402	49	4	2835	56.71
2026/08/31 09:33:07.450	1198	402	49	4	2835	56.71
2026/08/31 09:33:07.550	1198	402	50	5	2835	56.65
2026/08/31 09:33:07.650	1198	402	50	5	2835	56.65
2026/08/31 09:33:07.750	1198	402	50	5	2835	56.65
2026/08/31 09:33:07.850	1198	402	50	5	2835	56.65
2026/08/31 09:33:07.950	1198	402	50	5	2835	56.65
2026/08/31 09:33:08.050	1198	402	50	4	2835	56.63
2026/08/31 09:33:08.150	1198	402	50	4	2835	56.63
2026/08/31 09:33:08.250	1198	402	50	4	2835	56.63
2026/08/31 09:33:08.350	1198	402	50	4	2835	56.63
2026/08/31 09:33:08.451	1198	402	50	4	2835	56.63
2026/08/31 09:33:08.551	1198	402	50	5	2835	56.87
2026/08/31 09:33:08.651	1198	402	50	5	2835	56.87
2026/08/31 09:33:08.751	1198	402	50	5	2835	56.87
2026/08/31 09:33:08.851	1198	402	50	5	2835	56.87
2026/08/31 09:33:08.951	1198	402	50	5	2835	56.87
2026/08/31 09:33:09.051	1198	402	50	4	2835	56.67
2026/08/31 09:33:09.151	1198	402	50	4	2835	56.67
2026/08/31 09:33:09.251	1198	402	50	4	2835	56.67
2026/08/31 09:33:09.352	1198	402	50	4	2835	56.67
2026/08/31 09:33:09.452	1198	402	50	4	2835	56.67
2026/08/31 09:33:09.552	1198	402	49	5	2835	56.82
2026/08/31 09:33:09.652	1198	402	49	5	2835	56.82
2026/08/31 09:33:09.752	1198	402	49	5	2835	56.82
2026/08/31 09:33:09.852	1198	402	49	5	2835	56.82
2026/08/31 09:33:09.952	1198	402	49	5	2835	56.82
2026/08/31 09:33:10.052	1198	402	50	4	2835	56.76
2026/08/31 09:33:10.152	1198	402	50	4	2835	56.76
2026/08/31 09:33:10.252	1198	402	50	4	2835	56.76
2026/08/31 09:33:10.353	1198	402	50	4	2835	56.76
2026/08/31 09:33:10.453	1198	402	50	4	2835	56.76
2026/08/31 09:33:10.553	1198	402	50	5	2835	56.83
2026/08/31 09:33:10.653	1198	402	50	5	2835	56.83
2026/08/31 09:33:10.753	1198	402	50	5	2835	56.83
2026/08/31 09:33:10.853	1198	402	50	5	2835	56.83
2026/08/31 09:33:10.953	1198	402	50	5	2835	56.83
2026/08/31 09:33:11.053	1198	402	50	4	2835	56.66
2026/08/31 09:33:11.153	1198	402	50	4	2835	56.66
2026/08/31 09:33:11.253	1198	402	50	4	2835	56.66
2026/08/31 09:33:11.354	1198	402	50	4	2835	56.66
2026/08/31 09:33:11.454	1198	402	50	4	2835	56.66
2026/08/31 09:33:11.554	1198	402	51	5	2835	56.78
2026/08/31 09:33:11.654	1198	402	51	5	2835	56.78
2026/08/31 09:33:11.754	1198	402	51	5	2835	56.78
2026/08/31 09:33:11.854	1198	402	51	5	2835	56.78
2026/08/31 09:33:11.954	1198	402	51	5	2835	56.78
2026/08/31 09:33:12.054	1198	402	51	4	2835	56.72
2026/08/31 09:33:12.154	1198	402	51	4	2835	56.72
2026/08/31 09:33:12.254	1198	402	51	4	2835	56.72
2026/08/31 09:33:12.355	1198	402	51	4	2835	56.72
2026/08/31 09:33:12.455	1198	402	51	4	2835	56.72
2026/08/31 09:33:12.555	1198	402	52	5	2835	56.88
2026/08/31 09:33:12.655	1198	402	52	5	2835	56.88
2026/08/31 09:33:12.755	1198	402	52	5	2835	56.88
2026/08/31 09:33:12.855	1198	402	52	5	2835	56.88
2026/08/31 09:33:12.955	1198	402	52	5	2835	56.88
2026/08/31 09:33:13.055	1198	402	50	4	2835	56.81
2026/08/31 09:33:13.155	1198	402	50	4	2835	56.81
2026/08/31 09:33:13.255	1198	402	50	4	2835	56.81
2026/08/31 09:33:13.355	1198	402	50	4	2835	56.81
2026/08/31 09:33:13.456	1198	402	50	4	2835	56.81
2026/08/31 09:33:13.556	1198	402	50	5	2835	56.84
2026/08/31 09:33:13.656	1198	402	50	5	2835	56.84
2026/08/31 09:33:13.756	1198	402	50	5	2835	56.84
2026/08/31 09:33:13.856	1198	402	50	5	2835	56.84
2026/08/31 09:33:13.956	1198	402	50	5	2835	56.84
2026/08/31 09:33:14.056	1198	402	50	4	2835	56.56
2026/08/31 09:33:14.156	1198	402	50	4	2835	56.56
2026/08/31 09:33:14.256	1198	402	50	4	2835	56.56
2026/08/31 09:33:14.356	1198	402	50	4	2835	56.56
2026/08/31 09:33:14.457	1198	402	50	4	2835	56.56
2026/08/31 09:33:14.557	1198	402	50	5	2835	56.66
2026/08/31 09:33:14.657	1198	402	50	5	2835	56.66
2026/08/31 09:33:14.757	1198	402	50	5	2835	56.66
2026/08/31 09:33:14.857	1198	402	50	5	2835	56.66
2026/08/31 09:33:14.957	1198	402	50	5	2835	56.66
2026/08/31 09:33:15.057	1198	402	49	4	2835	56.60
2026/08/31 09:33:15.157	1198	402	49	4	2835	56.60
2026/08/31 09:33:15.257	1198	402	49	4	2835	56.60
2026/08/31 09:33:15.358	1198	402	49	4	2835	56.60
2026/08/31 09:33:15.458	1198	402	49	4	2835	56.60
2026/08/31 09:33:15.558	1198	402	52	5	2835	56.73
2026/08/31 09:33:15.658	1198	402	52	5	2835	56.73
2026/08/31 09:33:15.758	1198	402	52	5	2835	56.73
2026/08/31 09:33:15.858	1198	402	52	5	2835	56.73
2026/08/31 09:33:15.958	1198	402	52	5	2835	56.73
2026/08/31 09:33:16.058	1198	402	50	4	2835	56.73
2026/08/31 09:33:16.158	1198	402	50	4	2835	56.73
2026/08/31 09:33:16.258	1198	402	50	4	2835	56.73
2026/08/31 09:33:16.359	1198	402	50	4	2835	56.73
2026/08/31 09:33:16.459	1198	402	50	4	2835	56.73
2026/08/31 09:33:16.559	1198	402	48	5	2835	56.85
2026/08/31 09:33:16.659	1198	402	48	5	2835	56.85
2026/08/31 09:33:16.759	1198	402	48	5	2835	56.85
2026/08/31 09:33:16.859	1198	402	48	5	2835	56.85
2026/08/31 09:33:16.959	1198	402	48	5	2835	56.85
2026/08/31 09:33:17.059	1198	402	49	4	2835	56.68
2026/08/31 09:33:17.159	1198	402	49	4	2835	56.68
2026/08/31 09:33:17.260	1198	402	49	4	2835	56.68
2026/08/31 09:33:17.360	1198	402	49	4	2835	56.68
2026/08/31 09:33:17.460	1198	402	49	4	2835	56.68
2026/08/31 09:33:17.560	1198	402	52	5	2835	56.77
2026/08/31 09:33:17.660	1198	402	52	5	2835	56.77
2026/08/31 09:33:17.760	1198	402	52	5	2835	56.77
2026/08/31 09:33:17.860	1198	402	52	5	2835	56.77
2026/08/31 09:33:17.960	1198	402	52	5	2835	56.77
2026/08/31 09:33:18.060	1198	402	50	4	2835	56.60
2026/08/31 09:33:18.160	1198	402	50	4	2835	56.60
2026/08/31 09:33:18.261	1198	402	50	4	2835	56.60
2026/08/31 09:33:18.361	1198	402	50	4	2835	56.60
2026/08/31 09:33:18.461	1198	402	50	4	2835	56.60
2026/08/31 09:33:18.561	1198	402	52	5	2835	56.72
2026/08/31 09:33:18.661	1198	402	52	5	2835	56.72
2026/08/31 09:33:18.761	1198	402	52	5	2835	56.72
2026/08/31 09:33:18.861	1198	402	52	5	2835	56.72
2026/08/31 09:33:18.961	1198	402	52	5	2835	56.72
2026/08/31 09:33:19.061	1198	402	51	4	2835	56.63
2026/08/31 09:33:19.161	1198	402	51	4	2835	56.63
2026/08/31 09:33:19.262	1198	402	51	4	2835	56.63
2026/08/31 09:33:19.362	1198	402	51	4	2835	56.63
2026/08/31 09:33:19.462	1198	402	51	4	2835	56.63
2026/08/31 09:33:19.562	1198	402	51	5	2835	56.77
2026/08/31 09:33:19.662	1198	402	51	5	2835	56.77
2026/08/31 09:33:19.762	1198	402	51	5	2835	56.77
2026/08/31 09:33:19.862	1198	402	51	5	2835	56.77
2026/08/31 09:33:19.962	1198	402	51	5	2835	56.77
2026/08/31 09:33:20.062	1198	402	49	4	2835	56.63
2026/08/31 09:33:20.162	1198	402	49	4	2835	56.63
2026/08/31 09:33:20.263	1198	402	49	4	2835	56.63
2026/08/31 09:33:20.363	1198	402	49	4	2835	56.63
2026/08/31 09:33:20.463	1198	402	49	4	2835	56.63
2026/08/31 09:33:20.563	1198	402	49	5	2835	56.75
2026/08/31 09:33:20.663	1198	402	49	5	2835	56.75
2026/08/31 09:33:20.763	1198	402	49	5	2835	56.75
2026/08/31 09:33:20.863	1198	402	49	5	2835	56.75
2026/08/31 09:33:20.963	1198	402	49	5	2835	56.75
2026/08/31 09:33:21.063	1198	402	49	4	2835	56.71
2026/08/31 09:33:21.163	1198	402	49	4	2835	56.71
2026/08/31 09:33:21.263	1198	402	49	4	2835	56.71
2026/08/31 09:33:21.364	1198	402	49	4	2835	56.71
2026/08/31 09:33:21.464	1198	402	49	4	2835	56.71
2026/08/31 09:33:21.564	1198	402	51	5	2835	56.91
2026/08/31 09:33:21.664	1198	402	51	5	2835	56.91
2026/08/31 09:33:21.764	1198	402	51	5	2835	56.91
2026/08/31 09:33:21.864	1198	402	51	5	2835	56.91
2026/08/31 09:33:21.964	1198	402	51	5	2835	56.91
2026/08/31 09:33:22.065	1198	402	51	4	2835	56.73
2026/08/31 09:33:22.165	1198	402	51	4	2835	56.73
2026/08/31 09:33:22.265	1198	402	51	4	2835	56.73
2026/08/31 09:33:22.365	1198	402	51	4	2835	56.73
2026/08/31 09:33:22.465	1198	402	51	4	2835	56.73
2026/08/31 09:33:22.565	1198	402	51	5	2835	56.90
2026/08/31 09:33:22.665	1198	402	51	5	2835	56.90
2026/08/31 09:33:22.765	1198	402	51	5	2835	56.90
2026/08/31 09:33:22.865	1198	402	51	5	2835	56.90
2026/08/31 09:33:22.966	1198	402	51	5	2835	56.90
2026/08/31 09:33:23.066	1198	402	49	4	2835	56.92
2026/08/31 09:33:23.166	1198	402	49	4	2835	56.92
2026/08/31 09:33:23.266	1198	402	49	4	2835	56.92
2026/08/31 09:33:23.366	1198	402	49	4	2835	56.92
2026/08/31 09:33:23.466	1198	402	49	4	2835	56.92
2026/08/31 09:33:23.566	1198	402	51	5	2835	57.10
2026/08/31 09:33:23.666	1198	402	51	5	2835	57.10
2026/08/31 09:33:23.766	1198	402	51	5	2835	57.10
2026/08/31 09:33:23.867	1198	402	51	5	2835	57.10
2026/08/31 09:33:23.967	1198	402	51	5	2835	57.10
2026/08/31 09:33:24.067	1198	402	48	4	2835	56.98
2026/08/31 09:33:24.167	1198	402	48	4	2835	56.98
2026/08/31 09:33:24.267	1198	402	48	4	2835	56.98
2026/08/31 09:33:24.367	1198	402	48	4	2835	56.98
2026/08/31 09:33:24.467	1198	402	48	4	2835	56.98
2026/08/31 09:33:24.567	1198	402	50	5	2835	56.99
2026/08/31 09:33:24.667	1198	402	50	5	2835	56.99
2026/08/31 09:33:24.767	1198	402	50	5	2835	56.99
2026/08/31 09:33:24.868	1198	402	50	5	2835	56.99
2026/08/31 09:33:24.968	1198	402	50	5	2835	56.99
2026/08/31 09:33:25.068	1198	402	51	5	2835	56.79
2026/08/31 09:33:25.168	1198	402	51	5	2835	56.79
2026/08/31 09:33:25.268	1198	402	51	5	2835	56.79
2026/08/31 09:33:25.368	1198	402	51	5	2835	56.79
2026/08/31 09:33:25.468	1198	402	51	5	2835	56.79
2026/08/31 09:33:25.569	1198	402	48	5	2835	56.86
2026/08/31 09:33:25.669	1198	402	48	5	2835	56.86
2026/08/31 09:33:25.769	1198	402	48	5	2835	56.86
2026/08/31 09:33:25.869	1198	402	48	5	2835	56.86
2026/08/31 09:33:25.969	1198	402	48	5	2835	56.86
2026/08/31 09:33:26.069	1198	402	49	5	2835	56.62
2026/08/31 09:33:26.169	1198	402	49	5	2835	56.62
2026/08/31 09:33:26.269	1198	402	49	5	2835	56.62
2026/08/31 09:33:26.369	1198	402	49	5	2835	56.62
2026/08/31 09:33:26.469	1198	402	49	5	2835	56.62
2026/08/31 09:33:26.570	1198	402	51	5	2835	56.78
2026/08/31 09:33:26.670	1198	402	51	5	2835	56.78
2026/08/31 09:33:26.770	1198	402	51	5	2835	56.78
2026/08/31 09:33:26.870	1198	402	51	5	2835	56.78
2026/08/31 09:33:26.970	1198	402	51	5	2835	56.78
2026/08/31 09:33:27.070	1198	402	51	4	2835	56.75
2026/08/31 09:33:27.170	1198	402	51	4	2835	56.75
2026/08/31 09:33:27.270	1198	402	51	4	2835	56.75
2026/08/31 09:33:27.370	1198	402	51	4	2835	56.75
2026/08/31 09:33:27.470	1198	402	51	4	2835	56.75
2026/08/31 09:33:27.571	1198	402	51	5	2835	56.85
2026/08/31 09:33:27.671	1198	402	51	5	2835	56.85
2026/08/31 09:33:27.771	1198	402	51	5	2835	56.85
2026/08/31 09:33:27.871	1198	402	51	5	2835	56.85
2026/08/31 09:33:27.971	1198	402	51	5	2835	56.85
2026/08/31 09:33:28.071	1198	402	49	4	2835	56.69
2026/08/31 09:33:28.171	1198	402	49	4	2835	56.69
2026/08/31 09:33:28.271	1198	402	49	4	2835	56.69
2026/08/31 09:33:28.371	1198	402	49	4	2835	56.69
2026/08/31 09:33:28.471	1198	402	49	4	2835	56.69
2026/08/31 09:33:28.572	1198	402	51	5	2835	56.90
2026/08/31 09:33:28.672	1198	402	51	5	2835	56.90
2026/08/31 09:33:28.772	1198	402	51	5	2835	56.90
2026/08/31 09:33:28.872	1198	402	51	5	2835	56.90
2026/08/31 09:33:28.972	1198	402	51	5	2835	56.90
2026/08/31 09:33:29.072	1198	402	49	4	2835	56.86
2026/08/31 09:33:29.172	1198	402	49	4	2835	56.86
2026/08/31 09:33:29.272	1198	402	49	4	2835	56.86
2026/08/31 09:33:29.373	1198	402	49	4	2835	56.86
2026/08/31 09:33:29.473	1198	402	49	4	2835	56.86
2026/08/31 09:33:29.573	1198	402	52	5	2835	56.90
2026/08/31 09:33:29.673	1198	402	52	5	2835	56.90
2026/08/31 09:33:29.773	1198	402	52	5	2835	56.90
2026/08/31 09:33:29.873	1198	402	52	5	2835	56.90
2026/08/31 09:33:29.973	1198	402	52	5	2835	56.90
2026/08/31 09:33:30.073	1198	402	48	4	2835	56.69
2026/08/31 09:33:30.173	1198	402	48	4	2835	56.69
2026/08/31 09:33:30.273	1198	402	48	4	2835	56.69
2026/08/31 09:33:30.374	1198	402	48	4	2835	56.69
2026/08/31 09:33:30.474	1198	402	48	4	2835	56.69
2026/08/31 09:33:30.574	1198	402	50	5	2835	56.76
2026/08/31 09:33:30.674	1198	402	50	5	2835	56.76
2026/08/31 09:33:30.774	1198	402	50	5	2835	56.76
2026/08/31 09:33:30.874	1198	402	50	5	2835	56.76
2026/08/31 09:33:30.974	1198	402	50	5	2835	56.76
2026/08/31 09:33:31.074	1198	402	49	4	2835	56.53
2026/08/31 09:33:31.175	1198	402	49	4	2835	56.53
2026/08/31 09:33:31.275	1198	402	49	4	2835	56.53
2026/08/31 09:33:31.375	1198	402	49	4	2835	56.53
2026/08/31 09:33:31.475	1198	402	49	4	2835	56.53
2026/08/31 09:33:31.575	1198	402	53	5	2835	56.64
2026/08/31 09:33:31.675	1198	402	53	5	2835	56.64
2026/08/31 09:33:31.775	1198	402	53	5	2835	56.64
2026/08/31 09:33:31.875	1198	402	53	5	2835	56.64
2026/08/31 09:33:31.975	1198	402	53	5	2835	56.64
2026/08/31 09:33:32.075	1198	402	51	4	2835	56.62
2026/08/31 09:33:32.176	1198	402	51	4	2835	56.62
2026/08/31 09:33:32.276	1198	402	51	4	2835	56.62
2026/08/31 09:33:32.376	1198	402	51	4	2835	56.62
2026/08/31 09:33:32.476	1198	402	51	4	2835	56.62
2026/08/31 09:33:32.576	1198	402	52	5	2835	56.81
2026/08/31 09:33:32.676	1198	402	52	5	2835	56.81
2026/08/31 09:33:32.776	1198	402	52	5	2835	56.81
2026/08/31 09:33:32.876	1198	402	52	5	2835	56.81
2026/08/31 09:33:32.976	1198	402	52	5	2835	56.81
2026/08/31 09:33:33.076	1198	402	48	4	2835	56.74
2026/08/31 09:33:33.177	1198	402	48	4	2835	56.74
2026/08/31 09:33:33.277	1198	402	48	4	2835	56.74
2026/08/31 09:33:33.377	1198	402	48	4	2835	56.74
2026/08/31 09:33:33.477	1198	402	48	4	2835	56.74
2026/08/31 09:33:33.577	1198	402	50	5	2835	56.85
2026/08/31 09:33:33.677	1198	402	50	5	2835	56.85
2026/08/31 09:33:33.777	1198	402	50	5	2835	56.85
2026/08/31 09:33:33.877	1198	402	50	5	2835	56.85
2026/08/31 09:33:33.977	1198	402	50	5	2835	56.85
2026/08/31 09:33:34.078	1198	402	51	4	2835	56.64
2026/08/31 09:33:34.178	1198	402	51	4	2835	56.64
2026/08/31 09:33:34.278	1198	402	51	4	2835	56.64
2026/08/31 09:33:34.378	1198	402	51	4	2835	56.64
2026/08/31 09:33:34.478	1198	402	51	4	2835	56.64
2026/08/31 09:33:34.578	1198	402	50	5	2835	56.74
2026/08/31 09:33:34.678	1198	402	50	5	2835	56.74
2026/08/31 09:33:34.778	1198	402	50	5	2835	56.74
2026/08/31 09:33:34.878	1198	402	50	5	2835	56.74
2026/08/31 09:33:34.979	1198	402	50	5	2835	56.74
2026/08/31 09:33:35.079	1198	402	50	4	2835	56.69
2026/08/31 09:33:35.179	1198	402	50	4	2835	56.69
2026/08/31 09:33:35.279	1198	402	50	4	2835	56.69
2026/08/31 09:33:35.379	1198	402	50	4	2835	56.69
2026/08/31 09:33:35.479	1198	402	50	4	2835	56.69
2026/08/31 09:33:35.579	1198	402	52	5	2835	56.84
2026/08/31 09:33:35.679	1198	402	52	5	2835	56.84
2026/08/31 09:33:35.780	1198	402	52	5	2835	56.84
2026/08/31 09:33:35.880	1198	402	52	5	2835	56.84
2026/08/31 09:33:35.980	1198	402	52	5	2835	56.84
2026/08/31 09:33:36.080	1198	402	50	4	2835	56.80
2026/08/31 09:33:36.180	1198	402	50	4	2835	56.80
2026/08/31 09:33:36.280	1198	402	50	4	2835	56.80
2026/08/31 09:33:36.380	1198	402	50	4	2835	56.80
2026/08/31 09:33:36.480	1198	402	50	4	2835	56.80
2026/08/31 09:33:36.580	1198	402	50	5	2835	56.99
2026/08/31 09:33:36.680	1198	402	50	5	2835	56.99
2026/08/31 09:33:36.781	1198	402	50	5	2835	56.99
2026/08/31 09:33:36.881	1198	402	50	5	2835	56.99
2026/08/31 09:33:36.981	1198	402	50	5	2835	56.99
2026/08/31 09:33:37.081	1198	402	50	4	2835	56.82
2026/08/31 09:33:37.181	1198	402	50	4	2835	56.82
2026/08/31 09:33:37.281	1198	402	50	4	2835	56.82
2026/08/31 09:33:37.381	1198	402	50	4	2835	56.82
2026/08/31 09:33:37.481	1198	402	50	4	2835	56.82
2026/08/31 09:33:37.581	1198	402	53	5	2835	56.83
2026/08/31 09:33:37.681	1198	402	53	5	2835	56.83
2026/08/31 09:33:37.781	1198	402	53	5	2835	56.83
2026/08/31 09:33:37.882	1198	402	53	5	2835	56.83
2026/08/31 09:33:37.982	1198	402	53	5	2835	56.83
2026/08/31 09:33:38.082	1198	402	51	4	2835	56.67
2026/08/31 09:33:38.182	1198	402	51	4	2835	56.67
2026/08/31 09:33:38.282	1198	402	51	4	2835	56.67
2026/08/31 09:33:38.382	1198	402	51	4	2835	56.67
2026/08/31 09:33:38.482	1198	402	51	4	2835	56.67
2026/08/31 09:33:38.582	1198	402	50	5	2835	56.75
2026/08/31 09:33:38.682	1198	402	50	5	2835	56.75
2026/08/31 09:33:38.782	1198	402	50	5	2835	56.75
2026/08/31 09:33:38.883	1198	402	50	5	2835	56.75
2026/08/31 09:33:38.983	1198	402	50	5	2835	56.75
2026/08/31 09:33:39.083	1198	402	48	4	2835	56.73
2026/08/31 09:33:39.183	1198	402	48	4	2835	56.73
2026/08/31 09:33:39.283	1198	402	48	4	2835	56.73
2026/08/31 09:33:39.383	1198	402	48	4	2835	56.73
2026/08/31 09:33:39.483	1198	402	48	4	2835	56.73
2026/08/31 09:33:39.583	1198	402	51	5	2835	56.81
2026/08/31 09:33:39.683	1198	402	51	5	2835	56.81
2026/08/31 09:33:39.784	1198	402	51	5	2835	56.81
2026/08/31 09:33:39.884	1198	402	51	5	2835	56.81
2026/08/31 09:33:39.984	1198	402	51	5	2835	56.81
2026/08/31 09:33:40.084	1198	402	51	4	2835	56.60
2026/08/31 09:33:40.184	1198	402	51	4	2835	56.60
2026/08/31 09:33:40.284	1198	402	51	4	2835	56.60
2026/08/31 09:33:40.384	1198	402	51	4	2835	56.60
2026/08/31 09:33:40.484	1198	402	51	4	2835	56.60
2026/08/31 09:33:40.584	1198	402	52	5	2835	56.77
2026/08/31 09:33:40.684	1198	402	52	5	2835	56.77
2026/08/31 09:33:40.785	1198	402	52	5	2835	56.77
2026/08/31 09:33:40.885	1198	402	52	5	2835	56.77
2026/08/31 09:33:40.985	1198	402	52	5	2835	56.77
2026/08/31 09:33:41.085	1198	402	51	5	2835	56.74
2026/08/31 09:33:41.185	1198	402	51	5	2835	56.74
2026/08/31 09:33:41.285	1198	402	51	5	2835	56.74
2026/08/31 09:33:41.385	1198	402	51	5	2835	56.74
2026/08/31 09:33:41.485	1198	402	51	5	2835	56.74
2026/08/31 09:33:41.585	1198	402	49	5	2835	56.81
2026/08/31 09:33:41.686	1198	402	49	5	2835	56.81
2026/08/31 09:33:41.786	1198	402	49	5	2835	56.81
2026/08/31 09:33:41.886	1198	402	49	5	2835	56.81
2026/08/31 09:33:41.986	1198	402	49	5	2835	56.81
2026/08/31 09:33:42.086	1198	402	51	5	2835	56.62
2026/08/31 09:33:42.186	1198	402	51	5	2835	56.62
2026/08/31 09:33:42.286	1198	402	51	5	2835	56.62
2026/08/31 09:33:42.386	1198	402	51	5	2835	56.62
2026/08/31 09:33:42.486	1198	402	51	5	2835	56.62
2026/08/31 09:33:42.586	1198	402	52	5	2835	56.72
2026/08/31 09:33:42.687	1198	402	52	5	2835	56.72
2026/08/31 09:33:42.787	1198	402	52	5	2835	56.72
2026/08/31 09:33:42.887	1198	402	52	5	2835	56.72
2026/08/31 09:33:42.987	1198	402	52	5	2835	56.72
2026/08/31 09:33:43.087	1198	402	51	5	2835	56.64
2026/08/31 09:33:43.187	1198	402	51	5	2835	56.64
2026/08/31 09:33:43.287	1198	402	51	5	2835	56.64
2026/08/31 09:33:43.387	1198	402	51	5	2835	56.64
2026/08/31 09:33:43.487	1198	402	51	5	2835	56.64
2026/08/31 09:33:43.588	1198	402	49	5	2835	56.80
2026/08/31 09:33:43.688	1198	402	49	5	2835	56.80
2026/08/31 09:33:43.788	1198	402	49	5	2835	56.80
2026/08/31 09:33:43.888	1198	402	49	5	2835	56.80
2026/08/31 09:33:43.988	1198	402	49	5	2835	56.80
2026/08/31 09:33:44.088	1198	402	50	5	2835	56.78
2026/08/31 09:33:44.188	1198	402	50	5	2835	56.78
2026/08/31 09:33:44.288	1198	402	50	5	2835	56.78
2026/08/31 09:33:44.388	1198	402	50	5	2835	56.78
2026/08/31 09:33:44.489	1198	402	50	5	2835	56.78
2026/08/31 09:33:44.589	1198	402	51	5	2835	56.91
2026/08/31 09:33:44.689	1198	402	51	5	2835	56.91
2026/08/31 09:33:44.789	1198	402	51	5	2835	56.91
2026/08/31 09:33:44.889	1198	402	51	5	2835	56.91
2026/08/31 09:33:44.989	1198	402	51	5	2835	56.91
2026/08/31 09:33:45.089	1198	402	50	4	2835	56.78
2026/08/31 09:33:45.189	1198	402	50	4	2835	56.78
2026/08/31 09:33:45.289	1198	402	50	4	2835	56.78
2026/08/31 09:33:45.389	1198	402	50	4	2835	56.78
2026/08/31 09:33:45.489	1198	402	50	4	2835	56.78
2026/08/31 09:33:45.590	1198	402	50	5	2835	56.88
2026/08/31 09:33:45.690	1198	402	50	5	2835	56.88
2026/08/31 09:33:45.790	1198	402	50	5	2835	56.88
2026/08/31 09:33:45.890	1198	402	50	5	2835	56.88
2026/08/31 09:33:45.990	1198	402	50	5	2835	56.88
2026/08/31 09:33:46.090	1198	402	49	4	2835	56.80
2026/08/31 09:33:46.190	1198	402	49	4	2835	56.80
2026/08/31 09:33:46.290	1198	402	49	4	2835	56.80
2026/08/31 09:33:46.390	1198	402	49	4	2835	56.80
2026/08/31 09:33:46.490	1198	402	49	4	2835	56.80
2026/08/31 09:33:46.590	1198	402	51	5	2835	56.91
2026/08/31 09:33:46.691	1198	402	51	5	2835	56.91
2026/08/31 09:33:46.791	1198	402	51	5	2835	56.91
2026/08/31 09:33:46.891	1198	402	51	5	2835	56.91
2026/08/31 09:33:46.991	1198	402	51	5	2835	56.91
2026/08/31 09:33:47.091	1198	402	51	5	2835	56.79
2026/08/31 09:33:47.191	1198	402	51	5	2835	56.79
2026/08/31 09:33:47.291	1198	402	51	5	2835	56.79
2026/08/31 09:33:47.391	1198	402	51	5	2835	56.79
2026/08/31 09:33:47.491	1198	402	51	5	2835	56.79
2026/08/31 09:33:47.592	1198	402	50	5	2835	56.85
2026/08/31 09:33:47.692	1198	402	50	5	2835	56.85
2026/08/31 09:33:47.792	1198	402	50	5	2835	56.85
2026/08/31 09:33:47.892	1198	402	50	5	2835	56.85
2026/08/31 09:33:47.992	1198	402	50	5	2835	56.85
2026/08/31 09:33:48.092	1198	402	49	4	2835	56.71
2026/08/31 09:33:48.192	1198	402	49	4	2835	56.71
2026/08/31 09:33:48.292	1198	402	49	4	2835	56.71
2026/08/31 09:33:48.392	1198	402	49	4	2835	56.71
2026/08/31 09:33:48.493	1198	402	49	4	2835	56.71
2026/08/31 09:33:48.593	1198	402	50	5	2835	56.97
2026/08/31 09:33:48.693	1198	402	50	5	2835	56.97
2026/08/31 09:33:48.793	1198	402	50	5	2835	56.97
2026/08/31 09:33:48.893	1198	402	50	5	2835	56.97
2026/08/31 09:33:48.993	1198	402	50	5	2835	56.97
2026/08/31 09:33:49.093	1198	402	52	5	2835	56.87
2026/08/31 09:33:49.193	1198	402	52	5	2835	56.87
2026/08/31 09:33:49.293	1198	402	52	5	2835	56.87
2026/08/31 09:33:49.393	1198	402	52	5	2835	56.87
2026/08/31 09:33:49.494	1198	402	52	5	2835	56.87
2026/08/31 09:33:49.594	1198	402	51	5	2835	56.98
2026/08/31 09:33:49.694	1198	402	51	5	2835	56.98
2026/08/31 09:33:49.794	1198	402	51	5	2835	56.98
2026/08/31 09:33:49.894	1198	402	51	5	2835	56.98
2026/08/31 09:33:49.994	1198	402	51	5	2835	56.98
2026/08/31 09:33:50.094	1198	402	51	5	2835	56.87
2026/08/31 09:33:50.194	1198	402	51	5	2835	56.87
2026/08/31 09:33:50.294	1198	402	51	5	2835	56.87
2026/08/31 09:33:50.394	1198	402	51	5	2835	56.87
2026/08/31 09:33:50.495	1198	402	51	5	2835	56.87
2026/08/31 09:33:50.595	1198	402	50	5	2835	56.97
2026/08/31 09:33:50.695	1198	402	50	5	2835	56.97
2026/08/31 09:33:50.795	1198	402	50	5	2835	56.97
2026/08/31 09:33:50.895	1198	402	50	5	2835	56.97
2026/08/31 09:33:50.995	1198	402	50	5	2835	56.97
2026/08/31 09:33:51.095	1198	402	49	4	2835	56.75
2026/08/31 09:33:51.195	1198	402	49	4	2835	56.75
2026/08/31 09:33:51.295	1198	402	49	4	2835	56.75
2026/08/31 09:33:51.395	1198	402	49	4	2835	56.75
2026/08/31 09:33:51.496	1198	402	49	4	2835	56.75
2026/08/31 09:33:51.596	1198	402	49	5	2835	56.67
2026/08/31 09:33:51.696	1198	402	49	5	2835	56.67
2026/08/31 09:33:51.796	1198	402	49	5	2835	56.67
2026/08/31 09:33:51.896	1198	402	49	5	2835	56.67
2026/08/31 09:33:51.996	1198	402	49	5	2835	56.67
2026/08/31 09:33:52.096	1198	402	49	4	2835	56.55
2026/08/31 09:33:52.196	1198	402	49	4	2835	56.55
2026/08/31 09:33:52.296	1198	402	49	4	2835	56.55
2026/08/31 09:33:52.396	1198	402	49	4	2835	56.55
2026/08/31 09:33:52.497	1198	402	49	4	2835	56.55
2026/08/31 09:33:52.597	1198	402	49	5	2835	56.78
2026/08/31 09:33:52.697	1198	402	49	5	2835	56.78
2026/08/31 09:33:52.797	1198	402	49	5	2835	56.78
2026/08/31 09:33:52.897	1198	402	49	5	2835	56.78
2026/08/31 09:33:52.997	1198	402	49	5	2835	56.78
2026/08/31 09:33:53.097	1198	402	49	4	2835	56.77
2026/08/31 09:33:53.197	1198	402	49	4	2835	56.77
2026/08/31 09:33:53.297	1198	402	49	4	2835	56.77
2026/08/31 09:33:53.397	1198	402	49	4	2835	56.77
2026/08/31 09:33:53.498	1198	402	49	4	2835	56.77
2026/08/31 09:33:53.598	1198	402	49	5	2835	56.98
2026/08/31 09:33:53.698	1198	402	49	5	2835	56.98
2026/08/31 09:33:53.798	1198	402	49	5	2835	56.98
2026/08/31 09:33:53.898	1198	402	49	5	2835	56.98
2026/08/31 09:33:53.998	1198	402	49	5	2835	56.98
2026/08/31 09:33:54.098	1198	402	49	4	2835	57.54
2026/08/31 09:33:54.198	1198	402	49	4	2835	57.54
2026/08/31 09:33:54.298	1198	402	49	4	2835	57.54
2026/08/31 09:33:54.399	1198	402	49	4	2835	57.54
2026/08/31 09:33:54.499	1198	402	49	4	2835	57.54
2026/08/31 09:33:54.599	1198	402	50	5	2835	57.70
2026/08/31 09:33:54.699	1198	402	50	5	2835	57.70
2026/08/31 09:33:54.799	1198	402	50	5	2835	57.70
2026/08/31 09:33:54.899	1198	402	50	5	2835	57.70
2026/08/31 09:33:54.999	1198	402	50	5	2835	57.70
2026/08/31 09:33:55.099	1198	402	50	4	2835	57.07
2026/08/31 09:33:55.199	1198	402	50	4	2835	57.07
2026/08/31 09:33:55.300	1198	402	50	4	2835	57.07
2026/08/31 09:33:55.400	1198	402	50	4	2835	57.07
2026/08/31 09:33:55.500	1198	402	50	4	2835	57.07
2026/08/31 09:33:55.600	1198	402	51	5	2835	57.02
2026/08/31 09:33:55.700	1198	402	51	5	2835	57.02
2026/08/31 09:33:55.800	1198	402	51	5	2835	57.02
2026/08/31 09:33:55.900	1198	402	51	5	2835	57.02
2026/08/31 09:33:56.000	1198	402	51	5	2835	57.02
2026/08/31 09:33:56.100	1198	402	50	4	2835	56.98
2026/08/31 09:33:56.201	1198	402	50	4	2835	56.98
2026/08/31 09:33:56.301	1198	402	50	4	2835	56.98
2026/08/31 09:33:56.401	1198	402	50	4	2835	56.98
2026/08/31 09:33:56.501	1198	402	50	4	2835	56.98
2026/08/31 09:33:56.601	1198	402	49	5	2835	57.22
2026/08/31 09:33:56.701	1198	402	49	5	2835	57.22
2026/08/31 09:33:56.801	1198	402	49	5	2835	57.22
2026/08/31 09:33:56.901	1198	402	49	5	2835	57.22
2026/08/31 09:33:57.001	1198	402	49	5	2835	57.22
2026/08/31 09:33:57.101	1198	402	51	4	2835	57.12
2026/08/31 09:33:57.202	1198	402	51	4	2835	57.12
2026/08/31 09:33:57.302	1198	402	51	4	2835	57.12
2026/08/31 09:33:57.402	1198	402	51	4	2835	57.12
2026/08/31 09:33:57.502	1198	402	51	4	2835	57.12
2026/08/31 09:33:57.602	1198	402	49	5	2835	57.64
2026/08/31 09:33:57.702	1198	402	49	5	2835	57.64
2026/08/31 09:33:57.802	1198	402	49	5	2835	57.64
2026/08/31 09:33:57.902	1198	402	49	5	2835	57.64
2026/08/31 09:33:58.002	1198	402	49	5	2835	57.64
2026/08/31 09:33:58.102	1198	402	49	4	2835	58.55
2026/08/31 09:33:58.203	1198	402	49	4	2835	58.55
2026/08/31 09:33:58.303	1198	402	49	4	2835	58.55
2026/08/31 09:33:58.403	1198	402	49	4	2835	58.55
2026/08/31 09:33:58.503	1198	402	49	4	2835	58.55
2026/08/31 09:33:58.603	1198	402	50	5	2835	58.65
2026/08/31 09:33:58.703	1198	402	50	5	2835	58.65
2026/08/31 09:33:58.803	1198	402	50	5	2835	58.65
2026/08/31 09:33:58.903	1198	402	50	5	2835	58.65
2026/08/31 09:33:59.003	1198	402	50	5	2835	58.65
2026/08/31 09:33:59.104	1198	402	49	4	2835	58.11
2026/08/31 09:33:59.204	1198	402	49	4	2835	58.11
2026/08/31 09:33:59.304	1198	402	49	4	2835	58.11
2026/08/31 09:33:59.404	1198	402	49	4	2835	58.11
2026/08/31 09:33:59.504	1198	402	49	4	2835	58.11
2026/08/31 09:33:59.604	1198	402	52	5	2835	57.91
2026/08/31 09:33:59.704	1198	402	52	5	2835	57.91
2026/08/31 09:33:59.804	1198	402	52	5	2835	57.91
2026/08/31 09:33:59.904	1198	402	52	5	2835	57.91
2026/08/31 09:34:00.004	1198	402	50	4	2835	57.10
2026/08/31 09:34:00.105	1198	402	50	4	2835	57.10
2026/08/31 09:34:00.205	1198	402	50	4	2835	57.10
2026/08/31 09:34:00.305	1198	402	50	4	2835	57.10
2026/08/31 09:34:00.405	1198	402	50	4	2835	57.10
2026/08/31 09:34:00.505	1198	402	49	5	2835	57.14
2026/08/31 09:34:00.605	1198	402	49	5	2835	57.14
2026/08/31 09:34:00.705	1198	402	49	5	2835	57.14
2026/08/31 09:34:00.805	1198	402	49	5	2835	57.14
2026/08/31 09:34:00.905	1198	402	49	5	2835	57.14
2026/08/31 09:34:01.005	1198	402	50	4	2835	57.80
2026/08/31 09:34:01.106	1198	402	50	4	2835	57.80
2026/08/31 09:34:01.206	1198	402	50	4	2835	57.80
2026/08/31 09:34:01.306	1198	402	50	4	2835	57.80
2026/08/31 09:34:01.406	1198	402	50	4	2835	57.80
2026/08/31 09:34:01.506	1198	402	51	5	2835	58.43
2026/08/31 09:34:01.606	1198	402	51	5	2835	58.43
2026/08/31 09:34:01.706	1198	402	51	5	2835	58.43
2026/08/31 09:34:01.806	1198	402	51	5	2835	58.43
2026/08/31 09:34:01.906	1198	402	51	5	2835	58.43
2026/08/31 09:34:02.006	1198	402	50	4	2835	57.85
2026/08/31 09:34:02.107	1198	402	50	4	2835	57.85
2026/08/31 09:34:02.207	1198	402	50	4	2835	57.85
2026/08/31 09:34:02.307	1198	402	50	4	2835	57.85
2026/08/31 09:34:02.407	1198	402	50	4	2835	57.85
2026/08/31 09:34:02.507	1198	402	51	5	2835	57.90
2026/08/31 09:34:02.607	1198	402	51	5	2835	57.90
2026/08/31 09:34:02.707	1198	402	51	5	2835	57.90
2026/08/31 09:34:02.807	1198	402	51	5	2835	57.90
2026/08/31 09:34:02.907	1198	402	51	5	2835	57.90
2026/08/31 09:34:03.007	1198	402	50	4	2835	58.03
2026/08/31 09:34:03.107	1198	402	50	4	2835	58.03
2026/08/31 09:34:03.208	1198	402	50	4	2835	58.03
2026/08/31 09:34:03.308	1198	402	50	4	2835	58.03
2026/08/31 09:34:03.408	1198	402	50	4	2835	58.03
2026/08/31 09:34:03.508	1198	402	50	5	2835	57.60
2026/08/31 09:34:03.608	1198	402	50	5	2835	57.60
2026/08/31 09:34:03.708	1198	402	50	5	2835	57.60
2026/08/31 09:34:03.808	1198	402	50	5	2835	57.60
2026/08/31 09:34:03.908	1198	402	50	5	2835	57.60
2026/08/31 09:34:04.008	1198	402	49	4	2835	57.08
2026/08/31 09:34:04.108	1198	402	49	4	2835	57.08
2026/08/31 09:34:04.209	1198	402	49	4	2835	57.08
2026/08/31 09:34:04.309	1198	402	49	4	2835	57.08
2026/08/31 09:34:04.409	1198	402	49	4	2835	57.08
2026/08/31 09:34:04.509	1198	402	48	5	2835	58.22
2026/08/31 09:34:04.609	1198	402	48	5	2835	58.22
2026/08/31 09:34:04.709	1198	402	48	5	2835	58.22
2026/08/31 09:34:04.809	1198	402	48	5	2835	58.22
2026/08/31 09:34:04.909	1198	402	48	5	2835	58.22
2026/08/31 09:34:05.009	1198	402	50	4	2835	58.43
2026/08/31 09:34:05.109	1198	402	50	4	2835	58.43
2026/08/31 09:34:05.210	1198	402	50	4	2835	58.43
2026/08/31 09:34:05.310	1198	402	50	4	2835	58.43
2026/08/31 09:34:05.410	1198	402	50	4	2835	58.43
2026/08/31 09:34:05.510	1198	402	50	5	2835	57.81
2026/08/31 09:34:05.610	1198	402	50	5	2835	57.81
2026/08/31 09:34:05.710	1198	402	50	5	2835	57.81
2026/08/31 09:34:05.810	1198	402	50	5	2835	57.81
2026/08/31 09:34:05.910	1198	402	50	5	2835	57.81
2026/08/31 09:34:06.010	1198	402	49	4	2835	57.26
2026/08/31 09:34:06.111	1198	402	49	4	2835	57.26
2026/08/31 09:34:06.211	1198	402	49	4	2835	57.26
2026/08/31 09:34:06.311	1198	402	49	4	2835	57.26
2026/08/31 09:34:06.411	1198	402	49	4	2835	57.26
2026/08/31 09:34:06.511	1198	402	48	5	2835	57.21
2026/08/31 09:34:06.611	1198	402	48	5	2835	57.21
2026/08/31 09:34:06.711	1198	402	48	5	2835	57.21
2026/08/31 09:34:06.811	1198	402	48	5	2835	57.21
2026/08/31 09:34:06.911	1198	402	48	5	2835	57.21
2026/08/31 09:34:07.011	1198	402	51	4	2835	57.08
2026/08/31 09:34:07.112	1198	402	51	4	2835	57.08
2026/08/31 09:34:07.212	1198	402	51	4	2835	57.08
2026/08/31 09:34:07.312	1198	402	51	4	2835	57.08
2026/08/31 09:34:07.412	1198	402	51	4	2835	57.08
2026/08/31 09:34:07.512	1198	402	50	5	2835	57.32
2026/08/31 09:34:07.612	1198	402	50	5	2835	57.32
2026/08/31 09:34:07.712	1198	402	50	5	2835	57.32
2026/08/31 09:34:07.812	1198	402	50	5	2835	57.32
2026/08/31 09:34:07.912	1198	402	50	5	2835	57.32
2026/08/31 09:34:08.013	1198	402	50	4	2835	57.35
2026/08/31 09:34:08.113	1198	402	50	4	2835	57.35
2026/08/31 09:34:08.213	1198	402	50	4	2835	57.35
2026/08/31 09:34:08.313	1198	402	50	4	2835	57.35
2026/08/31 09:34:08.413	1198	402	50	4	2835	57.35
2026/08/31 09:34:08.513	1198	402	51	5	2835	57.45
2026/08/31 09:34:08.613	1198	402	51	5	2835	57.45
2026/08/31 09:34:08.713	1198	402	51	5	2835	57.45
2026/08/31 09:34:08.813	1198	402	51	5	2835	57.45
2026/08/31 09:34:08.913	1198	402	51	5	2835	57.45
2026/08/31 09:34:09.014	1198	402	50	4	2835	57.29
2026/08/31 09:34:09.114	1198	402	50	4	2835	57.29
2026/08/31 09:34:09.214	1198	402	50	4	2835	57.29
2026/08/31 09:34:09.314	1198	402	50	4	2835	57.29
2026/08/31 09:34:09.414	1198	402	50	4	2835	57.29
2026/08/31 09:34:09.514	1198	402	49	5	2835	57.45
2026/08/31 09:34:09.614	1198	402	49	5	2835	57.45
2026/08/31 09:34:09.714	1198	402	49	5	2835	57.45
2026/08/31 09:34:09.814	1198	402	49	5	2835	57.45
2026/08/31 09:34:09.914	1198	402	49	5	2835	57.45
2026/08/31 09:34:10.014	1198	402	48	4	2835	57.33
2026/08/31 09:34:10.115	1198	402	48	4	2835	57.33
2026/08/31 09:34:10.215	1198	402	48	4	2835	57.33
2026/08/31 09:34:10.315	1198	402	48	4	2835	57.33
2026/08/31 09:34:10.415	1198	402	48	4	2835	57.33
2026/08/31 09:34:10.515	1198	402	50	5	2835	57.46
2026/08/31 09:34:10.615	1198	402	50	5	2835	57.46
2026/08/31 09:34:10.715	1198	402	50	5	2835	57.46
2026/08/31 09:34:10.815	1198	402	50	5	2835	57.46
2026/08/31 09:34:10.915	1198	402	50	5	2835	57.46
2026/08/31 09:34:11.015	1198	402	48	4	2835	57.30
2026/08/31 09:34:11.116	1198	402	48	4	2835	57.30
2026/08/31 09:34:11.216	1198	402	48	4	2835	57.30
2026/08/31 09:34:11.316	1198	402	48	4	2835	57.30
2026/08/31 09:34:11.416	1198	402	48	4	2835	57.30
2026/08/31 09:34:11.516	1198	402	51	5	2835	57.37
2026/08/31 09:34:11.616	1198	402	51	5	2835	57.37
2026/08/31 09:34:11.716	1198	402	51	5	2835	57.37
2026/08/31 09:34:11.816	1198	402	51	5	2835	57.37
2026/08/31 09:34:11.916	1198	402	51	5	2835	57.37
2026/08/31 09:34:12.016	1198	402	52	4	2835	57.67
2026/08/31 09:34:12.117	1198	402	52	4	2835	57.67
2026/08/31 09:34:12.217	1198	402	52	4	2835	57.67
2026/08/31 09:34:12.317	1198	402	52	4	2835	57.67
2026/08/31 09:34:12.417	1198	402	52	4	2835	57.67
2026/08/31 09:34:12.517	1198	402	50	5	2835	57.74
2026/08/31 09:34:12.617	1198	402	50	5	2835	57.74
2026/08/31 09:34:12.717	1198	402	50	5	2835	57.74
2026/08/31 09:34:12.817	1198	402	50	5	2835	57.74
2026/08/31 09:34:12.917	1198	402	50	5	2835	57.74
2026/08/31 09:34:13.017	1198	402	50	4	2835	57.19
2026/08/31 09:34:13.117	1198	402	50	4	2835	57.19
2026/08/31 09:34:13.218	1198	402	50	4	2835	57.19
2026/08/31 09:34:13.318	1198	402	50	4	2835	57.19
2026/08/31 09:34:13.418	1198	402	50	4	2835	57.19
2026/08/31 09:34:13.518	1198	402	49	5	2835	57.39
2026/08/31 09:34:13.618	1198	402	49	5	2835	57.39
2026/08/31 09:34:13.718	1198	402	49	5	2835	57.39
2026/08/31 09:34:13.818	1198	402	49	5	2835	57.39
2026/08/31 09:34:13.919	1198	402	49	5	2835	57.39
2026/08/31 09:34:14.019	1198	402	49	4	2835	57.24
2026/08/31 09:34:14.120	1198	402	49	4	2835	57.24
2026/08/31 09:34:14.220	1198	402	49	4	2835	57.24
2026/08/31 09:34:14.320	1198	402	49	4	2835	57.24
2026/08/31 09:34:14.420	1198	402	49	4	2835	57.24
2026/08/31 09:34:14.520	1198	402	49	5	2835	57.33
2026/08/31 09:34:14.620	1198	402	49	5	2835	57.33
2026/08/31 09:34:14.720	1198	402	49	5	2835	57.33
2026/08/31 09:34:14.820	1198	402	49	5	2835	57.33
2026/08/31 09:34:14.920	1198	402	49	5	2835	57.33
2026/08/31 09:34:15.020	1198	402	51	4	2835	57.31
2026/08/31 09:34:15.121	1198	402	51	4	2835	57.31
2026/08/31 09:34:15.221	1198	402	51	4	2835	57.31
2026/08/31 09:34:15.321	1198	402	51	4	2835	57.31
2026/08/31 09:34:15.422	1198	402	51	4	2835	57.31
2026/08/31 09:34:15.522	1198	402	49	5	2835	57.47
2026/08/31 09:34:15.622	1198	402	49	5	2835	57.47
2026/08/31 09:34:15.722	1198	402	49	5	2835	57.47
2026/08/31 09:34:15.822	1198	402	49	5	2835	57.47
2026/08/31 09:34:15.922	1198	402	49	5	2835	57.47
2026/08/31 09:34:16.022	1198	402	50	4	2835	57.34
2026/08/31 09:34:16.122	1198	402	50	4	2835	57.34
2026/08/31 09:34:16.222	1198	402	50	4	2835	57.34
2026/08/31 09:34:16.322	1198	402	50	4	2835	57.34
2026/08/31 09:34:16.423	1198	402	50	4	2835	57.34
2026/08/31 09:34:16.523	1198	402	50	5	2835	57.44
2026/08/31 09:34:16.623	1198	402	50	5	2835	57.44
2026/08/31 09:34:16.723	1198	402	50	5	2835	57.44
2026/08/31 09:34:16.823	1198	402	50	5	2835	57.44
2026/08/31 09:34:16.923	1198	402	50	5	2835	57.44
2026/08/31 09:34:17.023	1198	402	49	4	2835	57.39
2026/08/31 09:34:17.123	1198	402	49	4	2835	57.39
2026/08/31 09:34:17.223	1198	402	49	4	2835	57.39
2026/08/31 09:34:17.323	1198	402	49	4	2835	57.39
2026/08/31 09:34:17.424	1198	402	49	4	2835	57.39
2026/08/31 09:34:17.524	1198	402	50	5	2835	57.33
2026/08/31 09:34:17.624	1198	402	50	5	2835	57.33
2026/08/31 09:34:17.724	1198	402	50	5	2835	57.33
2026/08/31 09:34:17.824	1198	402	50	5	2835	57.33
2026/08/31 09:34:17.924	1198	402	50	5	2835	57.33
2026/08/31 09:34:18.024	1198	402	50	4	2835	56.98
2026/08/31 09:34:18.124	1198	402	50	4	2835	56.98
2026/08/31 09:34:18.224	1198	402	50	4	2835	56.98
2026/08/31 09:34:18.324	1198	402	50	4	2835	56.98
2026/08/31 09:34:18.425	1198	402	50	4	2835	56.98
2026/08/31 09:34:18.525	1198	402	50	5	2835	57.12
2026/08/31 09:34:18.625	1198	402	50	5	2835	57.12
2026/08/31 09:34:18.725	1198	402	50	5	2835	57.12
2026/08/31 09:34:18.825	1198	402	50	5	2835	57.12
2026/08/31 09:34:18.925	1198	402	50	5	2835	57.12
2026/08/31 09:34:19.025	1198	402	50	4	2835	57.12
2026/08/31 09:34:19.125	1198	402	50	4	2835	57.12
2026/08/31 09:34:19.225	1198	402	50	4	2835	57.12
2026/08/31 09:34:19.325	1198	402	50	4	2835	57.12
2026/08/31 09:34:19.426	1198	402	50	4	2835	57.12
2026/08/31 09:34:19.526	1198	402	50	5	2835	57.23
2026/08/31 09:34:19.626	1198	402	50	5	2835	57.23
2026/08/31 09:34:19.726	1198	402	50	5	2835	57.23
2026/08/31 09:34:19.826	1198	402	50	5	2835	57.23
2026/08/31 09:34:19.926	1198	402	50	5	2835	57.23
2026/08/31 09:34:20.026	1198	402	51	4	2835	57.05
2026/08/31 09:34:20.126	1198	402	51	4	2835	57.05
2026/08/31 09:34:20.226	1198	402	51	4	2835	57.05
2026/08/31 09:34:20.327	1198	402	51	4	2835	57.05
2026/08/31 09:34:20.427	1198	402	51	4	2835	57.05
2026/08/31 09:34:20.527	1198	402	50	5	2835	57.14
2026/08/31 09:34:20.627	1198	402	50	5	2835	57.14
2026/08/31 09:34:20.727	1198	402	50	5	2835	57.14
2026/08/31 09:34:20.827	1198	402	50	5	2835	57.14
2026/08/31 09:34:20.927	1198	402	50	5	2835	57.14
2026/08/31 09:34:21.027	1198	402	50	5	2835	56.90
2026/08/31 09:34:21.127	1198	402	50	5	2835	56.90
2026/08/31 09:34:21.227	1198	402	50	5	2835	56.90
2026/08/31 09:34:21.328	1198	402	50	5	2835	56.90
2026/08/31 09:34:21.428	1198	402	50	5	2835	56.90
2026/08/31 09:34:21.528	1198	402	51	5	2835	56.83
2026/08/31 09:34:21.628	1198	402	51	5	2835	56.83
2026/08/31 09:34:21.728	1198	402	51	5	2835	56.83
2026/08/31 09:34:21.828	1198	402	51	5	2835	56.83
2026/08/31 09:34:21.928	1198	402	51	5	2835	56.83
2026/08/31 09:34:22.028	1198	402	50	4	2835	56.60
2026/08/31 09:34:22.128	1198	402	50	4	2835	56.60
2026/08/31 09:34:22.229	1198	402	50	4	2835	56.60
2026/08/31 09:34:22.329	1198	402	50	4	2835	56.60
2026/08/31 09:34:22.429	1198	402	50	4	2835	56.60
2026/08/31 09:34:22.529	1198	402	50	5	2835	56.65
2026/08/31 09:34:22.629	1198	402	50	5	2835	56.65
2026/08/31 09:34:22.729	1198	402	50	5	2835	56.65
2026/08/31 09:34:22.829	1198	402	50	5	2835	56.65
2026/08/31 09:34:22.929	1198	402	50	5	2835	56.65
2026/08/31 09:34:23.029	1198	402	50	4	2835	57.86
2026/08/31 09:34:23.129	1198	402	50	4	2835	57.86
2026/08/31 09:34:23.230	1198	402	50	4	2835	57.86
2026/08/31 09:34:23.330	1198	402	50	4	2835	57.86
2026/08/31 09:34:23.430	1198	402	50	4	2835	57.86
2026/08/31 09:34:23.530	1198	402	48	5	2835	58.50
2026/08/31 09:34:23.630	1198	402	48	5	2835	58.50
2026/08/31 09:34:23.730	1198	402	48	5	2835	58.50
2026/08/31 09:34:23.830	1198	402	48	5	2835	58.50
2026/08/31 09:34:23.930	1198	402	48	5	2835	58.50
2026/08/31 09:34:24.030	1198	402	50	4	2835	57.51
2026/08/31 09:34:24.130	1198	402	50	4	2835	57.51
2026/08/31 09:34:24.231	1198	402	50	4	2835	57.51
2026/08/31 09:34:24.331	1198	402	50	4	2835	57.51
2026/08/31 09:34:24.431	1198	402	50	4	2835	57.51
2026/08/31 09:34:24.531	1198	402	50	5	2835	56.67
2026/08/31 09:34:24.631	1198	402	50	5	2835	56.67
2026/08/31 09:34:24.731	1198	402	50	5	2835	56.67
2026/08/31 09:34:24.831	1198	402	50	5	2835	56.67
2026/08/31 09:34:24.931	1198	402	50	5	2835	56.67
2026/08/31 09:34:25.031	1198	402	52	4	2835	56.25
2026/08/31 09:34:25.131	1198	402	52	4	2835	56.25
2026/08/31 09:34:25.232	1198	402	52	4	2835	56.25
2026/08/31 09:34:25.332	1198	402	52	4	2835	56.25
2026/08/31 09:34:25.432	1198	402	52	4	2835	56.25
2026/08/31 09:34:25.532	1198	402	51	5	2835	56.35
2026/08/31 09:34:25.632	1198	402	51	5	2835	56.35
2026/08/31 09:34:25.732	1198	402	51	5	2835	56.35
2026/08/31 09:34:25.832	1198	402	51	5	2835	56.35
2026/08/31 09:34:25.932	1198	402	51	5	2835	56.35
2026/08/31 09:34:26.032	1198	402	49	4	2835	56.25
2026/08/31 09:34:26.133	1198	402	49	4	2835	56.25
2026/08/31 09:34:26.233	1198	402	49	4	2835	56.25
2026/08/31 09:34:26.333	1198	402	49	4	2835	56.25
2026/08/31 09:34:26.433	1198	402	49	4	2835	56.25
2026/08/31 09:34:26.533	1198	402	50	5	2835	56.29
2026/08/31 09:34:26.633	1198	402	50	5	2835	56.29
2026/08/31 09:34:26.733	1198	402	50	5	2835	56.29
2026/08/31 09:34:26.833	1198	402	50	5	2835	56.29
2026/08/31 09:34:26.933	1198	402	50	5	2835	56.29
2026/08/31 09:34:27.033	1198	402	49	4	2835	56.24
2026/08/31 09:34:27.134	1198	402	49	4	2835	56.24
2026/08/31 09:34:27.234	1198	402	49	4	2835	56.24
2026/08/31 09:34:27.334	1198	402	49	4	2835	56.24
2026/08/31 09:34:27.434	1198	402	49	4	2835	56.24
2026/08/31 09:34:27.534	1198	402	49	5	2835	58.09
2026/08/31 09:34:27.634	1198	402	49	5	2835	58.09
2026/08/31 09:34:27.734	1198	402	49	5	2835	58.09
2026/08/31 09:34:27.834	1198	402	49	5	2835	58.09
2026/08/31 09:34:27.934	1198	402	49	5	2835	58.09
2026/08/31 09:34:28.034	1198	402	49	4	2835	58.73
2026/08/31 09:34:28.134	1198	402	49	4	2835	58.73
2026/08/31 09:34:28.235	1198	402	49	4	2835	58.73
2026/08/31 09:34:28.335	1198	402	49	4	2835	58.73
2026/08/31 09:34:28.435	1198	402	49	4	2835	58.73
2026/08/31 09:34:28.535	1198	402	49	5	2835	57.48
2026/08/31 09:34:28.635	1198	402	49	5	2835	57.48
2026/08/31 09:34:28.735	1198	402	49	5	2835	57.48
2026/08/31 09:34:28.835	1198	402	49	5	2835	57.48
2026/08/31 09:34:28.935	1198	402	49	5	2835	57.48
2026/08/31 09:34:29.035	1198	402	51	4	2835	56.44
2026/08/31 09:34:29.135	1198	402	51	4	2835	56.44
2026/08/31 09:34:29.236	1198	402	51	4	2835	56.44
2026/08/31 09:34:29.336	1198	402	51	4	2835	56.44
2026/08/31 09:34:29.436	1198	402	51	4	2835	56.44
2026/08/31 09:34:29.536	1198	402	50	5	2835	56.50
2026/08/31 09:34:29.636	1198	402	50	5	2835	56.50
2026/08/31 09:34:29.736	1198	402	50	5	2835	56.50
2026/08/31 09:34:29.836	1198	402	50	5	2835	56.50
2026/08/31 09:34:29.936	1198	402	50	5	2835	56.50
2026/08/31 09:34:30.036	1198	402	49	4	2835	56.26
2026/08/31 09:34:30.136	1198	402	49	4	2835	56.26
2026/08/31 09:34:30.237	1198	402	49	4	2835	56.26
2026/08/31 09:34:30.337	1198	402	49	4	2835	56.26
2026/08/31 09:34:30.437	1198	402	49	4	2835	56.26
2026/08/31 09:34:30.537	1198	402	49	5	2835	56.32
2026/08/31 09:34:30.637	1198	402	49	5	2835	56.32
2026/08/31 09:34:30.737	1198	402	49	5	2835	56.32
2026/08/31 09:34:30.837	1198	402	49	5	2835	56.32
2026/08/31 09:34:30.937	1198	402	49	5	2835	56.32
2026/08/31 09:34:31.037	1198	402	48	4	2835	56.27
2026/08/31 09:34:31.137	1198	402	48	4	2835	56.27
2026/08/31 09:34:31.238	1198	402	48	4	2835	56.27
2026/08/31 09:34:31.338	1198	402	48	4	2835	56.27
2026/08/31 09:34:31.438	1198	402	48	4	2835	56.27
2026/08/31 09:34:31.538	1198	402	50	5	2835	56.53
2026/08/31 09:34:31.638	1198	402	50	5	2835	56.53
2026/08/31 09:34:31.738	1198	402	50	5	2835	56.53
2026/08/31 09:34:31.838	1198	402	50	5	2835	56.53
2026/08/31 09:34:31.938	1198	402	50	5	2835	56.53
2026/08/31 09:34:32.038	1198	402	50	4	2835	56.46
2026/08/31 09:34:32.138	1198	402	50	4	2835	56.46
2026/08/31 09:34:32.238	1198	402	50	4	2835	56.46
2026/08/31 09:34:32.339	1198	402	50	4	2835	56.46
2026/08/31 09:34:32.439	1198	402	50	4	2835	56.46
2026/08/31 09:34:32.539	1198	402	50	5	2835	56.54
2026/08/31 09:34:32.639	1198	402	50	5	2835	56.54
2026/08/31 09:34:32.739	1198	402	50	5	2835	56.54
2026/08/31 09:34:32.839	1198	402	50	5	2835	56.54
2026/08/31 09:34:32.939	1198	402	50	5	2835	56.54
2026/08/31 09:34:33.039	1198	402	51	4	2835	56.41
2026/08/31 09:34:33.139	1198	402	51	4	2835	56.41
2026/08/31 09:34:33.239	1198	402	51	4	2835	56.41
2026/08/31 09:34:33.339	1198	402	51	4	2835	56.41
2026/08/31 09:34:33.440	1198	402	51	4	2835	56.41
2026/08/31 09:34:33.540	1198	402	50	5	2835	56.54
2026/08/31 09:34:33.640	1198	402	50	5	2835	56.54
2026/08/31 09:34:33.740	1198	402	50	5	2835	56.54
2026/08/31 09:34:33.840	1198	402	50	5	2835	56.54
2026/08/31 09:34:33.940	1198	402	50	5	2835	56.54
2026/08/31 09:34:34.040	1198	402	50	4	2835	56.46
2026/08/31 09:34:34.140	1198	402	50	4	2835	56.46
2026/08/31 09:34:34.240	1198	402	50	4	2835	56.46
2026/08/31 09:34:34.340	1198	402	50	4	2835	56.46
2026/08/31 09:34:34.441	1198	402	50	4	2835	56.46
2026/08/31 09:34:34.541	1198	402	50	5	2835	56.62
2026/08/31 09:34:34.641	1198	402	50	5	2835	56.62
2026/08/31 09:34:34.741	1198	402	50	5	2835	56.62
2026/08/31 09:34:34.841	1198	402	50	5	2835	56.62
2026/08/31 09:34:34.941	1198	402	50	5	2835	56.62
2026/08/31 09:34:35.041	1198	402	48	4	2835	56.60
2026/08/31 09:34:35.141	1198	402	48	4	2835	56.60
2026/08/31 09:34:35.241	1198	402	48	4	2835	56.60
2026/08/31 09:34:35.342	1198	402	48	4	2835	56.60
2026/08/31 09:34:35.442	1198	402	48	4	2835	56.60
2026/08/31 09:34:35.542	1198	402	49	5	2835	56.72
2026/08/31 09:34:35.642	1198	402	49	5	2835	56.72
2026/08/31 09:34:35.742	1198	402	49	5	2835	56.72
2026/08/31 09:34:35.842	1198	402	49	5	2835	56.72
2026/08/31 09:34:35.942	1198	402	49	5	2835	56.72
2026/08/31 09:34:36.042	1198	402	50	4	2835	56.55
2026/08/31 09:34:36.142	1198	402	50	4	2835	56.55
2026/08/31 09:34:36.242	1198	402	50	4	2835	56.55
2026/08/31 09:34:36.343	1198	402	50	4	2835	56.55
2026/08/31 09:34:36.443	1198	402	50	4	2835	56.55
2026/08/31 09:34:36.543	1198	402	49	5	2835	56.50
2026/08/31 09:34:36.643	1198	402	49	5	2835	56.50
2026/08/31 09:34:36.743	1198	402	49	5	2835	56.50
2026/08/31 09:34:36.843	1198	402	49	5	2835	56.50
2026/08/31 09:34:36.943	1198	402	49	5	2835	56.50
2026/08/31 09:34:37.043	1198	402	49	4	2835	56.11
2026/08/31 09:34:37.143	1198	402	49	4	2835	56.11
2026/08/31 09:34:37.243	1198	402	49	4	2835	56.11
2026/08/31 09:34:37.343	1198	402	49	4	2835	56.11
2026/08/31 09:34:37.444	1198	402	49	4	2835	56.11
2026/08/31 09:34:37.544	1198	402	49	4	2835	55.89
2026/08/31 09:34:37.644	1198	402	49	4	2835	55.89
2026/08/31 09:34:37.744	1198	402	49	4	2835	55.89
2026/08/31 09:34:37.844	1198	402	49	4	2835	55.89
2026/08/31 09:34:37.944	1198	402	49	4	2835	55.89
2026/08/31 09:34:38.044	1198	402	51	4	2835	55.98
2026/08/31 09:34:38.144	1198	402	51	4	2835	55.98
2026/08/31 09:34:38.244	1198	402	51	4	2835	55.98
2026/08/31 09:34:38.344	1198	402	51	4	2835	55.98
2026/08/31 09:34:38.444	1198	402	51	4	2835	55.98
2026/08/31 09:34:38.545	1198	402	50	4	2835	56.01
2026/08/31 09:34:38.645	1198	402	50	4	2835	56.01
2026/08/31 09:34:38.745	1198	402	50	4	2835	56.01
2026/08/31 09:34:38.845	1198	402	50	4	2835	56.01
2026/08/31 09:34:38.945	1198	402	50	4	2835	56.01
2026/08/31 09:34:39.045	1198	402	47	4	2835	56.06
2026/08/31 09:34:39.145	1198	402	47	4	2835	56.06
2026/08/31 09:34:39.245	1198	402	47	4	2835	56.06
2026/08/31 09:34:39.345	1198	402	47	4	2835	56.06
2026/08/31 09:34:39.445	1198	402	47	4	2835	56.06
2026/08/31 09:34:39.545	1198	402	47	4	2835	55.93
2026/08/31 09:34:39.646	1198	402	47	4	2835	55.93
2026/08/31 09:34:39.746	1198	402	47	4	2835	55.93
2026/08/31 09:34:39.846	1198	402	47	4	2835	55.93
2026/08/31 09:34:39.946	1198	402	47	4	2835	55.93
2026/08/31 09:34:40.046	1198	402	48	4	2835	55.86
2026/08/31 09:34:40.146	1198	402	48	4	2835	55.86
2026/08/31 09:34:40.246	1198	402	48	4	2835	55.86
2026/08/31 09:34:40.346	1198	402	48	4	2835	55.86
2026/08/31 09:34:40.446	1198	402	48	4	2835	55.86
2026/08/31 09:34:40.546	1198	402	47	4	2835	55.77
2026/08/31 09:34:40.646	1198	402	47	4	2835	55.77
2026/08/31 09:34:40.747	1198	402	47	4	2835	55.77
2026/08/31 09:34:40.847	1198	402	47	4	2835	55.77
2026/08/31 09:34:40.947	1198	402	47	4	2835	55.77
2026/08/31 09:34:41.047	1198	402	50	4	2835	55.91
2026/08/31 09:34:41.147	1198	402	50	4	2835	55.91
2026/08/31 09:34:41.247	1198	402	50	4	2835	55.91
2026/08/31 09:34:41.347	1198	402	50	4	2835	55.91
2026/08/31 09:34:41.447	1198	402	50	4	2835	55.91
2026/08/31 09:34:41.547	1198	402	47	4	2835	56.05
2026/08/31 09:34:41.647	1198	402	47	4	2835	56.05
2026/08/31 09:34:41.747	1198	402	47	4	2835	56.05
2026/08/31 09:34:41.848	1198	402	47	4	2835	56.05
2026/08/31 09:34:41.948	1198	402	47	4	2835	56.05
2026/08/31 09:34:42.048	1198	402	50	4	2835	56.26
2026/08/31 09:34:42.148	1198	402	50	4	2835	56.26
2026/08/31 09:34:42.248	1198	402	50	4	2835	56.26
2026/08/31 09:34:42.348	1198	402	50	4	2835	56.26
2026/08/31 09:34:42.448	1198	402	50	4	2835	56.26
2026/08/31 09:34:42.548	1198	402	48	5	2835	56.59
2026/08/31 09:34:42.648	1198	402	48	5	2835	56.59
2026/08/31 09:34:42.748	1198	402	48	5	2835	56.59
2026/08/31 09:34:42.849	1198	402	48	5	2835	56.59
2026/08/31 09:34:42.949	1198	402	48	5	2835	56.59
2026/08/31 09:34:43.049	1198	402	51	4	2835	56.76
2026/08/31 09:34:43.149	1198	402	51	4	2835	56.76
2026/08/31 09:34:43.249	1198	402	51	4	2835	56.76
2026/08/31 09:34:43.349	1198	402	51	4	2835	56.76
2026/08/31 09:34:43.449	1198	402	51	4	2835	56.76
2026/08/31 09:34:43.549	1198	402	52	5	2835	56.88
2026/08/31 09:34:43.649	1198	402	52	5	2835	56.88
2026/08/31 09:34:43.750	1198	402	52	5	2835	56.88
2026/08/31 09:34:43.850	1198	402	52	5	2835	56.88
2026/08/31 09:34:43.950	1198	402	52	5	2835	56.88
2026/08/31 09:34:44.050	1198	402	50	4	2835	56.68
2026/08/31 09:34:44.150	1198	402	50	4	2835	56.68
2026/08/31 09:34:44.250	1198	402	50	4	2835	56.68
2026/08/31 09:34:44.350	1198	402	50	4	2835	56.68
2026/08/31 09:34:44.450	1198	402	50	4	2835	56.68
2026/08/31 09:34:44.550	1198	402	51	5	2835	56.66
2026/08/31 09:34:44.650	1198	402	51	5	2835	56.66
2026/08/31 09:34:44.750	1198	402	51	5	2835	56.66
2026/08/31 09:34:44.851	1198	402	51	5	2835	56.66
2026/08/31 09:34:44.951	1198	402	51	5	2835	56.66
2026/08/31 09:34:45.051	1198	402	51	4	2835	56.45
2026/08/31 09:34:45.151	1198	402	51	4	2835	56.45
2026/08/31 09:34:45.251	1198	402	51	4	2835	56.45
2026/08/31 09:34:45.351	1198	402	51	4	2835	56.45
2026/08/31 09:34:45.451	1198	402	51	4	2835	56.45
2026/08/31 09:34:45.551	1198	402	51	5	2835	56.62
2026/08/31 09:34:45.651	1198	402	51	5	2835	56.62
2026/08/31 09:34:45.752	1198	402	51	5	2835	56.62
2026/08/31 09:34:45.852	1198	402	51	5	2835	56.62
2026/08/31 09:34:45.952	1198	402	51	5	2835	56.62
2026/08/31 09:34:46.052	1198	402	51	4	2835	56.48
2026/08/31 09:34:46.152	1198	402	51	4	2835	56.48
2026/08/31 09:34:46.252	1198	402	51	4	2835	56.48
2026/08/31 09:34:46.352	1198	402	51	4	2835	56.48
2026/08/31 09:34:46.452	1198	402	51	4	2835	56.48
2026/08/31 09:34:46.552	1198	402	48	5	2835	56.65
2026/08/31 09:34:46.652	1198	402	48	5	2835	56.65
2026/08/31 09:34:46.753	1198	402	48	5	2835	56.65
2026/08/31 09:34:46.853	1198	402	48	5	2835	56.65
2026/08/31 09:34:46.953	1198	402	48	5	2835	56.65
2026/08/31 09:34:47.053	1198	402	50	4	2835	56.66
2026/08/31 09:34:47.153	1198	402	50	4	2835	56.66
2026/08/31 09:34:47.253	1198	402	50	4	2835	56.66
2026/08/31 09:34:47.353	1198	402	50	4	2835	56.66
2026/08/31 09:34:47.453	1198	402	50	4	2835	56.66
2026/08/31 09:34:47.553	1198	402	49	5	2835	56.88
2026/08/31 09:34:47.653	1198	402	49	5	2835	56.88
2026/08/31 09:34:47.754	1198	402	49	5	2835	56.88
2026/08/31 09:34:47.854	1198	402	49	5	2835	56.88
2026/08/31 09:34:47.954	1198	402	49	5	2835	56.88
2026/08/31 09:34:48.054	1198	402	50	4	2835	56.68
2026/08/31 09:34:48.154	1198	402	50	4	2835	56.68
2026/08/31 09:34:48.254	1198	402	50	4	2835	56.68
2026/08/31 09:34:48.354	1198	402	50	4	2835	56.68
2026/08/31 09:34:48.454	1198	402	50	4	2835	56.68
2026/08/31 09:34:48.554	1198	402	51	5	2835	56.69
2026/08/31 09:34:48.654	1198	402	51	5	2835	56.69
2026/08/31 09:34:48.755	1198	402	51	5	2835	56.69
2026/08/31 09:34:48.855	1198	402	51	5	2835	56.69
2026/08/31 09:34:48.955	1198	402	51	5	2835	56.69
2026/08/31 09:34:49.055	1198	402	52	4	2835	56.58
2026/08/31 09:34:49.155	1198	402	52	4	2835	56.58
2026/08/31 09:34:49.255	1198	402	52	4	2835	56.58
2026/08/31 09:34:49.355	1198	402	52	4	2835	56.58
2026/08/31 09:34:49.455	1198	402	52	4	2835	56.58
2026/08/31 09:34:49.555	1198	402	51	5	2835	56.72
2026/08/31 09:34:49.655	1198	402	51	5	2835	56.72
2026/08/31 09:34:49.756	1198	402	51	5	2835	56.72
2026/08/31 09:34:49.856	1198	402	51	5	2835	56.72
2026/08/31 09:34:49.956	1198	402	51	5	2835	56.72
2026/08/31 09:34:50.056	1198	402	52	4	2835	56.60
2026/08/31 09:34:50.156	1198	402	52	4	2835	56.60
2026/08/31 09:34:50.256	1198	402	52	4	2835	56.60
2026/08/31 09:34:50.356	1198	402	52	4	2835	56.60
2026/08/31 09:34:50.456	1198	402	52	4	2835	56.60
2026/08/31 09:34:50.556	1198	402	49	5	2835	56.70
2026/08/31 09:34:50.656	1198	402	49	5	2835	56.70
2026/08/31 09:34:50.757	1198	402	49	5	2835	56.70
2026/08/31 09:34:50.857	1198	402	49	5	2835	56.70
2026/08/31 09:34:50.957	1198	402	49	5	2835	56.70
2026/08/31 09:34:51.057	1198	402	51	4	2835	56.56
2026/08/31 09:34:51.157	1198	402	51	4	2835	56.56
2026/08/31 09:34:51.257	1198	402	51	4	2835	56.56
2026/08/31 09:34:51.357	1198	402	51	4	2835	56.56
2026/08/31 09:34:51.457	1198	402	51	4	2835	56.56
2026/08/31 09:34:51.557	1198	402	47	5	2835	56.76
2026/08/31 09:34:51.658	1198	402	47	5	2835	56.76
2026/08/31 09:34:51.758	1198	402	47	5	2835	56.76
2026/08/31 09:34:51.858	1198	402	47	5	2835	56.76
2026/08/31 09:34:51.958	1198	402	47	5	2835	56.76
2026/08/31 09:34:52.058	1198	402	52	4	2835	56.64
2026/08/31 09:34:52.158	1198	402	52	4	2835	56.64
2026/08/31 09:34:52.258	1198	402	52	4	2835	56.64
2026/08/31 09:34:52.358	1198	402	52	4	2835	56.64
2026/08/31 09:34:52.458	1198	402	52	4	2835	56.64
2026/08/31 09:34:52.559	1198	402	50	5	2835	56.69
2026/08/31 09:34:52.659	1198	402	50	5	2835	56.69
2026/08/31 09:34:52.759	1198	402	50	5	2835	56.69
2026/08/31 09:34:52.859	1198	402	50	5	2835	56.69
2026/08/31 09:34:52.959	1198	402	50	5	2835	56.69
2026/08/31 09:34:53.059	1198	402	51	4	2835	56.49
2026/08/31 09:34:53.159	1198	402	51	4	2835	56.49
2026/08/31 09:34:53.259	1198	402	51	4	2835	56.49
2026/08/31 09:34:53.359	1198	402	51	4	2835	56.49
2026/08/31 09:34:53.460	1198	402	51	4	2835	56.49
2026/08/31 09:34:53.560	1198	402	50	5	2835	56.63
2026/08/31 09:34:53.660	1198	402	50	5	2835	56.63
2026/08/31 09:34:53.760	1198	402	50	5	2835	56.63
2026/08/31 09:34:53.860	1198	402	50	5	2835	56.63
2026/08/31 09:34:53.960	1198	402	50	5	2835	56.63
2026/08/31 09:34:54.060	1198	402	52	4	2835	56.55
2026/08/31 09:34:54.160	1198	402	52	4	2835	56.55
2026/08/31 09:34:54.260	1198	402	52	4	2835	56.55
2026/08/31 09:34:54.360	1198	402	52	4	2835	56.55
2026/08/31 09:34:54.461	1198	402	52	4	2835	56.55
2026/08/31 09:34:54.561	1198	402	50	5	2835	56.51
2026/08/31 09:34:54.661	1198	402	50	5	2835	56.51
2026/08/31 09:34:54.761	1198	402	50	5	2835	56.51
2026/08/31 09:34:54.861	1198	402	50	5	2835	56.51
2026/08/31 09:34:54.961	1198	402	50	5	2835	56.51
2026/08/31 09:34:55.061	1198	402	52	4	2835	56.46
2026/08/31 09:34:55.161	1198	402	52	4	2835	56.46
2026/08/31 09:34:55.261	1198	402	52	4	2835	56.46
2026/08/31 09:34:55.361	1198	402	52	4	2835	56.46
2026/08/31 09:34:55.462	1198	402	52	4	2835	56.46
2026/08/31 09:34:55.562	1198	402	51	5	2835	56.54
2026/08/31 09:34:55.662	1198	402	51	5	2835	56.54
2026/08/31 09:34:55.762	1198	402	51	5	2835	56.54
2026/08/31 09:34:55.862	1198	402	51	5	2835	56.54
2026/08/31 09:34:55.962	1198	402	51	5	2835	56.54
2026/08/31 09:34:56.062	1198	402	51	4	2835	56.28
2026/08/31 09:34:56.162	1198	402	51	4	2835	56.28
2026/08/31 09:34:56.262	1198	402	51	4	2835	56.28
2026/08/31 09:34:56.362	1198	402	51	4	2835	56.28
2026/08/31 09:34:56.462	1198	402	51	4	2835	56.28
2026/08/31 09:34:56.563	1198	402	52	5	2835	56.20
2026/08/31 09:34:56.663	1198	402	52	5	2835	56.20
2026/08/31 09:34:56.763	1198	402	52	5	2835	56.20
2026/08/31 09:34:56.863	1198	402	52	5	2835	56.20
2026/08/31 09:34:56.963	1198	402	52	5	2835	56.20
2026/08/31 09:34:57.063	1198	402	51	4	2835	56.15
2026/08/31 09:34:57.163	1198	402	51	4	2835	56.15
2026/08/31 09:34:57.263	1198	402	51	4	2835	56.15
2026/08/31 09:34:57.363	1198	402	51	4	2835	56.15
2026/08/31 09:34:57.463	1198	402	51	4	2835	56.15
2026/08/31 09:34:57.563	1198	402	49	4	2835	56.06
2026/08/31 09:34:57.663	1198	402	49	4	2835	56.06
2026/08/31 09:34:57.764	1198	402	49	4	2835	56.06
2026/08/31 09:34:57.864	1198	402	49	4	2835	56.06
2026/08/31 09:34:57.964	1198	402	49	4	2835	56.06
2026/08/31 09:34:58.064	1198	402	51	4	2835	56.05
2026/08/31 09:34:58.164	1198	402	51	4	2835	56.05
2026/08/31 09:34:58.264	1198	402	51	4	2835	56.05
2026/08/31 09:34:58.364	1198	402	51	4	2835	56.05
2026/08/31 09:34:58.464	1198	402	51	4	2835	56.05
2026/08/31 09:34:58.564	1198	402	49	4	2835	56.10
2026/08/31 09:34:58.664	1198	402	49	4	2835	56.10
2026/08/31 09:34:58.764	1198	402	49	4	2835	56.10
2026/08/31 09:34:58.865	1198	402	49	4	2835	56.10
2026/08/31 09:34:58.965	1198	402	49	4	2835	56.10
2026/08/31 09:34:59.065	1198	402	51	4	2835	56.08
2026/08/31 09:34:59.165	1198	402	51	4	2835	56.08
2026/08/31 09:34:59.265	1198	402	51	4	2835	56.08
2026/08/31 09:34:59.365	1198	402	51	4	2835	56.08
2026/08/31 09:34:59.465	1198	402	51	4	2835	56.08
2026/08/31 09:34:59.565	1198	402	50	4	2835	56.02
2026/08/31 09:34:59.665	1198	402	50	4	2835	56.02
2026/08/31 09:34:59.765	1198	402	50	4	2835	56.02
2026/08/31 09:34:59.865	1198	402	50	4	2835	56.02
2026/08/31 09:34:59.966	1198	402	50	4	2835	56.02
2026/08/31 09:35:00.066	1198	402	47	4	2835	55.93
2026/08/31 09:35:00.166	1198	402	47	4	2835	55.93
2026/08/31 09:35:00.266	1198	402	47	4	2835	55.93
2026/08/31 09:35:00.366	1198	402	47	4	2835	55.93
2026/08/31 09:35:00.466	1198	402	47	4	2835	55.93
2026/08/31 09:35:00.566	1198	402	49	5	2835	56.18
2026/08/31 09:35:00.666	1198	402	49	5	2835	56.18
2026/08/31 09:35:00.766	1198	402	49	5	2835	56.18
2026/08/31 09:35:00.866	1198	402	49	5	2835	56.18
2026/08/31 09:35:00.967	1198	402	49	5	2835	56.18
2026/08/31 09:35:01.067	1198	402	51	4	2835	56.37
2026/08/31 09:35:01.167	1198	402	51	4	2835	56.37
2026/08/31 09:35:01.267	1198	402	51	4	2835	56.37
2026/08/31 09:35:01.367	1198	402	51	4	2835	56.37
2026/08/31 09:35:01.467	1198	402	51	4	2835	56.37
2026/08/31 09:35:01.567	1198	402	51	5	2835	56.58
2026/08/31 09:35:01.667	1198	402	51	5	2835	56.58
2026/08/31 09:35:01.767	1198	402	51	5	2835	56.58
2026/08/31 09:35:01.867	1198	402	51	5	2835	56.58
2026/08/31 09:35:01.968	1198	402	51	5	2835	56.58
2026/08/31 09:35:02.068	1198	402	52	4	2835	56.49
2026/08/31 09:35:02.168	1198	402	52	4	2835	56.49
2026/08/31 09:35:02.268	1198	402	52	4	2835	56.49
2026/08/31 09:35:02.368	1198	402	52	4	2835	56.49
2026/08/31 09:35:02.468	1198	402	52	4	2835	56.49
2026/08/31 09:35:02.568	1198	402	51	5	2835	56.74
2026/08/31 09:35:02.668	1198	402	51	5	2835	56.74
2026/08/31 09:35:02.768	1198	402	51	5	2835	56.74
2026/08/31 09:35:02.868	1198	402	51	5	2835	56.74
2026/08/31 09:35:02.969	1198	402	51	5	2835	56.74
2026/08/31 09:35:03.069	1198	402	51	4	2835	56.62
2026/08/31 09:35:03.169	1198	402	51	4	2835	56.62
2026/08/31 09:35:03.269	1198	402	51	4	2835	56.62
2026/08/31 09:35:03.369	1198	402	51	4	2835	56.62
2026/08/31 09:35:03.469	1198	402	51	4	2835	56.62
2026/08/31 09:35:03.569	1198	402	51	5	2835	56.64
2026/08/31 09:35:03.669	1198	402	51	5	2835	56.64
2026/08/31 09:35:03.769	1198	402	51	5	2835	56.64
2026/08/31 09:35:03.869	1198	402	51	5	2835	56.64
2026/08/31 09:35:03.970	1198	402	51	5	2835	56.64
2026/08/31 09:35:04.070	1198	402	52	4	2835	56.52
2026/08/31 09:35:04.170	1198	402	52	4	2835	56.52
2026/08/31 09:35:04.270	1198	402	52	4	2835	56.52
2026/08/31 09:35:04.370	1198	402	52	4	2835	56.52
2026/08/31 09:35:04.470	1198	402	52	4	2835	56.52
2026/08/31 09:35:04.570	1198	402	50	5	2835	56.71
2026/08/31 09:35:04.670	1198	402	50	5	2835	56.71
2026/08/31 09:35:04.770	1198	402	50	5	2835	56.71
2026/08/31 09:35:04.870	1198	402	50	5	2835	56.71
2026/08/31 09:35:04.971	1198	402	50	5	2835	56.71
2026/08/31 09:35:05.071	1198	402	51	4	2835	56.67
2026/08/31 09:35:05.171	1198	402	51	4	2835	56.67
2026/08/31 09:35:05.271	1198	402	51	4	2835	56.67
2026/08/31 09:35:05.371	1198	402	51	4	2835	56.67
2026/08/31 09:35:05.471	1198	402	51	4	2835	56.67
2026/08/31 09:35:05.571	1198	402	51	5	2835	56.74
2026/08/31 09:35:05.671	1198	402	51	5	2835	56.74
2026/08/31 09:35:05.771	1198	402	51	5	2835	56.74
2026/08/31 09:35:05.871	1198	402	51	5	2835	56.74
2026/08/31 09:35:05.972	1198	402	51	5	2835	56.74
2026/08/31 09:35:06.072	1198	402	52	5	2835	56.55
2026/08/31 09:35:06.172	1198	402	52	5	2835	56.55
2026/08/31 09:35:06.272	1198	402	52	5	2835	56.55
2026/08/31 09:35:06.372	1198	402	52	5	2835	56.55
2026/08/31 09:35:06.472	1198	402	52	5	2835	56.55
2026/08/31 09:35:06.572	1198	402	51	5	2835	56.73
2026/08/31 09:35:06.672	1198	402	51	5	2835	56.73
2026/08/31 09:35:06.772	1198	402	51	5	2835	56.73
2026/08/31 09:35:06.872	1198	402	51	5	2835	56.73
2026/08/31 09:35:06.973	1198	402	51	5	2835	56.73
2026/08/31 09:35:07.073	1198	402	49	4	2835	56.52
2026/08/31 09:35:07.173	1198	402	49	4	2835	56.52
2026/08/31 09:35:07.273	1198	402	49	4	2835	56.52
2026/08/31 09:35:07.373	1198	402	49	4	2835	56.52
2026/08/31 09:35:07.473	1198	402	49	4	2835	56.52
2026/08/31 09:35:07.573	1198	402	49	5	2835	56.62
2026/08/31 09:35:07.673	1198	402	49	5	2835	56.62
2026/08/31 09:35:07.773	1198	402	49	5	2835	56.62
2026/08/31 09:35:07.874	1198	402	49	5	2835	56.62
2026/08/31 09:35:07.974	1198	402	49	5	2835	56.62
2026/08/31 09:35:08.074	1198	402	50	4	2835	56.59
2026/08/31 09:35:08.174	1198	402	50	4	2835	56.59
2026/08/31 09:35:08.274	1198	402	50	4	2835	56.59
2026/08/31 09:35:08.374	1198	402	50	4	2835	56.59
2026/08/31 09:35:08.474	1198	402	50	4	2835	56.59
2026/08/31 09:35:08.574	1198	402	51	5	2835	56.78
2026/08/31 09:35:08.674	1198	402	51	5	2835	56.78
2026/08/31 09:35:08.775	1198	402	51	5	2835	56.78
2026/08/31 09:35:08.875	1198	402	51	5	2835	56.78
2026/08/31 09:35:08.975	1198	402	51	5	2835	56.78
2026/08/31 09:35:09.075	1198	402	49	4	2835	56.71
2026/08/31 09:35:09.175	1198	402	49	4	2835	56.71
2026/08/31 09:35:09.275	1198	402	49	4	2835	56.71
2026/08/31 09:35:09.375	1198	402	49	4	2835	56.71
2026/08/31 09:35:09.475	1198	402	49	4	2835	56.71
2026/08/31 09:35:09.575	1198	402	50	5	2835	56.70
2026/08/31 09:35:09.675	1198	402	50	5	2835	56.70
2026/08/31 09:35:09.776	1198	402	50	5	2835	56.70
2026/08/31 09:35:09.876	1198	402	50	5	2835	56.70
2026/08/31 09:35:09.976	1198	402	50	5	2835	56.70
2026/08/31 09:35:10.076	1198	402	50	4	2835	56.56
2026/08/31 09:35:10.176	1198	402	50	4	2835	56.56
2026/08/31 09:35:10.276	1198	402	50	4	2835	56.56
2026/08/31 09:35:10.376	1198	402	50	4	2835	56.56
2026/08/31 09:35:10.476	1198	402	50	4	2835	56.56
2026/08/31 09:35:10.577	1198	402	51	5	2835	56.64
2026/08/31 09:35:10.677	1198	402	51	5	2835	56.64
2026/08/31 09:35:10.777	1198	402	51	5	2835	56.64
2026/08/31 09:35:10.877	1198	402	51	5	2835	56.64
2026/08/31 09:35:10.977	1198	402	51	5	2835	56.64
2026/08/31 09:35:11.077	1198	402	50	4	2835	56.53
2026/08/31 09:35:11.177	1198	402	50	4	2835	56.53
2026/08/31 09:35:11.277	1198	402	50	4	2835	56.53
2026/08/31 09:35:11.377	1198	402	50	4	2835	56.53
2026/08/31 09:35:11.477	1198	402	50	4	2835	56.53
2026/08/31 09:35:11.578	1198	402	53	5	2835	56.58
2026/08/31 09:35:11.678	1198	402	53	5	2835	56.58
2026/08/31 09:35:11.778	1198	402	53	5	2835	56.58
2026/08/31 09:35:11.878	1198	402	53	5	2835	56.58
2026/08/31 09:35:11.978	1198	402	53	5	2835	56.58
2026/08/31 09:35:12.078	1198	402	51	4	2835	56.50
2026/08/31 09:35:12.178	1198	402	51	4	2835	56.50
2026/08/31 09:35:12.278	1198	402	51	4	2835	56.50
2026/08/31 09:35:12.378	1198	402	51	4	2835	56.50
2026/08/31 09:35:12.479	1198	402	51	4	2835	56.50
2026/08/31 09:35:12.579	1198	402	52	5	2835	56.60
2026/08/31 09:35:12.679	1198	402	52	5	2835	56.60
2026/08/31 09:35:12.779	1198	402	52	5	2835	56.60
2026/08/31 09:35:12.879	1198	402	52	5	2835	56.60
2026/08/31 09:35:12.979	1198	402	52	5	2835	56.60
2026/08/31 09:35:13.079	1198	402	50	4	2835	56.47
2026/08/31 09:35:13.179	1198	402	50	4	2835	56.47
2026/08/31 09:35:13.279	1198	402	50	4	2835	56.47
2026/08/31 09:35:13.379	1198	402	50	4	2835	56.47
2026/08/31 09:35:13.480	1198	402	50	4	2835	56.47
2026/08/31 09:35:13.580	1198	402	50	5	2835	56.61
2026/08/31 09:35:13.680	1198	402	50	5	2835	56.61
2026/08/31 09:35:13.780	1198	402	50	5	2835	56.61
2026/08/31 09:35:13.880	1198	402	50	5	2835	56.61
2026/08/31 09:35:13.980	1198	402	50	5	2835	56.61
2026/08/31 09:35:14.080	1198	402	51	4	2835	56.53
2026/08/31 09:35:14.180	1198	402	51	4	2835	56.53
2026/08/31 09:35:14.281	1198	402	51	4	2835	56.53
2026/08/31 09:35:14.381	1198	402	51	4	2835	56.53
2026/08/31 09:35:14.481	1198	402	51	4	2835	56.53
2026/08/31 09:35:14.581	1198	402	51	5	2835	56.66
2026/08/31 09:35:14.681	1198	402	51	5	2835	56.66
2026/08/31 09:35:14.781	1198	402	51	5	2835	56.66
2026/08/31 09:35:14.881	1198	402	51	5	2835	56.66
2026/08/31 09:35:14.981	1198	402	51	5	2835	56.66
2026/08/31 09:35:15.081	1198	402	50	4	2835	56.62
2026/08/31 09:35:15.181	1198	402	50	4	2835	56.62
2026/08/31 09:35:15.282	1198	402	50	4	2835	56.62
2026/08/31 09:35:15.382	1198	402	50	4	2835	56.62
2026/08/31 09:35:15.482	1198	402	50	4	2835	56.62
2026/08/31 09:35:15.582	1198	402	50	5	2835	56.79
2026/08/31 09:35:15.682	1198	402	50	5	2835	56.79
2026/08/31 09:35:15.782	1198	402	50	5	2835	56.79
2026/08/31 09:35:15.882	1198	402	50	5	2835	56.79
2026/08/31 09:35:15.982	1198	402	50	5	2835	56.79
2026/08/31 09:35:16.082	1198	402	50	4	2835	56.74
2026/08/31 09:35:16.182	1198	402	50	4	2835	56.74
2026/08/31 09:35:16.283	1198	402	50	4	2835	56.74
2026/08/31 09:35:16.383	1198	402	50	4	2835	56.74
2026/08/31 09:35:16.483	1198	402	50	4	2835	56.74
2026/08/31 09:35:16.583	1198	402	52	5	2835	56.75
2026/08/31 09:35:16.683	1198	402	52	5	2835	56.75
2026/08/31 09:35:16.783	1198	402	52	5	2835	56.75
2026/08/31 09:35:16.883	1198	402	52	5	2835	56.75
2026/08/31 09:35:16.983	1198	402	52	5	2835	56.75
2026/08/31 09:35:17.084	1198	402	50	4	2835	56.58
2026/08/31 09:35:17.184	1198	402	50	4	2835	56.58
2026/08/31 09:35:17.284	1198	402	50	4	2835	56.58
2026/08/31 09:35:17.384	1198	402	50	4	2835	56.58
2026/08/31 09:35:17.484	1198	402	50	4	2835	56.58
2026/08/31 09:35:17.584	1198	402	50	5	2835	56.67
2026/08/31 09:35:17.684	1198	402	50	5	2835	56.67
2026/08/31 09:35:17.784	1198	402	50	5	2835	56.67
2026/08/31 09:35:17.884	1198	402	50	5	2835	56.67
2026/08/31 09:35:17.985	1198	402	50	5	2835	56.67
2026/08/31 09:35:18.085	1198	402	52	4	2835	56.62
2026/08/31 09:35:18.185	1198	402	52	4	2835	56.62
2026/08/31 09:35:18.285	1198	402	52	4	2835	56.62
2026/08/31 09:35:18.385	1198	402	52	4	2835	56.62
2026/08/31 09:35:18.485	1198	402	52	4	2835	56.62
2026/08/31 09:35:18.585	1198	402	50	5	2835	56.65
2026/08/31 09:35:18.685	1198	402	50	5	2835	56.65
2026/08/31 09:35:18.785	1198	402	50	5	2835	56.65
2026/08/31 09:35:18.886	1198	402	50	5	2835	56.65
2026/08/31 09:35:18.986	1198	402	50	5	2835	56.65
2026/08/31 09:35:19.086	1198	402	51	4	2835	56.54
2026/08/31 09:35:19.186	1198	402	51	4	2835	56.54
2026/08/31 09:35:19.286	1198	402	51	4	2835	56.54
2026/08/31 09:35:19.386	1198	402	51	4	2835	56.54
2026/08/31 09:35:19.486	1198	402	51	4	2835	56.54
2026/08/31 09:35:19.586	1198	402	51	5	2835	56.66
2026/08/31 09:35:19.686	1198	402	51	5	2835	56.66
2026/08/31 09:35:19.787	1198	402	51	5	2835	56.66
2026/08/31 09:35:19.887	1198	402	51	5	2835	56.66
2026/08/31 09:35:19.987	1198	402	51	5	2835	56.66
2026/08/31 09:35:20.087	1198	402	50	4	2835	56.55
2026/08/31 09:35:20.187	1198	402	50	4	2835	56.55
2026/08/31 09:35:20.287	1198	402	50	4	2835	56.55
2026/08/31 09:35:20.387	1198	402	50	4	2835	56.55
2026/08/31 09:35:20.487	1198	402	50	4	2835	56.55
2026/08/31 09:35:20.587	1198	402	50	5	2835	56.66
2026/08/31 09:35:20.688	1198	402	50	5	2835	56.66
2026/08/31 09:35:20.788	1198	402	50	5	2835	56.66
2026/08/31 09:35:20.888	1198	402	50	5	2835	56.66
2026/08/31 09:35:20.988	1198	402	50	5	2835	56.66
2026/08/31 09:35:21.088	1198	402	50	4	2835	56.54
2026/08/31 09:35:21.188	1198	402	50	4	2835	56.54
2026/08/31 09:35:21.288	1198	402	50	4	2835	56.54
2026/08/31 09:35:21.388	1198	402	50	4	2835	56.54
2026/08/31 09:35:21.488	1198	402	50	4	2835	56.54
2026/08/31 09:35:21.588	1198	402	50	5	2835	56.65
2026/08/31 09:35:21.689	1198	402	50	5	2835	56.65
2026/08/31 09:35:21.789	1198	402	50	5	2835	56.65
2026/08/31 09:35:21.889	1198	402	50	5	2835	56.65
2026/08/31 09:35:21.989	1198	402	50	5	2835	56.65
2026/08/31 09:35:22.089	1198	402	52	4	2835	56.69
2026/08/31 09:35:22.189	1198	402	52	4	2835	56.69
2026/08/31 09:35:22.289	1198	402	52	4	2835	56.69
2026/08/31 09:35:22.389	1198	402	52	4	2835	56.69
2026/08/31 09:35:22.489	1198	402	52	4	2835	56.69
2026/08/31 09:35:22.589	1198	402	49	5	2835	56.80
2026/08/31 09:35:22.690	1198	402	49	5	2835	56.80
2026/08/31 09:35:22.790	1198	402	49	5	2835	56.80
2026/08/31 09:35:22.890	1198	402	49	5	2835	56.80
2026/08/31 09:35:22.990	1198	402	49	5	2835	56.80
2026/08/31 09:35:23.090	1198	402	51	5	2835	56.70
2026/08/31 09:35:23.190	1198	402	51	5	2835	56.70
2026/08/31 09:35:23.290	1198	402	51	5	2835	56.70
2026/08/31 09:35:23.390	1198	402	51	5	2835	56.70
2026/08/31 09:35:23.490	1198	402	51	5	2835	56.70
2026/08/31 09:35:23.591	1198	402	50	5	2835	56.90
2026/08/31 09:35:23.691	1198	402	50	5	2835	56.90
2026/08/31 09:35:23.791	1198	402	50	5	2835	56.90
2026/08/31 09:35:23.891	1198	402	50	5	2835	56.90
2026/08/31 09:35:23.991	1198	402	50	5	2835	56.90
2026/08/31 09:35:24.091	1198	402	51	4	2835	56.77
2026/08/31 09:35:24.191	1198	402	51	4	2835	56.77
2026/08/31 09:35:24.291	1198	402	51	4	2835	56.77
2026/08/31 09:35:24.391	1198	402	51	4	2835	56.77
2026/08/31 09:35:24.491	1198	402	51	4	2835	56.77
2026/08/31 09:35:24.592	1198	402	50	5	2835	56.86
2026/08/31 09:35:24.692	1198	402	50	5	2835	56.86
2026/08/31 09:35:24.792	1198	402	50	5	2835	56.86
2026/08/31 09:35:24.892	1198	402	50	5	2835	56.86
2026/08/31 09:35:24.992	1198	402	50	5	2835	56.86
2026/08/31 09:35:25.092	1198	402	49	4	2835	56.76
2026/08/31 09:35:25.192	1198	402	49	4	2835	56.76
2026/08/31 09:35:25.292	1198	402	49	4	2835	56.76
2026/08/31 09:35:25.392	1198	402	49	4	2835	56.76
2026/08/31 09:35:25.493	1198	402	49	4	2835	56.76
2026/08/31 09:35:25.593	1198	402	50	5	2835	56.81
2026/08/31 09:35:25.693	1198	402	50	5	2835	56.81
2026/08/31 09:35:25.793	1198	402	50	5	2835	56.81
2026/08/31 09:35:25.893	1198	402	50	5	2835	56.81
2026/08/31 09:35:25.993	1198	402	50	5	2835	56.81
2026/08/31 09:35:26.093	1198	402	51	5	2835	56.66
2026/08/31 09:35:26.193	1198	402	51	5	2835	56.66
2026/08/31 09:35:26.293	1198	402	51	5	2835	56.66
2026/08/31 09:35:26.394	1198	402	51	5	2835	56.66
2026/08/31 09:35:26.494	1198	402	51	5	2835	56.66
2026/08/31 09:35:26.594	1198	402	51	5	2835	56.82
2026/08/31 09:35:26.694	1198	402	51	5	2835	56.82
2026/08/31 09:35:26.794	1198	402	51	5	2835	56.82
2026/08/31 09:35:26.894	1198	402	51	5	2835	56.82
2026/08/31 09:35:26.994	1198	402	51	5	2835	56.82
2026/08/31 09:35:27.094	1198	402	51	4	2835	56.81
2026/08/31 09:35:27.194	1198	402	51	4	2835	56.81
2026/08/31 09:35:27.294	1198	402	51	4	2835	56.81
2026/08/31 09:35:27.395	1198	402	51	4	2835	56.81
2026/08/31 09:35:27.495	1198	402	51	4	2835	56.81
2026/08/31 09:35:27.595	1198	402	52	5	2835	56.87
2026/08/31 09:35:27.695	1198	402	52	5	2835	56.87
2026/08/31 09:35:27.795	1198	402	52	5	2835	56.87
2026/08/31 09:35:27.895	1198	402	52	5	2835	56.87
2026/08/31 09:35:27.995	1198	402	52	5	2835	56.87
2026/08/31 09:35:28.095	1198	402	51	5	2835	56.78
2026/08/31 09:35:28.195	1198	402	51	5	2835	56.78
2026/08/31 09:35:28.295	1198	402	51	5	2835	56.78
2026/08/31 09:35:28.396	1198	402	51	5	2835	56.78
2026/08/31 09:35:28.496	1198	402	51	5	2835	56.78
2026/08/31 09:35:28.596	1198	402	51	5	2835	56.86
2026/08/31 09:35:28.696	1198	402	51	5	2835	56.86
2026/08/31 09:35:28.796	1198	402	51	5	2835	56.86
2026/08/31 09:35:28.896	1198	402	51	5	2835	56.86
2026/08/31 09:35:28.996	1198	402	51	5	2835	56.86
2026/08/31 09:35:29.096	1198	402	51	5	2835	56.83
2026/08/31 09:35:29.196	1198	402	51	5	2835	56.83
2026/08/31 09:35:29.297	1198	402	51	5	2835	56.83
2026/08/31 09:35:29.397	1198	402	51	5	2835	56.83
2026/08/31 09:35:29.497	1198	402	51	5	2835	56.83
2026/08/31 09:35:29.597	1198	402	51	5	2835	56.94
2026/08/31 09:35:29.697	1198	402	51	5	2835	56.94
2026/08/31 09:35:29.797	1198	402	51	5	2835	56.94
2026/08/31 09:35:29.897	1198	402	51	5	2835	56.94
2026/08/31 09:35:29.997	1198	402	51	5	2835	56.94
2026/08/31 09:35:30.097	1198	402	50	4	2835	56.87
2026/08/31 09:35:30.197	1198	402	50	4	2835	56.87
2026/08/31 09:35:30.298	1198	402	50	4	2835	56.87
2026/08/31 09:35:30.398	1198	402	50	4	2835	56.87
2026/08/31 09:35:30.498	1198	402	50	4	2835	56.87
2026/08/31 09:35:30.598	1198	402	49	5	2835	56.94
2026/08/31 09:35:30.698	1198	402	49	5	2835	56.94
2026/08/31 09:35:30.798	1198	402	49	5	2835	56.94
2026/08/31 09:35:30.898	1198	402	49	5	2835	56.94
2026/08/31 09:35:30.998	1198	402	49	5	2835	56.94
2026/08/31 09:35:31.098	1198	402	51	4	2835	56.80
2026/08/31 09:35:31.199	1198	402	51	4	2835	56.80
2026/08/31 09:35:31.299	1198	402	51	4	2835	56.80
2026/08/31 09:35:31.399	1198	402	51	4	2835	56.80
2026/08/31 09:35:31.499	1198	402	51	4	2835	56.80
2026/08/31 09:35:31.599	1198	402	50	5	2835	56.88
2026/08/31 09:35:31.699	1198	402	50	5	2835	56.88
2026/08/31 09:35:31.799	1198	402	50	5	2835	56.88
2026/08/31 09:35:31.899	1198	402	50	5	2835	56.88
2026/08/31 09:35:31.999	1198	402	50	5	2835	56.88
2026/08/31 09:35:32.099	1198	402	52	5	2835	56.84
2026/08/31 09:35:32.200	1198	402	52	5	2835	56.84
2026/08/31 09:35:32.300	1198	402	52	5	2835	56.84
2026/08/31 09:35:32.400	1198	402	52	5	2835	56.84
2026/08/31 09:35:32.500	1198	402	52	5	2835	56.84
2026/08/31 09:35:32.600	1198	402	51	5	2835	56.90
2026/08/31 09:35:32.700	1198	402	51	5	2835	56.90
2026/08/31 09:35:32.800	1198	402	51	5	2835	56.90
2026/08/31 09:35:32.900	1198	402	51	5	2835	56.90
2026/08/31 09:35:33.000	1198	402	51	5	2835	56.90
2026/08/31 09:35:33.100	1198	402	51	5	2835	56.83
2026/08/31 09:35:33.200	1198	402	51	5	2835	56.83
2026/08/31 09:35:33.301	1198	402	51	5	2835	56.83
2026/08/31 09:35:33.401	1198	402	51	5	2835	56.83
2026/08/31 09:35:33.501	1198	402	51	5	2835	56.83
2026/08/31 09:35:33.601	1198	402	50	5	2835	56.90
2026/08/31 09:35:33.701	1198	402	50	5	2835	56.90
2026/08/31 09:35:33.801	1198	402	50	5	2835	56.90
2026/08/31 09:35:33.901	1198	402	50	5	2835	56.90
2026/08/31 09:35:34.001	1198	402	50	5	2835	56.90
2026/08/31 09:35:34.101	1198	402	49	4	2835	56.83
2026/08/31 09:35:34.202	1198	402	49	4	2835	56.83
2026/08/31 09:35:34.302	1198	402	49	4	2835	56.83
2026/08/31 09:35:34.402	1198	402	49	4	2835	56.83
2026/08/31 09:35:34.502	1198	402	49	4	2835	56.83
2026/08/31 09:35:34.602	1198	402	50	5	2835	56.80
2026/08/31 09:35:34.702	1198	402	50	5	2835	56.80
2026/08/31 09:35:34.802	1198	402	50	5	2835	56.80
2026/08/31 09:35:34.902	1198	402	50	5	2835	56.80
2026/08/31 09:35:35.002	1198	402	50	5	2835	56.80
2026/08/31 09:35:35.102	1198	402	50	4	2835	56.77
2026/08/31 09:35:35.203	1198	402	50	4	2835	56.77
2026/08/31 09:35:35.303	1198	402	50	4	2835	56.77
2026/08/31 09:35:35.403	1198	402	50	4	2835	56.77
2026/08/31 09:35:35.503	1198	402	50	4	2835	56.77
2026/08/31 09:35:35.603	1198	402	50	5	2835	56.92
2026/08/31 09:35:35.703	1198	402	50	5	2835	56.92
2026/08/31 09:35:35.803	1198	402	50	5	2835	56.92
2026/08/31 09:35:35.903	1198	402	50	5	2835	56.92
2026/08/31 09:35:36.003	1198	402	50	5	2835	56.92
2026/08/31 09:35:36.104	1198	402	50	4	2835	56.88
2026/08/31 09:35:36.204	1198	402	50	4	2835	56.88
2026/08/31 09:35:36.304	1198	402	50	4	2835	56.88
2026/08/31 09:35:36.404	1198	402	50	4	2835	56.88
2026/08/31 09:35:36.504	1198	402	50	4	2835	56.88
2026/08/31 09:35:36.604	1198	402	50	5	2835	56.94
2026/08/31 09:35:36.704	1198	402	50	5	2835	56.94
2026/08/31 09:35:36.804	1198	402	50	5	2835	56.94
2026/08/31 09:35:36.904	1198	402	50	5	2835	56.94
2026/08/31 09:35:37.005	1198	402	50	5	2835	56.94
2026/08/31 09:35:37.105	1198	402	49	4	2835	56.87
2026/08/31 09:35:37.205	1198	402	49	4	2835	56.87
2026/08/31 09:35:37.305	1198	402	49	4	2835	56.87
2026/08/31 09:35:37.405	1198	402	49	4	2835	56.87
2026/08/31 09:35:37.505	1198	402	49	4	2835	56.87
2026/08/31 09:35:37.605	1198	402	51	5	2835	56.85
2026/08/31 09:35:37.705	1198	402	51	5	2835	56.85
2026/08/31 09:35:37.805	1198	402	51	5	2835	56.85
2026/08/31 09:35:37.905	1198	402	51	5	2835	56.85
2026/08/31 09:35:38.006	1198	402	51	5	2835	56.85
2026/08/31 09:35:38.106	1198	402	48	4	2835	56.79
2026/08/31 09:35:38.206	1198	402	48	4	2835	56.79
2026/08/31 09:35:38.306	1198	402	48	4	2835	56.79
2026/08/31 09:35:38.406	1198	402	48	4	2835	56.79
2026/08/31 09:35:38.506	1198	402	48	4	2835	56.79
2026/08/31 09:35:38.606	1198	402	53	5	2835	56.95
2026/08/31 09:35:38.706	1198	402	53	5	2835	56.95
2026/08/31 09:35:38.806	1198	402	53	5	2835	56.95
2026/08/31 09:35:38.906	1198	402	53	5	2835	56.95
2026/08/31 09:35:39.007	1198	402	53	5	2835	56.95
2026/08/31 09:35:39.107	1198	402	51	5	2835	56.94
2026/08/31 09:35:39.207	1198	402	51	5	2835	56.94
2026/08/31 09:35:39.307	1198	402	51	5	2835	56.94
2026/08/31 09:35:39.407	1198	402	51	5	2835	56.94
2026/08/31 09:35:39.507	1198	402	51	5	2835	56.94
2026/08/31 09:35:39.607	1198	402	51	5	2835	57.02
2026/08/31 09:35:39.707	1198	402	51	5	2835	57.02
2026/08/31 09:35:39.807	1198	402	51	5	2835	57.02
2026/08/31 09:35:39.907	1198	402	51	5	2835	57.02
2026/08/31 09:35:40.008	1198	402	51	5	2835	57.02
2026/08/31 09:35:40.108	1198	402	51	5	2835	56.93
2026/08/31 09:35:40.208	1198	402	51	5	2835	56.93
2026/08/31 09:35:40.308	1198	402	51	5	2835	56.93
2026/08/31 09:35:40.408	1198	402	51	5	2835	56.93
2026/08/31 09:35:40.508	1198	402	51	5	2835	56.93
2026/08/31 09:35:40.608	1198	402	50	5	2835	57.01
2026/08/31 09:35:40.708	1198	402	50	5	2835	57.01
2026/08/31 09:35:40.808	1198	402	50	5	2835	57.01
2026/08/31 09:35:40.908	1198	402	50	5	2835	57.01
2026/08/31 09:35:41.009	1198	402	51	5	2835	56.90
2026/08/31 09:35:41.109	1198	402	51	5	2835	56.90
2026/08/31 09:35:41.209	1198	402	51	5	2835	56.90
2026/08/31 09:35:41.309	1198	402	51	5	2835	56.90
2026/08/31 09:35:41.409	1198	402	51	5	2835	56.90
2026/08/31 09:35:41.509	1198	402	50	5	2835	56.92
2026/08/31 09:35:41.609	1198	402	50	5	2835	56.92
2026/08/31 09:35:41.709	1198	402	50	5	2835	56.92
2026/08/31 09:35:41.809	1198	402	50	5	2835	56.92
2026/08/31 09:35:41.909	1198	402	50	5	2835	56.92
2026/08/31 09:35:42.010	1198	402	51	5	2835	56.92
2026/08/31 09:35:42.110	1198	402	51	5	2835	56.92
2026/08/31 09:35:42.210	1198	402	51	5	2835	56.92
2026/08/31 09:35:42.310	1198	402	51	5	2835	56.92
2026/08/31 09:35:42.410	1198	402	51	5	2835	56.92
2026/08/31 09:35:42.510	1198	402	50	5	2835	56.94
2026/08/31 09:35:42.610	1198	402	50	5	2835	56.94
2026/08/31 09:35:42.710	1198	402	50	5	2835	56.94
2026/08/31 09:35:42.810	1198	402	50	5	2835	56.94
2026/08/31 09:35:42.910	1198	402	50	5	2835	56.94
2026/08/31 09:35:43.011	1198	402	50	4	2835	56.85
2026/08/31 09:35:43.111	1198	402	50	4	2835	56.85
2026/08/31 09:35:43.211	1198	402	50	4	2835	56.85
2026/08/31 09:35:43.311	1198	402	50	4	2835	56.85
2026/08/31 09:35:43.411	1198	402	50	4	2835	56.85
2026/08/31 09:35:43.511	1198	402	50	5	2835	57.04
2026/08/31 09:35:43.611	1198	402	50	5	2835	57.04
2026/08/31 09:35:43.711	1198	402	50	5	2835	57.04
2026/08/31 09:35:43.811	1198	402	50	5	2835	57.04
2026/08/31 09:35:43.912	1198	402	50	5	2835	57.04
2026/08/31 09:35:44.012	1198	402	51	5	2835	56.94
2026/08/31 09:35:44.112	1198	402	51	5	2835	56.94
2026/08/31 09:35:44.212	1198	402	51	5	2835	56.94
2026/08/31 09:35:44.312	1198	402	51	5	2835	56.94
2026/08/31 09:35:44.412	1198	402	51	5	2835	56.94
2026/08/31 09:35:44.512	1198	402	52	5	2835	56.84
2026/08/31 09:35:44.612	1198	402	52	5	2835	56.84
2026/08/31 09:35:44.712	1198	402	52	5	2835	56.84
2026/08/31 09:35:44.813	1198	402	52	5	2835	56.84
2026/08/31 09:35:44.913	1198	402	52	5	2835	56.84
2026/08/31 09:35:45.013	1198	402	50	4	2835	56.84
2026/08/31 09:35:45.113	1198	402	50	4	2835	56.84
2026/08/31 09:35:45.213	1198	402	50	4	2835	56.84
2026/08/31 09:35:45.313	1198	402	50	4	2835	56.84
2026/08/31 09:35:45.413	1198	402	50	4	2835	56.84
2026/08/31 09:35:45.513	1198	402	51	5	2835	56.99
2026/08/31 09:35:45.613	1198	402	51	5	2835	56.99
2026/08/31 09:35:45.713	1198	402	51	5	2835	56.99
2026/08/31 09:35:45.814	1198	402	51	5	2835	56.99
2026/08/31 09:35:45.914	1198	402	51	5	2835	56.99
2026/08/31 09:35:46.014	1198	402	51	5	2835	56.94
2026/08/31 09:35:46.114	1198	402	51	5	2835	56.94
2026/08/31 09:35:46.214	1198	402	51	5	2835	56.94
2026/08/31 09:35:46.314	1198	402	51	5	2835	56.94
2026/08/31 09:35:46.414	1198	402	51	5	2835	56.94
2026/08/31 09:35:46.514	1198	402	52	5	2835	56.90
2026/08/31 09:35:46.614	1198	402	52	5	2835	56.90
2026/08/31 09:35:46.715	1198	402	52	5	2835	56.90
2026/08/31 09:35:46.815	1198	402	52	5	2835	56.90
2026/08/31 09:35:46.915	1198	402	52	5	2835	56.90
2026/08/31 09:35:47.015	1198	402	52	5	2835	56.82
2026/08/31 09:35:47.115	1198	402	52	5	2835	56.82
2026/08/31 09:35:47.215	1198	402	52	5	2835	56.82
2026/08/31 09:35:47.315	1198	402	52	5	2835	56.82
2026/08/31 09:35:47.415	1198	402	52	5	2835	56.82
2026/08/31 09:35:47.515	1198	402	49	5	2835	56.90
2026/08/31 09:35:47.615	1198	402	49	5	2835	56.90
2026/08/31 09:35:47.716	1198	402	49	5	2835	56.90
2026/08/31 09:35:47.816	1198	402	49	5	2835	56.90
2026/08/31 09:35:47.916	1198	402	49	5	2835	56.90
2026/08/31 09:35:48.016	1198	402	51	5	2835	56.79
2026/08/31 09:35:48.116	1198	402	51	5	2835	56.79
2026/08/31 09:35:48.216	1198	402	51	5	2835	56.79
2026/08/31 09:35:48.316	1198	402	51	5	2835	56.79
2026/08/31 09:35:48.416	1198	402	51	5	2835	56.79
2026/08/31 09:35:48.516	1198	402	50	5	2835	56.85
2026/08/31 09:35:48.617	1198	402	50	5	2835	56.85
2026/08/31 09:35:48.717	1198	402	50	5	2835	56.85
2026/08/31 09:35:48.817	1198	402	50	5	2835	56.85
2026/08/31 09:35:48.917	1198	402	50	5	2835	56.85
2026/08/31 09:35:49.017	1198	402	50	4	2835	56.91
2026/08/31 09:35:49.117	1198	402	50	4	2835	56.91
2026/08/31 09:35:49.217	1198	402	50	4	2835	56.91
2026/08/31 09:35:49.317	1198	402	50	4	2835	56.91
2026/08/31 09:35:49.417	1198	402	50	4	2835	56.91
2026/08/31 09:35:49.517	1198	402	50	5	2835	56.95
2026/08/31 09:35:49.618	1198	402	50	5	2835	56.95
2026/08/31 09:35:49.718	1198	402	50	5	2835	56.95
2026/08/31 09:35:49.818	1198	402	50	5	2835	56.95
2026/08/31 09:35:49.918	1198	402	50	5	2835	56.95
2026/08/31 09:35:50.018	1198	402	51	5	2835	56.83
2026/08/31 09:35:50.118	1198	402	51	5	2835	56.83
2026/08/31 09:35:50.218	1198	402	51	5	2835	56.83
2026/08/31 09:35:50.318	1198	402	51	5	2835	56.83
2026/08/31 09:35:50.419	1198	402	51	5	2835	56.83
2026/08/31 09:35:50.519	1198	402	50	5	2835	56.81
2026/08/31 09:35:50.619	1198	402	50	5	2835	56.81
2026/08/31 09:35:50.719	1198	402	50	5	2835	56.81
2026/08/31 09:35:50.819	1198	402	50	5	2835	56.81
2026/08/31 09:35:50.919	1198	402	50	5	2835	56.81
2026/08/31 09:35:51.019	1198	402	49	5	2835	56.91
2026/08/31 09:35:51.119	1198	402	49	5	2835	56.91
2026/08/31 09:35:51.219	1198	402	49	5	2835	56.91
2026/08/31 09:35:51.320	1198	402	49	5	2835	56.91
2026/08/31 09:35:51.420	1198	402	49	5	2835	56.91
2026/08/31 09:35:51.520	1198	402	50	5	2835	56.82
2026/08/31 09:35:51.620	1198	402	50	5	2835	56.82
2026/08/31 09:35:51.720	1198	402	50	5	2835	56.82
2026/08/31 09:35:51.820	1198	402	50	5	2835	56.82
2026/08/31 09:35:51.920	1198	402	50	5	2835	56.82
2026/08/31 09:35:52.020	1198	402	51	5	2835	56.70
2026/08/31 09:35:52.120	1198	402	51	5	2835	56.70
2026/08/31 09:35:52.220	1198	402	51	5	2835	56.70
2026/08/31 09:35:52.321	1198	402	51	5	2835	56.70
2026/08/31 09:35:52.421	1198	402	51	5	2835	56.70
2026/08/31 09:35:52.521	1198	402	50	5	2835	56.71
2026/08/31 09:35:52.621	1198	402	50	5	2835	56.71
2026/08/31 09:35:52.721	1198	402	50	5	2835	56.71
2026/08/31 09:35:52.821	1198	402	50	5	2835	56.71
2026/08/31 09:35:52.921	1198	402	50	5	2835	56.71
2026/08/31 09:35:53.021	1198	402	51	5	2835	56.83
2026/08/31 09:35:53.121	1198	402	51	5	2835	56.83
2026/08/31 09:35:53.221	1198	402	51	5	2835	56.83
2026/08/31 09:35:53.321	1198	402	51	5	2835	56.83
2026/08/31 09:35:53.422	1198	402	51	5	2835	56.83
2026/08/31 09:35:53.522	1198	402	50	5	2835	56.68
2026/08/31 09:35:53.622	1198	402	50	5	2835	56.68
2026/08/31 09:35:53.722	1198	402	50	5	2835	56.68
2026/08/31 09:35:53.822	1198	402	50	5	2835	56.68
2026/08/31 09:35:53.922	1198	402	50	5	2835	56.68
2026/08/31 09:35:54.022	1198	402	49	5	2835	56.68
2026/08/31 09:35:54.122	1198	402	49	5	2835	56.68
2026/08/31 09:35:54.222	1198	402	49	5	2835	56.68
2026/08/31 09:35:54.322	1198	402	49	5	2835	56.68
2026/08/31 09:35:54.423	1198	402	49	5	2835	56.68
2026/08/31 09:35:54.523	1198	402	48	5	2835	56.73
2026/08/31 09:35:54.623	1198	402	48	5	2835	56.73
2026/08/31 09:35:54.723	1198	402	48	5	2835	56.73
2026/08/31 09:35:54.823	1198	402	48	5	2835	56.73
2026/08/31 09:35:54.923	1198	402	48	5	2835	56.73
2026/08/31 09:35:55.023	1198	402	51	5	2835	56.67
2026/08/31 09:35:55.123	1198	402	51	5	2835	56.67
2026/08/31 09:35:55.223	1198	402	51	5	2835	56.67
2026/08/31 09:35:55.324	1198	402	51	5	2835	56.67
2026/08/31 09:35:55.424	1198	402	51	5	2835	56.67
2026/08/31 09:35:55.524	1198	402	49	5	2835	56.73
2026/08/31 09:35:55.624	1198	402	49	5	2835	56.73
2026/08/31 09:35:55.724	1198	402	49	5	2835	56.73
2026/08/31 09:35:55.824	1198	402	49	5	2835	56.73
2026/08/31 09:35:55.924	1198	402	49	5	2835	56.73
2026/08/31 09:35:56.024	1198	402	50	5	2835	56.71
2026/08/31 09:35:56.124	1198	402	50	5	2835	56.71
2026/08/31 09:35:56.225	1198	402	50	5	2835	56.71
2026/08/31 09:35:56.325	1198	402	50	5	2835	56.71
2026/08/31 09:35:56.425	1198	402	50	5	2835	56.71
2026/08/31 09:35:56.525	1198	402	50	5	2835	56.63
2026/08/31 09:35:56.625	1198	402	50	5	2835	56.63
2026/08/31 09:35:56.725	1198	402	50	5	2835	56.63
2026/08/31 09:35:56.825	1198	402	50	5	2835	56.63
2026/08/31 09:35:56.925	1198	402	50	5	2835	56.63
2026/08/31 09:35:57.025	1198	402	48	5	2835	56.59
2026/08/31 09:35:57.125	1198	402	48	5	2835	56.59
2026/08/31 09:35:57.226	1198	402	48	5	2835	56.59
2026/08/31 09:35:57.326	1198	402	48	5	2835	56.59
2026/08/31 09:35:57.426	1198	402	48	5	2835	56.59
2026/08/31 09:35:57.526	1198	402	50	5	2835	56.64
2026/08/31 09:35:57.626	1198	402	50	5	2835	56.64
2026/08/31 09:35:57.726	1198	402	50	5	2835	56.64
2026/08/31 09:35:57.826	1198	402	50	5	2835	56.64
2026/08/31 09:35:57.926	1198	402	50	5	2835	56.64
2026/08/31 09:35:58.026	1198	402	51	5	2835	58.93
2026/08/31 09:35:58.126	1198	402	51	5	2835	58.93
2026/08/31 09:35:58.227	1198	402	51	5	2835	58.93
2026/08/31 09:35:58.327	1198	402	51	5	2835	58.93
2026/08/31 09:35:58.427	1198	402	51	5	2835	58.93
2026/08/31 09:35:58.527	1198	402	49	5	2835	59.35
2026/08/31 09:35:58.627	1198	402	49	5	2835	59.35
2026/08/31 09:35:58.727	1198	402	49	5	2835	59.35
2026/08/31 09:35:58.827	1198	402	49	5	2835	59.35
2026/08/31 09:35:58.927	1198	402	49	5	2835	59.35
2026/08/31 09:35:59.027	1198	402	49	5	2835	57.62
2026/08/31 09:35:59.127	1198	402	49	5	2835	57.62
2026/08/31 09:35:59.228	1198	402	49	5	2835	57.62
2026/08/31 09:35:59.328	1198	402	49	5	2835	57.62
2026/08/31 09:35:59.428	1198	402	49	5	2835	57.62
2026/08/31 09:35:59.528	1198	402	49	5	2835	56.84
2026/08/31 09:35:59.628	1198	402	49	5	2835	56.84
2026/08/31 09:35:59.728	1198	402	49	5	2835	56.84
2026/08/31 09:35:59.828	1198	402	49	5	2835	56.84
2026/08/31 09:35:59.928	1198	402	49	5	2835	56.84
2026/08/31 09:36:00.028	1198	402	50	5	2835	56.69
2026/08/31 09:36:00.128	1198	402	50	5	2835	56.69
2026/08/31 09:36:00.229	1198	402	50	5	2835	56.69
2026/08/31 09:36:00.329	1198	402	50	5	2835	56.69
2026/08/31 09:36:00.429	1198	402	50	5	2835	56.69
2026/08/31 09:36:00.529	1198	402	49	5	2835	56.61
2026/08/31 09:36:00.629	1198	402	49	5	2835	56.61
2026/08/31 09:36:00.729	1198	402	49	5	2835	56.61
2026/08/31 09:36:00.829	1198	402	49	5	2835	56.61
2026/08/31 09:36:00.929	1198	402	49	5	2835	56.61
2026/08/31 09:36:01.029	1198	402	51	5	2835	57.08
2026/08/31 09:36:01.130	1198	402	51	5	2835	57.08
2026/08/31 09:36:01.230	1198	402	51	5	2835	57.08
2026/08/31 09:36:01.330	1198	402	51	5	2835	57.08
2026/08/31 09:36:01.430	1198	402	51	5	2835	57.08
2026/08/31 09:36:01.530	1198	402	49	5	2835	58.55
2026/08/31 09:36:01.630	1198	402	49	5	2835	58.55
2026/08/31 09:36:01.730	1198	402	49	5	2835	58.55
2026/08/31 09:36:01.830	1198	402	49	5	2835	58.55
2026/08/31 09:36:01.930	1198	402	49	5	2835	58.55
2026/08/31 09:36:02.031	1198	402	52	5	2835	58.67
2026/08/31 09:36:02.131	1198	402	52	5	2835	58.67
2026/08/31 09:36:02.231	1198	402	52	5	2835	58.67
2026/08/31 09:36:02.331	1198	402	52	5	2835	58.67
2026/08/31 09:36:02.431	1198	402	52	5	2835	58.67
2026/08/31 09:36:02.532	1198	402	49	5	2835	57.27
2026/08/31 09:36:02.632	1198	402	49	5	2835	57.27
2026/08/31 09:36:02.732	1198	402	49	5	2835	57.27
2026/08/31 09:36:02.832	1198	402	49	5	2835	57.27
2026/08/31 09:36:02.932	1198	402	49	5	2835	57.27
2026/08/31 09:36:03.032	1198	402	50	5	2835	57.28
2026/08/31 09:36:03.132	1198	402	50	5	2835	57.28
2026/08/31 09:36:03.232	1198	402	50	5	2835	57.28
2026/08/31 09:36:03.332	1198	402	50	5	2835	57.28
2026/08/31 09:36:03.432	1198	402	50	5	2835	57.28
2026/08/31 09:36:03.533	1198	402	50	5	2835	57.17
2026/08/31 09:36:03.633	1198	402	50	5	2835	57.17
2026/08/31 09:36:03.733	1198	402	50	5	2835	57.17
2026/08/31 09:36:03.833	1198	402	50	5	2835	57.17
2026/08/31 09:36:03.933	1198	402	50	5	2835	57.17
2026/08/31 09:36:04.033	1198	402	50	5	2835	57.21
2026/08/31 09:36:04.134	1198	402	50	5	2835	57.21
2026/08/31 09:36:04.234	1198	402	50	5	2835	57.21
2026/08/31 09:36:04.334	1198	402	50	5	2835	57.21
2026/08/31 09:36:04.434	1198	402	50	5	2835	57.21
2026/08/31 09:36:04.534	1198	402	50	5	2835	57.20
2026/08/31 09:36:04.634	1198	402	50	5	2835	57.20
2026/08/31 09:36:04.734	1198	402	50	5	2835	57.20
2026/08/31 09:36:04.834	1198	402	50	5	2835	57.20
2026/08/31 09:36:04.934	1198	402	50	5	2835	57.20
2026/08/31 09:36:05.034	1198	402	52	5	2835	57.35
2026/08/31 09:36:05.135	1198	402	52	5	2835	57.35
2026/08/31 09:36:05.235	1198	402	52	5	2835	57.35
2026/08/31 09:36:05.335	1198	402	52	5	2835	57.35
2026/08/31 09:36:05.435	1198	402	52	5	2835	57.35
2026/08/31 09:36:05.535	1198	402	49	5	2835	57.15
2026/08/31 09:36:05.636	1198	402	49	5	2835	57.15
2026/08/31 09:36:05.736	1198	402	49	5	2835	57.15
2026/08/31 09:36:05.836	1198	402	49	5	2835	57.15
2026/08/31 09:36:05.936	1198	402	49	5	2835	57.15
2026/08/31 09:36:06.036	1198	402	49	5	2835	57.18
2026/08/31 09:36:06.136	1198	402	49	5	2835	57.18
2026/08/31 09:36:06.236	1198	402	49	5	2835	57.18
2026/08/31 09:36:06.336	1198	402	49	5	2835	57.18
2026/08/31 09:36:06.436	1198	402	49	5	2835	57.18
2026/08/31 09:36:06.536	1198	402	50	5	2835	57.08
2026/08/31 09:36:06.637	1198	402	50	5	2835	57.08
2026/08/31 09:36:06.737	1198	402	50	5	2835	57.08
2026/08/31 09:36:06.837	1198	402	50	5	2835	57.08
2026/08/31 09:36:06.937	1198	402	50	5	2835	57.08
2026/08/31 09:36:07.037	1198	402	51	5	2835	57.21
2026/08/31 09:36:07.137	1198	402	51	5	2835	57.21
2026/08/31 09:36:07.237	1198	402	51	5	2835	57.21
2026/08/31 09:36:07.337	1198	402	51	5	2835	57.21
2026/08/31 09:36:07.437	1198	402	51	5	2835	57.21
2026/08/31 09:36:07.537	1198	402	50	5	2835	57.17
2026/08/31 09:36:07.638	1198	402	50	5	2835	57.17
2026/08/31 09:36:07.738	1198	402	50	5	2835	57.17
2026/08/31 09:36:07.838	1198	402	50	5	2835	57.17
2026/08/31 09:36:07.938	1198	402	50	5	2835	57.17
2026/08/31 09:36:08.038	1198	402	49	5	2835	57.21
2026/08/31 09:36:08.138	1198	402	49	5	2835	57.21
2026/08/31 09:36:08.238	1198	402	49	5	2835	57.21
2026/08/31 09:36:08.338	1198	402	49	5	2835	57.21
2026/08/31 09:36:08.438	1198	402	49	5	2835	57.21
2026/08/31 09:36:08.538	1198	402	49	5	2835	57.08
2026/08/31 09:36:08.638	1198	402	49	5	2835	57.08
2026/08/31 09:36:08.739	1198	402	49	5	2835	57.08
2026/08/31 09:36:08.839	1198	402	49	5	2835	57.08
2026/08/31 09:36:08.939	1198	402	49	5	2835	57.08
2026/08/31 09:36:09.039	1198	402	51	5	2835	57.29
2026/08/31 09:36:09.139	1198	402	51	5	2835	57.29
2026/08/31 09:36:09.239	1198	402	51	5	2835	57.29
2026/08/31 09:36:09.339	1198	402	51	5	2835	57.29
2026/08/31 09:36:09.439	1198	402	51	5	2835	57.29
2026/08/31 09:36:09.539	1198	402	51	5	2835	57.28
2026/08/31 09:36:09.639	1198	402	51	5	2835	57.28
2026/08/31 09:36:09.740	1198	402	51	5	2835	57.28
2026/08/31 09:36:09.840	1198	402	51	5	2835	57.28
2026/08/31 09:36:09.940	1198	402	51	5	2835	57.28
2026/08/31 09:36:10.040	1198	402	51	5	2835	57.43
2026/08/31 09:36:10.140	1198	402	51	5	2835	57.43
2026/08/31 09:36:10.240	1198	402	51	5	2835	57.43
2026/08/31 09:36:10.340	1198	402	51	5	2835	57.43
2026/08/31 09:36:10.440	1198	402	51	5	2835	57.43
2026/08/31 09:36:10.540	1198	402	49	5	2835	57.31
2026/08/31 09:36:10.640	1198	402	49	5	2835	57.31
2026/08/31 09:36:10.740	1198	402	49	5	2835	57.31
2026/08/31 09:36:10.841	1198	402	49	5	2835	57.31
2026/08/31 09:36:10.941	1198	402	49	5	2835	57.31
2026/08/31 09:36:11.041	1198	402	49	5	2835	57.33
2026/08/31 09:36:11.141	1198	402	49	5	2835	57.33
2026/08/31 09:36:11.241	1198	402	49	5	2835	57.33
2026/08/31 09:36:11.341	1198	402	49	5	2835	57.33
2026/08/31 09:36:11.441	1198	402	49	5	2835	57.33
2026/08/31 09:36:11.541	1198	402	49	4	2835	57.14
2026/08/31 09:36:11.641	1198	402	49	4	2835	57.14
2026/08/31 09:36:11.742	1198	402	49	4	2835	57.14
2026/08/31 09:36:11.842	1198	402	49	4	2835	57.14
2026/08/31 09:36:11.942	1198	402	49	4	2835	57.14
2026/08/31 09:36:12.042	1198	402	49	4	2835	57.01
2026/08/31 09:36:12.142	1198	402	49	4	2835	57.01
2026/08/31 09:36:12.242	1198	402	49	4	2835	57.01
2026/08/31 09:36:12.342	1198	402	49	4	2835	57.01
2026/08/31 09:36:12.442	1198	402	49	4	2835	57.01
2026/08/31 09:36:12.542	1198	402	52	5	2835	56.68
2026/08/31 09:36:12.642	1198	402	52	5	2835	56.68
2026/08/31 09:36:12.742	1198	402	52	5	2835	56.68
2026/08/31 09:36:12.843	1198	402	52	5	2835	56.68
2026/08/31 09:36:12.943	1198	402	52	5	2835	56.68
2026/08/31 09:36:13.043	1198	402	52	5	2835	56.63
2026/08/31 09:36:13.143	1198	402	52	5	2835	56.63
2026/08/31 09:36:13.243	1198	402	52	5	2835	56.63
2026/08/31 09:36:13.343	1198	402	52	5	2835	56.63
2026/08/31 09:36:13.443	1198	402	52	5	2835	56.63
2026/08/31 09:36:13.543	1198	402	52	5	2835	56.71
2026/08/31 09:36:13.643	1198	402	52	5	2835	56.71
2026/08/31 09:36:13.743	1198	402	52	5	2835	56.71
2026/08/31 09:36:13.844	1198	402	52	5	2835	56.71
2026/08/31 09:36:13.944	1198	402	52	5	2835	56.71
2026/08/31 09:36:14.044	1198	402	50	4	2835	56.65
2026/08/31 09:36:14.144	1198	402	50	4	2835	56.65
2026/08/31 09:36:14.244	1198	402	50	4	2835	56.65
2026/08/31 09:36:14.344	1198	402	50	4	2835	56.65
2026/08/31 09:36:14.444	1198	402	50	4	2835	56.65
2026/08/31 09:36:14.544	1198	402	49	4	2835	56.57
2026/08/31 09:36:14.644	1198	402	49	4	2835	56.57
2026/08/31 09:36:14.744	1198	402	49	4	2835	56.57
2026/08/31 09:36:14.845	1198	402	49	4	2835	56.57
2026/08/31 09:36:14.945	1198	402	49	4	2835	56.57
2026/08/31 09:36:15.045	1198	402	50	4	2835	56.64
2026/08/31 09:36:15.145	1198	402	50	4	2835	56.64
2026/08/31 09:36:15.245	1198	402	50	4	2835	56.64
2026/08/31 09:36:15.345	1198	402	50	4	2835	56.64
2026/08/31 09:36:15.445	1198	402	50	4	2835	56.64
2026/08/31 09:36:15.545	1198	402	47	4	2835	56.60
2026/08/31 09:36:15.645	1198	402	47	4	2835	56.60
2026/08/31 09:36:15.745	1198	402	47	4	2835	56.60
2026/08/31 09:36:15.845	1198	402	47	4	2835	56.60
2026/08/31 09:36:15.946	1198	402	47	4	2835	56.60
2026/08/31 09:36:16.046	1198	402	47	4	2835	56.38
2026/08/31 09:36:16.146	1198	402	47	4	2835	56.38
2026/08/31 09:36:16.246	1198	402	47	4	2835	56.38
2026/08/31 09:36:16.346	1198	402	47	4	2835	56.38
2026/08/31 09:36:16.446	1198	402	47	4	2835	56.38
2026/08/31 09:36:16.546	1198	402	47	4	2835	56.34
2026/08/31 09:36:16.646	1198	402	47	4	2835	56.34
2026/08/31 09:36:16.746	1198	402	47	4	2835	56.34
2026/08/31 09:36:16.846	1198	402	47	4	2835	56.34
2026/08/31 09:36:16.946	1198	402	47	4	2835	56.34
2026/08/31 09:36:17.047	1198	402	49	4	2835	56.41
2026/08/31 09:36:17.147	1198	402	49	4	2835	56.41
2026/08/31 09:36:17.247	1198	402	49	4	2835	56.41
2026/08/31 09:36:17.347	1198	402	49	4	2835	56.41
2026/08/31 09:36:17.447	1198	402	49	4	2835	56.41
2026/08/31 09:36:17.547	1198	402	52	5	2835	56.41
2026/08/31 09:36:17.647	1198	402	52	5	2835	56.41
2026/08/31 09:36:17.747	1198	402	52	5	2835	56.41
2026/08/31 09:36:17.847	1198	402	52	5	2835	56.41
2026/08/31 09:36:17.947	1198	402	52	5	2835	56.41
2026/08/31 09:36:18.047	1198	402	51	4	2835	56.48
2026/08/31 09:36:18.148	1198	402	51	4	2835	56.48
2026/08/31 09:36:18.248	1198	402	51	4	2835	56.48
2026/08/31 09:36:18.348	1198	402	51	4	2835	56.48
2026/08/31 09:36:18.448	1198	402	51	4	2835	56.48
2026/08/31 09:36:18.548	1198	402	50	4	2835	56.58
2026/08/31 09:36:18.648	1198	402	50	4	2835	56.58
2026/08/31 09:36:18.748	1198	402	50	4	2835	56.58
2026/08/31 09:36:18.848	1198	402	50	4	2835	56.58
2026/08/31 09:36:18.948	1198	402	50	4	2835	56.58
2026/08/31 09:36:19.048	1198	402	50	4	2835	56.58
2026/08/31 09:36:19.148	1198	402	50	4	2835	56.58
2026/08/31 09:36:19.249	1198	402	50	4	2835	56.58
2026/08/31 09:36:19.349	1198	402	50	4	2835	56.58
2026/08/31 09:36:19.449	1198	402	50	4	2835	56.58
2026/08/31 09:36:19.549	1198	402	46	4	2835	56.54
2026/08/31 09:36:19.649	1198	402	46	4	2835	56.54
2026/08/31 09:36:19.749	1198	402	46	4	2835	56.54
2026/08/31 09:36:19.849	1198	402	46	4	2835	56.54
2026/08/31 09:36:19.949	1198	402	46	4	2835	56.54
2026/08/31 09:36:20.049	1198	402	47	4	2835	56.50
2026/08/31 09:36:20.149	1198	402	47	4	2835	56.50
2026/08/31 09:36:20.249	1198	402	47	4	2835	56.50
2026/08/31 09:36:20.350	1198	402	47	4	2835	56.50
2026/08/31 09:36:20.450	1198	402	47	4	2835	56.50
2026/08/31 09:36:20.550	1198	402	46	4	2835	56.26
2026/08/31 09:36:20.650	1198	402	46	4	2835	56.26
2026/08/31 09:36:20.750	1198	402	46	4	2835	56.26
2026/08/31 09:36:20.850	1198	402	46	4	2835	56.26
2026/08/31 09:36:20.950	1198	402	46	4	2835	56.26
2026/08/31 09:36:21.050	1198	402	47	5	2835	56.53
2026/08/31 09:36:21.150	1198	402	47	5	2835	56.53
2026/08/31 09:36:21.250	1198	402	47	5	2835	56.53
2026/08/31 09:36:21.351	1198	402	47	5	2835	56.53
2026/08/31 09:36:21.451	1198	402	47	5	2835	56.53
2026/08/31 09:36:21.551	1198	402	46	4	2835	56.71
2026/08/31 09:36:21.651	1198	402	46	4	2835	56.71
2026/08/31 09:36:21.751	1198	402	46	4	2835	56.71
2026/08/31 09:36:21.851	1198	402	46	4	2835	56.71
2026/08/31 09:36:21.951	1198	402	46	4	2835	56.71
2026/08/31 09:36:22.051	1198	402	48	5	2835	56.81
2026/08/31 09:36:22.151	1198	402	48	5	2835	56.81
2026/08/31 09:36:22.252	1198	402	48	5	2835	56.81
2026/08/31 09:36:22.352	1198	402	48	5	2835	56.81
2026/08/31 09:36:22.452	1198	402	48	5	2835	56.81
2026/08/31 09:36:22.552	1198	402	46	4	2835	56.54
2026/08/31 09:36:22.652	1198	402	46	4	2835	56.54
2026/08/31 09:36:22.752	1198	402	46	4	2835	56.54
2026/08/31 09:36:22.852	1198	402	46	4	2835	56.54
2026/08/31 09:36:22.952	1198	402	46	4	2835	56.54
2026/08/31 09:36:23.052	1198	402	50	5	2835	56.41
2026/08/31 09:36:23.152	1198	402	50	5	2835	56.41
2026/08/31 09:36:23.253	1198	402	50	5	2835	56.41
2026/08/31 09:36:23.353	1198	402	50	5	2835	56.41
2026/08/31 09:36:23.453	1198	402	50	5	2835	56.41
2026/08/31 09:36:23.553	1198	402	51	4	2835	56.17
2026/08/31 09:36:23.653	1198	402	51	4	2835	56.17
2026/08/31 09:36:23.753	1198	402	51	4	2835	56.17
2026/08/31 09:36:23.853	1198	402	51	4	2835	56.17
2026/08/31 09:36:23.953	1198	402	51	4	2835	56.17
2026/08/31 09:36:24.053	1198	402	50	5	2835	56.29
2026/08/31 09:36:24.154	1198	402	50	5	2835	56.29
2026/08/31 09:36:24.254	1198	402	50	5	2835	56.29
2026/08/31 09:36:24.354	1198	402	50	5	2835	56.29
2026/08/31 09:36:24.454	1198	402	50	5	2835	56.29
2026/08/31 09:36:24.554	1198	402	51	4	2835	56.14
2026/08/31 09:36:24.654	1198	402	51	4	2835	56.14
2026/08/31 09:36:24.754	1198	402	51	4	2835	56.14
2026/08/31 09:36:24.854	1198	402	51	4	2835	56.14
2026/08/31 09:36:24.954	1198	402	51	4	2835	56.14
2026/08/31 09:36:25.054	1198	402	50	5	2835	58.04
2026/08/31 09:36:25.155	1198	402	50	5	2835	58.04
2026/08/31 09:36:25.255	1198	402	50	5	2835	58.04
2026/08/31 09:36:25.355	1198	402	50	5	2835	58.04
2026/08/31 09:36:25.455	1198	402	50	5	2835	58.04
2026/08/31 09:36:25.555	1198	402	50	4	2835	58.18
2026/08/31 09:36:25.655	1198	402	50	4	2835	58.18
2026/08/31 09:36:25.755	1198	402	50	4	2835	58.18
2026/08/31 09:36:25.855	1198	402	50	4	2835	58.18
2026/08/31 09:36:25.955	1198	402	50	4	2835	58.18
2026/08/31 09:36:26.055	1198	402	50	5	2835	56.73
2026/08/31 09:36:26.156	1198	402	50	5	2835	56.73
2026/08/31 09:36:26.256	1198	402	50	5	2835	56.73
2026/08/31 09:36:26.356	1198	402	50	5	2835	56.73
2026/08/31 09:36:26.456	1198	402	50	5	2835	56.73
2026/08/31 09:36:26.556	1198	402	51	4	2835	55.99
2026/08/31 09:36:26.656	1198	402	51	4	2835	55.99
2026/08/31 09:36:26.756	1198	402	51	4	2835	55.99
2026/08/31 09:36:26.856	1198	402	51	4	2835	55.99
2026/08/31 09:36:26.956	1198	402	51	4	2835	55.99
2026/08/31 09:36:27.056	1198	402	49	5	2835	56.10
2026/08/31 09:36:27.157	1198	402	49	5	2835	56.10
2026/08/31 09:36:27.257	1198	402	49	5	2835	56.10
2026/08/31 09:36:27.357	1198	402	49	5	2835	56.10
2026/08/31 09:36:27.457	1198	402	49	5	2835	56.10
2026/08/31 09:36:27.557	1198	402	52	4	2835	56.01
2026/08/31 09:36:27.657	1198	402	52	4	2835	56.01
2026/08/31 09:36:27.757	1198	402	52	4	2835	56.01
2026/08/31 09:36:27.857	1198	402	52	4	2835	56.01
2026/08/31 09:36:27.957	1198	402	52	4	2835	56.01
2026/08/31 09:36:28.057	1198	402	48	5	2835	56.06
2026/08/31 09:36:28.158	1198	402	48	5	2835	56.06
2026/08/31 09:36:28.258	1198	402	48	5	2835	56.06
2026/08/31 09:36:28.358	1198	402	48	5	2835	56.06
2026/08/31 09:36:28.458	1198	402	48	5	2835	56.06
2026/08/31 09:36:28.558	1198	402	51	5	2835	56.09
2026/08/31 09:36:28.658	1198	402	51	5	2835	56.09
2026/08/31 09:36:28.758	1198	402	51	5	2835	56.09
2026/08/31 09:36:28.858	1198	402	51	5	2835	56.09
2026/08/31 09:36:28.958	1198	402	51	5	2835	56.09
2026/08/31 09:36:29.058	1198	402	49	5	2835	56.28
2026/08/31 09:36:29.159	1198	402	49	5	2835	56.28
2026/08/31 09:36:29.259	1198	402	49	5	2835	56.28
2026/08/31 09:36:29.359	1198	402	49	5	2835	56.28
2026/08/31 09:36:29.459	1198	402	49	5	2835	56.28
2026/08/31 09:36:29.559	1198	402	52	4	2835	56.10
2026/08/31 09:36:29.659	1198	402	52	4	2835	56.10
2026/08/31 09:36:29.759	1198	402	52	4	2835	56.10
2026/08/31 09:36:29.859	1198	402	52	4	2835	56.10
2026/08/31 09:36:29.959	1198	402	52	4	2835	56.10
2026/08/31 09:36:30.059	1198	402	48	5	2835	56.14
2026/08/31 09:36:30.160	1198	402	48	5	2835	56.14
2026/08/31 09:36:30.260	1198	402	48	5	2835	56.14
2026/08/31 09:36:30.360	1198	402	48	5	2835	56.14
2026/08/31 09:36:30.460	1198	402	48	5	2835	56.14
2026/08/31 09:36:30.560	1198	402	51	4	2835	56.12
2026/08/31 09:36:30.660	1198	402	51	4	2835	56.12
2026/08/31 09:36:30.760	1198	402	51	4	2835	56.12
2026/08/31 09:36:30.860	1198	402	51	4	2835	56.12
2026/08/31 09:36:30.960	1198	402	51	4	2835	56.12
2026/08/31 09:36:31.060	1198	402	50	5	2835	56.28
2026/08/31 09:36:31.161	1198	402	50	5	2835	56.28
2026/08/31 09:36:31.261	1198	402	50	5	2835	56.28
2026/08/31 09:36:31.361	1198	402	50	5	2835	56.28
2026/08/31 09:36:31.461	1198	402	50	5	2835	56.28
2026/08/31 09:36:31.561	1198	402	50	4	2835	56.17
2026/08/31 09:36:31.661	1198	402	50	4	2835	56.17
2026/08/31 09:36:31.761	1198	402	50	4	2835	56.17
2026/08/31 09:36:31.861	1198	402	50	4	2835	56.17
2026/08/31 09:36:31.961	1198	402	50	4	2835	56.17
2026/08/31 09:36:32.062	1198	402	51	5	2835	56.20
2026/08/31 09:36:32.162	1198	402	51	5	2835	56.20
2026/08/31 09:36:32.262	1198	402	51	5	2835	56.20
2026/08/31 09:36:32.362	1198	402	51	5	2835	56.20
2026/08/31 09:36:32.462	1198	402	51	5	2835	56.20
2026/08/31 09:36:32.562	1198	402	49	4	2835	56.08
2026/08/31 09:36:32.662	1198	402	49	4	2835	56.08
2026/08/31 09:36:32.762	1198	402	49	4	2835	56.08
2026/08/31 09:36:32.862	1198	402	49	4	2835	56.08
2026/08/31 09:36:32.962	1198	402	49	4	2835	56.08
2026/08/31 09:36:33.063	1198	402	51	5	2835	56.17
2026/08/31 09:36:33.163	1198	402	51	5	2835	56.17
2026/08/31 09:36:33.263	1198	402	51	5	2835	56.17
2026/08/31 09:36:33.363	1198	402	51	5	2835	56.17
2026/08/31 09:36:33.463	1198	402	51	5	2835	56.17
2026/08/31 09:36:33.563	1198	402	50	4	2835	56.11
2026/08/31 09:36:33.663	1198	402	50	4	2835	56.11
2026/08/31 09:36:33.763	1198	402	50	4	2835	56.11
2026/08/31 09:36:33.863	1198	402	50	4	2835	56.11
2026/08/31 09:36:33.964	1198	402	50	4	2835	56.11
2026/08/31 09:36:34.064	1198	402	51	5	2835	56.26
2026/08/31 09:36:34.164	1198	402	51	5	2835	56.26
2026/08/31 09:36:34.264	1198	402	51	5	2835	56.26
2026/08/31 09:36:34.364	1198	402	51	5	2835	56.26
2026/08/31 09:36:34.464	1198	402	51	5	2835	56.26
2026/08/31 09:36:34.564	1198	402	50	4	2835	56.06
2026/08/31 09:36:34.664	1198	402	50	4	2835	56.06
2026/08/31 09:36:34.764	1198	402	50	4	2835	56.06
2026/08/31 09:36:34.864	1198	402	50	4	2835	56.06
2026/08/31 09:36:34.965	1198	402	50	4	2835	56.06
2026/08/31 09:36:35.065	1198	402	50	5	2835	56.06
2026/08/31 09:36:35.165	1198	402	50	5	2835	56.06
2026/08/31 09:36:35.265	1198	402	50	5	2835	56.06
2026/08/31 09:36:35.365	1198	402	50	5	2835	56.06
2026/08/31 09:36:35.465	1198	402	50	5	2835	56.06
2026/08/31 09:36:35.565	1198	402	50	4	2835	55.90
2026/08/31 09:36:35.665	1198	402	50	4	2835	55.90
2026/08/31 09:36:35.765	1198	402	50	4	2835	55.90
2026/08/31 09:36:35.865	1198	402	50	4	2835	55.90
2026/08/31 09:36:35.966	1198	402	50	4	2835	55.90
2026/08/31 09:36:36.066	1198	402	51	5	2835	55.99
2026/08/31 09:36:36.166	1198	402	51	5	2835	55.99
2026/08/31 09:36:36.266	1198	402	51	5	2835	55.99
2026/08/31 09:36:36.366	1198	402	51	5	2835	55.99
2026/08/31 09:36:36.466	1198	402	51	5	2835	55.99
2026/08/31 09:36:36.566	1198	402	50	4	2835	55.88
2026/08/31 09:36:36.666	1198	402	50	4	2835	55.88
2026/08/31 09:36:36.767	1198	402	50	4	2835	55.88
2026/08/31 09:36:36.867	1198	402	50	4	2835	55.88
2026/08/31 09:36:36.967	1198	402	50	4	2835	55.88
2026/08/31 09:36:37.067	1198	402	52	5	2835	56.05
2026/08/31 09:36:37.167	1198	402	52	5	2835	56.05
2026/08/31 09:36:37.267	1198	402	52	5	2835	56.05
2026/08/31 09:36:37.367	1198	402	52	5	2835	56.05
2026/08/31 09:36:37.467	1198	402	52	5	2835	56.05
2026/08/31 09:36:37.567	1198	402	50	4	2835	56.04
2026/08/31 09:36:37.668	1198	402	50	4	2835	56.04
2026/08/31 09:36:37.768	1198	402	50	4	2835	56.04
2026/08/31 09:36:37.868	1198	402	50	4	2835	56.04
2026/08/31 09:36:37.968	1198	402	50	4	2835	56.04
2026/08/31 09:36:38.068	1198	402	50	5	2835	56.23
2026/08/31 09:36:38.168	1198	402	50	5	2835	56.23
2026/08/31 09:36:38.268	1198	402	50	5	2835	56.23
2026/08/31 09:36:38.368	1198	402	50	5	2835	56.23
2026/08/31 09:36:38.469	1198	402	50	5	2835	56.23
2026/08/31 09:36:38.569	1198	402	51	4	2835	56.21
2026/08/31 09:36:38.669	1198	402	51	4	2835	56.21
2026/08/31 09:36:38.769	1198	402	51	4	2835	56.21
2026/08/31 09:36:38.869	1198	402	51	4	2835	56.21
2026/08/31 09:36:38.969	1198	402	51	4	2835	56.21
2026/08/31 09:36:39.069	1198	402	51	5	2835	56.32
2026/08/31 09:36:39.169	1198	402	51	5	2835	56.32
2026/08/31 09:36:39.269	1198	402	51	5	2835	56.32
2026/08/31 09:36:39.370	1198	402	51	5	2835	56.32
2026/08/31 09:36:39.470	1198	402	51	5	2835	56.32
2026/08/31 09:36:39.570	1198	402	50	4	2835	56.26
2026/08/31 09:36:39.670	1198	402	50	4	2835	56.26
2026/08/31 09:36:39.770	1198	402	50	4	2835	56.26
2026/08/31 09:36:39.870	1198	402	50	4	2835	56.26
2026/08/31 09:36:39.970	1198	402	50	4	2835	56.26
2026/08/31 09:36:40.070	1198	402	52	5	2835	56.40
2026/08/31 09:36:40.170	1198	402	52	5	2835	56.40
2026/08/31 09:36:40.271	1198	402	52	5	2835	56.40
2026/08/31 09:36:40.371	1198	402	52	5	2835	56.40
2026/08/31 09:36:40.471	1198	402	52	5	2835	56.40
2026/08/31 09:36:40.571	1198	402	48	4	2835	56.29
2026/08/31 09:36:40.671	1198	402	48	4	2835	56.29
2026/08/31 09:36:40.771	1198	402	48	4	2835	56.29
2026/08/31 09:36:40.871	1198	402	48	4	2835	56.29
2026/08/31 09:36:40.971	1198	402	48	4	2835	56.29
2026/08/31 09:36:41.071	1198	402	51	5	2835	56.38
2026/08/31 09:36:41.172	1198	402	51	5	2835	56.38
2026/08/31 09:36:41.272	1198	402	51	5	2835	56.38
2026/08/31 09:36:41.372	1198	402	51	5	2835	56.38
2026/08/31 09:36:41.472	1198	402	51	5	2835	56.38
2026/08/31 09:36:41.572	1198	402	50	4	2835	56.22
2026/08/31 09:36:41.672	1198	402	50	4	2835	56.22
2026/08/31 09:36:41.772	1198	402	50	4	2835	56.22
2026/08/31 09:36:41.872	1198	402	50	4	2835	56.22
2026/08/31 09:36:41.972	1198	402	50	4	2835	56.22
2026/08/31 09:36:42.073	1198	402	49	5	2835	56.35
2026/08/31 09:36:42.173	1198	402	49	5	2835	56.35
2026/08/31 09:36:42.273	1198	402	49	5	2835	56.35
2026/08/31 09:36:42.373	1198	402	49	5	2835	56.35
2026/08/31 09:36:42.473	1198	402	49	5	2835	56.35
2026/08/31 09:36:42.573	1198	402	51	4	2835	56.17
2026/08/31 09:36:42.673	1198	402	51	4	2835	56.17
2026/08/31 09:36:42.773	1198	402	51	4	2835	56.17
2026/08/31 09:36:42.873	1198	402	51	4	2835	56.17
2026/08/31 09:36:42.973	1198	402	51	4	2835	56.17
2026/08/31 09:36:43.074	1198	402	48	5	2835	56.16
2026/08/31 09:36:43.174	1198	402	48	5	2835	56.16
2026/08/31 09:36:43.274	1198	402	48	5	2835	56.16
2026/08/31 09:36:43.374	1198	402	48	5	2835	56.16
2026/08/31 09:36:43.474	1198	402	48	5	2835	56.16
2026/08/31 09:36:43.574	1198	402	50	4	2835	56.07
2026/08/31 09:36:43.674	1198	402	50	4	2835	56.07
2026/08/31 09:36:43.774	1198	402	50	4	2835	56.07
2026/08/31 09:36:43.874	1198	402	50	4	2835	56.07
2026/08/31 09:36:43.975	1198	402	50	4	2835	56.07
2026/08/31 09:36:44.075	1198	402	50	5	2835	56.24
2026/08/31 09:36:44.175	1198	402	50	5	2835	56.24
2026/08/31 09:36:44.275	1198	402	50	5	2835	56.24
2026/08/31 09:36:44.375	1198	402	50	5	2835	56.24
2026/08/31 09:36:44.475	1198	402	50	5	2835	56.24
2026/08/31 09:36:44.575	1198	402	49	4	2835	56.17
2026/08/31 09:36:44.675	1198	402	49	4	2835	56.17
2026/08/31 09:36:44.775	1198	402	49	4	2835	56.17
2026/08/31 09:36:44.876	1198	402	49	4	2835	56.17
2026/08/31 09:36:44.976	1198	402	49	4	2835	56.17
2026/08/31 09:36:45.076	1198	402	51	5	2835	56.35
2026/08/31 09:36:45.176	1198	402	51	5	2835	56.35
2026/08/31 09:36:45.276	1198	402	51	5	2835	56.35
2026/08/31 09:36:45.376	1198	402	51	5	2835	56.35
2026/08/31 09:36:45.477	1198	402	51	5	2835	56.35
2026/08/31 09:36:45.577	1198	402	49	4	2835	56.29
2026/08/31 09:36:45.677	1198	402	49	4	2835	56.29
2026/08/31 09:36:45.777	1198	402	49	4	2835	56.29
2026/08/31 09:36:45.877	1198	402	49	4	2835	56.29
2026/08/31 09:36:45.977	1198	402	49	4	2835	56.29
2026/08/31 09:36:46.077	1198	402	51	5	2835	56.40
2026/08/31 09:36:46.177	1198	402	51	5	2835	56.40
2026/08/31 09:36:46.277	1198	402	51	5	2835	56.40
2026/08/31 09:36:46.378	1198	402	51	5	2835	56.40
2026/08/31 09:36:46.478	1198	402	51	5	2835	56.40
2026/08/31 09:36:46.578	1198	402	52	5	2835	56.38
2026/08/31 09:36:46.678	1198	402	52	5	2835	56.38
2026/08/31 09:36:46.778	1198	402	52	5	2835	56.38
2026/08/31 09:36:46.878	1198	402	52	5	2835	56.38
2026/08/31 09:36:46.979	1198	402	52	5	2835	56.38
2026/08/31 09:36:47.079	1198	402	49	5	2835	56.56
2026/08/31 09:36:47.179	1198	402	49	5	2835	56.56
2026/08/31 09:36:47.279	1198	402	49	5	2835	56.56
2026/08/31 09:36:47.379	1198	402	49	5	2835	56.56
2026/08/31 09:36:47.479	1198	402	49	5	2835	56.56
2026/08/31 09:36:47.579	1198	402	49	4	2835	56.37
2026/08/31 09:36:47.680	1198	402	49	4	2835	56.37
2026/08/31 09:36:47.780	1198	402	49	4	2835	56.37
2026/08/31 09:36:47.880	1198	402	49	4	2835	56.37
2026/08/31 09:36:47.980	1198	402	49	4	2835	56.37
2026/08/31 09:36:48.080	1198	402	49	5	2835	56.50
2026/08/31 09:36:48.180	1198	402	49	5	2835	56.50
2026/08/31 09:36:48.280	1198	402	49	5	2835	56.50
2026/08/31 09:36:48.380	1198	402	49	5	2835	56.50
2026/08/31 09:36:48.480	1198	402	49	5	2835	56.50
2026/08/31 09:36:48.581	1198	402	50	4	2835	56.41
2026/08/31 09:36:48.681	1198	402	50	4	2835	56.41
2026/08/31 09:36:48.781	1198	402	50	4	2835	56.41
2026/08/31 09:36:48.881	1198	402	50	4	2835	56.41
2026/08/31 09:36:48.981	1198	402	50	4	2835	56.41
2026/08/31 09:36:49.081	1198	402	51	5	2835	56.46
2026/08/31 09:36:49.181	1198	402	51	5	2835	56.46
2026/08/31 09:36:49.281	1198	402	51	5	2835	56.46
2026/08/31 09:36:49.381	1198	402	51	5	2835	56.46
2026/08/31 09:36:49.481	1198	402	51	5	2835	56.46
2026/08/31 09:36:49.582	1198	402	50	4	2835	56.28
2026/08/31 09:36:49.682	1198	402	50	4	2835	56.28
2026/08/31 09:36:49.782	1198	402	50	4	2835	56.28
2026/08/31 09:36:49.882	1198	402	50	4	2835	56.28
2026/08/31 09:36:49.982	1198	402	50	4	2835	56.28
2026/08/31 09:36:50.082	1198	402	49	5	2835	56.36
2026/08/31 09:36:50.182	1198	402	49	5	2835	56.36
2026/08/31 09:36:50.282	1198	402	49	5	2835	56.36
2026/08/31 09:36:50.382	1198	402	49	5	2835	56.36
2026/08/31 09:36:50.482	1198	402	49	5	2835	56.36
2026/08/31 09:36:50.583	1198	402	52	5	2835	56.33
2026/08/31 09:36:50.683	1198	402	52	5	2835	56.33
2026/08/31 09:36:50.783	1198	402	52	5	2835	56.33
2026/08/31 09:36:50.883	1198	402	52	5	2835	56.33
2026/08/31 09:36:50.983	1198	402	52	5	2835	56.33
2026/08/31 09:36:51.083	1198	402	50	5	2835	56.51
2026/08/31 09:36:51.183	1198	402	50	5	2835	56.51
2026/08/31 09:36:51.283	1198	402	50	5	2835	56.51
2026/08/31 09:36:51.383	1198	402	50	5	2835	56.51
2026/08/31 09:36:51.484	1198	402	50	5	2835	56.51
2026/08/31 09:36:51.584	1198	402	50	4	2835	56.36
2026/08/31 09:36:51.684	1198	402	50	4	2835	56.36
2026/08/31 09:36:51.784	1198	402	50	4	2835	56.36
2026/08/31 09:36:51.884	1198	402	50	4	2835	56.36
2026/08/31 09:36:51.984	1198	402	50	4	2835	56.36
2026/08/31 09:36:52.084	1198	402	50	5	2835	56.41
2026/08/31 09:36:52.184	1198	402	50	5	2835	56.41
2026/08/31 09:36:52.284	1198	402	50	5	2835	56.41
2026/08/31 09:36:52.384	1198	402	50	5	2835	56.41
2026/08/31 09:36:52.485	1198	402	50	5	2835	56.41
2026/08/31 09:36:52.585	1198	402	52	4	2835	56.26
2026/08/31 09:36:52.685	1198	402	52	4	2835	56.26
2026/08/31 09:36:52.785	1198	402	52	4	2835	56.26
2026/08/31 09:36:52.885	1198	402	52	4	2835	56.26
2026/08/31 09:36:52.985	1198	402	52	4	2835	56.26
2026/08/31 09:36:53.085	1198	402	50	5	2835	56.37
2026/08/31 09:36:53.185	1198	402	50	5	2835	56.37
2026/08/31 09:36:53.285	1198	402	50	5	2835	56.37
2026/08/31 09:36:53.385	1198	402	50	5	2835	56.37
2026/08/31 09:36:53.486	1198	402	50	5	2835	56.37
2026/08/31 09:36:53.586	1198	402	50	5	2835	56.34
2026/08/31 09:36:53.686	1198	402	50	5	2835	56.34
2026/08/31 09:36:53.786	1198	402	50	5	2835	56.34
2026/08/31 09:36:53.886	1198	402	50	5	2835	56.34
2026/08/31 09:36:53.986	1198	402	50	5	2835	56.34
2026/08/31 09:36:54.086	1198	402	50	5	2835	56.48
2026/08/31 09:36:54.186	1198	402	50	5	2835	56.48
2026/08/31 09:36:54.286	1198	402	50	5	2835	56.48
2026/08/31 09:36:54.386	1198	402	50	5	2835	56.48
2026/08/31 09:36:54.487	1198	402	50	5	2835	56.48
2026/08/31 09:36:54.587	1198	402	50	4	2835	56.38
2026/08/31 09:36:54.687	1198	402	50	4	2835	56.38
2026/08/31 09:36:54.787	1198	402	50	4	2835	56.38
2026/08/31 09:36:54.887	1198	402	50	4	2835	56.38
2026/08/31 09:36:54.987	1198	402	50	4	2835	56.38
2026/08/31 09:36:55.087	1198	402	49	5	2835	56.50
2026/08/31 09:36:55.187	1198	402	49	5	2835	56.50
2026/08/31 09:36:55.287	1198	402	49	5	2835	56.50
2026/08/31 09:36:55.387	1198	402	49	5	2835	56.50
2026/08/31 09:36:55.488	1198	402	49	5	2835	56.50
2026/08/31 09:36:55.588	1198	402	52	4	2835	56.46
2026/08/31 09:36:55.688	1198	402	52	4	2835	56.46
2026/08/31 09:36:55.788	1198	402	52	4	2835	56.46
2026/08/31 09:36:55.888	1198	402	52	4	2835	56.46
2026/08/31 09:36:55.988	1198	402	52	4	2835	56.46
2026/08/31 09:36:56.088	1198	402	50	5	2835	56.58
2026/08/31 09:36:56.188	1198	402	50	5	2835	56.58
2026/08/31 09:36:56.288	1198	402	50	5	2835	56.58
2026/08/31 09:36:56.388	1198	402	50	5	2835	56.58
2026/08/31 09:36:56.489	1198	402	50	5	2835	56.58
2026/08/31 09:36:56.589	1198	402	50	4	2835	56.46
2026/08/31 09:36:56.689	1198	402	50	4	2835	56.46
2026/08/31 09:36:56.789	1198	402	50	4	2835	56.46
2026/08/31 09:36:56.889	1198	402	50	4	2835	56.46
2026/08/31 09:36:56.989	1198	402	50	4	2835	56.46
2026/08/31 09:36:57.089	1198	402	49	5	2835	56.45
2026/08/31 09:36:57.189	1198	402	49	5	2835	56.45
2026/08/31 09:36:57.289	1198	402	49	5	2835	56.45
2026/08/31 09:36:57.389	1198	402	49	5	2835	56.45
2026/08/31 09:36:57.490	1198	402	49	5	2835	56.45
2026/08/31 09:36:57.590	1198	402	50	4	2835	56.19
2026/08/31 09:36:57.690	1198	402	50	4	2835	56.19
2026/08/31 09:36:57.790	1198	402	50	4	2835	56.19
2026/08/31 09:36:57.890	1198	402	50	4	2835	56.19
2026/08/31 09:36:57.990	1198	402	50	4	2835	56.19
2026/08/31 09:36:58.090	1198	402	50	5	2835	56.17
2026/08/31 09:36:58.190	1198	402	50	5	2835	56.17
2026/08/31 09:36:58.290	1198	402	50	5	2835	56.17
2026/08/31 09:36:58.390	1198	402	50	5	2835	56.17
2026/08/31 09:36:58.491	1198	402	50	5	2835	56.17
2026/08/31 09:36:58.591	1198	402	50	4	2835	56.13
2026/08/31 09:36:58.691	1198	402	50	4	2835	56.13
2026/08/31 09:36:58.791	1198	402	50	4	2835	56.13
2026/08/31 09:36:58.891	1198	402	50	4	2835	56.13
2026/08/31 09:36:58.991	1198	402	50	4	2835	56.13
2026/08/31 09:36:59.091	1198	402	50	5	2835	56.39
2026/08/31 09:36:59.191	1198	402	50	5	2835	56.39
2026/08/31 09:36:59.291	1198	402	50	5	2835	56.39
2026/08/31 09:36:59.392	1198	402	50	5	2835	56.39
2026/08/31 09:36:59.492	1198	402	50	5	2835	56.39
2026/08/31 09:36:59.592	1198	402	50	4	2835	56.30
2026/08/31 09:36:59.692	1198	402	50	4	2835	56.30
2026/08/31 09:36:59.792	1198	402	50	4	2835	56.30
2026/08/31 09:36:59.892	1198	402	50	4	2835	56.30
2026/08/31 09:36:59.992	1198	402	50	4	2835	56.30
2026/08/31 09:37:00.092	1198	402	52	4	2835	56.21
2026/08/31 09:37:00.192	1198	402	52	4	2835	56.21
2026/08/31 09:37:00.292	1198	402	52	4	2835	56.21
2026/08/31 09:37:00.393	1198	402	52	4	2835	56.21
2026/08/31 09:37:00.493	1198	402	52	4	2835	56.21
2026/08/31 09:37:00.593	1198	402	51	4	2835	55.95
2026/08/31 09:37:00.693	1198	402	51	4	2835	55.95
2026/08/31 09:37:00.793	1198	402	51	4	2835	55.95
2026/08/31 09:37:00.893	1198	402	51	4	2835	55.95
2026/08/31 09:37:00.993	1198	402	51	4	2835	55.95
2026/08/31 09:37:01.093	1198	402	52	4	2835	55.91
2026/08/31 09:37:01.193	1198	402	52	4	2835	55.91
2026/08/31 09:37:01.293	1198	402	52	4	2835	55.91
2026/08/31 09:37:01.393	1198	402	52	4	2835	55.91
2026/08/31 09:37:01.494	1198	402	52	4	2835	55.91
2026/08/31 09:37:01.594	1198	402	49	4	2835	55.87
2026/08/31 09:37:01.694	1198	402	49	4	2835	55.87
2026/08/31 09:37:01.794	1198	402	49	4	2835	55.87
2026/08/31 09:37:01.894	1198	402	49	4	2835	55.87
2026/08/31 09:37:01.994	1198	402	49	4	2835	55.87
2026/08/31 09:37:02.094	1198	402	52	4	2835	55.77
2026/08/31 09:37:02.194	1198	402	52	4	2835	55.77
2026/08/31 09:37:02.294	1198	402	52	4	2835	55.77
2026/08/31 09:37:02.394	1198	402	52	4	2835	55.77
2026/08/31 09:37:02.495	1198	402	52	4	2835	55.77
2026/08/31 09:37:02.595	1198	402	49	4	2835	55.76
2026/08/31 09:37:02.695	1198	402	49	4	2835	55.76
2026/08/31 09:37:02.795	1198	402	49	4	2835	55.76
2026/08/31 09:37:02.895	1198	402	49	4	2835	55.76
2026/08/31 09:37:02.995	1198	402	49	4	2835	55.76
2026/08/31 09:37:03.095	1198	402	51	5	2835	56.37
2026/08/31 09:37:03.195	1198	402	51	5	2835	56.37
2026/08/31 09:37:03.295	1198	402	51	5	2835	56.37
2026/08/31 09:37:03.396	1198	402	51	5	2835	56.37
2026/08/31 09:37:03.496	1198	402	51	5	2835	56.37
2026/08/31 09:37:03.596	1198	402	48	4	2835	56.43
2026/08/31 09:37:03.696	1198	402	48	4	2835	56.43
2026/08/31 09:37:03.796	1198	402	48	4	2835	56.43
2026/08/31 09:37:03.896	1198	402	48	4	2835	56.43
2026/08/31 09:37:03.996	1198	402	48	4	2835	56.43
2026/08/31 09:37:04.096	1198	402	50	5	2835	56.03
2026/08/31 09:37:04.196	1198	402	50	5	2835	56.03
2026/08/31 09:37:04.296	1198	402	50	5	2835	56.03
2026/08/31 09:37:04.396	1198	402	50	5	2835	56.03
2026/08/31 09:37:04.497	1198	402	50	5	2835	56.03
2026/08/31 09:37:04.597	1198	402	52	4	2835	55.92
2026/08/31 09:37:04.697	1198	402	52	4	2835	55.92
2026/08/31 09:37:04.797	1198	402	52	4	2835	55.92
2026/08/31 09:37:04.897	1198	402	52	4	2835	55.92
2026/08/31 09:37:04.997	1198	402	52	4	2835	55.92
2026/08/31 09:37:05.097	1198	402	52	4	2835	56.07
2026/08/31 09:37:05.197	1198	402	52	4	2835	56.07
2026/08/31 09:37:05.297	1198	402	52	4	2835	56.07
2026/08/31 09:37:05.397	1198	402	52	4	2835	56.07
2026/08/31 09:37:05.497	1198	402	52	4	2835	56.07
2026/08/31 09:37:05.597	1198	402	50	4	2835	56.08
2026/08/31 09:37:05.698	1198	402	50	4	2835	56.08
2026/08/31 09:37:05.798	1198	402	50	4	2835	56.08
2026/08/31 09:37:05.898	1198	402	50	4	2835	56.08
2026/08/31 09:37:05.998	1198	402	50	4	2835	56.08
2026/08/31 09:37:06.098	1198	402	49	5	2835	56.23
2026/08/31 09:37:06.198	1198	402	49	5	2835	56.23
2026/08/31 09:37:06.298	1198	402	49	5	2835	56.23
2026/08/31 09:37:06.398	1198	402	49	5	2835	56.23
2026/08/31 09:37:06.498	1198	402	49	5	2835	56.23
2026/08/31 09:37:06.598	1198	402	49	4	2835	56.17
2026/08/31 09:37:06.699	1198	402	49	4	2835	56.17
2026/08/31 09:37:06.799	1198	402	49	4	2835	56.17
2026/08/31 09:37:06.899	1198	402	49	4	2835	56.17
2026/08/31 09:37:06.999	1198	402	49	4	2835	56.17
2026/08/31 09:37:07.099	1198	402	49	5	2835	56.33
2026/08/31 09:37:07.199	1198	402	49	5	2835	56.33
2026/08/31 09:37:07.299	1198	402	49	5	2835	56.33
2026/08/31 09:37:07.399	1198	402	49	5	2835	56.33
2026/08/31 09:37:07.499	1198	402	49	5	2835	56.33
2026/08/31 09:37:07.599	1198	402	49	4	2835	56.17
2026/08/31 09:37:07.699	1198	402	49	4	2835	56.17
2026/08/31 09:37:07.800	1198	402	49	4	2835	56.17
2026/08/31 09:37:07.900	1198	402	49	4	2835	56.17
2026/08/31 09:37:08.000	1198	402	49	4	2835	56.17
2026/08/31 09:37:08.100	1198	402	51	4	2835	56.11
2026/08/31 09:37:08.200	1198	402	51	4	2835	56.11
2026/08/31 09:37:08.300	1198	402	51	4	2835	56.11
2026/08/31 09:37:08.400	1198	402	51	4	2835	56.11
2026/08/31 09:37:08.500	1198	402	51	4	2835	56.11
2026/08/31 09:37:08.600	1198	402	50	4	2835	56.12
2026/08/31 09:37:08.700	1198	402	50	4	2835	56.12
2026/08/31 09:37:08.801	1198	402	50	4	2835	56.12
2026/08/31 09:37:08.901	1198	402	50	4	2835	56.12
2026/08/31 09:37:09.001	1198	402	50	4	2835	56.12
2026/08/31 09:37:09.101	1198	402	51	4	2835	56.17
2026/08/31 09:37:09.201	1198	402	51	4	2835	56.17
2026/08/31 09:37:09.301	1198	402	51	4	2835	56.17
2026/08/31 09:37:09.401	1198	402	51	4	2835	56.17
2026/08/31 09:37:09.501	1198	402	51	4	2835	56.17
2026/08/31 09:37:09.601	1198	402	50	4	2835	56.11
2026/08/31 09:37:09.701	1198	402	50	4	2835	56.11
2026/08/31 09:37:09.801	1198	402	50	4	2835	56.11
2026/08/31 09:37:09.901	1198	402	50	4	2835	56.11
2026/08/31 09:37:10.002	1198	402	50	4	2835	56.11
2026/08/31 09:37:10.102	1198	402	52	4	2835	56.11
2026/08/31 09:37:10.202	1198	402	52	4	2835	56.11
2026/08/31 09:37:10.302	1198	402	52	4	2835	56.11
2026/08/31 09:37:10.402	1198	402	52	4	2835	56.11
2026/08/31 09:37:10.502	1198	402	52	4	2835	56.11
2026/08/31 09:37:10.602	1198	402	52	4	2835	56.01
2026/08/31 09:37:10.702	1198	402	52	4	2835	56.01
2026/08/31 09:37:10.802	1198	402	52	4	2835	56.01
2026/08/31 09:37:10.902	1198	402	52	4	2835	56.01
2026/08/31 09:37:11.002	1198	402	52	4	2835	56.01
2026/08/31 09:37:11.103	1198	402	52	4	2835	55.95
2026/08/31 09:37:11.203	1198	402	52	4	2835	55.95
2026/08/31 09:37:11.303	1198	402	52	4	2835	55.95
2026/08/31 09:37:11.403	1198	402	52	4	2835	55.95
2026/08/31 09:37:11.503	1198	402	52	4	2835	55.95
2026/08/31 09:37:11.603	1198	402	50	4	2835	55.92
2026/08/31 09:37:11.703	1198	402	50	4	2835	55.92
2026/08/31 09:37:11.803	1198	402	50	4	2835	55.92
2026/08/31 09:37:11.903	1198	402	50	4	2835	55.92
2026/08/31 09:37:12.003	1198	402	50	4	2835	55.92
2026/08/31 09:37:12.103	1198	402	51	4	2835	55.91
2026/08/31 09:37:12.204	1198	402	51	4	2835	55.91
2026/08/31 09:37:12.304	1198	402	51	4	2835	55.91
2026/08/31 09:37:12.404	1198	402	51	4	2835	55.91
2026/08/31 09:37:12.504	1198	402	51	4	2835	55.91
2026/08/31 09:37:12.604	1198	402	50	4	2835	55.92
2026/08/31 09:37:12.704	1198	402	50	4	2835	55.92
2026/08/31 09:37:12.804	1198	402	50	4	2835	55.92
2026/08/31 09:37:12.904	1198	402	50	4	2835	55.92
2026/08/31 09:37:13.004	1198	402	50	4	2835	55.92
2026/08/31 09:37:13.104	1198	402	49	4	2835	55.90
2026/08/31 09:37:13.204	1198	402	49	4	2835	55.90
2026/08/31 09:37:13.305	1198	402	49	4	2835	55.90
2026/08/31 09:37:13.405	1198	402	49	4	2835	55.90
2026/08/31 09:37:13.505	1198	402	49	4	2835	55.90
2026/08/31 09:37:13.605	1198	402	48	4	2835	55.90
2026/08/31 09:37:13.705	1198	402	48	4	2835	55.90
2026/08/31 09:37:13.805	1198	402	48	4	2835	55.90
2026/08/31 09:37:13.905	1198	402	48	4	2835	55.90
2026/08/31 09:37:14.005	1198	402	48	4	2835	55.90
2026/08/31 09:37:14.105	1198	402	47	4	2835	55.89
2026/08/31 09:37:14.206	1198	402	47	4	2835	55.89
2026/08/31 09:37:14.306	1198	402	47	4	2835	55.89
2026/08/31 09:37:14.406	1198	402	47	4	2835	55.89
2026/08/31 09:37:14.506	1198	402	47	4	2835	55.89
2026/08/31 09:37:14.606	1198	402	50	4	2835	55.90
2026/08/31 09:37:14.706	1198	402	50	4	2835	55.90
2026/08/31 09:37:14.806	1198	402	50	4	2835	55.90
2026/08/31 09:37:14.906	1198	402	50	4	2835	55.90
2026/08/31 09:37:15.006	1198	402	50	4	2835	55.90
2026/08/31 09:37:15.106	1198	402	51	4	2835	56.10
2026/08/31 09:37:15.206	1198	402	51	4	2835	56.10
2026/08/31 09:37:15.306	1198	402	51	4	2835	56.10
2026/08/31 09:37:15.407	1198	402	51	4	2835	56.10
2026/08/31 09:37:15.507	1198	402	51	4	2835	56.10
2026/08/31 09:37:15.607	1198	402	51	5	2835	56.29
2026/08/31 09:37:15.707	1198	402	51	5	2835	56.29
2026/08/31 09:37:15.807	1198	402	51	5	2835	56.29
2026/08/31 09:37:15.907	1198	402	51	5	2835	56.29
2026/08/31 09:37:16.007	1198	402	51	5	2835	56.29
2026/08/31 09:37:16.107	1198	402	50	4	2835	56.26
2026/08/31 09:37:16.207	1198	402	50	4	2835	56.26
2026/08/31 09:37:16.307	1198	402	50	4	2835	56.26
2026/08/31 09:37:16.407	1198	402	50	4	2835	56.26
2026/08/31 09:37:16.507	1198	402	50	4	2835	56.26
2026/08/31 09:37:16.608	1198	402	47	4	2835	56.19
2026/08/31 09:37:16.708	1198	402	47	4	2835	56.19
2026/08/31 09:37:16.808	1198	402	47	4	2835	56.19
2026/08/31 09:37:16.908	1198	402	47	4	2835	56.19
2026/08/31 09:37:17.008	1198	402	47	4	2835	56.19
2026/08/31 09:37:17.108	1198	402	48	4	2835	56.02
2026/08/31 09:37:17.208	1198	402	48	4	2835	56.02
2026/08/31 09:37:17.308	1198	402	48	4	2835	56.02
2026/08/31 09:37:17.408	1198	402	48	4	2835	56.02
2026/08/31 09:37:17.508	1198	402	48	4	2835	56.02
2026/08/31 09:37:17.609	1198	402	47	4	2835	56.15
2026/08/31 09:37:17.709	1198	402	47	4	2835	56.15
2026/08/31 09:37:17.809	1198	402	47	4	2835	56.15
2026/08/31 09:37:17.909	1198	402	47	4	2835	56.15
2026/08/31 09:37:18.009	1198	402	47	4	2835	56.15
2026/08/31 09:37:18.109	1198	402	46	5	2835	56.28
2026/08/31 09:37:18.209	1198	402	46	5	2835	56.28
2026/08/31 09:37:18.309	1198	402	46	5	2835	56.28
2026/08/31 09:37:18.409	1198	402	46	5	2835	56.28
2026/08/31 09:37:18.510	1198	402	46	5	2835	56.28
2026/08/31 09:37:18.610	1198	402	52	5	2835	56.35
2026/08/31 09:37:18.710	1198	402	52	5	2835	56.35
2026/08/31 09:37:18.810	1198	402	52	5	2835	56.35
2026/08/31 09:37:18.910	1198	402	52	5	2835	56.35
2026/08/31 09:37:19.010	1198	402	52	5	2835	56.35
2026/08/31 09:37:19.110	1198	402	50	5	2835	56.43
2026/08/31 09:37:19.210	1198	402	50	5	2835	56.43
2026/08/31 09:37:19.310	1198	402	50	5	2835	56.43
2026/08/31 09:37:19.410	1198	402	50	5	2835	56.43
2026/08/31 09:37:19.511	1198	402	50	5	2835	56.43
2026/08/31 09:37:19.611	1198	402	49	5	2835	56.63
2026/08/31 09:37:19.711	1198	402	49	5	2835	56.63
2026/08/31 09:37:19.811	1198	402	49	5	2835	56.63
2026/08/31 09:37:19.911	1198	402	49	5	2835	56.63
2026/08/31 09:37:20.011	1198	402	49	5	2835	56.63
2026/08/31 09:37:20.111	1198	402	47	4	2835	56.91
2026/08/31 09:37:20.211	1198	402	47	4	2835	56.91
2026/08/31 09:37:20.311	1198	402	47	4	2835	56.91
2026/08/31 09:37:20.411	1198	402	47	4	2835	56.91
2026/08/31 09:37:20.512	1198	402	47	4	2835	56.91
2026/08/31 09:37:20.612	1198	402	48	4	2835	56.89
2026/08/31 09:37:20.712	1198	402	48	4	2835	56.89
2026/08/31 09:37:20.812	1198	402	48	4	2835	56.89
2026/08/31 09:37:20.912	1198	402	48	4	2835	56.89
2026/08/31 09:37:21.012	1198	402	48	4	2835	56.89
2026/08/31 09:37:21.112	1198	402	48	4	2835	56.97
2026/08/31 09:37:21.212	1198	402	48	4	2835	56.97
2026/08/31 09:37:21.312	1198	402	48	4	2835	56.97
2026/08/31 09:37:21.412	1198	402	48	4	2835	56.97
2026/08/31 09:37:21.513	1198	402	48	4	2835	56.85
2026/08/31 09:37:21.613	1198	402	47	4	2835	56.85
2026/08/31 09:37:21.713	1198	402	47	4	2835	56.85
2026/08/31 09:37:21.813	1198	402	47	4	2835	56.85
2026/08/31 09:37:21.913	1198	402	47	4	2835	56.85
2026/08/31 09:37:22.013	1198	402	49	4	2835	56.83
2026/08/31 09:37:22.113	1198	402	49	4	2835	56.83
2026/08/31 09:37:22.213	1198	402	49	4	2835	56.83
2026/08/31 09:37:22.313	1198	402	49	4	2835	56.83
2026/08/31 09:37:22.414	1198	402	49	4	2835	56.83
2026/08/31 09:37:22.514	1198	402	49	4	2835	56.59
2026/08/31 09:37:22.614	1198	402	49	4	2835	56.59
2026/08/31 09:37:22.714	1198	402	49	4	2835	56.59
2026/08/31 09:37:22.814	1198	402	49	4	2835	56.59
2026/08/31 09:37:22.914	1198	402	49	4	2835	56.59
2026/08/31 09:37:23.014	1198	402	49	5	2835	56.67
2026/08/31 09:37:23.114	1198	402	49	5	2835	56.67
2026/08/31 09:37:23.214	1198	402	49	5	2835	56.67
2026/08/31 09:37:23.315	1198	402	49	5	2835	56.67
2026/08/31 09:37:23.415	1198	402	49	5	2835	56.67
2026/08/31 09:37:23.515	1198	402	49	5	2835	56.58
2026/08/31 09:37:23.615	1198	402	49	5	2835	56.58
2026/08/31 09:37:23.715	1198	402	49	5	2835	56.58
2026/08/31 09:37:23.815	1198	402	49	5	2835	56.58
2026/08/31 09:37:23.915	1198	402	49	5	2835	56.58
2026/08/31 09:37:24.015	1198	402	48	5	2835	56.66
2026/08/31 09:37:24.115	1198	402	48	5	2835	56.66
2026/08/31 09:37:24.215	1198	402	48	5	2835	56.66
2026/08/31 09:37:24.315	1198	402	48	5	2835	56.66
2026/08/31 09:37:24.416	1198	402	48	5	2835	56.66
2026/08/31 09:37:24.516	1198	402	49	4	2835	56.57
2026/08/31 09:37:24.616	1198	402	49	4	2835	56.57
2026/08/31 09:37:24.716	1198	402	49	4	2835	56.57
2026/08/31 09:37:24.816	1198	402	49	4	2835	56.57
2026/08/31 09:37:24.916	1198	402	49	4	2835	56.57
2026/08/31 09:37:25.016	1198	402	49	4	2835	56.64
2026/08/31 09:37:25.116	1198	402	49	4	2835	56.64
2026/08/31 09:37:25.216	1198	402	49	4	2835	56.64
2026/08/31 09:37:25.316	1198	402	49	4	2835	56.64
2026/08/31 09:37:25.416	1198	402	49	4	2835	56.64
2026/08/31 09:37:25.517	1198	402	47	5	2835	56.50
2026/08/31 09:37:25.617	1198	402	47	5	2835	56.50
2026/08/31 09:37:25.717	1198	402	47	5	2835	56.50
2026/08/31 09:37:25.817	1198	402	47	5	2835	56.50
2026/08/31 09:37:25.917	1198	402	47	5	2835	56.50
2026/08/31 09:37:26.017	1198	402	49	5	2835	56.48
2026/08/31 09:37:26.117	1198	402	49	5	2835	56.48
2026/08/31 09:37:26.217	1198	402	49	5	2835	56.48
2026/08/31 09:37:26.317	1198	402	49	5	2835	56.48
2026/08/31 09:37:26.417	1198	402	49	5	2835	56.48
2026/08/31 09:37:26.518	1198	402	48	5	2835	56.33
2026/08/31 09:37:26.618	1198	402	48	5	2835	56.33
2026/08/31 09:37:26.718	1198	402	48	5	2835	56.33
2026/08/31 09:37:26.818	1198	402	48	5	2835	56.33
2026/08/31 09:37:26.918	1198	402	48	5	2835	56.33
2026/08/31 09:37:27.018	1198	402	46	4	2835	56.52
2026/08/31 09:37:27.118	1198	402	46	4	2835	56.52
2026/08/31 09:37:27.218	1198	402	46	4	2835	56.52
2026/08/31 09:37:27.318	1198	402	46	4	2835	56.52
2026/08/31 09:37:27.418	1198	402	46	4	2835	56.52
2026/08/31 09:37:27.519	1198	402	49	5	2835	56.54
2026/08/31 09:37:27.619	1198	402	49	5	2835	56.54
2026/08/31 09:37:27.719	1198	402	49	5	2835	56.54
2026/08/31 09:37:27.819	1198	402	49	5	2835	56.54
2026/08/31 09:37:27.919	1198	402	49	5	2835	56.54
2026/08/31 09:37:28.019	1198	402	49	5	2835	56.73
2026/08/31 09:37:28.119	1198	402	49	5	2835	56.73
2026/08/31 09:37:28.219	1198	402	49	5	2835	56.73
2026/08/31 09:37:28.319	1198	402	49	5	2835	56.73
2026/08/31 09:37:28.419	1198	402	49	5	2835	56.73
2026/08/31 09:37:28.520	1198	402	49	4	2835	56.62
2026/08/31 09:37:28.620	1198	402	49	4	2835	56.62
2026/08/31 09:37:28.720	1198	402	49	4	2835	56.62
2026/08/31 09:37:28.820	1198	402	49	4	2835	56.62
2026/08/31 09:37:28.920	1198	402	49	4	2835	56.62
2026/08/31 09:37:29.020	1198	402	48	4	2835	56.66
2026/08/31 09:37:29.120	1198	402	48	4	2835	56.66
2026/08/31 09:37:29.220	1198	402	48	4	2835	56.66
2026/08/31 09:37:29.320	1198	402	48	4	2835	56.66
2026/08/31 09:37:29.420	1198	402	48	4	2835	56.66
2026/08/31 09:37:29.520	1198	402	49	4	2835	56.59
2026/08/31 09:37:29.621	1198	402	49	4	2835	56.59
2026/08/31 09:37:29.721	1198	402	49	4	2835	56.59
2026/08/31 09:37:29.821	1198	402	49	4	2835	56.59
2026/08/31 09:37:29.921	1198	402	49	4	2835	56.59
2026/08/31 09:37:30.021	1198	402	51	5	2835	56.78
2026/08/31 09:37:30.121	1198	402	51	5	2835	56.78
2026/08/31 09:37:30.221	1198	402	51	5	2835	56.78
2026/08/31 09:37:30.321	1198	402	51	5	2835	56.78
2026/08/31 09:37:30.421	1198	402	51	5	2835	56.78
2026/08/31 09:37:30.521	1198	402	49	4	2835	56.75
2026/08/31 09:37:30.622	1198	402	49	4	2835	56.75
2026/08/31 09:37:30.722	1198	402	49	4	2835	56.75
2026/08/31 09:37:30.822	1198	402	49	4	2835	56.75
2026/08/31 09:37:30.922	1198	402	49	4	2835	56.75
2026/08/31 09:37:31.022	1198	402	51	5	2835	56.80
2026/08/31 09:37:31.122	1198	402	51	5	2835	56.80
2026/08/31 09:37:31.222	1198	402	51	5	2835	56.80
2026/08/31 09:37:31.322	1198	402	51	5	2835	56.80
2026/08/31 09:37:31.422	1198	402	51	5	2835	56.80
2026/08/31 09:37:31.522	1198	402	49	4	2835	56.69
2026/08/31 09:37:31.623	1198	402	49	4	2835	56.69
2026/08/31 09:37:31.723	1198	402	49	4	2835	56.69
2026/08/31 09:37:31.823	1198	402	49	4	2835	56.69
2026/08/31 09:37:31.923	1198	402	49	4	2835	56.69
2026/08/31 09:37:32.023	1198	402	49	5	2835	56.69
2026/08/31 09:37:32.123	1198	402	49	5	2835	56.69
2026/08/31 09:37:32.223	1198	402	49	5	2835	56.69
2026/08/31 09:37:32.323	1198	402	49	5	2835	56.69
2026/08/31 09:37:32.424	1198	402	49	5	2835	56.69
2026/08/31 09:37:32.524	1198	402	48	4	2835	56.60
2026/08/31 09:37:32.624	1198	402	48	4	2835	56.60
2026/08/31 09:37:32.724	1198	402	48	4	2835	56.60
2026/08/31 09:37:32.824	1198	402	48	4	2835	56.60
2026/08/31 09:37:32.924	1198	402	48	4	2835	56.60
2026/08/31 09:37:33.024	1198	402	51	5	2835	56.63
2026/08/31 09:37:33.124	1198	402	51	5	2835	56.63
2026/08/31 09:37:33.224	1198	402	51	5	2835	56.63
2026/08/31 09:37:33.324	1198	402	51	5	2835	56.63
2026/08/31 09:37:33.424	1198	402	51	5	2835	56.63
2026/08/31 09:37:33.525	1198	402	48	4	2835	56.51
2026/08/31 09:37:33.625	1198	402	48	4	2835	56.51
2026/08/31 09:37:33.725	1198	402	48	4	2835	56.51
2026/08/31 09:37:33.825	1198	402	48	4	2835	56.51
2026/08/31 09:37:33.925	1198	402	48	4	2835	56.51
2026/08/31 09:37:34.025	1198	402	51	5	2835	56.63
2026/08/31 09:37:34.125	1198	402	51	5	2835	56.63
2026/08/31 09:37:34.225	1198	402	51	5	2835	56.63
2026/08/31 09:37:34.325	1198	402	51	5	2835	56.63
2026/08/31 09:37:34.425	1198	402	51	5	2835	56.63
2026/08/31 09:37:34.526	1198	402	49	4	2835	56.51
2026/08/31 09:37:34.626	1198	402	49	4	2835	56.51
2026/08/31 09:37:34.726	1198	402	49	4	2835	56.51
2026/08/31 09:37:34.826	1198	402	49	4	2835	56.51
2026/08/31 09:37:34.926	1198	402	49	4	2835	56.51
2026/08/31 09:37:35.026	1198	402	49	5	2835	56.60
2026/08/31 09:37:35.126	1198	402	49	5	2835	56.60
2026/08/31 09:37:35.226	1198	402	49	5	2835	56.60
2026/08/31 09:37:35.326	1198	402	49	5	2835	56.60
2026/08/31 09:37:35.426	1198	402	49	5	2835	56.60
2026/08/31 09:37:35.526	1198	402	49	4	2835	56.63
2026/08/31 09:37:35.627	1198	402	49	4	2835	56.63
2026/08/31 09:37:35.727	1198	402	49	4	2835	56.63
2026/08/31 09:37:35.827	1198	402	49	4	2835	56.63
2026/08/31 09:37:35.927	1198	402	49	4	2835	56.63
2026/08/31 09:37:36.027	1198	402	53	5	2835	56.74
2026/08/31 09:37:36.127	1198	402	53	5	2835	56.74
2026/08/31 09:37:36.227	1198	402	53	5	2835	56.74
2026/08/31 09:37:36.327	1198	402	53	5	2835	56.74
2026/08/31 09:37:36.427	1198	402	53	5	2835	56.74
2026/08/31 09:37:36.527	1198	402	49	4	2835	56.69
2026/08/31 09:37:36.627	1198	402	49	4	2835	56.69
2026/08/31 09:37:36.728	1198	402	49	4	2835	56.69
2026/08/31 09:37:36.828	1198	402	49	4	2835	56.69
2026/08/31 09:37:36.928	1198	402	49	4	2835	56.69
2026/08/31 09:37:37.028	1198	402	51	5	2835	56.86
2026/08/31 09:37:37.128	1198	402	51	5	2835	56.86
2026/08/31 09:37:37.228	1198	402	51	5	2835	56.86
2026/08/31 09:37:37.328	1198	402	51	5	2835	56.86
2026/08/31 09:37:37.428	1198	402	51	5	2835	56.86
2026/08/31 09:37:37.528	1198	402	50	5	2835	56.74
2026/08/31 09:37:37.628	1198	402	50	5	2835	56.74
2026/08/31 09:37:37.729	1198	402	50	5	2835	56.74
2026/08/31 09:37:37.829	1198	402	50	5	2835	56.74
2026/08/31 09:37:37.929	1198	402	50	5	2835	56.74
2026/08/31 09:37:38.029	1198	402	50	5	2835	56.79
2026/08/31 09:37:38.129	1198	402	50	5	2835	56.79
2026/08/31 09:37:38.229	1198	402	50	5	2835	56.79
2026/08/31 09:37:38.329	1198	402	50	5	2835	56.79
2026/08/31 09:37:38.429	1198	402	50	5	2835	56.79
2026/08/31 09:37:38.529	1198	402	50	5	2835	56.74
2026/08/31 09:37:38.629	1198	402	50	5	2835	56.74
2026/08/31 09:37:38.730	1198	402	50	5	2835	56.74
2026/08/31 09:37:38.830	1198	402	50	5	2835	56.74
2026/08/31 09:37:38.930	1198	402	50	5	2835	56.74
2026/08/31 09:37:39.030	1198	402	52	5	2835	56.82
2026/08/31 09:37:39.130	1198	402	52	5	2835	56.82
2026/08/31 09:37:39.230	1198	402	52	5	2835	56.82
2026/08/31 09:37:39.330	1198	402	52	5	2835	56.82
2026/08/31 09:37:39.430	1198	402	52	5	2835	56.82
2026/08/31 09:37:39.530	1198	402	50	5	2835	56.74
2026/08/31 09:37:39.630	1198	402	50	5	2835	56.74
2026/08/31 09:37:39.730	1198	402	50	5	2835	56.74
2026/08/31 09:37:39.831	1198	402	50	5	2835	56.74
2026/08/31 09:37:39.931	1198	402	50	5	2835	56.74
2026/08/31 09:37:40.031	1198	402	51	5	2835	56.82
2026/08/31 09:37:40.131	1198	402	51	5	2835	56.82
2026/08/31 09:37:40.231	1198	402	51	5	2835	56.82
2026/08/31 09:37:40.331	1198	402	51	5	2835	56.82
2026/08/31 09:37:40.431	1198	402	51	5	2835	56.82
2026/08/31 09:37:40.531	1198	402	50	5	2835	56.58
2026/08/31 09:37:40.631	1198	402	50	5	2835	56.58
2026/08/31 09:37:40.731	1198	402	50	5	2835	56.58
2026/08/31 09:37:40.832	1198	402	50	5	2835	56.58
2026/08/31 09:37:40.932	1198	402	50	5	2835	56.58
2026/08/31 09:37:41.032	1198	402	50	5	2835	56.67
2026/08/31 09:37:41.132	1198	402	50	5	2835	56.67
2026/08/31 09:37:41.232	1198	402	50	5	2835	56.67
2026/08/31 09:37:41.332	1198	402	50	5	2835	56.67
2026/08/31 09:37:41.432	1198	402	50	5	2835	56.67
2026/08/31 09:37:41.532	1198	402	50	5	2835	56.67
2026/08/31 09:37:41.632	1198	402	50	5	2835	56.67
2026/08/31 09:37:41.732	1198	402	50	5	2835	56.67
2026/08/31 09:37:41.832	1198	402	50	5	2835	56.67
2026/08/31 09:37:41.933	1198	402	50	5	2835	56.67
2026/08/31 09:37:42.033	1198	402	52	5	2835	56.85
2026/08/31 09:37:42.133	1198	402	52	5	2835	56.85
2026/08/31 09:37:42.233	1198	402	52	5	2835	56.85
2026/08/31 09:37:42.333	1198	402	52	5	2835	56.85
2026/08/31 09:37:42.433	1198	402	52	5	2835	56.85
2026/08/31 09:37:42.533	1198	402	50	5	2835	56.70
2026/08/31 09:37:42.633	1198	402	50	5	2835	56.70
2026/08/31 09:37:42.733	1198	402	50	5	2835	56.70
2026/08/31 09:37:42.834	1198	402	50	5	2835	56.70
2026/08/31 09:37:42.934	1198	402	50	5	2835	56.70
2026/08/31 09:37:43.034	1198	402	50	5	2835	56.67
2026/08/31 09:37:43.134	1198	402	50	5	2835	56.67
2026/08/31 09:37:43.234	1198	402	50	5	2835	56.67
2026/08/31 09:37:43.334	1198	402	50	5	2835	56.67
2026/08/31 09:37:43.434	1198	402	50	5	2835	56.67
2026/08/31 09:37:43.534	1198	402	49	4	2835	56.61
2026/08/31 09:37:43.634	1198	402	49	4	2835	56.61
2026/08/31 09:37:43.734	1198	402	49	4	2835	56.61
2026/08/31 09:37:43.835	1198	402	49	4	2835	56.61
2026/08/31 09:37:43.935	1198	402	49	4	2835	56.61
2026/08/31 09:37:44.035	1198	402	50	5	2835	56.82
2026/08/31 09:37:44.135	1198	402	50	5	2835	56.82
2026/08/31 09:37:44.235	1198	402	50	5	2835	56.82
2026/08/31 09:37:44.335	1198	402	50	5	2835	56.82
2026/08/31 09:37:44.435	1198	402	50	5	2835	56.82
2026/08/31 09:37:44.535	1198	402	49	4	2835	56.67
2026/08/31 09:37:44.635	1198	402	49	4	2835	56.67
2026/08/31 09:37:44.735	1198	402	49	4	2835	56.67
2026/08/31 09:37:44.836	1198	402	49	4	2835	56.67
2026/08/31 09:37:44.936	1198	402	49	4	2835	56.67
2026/08/31 09:37:45.036	1198	402	50	5	2835	56.62
2026/08/31 09:37:45.136	1198	402	50	5	2835	56.62
2026/08/31 09:37:45.236	1198	402	50	5	2835	56.62
2026/08/31 09:37:45.336	1198	402	50	5	2835	56.62
2026/08/31 09:37:45.436	1198	402	50	5	2835	56.62
2026/08/31 09:37:45.536	1198	402	49	5	2835	56.51
2026/08/31 09:37:45.636	1198	402	49	5	2835	56.51
2026/08/31 09:37:45.736	1198	402	49	5	2835	56.51
2026/08/31 09:37:45.837	1198	402	49	5	2835	56.51
2026/08/31 09:37:45.937	1198	402	49	5	2835	56.51
2026/08/31 09:37:46.037	1198	402	52	5	2835	56.66
2026/08/31 09:37:46.137	1198	402	52	5	2835	56.66
2026/08/31 09:37:46.237	1198	402	52	5	2835	56.66
2026/08/31 09:37:46.337	1198	402	52	5	2835	56.66
2026/08/31 09:37:46.437	1198	402	52	5	2835	56.66
2026/08/31 09:37:46.537	1198	402	51	5	2835	56.57
2026/08/31 09:37:46.637	1198	402	51	5	2835	56.57
2026/08/31 09:37:46.737	1198	402	51	5	2835	56.57
2026/08/31 09:37:46.837	1198	402	51	5	2835	56.57
2026/08/31 09:37:46.938	1198	402	51	5	2835	56.57
2026/08/31 09:37:47.038	1198	402	51	5	2835	56.75
2026/08/31 09:37:47.138	1198	402	51	5	2835	56.75
2026/08/31 09:37:47.238	1198	402	51	5	2835	56.75
2026/08/31 09:37:47.338	1198	402	51	5	2835	56.75
2026/08/31 09:37:47.438	1198	402	51	5	2835	56.75
2026/08/31 09:37:47.538	1198	402	50	5	2835	56.73
2026/08/31 09:37:47.638	1198	402	50	5	2835	56.73
2026/08/31 09:37:47.738	1198	402	50	5	2835	56.73
2026/08/31 09:37:47.839	1198	402	50	5	2835	56.73
2026/08/31 09:37:47.939	1198	402	50	5	2835	56.73
2026/08/31 09:37:48.039	1198	402	52	5	2835	56.84
2026/08/31 09:37:48.139	1198	402	52	5	2835	56.84
2026/08/31 09:37:48.239	1198	402	52	5	2835	56.84
2026/08/31 09:37:48.339	1198	402	52	5	2835	56.84
2026/08/31 09:37:48.439	1198	402	52	5	2835	56.84
2026/08/31 09:37:48.539	1198	402	48	4	2835	56.77
2026/08/31 09:37:48.639	1198	402	48	4	2835	56.77
2026/08/31 09:37:48.739	1198	402	48	4	2835	56.77
2026/08/31 09:37:48.839	1198	402	48	4	2835	56.77
2026/08/31 09:37:48.940	1198	402	48	4	2835	56.77
2026/08/31 09:37:49.040	1198	402	53	5	2835	56.93
2026/08/31 09:37:49.140	1198	402	53	5	2835	56.93
2026/08/31 09:37:49.240	1198	402	53	5	2835	56.93
2026/08/31 09:37:49.340	1198	402	53	5	2835	56.93
2026/08/31 09:37:49.440	1198	402	53	5	2835	56.93
2026/08/31 09:37:49.540	1198	402	50	4	2835	56.82
2026/08/31 09:37:49.640	1198	402	50	4	2835	56.82
2026/08/31 09:37:49.740	1198	402	50	4	2835	56.82
2026/08/31 09:37:49.840	1198	402	50	4	2835	56.82
2026/08/31 09:37:49.940	1198	402	50	4	2835	56.82
2026/08/31 09:37:50.041	1198	402	51	5	2835	57.00
2026/08/31 09:37:50.141	1198	402	51	5	2835	57.00
2026/08/31 09:37:50.241	1198	402	51	5	2835	57.00
2026/08/31 09:37:50.341	1198	402	51	5	2835	57.00
2026/08/31 09:37:50.441	1198	402	51	5	2835	57.00
2026/08/31 09:37:50.541	1198	402	50	5	2835	56.88
2026/08/31 09:37:50.641	1198	402	50	5	2835	56.88
2026/08/31 09:37:50.741	1198	402	50	5	2835	56.88
2026/08/31 09:37:50.841	1198	402	50	5	2835	56.88
2026/08/31 09:37:50.942	1198	402	50	5	2835	56.88
2026/08/31 09:37:51.042	1198	402	50	5	2835	56.98
2026/08/31 09:37:51.142	1198	402	50	5	2835	56.98
2026/08/31 09:37:51.242	1198	402	50	5	2835	56.98
2026/08/31 09:37:51.342	1198	402	50	5	2835	56.98
2026/08/31 09:37:51.442	1198	402	50	5	2835	56.98
2026/08/31 09:37:51.542	1198	402	49	4	2835	56.86
2026/08/31 09:37:51.642	1198	402	49	4	2835	56.86
2026/08/31 09:37:51.742	1198	402	49	4	2835	56.86
2026/08/31 09:37:51.843	1198	402	49	4	2835	56.86
2026/08/31 09:37:51.943	1198	402	49	4	2835	56.86
2026/08/31 09:37:52.043	1198	402	53	5	2835	57.03
2026/08/31 09:37:52.143	1198	402	53	5	2835	57.03
2026/08/31 09:37:52.243	1198	402	53	5	2835	57.03
2026/08/31 09:37:52.343	1198	402	53	5	2835	57.03
2026/08/31 09:37:52.443	1198	402	53	5	2835	57.03
2026/08/31 09:37:52.543	1198	402	50	5	2835	56.94
2026/08/31 09:37:52.644	1198	402	50	5	2835	56.94
2026/08/31 09:37:52.744	1198	402	50	5	2835	56.94
2026/08/31 09:37:52.844	1198	402	50	5	2835	56.94
2026/08/31 09:37:52.944	1198	402	50	5	2835	56.94
2026/08/31 09:37:53.044	1198	402	50	5	2835	56.98
2026/08/31 09:37:53.144	1198	402	50	5	2835	56.98
2026/08/31 09:37:53.244	1198	402	50	5	2835	56.98
2026/08/31 09:37:53.344	1198	402	50	5	2835	56.98
2026/08/31 09:37:53.444	1198	402	50	5	2835	56.98
2026/08/31 09:37:53.544	1198	402	50	5	2835	56.85
2026/08/31 09:37:53.645	1198	402	50	5	2835	56.85
2026/08/31 09:37:53.745	1198	402	50	5	2835	56.85
2026/08/31 09:37:53.845	1198	402	50	5	2835	56.85
2026/08/31 09:37:53.945	1198	402	50	5	2835	56.85
2026/08/31 09:37:54.045	1198	402	53	5	2835	57.10
2026/08/31 09:37:54.145	1198	402	53	5	2835	57.10
2026/08/31 09:37:54.245	1198	402	53	5	2835	57.10
2026/08/31 09:37:54.345	1198	402	53	5	2835	57.10
2026/08/31 09:37:54.445	1198	402	53	5	2835	57.10
2026/08/31 09:37:54.545	1198	402	51	5	2835	57.92
2026/08/31 09:37:54.646	1198	402	51	5	2835	57.92
2026/08/31 09:37:54.746	1198	402	51	5	2835	57.92
2026/08/31 09:37:54.846	1198	402	51	5	2835	57.92
2026/08/31 09:37:54.946	1198	402	51	5	2835	57.92
2026/08/31 09:37:55.046	1198	402	50	5	2835	59.38
2026/08/31 09:37:55.146	1198	402	50	5	2835	59.38
2026/08/31 09:37:55.246	1198	402	50	5	2835	59.38
2026/08/31 09:37:55.346	1198	402	50	5	2835	59.38
2026/08/31 09:37:55.446	1198	402	50	5	2835	59.38
2026/08/31 09:37:55.546	1198	402	51	4	2835	58.92
2026/08/31 09:37:55.647	1198	402	51	4	2835	58.92
2026/08/31 09:37:55.747	1198	402	51	4	2835	58.92
2026/08/31 09:37:55.847	1198	402	51	4	2835	58.92
2026/08/31 09:37:55.947	1198	402	51	4	2835	58.92
2026/08/31 09:37:56.047	1198	402	49	5	2835	57.09
2026/08/31 09:37:56.147	1198	402	49	5	2835	57.09
2026/08/31 09:37:56.247	1198	402	49	5	2835	57.09
2026/08/31 09:37:56.347	1198	402	49	5	2835	57.09
2026/08/31 09:37:56.447	1198	402	49	5	2835	57.09
2026/08/31 09:37:56.548	1198	402	51	5	2835	56.57
2026/08/31 09:37:56.648	1198	402	51	5	2835	56.57
2026/08/31 09:37:56.748	1198	402	51	5	2835	56.57
2026/08/31 09:37:56.848	1198	402	51	5	2835	56.57
2026/08/31 09:37:56.948	1198	402	51	5	2835	56.57
2026/08/31 09:37:57.048	1198	402	50	5	2835	56.64
2026/08/31 09:37:57.148	1198	402	50	5	2835	56.64
2026/08/31 09:37:57.248	1198	402	50	5	2835	56.64
2026/08/31 09:37:57.348	1198	402	50	5	2835	56.64
2026/08/31 09:37:57.448	1198	402	50	5	2835	56.64
2026/08/31 09:37:57.549	1198	402	51	5	2835	56.54
2026/08/31 09:37:57.649	1198	402	51	5	2835	56.54
2026/08/31 09:37:57.749	1198	402	51	5	2835	56.54
2026/08/31 09:37:57.849	1198	402	51	5	2835	56.54
2026/08/31 09:37:57.949	1198	402	51	5	2835	56.54
2026/08/31 09:37:58.049	1198	402	50	5	2835	56.70
2026/08/31 09:37:58.149	1198	402	50	5	2835	56.70
2026/08/31 09:37:58.249	1198	402	50	5	2835	56.70
2026/08/31 09:37:58.350	1198	402	50	5	2835	56.70
2026/08/31 09:37:58.450	1198	402	50	5	2835	56.70
2026/08/31 09:37:58.550	1198	402	51	5	2835	57.32
2026/08/31 09:37:58.650	1198	402	51	5	2835	57.32
2026/08/31 09:37:58.750	1198	402	51	5	2835	57.32
2026/08/31 09:37:58.850	1198	402	51	5	2835	57.32
2026/08/31 09:37:58.950	1198	402	51	5	2835	57.32
2026/08/31 09:37:59.050	1198	402	52	5	2835	58.93
2026/08/31 09:37:59.150	1198	402	52	5	2835	58.93
2026/08/31 09:37:59.250	1198	402	52	5	2835	58.93
2026/08/31 09:37:59.351	1198	402	52	5	2835	58.93
2026/08/31 09:37:59.451	1198	402	52	5	2835	58.93
2026/08/31 09:37:59.551	1198	402	50	4	2835	58.73
2026/08/31 09:37:59.651	1198	402	50	4	2835	58.73
2026/08/31 09:37:59.751	1198	402	50	4	2835	58.73
2026/08/31 09:37:59.851	1198	402	50	4	2835	58.73
2026/08/31 09:37:59.951	1198	402	50	4	2835	58.73
2026/08/31 09:38:00.051	1198	402	51	5	2835	57.46
2026/08/31 09:38:00.151	1198	402	51	5	2835	57.46
2026/08/31 09:38:00.251	1198	402	51	5	2835	57.46
2026/08/31 09:38:00.352	1198	402	51	5	2835	57.46
2026/08/31 09:38:00.452	1198	402	51	5	2835	57.46
2026/08/31 09:38:00.552	1198	402	51	5	2835	57.06
2026/08/31 09:38:00.652	1198	402	51	5	2835	57.06
2026/08/31 09:38:00.752	1198	402	51	5	2835	57.06
2026/08/31 09:38:00.852	1198	402	51	5	2835	57.06
2026/08/31 09:38:00.952	1198	402	51	5	2835	57.06
2026/08/31 09:38:01.052	1198	402	49	5	2835	56.92
2026/08/31 09:38:01.152	1198	402	49	5	2835	56.92
2026/08/31 09:38:01.252	1198	402	49	5	2835	56.92
2026/08/31 09:38:01.352	1198	402	49	5	2835	56.92
2026/08/31 09:38:01.453	1198	402	49	5	2835	56.92
2026/08/31 09:38:01.553	1198	402	51	5	2835	56.67
2026/08/31 09:38:01.653	1198	402	51	5	2835	56.67
2026/08/31 09:38:01.753	1198	402	51	5	2835	56.67
2026/08/31 09:38:01.853	1198	402	51	5	2835	56.67
2026/08/31 09:38:01.953	1198	402	51	5	2835	56.67
2026/08/31 09:38:02.053	1198	402	51	5	2835	57.76
2026/08/31 09:38:02.153	1198	402	51	5	2835	57.76
2026/08/31 09:38:02.253	1198	402	51	5	2835	57.76
2026/08/31 09:38:02.353	1198	402	51	5	2835	57.76
2026/08/31 09:38:02.454	1198	402	51	5	2835	57.76
2026/08/31 09:38:02.554	1198	402	50	5	2835	58.55
2026/08/31 09:38:02.654	1198	402	50	5	2835	58.55
2026/08/31 09:38:02.754	1198	402	50	5	2835	58.55
2026/08/31 09:38:02.854	1198	402	50	5	2835	58.55
2026/08/31 09:38:02.954	1198	402	50	5	2835	58.55
2026/08/31 09:38:03.054	1198	402	50	5	2835	58.27
2026/08/31 09:38:03.154	1198	402	50	5	2835	58.27
2026/08/31 09:38:03.254	1198	402	50	5	2835	58.27
2026/08/31 09:38:03.354	1198	402	50	5	2835	58.27
2026/08/31 09:38:03.455	1198	402	50	5	2835	58.27
2026/08/31 09:38:03.555	1198	402	50	4	2835	57.15
2026/08/31 09:38:03.655	1198	402	50	4	2835	57.15
2026/08/31 09:38:03.755	1198	402	50	4	2835	57.15
2026/08/31 09:38:03.855	1198	402	50	4	2835	57.15
2026/08/31 09:38:03.955	1198	402	50	4	2835	57.15
2026/08/31 09:38:04.055	1198	402	51	5	2835	57.21
2026/08/31 09:38:04.155	1198	402	51	5	2835	57.21
2026/08/31 09:38:04.256	1198	402	51	5	2835	57.21
2026/08/31 09:38:04.356	1198	402	51	5	2835	57.21
2026/08/31 09:38:04.456	1198	402	51	5	2835	57.21
2026/08/31 09:38:04.556	1198	402	49	4	2835	57.07
2026/08/31 09:38:04.656	1198	402	49	4	2835	57.07
2026/08/31 09:38:04.756	1198	402	49	4	2835	57.07
2026/08/31 09:38:04.856	1198	402	49	4	2835	57.07
2026/08/31 09:38:04.956	1198	402	49	4	2835	57.07
2026/08/31 09:38:05.056	1198	402	51	5	2835	57.20
2026/08/31 09:38:05.157	1198	402	51	5	2835	57.20
2026/08/31 09:38:05.257	1198	402	51	5	2835	57.20
2026/08/31 09:38:05.357	1198	402	51	5	2835	57.20
2026/08/31 09:38:05.457	1198	402	51	5	2835	57.20
2026/08/31 09:38:05.557	1198	402	50	4	2835	57.01
2026/08/31 09:38:05.657	1198	402	50	4	2835	57.01
2026/08/31 09:38:05.757	1198	402	50	4	2835	57.01
2026/08/31 09:38:05.857	1198	402	50	4	2835	57.01
2026/08/31 09:38:05.957	1198	402	50	4	2835	57.01
2026/08/31 09:38:06.058	1198	402	49	5	2835	57.08
2026/08/31 09:38:06.158	1198	402	49	5	2835	57.08
2026/08/31 09:38:06.258	1198	402	49	5	2835	57.08
2026/08/31 09:38:06.358	1198	402	49	5	2835	57.08
2026/08/31 09:38:06.458	1198	402	49	5	2835	57.08
2026/08/31 09:38:06.558	1198	402	51	4	2835	57.01
2026/08/31 09:38:06.658	1198	402	51	4	2835	57.01
2026/08/31 09:38:06.759	1198	402	51	4	2835	57.01
2026/08/31 09:38:06.859	1198	402	51	4	2835	57.01
2026/08/31 09:38:06.959	1198	402	51	4	2835	57.01
2026/08/31 09:38:07.059	1198	402	52	5	2835	57.15
2026/08/31 09:38:07.159	1198	402	52	5	2835	57.15
2026/08/31 09:38:07.259	1198	402	52	5	2835	57.15
2026/08/31 09:38:07.359	1198	402	52	5	2835	57.15
2026/08/31 09:38:07.459	1198	402	52	5	2835	57.15
2026/08/31 09:38:07.559	1198	402	50	4	2835	57.13
2026/08/31 09:38:07.660	1198	402	50	4	2835	57.13
2026/08/31 09:38:07.760	1198	402	50	4	2835	57.13
2026/08/31 09:38:07.860	1198	402	50	4	2835	57.13
2026/08/31 09:38:07.960	1198	402	50	4	2835	57.13
2026/08/31 09:38:08.060	1198	402	53	5	2835	57.31
2026/08/31 09:38:08.160	1198	402	53	5	2835	57.31
2026/08/31 09:38:08.260	1198	402	53	5	2835	57.31
2026/08/31 09:38:08.360	1198	402	53	5	2835	57.31
2026/08/31 09:38:08.460	1198	402	53	5	2835	57.31
2026/08/31 09:38:08.561	1198	402	50	4	2835	57.22
2026/08/31 09:38:08.661	1198	402	50	4	2835	57.22
2026/08/31 09:38:08.761	1198	402	50	4	2835	57.22
2026/08/31 09:38:08.861	1198	402	50	4	2835	57.22
2026/08/31 09:38:08.961	1198	402	50	4	2835	57.22
2026/08/31 09:38:09.061	1198	402	52	5	2835	57.45
2026/08/31 09:38:09.161	1198	402	52	5	2835	57.45
2026/08/31 09:38:09.261	1198	402	52	5	2835	57.45
2026/08/31 09:38:09.361	1198	402	52	5	2835	57.45
2026/08/31 09:38:09.461	1198	402	52	5	2835	57.45
2026/08/31 09:38:09.562	1198	402	50	4	2835	57.36
2026/08/31 09:38:09.662	1198	402	50	4	2835	57.36
2026/08/31 09:38:09.762	1198	402	50	4	2835	57.36
2026/08/31 09:38:09.862	1198	402	50	4	2835	57.36
2026/08/31 09:38:09.962	1198	402	50	4	2835	57.36
2026/08/31 09:38:10.062	1198	402	50	5	2835	57.40
2026/08/31 09:38:10.162	1198	402	50	5	2835	57.40
2026/08/31 09:38:10.262	1198	402	50	5	2835	57.40
2026/08/31 09:38:10.362	1198	402	50	5	2835	57.40
2026/08/31 09:38:10.462	1198	402	50	5	2835	57.40
2026/08/31 09:38:10.563	1198	402	51	4	2835	57.11
2026/08/31 09:38:10.663	1198	402	51	4	2835	57.11
2026/08/31 09:38:10.763	1198	402	51	4	2835	57.11
2026/08/31 09:38:10.863	1198	402	51	4	2835	57.11
2026/08/31 09:38:10.963	1198	402	51	4	2835	57.11
2026/08/31 09:38:11.063	1198	402	52	5	2835	57.10
2026/08/31 09:38:11.163	1198	402	52	5	2835	57.10
2026/08/31 09:38:11.263	1198	402	52	5	2835	57.10
2026/08/31 09:38:11.363	1198	402	52	5	2835	57.10
2026/08/31 09:38:11.463	1198	402	52	5	2835	57.10
2026/08/31 09:38:11.564	1198	402	50	4	2835	57.11
2026/08/31 09:38:11.664	1198	402	50	4	2835	57.11
2026/08/31 09:38:11.764	1198	402	50	4	2835	57.11
2026/08/31 09:38:11.864	1198	402	50	4	2835	57.11
2026/08/31 09:38:11.964	1198	402	50	4	2835	57.11
2026/08/31 09:38:12.064	1198	402	53	5	2835	57.33
2026/08/31 09:38:12.164	1198	402	53	5	2835	57.33
2026/08/31 09:38:12.264	1198	402	53	5	2835	57.33
2026/08/31 09:38:12.364	1198	402	53	5	2835	57.33
2026/08/31 09:38:12.464	1198	402	53	5	2835	57.33
2026/08/31 09:38:12.565	1198	402	50	4	2835	57.13
2026/08/31 09:38:12.665	1198	402	50	4	2835	57.13
2026/08/31 09:38:12.765	1198	402	50	4	2835	57.13
2026/08/31 09:38:12.865	1198	402	50	4	2835	57.13
2026/08/31 09:38:12.965	1198	402	50	4	2835	57.13
2026/08/31 09:38:13.065	1198	402	51	5	2835	57.14
2026/08/31 09:38:13.165	1198	402	51	5	2835	57.14
2026/08/31 09:38:13.265	1198	402	51	5	2835	57.14
2026/08/31 09:38:13.365	1198	402	51	5	2835	57.14
2026/08/31 09:38:13.465	1198	402	51	5	2835	57.14
2026/08/31 09:38:13.565	1198	402	49	4	2835	57.01
2026/08/31 09:38:13.666	1198	402	49	4	2835	57.01
2026/08/31 09:38:13.766	1198	402	49	4	2835	57.01
2026/08/31 09:38:13.866	1198	402	49	4	2835	57.01
2026/08/31 09:38:13.966	1198	402	49	4	2835	57.01
2026/08/31 09:38:14.066	1198	402	50	5	2835	57.19
2026/08/31 09:38:14.166	1198	402	50	5	2835	57.19
2026/08/31 09:38:14.266	1198	402	50	5	2835	57.19
2026/08/31 09:38:14.366	1198	402	50	5	2835	57.19
2026/08/31 09:38:14.466	1198	402	50	5	2835	57.19
2026/08/31 09:38:14.566	1198	402	50	4	2835	57.09
2026/08/31 09:38:14.667	1198	402	50	4	2835	57.09
2026/08/31 09:38:14.767	1198	402	50	4	2835	57.09
2026/08/31 09:38:14.867	1198	402	50	4	2835	57.09
2026/08/31 09:38:14.967	1198	402	50	4	2835	57.09
2026/08/31 09:38:15.067	1198	402	53	5	2835	57.18
2026/08/31 09:38:15.167	1198	402	53	5	2835	57.18
2026/08/31 09:38:15.267	1198	402	53	5	2835	57.18
2026/08/31 09:38:15.367	1198	402	53	5	2835	57.18
2026/08/31 09:38:15.467	1198	402	53	5	2835	57.18
2026/08/31 09:38:15.567	1198	402	49	4	2835	57.02
2026/08/31 09:38:15.668	1198	402	49	4	2835	57.02
2026/08/31 09:38:15.768	1198	402	49	4	2835	57.02
2026/08/31 09:38:15.868	1198	402	49	4	2835	57.02
2026/08/31 09:38:15.968	1198	402	49	4	2835	57.02
2026/08/31 09:38:16.068	1198	402	52	5	2835	57.05
2026/08/31 09:38:16.168	1198	402	52	5	2835	57.05
2026/08/31 09:38:16.268	1198	402	52	5	2835	57.05
2026/08/31 09:38:16.368	1198	402	52	5	2835	57.05
2026/08/31 09:38:16.468	1198	402	52	5	2835	57.05
2026/08/31 09:38:16.568	1198	402	49	4	2835	56.85
2026/08/31 09:38:16.669	1198	402	49	4	2835	56.85
2026/08/31 09:38:16.769	1198	402	49	4	2835	56.85
2026/08/31 09:38:16.869	1198	402	49	4	2835	56.85
2026/08/31 09:38:16.969	1198	402	49	4	2835	56.85
2026/08/31 09:38:17.069	1198	402	49	5	2835	56.91
2026/08/31 09:38:17.169	1198	402	49	5	2835	56.91
2026/08/31 09:38:17.269	1198	402	49	5	2835	56.91
2026/08/31 09:38:17.369	1198	402	49	5	2835	56.91
2026/08/31 09:38:17.469	1198	402	49	5	2835	56.91
2026/08/31 09:38:17.569	1198	402	51	4	2835	56.79
2026/08/31 09:38:17.670	1198	402	51	4	2835	56.79
2026/08/31 09:38:17.770	1198	402	51	4	2835	56.79
2026/08/31 09:38:17.870	1198	402	51	4	2835	56.79
2026/08/31 09:38:17.970	1198	402	51	4	2835	56.79
2026/08/31 09:38:18.070	1198	402	52	5	2835	56.99
2026/08/31 09:38:18.170	1198	402	52	5	2835	56.99
2026/08/31 09:38:18.270	1198	402	52	5	2835	56.99
2026/08/31 09:38:18.370	1198	402	52	5	2835	56.99
2026/08/31 09:38:18.470	1198	402	52	5	2835	56.99
2026/08/31 09:38:18.571	1198	402	50	4	2835	57.01
2026/08/31 09:38:18.671	1198	402	50	4	2835	57.01
2026/08/31 09:38:18.771	1198	402	50	4	2835	57.01
2026/08/31 09:38:18.871	1198	402	50	4	2835	57.01
2026/08/31 09:38:18.971	1198	402	50	4	2835	57.01
2026/08/31 09:38:19.071	1198	402	51	5	2835	57.17
2026/08/31 09:38:19.171	1198	402	51	5	2835	57.17
2026/08/31 09:38:19.271	1198	402	51	5	2835	57.17
2026/08/31 09:38:19.371	1198	402	51	5	2835	57.17
2026/08/31 09:38:19.471	1198	402	51	5	2835	57.17
2026/08/31 09:38:19.572	1198	402	51	4	2835	56.89
2026/08/31 09:38:19.672	1198	402	51	4	2835	56.89
2026/08/31 09:38:19.772	1198	402	51	4	2835	56.89
2026/08/31 09:38:19.872	1198	402	51	4	2835	56.89
2026/08/31 09:38:19.972	1198	402	51	4	2835	56.89
2026/08/31 09:38:20.072	1198	402	51	5	2835	56.67
2026/08/31 09:38:20.172	1198	402	51	5	2835	56.67
2026/08/31 09:38:20.272	1198	402	51	5	2835	56.67
2026/08/31 09:38:20.372	1198	402	51	5	2835	56.67
2026/08/31 09:38:20.472	1198	402	51	5	2835	56.67
2026/08/31 09:38:20.573	1198	402	52	5	2835	56.41
2026/08/31 09:38:20.673	1198	402	52	5	2835	56.41
2026/08/31 09:38:20.773	1198	402	52	5	2835	56.41
2026/08/31 09:38:20.873	1198	402	52	5	2835	56.41
2026/08/31 09:38:20.973	1198	402	52	5	2835	56.41
2026/08/31 09:38:21.073	1198	402	50	5	2835	56.43
2026/08/31 09:38:21.173	1198	402	50	5	2835	56.43
2026/08/31 09:38:21.273	1198	402	50	5	2835	56.43
2026/08/31 09:38:21.373	1198	402	50	5	2835	56.43
2026/08/31 09:38:21.474	1198	402	50	5	2835	56.43
2026/08/31 09:38:21.574	1198	402	49	4	2835	58.04
2026/08/31 09:38:21.674	1198	402	49	4	2835	58.04
2026/08/31 09:38:21.774	1198	402	49	4	2835	58.04
2026/08/31 09:38:21.874	1198	402	49	4	2835	58.04
2026/08/31 09:38:21.974	1198	402	49	4	2835	58.04
2026/08/31 09:38:22.074	1198	402	50	5	2835	58.31
2026/08/31 09:38:22.174	1198	402	50	5	2835	58.31
2026/08/31 09:38:22.274	1198	402	50	5	2835	58.31
2026/08/31 09:38:22.375	1198	402	50	5	2835	58.31
2026/08/31 09:38:22.475	1198	402	50	5	2835	58.31
2026/08/31 09:38:22.575	1198	402	50	4	2835	56.85
2026/08/31 09:38:22.675	1198	402	50	4	2835	56.85
2026/08/31 09:38:22.775	1198	402	50	4	2835	56.85
2026/08/31 09:38:22.875	1198	402	50	4	2835	56.85
2026/08/31 09:38:22.975	1198	402	50	4	2835	56.85
2026/08/31 09:38:23.075	1198	402	50	5	2835	56.39
2026/08/31 09:38:23.175	1198	402	50	5	2835	56.39
2026/08/31 09:38:23.276	1198	402	50	5	2835	56.39
2026/08/31 09:38:23.376	1198	402	50	5	2835	56.39
2026/08/31 09:38:23.476	1198	402	50	5	2835	56.39
2026/08/31 09:38:23.576	1198	402	47	4	2835	56.05
2026/08/31 09:38:23.676	1198	402	47	4	2835	56.05
2026/08/31 09:38:23.776	1198	402	47	4	2835	56.05
2026/08/31 09:38:23.876	1198	402	47	4	2835	56.05
2026/08/31 09:38:23.976	1198	402	47	4	2835	56.05
2026/08/31 09:38:24.076	1198	402	50	5	2835	56.20
2026/08/31 09:38:24.176	1198	402	50	5	2835	56.20
2026/08/31 09:38:24.277	1198	402	50	5	2835	56.20
2026/08/31 09:38:24.377	1198	402	50	5	2835	56.20
2026/08/31 09:38:24.477	1198	402	50	5	2835	56.20
2026/08/31 09:38:24.577	1198	402	49	4	2835	56.20
2026/08/31 09:38:24.677	1198	402	49	4	2835	56.20
2026/08/31 09:38:24.777	1198	402	49	4	2835	56.20
2026/08/31 09:38:24.877	1198	402	49	4	2835	56.20
2026/08/31 09:38:24.977	1198	402	49	4	2835	56.20
2026/08/31 09:38:25.077	1198	402	50	5	2835	56.29
2026/08/31 09:38:25.177	1198	402	50	5	2835	56.29
2026/08/31 09:38:25.278	1198	402	50	5	2835	56.29
2026/08/31 09:38:25.378	1198	402	50	5	2835	56.29
2026/08/31 09:38:25.478	1198	402	50	5	2835	56.29
2026/08/31 09:38:25.578	1198	402	50	4	2835	56.37
2026/08/31 09:38:25.678	1198	402	50	4	2835	56.37
2026/08/31 09:38:25.778	1198	402	50	4	2835	56.37
2026/08/31 09:38:25.878	1198	402	50	4	2835	56.37
2026/08/31 09:38:25.978	1198	402	50	4	2835	56.37
2026/08/31 09:38:26.078	1198	402	51	5	2835	58.25
2026/08/31 09:38:26.179	1198	402	51	5	2835	58.25
2026/08/31 09:38:26.279	1198	402	51	5	2835	58.25
2026/08/31 09:38:26.379	1198	402	51	5	2835	58.25
2026/08/31 09:38:26.479	1198	402	51	5	2835	58.25
2026/08/31 09:38:26.579	1198	402	50	4	2835	58.47
2026/08/31 09:38:26.679	1198	402	50	4	2835	58.47
2026/08/31 09:38:26.779	1198	402	50	4	2835	58.47
2026/08/31 09:38:26.879	1198	402	50	4	2835	58.47
2026/08/31 09:38:26.979	1198	402	50	4	2835	58.47
2026/08/31 09:38:27.079	1198	402	53	5	2835	56.97
2026/08/31 09:38:27.180	1198	402	53	5	2835	56.97
2026/08/31 09:38:27.280	1198	402	53	5	2835	56.97
2026/08/31 09:38:27.380	1198	402	53	5	2835	56.97
2026/08/31 09:38:27.480	1198	402	53	5	2835	56.97
2026/08/31 09:38:27.580	1198	402	50	5	2835	56.29
2026/08/31 09:38:27.680	1198	402	50	5	2835	56.29
2026/08/31 09:38:27.780	1198	402	50	5	2835	56.29
2026/08/31 09:38:27.880	1198	402	50	5	2835	56.29
2026/08/31 09:38:27.981	1198	402	50	5	2835	56.29
2026/08/31 09:38:28.081	1198	402	51	5	2835	56.20
2026/08/31 09:38:28.181	1198	402	51	5	2835	56.20
2026/08/31 09:38:28.281	1198	402	51	5	2835	56.20
2026/08/31 09:38:28.381	1198	402	51	5	2835	56.20
2026/08/31 09:38:28.481	1198	402	51	5	2835	56.20
2026/08/31 09:38:28.581	1198	402	48	4	2835	56.07
2026/08/31 09:38:28.681	1198	402	48	4	2835	56.07
2026/08/31 09:38:28.781	1198	402	48	4	2835	56.07
2026/08/31 09:38:28.881	1198	402	48	4	2835	56.07
2026/08/31 09:38:28.982	1198	402	48	4	2835	56.07
2026/08/31 09:38:29.082	1198	402	50	5	2835	56.22
2026/08/31 09:38:29.182	1198	402	50	5	2835	56.22
2026/08/31 09:38:29.282	1198	402	50	5	2835	56.22
2026/08/31 09:38:29.382	1198	402	50	5	2835	56.22
2026/08/31 09:38:29.482	1198	402	50	5	2835	56.22
2026/08/31 09:38:29.582	1198	402	49	4	2835	56.15
2026/08/31 09:38:29.682	1198	402	49	4	2835	56.15
2026/08/31 09:38:29.782	1198	402	49	4	2835	56.15
2026/08/31 09:38:29.882	1198	402	49	4	2835	56.15
2026/08/31 09:38:29.983	1198	402	49	4	2835	56.15
2026/08/31 09:38:30.083	1198	402	52	5	2835	56.24
2026/08/31 09:38:30.183	1198	402	52	5	2835	56.24
2026/08/31 09:38:30.283	1198	402	52	5	2835	56.24
2026/08/31 09:38:30.383	1198	402	52	5	2835	56.24
2026/08/31 09:38:30.483	1198	402	52	5	2835	56.24
2026/08/31 09:38:30.583	1198	402	49	4	2835	56.14
2026/08/31 09:38:30.683	1198	402	49	4	2835	56.14
2026/08/31 09:38:30.783	1198	402	49	4	2835	56.14
2026/08/31 09:38:30.883	1198	402	49	4	2835	56.14
2026/08/31 09:38:30.984	1198	402	49	4	2835	56.14
2026/08/31 09:38:31.084	1198	402	53	5	2835	56.28
2026/08/31 09:38:31.184	1198	402	53	5	2835	56.28
2026/08/31 09:38:31.284	1198	402	53	5	2835	56.28
2026/08/31 09:38:31.384	1198	402	53	5	2835	56.28
2026/08/31 09:38:31.484	1198	402	53	5	2835	56.28
2026/08/31 09:38:31.584	1198	402	49	4	2835	56.17
2026/08/31 09:38:31.684	1198	402	49	4	2835	56.17
2026/08/31 09:38:31.784	1198	402	49	4	2835	56.17
2026/08/31 09:38:31.884	1198	402	49	4	2835	56.17
2026/08/31 09:38:31.985	1198	402	49	4	2835	56.17
2026/08/31 09:38:32.085	1198	402	51	5	2835	56.17
2026/08/31 09:38:32.185	1198	402	51	5	2835	56.17
2026/08/31 09:38:32.285	1198	402	51	5	2835	56.17
2026/08/31 09:38:32.385	1198	402	51	5	2835	56.17
2026/08/31 09:38:32.485	1198	402	51	5	2835	56.17
2026/08/31 09:38:32.585	1198	402	49	4	2835	56.13
2026/08/31 09:38:32.685	1198	402	49	4	2835	56.13
2026/08/31 09:38:32.785	1198	402	49	4	2835	56.13
2026/08/31 09:38:32.885	1198	402	49	4	2835	56.13
2026/08/31 09:38:32.986	1198	402	49	4	2835	56.13
2026/08/31 09:38:33.086	1198	402	52	5	2835	56.30
2026/08/31 09:38:33.186	1198	402	52	5	2835	56.30
2026/08/31 09:38:33.286	1198	402	52	5	2835	56.30
2026/08/31 09:38:33.386	1198	402	52	5	2835	56.30
2026/08/31 09:38:33.486	1198	402	52	5	2835	56.30
2026/08/31 09:38:33.586	1198	402	49	4	2835	56.16
2026/08/31 09:38:33.686	1198	402	49	4	2835	56.16
2026/08/31 09:38:33.786	1198	402	49	4	2835	56.16
2026/08/31 09:38:33.887	1198	402	49	4	2835	56.16
2026/08/31 09:38:33.987	1198	402	49	4	2835	56.16
2026/08/31 09:38:34.087	1198	402	50	5	2835	56.27
2026/08/31 09:38:34.187	1198	402	50	5	2835	56.27
2026/08/31 09:38:34.287	1198	402	50	5	2835	56.27
2026/08/31 09:38:34.387	1198	402	50	5	2835	56.27
2026/08/31 09:38:34.487	1198	402	50	5	2835	56.27
2026/08/31 09:38:34.587	1198	402	51	5	2835	56.13
2026/08/31 09:38:34.687	1198	402	51	5	2835	56.13
2026/08/31 09:38:34.788	1198	402	51	5	2835	56.13
2026/08/31 09:38:34.888	1198	402	51	5	2835	56.13
2026/08/31 09:38:34.988	1198	402	51	5	2835	56.13
2026/08/31 09:38:35.088	1198	402	51	5	2835	56.23
2026/08/31 09:38:35.188	1198	402	51	5	2835	56.23
2026/08/31 09:38:35.288	1198	402	51	5	2835	56.23
2026/08/31 09:38:35.388	1198	402	51	5	2835	56.23
2026/08/31 09:38:35.488	1198	402	51	5	2835	56.23
2026/08/31 09:38:35.588	1198	402	50	4	2835	56.25
2026/08/31 09:38:35.688	1198	402	50	4	2835	56.25
2026/08/31 09:38:35.789	1198	402	50	4	2835	56.25
2026/08/31 09:38:35.889	1198	402	50	4	2835	56.25
2026/08/31 09:38:35.989	1198	402	50	4	2835	56.25
2026/08/31 09:38:36.089	1198	402	50	5	2835	56.36
2026/08/31 09:38:36.189	1198	402	50	5	2835	56.36
2026/08/31 09:38:36.289	1198	402	50	5	2835	56.36
2026/08/31 09:38:36.389	1198	402	50	5	2835	56.36
2026/08/31 09:38:36.489	1198	402	50	5	2835	56.36
2026/08/31 09:38:36.589	1198	402	50	4	2835	56.24
2026/08/31 09:38:36.690	1198	402	50	4	2835	56.24
2026/08/31 09:38:36.790	1198	402	50	4	2835	56.24
2026/08/31 09:38:36.890	1198	402	50	4	2835	56.24
2026/08/31 09:38:36.990	1198	402	50	4	2835	56.24
2026/08/31 09:38:37.090	1198	402	50	5	2835	56.43
2026/08/31 09:38:37.190	1198	402	50	5	2835	56.43
2026/08/31 09:38:37.290	1198	402	50	5	2835	56.43
2026/08/31 09:38:37.390	1198	402	50	5	2835	56.43
2026/08/31 09:38:37.490	1198	402	50	5	2835	56.43
2026/08/31 09:38:37.590	1198	402	50	5	2835	56.46
2026/08/31 09:38:37.690	1198	402	50	5	2835	56.46
2026/08/31 09:38:37.791	1198	402	50	5	2835	56.46
2026/08/31 09:38:37.891	1198	402	50	5	2835	56.46
2026/08/31 09:38:37.991	1198	402	50	5	2835	56.46
2026/08/31 09:38:38.091	1198	402	50	5	2835	56.54
2026/08/31 09:38:38.191	1198	402	50	5	2835	56.54
2026/08/31 09:38:38.291	1198	402	50	5	2835	56.54
2026/08/31 09:38:38.391	1198	402	50	5	2835	56.54
2026/08/31 09:38:38.491	1198	402	50	5	2835	56.54
2026/08/31 09:38:38.591	1198	402	50	5	2835	56.35
2026/08/31 09:38:38.692	1198	402	50	5	2835	56.35
2026/08/31 09:38:38.792	1198	402	50	5	2835	56.35
2026/08/31 09:38:38.892	1198	402	50	5	2835	56.35
2026/08/31 09:38:38.992	1198	402	50	5	2835	56.35
2026/08/31 09:38:39.092	1198	402	50	5	2835	56.46
2026/08/31 09:38:39.192	1198	402	50	5	2835	56.46
2026/08/31 09:38:39.292	1198	402	50	5	2835	56.46
2026/08/31 09:38:39.392	1198	402	50	5	2835	56.46
2026/08/31 09:38:39.492	1198	402	50	5	2835	56.46
2026/08/31 09:38:39.592	1198	402	50	5	2835	56.42
2026/08/31 09:38:39.693	1198	402	50	5	2835	56.42
2026/08/31 09:38:39.793	1198	402	50	5	2835	56.42
2026/08/31 09:38:39.893	1198	402	50	5	2835	56.42
2026/08/31 09:38:39.993	1198	402	50	5	2835	56.42
2026/08/31 09:38:40.093	1198	402	50	5	2835	56.49
2026/08/31 09:38:40.193	1198	402	50	5	2835	56.49
2026/08/31 09:38:40.293	1198	402	50	5	2835	56.49
2026/08/31 09:38:40.393	1198	402	50	5	2835	56.49
2026/08/31 09:38:40.493	1198	402	50	5	2835	56.49
2026/08/31 09:38:40.593	1198	402	50	4	2835	56.33
2026/08/31 09:38:40.694	1198	402	50	4	2835	56.33
2026/08/31 09:38:40.794	1198	402	50	4	2835	56.33
2026/08/31 09:38:40.894	1198	402	50	4	2835	56.33
2026/08/31 09:38:40.994	1198	402	50	4	2835	56.33
2026/08/31 09:38:41.094	1198	402	51	5	2835	56.42
2026/08/31 09:38:41.194	1198	402	51	5	2835	56.42
2026/08/31 09:38:41.294	1198	402	51	5	2835	56.42
2026/08/31 09:38:41.394	1198	402	51	5	2835	56.42
2026/08/31 09:38:41.494	1198	402	51	5	2835	56.42
2026/08/31 09:38:41.595	1198	402	50	5	2835	56.21
2026/08/31 09:38:41.695	1198	402	50	5	2835	56.21
2026/08/31 09:38:41.795	1198	402	50	5	2835	56.21
2026/08/31 09:38:41.895	1198	402	50	5	2835	56.21
2026/08/31 09:38:41.995	1198	402	50	5	2835	56.21
2026/08/31 09:38:42.095	1198	402	51	5	2835	56.32
2026/08/31 09:38:42.195	1198	402	51	5	2835	56.32
2026/08/31 09:38:42.295	1198	402	51	5	2835	56.32
2026/08/31 09:38:42.395	1198	402	51	5	2835	56.32
2026/08/31 09:38:42.495	1198	402	51	5	2835	56.32
2026/08/31 09:38:42.596	1198	402	51	5	2835	56.30
2026/08/31 09:38:42.696	1198	402	51	5	2835	56.30
2026/08/31 09:38:42.796	1198	402	51	5	2835	56.30
2026/08/31 09:38:42.896	1198	402	51	5	2835	56.30
2026/08/31 09:38:42.996	1198	402	51	5	2835	56.30
2026/08/31 09:38:43.096	1198	402	52	5	2835	56.38
2026/08/31 09:38:43.196	1198	402	52	5	2835	56.38
2026/08/31 09:38:43.296	1198	402	52	5	2835	56.38
2026/08/31 09:38:43.396	1198	402	52	5	2835	56.38
2026/08/31 09:38:43.497	1198	402	52	5	2835	56.38
2026/08/31 09:38:43.597	1198	402	49	4	2835	56.32
2026/08/31 09:38:43.697	1198	402	49	4	2835	56.32
2026/08/31 09:38:43.797	1198	402	49	4	2835	56.32
2026/08/31 09:38:43.897	1198	402	49	4	2835	56.32
2026/08/31 09:38:43.997	1198	402	49	4	2835	56.32
2026/08/31 09:38:44.097	1198	402	51	5	2835	56.44
2026/08/31 09:38:44.197	1198	402	51	5	2835	56.44
2026/08/31 09:38:44.297	1198	402	51	5	2835	56.44
2026/08/31 09:38:44.397	1198	402	51	5	2835	56.44
2026/08/31 09:38:44.498	1198	402	51	5	2835	56.44
2026/08/31 09:38:44.598	1198	402	51	5	2835	56.33
2026/08/31 09:38:44.698	1198	402	51	5	2835	56.33
2026/08/31 09:38:44.798	1198	402	51	5	2835	56.33
2026/08/31 09:38:44.898	1198	402	51	5	2835	56.33
2026/08/31 09:38:44.998	1198	402	51	5	2835	56.33
2026/08/31 09:38:45.098	1198	402	51	5	2835	56.51
2026/08/31 09:38:45.198	1198	402	51	5	2835	56.51
2026/08/31 09:38:45.298	1198	402	51	5	2835	56.51
2026/08/31 09:38:45.399	1198	402	51	5	2835	56.51
2026/08/31 09:38:45.499	1198	402	51	5	2835	56.51
2026/08/31 09:38:45.599	1198	402	49	4	2835	56.40
2026/08/31 09:38:45.699	1198	402	49	4	2835	56.40
2026/08/31 09:38:45.799	1198	402	49	4	2835	56.40
2026/08/31 09:38:45.899	1198	402	49	4	2835	56.40
2026/08/31 09:38:45.999	1198	402	49	4	2835	56.40
2026/08/31 09:38:46.099	1198	402	49	5	2835	56.51
2026/08/31 09:38:46.200	1198	402	49	5	2835	56.51
2026/08/31 09:38:46.300	1198	402	49	5	2835	56.51
2026/08/31 09:38:46.400	1198	402	49	5	2835	56.51
2026/08/31 09:38:46.500	1198	402	49	5	2835	56.51
2026/08/31 09:38:46.600	1198	402	51	5	2835	56.29
2026/08/31 09:38:46.700	1198	402	51	5	2835	56.29
2026/08/31 09:38:46.800	1198	402	51	5	2835	56.29
2026/08/31 09:38:46.900	1198	402	51	5	2835	56.29
2026/08/31 09:38:47.000	1198	402	51	5	2835	56.29
2026/08/31 09:38:47.100	1198	402	48	5	2835	56.31
2026/08/31 09:38:47.201	1198	402	48	5	2835	56.31
2026/08/31 09:38:47.301	1198	402	48	5	2835	56.31
2026/08/31 09:38:47.401	1198	402	48	5	2835	56.31
2026/08/31 09:38:47.501	1198	402	48	5	2835	56.31
2026/08/31 09:38:47.601	1198	402	51	5	2835	56.28
2026/08/31 09:38:47.701	1198	402	51	5	2835	56.28
2026/08/31 09:38:47.801	1198	402	51	5	2835	56.28
2026/08/31 09:38:47.901	1198	402	51	5	2835	56.28
2026/08/31 09:38:48.001	1198	402	51	5	2835	56.28
2026/08/31 09:38:48.102	1198	402	53	5	2835	56.45
2026/08/31 09:38:48.202	1198	402	53	5	2835	56.45
2026/08/31 09:38:48.302	1198	402	53	5	2835	56.45
2026/08/31 09:38:48.402	1198	402	53	5	2835	56.45
2026/08/31 09:38:48.502	1198	402	53	5	2835	56.45
2026/08/31 09:38:48.602	1198	402	50	5	2835	56.47
2026/08/31 09:38:48.702	1198	402	50	5	2835	56.47
2026/08/31 09:38:48.802	1198	402	50	5	2835	56.47
2026/08/31 09:38:48.902	1198	402	50	5	2835	56.47
2026/08/31 09:38:49.002	1198	402	50	5	2835	56.47
2026/08/31 09:38:49.102	1198	402	51	5	2835	56.60
2026/08/31 09:38:49.203	1198	402	51	5	2835	56.60
2026/08/31 09:38:49.303	1198	402	51	5	2835	56.60
2026/08/31 09:38:49.403	1198	402	51	5	2835	56.60
2026/08/31 09:38:49.503	1198	402	51	5	2835	56.60
2026/08/31 09:38:49.603	1198	402	49	4	2835	56.41
2026/08/31 09:38:49.703	1198	402	49	4	2835	56.41
2026/08/31 09:38:49.803	1198	402	49	4	2835	56.41
2026/08/31 09:38:49.903	1198	402	49	4	2835	56.41
2026/08/31 09:38:50.003	1198	402	49	4	2835	56.41
2026/08/31 09:38:50.103	1198	402	50	5	2835	56.47
2026/08/31 09:38:50.204	1198	402	50	5	2835	56.47
2026/08/31 09:38:50.304	1198	402	50	5	2835	56.47
2026/08/31 09:38:50.404	1198	402	50	5	2835	56.47
2026/08/31 09:38:50.504	1198	402	50	5	2835	56.47
2026/08/31 09:38:50.604	1198	402	51	4	2835	56.31
2026/08/31 09:38:50.704	1198	402	51	4	2835	56.31
2026/08/31 09:38:50.804	1198	402	51	4	2835	56.31
2026/08/31 09:38:50.904	1198	402	51	4	2835	56.31
2026/08/31 09:38:51.004	1198	402	51	4	2835	56.31
2026/08/31 09:38:51.105	1198	402	50	5	2835	56.52
2026/08/31 09:38:51.205	1198	402	50	5	2835	56.52
2026/08/31 09:38:51.305	1198	402	50	5	2835	56.52
2026/08/31 09:38:51.405	1198	402	50	5	2835	56.52
2026/08/31 09:38:51.505	1198	402	50	5	2835	56.52
2026/08/31 09:38:51.605	1198	402	51	4	2835	56.53
2026/08/31 09:38:51.705	1198	402	51	4	2835	56.53
2026/08/31 09:38:51.805	1198	402	51	4	2835	56.53
2026/08/31 09:38:51.905	1198	402	51	4	2835	56.53
2026/08/31 09:38:52.005	1198	402	51	4	2835	56.53
2026/08/31 09:38:52.106	1198	402	49	5	2835	56.57
2026/08/31 09:38:52.206	1198	402	49	5	2835	56.57
2026/08/31 09:38:52.306	1198	402	49	5	2835	56.57
2026/08/31 09:38:52.406	1198	402	49	5	2835	56.57
2026/08/31 09:38:52.506	1198	402	49	5	2835	56.57
2026/08/31 09:38:52.606	1198	402	51	4	2835	56.47
2026/08/31 09:38:52.706	1198	402	51	4	2835	56.47
2026/08/31 09:38:52.806	1198	402	51	4	2835	56.47
2026/08/31 09:38:52.906	1198	402	51	4	2835	56.47
2026/08/31 09:38:53.006	1198	402	51	4	2835	56.47
2026/08/31 09:38:53.107	1198	402	49	5	2835	56.68
2026/08/31 09:38:53.207	1198	402	49	5	2835	56.68
2026/08/31 09:38:53.307	1198	402	49	5	2835	56.68
2026/08/31 09:38:53.407	1198	402	49	5	2835	56.68
2026/08/31 09:38:53.507	1198	402	49	5	2835	56.68
2026/08/31 09:38:53.607	1198	402	49	4	2835	56.65
2026/08/31 09:38:53.707	1198	402	49	4	2835	56.65
2026/08/31 09:38:53.807	1198	402	49	4	2835	56.65
2026/08/31 09:38:53.907	1198	402	49	4	2835	56.65
2026/08/31 09:38:54.008	1198	402	49	4	2835	56.65
2026/08/31 09:38:54.108	1198	402	49	5	2835	56.68
2026/08/31 09:38:54.208	1198	402	49	5	2835	56.68
2026/08/31 09:38:54.308	1198	402	49	5	2835	56.68
2026/08/31 09:38:54.408	1198	402	49	5	2835	56.68
2026/08/31 09:38:54.508	1198	402	49	5	2835	56.68
2026/08/31 09:38:54.608	1198	402	49	4	2835	56.54
2026/08/31 09:38:54.708	1198	402	49	4	2835	56.54
2026/08/31 09:38:54.808	1198	402	49	4	2835	56.54
2026/08/31 09:38:54.908	1198	402	49	4	2835	56.54
2026/08/31 09:38:55.009	1198	402	49	4	2835	56.54
2026/08/31 09:38:55.109	1198	402	51	5	2835	56.66
2026/08/31 09:38:55.209	1198	402	51	5	2835	56.66
2026/08/31 09:38:55.309	1198	402	51	5	2835	56.66
2026/08/31 09:38:55.409	1198	402	51	5	2835	56.66
2026/08/31 09:38:55.509	1198	402	51	5	2835	56.66
2026/08/31 09:38:55.609	1198	402	50	4	2835	56.52
2026/08/31 09:38:55.709	1198	402	50	4	2835	56.52
2026/08/31 09:38:55.809	1198	402	50	4	2835	56.52
2026/08/31 09:38:55.909	1198	402	50	4	2835	56.52
2026/08/31 09:38:56.009	1198	402	50	4	2835	56.52
2026/08/31 09:38:56.110	1198	402	50	5	2835	56.65
2026/08/31 09:38:56.210	1198	402	50	5	2835	56.65
2026/08/31 09:38:56.310	1198	402	50	5	2835	56.65
2026/08/31 09:38:56.413	1198	402	50	5	2835	56.65
2026/08/31 09:38:56.513	1198	402	50	5	2835	56.65
2026/08/31 09:38:56.613	1198	402	50	4	2835	56.56
2026/08/31 09:38:56.713	1198	402	50	4	2835	56.56
2026/08/31 09:38:56.813	1198	402	50	4	2835	56.56
2026/08/31 09:38:56.913	1198	402	50	4	2835	56.56
2026/08/31 09:38:57.013	1198	402	50	4	2835	56.56
2026/08/31 09:38:57.113	1198	402	50	5	2835	56.69
2026/08/31 09:38:57.214	1198	402	50	5	2835	56.69
2026/08/31 09:38:57.314	1198	402	50	5	2835	56.69
2026/08/31 09:38:57.414	1198	402	50	5	2835	56.69
2026/08/31 09:38:57.514	1198	402	50	5	2835	56.69
2026/08/31 09:38:57.614	1198	402	50	4	2835	56.56
2026/08/31 09:38:57.714	1198	402	50	4	2835	56.56
2026/08/31 09:38:57.814	1198	402	50	4	2835	56.56
2026/08/31 09:38:57.914	1198	402	50	4	2835	56.56
2026/08/31 09:38:58.014	1198	402	50	4	2835	56.56
2026/08/31 09:38:58.115	1198	402	50	5	2835	56.66
2026/08/31 09:38:58.215	1198	402	50	5	2835	56.66
2026/08/31 09:38:58.315	1198	402	50	5	2835	56.66
2026/08/31 09:38:58.415	1198	402	50	5	2835	56.66
2026/08/31 09:38:58.516	1198	402	50	5	2835	56.66
2026/08/31 09:38:58.616	1198	402	51	4	2835	56.58
2026/08/31 09:38:58.716	1198	402	51	4	2835	56.58
2026/08/31 09:38:58.816	1198	402	51	4	2835	56.58
2026/08/31 09:38:58.916	1198	402	51	4	2835	56.58
2026/08/31 09:38:59.016	1198	402	51	4	2835	56.58
2026/08/31 09:38:59.116	1198	402	51	5	2835	56.78
2026/08/31 09:38:59.217	1198	402	51	5	2835	56.78
2026/08/31 09:38:59.317	1198	402	51	5	2835	56.78
2026/08/31 09:38:59.417	1198	402	51	5	2835	56.78
2026/08/31 09:38:59.517	1198	402	50	4	2835	56.67
2026/08/31 09:38:59.618	1198	402	50	4	2835	56.67
2026/08/31 09:38:59.718	1198	402	50	4	2835	56.67
2026/08/31 09:38:59.818	1198	402	50	4	2835	56.67
2026/08/31 09:38:59.918	1198	402	50	4	2835	56.67
2026/08/31 09:39:00.018	1198	402	48	5	2835	56.71
2026/08/31 09:39:00.118	1198	402	48	5	2835	56.71
2026/08/31 09:39:00.218	1198	402	48	5	2835	56.71
2026/08/31 09:39:00.318	1198	402	48	5	2835	56.71
2026/08/31 09:39:00.418	1198	402	48	5	2835	56.71
2026/08/31 09:39:00.518	1198	402	50	4	2835	56.49
2026/08/31 09:39:00.619	1198	402	50	4	2835	56.49
2026/08/31 09:39:00.719	1198	402	50	4	2835	56.49
2026/08/31 09:39:00.819	1198	402	50	4	2835	56.49
2026/08/31 09:39:00.919	1198	402	50	4	2835	56.49
2026/08/31 09:39:01.019	1198	402	50	5	2835	56.64
2026/08/31 09:39:01.119	1198	402	50	5	2835	56.64
2026/08/31 09:39:01.219	1198	402	50	5	2835	56.64
2026/08/31 09:39:01.319	1198	402	50	5	2835	56.64
2026/08/31 09:39:01.419	1198	402	50	5	2835	56.64
2026/08/31 09:39:01.519	1198	402	51	4	2835	56.51
2026/08/31 09:39:01.620	1198	402	51	4	2835	56.51
2026/08/31 09:39:01.720	1198	402	51	4	2835	56.51
2026/08/31 09:39:01.820	1198	402	51	4	2835	56.51
2026/08/31 09:39:01.920	1198	402	51	4	2835	56.51
2026/08/31 09:39:02.020	1198	402	50	5	2835	56.58
2026/08/31 09:39:02.120	1198	402	50	5	2835	56.58
2026/08/31 09:39:02.220	1198	402	50	5	2835	56.58
2026/08/31 09:39:02.320	1198	402	50	5	2835	56.58
2026/08/31 09:39:02.420	1198	402	50	5	2835	56.58
2026/08/31 09:39:02.520	1198	402	49	4	2835	56.51
2026/08/31 09:39:02.621	1198	402	49	4	2835	56.51
2026/08/31 09:39:02.721	1198	402	49	4	2835	56.51
2026/08/31 09:39:02.821	1198	402	49	4	2835	56.51
2026/08/31 09:39:02.921	1198	402	49	4	2835	56.51
2026/08/31 09:39:03.021	1198	402	49	5	2835	56.65
2026/08/31 09:39:03.121	1198	402	49	5	2835	56.65
2026/08/31 09:39:03.221	1198	402	49	5	2835	56.65
2026/08/31 09:39:03.321	1198	402	49	5	2835	56.65
2026/08/31 09:39:03.421	1198	402	49	5	2835	56.65
2026/08/31 09:39:03.521	1198	402	49	4	2835	56.54
2026/08/31 09:39:03.622	1198	402	49	4	2835	56.54
2026/08/31 09:39:03.722	1198	402	49	4	2835	56.54
2026/08/31 09:39:03.822	1198	402	49	4	2835	56.54
2026/08/31 09:39:03.922	1198	402	49	4	2835	56.54
2026/08/31 09:39:04.022	1198	402	52	5	2835	56.59
2026/08/31 09:39:04.122	1198	402	52	5	2835	56.59
2026/08/31 09:39:04.222	1198	402	52	5	2835	56.59
2026/08/31 09:39:04.322	1198	402	52	5	2835	56.59
2026/08/31 09:39:04.422	1198	402	52	5	2835	56.59
2026/08/31 09:39:04.522	1198	402	49	4	2835	56.42
2026/08/31 09:39:04.623	1198	402	49	4	2835	56.42
2026/08/31 09:39:04.723	1198	402	49	4	2835	56.42
2026/08/31 09:39:04.823	1198	402	49	4	2835	56.42
2026/08/31 09:39:04.923	1198	402	49	4	2835	56.42
2026/08/31 09:39:05.023	1198	402	48	5	2835	56.53
2026/08/31 09:39:05.123	1198	402	48	5	2835	56.53
2026/08/31 09:39:05.223	1198	402	48	5	2835	56.53
2026/08/31 09:39:05.323	1198	402	48	5	2835	56.53
2026/08/31 09:39:05.423	1198	402	48	5	2835	56.53
2026/08/31 09:39:05.523	1198	402	50	4	2835	56.42
2026/08/31 09:39:05.624	1198	402	50	4	2835	56.42
2026/08/31 09:39:05.724	1198	402	50	4	2835	56.42
2026/08/31 09:39:05.824	1198	402	50	4	2835	56.42
2026/08/31 09:39:05.924	1198	402	50	4	2835	56.42
2026/08/31 09:39:06.024	1198	402	49	5	2835	56.64
2026/08/31 09:39:06.124	1198	402	49	5	2835	56.64
2026/08/31 09:39:06.224	1198	402	49	5	2835	56.64
2026/08/31 09:39:06.324	1198	402	49	5	2835	56.64
2026/08/31 09:39:06.424	1198	402	49	5	2835	56.64
2026/08/31 09:39:06.524	1198	402	49	4	2835	56.49
2026/08/31 09:39:06.625	1198	402	49	4	2835	56.49
2026/08/31 09:39:06.725	1198	402	49	4	2835	56.49
2026/08/31 09:39:06.825	1198	402	49	4	2835	56.49
2026/08/31 09:39:06.925	1198	402	49	4	2835	56.49
2026/08/31 09:39:07.025	1198	402	50	4	2835	56.32
2026/08/31 09:39:07.125	1198	402	50	4	2835	56.32
2026/08/31 09:39:07.225	1198	402	50	4	2835	56.32
2026/08/31 09:39:07.325	1198	402	50	4	2835	56.32
2026/08/31 09:39:07.425	1198	402	50	4	2835	56.32
2026/08/31 09:39:07.525	1198	402	51	4	2835	56.17
2026/08/31 09:39:07.626	1198	402	51	4	2835	56.17
2026/08/31 09:39:07.726	1198	402	51	4	2835	56.17
2026/08/31 09:39:07.826	1198	402	51	4	2835	56.17
2026/08/31 09:39:07.926	1198	402	51	4	2835	56.17
2026/08/31 09:39:08.026	1198	402	49	4	2835	56.10
2026/08/31 09:39:08.126	1198	402	49	4	2835	56.10
2026/08/31 09:39:08.226	1198	402	49	4	2835	56.10
2026/08/31 09:39:08.326	1198	402	49	4	2835	56.10
2026/08/31 09:39:08.426	1198	402	49	4	2835	56.10
2026/08/31 09:39:08.526	1198	402	48	4	2835	56.01
2026/08/31 09:39:08.626	1198	402	48	4	2835	56.01
2026/08/31 09:39:08.726	1198	402	48	4	2835	56.01
2026/08/31 09:39:08.827	1198	402	48	4	2835	56.01
2026/08/31 09:39:08.927	1198	402	48	4	2835	56.01
2026/08/31 09:39:09.027	1198	402	52	5	2835	55.99
2026/08/31 09:39:09.127	1198	402	52	5	2835	55.99
2026/08/31 09:39:09.227	1198	402	52	5	2835	55.99
2026/08/31 09:39:09.327	1198	402	52	5	2835	55.99
2026/08/31 09:39:09.427	1198	402	52	5	2835	55.99
2026/08/31 09:39:09.527	1198	402	47	4	2835	55.95
2026/08/31 09:39:09.627	1198	402	47	4	2835	55.95
2026/08/31 09:39:09.727	1198	402	47	4	2835	55.95
2026/08/31 09:39:09.827	1198	402	47	4	2835	55.95
2026/08/31 09:39:09.928	1198	402	47	4	2835	55.95
2026/08/31 09:39:10.028	1198	402	48	4	2835	55.89
2026/08/31 09:39:10.128	1198	402	48	4	2835	55.89
2026/08/31 09:39:10.228	1198	402	48	4	2835	55.89
2026/08/31 09:39:10.328	1198	402	48	4	2835	55.89
2026/08/31 09:39:10.428	1198	402	48	4	2835	55.89
2026/08/31 09:39:10.528	1198	402	47	4	2835	55.81
2026/08/31 09:39:10.628	1198	402	47	4	2835	55.81
2026/08/31 09:39:10.728	1198	402	47	4	2835	55.81
2026/08/31 09:39:10.828	1198	402	47	4	2835	55.81
2026/08/31 09:39:10.928	1198	402	47	4	2835	55.81
2026/08/31 09:39:11.029	1198	402	50	4	2835	55.79
2026/08/31 09:39:11.129	1198	402	50	4	2835	55.79
2026/08/31 09:39:11.229	1198	402	50	4	2835	55.79
2026/08/31 09:39:11.329	1198	402	50	4	2835	55.79
2026/08/31 09:39:11.429	1198	402	50	4	2835	55.79
2026/08/31 09:39:11.529	1198	402	52	4	2835	55.92
2026/08/31 09:39:11.629	1198	402	52	4	2835	55.92
2026/08/31 09:39:11.729	1198	402	52	4	2835	55.92
2026/08/31 09:39:11.829	1198	402	52	4	2835	55.92
2026/08/31 09:39:11.929	1198	402	52	4	2835	55.92
2026/08/31 09:39:12.030	1198	402	51	4	2835	56.02
2026/08/31 09:39:12.130	1198	402	51	4	2835	56.02
2026/08/31 09:39:12.230	1198	402	51	4	2835	56.02
2026/08/31 09:39:12.330	1198	402	51	4	2835	56.02
2026/08/31 09:39:12.430	1198	402	51	4	2835	56.02
2026/08/31 09:39:12.530	1198	402	50	4	2835	56.04
2026/08/31 09:39:12.630	1198	402	50	4	2835	56.04
2026/08/31 09:39:12.730	1198	402	50	4	2835	56.04
2026/08/31 09:39:12.830	1198	402	50	4	2835	56.04
2026/08/31 09:39:12.930	1198	402	50	4	2835	56.04
2026/08/31 09:39:13.030	1198	402	50	4	2835	56.11
2026/08/31 09:39:13.131	1198	402	50	4	2835	56.11
2026/08/31 09:39:13.231	1198	402	50	4	2835	56.11
2026/08/31 09:39:13.331	1198	402	50	4	2835	56.11
2026/08/31 09:39:13.431	1198	402	50	4	2835	56.11
2026/08/31 09:39:13.531	1198	402	48	4	2835	56.15
2026/08/31 09:39:13.631	1198	402	48	4	2835	56.15
2026/08/31 09:39:13.731	1198	402	48	4	2835	56.15
2026/08/31 09:39:13.831	1198	402	48	4	2835	56.15
2026/08/31 09:39:13.931	1198	402	48	4	2835	56.15
2026/08/31 09:39:14.031	1198	402	46	5	2835	56.40
2026/08/31 09:39:14.131	1198	402	46	5	2835	56.40
2026/08/31 09:39:14.232	1198	402	46	5	2835	56.40
2026/08/31 09:39:14.332	1198	402	46	5	2835	56.40
2026/08/31 09:39:14.432	1198	402	46	5	2835	56.40
2026/08/31 09:39:14.532	1198	402	49	4	2835	56.35
2026/08/31 09:39:14.632	1198	402	49	4	2835	56.35
2026/08/31 09:39:14.732	1198	402	49	4	2835	56.35
2026/08/31 09:39:14.832	1198	402	49	4	2835	56.35
2026/08/31 09:39:14.932	1198	402	49	4	2835	56.35
2026/08/31 09:39:15.032	1198	402	47	5	2835	56.41
2026/08/31 09:39:15.132	1198	402	47	5	2835	56.41
2026/08/31 09:39:15.233	1198	402	47	5	2835	56.41
2026/08/31 09:39:15.333	1198	402	47	5	2835	56.41
2026/08/31 09:39:15.433	1198	402	47	5	2835	56.41
2026/08/31 09:39:15.533	1198	402	50	4	2835	56.37
2026/08/31 09:39:15.633	1198	402	50	4	2835	56.37
2026/08/31 09:39:15.733	1198	402	50	4	2835	56.37
2026/08/31 09:39:15.833	1198	402	50	4	2835	56.37
2026/08/31 09:39:15.933	1198	402	50	4	2835	56.37
2026/08/31 09:39:16.033	1198	402	50	5	2835	56.62
2026/08/31 09:39:16.133	1198	402	50	5	2835	56.62
2026/08/31 09:39:16.234	1198	402	50	5	2835	56.62
2026/08/31 09:39:16.334	1198	402	50	5	2835	56.62
2026/08/31 09:39:16.434	1198	402	50	5	2835	56.62
2026/08/31 09:39:16.534	1198	402	50	4	2835	56.54
2026/08/31 09:39:16.634	1198	402	50	4	2835	56.54
2026/08/31 09:39:16.734	1198	402	50	4	2835	56.54
2026/08/31 09:39:16.834	1198	402	50	4	2835	56.54
2026/08/31 09:39:16.934	1198	402	50	4	2835	56.54
2026/08/31 09:39:17.034	1198	402	51	5	2835	56.65
2026/08/31 09:39:17.134	1198	402	51	5	2835	56.65
2026/08/31 09:39:17.234	1198	402	51	5	2835	56.65
2026/08/31 09:39:17.335	1198	402	51	5	2835	56.65
2026/08/31 09:39:17.435	1198	402	51	5	2835	56.65
2026/08/31 09:39:17.535	1198	402	49	5	2835	56.53
2026/08/31 09:39:17.635	1198	402	49	5	2835	56.53
2026/08/31 09:39:17.735	1198	402	49	5	2835	56.53
2026/08/31 09:39:17.835	1198	402	49	5	2835	56.53
2026/08/31 09:39:17.935	1198	402	49	5	2835	56.53
2026/08/31 09:39:18.035	1198	402	49	5	2835	56.60
2026/08/31 09:39:18.135	1198	402	49	5	2835	56.60
2026/08/31 09:39:18.235	1198	402	49	5	2835	56.60
2026/08/31 09:39:18.336	1198	402	49	5	2835	56.60
2026/08/31 09:39:18.436	1198	402	49	5	2835	56.60
2026/08/31 09:39:18.536	1198	402	49	4	2835	56.54
2026/08/31 09:39:18.636	1198	402	49	4	2835	56.54
2026/08/31 09:39:18.736	1198	402	49	4	2835	56.54
2026/08/31 09:39:18.836	1198	402	49	4	2835	56.54
2026/08/31 09:39:18.936	1198	402	49	4	2835	56.54
2026/08/31 09:39:19.036	1198	402	51	5	2835	56.67
2026/08/31 09:39:19.136	1198	402	51	5	2835	56.67
2026/08/31 09:39:19.236	1198	402	51	5	2835	56.67
2026/08/31 09:39:19.337	1198	402	51	5	2835	56.67
2026/08/31 09:39:19.437	1198	402	51	5	2835	56.67
2026/08/31 09:39:19.537	1198	402	49	4	2835	56.61
2026/08/31 09:39:19.637	1198	402	49	4	2835	56.61
2026/08/31 09:39:19.737	1198	402	49	4	2835	56.61
2026/08/31 09:39:19.837	1198	402	49	4	2835	56.61
2026/08/31 09:39:19.937	1198	402	49	4	2835	56.61
2026/08/31 09:39:20.037	1198	402	50	5	2835	56.76
2026/08/31 09:39:20.137	1198	402	50	5	2835	56.76
2026/08/31 09:39:20.238	1198	402	50	5	2835	56.76
2026/08/31 09:39:20.338	1198	402	50	5	2835	56.76
2026/08/31 09:39:20.438	1198	402	50	5	2835	56.76
2026/08/31 09:39:20.538	1198	402	50	4	2835	56.57
2026/08/31 09:39:20.638	1198	402	50	4	2835	56.57
2026/08/31 09:39:20.739	1198	402	50	4	2835	56.57
2026/08/31 09:39:20.839	1198	402	50	4	2835	56.57
2026/08/31 09:39:20.939	1198	402	50	4	2835	56.57
2026/08/31 09:39:21.039	1198	402	49	5	2835	56.59
2026/08/31 09:39:21.139	1198	402	49	5	2835	56.59
2026/08/31 09:39:21.239	1198	402	49	5	2835	56.59
2026/08/31 09:39:21.339	1198	402	49	5	2835	56.59
2026/08/31 09:39:21.439	1198	402	49	5	2835	56.59
2026/08/31 09:39:21.539	1198	402	50	4	2835	56.46
2026/08/31 09:39:21.640	1198	402	50	4	2835	56.46
2026/08/31 09:39:21.740	1198	402	50	4	2835	56.46
2026/08/31 09:39:21.840	1198	402	50	4	2835	56.46
2026/08/31 09:39:21.940	1198	402	50	4	2835	56.46
2026/08/31 09:39:22.040	1198	402	50	5	2835	56.58
2026/08/31 09:39:22.140	1198	402	50	5	2835	56.58
2026/08/31 09:39:22.240	1198	402	50	5	2835	56.58
2026/08/31 09:39:22.340	1198	402	50	5	2835	56.58
2026/08/31 09:39:22.440	1198	402	50	5	2835	56.58
2026/08/31 09:39:22.540	1198	402	50	4	2835	56.50
2026/08/31 09:39:22.641	1198	402	50	4	2835	56.50
2026/08/31 09:39:22.741	1198	402	50	4	2835	56.50
2026/08/31 09:39:22.841	1198	402	50	4	2835	56.50
2026/08/31 09:39:22.941	1198	402	50	4	2835	56.50
2026/08/31 09:39:23.042	1198	402	49	5	2835	56.74
2026/08/31 09:39:23.142	1198	402	49	5	2835	56.74
2026/08/31 09:39:23.242	1198	402	49	5	2835	56.74
2026/08/31 09:39:23.342	1198	402	49	5	2835	56.74
2026/08/31 09:39:23.442	1198	402	49	5	2835	56.74
2026/08/31 09:39:23.542	1198	402	52	4	2835	56.75
2026/08/31 09:39:23.642	1198	402	52	4	2835	56.75
2026/08/31 09:39:23.742	1198	402	52	4	2835	56.75
2026/08/31 09:39:23.842	1198	402	52	4	2835	56.75
2026/08/31 09:39:23.942	1198	402	52	4	2835	56.75
2026/08/31 09:39:24.043	1198	402	51	5	2835	56.89
2026/08/31 09:39:24.143	1198	402	51	5	2835	56.89
2026/08/31 09:39:24.243	1198	402	51	5	2835	56.89
2026/08/31 09:39:24.343	1198	402	51	5	2835	56.89
2026/08/31 09:39:24.443	1198	402	51	5	2835	56.89
2026/08/31 09:39:24.543	1198	402	50	4	2835	56.78
2026/08/31 09:39:24.643	1198	402	50	4	2835	56.78
2026/08/31 09:39:24.743	1198	402	50	4	2835	56.78
2026/08/31 09:39:24.843	1198	402	50	4	2835	56.78
2026/08/31 09:39:24.943	1198	402	50	4	2835	56.78
2026/08/31 09:39:25.043	1198	402	51	5	2835	56.81
2026/08/31 09:39:25.144	1198	402	51	5	2835	56.81
2026/08/31 09:39:25.244	1198	402	51	5	2835	56.81
2026/08/31 09:39:25.344	1198	402	51	5	2835	56.81
2026/08/31 09:39:25.444	1198	402	51	5	2835	56.81
2026/08/31 09:39:25.544	1198	402	50	4	2835	56.67
2026/08/31 09:39:25.644	1198	402	50	4	2835	56.67
2026/08/31 09:39:25.744	1198	402	50	4	2835	56.67
2026/08/31 09:39:25.844	1198	402	50	4	2835	56.67
2026/08/31 09:39:25.944	1198	402	50	4	2835	56.67
2026/08/31 09:39:26.045	1198	402	49	5	2835	56.80
2026/08/31 09:39:26.145	1198	402	49	5	2835	56.80
2026/08/31 09:39:26.245	1198	402	49	5	2835	56.80
2026/08/31 09:39:26.345	1198	402	49	5	2835	56.80
2026/08/31 09:39:26.445	1198	402	49	5	2835	56.80
2026/08/31 09:39:26.545	1198	402	50	4	2835	56.64
2026/08/31 09:39:26.645	1198	402	50	4	2835	56.64
2026/08/31 09:39:26.745	1198	402	50	4	2835	56.64
2026/08/31 09:39:26.845	1198	402	50	4	2835	56.64
2026/08/31 09:39:26.945	1198	402	50	4	2835	56.64
2026/08/31 09:39:27.045	1198	402	51	5	2835	56.83
2026/08/31 09:39:27.146	1198	402	51	5	2835	56.83
2026/08/31 09:39:27.246	1198	402	51	5	2835	56.83
2026/08/31 09:39:27.346	1198	402	51	5	2835	56.83
2026/08/31 09:39:27.446	1198	402	51	5	2835	56.83
2026/08/31 09:39:27.546	1198	402	50	4	2835	56.81
2026/08/31 09:39:27.646	1198	402	50	4	2835	56.81
2026/08/31 09:39:27.746	1198	402	50	4	2835	56.81
2026/08/31 09:39:27.846	1198	402	50	4	2835	56.81
2026/08/31 09:39:27.946	1198	402	50	4	2835	56.81
2026/08/31 09:39:28.046	1198	402	51	5	2835	56.99
2026/08/31 09:39:28.147	1198	402	51	5	2835	56.99
2026/08/31 09:39:28.247	1198	402	51	5	2835	56.99
2026/08/31 09:39:28.347	1198	402	51	5	2835	56.99
2026/08/31 09:39:28.447	1198	402	51	5	2835	56.99
2026/08/31 09:39:28.547	1198	402	51	4	2835	56.83
2026/08/31 09:39:28.647	1198	402	51	4	2835	56.83
2026/08/31 09:39:28.747	1198	402	51	4	2835	56.83
2026/08/31 09:39:28.847	1198	402	51	4	2835	56.83
2026/08/31 09:39:28.947	1198	402	51	4	2835	56.83
2026/08/31 09:39:29.047	1198	402	49	5	2835	57.03
2026/08/31 09:39:29.148	1198	402	49	5	2835	57.03
2026/08/31 09:39:29.248	1198	402	49	5	2835	57.03
2026/08/31 09:39:29.348	1198	402	49	5	2835	57.03
2026/08/31 09:39:29.448	1198	402	49	5	2835	57.03
2026/08/31 09:39:29.548	1198	402	52	4	2835	56.92
2026/08/31 09:39:29.648	1198	402	52	4	2835	56.92
2026/08/31 09:39:29.748	1198	402	52	4	2835	56.92
2026/08/31 09:39:29.848	1198	402	52	4	2835	56.92
2026/08/31 09:39:29.948	1198	402	52	4	2835	56.92
2026/08/31 09:39:30.048	1198	402	50	5	2835	56.94
2026/08/31 09:39:30.148	1198	402	50	5	2835	56.94
2026/08/31 09:39:30.249	1198	402	50	5	2835	56.94
2026/08/31 09:39:30.349	1198	402	50	5	2835	56.94
2026/08/31 09:39:30.449	1198	402	50	5	2835	56.94
2026/08/31 09:39:30.549	1198	402	52	4	2835	56.77
2026/08/31 09:39:30.649	1198	402	52	4	2835	56.77
2026/08/31 09:39:30.749	1198	402	52	4	2835	56.77
2026/08/31 09:39:30.849	1198	402	52	4	2835	56.77
2026/08/31 09:39:30.949	1198	402	52	4	2835	56.77
2026/08/31 09:39:31.049	1198	402	51	5	2835	56.88
2026/08/31 09:39:31.149	1198	402	51	5	2835	56.88
2026/08/31 09:39:31.250	1198	402	51	5	2835	56.88
2026/08/31 09:39:31.350	1198	402	51	5	2835	56.88
2026/08/31 09:39:31.450	1198	402	51	5	2835	56.88
2026/08/31 09:39:31.550	1198	402	51	4	2835	56.74
2026/08/31 09:39:31.650	1198	402	51	4	2835	56.74
2026/08/31 09:39:31.750	1198	402	51	4	2835	56.74
2026/08/31 09:39:31.850	1198	402	51	4	2835	56.74
2026/08/31 09:39:31.950	1198	402	51	4	2835	56.74
2026/08/31 09:39:32.050	1198	402	52	5	2835	56.75
2026/08/31 09:39:32.150	1198	402	52	5	2835	56.75
2026/08/31 09:39:32.251	1198	402	52	5	2835	56.75
2026/08/31 09:39:32.351	1198	402	52	5	2835	56.75
2026/08/31 09:39:32.451	1198	402	52	5	2835	56.75
2026/08/31 09:39:32.551	1198	402	52	4	2835	56.58
2026/08/31 09:39:32.651	1198	402	52	4	2835	56.58
2026/08/31 09:39:32.751	1198	402	52	4	2835	56.58
2026/08/31 09:39:32.851	1198	402	52	4	2835	56.58
2026/08/31 09:39:32.951	1198	402	52	4	2835	56.58
2026/08/31 09:39:33.051	1198	402	49	5	2835	56.73
2026/08/31 09:39:33.152	1198	402	49	5	2835	56.73
2026/08/31 09:39:33.252	1198	402	49	5	2835	56.73
2026/08/31 09:39:33.352	1198	402	49	5	2835	56.73
2026/08/31 09:39:33.452	1198	402	49	5	2835	56.73
2026/08/31 09:39:33.552	1198	402	49	4	2835	56.62
2026/08/31 09:39:33.652	1198	402	49	4	2835	56.62
2026/08/31 09:39:33.752	1198	402	49	4	2835	56.62
2026/08/31 09:39:33.852	1198	402	49	4	2835	56.62
2026/08/31 09:39:33.952	1198	402	49	4	2835	56.62
2026/08/31 09:39:34.052	1198	402	49	5	2835	56.73
2026/08/31 09:39:34.153	1198	402	49	5	2835	56.73
2026/08/31 09:39:34.253	1198	402	49	5	2835	56.73
2026/08/31 09:39:34.353	1198	402	49	5	2835	56.73
2026/08/31 09:39:34.453	1198	402	49	5	2835	56.73
2026/08/31 09:39:34.553	1198	402	50	4	2835	56.62
2026/08/31 09:39:34.653	1198	402	50	4	2835	56.62
2026/08/31 09:39:34.753	1198	402	50	4	2835	56.62
2026/08/31 09:39:34.853	1198	402	50	4	2835	56.62
2026/08/31 09:39:34.953	1198	402	50	4	2835	56.62
2026/08/31 09:39:35.053	1198	402	49	5	2835	56.77
2026/08/31 09:39:35.154	1198	402	49	5	2835	56.77
2026/08/31 09:39:35.254	1198	402	49	5	2835	56.77
2026/08/31 09:39:35.354	1198	402	49	5	2835	56.77
2026/08/31 09:39:35.454	1198	402	49	5	2835	56.77
2026/08/31 09:39:35.554	1198	402	50	4	2835	56.69
2026/08/31 09:39:35.654	1198	402	50	4	2835	56.69
2026/08/31 09:39:35.754	1198	402	50	4	2835	56.69
2026/08/31 09:39:35.854	1198	402	50	4	2835	56.69
2026/08/31 09:39:35.954	1198	402	50	4	2835	56.69
2026/08/31 09:39:36.054	1198	402	53	5	2835	56.79
2026/08/31 09:39:36.155	1198	402	53	5	2835	56.79
2026/08/31 09:39:36.255	1198	402	53	5	2835	56.79
2026/08/31 09:39:36.355	1198	402	53	5	2835	56.79
2026/08/31 09:39:36.455	1198	402	53	5	2835	56.79
2026/08/31 09:39:36.555	1198	402	50	4	2835	56.62
2026/08/31 09:39:36.655	1198	402	50	4	2835	56.62
2026/08/31 09:39:36.755	1198	402	50	4	2835	56.62
2026/08/31 09:39:36.855	1198	402	50	4	2835	56.62
2026/08/31 09:39:36.955	1198	402	50	4	2835	56.62
2026/08/31 09:39:37.056	1198	402	53	5	2835	56.82
2026/08/31 09:39:37.156	1198	402	53	5	2835	56.82
2026/08/31 09:39:37.256	1198	402	53	5	2835	56.82
2026/08/31 09:39:37.356	1198	402	53	5	2835	56.82
2026/08/31 09:39:37.456	1198	402	53	5	2835	56.82
2026/08/31 09:39:37.556	1198	402	52	4	2835	56.69
2026/08/31 09:39:37.656	1198	402	52	4	2835	56.69
2026/08/31 09:39:37.756	1198	402	52	4	2835	56.69
2026/08/31 09:39:37.856	1198	402	52	4	2835	56.69
2026/08/31 09:39:37.956	1198	402	52	4	2835	56.69
2026/08/31 09:39:38.056	1198	402	51	5	2835	56.72
2026/08/31 09:39:38.157	1198	402	51	5	2835	56.72
2026/08/31 09:39:38.257	1198	402	51	5	2835	56.72
2026/08/31 09:39:38.357	1198	402	51	5	2835	56.72
2026/08/31 09:39:38.457	1198	402	51	5	2835	56.72
2026/08/31 09:39:38.557	1198	402	50	4	2835	56.56
2026/08/31 09:39:38.657	1198	402	50	4	2835	56.56
2026/08/31 09:39:38.757	1198	402	50	4	2835	56.56
2026/08/31 09:39:38.857	1198	402	50	4	2835	56.56
2026/08/31 09:39:38.957	1198	402	50	4	2835	56.56
2026/08/31 09:39:39.057	1198	402	50	5	2835	56.65
2026/08/31 09:39:39.158	1198	402	50	5	2835	56.65
2026/08/31 09:39:39.258	1198	402	50	5	2835	56.65
2026/08/31 09:39:39.358	1198	402	50	5	2835	56.65
2026/08/31 09:39:39.458	1198	402	50	5	2835	56.65
2026/08/31 09:39:39.558	1198	402	51	4	2835	56.51
2026/08/31 09:39:39.658	1198	402	51	4	2835	56.51
2026/08/31 09:39:39.758	1198	402	51	4	2835	56.51
2026/08/31 09:39:39.858	1198	402	51	4	2835	56.51
2026/08/31 09:39:39.958	1198	402	51	4	2835	56.51
2026/08/31 09:39:40.058	1198	402	51	5	2835	56.75
2026/08/31 09:39:40.159	1198	402	51	5	2835	56.75
2026/08/31 09:39:40.259	1198	402	51	5	2835	56.75
2026/08/31 09:39:40.359	1198	402	51	5	2835	56.75
2026/08/31 09:39:40.459	1198	402	51	5	2835	56.75
2026/08/31 09:39:40.559	1198	402	49	4	2835	56.72
2026/08/31 09:39:40.659	1198	402	49	4	2835	56.72
2026/08/31 09:39:40.759	1198	402	49	4	2835	56.72
2026/08/31 09:39:40.859	1198	402	49	4	2835	56.72
2026/08/31 09:39:40.959	1198	402	49	4	2835	56.72
2026/08/31 09:39:41.060	1198	402	50	5	2835	56.86
2026/08/31 09:39:41.160	1198	402	50	5	2835	56.86
2026/08/31 09:39:41.260	1198	402	50	5	2835	56.86
2026/08/31 09:39:41.360	1198	402	50	5	2835	56.86
2026/08/31 09:39:41.460	1198	402	50	5	2835	56.86
2026/08/31 09:39:41.560	1198	402	50	4	2835	56.69
2026/08/31 09:39:41.660	1198	402	50	4	2835	56.69
2026/08/31 09:39:41.760	1198	402	50	4	2835	56.69
2026/08/31 09:39:41.861	1198	402	50	4	2835	56.69
2026/08/31 09:39:41.961	1198	402	50	4	2835	56.69
2026/08/31 09:39:42.061	1198	402	51	5	2835	56.79
2026/08/31 09:39:42.161	1198	402	51	5	2835	56.79
2026/08/31 09:39:42.261	1198	402	51	5	2835	56.79
2026/08/31 09:39:42.361	1198	402	51	5	2835	56.79
2026/08/31 09:39:42.461	1198	402	51	5	2835	56.79
2026/08/31 09:39:42.561	1198	402	51	4	2835	56.63
2026/08/31 09:39:42.661	1198	402	51	4	2835	56.63
2026/08/31 09:39:42.761	1198	402	51	4	2835	56.63
2026/08/31 09:39:42.862	1198	402	51	4	2835	56.63
2026/08/31 09:39:42.962	1198	402	51	4	2835	56.63
2026/08/31 09:39:43.062	1198	402	48	5	2835	56.69
2026/08/31 09:39:43.162	1198	402	48	5	2835	56.69
2026/08/31 09:39:43.262	1198	402	48	5	2835	56.69
2026/08/31 09:39:43.362	1198	402	48	5	2835	56.69
2026/08/31 09:39:43.462	1198	402	48	5	2835	56.69
2026/08/31 09:39:43.562	1198	402	50	4	2835	56.56
2026/08/31 09:39:43.662	1198	402	50	4	2835	56.56
2026/08/31 09:39:43.763	1198	402	50	4	2835	56.56
2026/08/31 09:39:43.863	1198	402	50	4	2835	56.56
2026/08/31 09:39:43.963	1198	402	50	4	2835	56.56
2026/08/31 09:39:44.063	1198	402	49	5	2835	56.62
2026/08/31 09:39:44.163	1198	402	49	5	2835	56.62
2026/08/31 09:39:44.263	1198	402	49	5	2835	56.62
2026/08/31 09:39:44.363	1198	402	49	5	2835	56.62
2026/08/31 09:39:44.463	1198	402	49	5	2835	56.62
2026/08/31 09:39:44.563	1198	402	50	4	2835	56.60
2026/08/31 09:39:44.664	1198	402	50	4	2835	56.60
2026/08/31 09:39:44.764	1198	402	50	4	2835	56.60
2026/08/31 09:39:44.864	1198	402	50	4	2835	56.60
2026/08/31 09:39:44.964	1198	402	50	4	2835	56.60
2026/08/31 09:39:45.064	1198	402	49	5	2835	56.85
2026/08/31 09:39:45.164	1198	402	49	5	2835	56.85
2026/08/31 09:39:45.264	1198	402	49	5	2835	56.85
2026/08/31 09:39:45.364	1198	402	49	5	2835	56.85
2026/08/31 09:39:45.464	1198	402	49	5	2835	56.85
2026/08/31 09:39:45.565	1198	402	52	4	2835	56.82
2026/08/31 09:39:45.665	1198	402	52	4	2835	56.82
2026/08/31 09:39:45.765	1198	402	52	4	2835	56.82
2026/08/31 09:39:45.865	1198	402	52	4	2835	56.82
2026/08/31 09:39:45.965	1198	402	52	4	2835	56.82
2026/08/31 09:39:46.065	1198	402	51	5	2835	56.85
2026/08/31 09:39:46.165	1198	402	51	5	2835	56.85
2026/08/31 09:39:46.265	1198	402	51	5	2835	56.85
2026/08/31 09:39:46.365	1198	402	51	5	2835	56.85
2026/08/31 09:39:46.466	1198	402	51	5	2835	56.85
2026/08/31 09:39:46.566	1198	402	52	4	2835	56.71
2026/08/31 09:39:46.666	1198	402	52	4	2835	56.71
2026/08/31 09:39:46.766	1198	402	52	4	2835	56.71
2026/08/31 09:39:46.866	1198	402	52	4	2835	56.71
2026/08/31 09:39:46.966	1198	402	52	4	2835	56.71
2026/08/31 09:39:47.066	1198	402	50	5	2835	56.75
2026/08/31 09:39:47.166	1198	402	50	5	2835	56.75
2026/08/31 09:39:47.266	1198	402	50	5	2835	56.75
2026/08/31 09:39:47.367	1198	402	50	5	2835	56.75
2026/08/31 09:39:47.467	1198	402	50	5	2835	56.75
2026/08/31 09:39:47.567	1198	402	51	4	2835	56.57
2026/08/31 09:39:47.667	1198	402	51	4	2835	56.57
2026/08/31 09:39:47.767	1198	402	51	4	2835	56.57
2026/08/31 09:39:47.867	1198	402	51	4	2835	56.57
2026/08/31 09:39:47.967	1198	402	51	4	2835	56.57
2026/08/31 09:39:48.067	1198	402	51	5	2835	56.76
2026/08/31 09:39:48.167	1198	402	51	5	2835	56.76
2026/08/31 09:39:48.268	1198	402	51	5	2835	56.76
2026/08/31 09:39:48.368	1198	402	51	5	2835	56.76
2026/08/31 09:39:48.468	1198	402	51	5	2835	56.76
2026/08/31 09:39:48.568	1198	402	48	4	2835	56.62
2026/08/31 09:39:48.668	1198	402	48	4	2835	56.62
2026/08/31 09:39:48.768	1198	402	48	4	2835	56.62
2026/08/31 09:39:48.868	1198	402	48	4	2835	56.62
2026/08/31 09:39:48.968	1198	402	48	4	2835	56.62
2026/08/31 09:39:49.068	1198	402	50	5	2835	56.73
2026/08/31 09:39:49.169	1198	402	50	5	2835	56.73
2026/08/31 09:39:49.269	1198	402	50	5	2835	56.73
2026/08/31 09:39:49.369	1198	402	50	5	2835	56.73
2026/08/31 09:39:49.469	1198	402	50	5	2835	56.73
2026/08/31 09:39:49.569	1198	402	51	4	2835	56.58
2026/08/31 09:39:49.669	1198	402	51	4	2835	56.58
2026/08/31 09:39:49.769	1198	402	51	4	2835	56.58
2026/08/31 09:39:49.869	1198	402	51	4	2835	56.58
2026/08/31 09:39:49.969	1198	402	51	4	2835	56.58
2026/08/31 09:39:50.070	1198	402	51	5	2835	56.72
2026/08/31 09:39:50.170	1198	402	51	5	2835	56.72
2026/08/31 09:39:50.270	1198	402	51	5	2835	56.72
2026/08/31 09:39:50.370	1198	402	51	5	2835	56.72
2026/08/31 09:39:50.470	1198	402	51	5	2835	56.72
2026/08/31 09:39:50.570	1198	402	51	4	2835	56.67
2026/08/31 09:39:50.670	1198	402	51	4	2835	56.67
2026/08/31 09:39:50.770	1198	402	51	4	2835	56.67
2026/08/31 09:39:50.870	1198	402	51	4	2835	56.67
2026/08/31 09:39:50.970	1198	402	51	4	2835	56.67
2026/08/31 09:39:51.070	1198	402	49	5	2835	56.89
2026/08/31 09:39:51.171	1198	402	49	5	2835	56.89
2026/08/31 09:39:51.271	1198	402	49	5	2835	56.89
2026/08/31 09:39:51.371	1198	402	49	5	2835	56.89
2026/08/31 09:39:51.471	1198	402	49	5	2835	56.89
2026/08/31 09:39:51.571	1198	402	51	4	2835	56.77
2026/08/31 09:39:51.671	1198	402	51	4	2835	56.77
2026/08/31 09:39:51.771	1198	402	51	4	2835	56.77
2026/08/31 09:39:51.871	1198	402	51	4	2835	56.77
2026/08/31 09:39:51.971	1198	402	51	4	2835	56.77
2026/08/31 09:39:52.071	1198	402	50	5	2835	57.40
2026/08/31 09:39:52.172	1198	402	50	5	2835	57.40
2026/08/31 09:39:52.272	1198	402	50	5	2835	57.40
2026/08/31 09:39:52.372	1198	402	50	5	2835	57.40
2026/08/31 09:39:52.472	1198	402	50	5	2835	57.40
2026/08/31 09:39:52.572	1198	402	51	4	2835	59.04
2026/08/31 09:39:52.672	1198	402	51	4	2835	59.04
2026/08/31 09:39:52.772	1198	402	51	4	2835	59.04
2026/08/31 09:39:52.872	1198	402	51	4	2835	59.04
2026/08/31 09:39:52.972	1198	402	51	4	2835	59.04
2026/08/31 09:39:53.072	1198	402	51	5	2835	59.18
2026/08/31 09:39:53.173	1198	402	51	5	2835	59.18
2026/08/31 09:39:53.273	1198	402	51	5	2835	59.18
2026/08/31 09:39:53.373	1198	402	51	5	2835	59.18
2026/08/31 09:39:53.473	1198	402	51	5	2835	59.18
2026/08/31 09:39:53.573	1198	402	49	4	2835	57.53
2026/08/31 09:39:53.673	1198	402	49	4	2835	57.53
2026/08/31 09:39:53.773	1198	402	49	4	2835	57.53
2026/08/31 09:39:53.874	1198	402	49	4	2835	57.53
2026/08/31 09:39:53.974	1198	402	49	4	2835	57.53
2026/08/31 09:39:54.074	1198	402	50	5	2835	57.40
2026/08/31 09:39:54.174	1198	402	50	5	2835	57.40
2026/08/31 09:39:54.274	1198	402	50	5	2835	57.40
2026/08/31 09:39:54.374	1198	402	50	5	2835	57.40
2026/08/31 09:39:54.474	1198	402	50	5	2835	57.40
2026/08/31 09:39:54.574	1198	402	52	4	2835	57.23
2026/08/31 09:39:54.675	1198	402	52	4	2835	57.23
2026/08/31 09:39:54.775	1198	402	52	4	2835	57.23
2026/08/31 09:39:54.875	1198	402	52	4	2835	57.23
2026/08/31 09:39:54.975	1198	402	52	4	2835	57.23
2026/08/31 09:39:55.075	1198	402	50	5	2835	56.97
2026/08/31 09:39:55.175	1198	402	50	5	2835	56.97
2026/08/31 09:39:55.275	1198	402	50	5	2835	56.97
2026/08/31 09:39:55.375	1198	402	50	5	2835	56.97
2026/08/31 09:39:55.475	1198	402	50	5	2835	56.97
2026/08/31 09:39:55.575	1198	402	51	4	2835	57.01
2026/08/31 09:39:55.676	1198	402	51	4	2835	57.01
2026/08/31 09:39:55.776	1198	402	51	4	2835	57.01
2026/08/31 09:39:55.876	1198	402	51	4	2835	57.01
2026/08/31 09:39:55.976	1198	402	51	4	2835	57.01
2026/08/31 09:39:56.076	1198	402	51	5	2835	58.74
2026/08/31 09:39:56.176	1198	402	51	5	2835	58.74
2026/08/31 09:39:56.276	1198	402	51	5	2835	58.74
2026/08/31 09:39:56.376	1198	402	51	5	2835	58.74
2026/08/31 09:39:56.476	1198	402	51	5	2835	58.74
2026/08/31 09:39:56.576	1198	402	52	4	2835	58.81
2026/08/31 09:39:56.677	1198	402	52	4	2835	58.81
2026/08/31 09:39:56.777	1198	402	52	4	2835	58.81
2026/08/31 09:39:56.877	1198	402	52	4	2835	58.81
2026/08/31 09:39:56.977	1198	402	52	4	2835	58.81
2026/08/31 09:39:57.077	1198	402	49	5	2835	57.40
2026/08/31 09:39:57.177	1198	402	49	5	2835	57.40
2026/08/31 09:39:57.277	1198	402	49	5	2835	57.40
2026/08/31 09:39:57.377	1198	402	49	5	2835	57.40
2026/08/31 09:39:57.477	1198	402	49	5	2835	57.40
2026/08/31 09:39:57.577	1198	402	50	4	2835	57.20
2026/08/31 09:39:57.678	1198	402	50	4	2835	57.20
2026/08/31 09:39:57.778	1198	402	50	4	2835	57.20
2026/08/31 09:39:57.878	1198	402	50	4	2835	57.20
2026/08/31 09:39:57.978	1198	402	50	4	2835	57.20
2026/08/31 09:39:58.078	1198	402	51	5	2835	57.25
2026/08/31 09:39:58.178	1198	402	51	5	2835	57.25
2026/08/31 09:39:58.278	1198	402	51	5	2835	57.25
2026/08/31 09:39:58.378	1198	402	51	5	2835	57.25
2026/08/31 09:39:58.478	1198	402	51	5	2835	57.25
2026/08/31 09:39:58.578	1198	402	52	4	2835	56.90
2026/08/31 09:39:58.678	1198	402	52	4	2835	56.90
2026/08/31 09:39:58.779	1198	402	52	4	2835	56.90
2026/08/31 09:39:58.879	1198	402	52	4	2835	56.90
2026/08/31 09:39:58.979	1198	402	52	4	2835	56.90
2026/08/31 09:39:59.079	1198	402	49	5	2835	56.81
2026/08/31 09:39:59.179	1198	402	49	5	2835	56.81
2026/08/31 09:39:59.279	1198	402	49	5	2835	56.81
2026/08/31 09:39:59.379	1198	402	49	5	2835	56.81
2026/08/31 09:39:59.479	1198	402	49	5	2835	56.81
2026/08/31 09:39:59.579	1198	402	50	4	2835	57.02
2026/08/31 09:39:59.680	1198	402	50	4	2835	57.02
2026/08/31 09:39:59.780	1198	402	50	4	2835	57.02
2026/08/31 09:39:59.880	1198	402	50	4	2835	57.02
2026/08/31 09:39:59.980	1198	402	50	4	2835	57.02
2026/08/31 09:40:00.080	1198	402	50	5	2835	58.40
2026/08/31 09:40:00.180	1198	402	50	5	2835	58.40
2026/08/31 09:40:00.280	1198	402	50	5	2835	58.40
2026/08/31 09:40:00.380	1198	402	50	5	2835	58.40
2026/08/31 09:40:00.480	1198	402	50	5	2835	58.40
2026/08/31 09:40:00.580	1198	402	52	4	2835	58.65
2026/08/31 09:40:00.681	1198	402	52	4	2835	58.65
2026/08/31 09:40:00.781	1198	402	52	4	2835	58.65
2026/08/31 09:40:00.881	1198	402	52	4	2835	58.65
2026/08/31 09:40:00.981	1198	402	52	4	2835	58.65
2026/08/31 09:40:01.081	1198	402	50	5	2835	57.62
2026/08/31 09:40:01.181	1198	402	50	5	2835	57.62
2026/08/31 09:40:01.281	1198	402	50	5	2835	57.62
2026/08/31 09:40:01.381	1198	402	50	5	2835	57.62
2026/08/31 09:40:01.481	1198	402	50	5	2835	57.62
2026/08/31 09:40:01.581	1198	402	52	4	2835	57.02
2026/08/31 09:40:01.682	1198	402	52	4	2835	57.02
2026/08/31 09:40:01.782	1198	402	52	4	2835	57.02
2026/08/31 09:40:01.882	1198	402	52	4	2835	57.02
2026/08/31 09:40:01.982	1198	402	52	4	2835	57.02
2026/08/31 09:40:02.082	1198	402	50	5	2835	57.14
2026/08/31 09:40:02.182	1198	402	50	5	2835	57.14
2026/08/31 09:40:02.282	1198	402	50	5	2835	57.14
2026/08/31 09:40:02.383	1198	402	50	5	2835	57.14
2026/08/31 09:40:02.483	1198	402	50	5	2835	57.14
2026/08/31 09:40:02.583	1198	402	49	4	2835	57.07
2026/08/31 09:40:02.683	1198	402	49	4	2835	57.07
2026/08/31 09:40:02.783	1198	402	49	4	2835	57.07
2026/08/31 09:40:02.883	1198	402	49	4	2835	57.07
2026/08/31 09:40:02.983	1198	402	49	4	2835	57.07
2026/08/31 09:40:03.083	1198	402	49	5	2835	57.23
2026/08/31 09:40:03.183	1198	402	49	5	2835	57.23
2026/08/31 09:40:03.283	1198	402	49	5	2835	57.23
2026/08/31 09:40:03.384	1198	402	49	5	2835	57.23
2026/08/31 09:40:03.484	1198	402	49	5	2835	57.23
2026/08/31 09:40:03.584	1198	402	50	4	2835	57.08
2026/08/31 09:40:03.684	1198	402	50	4	2835	57.08
2026/08/31 09:40:03.784	1198	402	50	4	2835	57.08
2026/08/31 09:40:03.884	1198	402	50	4	2835	57.08
2026/08/31 09:40:03.984	1198	402	50	4	2835	57.08
2026/08/31 09:40:04.084	1198	402	51	5	2835	57.16
2026/08/31 09:40:04.184	1198	402	51	5	2835	57.16
2026/08/31 09:40:04.285	1198	402	51	5	2835	57.16
2026/08/31 09:40:04.385	1198	402	51	5	2835	57.16
2026/08/31 09:40:04.485	1198	402	51	5	2835	57.16
2026/08/31 09:40:04.585	1198	402	50	4	2835	57.11
2026/08/31 09:40:04.685	1198	402	50	4	2835	57.11
2026/08/31 09:40:04.785	1198	402	50	4	2835	57.11
2026/08/31 09:40:04.885	1198	402	50	4	2835	57.11
2026/08/31 09:40:04.985	1198	402	50	4	2835	57.11
2026/08/31 09:40:05.085	1198	402	50	5	2835	57.20
2026/08/31 09:40:05.186	1198	402	50	5	2835	57.20
2026/08/31 09:40:05.286	1198	402	50	5	2835	57.20
2026/08/31 09:40:05.386	1198	402	50	5	2835	57.20
2026/08/31 09:40:05.486	1198	402	50	5	2835	57.20
2026/08/31 09:40:05.586	1198	402	51	4	2835	57.10
2026/08/31 09:40:05.686	1198	402	51	4	2835	57.10
2026/08/31 09:40:05.786	1198	402	51	4	2835	57.10
2026/08/31 09:40:05.886	1198	402	51	4	2835	57.10
2026/08/31 09:40:05.986	1198	402	51	4	2835	57.10
2026/08/31 09:40:06.087	1198	402	49	5	2835	57.08
2026/08/31 09:40:06.187	1198	402	49	5	2835	57.08
2026/08/31 09:40:06.287	1198	402	49	5	2835	57.08
2026/08/31 09:40:06.387	1198	402	49	5	2835	57.08
2026/08/31 09:40:06.487	1198	402	49	5	2835	57.08
2026/08/31 09:40:06.587	1198	402	51	4	2835	56.97
2026/08/31 09:40:06.687	1198	402	51	4	2835	56.97
2026/08/31 09:40:06.787	1198	402	51	4	2835	56.97
2026/08/31 09:40:06.887	1198	402	51	4	2835	56.97
2026/08/31 09:40:06.987	1198	402	51	4	2835	56.97
2026/08/31 09:40:07.088	1198	402	50	5	2835	57.25
2026/08/31 09:40:07.188	1198	402	50	5	2835	57.25
2026/08/31 09:40:07.288	1198	402	50	5	2835	57.25
2026/08/31 09:40:07.388	1198	402	50	5	2835	57.25
2026/08/31 09:40:07.488	1198	402	50	5	2835	57.25
2026/08/31 09:40:07.588	1198	402	49	4	2835	57.35
2026/08/31 09:40:07.688	1198	402	49	4	2835	57.35
2026/08/31 09:40:07.788	1198	402	49	4	2835	57.35
2026/08/31 09:40:07.888	1198	402	49	4	2835	57.35
2026/08/31 09:40:07.989	1198	402	49	4	2835	57.35
2026/08/31 09:40:08.089	1198	402	52	5	2835	57.40
2026/08/31 09:40:08.189	1198	402	52	5	2835	57.40
2026/08/31 09:40:08.289	1198	402	52	5	2835	57.40
2026/08/31 09:40:08.389	1198	402	52	5	2835	57.40
2026/08/31 09:40:08.489	1198	402	52	5	2835	57.40
2026/08/31 09:40:08.589	1198	402	48	4	2835	57.27
2026/08/31 09:40:08.689	1198	402	48	4	2835	57.27
2026/08/31 09:40:08.789	1198	402	48	4	2835	57.27
2026/08/31 09:40:08.890	1198	402	48	4	2835	57.27
2026/08/31 09:40:08.990	1198	402	48	4	2835	57.27
2026/08/31 09:40:09.090	1198	402	51	5	2835	57.41
2026/08/31 09:40:09.190	1198	402	51	5	2835	57.41
2026/08/31 09:40:09.290	1198	402	51	5	2835	57.41
2026/08/31 09:40:09.390	1198	402	51	5	2835	57.41
2026/08/31 09:40:09.490	1198	402	51	5	2835	57.41
2026/08/31 09:40:09.590	1198	402	51	5	2835	57.25
2026/08/31 09:40:09.690	1198	402	51	5	2835	57.25
2026/08/31 09:40:09.791	1198	402	51	5	2835	57.25
2026/08/31 09:40:09.891	1198	402	51	5	2835	57.25
2026/08/31 09:40:09.991	1198	402	51	5	2835	57.25
2026/08/31 09:40:10.091	1198	402	50	5	2835	57.36
2026/08/31 09:40:10.191	1198	402	50	5	2835	57.36
2026/08/31 09:40:10.291	1198	402	50	5	2835	57.36
2026/08/31 09:40:10.391	1198	402	50	5	2835	57.36
2026/08/31 09:40:10.491	1198	402	50	5	2835	57.36
2026/08/31 09:40:10.591	1198	402	49	4	2835	57.27
2026/08/31 09:40:10.691	1198	402	49	4	2835	57.27
2026/08/31 09:40:10.791	1198	402	49	4	2835	57.27
2026/08/31 09:40:10.892	1198	402	49	4	2835	57.27
2026/08/31 09:40:10.992	1198	402	49	4	2835	57.27
2026/08/31 09:40:11.092	1198	402	51	5	2835	57.27
2026/08/31 09:40:11.192	1198	402	51	5	2835	57.27
2026/08/31 09:40:11.292	1198	402	51	5	2835	57.27
2026/08/31 09:40:11.392	1198	402	51	5	2835	57.27
2026/08/31 09:40:11.492	1198	402	51	5	2835	57.27
2026/08/31 09:40:11.592	1198	402	50	4	2835	57.12
2026/08/31 09:40:11.692	1198	402	50	4	2835	57.12
2026/08/31 09:40:11.792	1198	402	50	4	2835	57.12
2026/08/31 09:40:11.893	1198	402	50	4	2835	57.12
2026/08/31 09:40:11.993	1198	402	50	4	2835	57.12
2026/08/31 09:40:12.093	1198	402	49	5	2835	57.14
2026/08/31 09:40:12.193	1198	402	49	5	2835	57.14
2026/08/31 09:40:12.293	1198	402	49	5	2835	57.14
2026/08/31 09:40:12.393	1198	402	49	5	2835	57.14
2026/08/31 09:40:12.493	1198	402	49	5	2835	57.14
2026/08/31 09:40:12.593	1198	402	47	4	2835	56.97
2026/08/31 09:40:12.693	1198	402	47	4	2835	56.97
2026/08/31 09:40:12.794	1198	402	47	4	2835	56.97
2026/08/31 09:40:12.894	1198	402	47	4	2835	56.97
2026/08/31 09:40:12.994	1198	402	47	4	2835	56.97
2026/08/31 09:40:13.094	1198	402	49	5	2835	57.19
2026/08/31 09:40:13.194	1198	402	49	5	2835	57.19
2026/08/31 09:40:13.294	1198	402	49	5	2835	57.19
2026/08/31 09:40:13.394	1198	402	49	5	2835	57.19
2026/08/31 09:40:13.494	1198	402	49	5	2835	57.19
2026/08/31 09:40:13.594	1198	402	50	4	2835	57.23
2026/08/31 09:40:13.694	1198	402	50	4	2835	57.23
2026/08/31 09:40:13.795	1198	402	50	4	2835	57.23
2026/08/31 09:40:13.895	1198	402	50	4	2835	57.23
2026/08/31 09:40:13.995	1198	402	50	4	2835	57.23
2026/08/31 09:40:14.095	1198	402	52	5	2835	57.34
2026/08/31 09:40:14.195	1198	402	52	5	2835	57.34
2026/08/31 09:40:14.295	1198	402	52	5	2835	57.34
2026/08/31 09:40:14.395	1198	402	52	5	2835	57.34
2026/08/31 09:40:14.495	1198	402	52	5	2835	57.34
2026/08/31 09:40:14.595	1198	402	51	4	2835	57.12
2026/08/31 09:40:14.695	1198	402	51	4	2835	57.12
2026/08/31 09:40:14.796	1198	402	51	4	2835	57.12
2026/08/31 09:40:14.896	1198	402	51	4	2835	57.12
2026/08/31 09:40:14.996	1198	402	51	4	2835	57.12
2026/08/31 09:40:15.096	1198	402	49	5	2835	57.24
2026/08/31 09:40:15.196	1198	402	49	5	2835	57.24
2026/08/31 09:40:15.296	1198	402	49	5	2835	57.24
2026/08/31 09:40:15.396	1198	402	49	5	2835	57.24
2026/08/31 09:40:15.496	1198	402	49	5	2835	57.24
2026/08/31 09:40:15.597	1198	402	49	4	2835	57.07
2026/08/31 09:40:15.697	1198	402	49	4	2835	57.07
2026/08/31 09:40:15.797	1198	402	49	4	2835	57.07
2026/08/31 09:40:15.897	1198	402	49	4	2835	57.07
2026/08/31 09:40:15.997	1198	402	49	4	2835	57.07
2026/08/31 09:40:16.097	1198	402	51	5	2835	57.05
2026/08/31 09:40:16.197	1198	402	51	5	2835	57.05
2026/08/31 09:40:16.297	1198	402	51	5	2835	57.05
2026/08/31 09:40:16.397	1198	402	51	5	2835	57.05
2026/08/31 09:40:16.497	1198	402	51	5	2835	57.05
2026/08/31 09:40:16.598	1198	402	50	4	2835	56.58
2026/08/31 09:40:16.698	1198	402	50	4	2835	56.58
2026/08/31 09:40:16.798	1198	402	50	4	2835	56.58
2026/08/31 09:40:16.898	1198	402	50	4	2835	56.58
2026/08/31 09:40:16.998	1198	402	50	4	2835	56.58
2026/08/31 09:40:17.098	1198	402	51	5	2835	56.49
2026/08/31 09:40:17.198	1198	402	51	5	2835	56.49
2026/08/31 09:40:17.298	1198	402	51	5	2835	56.49
2026/08/31 09:40:17.398	1198	402	51	5	2835	56.49
2026/08/31 09:40:17.498	1198	402	51	5	2835	56.49
2026/08/31 09:40:17.598	1198	402	50	4	2835	56.38
2026/08/31 09:40:17.699	1198	402	50	4	2835	56.38
2026/08/31 09:40:17.799	1198	402	50	4	2835	56.38
2026/08/31 09:40:17.899	1198	402	50	4	2835	56.38
2026/08/31 09:40:17.999	1198	402	50	4	2835	56.38
2026/08/31 09:40:18.099	1198	402	50	5	2835	56.43
2026/08/31 09:40:18.199	1198	402	50	5	2835	56.43
2026/08/31 09:40:18.299	1198	402	50	5	2835	56.43
2026/08/31 09:40:18.399	1198	402	50	5	2835	56.43
2026/08/31 09:40:18.499	1198	402	50	5	2835	56.43
2026/08/31 09:40:18.599	1198	402	50	4	2835	57.79
2026/08/31 09:40:18.700	1198	402	50	4	2835	57.79
2026/08/31 09:40:18.800	1198	402	50	4	2835	57.79
2026/08/31 09:40:18.900	1198	402	50	4	2835	57.79
2026/08/31 09:40:19.000	1198	402	50	4	2835	57.79
2026/08/31 09:40:19.100	1198	402	50	5	2835	58.48
2026/08/31 09:40:19.200	1198	402	50	5	2835	58.48
2026/08/31 09:40:19.300	1198	402	50	5	2835	58.48
2026/08/31 09:40:19.400	1198	402	50	5	2835	58.48
2026/08/31 09:40:19.500	1198	402	50	5	2835	58.48
2026/08/31 09:40:19.601	1198	402	51	4	2835	57.39
2026/08/31 09:40:19.701	1198	402	51	4	2835	57.39
2026/08/31 09:40:19.801	1198	402	51	4	2835	57.39
2026/08/31 09:40:19.901	1198	402	51	4	2835	57.39
2026/08/31 09:40:20.001	1198	402	51	4	2835	57.39
2026/08/31 09:40:20.101	1198	402	51	5	2835	56.60
2026/08/31 09:40:20.201	1198	402	51	5	2835	56.60
2026/08/31 09:40:20.301	1198	402	51	5	2835	56.60
2026/08/31 09:40:20.401	1198	402	51	5	2835	56.60
2026/08/31 09:40:20.501	1198	402	51	5	2835	56.60
2026/08/31 09:40:20.602	1198	402	52	4	2835	56.27
2026/08/31 09:40:20.702	1198	402	52	4	2835	56.27
2026/08/31 09:40:20.802	1198	402	52	4	2835	56.27
2026/08/31 09:40:20.902	1198	402	52	4	2835	56.27
2026/08/31 09:40:21.002	1198	402	52	4	2835	56.27
2026/08/31 09:40:21.102	1198	402	50	5	2835	56.33
2026/08/31 09:40:21.202	1198	402	50	5	2835	56.33
2026/08/31 09:40:21.302	1198	402	50	5	2835	56.33
2026/08/31 09:40:21.402	1198	402	50	5	2835	56.33
2026/08/31 09:40:21.502	1198	402	50	5	2835	56.33
2026/08/31 09:40:21.603	1198	402	49	4	2835	56.28
2026/08/31 09:40:21.703	1198	402	49	4	2835	56.28
2026/08/31 09:40:21.803	1198	402	49	4	2835	56.28
2026/08/31 09:40:21.903	1198	402	49	4	2835	56.28
2026/08/31 09:40:22.003	1198	402	49	4	2835	56.28
2026/08/31 09:40:22.103	1198	402	51	5	2835	56.51
2026/08/31 09:40:22.203	1198	402	51	5	2835	56.51
2026/08/31 09:40:22.303	1198	402	51	5	2835	56.51
2026/08/31 09:40:22.403	1198	402	51	5	2835	56.51
2026/08/31 09:40:22.503	1198	402	51	5	2835	56.51
2026/08/31 09:40:22.604	1198	402	50	4	2835	56.40
2026/08/31 09:40:22.704	1198	402	50	4	2835	56.40
2026/08/31 09:40:22.804	1198	402	50	4	2835	56.40
2026/08/31 09:40:22.904	1198	402	50	4	2835	56.40
2026/08/31 09:40:23.004	1198	402	50	4	2835	56.40
2026/08/31 09:40:23.104	1198	402	50	5	2835	56.41
2026/08/31 09:40:23.204	1198	402	50	5	2835	56.41
2026/08/31 09:40:23.304	1198	402	50	5	2835	56.41
2026/08/31 09:40:23.404	1198	402	50	5	2835	56.41
2026/08/31 09:40:23.504	1198	402	50	5	2835	56.41
2026/08/31 09:40:23.604	1198	402	52	4	2835	56.32
2026/08/31 09:40:23.705	1198	402	52	4	2835	56.32
2026/08/31 09:40:23.805	1198	402	52	4	2835	56.32
2026/08/31 09:40:23.905	1198	402	52	4	2835	56.32
2026/08/31 09:40:24.005	1198	402	52	4	2835	56.32
2026/08/31 09:40:24.105	1198	402	50	5	2835	56.47
2026/08/31 09:40:24.205	1198	402	50	5	2835	56.47
2026/08/31 09:40:24.305	1198	402	50	5	2835	56.47
2026/08/31 09:40:24.405	1198	402	50	5	2835	56.47
2026/08/31 09:40:24.505	1198	402	50	5	2835	56.47
2026/08/31 09:40:24.606	1198	402	51	5	2835	56.33
2026/08/31 09:40:24.706	1198	402	51	5	2835	56.33
2026/08/31 09:40:24.806	1198	402	51	5	2835	56.33
2026/08/31 09:40:24.906	1198	402	51	5	2835	56.33
2026/08/31 09:40:25.006	1198	402	51	5	2835	56.33
2026/08/31 09:40:25.106	1198	402	49	5	2835	56.43
2026/08/31 09:40:25.206	1198	402	49	5	2835	56.43
2026/08/31 09:40:25.306	1198	402	49	5	2835	56.43
2026/08/31 09:40:25.406	1198	402	49	5	2835	56.43
2026/08/31 09:40:25.507	1198	402	49	5	2835	56.43
2026/08/31 09:40:25.607	1198	402	51	5	2835	56.41
2026/08/31 09:40:25.707	1198	402	51	5	2835	56.41
2026/08/31 09:40:25.807	1198	402	51	5	2835	56.41
2026/08/31 09:40:25.907	1198	402	51	5	2835	56.41
2026/08/31 09:40:26.007	1198	402	51	5	2835	56.41
2026/08/31 09:40:26.107	1198	402	50	5	2835	56.50
2026/08/31 09:40:26.207	1198	402	50	5	2835	56.50
2026/08/31 09:40:26.307	1198	402	50	5	2835	56.50
2026/08/31 09:40:26.408	1198	402	50	5	2835	56.50
2026/08/31 09:40:26.508	1198	402	50	5	2835	56.50
2026/08/31 09:40:26.608	1198	402	50	4	2835	56.33
2026/08/31 09:40:26.708	1198	402	50	4	2835	56.33
2026/08/31 09:40:26.808	1198	402	50	4	2835	56.33
2026/08/31 09:40:26.908	1198	402	50	4	2835	56.33
2026/08/31 09:40:27.008	1198	402	50	4	2835	56.33
2026/08/31 09:40:27.108	1198	402	50	5	2835	56.44
2026/08/31 09:40:27.208	1198	402	50	5	2835	56.44
2026/08/31 09:40:27.309	1198	402	50	5	2835	56.44
2026/08/31 09:40:27.409	1198	402	50	5	2835	56.44
2026/08/31 09:40:27.509	1198	402	50	5	2835	56.44
2026/08/31 09:40:27.609	1198	402	49	4	2835	56.36
2026/08/31 09:40:27.709	1198	402	49	4	2835	56.36
2026/08/31 09:40:27.809	1198	402	49	4	2835	56.36
2026/08/31 09:40:27.909	1198	402	49	4	2835	56.36
2026/08/31 09:40:28.009	1198	402	49	4	2835	56.36
2026/08/31 09:40:28.109	1198	402	50	5	2835	56.33
2026/08/31 09:40:28.209	1198	402	50	5	2835	56.33
2026/08/31 09:40:28.310	1198	402	50	5	2835	56.33
2026/08/31 09:40:28.410	1198	402	50	5	2835	56.33
2026/08/31 09:40:28.510	1198	402	50	5	2835	56.33
2026/08/31 09:40:28.610	1198	402	51	4	2835	56.21
2026/08/31 09:40:28.710	1198	402	51	4	2835	56.21
2026/08/31 09:40:28.810	1198	402	51	4	2835	56.21
2026/08/31 09:40:28.910	1198	402	51	4	2835	56.21
2026/08/31 09:40:29.010	1198	402	51	4	2835	56.21
2026/08/31 09:40:29.110	1198	402	50	5	2835	56.22
2026/08/31 09:40:29.211	1198	402	50	5	2835	56.22
2026/08/31 09:40:29.311	1198	402	50	5	2835	56.22
2026/08/31 09:40:29.411	1198	402	50	5	2835	56.22
2026/08/31 09:40:29.511	1198	402	50	5	2835	56.22
2026/08/31 09:40:29.611	1198	402	50	4	2835	56.16
2026/08/31 09:40:29.711	1198	402	50	4	2835	56.16
2026/08/31 09:40:29.811	1198	402	50	4	2835	56.16
2026/08/31 09:40:29.911	1198	402	50	4	2835	56.16
2026/08/31 09:40:30.012	1198	402	50	4	2835	56.16
2026/08/31 09:40:30.112	1198	402	50	5	2835	56.29
2026/08/31 09:40:30.212	1198	402	50	5	2835	56.29
2026/08/31 09:40:30.312	1198	402	50	5	2835	56.29
2026/08/31 09:40:30.412	1198	402	50	5	2835	56.29
2026/08/31 09:40:30.512	1198	402	50	5	2835	56.29
2026/08/31 09:40:30.612	1198	402	50	4	2835	56.28
2026/08/31 09:40:30.712	1198	402	50	4	2835	56.28
2026/08/31 09:40:30.812	1198	402	50	4	2835	56.28
2026/08/31 09:40:30.912	1198	402	50	4	2835	56.28
2026/08/31 09:40:31.013	1198	402	50	4	2835	56.28
2026/08/31 09:40:31.113	1198	402	50	5	2835	56.45
2026/08/31 09:40:31.213	1198	402	50	5	2835	56.45
2026/08/31 09:40:31.313	1198	402	50	5	2835	56.45
2026/08/31 09:40:31.413	1198	402	50	5	2835	56.45
2026/08/31 09:40:31.513	1198	402	50	5	2835	56.45
2026/08/31 09:40:31.613	1198	402	51	4	2835	56.45
2026/08/31 09:40:31.713	1198	402	51	4	2835	56.45
2026/08/31 09:40:31.813	1198	402	51	4	2835	56.45
2026/08/31 09:40:31.913	1198	402	51	4	2835	56.45
2026/08/31 09:40:32.013	1198	402	51	4	2835	56.45
2026/08/31 09:40:32.114	1198	402	50	5	2835	56.53
2026/08/31 09:40:32.214	1198	402	50	5	2835	56.53
2026/08/31 09:40:32.314	1198	402	50	5	2835	56.53
2026/08/31 09:40:32.414	1198	402	50	5	2835	56.53
2026/08/31 09:40:32.514	1198	402	50	5	2835	56.53
2026/08/31 09:40:32.614	1198	402	49	4	2835	56.44
2026/08/31 09:40:32.714	1198	402	49	4	2835	56.44
2026/08/31 09:40:32.814	1198	402	49	4	2835	56.44
2026/08/31 09:40:32.914	1198	402	49	4	2835	56.44
2026/08/31 09:40:33.015	1198	402	49	4	2835	56.44
2026/08/31 09:40:33.115	1198	402	50	5	2835	56.38
2026/08/31 09:40:33.215	1198	402	50	5	2835	56.38
2026/08/31 09:40:33.315	1198	402	50	5	2835	56.38
2026/08/31 09:40:33.415	1198	402	50	5	2835	56.38
2026/08/31 09:40:33.515	1198	402	50	5	2835	56.38
2026/08/31 09:40:33.615	1198	402	51	4	2835	56.26
2026/08/31 09:40:33.715	1198	402	51	4	2835	56.26
2026/08/31 09:40:33.816	1198	402	51	4	2835	56.26
2026/08/31 09:40:33.916	1198	402	51	4	2835	56.26
2026/08/31 09:40:34.016	1198	402	51	4	2835	56.26
2026/08/31 09:40:34.116	1198	402	51	5	2835	56.36
2026/08/31 09:40:34.216	1198	402	51	5	2835	56.36
2026/08/31 09:40:34.316	1198	402	51	5	2835	56.36
2026/08/31 09:40:34.416	1198	402	51	5	2835	56.36
2026/08/31 09:40:34.516	1198	402	51	5	2835	56.36
2026/08/31 09:40:34.616	1198	402	50	4	2835	56.36
2026/08/31 09:40:34.716	1198	402	50	4	2835	56.36
2026/08/31 09:40:34.817	1198	402	50	4	2835	56.36
2026/08/31 09:40:34.917	1198	402	50	4	2835	56.36
2026/08/31 09:40:35.017	1198	402	50	4	2835	56.36
2026/08/31 09:40:35.117	1198	402	49	5	2835	56.36
2026/08/31 09:40:35.217	1198	402	49	5	2835	56.36
2026/08/31 09:40:35.317	1198	402	49	5	2835	56.36
2026/08/31 09:40:35.417	1198	402	49	5	2835	56.36
2026/08/31 09:40:35.517	1198	402	49	5	2835	56.36
2026/08/31 09:40:35.617	1198	402	49	4	2835	56.31
2026/08/31 09:40:35.718	1198	402	49	4	2835	56.31
2026/08/31 09:40:35.818	1198	402	49	4	2835	56.31
2026/08/31 09:40:35.918	1198	402	49	4	2835	56.31
2026/08/31 09:40:36.018	1198	402	49	4	2835	56.31
2026/08/31 09:40:36.118	1198	402	51	5	2835	56.35
2026/08/31 09:40:36.218	1198	402	51	5	2835	56.35
2026/08/31 09:40:36.318	1198	402	51	5	2835	56.35
2026/08/31 09:40:36.418	1198	402	51	5	2835	56.35
2026/08/31 09:40:36.518	1198	402	51	5	2835	56.35
2026/08/31 09:40:36.619	1198	402	52	5	2835	56.29
2026/08/31 09:40:36.719	1198	402	52	5	2835	56.29
2026/08/31 09:40:36.819	1198	402	52	5	2835	56.29
2026/08/31 09:40:36.919	1198	402	52	5	2835	56.29
2026/08/31 09:40:37.019	1198	402	52	5	2835	56.29
2026/08/31 09:40:37.119	1198	402	49	5	2835	56.43
2026/08/31 09:40:37.219	1198	402	49	5	2835	56.43
2026/08/31 09:40:37.319	1198	402	49	5	2835	56.43
2026/08/31 09:40:37.419	1198	402	49	5	2835	56.43
2026/08/31 09:40:37.520	1198	402	49	5	2835	56.43
2026/08/31 09:40:37.620	1198	402	50	5	2835	56.41
2026/08/31 09:40:37.720	1198	402	50	5	2835	56.41
2026/08/31 09:40:37.820	1198	402	50	5	2835	56.41
2026/08/31 09:40:37.920	1198	402	50	5	2835	56.41
2026/08/31 09:40:38.020	1198	402	50	5	2835	56.41
2026/08/31 09:40:38.120	1198	402	50	5	2835	56.39
2026/08/31 09:40:38.220	1198	402	50	5	2835	56.39
2026/08/31 09:40:38.320	1198	402	50	5	2835	56.39
2026/08/31 09:40:38.420	1198	402	50	5	2835	56.39
2026/08/31 09:40:38.521	1198	402	50	5	2835	56.39
2026/08/31 09:40:38.621	1198	402	52	5	2835	56.31
2026/08/31 09:40:38.721	1198	402	52	5	2835	56.31
2026/08/31 09:40:38.821	1198	402	52	5	2835	56.31
2026/08/31 09:40:38.921	1198	402	52	5	2835	56.31
2026/08/31 09:40:39.021	1198	402	52	5	2835	56.31
2026/08/31 09:40:39.121	1198	402	50	5	2835	56.38
2026/08/31 09:40:39.221	1198	402	50	5	2835	56.38
2026/08/31 09:40:39.321	1198	402	50	5	2835	56.38
2026/08/31 09:40:39.421	1198	402	50	5	2835	56.38
2026/08/31 09:40:39.522	1198	402	50	5	2835	56.27
2026/08/31 09:40:39.622	1198	402	50	4	2835	56.27
2026/08/31 09:40:39.722	1198	402	50	4	2835	56.27
2026/08/31 09:40:39.822	1198	402	50	4	2835	56.27
2026/08/31 09:40:39.922	1198	402	50	4	2835	56.27
2026/08/31 09:40:40.022	1198	402	50	5	2835	56.33
2026/08/31 09:40:40.122	1198	402	50	5	2835	56.33
2026/08/31 09:40:40.222	1198	402	50	5	2835	56.33
2026/08/31 09:40:40.322	1198	402	50	5	2835	56.33
2026/08/31 09:40:40.423	1198	402	50	5	2835	56.33
2026/08/31 09:40:40.523	1198	402	50	4	2835	56.41
2026/08/31 09:40:40.623	1198	402	50	4	2835	56.41
2026/08/31 09:40:40.723	1198	402	50	4	2835	56.41
2026/08/31 09:40:40.823	1198	402	50	4	2835	56.41
2026/08/31 09:40:40.923	1198	402	50	4	2835	56.41
2026/08/31 09:40:41.023	1198	402	47	5	2835	56.53
2026/08/31 09:40:41.123	1198	402	47	5	2835	56.53
2026/08/31 09:40:41.223	1198	402	47	5	2835	56.53
2026/08/31 09:40:41.323	1198	402	47	5	2835	56.53
2026/08/31 09:40:41.424	1198	402	47	5	2835	56.53
2026/08/31 09:40:41.524	1198	402	48	4	2835	56.50
2026/08/31 09:40:41.624	1198	402	48	4	2835	56.50
2026/08/31 09:40:41.724	1198	402	48	4	2835	56.50
2026/08/31 09:40:41.824	1198	402	48	4	2835	56.50
2026/08/31 09:40:41.924	1198	402	48	4	2835	56.50
2026/08/31 09:40:42.024	1198	402	49	5	2835	56.51
2026/08/31 09:40:42.124	1198	402	49	5	2835	56.51
2026/08/31 09:40:42.224	1198	402	49	5	2835	56.51
2026/08/31 09:40:42.324	1198	402	49	5	2835	56.51
2026/08/31 09:40:42.424	1198	402	49	5	2835	56.51
2026/08/31 09:40:42.525	1198	402	49	4	2835	56.38
2026/08/31 09:40:42.625	1198	402	49	4	2835	56.38
2026/08/31 09:40:42.725	1198	402	49	4	2835	56.38
2026/08/31 09:40:42.825	1198	402	49	4	2835	56.38
2026/08/31 09:40:42.925	1198	402	49	4	2835	56.38
2026/08/31 09:40:43.025	1198	402	51	5	2835	56.38
2026/08/31 09:40:43.125	1198	402	51	5	2835	56.38
2026/08/31 09:40:43.225	1198	402	51	5	2835	56.38
2026/08/31 09:40:43.325	1198	402	51	5	2835	56.38
2026/08/31 09:40:43.425	1198	402	51	5	2835	56.38
2026/08/31 09:40:43.526	1198	402	50	4	2835	56.36
2026/08/31 09:40:43.626	1198	402	50	4	2835	56.36
2026/08/31 09:40:43.726	1198	402	50	4	2835	56.36
2026/08/31 09:40:43.826	1198	402	50	4	2835	56.36
2026/08/31 09:40:43.926	1198	402	50	4	2835	56.36
2026/08/31 09:40:44.026	1198	402	51	5	2835	56.49
2026/08/31 09:40:44.126	1198	402	51	5	2835	56.49
2026/08/31 09:40:44.226	1198	402	51	5	2835	56.49
2026/08/31 09:40:44.326	1198	402	51	5	2835	56.49
2026/08/31 09:40:44.426	1198	402	51	5	2835	56.49
2026/08/31 09:40:44.527	1198	402	51	5	2835	56.42
2026/08/31 09:40:44.627	1198	402	51	5	2835	56.42
2026/08/31 09:40:44.727	1198	402	51	5	2835	56.42
2026/08/31 09:40:44.827	1198	402	51	5	2835	56.42
2026/08/31 09:40:44.927	1198	402	51	5	2835	56.42
2026/08/31 09:40:45.027	1198	402	50	5	2835	56.46
2026/08/31 09:40:45.127	1198	402	50	5	2835	56.46
2026/08/31 09:40:45.227	1198	402	50	5	2835	56.46
2026/08/31 09:40:45.327	1198	402	50	5	2835	56.46
2026/08/31 09:40:45.427	1198	402	50	5	2835	56.46
2026/08/31 09:40:45.528	1198	402	49	5	2835	56.34
2026/08/31 09:40:45.628	1198	402	49	5	2835	56.34
2026/08/31 09:40:45.728	1198	402	49	5	2835	56.34
2026/08/31 09:40:45.828	1198	402	49	5	2835	56.34
2026/08/31 09:40:45.928	1198	402	49	5	2835	56.34
2026/08/31 09:40:46.028	1198	402	48	5	2835	56.25
2026/08/31 09:40:46.128	1198	402	48	5	2835	56.25
2026/08/31 09:40:46.228	1198	402	48	5	2835	56.25
2026/08/31 09:40:46.328	1198	402	48	5	2835	56.25
2026/08/31 09:40:46.428	1198	402	48	5	2835	56.25
2026/08/31 09:40:46.529	1198	402	49	5	2835	56.23
2026/08/31 09:40:46.629	1198	402	49	5	2835	56.23
2026/08/31 09:40:46.729	1198	402	49	5	2835	56.23
2026/08/31 09:40:46.829	1198	402	49	5	2835	56.23
2026/08/31 09:40:46.929	1198	402	49	5	2835	56.23
2026/08/31 09:40:47.029	1198	402	50	5	2835	56.19
2026/08/31 09:40:47.129	1198	402	50	5	2835	56.19
2026/08/31 09:40:47.229	1198	402	50	5	2835	56.19
2026/08/31 09:40:47.329	1198	402	50	5	2835	56.19
2026/08/31 09:40:47.429	1198	402	50	5	2835	56.19
2026/08/31 09:40:47.530	1198	402	49	5	2835	56.18
2026/08/31 09:40:47.630	1198	402	49	5	2835	56.18
2026/08/31 09:40:47.730	1198	402	49	5	2835	56.18
2026/08/31 09:40:47.830	1198	402	49	5	2835	56.18
2026/08/31 09:40:47.930	1198	402	49	5	2835	56.18
2026/08/31 09:40:48.030	1198	402	50	5	2835	56.16
2026/08/31 09:40:48.130	1198	402	50	5	2835	56.16
2026/08/31 09:40:48.230	1198	402	50	5	2835	56.16
2026/08/31 09:40:48.330	1198	402	50	5	2835	56.16
2026/08/31 09:40:48.430	1198	402	50	5	2835	56.16
2026/08/31 09:40:48.531	1198	402	50	5	2835	56.20
2026/08/31 09:40:48.631	1198	402	50	5	2835	56.20
2026/08/31 09:40:48.731	1198	402	50	5	2835	56.20
2026/08/31 09:40:48.831	1198	402	50	5	2835	56.20
2026/08/31 09:40:48.931	1198	402	50	5	2835	56.20
2026/08/31 09:40:49.031	1198	402	47	5	2835	56.25
2026/08/31 09:40:49.131	1198	402	47	5	2835	56.25
2026/08/31 09:40:49.231	1198	402	47	5	2835	56.25
2026/08/31 09:40:49.331	1198	402	47	5	2835	56.25
2026/08/31 09:40:49.431	1198	402	47	5	2835	56.25
2026/08/31 09:40:49.532	1198	402	51	5	2835	56.31
2026/08/31 09:40:49.632	1198	402	51	5	2835	56.31
2026/08/31 09:40:49.732	1198	402	51	5	2835	56.31
2026/08/31 09:40:49.832	1198	402	51	5	2835	56.31
2026/08/31 09:40:49.932	1198	402	51	5	2835	56.31
2026/08/31 09:40:50.032	1198	402	50	5	2835	56.31
2026/08/31 09:40:50.132	1198	402	50	5	2835	56.31
2026/08/31 09:40:50.232	1198	402	50	5	2835	56.31
2026/08/31 09:40:50.332	1198	402	50	5	2835	56.31
2026/08/31 09:40:50.432	1198	402	50	5	2835	56.31
2026/08/31 09:40:50.533	1198	402	51	5	2835	56.47
2026/08/31 09:40:50.633	1198	402	51	5	2835	56.47
2026/08/31 09:40:50.733	1198	402	51	5	2835	56.47
2026/08/31 09:40:50.833	1198	402	51	5	2835	56.47
2026/08/31 09:40:50.933	1198	402	51	5	2835	56.47
2026/08/31 09:40:51.033	1198	402	50	5	2835	56.49
2026/08/31 09:40:51.133	1198	402	50	5	2835	56.49
2026/08/31 09:40:51.233	1198	402	50	5	2835	56.49
2026/08/31 09:40:51.333	1198	402	50	5	2835	56.49
2026/08/31 09:40:51.433	1198	402	50	5	2835	56.49
2026/08/31 09:40:51.533	1198	402	51	5	2835	56.62
2026/08/31 09:40:51.634	1198	402	51	5	2835	56.62
2026/08/31 09:40:51.734	1198	402	51	5	2835	56.62
2026/08/31 09:40:51.834	1198	402	51	5	2835	56.62
2026/08/31 09:40:51.934	1198	402	51	5	2835	56.62
2026/08/31 09:40:52.034	1198	402	50	5	2835	56.58
2026/08/31 09:40:52.134	1198	402	50	5	2835	56.58
2026/08/31 09:40:52.234	1198	402	50	5	2835	56.58
2026/08/31 09:40:52.334	1198	402	50	5	2835	56.58
2026/08/31 09:40:52.434	1198	402	50	5	2835	56.58
2026/08/31 09:40:52.534	1198	402	51	5	2835	56.71
2026/08/31 09:40:52.635	1198	402	51	5	2835	56.71
2026/08/31 09:40:52.735	1198	402	51	5	2835	56.71
2026/08/31 09:40:52.835	1198	402	51	5	2835	56.71
2026/08/31 09:40:52.935	1198	402	51	5	2835	56.71
2026/08/31 09:40:53.035	1198	402	50	5	2835	56.58
2026/08/31 09:40:53.135	1198	402	50	5	2835	56.58
2026/08/31 09:40:53.235	1198	402	50	5	2835	56.58
2026/08/31 09:40:53.335	1198	402	50	5	2835	56.58
2026/08/31 09:40:53.435	1198	402	50	5	2835	56.58
2026/08/31 09:40:53.535	1198	402	50	5	2835	56.62
2026/08/31 09:40:53.635	1198	402	50	5	2835	56.62
2026/08/31 09:40:53.736	1198	402	50	5	2835	56.62
2026/08/31 09:40:53.836	1198	402	50	5	2835	56.62
2026/08/31 09:40:53.936	1198	402	50	5	2835	56.62
2026/08/31 09:40:54.036	1198	402	49	5	2835	56.54
2026/08/31 09:40:54.136	1198	402	49	5	2835	56.54
2026/08/31 09:40:54.236	1198	402	49	5	2835	56.54
2026/08/31 09:40:54.336	1198	402	49	5	2835	56.54
2026/08/31 09:40:54.436	1198	402	49	5	2835	56.54
2026/08/31 09:40:54.536	1198	402	51	5	2835	56.54
2026/08/31 09:40:54.637	1198	402	51	5	2835	56.54
2026/08/31 09:40:54.737	1198	402	51	5	2835	56.54
2026/08/31 09:40:54.837	1198	402	51	5	2835	56.54
2026/08/31 09:40:54.937	1198	402	51	5	2835	56.54
2026/08/31 09:40:55.037	1198	402	50	5	2835	56.57
2026/08/31 09:40:55.137	1198	402	50	5	2835	56.57
2026/08/31 09:40:55.237	1198	402	50	5	2835	56.57
2026/08/31 09:40:55.337	1198	402	50	5	2835	56.57
2026/08/31 09:40:55.437	1198	402	50	5	2835	56.57
2026/08/31 09:40:55.537	1198	402	51	5	2835	56.69
2026/08/31 09:40:55.637	1198	402	51	5	2835	56.69
2026/08/31 09:40:55.738	1198	402	51	5	2835	56.69
2026/08/31 09:40:55.838	1198	402	51	5	2835	56.69
2026/08/31 09:40:55.938	1198	402	51	5	2835	56.69
2026/08/31 09:40:56.038	1198	402	50	5	2835	56.56
2026/08/31 09:40:56.138	1198	402	50	5	2835	56.56
2026/08/31 09:40:56.238	1198	402	50	5	2835	56.56
2026/08/31 09:40:56.338	1198	402	50	5	2835	56.56
2026/08/31 09:40:56.438	1198	402	50	5	2835	56.56
2026/08/31 09:40:56.538	1198	402	51	5	2835	56.53
2026/08/31 09:40:56.639	1198	402	51	5	2835	56.53
2026/08/31 09:40:56.739	1198	402	51	5	2835	56.53
2026/08/31 09:40:56.839	1198	402	51	5	2835	56.53
2026/08/31 09:40:56.939	1198	402	51	5	2835	56.53
2026/08/31 09:40:57.039	1198	402	49	5	2835	56.47
2026/08/31 09:40:57.139	1198	402	49	5	2835	56.47
2026/08/31 09:40:57.239	1198	402	49	5	2835	56.47
2026/08/31 09:40:57.339	1198	402	49	5	2835	56.47
2026/08/31 09:40:57.439	1198	402	49	5	2835	56.47
2026/08/31 09:40:57.539	1198	402	51	5	2835	56.66
2026/08/31 09:40:57.640	1198	402	51	5	2835	56.66
2026/08/31 09:40:57.740	1198	402	51	5	2835	56.66
2026/08/31 09:40:57.840	1198	402	51	5	2835	56.66
2026/08/31 09:40:57.940	1198	402	51	5	2835	56.66
2026/08/31 09:40:58.040	1198	402	50	5	2835	56.63
2026/08/31 09:40:58.140	1198	402	50	5	2835	56.63
2026/08/31 09:40:58.240	1198	402	50	5	2835	56.63
2026/08/31 09:40:58.340	1198	402	50	5	2835	56.63
2026/08/31 09:40:58.440	1198	402	50	5	2835	56.63
2026/08/31 09:40:58.540	1198	402	50	5	2835	56.78
2026/08/31 09:40:58.641	1198	402	50	5	2835	56.78
2026/08/31 09:40:58.741	1198	402	50	5	2835	56.78
2026/08/31 09:40:58.841	1198	402	50	5	2835	56.78
2026/08/31 09:40:58.941	1198	402	50	5	2835	56.78
2026/08/31 09:40:59.041	1198	402	50	5	2835	56.66
2026/08/31 09:40:59.142	1198	402	50	5	2835	56.66
2026/08/31 09:40:59.242	1198	402	50	5	2835	56.66
2026/08/31 09:40:59.342	1198	402	50	5	2835	56.66
2026/08/31 09:40:59.442	1198	402	50	5	2835	56.66
2026/08/31 09:40:59.542	1198	402	49	5	2835	56.61
2026/08/31 09:40:59.642	1198	402	49	5	2835	56.61
2026/08/31 09:40:59.742	1198	402	49	5	2835	56.61
2026/08/31 09:40:59.842	1198	402	49	5	2835	56.61
2026/08/31 09:40:59.942	1198	402	49	5	2835	56.61
2026/08/31 09:41:00.043	1198	402	50	5	2835	56.38
2026/08/31 09:41:00.143	1198	402	50	5	2835	56.38
2026/08/31 09:41:00.243	1198	402	50	5	2835	56.38
2026/08/31 09:41:00.343	1198	402	50	5	2835	56.38
2026/08/31 09:41:00.443	1198	402	50	5	2835	56.38
2026/08/31 09:41:00.543	1198	402	48	5	2835	56.45
2026/08/31 09:41:00.643	1198	402	48	5	2835	56.45
2026/08/31 09:41:00.743	1198	402	48	5	2835	56.45
2026/08/31 09:41:00.843	1198	402	48	5	2835	56.45
2026/08/31 09:41:00.944	1198	402	48	5	2835	56.45
2026/08/31 09:41:01.044	1198	402	52	5	2835	56.33
2026/08/31 09:41:01.144	1198	402	52	5	2835	56.33
2026/08/31 09:41:01.244	1198	402	52	5	2835	56.33
2026/08/31 09:41:01.344	1198	402	52	5	2835	56.33
2026/08/31 09:41:01.444	1198	402	52	5	2835	56.33
2026/08/31 09:41:01.544	1198	402	50	5	2835	56.34
2026/08/31 09:41:01.644	1198	402	50	5	2835	56.34
2026/08/31 09:41:01.744	1198	402	50	5	2835	56.34
2026/08/31 09:41:01.845	1198	402	50	5	2835	56.34
2026/08/31 09:41:01.945	1198	402	50	5	2835	56.34
2026/08/31 09:41:02.045	1198	402	49	5	2835	56.25
2026/08/31 09:41:02.145	1198	402	49	5	2835	56.25
2026/08/31 09:41:02.245	1198	402	49	5	2835	56.25
2026/08/31 09:41:02.345	1198	402	49	5	2835	56.25
2026/08/31 09:41:02.445	1198	402	49	5	2835	56.25
2026/08/31 09:41:02.545	1198	402	51	5	2835	56.52
2026/08/31 09:41:02.645	1198	402	51	5	2835	56.52
2026/08/31 09:41:02.745	1198	402	51	5	2835	56.52
2026/08/31 09:41:02.846	1198	402	51	5	2835	56.52
2026/08/31 09:41:02.946	1198	402	51	5	2835	56.52
2026/08/31 09:41:03.046	1198	402	51	5	2835	56.41
2026/08/31 09:41:03.146	1198	402	51	5	2835	56.41
2026/08/31 09:41:03.246	1198	402	51	5	2835	56.41
2026/08/31 09:41:03.346	1198	402	51	5	2835	56.41
2026/08/31 09:41:03.446	1198	402	51	5	2835	56.41
2026/08/31 09:41:03.546	1198	402	51	5	2835	56.49
2026/08/31 09:41:03.646	1198	402	51	5	2835	56.49
2026/08/31 09:41:03.746	1198	402	51	5	2835	56.49
2026/08/31 09:41:03.846	1198	402	51	5	2835	56.49
2026/08/31 09:41:03.947	1198	402	51	5	2835	56.49
2026/08/31 09:41:04.047	1198	402	51	5	2835	56.41
2026/08/31 09:41:04.147	1198	402	51	5	2835	56.41
2026/08/31 09:41:04.247	1198	402	51	5	2835	56.41
2026/08/31 09:41:04.347	1198	402	51	5	2835	56.41
2026/08/31 09:41:04.447	1198	402	51	5	2835	56.41
2026/08/31 09:41:04.547	1198	402	50	5	2835	56.53
2026/08/31 09:41:04.647	1198	402	50	5	2835	56.53
2026/08/31 09:41:04.747	1198	402	50	5	2835	56.53
2026/08/31 09:41:04.848	1198	402	50	5	2835	56.53
2026/08/31 09:41:04.948	1198	402	50	5	2835	56.53
2026/08/31 09:41:05.048	1198	402	50	5	2835	56.46
2026/08/31 09:41:05.148	1198	402	50	5	2835	56.46
2026/08/31 09:41:05.248	1198	402	50	5	2835	56.46
2026/08/31 09:41:05.348	1198	402	50	5	2835	56.46
2026/08/31 09:41:05.448	1198	402	50	5	2835	56.46
2026/08/31 09:41:05.548	1198	402	50	5	2835	56.61
2026/08/31 09:41:05.649	1198	402	50	5	2835	56.61
2026/08/31 09:41:05.749	1198	402	50	5	2835	56.61
2026/08/31 09:41:05.849	1198	402	50	5	2835	56.61
2026/08/31 09:41:05.949	1198	402	50	5	2835	56.61
2026/08/31 09:41:06.049	1198	402	49	5	2835	56.41
2026/08/31 09:41:06.149	1198	402	49	5	2835	56.41
2026/08/31 09:41:06.249	1198	402	49	5	2835	56.41
2026/08/31 09:41:06.349	1198	402	49	5	2835	56.41
2026/08/31 09:41:06.449	1198	402	49	5	2835	56.41
2026/08/31 09:41:06.550	1198	402	49	5	2835	56.42
2026/08/31 09:41:06.650	1198	402	49	5	2835	56.42
2026/08/31 09:41:06.750	1198	402	49	5	2835	56.42
2026/08/31 09:41:06.850	1198	402	49	5	2835	56.42
2026/08/31 09:41:06.950	1198	402	49	5	2835	56.42
2026/08/31 09:41:07.050	1198	402	50	5	2835	56.36
2026/08/31 09:41:07.150	1198	402	50	5	2835	56.36
2026/08/31 09:41:07.250	1198	402	50	5	2835	56.36
2026/08/31 09:41:07.350	1198	402	50	5	2835	56.36
2026/08/31 09:41:07.450	1198	402	50	5	2835	56.36
2026/08/31 09:41:07.550	1198	402	51	5	2835	56.60
2026/08/31 09:41:07.651	1198	402	51	5	2835	56.60
2026/08/31 09:41:07.751	1198	402	51	5	2835	56.60
2026/08/31 09:41:07.851	1198	402	51	5	2835	56.60
2026/08/31 09:41:07.951	1198	402	51	5	2835	56.60
2026/08/31 09:41:08.051	1198	402	49	4	2835	56.53
2026/08/31 09:41:08.151	1198	402	49	4	2835	56.53
2026/08/31 09:41:08.251	1198	402	49	4	2835	56.53
2026/08/31 09:41:08.351	1198	402	49	4	2835	56.53
2026/08/31 09:41:08.452	1198	402	49	4	2835	56.53
2026/08/31 09:41:08.552	1198	402	50	5	2835	56.65
2026/08/31 09:41:08.652	1198	402	50	5	2835	56.65
2026/08/31 09:41:08.752	1198	402	50	5	2835	56.65
2026/08/31 09:41:08.852	1198	402	50	5	2835	56.65
2026/08/31 09:41:08.952	1198	402	50	5	2835	56.65
2026/08/31 09:41:09.052	1198	402	51	5	2835	56.56
2026/08/31 09:41:09.153	1198	402	51	5	2835	56.56
2026/08/31 09:41:09.253	1198	402	51	5	2835	56.56
2026/08/31 09:41:09.353	1198	402	51	5	2835	56.56
2026/08/31 09:41:09.453	1198	402	51	5	2835	56.56
2026/08/31 09:41:09.553	1198	402	51	5	2835	56.61
2026/08/31 09:41:09.653	1198	402	51	5	2835	56.61
2026/08/31 09:41:09.753	1198	402	51	5	2835	56.61
2026/08/31 09:41:09.853	1198	402	51	5	2835	56.61
2026/08/31 09:41:09.953	1198	402	51	5	2835	56.61
2026/08/31 09:41:10.053	1198	402	51	5	2835	56.37
2026/08/31 09:41:10.154	1198	402	51	5	2835	56.37
2026/08/31 09:41:10.254	1198	402	51	5	2835	56.37
2026/08/31 09:41:10.354	1198	402	51	5	2835	56.37
2026/08/31 09:41:10.454	1198	402	51	5	2835	56.37
2026/08/31 09:41:10.554	1198	402	50	5	2835	56.43
2026/08/31 09:41:10.654	1198	402	50	5	2835	56.43
2026/08/31 09:41:10.754	1198	402	50	5	2835	56.43
2026/08/31 09:41:10.854	1198	402	50	5	2835	56.43
2026/08/31 09:41:10.954	1198	402	50	5	2835	56.43
2026/08/31 09:41:11.054	1198	402	49	4	2835	56.28
2026/08/31 09:41:11.155	1198	402	49	4	2835	56.28
2026/08/31 09:41:11.255	1198	402	49	4	2835	56.28
2026/08/31 09:41:11.355	1198	402	49	4	2835	56.28
2026/08/31 09:41:11.455	1198	402	49	4	2835	56.28
2026/08/31 09:41:11.555	1198	402	50	5	2835	56.50
2026/08/31 09:41:11.655	1198	402	50	5	2835	56.50
2026/08/31 09:41:11.755	1198	402	50	5	2835	56.50
2026/08/31 09:41:11.855	1198	402	50	5	2835	56.50
2026/08/31 09:41:11.955	1198	402	50	5	2835	56.50
2026/08/31 09:41:12.055	1198	402	49	4	2835	56.49
2026/08/31 09:41:12.156	1198	402	49	4	2835	56.49
2026/08/31 09:41:12.256	1198	402	49	4	2835	56.49
2026/08/31 09:41:12.356	1198	402	49	4	2835	56.49
2026/08/31 09:41:12.456	1198	402	49	4	2835	56.49
2026/08/31 09:41:12.556	1198	402	52	5	2835	56.59
2026/08/31 09:41:12.656	1198	402	52	5	2835	56.59
2026/08/31 09:41:12.756	1198	402	52	5	2835	56.59
2026/08/31 09:41:12.856	1198	402	52	5	2835	56.59
2026/08/31 09:41:12.956	1198	402	52	5	2835	56.59
2026/08/31 09:41:13.056	1198	402	49	4	2835	56.39
2026/08/31 09:41:13.157	1198	402	49	4	2835	56.39
2026/08/31 09:41:13.257	1198	402	49	4	2835	56.39
2026/08/31 09:41:13.357	1198	402	49	4	2835	56.39
2026/08/31 09:41:13.457	1198	402	49	4	2835	56.39
2026/08/31 09:41:13.557	1198	402	50	5	2835	56.49
2026/08/31 09:41:13.657	1198	402	50	5	2835	56.49
2026/08/31 09:41:13.757	1198	402	50	5	2835	56.49
2026/08/31 09:41:13.857	1198	402	50	5	2835	56.49
2026/08/31 09:41:13.957	1198	402	50	5	2835	56.49
2026/08/31 09:41:14.057	1198	402	49	4	2835	56.49
2026/08/31 09:41:14.158	1198	402	49	4	2835	56.49
2026/08/31 09:41:14.258	1198	402	49	4	2835	56.49
2026/08/31 09:41:14.358	1198	402	49	4	2835	56.49
2026/08/31 09:41:14.458	1198	402	49	4	2835	56.49
2026/08/31 09:41:14.558	1198	402	50	5	2835	56.62
2026/08/31 09:41:14.658	1198	402	50	5	2835	56.62
2026/08/31 09:41:14.758	1198	402	50	5	2835	56.62
2026/08/31 09:41:14.858	1198	402	50	5	2835	56.62
2026/08/31 09:41:14.958	1198	402	50	5	2835	56.62
2026/08/31 09:41:15.059	1198	402	49	4	2835	56.49
2026/08/31 09:41:15.159	1198	402	49	4	2835	56.49
2026/08/31 09:41:15.259	1198	402	49	4	2835	56.49
2026/08/31 09:41:15.359	1198	402	49	4	2835	56.49
2026/08/31 09:41:15.459	1198	402	49	4	2835	56.49
2026/08/31 09:41:15.559	1198	402	53	5	2835	56.63
2026/08/31 09:41:15.659	1198	402	53	5	2835	56.63
2026/08/31 09:41:15.759	1198	402	53	5	2835	56.63
2026/08/31 09:41:15.859	1198	402	53	5	2835	56.63
2026/08/31 09:41:15.959	1198	402	53	5	2835	56.63
2026/08/31 09:41:16.060	1198	402	49	4	2835	56.48
2026/08/31 09:41:16.160	1198	402	49	4	2835	56.48
2026/08/31 09:41:16.260	1198	402	49	4	2835	56.48
2026/08/31 09:41:16.360	1198	402	49	4	2835	56.48
2026/08/31 09:41:16.460	1198	402	49	4	2835	56.48
2026/08/31 09:41:16.560	1198	402	50	5	2835	56.67
2026/08/31 09:41:16.660	1198	402	50	5	2835	56.67
2026/08/31 09:41:16.760	1198	402	50	5	2835	56.67
2026/08/31 09:41:16.860	1198	402	50	5	2835	56.67
2026/08/31 09:41:16.961	1198	402	50	5	2835	56.67
2026/08/31 09:41:17.061	1198	402	50	4	2835	56.55
2026/08/31 09:41:17.161	1198	402	50	4	2835	56.55
2026/08/31 09:41:17.261	1198	402	50	4	2835	56.55
2026/08/31 09:41:17.361	1198	402	50	4	2835	56.55
2026/08/31 09:41:17.461	1198	402	50	4	2835	56.55
2026/08/31 09:41:17.561	1198	402	52	5	2835	56.63
2026/08/31 09:41:17.661	1198	402	52	5	2835	56.63
2026/08/31 09:41:17.761	1198	402	52	5	2835	56.63
2026/08/31 09:41:17.861	1198	402	52	5	2835	56.63
2026/08/31 09:41:17.962	1198	402	52	5	2835	56.63
2026/08/31 09:41:18.062	1198	402	51	4	2835	56.50
2026/08/31 09:41:18.162	1198	402	51	4	2835	56.50
2026/08/31 09:41:18.262	1198	402	51	4	2835	56.50
2026/08/31 09:41:18.362	1198	402	51	4	2835	56.50
2026/08/31 09:41:18.462	1198	402	51	4	2835	56.50
2026/08/31 09:41:18.562	1198	402	52	5	2835	56.58
2026/08/31 09:41:18.662	1198	402	52	5	2835	56.58
2026/08/31 09:41:18.762	1198	402	52	5	2835	56.58
2026/08/31 09:41:18.862	1198	402	52	5	2835	56.58
2026/08/31 09:41:18.963	1198	402	52	5	2835	56.58
2026/08/31 09:41:19.063	1198	402	49	4	2835	56.47
2026/08/31 09:41:19.163	1198	402	49	4	2835	56.47
2026/08/31 09:41:19.263	1198	402	49	4	2835	56.47
2026/08/31 09:41:19.363	1198	402	49	4	2835	56.47
2026/08/31 09:41:19.463	1198	402	49	4	2835	56.47
2026/08/31 09:41:19.563	1198	402	51	5	2835	56.59
2026/08/31 09:41:19.663	1198	402	51	5	2835	56.59
2026/08/31 09:41:19.763	1198	402	51	5	2835	56.59
2026/08/31 09:41:19.864	1198	402	51	5	2835	56.59
2026/08/31 09:41:19.964	1198	402	51	5	2835	56.59
2026/08/31 09:41:20.064	1198	402	48	4	2835	56.43
2026/08/31 09:41:20.164	1198	402	48	4	2835	56.43
2026/08/31 09:41:20.264	1198	402	48	4	2835	56.43
2026/08/31 09:41:20.364	1198	402	48	4	2835	56.43
2026/08/31 09:41:20.464	1198	402	48	4	2835	56.43
2026/08/31 09:41:20.564	1198	402	51	5	2835	56.58
2026/08/31 09:41:20.664	1198	402	51	5	2835	56.58
2026/08/31 09:41:20.765	1198	402	51	5	2835	56.58
2026/08/31 09:41:20.865	1198	402	51	5	2835	56.58
2026/08/31 09:41:20.965	1198	402	51	5	2835	56.58
2026/08/31 09:41:21.065	1198	402	49	4	2835	56.43
2026/08/31 09:41:21.165	1198	402	49	4	2835	56.43
2026/08/31 09:41:21.265	1198	402	49	4	2835	56.43
2026/08/31 09:41:21.365	1198	402	49	4	2835	56.43
2026/08/31 09:41:21.465	1198	402	49	4	2835	56.43
2026/08/31 09:41:21.565	1198	402	50	5	2835	56.57
2026/08/31 09:41:21.665	1198	402	50	5	2835	56.57
2026/08/31 09:41:21.766	1198	402	50	5	2835	56.57
2026/08/31 09:41:21.866	1198	402	50	5	2835	56.57
2026/08/31 09:41:21.966	1198	402	50	5	2835	56.57
2026/08/31 09:41:22.066	1198	402	50	4	2835	56.49
2026/08/31 09:41:22.166	1198	402	50	4	2835	56.49
2026/08/31 09:41:22.266	1198	402	50	4	2835	56.49
2026/08/31 09:41:22.366	1198	402	50	4	2835	56.49
2026/08/31 09:41:22.466	1198	402	50	4	2835	56.49
2026/08/31 09:41:22.566	1198	402	50	5	2835	56.53
2026/08/31 09:41:22.666	1198	402	50	5	2835	56.53
2026/08/31 09:41:22.767	1198	402	50	5	2835	56.53
2026/08/31 09:41:22.867	1198	402	50	5	2835	56.53
2026/08/31 09:41:22.967	1198	402	50	5	2835	56.53
2026/08/31 09:41:23.067	1198	402	49	4	2835	56.43
2026/08/31 09:41:23.167	1198	402	49	4	2835	56.43
2026/08/31 09:41:23.267	1198	402	49	4	2835	56.43
2026/08/31 09:41:23.367	1198	402	49	4	2835	56.43
2026/08/31 09:41:23.467	1198	402	49	4	2835	56.43
2026/08/31 09:41:23.567	1198	402	51	5	2835	56.78
2026/08/31 09:41:23.668	1198	402	51	5	2835	56.78
2026/08/31 09:41:23.768	1198	402	51	5	2835	56.78
2026/08/31 09:41:23.868	1198	402	51	5	2835	56.78
2026/08/31 09:41:23.968	1198	402	51	5	2835	56.78
2026/08/31 09:41:24.068	1198	402	50	4	2835	56.84
2026/08/31 09:41:24.168	1198	402	50	4	2835	56.84
2026/08/31 09:41:24.268	1198	402	50	4	2835	56.84
2026/08/31 09:41:24.368	1198	402	50	4	2835	56.84
2026/08/31 09:41:24.468	1198	402	50	4	2835	56.84
2026/08/31 09:41:24.569	1198	402	50	5	2835	56.94
2026/08/31 09:41:24.669	1198	402	50	5	2835	56.94
2026/08/31 09:41:24.769	1198	402	50	5	2835	56.94
2026/08/31 09:41:24.869	1198	402	50	5	2835	56.94
2026/08/31 09:41:24.969	1198	402	50	5	2835	56.94
2026/08/31 09:41:25.069	1198	402	50	4	2835	56.77
2026/08/31 09:41:25.169	1198	402	50	4	2835	56.77
2026/08/31 09:41:25.269	1198	402	50	4	2835	56.77
2026/08/31 09:41:25.369	1198	402	50	4	2835	56.77
2026/08/31 09:41:25.469	1198	402	50	4	2835	56.77
2026/08/31 09:41:25.570	1198	402	51	5	2835	56.91
2026/08/31 09:41:25.670	1198	402	51	5	2835	56.91
2026/08/31 09:41:25.770	1198	402	51	5	2835	56.91
2026/08/31 09:41:25.870	1198	402	51	5	2835	56.91
2026/08/31 09:41:25.970	1198	402	51	5	2835	56.91
2026/08/31 09:41:26.070	1198	402	50	4	2835	56.83
2026/08/31 09:41:26.170	1198	402	50	4	2835	56.83
2026/08/31 09:41:26.270	1198	402	50	4	2835	56.83
2026/08/31 09:41:26.370	1198	402	50	4	2835	56.83
2026/08/31 09:41:26.470	1198	402	50	4	2835	56.83
2026/08/31 09:41:26.571	1198	402	50	5	2835	56.95
2026/08/31 09:41:26.671	1198	402	50	5	2835	56.95
2026/08/31 09:41:26.771	1198	402	50	5	2835	56.95
2026/08/31 09:41:26.871	1198	402	50	5	2835	56.95
2026/08/31 09:41:26.971	1198	402	50	5	2835	56.95
2026/08/31 09:41:27.071	1198	402	50	4	2835	56.78
2026/08/31 09:41:27.171	1198	402	50	4	2835	56.78
2026/08/31 09:41:27.271	1198	402	50	4	2835	56.78
2026/08/31 09:41:27.371	1198	402	50	4	2835	56.78
2026/08/31 09:41:27.471	1198	402	50	4	2835	56.78
2026/08/31 09:41:27.571	1198	402	49	5	2835	56.84
2026/08/31 09:41:27.672	1198	402	49	5	2835	56.84
2026/08/31 09:41:27.772	1198	402	49	5	2835	56.84
2026/08/31 09:41:27.872	1198	402	49	5	2835	56.84
2026/08/31 09:41:27.972	1198	402	49	5	2835	56.84
2026/08/31 09:41:28.072	1198	402	50	4	2835	56.74
2026/08/31 09:41:28.172	1198	402	50	4	2835	56.74
2026/08/31 09:41:28.272	1198	402	50	4	2835	56.74
2026/08/31 09:41:28.372	1198	402	50	4	2835	56.74
2026/08/31 09:41:28.472	1198	402	50	4	2835	56.74
2026/08/31 09:41:28.573	1198	402	50	5	2835	56.96
2026/08/31 09:41:28.673	1198	402	50	5	2835	56.96
2026/08/31 09:41:28.773	1198	402	50	5	2835	56.96
2026/08/31 09:41:28.873	1198	402	50	5	2835	56.96
2026/08/31 09:41:28.973	1198	402	50	5	2835	56.96
2026/08/31 09:41:29.073	1198	402	50	4	2835	56.85
2026/08/31 09:41:29.173	1198	402	50	4	2835	56.85
2026/08/31 09:41:29.273	1198	402	50	4	2835	56.85
2026/08/31 09:41:29.373	1198	402	50	4	2835	56.85
2026/08/31 09:41:29.473	1198	402	50	4	2835	56.85
2026/08/31 09:41:29.574	1198	402	51	5	2835	56.90
2026/08/31 09:41:29.674	1198	402	51	5	2835	56.90
2026/08/31 09:41:29.774	1198	402	51	5	2835	56.90
2026/08/31 09:41:29.874	1198	402	51	5	2835	56.90
2026/08/31 09:41:29.974	1198	402	51	5	2835	56.90
2026/08/31 09:41:30.074	1198	402	50	4	2835	56.77
2026/08/31 09:41:30.174	1198	402	50	4	2835	56.77
2026/08/31 09:41:30.274	1198	402	50	4	2835	56.77
2026/08/31 09:41:30.374	1198	402	50	4	2835	56.77
2026/08/31 09:41:30.475	1198	402	50	4	2835	56.77
2026/08/31 09:41:30.575	1198	402	51	5	2835	56.96
2026/08/31 09:41:30.675	1198	402	51	5	2835	56.96
2026/08/31 09:41:30.775	1198	402	51	5	2835	56.96
2026/08/31 09:41:30.875	1198	402	51	5	2835	56.96
2026/08/31 09:41:30.975	1198	402	51	5	2835	56.96
2026/08/31 09:41:31.075	1198	402	50	5	2835	56.84
2026/08/31 09:41:31.175	1198	402	50	5	2835	56.84
2026/08/31 09:41:31.275	1198	402	50	5	2835	56.84
2026/08/31 09:41:31.376	1198	402	50	5	2835	56.84
2026/08/31 09:41:31.476	1198	402	50	5	2835	56.84
2026/08/31 09:41:31.576	1198	402	50	5	2835	56.94
2026/08/31 09:41:31.676	1198	402	50	5	2835	56.94
2026/08/31 09:41:31.776	1198	402	50	5	2835	56.94
2026/08/31 09:41:31.876	1198	402	50	5	2835	56.94
2026/08/31 09:41:31.976	1198	402	50	5	2835	56.94
2026/08/31 09:41:32.076	1198	402	50	4	2835	56.74
2026/08/31 09:41:32.176	1198	402	50	4	2835	56.74
2026/08/31 09:41:32.277	1198	402	50	4	2835	56.74
2026/08/31 09:41:32.377	1198	402	50	4	2835	56.74
2026/08/31 09:41:32.477	1198	402	50	4	2835	56.74
2026/08/31 09:41:32.577	1198	402	52	5	2835	56.68
2026/08/31 09:41:32.677	1198	402	52	5	2835	56.68
2026/08/31 09:41:32.777	1198	402	52	5	2835	56.68
2026/08/31 09:41:32.877	1198	402	52	5	2835	56.68
2026/08/31 09:41:32.977	1198	402	52	5	2835	56.68
2026/08/31 09:41:33.077	1198	402	49	4	2835	56.59
2026/08/31 09:41:33.177	1198	402	49	4	2835	56.59
2026/08/31 09:41:33.278	1198	402	49	4	2835	56.59
2026/08/31 09:41:33.378	1198	402	49	4	2835	56.59
2026/08/31 09:41:33.478	1198	402	49	4	2835	56.59
2026/08/31 09:41:33.578	1198	402	50	5	2835	56.83
2026/08/31 09:41:33.678	1198	402	50	5	2835	56.83
2026/08/31 09:41:33.778	1198	402	50	5	2835	56.83
2026/08/31 09:41:33.878	1198	402	50	5	2835	56.83
2026/08/31 09:41:33.978	1198	402	50	5	2835	56.83
2026/08/31 09:41:34.078	1198	402	49	4	2835	56.77
2026/08/31 09:41:34.179	1198	402	49	4	2835	56.77
2026/08/31 09:41:34.279	1198	402	49	4	2835	56.77
2026/08/31 09:41:34.379	1198	402	49	4	2835	56.77
2026/08/31 09:41:34.479	1198	402	49	4	2835	56.77
2026/08/31 09:41:34.579	1198	402	51	5	2835	56.77
2026/08/31 09:41:34.679	1198	402	51	5	2835	56.77
2026/08/31 09:41:34.779	1198	402	51	5	2835	56.77
2026/08/31 09:41:34.879	1198	402	51	5	2835	56.77
2026/08/31 09:41:34.980	1198	402	51	5	2835	56.77
2026/08/31 09:41:35.080	1198	402	50	4	2835	56.67
2026/08/31 09:41:35.180	1198	402	50	4	2835	56.67
2026/08/31 09:41:35.280	1198	402	50	4	2835	56.67
2026/08/31 09:41:35.380	1198	402	50	4	2835	56.67
2026/08/31 09:41:35.480	1198	402	50	4	2835	56.67
2026/08/31 09:41:35.580	1198	402	52	5	2835	56.81
2026/08/31 09:41:35.680	1198	402	52	5	2835	56.81
2026/08/31 09:41:35.781	1198	402	52	5	2835	56.81
2026/08/31 09:41:35.881	1198	402	52	5	2835	56.81
2026/08/31 09:41:35.981	1198	402	52	5	2835	56.81
2026/08/31 09:41:36.081	1198	402	48	4	2835	56.68
2026/08/31 09:41:36.181	1198	402	48	4	2835	56.68
2026/08/31 09:41:36.281	1198	402	48	4	2835	56.68
2026/08/31 09:41:36.381	1198	402	48	4	2835	56.68
2026/08/31 09:41:36.481	1198	402	48	4	2835	56.68
2026/08/31 09:41:36.581	1198	402	50	5	2835	56.76
2026/08/31 09:41:36.682	1198	402	50	5	2835	56.76
2026/08/31 09:41:36.782	1198	402	50	5	2835	56.76
2026/08/31 09:41:36.882	1198	402	50	5	2835	56.76
2026/08/31 09:41:36.982	1198	402	50	5	2835	56.76
2026/08/31 09:41:37.082	1198	402	51	5	2835	56.61
2026/08/31 09:41:37.182	1198	402	51	5	2835	56.61
2026/08/31 09:41:37.282	1198	402	51	5	2835	56.61
2026/08/31 09:41:37.382	1198	402	51	5	2835	56.61
2026/08/31 09:41:37.482	1198	402	51	5	2835	56.61
2026/08/31 09:41:37.583	1198	402	50	5	2835	56.80
2026/08/31 09:41:37.683	1198	402	50	5	2835	56.80
2026/08/31 09:41:37.783	1198	402	50	5	2835	56.80
2026/08/31 09:41:37.883	1198	402	50	5	2835	56.80
2026/08/31 09:41:37.983	1198	402	50	5	2835	56.80
2026/08/31 09:41:38.083	1198	402	49	4	2835	56.98
2026/08/31 09:41:38.183	1198	402	49	4	2835	56.98
2026/08/31 09:41:38.283	1198	402	49	4	2835	56.98
2026/08/31 09:41:38.383	1198	402	49	4	2835	56.98
2026/08/31 09:41:38.484	1198	402	49	4	2835	56.98
2026/08/31 09:41:38.584	1198	402	51	5	2835	57.35
2026/08/31 09:41:38.684	1198	402	51	5	2835	57.35
2026/08/31 09:41:38.784	1198	402	51	5	2835	57.35
2026/08/31 09:41:38.884	1198	402	51	5	2835	57.35
2026/08/31 09:41:38.984	1198	402	51	5	2835	57.35
2026/08/31 09:41:39.084	1198	402	48	4	2835	58.52
2026/08/31 09:41:39.184	1198	402	48	4	2835	58.52
2026/08/31 09:41:39.284	1198	402	48	4	2835	58.52
2026/08/31 09:41:39.385	1198	402	48	4	2835	58.52
2026/08/31 09:41:39.485	1198	402	48	4	2835	58.52
2026/08/31 09:41:39.585	1198	402	53	5	2835	58.47
2026/08/31 09:41:39.685	1198	402	53	5	2835	58.47
2026/08/31 09:41:39.785	1198	402	53	5	2835	58.47
2026/08/31 09:41:39.885	1198	402	53	5	2835	58.47
2026/08/31 09:41:39.985	1198	402	53	5	2835	58.47
2026/08/31 09:41:40.085	1198	402	47	4	2835	57.08
2026/08/31 09:41:40.185	1198	402	47	4	2835	57.08
2026/08/31 09:41:40.286	1198	402	47	4	2835	57.08
2026/08/31 09:41:40.386	1198	402	47	4	2835	57.08
2026/08/31 09:41:40.486	1198	402	47	4	2835	57.08
2026/08/31 09:41:40.586	1198	402	50	5	2835	56.67
2026/08/31 09:41:40.686	1198	402	50	5	2835	56.67
2026/08/31 09:41:40.786	1198	402	50	5	2835	56.67
2026/08/31 09:41:40.886	1198	402	50	5	2835	56.67
2026/08/31 09:41:40.986	1198	402	50	5	2835	56.67
2026/08/31 09:41:41.086	1198	402	49	4	2835	56.57
2026/08/31 09:41:41.186	1198	402	49	4	2835	56.57
2026/08/31 09:41:41.287	1198	402	49	4	2835	56.57
2026/08/31 09:41:41.387	1198	402	49	4	2835	56.57
2026/08/31 09:41:41.487	1198	402	49	4	2835	56.57
2026/08/31 09:41:41.587	1198	402	50	5	2835	56.70
2026/08/31 09:41:41.687	1198	402	50	5	2835	56.70
2026/08/31 09:41:41.787	1198	402	50	5	2835	56.70
2026/08/31 09:41:41.887	1198	402	50	5	2835	56.70
2026/08/31 09:41:41.987	1198	402	50	5	2835	56.70
2026/08/31 09:41:42.088	1198	402	49	4	2835	56.56
2026/08/31 09:41:42.188	1198	402	49	4	2835	56.56
2026/08/31 09:41:42.288	1198	402	49	4	2835	56.56
2026/08/31 09:41:42.388	1198	402	49	4	2835	56.56
2026/08/31 09:41:42.488	1198	402	49	4	2835	56.56
2026/08/31 09:41:42.588	1198	402	50	5	2835	56.66
2026/08/31 09:41:42.688	1198	402	50	5	2835	56.66
2026/08/31 09:41:42.788	1198	402	50	5	2835	56.66
2026/08/31 09:41:42.888	1198	402	50	5	2835	56.66
2026/08/31 09:41:42.989	1198	402	50	5	2835	56.66
2026/08/31 09:41:43.089	1198	402	50	4	2835	56.55
2026/08/31 09:41:43.189	1198	402	50	4	2835	56.55
2026/08/31 09:41:43.289	1198	402	50	4	2835	56.55
2026/08/31 09:41:43.389	1198	402	50	4	2835	56.55
2026/08/31 09:41:43.489	1198	402	50	4	2835	56.55
2026/08/31 09:41:43.589	1198	402	50	5	2835	56.74
2026/08/31 09:41:43.690	1198	402	50	5	2835	56.74
2026/08/31 09:41:43.790	1198	402	50	5	2835	56.74
2026/08/31 09:41:43.890	1198	402	50	5	2835	56.74
2026/08/31 09:41:43.990	1198	402	50	5	2835	56.74
2026/08/31 09:41:44.090	1198	402	50	4	2835	56.66
2026/08/31 09:41:44.190	1198	402	50	4	2835	56.66
2026/08/31 09:41:44.290	1198	402	50	4	2835	56.66
2026/08/31 09:41:44.390	1198	402	50	4	2835	56.66
2026/08/31 09:41:44.490	1198	402	50	4	2835	56.66
2026/08/31 09:41:44.591	1198	402	50	5	2835	58.71
2026/08/31 09:41:44.691	1198	402	50	5	2835	58.71
2026/08/31 09:41:44.791	1198	402	50	5	2835	58.71
2026/08/31 09:41:44.891	1198	402	50	5	2835	58.71
2026/08/31 09:41:44.991	1198	402	50	5	2835	58.71
2026/08/31 09:41:45.091	1198	402	50	4	2835	59.00
2026/08/31 09:41:45.191	1198	402	50	4	2835	59.00
2026/08/31 09:41:45.291	1198	402	50	4	2835	59.00
2026/08/31 09:41:45.391	1198	402	50	4	2835	59.00
2026/08/31 09:41:45.492	1198	402	50	4	2835	59.00
2026/08/31 09:41:45.592	1198	402	48	5	2835	57.65
2026/08/31 09:41:45.692	1198	402	48	5	2835	57.65
2026/08/31 09:41:45.792	1198	402	48	5	2835	57.65
2026/08/31 09:41:45.892	1198	402	48	5	2835	57.65
2026/08/31 09:41:45.992	1198	402	48	5	2835	57.65
2026/08/31 09:41:46.092	1198	402	50	5	2835	56.85
2026/08/31 09:41:46.192	1198	402	50	5	2835	56.85
2026/08/31 09:41:46.292	1198	402	50	5	2835	56.85
2026/08/31 09:41:46.392	1198	402	50	5	2835	56.85
2026/08/31 09:41:46.493	1198	402	50	5	2835	56.85
2026/08/31 09:41:46.593	1198	402	52	5	2835	56.71
2026/08/31 09:41:46.693	1198	402	52	5	2835	56.71
2026/08/31 09:41:46.793	1198	402	52	5	2835	56.71
2026/08/31 09:41:46.893	1198	402	52	5	2835	56.71
2026/08/31 09:41:46.993	1198	402	52	5	2835	56.71
2026/08/31 09:41:47.093	1198	402	49	4	2835	56.58
2026/08/31 09:41:47.193	1198	402	49	4	2835	56.58
2026/08/31 09:41:47.293	1198	402	49	4	2835	56.58
2026/08/31 09:41:47.393	1198	402	49	4	2835	56.58
2026/08/31 09:41:47.494	1198	402	49	4	2835	56.58
2026/08/31 09:41:47.594	1198	402	51	5	2835	56.72
2026/08/31 09:41:47.694	1198	402	51	5	2835	56.72
2026/08/31 09:41:47.794	1198	402	51	5	2835	56.72
2026/08/31 09:41:47.894	1198	402	51	5	2835	56.72
2026/08/31 09:41:47.994	1198	402	51	5	2835	56.72
2026/08/31 09:41:48.094	1198	402	50	4	2835	58.33
2026/08/31 09:41:48.194	1198	402	50	4	2835	58.33
2026/08/31 09:41:48.294	1198	402	50	4	2835	58.33
2026/08/31 09:41:48.395	1199	402	50	4	2835	58.33
2026/08/31 09:41:48.495	1199	402	50	4	2835	58.33
2026/08/31 09:41:48.595	1199	402	47	5	2835	58.88
2026/08/31 09:41:48.695	1199	402	47	5	2835	58.88
2026/08/31 09:41:48.795	1199	402	47	5	2835	58.88
2026/08/31 09:41:48.895	1199	402	47	5	2835	58.88
2026/08/31 09:41:48.995	1199	402	47	5	2835	58.88
2026/08/31 09:41:49.095	1199	402	50	4	2835	57.42
2026/08/31 09:41:49.195	1199	402	50	4	2835	57.42
2026/08/31 09:41:49.295	1199	402	50	4	2835	57.42
2026/08/31 09:41:49.396	1199	402	50	4	2835	57.42
2026/08/31 09:41:49.496	1199	402	50	4	2835	57.42
2026/08/31 09:41:49.596	1199	402	49	5	2835	56.87
2026/08/31 09:41:49.696	1199	402	49	5	2835	56.87
2026/08/31 09:41:49.796	1199	402	49	5	2835	56.87
2026/08/31 09:41:49.896	1199	402	49	5	2835	56.87
2026/08/31 09:41:49.996	1199	402	49	5	2835	56.87
2026/08/31 09:41:50.096	1199	402	49	4	2835	56.62
2026/08/31 09:41:50.196	1199	402	49	4	2835	56.62
2026/08/31 09:41:50.297	1199	402	49	4	2835	56.62
2026/08/31 09:41:50.397	1199	402	49	4	2835	56.62
2026/08/31 09:41:50.497	1199	402	49	4	2835	56.62
2026/08/31 09:41:50.597	1199	402	50	5	2835	56.47
2026/08/31 09:41:50.697	1198	402	50	5	2835	56.47
2026/08/31 09:41:50.797	1198	402	50	5	2835	56.47
2026/08/31 09:41:50.897	1198	402	50	5	2835	56.47
2026/08/31 09:41:50.997	1198	402	50	5	2835	56.47
2026/08/31 09:41:51.097	1198	402	50	4	2835	56.71
2026/08/31 09:41:51.197	1198	402	50	4	2835	56.71
2026/08/31 09:41:51.298	1198	402	50	4	2835	56.71
2026/08/31 09:41:51.398	1198	402	50	4	2835	56.71
2026/08/31 09:41:51.498	1199	402	50	4	2835	56.71
2026/08/31 09:41:51.598	1199	402	51	5	2835	58.07
2026/08/31 09:41:51.698	1199	402	51	5	2835	58.07
2026/08/31 09:41:51.798	1199	402	51	5	2835	58.07
2026/08/31 09:41:51.898	1199	402	51	5	2835	58.07
2026/08/31 09:41:51.998	1199	402	51	5	2835	58.07
2026/08/31 09:41:52.098	1199	402	49	4	2835	58.69
2026/08/31 09:41:52.198	1199	402	49	4	2835	58.69
2026/08/31 09:41:52.299	1199	402	49	4	2835	58.69
2026/08/31 09:41:52.399	1199	402	49	4	2835	58.69
2026/08/31 09:41:52.499	1199	402	49	4	2835	58.69
2026/08/31 09:41:52.599	1199	402	48	5	2835	57.47
2026/08/31 09:41:52.699	1199	402	48	5	2835	57.47
2026/08/31 09:41:52.799	1199	402	48	5	2835	57.47
2026/08/31 09:41:52.899	1199	402	48	5	2835	57.47
2026/08/31 09:41:52.999	1199	402	48	5	2835	57.47
2026/08/31 09:41:53.099	1199	402	49	4	2835	57.14
2026/08/31 09:41:53.200	1199	402	49	4	2835	57.14
2026/08/31 09:41:53.300	1199	402	49	4	2835	57.14
2026/08/31 09:41:53.400	1199	402	49	4	2835	57.14
2026/08/31 09:41:53.500	1199	402	49	4	2835	57.14
2026/08/31 09:41:53.600	1199	402	53	5	2835	56.95
2026/08/31 09:41:53.700	1199	402	53	5	2835	56.95
2026/08/31 09:41:53.800	1199	402	53	5	2835	56.95
2026/08/31 09:41:53.900	1199	402	53	5	2835	56.95
2026/08/31 09:41:54.000	1199	402	53	5	2835	56.95
2026/08/31 09:41:54.100	1199	402	50	5	2835	56.93
2026/08/31 09:41:54.201	1199	402	50	5	2835	56.93
2026/08/31 09:41:54.301	1199	402	50	5	2835	56.93
2026/08/31 09:41:54.401	1199	402	50	5	2835	56.93
2026/08/31 09:41:54.501	1199	402	50	5	2835	56.93
2026/08/31 09:41:54.601	1199	402	52	5	2835	56.69
2026/08/31 09:41:54.701	1199	402	52	5	2835	56.69
2026/08/31 09:41:54.801	1199	402	52	5	2835	56.69
2026/08/31 09:41:54.901	1199	402	52	5	2835	56.69
2026/08/31 09:41:55.001	1199	402	52	5	2835	56.69
2026/08/31 09:41:55.102	1199	402	50	5	2835	57.81
2026/08/31 09:41:55.202	1199	402	50	5	2835	57.81
2026/08/31 09:41:55.302	1199	402	50	5	2835	57.81
2026/08/31 09:41:55.402	1199	402	50	5	2835	57.81
2026/08/31 09:41:55.502	1199	402	50	5	2835	57.81
2026/08/31 09:41:55.602	1199	402	51	5	2835	58.40
2026/08/31 09:41:55.702	1199	402	51	5	2835	58.40
2026/08/31 09:41:55.802	1199	402	51	5	2835	58.40
2026/08/31 09:41:55.903	1199	402	51	5	2835	58.40
2026/08/31 09:41:56.003	1199	402	51	5	2835	58.40
2026/08/31 09:41:56.103	1199	402	50	5	2835	58.24
2026/08/31 09:41:56.203	1199	402	50	5	2835	58.24
2026/08/31 09:41:56.303	1199	402	50	5	2835	58.24
2026/08/31 09:41:56.403	1199	402	50	5	2835	58.24
2026/08/31 09:41:56.503	1199	402	50	5	2835	58.24
2026/08/31 09:41:56.603	1199	402	49	5	2835	57.82
2026/08/31 09:41:56.703	1199	402	49	5	2835	57.82
2026/08/31 09:41:56.803	1199	402	49	5	2835	57.82
2026/08/31 09:41:56.904	1199	402	49	5	2835	57.82
2026/08/31 09:41:57.004	1199	402	49	5	2835	57.82
2026/08/31 09:41:57.104	1199	402	49	4	2835	57.70
2026/08/31 09:41:57.204	1199	402	49	4	2835	57.70
2026/08/31 09:41:57.304	1199	402	49	4	2835	57.70
2026/08/31 09:41:57.404	1199	402	49	4	2835	57.70
2026/08/31 09:41:57.504	1199	402	49	4	2835	57.70
2026/08/31 09:41:57.604	1199	402	48	5	2835	57.21
2026/08/31 09:41:57.704	1199	402	48	5	2835	57.21
2026/08/31 09:41:57.805	1199	402	48	5	2835	57.21
2026/08/31 09:41:57.905	1199	402	48	5	2835	57.21
2026/08/31 09:41:58.005	1199	402	48	5	2835	57.21
2026/08/31 09:41:58.105	1199	402	49	5	2835	57.20
2026/08/31 09:41:58.205	1199	402	49	5	2835	57.20
2026/08/31 09:41:58.305	1199	402	49	5	2835	57.20
2026/08/31 09:41:58.405	1199	402	49	5	2835	57.20
2026/08/31 09:41:58.506	1199	402	49	5	2835	57.20
2026/08/31 09:41:58.606	1199	402	49	5	2835	57.08
2026/08/31 09:41:58.706	1199	402	49	5	2835	57.08
2026/08/31 09:41:58.806	1199	402	49	5	2835	57.08
2026/08/31 09:41:58.906	1199	402	49	5	2835	57.08
2026/08/31 09:41:59.006	1199	402	49	5	2835	57.08
2026/08/31 09:41:59.106	1199	402	48	4	2835	56.82
2026/08/31 09:41:59.206	1199	402	48	4	2835	56.82
2026/08/31 09:41:59.306	1199	402	48	4	2835	56.82
2026/08/31 09:41:59.407	1199	402	48	4	2835	56.82
2026/08/31 09:41:59.507	1199	402	48	4	2835	56.82
2026/08/31 09:41:59.607	1199	402	49	6	2835	56.67
2026/08/31 09:41:59.707	1199	402	49	6	2835	56.67
2026/08/31 09:41:59.807	1199	402	49	6	2835	56.67
2026/08/31 09:41:59.907	1199	402	49	6	2835	56.67
2026/08/31 09:42:00.007	1199	402	49	6	2835	56.67
2026/08/31 09:42:00.107	1199	402	48	5	2835	57.72
2026/08/31 09:42:00.207	1199	402	48	5	2835	57.72
2026/08/31 09:42:00.308	1199	402	48	5	2835	57.72
2026/08/31 09:42:00.408	1199	402	48	5	2835	57.72
2026/08/31 09:42:00.508	1199	402	48	5	2835	57.72
2026/08/31 09:42:00.608	1199	402	51	6	2835	58.35
2026/08/31 09:42:00.708	1199	402	51	6	2835	58.35
2026/08/31 09:42:00.808	1199	402	51	6	2835	58.35
2026/08/31 09:42:00.908	1199	402	51	6	2835	58.35
2026/08/31 09:42:01.008	1199	402	51	6	2835	58.35
2026/08/31 09:42:01.109	1199	402	50	5	2835	58.22
2026/08/31 09:42:01.209	1199	402	50	5	2835	58.22
2026/08/31 09:42:01.309	1199	402	50	5	2835	58.22
2026/08/31 09:42:01.409	1199	402	50	5	2835	58.22
2026/08/31 09:42:01.509	1199	402	50	5	2835	58.22
2026/08/31 09:42:01.609	1199	402	50	5	2835	57.54
2026/08/31 09:42:01.709	1199	402	50	5	2835	57.54
2026/08/31 09:42:01.809	1199	402	50	5	2835	57.54
2026/08/31 09:42:01.910	1199	402	50	5	2835	57.54
2026/08/31 09:42:02.010	1199	402	50	5	2835	57.54
2026/08/31 09:42:02.110	1199	402	49	5	2835	57.14
2026/08/31 09:42:02.210	1199	402	49	5	2835	57.14
2026/08/31 09:42:02.310	1199	402	49	5	2835	57.14
2026/08/31 09:42:02.410	1199	402	49	5	2835	57.14
2026/08/31 09:42:02.510	1199	402	49	5	2835	57.14
2026/08/31 09:42:02.610	1199	402	52	5	2835	56.81
2026/08/31 09:42:02.711	1199	402	52	5	2835	56.81
2026/08/31 09:42:02.811	1199	402	52	5	2835	56.81
2026/08/31 09:42:02.911	1199	402	52	5	2835	56.81
2026/08/31 09:42:03.011	1199	402	52	5	2835	56.81
2026/08/31 09:42:03.111	1199	402	48	5	2835	56.47
2026/08/31 09:42:03.211	1199	402	48	5	2835	56.47
2026/08/31 09:42:03.311	1199	402	48	5	2835	56.47
2026/08/31 09:42:03.411	1199	402	48	5	2835	56.47
2026/08/31 09:42:03.511	1199	402	48	5	2835	56.47
2026/08/31 09:42:03.612	1199	402	50	5	2835	56.24
2026/08/31 09:42:03.712	1199	402	50	5	2835	56.24
2026/08/31 09:42:03.812	1199	402	50	5	2835	56.24
2026/08/31 09:42:03.912	1199	402	50	5	2835	56.24
2026/08/31 09:42:04.012	1202	402	50	5	2835	56.24
2026/08/31 09:42:04.112	1202	402	44	5	2835	57.90
2026/08/31 09:42:04.212	1211	402	44	5	2835	57.90
2026/08/31 09:42:04.313	1235	402	44	5	2835	57.90
2026/08/31 09:42:04.413	1235	402	44	5	2835	57.90
2026/08/31 09:42:04.513	1229	402	44	5	2835	57.90
2026/08/31 09:42:04.613	1244	402	49	5	2835	59.50
2026/08/31 09:42:04.714	1428	402	49	5	2835	59.50
2026/08/31 09:42:04.814	1428	402	49	5	2835	59.50
2026/08/31 09:42:04.914	1428	402	49	5	2835	59.50
2026/08/31 09:42:05.014	2670	402	49	5	2835	59.50
2026/08/31 09:42:05.114	2670	402	66	6	2835	60.29
2026/08/31 09:42:05.214	3244	402	66	6	2835	60.29
2026/08/31 09:42:05.315	3488	402	66	6	2835	60.29
2026/08/31 09:42:05.415	3494	402	66	6	2835	60.29
2026/08/31 09:42:05.515	3494	402	66	6	2835	60.29
2026/08/31 09:42:05.615	3494	402	63	16	2835	61.93
2026/08/31 09:42:05.715	3494	402	63	16	2835	61.93
2026/08/31 09:42:05.815	3494	402	63	16	2835	61.93
2026/08/31 09:42:05.915	3494	402	63	16	2835	61.93
2026/08/31 09:42:06.015	3494	402	63	16	2835	61.93
2026/08/31 09:42:06.116	3494	402	52	5	2835	60.49
2026/08/31 09:42:06.216	3494	402	52	5	2835	60.49
2026/08/31 09:42:06.316	3494	402	52	5	2835	60.49
2026/08/31 09:42:06.416	3494	402	52	5	2835	60.49
2026/08/31 09:42:06.516	3494	402	52	5	2835	60.49
2026/08/31 09:42:06.616	3494	402	53	6	2835	56.53
2026/08/31 09:42:06.716	3494	402	53	6	2835	56.53
2026/08/31 09:42:06.816	3494	402	53	6	2835	56.53
2026/08/31 09:42:06.916	3494	402	53	6	2835	56.53
2026/08/31 09:42:07.017	3494	402	53	6	2835	56.53
2026/08/31 09:42:07.117	3494	402	50	5	2835	56.52
2026/08/31 09:42:07.217	3494	402	50	5	2835	56.52
2026/08/31 09:42:07.317	3492	402	50	5	2835	56.52
2026/08/31 09:42:07.417	3492	402	50	5	2835	56.52
2026/08/31 09:42:07.517	1452	402	50	5	2835	56.52
2026/08/31 09:42:07.617	1227	402	52	5	2835	57.01
2026/08/31 09:42:07.717	1426	402	52	5	2835	57.01
2026/08/31 09:42:07.834	1426	402	52	5	2835	57.01
2026/08/31 09:42:07.934	1426	402	52	5	2835	57.01
2026/08/31 09:42:08.034	1426	402	51	6	2835	59.58
2026/08/31 09:42:08.134	1426	402	51	6	2835	59.58
2026/08/31 09:42:08.234	6928	402	51	6	2835	59.58
2026/08/31 09:42:08.335	6928	402	51	6	2835	59.58
2026/08/31 09:42:08.435	6928	402	51	6	2835	59.58
2026/08/31 09:42:08.535	6928	402	71	7	2835	60.15
2026/08/31 09:42:08.635	6928	402	71	7	2835	60.15
2026/08/31 09:42:08.736	6928	402	71	7	2835	60.15
2026/08/31 09:42:08.836	6928	402	71	7	2835	60.15
2026/08/31 09:42:08.936	6928	402	71	7	2835	60.15
2026/08/31 09:42:09.036	6928	402	72	7	2835	58.85
2026/08/31 09:42:09.137	6928	402	72	7	2835	58.85
2026/08/31 09:42:09.237	7560	402	72	7	2835	58.85
2026/08/31 09:42:09.337	7578	402	72	7	2835	58.85
2026/08/31 09:42:09.437	7578	402	72	7	2835	58.85
2026/08/31 09:42:09.537	7578	402	49	5	2835	68.67
2026/08/31 09:42:09.637	7578	402	49	5	2835	68.67
2026/08/31 09:42:09.737	7578	402	49	5	2835	68.67
2026/08/31 09:42:09.838	7578	402	49	5	2835	68.67
2026/08/31 09:42:09.938	7578	402	49	5	2835	68.67
2026/08/31 09:42:10.038	7578	402	53	6	2835	67.57
2026/08/31 09:42:10.138	7578	402	53	6	2835	67.57
2026/08/31 09:42:10.238	7578	402	53	6	2835	67.57
2026/08/31 09:42:10.338	7578	402	53	6	2835	67.57
2026/08/31 09:42:10.438	7578	402	53	6	2835	67.57
2026/08/31 09:42:10.539	7578	402	50	5	2835	56.22
2026/08/31 09:42:10.639	7578	402	50	5	2835	56.22
2026/08/31 09:42:10.739	7578	402	50	5	2835	56.22
2026/08/31 09:42:10.839	7578	402	50	5	2835	56.22
2026/08/31 09:42:10.939	7578	402	50	5	2835	56.22
2026/08/31 09:42:11.039	7578	402	52	6	2835	56.24
2026/08/31 09:42:11.139	7578	402	52	6	2835	56.24
2026/08/31 09:42:11.239	7578	402	52	6	2835	56.24
2026/08/31 09:42:11.339	7578	402	52	6	2835	56.24
2026/08/31 09:42:11.440	7578	402	52	6	2835	56.24
2026/08/31 09:42:11.540	7578	402	51	5	2835	56.25
2026/08/31 09:42:11.640	7578	402	51	5	2835	56.25
2026/08/31 09:42:11.740	7578	402	51	5	2835	56.25
2026/08/31 09:42:11.840	7578	402	51	5	2835	56.25
2026/08/31 09:42:11.940	7578	402	51	5	2835	56.25
2026/08/31 09:42:12.040	7578	402	53	6	2835	56.45
2026/08/31 09:42:12.140	7578	402	53	6	2835	56.45
2026/08/31 09:42:12.241	7578	402	53	6	2835	56.45
2026/08/31 09:42:12.341	7578	402	53	6	2835	56.45
2026/08/31 09:42:12.441	1454	402	53	6	2835	56.45
2026/08/31 09:42:12.541	1227	402	98	18	2835	58.05
2026/08/31 09:42:12.658	1217	402	98	18	2835	58.05
2026/08/31 09:42:12.759	1197	402	98	18	2835	58.05
2026/08/31 09:42:12.860	1197	402	98	18	2835	58.05
2026/08/31 09:42:12.960	1197	402	98	18	2835	58.05
2026/08/31 09:42:13.060	1197	402	52	5	2835	59.92
2026/08/31 09:42:13.160	1197	402	52	5	2835	59.92
