graph_ordinal	arm	cycle	phase	topology_digest	n_tokens	n_outputs	n_kv	n_rs	action	executable	reset	change_reason	change_categories	change_node	change_op	change_name	host_us	device_ms
0	-	-1	-	7565fec99ff6ebb7	2	1	256	-1	direct	none	0	first_compute	-	-1	-	-	63100	161.7674
1	fixed	0	T0	da7570afdbb81394	252	0	256	-1	direct	none	0	structure	shape,data	0	GET_ROWS	model.input_embed	36426	180.9173
2	fixed	0	T0	802ba1f19f5ea689	4	1	256	-1	direct	none	0	structure	shape,data	0	GET_ROWS	model.input_embed	21666	111.9908
3	fixed	0	T0	0dfa7fc3533697c4	1	1	512	-1	direct	none	0	structure	shape,data	0	GET_ROWS	model.input_embed	3495	5.3343
4	fixed	0	T0	0dfa7fc3533697c4	1	1	512	-1	capture	update	0	none	-	-1	-	-	3497	6.9972
5	fixed	0	T0	0dfa7fc3533697c4	1	1	512	-1	replay	none	0	none	-	-1	-	-	505	3.8001
6	fixed	0	T0	0dfa7fc3533697c4	1	1	512	-1	replay	none	0	none	-	-1	-	-	573	3.8467
7	fixed	0	T0	0dfa7fc3533697c4	1	1	512	-1	replay	none	0	none	-	-1	-	-	463	4.0485
8	fixed	0	T0	0dfa7fc3533697c4	1	1	512	-1	replay	none	0	none	-	-1	-	-	468	3.9999
9	fixed	0	T0	0dfa7fc3533697c4	1	1	512	-1	replay	none	0	none	-	-1	-	-	463	3.8227
10	fixed	0	T0	0dfa7fc3533697c4	1	1	512	-1	replay	none	0	none	-	-1	-	-	462	3.8546
11	fixed	0	T0	0dfa7fc3533697c4	1	1	512	-1	replay	none	0	none	-	-1	-	-	458	4.0421
12	fixed	0	T0	0dfa7fc3533697c4	1	1	512	-1	replay	none	0	none	-	-1	-	-	460	4.0610
13	fixed	0	T0	0dfa7fc3533697c4	1	1	512	-1	replay	none	0	none	-	-1	-	-	460	3.8201
14	fixed	0	T0	0dfa7fc3533697c4	1	1	512	-1	replay	none	0	none	-	-1	-	-	461	3.8434
15	fixed	0	T0	0dfa7fc3533697c4	1	1	512	-1	replay	none	0	none	-	-1	-	-	460	4.0886
16	fixed	0	T0	0dfa7fc3533697c4	1	1	512	-1	replay	none	0	none	-	-1	-	-	460	3.9768
17	fixed	0	T0	0dfa7fc3533697c4	1	1	512	-1	replay	none	0	none	-	-1	-	-	510	3.8343
18	fixed	0	T0	0dfa7fc3533697c4	1	1	512	-1	replay	none	0	none	-	-1	-	-	467	3.8365
19	fixed	0	T0	0dfa7fc3533697c4	1	1	512	-1	replay	none	0	none	-	-1	-	-	460	3.9132
20	fixed	0	T0	0dfa7fc3533697c4	1	1	512	-1	replay	none	0	none	-	-1	-	-	462	3.9503
21	fixed	0	T0	0dfa7fc3533697c4	1	1	512	-1	replay	none	0	none	-	-1	-	-	459	3.8207
22	fixed	0	T0	0dfa7fc3533697c4	1	1	512	-1	replay	none	0	none	-	-1	-	-	458	3.8452
23	fixed	0	T0	0dfa7fc3533697c4	1	1	512	-1	replay	none	0	none	-	-1	-	-	586	3.8775
24	fixed	0	T0	0dfa7fc3533697c4	1	1	512	-1	replay	none	0	none	-	-1	-	-	473	4.0515
25	fixed	0	T0	0dfa7fc3533697c4	1	1	512	-1	replay	none	0	none	-	-1	-	-	466	3.9883
26	fixed	0	T0	0dfa7fc3533697c4	1	1	512	-1	replay	none	0	none	-	-1	-	-	465	3.8367
27	fixed	0	T1	94dc22ce3d23b91b	2	1	512	-1	direct	none	1	structure	shape,data	0	GET_ROWS	model.input_embed	2643	5.1169
28	fixed	0	T1	d8f873be867a8271	251	0	256	-1	direct	none	0	structure	shape,data	0	GET_ROWS	model.input_embed	2997	18.2565
29	fixed	0	T1	79cc5f245f480542	2	1	512	-1	direct	none	0	structure	shape,data	0	GET_ROWS	model.input_embed	2421	4.6787
30	fixed	0	T1	bcd06391008a2d68	3	1	256	-1	direct	none	0	structure	shape,data	0	GET_ROWS	model.input_embed	2473	4.8396
31	fixed	0	T2	d702fd6fe588b6cb	2	2	512	-1	direct	none	0	structure	shape,data	0	GET_ROWS	model.input_embed	2446	4.7681
32	fixed	0	T2	d702fd6fe588b6cb	2	2	512	-1	capture	reinstantiate	0	none	-	-1	-	-	2989	6.7180
33	fixed	0	T2	d702fd6fe588b6cb	2	2	512	-1	replay	none	0	none	-	-1	-	-	467	4.0585
34	fixed	0	T2	d702fd6fe588b6cb	2	2	512	-1	replay	none	0	none	-	-1	-	-	462	4.1131
35	fixed	0	T2	d702fd6fe588b6cb	2	2	512	-1	replay	none	0	none	-	-1	-	-	471	4.2767
36	fixed	0	T2	d702fd6fe588b6cb	2	2	512	-1	replay	none	0	none	-	-1	-	-	469	4.1792
37	fixed	0	T2	d702fd6fe588b6cb	2	2	512	-1	replay	none	0	none	-	-1	-	-	462	4.2110
38	fixed	0	T2	d702fd6fe588b6cb	2	2	512	-1	replay	none	0	none	-	-1	-	-	459	4.0389
39	fixed	0	T2	d702fd6fe588b6cb	2	2	512	-1	replay	none	0	none	-	-1	-	-	461	4.0435
40	fixed	0	T2	d702fd6fe588b6cb	2	2	512	-1	replay	none	0	none	-	-1	-	-	466	4.0644
41	fixed	0	T2	d702fd6fe588b6cb	2	2	512	-1	replay	none	0	none	-	-1	-	-	465	4.2769
42	fixed	0	T2	d702fd6fe588b6cb	2	2	512	-1	replay	none	0	none	-	-1	-	-	464	4.2309
43	fixed	0	T2	d702fd6fe588b6cb	2	2	512	-1	replay	none	0	none	-	-1	-	-	541	4.1680
44	fixed	0	T2	d702fd6fe588b6cb	2	2	512	-1	replay	none	0	none	-	-1	-	-	618	4.2991
45	fixed	0	T2	d702fd6fe588b6cb	2	2	512	-1	replay	none	0	none	-	-1	-	-	466	4.0434
46	fixed	0	T2	d702fd6fe588b6cb	2	2	512	-1	replay	none	0	none	-	-1	-	-	523	4.0575
47	fixed	0	T2	d702fd6fe588b6cb	2	2	512	-1	replay	none	0	none	-	-1	-	-	473	4.1223
48	fixed	0	T2	d702fd6fe588b6cb	2	2	512	-1	replay	none	0	none	-	-1	-	-	549	4.1805
49	fixed	0	T2	d702fd6fe588b6cb	2	2	512	-1	replay	none	0	none	-	-1	-	-	471	4.1854
50	fixed	0	T2	d702fd6fe588b6cb	2	2	512	-1	replay	none	0	none	-	-1	-	-	505	4.2102
51	fixed	0	T2	d702fd6fe588b6cb	2	2	512	-1	replay	none	0	none	-	-1	-	-	477	4.3753
52	fixed	0	T2	d702fd6fe588b6cb	2	2	512	-1	replay	none	0	none	-	-1	-	-	469	4.0485
53	fixed	0	T2	d702fd6fe588b6cb	2	2	512	-1	replay	none	0	none	-	-1	-	-	466	4.0578
54	fixed	0	T2	d702fd6fe588b6cb	2	2	512	-1	replay	none	0	none	-	-1	-	-	474	4.1352
55	fixed	0	T2	d702fd6fe588b6cb	2	2	512	-1	replay	none	0	none	-	-1	-	-	466	4.2922
56	fixed	0	T2	d702fd6fe588b6cb	2	2	512	-1	replay	none	0	none	-	-1	-	-	463	4.2540
57	fixed	0	T2	d702fd6fe588b6cb	2	2	512	-1	replay	none	0	none	-	-1	-	-	462	4.2972
58	fixed	0	T2	d702fd6fe588b6cb	2	2	512	-1	replay	none	0	none	-	-1	-	-	459	4.0466
59	fixed	0	T2	d702fd6fe588b6cb	2	2	512	-1	replay	none	0	none	-	-1	-	-	464	4.0470
60	fixed	0	T2	d702fd6fe588b6cb	2	2	512	-1	replay	none	0	none	-	-1	-	-	464	4.0721
61	fixed	0	T2	d702fd6fe588b6cb	2	2	512	-1	replay	none	0	none	-	-1	-	-	468	4.1140
62	fixed	0	T3	0dfa7fc3533697c4	1	1	512	-1	direct	none	1	structure	shape,data	0	GET_ROWS	model.input_embed	2231	4.4625
63	fixed	0	T3	0dfa7fc3533697c4	1	1	512	-1	capture	reinstantiate	0	none	-	-1	-	-	2751	6.1272
64	fixed	0	T3	0dfa7fc3533697c4	1	1	512	-1	replay	none	0	none	-	-1	-	-	500	3.9487
65	fixed	0	T3	0dfa7fc3533697c4	1	1	512	-1	replay	none	0	none	-	-1	-	-	592	4.0149
66	fixed	0	T3	0dfa7fc3533697c4	1	1	512	-1	replay	none	0	none	-	-1	-	-	540	3.7668
67	fixed	0	T3	0dfa7fc3533697c4	1	1	512	-1	replay	none	0	none	-	-1	-	-	475	3.8459
68	fixed	0	T3	0dfa7fc3533697c4	1	1	512	-1	replay	none	0	none	-	-1	-	-	489	4.0137
69	fixed	0	T3	0dfa7fc3533697c4	1	1	512	-1	replay	none	0	none	-	-1	-	-	471	3.9321
70	fixed	0	T3	0dfa7fc3533697c4	1	1	512	-1	replay	none	0	none	-	-1	-	-	466	3.7513
71	fixed	0	T3	0dfa7fc3533697c4	1	1	512	-1	replay	none	0	none	-	-1	-	-	511	4.0255
72	fixed	0	T3	0dfa7fc3533697c4	1	1	512	-1	replay	none	0	none	-	-1	-	-	473	3.9573
73	fixed	0	T3	0dfa7fc3533697c4	1	1	512	-1	replay	none	0	none	-	-1	-	-	480	3.8781
74	fixed	0	T3	0dfa7fc3533697c4	1	1	512	-1	replay	none	0	none	-	-1	-	-	467	3.9650
75	fixed	0	T3	0dfa7fc3533697c4	1	1	512	-1	replay	none	0	none	-	-1	-	-	470	3.7588
76	fixed	0	T3	0dfa7fc3533697c4	1	1	512	-1	replay	none	0	none	-	-1	-	-	467	3.7772
77	fixed	0	T3	0dfa7fc3533697c4	1	1	512	-1	replay	none	0	none	-	-1	-	-	466	3.9133
78	fixed	0	T3	0dfa7fc3533697c4	1	1	512	-1	replay	none	0	none	-	-1	-	-	469	4.0121
79	fixed	0	T3	0dfa7fc3533697c4	1	1	512	-1	replay	none	0	none	-	-1	-	-	473	3.7542
80	fixed	0	T3	0dfa7fc3533697c4	1	1	512	-1	replay	none	0	none	-	-1	-	-	465	3.7723
81	fixed	0	T3	0dfa7fc3533697c4	1	1	512	-1	replay	none	0	none	-	-1	-	-	467	3.8711
82	fixed	0	T3	0dfa7fc3533697c4	1	1	512	-1	replay	none	0	none	-	-1	-	-	465	4.0120
83	fixed	0	T3	0dfa7fc3533697c4	1	1	512	-1	replay	none	0	none	-	-1	-	-	463	3.7694
84	fixed	0	T3	0dfa7fc3533697c4	1	1	512	-1	replay	none	0	none	-	-1	-	-	462	3.7775
85	fixed	0	T3	0dfa7fc3533697c4	1	1	512	-1	replay	none	0	none	-	-1	-	-	572	3.9422
86	fixed	0	T3	0dfa7fc3533697c4	1	1	512	-1	replay	none	0	none	-	-1	-	-	473	3.9859
87	fixed	0	T3	0dfa7fc3533697c4	1	1	512	-1	replay	none	0	none	-	-1	-	-	469	3.7480
88	fixed	0	T3	0dfa7fc3533697c4	1	1	512	-1	replay	none	0	none	-	-1	-	-	470	3.8303
89	fixed	0	T3	0dfa7fc3533697c4	1	1	512	-1	replay	none	0	none	-	-1	-	-	474	4.0235
90	fixed	0	T3	0dfa7fc3533697c4	1	1	512	-1	replay	none	0	none	-	-1	-	-	467	3.9170
91	fixed	0	T3	0dfa7fc3533697c4	1	1	512	-1	replay	none	0	none	-	-1	-	-	472	3.7665
92	fixed	0	T3	0dfa7fc3533697c4	1	1	512	-1	replay	none	0	none	-	-1	-	-	473	3.7953
93	fixed	0	T3	0dfa7fc3533697c4	1	1	512	-1	replay	none	0	none	-	-1	-	-	475	4.0004
94	fixed	0	T3	0dfa7fc3533697c4	1	1	512	-1	replay	none	0	none	-	-1	-	-	468	3.9880
95	fixed	0	T3	0dfa7fc3533697c4	1	1	512	-1	replay	none	0	none	-	-1	-	-	461	3.7517
96	fixed	0	T3	0dfa7fc3533697c4	1	1	512	-1	replay	none	0	none	-	-1	-	-	466	3.7727
97	fixed	0	T3	0dfa7fc3533697c4	1	1	512	-1	replay	none	0	none	-	-1	-	-	470	4.0122
98	fixed	0	T3	0dfa7fc3533697c4	1	1	512	-1	replay	none	0	none	-	-1	-	-	466	3.9913
99	fixed	0	T3	0dfa7fc3533697c4	1	1	512	-1	replay	none	0	none	-	-1	-	-	465	3.7538
100	fixed	0	T3	0dfa7fc3533697c4	1	1	512	-1	replay	none	0	none	-	-1	-	-	466	3.7746
101	fixed	0	T3	0dfa7fc3533697c4	1	1	512	-1	replay	none	0	none	-	-1	-	-	479	3.9384
102	fixed	0	T3	0dfa7fc3533697c4	1	1	512	-1	replay	none	0	none	-	-1	-	-	464	3.9871
103	fixed	0	T3	0dfa7fc3533697c4	1	1	512	-1	replay	none	0	none	-	-1	-	-	464	3.7838
104	fixed	0	T3	0dfa7fc3533697c4	1	1	512	-1	replay	none	0	none	-	-1	-	-	470	3.8232
105	fixed	0	T3	0dfa7fc3533697c4	1	1	512	-1	replay	none	0	none	-	-1	-	-	462	3.7740
106	fixed	0	T3	0dfa7fc3533697c4	1	1	512	-1	replay	none	0	none	-	-1	-	-	464	3.8106
107	fixed	0	T3	0dfa7fc3533697c4	1	1	512	-1	replay	none	0	none	-	-1	-	-	464	3.9299
108	fixed	0	T3	0dfa7fc3533697c4	1	1	512	-1	replay	none	0	none	-	-1	-	-	464	3.7506
109	fixed	0	T3	0dfa7fc3533697c4	1	1	512	-1	replay	none	0	none	-	-1	-	-	465	3.7715
110	fixed	0	T3	0dfa7fc3533697c4	1	1	512	-1	replay	none	0	none	-	-1	-	-	464	3.9615
111	fixed	0	T3	0dfa7fc3533697c4	1	1	512	-1	replay	none	0	none	-	-1	-	-	480	3.8784
112	fixed	0	T3	0dfa7fc3533697c4	1	1	512	-1	replay	none	0	none	-	-1	-	-	468	3.7568
113	fixed	0	T3	0dfa7fc3533697c4	1	1	512	-1	replay	none	0	none	-	-1	-	-	468	3.7771
114	fixed	0	T3	0dfa7fc3533697c4	1	1	512	-1	replay	none	0	none	-	-1	-	-	462	3.8002
115	fixed	0	T3	0dfa7fc3533697c4	1	1	512	-1	replay	none	0	none	-	-1	-	-	462	3.9238
116	fixed	0	T3	0dfa7fc3533697c4	1	1	512	-1	replay	none	0	none	-	-1	-	-	466	3.7580
117	fixed	0	T3	0dfa7fc3533697c4	1	1	512	-1	replay	none	0	none	-	-1	-	-	463	3.7807
118	fixed	0	T3	0dfa7fc3533697c4	1	1	512	-1	replay	none	0	none	-	-1	-	-	464	3.8184
119	fixed	0	T3	0dfa7fc3533697c4	1	1	512	-1	replay	none	0	none	-	-1	-	-	464	3.9131
120	fixed	0	T3	0dfa7fc3533697c4	1	1	512	-1	replay	none	0	none	-	-1	-	-	462	3.7572
121	fixed	0	T3	0dfa7fc3533697c4	1	1	512	-1	replay	none	0	none	-	-1	-	-	463	3.7885
122	fixed	0	T3	0dfa7fc3533697c4	1	1	512	-1	replay	none	0	none	-	-1	-	-	465	3.7997
123	fixed	0	T3	0dfa7fc3533697c4	1	1	512	-1	replay	none	0	none	-	-1	-	-	464	3.9212
124	fixed	0	T3	0dfa7fc3533697c4	1	1	512	-1	replay	none	0	none	-	-1	-	-	462	3.7448
125	fixed	0	T3	0dfa7fc3533697c4	1	1	512	-1	replay	none	0	none	-	-1	-	-	467	3.7794
126	fixed	0	T3	0dfa7fc3533697c4	1	1	512	-1	replay	none	0	none	-	-1	-	-	468	3.8052
127	fixed	0	T3	0dfa7fc3533697c4	1	1	512	-1	replay	none	0	none	-	-1	-	-	462	3.9118
128	fixed	0	T3	0dfa7fc3533697c4	1	1	512	-1	replay	none	0	none	-	-1	-	-	583	3.7486
129	fixed	0	T3	0dfa7fc3533697c4	1	1	512	-1	replay	none	0	none	-	-1	-	-	505	3.7764
130	fixed	0	T3	0dfa7fc3533697c4	1	1	512	-1	replay	none	0	none	-	-1	-	-	484	3.7955
131	fixed	0	T3	0dfa7fc3533697c4	1	1	512	-1	replay	none	0	none	-	-1	-	-	462	3.8916
132	fixed	1	T0	802ba1f19f5ea689	4	1	256	-1	direct	none	1	structure	shape,data	0	GET_ROWS	model.input_embed	2498	4.9336
133	fixed	1	T0	0dfa7fc3533697c4	1	1	512	-1	direct	none	0	structure	shape,data	0	GET_ROWS	model.input_embed	2132	4.2180
134	fixed	1	T0	0dfa7fc3533697c4	1	1	512	-1	capture	update	0	none	-	-1	-	-	1624	4.9152
135	fixed	1	T0	0dfa7fc3533697c4	1	1	512	-1	replay	none	0	none	-	-1	-	-	509	3.7782
136	fixed	1	T0	0dfa7fc3533697c4	1	1	512	-1	replay	none	0	none	-	-1	-	-	491	3.9527
137	fixed	1	T0	0dfa7fc3533697c4	1	1	512	-1	replay	none	0	none	-	-1	-	-	469	4.0243
138	fixed	1	T0	0dfa7fc3533697c4	1	1	512	-1	replay	none	0	none	-	-1	-	-	470	3.7542
139	fixed	1	T0	0dfa7fc3533697c4	1	1	512	-1	replay	none	0	none	-	-1	-	-	506	3.7764
140	fixed	1	T0	0dfa7fc3533697c4	1	1	512	-1	replay	none	0	none	-	-1	-	-	535	4.0538
141	fixed	1	T0	0dfa7fc3533697c4	1	1	512	-1	replay	none	0	none	-	-1	-	-	471	3.9897
142	fixed	1	T0	0dfa7fc3533697c4	1	1	512	-1	replay	none	0	none	-	-1	-	-	469	3.7602
143	fixed	1	T0	0dfa7fc3533697c4	1	1	512	-1	replay	none	0	none	-	-1	-	-	467	3.7848
144	fixed	1	T0	0dfa7fc3533697c4	1	1	512	-1	replay	none	0	none	-	-1	-	-	509	3.9771
145	fixed	1	T0	0dfa7fc3533697c4	1	1	512	-1	replay	none	0	none	-	-1	-	-	509	3.9895
146	fixed	1	T0	0dfa7fc3533697c4	1	1	512	-1	replay	none	0	none	-	-1	-	-	476	3.7557
147	fixed	1	T0	0dfa7fc3533697c4	1	1	512	-1	replay	none	0	none	-	-1	-	-	474	3.7689
148	fixed	1	T0	0dfa7fc3533697c4	1	1	512	-1	replay	none	0	none	-	-1	-	-	470	3.9602
149	fixed	1	T0	0dfa7fc3533697c4	1	1	512	-1	replay	none	0	none	-	-1	-	-	466	3.8793
150	fixed	1	T0	0dfa7fc3533697c4	1	1	512	-1	replay	none	0	none	-	-1	-	-	472	3.7278
151	fixed	1	T0	0dfa7fc3533697c4	1	1	512	-1	replay	none	0	none	-	-1	-	-	466	3.7734
152	fixed	1	T0	0dfa7fc3533697c4	1	1	512	-1	replay	none	0	none	-	-1	-	-	473	3.9177
153	fixed	1	T0	0dfa7fc3533697c4	1	1	512	-1	replay	none	0	none	-	-1	-	-	470	3.8841
154	fixed	1	T0	0dfa7fc3533697c4	1	1	512	-1	replay	none	0	none	-	-1	-	-	476	3.7566
155	fixed	1	T0	0dfa7fc3533697c4	1	1	512	-1	replay	none	0	none	-	-1	-	-	468	3.7726
156	fixed	1	T0	0dfa7fc3533697c4	1	1	512	-1	replay	none	0	none	-	-1	-	-	567	3.7873
157	fixed	1	T1	94dc22ce3d23b91b	2	1	512	-1	direct	none	1	structure	shape,data	0	GET_ROWS	model.input_embed	2620	4.6996
158	fixed	1	T1	d8f873be867a8271	251	0	256	-1	direct	none	0	structure	shape,data	0	GET_ROWS	model.input_embed	3069	17.2123
159	fixed	1	T1	79cc5f245f480542	2	1	512	-1	direct	none	0	structure	shape,data	0	GET_ROWS	model.input_embed	2969	4.9828
160	fixed	1	T1	bcd06391008a2d68	3	1	256	-1	direct	none	0	structure	shape,data	0	GET_ROWS	model.input_embed	2496	4.8945
161	fixed	1	T2	d702fd6fe588b6cb	2	2	512	-1	direct	none	0	structure	shape,data	0	GET_ROWS	model.input_embed	2447	4.9145
162	fixed	1	T2	d702fd6fe588b6cb	2	2	512	-1	capture	reinstantiate	0	none	-	-1	-	-	2819	6.6125
163	fixed	1	T2	d702fd6fe588b6cb	2	2	512	-1	replay	none	0	none	-	-1	-	-	496	4.2334
164	fixed	1	T2	d702fd6fe588b6cb	2	2	512	-1	replay	none	0	none	-	-1	-	-	474	4.1813
165	fixed	1	T2	d702fd6fe588b6cb	2	2	512	-1	replay	none	0	none	-	-1	-	-	469	4.2941
166	fixed	1	T2	d702fd6fe588b6cb	2	2	512	-1	replay	none	0	none	-	-1	-	-	472	4.0483
167	fixed	1	T2	d702fd6fe588b6cb	2	2	512	-1	replay	none	0	none	-	-1	-	-	477	4.2217
168	fixed	1	T2	d702fd6fe588b6cb	2	2	512	-1	replay	none	0	none	-	-1	-	-	527	4.1408
169	fixed	1	T2	d702fd6fe588b6cb	2	2	512	-1	replay	none	0	none	-	-1	-	-	467	4.1987
170	fixed	1	T2	d702fd6fe588b6cb	2	2	512	-1	replay	none	0	none	-	-1	-	-	470	4.2527
171	fixed	1	T2	d702fd6fe588b6cb	2	2	512	-1	replay	none	0	none	-	-1	-	-	466	4.2490
172	fixed	1	T2	d702fd6fe588b6cb	2	2	512	-1	replay	none	0	none	-	-1	-	-	468	4.1013
173	fixed	1	T2	d702fd6fe588b6cb	2	2	512	-1	replay	none	0	none	-	-1	-	-	551	4.0513
174	fixed	1	T2	d702fd6fe588b6cb	2	2	512	-1	replay	none	0	none	-	-1	-	-	472	4.0637
175	fixed	1	T2	d702fd6fe588b6cb	2	2	512	-1	replay	none	0	none	-	-1	-	-	534	4.3040
176	fixed	1	T2	d702fd6fe588b6cb	2	2	512	-1	replay	none	0	none	-	-1	-	-	484	4.1806
177	fixed	1	T2	d702fd6fe588b6cb	2	2	512	-1	replay	none	0	none	-	-1	-	-	470	4.1893
178	fixed	1	T2	d702fd6fe588b6cb	2	2	512	-1	replay	none	0	none	-	-1	-	-	480	4.0401
179	fixed	1	T2	d702fd6fe588b6cb	2	2	512	-1	replay	none	0	none	-	-1	-	-	475	4.0572
180	fixed	1	T2	d702fd6fe588b6cb	2	2	512	-1	replay	none	0	none	-	-1	-	-	472	4.0496
181	fixed	1	T2	d702fd6fe588b6cb	2	2	512	-1	replay	none	0	none	-	-1	-	-	469	4.1293
182	fixed	1	T2	d702fd6fe588b6cb	2	2	512	-1	replay	none	0	none	-	-1	-	-	471	4.2701
183	fixed	1	T2	d702fd6fe588b6cb	2	2	512	-1	replay	none	0	none	-	-1	-	-	471	4.1695
184	fixed	1	T2	d702fd6fe588b6cb	2	2	512	-1	replay	none	0	none	-	-1	-	-	486	4.0288
185	fixed	1	T2	d702fd6fe588b6cb	2	2	512	-1	replay	none	0	none	-	-1	-	-	468	4.0574
186	fixed	1	T2	d702fd6fe588b6cb	2	2	512	-1	replay	none	0	none	-	-1	-	-	467	4.0484
187	fixed	1	T2	d702fd6fe588b6cb	2	2	512	-1	replay	none	0	none	-	-1	-	-	582	4.2624
188	fixed	1	T2	d702fd6fe588b6cb	2	2	512	-1	replay	none	0	none	-	-1	-	-	485	4.3739
189	fixed	1	T2	d702fd6fe588b6cb	2	2	512	-1	replay	none	0	none	-	-1	-	-	478	4.1843
190	fixed	1	T2	d702fd6fe588b6cb	2	2	512	-1	replay	none	0	none	-	-1	-	-	468	4.2954
191	fixed	1	T2	d702fd6fe588b6cb	2	2	512	-1	replay	none	0	none	-	-1	-	-	475	4.2594
192	fixed	1	T3	0dfa7fc3533697c4	1	1	512	-1	direct	none	1	structure	shape,data	0	GET_ROWS	model.input_embed	2414	4.4417
193	fixed	1	T3	0dfa7fc3533697c4	1	1	512	-1	capture	reinstantiate	0	none	-	-1	-	-	2688	6.2401
194	fixed	1	T3	0dfa7fc3533697c4	1	1	512	-1	replay	none	0	none	-	-1	-	-	476	3.9700
195	fixed	1	T3	0dfa7fc3533697c4	1	1	512	-1	replay	none	0	none	-	-1	-	-	481	3.7695
196	fixed	1	T3	0dfa7fc3533697c4	1	1	512	-1	replay	none	0	none	-	-1	-	-	470	3.7727
197	fixed	1	T3	0dfa7fc3533697c4	1	1	512	-1	replay	none	0	none	-	-1	-	-	485	3.9823
198	fixed	1	T3	0dfa7fc3533697c4	1	1	512	-1	replay	none	0	none	-	-1	-	-	468	3.8800
199	fixed	1	T3	0dfa7fc3533697c4	1	1	512	-1	replay	none	0	none	-	-1	-	-	465	3.7722
200	fixed	1	T3	0dfa7fc3533697c4	1	1	512	-1	replay	none	0	none	-	-1	-	-	464	3.7737
201	fixed	1	T3	0dfa7fc3533697c4	1	1	512	-1	replay	none	0	none	-	-1	-	-	465	3.9524
202	fixed	1	T3	0dfa7fc3533697c4	1	1	512	-1	replay	none	0	none	-	-1	-	-	468	3.8786
203	fixed	1	T3	0dfa7fc3533697c4	1	1	512	-1	replay	none	0	none	-	-1	-	-	499	3.7828
204	fixed	1	T3	0dfa7fc3533697c4	1	1	512	-1	replay	none	0	none	-	-1	-	-	472	3.7644
205	fixed	1	T3	0dfa7fc3533697c4	1	1	512	-1	replay	none	0	none	-	-1	-	-	465	4.0605
206	fixed	1	T3	0dfa7fc3533697c4	1	1	512	-1	replay	none	0	none	-	-1	-	-	464	3.9666
207	fixed	1	T3	0dfa7fc3533697c4	1	1	512	-1	replay	none	0	none	-	-1	-	-	553	3.7730
208	fixed	1	T3	0dfa7fc3533697c4	1	1	512	-1	replay	none	0	none	-	-1	-	-	467	3.7640
209	fixed	1	T3	0dfa7fc3533697c4	1	1	512	-1	replay	none	0	none	-	-1	-	-	462	3.9934
210	fixed	1	T3	0dfa7fc3533697c4	1	1	512	-1	replay	none	0	none	-	-1	-	-	461	3.8741
211	fixed	1	T3	0dfa7fc3533697c4	1	1	512	-1	replay	none	0	none	-	-1	-	-	465	3.7517
212	fixed	1	T3	0dfa7fc3533697c4	1	1	512	-1	replay	none	0	none	-	-1	-	-	462	3.7708
213	fixed	1	T3	0dfa7fc3533697c4	1	1	512	-1	replay	none	0	none	-	-1	-	-	464	4.0001
214	fixed	1	T3	0dfa7fc3533697c4	1	1	512	-1	replay	none	0	none	-	-1	-	-	466	3.8841
215	fixed	1	T3	0dfa7fc3533697c4	1	1	512	-1	replay	none	0	none	-	-1	-	-	465	3.7648
216	fixed	1	T3	0dfa7fc3533697c4	1	1	512	-1	replay	none	0	none	-	-1	-	-	467	3.7927
217	fixed	1	T3	0dfa7fc3533697c4	1	1	512	-1	replay	none	0	none	-	-1	-	-	469	3.9756
218	fixed	1	T3	0dfa7fc3533697c4	1	1	512	-1	replay	none	0	none	-	-1	-	-	472	3.9594
219	fixed	1	T3	0dfa7fc3533697c4	1	1	512	-1	replay	none	0	none	-	-1	-	-	463	3.7540
220	fixed	1	T3	0dfa7fc3533697c4	1	1	512	-1	replay	none	0	none	-	-1	-	-	464	3.7591
221	fixed	1	T3	0dfa7fc3533697c4	1	1	512	-1	replay	none	0	none	-	-1	-	-	462	3.9792
222	fixed	1	T3	0dfa7fc3533697c4	1	1	512	-1	replay	none	0	none	-	-1	-	-	463	3.9104
223	fixed	1	T3	0dfa7fc3533697c4	1	1	512	-1	replay	none	0	none	-	-1	-	-	461	3.7642
224	fixed	1	T3	0dfa7fc3533697c4	1	1	512	-1	replay	none	0	none	-	-1	-	-	491	3.7902
225	fixed	1	T3	0dfa7fc3533697c4	1	1	512	-1	replay	none	0	none	-	-1	-	-	472	3.9673
226	fixed	1	T3	0dfa7fc3533697c4	1	1	512	-1	replay	none	0	none	-	-1	-	-	468	3.8934
227	fixed	1	T3	0dfa7fc3533697c4	1	1	512	-1	replay	none	0	none	-	-1	-	-	470	3.7637
228	fixed	1	T3	0dfa7fc3533697c4	1	1	512	-1	replay	none	0	none	-	-1	-	-	467	3.7724
229	fixed	1	T3	0dfa7fc3533697c4	1	1	512	-1	replay	none	0	none	-	-1	-	-	469	3.9394
230	fixed	1	T3	0dfa7fc3533697c4	1	1	512	-1	replay	none	0	none	-	-1	-	-	468	3.9072
231	fixed	1	T3	0dfa7fc3533697c4	1	1	512	-1	replay	none	0	none	-	-1	-	-	463	3.7603
232	fixed	1	T3	0dfa7fc3533697c4	1	1	512	-1	replay	none	0	none	-	-1	-	-	474	3.7711
233	fixed	1	T3	0dfa7fc3533697c4	1	1	512	-1	replay	none	0	none	-	-1	-	-	495	4.0634
234	fixed	1	T3	0dfa7fc3533697c4	1	1	512	-1	replay	none	0	none	-	-1	-	-	473	3.9004
235	fixed	1	T3	0dfa7fc3533697c4	1	1	512	-1	replay	none	0	none	-	-1	-	-	468	3.7699
236	fixed	1	T3	0dfa7fc3533697c4	1	1	512	-1	replay	none	0	none	-	-1	-	-	467	3.7737
237	fixed	1	T3	0dfa7fc3533697c4	1	1	512	-1	replay	none	0	none	-	-1	-	-	529	3.9564
238	fixed	1	T3	0dfa7fc3533697c4	1	1	512	-1	replay	none	0	none	-	-1	-	-	474	3.9644
239	fixed	1	T3	0dfa7fc3533697c4	1	1	512	-1	replay	none	0	none	-	-1	-	-	537	3.8174
240	fixed	1	T3	0dfa7fc3533697c4	1	1	512	-1	replay	none	0	none	-	-1	-	-	476	3.7712
241	fixed	1	T3	0dfa7fc3533697c4	1	1	512	-1	replay	none	0	none	-	-1	-	-	474	4.0320
242	fixed	1	T3	0dfa7fc3533697c4	1	1	512	-1	replay	none	0	none	-	-1	-	-	466	3.9604
243	fixed	1	T3	0dfa7fc3533697c4	1	1	512	-1	replay	none	0	none	-	-1	-	-	469	3.7399
244	fixed	1	T3	0dfa7fc3533697c4	1	1	512	-1	replay	none	0	none	-	-1	-	-	478	3.7523
245	fixed	1	T3	0dfa7fc3533697c4	1	1	512	-1	replay	none	0	none	-	-1	-	-	464	3.8258
246	fixed	1	T3	0dfa7fc3533697c4	1	1	512	-1	replay	none	0	none	-	-1	-	-	472	3.9594
247	fixed	1	T3	0dfa7fc3533697c4	1	1	512	-1	replay	none	0	none	-	-1	-	-	475	3.7393
248	fixed	1	T3	0dfa7fc3533697c4	1	1	512	-1	replay	none	0	none	-	-1	-	-	467	3.7670
249	fixed	1	T3	0dfa7fc3533697c4	1	1	512	-1	replay	none	0	none	-	-1	-	-	471	4.0211
250	fixed	1	T3	0dfa7fc3533697c4	1	1	512	-1	replay	none	0	none	-	-1	-	-	467	3.8947
251	fixed	1	T3	0dfa7fc3533697c4	1	1	512	-1	replay	none	0	none	-	-1	-	-	473	3.7423
252	fixed	1	T3	0dfa7fc3533697c4	1	1	512	-1	replay	none	0	none	-	-1	-	-	499	3.7695
253	fixed	1	T3	0dfa7fc3533697c4	1	1	512	-1	replay	none	0	none	-	-1	-	-	481	3.8436
254	fixed	1	T3	0dfa7fc3533697c4	1	1	512	-1	replay	none	0	none	-	-1	-	-	479	3.8899
255	fixed	1	T3	0dfa7fc3533697c4	1	1	512	-1	replay	none	0	none	-	-1	-	-	478	3.9984
256	fixed	1	T3	0dfa7fc3533697c4	1	1	512	-1	replay	none	0	none	-	-1	-	-	470	3.7540
257	fixed	1	T3	0dfa7fc3533697c4	1	1	512	-1	replay	none	0	none	-	-1	-	-	465	3.7738
258	fixed	1	T3	0dfa7fc3533697c4	1	1	512	-1	replay	none	0	none	-	-1	-	-	463	3.9408
259	fixed	1	T3	0dfa7fc3533697c4	1	1	512	-1	replay	none	0	none	-	-1	-	-	467	3.9872
260	fixed	1	T3	0dfa7fc3533697c4	1	1	512	-1	replay	none	0	none	-	-1	-	-	464	3.7435
261	fixed	1	T3	0dfa7fc3533697c4	1	1	512	-1	replay	none	0	none	-	-1	-	-	478	3.7734
262	fixed	2	T0	802ba1f19f5ea689	4	1	256	-1	direct	none	1	structure	shape,data	0	GET_ROWS	model.input_embed	2585	4.9074
263	fixed	2	T0	0dfa7fc3533697c4	1	1	512	-1	direct	none	0	structure	shape,data	0	GET_ROWS	model.input_embed	2160	4.2045
264	fixed	2	T0	0dfa7fc3533697c4	1	1	512	-1	capture	update	0	none	-	-1	-	-	1656	4.9542
265	fixed	2	T0	0dfa7fc3533697c4	1	1	512	-1	replay	none	0	none	-	-1	-	-	477	3.7717
266	fixed	2	T0	0dfa7fc3533697c4	1	1	512	-1	replay	none	0	none	-	-1	-	-	473	4.1326
267	fixed	2	T0	0dfa7fc3533697c4	1	1	512	-1	replay	none	0	none	-	-1	-	-	474	3.9817
268	fixed	2	T0	0dfa7fc3533697c4	1	1	512	-1	replay	none	0	none	-	-1	-	-	474	3.7490
269	fixed	2	T0	0dfa7fc3533697c4	1	1	512	-1	replay	none	0	none	-	-1	-	-	467	3.7521
270	fixed	2	T0	0dfa7fc3533697c4	1	1	512	-1	replay	none	0	none	-	-1	-	-	469	4.0323
271	fixed	2	T0	0dfa7fc3533697c4	1	1	512	-1	replay	none	0	none	-	-1	-	-	470	3.9806
272	fixed	2	T0	0dfa7fc3533697c4	1	1	512	-1	replay	none	0	none	-	-1	-	-	466	3.7420
273	fixed	2	T0	0dfa7fc3533697c4	1	1	512	-1	replay	none	0	none	-	-1	-	-	471	3.7574
274	fixed	2	T0	0dfa7fc3533697c4	1	1	512	-1	replay	none	0	none	-	-1	-	-	468	4.0392
275	fixed	2	T0	0dfa7fc3533697c4	1	1	512	-1	replay	none	0	none	-	-1	-	-	479	3.9615
276	fixed	2	T0	0dfa7fc3533697c4	1	1	512	-1	replay	none	0	none	-	-1	-	-	473	3.7346
277	fixed	2	T0	0dfa7fc3533697c4	1	1	512	-1	replay	none	0	none	-	-1	-	-	472	3.7559
278	fixed	2	T0	0dfa7fc3533697c4	1	1	512	-1	replay	none	0	none	-	-1	-	-	468	4.0110
279	fixed	2	T0	0dfa7fc3533697c4	1	1	512	-1	replay	none	0	none	-	-1	-	-	467	3.9810
280	fixed	2	T0	0dfa7fc3533697c4	1	1	512	-1	replay	none	0	none	-	-1	-	-	470	3.8468
281	fixed	2	T0	0dfa7fc3533697c4	1	1	512	-1	replay	none	0	none	-	-1	-	-	468	3.7835
282	fixed	2	T0	0dfa7fc3533697c4	1	1	512	-1	replay	none	0	none	-	-1	-	-	477	5.6468
283	fixed	2	T0	0dfa7fc3533697c4	1	1	512	-1	replay	none	0	none	-	-1	-	-	547	4.0354
284	fixed	2	T0	0dfa7fc3533697c4	1	1	512	-1	replay	none	0	none	-	-1	-	-	488	4.0145
285	fixed	2	T0	0dfa7fc3533697c4	1	1	512	-1	replay	none	0	none	-	-1	-	-	490	3.7237
286	fixed	2	T0	0dfa7fc3533697c4	1	1	512	-1	replay	none	0	none	-	-1	-	-	470	3.7516
287	fixed	2	T1	94dc22ce3d23b91b	2	1	512	-1	direct	none	1	structure	shape,data	0	GET_ROWS	model.input_embed	2649	4.6772
288	fixed	2	T1	d8f873be867a8271	251	0	256	-1	direct	none	0	structure	shape,data	0	GET_ROWS	model.input_embed	3242	16.9475
289	fixed	2	T1	79cc5f245f480542	2	1	512	-1	direct	none	0	structure	shape,data	0	GET_ROWS	model.input_embed	2417	4.8538
290	fixed	2	T1	bcd06391008a2d68	3	1	256	-1	direct	none	0	structure	shape,data	0	GET_ROWS	model.input_embed	2444	4.8269
291	fixed	2	T2	d702fd6fe588b6cb	2	2	512	-1	direct	none	0	structure	shape,data	0	GET_ROWS	model.input_embed	2465	5.1475
292	fixed	2	T2	d702fd6fe588b6cb	2	2	512	-1	capture	reinstantiate	0	none	-	-1	-	-	2745	6.4492
293	fixed	2	T2	d702fd6fe588b6cb	2	2	512	-1	replay	none	0	none	-	-1	-	-	474	4.0206
294	fixed	2	T2	d702fd6fe588b6cb	2	2	512	-1	replay	none	0	none	-	-1	-	-	470	4.0710
295	fixed	2	T2	d702fd6fe588b6cb	2	2	512	-1	replay	none	0	none	-	-1	-	-	468	4.0509
296	fixed	2	T2	d702fd6fe588b6cb	2	2	512	-1	replay	none	0	none	-	-1	-	-	466	4.3385
297	fixed	2	T2	d702fd6fe588b6cb	2	2	512	-1	replay	none	0	none	-	-1	-	-	468	4.3075
298	fixed	2	T2	d702fd6fe588b6cb	2	2	512	-1	replay	none	0	none	-	-1	-	-	466	4.1935
299	fixed	2	T2	d702fd6fe588b6cb	2	2	512	-1	replay	none	0	none	-	-1	-	-	468	4.0345
300	fixed	2	T2	d702fd6fe588b6cb	2	2	512	-1	replay	none	0	none	-	-1	-	-	552	4.0464
301	fixed	2	T2	d702fd6fe588b6cb	2	2	512	-1	replay	none	0	none	-	-1	-	-	476	4.0534
302	fixed	2	T2	d702fd6fe588b6cb	2	2	512	-1	replay	none	0	none	-	-1	-	-	468	4.0993
303	fixed	2	T2	d702fd6fe588b6cb	2	2	512	-1	replay	none	0	none	-	-1	-	-	475	4.2448
304	fixed	2	T2	d702fd6fe588b6cb	2	2	512	-1	replay	none	0	none	-	-1	-	-	470	4.2244
305	fixed	2	T2	d702fd6fe588b6cb	2	2	512	-1	replay	none	0	none	-	-1	-	-	474	4.0216
306	fixed	2	T2	d702fd6fe588b6cb	2	2	512	-1	replay	none	0	none	-	-1	-	-	478	4.0422
307	fixed	2	T2	d702fd6fe588b6cb	2	2	512	-1	replay	none	0	none	-	-1	-	-	471	4.0526
308	fixed	2	T2	d702fd6fe588b6cb	2	2	512	-1	replay	none	0	none	-	-1	-	-	530	4.1110
309	fixed	2	T2	d702fd6fe588b6cb	2	2	512	-1	replay	none	0	none	-	-1	-	-	471	4.2330
310	fixed	2	T2	d702fd6fe588b6cb	2	2	512	-1	replay	none	0	none	-	-1	-	-	475	4.2944
311	fixed	2	T2	d702fd6fe588b6cb	2	2	512	-1	replay	none	0	none	-	-1	-	-	472	4.2718
312	fixed	2	T2	d702fd6fe588b6cb	2	2	512	-1	replay	none	0	none	-	-1	-	-	471	4.0328
313	fixed	2	T2	d702fd6fe588b6cb	2	2	512	-1	replay	none	0	none	-	-1	-	-	470	4.0681
314	fixed	2	T2	d702fd6fe588b6cb	2	2	512	-1	replay	none	0	none	-	-1	-	-	467	4.0689
315	fixed	2	T2	d702fd6fe588b6cb	2	2	512	-1	replay	none	0	none	-	-1	-	-	465	4.2293
316	fixed	2	T2	d702fd6fe588b6cb	2	2	512	-1	replay	none	0	none	-	-1	-	-	467	4.2716
317	fixed	2	T2	d702fd6fe588b6cb	2	2	512	-1	replay	none	0	none	-	-1	-	-	475	4.2421
318	fixed	2	T2	d702fd6fe588b6cb	2	2	512	-1	replay	none	0	none	-	-1	-	-	468	4.0221
319	fixed	2	T2	d702fd6fe588b6cb	2	2	512	-1	replay	none	0	none	-	-1	-	-	479	4.0683
320	fixed	2	T2	d702fd6fe588b6cb	2	2	512	-1	replay	none	0	none	-	-1	-	-	476	4.0491
321	fixed	2	T2	d702fd6fe588b6cb	2	2	512	-1	replay	none	0	none	-	-1	-	-	477	4.1249
322	fixed	2	T3	0dfa7fc3533697c4	1	1	512	-1	direct	none	1	structure	shape,data	0	GET_ROWS	model.input_embed	2226	4.4462
323	fixed	2	T3	0dfa7fc3533697c4	1	1	512	-1	capture	reinstantiate	0	none	-	-1	-	-	2631	5.9755
324	fixed	2	T3	0dfa7fc3533697c4	1	1	512	-1	replay	none	0	none	-	-1	-	-	475	4.0217
325	fixed	2	T3	0dfa7fc3533697c4	1	1	512	-1	replay	none	0	none	-	-1	-	-	469	3.9063
326	fixed	2	T3	0dfa7fc3533697c4	1	1	512	-1	replay	none	0	none	-	-1	-	-	471	3.7569
327	fixed	2	T3	0dfa7fc3533697c4	1	1	512	-1	replay	none	0	none	-	-1	-	-	474	3.9824
328	fixed	2	T3	0dfa7fc3533697c4	1	1	512	-1	replay	none	0	none	-	-1	-	-	473	4.0383
329	fixed	2	T3	0dfa7fc3533697c4	1	1	512	-1	replay	none	0	none	-	-1	-	-	474	3.9899
330	fixed	2	T3	0dfa7fc3533697c4	1	1	512	-1	replay	none	0	none	-	-1	-	-	474	3.7379
331	fixed	2	T3	0dfa7fc3533697c4	1	1	512	-1	replay	none	0	none	-	-1	-	-	472	3.7607
332	fixed	2	T3	0dfa7fc3533697c4	1	1	512	-1	replay	none	0	none	-	-1	-	-	471	4.1319
333	fixed	2	T3	0dfa7fc3533697c4	1	1	512	-1	replay	none	0	none	-	-1	-	-	465	3.9513
334	fixed	2	T3	0dfa7fc3533697c4	1	1	512	-1	replay	none	0	none	-	-1	-	-	466	3.7378
335	fixed	2	T3	0dfa7fc3533697c4	1	1	512	-1	replay	none	0	none	-	-1	-	-	467	3.7537
336	fixed	2	T3	0dfa7fc3533697c4	1	1	512	-1	replay	none	0	none	-	-1	-	-	465	4.0655
337	fixed	2	T3	0dfa7fc3533697c4	1	1	512	-1	replay	none	0	none	-	-1	-	-	467	3.9783
338	fixed	2	T3	0dfa7fc3533697c4	1	1	512	-1	replay	none	0	none	-	-1	-	-	467	3.7450
339	fixed	2	T3	0dfa7fc3533697c4	1	1	512	-1	replay	none	0	none	-	-1	-	-	468	3.7415
340	fixed	2	T3	0dfa7fc3533697c4	1	1	512	-1	replay	none	0	none	-	-1	-	-	467	3.9774
341	fixed	2	T3	0dfa7fc3533697c4	1	1	512	-1	replay	none	0	none	-	-1	-	-	640	4.0255
342	fixed	2	T3	0dfa7fc3533697c4	1	1	512	-1	replay	none	0	none	-	-1	-	-	474	3.7285
343	fixed	2	T3	0dfa7fc3533697c4	1	1	512	-1	replay	none	0	none	-	-1	-	-	476	3.7572
344	fixed	2	T3	0dfa7fc3533697c4	1	1	512	-1	replay	none	0	none	-	-1	-	-	474	3.8246
345	fixed	2	T3	0dfa7fc3533697c4	1	1	512	-1	replay	none	0	none	-	-1	-	-	472	4.0032
346	fixed	2	T3	0dfa7fc3533697c4	1	1	512	-1	replay	none	0	none	-	-1	-	-	474	3.7355
347	fixed	2	T3	0dfa7fc3533697c4	1	1	512	-1	replay	none	0	none	-	-1	-	-	466	3.7626
348	fixed	2	T3	0dfa7fc3533697c4	1	1	512	-1	replay	none	0	none	-	-1	-	-	473	3.8285
349	fixed	2	T3	0dfa7fc3533697c4	1	1	512	-1	replay	none	0	none	-	-1	-	-	480	4.0109
350	fixed	2	T3	0dfa7fc3533697c4	1	1	512	-1	replay	none	0	none	-	-1	-	-	477	3.7419
351	fixed	2	T3	0dfa7fc3533697c4	1	1	512	-1	replay	none	0	none	-	-1	-	-	470	3.7631
352	fixed	2	T3	0dfa7fc3533697c4	1	1	512	-1	replay	none	0	none	-	-1	-	-	470	3.8095
353	fixed	2	T3	0dfa7fc3533697c4	1	1	512	-1	replay	none	0	none	-	-1	-	-	479	3.9846
354	fixed	2	T3	0dfa7fc3533697c4	1	1	512	-1	replay	none	0	none	-	-1	-	-	469	3.7295
355	fixed	2	T3	0dfa7fc3533697c4	1	1	512	-1	replay	none	0	none	-	-1	-	-	471	3.7604
356	fixed	2	T3	0dfa7fc3533697c4	1	1	512	-1	replay	none	0	none	-	-1	-	-	469	4.0492
357	fixed	2	T3	0dfa7fc3533697c4	1	1	512	-1	replay	none	0	none	-	-1	-	-	466	4.0160
358	fixed	2	T3	0dfa7fc3533697c4	1	1	512	-1	replay	none	0	none	-	-1	-	-	465	3.7310
359	fixed	2	T3	0dfa7fc3533697c4	1	1	512	-1	replay	none	0	none	-	-1	-	-	470	3.7614
360	fixed	2	T3	0dfa7fc3533697c4	1	1	512	-1	replay	none	0	none	-	-1	-	-	472	3.8241
361	fixed	2	T3	0dfa7fc3533697c4	1	1	512	-1	replay	none	0	none	-	-1	-	-	472	4.0174
362	fixed	2	T3	0dfa7fc3533697c4	1	1	512	-1	replay	none	0	none	-	-1	-	-	469	3.9508
363	fixed	2	T3	0dfa7fc3533697c4	1	1	512	-1	replay	none	0	none	-	-1	-	-	469	3.7744
364	fixed	2	T3	0dfa7fc3533697c4	1	1	512	-1	replay	none	0	none	-	-1	-	-	468	3.7728
365	fixed	2	T3	0dfa7fc3533697c4	1	1	512	-1	replay	none	0	none	-	-1	-	-	466	3.9742
366	fixed	2	T3	0dfa7fc3533697c4	1	1	512	-1	replay	none	0	none	-	-1	-	-	466	3.9852
367	fixed	2	T3	0dfa7fc3533697c4	1	1	512	-1	replay	none	0	none	-	-1	-	-	467	3.7401
368	fixed	2	T3	0dfa7fc3533697c4	1	1	512	-1	replay	none	0	none	-	-1	-	-	467	3.7721
369	fixed	2	T3	0dfa7fc3533697c4	1	1	512	-1	replay	none	0	none	-	-1	-	-	466	4.0274
370	fixed	2	T3	0dfa7fc3533697c4	1	1	512	-1	replay	none	0	none	-	-1	-	-	469	3.9706
371	fixed	2	T3	0dfa7fc3533697c4	1	1	512	-1	replay	none	0	none	-	-1	-	-	475	3.7469
372	fixed	2	T3	0dfa7fc3533697c4	1	1	512	-1	replay	none	0	none	-	-1	-	-	473	3.7634
373	fixed	2	T3	0dfa7fc3533697c4	1	1	512	-1	replay	none	0	none	-	-1	-	-	470	4.0348
374	fixed	2	T3	0dfa7fc3533697c4	1	1	512	-1	replay	none	0	none	-	-1	-	-	476	3.8736
375	fixed	2	T3	0dfa7fc3533697c4	1	1	512	-1	replay	none	0	none	-	-1	-	-	475	3.7461
376	fixed	2	T3	0dfa7fc3533697c4	1	1	512	-1	replay	none	0	none	-	-1	-	-	471	3.7503
377	fixed	2	T3	0dfa7fc3533697c4	1	1	512	-1	replay	none	0	none	-	-1	-	-	472	4.0343
378	fixed	2	T3	0dfa7fc3533697c4	1	1	512	-1	replay	none	0	none	-	-1	-	-	470	3.9406
379	fixed	2	T3	0dfa7fc3533697c4	1	1	512	-1	replay	none	0	none	-	-1	-	-	464	3.7549
380	fixed	2	T3	0dfa7fc3533697c4	1	1	512	-1	replay	none	0	none	-	-1	-	-	464	3.7566
381	fixed	2	T3	0dfa7fc3533697c4	1	1	512	-1	replay	none	0	none	-	-1	-	-	468	4.0359
382	fixed	2	T3	0dfa7fc3533697c4	1	1	512	-1	replay	none	0	none	-	-1	-	-	470	4.0682
383	fixed	2	T3	0dfa7fc3533697c4	1	1	512	-1	replay	none	0	none	-	-1	-	-	474	3.7405
384	fixed	2	T3	0dfa7fc3533697c4	1	1	512	-1	replay	none	0	none	-	-1	-	-	474	3.7697
385	fixed	2	T3	0dfa7fc3533697c4	1	1	512	-1	replay	none	0	none	-	-1	-	-	474	4.0408
386	fixed	2	T3	0dfa7fc3533697c4	1	1	512	-1	replay	none	0	none	-	-1	-	-	593	4.0170
387	fixed	2	T3	0dfa7fc3533697c4	1	1	512	-1	replay	none	0	none	-	-1	-	-	590	3.7408
388	fixed	2	T3	0dfa7fc3533697c4	1	1	512	-1	replay	none	0	none	-	-1	-	-	470	3.7562
389	fixed	2	T3	0dfa7fc3533697c4	1	1	512	-1	replay	none	0	none	-	-1	-	-	468	3.9997
390	fixed	2	T3	0dfa7fc3533697c4	1	1	512	-1	replay	none	0	none	-	-1	-	-	527	4.0284
391	fixed	2	T3	0dfa7fc3533697c4	1	1	512	-1	replay	none	0	none	-	-1	-	-	478	3.9909
392	fixed	3	T0	802ba1f19f5ea689	4	1	256	-1	direct	none	1	structure	shape,data	0	GET_ROWS	model.input_embed	2556	4.9446
393	fixed	3	T0	0dfa7fc3533697c4	1	1	512	-1	direct	none	0	structure	shape,data	0	GET_ROWS	model.input_embed	2158	4.1944
394	fixed	3	T0	0dfa7fc3533697c4	1	1	512	-1	capture	update	0	none	-	-1	-	-	1661	4.9053
395	fixed	3	T0	0dfa7fc3533697c4	1	1	512	-1	replay	none	0	none	-	-1	-	-	482	3.7747
396	fixed	3	T0	0dfa7fc3533697c4	1	1	512	-1	replay	none	0	none	-	-1	-	-	474	4.1481
397	fixed	3	T0	0dfa7fc3533697c4	1	1	512	-1	replay	none	0	none	-	-1	-	-	472	4.0237
398	fixed	3	T0	0dfa7fc3533697c4	1	1	512	-1	replay	none	0	none	-	-1	-	-	484	3.7345
399	fixed	3	T0	0dfa7fc3533697c4	1	1	512	-1	replay	none	0	none	-	-1	-	-	477	3.7444
400	fixed	3	T0	0dfa7fc3533697c4	1	1	512	-1	replay	none	0	none	-	-1	-	-	473	4.0429
401	fixed	3	T0	0dfa7fc3533697c4	1	1	512	-1	replay	none	0	none	-	-1	-	-	489	4.0290
402	fixed	3	T0	0dfa7fc3533697c4	1	1	512	-1	replay	none	0	none	-	-1	-	-	487	3.7450
403	fixed	3	T0	0dfa7fc3533697c4	1	1	512	-1	replay	none	0	none	-	-1	-	-	488	3.7555
404	fixed	3	T0	0dfa7fc3533697c4	1	1	512	-1	replay	none	0	none	-	-1	-	-	580	3.8230
405	fixed	3	T0	0dfa7fc3533697c4	1	1	512	-1	replay	none	0	none	-	-1	-	-	484	3.9932
406	fixed	3	T0	0dfa7fc3533697c4	1	1	512	-1	replay	none	0	none	-	-1	-	-	489	4.0212
407	fixed	3	T0	0dfa7fc3533697c4	1	1	512	-1	replay	none	0	none	-	-1	-	-	479	3.7242
408	fixed	3	T0	0dfa7fc3533697c4	1	1	512	-1	replay	none	0	none	-	-1	-	-	477	3.8195
409	fixed	3	T0	0dfa7fc3533697c4	1	1	512	-1	replay	none	0	none	-	-1	-	-	479	3.9278
410	fixed	3	T0	0dfa7fc3533697c4	1	1	512	-1	replay	none	0	none	-	-1	-	-	483	4.0076
411	fixed	3	T0	0dfa7fc3533697c4	1	1	512	-1	replay	none	0	none	-	-1	-	-	488	3.7315
412	fixed	3	T0	0dfa7fc3533697c4	1	1	512	-1	replay	none	0	none	-	-1	-	-	477	3.7684
413	fixed	3	T0	0dfa7fc3533697c4	1	1	512	-1	replay	none	0	none	-	-1	-	-	483	4.0061
414	fixed	3	T0	0dfa7fc3533697c4	1	1	512	-1	replay	none	0	none	-	-1	-	-	489	4.0589
415	fixed	3	T0	0dfa7fc3533697c4	1	1	512	-1	replay	none	0	none	-	-1	-	-	482	3.7458
416	fixed	3	T0	0dfa7fc3533697c4	1	1	512	-1	replay	none	0	none	-	-1	-	-	480	3.8028
417	fixed	3	T1	94dc22ce3d23b91b	2	1	512	-1	direct	none	1	structure	shape,data	0	GET_ROWS	model.input_embed	2697	4.8393
418	fixed	3	T1	d8f873be867a8271	251	0	256	-1	direct	none	0	structure	shape,data	0	GET_ROWS	model.input_embed	3135	17.0157
419	fixed	3	T1	79cc5f245f480542	2	1	512	-1	direct	none	0	structure	shape,data	0	GET_ROWS	model.input_embed	2600	4.8626
420	fixed	3	T1	bcd06391008a2d68	3	1	256	-1	direct	none	0	structure	shape,data	0	GET_ROWS	model.input_embed	2678	4.7765
421	fixed	3	T2	d702fd6fe588b6cb	2	2	512	-1	direct	none	0	structure	shape,data	0	GET_ROWS	model.input_embed	2573	4.8514
422	fixed	3	T2	d702fd6fe588b6cb	2	2	512	-1	capture	reinstantiate	0	none	-	-1	-	-	3166	6.8927
423	fixed	3	T2	d702fd6fe588b6cb	2	2	512	-1	replay	none	0	none	-	-1	-	-	483	4.2142
424	fixed	3	T2	d702fd6fe588b6cb	2	2	512	-1	replay	none	0	none	-	-1	-	-	478	4.0368
425	fixed	3	T2	d702fd6fe588b6cb	2	2	512	-1	replay	none	0	none	-	-1	-	-	479	4.0364
426	fixed	3	T2	d702fd6fe588b6cb	2	2	512	-1	replay	none	0	none	-	-1	-	-	479	4.0771
427	fixed	3	T2	d702fd6fe588b6cb	2	2	512	-1	replay	none	0	none	-	-1	-	-	489	4.3134
428	fixed	3	T2	d702fd6fe588b6cb	2	2	512	-1	replay	none	0	none	-	-1	-	-	478	4.2836
429	fixed	3	T2	d702fd6fe588b6cb	2	2	512	-1	replay	none	0	none	-	-1	-	-	479	4.3298
430	fixed	3	T2	d702fd6fe588b6cb	2	2	512	-1	replay	none	0	none	-	-1	-	-	488	4.2916
431	fixed	3	T2	d702fd6fe588b6cb	2	2	512	-1	replay	none	0	none	-	-1	-	-	518	4.2156
432	fixed	3	T2	d702fd6fe588b6cb	2	2	512	-1	replay	none	0	none	-	-1	-	-	488	4.0353
433	fixed	3	T2	d702fd6fe588b6cb	2	2	512	-1	replay	none	0	none	-	-1	-	-	487	4.0742
434	fixed	3	T2	d702fd6fe588b6cb	2	2	512	-1	replay	none	0	none	-	-1	-	-	477	4.1069
435	fixed	3	T2	d702fd6fe588b6cb	2	2	512	-1	replay	none	0	none	-	-1	-	-	492	4.2125
436	fixed	3	T2	d702fd6fe588b6cb	2	2	512	-1	replay	none	0	none	-	-1	-	-	486	4.3084
437	fixed	3	T2	d702fd6fe588b6cb	2	2	512	-1	replay	none	0	none	-	-1	-	-	477	4.2940
438	fixed	3	T2	d702fd6fe588b6cb	2	2	512	-1	replay	none	0	none	-	-1	-	-	486	4.0307
439	fixed	3	T2	d702fd6fe588b6cb	2	2	512	-1	replay	none	0	none	-	-1	-	-	492	4.0338
440	fixed	3	T2	d702fd6fe588b6cb	2	2	512	-1	replay	none	0	none	-	-1	-	-	478	4.0638
441	fixed	3	T2	d702fd6fe588b6cb	2	2	512	-1	replay	none	0	none	-	-1	-	-	486	4.3140
442	fixed	3	T2	d702fd6fe588b6cb	2	2	512	-1	replay	none	0	none	-	-1	-	-	487	4.2993
443	fixed	3	T2	d702fd6fe588b6cb	2	2	512	-1	replay	none	0	none	-	-1	-	-	483	4.3081
444	fixed	3	T2	d702fd6fe588b6cb	2	2	512	-1	replay	none	0	none	-	-1	-	-	479	4.0296
445	fixed	3	T2	d702fd6fe588b6cb	2	2	512	-1	replay	none	0	none	-	-1	-	-	482	4.0378
446	fixed	3	T2	d702fd6fe588b6cb	2	2	512	-1	replay	none	0	none	-	-1	-	-	474	4.0766
447	fixed	3	T2	d702fd6fe588b6cb	2	2	512	-1	replay	none	0	none	-	-1	-	-	470	4.0917
448	fixed	3	T2	d702fd6fe588b6cb	2	2	512	-1	replay	none	0	none	-	-1	-	-	469	4.2013
449	fixed	3	T2	d702fd6fe588b6cb	2	2	512	-1	replay	none	0	none	-	-1	-	-	468	4.2130
450	fixed	3	T2	d702fd6fe588b6cb	2	2	512	-1	replay	none	0	none	-	-1	-	-	473	4.0307
451	fixed	3	T2	d702fd6fe588b6cb	2	2	512	-1	replay	none	0	none	-	-1	-	-	471	4.0207
452	fixed	3	T3	0dfa7fc3533697c4	1	1	512	-1	direct	none	1	structure	shape,data	0	GET_ROWS	model.input_embed	2234	4.2529
453	fixed	3	T3	0dfa7fc3533697c4	1	1	512	-1	capture	reinstantiate	0	none	-	-1	-	-	2895	6.1599
454	fixed	3	T3	0dfa7fc3533697c4	1	1	512	-1	replay	none	0	none	-	-1	-	-	482	3.7491
455	fixed	3	T3	0dfa7fc3533697c4	1	1	512	-1	replay	none	0	none	-	-1	-	-	473	4.0486
456	fixed	3	T3	0dfa7fc3533697c4	1	1	512	-1	replay	none	0	none	-	-1	-	-	479	4.1317
457	fixed	3	T3	0dfa7fc3533697c4	1	1	512	-1	replay	none	0	none	-	-1	-	-	519	3.7298
458	fixed	3	T3	0dfa7fc3533697c4	1	1	512	-1	replay	none	0	none	-	-1	-	-	476	3.7503
459	fixed	3	T3	0dfa7fc3533697c4	1	1	512	-1	replay	none	0	none	-	-1	-	-	547	3.8004
460	fixed	3	T3	0dfa7fc3533697c4	1	1	512	-1	replay	none	0	none	-	-1	-	-	480	4.0154
461	fixed	3	T3	0dfa7fc3533697c4	1	1	512	-1	replay	none	0	none	-	-1	-	-	475	3.7435
462	fixed	3	T3	0dfa7fc3533697c4	1	1	512	-1	replay	none	0	none	-	-1	-	-	476	3.7367
463	fixed	3	T3	0dfa7fc3533697c4	1	1	512	-1	replay	none	0	none	-	-1	-	-	472	3.8016
464	fixed	3	T3	0dfa7fc3533697c4	1	1	512	-1	replay	none	0	none	-	-1	-	-	474	4.0223
465	fixed	3	T3	0dfa7fc3533697c4	1	1	512	-1	replay	none	0	none	-	-1	-	-	478	3.7273
466	fixed	3	T3	0dfa7fc3533697c4	1	1	512	-1	replay	none	0	none	-	-1	-	-	475	3.7417
467	fixed	3	T3	0dfa7fc3533697c4	1	1	512	-1	replay	none	0	none	-	-1	-	-	477	3.8115
468	fixed	3	T3	0dfa7fc3533697c4	1	1	512	-1	replay	none	0	none	-	-1	-	-	474	4.0233
469	fixed	3	T3	0dfa7fc3533697c4	1	1	512	-1	replay	none	0	none	-	-1	-	-	472	3.7318
470	fixed	3	T3	0dfa7fc3533697c4	1	1	512	-1	replay	none	0	none	-	-1	-	-	471	3.7399
471	fixed	3	T3	0dfa7fc3533697c4	1	1	512	-1	replay	none	0	none	-	-1	-	-	470	3.8064
472	fixed	3	T3	0dfa7fc3533697c4	1	1	512	-1	replay	none	0	none	-	-1	-	-	469	4.0275
473	fixed	3	T3	0dfa7fc3533697c4	1	1	512	-1	replay	none	0	none	-	-1	-	-	468	3.7431
474	fixed	3	T3	0dfa7fc3533697c4	1	1	512	-1	replay	none	0	none	-	-1	-	-	471	3.7401
475	fixed	3	T3	0dfa7fc3533697c4	1	1	512	-1	replay	none	0	none	-	-1	-	-	473	3.8143
476	fixed	3	T3	0dfa7fc3533697c4	1	1	512	-1	replay	none	0	none	-	-1	-	-	471	4.0177
477	fixed	3	T3	0dfa7fc3533697c4	1	1	512	-1	replay	none	0	none	-	-1	-	-	469	3.7586
478	fixed	3	T3	0dfa7fc3533697c4	1	1	512	-1	replay	none	0	none	-	-1	-	-	475	3.7413
479	fixed	3	T3	0dfa7fc3533697c4	1	1	512	-1	replay	none	0	none	-	-1	-	-	478	3.8204
480	fixed	3	T3	0dfa7fc3533697c4	1	1	512	-1	replay	none	0	none	-	-1	-	-	474	4.0154
481	fixed	3	T3	0dfa7fc3533697c4	1	1	512	-1	replay	none	0	none	-	-1	-	-	473	3.8749
482	fixed	3	T3	0dfa7fc3533697c4	1	1	512	-1	replay	none	0	none	-	-1	-	-	472	3.7408
483	fixed	3	T3	0dfa7fc3533697c4	1	1	512	-1	replay	none	0	none	-	-1	-	-	472	3.8197
484	fixed	3	T3	0dfa7fc3533697c4	1	1	512	-1	replay	none	0	none	-	-1	-	-	479	4.0118
485	fixed	3	T3	0dfa7fc3533697c4	1	1	512	-1	replay	none	0	none	-	-1	-	-	476	4.0263
486	fixed	3	T3	0dfa7fc3533697c4	1	1	512	-1	replay	none	0	none	-	-1	-	-	483	3.7369
487	fixed	3	T3	0dfa7fc3533697c4	1	1	512	-1	replay	none	0	none	-	-1	-	-	483	3.7584
488	fixed	3	T3	0dfa7fc3533697c4	1	1	512	-1	replay	none	0	none	-	-1	-	-	491	4.0239
489	fixed	3	T3	0dfa7fc3533697c4	1	1	512	-1	replay	none	0	none	-	-1	-	-	475	4.0346
490	fixed	3	T3	0dfa7fc3533697c4	1	1	512	-1	replay	none	0	none	-	-1	-	-	479	3.7264
491	fixed	3	T3	0dfa7fc3533697c4	1	1	512	-1	replay	none	0	none	-	-1	-	-	473	3.7692
492	fixed	3	T3	0dfa7fc3533697c4	1	1	512	-1	replay	none	0	none	-	-1	-	-	475	3.9238
493	fixed	3	T3	0dfa7fc3533697c4	1	1	512	-1	replay	none	0	none	-	-1	-	-	480	4.0166
494	fixed	3	T3	0dfa7fc3533697c4	1	1	512	-1	replay	none	0	none	-	-1	-	-	490	3.7353
495	fixed	3	T3	0dfa7fc3533697c4	1	1	512	-1	replay	none	0	none	-	-1	-	-	475	3.7703
496	fixed	3	T3	0dfa7fc3533697c4	1	1	512	-1	replay	none	0	none	-	-1	-	-	479	4.0383
497	fixed	3	T3	0dfa7fc3533697c4	1	1	512	-1	replay	none	0	none	-	-1	-	-	489	4.0370
498	fixed	3	T3	0dfa7fc3533697c4	1	1	512	-1	replay	none	0	none	-	-1	-	-	478	3.7445
499	fixed	3	T3	0dfa7fc3533697c4	1	1	512	-1	replay	none	0	none	-	-1	-	-	471	3.7528
500	fixed	3	T3	0dfa7fc3533697c4	1	1	512	-1	replay	none	0	none	-	-1	-	-	476	4.0288
501	fixed	3	T3	0dfa7fc3533697c4	1	1	512	-1	replay	none	0	none	-	-1	-	-	472	3.9216
502	fixed	3	T3	0dfa7fc3533697c4	1	1	512	-1	replay	none	0	none	-	-1	-	-	588	3.7544
503	fixed	3	T3	0dfa7fc3533697c4	1	1	512	-1	replay	none	0	none	-	-1	-	-	476	3.7517
504	fixed	3	T3	0dfa7fc3533697c4	1	1	512	-1	replay	none	0	none	-	-1	-	-	476	4.0252
505	fixed	3	T3	0dfa7fc3533697c4	1	1	512	-1	replay	none	0	none	-	-1	-	-	470	4.0346
506	fixed	3	T3	0dfa7fc3533697c4	1	1	512	-1	replay	none	0	none	-	-1	-	-	475	3.7286
507	fixed	3	T3	0dfa7fc3533697c4	1	1	512	-1	replay	none	0	none	-	-1	-	-	474	3.7469
508	fixed	3	T3	0dfa7fc3533697c4	1	1	512	-1	replay	none	0	none	-	-1	-	-	471	3.9423
509	fixed	3	T3	0dfa7fc3533697c4	1	1	512	-1	replay	none	0	none	-	-1	-	-	467	4.0228
510	fixed	3	T3	0dfa7fc3533697c4	1	1	512	-1	replay	none	0	none	-	-1	-	-	470	3.7364
511	fixed	3	T3	0dfa7fc3533697c4	1	1	512	-1	replay	none	0	none	-	-1	-	-	470	3.7502
512	fixed	3	T3	0dfa7fc3533697c4	1	1	512	-1	replay	none	0	none	-	-1	-	-	475	4.0168
513	fixed	3	T3	0dfa7fc3533697c4	1	1	512	-1	replay	none	0	none	-	-1	-	-	471	3.9258
514	fixed	3	T3	0dfa7fc3533697c4	1	1	512	-1	replay	none	0	none	-	-1	-	-	477	3.7376
515	fixed	3	T3	0dfa7fc3533697c4	1	1	512	-1	replay	none	0	none	-	-1	-	-	470	3.7424
516	fixed	3	T3	0dfa7fc3533697c4	1	1	512	-1	replay	none	0	none	-	-1	-	-	477	4.0348
517	fixed	3	T3	0dfa7fc3533697c4	1	1	512	-1	replay	none	0	none	-	-1	-	-	473	4.0316
518	fixed	3	T3	0dfa7fc3533697c4	1	1	512	-1	replay	none	0	none	-	-1	-	-	477	3.7268
519	fixed	3	T3	0dfa7fc3533697c4	1	1	512	-1	replay	none	0	none	-	-1	-	-	476	3.7377
520	fixed	3	T3	0dfa7fc3533697c4	1	1	512	-1	replay	none	0	none	-	-1	-	-	477	3.8137
521	fixed	3	T3	0dfa7fc3533697c4	1	1	512	-1	replay	none	0	none	-	-1	-	-	477	4.0181
522	fixed	4	T0	802ba1f19f5ea689	4	1	256	-1	direct	none	1	structure	shape,data	0	GET_ROWS	model.input_embed	2559	5.1614
523	fixed	4	T0	0dfa7fc3533697c4	1	1	512	-1	direct	none	0	structure	shape,data	0	GET_ROWS	model.input_embed	2193	4.4073
524	fixed	4	T0	0dfa7fc3533697c4	1	1	512	-1	capture	update	0	none	-	-1	-	-	1739	5.2113
525	fixed	4	T0	0dfa7fc3533697c4	1	1	512	-1	replay	none	0	none	-	-1	-	-	483	3.7353
526	fixed	4	T0	0dfa7fc3533697c4	1	1	512	-1	replay	none	0	none	-	-1	-	-	479	3.7361
527	fixed	4	T0	0dfa7fc3533697c4	1	1	512	-1	replay	none	0	none	-	-1	-	-	479	3.9945
528	fixed	4	T0	0dfa7fc3533697c4	1	1	512	-1	replay	none	0	none	-	-1	-	-	474	4.0226
529	fixed	4	T0	0dfa7fc3533697c4	1	1	512	-1	replay	none	0	none	-	-1	-	-	513	3.7254
530	fixed	4	T0	0dfa7fc3533697c4	1	1	512	-1	replay	none	0	none	-	-1	-	-	480	3.7364
531	fixed	4	T0	0dfa7fc3533697c4	1	1	512	-1	replay	none	0	none	-	-1	-	-	480	3.9906
532	fixed	4	T0	0dfa7fc3533697c4	1	1	512	-1	replay	none	0	none	-	-1	-	-	484	4.0220
533	fixed	4	T0	0dfa7fc3533697c4	1	1	512	-1	replay	none	0	none	-	-1	-	-	478	3.7335
534	fixed	4	T0	0dfa7fc3533697c4	1	1	512	-1	replay	none	0	none	-	-1	-	-	484	3.7398
535	fixed	4	T0	0dfa7fc3533697c4	1	1	512	-1	replay	none	0	none	-	-1	-	-	479	4.0156
536	fixed	4	T0	0dfa7fc3533697c4	1	1	512	-1	replay	none	0	none	-	-1	-	-	479	3.9828
537	fixed	4	T0	0dfa7fc3533697c4	1	1	512	-1	replay	none	0	none	-	-1	-	-	476	3.7697
538	fixed	4	T0	0dfa7fc3533697c4	1	1	512	-1	replay	none	0	none	-	-1	-	-	480	3.7319
539	fixed	4	T0	0dfa7fc3533697c4	1	1	512	-1	replay	none	0	none	-	-1	-	-	537	4.0585
540	fixed	4	T0	0dfa7fc3533697c4	1	1	512	-1	replay	none	0	none	-	-1	-	-	477	4.0060
541	fixed	4	T0	0dfa7fc3533697c4	1	1	512	-1	replay	none	0	none	-	-1	-	-	479	3.7759
542	fixed	4	T0	0dfa7fc3533697c4	1	1	512	-1	replay	none	0	none	-	-1	-	-	479	3.7288
543	fixed	4	T0	0dfa7fc3533697c4	1	1	512	-1	replay	none	0	none	-	-1	-	-	472	4.0405
544	fixed	4	T0	0dfa7fc3533697c4	1	1	512	-1	replay	none	0	none	-	-1	-	-	473	3.9220
545	fixed	4	T0	0dfa7fc3533697c4	1	1	512	-1	replay	none	0	none	-	-1	-	-	474	3.7619
546	fixed	4	T1	0dfa7fc3533697c4	1	1	512	-1	replay	none	0	none	-	-1	-	-	476	3.7398
547	fixed	4	T1	94dc22ce3d23b91b	2	1	512	-1	direct	none	1	structure	shape,data	0	GET_ROWS	model.input_embed	2563	4.6680
548	fixed	4	T1	d8f873be867a8271	251	0	256	-1	direct	none	0	structure	shape,data	0	GET_ROWS	model.input_embed	3063	16.9693
549	fixed	4	T1	79cc5f245f480542	2	1	512	-1	direct	none	0	structure	shape,data	0	GET_ROWS	model.input_embed	2439	4.8845
550	fixed	4	T1	bcd06391008a2d68	3	1	256	-1	direct	none	0	structure	shape,data	0	GET_ROWS	model.input_embed	2448	4.7494
551	fixed	4	T2	d702fd6fe588b6cb	2	2	512	-1	direct	none	0	structure	shape,data	0	GET_ROWS	model.input_embed	2431	4.7882
552	fixed	4	T2	d702fd6fe588b6cb	2	2	512	-1	capture	reinstantiate	0	none	-	-1	-	-	2721	6.3342
553	fixed	4	T2	d702fd6fe588b6cb	2	2	512	-1	replay	none	0	none	-	-1	-	-	485	4.0267
554	fixed	4	T2	d702fd6fe588b6cb	2	2	512	-1	replay	none	0	none	-	-1	-	-	484	4.0457
555	fixed	4	T2	d702fd6fe588b6cb	2	2	512	-1	replay	none	0	none	-	-1	-	-	477	4.1056
556	fixed	4	T2	d702fd6fe588b6cb	2	2	512	-1	replay	none	0	none	-	-1	-	-	472	4.3090
557	fixed	4	T2	d702fd6fe588b6cb	2	2	512	-1	replay	none	0	none	-	-1	-	-	480	4.2026
558	fixed	4	T2	d702fd6fe588b6cb	2	2	512	-1	replay	none	0	none	-	-1	-	-	477	4.0752
559	fixed	4	T2	d702fd6fe588b6cb	2	2	512	-1	replay	none	0	none	-	-1	-	-	473	4.0337
560	fixed	4	T2	d702fd6fe588b6cb	2	2	512	-1	replay	none	0	none	-	-1	-	-	472	4.0185
561	fixed	4	T2	d702fd6fe588b6cb	2	2	512	-1	replay	none	0	none	-	-1	-	-	474	4.1256
562	fixed	4	T2	d702fd6fe588b6cb	2	2	512	-1	replay	none	0	none	-	-1	-	-	470	4.2840
563	fixed	4	T2	d702fd6fe588b6cb	2	2	512	-1	replay	none	0	none	-	-1	-	-	482	4.3051
564	fixed	4	T2	d702fd6fe588b6cb	2	2	512	-1	replay	none	0	none	-	-1	-	-	481	4.2261
565	fixed	4	T2	d702fd6fe588b6cb	2	2	512	-1	replay	none	0	none	-	-1	-	-	486	4.0565
566	fixed	4	T2	d702fd6fe588b6cb	2	2	512	-1	replay	none	0	none	-	-1	-	-	488	4.0296
567	fixed	4	T2	d702fd6fe588b6cb	2	2	512	-1	replay	none	0	none	-	-1	-	-	492	4.0449
568	fixed	4	T2	d702fd6fe588b6cb	2	2	512	-1	replay	none	0	none	-	-1	-	-	483	4.2500
569	fixed	4	T2	d702fd6fe588b6cb	2	2	512	-1	replay	none	0	none	-	-1	-	-	491	4.1780
570	fixed	4	T2	d702fd6fe588b6cb	2	2	512	-1	replay	none	0	none	-	-1	-	-	481	4.2990
571	fixed	4	T2	d702fd6fe588b6cb	2	2	512	-1	replay	none	0	none	-	-1	-	-	488	4.0818
572	fixed	4	T2	d702fd6fe588b6cb	2	2	512	-1	replay	none	0	none	-	-1	-	-	485	4.0360
573	fixed	4	T2	d702fd6fe588b6cb	2	2	512	-1	replay	none	0	none	-	-1	-	-	480	4.0201
574	fixed	4	T2	d702fd6fe588b6cb	2	2	512	-1	replay	none	0	none	-	-1	-	-	499	4.1002
575	fixed	4	T2	d702fd6fe588b6cb	2	2	512	-1	replay	none	0	none	-	-1	-	-	474	4.1869
576	fixed	4	T2	d702fd6fe588b6cb	2	2	512	-1	replay	none	0	none	-	-1	-	-	476	4.2900
577	fixed	4	T2	d702fd6fe588b6cb	2	2	512	-1	replay	none	0	none	-	-1	-	-	476	4.1025
578	fixed	4	T2	d702fd6fe588b6cb	2	2	512	-1	replay	none	0	none	-	-1	-	-	472	4.0645
579	fixed	4	T2	d702fd6fe588b6cb	2	2	512	-1	replay	none	0	none	-	-1	-	-	500	4.0359
580	fixed	4	T2	d702fd6fe588b6cb	2	2	512	-1	replay	none	0	none	-	-1	-	-	477	4.0421
581	fixed	4	T2	d702fd6fe588b6cb	2	2	512	-1	replay	none	0	none	-	-1	-	-	586	4.2870
582	fixed	4	T3	0dfa7fc3533697c4	1	1	512	-1	direct	none	1	structure	shape,data	0	GET_ROWS	model.input_embed	2323	4.4497
583	fixed	4	T3	0dfa7fc3533697c4	1	1	512	-1	capture	reinstantiate	0	none	-	-1	-	-	2842	6.1161
584	fixed	4	T3	0dfa7fc3533697c4	1	1	512	-1	replay	none	0	none	-	-1	-	-	478	3.9989
585	fixed	4	T3	0dfa7fc3533697c4	1	1	512	-1	replay	none	0	none	-	-1	-	-	478	4.0214
586	fixed	4	T3	0dfa7fc3533697c4	1	1	512	-1	replay	none	0	none	-	-1	-	-	472	3.7268
587	fixed	4	T3	0dfa7fc3533697c4	1	1	512	-1	replay	none	0	none	-	-1	-	-	477	3.7412
588	fixed	4	T3	0dfa7fc3533697c4	1	1	512	-1	replay	none	0	none	-	-1	-	-	477	3.9949
589	fixed	4	T3	0dfa7fc3533697c4	1	1	512	-1	replay	none	0	none	-	-1	-	-	476	4.0331
590	fixed	4	T3	0dfa7fc3533697c4	1	1	512	-1	replay	none	0	none	-	-1	-	-	476	3.7671
591	fixed	4	T3	0dfa7fc3533697c4	1	1	512	-1	replay	none	0	none	-	-1	-	-	479	3.7490
592	fixed	4	T3	0dfa7fc3533697c4	1	1	512	-1	replay	none	0	none	-	-1	-	-	616	4.0773
593	fixed	4	T3	0dfa7fc3533697c4	1	1	512	-1	replay	none	0	none	-	-1	-	-	478	3.9249
594	fixed	4	T3	0dfa7fc3533697c4	1	1	512	-1	replay	none	0	none	-	-1	-	-	546	3.8250
595	fixed	4	T3	0dfa7fc3533697c4	1	1	512	-1	replay	none	0	none	-	-1	-	-	502	3.7407
596	fixed	4	T3	0dfa7fc3533697c4	1	1	512	-1	replay	none	0	none	-	-1	-	-	499	3.8011
597	fixed	4	T3	0dfa7fc3533697c4	1	1	512	-1	replay	none	0	none	-	-1	-	-	514	4.0044
598	fixed	4	T3	0dfa7fc3533697c4	1	1	512	-1	replay	none	0	none	-	-1	-	-	472	4.0439
599	fixed	4	T3	0dfa7fc3533697c4	1	1	512	-1	replay	none	0	none	-	-1	-	-	471	3.7251
600	fixed	4	T3	0dfa7fc3533697c4	1	1	512	-1	replay	none	0	none	-	-1	-	-	474	3.7418
601	fixed	4	T3	0dfa7fc3533697c4	1	1	512	-1	replay	none	0	none	-	-1	-	-	603	4.0050
602	fixed	4	T3	0dfa7fc3533697c4	1	1	512	-1	replay	none	0	none	-	-1	-	-	476	4.0204
603	fixed	4	T3	0dfa7fc3533697c4	1	1	512	-1	replay	none	0	none	-	-1	-	-	475	3.7363
604	fixed	4	T3	0dfa7fc3533697c4	1	1	512	-1	replay	none	0	none	-	-1	-	-	478	3.7477
605	fixed	4	T3	0dfa7fc3533697c4	1	1	512	-1	replay	none	0	none	-	-1	-	-	486	4.0098
606	fixed	4	T3	0dfa7fc3533697c4	1	1	512	-1	replay	none	0	none	-	-1	-	-	471	3.9679
607	fixed	4	T3	0dfa7fc3533697c4	1	1	512	-1	replay	none	0	none	-	-1	-	-	476	3.7804
608	fixed	4	T3	0dfa7fc3533697c4	1	1	512	-1	replay	none	0	none	-	-1	-	-	473	3.7350
609	fixed	4	T3	0dfa7fc3533697c4	1	1	512	-1	replay	none	0	none	-	-1	-	-	516	4.0911
610	fixed	4	T3	0dfa7fc3533697c4	1	1	512	-1	replay	none	0	none	-	-1	-	-	470	4.0057
611	fixed	4	T3	0dfa7fc3533697c4	1	1	512	-1	replay	none	0	none	-	-1	-	-	504	3.7766
612	fixed	4	T3	0dfa7fc3533697c4	1	1	512	-1	replay	none	0	none	-	-1	-	-	500	3.7356
613	fixed	4	T3	0dfa7fc3533697c4	1	1	512	-1	replay	none	0	none	-	-1	-	-	555	4.0511
614	fixed	4	T3	0dfa7fc3533697c4	1	1	512	-1	replay	none	0	none	-	-1	-	-	469	4.0030
615	fixed	4	T3	0dfa7fc3533697c4	1	1	512	-1	replay	none	0	none	-	-1	-	-	504	3.7760
616	fixed	4	T3	0dfa7fc3533697c4	1	1	512	-1	replay	none	0	none	-	-1	-	-	496	3.7388
617	fixed	4	T3	0dfa7fc3533697c4	1	1	512	-1	replay	none	0	none	-	-1	-	-	560	3.7988
618	fixed	4	T3	0dfa7fc3533697c4	1	1	512	-1	replay	none	0	none	-	-1	-	-	477	4.0016
619	fixed	4	T3	0dfa7fc3533697c4	1	1	512	-1	replay	none	0	none	-	-1	-	-	477	4.0292
620	fixed	4	T3	0dfa7fc3533697c4	1	1	512	-1	replay	none	0	none	-	-1	-	-	474	3.7451
621	fixed	4	T3	0dfa7fc3533697c4	1	1	512	-1	replay	none	0	none	-	-1	-	-	493	3.7950
622	fixed	4	T3	0dfa7fc3533697c4	1	1	512	-1	replay	none	0	none	-	-1	-	-	471	3.9541
623	fixed	4	T3	0dfa7fc3533697c4	1	1	512	-1	replay	none	0	none	-	-1	-	-	468	3.7724
624	fixed	4	T3	0dfa7fc3533697c4	1	1	512	-1	replay	none	0	none	-	-1	-	-	475	3.7406
625	fixed	4	T3	0dfa7fc3533697c4	1	1	512	-1	replay	none	0	none	-	-1	-	-	473	3.7414
626	fixed	4	T3	0dfa7fc3533697c4	1	1	512	-1	replay	none	0	none	-	-1	-	-	475	3.9969
627	fixed	4	T3	0dfa7fc3533697c4	1	1	512	-1	replay	none	0	none	-	-1	-	-	474	4.0375
628	fixed	4	T3	0dfa7fc3533697c4	1	1	512	-1	replay	none	0	none	-	-1	-	-	472	3.7649
629	fixed	4	T3	0dfa7fc3533697c4	1	1	512	-1	replay	none	0	none	-	-1	-	-	487	3.7518
630	fixed	4	T3	0dfa7fc3533697c4	1	1	512	-1	replay	none	0	none	-	-1	-	-	533	4.0572
631	fixed	4	T3	0dfa7fc3533697c4	1	1	512	-1	replay	none	0	none	-	-1	-	-	475	4.0000
632	fixed	4	T3	0dfa7fc3533697c4	1	1	512	-1	replay	none	0	none	-	-1	-	-	480	3.7773
633	fixed	4	T3	0dfa7fc3533697c4	1	1	512	-1	replay	none	0	none	-	-1	-	-	476	3.7403
634	fixed	4	T3	0dfa7fc3533697c4	1	1	512	-1	replay	none	0	none	-	-1	-	-	479	3.8242
635	fixed	4	T3	0dfa7fc3533697c4	1	1	512	-1	replay	none	0	none	-	-1	-	-	473	3.9999
636	fixed	4	T3	0dfa7fc3533697c4	1	1	512	-1	replay	none	0	none	-	-1	-	-	474	3.7836
637	fixed	4	T3	0dfa7fc3533697c4	1	1	512	-1	replay	none	0	none	-	-1	-	-	473	3.7257
638	fixed	4	T3	0dfa7fc3533697c4	1	1	512	-1	replay	none	0	none	-	-1	-	-	476	3.8062
639	fixed	4	T3	0dfa7fc3533697c4	1	1	512	-1	replay	none	0	none	-	-1	-	-	479	3.9996
640	fixed	4	T3	0dfa7fc3533697c4	1	1	512	-1	replay	none	0	none	-	-1	-	-	473	3.7873
641	fixed	4	T3	0dfa7fc3533697c4	1	1	512	-1	replay	none	0	none	-	-1	-	-	483	3.7389
642	fixed	4	T3	0dfa7fc3533697c4	1	1	512	-1	replay	none	0	none	-	-1	-	-	567	3.8027
643	fixed	4	T3	0dfa7fc3533697c4	1	1	512	-1	replay	none	0	none	-	-1	-	-	470	3.9995
644	fixed	4	T3	0dfa7fc3533697c4	1	1	512	-1	replay	none	0	none	-	-1	-	-	474	3.9900
645	fixed	4	T3	0dfa7fc3533697c4	1	1	512	-1	replay	none	0	none	-	-1	-	-	478	3.7453
646	fixed	4	T3	0dfa7fc3533697c4	1	1	512	-1	replay	none	0	none	-	-1	-	-	514	3.8102
647	fixed	4	T3	0dfa7fc3533697c4	1	1	512	-1	replay	none	0	none	-	-1	-	-	480	5.1086
648	fixed	4	T3	0dfa7fc3533697c4	1	1	512	-1	replay	none	0	none	-	-1	-	-	474	4.1315
649	fixed	4	T3	0dfa7fc3533697c4	1	1	512	-1	replay	none	0	none	-	-1	-	-	474	4.0003
650	fixed	4	T3	0dfa7fc3533697c4	1	1	512	-1	replay	none	0	none	-	-1	-	-	478	3.7912
651	fixed	4	T3	0dfa7fc3533697c4	1	1	512	-1	replay	none	0	none	-	-1	-	-	477	3.8919
652	fixed	5	T0	802ba1f19f5ea689	4	1	256	-1	direct	none	1	structure	shape,data	0	GET_ROWS	model.input_embed	2708	5.0360
653	fixed	5	T0	0dfa7fc3533697c4	1	1	512	-1	direct	none	0	structure	shape,data	0	GET_ROWS	model.input_embed	2242	4.2813
654	fixed	5	T0	0dfa7fc3533697c4	1	1	512	-1	capture	update	0	none	-	-1	-	-	1779	5.1127
655	fixed	5	T0	0dfa7fc3533697c4	1	1	512	-1	replay	none	0	none	-	-1	-	-	489	3.8660
656	fixed	5	T0	0dfa7fc3533697c4	1	1	512	-1	replay	none	0	none	-	-1	-	-	483	4.0038
657	fixed	5	T0	0dfa7fc3533697c4	1	1	512	-1	replay	none	0	none	-	-1	-	-	546	3.8889
658	fixed	5	T0	0dfa7fc3533697c4	1	1	512	-1	replay	none	0	none	-	-1	-	-	636	3.8037
659	fixed	5	T0	0dfa7fc3533697c4	1	1	512	-1	replay	none	0	none	-	-1	-	-	543	3.9838
660	fixed	5	T0	0dfa7fc3533697c4	1	1	512	-1	replay	none	0	none	-	-1	-	-	646	3.9068
661	fixed	5	T0	0dfa7fc3533697c4	1	1	512	-1	replay	none	0	none	-	-1	-	-	633	3.8401
662	fixed	5	T0	0dfa7fc3533697c4	1	1	512	-1	replay	none	0	none	-	-1	-	-	629	4.0163
663	fixed	5	T0	0dfa7fc3533697c4	1	1	512	-1	replay	none	0	none	-	-1	-	-	627	4.0307
664	fixed	5	T0	0dfa7fc3533697c4	1	1	512	-1	replay	none	0	none	-	-1	-	-	668	4.0126
665	fixed	5	T0	0dfa7fc3533697c4	1	1	512	-1	replay	none	0	none	-	-1	-	-	672	3.8793
666	fixed	5	T0	0dfa7fc3533697c4	1	1	512	-1	replay	none	0	none	-	-1	-	-	612	3.7558
667	fixed	5	T0	0dfa7fc3533697c4	1	1	512	-1	replay	none	0	none	-	-1	-	-	621	4.0240
668	fixed	5	T0	0dfa7fc3533697c4	1	1	512	-1	replay	none	0	none	-	-1	-	-	624	3.9993
669	fixed	5	T0	0dfa7fc3533697c4	1	1	512	-1	replay	none	0	none	-	-1	-	-	647	4.1165
670	fixed	5	T0	0dfa7fc3533697c4	1	1	512	-1	replay	none	0	none	-	-1	-	-	650	4.0191
671	fixed	5	T0	0dfa7fc3533697c4	1	1	512	-1	replay	none	0	none	-	-1	-	-	640	3.9512
672	fixed	5	T0	0dfa7fc3533697c4	1	1	512	-1	replay	none	0	none	-	-1	-	-	633	3.7686
673	fixed	5	T0	0dfa7fc3533697c4	1	1	512	-1	replay	none	0	none	-	-1	-	-	976	3.8567
674	fixed	5	T0	0dfa7fc3533697c4	1	1	512	-1	replay	none	0	none	-	-1	-	-	644	4.0283
675	fixed	5	T0	0dfa7fc3533697c4	1	1	512	-1	replay	none	0	none	-	-1	-	-	652	4.0544
676	fixed	5	T0	0dfa7fc3533697c4	1	1	512	-1	replay	none	0	none	-	-1	-	-	641	3.8281
677	fixed	5	T1	94dc22ce3d23b91b	2	1	512	-1	direct	none	1	structure	shape,data	0	GET_ROWS	model.input_embed	4620	5.4111
678	fixed	5	T1	d8f873be867a8271	251	0	256	-1	direct	none	0	structure	shape,data	0	GET_ROWS	model.input_embed	5632	17.2507
679	fixed	5	T1	79cc5f245f480542	2	1	512	-1	direct	none	0	structure	shape,data	0	GET_ROWS	model.input_embed	4401	5.1814
680	fixed	5	T1	bcd06391008a2d68	3	1	256	-1	direct	none	0	structure	shape,data	0	GET_ROWS	model.input_embed	4468	4.8597
681	fixed	5	T2	d702fd6fe588b6cb	2	2	512	-1	direct	none	0	structure	shape,data	0	GET_ROWS	model.input_embed	4355	5.0946
682	fixed	5	T2	d702fd6fe588b6cb	2	2	512	-1	capture	reinstantiate	0	none	-	-1	-	-	5477	9.1007
683	fixed	5	T2	d702fd6fe588b6cb	2	2	512	-1	replay	none	0	none	-	-1	-	-	666	4.2111
684	fixed	5	T2	d702fd6fe588b6cb	2	2	512	-1	replay	none	0	none	-	-1	-	-	736	4.2075
685	fixed	5	T2	d702fd6fe588b6cb	2	2	512	-1	replay	none	0	none	-	-1	-	-	660	4.2886
686	fixed	5	T2	d702fd6fe588b6cb	2	2	512	-1	replay	none	0	none	-	-1	-	-	651	4.0589
687	fixed	5	T2	d702fd6fe588b6cb	2	2	512	-1	replay	none	0	none	-	-1	-	-	680	4.0632
688	fixed	5	T2	d702fd6fe588b6cb	2	2	512	-1	replay	none	0	none	-	-1	-	-	626	4.2630
689	fixed	5	T2	d702fd6fe588b6cb	2	2	512	-1	replay	none	0	none	-	-1	-	-	634	4.3200
690	fixed	5	T2	d702fd6fe588b6cb	2	2	512	-1	replay	none	0	none	-	-1	-	-	640	4.1952
691	fixed	5	T2	d702fd6fe588b6cb	2	2	512	-1	replay	none	0	none	-	-1	-	-	630	4.2984
692	fixed	5	T2	d702fd6fe588b6cb	2	2	512	-1	replay	none	0	none	-	-1	-	-	658	4.2445
693	fixed	5	T2	d702fd6fe588b6cb	2	2	512	-1	replay	none	0	none	-	-1	-	-	640	4.1081
694	fixed	5	T2	d702fd6fe588b6cb	2	2	512	-1	replay	none	0	none	-	-1	-	-	616	4.0900
695	fixed	5	T2	d702fd6fe588b6cb	2	2	512	-1	replay	none	0	none	-	-1	-	-	646	4.2513
696	fixed	5	T2	d702fd6fe588b6cb	2	2	512	-1	replay	none	0	none	-	-1	-	-	698	4.2644
697	fixed	5	T2	d702fd6fe588b6cb	2	2	512	-1	replay	none	0	none	-	-1	-	-	633	4.2831
698	fixed	5	T2	d702fd6fe588b6cb	2	2	512	-1	replay	none	0	none	-	-1	-	-	1419	4.0948
699	fixed	5	T2	d702fd6fe588b6cb	2	2	512	-1	replay	none	0	none	-	-1	-	-	655	4.2789
700	fixed	5	T2	d702fd6fe588b6cb	2	2	512	-1	replay	none	0	none	-	-1	-	-	656	4.0461
701	fixed	5	T2	d702fd6fe588b6cb	2	2	512	-1	replay	none	0	none	-	-1	-	-	629	4.0848
702	fixed	5	T2	d702fd6fe588b6cb	2	2	512	-1	replay	none	0	none	-	-1	-	-	639	4.1873
703	fixed	5	T2	d702fd6fe588b6cb	2	2	512	-1	replay	none	0	none	-	-1	-	-	627	4.2031
704	fixed	5	T2	d702fd6fe588b6cb	2	2	512	-1	replay	none	0	none	-	-1	-	-	622	4.2205
705	fixed	5	T2	d702fd6fe588b6cb	2	2	512	-1	replay	none	0	none	-	-1	-	-	633	4.3307
706	fixed	5	T2	d702fd6fe588b6cb	2	2	512	-1	replay	none	0	none	-	-1	-	-	643	4.2277
707	fixed	5	T2	d702fd6fe588b6cb	2	2	512	-1	replay	none	0	none	-	-1	-	-	642	4.2152
708	fixed	5	T2	d702fd6fe588b6cb	2	2	512	-1	replay	none	0	none	-	-1	-	-	644	4.3731
709	fixed	5	T2	d702fd6fe588b6cb	2	2	512	-1	replay	none	0	none	-	-1	-	-	658	4.4348
710	fixed	5	T2	d702fd6fe588b6cb	2	2	512	-1	replay	none	0	none	-	-1	-	-	635	4.3172
711	fixed	5	T2	d702fd6fe588b6cb	2	2	512	-1	replay	none	0	none	-	-1	-	-	636	4.2532
712	fixed	5	T3	0dfa7fc3533697c4	1	1	512	-1	direct	none	1	structure	shape,data	0	GET_ROWS	model.input_embed	4349	4.7608
713	fixed	5	T3	0dfa7fc3533697c4	1	1	512	-1	capture	reinstantiate	0	none	-	-1	-	-	5207	8.3849
714	fixed	5	T3	0dfa7fc3533697c4	1	1	512	-1	replay	none	0	none	-	-1	-	-	640	3.8490
715	fixed	5	T3	0dfa7fc3533697c4	1	1	512	-1	replay	none	0	none	-	-1	-	-	638	4.0529
716	fixed	5	T3	0dfa7fc3533697c4	1	1	512	-1	replay	none	0	none	-	-1	-	-	624	4.0861
717	fixed	5	T3	0dfa7fc3533697c4	1	1	512	-1	replay	none	0	none	-	-1	-	-	655	4.0402
718	fixed	5	T3	0dfa7fc3533697c4	1	1	512	-1	replay	none	0	none	-	-1	-	-	645	3.9989
719	fixed	5	T3	0dfa7fc3533697c4	1	1	512	-1	replay	none	0	none	-	-1	-	-	630	3.7557
720	fixed	5	T3	0dfa7fc3533697c4	1	1	512	-1	replay	none	0	none	-	-1	-	-	645	3.7597
721	fixed	5	T3	0dfa7fc3533697c4	1	1	512	-1	replay	none	0	none	-	-1	-	-	635	4.0942
722	fixed	5	T3	0dfa7fc3533697c4	1	1	512	-1	replay	none	0	none	-	-1	-	-	644	4.1462
723	fixed	5	T3	0dfa7fc3533697c4	1	1	512	-1	replay	none	0	none	-	-1	-	-	619	3.8035
724	fixed	5	T3	0dfa7fc3533697c4	1	1	512	-1	replay	none	0	none	-	-1	-	-	636	5.8279
725	fixed	5	T3	0dfa7fc3533697c4	1	1	512	-1	replay	none	0	none	-	-1	-	-	653	3.9880
726	fixed	5	T3	0dfa7fc3533697c4	1	1	512	-1	replay	none	0	none	-	-1	-	-	632	3.9181
727	fixed	5	T3	0dfa7fc3533697c4	1	1	512	-1	replay	none	0	none	-	-1	-	-	645	4.0055
728	fixed	5	T3	0dfa7fc3533697c4	1	1	512	-1	replay	none	0	none	-	-1	-	-	627	4.0587
729	fixed	5	T3	0dfa7fc3533697c4	1	1	512	-1	replay	none	0	none	-	-1	-	-	627	4.0336
730	fixed	5	T3	0dfa7fc3533697c4	1	1	512	-1	replay	none	0	none	-	-1	-	-	641	4.0829
731	fixed	5	T3	0dfa7fc3533697c4	1	1	512	-1	replay	none	0	none	-	-1	-	-	625	4.0581
732	fixed	5	T3	0dfa7fc3533697c4	1	1	512	-1	replay	none	0	none	-	-1	-	-	647	4.0603
733	fixed	5	T3	0dfa7fc3533697c4	1	1	512	-1	replay	none	0	none	-	-1	-	-	651	3.9869
734	fixed	5	T3	0dfa7fc3533697c4	1	1	512	-1	replay	none	0	none	-	-1	-	-	637	3.7616
735	fixed	5	T3	0dfa7fc3533697c4	1	1	512	-1	replay	none	0	none	-	-1	-	-	627	3.8476
736	fixed	5	T3	0dfa7fc3533697c4	1	1	512	-1	replay	none	0	none	-	-1	-	-	647	4.0821
737	fixed	5	T3	0dfa7fc3533697c4	1	1	512	-1	replay	none	0	none	-	-1	-	-	646	4.0154
738	fixed	5	T3	0dfa7fc3533697c4	1	1	512	-1	replay	none	0	none	-	-1	-	-	619	3.9956
739	fixed	5	T3	0dfa7fc3533697c4	1	1	512	-1	replay	none	0	none	-	-1	-	-	632	3.7757
740	fixed	5	T3	0dfa7fc3533697c4	1	1	512	-1	replay	none	0	none	-	-1	-	-	630	4.0700
741	fixed	5	T3	0dfa7fc3533697c4	1	1	512	-1	replay	none	0	none	-	-1	-	-	625	4.0108
742	fixed	5	T3	0dfa7fc3533697c4	1	1	512	-1	replay	none	0	none	-	-1	-	-	626	3.9124
743	fixed	5	T3	0dfa7fc3533697c4	1	1	512	-1	replay	none	0	none	-	-1	-	-	627	3.7955
744	fixed	5	T3	0dfa7fc3533697c4	1	1	512	-1	replay	none	0	none	-	-1	-	-	629	3.9449
745	fixed	5	T3	0dfa7fc3533697c4	1	1	512	-1	replay	none	0	none	-	-1	-	-	618	3.9802
746	fixed	5	T3	0dfa7fc3533697c4	1	1	512	-1	replay	none	0	none	-	-1	-	-	633	3.9477
747	fixed	5	T3	0dfa7fc3533697c4	1	1	512	-1	replay	none	0	none	-	-1	-	-	659	3.9451
748	fixed	5	T3	0dfa7fc3533697c4	1	1	512	-1	replay	none	0	none	-	-1	-	-	588	3.8472
749	fixed	5	T3	0dfa7fc3533697c4	1	1	512	-1	replay	none	0	none	-	-1	-	-	645	3.9873
750	fixed	5	T3	0dfa7fc3533697c4	1	1	512	-1	replay	none	0	none	-	-1	-	-	633	3.8209
751	fixed	5	T3	0dfa7fc3533697c4	1	1	512	-1	replay	none	0	none	-	-1	-	-	630	4.0469
752	fixed	5	T3	0dfa7fc3533697c4	1	1	512	-1	replay	none	0	none	-	-1	-	-	622	3.7808
753	fixed	5	T3	0dfa7fc3533697c4	1	1	512	-1	replay	none	0	none	-	-1	-	-	655	3.8947
754	fixed	5	T3	0dfa7fc3533697c4	1	1	512	-1	replay	none	0	none	-	-1	-	-	631	3.7695
755	fixed	5	T3	0dfa7fc3533697c4	1	1	512	-1	replay	none	0	none	-	-1	-	-	635	3.7603
756	fixed	5	T3	0dfa7fc3533697c4	1	1	512	-1	replay	none	0	none	-	-1	-	-	516	4.0176
757	fixed	5	T3	0dfa7fc3533697c4	1	1	512	-1	replay	none	0	none	-	-1	-	-	618	3.9230
758	fixed	5	T3	0dfa7fc3533697c4	1	1	512	-1	replay	none	0	none	-	-1	-	-	637	3.8630
759	fixed	5	T3	0dfa7fc3533697c4	1	1	512	-1	replay	none	0	none	-	-1	-	-	654	3.8469
760	fixed	5	T3	0dfa7fc3533697c4	1	1	512	-1	replay	none	0	none	-	-1	-	-	634	3.9012
761	fixed	5	T3	0dfa7fc3533697c4	1	1	512	-1	replay	none	0	none	-	-1	-	-	627	3.9716
762	fixed	5	T3	0dfa7fc3533697c4	1	1	512	-1	replay	none	0	none	-	-1	-	-	630	4.0264
763	fixed	5	T3	0dfa7fc3533697c4	1	1	512	-1	replay	none	0	none	-	-1	-	-	646	4.0912
764	fixed	5	T3	0dfa7fc3533697c4	1	1	512	-1	replay	none	0	none	-	-1	-	-	619	4.0360
765	fixed	5	T3	0dfa7fc3533697c4	1	1	512	-1	replay	none	0	none	-	-1	-	-	638	3.9538
766	fixed	5	T3	0dfa7fc3533697c4	1	1	512	-1	replay	none	0	none	-	-1	-	-	643	4.0639
767	fixed	5	T3	0dfa7fc3533697c4	1	1	512	-1	replay	none	0	none	-	-1	-	-	620	4.0489
768	fixed	5	T3	0dfa7fc3533697c4	1	1	512	-1	replay	none	0	none	-	-1	-	-	654	4.0311
769	fixed	5	T3	0dfa7fc3533697c4	1	1	512	-1	replay	none	0	none	-	-1	-	-	639	4.0503
770	fixed	5	T3	0dfa7fc3533697c4	1	1	512	-1	replay	none	0	none	-	-1	-	-	685	3.9028
771	fixed	5	T3	0dfa7fc3533697c4	1	1	512	-1	replay	none	0	none	-	-1	-	-	625	3.9796
772	fixed	5	T3	0dfa7fc3533697c4	1	1	512	-1	replay	none	0	none	-	-1	-	-	624	3.7640
773	fixed	5	T3	0dfa7fc3533697c4	1	1	512	-1	replay	none	0	none	-	-1	-	-	627	4.0530
774	fixed	5	T3	0dfa7fc3533697c4	1	1	512	-1	replay	none	0	none	-	-1	-	-	617	4.0319
775	fixed	5	T3	0dfa7fc3533697c4	1	1	512	-1	replay	none	0	none	-	-1	-	-	627	3.7963
776	fixed	5	T3	0dfa7fc3533697c4	1	1	512	-1	replay	none	0	none	-	-1	-	-	617	3.9032
777	fixed	5	T3	0dfa7fc3533697c4	1	1	512	-1	replay	none	0	none	-	-1	-	-	619	3.9340
778	fixed	5	T3	0dfa7fc3533697c4	1	1	512	-1	replay	none	0	none	-	-1	-	-	625	4.0569
779	fixed	5	T3	0dfa7fc3533697c4	1	1	512	-1	replay	none	0	none	-	-1	-	-	622	4.0148
780	fixed	5	T3	0dfa7fc3533697c4	1	1	512	-1	replay	none	0	none	-	-1	-	-	634	3.7960
781	fixed	5	T3	0dfa7fc3533697c4	1	1	512	-1	replay	none	0	none	-	-1	-	-	617	3.8628
782	permuted	0	T0	dbdb0ad78cf67443	252	0	256	-1	direct	none	1	structure	shape,data	0	GET_ROWS	model.input_embed	7461	18.3009
783	permuted	0	T0	5e879b663492f411	4	1	256	-1	direct	none	0	structure	shape,data	0	GET_ROWS	model.input_embed	4792	6.5669
784	permuted	0	T0	0fdbf3977c990123	1	1	512	-1	direct	none	0	structure	shape,data	0	GET_ROWS	model.input_embed	3851	4.3946
785	permuted	0	T0	0fdbf3977c990123	1	1	512	-1	capture	update	0	none	-	-1	-	-	5752	8.2606
786	permuted	0	T0	0fdbf3977c990123	1	1	512	-1	replay	none	0	none	-	-1	-	-	687	4.0629
787	permuted	0	T0	0fdbf3977c990123	1	1	512	-1	replay	none	0	none	-	-1	-	-	664	3.7967
788	permuted	0	T0	0fdbf3977c990123	1	1	512	-1	replay	none	0	none	-	-1	-	-	648	3.7886
789	permuted	0	T0	0fdbf3977c990123	1	1	512	-1	replay	none	0	none	-	-1	-	-	671	3.8070
790	permuted	0	T0	0fdbf3977c990123	1	1	512	-1	replay	none	0	none	-	-1	-	-	652	3.8252
791	permuted	0	T0	0fdbf3977c990123	1	1	512	-1	replay	none	0	none	-	-1	-	-	642	3.9839
792	permuted	0	T0	0fdbf3977c990123	1	1	512	-1	replay	none	0	none	-	-1	-	-	638	4.1257
793	permuted	0	T0	0fdbf3977c990123	1	1	512	-1	replay	none	0	none	-	-1	-	-	661	4.0314
794	permuted	0	T0	0fdbf3977c990123	1	1	512	-1	replay	none	0	none	-	-1	-	-	596	3.7947
795	permuted	0	T0	0fdbf3977c990123	1	1	512	-1	replay	none	0	none	-	-1	-	-	658	3.8255
796	permuted	0	T0	0fdbf3977c990123	1	1	512	-1	replay	none	0	none	-	-1	-	-	661	3.8024
797	permuted	0	T0	0fdbf3977c990123	1	1	512	-1	replay	none	0	none	-	-1	-	-	643	3.9652
798	permuted	0	T0	0fdbf3977c990123	1	1	512	-1	replay	none	0	none	-	-1	-	-	641	4.0444
799	permuted	0	T0	0fdbf3977c990123	1	1	512	-1	replay	none	0	none	-	-1	-	-	641	3.7788
800	permuted	0	T0	0fdbf3977c990123	1	1	512	-1	replay	none	0	none	-	-1	-	-	639	3.7724
801	permuted	0	T0	0fdbf3977c990123	1	1	512	-1	replay	none	0	none	-	-1	-	-	626	3.9367
802	permuted	0	T0	0fdbf3977c990123	1	1	512	-1	replay	none	0	none	-	-1	-	-	644	3.8797
803	permuted	0	T0	0fdbf3977c990123	1	1	512	-1	replay	none	0	none	-	-1	-	-	644	3.9293
804	permuted	0	T0	0fdbf3977c990123	1	1	512	-1	replay	none	0	none	-	-1	-	-	615	3.8699
805	permuted	0	T0	0fdbf3977c990123	1	1	512	-1	replay	none	0	none	-	-1	-	-	523	3.7929
806	permuted	0	T0	0fdbf3977c990123	1	1	512	-1	replay	none	0	none	-	-1	-	-	651	4.0103
807	permuted	0	T0	0fdbf3977c990123	1	1	512	-1	replay	none	0	none	-	-1	-	-	612	3.9673
808	permuted	0	T1	0fdbf3977c990123	1	1	512	-1	replay	none	0	none	-	-1	-	-	612	3.9579
809	permuted	0	T1	da7570afdbb81394	252	0	256	-1	direct	none	1	structure	shape,data	0	GET_ROWS	model.input_embed	5361	17.4468
810	permuted	0	T1	0fdbf3977c990123	1	1	512	-1	direct	none	0	structure	shape,data	0	GET_ROWS	model.input_embed	4147	4.6482
811	permuted	0	T1	802ba1f19f5ea689	4	1	256	-1	direct	none	0	structure	shape,data	0	GET_ROWS	model.input_embed	3647	4.7731
812	permuted	0	T2	d702fd6fe588b6cb	2	2	512	-1	direct	none	0	structure	shape,data	0	GET_ROWS	model.input_embed	4746	5.2062
813	permuted	0	T2	d702fd6fe588b6cb	2	2	512	-1	capture	reinstantiate	0	none	-	-1	-	-	4565	8.0761
814	permuted	0	T2	d702fd6fe588b6cb	2	2	512	-1	replay	none	0	none	-	-1	-	-	675	4.1836
815	permuted	0	T2	d702fd6fe588b6cb	2	2	512	-1	replay	none	0	none	-	-1	-	-	633	4.2933
816	permuted	0	T2	d702fd6fe588b6cb	2	2	512	-1	replay	none	0	none	-	-1	-	-	662	4.2482
817	permuted	0	T2	d702fd6fe588b6cb	2	2	512	-1	replay	none	0	none	-	-1	-	-	636	4.3174
818	permuted	0	T2	d702fd6fe588b6cb	2	2	512	-1	replay	none	0	none	-	-1	-	-	640	4.3169
819	permuted	0	T2	d702fd6fe588b6cb	2	2	512	-1	replay	none	0	none	-	-1	-	-	568	4.2955
820	permuted	0	T2	d702fd6fe588b6cb	2	2	512	-1	replay	none	0	none	-	-1	-	-	658	4.3108
821	permuted	0	T2	d702fd6fe588b6cb	2	2	512	-1	replay	none	0	none	-	-1	-	-	627	4.2383
822	permuted	0	T2	d702fd6fe588b6cb	2	2	512	-1	replay	none	0	none	-	-1	-	-	625	4.2953
823	permuted	0	T2	d702fd6fe588b6cb	2	2	512	-1	replay	none	0	none	-	-1	-	-	601	4.0687
824	permuted	0	T2	d702fd6fe588b6cb	2	2	512	-1	replay	none	0	none	-	-1	-	-	635	4.0893
825	permuted	0	T2	d702fd6fe588b6cb	2	2	512	-1	replay	none	0	none	-	-1	-	-	633	4.0884
826	permuted	0	T2	d702fd6fe588b6cb	2	2	512	-1	replay	none	0	none	-	-1	-	-	640	4.3738
827	permuted	0	T2	d702fd6fe588b6cb	2	2	512	-1	replay	none	0	none	-	-1	-	-	657	4.1787
828	permuted	0	T2	d702fd6fe588b6cb	2	2	512	-1	replay	none	0	none	-	-1	-	-	636	4.2203
829	permuted	0	T2	d702fd6fe588b6cb	2	2	512	-1	replay	none	0	none	-	-1	-	-	631	4.1743
830	permuted	0	T2	d702fd6fe588b6cb	2	2	512	-1	replay	none	0	none	-	-1	-	-	632	4.2967
831	permuted	0	T2	d702fd6fe588b6cb	2	2	512	-1	replay	none	0	none	-	-1	-	-	639	4.3427
832	permuted	0	T2	d702fd6fe588b6cb	2	2	512	-1	replay	none	0	none	-	-1	-	-	628	4.2950
833	permuted	0	T2	d702fd6fe588b6cb	2	2	512	-1	replay	none	0	none	-	-1	-	-	631	4.2579
834	permuted	0	T2	d702fd6fe588b6cb	2	2	512	-1	replay	none	0	none	-	-1	-	-	622	4.2968
835	permuted	0	T2	d702fd6fe588b6cb	2	2	512	-1	replay	none	0	none	-	-1	-	-	658	4.2594
836	permuted	0	T2	d702fd6fe588b6cb	2	2	512	-1	replay	none	0	none	-	-1	-	-	632	4.0665
837	permuted	0	T2	d702fd6fe588b6cb	2	2	512	-1	replay	none	0	none	-	-1	-	-	635	4.0853
838	permuted	0	T2	d702fd6fe588b6cb	2	2	512	-1	replay	none	0	none	-	-1	-	-	634	4.0957
839	permuted	0	T2	d702fd6fe588b6cb	2	2	512	-1	replay	none	0	none	-	-1	-	-	638	4.0938
840	permuted	0	T2	d702fd6fe588b6cb	2	2	512	-1	replay	none	0	none	-	-1	-	-	623	4.2886
841	permuted	0	T2	d702fd6fe588b6cb	2	2	512	-1	replay	none	0	none	-	-1	-	-	630	4.2648
842	permuted	0	T2	d702fd6fe588b6cb	2	2	512	-1	replay	none	0	none	-	-1	-	-	991	4.2341
843	permuted	0	T3	0fdbf3977c990123	1	1	512	-1	direct	none	1	structure	shape,data	0	GET_ROWS	model.input_embed	4383	4.7840
844	permuted	0	T3	0fdbf3977c990123	1	1	512	-1	capture	reinstantiate	0	none	-	-1	-	-	5245	8.7468
845	permuted	0	T3	0fdbf3977c990123	1	1	512	-1	replay	none	0	none	-	-1	-	-	653	4.0405
846	permuted	0	T3	0fdbf3977c990123	1	1	512	-1	replay	none	0	none	-	-1	-	-	630	3.7873
847	permuted	0	T3	0fdbf3977c990123	1	1	512	-1	replay	none	0	none	-	-1	-	-	629	3.8704
848	permuted	0	T3	0fdbf3977c990123	1	1	512	-1	replay	none	0	none	-	-1	-	-	608	3.9842
849	permuted	0	T3	0fdbf3977c990123	1	1	512	-1	replay	none	0	none	-	-1	-	-	651	4.0189
850	permuted	0	T3	0fdbf3977c990123	1	1	512	-1	replay	none	0	none	-	-1	-	-	645	5.3204
851	permuted	0	T3	0fdbf3977c990123	1	1	512	-1	replay	none	0	none	-	-1	-	-	574	4.0591
852	permuted	0	T3	0fdbf3977c990123	1	1	512	-1	replay	none	0	none	-	-1	-	-	633	4.0268
853	permuted	0	T3	0fdbf3977c990123	1	1	512	-1	replay	none	0	none	-	-1	-	-	622	3.7903
854	permuted	0	T3	0fdbf3977c990123	1	1	512	-1	replay	none	0	none	-	-1	-	-	663	3.8731
855	permuted	0	T3	0fdbf3977c990123	1	1	512	-1	replay	none	0	none	-	-1	-	-	616	3.9428
856	permuted	0	T3	0fdbf3977c990123	1	1	512	-1	replay	none	0	none	-	-1	-	-	657	3.9038
857	permuted	0	T3	0fdbf3977c990123	1	1	512	-1	replay	none	0	none	-	-1	-	-	635	4.0364
858	permuted	0	T3	0fdbf3977c990123	1	1	512	-1	replay	none	0	none	-	-1	-	-	634	3.7843
859	permuted	0	T3	0fdbf3977c990123	1	1	512	-1	replay	none	0	none	-	-1	-	-	614	3.9369
860	permuted	0	T3	0fdbf3977c990123	1	1	512	-1	replay	none	0	none	-	-1	-	-	655	3.9491
861	permuted	0	T3	0fdbf3977c990123	1	1	512	-1	replay	none	0	none	-	-1	-	-	762	4.0377
862	permuted	0	T3	0fdbf3977c990123	1	1	512	-1	replay	none	0	none	-	-1	-	-	638	4.0213
863	permuted	0	T3	0fdbf3977c990123	1	1	512	-1	replay	none	0	none	-	-1	-	-	627	4.0556
864	permuted	0	T3	0fdbf3977c990123	1	1	512	-1	replay	none	0	none	-	-1	-	-	629	3.7820
865	permuted	0	T3	0fdbf3977c990123	1	1	512	-1	replay	none	0	none	-	-1	-	-	631	4.0510
866	permuted	0	T3	0fdbf3977c990123	1	1	512	-1	replay	none	0	none	-	-1	-	-	629	4.0060
867	permuted	0	T3	0fdbf3977c990123	1	1	512	-1	replay	none	0	none	-	-1	-	-	570	3.8874
868	permuted	0	T3	0fdbf3977c990123	1	1	512	-1	replay	none	0	none	-	-1	-	-	590	4.0489
869	permuted	0	T3	0fdbf3977c990123	1	1	512	-1	replay	none	0	none	-	-1	-	-	632	3.7993
870	permuted	0	T3	0fdbf3977c990123	1	1	512	-1	replay	none	0	none	-	-1	-	-	635	3.8186
871	permuted	0	T3	0fdbf3977c990123	1	1	512	-1	replay	none	0	none	-	-1	-	-	657	3.9124
872	permuted	0	T3	0fdbf3977c990123	1	1	512	-1	replay	none	0	none	-	-1	-	-	681	4.1388
873	permuted	0	T3	0fdbf3977c990123	1	1	512	-1	replay	none	0	none	-	-1	-	-	623	4.0432
874	permuted	0	T3	0fdbf3977c990123	1	1	512	-1	replay	none	0	none	-	-1	-	-	631	4.0462
875	permuted	0	T3	0fdbf3977c990123	1	1	512	-1	replay	none	0	none	-	-1	-	-	644	3.7668
876	permuted	0	T3	0fdbf3977c990123	1	1	512	-1	replay	none	0	none	-	-1	-	-	748	3.8105
877	permuted	0	T3	0fdbf3977c990123	1	1	512	-1	replay	none	0	none	-	-1	-	-	605	4.0325
878	permuted	0	T3	0fdbf3977c990123	1	1	512	-1	replay	none	0	none	-	-1	-	-	547	4.1645
879	permuted	0	T3	0fdbf3977c990123	1	1	512	-1	replay	none	0	none	-	-1	-	-	493	3.9830
880	permuted	0	T3	0fdbf3977c990123	1	1	512	-1	replay	none	0	none	-	-1	-	-	515	3.8071
881	permuted	0	T3	0fdbf3977c990123	1	1	512	-1	replay	none	0	none	-	-1	-	-	627	3.8130
882	permuted	0	T3	0fdbf3977c990123	1	1	512	-1	replay	none	0	none	-	-1	-	-	624	3.9034
883	permuted	0	T3	0fdbf3977c990123	1	1	512	-1	replay	none	0	none	-	-1	-	-	625	3.9846
884	permuted	0	T3	0fdbf3977c990123	1	1	512	-1	replay	none	0	none	-	-1	-	-	631	4.0036
885	permuted	0	T3	0fdbf3977c990123	1	1	512	-1	replay	none	0	none	-	-1	-	-	631	3.7858
886	permuted	0	T3	0fdbf3977c990123	1	1	512	-1	replay	none	0	none	-	-1	-	-	607	3.7997
887	permuted	0	T3	0fdbf3977c990123	1	1	512	-1	replay	none	0	none	-	-1	-	-	611	3.9067
888	permuted	0	T3	0fdbf3977c990123	1	1	512	-1	replay	none	0	none	-	-1	-	-	624	4.0517
889	permuted	0	T3	0fdbf3977c990123	1	1	512	-1	replay	none	0	none	-	-1	-	-	627	4.0601
890	permuted	0	T3	0fdbf3977c990123	1	1	512	-1	replay	none	0	none	-	-1	-	-	634	3.7632
891	permuted	0	T3	0fdbf3977c990123	1	1	512	-1	replay	none	0	none	-	-1	-	-	616	3.7903
892	permuted	0	T3	0fdbf3977c990123	1	1	512	-1	replay	none	0	none	-	-1	-	-	610	3.8557
893	permuted	0	T3	0fdbf3977c990123	1	1	512	-1	replay	none	0	none	-	-1	-	-	575	3.9592
894	permuted	0	T3	0fdbf3977c990123	1	1	512	-1	replay	none	0	none	-	-1	-	-	550	4.0244
895	permuted	0	T3	0fdbf3977c990123	1	1	512	-1	replay	none	0	none	-	-1	-	-	598	3.7894
896	permuted	0	T3	0fdbf3977c990123	1	1	512	-1	replay	none	0	none	-	-1	-	-	589	3.8107
897	permuted	0	T3	0fdbf3977c990123	1	1	512	-1	replay	none	0	none	-	-1	-	-	615	3.8218
898	permuted	0	T3	0fdbf3977c990123	1	1	512	-1	replay	none	0	none	-	-1	-	-	620	3.9620
899	permuted	0	T3	0fdbf3977c990123	1	1	512	-1	replay	none	0	none	-	-1	-	-	629	4.0980
900	permuted	0	T3	0fdbf3977c990123	1	1	512	-1	replay	none	0	none	-	-1	-	-	634	4.0516
901	permuted	0	T3	0fdbf3977c990123	1	1	512	-1	replay	none	0	none	-	-1	-	-	562	3.7790
902	permuted	0	T3	0fdbf3977c990123	1	1	512	-1	replay	none	0	none	-	-1	-	-	640	3.8693
903	permuted	0	T3	0fdbf3977c990123	1	1	512	-1	replay	none	0	none	-	-1	-	-	640	4.0465
904	permuted	0	T3	0fdbf3977c990123	1	1	512	-1	replay	none	0	none	-	-1	-	-	645	3.9839
905	permuted	0	T3	0fdbf3977c990123	1	1	512	-1	replay	none	0	none	-	-1	-	-	564	4.0240
906	permuted	0	T3	0fdbf3977c990123	1	1	512	-1	replay	none	0	none	-	-1	-	-	603	3.7924
907	permuted	0	T3	0fdbf3977c990123	1	1	512	-1	replay	none	0	none	-	-1	-	-	603	3.8153
908	permuted	0	T3	0fdbf3977c990123	1	1	512	-1	replay	none	0	none	-	-1	-	-	632	3.9842
909	permuted	0	T3	0fdbf3977c990123	1	1	512	-1	replay	none	0	none	-	-1	-	-	628	3.9852
910	permuted	0	T3	0fdbf3977c990123	1	1	512	-1	replay	none	0	none	-	-1	-	-	499	4.0169
911	permuted	0	T3	0fdbf3977c990123	1	1	512	-1	replay	none	0	none	-	-1	-	-	623	4.0628
912	permuted	0	T3	0fdbf3977c990123	1	1	512	-1	replay	none	0	none	-	-1	-	-	616	3.7991
913	permuted	1	T0	5e879b663492f411	4	1	256	-1	direct	none	1	structure	shape,data	0	GET_ROWS	model.input_embed	5182	5.4644
914	permuted	1	T0	0fdbf3977c990123	1	1	512	-1	direct	none	0	structure	shape,data	0	GET_ROWS	model.input_embed	4260	4.7634
915	permuted	1	T0	0fdbf3977c990123	1	1	512	-1	capture	update	0	none	-	-1	-	-	3152	6.3907
916	permuted	1	T0	0fdbf3977c990123	1	1	512	-1	replay	none	0	none	-	-1	-	-	669	4.0465
917	permuted	1	T0	0fdbf3977c990123	1	1	512	-1	replay	none	0	none	-	-1	-	-	650	3.7855
918	permuted	1	T0	0fdbf3977c990123	1	1	512	-1	replay	none	0	none	-	-1	-	-	640	3.8108
919	permuted	1	T0	0fdbf3977c990123	1	1	512	-1	replay	none	0	none	-	-1	-	-	650	3.8995
920	permuted	1	T0	0fdbf3977c990123	1	1	512	-1	replay	none	0	none	-	-1	-	-	642	4.0737
921	permuted	1	T0	0fdbf3977c990123	1	1	512	-1	replay	none	0	none	-	-1	-	-	748	3.9074
922	permuted	1	T0	0fdbf3977c990123	1	1	512	-1	replay	none	0	none	-	-1	-	-	631	3.7803
923	permuted	1	T0	0fdbf3977c990123	1	1	512	-1	replay	none	0	none	-	-1	-	-	635	3.7916
924	permuted	1	T0	0fdbf3977c990123	1	1	512	-1	replay	none	0	none	-	-1	-	-	675	3.8560
925	permuted	1	T0	0fdbf3977c990123	1	1	512	-1	replay	none	0	none	-	-1	-	-	696	4.0454
926	permuted	1	T0	0fdbf3977c990123	1	1	512	-1	replay	none	0	none	-	-1	-	-	654	3.9531
927	permuted	1	T0	0fdbf3977c990123	1	1	512	-1	replay	none	0	none	-	-1	-	-	653	4.0182
928	permuted	1	T0	0fdbf3977c990123	1	1	512	-1	replay	none	0	none	-	-1	-	-	655	3.7926
929	permuted	1	T0	0fdbf3977c990123	1	1	512	-1	replay	none	0	none	-	-1	-	-	637	3.8099
930	permuted	1	T0	0fdbf3977c990123	1	1	512	-1	replay	none	0	none	-	-1	-	-	680	3.8461
931	permuted	1	T0	0fdbf3977c990123	1	1	512	-1	replay	none	0	none	-	-1	-	-	658	3.9293
932	permuted	1	T0	0fdbf3977c990123	1	1	512	-1	replay	none	0	none	-	-1	-	-	637	4.0000
933	permuted	1	T0	0fdbf3977c990123	1	1	512	-1	replay	none	0	none	-	-1	-	-	640	4.0310
934	permuted	1	T0	0fdbf3977c990123	1	1	512	-1	replay	none	0	none	-	-1	-	-	633	3.7740
935	permuted	1	T0	0fdbf3977c990123	1	1	512	-1	replay	none	0	none	-	-1	-	-	639	3.8626
936	permuted	1	T0	0fdbf3977c990123	1	1	512	-1	replay	none	0	none	-	-1	-	-	632	3.9930
937	permuted	1	T0	0fdbf3977c990123	1	1	512	-1	replay	none	0	none	-	-1	-	-	622	3.9710
938	permuted	1	T1	0fdbf3977c990123	1	1	512	-1	replay	none	0	none	-	-1	-	-	643	4.0475
939	permuted	1	T1	da7570afdbb81394	252	0	256	-1	direct	none	1	structure	shape,data	0	GET_ROWS	model.input_embed	6316	17.0665
940	permuted	1	T1	0fdbf3977c990123	1	1	512	-1	direct	none	0	structure	shape,data	0	GET_ROWS	model.input_embed	4263	4.5537
941	permuted	1	T1	802ba1f19f5ea689	4	1	256	-1	direct	none	0	structure	shape,data	0	GET_ROWS	model.input_embed	4935	5.2767
942	permuted	1	T2	d702fd6fe588b6cb	2	2	512	-1	direct	none	0	structure	shape,data	0	GET_ROWS	model.input_embed	4625	4.9700
943	permuted	1	T2	d702fd6fe588b6cb	2	2	512	-1	capture	reinstantiate	0	none	-	-1	-	-	6021	9.5226
944	permuted	1	T2	d702fd6fe588b6cb	2	2	512	-1	replay	none	0	none	-	-1	-	-	663	4.2918
945	permuted	1	T2	d702fd6fe588b6cb	2	2	512	-1	replay	none	0	none	-	-1	-	-	668	4.2388
946	permuted	1	T2	d702fd6fe588b6cb	2	2	512	-1	replay	none	0	none	-	-1	-	-	667	4.1845
947	permuted	1	T2	d702fd6fe588b6cb	2	2	512	-1	replay	none	0	none	-	-1	-	-	669	4.3807
948	permuted	1	T2	d702fd6fe588b6cb	2	2	512	-1	replay	none	0	none	-	-1	-	-	659	4.3589
949	permuted	1	T2	d702fd6fe588b6cb	2	2	512	-1	replay	none	0	none	-	-1	-	-	1049	4.3363
950	permuted	1	T2	d702fd6fe588b6cb	2	2	512	-1	replay	none	0	none	-	-1	-	-	663	4.2292
951	permuted	1	T2	d702fd6fe588b6cb	2	2	512	-1	replay	none	0	none	-	-1	-	-	643	4.3061
952	permuted	1	T2	d702fd6fe588b6cb	2	2	512	-1	replay	none	0	none	-	-1	-	-	640	4.3592
953	permuted	1	T2	d702fd6fe588b6cb	2	2	512	-1	replay	none	0	none	-	-1	-	-	639	4.2670
954	permuted	1	T2	d702fd6fe588b6cb	2	2	512	-1	replay	none	0	none	-	-1	-	-	662	4.3430
955	permuted	1	T2	d702fd6fe588b6cb	2	2	512	-1	replay	none	0	none	-	-1	-	-	646	4.0763
956	permuted	1	T2	d702fd6fe588b6cb	2	2	512	-1	replay	none	0	none	-	-1	-	-	640	4.0895
957	permuted	1	T2	d702fd6fe588b6cb	2	2	512	-1	replay	none	0	none	-	-1	-	-	643	4.0881
958	permuted	1	T2	d702fd6fe588b6cb	2	2	512	-1	replay	none	0	none	-	-1	-	-	701	4.1529
959	permuted	1	T2	d702fd6fe588b6cb	2	2	512	-1	replay	none	0	none	-	-1	-	-	658	4.1492
960	permuted	1	T2	d702fd6fe588b6cb	2	2	512	-1	replay	none	0	none	-	-1	-	-	627	4.2638
961	permuted	1	T2	d702fd6fe588b6cb	2	2	512	-1	replay	none	0	none	-	-1	-	-	644	4.2130
962	permuted	1	T2	d702fd6fe588b6cb	2	2	512	-1	replay	none	0	none	-	-1	-	-	628	4.2428
963	permuted	1	T2	d702fd6fe588b6cb	2	2	512	-1	replay	none	0	none	-	-1	-	-	640	4.2620
964	permuted	1	T2	d702fd6fe588b6cb	2	2	512	-1	replay	none	0	none	-	-1	-	-	661	4.3495
965	permuted	1	T2	d702fd6fe588b6cb	2	2	512	-1	replay	none	0	none	-	-1	-	-	614	4.2768
966	permuted	1	T2	d702fd6fe588b6cb	2	2	512	-1	replay	none	0	none	-	-1	-	-	649	4.2757
967	permuted	1	T2	d702fd6fe588b6cb	2	2	512	-1	replay	none	0	none	-	-1	-	-	624	4.3300
968	permuted	1	T2	d702fd6fe588b6cb	2	2	512	-1	replay	none	0	none	-	-1	-	-	630	4.3334
969	permuted	1	T2	d702fd6fe588b6cb	2	2	512	-1	replay	none	0	none	-	-1	-	-	641	4.0716
970	permuted	1	T2	d702fd6fe588b6cb	2	2	512	-1	replay	none	0	none	-	-1	-	-	648	4.0858
971	permuted	1	T2	d702fd6fe588b6cb	2	2	512	-1	replay	none	0	none	-	-1	-	-	623	4.0727
972	permuted	1	T2	d702fd6fe588b6cb	2	2	512	-1	replay	none	0	none	-	-1	-	-	639	4.0983
973	permuted	1	T3	0fdbf3977c990123	1	1	512	-1	direct	none	1	structure	shape,data	0	GET_ROWS	model.input_embed	4148	4.6409
974	permuted	1	T3	0fdbf3977c990123	1	1	512	-1	capture	reinstantiate	0	none	-	-1	-	-	5083	8.5021
975	permuted	1	T3	0fdbf3977c990123	1	1	512	-1	replay	none	0	none	-	-1	-	-	642	4.0495
976	permuted	1	T3	0fdbf3977c990123	1	1	512	-1	replay	none	0	none	-	-1	-	-	628	3.7875
977	permuted	1	T3	0fdbf3977c990123	1	1	512	-1	replay	none	0	none	-	-1	-	-	651	3.8542
978	permuted	1	T3	0fdbf3977c990123	1	1	512	-1	replay	none	0	none	-	-1	-	-	656	3.9632
979	permuted	1	T3	0fdbf3977c990123	1	1	512	-1	replay	none	0	none	-	-1	-	-	652	4.0421
980	permuted	1	T3	0fdbf3977c990123	1	1	512	-1	replay	none	0	none	-	-1	-	-	636	3.9803
981	permuted	1	T3	0fdbf3977c990123	1	1	512	-1	replay	none	0	none	-	-1	-	-	618	3.7775
982	permuted	1	T3	0fdbf3977c990123	1	1	512	-1	replay	none	0	none	-	-1	-	-	633	4.0520
983	permuted	1	T3	0fdbf3977c990123	1	1	512	-1	replay	none	0	none	-	-1	-	-	627	3.8898
984	permuted	1	T3	0fdbf3977c990123	1	1	512	-1	replay	none	0	none	-	-1	-	-	638	3.9599
985	permuted	1	T3	0fdbf3977c990123	1	1	512	-1	replay	none	0	none	-	-1	-	-	642	3.9751
986	permuted	1	T3	0fdbf3977c990123	1	1	512	-1	replay	none	0	none	-	-1	-	-	654	4.0342
987	permuted	1	T3	0fdbf3977c990123	1	1	512	-1	replay	none	0	none	-	-1	-	-	587	3.7748
988	permuted	1	T3	0fdbf3977c990123	1	1	512	-1	replay	none	0	none	-	-1	-	-	662	3.8360
989	permuted	1	T3	0fdbf3977c990123	1	1	512	-1	replay	none	0	none	-	-1	-	-	644	4.0346
990	permuted	1	T3	0fdbf3977c990123	1	1	512	-1	replay	none	0	none	-	-1	-	-	550	3.9565
991	permuted	1	T3	0fdbf3977c990123	1	1	512	-1	replay	none	0	none	-	-1	-	-	620	4.0442
992	permuted	1	T3	0fdbf3977c990123	1	1	512	-1	replay	none	0	none	-	-1	-	-	584	3.7894
993	permuted	1	T3	0fdbf3977c990123	1	1	512	-1	replay	none	0	none	-	-1	-	-	640	3.8028
994	permuted	1	T3	0fdbf3977c990123	1	1	512	-1	replay	none	0	none	-	-1	-	-	622	4.0204
995	permuted	1	T3	0fdbf3977c990123	1	1	512	-1	replay	none	0	none	-	-1	-	-	637	4.0462
996	permuted	1	T3	0fdbf3977c990123	1	1	512	-1	replay	none	0	none	-	-1	-	-	670	3.9828
997	permuted	1	T3	0fdbf3977c990123	1	1	512	-1	replay	none	0	none	-	-1	-	-	499	3.7467
998	permuted	1	T3	0fdbf3977c990123	1	1	512	-1	replay	none	0	none	-	-1	-	-	559	3.7875
999	permuted	1	T3	0fdbf3977c990123	1	1	512	-1	replay	none	0	none	-	-1	-	-	635	3.9767
1000	permuted	1	T3	0fdbf3977c990123	1	1	512	-1	replay	none	0	none	-	-1	-	-	595	3.9825
1001	permuted	1	T3	0fdbf3977c990123	1	1	512	-1	replay	none	0	none	-	-1	-	-	629	4.0556
1002	permuted	1	T3	0fdbf3977c990123	1	1	512	-1	replay	none	0	none	-	-1	-	-	649	3.7933
1003	permuted	1	T3	0fdbf3977c990123	1	1	512	-1	replay	none	0	none	-	-1	-	-	632	3.8047
1004	permuted	1	T3	0fdbf3977c990123	1	1	512	-1	replay	none	0	none	-	-1	-	-	647	3.8508
1005	permuted	1	T3	0fdbf3977c990123	1	1	512	-1	replay	none	0	none	-	-1	-	-	614	4.0405
1006	permuted	1	T3	0fdbf3977c990123	1	1	512	-1	replay	none	0	none	-	-1	-	-	818	4.0487
1007	permuted	1	T3	0fdbf3977c990123	1	1	512	-1	replay	none	0	none	-	-1	-	-	640	4.0408
1008	permuted	1	T3	0fdbf3977c990123	1	1	512	-1	replay	none	0	none	-	-1	-	-	616	3.7843
1009	permuted	1	T3	0fdbf3977c990123	1	1	512	-1	replay	none	0	none	-	-1	-	-	631	3.8050
1010	permuted	1	T3	0fdbf3977c990123	1	1	512	-1	replay	none	0	none	-	-1	-	-	647	3.8812
1011	permuted	1	T3	0fdbf3977c990123	1	1	512	-1	replay	none	0	none	-	-1	-	-	506	3.9409
1012	permuted	1	T3	0fdbf3977c990123	1	1	512	-1	replay	none	0	none	-	-1	-	-	521	4.0297
1013	permuted	1	T3	0fdbf3977c990123	1	1	512	-1	replay	none	0	none	-	-1	-	-	650	3.7764
1014	permuted	1	T3	0fdbf3977c990123	1	1	512	-1	replay	none	0	none	-	-1	-	-	632	3.8083
1015	permuted	1	T3	0fdbf3977c990123	1	1	512	-1	replay	none	0	none	-	-1	-	-	636	3.9137
1016	permuted	1	T3	0fdbf3977c990123	1	1	512	-1	replay	none	0	none	-	-1	-	-	802	3.9506
1017	permuted	1	T3	0fdbf3977c990123	1	1	512	-1	replay	none	0	none	-	-1	-	-	630	4.0928
1018	permuted	1	T3	0fdbf3977c990123	1	1	512	-1	replay	none	0	none	-	-1	-	-	614	4.0011
1019	permuted	1	T3	0fdbf3977c990123	1	1	512	-1	replay	none	0	none	-	-1	-	-	559	3.7600
1020	permuted	1	T3	0fdbf3977c990123	1	1	512	-1	replay	none	0	none	-	-1	-	-	682	3.8612
1021	permuted	1	T3	0fdbf3977c990123	1	1	512	-1	replay	none	0	none	-	-1	-	-	654	4.0044
1022	permuted	1	T3	0fdbf3977c990123	1	1	512	-1	replay	none	0	none	-	-1	-	-	605	4.0184
1023	permuted	1	T3	0fdbf3977c990123	1	1	512	-1	replay	none	0	none	-	-1	-	-	576	4.0384
1024	permuted	1	T3	0fdbf3977c990123	1	1	512	-1	replay	none	0	none	-	-1	-	-	506	3.7712
1025	permuted	1	T3	0fdbf3977c990123	1	1	512	-1	replay	none	0	none	-	-1	-	-	633	3.8120
1026	permuted	1	T3	0fdbf3977c990123	1	1	512	-1	replay	none	0	none	-	-1	-	-	566	4.0322
1027	permuted	1	T3	0fdbf3977c990123	1	1	512	-1	replay	none	0	none	-	-1	-	-	572	4.0414
1028	permuted	1	T3	0fdbf3977c990123	1	1	512	-1	replay	none	0	none	-	-1	-	-	531	3.9943
1029	permuted	1	T3	0fdbf3977c990123	1	1	512	-1	replay	none	0	none	-	-1	-	-	529	3.8012
1030	permuted	1	T3	0fdbf3977c990123	1	1	512	-1	replay	none	0	none	-	-1	-	-	648	3.8565
1031	permuted	1	T3	0fdbf3977c990123	1	1	512	-1	replay	none	0	none	-	-1	-	-	655	4.1793
1032	permuted	1	T3	0fdbf3977c990123	1	1	512	-1	replay	none	0	none	-	-1	-	-	624	4.0028
1033	permuted	1	T3	0fdbf3977c990123	1	1	512	-1	replay	none	0	none	-	-1	-	-	635	3.8173
1034	permuted	1	T3	0fdbf3977c990123	1	1	512	-1	replay	none	0	none	-	-1	-	-	639	4.0239
1035	permuted	1	T3	0fdbf3977c990123	1	1	512	-1	replay	none	0	none	-	-1	-	-	584	3.7562
1036	permuted	1	T3	0fdbf3977c990123	1	1	512	-1	replay	none	0	none	-	-1	-	-	629	3.8594
1037	permuted	1	T3	0fdbf3977c990123	1	1	512	-1	replay	none	0	none	-	-1	-	-	629	4.1170
1038	permuted	1	T3	0fdbf3977c990123	1	1	512	-1	replay	none	0	none	-	-1	-	-	638	3.8061
1039	permuted	1	T3	0fdbf3977c990123	1	1	512	-1	replay	none	0	none	-	-1	-	-	630	3.7716
1040	permuted	1	T3	0fdbf3977c990123	1	1	512	-1	replay	none	0	none	-	-1	-	-	602	4.0296
1041	permuted	1	T3	0fdbf3977c990123	1	1	512	-1	replay	none	0	none	-	-1	-	-	611	4.0506
1042	permuted	1	T3	0fdbf3977c990123	1	1	512	-1	replay	none	0	none	-	-1	-	-	616	3.9236
1043	permuted	2	T0	5e879b663492f411	4	1	256	-1	direct	none	1	structure	shape,data	0	GET_ROWS	model.input_embed	4937	5.3307
1044	permuted	2	T0	0fdbf3977c990123	1	1	512	-1	direct	none	0	structure	shape,data	0	GET_ROWS	model.input_embed	4184	4.8360
1045	permuted	2	T0	0fdbf3977c990123	1	1	512	-1	capture	update	0	none	-	-1	-	-	3027	6.4371
1046	permuted	2	T0	0fdbf3977c990123	1	1	512	-1	replay	none	0	none	-	-1	-	-	652	4.0017
1047	permuted	2	T0	0fdbf3977c990123	1	1	512	-1	replay	none	0	none	-	-1	-	-	650	3.8020
1048	permuted	2	T0	0fdbf3977c990123	1	1	512	-1	replay	none	0	none	-	-1	-	-	639	4.0496
1049	permuted	2	T0	0fdbf3977c990123	1	1	512	-1	replay	none	0	none	-	-1	-	-	632	4.0305
1050	permuted	2	T0	0fdbf3977c990123	1	1	512	-1	replay	none	0	none	-	-1	-	-	516	4.1028
1051	permuted	2	T0	0fdbf3977c990123	1	1	512	-1	replay	none	0	none	-	-1	-	-	644	4.0311
1052	permuted	2	T0	0fdbf3977c990123	1	1	512	-1	replay	none	0	none	-	-1	-	-	655	3.9898
1053	permuted	2	T0	0fdbf3977c990123	1	1	512	-1	replay	none	0	none	-	-1	-	-	642	3.8119
1054	permuted	2	T0	0fdbf3977c990123	1	1	512	-1	replay	none	0	none	-	-1	-	-	648	4.0464
1055	permuted	2	T0	0fdbf3977c990123	1	1	512	-1	replay	none	0	none	-	-1	-	-	638	3.9249
1056	permuted	2	T0	0fdbf3977c990123	1	1	512	-1	replay	none	0	none	-	-1	-	-	611	3.8510
1057	permuted	2	T0	0fdbf3977c990123	1	1	512	-1	replay	none	0	none	-	-1	-	-	640	3.9970
1058	permuted	2	T0	0fdbf3977c990123	1	1	512	-1	replay	none	0	none	-	-1	-	-	626	3.8980
1059	permuted	2	T0	0fdbf3977c990123	1	1	512	-1	replay	none	0	none	-	-1	-	-	750	4.0260
1060	permuted	2	T0	0fdbf3977c990123	1	1	512	-1	replay	none	0	none	-	-1	-	-	653	3.7919
1061	permuted	2	T0	0fdbf3977c990123	1	1	512	-1	replay	none	0	none	-	-1	-	-	577	3.7956
1062	permuted	2	T0	0fdbf3977c990123	1	1	512	-1	replay	none	0	none	-	-1	-	-	676	3.9483
1063	permuted	2	T0	0fdbf3977c990123	1	1	512	-1	replay	none	0	none	-	-1	-	-	687	3.8811
1064	permuted	2	T0	0fdbf3977c990123	1	1	512	-1	replay	none	0	none	-	-1	-	-	666	3.8230
1065	permuted	2	T0	0fdbf3977c990123	1	1	512	-1	replay	none	0	none	-	-1	-	-	663	4.0422
1066	permuted	2	T0	0fdbf3977c990123	1	1	512	-1	replay	none	0	none	-	-1	-	-	649	3.8817
1067	permuted	2	T0	0fdbf3977c990123	1	1	512	-1	replay	none	0	none	-	-1	-	-	698	3.8468
1068	permuted	2	T1	0fdbf3977c990123	1	1	512	-1	replay	none	0	none	-	-1	-	-	664	3.8683
1069	permuted	2	T1	da7570afdbb81394	252	0	256	-1	direct	none	1	structure	shape,data	0	GET_ROWS	model.input_embed	6206	17.1151
1070	permuted	2	T1	0fdbf3977c990123	1	1	512	-1	direct	none	0	structure	shape,data	0	GET_ROWS	model.input_embed	4359	4.6971
1071	permuted	2	T1	802ba1f19f5ea689	4	1	256	-1	direct	none	0	structure	shape,data	0	GET_ROWS	model.input_embed	4447	4.9946
1072	permuted	2	T2	d702fd6fe588b6cb	2	2	512	-1	direct	none	0	structure	shape,data	0	GET_ROWS	model.input_embed	4310	4.8080
1073	permuted	2	T2	d702fd6fe588b6cb	2	2	512	-1	capture	reinstantiate	0	none	-	-1	-	-	5584	9.2385
1074	permuted	2	T2	d702fd6fe588b6cb	2	2	512	-1	replay	none	0	none	-	-1	-	-	645	4.3573
1075	permuted	2	T2	d702fd6fe588b6cb	2	2	512	-1	replay	none	0	none	-	-1	-	-	640	4.2314
1076	permuted	2	T2	d702fd6fe588b6cb	2	2	512	-1	replay	none	0	none	-	-1	-	-	639	4.2426
1077	permuted	2	T2	d702fd6fe588b6cb	2	2	512	-1	replay	none	0	none	-	-1	-	-	667	4.0746
1078	permuted	2	T2	d702fd6fe588b6cb	2	2	512	-1	replay	none	0	none	-	-1	-	-	632	4.2453
1079	permuted	2	T2	d702fd6fe588b6cb	2	2	512	-1	replay	none	0	none	-	-1	-	-	627	4.1017
1080	permuted	2	T2	d702fd6fe588b6cb	2	2	512	-1	replay	none	0	none	-	-1	-	-	650	4.1055
1081	permuted	2	T2	d702fd6fe588b6cb	2	2	512	-1	replay	none	0	none	-	-1	-	-	656	4.1466
1082	permuted	2	T2	d702fd6fe588b6cb	2	2	512	-1	replay	none	0	none	-	-1	-	-	631	4.2727
1083	permuted	2	T2	d702fd6fe588b6cb	2	2	512	-1	replay	none	0	none	-	-1	-	-	633	4.2834
1084	permuted	2	T2	d702fd6fe588b6cb	2	2	512	-1	replay	none	0	none	-	-1	-	-	723	4.3368
1085	permuted	2	T2	d702fd6fe588b6cb	2	2	512	-1	replay	none	0	none	-	-1	-	-	645	4.2803
1086	permuted	2	T2	d702fd6fe588b6cb	2	2	512	-1	replay	none	0	none	-	-1	-	-	868	4.1037
1087	permuted	2	T2	d702fd6fe588b6cb	2	2	512	-1	replay	none	0	none	-	-1	-	-	656	4.2402
1088	permuted	2	T2	d702fd6fe588b6cb	2	2	512	-1	replay	none	0	none	-	-1	-	-	640	4.3017
1089	permuted	2	T2	d702fd6fe588b6cb	2	2	512	-1	replay	none	0	none	-	-1	-	-	622	4.2725
1090	permuted	2	T2	d702fd6fe588b6cb	2	2	512	-1	replay	none	0	none	-	-1	-	-	629	4.2004
1091	permuted	2	T2	d702fd6fe588b6cb	2	2	512	-1	replay	none	0	none	-	-1	-	-	646	4.0684
1092	permuted	2	T2	d702fd6fe588b6cb	2	2	512	-1	replay	none	0	none	-	-1	-	-	638	4.0896
1093	permuted	2	T2	d702fd6fe588b6cb	2	2	512	-1	replay	none	0	none	-	-1	-	-	629	4.1875
1094	permuted	2	T2	d702fd6fe588b6cb	2	2	512	-1	replay	none	0	none	-	-1	-	-	654	4.2106
1095	permuted	2	T2	d702fd6fe588b6cb	2	2	512	-1	replay	none	0	none	-	-1	-	-	666	4.1791
1096	permuted	2	T2	d702fd6fe588b6cb	2	2	512	-1	replay	none	0	none	-	-1	-	-	637	4.2291
1097	permuted	2	T2	d702fd6fe588b6cb	2	2	512	-1	replay	none	0	none	-	-1	-	-	632	4.2267
1098	permuted	2	T2	d702fd6fe588b6cb	2	2	512	-1	replay	none	0	none	-	-1	-	-	618	4.0799
1099	permuted	2	T2	d702fd6fe588b6cb	2	2	512	-1	replay	none	0	none	-	-1	-	-	679	4.4141
1100	permuted	2	T2	d702fd6fe588b6cb	2	2	512	-1	replay	none	0	none	-	-1	-	-	684	4.1214
1101	permuted	2	T2	d702fd6fe588b6cb	2	2	512	-1	replay	none	0	none	-	-1	-	-	644	4.3282
1102	permuted	2	T2	d702fd6fe588b6cb	2	2	512	-1	replay	none	0	none	-	-1	-	-	631	4.2359
1103	permuted	2	T3	0fdbf3977c990123	1	1	512	-1	direct	none	1	structure	shape,data	0	GET_ROWS	model.input_embed	3308	4.5752
1104	permuted	2	T3	0fdbf3977c990123	1	1	512	-1	capture	reinstantiate	0	none	-	-1	-	-	4622	7.9664
1105	permuted	2	T3	0fdbf3977c990123	1	1	512	-1	replay	none	0	none	-	-1	-	-	670	3.8916
1106	permuted	2	T3	0fdbf3977c990123	1	1	512	-1	replay	none	0	none	-	-1	-	-	631	3.9916
1107	permuted	2	T3	0fdbf3977c990123	1	1	512	-1	replay	none	0	none	-	-1	-	-	531	4.0818
1108	permuted	2	T3	0fdbf3977c990123	1	1	512	-1	replay	none	0	none	-	-1	-	-	628	3.8186
1109	permuted	2	T3	0fdbf3977c990123	1	1	512	-1	replay	none	0	none	-	-1	-	-	636	3.8601
1110	permuted	2	T3	0fdbf3977c990123	1	1	512	-1	replay	none	0	none	-	-1	-	-	680	3.9868
1111	permuted	2	T3	0fdbf3977c990123	1	1	512	-1	replay	none	0	none	-	-1	-	-	645	4.0486
1112	permuted	2	T3	0fdbf3977c990123	1	1	512	-1	replay	none	0	none	-	-1	-	-	514	3.9553
1113	permuted	2	T3	0fdbf3977c990123	1	1	512	-1	replay	none	0	none	-	-1	-	-	630	3.9614
1114	permuted	2	T3	0fdbf3977c990123	1	1	512	-1	replay	none	0	none	-	-1	-	-	712	4.0230
1115	permuted	2	T3	0fdbf3977c990123	1	1	512	-1	replay	none	0	none	-	-1	-	-	629	3.7907
1116	permuted	2	T3	0fdbf3977c990123	1	1	512	-1	replay	none	0	none	-	-1	-	-	634	3.7984
1117	permuted	2	T3	0fdbf3977c990123	1	1	512	-1	replay	none	0	none	-	-1	-	-	640	4.0590
1118	permuted	2	T3	0fdbf3977c990123	1	1	512	-1	replay	none	0	none	-	-1	-	-	627	3.7626
1119	permuted	2	T3	0fdbf3977c990123	1	1	512	-1	replay	none	0	none	-	-1	-	-	594	4.0196
1120	permuted	2	T3	0fdbf3977c990123	1	1	512	-1	replay	none	0	none	-	-1	-	-	623	3.7876
1121	permuted	2	T3	0fdbf3977c990123	1	1	512	-1	replay	none	0	none	-	-1	-	-	629	4.0550
1122	permuted	2	T3	0fdbf3977c990123	1	1	512	-1	replay	none	0	none	-	-1	-	-	625	4.0432
1123	permuted	2	T3	0fdbf3977c990123	1	1	512	-1	replay	none	0	none	-	-1	-	-	630	3.8025
1124	permuted	2	T3	0fdbf3977c990123	1	1	512	-1	replay	none	0	none	-	-1	-	-	569	3.9413
1125	permuted	2	T3	0fdbf3977c990123	1	1	512	-1	replay	none	0	none	-	-1	-	-	624	3.7847
1126	permuted	2	T3	0fdbf3977c990123	1	1	512	-1	replay	none	0	none	-	-1	-	-	622	3.8532
1127	permuted	2	T3	0fdbf3977c990123	1	1	512	-1	replay	none	0	none	-	-1	-	-	589	3.9343
1128	permuted	2	T3	0fdbf3977c990123	1	1	512	-1	replay	none	0	none	-	-1	-	-	929	3.9567
1129	permuted	2	T3	0fdbf3977c990123	1	1	512	-1	replay	none	0	none	-	-1	-	-	624	4.0415
1130	permuted	2	T3	0fdbf3977c990123	1	1	512	-1	replay	none	0	none	-	-1	-	-	631	4.0288
1131	permuted	2	T3	0fdbf3977c990123	1	1	512	-1	replay	none	0	none	-	-1	-	-	620	3.7856
1132	permuted	2	T3	0fdbf3977c990123	1	1	512	-1	replay	none	0	none	-	-1	-	-	584	3.7794
1133	permuted	2	T3	0fdbf3977c990123	1	1	512	-1	replay	none	0	none	-	-1	-	-	514	3.9243
1134	permuted	2	T3	0fdbf3977c990123	1	1	512	-1	replay	none	0	none	-	-1	-	-	627	4.0269
1135	permuted	2	T3	0fdbf3977c990123	1	1	512	-1	replay	none	0	none	-	-1	-	-	533	4.0026
1136	permuted	2	T3	0fdbf3977c990123	1	1	512	-1	replay	none	0	none	-	-1	-	-	641	4.0454
1137	permuted	2	T3	0fdbf3977c990123	1	1	512	-1	replay	none	0	none	-	-1	-	-	629	3.7983
1138	permuted	2	T3	0fdbf3977c990123	1	1	512	-1	replay	none	0	none	-	-1	-	-	653	4.0105
1139	permuted	2	T3	0fdbf3977c990123	1	1	512	-1	replay	none	0	none	-	-1	-	-	561	3.9620
1140	permuted	2	T3	0fdbf3977c990123	1	1	512	-1	replay	none	0	none	-	-1	-	-	623	3.9678
1141	permuted	2	T3	0fdbf3977c990123	1	1	512	-1	replay	none	0	none	-	-1	-	-	634	4.0063
1142	permuted	2	T3	0fdbf3977c990123	1	1	512	-1	replay	none	0	none	-	-1	-	-	633	4.0402
1143	permuted	2	T3	0fdbf3977c990123	1	1	512	-1	replay	none	0	none	-	-1	-	-	626	3.7715
1144	permuted	2	T3	0fdbf3977c990123	1	1	512	-1	replay	none	0	none	-	-1	-	-	632	3.8653
1145	permuted	2	T3	0fdbf3977c990123	1	1	512	-1	replay	none	0	none	-	-1	-	-	627	4.0733
1146	permuted	2	T3	0fdbf3977c990123	1	1	512	-1	replay	none	0	none	-	-1	-	-	632	4.0545
1147	permuted	2	T3	0fdbf3977c990123	1	1	512	-1	replay	none	0	none	-	-1	-	-	499	4.0105
1148	permuted	2	T3	0fdbf3977c990123	1	1	512	-1	replay	none	0	none	-	-1	-	-	648	3.7918
1149	permuted	2	T3	0fdbf3977c990123	1	1	512	-1	replay	none	0	none	-	-1	-	-	640	3.8150
1150	permuted	2	T3	0fdbf3977c990123	1	1	512	-1	replay	none	0	none	-	-1	-	-	643	3.9300
1151	permuted	2	T3	0fdbf3977c990123	1	1	512	-1	replay	none	0	none	-	-1	-	-	492	3.9960
1152	permuted	2	T3	0fdbf3977c990123	1	1	512	-1	replay	none	0	none	-	-1	-	-	630	4.0377
1153	permuted	2	T3	0fdbf3977c990123	1	1	512	-1	replay	none	0	none	-	-1	-	-	630	3.7841
1154	permuted	2	T3	0fdbf3977c990123	1	1	512	-1	replay	none	0	none	-	-1	-	-	491	3.7848
1155	permuted	2	T3	0fdbf3977c990123	1	1	512	-1	replay	none	0	none	-	-1	-	-	565	3.9346
1156	permuted	2	T3	0fdbf3977c990123	1	1	512	-1	replay	none	0	none	-	-1	-	-	621	4.0126
1157	permuted	2	T3	0fdbf3977c990123	1	1	512	-1	replay	none	0	none	-	-1	-	-	627	4.0551
1158	permuted	2	T3	0fdbf3977c990123	1	1	512	-1	replay	none	0	none	-	-1	-	-	638	3.7951
1159	permuted	2	T3	0fdbf3977c990123	1	1	512	-1	replay	none	0	none	-	-1	-	-	634	4.1579
1160	permuted	2	T3	0fdbf3977c990123	1	1	512	-1	replay	none	0	none	-	-1	-	-	665	4.0594
1161	permuted	2	T3	0fdbf3977c990123	1	1	512	-1	replay	none	0	none	-	-1	-	-	582	4.0793
1162	permuted	2	T3	0fdbf3977c990123	1	1	512	-1	replay	none	0	none	-	-1	-	-	724	3.8189
1163	permuted	2	T3	0fdbf3977c990123	1	1	512	-1	replay	none	0	none	-	-1	-	-	594	4.0308
1164	permuted	2	T3	0fdbf3977c990123	1	1	512	-1	replay	none	0	none	-	-1	-	-	504	4.0329
1165	permuted	2	T3	0fdbf3977c990123	1	1	512	-1	replay	none	0	none	-	-1	-	-	615	3.9954
1166	permuted	2	T3	0fdbf3977c990123	1	1	512	-1	replay	none	0	none	-	-1	-	-	516	3.9987
1167	permuted	2	T3	0fdbf3977c990123	1	1	512	-1	replay	none	0	none	-	-1	-	-	994	4.0401
1168	permuted	2	T3	0fdbf3977c990123	1	1	512	-1	replay	none	0	none	-	-1	-	-	506	4.0465
1169	permuted	2	T3	0fdbf3977c990123	1	1	512	-1	replay	none	0	none	-	-1	-	-	612	3.7636
1170	permuted	2	T3	0fdbf3977c990123	1	1	512	-1	replay	none	0	none	-	-1	-	-	637	3.8089
1171	permuted	2	T3	0fdbf3977c990123	1	1	512	-1	replay	none	0	none	-	-1	-	-	581	3.8544
1172	permuted	2	T3	0fdbf3977c990123	1	1	512	-1	replay	none	0	none	-	-1	-	-	551	3.9309
1173	permuted	3	T0	5e879b663492f411	4	1	256	-1	direct	none	1	structure	shape,data	0	GET_ROWS	model.input_embed	4676	5.5049
1174	permuted	3	T0	0fdbf3977c990123	1	1	512	-1	direct	none	0	structure	shape,data	0	GET_ROWS	model.input_embed	3968	4.8820
1175	permuted	3	T0	0fdbf3977c990123	1	1	512	-1	capture	update	0	none	-	-1	-	-	3447	6.8645
1176	permuted	3	T0	0fdbf3977c990123	1	1	512	-1	replay	none	0	none	-	-1	-	-	657	3.9923
1177	permuted	3	T0	0fdbf3977c990123	1	1	512	-1	replay	none	0	none	-	-1	-	-	648	4.0029
1178	permuted	3	T0	0fdbf3977c990123	1	1	512	-1	replay	none	0	none	-	-1	-	-	650	4.0271
1179	permuted	3	T0	0fdbf3977c990123	1	1	512	-1	replay	none	0	none	-	-1	-	-	664	3.7976
1180	permuted	3	T0	0fdbf3977c990123	1	1	512	-1	replay	none	0	none	-	-1	-	-	663	3.8685
1181	permuted	3	T0	0fdbf3977c990123	1	1	512	-1	replay	none	0	none	-	-1	-	-	644	4.0280
1182	permuted	3	T0	0fdbf3977c990123	1	1	512	-1	replay	none	0	none	-	-1	-	-	666	3.8149
1183	permuted	3	T0	0fdbf3977c990123	1	1	512	-1	replay	none	0	none	-	-1	-	-	644	3.7820
1184	permuted	3	T0	0fdbf3977c990123	1	1	512	-1	replay	none	0	none	-	-1	-	-	647	3.7968
1185	permuted	3	T0	0fdbf3977c990123	1	1	512	-1	replay	none	0	none	-	-1	-	-	649	3.9677
1186	permuted	3	T0	0fdbf3977c990123	1	1	512	-1	replay	none	0	none	-	-1	-	-	648	3.9791
1187	permuted	3	T0	0fdbf3977c990123	1	1	512	-1	replay	none	0	none	-	-1	-	-	636	3.8203
1188	permuted	3	T0	0fdbf3977c990123	1	1	512	-1	replay	none	0	none	-	-1	-	-	636	3.7809
1189	permuted	3	T0	0fdbf3977c990123	1	1	512	-1	replay	none	0	none	-	-1	-	-	642	3.7787
1190	permuted	3	T0	0fdbf3977c990123	1	1	512	-1	replay	none	0	none	-	-1	-	-	667	3.8626
1191	permuted	3	T0	0fdbf3977c990123	1	1	512	-1	replay	none	0	none	-	-1	-	-	676	4.0276
1192	permuted	3	T0	0fdbf3977c990123	1	1	512	-1	replay	none	0	none	-	-1	-	-	636	3.9593
1193	permuted	3	T0	0fdbf3977c990123	1	1	512	-1	replay	none	0	none	-	-1	-	-	651	4.0251
1194	permuted	3	T0	0fdbf3977c990123	1	1	512	-1	replay	none	0	none	-	-1	-	-	638	4.0336
1195	permuted	3	T0	0fdbf3977c990123	1	1	512	-1	replay	none	0	none	-	-1	-	-	643	3.8293
1196	permuted	3	T0	0fdbf3977c990123	1	1	512	-1	replay	none	0	none	-	-1	-	-	646	3.8798
1197	permuted	3	T0	0fdbf3977c990123	1	1	512	-1	replay	none	0	none	-	-1	-	-	644	5.1478
1198	permuted	3	T1	0fdbf3977c990123	1	1	512	-1	replay	none	0	none	-	-1	-	-	684	3.8878
1199	permuted	3	T1	da7570afdbb81394	252	0	256	-1	direct	none	1	structure	shape,data	0	GET_ROWS	model.input_embed	6006	17.0866
1200	permuted	3	T1	0fdbf3977c990123	1	1	512	-1	direct	none	0	structure	shape,data	0	GET_ROWS	model.input_embed	4200	4.9090
1201	permuted	3	T1	802ba1f19f5ea689	4	1	256	-1	direct	none	0	structure	shape,data	0	GET_ROWS	model.input_embed	4531	4.8869
1202	permuted	3	T2	d702fd6fe588b6cb	2	2	512	-1	direct	none	0	structure	shape,data	0	GET_ROWS	model.input_embed	4734	5.0767
1203	permuted	3	T2	d702fd6fe588b6cb	2	2	512	-1	capture	reinstantiate	0	none	-	-1	-	-	5500	9.2332
1204	permuted	3	T2	d702fd6fe588b6cb	2	2	512	-1	replay	none	0	none	-	-1	-	-	657	4.2463
1205	permuted	3	T2	d702fd6fe588b6cb	2	2	512	-1	replay	none	0	none	-	-1	-	-	612	4.0760
1206	permuted	3	T2	d702fd6fe588b6cb	2	2	512	-1	replay	none	0	none	-	-1	-	-	648	4.2040
1207	permuted	3	T2	d702fd6fe588b6cb	2	2	512	-1	replay	none	0	none	-	-1	-	-	640	4.2768
1208	permuted	3	T2	d702fd6fe588b6cb	2	2	512	-1	replay	none	0	none	-	-1	-	-	631	4.3010
1209	permuted	3	T2	d702fd6fe588b6cb	2	2	512	-1	replay	none	0	none	-	-1	-	-	669	4.3852
1210	permuted	3	T2	d702fd6fe588b6cb	2	2	512	-1	replay	none	0	none	-	-1	-	-	629	4.3274
1211	permuted	3	T2	d702fd6fe588b6cb	2	2	512	-1	replay	none	0	none	-	-1	-	-	630	4.1051
1212	permuted	3	T2	d702fd6fe588b6cb	2	2	512	-1	replay	none	0	none	-	-1	-	-	606	4.1864
1213	permuted	3	T2	d702fd6fe588b6cb	2	2	512	-1	replay	none	0	none	-	-1	-	-	717	4.3347
1214	permuted	3	T2	d702fd6fe588b6cb	2	2	512	-1	replay	none	0	none	-	-1	-	-	659	4.3368
1215	permuted	3	T2	d702fd6fe588b6cb	2	2	512	-1	replay	none	0	none	-	-1	-	-	642	4.2955
1216	permuted	3	T2	d702fd6fe588b6cb	2	2	512	-1	replay	none	0	none	-	-1	-	-	639	4.2994
1217	permuted	3	T2	d702fd6fe588b6cb	2	2	512	-1	replay	none	0	none	-	-1	-	-	633	4.2660
1218	permuted	3	T2	d702fd6fe588b6cb	2	2	512	-1	replay	none	0	none	-	-1	-	-	651	4.3361
1219	permuted	3	T2	d702fd6fe588b6cb	2	2	512	-1	replay	none	0	none	-	-1	-	-	652	4.2325
1220	permuted	3	T2	d702fd6fe588b6cb	2	2	512	-1	replay	none	0	none	-	-1	-	-	648	4.2774
1221	permuted	3	T2	d702fd6fe588b6cb	2	2	512	-1	replay	none	0	none	-	-1	-	-	682	4.0716
1222	permuted	3	T2	d702fd6fe588b6cb	2	2	512	-1	replay	none	0	none	-	-1	-	-	683	4.3152
1223	permuted	3	T2	d702fd6fe588b6cb	2	2	512	-1	replay	none	0	none	-	-1	-	-	638	4.1523
1224	permuted	3	T2	d702fd6fe588b6cb	2	2	512	-1	replay	none	0	none	-	-1	-	-	636	4.3283
1225	permuted	3	T2	d702fd6fe588b6cb	2	2	512	-1	replay	none	0	none	-	-1	-	-	659	4.2382
1226	permuted	3	T2	d702fd6fe588b6cb	2	2	512	-1	replay	none	0	none	-	-1	-	-	696	4.3830
1227	permuted	3	T2	d702fd6fe588b6cb	2	2	512	-1	replay	none	0	none	-	-1	-	-	665	4.2397
1228	permuted	3	T2	d702fd6fe588b6cb	2	2	512	-1	replay	none	0	none	-	-1	-	-	663	4.2364
1229	permuted	3	T2	d702fd6fe588b6cb	2	2	512	-1	replay	none	0	none	-	-1	-	-	655	4.2916
1230	permuted	3	T2	d702fd6fe588b6cb	2	2	512	-1	replay	none	0	none	-	-1	-	-	646	4.3839
1231	permuted	3	T2	d702fd6fe588b6cb	2	2	512	-1	replay	none	0	none	-	-1	-	-	636	4.2667
1232	permuted	3	T2	d702fd6fe588b6cb	2	2	512	-1	replay	none	0	none	-	-1	-	-	636	4.2968
1233	permuted	3	T3	0fdbf3977c990123	1	1	512	-1	direct	none	1	structure	shape,data	0	GET_ROWS	model.input_embed	4159	4.7721
1234	permuted	3	T3	0fdbf3977c990123	1	1	512	-1	capture	reinstantiate	0	none	-	-1	-	-	5543	8.9729
1235	permuted	3	T3	0fdbf3977c990123	1	1	512	-1	replay	none	0	none	-	-1	-	-	668	3.7996
1236	permuted	3	T3	0fdbf3977c990123	1	1	512	-1	replay	none	0	none	-	-1	-	-	662	3.8658
1237	permuted	3	T3	0fdbf3977c990123	1	1	512	-1	replay	none	0	none	-	-1	-	-	634	4.0507
1238	permuted	3	T3	0fdbf3977c990123	1	1	512	-1	replay	none	0	none	-	-1	-	-	676	3.8836
1239	permuted	3	T3	0fdbf3977c990123	1	1	512	-1	replay	none	0	none	-	-1	-	-	723	3.9947
1240	permuted	3	T3	0fdbf3977c990123	1	1	512	-1	replay	none	0	none	-	-1	-	-	647	4.0333
1241	permuted	3	T3	0fdbf3977c990123	1	1	512	-1	replay	none	0	none	-	-1	-	-	662	4.0162
1242	permuted	3	T3	0fdbf3977c990123	1	1	512	-1	replay	none	0	none	-	-1	-	-	638	4.0492
1243	permuted	3	T3	0fdbf3977c990123	1	1	512	-1	replay	none	0	none	-	-1	-	-	652	3.8875
1244	permuted	3	T3	0fdbf3977c990123	1	1	512	-1	replay	none	0	none	-	-1	-	-	665	3.9038
1245	permuted	3	T3	0fdbf3977c990123	1	1	512	-1	replay	none	0	none	-	-1	-	-	625	4.1323
1246	permuted	3	T3	0fdbf3977c990123	1	1	512	-1	replay	none	0	none	-	-1	-	-	657	4.0232
1247	permuted	3	T3	0fdbf3977c990123	1	1	512	-1	replay	none	0	none	-	-1	-	-	621	4.2309
1248	permuted	3	T3	0fdbf3977c990123	1	1	512	-1	replay	none	0	none	-	-1	-	-	657	3.9381
1249	permuted	3	T3	0fdbf3977c990123	1	1	512	-1	replay	none	0	none	-	-1	-	-	633	4.0243
1250	permuted	3	T3	0fdbf3977c990123	1	1	512	-1	replay	none	0	none	-	-1	-	-	637	4.0799
1251	permuted	3	T3	0fdbf3977c990123	1	1	512	-1	replay	none	0	none	-	-1	-	-	703	3.9076
1252	permuted	3	T3	0fdbf3977c990123	1	1	512	-1	replay	none	0	none	-	-1	-	-	626	3.7829
1253	permuted	3	T3	0fdbf3977c990123	1	1	512	-1	replay	none	0	none	-	-1	-	-	640	3.8048
1254	permuted	3	T3	0fdbf3977c990123	1	1	512	-1	replay	none	0	none	-	-1	-	-	636	3.8752
1255	permuted	3	T3	0fdbf3977c990123	1	1	512	-1	replay	none	0	none	-	-1	-	-	631	4.0332
1256	permuted	3	T3	0fdbf3977c990123	1	1	512	-1	replay	none	0	none	-	-1	-	-	642	3.9924
1257	permuted	3	T3	0fdbf3977c990123	1	1	512	-1	replay	none	0	none	-	-1	-	-	613	4.0402
1258	permuted	3	T3	0fdbf3977c990123	1	1	512	-1	replay	none	0	none	-	-1	-	-	618	3.7852
1259	permuted	3	T3	0fdbf3977c990123	1	1	512	-1	replay	none	0	none	-	-1	-	-	638	3.7956
1260	permuted	3	T3	0fdbf3977c990123	1	1	512	-1	replay	none	0	none	-	-1	-	-	629	3.8519
1261	permuted	3	T3	0fdbf3977c990123	1	1	512	-1	replay	none	0	none	-	-1	-	-	1041	4.0534
1262	permuted	3	T3	0fdbf3977c990123	1	1	512	-1	replay	none	0	none	-	-1	-	-	638	4.0058
1263	permuted	3	T3	0fdbf3977c990123	1	1	512	-1	replay	none	0	none	-	-1	-	-	638	4.0452
1264	permuted	3	T3	0fdbf3977c990123	1	1	512	-1	replay	none	0	none	-	-1	-	-	629	4.0124
1265	permuted	3	T3	0fdbf3977c990123	1	1	512	-1	replay	none	0	none	-	-1	-	-	640	3.8095
1266	permuted	3	T3	0fdbf3977c990123	1	1	512	-1	replay	none	0	none	-	-1	-	-	646	4.0516
1267	permuted	3	T3	0fdbf3977c990123	1	1	512	-1	replay	none	0	none	-	-1	-	-	629	4.1328
1268	permuted	3	T3	0fdbf3977c990123	1	1	512	-1	replay	none	0	none	-	-1	-	-	640	4.0927
1269	permuted	3	T3	0fdbf3977c990123	1	1	512	-1	replay	none	0	none	-	-1	-	-	638	4.0109
1270	permuted	3	T3	0fdbf3977c990123	1	1	512	-1	replay	none	0	none	-	-1	-	-	627	3.7876
1271	permuted	3	T3	0fdbf3977c990123	1	1	512	-1	replay	none	0	none	-	-1	-	-	626	3.8058
1272	permuted	3	T3	0fdbf3977c990123	1	1	512	-1	replay	none	0	none	-	-1	-	-	648	3.9445
1273	permuted	3	T3	0fdbf3977c990123	1	1	512	-1	replay	none	0	none	-	-1	-	-	556	3.9669
1274	permuted	3	T3	0fdbf3977c990123	1	1	512	-1	replay	none	0	none	-	-1	-	-	661	4.0632
1275	permuted	3	T3	0fdbf3977c990123	1	1	512	-1	replay	none	0	none	-	-1	-	-	625	3.7707
1276	permuted	3	T3	0fdbf3977c990123	1	1	512	-1	replay	none	0	none	-	-1	-	-	624	3.8003
1277	permuted	3	T3	0fdbf3977c990123	1	1	512	-1	replay	none	0	none	-	-1	-	-	643	3.9271
1278	permuted	3	T3	0fdbf3977c990123	1	1	512	-1	replay	none	0	none	-	-1	-	-	656	3.9712
1279	permuted	3	T3	0fdbf3977c990123	1	1	512	-1	replay	none	0	none	-	-1	-	-	636	4.0202
1280	permuted	3	T3	0fdbf3977c990123	1	1	512	-1	replay	none	0	none	-	-1	-	-	640	3.7891
1281	permuted	3	T3	0fdbf3977c990123	1	1	512	-1	replay	none	0	none	-	-1	-	-	637	3.8056
1282	permuted	3	T3	0fdbf3977c990123	1	1	512	-1	replay	none	0	none	-	-1	-	-	662	3.8594
1283	permuted	3	T3	0fdbf3977c990123	1	1	512	-1	replay	none	0	none	-	-1	-	-	637	4.0434
1284	permuted	3	T3	0fdbf3977c990123	1	1	512	-1	replay	none	0	none	-	-1	-	-	638	3.9755
1285	permuted	3	T3	0fdbf3977c990123	1	1	512	-1	replay	none	0	none	-	-1	-	-	650	4.0542
1286	permuted	3	T3	0fdbf3977c990123	1	1	512	-1	replay	none	0	none	-	-1	-	-	636	3.7807
1287	permuted	3	T3	0fdbf3977c990123	1	1	512	-1	replay	none	0	none	-	-1	-	-	636	3.9860
1288	permuted	3	T3	0fdbf3977c990123	1	1	512	-1	replay	none	0	none	-	-1	-	-	673	3.9727
1289	permuted	3	T3	0fdbf3977c990123	1	1	512	-1	replay	none	0	none	-	-1	-	-	1025	4.1816
1290	permuted	3	T3	0fdbf3977c990123	1	1	512	-1	replay	none	0	none	-	-1	-	-	639	3.9586
1291	permuted	3	T3	0fdbf3977c990123	1	1	512	-1	replay	none	0	none	-	-1	-	-	603	4.0572
1292	permuted	3	T3	0fdbf3977c990123	1	1	512	-1	replay	none	0	none	-	-1	-	-	601	3.7850
1293	permuted	3	T3	0fdbf3977c990123	1	1	512	-1	replay	none	0	none	-	-1	-	-	600	3.8141
1294	permuted	3	T3	0fdbf3977c990123	1	1	512	-1	replay	none	0	none	-	-1	-	-	632	4.0225
1295	permuted	3	T3	0fdbf3977c990123	1	1	512	-1	replay	none	0	none	-	-1	-	-	637	4.1769
1296	permuted	3	T3	0fdbf3977c990123	1	1	512	-1	replay	none	0	none	-	-1	-	-	630	4.0354
1297	permuted	3	T3	0fdbf3977c990123	1	1	512	-1	replay	none	0	none	-	-1	-	-	589	4.0281
1298	permuted	3	T3	0fdbf3977c990123	1	1	512	-1	replay	none	0	none	-	-1	-	-	620	3.7728
1299	permuted	3	T3	0fdbf3977c990123	1	1	512	-1	replay	none	0	none	-	-1	-	-	713	3.8609
1300	permuted	3	T3	0fdbf3977c990123	1	1	512	-1	replay	none	0	none	-	-1	-	-	626	4.0462
1301	permuted	3	T3	0fdbf3977c990123	1	1	512	-1	replay	none	0	none	-	-1	-	-	633	3.9582
1302	permuted	3	T3	0fdbf3977c990123	1	1	512	-1	replay	none	0	none	-	-1	-	-	570	4.0395
1303	permuted	4	T0	5e879b663492f411	4	1	256	-1	direct	none	1	structure	shape,data	0	GET_ROWS	model.input_embed	5048	5.3289
1304	permuted	4	T0	0fdbf3977c990123	1	1	512	-1	direct	none	0	structure	shape,data	0	GET_ROWS	model.input_embed	4033	4.5585
1305	permuted	4	T0	0fdbf3977c990123	1	1	512	-1	capture	update	0	none	-	-1	-	-	2723	5.9226
1306	permuted	4	T0	0fdbf3977c990123	1	1	512	-1	replay	none	0	none	-	-1	-	-	660	3.8543
1307	permuted	4	T0	0fdbf3977c990123	1	1	512	-1	replay	none	0	none	-	-1	-	-	971	4.0476
1308	permuted	4	T0	0fdbf3977c990123	1	1	512	-1	replay	none	0	none	-	-1	-	-	660	4.0685
1309	permuted	4	T0	0fdbf3977c990123	1	1	512	-1	replay	none	0	none	-	-1	-	-	612	3.7895
1310	permuted	4	T0	0fdbf3977c990123	1	1	512	-1	replay	none	0	none	-	-1	-	-	629	3.7820
1311	permuted	4	T0	0fdbf3977c990123	1	1	512	-1	replay	none	0	none	-	-1	-	-	620	3.9700
1312	permuted	4	T0	0fdbf3977c990123	1	1	512	-1	replay	none	0	none	-	-1	-	-	660	4.0460
1313	permuted	4	T0	0fdbf3977c990123	1	1	512	-1	replay	none	0	none	-	-1	-	-	694	3.8060
1314	permuted	4	T0	0fdbf3977c990123	1	1	512	-1	replay	none	0	none	-	-1	-	-	680	4.0019
1315	permuted	4	T0	0fdbf3977c990123	1	1	512	-1	replay	none	0	none	-	-1	-	-	642	3.9977
1316	permuted	4	T0	0fdbf3977c990123	1	1	512	-1	replay	none	0	none	-	-1	-	-	628	3.7780
1317	permuted	4	T0	0fdbf3977c990123	1	1	512	-1	replay	none	0	none	-	-1	-	-	659	3.8460
1318	permuted	4	T0	0fdbf3977c990123	1	1	512	-1	replay	none	0	none	-	-1	-	-	634	3.9968
1319	permuted	4	T0	0fdbf3977c990123	1	1	512	-1	replay	none	0	none	-	-1	-	-	735	3.8148
1320	permuted	4	T0	0fdbf3977c990123	1	1	512	-1	replay	none	0	none	-	-1	-	-	662	4.0159
1321	permuted	4	T0	0fdbf3977c990123	1	1	512	-1	replay	none	0	none	-	-1	-	-	645	3.9979
1322	permuted	4	T0	0fdbf3977c990123	1	1	512	-1	replay	none	0	none	-	-1	-	-	643	3.8214
1323	permuted	4	T0	0fdbf3977c990123	1	1	512	-1	replay	none	0	none	-	-1	-	-	683	3.8932
1324	permuted	4	T0	0fdbf3977c990123	1	1	512	-1	replay	none	0	none	-	-1	-	-	647	4.0237
1325	permuted	4	T0	0fdbf3977c990123	1	1	512	-1	replay	none	0	none	-	-1	-	-	646	4.0130
1326	permuted	4	T0	0fdbf3977c990123	1	1	512	-1	replay	none	0	none	-	-1	-	-	640	4.0127
1327	permuted	4	T0	0fdbf3977c990123	1	1	512	-1	replay	none	0	none	-	-1	-	-	639	3.7770
1328	permuted	4	T1	0fdbf3977c990123	1	1	512	-1	replay	none	0	none	-	-1	-	-	649	3.7988
1329	permuted	4	T1	da7570afdbb81394	252	0	256	-1	direct	none	1	structure	shape,data	0	GET_ROWS	model.input_embed	5396	16.7852
1330	permuted	4	T1	0fdbf3977c990123	1	1	512	-1	direct	none	0	structure	shape,data	0	GET_ROWS	model.input_embed	3926	4.5906
1331	permuted	4	T1	802ba1f19f5ea689	4	1	256	-1	direct	none	0	structure	shape,data	0	GET_ROWS	model.input_embed	4613	5.2263
1332	permuted	4	T2	d702fd6fe588b6cb	2	2	512	-1	direct	none	0	structure	shape,data	0	GET_ROWS	model.input_embed	4468	5.0879
1333	permuted	4	T2	d702fd6fe588b6cb	2	2	512	-1	capture	reinstantiate	0	none	-	-1	-	-	5230	8.9140
1334	permuted	4	T2	d702fd6fe588b6cb	2	2	512	-1	replay	none	0	none	-	-1	-	-	647	4.0872
1335	permuted	4	T2	d702fd6fe588b6cb	2	2	512	-1	replay	none	0	none	-	-1	-	-	652	4.0881
1336	permuted	4	T2	d702fd6fe588b6cb	2	2	512	-1	replay	none	0	none	-	-1	-	-	630	4.1444
1337	permuted	4	T2	d702fd6fe588b6cb	2	2	512	-1	replay	none	0	none	-	-1	-	-	635	4.5823
1338	permuted	4	T2	d702fd6fe588b6cb	2	2	512	-1	replay	none	0	none	-	-1	-	-	641	4.1629
1339	permuted	4	T2	d702fd6fe588b6cb	2	2	512	-1	replay	none	0	none	-	-1	-	-	704	4.1430
1340	permuted	4	T2	d702fd6fe588b6cb	2	2	512	-1	replay	none	0	none	-	-1	-	-	620	4.1354
1341	permuted	4	T2	d702fd6fe588b6cb	2	2	512	-1	replay	none	0	none	-	-1	-	-	631	4.2759
1342	permuted	4	T2	d702fd6fe588b6cb	2	2	512	-1	replay	none	0	none	-	-1	-	-	642	4.2713
1343	permuted	4	T2	d702fd6fe588b6cb	2	2	512	-1	replay	none	0	none	-	-1	-	-	576	4.3211
1344	permuted	4	T2	d702fd6fe588b6cb	2	2	512	-1	replay	none	0	none	-	-1	-	-	659	4.4648
1345	permuted	4	T2	d702fd6fe588b6cb	2	2	512	-1	replay	none	0	none	-	-1	-	-	629	4.3439
1346	permuted	4	T2	d702fd6fe588b6cb	2	2	512	-1	replay	none	0	none	-	-1	-	-	674	4.3032
1347	permuted	4	T2	d702fd6fe588b6cb	2	2	512	-1	replay	none	0	none	-	-1	-	-	644	4.3124
1348	permuted	4	T2	d702fd6fe588b6cb	2	2	512	-1	replay	none	0	none	-	-1	-	-	635	4.2444
1349	permuted	4	T2	d702fd6fe588b6cb	2	2	512	-1	replay	none	0	none	-	-1	-	-	629	4.0569
1350	permuted	4	T2	d702fd6fe588b6cb	2	2	512	-1	replay	none	0	none	-	-1	-	-	585	4.1280
1351	permuted	4	T2	d702fd6fe588b6cb	2	2	512	-1	replay	none	0	none	-	-1	-	-	665	4.0884
1352	permuted	4	T2	d702fd6fe588b6cb	2	2	512	-1	replay	none	0	none	-	-1	-	-	634	4.1025
1353	permuted	4	T2	d702fd6fe588b6cb	2	2	512	-1	replay	none	0	none	-	-1	-	-	588	4.1565
1354	permuted	4	T2	d702fd6fe588b6cb	2	2	512	-1	replay	none	0	none	-	-1	-	-	618	4.1910
1355	permuted	4	T2	d702fd6fe588b6cb	2	2	512	-1	replay	none	0	none	-	-1	-	-	628	4.4088
1356	permuted	4	T2	d702fd6fe588b6cb	2	2	512	-1	replay	none	0	none	-	-1	-	-	636	4.2688
1357	permuted	4	T2	d702fd6fe588b6cb	2	2	512	-1	replay	none	0	none	-	-1	-	-	641	4.2842
1358	permuted	4	T2	d702fd6fe588b6cb	2	2	512	-1	replay	none	0	none	-	-1	-	-	715	4.3081
1359	permuted	4	T2	d702fd6fe588b6cb	2	2	512	-1	replay	none	0	none	-	-1	-	-	622	4.2360
1360	permuted	4	T2	d702fd6fe588b6cb	2	2	512	-1	replay	none	0	none	-	-1	-	-	597	4.2416
1361	permuted	4	T2	d702fd6fe588b6cb	2	2	512	-1	replay	none	0	none	-	-1	-	-	654	4.0739
1362	permuted	4	T2	d702fd6fe588b6cb	2	2	512	-1	replay	none	0	none	-	-1	-	-	645	4.0753
1363	permuted	4	T3	0fdbf3977c990123	1	1	512	-1	direct	none	1	structure	shape,data	0	GET_ROWS	model.input_embed	4260	4.6614
1364	permuted	4	T3	0fdbf3977c990123	1	1	512	-1	capture	reinstantiate	0	none	-	-1	-	-	4930	8.1270
1365	permuted	4	T3	0fdbf3977c990123	1	1	512	-1	replay	none	0	none	-	-1	-	-	622	4.0918
1366	permuted	4	T3	0fdbf3977c990123	1	1	512	-1	replay	none	0	none	-	-1	-	-	634	4.0565
1367	permuted	4	T3	0fdbf3977c990123	1	1	512	-1	replay	none	0	none	-	-1	-	-	618	3.7712
1368	permuted	4	T3	0fdbf3977c990123	1	1	512	-1	replay	none	0	none	-	-1	-	-	621	3.7653
1369	permuted	4	T3	0fdbf3977c990123	1	1	512	-1	replay	none	0	none	-	-1	-	-	517	3.8314
1370	permuted	4	T3	0fdbf3977c990123	1	1	512	-1	replay	none	0	none	-	-1	-	-	621	4.0465
1371	permuted	4	T3	0fdbf3977c990123	1	1	512	-1	replay	none	0	none	-	-1	-	-	735	4.0353
1372	permuted	4	T3	0fdbf3977c990123	1	1	512	-1	replay	none	0	none	-	-1	-	-	597	3.9993
1373	permuted	4	T3	0fdbf3977c990123	1	1	512	-1	replay	none	0	none	-	-1	-	-	574	3.7744
1374	permuted	4	T3	0fdbf3977c990123	1	1	512	-1	replay	none	0	none	-	-1	-	-	644	3.8530
1375	permuted	4	T3	0fdbf3977c990123	1	1	512	-1	replay	none	0	none	-	-1	-	-	588	4.0335
1376	permuted	4	T3	0fdbf3977c990123	1	1	512	-1	replay	none	0	none	-	-1	-	-	595	3.9269
1377	permuted	4	T3	0fdbf3977c990123	1	1	512	-1	replay	none	0	none	-	-1	-	-	602	4.0247
1378	permuted	4	T3	0fdbf3977c990123	1	1	512	-1	replay	none	0	none	-	-1	-	-	634	3.8037
1379	permuted	4	T3	0fdbf3977c990123	1	1	512	-1	replay	none	0	none	-	-1	-	-	693	3.8815
1380	permuted	4	T3	0fdbf3977c990123	1	1	512	-1	replay	none	0	none	-	-1	-	-	631	3.9932
1381	permuted	4	T3	0fdbf3977c990123	1	1	512	-1	replay	none	0	none	-	-1	-	-	625	3.9757
1382	permuted	4	T3	0fdbf3977c990123	1	1	512	-1	replay	none	0	none	-	-1	-	-	625	4.0519
1383	permuted	4	T3	0fdbf3977c990123	1	1	512	-1	replay	none	0	none	-	-1	-	-	626	3.7698
1384	permuted	4	T3	0fdbf3977c990123	1	1	512	-1	replay	none	0	none	-	-1	-	-	559	3.7956
1385	permuted	4	T3	0fdbf3977c990123	1	1	512	-1	replay	none	0	none	-	-1	-	-	634	4.0337
1386	permuted	4	T3	0fdbf3977c990123	1	1	512	-1	replay	none	0	none	-	-1	-	-	610	4.0124
1387	permuted	4	T3	0fdbf3977c990123	1	1	512	-1	replay	none	0	none	-	-1	-	-	640	3.7746
1388	permuted	4	T3	0fdbf3977c990123	1	1	512	-1	replay	none	0	none	-	-1	-	-	653	3.8059
1389	permuted	4	T3	0fdbf3977c990123	1	1	512	-1	replay	none	0	none	-	-1	-	-	639	3.8107
1390	permuted	4	T3	0fdbf3977c990123	1	1	512	-1	replay	none	0	none	-	-1	-	-	691	3.8102
1391	permuted	4	T3	0fdbf3977c990123	1	1	512	-1	replay	none	0	none	-	-1	-	-	652	3.9601
1392	permuted	4	T3	0fdbf3977c990123	1	1	512	-1	replay	none	0	none	-	-1	-	-	679	4.0322
1393	permuted	4	T3	0fdbf3977c990123	1	1	512	-1	replay	none	0	none	-	-1	-	-	653	3.7959
1394	permuted	4	T3	0fdbf3977c990123	1	1	512	-1	replay	none	0	none	-	-1	-	-	641	3.7933
1395	permuted	4	T3	0fdbf3977c990123	1	1	512	-1	replay	none	0	none	-	-1	-	-	652	3.9267
1396	permuted	4	T3	0fdbf3977c990123	1	1	512	-1	replay	none	0	none	-	-1	-	-	647	4.0569
1397	permuted	4	T3	0fdbf3977c990123	1	1	512	-1	replay	none	0	none	-	-1	-	-	657	3.9179
1398	permuted	4	T3	0fdbf3977c990123	1	1	512	-1	replay	none	0	none	-	-1	-	-	643	4.0504
1399	permuted	4	T3	0fdbf3977c990123	1	1	512	-1	replay	none	0	none	-	-1	-	-	651	3.8217
1400	permuted	4	T3	0fdbf3977c990123	1	1	512	-1	replay	none	0	none	-	-1	-	-	662	3.8040
1401	permuted	4	T3	0fdbf3977c990123	1	1	512	-1	replay	none	0	none	-	-1	-	-	637	3.9684
1402	permuted	4	T3	0fdbf3977c990123	1	1	512	-1	replay	none	0	none	-	-1	-	-	633	4.0414
1403	permuted	4	T3	0fdbf3977c990123	1	1	512	-1	replay	none	0	none	-	-1	-	-	510	4.0762
1404	permuted	4	T3	0fdbf3977c990123	1	1	512	-1	replay	none	0	none	-	-1	-	-	599	4.0278
1405	permuted	4	T3	0fdbf3977c990123	1	1	512	-1	replay	none	0	none	-	-1	-	-	586	3.7951
1406	permuted	4	T3	0fdbf3977c990123	1	1	512	-1	replay	none	0	none	-	-1	-	-	647	3.8140
1407	permuted	4	T3	0fdbf3977c990123	1	1	512	-1	replay	none	0	none	-	-1	-	-	661	4.0044
1408	permuted	4	T3	0fdbf3977c990123	1	1	512	-1	replay	none	0	none	-	-1	-	-	647	3.9917
1409	permuted	4	T3	0fdbf3977c990123	1	1	512	-1	replay	none	0	none	-	-1	-	-	648	3.9071
1410	permuted	4	T3	0fdbf3977c990123	1	1	512	-1	replay	none	0	none	-	-1	-	-	639	3.7821
1411	permuted	4	T3	0fdbf3977c990123	1	1	512	-1	replay	none	0	none	-	-1	-	-	639	4.0107
1412	permuted	4	T3	0fdbf3977c990123	1	1	512	-1	replay	none	0	none	-	-1	-	-	622	3.8522
1413	permuted	4	T3	0fdbf3977c990123	1	1	512	-1	replay	none	0	none	-	-1	-	-	679	4.0284
1414	permuted	4	T3	0fdbf3977c990123	1	1	512	-1	replay	none	0	none	-	-1	-	-	512	4.0308
1415	permuted	4	T3	0fdbf3977c990123	1	1	512	-1	replay	none	0	none	-	-1	-	-	625	3.7871
1416	permuted	4	T3	0fdbf3977c990123	1	1	512	-1	replay	none	0	none	-	-1	-	-	657	3.8026
1417	permuted	4	T3	0fdbf3977c990123	1	1	512	-1	replay	none	0	none	-	-1	-	-	1614	3.7655
1418	permuted	4	T3	0fdbf3977c990123	1	1	512	-1	replay	none	0	none	-	-1	-	-	645	3.9552
1419	permuted	4	T3	0fdbf3977c990123	1	1	512	-1	replay	none	0	none	-	-1	-	-	702	4.2033
1420	permuted	4	T3	0fdbf3977c990123	1	1	512	-1	replay	none	0	none	-	-1	-	-	645	4.0099
1421	permuted	4	T3	0fdbf3977c990123	1	1	512	-1	replay	none	0	none	-	-1	-	-	634	4.0324
1422	permuted	4	T3	0fdbf3977c990123	1	1	512	-1	replay	none	0	none	-	-1	-	-	642	4.0554
1423	permuted	4	T3	0fdbf3977c990123	1	1	512	-1	replay	none	0	none	-	-1	-	-	655	3.7925
1424	permuted	4	T3	0fdbf3977c990123	1	1	512	-1	replay	none	0	none	-	-1	-	-	507	3.8060
1425	permuted	4	T3	0fdbf3977c990123	1	1	512	-1	replay	none	0	none	-	-1	-	-	626	3.8129
1426	permuted	4	T3	0fdbf3977c990123	1	1	512	-1	replay	none	0	none	-	-1	-	-	624	3.9677
1427	permuted	4	T3	0fdbf3977c990123	1	1	512	-1	replay	none	0	none	-	-1	-	-	633	4.0455
1428	permuted	4	T3	0fdbf3977c990123	1	1	512	-1	replay	none	0	none	-	-1	-	-	600	3.7703
1429	permuted	4	T3	0fdbf3977c990123	1	1	512	-1	replay	none	0	none	-	-1	-	-	632	4.0472
1430	permuted	4	T3	0fdbf3977c990123	1	1	512	-1	replay	none	0	none	-	-1	-	-	606	3.8795
1431	permuted	4	T3	0fdbf3977c990123	1	1	512	-1	replay	none	0	none	-	-1	-	-	1015	4.0548
1432	permuted	4	T3	0fdbf3977c990123	1	1	512	-1	replay	none	0	none	-	-1	-	-	623	4.0110
1433	permuted	5	T0	5e879b663492f411	4	1	256	-1	direct	none	1	structure	shape,data	0	GET_ROWS	model.input_embed	5140	5.3755
1434	permuted	5	T0	0fdbf3977c990123	1	1	512	-1	direct	none	0	structure	shape,data	0	GET_ROWS	model.input_embed	4159	4.6602
1435	permuted	5	T0	0fdbf3977c990123	1	1	512	-1	capture	update	0	none	-	-1	-	-	2907	6.3012
1436	permuted	5	T0	0fdbf3977c990123	1	1	512	-1	replay	none	0	none	-	-1	-	-	654	3.7856
1437	permuted	5	T0	0fdbf3977c990123	1	1	512	-1	replay	none	0	none	-	-1	-	-	500	3.7834
1438	permuted	5	T0	0fdbf3977c990123	1	1	512	-1	replay	none	0	none	-	-1	-	-	584	4.0052
1439	permuted	5	T0	0fdbf3977c990123	1	1	512	-1	replay	none	0	none	-	-1	-	-	577	4.1441
1440	permuted	5	T0	0fdbf3977c990123	1	1	512	-1	replay	none	0	none	-	-1	-	-	636	3.9085
1441	permuted	5	T0	0fdbf3977c990123	1	1	512	-1	replay	none	0	none	-	-1	-	-	638	3.7652
1442	permuted	5	T0	0fdbf3977c990123	1	1	512	-1	replay	none	0	none	-	-1	-	-	637	3.9994
1443	permuted	5	T0	0fdbf3977c990123	1	1	512	-1	replay	none	0	none	-	-1	-	-	630	3.8417
1444	permuted	5	T0	0fdbf3977c990123	1	1	512	-1	replay	none	0	none	-	-1	-	-	639	3.9647
1445	permuted	5	T0	0fdbf3977c990123	1	1	512	-1	replay	none	0	none	-	-1	-	-	630	4.0290
1446	permuted	5	T0	0fdbf3977c990123	1	1	512	-1	replay	none	0	none	-	-1	-	-	637	4.0316
1447	permuted	5	T0	0fdbf3977c990123	1	1	512	-1	replay	none	0	none	-	-1	-	-	646	3.7828
1448	permuted	5	T0	0fdbf3977c990123	1	1	512	-1	replay	none	0	none	-	-1	-	-	635	3.8658
1449	permuted	5	T0	0fdbf3977c990123	1	1	512	-1	replay	none	0	none	-	-1	-	-	636	3.9883
1450	permuted	5	T0	0fdbf3977c990123	1	1	512	-1	replay	none	0	none	-	-1	-	-	643	4.0626
1451	permuted	5	T0	0fdbf3977c990123	1	1	512	-1	replay	none	0	none	-	-1	-	-	625	4.1115
1452	permuted	5	T0	0fdbf3977c990123	1	1	512	-1	replay	none	0	none	-	-1	-	-	638	3.8105
1453	permuted	5	T0	0fdbf3977c990123	1	1	512	-1	replay	none	0	none	-	-1	-	-	628	3.7966
1454	permuted	5	T0	0fdbf3977c990123	1	1	512	-1	replay	none	0	none	-	-1	-	-	714	3.8764
1455	permuted	5	T0	0fdbf3977c990123	1	1	512	-1	replay	none	0	none	-	-1	-	-	727	4.0401
1456	permuted	5	T0	0fdbf3977c990123	1	1	512	-1	replay	none	0	none	-	-1	-	-	635	3.9797
1457	permuted	5	T0	0fdbf3977c990123	1	1	512	-1	replay	none	0	none	-	-1	-	-	646	4.0316
1458	permuted	5	T1	0fdbf3977c990123	1	1	512	-1	replay	none	0	none	-	-1	-	-	640	3.7915
1459	permuted	5	T1	da7570afdbb81394	252	0	256	-1	direct	none	1	structure	shape,data	0	GET_ROWS	model.input_embed	5184	16.9902
1460	permuted	5	T1	0fdbf3977c990123	1	1	512	-1	direct	none	0	structure	shape,data	0	GET_ROWS	model.input_embed	3009	4.5100
1461	permuted	5	T1	802ba1f19f5ea689	4	1	256	-1	direct	none	0	structure	shape,data	0	GET_ROWS	model.input_embed	4390	4.8379
1462	permuted	5	T2	d702fd6fe588b6cb	2	2	512	-1	direct	none	0	structure	shape,data	0	GET_ROWS	model.input_embed	4618	5.0061
1463	permuted	5	T2	d702fd6fe588b6cb	2	2	512	-1	capture	reinstantiate	0	none	-	-1	-	-	4986	8.6514
1464	permuted	5	T2	d702fd6fe588b6cb	2	2	512	-1	replay	none	0	none	-	-1	-	-	696	4.2564
1465	permuted	5	T2	d702fd6fe588b6cb	2	2	512	-1	replay	none	0	none	-	-1	-	-	675	4.3120
1466	permuted	5	T2	d702fd6fe588b6cb	2	2	512	-1	replay	none	0	none	-	-1	-	-	631	4.3093
1467	permuted	5	T2	d702fd6fe588b6cb	2	2	512	-1	replay	none	0	none	-	-1	-	-	646	4.0810
1468	permuted	5	T2	d702fd6fe588b6cb	2	2	512	-1	replay	none	0	none	-	-1	-	-	648	4.0843
1469	permuted	5	T2	d702fd6fe588b6cb	2	2	512	-1	replay	none	0	none	-	-1	-	-	652	4.1134
1470	permuted	5	T2	d702fd6fe588b6cb	2	2	512	-1	replay	none	0	none	-	-1	-	-	648	4.0923
1471	permuted	5	T2	d702fd6fe588b6cb	2	2	512	-1	replay	none	0	none	-	-1	-	-	642	4.3040
1472	permuted	5	T2	d702fd6fe588b6cb	2	2	512	-1	replay	none	0	none	-	-1	-	-	650	4.2183
1473	permuted	5	T2	d702fd6fe588b6cb	2	2	512	-1	replay	none	0	none	-	-1	-	-	671	4.2327
1474	permuted	5	T2	d702fd6fe588b6cb	2	2	512	-1	replay	none	0	none	-	-1	-	-	645	4.3392
1475	permuted	5	T2	d702fd6fe588b6cb	2	2	512	-1	replay	none	0	none	-	-1	-	-	622	4.3234
1476	permuted	5	T2	d702fd6fe588b6cb	2	2	512	-1	replay	none	0	none	-	-1	-	-	635	4.2777
1477	permuted	5	T2	d702fd6fe588b6cb	2	2	512	-1	replay	none	0	none	-	-1	-	-	639	4.2833
1478	permuted	5	T2	d702fd6fe588b6cb	2	2	512	-1	replay	none	0	none	-	-1	-	-	645	4.3237
1479	permuted	5	T2	d702fd6fe588b6cb	2	2	512	-1	replay	none	0	none	-	-1	-	-	609	4.2063
1480	permuted	5	T2	d702fd6fe588b6cb	2	2	512	-1	replay	none	0	none	-	-1	-	-	644	4.0847
1481	permuted	5	T2	d702fd6fe588b6cb	2	2	512	-1	replay	none	0	none	-	-1	-	-	653	4.0720
1482	permuted	5	T2	d702fd6fe588b6cb	2	2	512	-1	replay	none	0	none	-	-1	-	-	597	4.1403
1483	permuted	5	T2	d702fd6fe588b6cb	2	2	512	-1	replay	none	0	none	-	-1	-	-	632	4.2417
1484	permuted	5	T2	d702fd6fe588b6cb	2	2	512	-1	replay	none	0	none	-	-1	-	-	670	4.2129
1485	permuted	5	T2	d702fd6fe588b6cb	2	2	512	-1	replay	none	0	none	-	-1	-	-	633	4.3156
1486	permuted	5	T2	d702fd6fe588b6cb	2	2	512	-1	replay	none	0	none	-	-1	-	-	648	4.3403
1487	permuted	5	T2	d702fd6fe588b6cb	2	2	512	-1	replay	none	0	none	-	-1	-	-	631	4.3580
1488	permuted	5	T2	d702fd6fe588b6cb	2	2	512	-1	replay	none	0	none	-	-1	-	-	718	4.2773
1489	permuted	5	T2	d702fd6fe588b6cb	2	2	512	-1	replay	none	0	none	-	-1	-	-	736	4.3082
1490	permuted	5	T2	d702fd6fe588b6cb	2	2	512	-1	replay	none	0	none	-	-1	-	-	667	4.3313
1491	permuted	5	T2	d702fd6fe588b6cb	2	2	512	-1	replay	none	0	none	-	-1	-	-	646	4.3447
1492	permuted	5	T2	d702fd6fe588b6cb	2	2	512	-1	replay	none	0	none	-	-1	-	-	508	4.0572
1493	permuted	5	T3	0fdbf3977c990123	1	1	512	-1	direct	none	1	structure	shape,data	0	GET_ROWS	model.input_embed	3464	4.5889
1494	permuted	5	T3	0fdbf3977c990123	1	1	512	-1	capture	reinstantiate	0	none	-	-1	-	-	4696	8.1267
1495	permuted	5	T3	0fdbf3977c990123	1	1	512	-1	replay	none	0	none	-	-1	-	-	643	3.9050
1496	permuted	5	T3	0fdbf3977c990123	1	1	512	-1	replay	none	0	none	-	-1	-	-	659	4.0500
1497	permuted	5	T3	0fdbf3977c990123	1	1	512	-1	replay	none	0	none	-	-1	-	-	639	3.7952
1498	permuted	5	T3	0fdbf3977c990123	1	1	512	-1	replay	none	0	none	-	-1	-	-	646	3.7940
1499	permuted	5	T3	0fdbf3977c990123	1	1	512	-1	replay	none	0	none	-	-1	-	-	608	3.9132
1500	permuted	5	T3	0fdbf3977c990123	1	1	512	-1	replay	none	0	none	-	-1	-	-	668	3.9655
1501	permuted	5	T3	0fdbf3977c990123	1	1	512	-1	replay	none	0	none	-	-1	-	-	635	4.0208
1502	permuted	5	T3	0fdbf3977c990123	1	1	512	-1	replay	none	0	none	-	-1	-	-	644	3.7874
1503	permuted	5	T3	0fdbf3977c990123	1	1	512	-1	replay	none	0	none	-	-1	-	-	642	3.7963
1504	permuted	5	T3	0fdbf3977c990123	1	1	512	-1	replay	none	0	none	-	-1	-	-	644	3.8404
1505	permuted	5	T3	0fdbf3977c990123	1	1	512	-1	replay	none	0	none	-	-1	-	-	624	4.0101
1506	permuted	5	T3	0fdbf3977c990123	1	1	512	-1	replay	none	0	none	-	-1	-	-	530	4.0470
1507	permuted	5	T3	0fdbf3977c990123	1	1	512	-1	replay	none	0	none	-	-1	-	-	634	4.0574
1508	permuted	5	T3	0fdbf3977c990123	1	1	512	-1	replay	none	0	none	-	-1	-	-	639	3.7889
1509	permuted	5	T3	0fdbf3977c990123	1	1	512	-1	replay	none	0	none	-	-1	-	-	649	3.8216
1510	permuted	5	T3	0fdbf3977c990123	1	1	512	-1	replay	none	0	none	-	-1	-	-	656	3.9158
1511	permuted	5	T3	0fdbf3977c990123	1	1	512	-1	replay	none	0	none	-	-1	-	-	636	3.9686
1512	permuted	5	T3	0fdbf3977c990123	1	1	512	-1	replay	none	0	none	-	-1	-	-	641	4.0482
1513	permuted	5	T3	0fdbf3977c990123	1	1	512	-1	replay	none	0	none	-	-1	-	-	631	3.7868
1514	permuted	5	T3	0fdbf3977c990123	1	1	512	-1	replay	none	0	none	-	-1	-	-	634	4.0338
1515	permuted	5	T3	0fdbf3977c990123	1	1	512	-1	replay	none	0	none	-	-1	-	-	637	3.8848
1516	permuted	5	T3	0fdbf3977c990123	1	1	512	-1	replay	none	0	none	-	-1	-	-	627	3.9449
1517	permuted	5	T3	0fdbf3977c990123	1	1	512	-1	replay	none	0	none	-	-1	-	-	630	3.9921
1518	permuted	5	T3	0fdbf3977c990123	1	1	512	-1	replay	none	0	none	-	-1	-	-	638	3.7676
1519	permuted	5	T3	0fdbf3977c990123	1	1	512	-1	replay	none	0	none	-	-1	-	-	621	3.7944
1520	permuted	5	T3	0fdbf3977c990123	1	1	512	-1	replay	none	0	none	-	-1	-	-	653	3.8660
1521	permuted	5	T3	0fdbf3977c990123	1	1	512	-1	replay	none	0	none	-	-1	-	-	592	4.0930
1522	permuted	5	T3	0fdbf3977c990123	1	1	512	-1	replay	none	0	none	-	-1	-	-	617	4.0670
1523	permuted	5	T3	0fdbf3977c990123	1	1	512	-1	replay	none	0	none	-	-1	-	-	631	4.0265
1524	permuted	5	T3	0fdbf3977c990123	1	1	512	-1	replay	none	0	none	-	-1	-	-	626	3.7973
1525	permuted	5	T3	0fdbf3977c990123	1	1	512	-1	replay	none	0	none	-	-1	-	-	656	3.8273
1526	permuted	5	T3	0fdbf3977c990123	1	1	512	-1	replay	none	0	none	-	-1	-	-	1198	3.8273
1527	permuted	5	T3	0fdbf3977c990123	1	1	512	-1	replay	none	0	none	-	-1	-	-	620	5.0906
1528	permuted	5	T3	0fdbf3977c990123	1	1	512	-1	replay	none	0	none	-	-1	-	-	634	4.1188
1529	permuted	5	T3	0fdbf3977c990123	1	1	512	-1	replay	none	0	none	-	-1	-	-	648	3.9131
1530	permuted	5	T3	0fdbf3977c990123	1	1	512	-1	replay	none	0	none	-	-1	-	-	704	3.9876
1531	permuted	5	T3	0fdbf3977c990123	1	1	512	-1	replay	none	0	none	-	-1	-	-	617	4.0308
1532	permuted	5	T3	0fdbf3977c990123	1	1	512	-1	replay	none	0	none	-	-1	-	-	664	3.7757
1533	permuted	5	T3	0fdbf3977c990123	1	1	512	-1	replay	none	0	none	-	-1	-	-	614	3.7897
1534	permuted	5	T3	0fdbf3977c990123	1	1	512	-1	replay	none	0	none	-	-1	-	-	635	3.9554
1535	permuted	5	T3	0fdbf3977c990123	1	1	512	-1	replay	none	0	none	-	-1	-	-	782	4.0411
1536	permuted	5	T3	0fdbf3977c990123	1	1	512	-1	replay	none	0	none	-	-1	-	-	645	4.0070
1537	permuted	5	T3	0fdbf3977c990123	1	1	512	-1	replay	none	0	none	-	-1	-	-	633	3.7796
1538	permuted	5	T3	0fdbf3977c990123	1	1	512	-1	replay	none	0	none	-	-1	-	-	630	3.8006
1539	permuted	5	T3	0fdbf3977c990123	1	1	512	-1	replay	none	0	none	-	-1	-	-	660	3.9571
1540	permuted	5	T3	0fdbf3977c990123	1	1	512	-1	replay	none	0	none	-	-1	-	-	1042	4.0605
1541	permuted	5	T3	0fdbf3977c990123	1	1	512	-1	replay	none	0	none	-	-1	-	-	631	4.0550
1542	permuted	5	T3	0fdbf3977c990123	1	1	512	-1	replay	none	0	none	-	-1	-	-	622	4.0353
1543	permuted	5	T3	0fdbf3977c990123	1	1	512	-1	replay	none	0	none	-	-1	-	-	627	3.7843
1544	permuted	5	T3	0fdbf3977c990123	1	1	512	-1	replay	none	0	none	-	-1	-	-	629	3.8056
1545	permuted	5	T3	0fdbf3977c990123	1	1	512	-1	replay	none	0	none	-	-1	-	-	619	3.8663
1546	permuted	5	T3	0fdbf3977c990123	1	1	512	-1	replay	none	0	none	-	-1	-	-	628	4.0328
1547	permuted	5	T3	0fdbf3977c990123	1	1	512	-1	replay	none	0	none	-	-1	-	-	606	4.0136
1548	permuted	5	T3	0fdbf3977c990123	1	1	512	-1	replay	none	0	none	-	-1	-	-	629	4.0249
1549	permuted	5	T3	0fdbf3977c990123	1	1	512	-1	replay	none	0	none	-	-1	-	-	572	3.7749
1550	permuted	5	T3	0fdbf3977c990123	1	1	512	-1	replay	none	0	none	-	-1	-	-	623	4.2094
1551	permuted	5	T3	0fdbf3977c990123	1	1	512	-1	replay	none	0	none	-	-1	-	-	565	4.0346
1552	permuted	5	T3	0fdbf3977c990123	1	1	512	-1	replay	none	0	none	-	-1	-	-	581	3.9751
1553	permuted	5	T3	0fdbf3977c990123	1	1	512	-1	replay	none	0	none	-	-1	-	-	1646	4.0871
1554	permuted	5	T3	0fdbf3977c990123	1	1	512	-1	replay	none	0	none	-	-1	-	-	1628	3.9694
1555	permuted	5	T3	0fdbf3977c990123	1	1	512	-1	replay	none	0	none	-	-1	-	-	538	4.0420
1556	permuted	5	T3	0fdbf3977c990123	1	1	512	-1	replay	none	0	none	-	-1	-	-	620	3.7834
1557	permuted	5	T3	0fdbf3977c990123	1	1	512	-1	replay	none	0	none	-	-1	-	-	622	3.8476
1558	permuted	5	T3	0fdbf3977c990123	1	1	512	-1	replay	none	0	none	-	-1	-	-	607	3.8714
1559	permuted	5	T3	0fdbf3977c990123	1	1	512	-1	replay	none	0	none	-	-1	-	-	617	3.9612
1560	permuted	5	T3	0fdbf3977c990123	1	1	512	-1	replay	none	0	none	-	-1	-	-	497	4.0258
1561	permuted	5	T3	0fdbf3977c990123	1	1	512	-1	replay	none	0	none	-	-1	-	-	486	3.7657
