graph_ordinal	t_begin_ns	key	key_ordinal	topology_digest	pointer_digest	n_nodes	n_tokens	n_outputs	n_kv	n_rs	enabled	compatible	properties_changed	change_reason	change_node	change_op	change_name	change_categories	warmup_before	warmup_after	action	executable	host_us	device_ms
0	1788554415521794881	0x7f27a1e2f3b0	1	7565fec99ff6ebb7	8a8bae1bd5f71c7d	1459	2	1	256	-1	1	1	1	first_compute	-1	-	-	-	0	0	direct	none	63100	161.7674
1	1788554415888087533	0x7f27a1e2f3b0	1	da7570afdbb81394	94a357743892276a	1459	252	0	256	-1	1	1	1	structure	0	GET_ROWS	model.input_embed	shape,data	0	0	direct	none	36426	180.9173
2	1788554416078088965	0x7f27a1e2f3b0	1	802ba1f19f5ea689	7d1f90516afcefd3	1459	4	1	256	-1	1	1	1	structure	0	GET_ROWS	model.input_embed	shape,data	0	0	direct	none	21666	111.9908
3	1788554416192487690	0x7f27a1e2f3b0	1	0dfa7fc3533697c4	bf4695d7b8bc75bc	1459	1	1	512	-1	1	1	1	structure	0	GET_ROWS	model.input_embed	shape,data	0	0	direct	none	3495	5.3343
4	1788554416198776574	0x7f27a1e2f3b0	1	0dfa7fc3533697c4	bf4695d7b8bc75bc	1459	1	1	512	-1	1	1	0	none	-1	-	-	-	0	1	capture	update	3497	6.9972
5	1788554416206636869	0x7f27a1e2f3b0	1	0dfa7fc3533697c4	bf4695d7b8bc75bc	1459	1	1	512	-1	1	1	0	none	-1	-	-	-	1	1	replay	none	505	3.8001
6	1788554416211539258	0x7f27a1e2f3b0	1	0dfa7fc3533697c4	bf4695d7b8bc75bc	1459	1	1	512	-1	1	1	0	none	-1	-	-	-	1	1	replay	none	573	3.8467
7	1788554416216287938	0x7f27a1e2f3b0	1	0dfa7fc3533697c4	bf4695d7b8bc75bc	1459	1	1	512	-1	1	1	0	none	-1	-	-	-	1	1	replay	none	463	4.0485
8	1788554416221201248	0x7f27a1e2f3b0	1	0dfa7fc3533697c4	bf4695d7b8bc75bc	1459	1	1	512	-1	1	1	0	none	-1	-	-	-	1	1	replay	none	468	3.9999
9	1788554416226057580	0x7f27a1e2f3b0	1	0dfa7fc3533697c4	bf4695d7b8bc75bc	1459	1	1	512	-1	1	1	0	none	-1	-	-	-	1	1	replay	none	463	3.8227
10	1788554416230728354	0x7f27a1e2f3b0	1	0dfa7fc3533697c4	bf4695d7b8bc75bc	1459	1	1	512	-1	1	1	0	none	-1	-	-	-	1	1	replay	none	462	3.8546
11	1788554416235365445	0x7f27a1e2f3b0	1	0dfa7fc3533697c4	bf4695d7b8bc75bc	1459	1	1	512	-1	1	1	0	none	-1	-	-	-	1	1	replay	none	458	4.0421
12	1788554416240241825	0x7f27a1e2f3b0	1	0dfa7fc3533697c4	bf4695d7b8bc75bc	1459	1	1	512	-1	1	1	0	none	-1	-	-	-	1	1	replay	none	460	4.0610
13	1788554416245137151	0x7f27a1e2f3b0	1	0dfa7fc3533697c4	bf4695d7b8bc75bc	1459	1	1	512	-1	1	1	0	none	-1	-	-	-	1	1	replay	none	460	3.8201
14	1788554416249826550	0x7f27a1e2f3b0	1	0dfa7fc3533697c4	bf4695d7b8bc75bc	1459	1	1	512	-1	1	1	0	none	-1	-	-	-	1	1	replay	none	461	3.8434
15	1788554416254468099	0x7f27a1e2f3b0	1	0dfa7fc3533697c4	bf4695d7b8bc75bc	1459	1	1	512	-1	1	1	0	none	-1	-	-	-	1	1	replay	none	460	4.0886
16	1788554416259344459	0x7f27a1e2f3b0	1	0dfa7fc3533697c4	bf4695d7b8bc75bc	1459	1	1	512	-1	1	1	0	none	-1	-	-	-	1	1	replay	none	460	3.9768
17	1788554416264163171	0x7f27a1e2f3b0	1	0dfa7fc3533697c4	bf4695d7b8bc75bc	1459	1	1	512	-1	1	1	0	none	-1	-	-	-	1	1	replay	none	510	3.8343
18	1788554416268886053	0x7f27a1e2f3b0	1	0dfa7fc3533697c4	bf4695d7b8bc75bc	1459	1	1	512	-1	1	1	0	none	-1	-	-	-	1	1	replay	none	467	3.8365
19	1788554416273586833	0x7f27a1e2f3b0	1	0dfa7fc3533697c4	bf4695d7b8bc75bc	1459	1	1	512	-1	1	1	0	none	-1	-	-	-	1	1	replay	none	460	3.9132
20	1788554416278285710	0x7f27a1e2f3b0	1	0dfa7fc3533697c4	bf4695d7b8bc75bc	1459	1	1	512	-1	1	1	0	none	-1	-	-	-	1	1	replay	none	462	3.9503
21	1788554416283071530	0x7f27a1e2f3b0	1	0dfa7fc3533697c4	bf4695d7b8bc75bc	1459	1	1	512	-1	1	1	0	none	-1	-	-	-	1	1	replay	none	459	3.8207
22	1788554416287728207	0x7f27a1e2f3b0	1	0dfa7fc3533697c4	bf4695d7b8bc75bc	1459	1	1	512	-1	1	1	0	none	-1	-	-	-	1	1	replay	none	458	3.8452
23	1788554416292432965	0x7f27a1e2f3b0	1	0dfa7fc3533697c4	bf4695d7b8bc75bc	1459	1	1	512	-1	1	1	0	none	-1	-	-	-	1	1	replay	none	586	3.8775
24	1788554416297221159	0x7f27a1e2f3b0	1	0dfa7fc3533697c4	bf4695d7b8bc75bc	1459	1	1	512	-1	1	1	0	none	-1	-	-	-	1	1	replay	none	473	4.0515
25	1788554416302140210	0x7f27a1e2f3b0	1	0dfa7fc3533697c4	bf4695d7b8bc75bc	1459	1	1	512	-1	1	1	0	none	-1	-	-	-	1	1	replay	none	466	3.9883
26	1788554416306983438	0x7f27a1e2f3b0	1	0dfa7fc3533697c4	bf4695d7b8bc75bc	1459	1	1	512	-1	1	1	0	none	-1	-	-	-	1	1	replay	none	465	3.8367
27	1788554416312332085	0x7f27a1e2f3b0	1	94dc22ce3d23b91b	34e8b5fc5449164a	1459	2	1	512	-1	1	1	1	structure	0	GET_ROWS	model.input_embed	shape,data	1	0	direct	none	2643	5.1169
28	1788554416318099329	0x7f27a1e2f3b0	1	d8f873be867a8271	9d5ddbb51ea8b0f9	1459	251	0	256	-1	1	1	1	structure	0	GET_ROWS	model.input_embed	shape,data	0	0	direct	none	2997	18.2565
29	1788554416343297452	0x7f27a1e2f3b0	1	79cc5f245f480542	4057f96d76cc09c7	1459	2	1	512	-1	1	1	1	structure	0	GET_ROWS	model.input_embed	shape,data	0	0	direct	none	2421	4.6787
30	1788554416348694641	0x7f27a1e2f3b0	1	bcd06391008a2d68	0aefe615f57b2327	1459	3	1	256	-1	1	1	1	structure	0	GET_ROWS	model.input_embed	shape,data	0	0	direct	none	2473	4.8396
31	1788554416355655938	0x7f27a1e2f3b0	1	d702fd6fe588b6cb	4057f96d76cc09c7	1459	2	2	512	-1	1	1	1	structure	0	GET_ROWS	model.input_embed	shape,data	0	0	direct	none	2446	4.7681
32	1788554416361557904	0x7f27a1e2f3b0	1	d702fd6fe588b6cb	4057f96d76cc09c7	1459	2	2	512	-1	1	1	0	none	-1	-	-	-	0	1	capture	reinstantiate	2989	6.7180
33	1788554416369365230	0x7f27a1e2f3b0	1	d702fd6fe588b6cb	4057f96d76cc09c7	1459	2	2	512	-1	1	1	0	none	-1	-	-	-	1	1	replay	none	467	4.0585
34	1788554416374511978	0x7f27a1e2f3b0	1	d702fd6fe588b6cb	4057f96d76cc09c7	1459	2	2	512	-1	1	1	0	none	-1	-	-	-	1	1	replay	none	462	4.1131
35	1788554416379909387	0x7f27a1e2f3b0	1	d702fd6fe588b6cb	4057f96d76cc09c7	1459	2	2	512	-1	1	1	0	none	-1	-	-	-	1	1	replay	none	471	4.2767
36	1788554416385233428	0x7f27a1e2f3b0	1	d702fd6fe588b6cb	4057f96d76cc09c7	1459	2	2	512	-1	1	1	0	none	-1	-	-	-	1	1	replay	none	469	4.1792
37	1788554416390491355	0x7f27a1e2f3b0	1	d702fd6fe588b6cb	4057f96d76cc09c7	1459	2	2	512	-1	1	1	0	none	-1	-	-	-	1	1	replay	none	462	4.2110
38	1788554416395782194	0x7f27a1e2f3b0	1	d702fd6fe588b6cb	4057f96d76cc09c7	1459	2	2	512	-1	1	1	0	none	-1	-	-	-	1	1	replay	none	459	4.0389
39	1788554416400887344	0x7f27a1e2f3b0	1	d702fd6fe588b6cb	4057f96d76cc09c7	1459	2	2	512	-1	1	1	0	none	-1	-	-	-	1	1	replay	none	461	4.0435
40	1788554416406017290	0x7f27a1e2f3b0	1	d702fd6fe588b6cb	4057f96d76cc09c7	1459	2	2	512	-1	1	1	0	none	-1	-	-	-	1	1	replay	none	466	4.0644
41	1788554416411183144	0x7f27a1e2f3b0	1	d702fd6fe588b6cb	4057f96d76cc09c7	1459	2	2	512	-1	1	1	0	none	-1	-	-	-	1	1	replay	none	465	4.2769
42	1788554416416498499	0x7f27a1e2f3b0	1	d702fd6fe588b6cb	4057f96d76cc09c7	1459	2	2	512	-1	1	1	0	none	-1	-	-	-	1	1	replay	none	464	4.2309
43	1788554416421971440	0x7f27a1e2f3b0	1	d702fd6fe588b6cb	4057f96d76cc09c7	1459	2	2	512	-1	1	1	0	none	-1	-	-	-	1	1	replay	none	541	4.1680
44	1788554416427327000	0x7f27a1e2f3b0	1	d702fd6fe588b6cb	4057f96d76cc09c7	1459	2	2	512	-1	1	1	0	none	-1	-	-	-	1	1	replay	none	618	4.2991
45	1788554416432874651	0x7f27a1e2f3b0	1	d702fd6fe588b6cb	4057f96d76cc09c7	1459	2	2	512	-1	1	1	0	none	-1	-	-	-	1	1	replay	none	466	4.0434
46	1788554416438146384	0x7f27a1e2f3b0	1	d702fd6fe588b6cb	4057f96d76cc09c7	1459	2	2	512	-1	1	1	0	none	-1	-	-	-	1	1	replay	none	523	4.0575
47	1788554416443391216	0x7f27a1e2f3b0	1	d702fd6fe588b6cb	4057f96d76cc09c7	1459	2	2	512	-1	1	1	0	none	-1	-	-	-	1	1	replay	none	473	4.1223
48	1788554416448728662	0x7f27a1e2f3b0	1	d702fd6fe588b6cb	4057f96d76cc09c7	1459	2	2	512	-1	1	1	0	none	-1	-	-	-	1	1	replay	none	549	4.1805
49	1788554416454033477	0x7f27a1e2f3b0	1	d702fd6fe588b6cb	4057f96d76cc09c7	1459	2	2	512	-1	1	1	0	none	-1	-	-	-	1	1	replay	none	471	4.1854
50	1788554416459338813	0x7f27a1e2f3b0	1	d702fd6fe588b6cb	4057f96d76cc09c7	1459	2	2	512	-1	1	1	0	none	-1	-	-	-	1	1	replay	none	505	4.2102
51	1788554416464687731	0x7f27a1e2f3b0	1	d702fd6fe588b6cb	4057f96d76cc09c7	1459	2	2	512	-1	1	1	0	none	-1	-	-	-	1	1	replay	none	477	4.3753
52	1788554416470165621	0x7f27a1e2f3b0	1	d702fd6fe588b6cb	4057f96d76cc09c7	1459	2	2	512	-1	1	1	0	none	-1	-	-	-	1	1	replay	none	469	4.0485
53	1788554416475336063	0x7f27a1e2f3b0	1	d702fd6fe588b6cb	4057f96d76cc09c7	1459	2	2	512	-1	1	1	0	none	-1	-	-	-	1	1	replay	none	466	4.0578
54	1788554416480478884	0x7f27a1e2f3b0	1	d702fd6fe588b6cb	4057f96d76cc09c7	1459	2	2	512	-1	1	1	0	none	-1	-	-	-	1	1	replay	none	474	4.1352
55	1788554416485732002	0x7f27a1e2f3b0	1	d702fd6fe588b6cb	4057f96d76cc09c7	1459	2	2	512	-1	1	1	0	none	-1	-	-	-	1	1	replay	none	466	4.2922
56	1788554416491063277	0x7f27a1e2f3b0	1	d702fd6fe588b6cb	4057f96d76cc09c7	1459	2	2	512	-1	1	1	0	none	-1	-	-	-	1	1	replay	none	463	4.2540
57	1788554416496418727	0x7f27a1e2f3b0	1	d702fd6fe588b6cb	4057f96d76cc09c7	1459	2	2	512	-1	1	1	0	none	-1	-	-	-	1	1	replay	none	462	4.2972
58	1788554416501788854	0x7f27a1e2f3b0	1	d702fd6fe588b6cb	4057f96d76cc09c7	1459	2	2	512	-1	1	1	0	none	-1	-	-	-	1	1	replay	none	459	4.0466
59	1788554416506920534	0x7f27a1e2f3b0	1	d702fd6fe588b6cb	4057f96d76cc09c7	1459	2	2	512	-1	1	1	0	none	-1	-	-	-	1	1	replay	none	464	4.0470
60	1788554416512044600	0x7f27a1e2f3b0	1	d702fd6fe588b6cb	4057f96d76cc09c7	1459	2	2	512	-1	1	1	0	none	-1	-	-	-	1	1	replay	none	464	4.0721
61	1788554416517378990	0x7f27a1e2f3b0	1	d702fd6fe588b6cb	4057f96d76cc09c7	1459	2	2	512	-1	1	1	0	none	-1	-	-	-	1	1	replay	none	468	4.1140
62	1788554416523042439	0x7f27a1e2f3b0	1	0dfa7fc3533697c4	bf4695d7b8bc75bc	1459	1	1	512	-1	1	1	1	structure	0	GET_ROWS	model.input_embed	shape,data	1	0	direct	none	2231	4.4625
63	1788554416528330081	0x7f27a1e2f3b0	1	0dfa7fc3533697c4	bf4695d7b8bc75bc	1459	1	1	512	-1	1	1	0	none	-1	-	-	-	0	1	capture	reinstantiate	2751	6.1272
64	1788554416535262293	0x7f27a1e2f3b0	1	0dfa7fc3533697c4	bf4695d7b8bc75bc	1459	1	1	512	-1	1	1	0	none	-1	-	-	-	1	1	replay	none	500	3.9487
65	1788554416540199217	0x7f27a1e2f3b0	1	0dfa7fc3533697c4	bf4695d7b8bc75bc	1459	1	1	512	-1	1	1	0	none	-1	-	-	-	1	1	replay	none	592	4.0149
66	1788554416545214929	0x7f27a1e2f3b0	1	0dfa7fc3533697c4	bf4695d7b8bc75bc	1459	1	1	512	-1	1	1	0	none	-1	-	-	-	1	1	replay	none	540	3.7668
67	1788554416549945766	0x7f27a1e2f3b0	1	0dfa7fc3533697c4	bf4695d7b8bc75bc	1459	1	1	512	-1	1	1	0	none	-1	-	-	-	1	1	replay	none	475	3.8459
68	1788554416554743248	0x7f27a1e2f3b0	1	0dfa7fc3533697c4	bf4695d7b8bc75bc	1459	1	1	512	-1	1	1	0	none	-1	-	-	-	1	1	replay	none	489	4.0137
69	1788554416559574183	0x7f27a1e2f3b0	1	0dfa7fc3533697c4	bf4695d7b8bc75bc	1459	1	1	512	-1	1	1	0	none	-1	-	-	-	1	1	replay	none	471	3.9321
70	1788554416564366976	0x7f27a1e2f3b0	1	0dfa7fc3533697c4	bf4695d7b8bc75bc	1459	1	1	512	-1	1	1	0	none	-1	-	-	-	1	1	replay	none	466	3.7513
71	1788554416568986193	0x7f27a1e2f3b0	1	0dfa7fc3533697c4	bf4695d7b8bc75bc	1459	1	1	512	-1	1	1	0	none	-1	-	-	-	1	1	replay	none	511	4.0255
72	1788554416573913058	0x7f27a1e2f3b0	1	0dfa7fc3533697c4	bf4695d7b8bc75bc	1459	1	1	512	-1	1	1	0	none	-1	-	-	-	1	1	replay	none	473	3.9573
73	1788554416578689691	0x7f27a1e2f3b0	1	0dfa7fc3533697c4	bf4695d7b8bc75bc	1459	1	1	512	-1	1	1	0	none	-1	-	-	-	1	1	replay	none	480	3.8781
74	1788554416583429925	0x7f27a1e2f3b0	1	0dfa7fc3533697c4	bf4695d7b8bc75bc	1459	1	1	512	-1	1	1	0	none	-1	-	-	-	1	1	replay	none	467	3.9650
75	1788554416588254297	0x7f27a1e2f3b0	1	0dfa7fc3533697c4	bf4695d7b8bc75bc	1459	1	1	512	-1	1	1	0	none	-1	-	-	-	1	1	replay	none	470	3.7588
76	1788554416592994592	0x7f27a1e2f3b0	1	0dfa7fc3533697c4	bf4695d7b8bc75bc	1459	1	1	512	-1	1	1	0	none	-1	-	-	-	1	1	replay	none	467	3.7772
77	1788554416597584925	0x7f27a1e2f3b0	1	0dfa7fc3533697c4	bf4695d7b8bc75bc	1459	1	1	512	-1	1	1	0	none	-1	-	-	-	1	1	replay	none	466	3.9133
78	1788554416602351679	0x7f27a1e2f3b0	1	0dfa7fc3533697c4	bf4695d7b8bc75bc	1459	1	1	512	-1	1	1	0	none	-1	-	-	-	1	1	replay	none	469	4.0121
79	1788554416607223721	0x7f27a1e2f3b0	1	0dfa7fc3533697c4	bf4695d7b8bc75bc	1459	1	1	512	-1	1	1	0	none	-1	-	-	-	1	1	replay	none	473	3.7542
80	1788554416611823351	0x7f27a1e2f3b0	1	0dfa7fc3533697c4	bf4695d7b8bc75bc	1459	1	1	512	-1	1	1	0	none	-1	-	-	-	1	1	replay	none	465	3.7723
81	1788554416616390030	0x7f27a1e2f3b0	1	0dfa7fc3533697c4	bf4695d7b8bc75bc	1459	1	1	512	-1	1	1	0	none	-1	-	-	-	1	1	replay	none	467	3.8711
82	1788554416621100158	0x7f27a1e2f3b0	1	0dfa7fc3533697c4	bf4695d7b8bc75bc	1459	1	1	512	-1	1	1	0	none	-1	-	-	-	1	1	replay	none	465	4.0120
83	1788554416625953695	0x7f27a1e2f3b0	1	0dfa7fc3533697c4	bf4695d7b8bc75bc	1459	1	1	512	-1	1	1	0	none	-1	-	-	-	1	1	replay	none	463	3.7694
84	1788554416630572421	0x7f27a1e2f3b0	1	0dfa7fc3533697c4	bf4695d7b8bc75bc	1459	1	1	512	-1	1	1	0	none	-1	-	-	-	1	1	replay	none	462	3.7775
85	1788554416635253424	0x7f27a1e2f3b0	1	0dfa7fc3533697c4	bf4695d7b8bc75bc	1459	1	1	512	-1	1	1	0	none	-1	-	-	-	1	1	replay	none	572	3.9422
86	1788554416640179748	0x7f27a1e2f3b0	1	0dfa7fc3533697c4	bf4695d7b8bc75bc	1459	1	1	512	-1	1	1	0	none	-1	-	-	-	1	1	replay	none	473	3.9859
87	1788554416645042332	0x7f27a1e2f3b0	1	0dfa7fc3533697c4	bf4695d7b8bc75bc	1459	1	1	512	-1	1	1	0	none	-1	-	-	-	1	1	replay	none	469	3.7480
88	1788554416649676337	0x7f27a1e2f3b0	1	0dfa7fc3533697c4	bf4695d7b8bc75bc	1459	1	1	512	-1	1	1	0	none	-1	-	-	-	1	1	replay	none	470	3.8303
89	1788554416654312356	0x7f27a1e2f3b0	1	0dfa7fc3533697c4	bf4695d7b8bc75bc	1459	1	1	512	-1	1	1	0	none	-1	-	-	-	1	1	replay	none	474	4.0235
90	1788554416659127691	0x7f27a1e2f3b0	1	0dfa7fc3533697c4	bf4695d7b8bc75bc	1459	1	1	512	-1	1	1	0	none	-1	-	-	-	1	1	replay	none	467	3.9170
91	1788554416663916186	0x7f27a1e2f3b0	1	0dfa7fc3533697c4	bf4695d7b8bc75bc	1459	1	1	512	-1	1	1	0	none	-1	-	-	-	1	1	replay	none	472	3.7665
92	1788554416668560581	0x7f27a1e2f3b0	1	0dfa7fc3533697c4	bf4695d7b8bc75bc	1459	1	1	512	-1	1	1	0	none	-1	-	-	-	1	1	replay	none	473	3.7953
93	1788554416673161043	0x7f27a1e2f3b0	1	0dfa7fc3533697c4	bf4695d7b8bc75bc	1459	1	1	512	-1	1	1	0	none	-1	-	-	-	1	1	replay	none	475	4.0004
94	1788554416677973783	0x7f27a1e2f3b0	1	0dfa7fc3533697c4	bf4695d7b8bc75bc	1459	1	1	512	-1	1	1	0	none	-1	-	-	-	1	1	replay	none	468	3.9880
95	1788554416682805940	0x7f27a1e2f3b0	1	0dfa7fc3533697c4	bf4695d7b8bc75bc	1459	1	1	512	-1	1	1	0	none	-1	-	-	-	1	1	replay	none	461	3.7517
96	1788554416687408546	0x7f27a1e2f3b0	1	0dfa7fc3533697c4	bf4695d7b8bc75bc	1459	1	1	512	-1	1	1	0	none	-1	-	-	-	1	1	replay	none	466	3.7727
97	1788554416691976457	0x7f27a1e2f3b0	1	0dfa7fc3533697c4	bf4695d7b8bc75bc	1459	1	1	512	-1	1	1	0	none	-1	-	-	-	1	1	replay	none	470	4.0122
98	1788554416696787414	0x7f27a1e2f3b0	1	0dfa7fc3533697c4	bf4695d7b8bc75bc	1459	1	1	512	-1	1	1	0	none	-1	-	-	-	1	1	replay	none	466	3.9913
99	1788554416701616746	0x7f27a1e2f3b0	1	0dfa7fc3533697c4	bf4695d7b8bc75bc	1459	1	1	512	-1	1	1	0	none	-1	-	-	-	1	1	replay	none	465	3.7538
100	1788554416706205536	0x7f27a1e2f3b0	1	0dfa7fc3533697c4	bf4695d7b8bc75bc	1459	1	1	512	-1	1	1	0	none	-1	-	-	-	1	1	replay	none	466	3.7746
101	1788554416710788134	0x7f27a1e2f3b0	1	0dfa7fc3533697c4	bf4695d7b8bc75bc	1459	1	1	512	-1	1	1	0	none	-1	-	-	-	1	1	replay	none	479	3.9384
102	1788554416715612867	0x7f27a1e2f3b0	1	0dfa7fc3533697c4	bf4695d7b8bc75bc	1459	1	1	512	-1	1	1	0	none	-1	-	-	-	1	1	replay	none	464	3.9871
103	1788554416720441818	0x7f27a1e2f3b0	1	0dfa7fc3533697c4	bf4695d7b8bc75bc	1459	1	1	512	-1	1	1	0	none	-1	-	-	-	1	1	replay	none	464	3.7838
104	1788554416726906943	0x7f27a1e2f3b0	1	0dfa7fc3533697c4	bf4695d7b8bc75bc	1459	1	1	512	-1	1	1	0	none	-1	-	-	-	1	1	replay	none	470	3.8232
105	1788554416731573409	0x7f27a1e2f3b0	1	0dfa7fc3533697c4	bf4695d7b8bc75bc	1459	1	1	512	-1	1	1	0	none	-1	-	-	-	1	1	replay	none	462	3.7740
106	1788554416736185773	0x7f27a1e2f3b0	1	0dfa7fc3533697c4	bf4695d7b8bc75bc	1459	1	1	512	-1	1	1	0	none	-1	-	-	-	1	1	replay	none	464	3.8106
107	1788554416740781546	0x7f27a1e2f3b0	1	0dfa7fc3533697c4	bf4695d7b8bc75bc	1459	1	1	512	-1	1	1	0	none	-1	-	-	-	1	1	replay	none	464	3.9299
108	1788554416745553991	0x7f27a1e2f3b0	1	0dfa7fc3533697c4	bf4695d7b8bc75bc	1459	1	1	512	-1	1	1	0	none	-1	-	-	-	1	1	replay	none	464	3.7506
109	1788554416750140196	0x7f27a1e2f3b0	1	0dfa7fc3533697c4	bf4695d7b8bc75bc	1459	1	1	512	-1	1	1	0	none	-1	-	-	-	1	1	replay	none	465	3.7715
110	1788554416754901921	0x7f27a1e2f3b0	1	0dfa7fc3533697c4	bf4695d7b8bc75bc	1459	1	1	512	-1	1	1	0	none	-1	-	-	-	1	1	replay	none	464	3.9615
111	1788554416759701707	0x7f27a1e2f3b0	1	0dfa7fc3533697c4	bf4695d7b8bc75bc	1459	1	1	512	-1	1	1	0	none	-1	-	-	-	1	1	replay	none	480	3.8784
112	1788554416764448444	0x7f27a1e2f3b0	1	0dfa7fc3533697c4	bf4695d7b8bc75bc	1459	1	1	512	-1	1	1	0	none	-1	-	-	-	1	1	replay	none	468	3.7568
113	1788554416769051731	0x7f27a1e2f3b0	1	0dfa7fc3533697c4	bf4695d7b8bc75bc	1459	1	1	512	-1	1	1	0	none	-1	-	-	-	1	1	replay	none	468	3.7771
114	1788554416773676508	0x7f27a1e2f3b0	1	0dfa7fc3533697c4	bf4695d7b8bc75bc	1459	1	1	512	-1	1	1	0	none	-1	-	-	-	1	1	replay	none	462	3.8002
115	1788554416778266480	0x7f27a1e2f3b0	1	0dfa7fc3533697c4	bf4695d7b8bc75bc	1459	1	1	512	-1	1	1	0	none	-1	-	-	-	1	1	replay	none	462	3.9238
116	1788554416783025530	0x7f27a1e2f3b0	1	0dfa7fc3533697c4	bf4695d7b8bc75bc	1459	1	1	512	-1	1	1	0	none	-1	-	-	-	1	1	replay	none	466	3.7580
117	1788554416787632835	0x7f27a1e2f3b0	1	0dfa7fc3533697c4	bf4695d7b8bc75bc	1459	1	1	512	-1	1	1	0	none	-1	-	-	-	1	1	replay	none	463	3.7807
118	1788554416792407083	0x7f27a1e2f3b0	1	0dfa7fc3533697c4	bf4695d7b8bc75bc	1459	1	1	512	-1	1	1	0	none	-1	-	-	-	1	1	replay	none	464	3.8184
119	1788554416797013276	0x7f27a1e2f3b0	1	0dfa7fc3533697c4	bf4695d7b8bc75bc	1459	1	1	512	-1	1	1	0	none	-1	-	-	-	1	1	replay	none	464	3.9131
120	1788554416801761145	0x7f27a1e2f3b0	1	0dfa7fc3533697c4	bf4695d7b8bc75bc	1459	1	1	512	-1	1	1	0	none	-1	-	-	-	1	1	replay	none	462	3.7572
121	1788554416806353842	0x7f27a1e2f3b0	1	0dfa7fc3533697c4	bf4695d7b8bc75bc	1459	1	1	512	-1	1	1	0	none	-1	-	-	-	1	1	replay	none	463	3.7885
122	1788554416811151364	0x7f27a1e2f3b0	1	0dfa7fc3533697c4	bf4695d7b8bc75bc	1459	1	1	512	-1	1	1	0	none	-1	-	-	-	1	1	replay	none	465	3.7997
123	1788554416815749682	0x7f27a1e2f3b0	1	0dfa7fc3533697c4	bf4695d7b8bc75bc	1459	1	1	512	-1	1	1	0	none	-1	-	-	-	1	1	replay	none	464	3.9212
124	1788554416820526284	0x7f27a1e2f3b0	1	0dfa7fc3533697c4	bf4695d7b8bc75bc	1459	1	1	512	-1	1	1	0	none	-1	-	-	-	1	1	replay	none	462	3.7448
125	1788554416825131004	0x7f27a1e2f3b0	1	0dfa7fc3533697c4	bf4695d7b8bc75bc	1459	1	1	512	-1	1	1	0	none	-1	-	-	-	1	1	replay	none	467	3.7794
126	1788554416829908909	0x7f27a1e2f3b0	1	0dfa7fc3533697c4	bf4695d7b8bc75bc	1459	1	1	512	-1	1	1	0	none	-1	-	-	-	1	1	replay	none	468	3.8052
127	1788554416834505975	0x7f27a1e2f3b0	1	0dfa7fc3533697c4	bf4695d7b8bc75bc	1459	1	1	512	-1	1	1	0	none	-1	-	-	-	1	1	replay	none	462	3.9118
128	1788554416839336579	0x7f27a1e2f3b0	1	0dfa7fc3533697c4	bf4695d7b8bc75bc	1459	1	1	512	-1	1	1	0	none	-1	-	-	-	1	1	replay	none	583	3.7486
129	1788554416844095348	0x7f27a1e2f3b0	1	0dfa7fc3533697c4	bf4695d7b8bc75bc	1459	1	1	512	-1	1	1	0	none	-1	-	-	-	1	1	replay	none	505	3.7764
130	1788554416848802220	0x7f27a1e2f3b0	1	0dfa7fc3533697c4	bf4695d7b8bc75bc	1459	1	1	512	-1	1	1	0	none	-1	-	-	-	1	1	replay	none	484	3.7955
131	1788554416853410907	0x7f27a1e2f3b0	1	0dfa7fc3533697c4	bf4695d7b8bc75bc	1459	1	1	512	-1	1	1	0	none	-1	-	-	-	1	1	replay	none	462	3.8916
132	1788554417369023903	0x7f27a1e2f3b0	1	802ba1f19f5ea689	7d1f90516afcefd3	1459	4	1	256	-1	1	1	1	structure	0	GET_ROWS	model.input_embed	shape,data	1	0	direct	none	2498	4.9336
133	1788554417375837241	0x7f27a1e2f3b0	1	0dfa7fc3533697c4	bf4695d7b8bc75bc	1459	1	1	512	-1	1	1	1	structure	0	GET_ROWS	model.input_embed	shape,data	0	0	direct	none	2132	4.2180
134	1788554417381039243	0x7f27a1e2f3b0	1	0dfa7fc3533697c4	bf4695d7b8bc75bc	1459	1	1	512	-1	1	1	0	none	-1	-	-	-	0	1	capture	update	1624	4.9152
135	1788554417386871118	0x7f27a1e2f3b0	1	0dfa7fc3533697c4	bf4695d7b8bc75bc	1459	1	1	512	-1	1	1	0	none	-1	-	-	-	1	1	replay	none	509	3.7782
136	1788554417391486909	0x7f27a1e2f3b0	1	0dfa7fc3533697c4	bf4695d7b8bc75bc	1459	1	1	512	-1	1	1	0	none	-1	-	-	-	1	1	replay	none	491	3.9527
137	1788554417396330678	0x7f27a1e2f3b0	1	0dfa7fc3533697c4	bf4695d7b8bc75bc	1459	1	1	512	-1	1	1	0	none	-1	-	-	-	1	1	replay	none	469	4.0243
138	1788554417401226985	0x7f27a1e2f3b0	1	0dfa7fc3533697c4	bf4695d7b8bc75bc	1459	1	1	512	-1	1	1	0	none	-1	-	-	-	1	1	replay	none	470	3.7542
139	1788554417405882531	0x7f27a1e2f3b0	1	0dfa7fc3533697c4	bf4695d7b8bc75bc	1459	1	1	512	-1	1	1	0	none	-1	-	-	-	1	1	replay	none	506	3.7764
140	1788554417410494935	0x7f27a1e2f3b0	1	0dfa7fc3533697c4	bf4695d7b8bc75bc	1459	1	1	512	-1	1	1	0	none	-1	-	-	-	1	1	replay	none	535	4.0538
141	1788554417415360264	0x7f27a1e2f3b0	1	0dfa7fc3533697c4	bf4695d7b8bc75bc	1459	1	1	512	-1	1	1	0	none	-1	-	-	-	1	1	replay	none	471	3.9897
142	1788554417420218049	0x7f27a1e2f3b0	1	0dfa7fc3533697c4	bf4695d7b8bc75bc	1459	1	1	512	-1	1	1	0	none	-1	-	-	-	1	1	replay	none	469	3.7602
143	1788554417424909162	0x7f27a1e2f3b0	1	0dfa7fc3533697c4	bf4695d7b8bc75bc	1459	1	1	512	-1	1	1	0	none	-1	-	-	-	1	1	replay	none	467	3.7848
144	1788554417429513431	0x7f27a1e2f3b0	1	0dfa7fc3533697c4	bf4695d7b8bc75bc	1459	1	1	512	-1	1	1	0	none	-1	-	-	-	1	1	replay	none	509	3.9771
145	1788554417434336070	0x7f27a1e2f3b0	1	0dfa7fc3533697c4	bf4695d7b8bc75bc	1459	1	1	512	-1	1	1	0	none	-1	-	-	-	1	1	replay	none	509	3.9895
146	1788554417439246073	0x7f27a1e2f3b0	1	0dfa7fc3533697c4	bf4695d7b8bc75bc	1459	1	1	512	-1	1	1	0	none	-1	-	-	-	1	1	replay	none	476	3.7557
147	1788554417443948787	0x7f27a1e2f3b0	1	0dfa7fc3533697c4	bf4695d7b8bc75bc	1459	1	1	512	-1	1	1	0	none	-1	-	-	-	1	1	replay	none	474	3.7689
148	1788554417448631203	0x7f27a1e2f3b0	1	0dfa7fc3533697c4	bf4695d7b8bc75bc	1459	1	1	512	-1	1	1	0	none	-1	-	-	-	1	1	replay	none	470	3.9602
149	1788554417453390403	0x7f27a1e2f3b0	1	0dfa7fc3533697c4	bf4695d7b8bc75bc	1459	1	1	512	-1	1	1	0	none	-1	-	-	-	1	1	replay	none	466	3.8793
150	1788554417458130036	0x7f27a1e2f3b0	1	0dfa7fc3533697c4	bf4695d7b8bc75bc	1459	1	1	512	-1	1	1	0	none	-1	-	-	-	1	1	replay	none	472	3.7278
151	1788554417462794699	0x7f27a1e2f3b0	1	0dfa7fc3533697c4	bf4695d7b8bc75bc	1459	1	1	512	-1	1	1	0	none	-1	-	-	-	1	1	replay	none	466	3.7734
152	1788554417467471724	0x7f27a1e2f3b0	1	0dfa7fc3533697c4	bf4695d7b8bc75bc	1459	1	1	512	-1	1	1	0	none	-1	-	-	-	1	1	replay	none	473	3.9177
153	1788554417472186781	0x7f27a1e2f3b0	1	0dfa7fc3533697c4	bf4695d7b8bc75bc	1459	1	1	512	-1	1	1	0	none	-1	-	-	-	1	1	replay	none	470	3.8841
154	1788554417476950149	0x7f27a1e2f3b0	1	0dfa7fc3533697c4	bf4695d7b8bc75bc	1459	1	1	512	-1	1	1	0	none	-1	-	-	-	1	1	replay	none	476	3.7566
155	1788554417481618188	0x7f27a1e2f3b0	1	0dfa7fc3533697c4	bf4695d7b8bc75bc	1459	1	1	512	-1	1	1	0	none	-1	-	-	-	1	1	replay	none	468	3.7726
156	1788554417486295564	0x7f27a1e2f3b0	1	0dfa7fc3533697c4	bf4695d7b8bc75bc	1459	1	1	512	-1	1	1	0	none	-1	-	-	-	1	1	replay	none	567	3.7873
157	1788554417492457129	0x7f27a1e2f3b0	1	94dc22ce3d23b91b	34e8b5fc5449164a	1459	2	1	512	-1	1	1	1	structure	0	GET_ROWS	model.input_embed	shape,data	1	0	direct	none	2620	4.6996
158	1788554417497740393	0x7f27a1e2f3b0	1	d8f873be867a8271	9d5ddbb51ea8b0f9	1459	251	0	256	-1	1	1	1	structure	0	GET_ROWS	model.input_embed	shape,data	0	0	direct	none	3069	17.2123
159	1788554417522082800	0x7f27a1e2f3b0	1	79cc5f245f480542	4057f96d76cc09c7	1459	2	1	512	-1	1	1	1	structure	0	GET_ROWS	model.input_embed	shape,data	0	0	direct	none	2969	4.9828
160	1788554417527638967	0x7f27a1e2f3b0	1	bcd06391008a2d68	0aefe615f57b2327	1459	3	1	256	-1	1	1	1	structure	0	GET_ROWS	model.input_embed	shape,data	0	0	direct	none	2496	4.8945
161	1788554417534098932	0x7f27a1e2f3b0	1	d702fd6fe588b6cb	4057f96d76cc09c7	1459	2	2	512	-1	1	1	1	structure	0	GET_ROWS	model.input_embed	shape,data	0	0	direct	none	2447	4.9145
162	1788554417540239757	0x7f27a1e2f3b0	1	d702fd6fe588b6cb	4057f96d76cc09c7	1459	2	2	512	-1	1	1	0	none	-1	-	-	-	0	1	capture	reinstantiate	2819	6.6125
163	1788554417547906920	0x7f27a1e2f3b0	1	d702fd6fe588b6cb	4057f96d76cc09c7	1459	2	2	512	-1	1	1	0	none	-1	-	-	-	1	1	replay	none	496	4.2334
164	1788554417553249716	0x7f27a1e2f3b0	1	d702fd6fe588b6cb	4057f96d76cc09c7	1459	2	2	512	-1	1	1	0	none	-1	-	-	-	1	1	replay	none	474	4.1813
165	1788554417558526268	0x7f27a1e2f3b0	1	d702fd6fe588b6cb	4057f96d76cc09c7	1459	2	2	512	-1	1	1	0	none	-1	-	-	-	1	1	replay	none	469	4.2941
166	1788554417563907346	0x7f27a1e2f3b0	1	d702fd6fe588b6cb	4057f96d76cc09c7	1459	2	2	512	-1	1	1	0	none	-1	-	-	-	1	1	replay	none	472	4.0483
167	1788554417569131279	0x7f27a1e2f3b0	1	d702fd6fe588b6cb	4057f96d76cc09c7	1459	2	2	512	-1	1	1	0	none	-1	-	-	-	1	1	replay	none	477	4.2217
168	1788554417574496688	0x7f27a1e2f3b0	1	d702fd6fe588b6cb	4057f96d76cc09c7	1459	2	2	512	-1	1	1	0	none	-1	-	-	-	1	1	replay	none	527	4.1408
169	1788554417579844193	0x7f27a1e2f3b0	1	d702fd6fe588b6cb	4057f96d76cc09c7	1459	2	2	512	-1	1	1	0	none	-1	-	-	-	1	1	replay	none	467	4.1987
170	1788554417585083184	0x7f27a1e2f3b0	1	d702fd6fe588b6cb	4057f96d76cc09c7	1459	2	2	512	-1	1	1	0	none	-1	-	-	-	1	1	replay	none	470	4.2527
171	1788554417590485482	0x7f27a1e2f3b0	1	d702fd6fe588b6cb	4057f96d76cc09c7	1459	2	2	512	-1	1	1	0	none	-1	-	-	-	1	1	replay	none	466	4.2490
172	1788554417595834410	0x7f27a1e2f3b0	1	d702fd6fe588b6cb	4057f96d76cc09c7	1459	2	2	512	-1	1	1	0	none	-1	-	-	-	1	1	replay	none	468	4.1013
173	1788554417601223253	0x7f27a1e2f3b0	1	d702fd6fe588b6cb	4057f96d76cc09c7	1459	2	2	512	-1	1	1	0	none	-1	-	-	-	1	1	replay	none	551	4.0513
174	1788554417606613999	0x7f27a1e2f3b0	1	d702fd6fe588b6cb	4057f96d76cc09c7	1459	2	2	512	-1	1	1	0	none	-1	-	-	-	1	1	replay	none	472	4.0637
175	1788554417611785063	0x7f27a1e2f3b0	1	d702fd6fe588b6cb	4057f96d76cc09c7	1459	2	2	512	-1	1	1	0	none	-1	-	-	-	1	1	replay	none	534	4.3040
176	1788554417617206086	0x7f27a1e2f3b0	1	d702fd6fe588b6cb	4057f96d76cc09c7	1459	2	2	512	-1	1	1	0	none	-1	-	-	-	1	1	replay	none	484	4.1806
177	1788554417622534656	0x7f27a1e2f3b0	1	d702fd6fe588b6cb	4057f96d76cc09c7	1459	2	2	512	-1	1	1	0	none	-1	-	-	-	1	1	replay	none	470	4.1893
178	1788554417627829692	0x7f27a1e2f3b0	1	d702fd6fe588b6cb	4057f96d76cc09c7	1459	2	2	512	-1	1	1	0	none	-1	-	-	-	1	1	replay	none	480	4.0401
179	1788554417632989094	0x7f27a1e2f3b0	1	d702fd6fe588b6cb	4057f96d76cc09c7	1459	2	2	512	-1	1	1	0	none	-1	-	-	-	1	1	replay	none	475	4.0572
180	1788554417638150820	0x7f27a1e2f3b0	1	d702fd6fe588b6cb	4057f96d76cc09c7	1459	2	2	512	-1	1	1	0	none	-1	-	-	-	1	1	replay	none	472	4.0496
181	1788554417643408387	0x7f27a1e2f3b0	1	d702fd6fe588b6cb	4057f96d76cc09c7	1459	2	2	512	-1	1	1	0	none	-1	-	-	-	1	1	replay	none	469	4.1293
182	1788554417648596693	0x7f27a1e2f3b0	1	d702fd6fe588b6cb	4057f96d76cc09c7	1459	2	2	512	-1	1	1	0	none	-1	-	-	-	1	1	replay	none	471	4.2701
183	1788554417653968393	0x7f27a1e2f3b0	1	d702fd6fe588b6cb	4057f96d76cc09c7	1459	2	2	512	-1	1	1	0	none	-1	-	-	-	1	1	replay	none	471	4.1695
184	1788554417659236409	0x7f27a1e2f3b0	1	d702fd6fe588b6cb	4057f96d76cc09c7	1459	2	2	512	-1	1	1	0	none	-1	-	-	-	1	1	replay	none	486	4.0288
185	1788554417664379991	0x7f27a1e2f3b0	1	d702fd6fe588b6cb	4057f96d76cc09c7	1459	2	2	512	-1	1	1	0	none	-1	-	-	-	1	1	replay	none	468	4.0574
186	1788554417669558118	0x7f27a1e2f3b0	1	d702fd6fe588b6cb	4057f96d76cc09c7	1459	2	2	512	-1	1	1	0	none	-1	-	-	-	1	1	replay	none	467	4.0484
187	1788554417674932734	0x7f27a1e2f3b0	1	d702fd6fe588b6cb	4057f96d76cc09c7	1459	2	2	512	-1	1	1	0	none	-1	-	-	-	1	1	replay	none	582	4.2624
188	1788554417680364047	0x7f27a1e2f3b0	1	d702fd6fe588b6cb	4057f96d76cc09c7	1459	2	2	512	-1	1	1	0	none	-1	-	-	-	1	1	replay	none	485	4.3739
189	1788554417687301058	0x7f27a1e2f3b0	1	d702fd6fe588b6cb	4057f96d76cc09c7	1459	2	2	512	-1	1	1	0	none	-1	-	-	-	1	1	replay	none	478	4.1843
190	1788554417692532946	0x7f27a1e2f3b0	1	d702fd6fe588b6cb	4057f96d76cc09c7	1459	2	2	512	-1	1	1	0	none	-1	-	-	-	1	1	replay	none	468	4.2954
191	1788554417697918693	0x7f27a1e2f3b0	1	d702fd6fe588b6cb	4057f96d76cc09c7	1459	2	2	512	-1	1	1	0	none	-1	-	-	-	1	1	replay	none	475	4.2594
192	1788554417703847370	0x7f27a1e2f3b0	1	0dfa7fc3533697c4	bf4695d7b8bc75bc	1459	1	1	512	-1	1	1	1	structure	0	GET_ROWS	model.input_embed	shape,data	1	0	direct	none	2414	4.4417
193	1788554417709147466	0x7f27a1e2f3b0	1	0dfa7fc3533697c4	bf4695d7b8bc75bc	1459	1	1	512	-1	1	1	0	none	-1	-	-	-	0	1	capture	reinstantiate	2688	6.2401
194	1788554417716271468	0x7f27a1e2f3b0	1	0dfa7fc3533697c4	bf4695d7b8bc75bc	1459	1	1	512	-1	1	1	0	none	-1	-	-	-	1	1	replay	none	476	3.9700
195	1788554417721138741	0x7f27a1e2f3b0	1	0dfa7fc3533697c4	bf4695d7b8bc75bc	1459	1	1	512	-1	1	1	0	none	-1	-	-	-	1	1	replay	none	481	3.7695
196	1788554417725779428	0x7f27a1e2f3b0	1	0dfa7fc3533697c4	bf4695d7b8bc75bc	1459	1	1	512	-1	1	1	0	none	-1	-	-	-	1	1	replay	none	470	3.7727
197	1788554417730347830	0x7f27a1e2f3b0	1	0dfa7fc3533697c4	bf4695d7b8bc75bc	1459	1	1	512	-1	1	1	0	none	-1	-	-	-	1	1	replay	none	485	3.9823
198	1788554417735136706	0x7f27a1e2f3b0	1	0dfa7fc3533697c4	bf4695d7b8bc75bc	1459	1	1	512	-1	1	1	0	none	-1	-	-	-	1	1	replay	none	468	3.8800
199	1788554417739857935	0x7f27a1e2f3b0	1	0dfa7fc3533697c4	bf4695d7b8bc75bc	1459	1	1	512	-1	1	1	0	none	-1	-	-	-	1	1	replay	none	465	3.7722
200	1788554417744468776	0x7f27a1e2f3b0	1	0dfa7fc3533697c4	bf4695d7b8bc75bc	1459	1	1	512	-1	1	1	0	none	-1	-	-	-	1	1	replay	none	464	3.7737
201	1788554417749027409	0x7f27a1e2f3b0	1	0dfa7fc3533697c4	bf4695d7b8bc75bc	1459	1	1	512	-1	1	1	0	none	-1	-	-	-	1	1	replay	none	465	3.9524
202	1788554417753791388	0x7f27a1e2f3b0	1	0dfa7fc3533697c4	bf4695d7b8bc75bc	1459	1	1	512	-1	1	1	0	none	-1	-	-	-	1	1	replay	none	468	3.8786
203	1788554417758514510	0x7f27a1e2f3b0	1	0dfa7fc3533697c4	bf4695d7b8bc75bc	1459	1	1	512	-1	1	1	0	none	-1	-	-	-	1	1	replay	none	499	3.7828
204	1788554417763163263	0x7f27a1e2f3b0	1	0dfa7fc3533697c4	bf4695d7b8bc75bc	1459	1	1	512	-1	1	1	0	none	-1	-	-	-	1	1	replay	none	472	3.7644
205	1788554417767722768	0x7f27a1e2f3b0	1	0dfa7fc3533697c4	bf4695d7b8bc75bc	1459	1	1	512	-1	1	1	0	none	-1	-	-	-	1	1	replay	none	465	4.0605
206	1788554417772574792	0x7f27a1e2f3b0	1	0dfa7fc3533697c4	bf4695d7b8bc75bc	1459	1	1	512	-1	1	1	0	none	-1	-	-	-	1	1	replay	none	464	3.9666
207	1788554417777466471	0x7f27a1e2f3b0	1	0dfa7fc3533697c4	bf4695d7b8bc75bc	1459	1	1	512	-1	1	1	0	none	-1	-	-	-	1	1	replay	none	553	3.7730
208	1788554417782170037	0x7f27a1e2f3b0	1	0dfa7fc3533697c4	bf4695d7b8bc75bc	1459	1	1	512	-1	1	1	0	none	-1	-	-	-	1	1	replay	none	467	3.7640
209	1788554417786717319	0x7f27a1e2f3b0	1	0dfa7fc3533697c4	bf4695d7b8bc75bc	1459	1	1	512	-1	1	1	0	none	-1	-	-	-	1	1	replay	none	462	3.9934
210	1788554417791492218	0x7f27a1e2f3b0	1	0dfa7fc3533697c4	bf4695d7b8bc75bc	1459	1	1	512	-1	1	1	0	none	-1	-	-	-	1	1	replay	none	461	3.8741
211	1788554417796203749	0x7f27a1e2f3b0	1	0dfa7fc3533697c4	bf4695d7b8bc75bc	1459	1	1	512	-1	1	1	0	none	-1	-	-	-	1	1	replay	none	465	3.7517
212	1788554417800794041	0x7f27a1e2f3b0	1	0dfa7fc3533697c4	bf4695d7b8bc75bc	1459	1	1	512	-1	1	1	0	none	-1	-	-	-	1	1	replay	none	462	3.7708
213	1788554417805359477	0x7f27a1e2f3b0	1	0dfa7fc3533697c4	bf4695d7b8bc75bc	1459	1	1	512	-1	1	1	0	none	-1	-	-	-	1	1	replay	none	464	4.0001
214	1788554417810153633	0x7f27a1e2f3b0	1	0dfa7fc3533697c4	bf4695d7b8bc75bc	1459	1	1	512	-1	1	1	0	none	-1	-	-	-	1	1	replay	none	466	3.8841
215	1788554417814882947	0x7f27a1e2f3b0	1	0dfa7fc3533697c4	bf4695d7b8bc75bc	1459	1	1	512	-1	1	1	0	none	-1	-	-	-	1	1	replay	none	465	3.7648
216	1788554417819522763	0x7f27a1e2f3b0	1	0dfa7fc3533697c4	bf4695d7b8bc75bc	1459	1	1	512	-1	1	1	0	none	-1	-	-	-	1	1	replay	none	467	3.7927
217	1788554417824126661	0x7f27a1e2f3b0	1	0dfa7fc3533697c4	bf4695d7b8bc75bc	1459	1	1	512	-1	1	1	0	none	-1	-	-	-	1	1	replay	none	469	3.9756
218	1788554417828911139	0x7f27a1e2f3b0	1	0dfa7fc3533697c4	bf4695d7b8bc75bc	1459	1	1	512	-1	1	1	0	none	-1	-	-	-	1	1	replay	none	472	3.9594
219	1788554417833713059	0x7f27a1e2f3b0	1	0dfa7fc3533697c4	bf4695d7b8bc75bc	1459	1	1	512	-1	1	1	0	none	-1	-	-	-	1	1	replay	none	463	3.7540
220	1788554417838295627	0x7f27a1e2f3b0	1	0dfa7fc3533697c4	bf4695d7b8bc75bc	1459	1	1	512	-1	1	1	0	none	-1	-	-	-	1	1	replay	none	464	3.7591
221	1788554417842843921	0x7f27a1e2f3b0	1	0dfa7fc3533697c4	bf4695d7b8bc75bc	1459	1	1	512	-1	1	1	0	none	-1	-	-	-	1	1	replay	none	462	3.9792
222	1788554417847603983	0x7f27a1e2f3b0	1	0dfa7fc3533697c4	bf4695d7b8bc75bc	1459	1	1	512	-1	1	1	0	none	-1	-	-	-	1	1	replay	none	463	3.9104
223	1788554417852351160	0x7f27a1e2f3b0	1	0dfa7fc3533697c4	bf4695d7b8bc75bc	1459	1	1	512	-1	1	1	0	none	-1	-	-	-	1	1	replay	none	461	3.7642
224	1788554417856950059	0x7f27a1e2f3b0	1	0dfa7fc3533697c4	bf4695d7b8bc75bc	1459	1	1	512	-1	1	1	0	none	-1	-	-	-	1	1	replay	none	491	3.7902
225	1788554417861548738	0x7f27a1e2f3b0	1	0dfa7fc3533697c4	bf4695d7b8bc75bc	1459	1	1	512	-1	1	1	0	none	-1	-	-	-	1	1	replay	none	472	3.9673
226	1788554417866320151	0x7f27a1e2f3b0	1	0dfa7fc3533697c4	bf4695d7b8bc75bc	1459	1	1	512	-1	1	1	0	none	-1	-	-	-	1	1	replay	none	468	3.8934
227	1788554417871071115	0x7f27a1e2f3b0	1	0dfa7fc3533697c4	bf4695d7b8bc75bc	1459	1	1	512	-1	1	1	0	none	-1	-	-	-	1	1	replay	none	470	3.7637
228	1788554417875698528	0x7f27a1e2f3b0	1	0dfa7fc3533697c4	bf4695d7b8bc75bc	1459	1	1	512	-1	1	1	0	none	-1	-	-	-	1	1	replay	none	467	3.7724
229	1788554417880271418	0x7f27a1e2f3b0	1	0dfa7fc3533697c4	bf4695d7b8bc75bc	1459	1	1	512	-1	1	1	0	none	-1	-	-	-	1	1	replay	none	469	3.9394
230	1788554417885015740	0x7f27a1e2f3b0	1	0dfa7fc3533697c4	bf4695d7b8bc75bc	1459	1	1	512	-1	1	1	0	none	-1	-	-	-	1	1	replay	none	468	3.9072
231	1788554417889766955	0x7f27a1e2f3b0	1	0dfa7fc3533697c4	bf4695d7b8bc75bc	1459	1	1	512	-1	1	1	0	none	-1	-	-	-	1	1	replay	none	463	3.7603
232	1788554417894450282	0x7f27a1e2f3b0	1	0dfa7fc3533697c4	bf4695d7b8bc75bc	1459	1	1	512	-1	1	1	0	none	-1	-	-	-	1	1	replay	none	474	3.7711
233	1788554417899034714	0x7f27a1e2f3b0	1	0dfa7fc3533697c4	bf4695d7b8bc75bc	1459	1	1	512	-1	1	1	0	none	-1	-	-	-	1	1	replay	none	495	4.0634
234	1788554417903932284	0x7f27a1e2f3b0	1	0dfa7fc3533697c4	bf4695d7b8bc75bc	1459	1	1	512	-1	1	1	0	none	-1	-	-	-	1	1	replay	none	473	3.9004
235	1788554417908705129	0x7f27a1e2f3b0	1	0dfa7fc3533697c4	bf4695d7b8bc75bc	1459	1	1	512	-1	1	1	0	none	-1	-	-	-	1	1	replay	none	468	3.7699
236	1788554417913336109	0x7f27a1e2f3b0	1	0dfa7fc3533697c4	bf4695d7b8bc75bc	1459	1	1	512	-1	1	1	0	none	-1	-	-	-	1	1	replay	none	467	3.7737
237	1788554417917907165	0x7f27a1e2f3b0	1	0dfa7fc3533697c4	bf4695d7b8bc75bc	1459	1	1	512	-1	1	1	0	none	-1	-	-	-	1	1	replay	none	529	3.9564
238	1788554417922781331	0x7f27a1e2f3b0	1	0dfa7fc3533697c4	bf4695d7b8bc75bc	1459	1	1	512	-1	1	1	0	none	-1	-	-	-	1	1	replay	none	474	3.9644
239	1788554417927617987	0x7f27a1e2f3b0	1	0dfa7fc3533697c4	bf4695d7b8bc75bc	1459	1	1	512	-1	1	1	0	none	-1	-	-	-	1	1	replay	none	537	3.8174
240	1788554417932303789	0x7f27a1e2f3b0	1	0dfa7fc3533697c4	bf4695d7b8bc75bc	1459	1	1	512	-1	1	1	0	none	-1	-	-	-	1	1	replay	none	476	3.7712
241	1788554417936901105	0x7f27a1e2f3b0	1	0dfa7fc3533697c4	bf4695d7b8bc75bc	1459	1	1	512	-1	1	1	0	none	-1	-	-	-	1	1	replay	none	474	4.0320
242	1788554417941741768	0x7f27a1e2f3b0	1	0dfa7fc3533697c4	bf4695d7b8bc75bc	1459	1	1	512	-1	1	1	0	none	-1	-	-	-	1	1	replay	none	466	3.9604
243	1788554417946560460	0x7f27a1e2f3b0	1	0dfa7fc3533697c4	bf4695d7b8bc75bc	1459	1	1	512	-1	1	1	0	none	-1	-	-	-	1	1	replay	none	469	3.7399
244	1788554417951164418	0x7f27a1e2f3b0	1	0dfa7fc3533697c4	bf4695d7b8bc75bc	1459	1	1	512	-1	1	1	0	none	-1	-	-	-	1	1	replay	none	478	3.7523
245	1788554417955806308	0x7f27a1e2f3b0	1	0dfa7fc3533697c4	bf4695d7b8bc75bc	1459	1	1	512	-1	1	1	0	none	-1	-	-	-	1	1	replay	none	464	3.8258
246	1788554417960461963	0x7f27a1e2f3b0	1	0dfa7fc3533697c4	bf4695d7b8bc75bc	1459	1	1	512	-1	1	1	0	none	-1	-	-	-	1	1	replay	none	472	3.9594
247	1788554417965285144	0x7f27a1e2f3b0	1	0dfa7fc3533697c4	bf4695d7b8bc75bc	1459	1	1	512	-1	1	1	0	none	-1	-	-	-	1	1	replay	none	475	3.7393
248	1788554417969879434	0x7f27a1e2f3b0	1	0dfa7fc3533697c4	bf4695d7b8bc75bc	1459	1	1	512	-1	1	1	0	none	-1	-	-	-	1	1	replay	none	467	3.7670
249	1788554417974580685	0x7f27a1e2f3b0	1	0dfa7fc3533697c4	bf4695d7b8bc75bc	1459	1	1	512	-1	1	1	0	none	-1	-	-	-	1	1	replay	none	471	4.0211
250	1788554417979409025	0x7f27a1e2f3b0	1	0dfa7fc3533697c4	bf4695d7b8bc75bc	1459	1	1	512	-1	1	1	0	none	-1	-	-	-	1	1	replay	none	467	3.8947
251	1788554417984183894	0x7f27a1e2f3b0	1	0dfa7fc3533697c4	bf4695d7b8bc75bc	1459	1	1	512	-1	1	1	0	none	-1	-	-	-	1	1	replay	none	473	3.7423
252	1788554417988993299	0x7f27a1e2f3b0	1	0dfa7fc3533697c4	bf4695d7b8bc75bc	1459	1	1	512	-1	1	1	0	none	-1	-	-	-	1	1	replay	none	499	3.7695
253	1788554417993697415	0x7f27a1e2f3b0	1	0dfa7fc3533697c4	bf4695d7b8bc75bc	1459	1	1	512	-1	1	1	0	none	-1	-	-	-	1	1	replay	none	481	3.8436
254	1788554417998425537	0x7f27a1e2f3b0	1	0dfa7fc3533697c4	bf4695d7b8bc75bc	1459	1	1	512	-1	1	1	0	none	-1	-	-	-	1	1	replay	none	479	3.8899
255	1788554418003320171	0x7f27a1e2f3b0	1	0dfa7fc3533697c4	bf4695d7b8bc75bc	1459	1	1	512	-1	1	1	0	none	-1	-	-	-	1	1	replay	none	478	3.9984
256	1788554418008187514	0x7f27a1e2f3b0	1	0dfa7fc3533697c4	bf4695d7b8bc75bc	1459	1	1	512	-1	1	1	0	none	-1	-	-	-	1	1	replay	none	470	3.7540
257	1788554418012797174	0x7f27a1e2f3b0	1	0dfa7fc3533697c4	bf4695d7b8bc75bc	1459	1	1	512	-1	1	1	0	none	-1	-	-	-	1	1	replay	none	465	3.7738
258	1788554418017371086	0x7f27a1e2f3b0	1	0dfa7fc3533697c4	bf4695d7b8bc75bc	1459	1	1	512	-1	1	1	0	none	-1	-	-	-	1	1	replay	none	463	3.9408
259	1788554418022150534	0x7f27a1e2f3b0	1	0dfa7fc3533697c4	bf4695d7b8bc75bc	1459	1	1	512	-1	1	1	0	none	-1	-	-	-	1	1	replay	none	467	3.9872
260	1788554418026983482	0x7f27a1e2f3b0	1	0dfa7fc3533697c4	bf4695d7b8bc75bc	1459	1	1	512	-1	1	1	0	none	-1	-	-	-	1	1	replay	none	464	3.7435
261	1788554418031596908	0x7f27a1e2f3b0	1	0dfa7fc3533697c4	bf4695d7b8bc75bc	1459	1	1	512	-1	1	1	0	none	-1	-	-	-	1	1	replay	none	478	3.7734
262	1788554418546297740	0x7f27a1e2f3b0	1	802ba1f19f5ea689	7d1f90516afcefd3	1459	4	1	256	-1	1	1	1	structure	0	GET_ROWS	model.input_embed	shape,data	1	0	direct	none	2585	4.9074
263	1788554418552641317	0x7f27a1e2f3b0	1	0dfa7fc3533697c4	bf4695d7b8bc75bc	1459	1	1	512	-1	1	1	1	structure	0	GET_ROWS	model.input_embed	shape,data	0	0	direct	none	2160	4.2045
264	1788554418557720979	0x7f27a1e2f3b0	1	0dfa7fc3533697c4	bf4695d7b8bc75bc	1459	1	1	512	-1	1	1	0	none	-1	-	-	-	0	1	capture	update	1656	4.9542
265	1788554418563551571	0x7f27a1e2f3b0	1	0dfa7fc3533697c4	bf4695d7b8bc75bc	1459	1	1	512	-1	1	1	0	none	-1	-	-	-	1	1	replay	none	477	3.7717
266	1788554418568135452	0x7f27a1e2f3b0	1	0dfa7fc3533697c4	bf4695d7b8bc75bc	1459	1	1	512	-1	1	1	0	none	-1	-	-	-	1	1	replay	none	473	4.1326
267	1788554418573069450	0x7f27a1e2f3b0	1	0dfa7fc3533697c4	bf4695d7b8bc75bc	1459	1	1	512	-1	1	1	0	none	-1	-	-	-	1	1	replay	none	474	3.9817
268	1788554418577901367	0x7f27a1e2f3b0	1	0dfa7fc3533697c4	bf4695d7b8bc75bc	1459	1	1	512	-1	1	1	0	none	-1	-	-	-	1	1	replay	none	474	3.7490
269	1788554418582502650	0x7f27a1e2f3b0	1	0dfa7fc3533697c4	bf4695d7b8bc75bc	1459	1	1	512	-1	1	1	0	none	-1	-	-	-	1	1	replay	none	467	3.7521
270	1788554418587044833	0x7f27a1e2f3b0	1	0dfa7fc3533697c4	bf4695d7b8bc75bc	1459	1	1	512	-1	1	1	0	none	-1	-	-	-	1	1	replay	none	469	4.0323
271	1788554418591914600	0x7f27a1e2f3b0	1	0dfa7fc3533697c4	bf4695d7b8bc75bc	1459	1	1	512	-1	1	1	0	none	-1	-	-	-	1	1	replay	none	470	3.9806
272	1788554418596736668	0x7f27a1e2f3b0	1	0dfa7fc3533697c4	bf4695d7b8bc75bc	1459	1	1	512	-1	1	1	0	none	-1	-	-	-	1	1	replay	none	466	3.7420
273	1788554418601309298	0x7f27a1e2f3b0	1	0dfa7fc3533697c4	bf4695d7b8bc75bc	1459	1	1	512	-1	1	1	0	none	-1	-	-	-	1	1	replay	none	471	3.7574
274	1788554418605856961	0x7f27a1e2f3b0	1	0dfa7fc3533697c4	bf4695d7b8bc75bc	1459	1	1	512	-1	1	1	0	none	-1	-	-	-	1	1	replay	none	468	4.0392
275	1788554418610744702	0x7f27a1e2f3b0	1	0dfa7fc3533697c4	bf4695d7b8bc75bc	1459	1	1	512	-1	1	1	0	none	-1	-	-	-	1	1	replay	none	479	3.9615
276	1788554418615563284	0x7f27a1e2f3b0	1	0dfa7fc3533697c4	bf4695d7b8bc75bc	1459	1	1	512	-1	1	1	0	none	-1	-	-	-	1	1	replay	none	473	3.7346
277	1788554418620140432	0x7f27a1e2f3b0	1	0dfa7fc3533697c4	bf4695d7b8bc75bc	1459	1	1	512	-1	1	1	0	none	-1	-	-	-	1	1	replay	none	472	3.7559
278	1788554418624696951	0x7f27a1e2f3b0	1	0dfa7fc3533697c4	bf4695d7b8bc75bc	1459	1	1	512	-1	1	1	0	none	-1	-	-	-	1	1	replay	none	468	4.0110
279	1788554418629548785	0x7f27a1e2f3b0	1	0dfa7fc3533697c4	bf4695d7b8bc75bc	1459	1	1	512	-1	1	1	0	none	-1	-	-	-	1	1	replay	none	467	3.9810
280	1788554418634372887	0x7f27a1e2f3b0	1	0dfa7fc3533697c4	bf4695d7b8bc75bc	1459	1	1	512	-1	1	1	0	none	-1	-	-	-	1	1	replay	none	470	3.8468
281	1788554418639056846	0x7f27a1e2f3b0	1	0dfa7fc3533697c4	bf4695d7b8bc75bc	1459	1	1	512	-1	1	1	0	none	-1	-	-	-	1	1	replay	none	468	3.7835
282	1788554418643667657	0x7f27a1e2f3b0	1	0dfa7fc3533697c4	bf4695d7b8bc75bc	1459	1	1	512	-1	1	1	0	none	-1	-	-	-	1	1	replay	none	477	5.6468
283	1788554418650195940	0x7f27a1e2f3b0	1	0dfa7fc3533697c4	bf4695d7b8bc75bc	1459	1	1	512	-1	1	1	0	none	-1	-	-	-	1	1	replay	none	547	4.0354
284	1788554418655127514	0x7f27a1e2f3b0	1	0dfa7fc3533697c4	bf4695d7b8bc75bc	1459	1	1	512	-1	1	1	0	none	-1	-	-	-	1	1	replay	none	488	4.0145
285	1788554418660027559	0x7f27a1e2f3b0	1	0dfa7fc3533697c4	bf4695d7b8bc75bc	1459	1	1	512	-1	1	1	0	none	-1	-	-	-	1	1	replay	none	490	3.7237
286	1788554418664633140	0x7f27a1e2f3b0	1	0dfa7fc3533697c4	bf4695d7b8bc75bc	1459	1	1	512	-1	1	1	0	none	-1	-	-	-	1	1	replay	none	470	3.7516
287	1788554418670030860	0x7f27a1e2f3b0	1	94dc22ce3d23b91b	34e8b5fc5449164a	1459	2	1	512	-1	1	1	1	structure	0	GET_ROWS	model.input_embed	shape,data	1	0	direct	none	2649	4.6772
288	1788554418675284709	0x7f27a1e2f3b0	1	d8f873be867a8271	9d5ddbb51ea8b0f9	1459	251	0	256	-1	1	1	1	structure	0	GET_ROWS	model.input_embed	shape,data	0	0	direct	none	3242	16.9475
289	1788554418696787802	0x7f27a1e2f3b0	1	79cc5f245f480542	4057f96d76cc09c7	1459	2	1	512	-1	1	1	1	structure	0	GET_ROWS	model.input_embed	shape,data	0	0	direct	none	2417	4.8538
290	1788554418702273627	0x7f27a1e2f3b0	1	bcd06391008a2d68	0aefe615f57b2327	1459	3	1	256	-1	1	1	1	structure	0	GET_ROWS	model.input_embed	shape,data	0	0	direct	none	2444	4.8269
291	1788554418708687335	0x7f27a1e2f3b0	1	d702fd6fe588b6cb	4057f96d76cc09c7	1459	2	2	512	-1	1	1	1	structure	0	GET_ROWS	model.input_embed	shape,data	0	0	direct	none	2465	5.1475
292	1788554418714932887	0x7f27a1e2f3b0	1	d702fd6fe588b6cb	4057f96d76cc09c7	1459	2	2	512	-1	1	1	0	none	-1	-	-	-	0	1	capture	reinstantiate	2745	6.4492
293	1788554418722484132	0x7f27a1e2f3b0	1	d702fd6fe588b6cb	4057f96d76cc09c7	1459	2	2	512	-1	1	1	0	none	-1	-	-	-	1	1	replay	none	474	4.0206
294	1788554418727612936	0x7f27a1e2f3b0	1	d702fd6fe588b6cb	4057f96d76cc09c7	1459	2	2	512	-1	1	1	0	none	-1	-	-	-	1	1	replay	none	470	4.0710
295	1788554418732773049	0x7f27a1e2f3b0	1	d702fd6fe588b6cb	4057f96d76cc09c7	1459	2	2	512	-1	1	1	0	none	-1	-	-	-	1	1	replay	none	468	4.0509
296	1788554418737849665	0x7f27a1e2f3b0	1	d702fd6fe588b6cb	4057f96d76cc09c7	1459	2	2	512	-1	1	1	0	none	-1	-	-	-	1	1	replay	none	466	4.3385
297	1788554418743206358	0x7f27a1e2f3b0	1	d702fd6fe588b6cb	4057f96d76cc09c7	1459	2	2	512	-1	1	1	0	none	-1	-	-	-	1	1	replay	none	468	4.3075
298	1788554418748595551	0x7f27a1e2f3b0	1	d702fd6fe588b6cb	4057f96d76cc09c7	1459	2	2	512	-1	1	1	0	none	-1	-	-	-	1	1	replay	none	466	4.1935
299	1788554418753876301	0x7f27a1e2f3b0	1	d702fd6fe588b6cb	4057f96d76cc09c7	1459	2	2	512	-1	1	1	0	none	-1	-	-	-	1	1	replay	none	468	4.0345
300	1788554418759007500	0x7f27a1e2f3b0	1	d702fd6fe588b6cb	4057f96d76cc09c7	1459	2	2	512	-1	1	1	0	none	-1	-	-	-	1	1	replay	none	552	4.0464
301	1788554418764227826	0x7f27a1e2f3b0	1	d702fd6fe588b6cb	4057f96d76cc09c7	1459	2	2	512	-1	1	1	0	none	-1	-	-	-	1	1	replay	none	476	4.0534
302	1788554418769379223	0x7f27a1e2f3b0	1	d702fd6fe588b6cb	4057f96d76cc09c7	1459	2	2	512	-1	1	1	0	none	-1	-	-	-	1	1	replay	none	468	4.0993
303	1788554418774505032	0x7f27a1e2f3b0	1	d702fd6fe588b6cb	4057f96d76cc09c7	1459	2	2	512	-1	1	1	0	none	-1	-	-	-	1	1	replay	none	475	4.2448
304	1788554418779847958	0x7f27a1e2f3b0	1	d702fd6fe588b6cb	4057f96d76cc09c7	1459	2	2	512	-1	1	1	0	none	-1	-	-	-	1	1	replay	none	470	4.2244
305	1788554418785167411	0x7f27a1e2f3b0	1	d702fd6fe588b6cb	4057f96d76cc09c7	1459	2	2	512	-1	1	1	0	none	-1	-	-	-	1	1	replay	none	474	4.0216
306	1788554418790295604	0x7f27a1e2f3b0	1	d702fd6fe588b6cb	4057f96d76cc09c7	1459	2	2	512	-1	1	1	0	none	-1	-	-	-	1	1	replay	none	478	4.0422
307	1788554418795445918	0x7f27a1e2f3b0	1	d702fd6fe588b6cb	4057f96d76cc09c7	1459	2	2	512	-1	1	1	0	none	-1	-	-	-	1	1	replay	none	471	4.0526
308	1788554418800623855	0x7f27a1e2f3b0	1	d702fd6fe588b6cb	4057f96d76cc09c7	1459	2	2	512	-1	1	1	0	none	-1	-	-	-	1	1	replay	none	530	4.1110
309	1788554418805843139	0x7f27a1e2f3b0	1	d702fd6fe588b6cb	4057f96d76cc09c7	1459	2	2	512	-1	1	1	0	none	-1	-	-	-	1	1	replay	none	471	4.2330
310	1788554418811187949	0x7f27a1e2f3b0	1	d702fd6fe588b6cb	4057f96d76cc09c7	1459	2	2	512	-1	1	1	0	none	-1	-	-	-	1	1	replay	none	475	4.2944
311	1788554418816585889	0x7f27a1e2f3b0	1	d702fd6fe588b6cb	4057f96d76cc09c7	1459	2	2	512	-1	1	1	0	none	-1	-	-	-	1	1	replay	none	472	4.2718
312	1788554418821958892	0x7f27a1e2f3b0	1	d702fd6fe588b6cb	4057f96d76cc09c7	1459	2	2	512	-1	1	1	0	none	-1	-	-	-	1	1	replay	none	471	4.0328
313	1788554418827084060	0x7f27a1e2f3b0	1	d702fd6fe588b6cb	4057f96d76cc09c7	1459	2	2	512	-1	1	1	0	none	-1	-	-	-	1	1	replay	none	470	4.0681
314	1788554418832366723	0x7f27a1e2f3b0	1	d702fd6fe588b6cb	4057f96d76cc09c7	1459	2	2	512	-1	1	1	0	none	-1	-	-	-	1	1	replay	none	467	4.0689
315	1788554418837462025	0x7f27a1e2f3b0	1	d702fd6fe588b6cb	4057f96d76cc09c7	1459	2	2	512	-1	1	1	0	none	-1	-	-	-	1	1	replay	none	465	4.2293
316	1788554418842787919	0x7f27a1e2f3b0	1	d702fd6fe588b6cb	4057f96d76cc09c7	1459	2	2	512	-1	1	1	0	none	-1	-	-	-	1	1	replay	none	467	4.2716
317	1788554418848149361	0x7f27a1e2f3b0	1	d702fd6fe588b6cb	4057f96d76cc09c7	1459	2	2	512	-1	1	1	0	none	-1	-	-	-	1	1	replay	none	475	4.2421
318	1788554418853505782	0x7f27a1e2f3b0	1	d702fd6fe588b6cb	4057f96d76cc09c7	1459	2	2	512	-1	1	1	0	none	-1	-	-	-	1	1	replay	none	468	4.0221
319	1788554418858731709	0x7f27a1e2f3b0	1	d702fd6fe588b6cb	4057f96d76cc09c7	1459	2	2	512	-1	1	1	0	none	-1	-	-	-	1	1	replay	none	479	4.0683
320	1788554418863971652	0x7f27a1e2f3b0	1	d702fd6fe588b6cb	4057f96d76cc09c7	1459	2	2	512	-1	1	1	0	none	-1	-	-	-	1	1	replay	none	476	4.0491
321	1788554418869286797	0x7f27a1e2f3b0	1	d702fd6fe588b6cb	4057f96d76cc09c7	1459	2	2	512	-1	1	1	0	none	-1	-	-	-	1	1	replay	none	477	4.1249
322	1788554418874968109	0x7f27a1e2f3b0	1	0dfa7fc3533697c4	bf4695d7b8bc75bc	1459	1	1	512	-1	1	1	1	structure	0	GET_ROWS	model.input_embed	shape,data	1	0	direct	none	2226	4.4462
323	1788554418880217159	0x7f27a1e2f3b0	1	0dfa7fc3533697c4	bf4695d7b8bc75bc	1459	1	1	512	-1	1	1	0	none	-1	-	-	-	0	1	capture	reinstantiate	2631	5.9755
324	1788554418887004509	0x7f27a1e2f3b0	1	0dfa7fc3533697c4	bf4695d7b8bc75bc	1459	1	1	512	-1	1	1	0	none	-1	-	-	-	1	1	replay	none	475	4.0217
325	1788554418891871381	0x7f27a1e2f3b0	1	0dfa7fc3533697c4	bf4695d7b8bc75bc	1459	1	1	512	-1	1	1	0	none	-1	-	-	-	1	1	replay	none	469	3.9063
326	1788554418896634278	0x7f27a1e2f3b0	1	0dfa7fc3533697c4	bf4695d7b8bc75bc	1459	1	1	512	-1	1	1	0	none	-1	-	-	-	1	1	replay	none	471	3.7569
327	1788554418901239769	0x7f27a1e2f3b0	1	0dfa7fc3533697c4	bf4695d7b8bc75bc	1459	1	1	512	-1	1	1	0	none	-1	-	-	-	1	1	replay	none	474	3.9824
328	1788554418906022544	0x7f27a1e2f3b0	1	0dfa7fc3533697c4	bf4695d7b8bc75bc	1459	1	1	512	-1	1	1	0	none	-1	-	-	-	1	1	replay	none	473	4.0383
329	1788554418910917970	0x7f27a1e2f3b0	1	0dfa7fc3533697c4	bf4695d7b8bc75bc	1459	1	1	512	-1	1	1	0	none	-1	-	-	-	1	1	replay	none	474	3.9899
330	1788554418915791194	0x7f27a1e2f3b0	1	0dfa7fc3533697c4	bf4695d7b8bc75bc	1459	1	1	512	-1	1	1	0	none	-1	-	-	-	1	1	replay	none	474	3.7379
331	1788554418920382569	0x7f27a1e2f3b0	1	0dfa7fc3533697c4	bf4695d7b8bc75bc	1459	1	1	512	-1	1	1	0	none	-1	-	-	-	1	1	replay	none	472	3.7607
332	1788554418924930873	0x7f27a1e2f3b0	1	0dfa7fc3533697c4	bf4695d7b8bc75bc	1459	1	1	512	-1	1	1	0	none	-1	-	-	-	1	1	replay	none	471	4.1319
333	1788554418929853289	0x7f27a1e2f3b0	1	0dfa7fc3533697c4	bf4695d7b8bc75bc	1459	1	1	512	-1	1	1	0	none	-1	-	-	-	1	1	replay	none	465	3.9513
334	1788554418934650180	0x7f27a1e2f3b0	1	0dfa7fc3533697c4	bf4695d7b8bc75bc	1459	1	1	512	-1	1	1	0	none	-1	-	-	-	1	1	replay	none	466	3.7378
335	1788554418939232147	0x7f27a1e2f3b0	1	0dfa7fc3533697c4	bf4695d7b8bc75bc	1459	1	1	512	-1	1	1	0	none	-1	-	-	-	1	1	replay	none	467	3.7537
336	1788554418943776624	0x7f27a1e2f3b0	1	0dfa7fc3533697c4	bf4695d7b8bc75bc	1459	1	1	512	-1	1	1	0	none	-1	-	-	-	1	1	replay	none	465	4.0655
337	1788554418948638507	0x7f27a1e2f3b0	1	0dfa7fc3533697c4	bf4695d7b8bc75bc	1459	1	1	512	-1	1	1	0	none	-1	-	-	-	1	1	replay	none	467	3.9783
338	1788554418953452850	0x7f27a1e2f3b0	1	0dfa7fc3533697c4	bf4695d7b8bc75bc	1459	1	1	512	-1	1	1	0	none	-1	-	-	-	1	1	replay	none	467	3.7450
339	1788554418958031692	0x7f27a1e2f3b0	1	0dfa7fc3533697c4	bf4695d7b8bc75bc	1459	1	1	512	-1	1	1	0	none	-1	-	-	-	1	1	replay	none	468	3.7415
340	1788554418962566079	0x7f27a1e2f3b0	1	0dfa7fc3533697c4	bf4695d7b8bc75bc	1459	1	1	512	-1	1	1	0	none	-1	-	-	-	1	1	replay	none	467	3.9774
341	1788554418967429084	0x7f27a1e2f3b0	1	0dfa7fc3533697c4	bf4695d7b8bc75bc	1459	1	1	512	-1	1	1	0	none	-1	-	-	-	1	1	replay	none	640	4.0255
342	1788554418972492316	0x7f27a1e2f3b0	1	0dfa7fc3533697c4	bf4695d7b8bc75bc	1459	1	1	512	-1	1	1	0	none	-1	-	-	-	1	1	replay	none	474	3.7285
343	1788554418977076156	0x7f27a1e2f3b0	1	0dfa7fc3533697c4	bf4695d7b8bc75bc	1459	1	1	512	-1	1	1	0	none	-1	-	-	-	1	1	replay	none	476	3.7572
344	1788554418981774732	0x7f27a1e2f3b0	1	0dfa7fc3533697c4	bf4695d7b8bc75bc	1459	1	1	512	-1	1	1	0	none	-1	-	-	-	1	1	replay	none	474	3.8246
345	1788554418986403397	0x7f27a1e2f3b0	1	0dfa7fc3533697c4	bf4695d7b8bc75bc	1459	1	1	512	-1	1	1	0	none	-1	-	-	-	1	1	replay	none	472	4.0032
346	1788554418991264539	0x7f27a1e2f3b0	1	0dfa7fc3533697c4	bf4695d7b8bc75bc	1459	1	1	512	-1	1	1	0	none	-1	-	-	-	1	1	replay	none	474	3.7355
347	1788554418995848239	0x7f27a1e2f3b0	1	0dfa7fc3533697c4	bf4695d7b8bc75bc	1459	1	1	512	-1	1	1	0	none	-1	-	-	-	1	1	replay	none	466	3.7626
348	1788554419000548558	0x7f27a1e2f3b0	1	0dfa7fc3533697c4	bf4695d7b8bc75bc	1459	1	1	512	-1	1	1	0	none	-1	-	-	-	1	1	replay	none	473	3.8285
349	1788554419005174939	0x7f27a1e2f3b0	1	0dfa7fc3533697c4	bf4695d7b8bc75bc	1459	1	1	512	-1	1	1	0	none	-1	-	-	-	1	1	replay	none	480	4.0109
350	1788554419010043124	0x7f27a1e2f3b0	1	0dfa7fc3533697c4	bf4695d7b8bc75bc	1459	1	1	512	-1	1	1	0	none	-1	-	-	-	1	1	replay	none	477	3.7419
351	1788554419014648956	0x7f27a1e2f3b0	1	0dfa7fc3533697c4	bf4695d7b8bc75bc	1459	1	1	512	-1	1	1	0	none	-1	-	-	-	1	1	replay	none	470	3.7631
352	1788554419019320010	0x7f27a1e2f3b0	1	0dfa7fc3533697c4	bf4695d7b8bc75bc	1459	1	1	512	-1	1	1	0	none	-1	-	-	-	1	1	replay	none	470	3.8095
353	1788554419023942363	0x7f27a1e2f3b0	1	0dfa7fc3533697c4	bf4695d7b8bc75bc	1459	1	1	512	-1	1	1	0	none	-1	-	-	-	1	1	replay	none	479	3.9846
354	1788554419028786473	0x7f27a1e2f3b0	1	0dfa7fc3533697c4	bf4695d7b8bc75bc	1459	1	1	512	-1	1	1	0	none	-1	-	-	-	1	1	replay	none	469	3.7295
355	1788554419033359012	0x7f27a1e2f3b0	1	0dfa7fc3533697c4	bf4695d7b8bc75bc	1459	1	1	512	-1	1	1	0	none	-1	-	-	-	1	1	replay	none	471	3.7604
356	1788554419037919629	0x7f27a1e2f3b0	1	0dfa7fc3533697c4	bf4695d7b8bc75bc	1459	1	1	512	-1	1	1	0	none	-1	-	-	-	1	1	replay	none	469	4.0492
357	1788554419042767105	0x7f27a1e2f3b0	1	0dfa7fc3533697c4	bf4695d7b8bc75bc	1459	1	1	512	-1	1	1	0	none	-1	-	-	-	1	1	replay	none	466	4.0160
358	1788554419047633657	0x7f27a1e2f3b0	1	0dfa7fc3533697c4	bf4695d7b8bc75bc	1459	1	1	512	-1	1	1	0	none	-1	-	-	-	1	1	replay	none	465	3.7310
359	1788554419052210133	0x7f27a1e2f3b0	1	0dfa7fc3533697c4	bf4695d7b8bc75bc	1459	1	1	512	-1	1	1	0	none	-1	-	-	-	1	1	replay	none	470	3.7614
360	1788554419057099859	0x7f27a1e2f3b0	1	0dfa7fc3533697c4	bf4695d7b8bc75bc	1459	1	1	512	-1	1	1	0	none	-1	-	-	-	1	1	replay	none	472	3.8241
361	1788554419061729585	0x7f27a1e2f3b0	1	0dfa7fc3533697c4	bf4695d7b8bc75bc	1459	1	1	512	-1	1	1	0	none	-1	-	-	-	1	1	replay	none	472	4.0174
362	1788554419066595005	0x7f27a1e2f3b0	1	0dfa7fc3533697c4	bf4695d7b8bc75bc	1459	1	1	512	-1	1	1	0	none	-1	-	-	-	1	1	replay	none	469	3.9508
363	1788554419071395232	0x7f27a1e2f3b0	1	0dfa7fc3533697c4	bf4695d7b8bc75bc	1459	1	1	512	-1	1	1	0	none	-1	-	-	-	1	1	replay	none	469	3.7744
364	1788554419076087105	0x7f27a1e2f3b0	1	0dfa7fc3533697c4	bf4695d7b8bc75bc	1459	1	1	512	-1	1	1	0	none	-1	-	-	-	1	1	replay	none	468	3.7728
365	1788554419080653513	0x7f27a1e2f3b0	1	0dfa7fc3533697c4	bf4695d7b8bc75bc	1459	1	1	512	-1	1	1	0	none	-1	-	-	-	1	1	replay	none	466	3.9742
366	1788554419085463879	0x7f27a1e2f3b0	1	0dfa7fc3533697c4	bf4695d7b8bc75bc	1459	1	1	512	-1	1	1	0	none	-1	-	-	-	1	1	replay	none	466	3.9852
367	1788554419090286679	0x7f27a1e2f3b0	1	0dfa7fc3533697c4	bf4695d7b8bc75bc	1459	1	1	512	-1	1	1	0	none	-1	-	-	-	1	1	replay	none	467	3.7401
368	1788554419094866181	0x7f27a1e2f3b0	1	0dfa7fc3533697c4	bf4695d7b8bc75bc	1459	1	1	512	-1	1	1	0	none	-1	-	-	-	1	1	replay	none	467	3.7721
369	1788554419099443891	0x7f27a1e2f3b0	1	0dfa7fc3533697c4	bf4695d7b8bc75bc	1459	1	1	512	-1	1	1	0	none	-1	-	-	-	1	1	replay	none	466	4.0274
370	1788554419104309601	0x7f27a1e2f3b0	1	0dfa7fc3533697c4	bf4695d7b8bc75bc	1459	1	1	512	-1	1	1	0	none	-1	-	-	-	1	1	replay	none	469	3.9706
371	1788554419109133452	0x7f27a1e2f3b0	1	0dfa7fc3533697c4	bf4695d7b8bc75bc	1459	1	1	512	-1	1	1	0	none	-1	-	-	-	1	1	replay	none	475	3.7469
372	1788554419113764231	0x7f27a1e2f3b0	1	0dfa7fc3533697c4	bf4695d7b8bc75bc	1459	1	1	512	-1	1	1	0	none	-1	-	-	-	1	1	replay	none	473	3.7634
373	1788554419118330298	0x7f27a1e2f3b0	1	0dfa7fc3533697c4	bf4695d7b8bc75bc	1459	1	1	512	-1	1	1	0	none	-1	-	-	-	1	1	replay	none	470	4.0348
374	1788554419123224281	0x7f27a1e2f3b0	1	0dfa7fc3533697c4	bf4695d7b8bc75bc	1459	1	1	512	-1	1	1	0	none	-1	-	-	-	1	1	replay	none	476	3.8736
375	1788554419127953325	0x7f27a1e2f3b0	1	0dfa7fc3533697c4	bf4695d7b8bc75bc	1459	1	1	512	-1	1	1	0	none	-1	-	-	-	1	1	replay	none	475	3.7461
376	1788554419132563495	0x7f27a1e2f3b0	1	0dfa7fc3533697c4	bf4695d7b8bc75bc	1459	1	1	512	-1	1	1	0	none	-1	-	-	-	1	1	replay	none	471	3.7503
377	1788554419137108442	0x7f27a1e2f3b0	1	0dfa7fc3533697c4	bf4695d7b8bc75bc	1459	1	1	512	-1	1	1	0	none	-1	-	-	-	1	1	replay	none	472	4.0343
378	1788554419141990944	0x7f27a1e2f3b0	1	0dfa7fc3533697c4	bf4695d7b8bc75bc	1459	1	1	512	-1	1	1	0	none	-1	-	-	-	1	1	replay	none	470	3.9406
379	1788554419146775752	0x7f27a1e2f3b0	1	0dfa7fc3533697c4	bf4695d7b8bc75bc	1459	1	1	512	-1	1	1	0	none	-1	-	-	-	1	1	replay	none	464	3.7549
380	1788554419151372457	0x7f27a1e2f3b0	1	0dfa7fc3533697c4	bf4695d7b8bc75bc	1459	1	1	512	-1	1	1	0	none	-1	-	-	-	1	1	replay	none	464	3.7566
381	1788554419155911473	0x7f27a1e2f3b0	1	0dfa7fc3533697c4	bf4695d7b8bc75bc	1459	1	1	512	-1	1	1	0	none	-1	-	-	-	1	1	replay	none	468	4.0359
382	1788554419160795798	0x7f27a1e2f3b0	1	0dfa7fc3533697c4	bf4695d7b8bc75bc	1459	1	1	512	-1	1	1	0	none	-1	-	-	-	1	1	replay	none	470	4.0682
383	1788554419165747220	0x7f27a1e2f3b0	1	0dfa7fc3533697c4	bf4695d7b8bc75bc	1459	1	1	512	-1	1	1	0	none	-1	-	-	-	1	1	replay	none	474	3.7405
384	1788554419170355676	0x7f27a1e2f3b0	1	0dfa7fc3533697c4	bf4695d7b8bc75bc	1459	1	1	512	-1	1	1	0	none	-1	-	-	-	1	1	replay	none	474	3.7697
385	1788554419174923176	0x7f27a1e2f3b0	1	0dfa7fc3533697c4	bf4695d7b8bc75bc	1459	1	1	512	-1	1	1	0	none	-1	-	-	-	1	1	replay	none	474	4.0408
386	1788554419179904253	0x7f27a1e2f3b0	1	0dfa7fc3533697c4	bf4695d7b8bc75bc	1459	1	1	512	-1	1	1	0	none	-1	-	-	-	1	1	replay	none	593	4.0170
387	1788554419184958457	0x7f27a1e2f3b0	1	0dfa7fc3533697c4	bf4695d7b8bc75bc	1459	1	1	512	-1	1	1	0	none	-1	-	-	-	1	1	replay	none	590	3.7408
388	1788554419189668665	0x7f27a1e2f3b0	1	0dfa7fc3533697c4	bf4695d7b8bc75bc	1459	1	1	512	-1	1	1	0	none	-1	-	-	-	1	1	replay	none	470	3.7562
389	1788554419194429378	0x7f27a1e2f3b0	1	0dfa7fc3533697c4	bf4695d7b8bc75bc	1459	1	1	512	-1	1	1	0	none	-1	-	-	-	1	1	replay	none	468	3.9997
390	1788554419199333080	0x7f27a1e2f3b0	1	0dfa7fc3533697c4	bf4695d7b8bc75bc	1459	1	1	512	-1	1	1	0	none	-1	-	-	-	1	1	replay	none	527	4.0284
391	1788554419204282758	0x7f27a1e2f3b0	1	0dfa7fc3533697c4	bf4695d7b8bc75bc	1459	1	1	512	-1	1	1	0	none	-1	-	-	-	1	1	replay	none	478	3.9909
392	1788554419716633565	0x7f27a1e2f3b0	1	802ba1f19f5ea689	7d1f90516afcefd3	1459	4	1	256	-1	1	1	1	structure	0	GET_ROWS	model.input_embed	shape,data	1	0	direct	none	2556	4.9446
393	1788554419723036903	0x7f27a1e2f3b0	1	0dfa7fc3533697c4	bf4695d7b8bc75bc	1459	1	1	512	-1	1	1	1	structure	0	GET_ROWS	model.input_embed	shape,data	0	0	direct	none	2158	4.1944
394	1788554419728105915	0x7f27a1e2f3b0	1	0dfa7fc3533697c4	bf4695d7b8bc75bc	1459	1	1	512	-1	1	1	0	none	-1	-	-	-	0	1	capture	update	1661	4.9053
395	1788554419733875443	0x7f27a1e2f3b0	1	0dfa7fc3533697c4	bf4695d7b8bc75bc	1459	1	1	512	-1	1	1	0	none	-1	-	-	-	1	1	replay	none	482	3.7747
396	1788554419738462470	0x7f27a1e2f3b0	1	0dfa7fc3533697c4	bf4695d7b8bc75bc	1459	1	1	512	-1	1	1	0	none	-1	-	-	-	1	1	replay	none	474	4.1481
397	1788554419743436093	0x7f27a1e2f3b0	1	0dfa7fc3533697c4	bf4695d7b8bc75bc	1459	1	1	512	-1	1	1	0	none	-1	-	-	-	1	1	replay	none	472	4.0237
398	1788554419748335316	0x7f27a1e2f3b0	1	0dfa7fc3533697c4	bf4695d7b8bc75bc	1459	1	1	512	-1	1	1	0	none	-1	-	-	-	1	1	replay	none	484	3.7345
399	1788554419752927191	0x7f27a1e2f3b0	1	0dfa7fc3533697c4	bf4695d7b8bc75bc	1459	1	1	512	-1	1	1	0	none	-1	-	-	-	1	1	replay	none	477	3.7444
400	1788554419757478030	0x7f27a1e2f3b0	1	0dfa7fc3533697c4	bf4695d7b8bc75bc	1459	1	1	512	-1	1	1	0	none	-1	-	-	-	1	1	replay	none	473	4.0429
401	1788554419762353378	0x7f27a1e2f3b0	1	0dfa7fc3533697c4	bf4695d7b8bc75bc	1459	1	1	512	-1	1	1	0	none	-1	-	-	-	1	1	replay	none	489	4.0290
402	1788554419767287918	0x7f27a1e2f3b0	1	0dfa7fc3533697c4	bf4695d7b8bc75bc	1459	1	1	512	-1	1	1	0	none	-1	-	-	-	1	1	replay	none	487	3.7450
403	1788554419771939125	0x7f27a1e2f3b0	1	0dfa7fc3533697c4	bf4695d7b8bc75bc	1459	1	1	512	-1	1	1	0	none	-1	-	-	-	1	1	replay	none	488	3.7555
404	1788554419776700499	0x7f27a1e2f3b0	1	0dfa7fc3533697c4	bf4695d7b8bc75bc	1459	1	1	512	-1	1	1	0	none	-1	-	-	-	1	1	replay	none	580	3.8230
405	1788554419781449570	0x7f27a1e2f3b0	1	0dfa7fc3533697c4	bf4695d7b8bc75bc	1459	1	1	512	-1	1	1	0	none	-1	-	-	-	1	1	replay	none	484	3.9932
406	1788554419786343233	0x7f27a1e2f3b0	1	0dfa7fc3533697c4	bf4695d7b8bc75bc	1459	1	1	512	-1	1	1	0	none	-1	-	-	-	1	1	replay	none	489	4.0212
407	1788554419791234070	0x7f27a1e2f3b0	1	0dfa7fc3533697c4	bf4695d7b8bc75bc	1459	1	1	512	-1	1	1	0	none	-1	-	-	-	1	1	replay	none	479	3.7242
408	1788554419795836646	0x7f27a1e2f3b0	1	0dfa7fc3533697c4	bf4695d7b8bc75bc	1459	1	1	512	-1	1	1	0	none	-1	-	-	-	1	1	replay	none	477	3.8195
409	1788554419800471232	0x7f27a1e2f3b0	1	0dfa7fc3533697c4	bf4695d7b8bc75bc	1459	1	1	512	-1	1	1	0	none	-1	-	-	-	1	1	replay	none	479	3.9278
410	1788554419805272070	0x7f27a1e2f3b0	1	0dfa7fc3533697c4	bf4695d7b8bc75bc	1459	1	1	512	-1	1	1	0	none	-1	-	-	-	1	1	replay	none	483	4.0076
411	1788554419810137830	0x7f27a1e2f3b0	1	0dfa7fc3533697c4	bf4695d7b8bc75bc	1459	1	1	512	-1	1	1	0	none	-1	-	-	-	1	1	replay	none	488	3.7315
412	1788554419814768158	0x7f27a1e2f3b0	1	0dfa7fc3533697c4	bf4695d7b8bc75bc	1459	1	1	512	-1	1	1	0	none	-1	-	-	-	1	1	replay	none	477	3.7684
413	1788554419819348432	0x7f27a1e2f3b0	1	0dfa7fc3533697c4	bf4695d7b8bc75bc	1459	1	1	512	-1	1	1	0	none	-1	-	-	-	1	1	replay	none	483	4.0061
414	1788554419824237867	0x7f27a1e2f3b0	1	0dfa7fc3533697c4	bf4695d7b8bc75bc	1459	1	1	512	-1	1	1	0	none	-1	-	-	-	1	1	replay	none	489	4.0589
415	1788554419829180101	0x7f27a1e2f3b0	1	0dfa7fc3533697c4	bf4695d7b8bc75bc	1459	1	1	512	-1	1	1	0	none	-1	-	-	-	1	1	replay	none	482	3.7458
416	1788554419833805379	0x7f27a1e2f3b0	1	0dfa7fc3533697c4	bf4695d7b8bc75bc	1459	1	1	512	-1	1	1	0	none	-1	-	-	-	1	1	replay	none	480	3.8028
417	1788554419839174194	0x7f27a1e2f3b0	1	94dc22ce3d23b91b	34e8b5fc5449164a	1459	2	1	512	-1	1	1	1	structure	0	GET_ROWS	model.input_embed	shape,data	1	0	direct	none	2697	4.8393
418	1788554419844602872	0x7f27a1e2f3b0	1	d8f873be867a8271	9d5ddbb51ea8b0f9	1459	251	0	256	-1	1	1	1	structure	0	GET_ROWS	model.input_embed	shape,data	0	0	direct	none	3135	17.0157
419	1788554419866661338	0x7f27a1e2f3b0	1	79cc5f245f480542	4057f96d76cc09c7	1459	2	1	512	-1	1	1	1	structure	0	GET_ROWS	model.input_embed	shape,data	0	0	direct	none	2600	4.8626
420	1788554419872204931	0x7f27a1e2f3b0	1	bcd06391008a2d68	0aefe615f57b2327	1459	3	1	256	-1	1	1	1	structure	0	GET_ROWS	model.input_embed	shape,data	0	0	direct	none	2678	4.7765
421	1788554419878869671	0x7f27a1e2f3b0	1	d702fd6fe588b6cb	4057f96d76cc09c7	1459	2	2	512	-1	1	1	1	structure	0	GET_ROWS	model.input_embed	shape,data	0	0	direct	none	2573	4.8514
422	1788554419884967415	0x7f27a1e2f3b0	1	d702fd6fe588b6cb	4057f96d76cc09c7	1459	2	2	512	-1	1	1	0	none	-1	-	-	-	0	1	capture	reinstantiate	3166	6.8927
423	1788554419893121563	0x7f27a1e2f3b0	1	d702fd6fe588b6cb	4057f96d76cc09c7	1459	2	2	512	-1	1	1	0	none	-1	-	-	-	1	1	replay	none	483	4.2142
424	1788554419898473606	0x7f27a1e2f3b0	1	d702fd6fe588b6cb	4057f96d76cc09c7	1459	2	2	512	-1	1	1	0	none	-1	-	-	-	1	1	replay	none	478	4.0368
425	1788554419903620725	0x7f27a1e2f3b0	1	d702fd6fe588b6cb	4057f96d76cc09c7	1459	2	2	512	-1	1	1	0	none	-1	-	-	-	1	1	replay	none	479	4.0364
426	1788554419908783193	0x7f27a1e2f3b0	1	d702fd6fe588b6cb	4057f96d76cc09c7	1459	2	2	512	-1	1	1	0	none	-1	-	-	-	1	1	replay	none	479	4.0771
427	1788554419913919762	0x7f27a1e2f3b0	1	d702fd6fe588b6cb	4057f96d76cc09c7	1459	2	2	512	-1	1	1	0	none	-1	-	-	-	1	1	replay	none	489	4.3134
428	1788554419919289038	0x7f27a1e2f3b0	1	d702fd6fe588b6cb	4057f96d76cc09c7	1459	2	2	512	-1	1	1	0	none	-1	-	-	-	1	1	replay	none	478	4.2836
429	1788554419924687128	0x7f27a1e2f3b0	1	d702fd6fe588b6cb	4057f96d76cc09c7	1459	2	2	512	-1	1	1	0	none	-1	-	-	-	1	1	replay	none	479	4.3298
430	1788554419930138999	0x7f27a1e2f3b0	1	d702fd6fe588b6cb	4057f96d76cc09c7	1459	2	2	512	-1	1	1	0	none	-1	-	-	-	1	1	replay	none	488	4.2916
431	1788554419935579739	0x7f27a1e2f3b0	1	d702fd6fe588b6cb	4057f96d76cc09c7	1459	2	2	512	-1	1	1	0	none	-1	-	-	-	1	1	replay	none	518	4.2156
432	1788554419940987508	0x7f27a1e2f3b0	1	d702fd6fe588b6cb	4057f96d76cc09c7	1459	2	2	512	-1	1	1	0	none	-1	-	-	-	1	1	replay	none	488	4.0353
433	1788554419946354660	0x7f27a1e2f3b0	1	d702fd6fe588b6cb	4057f96d76cc09c7	1459	2	2	512	-1	1	1	0	none	-1	-	-	-	1	1	replay	none	487	4.0742
434	1788554419951694771	0x7f27a1e2f3b0	1	d702fd6fe588b6cb	4057f96d76cc09c7	1459	2	2	512	-1	1	1	0	none	-1	-	-	-	1	1	replay	none	477	4.1069
435	1788554419956863320	0x7f27a1e2f3b0	1	d702fd6fe588b6cb	4057f96d76cc09c7	1459	2	2	512	-1	1	1	0	none	-1	-	-	-	1	1	replay	none	492	4.2125
436	1788554419962194224	0x7f27a1e2f3b0	1	d702fd6fe588b6cb	4057f96d76cc09c7	1459	2	2	512	-1	1	1	0	none	-1	-	-	-	1	1	replay	none	486	4.3084
437	1788554419967637008	0x7f27a1e2f3b0	1	d702fd6fe588b6cb	4057f96d76cc09c7	1459	2	2	512	-1	1	1	0	none	-1	-	-	-	1	1	replay	none	477	4.2940
438	1788554419973048103	0x7f27a1e2f3b0	1	d702fd6fe588b6cb	4057f96d76cc09c7	1459	2	2	512	-1	1	1	0	none	-1	-	-	-	1	1	replay	none	486	4.0307
439	1788554419978252178	0x7f27a1e2f3b0	1	d702fd6fe588b6cb	4057f96d76cc09c7	1459	2	2	512	-1	1	1	0	none	-1	-	-	-	1	1	replay	none	492	4.0338
440	1788554419983464820	0x7f27a1e2f3b0	1	d702fd6fe588b6cb	4057f96d76cc09c7	1459	2	2	512	-1	1	1	0	none	-1	-	-	-	1	1	replay	none	478	4.0638
441	1788554419988612951	0x7f27a1e2f3b0	1	d702fd6fe588b6cb	4057f96d76cc09c7	1459	2	2	512	-1	1	1	0	none	-1	-	-	-	1	1	replay	none	486	4.3140
442	1788554419994011261	0x7f27a1e2f3b0	1	d702fd6fe588b6cb	4057f96d76cc09c7	1459	2	2	512	-1	1	1	0	none	-1	-	-	-	1	1	replay	none	487	4.2993
443	1788554419999453835	0x7f27a1e2f3b0	1	d702fd6fe588b6cb	4057f96d76cc09c7	1459	2	2	512	-1	1	1	0	none	-1	-	-	-	1	1	replay	none	483	4.3081
444	1788554420004868677	0x7f27a1e2f3b0	1	d702fd6fe588b6cb	4057f96d76cc09c7	1459	2	2	512	-1	1	1	0	none	-1	-	-	-	1	1	replay	none	479	4.0296
445	1788554420010016216	0x7f27a1e2f3b0	1	d702fd6fe588b6cb	4057f96d76cc09c7	1459	2	2	512	-1	1	1	0	none	-1	-	-	-	1	1	replay	none	482	4.0378
446	1788554420015171771	0x7f27a1e2f3b0	1	d702fd6fe588b6cb	4057f96d76cc09c7	1459	2	2	512	-1	1	1	0	none	-1	-	-	-	1	1	replay	none	474	4.0766
447	1788554420020330201	0x7f27a1e2f3b0	1	d702fd6fe588b6cb	4057f96d76cc09c7	1459	2	2	512	-1	1	1	0	none	-1	-	-	-	1	1	replay	none	470	4.0917
448	1788554420025461360	0x7f27a1e2f3b0	1	d702fd6fe588b6cb	4057f96d76cc09c7	1459	2	2	512	-1	1	1	0	none	-1	-	-	-	1	1	replay	none	469	4.2013
449	1788554420030780101	0x7f27a1e2f3b0	1	d702fd6fe588b6cb	4057f96d76cc09c7	1459	2	2	512	-1	1	1	0	none	-1	-	-	-	1	1	replay	none	468	4.2130
450	1788554420036087951	0x7f27a1e2f3b0	1	d702fd6fe588b6cb	4057f96d76cc09c7	1459	2	2	512	-1	1	1	0	none	-1	-	-	-	1	1	replay	none	473	4.0307
451	1788554420041206767	0x7f27a1e2f3b0	1	d702fd6fe588b6cb	4057f96d76cc09c7	1459	2	2	512	-1	1	1	0	none	-1	-	-	-	1	1	replay	none	471	4.0207
452	1788554420046843475	0x7f27a1e2f3b0	1	0dfa7fc3533697c4	bf4695d7b8bc75bc	1459	1	1	512	-1	1	1	1	structure	0	GET_ROWS	model.input_embed	shape,data	1	0	direct	none	2234	4.2529
453	1788554420051956620	0x7f27a1e2f3b0	1	0dfa7fc3533697c4	bf4695d7b8bc75bc	1459	1	1	512	-1	1	1	0	none	-1	-	-	-	0	1	capture	reinstantiate	2895	6.1599
454	1788554420058985173	0x7f27a1e2f3b0	1	0dfa7fc3533697c4	bf4695d7b8bc75bc	1459	1	1	512	-1	1	1	0	none	-1	-	-	-	1	1	replay	none	482	3.7491
455	1788554420063542504	0x7f27a1e2f3b0	1	0dfa7fc3533697c4	bf4695d7b8bc75bc	1459	1	1	512	-1	1	1	0	none	-1	-	-	-	1	1	replay	none	473	4.0486
456	1788554420068391082	0x7f27a1e2f3b0	1	0dfa7fc3533697c4	bf4695d7b8bc75bc	1459	1	1	512	-1	1	1	0	none	-1	-	-	-	1	1	replay	none	479	4.1317
457	1788554420073376657	0x7f27a1e2f3b0	1	0dfa7fc3533697c4	bf4695d7b8bc75bc	1459	1	1	512	-1	1	1	0	none	-1	-	-	-	1	1	replay	none	519	3.7298
458	1788554420078076426	0x7f27a1e2f3b0	1	0dfa7fc3533697c4	bf4695d7b8bc75bc	1459	1	1	512	-1	1	1	0	none	-1	-	-	-	1	1	replay	none	476	3.7503
459	1788554420082928620	0x7f27a1e2f3b0	1	0dfa7fc3533697c4	bf4695d7b8bc75bc	1459	1	1	512	-1	1	1	0	none	-1	-	-	-	1	1	replay	none	547	3.8004
460	1788554420087638798	0x7f27a1e2f3b0	1	0dfa7fc3533697c4	bf4695d7b8bc75bc	1459	1	1	512	-1	1	1	0	none	-1	-	-	-	1	1	replay	none	480	4.0154
461	1788554420092540666	0x7f27a1e2f3b0	1	0dfa7fc3533697c4	bf4695d7b8bc75bc	1459	1	1	512	-1	1	1	0	none	-1	-	-	-	1	1	replay	none	475	3.7435
462	1788554420097135427	0x7f27a1e2f3b0	1	0dfa7fc3533697c4	bf4695d7b8bc75bc	1459	1	1	512	-1	1	1	0	none	-1	-	-	-	1	1	replay	none	476	3.7367
463	1788554420101740378	0x7f27a1e2f3b0	1	0dfa7fc3533697c4	bf4695d7b8bc75bc	1459	1	1	512	-1	1	1	0	none	-1	-	-	-	1	1	replay	none	472	3.8016
464	1788554420106352391	0x7f27a1e2f3b0	1	0dfa7fc3533697c4	bf4695d7b8bc75bc	1459	1	1	512	-1	1	1	0	none	-1	-	-	-	1	1	replay	none	474	4.0223
465	1788554420111235674	0x7f27a1e2f3b0	1	0dfa7fc3533697c4	bf4695d7b8bc75bc	1459	1	1	512	-1	1	1	0	none	-1	-	-	-	1	1	replay	none	478	3.7273
466	1788554420115824033	0x7f27a1e2f3b0	1	0dfa7fc3533697c4	bf4695d7b8bc75bc	1459	1	1	512	-1	1	1	0	none	-1	-	-	-	1	1	replay	none	475	3.7417
467	1788554420120431499	0x7f27a1e2f3b0	1	0dfa7fc3533697c4	bf4695d7b8bc75bc	1459	1	1	512	-1	1	1	0	none	-1	-	-	-	1	1	replay	none	477	3.8115
468	1788554420125051818	0x7f27a1e2f3b0	1	0dfa7fc3533697c4	bf4695d7b8bc75bc	1459	1	1	512	-1	1	1	0	none	-1	-	-	-	1	1	replay	none	474	4.0233
469	1788554420129936894	0x7f27a1e2f3b0	1	0dfa7fc3533697c4	bf4695d7b8bc75bc	1459	1	1	512	-1	1	1	0	none	-1	-	-	-	1	1	replay	none	472	3.7318
470	1788554420134523730	0x7f27a1e2f3b0	1	0dfa7fc3533697c4	bf4695d7b8bc75bc	1459	1	1	512	-1	1	1	0	none	-1	-	-	-	1	1	replay	none	471	3.7399
471	1788554420139115185	0x7f27a1e2f3b0	1	0dfa7fc3533697c4	bf4695d7b8bc75bc	1459	1	1	512	-1	1	1	0	none	-1	-	-	-	1	1	replay	none	470	3.8064
472	1788554420143717851	0x7f27a1e2f3b0	1	0dfa7fc3533697c4	bf4695d7b8bc75bc	1459	1	1	512	-1	1	1	0	none	-1	-	-	-	1	1	replay	none	469	4.0275
473	1788554420148606554	0x7f27a1e2f3b0	1	0dfa7fc3533697c4	bf4695d7b8bc75bc	1459	1	1	512	-1	1	1	0	none	-1	-	-	-	1	1	replay	none	468	3.7431
474	1788554420153213428	0x7f27a1e2f3b0	1	0dfa7fc3533697c4	bf4695d7b8bc75bc	1459	1	1	512	-1	1	1	0	none	-1	-	-	-	1	1	replay	none	471	3.7401
475	1788554420157986324	0x7f27a1e2f3b0	1	0dfa7fc3533697c4	bf4695d7b8bc75bc	1459	1	1	512	-1	1	1	0	none	-1	-	-	-	1	1	replay	none	473	3.8143
476	1788554420162682506	0x7f27a1e2f3b0	1	0dfa7fc3533697c4	bf4695d7b8bc75bc	1459	1	1	512	-1	1	1	0	none	-1	-	-	-	1	1	replay	none	471	4.0177
477	1788554420167555630	0x7f27a1e2f3b0	1	0dfa7fc3533697c4	bf4695d7b8bc75bc	1459	1	1	512	-1	1	1	0	none	-1	-	-	-	1	1	replay	none	469	3.7586
478	1788554420172181189	0x7f27a1e2f3b0	1	0dfa7fc3533697c4	bf4695d7b8bc75bc	1459	1	1	512	-1	1	1	0	none	-1	-	-	-	1	1	replay	none	475	3.7413
479	1788554420176781941	0x7f27a1e2f3b0	1	0dfa7fc3533697c4	bf4695d7b8bc75bc	1459	1	1	512	-1	1	1	0	none	-1	-	-	-	1	1	replay	none	478	3.8204
480	1788554420181429441	0x7f27a1e2f3b0	1	0dfa7fc3533697c4	bf4695d7b8bc75bc	1459	1	1	512	-1	1	1	0	none	-1	-	-	-	1	1	replay	none	474	4.0154
481	1788554420186314718	0x7f27a1e2f3b0	1	0dfa7fc3533697c4	bf4695d7b8bc75bc	1459	1	1	512	-1	1	1	0	none	-1	-	-	-	1	1	replay	none	473	3.8749
482	1788554420191052258	0x7f27a1e2f3b0	1	0dfa7fc3533697c4	bf4695d7b8bc75bc	1459	1	1	512	-1	1	1	0	none	-1	-	-	-	1	1	replay	none	472	3.7408
483	1788554420195651487	0x7f27a1e2f3b0	1	0dfa7fc3533697c4	bf4695d7b8bc75bc	1459	1	1	512	-1	1	1	0	none	-1	-	-	-	1	1	replay	none	472	3.8197
484	1788554420200288888	0x7f27a1e2f3b0	1	0dfa7fc3533697c4	bf4695d7b8bc75bc	1459	1	1	512	-1	1	1	0	none	-1	-	-	-	1	1	replay	none	479	4.0118
485	1788554420205163465	0x7f27a1e2f3b0	1	0dfa7fc3533697c4	bf4695d7b8bc75bc	1459	1	1	512	-1	1	1	0	none	-1	-	-	-	1	1	replay	none	476	4.0263
486	1788554420210063920	0x7f27a1e2f3b0	1	0dfa7fc3533697c4	bf4695d7b8bc75bc	1459	1	1	512	-1	1	1	0	none	-1	-	-	-	1	1	replay	none	483	3.7369
487	1788554420214685181	0x7f27a1e2f3b0	1	0dfa7fc3533697c4	bf4695d7b8bc75bc	1459	1	1	512	-1	1	1	0	none	-1	-	-	-	1	1	replay	none	483	3.7584
488	1788554420219271587	0x7f27a1e2f3b0	1	0dfa7fc3533697c4	bf4695d7b8bc75bc	1459	1	1	512	-1	1	1	0	none	-1	-	-	-	1	1	replay	none	491	4.0239
489	1788554420224168375	0x7f27a1e2f3b0	1	0dfa7fc3533697c4	bf4695d7b8bc75bc	1459	1	1	512	-1	1	1	0	none	-1	-	-	-	1	1	replay	none	475	4.0346
490	1788554420229078048	0x7f27a1e2f3b0	1	0dfa7fc3533697c4	bf4695d7b8bc75bc	1459	1	1	512	-1	1	1	0	none	-1	-	-	-	1	1	replay	none	479	3.7264
491	1788554420233680233	0x7f27a1e2f3b0	1	0dfa7fc3533697c4	bf4695d7b8bc75bc	1459	1	1	512	-1	1	1	0	none	-1	-	-	-	1	1	replay	none	473	3.7692
492	1788554420238265707	0x7f27a1e2f3b0	1	0dfa7fc3533697c4	bf4695d7b8bc75bc	1459	1	1	512	-1	1	1	0	none	-1	-	-	-	1	1	replay	none	475	3.9238
493	1788554420243062177	0x7f27a1e2f3b0	1	0dfa7fc3533697c4	bf4695d7b8bc75bc	1459	1	1	512	-1	1	1	0	none	-1	-	-	-	1	1	replay	none	480	4.0166
494	1788554420247954497	0x7f27a1e2f3b0	1	0dfa7fc3533697c4	bf4695d7b8bc75bc	1459	1	1	512	-1	1	1	0	none	-1	-	-	-	1	1	replay	none	490	3.7353
495	1788554420252642894	0x7f27a1e2f3b0	1	0dfa7fc3533697c4	bf4695d7b8bc75bc	1459	1	1	512	-1	1	1	0	none	-1	-	-	-	1	1	replay	none	475	3.7703
496	1788554420257223288	0x7f27a1e2f3b0	1	0dfa7fc3533697c4	bf4695d7b8bc75bc	1459	1	1	512	-1	1	1	0	none	-1	-	-	-	1	1	replay	none	479	4.0383
497	1788554420262064572	0x7f27a1e2f3b0	1	0dfa7fc3533697c4	bf4695d7b8bc75bc	1459	1	1	512	-1	1	1	0	none	-1	-	-	-	1	1	replay	none	489	4.0370
498	1788554420266976559	0x7f27a1e2f3b0	1	0dfa7fc3533697c4	bf4695d7b8bc75bc	1459	1	1	512	-1	1	1	0	none	-1	-	-	-	1	1	replay	none	478	3.7445
499	1788554420271590587	0x7f27a1e2f3b0	1	0dfa7fc3533697c4	bf4695d7b8bc75bc	1459	1	1	512	-1	1	1	0	none	-1	-	-	-	1	1	replay	none	471	3.7528
500	1788554420276144361	0x7f27a1e2f3b0	1	0dfa7fc3533697c4	bf4695d7b8bc75bc	1459	1	1	512	-1	1	1	0	none	-1	-	-	-	1	1	replay	none	476	4.0288
501	1788554420280968854	0x7f27a1e2f3b0	1	0dfa7fc3533697c4	bf4695d7b8bc75bc	1459	1	1	512	-1	1	1	0	none	-1	-	-	-	1	1	replay	none	472	3.9216
502	1788554420285737622	0x7f27a1e2f3b0	1	0dfa7fc3533697c4	bf4695d7b8bc75bc	1459	1	1	512	-1	1	1	0	none	-1	-	-	-	1	1	replay	none	588	3.7544
503	1788554420290456075	0x7f27a1e2f3b0	1	0dfa7fc3533697c4	bf4695d7b8bc75bc	1459	1	1	512	-1	1	1	0	none	-1	-	-	-	1	1	replay	none	476	3.7517
504	1788554420295007585	0x7f27a1e2f3b0	1	0dfa7fc3533697c4	bf4695d7b8bc75bc	1459	1	1	512	-1	1	1	0	none	-1	-	-	-	1	1	replay	none	476	4.0252
505	1788554420299835464	0x7f27a1e2f3b0	1	0dfa7fc3533697c4	bf4695d7b8bc75bc	1459	1	1	512	-1	1	1	0	none	-1	-	-	-	1	1	replay	none	470	4.0346
506	1788554420304717735	0x7f27a1e2f3b0	1	0dfa7fc3533697c4	bf4695d7b8bc75bc	1459	1	1	512	-1	1	1	0	none	-1	-	-	-	1	1	replay	none	475	3.7286
507	1788554420309302477	0x7f27a1e2f3b0	1	0dfa7fc3533697c4	bf4695d7b8bc75bc	1459	1	1	512	-1	1	1	0	none	-1	-	-	-	1	1	replay	none	474	3.7469
508	1788554420313848918	0x7f27a1e2f3b0	1	0dfa7fc3533697c4	bf4695d7b8bc75bc	1459	1	1	512	-1	1	1	0	none	-1	-	-	-	1	1	replay	none	471	3.9423
509	1788554420318589773	0x7f27a1e2f3b0	1	0dfa7fc3533697c4	bf4695d7b8bc75bc	1459	1	1	512	-1	1	1	0	none	-1	-	-	-	1	1	replay	none	467	4.0228
510	1788554420323462166	0x7f27a1e2f3b0	1	0dfa7fc3533697c4	bf4695d7b8bc75bc	1459	1	1	512	-1	1	1	0	none	-1	-	-	-	1	1	replay	none	470	3.7364
511	1788554420328046688	0x7f27a1e2f3b0	1	0dfa7fc3533697c4	bf4695d7b8bc75bc	1459	1	1	512	-1	1	1	0	none	-1	-	-	-	1	1	replay	none	470	3.7502
512	1788554420332620450	0x7f27a1e2f3b0	1	0dfa7fc3533697c4	bf4695d7b8bc75bc	1459	1	1	512	-1	1	1	0	none	-1	-	-	-	1	1	replay	none	475	4.0168
513	1788554420337441466	0x7f27a1e2f3b0	1	0dfa7fc3533697c4	bf4695d7b8bc75bc	1459	1	1	512	-1	1	1	0	none	-1	-	-	-	1	1	replay	none	471	3.9258
514	1788554420342230302	0x7f27a1e2f3b0	1	0dfa7fc3533697c4	bf4695d7b8bc75bc	1459	1	1	512	-1	1	1	0	none	-1	-	-	-	1	1	replay	none	477	3.7376
515	1788554420346823299	0x7f27a1e2f3b0	1	0dfa7fc3533697c4	bf4695d7b8bc75bc	1459	1	1	512	-1	1	1	0	none	-1	-	-	-	1	1	replay	none	470	3.7424
516	1788554420351386521	0x7f27a1e2f3b0	1	0dfa7fc3533697c4	bf4695d7b8bc75bc	1459	1	1	512	-1	1	1	0	none	-1	-	-	-	1	1	replay	none	477	4.0348
517	1788554420356237253	0x7f27a1e2f3b0	1	0dfa7fc3533697c4	bf4695d7b8bc75bc	1459	1	1	512	-1	1	1	0	none	-1	-	-	-	1	1	replay	none	473	4.0316
518	1788554420361134723	0x7f27a1e2f3b0	1	0dfa7fc3533697c4	bf4695d7b8bc75bc	1459	1	1	512	-1	1	1	0	none	-1	-	-	-	1	1	replay	none	477	3.7268
519	1788554420365751706	0x7f27a1e2f3b0	1	0dfa7fc3533697c4	bf4695d7b8bc75bc	1459	1	1	512	-1	1	1	0	none	-1	-	-	-	1	1	replay	none	476	3.7377
520	1788554420370380872	0x7f27a1e2f3b0	1	0dfa7fc3533697c4	bf4695d7b8bc75bc	1459	1	1	512	-1	1	1	0	none	-1	-	-	-	1	1	replay	none	477	3.8137
521	1788554420375009526	0x7f27a1e2f3b0	1	0dfa7fc3533697c4	bf4695d7b8bc75bc	1459	1	1	512	-1	1	1	0	none	-1	-	-	-	1	1	replay	none	477	4.0181
522	1788554420886743535	0x7f27a1e2f3b0	1	802ba1f19f5ea689	7d1f90516afcefd3	1459	4	1	256	-1	1	1	1	structure	0	GET_ROWS	model.input_embed	shape,data	1	0	direct	none	2559	5.1614
523	1788554420893287337	0x7f27a1e2f3b0	1	0dfa7fc3533697c4	bf4695d7b8bc75bc	1459	1	1	512	-1	1	1	1	structure	0	GET_ROWS	model.input_embed	shape,data	0	0	direct	none	2193	4.4073
524	1788554420898619333	0x7f27a1e2f3b0	1	0dfa7fc3533697c4	bf4695d7b8bc75bc	1459	1	1	512	-1	1	1	0	none	-1	-	-	-	0	1	capture	update	1739	5.2113
525	1788554420904705636	0x7f27a1e2f3b0	1	0dfa7fc3533697c4	bf4695d7b8bc75bc	1459	1	1	512	-1	1	1	0	none	-1	-	-	-	1	1	replay	none	483	3.7353
526	1788554420909301159	0x7f27a1e2f3b0	1	0dfa7fc3533697c4	bf4695d7b8bc75bc	1459	1	1	512	-1	1	1	0	none	-1	-	-	-	1	1	replay	none	479	3.7361
527	1788554420913847930	0x7f27a1e2f3b0	1	0dfa7fc3533697c4	bf4695d7b8bc75bc	1459	1	1	512	-1	1	1	0	none	-1	-	-	-	1	1	replay	none	479	3.9945
528	1788554420918693272	0x7f27a1e2f3b0	1	0dfa7fc3533697c4	bf4695d7b8bc75bc	1459	1	1	512	-1	1	1	0	none	-1	-	-	-	1	1	replay	none	474	4.0226
529	1788554420923685069	0x7f27a1e2f3b0	1	0dfa7fc3533697c4	bf4695d7b8bc75bc	1459	1	1	512	-1	1	1	0	none	-1	-	-	-	1	1	replay	none	513	3.7254
530	1788554420928341997	0x7f27a1e2f3b0	1	0dfa7fc3533697c4	bf4695d7b8bc75bc	1459	1	1	512	-1	1	1	0	none	-1	-	-	-	1	1	replay	none	480	3.7364
531	1788554420932907703	0x7f27a1e2f3b0	1	0dfa7fc3533697c4	bf4695d7b8bc75bc	1459	1	1	512	-1	1	1	0	none	-1	-	-	-	1	1	replay	none	480	3.9906
532	1788554420937768704	0x7f27a1e2f3b0	1	0dfa7fc3533697c4	bf4695d7b8bc75bc	1459	1	1	512	-1	1	1	0	none	-1	-	-	-	1	1	replay	none	484	4.0220
533	1788554420942687013	0x7f27a1e2f3b0	1	0dfa7fc3533697c4	bf4695d7b8bc75bc	1459	1	1	512	-1	1	1	0	none	-1	-	-	-	1	1	replay	none	478	3.7335
534	1788554420947301852	0x7f27a1e2f3b0	1	0dfa7fc3533697c4	bf4695d7b8bc75bc	1459	1	1	512	-1	1	1	0	none	-1	-	-	-	1	1	replay	none	484	3.7398
535	1788554420951858932	0x7f27a1e2f3b0	1	0dfa7fc3533697c4	bf4695d7b8bc75bc	1459	1	1	512	-1	1	1	0	none	-1	-	-	-	1	1	replay	none	479	4.0156
536	1788554420956742185	0x7f27a1e2f3b0	1	0dfa7fc3533697c4	bf4695d7b8bc75bc	1459	1	1	512	-1	1	1	0	none	-1	-	-	-	1	1	replay	none	479	3.9828
537	1788554420961607926	0x7f27a1e2f3b0	1	0dfa7fc3533697c4	bf4695d7b8bc75bc	1459	1	1	512	-1	1	1	0	none	-1	-	-	-	1	1	replay	none	476	3.7697
538	1788554420966243243	0x7f27a1e2f3b0	1	0dfa7fc3533697c4	bf4695d7b8bc75bc	1459	1	1	512	-1	1	1	0	none	-1	-	-	-	1	1	replay	none	480	3.7319
539	1788554420970781287	0x7f27a1e2f3b0	1	0dfa7fc3533697c4	bf4695d7b8bc75bc	1459	1	1	512	-1	1	1	0	none	-1	-	-	-	1	1	replay	none	537	4.0585
540	1788554420975686221	0x7f27a1e2f3b0	1	0dfa7fc3533697c4	bf4695d7b8bc75bc	1459	1	1	512	-1	1	1	0	none	-1	-	-	-	1	1	replay	none	477	4.0060
541	1788554420980552472	0x7f27a1e2f3b0	1	0dfa7fc3533697c4	bf4695d7b8bc75bc	1459	1	1	512	-1	1	1	0	none	-1	-	-	-	1	1	replay	none	479	3.7759
542	1788554420985189994	0x7f27a1e2f3b0	1	0dfa7fc3533697c4	bf4695d7b8bc75bc	1459	1	1	512	-1	1	1	0	none	-1	-	-	-	1	1	replay	none	479	3.7288
543	1788554420989722318	0x7f27a1e2f3b0	1	0dfa7fc3533697c4	bf4695d7b8bc75bc	1459	1	1	512	-1	1	1	0	none	-1	-	-	-	1	1	replay	none	472	4.0405
544	1788554420994562229	0x7f27a1e2f3b0	1	0dfa7fc3533697c4	bf4695d7b8bc75bc	1459	1	1	512	-1	1	1	0	none	-1	-	-	-	1	1	replay	none	473	3.9220
545	1788554420999338982	0x7f27a1e2f3b0	1	0dfa7fc3533697c4	bf4695d7b8bc75bc	1459	1	1	512	-1	1	1	0	none	-1	-	-	-	1	1	replay	none	474	3.7619
546	1788554421003954793	0x7f27a1e2f3b0	1	0dfa7fc3533697c4	bf4695d7b8bc75bc	1459	1	1	512	-1	1	1	0	none	-1	-	-	-	1	1	replay	none	476	3.7398
547	1788554421009202721	0x7f27a1e2f3b0	1	94dc22ce3d23b91b	34e8b5fc5449164a	1459	2	1	512	-1	1	1	1	structure	0	GET_ROWS	model.input_embed	shape,data	1	0	direct	none	2563	4.6680
548	1788554421014443275	0x7f27a1e2f3b0	1	d8f873be867a8271	9d5ddbb51ea8b0f9	1459	251	0	256	-1	1	1	1	structure	0	GET_ROWS	model.input_embed	shape,data	0	0	direct	none	3063	16.9693
549	1788554421035849466	0x7f27a1e2f3b0	1	79cc5f245f480542	4057f96d76cc09c7	1459	2	1	512	-1	1	1	1	structure	0	GET_ROWS	model.input_embed	shape,data	0	0	direct	none	2439	4.8845
550	1788554421041368033	0x7f27a1e2f3b0	1	bcd06391008a2d68	0aefe615f57b2327	1459	3	1	256	-1	1	1	1	structure	0	GET_ROWS	model.input_embed	shape,data	0	0	direct	none	2448	4.7494
551	1788554421047685560	0x7f27a1e2f3b0	1	d702fd6fe588b6cb	4057f96d76cc09c7	1459	2	2	512	-1	1	1	1	structure	0	GET_ROWS	model.input_embed	shape,data	0	0	direct	none	2431	4.7882
552	1788554421053574913	0x7f27a1e2f3b0	1	d702fd6fe588b6cb	4057f96d76cc09c7	1459	2	2	512	-1	1	1	0	none	-1	-	-	-	0	1	capture	reinstantiate	2721	6.3342
553	1788554421061019478	0x7f27a1e2f3b0	1	d702fd6fe588b6cb	4057f96d76cc09c7	1459	2	2	512	-1	1	1	0	none	-1	-	-	-	1	1	replay	none	485	4.0267
554	1788554421066164903	0x7f27a1e2f3b0	1	d702fd6fe588b6cb	4057f96d76cc09c7	1459	2	2	512	-1	1	1	0	none	-1	-	-	-	1	1	replay	none	484	4.0457
555	1788554421071428410	0x7f27a1e2f3b0	1	d702fd6fe588b6cb	4057f96d76cc09c7	1459	2	2	512	-1	1	1	0	none	-1	-	-	-	1	1	replay	none	477	4.1056
556	1788554421076568446	0x7f27a1e2f3b0	1	d702fd6fe588b6cb	4057f96d76cc09c7	1459	2	2	512	-1	1	1	0	none	-1	-	-	-	1	1	replay	none	472	4.3090
557	1788554421081960865	0x7f27a1e2f3b0	1	d702fd6fe588b6cb	4057f96d76cc09c7	1459	2	2	512	-1	1	1	0	none	-1	-	-	-	1	1	replay	none	480	4.2026
558	1788554421087259669	0x7f27a1e2f3b0	1	d702fd6fe588b6cb	4057f96d76cc09c7	1459	2	2	512	-1	1	1	0	none	-1	-	-	-	1	1	replay	none	477	4.0752
559	1788554421092420694	0x7f27a1e2f3b0	1	d702fd6fe588b6cb	4057f96d76cc09c7	1459	2	2	512	-1	1	1	0	none	-1	-	-	-	1	1	replay	none	473	4.0337
560	1788554421097550250	0x7f27a1e2f3b0	1	d702fd6fe588b6cb	4057f96d76cc09c7	1459	2	2	512	-1	1	1	0	none	-1	-	-	-	1	1	replay	none	472	4.0185
561	1788554421102660419	0x7f27a1e2f3b0	1	d702fd6fe588b6cb	4057f96d76cc09c7	1459	2	2	512	-1	1	1	0	none	-1	-	-	-	1	1	replay	none	474	4.1256
562	1788554421107829298	0x7f27a1e2f3b0	1	d702fd6fe588b6cb	4057f96d76cc09c7	1459	2	2	512	-1	1	1	0	none	-1	-	-	-	1	1	replay	none	470	4.2840
563	1788554421113228511	0x7f27a1e2f3b0	1	d702fd6fe588b6cb	4057f96d76cc09c7	1459	2	2	512	-1	1	1	0	none	-1	-	-	-	1	1	replay	none	482	4.3051
564	1788554421118660444	0x7f27a1e2f3b0	1	d702fd6fe588b6cb	4057f96d76cc09c7	1459	2	2	512	-1	1	1	0	none	-1	-	-	-	1	1	replay	none	481	4.2261
565	1788554421124029360	0x7f27a1e2f3b0	1	d702fd6fe588b6cb	4057f96d76cc09c7	1459	2	2	512	-1	1	1	0	none	-1	-	-	-	1	1	replay	none	486	4.0565
566	1788554421129226623	0x7f27a1e2f3b0	1	d702fd6fe588b6cb	4057f96d76cc09c7	1459	2	2	512	-1	1	1	0	none	-1	-	-	-	1	1	replay	none	488	4.0296
567	1788554421134572755	0x7f27a1e2f3b0	1	d702fd6fe588b6cb	4057f96d76cc09c7	1459	2	2	512	-1	1	1	0	none	-1	-	-	-	1	1	replay	none	492	4.0449
568	1788554421139699576	0x7f27a1e2f3b0	1	d702fd6fe588b6cb	4057f96d76cc09c7	1459	2	2	512	-1	1	1	0	none	-1	-	-	-	1	1	replay	none	483	4.2500
569	1788554421145069203	0x7f27a1e2f3b0	1	d702fd6fe588b6cb	4057f96d76cc09c7	1459	2	2	512	-1	1	1	0	none	-1	-	-	-	1	1	replay	none	491	4.1780
570	1788554421150406459	0x7f27a1e2f3b0	1	d702fd6fe588b6cb	4057f96d76cc09c7	1459	2	2	512	-1	1	1	0	none	-1	-	-	-	1	1	replay	none	481	4.2990
571	1788554421155860023	0x7f27a1e2f3b0	1	d702fd6fe588b6cb	4057f96d76cc09c7	1459	2	2	512	-1	1	1	0	none	-1	-	-	-	1	1	replay	none	488	4.0818
572	1788554421161142897	0x7f27a1e2f3b0	1	d702fd6fe588b6cb	4057f96d76cc09c7	1459	2	2	512	-1	1	1	0	none	-1	-	-	-	1	1	replay	none	485	4.0360
573	1788554421166373242	0x7f27a1e2f3b0	1	d702fd6fe588b6cb	4057f96d76cc09c7	1459	2	2	512	-1	1	1	0	none	-1	-	-	-	1	1	replay	none	480	4.0201
574	1788554421171544316	0x7f27a1e2f3b0	1	d702fd6fe588b6cb	4057f96d76cc09c7	1459	2	2	512	-1	1	1	0	none	-1	-	-	-	1	1	replay	none	499	4.1002
575	1788554421176741478	0x7f27a1e2f3b0	1	d702fd6fe588b6cb	4057f96d76cc09c7	1459	2	2	512	-1	1	1	0	none	-1	-	-	-	1	1	replay	none	474	4.1869
576	1788554421182104552	0x7f27a1e2f3b0	1	d702fd6fe588b6cb	4057f96d76cc09c7	1459	2	2	512	-1	1	1	0	none	-1	-	-	-	1	1	replay	none	476	4.2900
577	1788554421187527539	0x7f27a1e2f3b0	1	d702fd6fe588b6cb	4057f96d76cc09c7	1459	2	2	512	-1	1	1	0	none	-1	-	-	-	1	1	replay	none	476	4.1025
578	1788554421192786568	0x7f27a1e2f3b0	1	d702fd6fe588b6cb	4057f96d76cc09c7	1459	2	2	512	-1	1	1	0	none	-1	-	-	-	1	1	replay	none	472	4.0645
579	1788554421198009530	0x7f27a1e2f3b0	1	d702fd6fe588b6cb	4057f96d76cc09c7	1459	2	2	512	-1	1	1	0	none	-1	-	-	-	1	1	replay	none	500	4.0359
580	1788554421203250184	0x7f27a1e2f3b0	1	d702fd6fe588b6cb	4057f96d76cc09c7	1459	2	2	512	-1	1	1	0	none	-1	-	-	-	1	1	replay	none	477	4.0421
581	1788554421208350675	0x7f27a1e2f3b0	1	d702fd6fe588b6cb	4057f96d76cc09c7	1459	2	2	512	-1	1	1	0	none	-1	-	-	-	1	1	replay	none	586	4.2870
582	1788554421214325889	0x7f27a1e2f3b0	1	0dfa7fc3533697c4	bf4695d7b8bc75bc	1459	1	1	512	-1	1	1	1	structure	0	GET_ROWS	model.input_embed	shape,data	1	0	direct	none	2323	4.4497
583	1788554421219623972	0x7f27a1e2f3b0	1	0dfa7fc3533697c4	bf4695d7b8bc75bc	1459	1	1	512	-1	1	1	0	none	-1	-	-	-	0	1	capture	reinstantiate	2842	6.1161
584	1788554421226605015	0x7f27a1e2f3b0	1	0dfa7fc3533697c4	bf4695d7b8bc75bc	1459	1	1	512	-1	1	1	0	none	-1	-	-	-	1	1	replay	none	478	3.9989
585	1788554421231487066	0x7f27a1e2f3b0	1	0dfa7fc3533697c4	bf4695d7b8bc75bc	1459	1	1	512	-1	1	1	0	none	-1	-	-	-	1	1	replay	none	478	4.0214
586	1788554421236377443	0x7f27a1e2f3b0	1	0dfa7fc3533697c4	bf4695d7b8bc75bc	1459	1	1	512	-1	1	1	0	none	-1	-	-	-	1	1	replay	none	472	3.7268
587	1788554421241021326	0x7f27a1e2f3b0	1	0dfa7fc3533697c4	bf4695d7b8bc75bc	1459	1	1	512	-1	1	1	0	none	-1	-	-	-	1	1	replay	none	477	3.7412
588	1788554421245563258	0x7f27a1e2f3b0	1	0dfa7fc3533697c4	bf4695d7b8bc75bc	1459	1	1	512	-1	1	1	0	none	-1	-	-	-	1	1	replay	none	477	3.9949
589	1788554421250447814	0x7f27a1e2f3b0	1	0dfa7fc3533697c4	bf4695d7b8bc75bc	1459	1	1	512	-1	1	1	0	none	-1	-	-	-	1	1	replay	none	476	4.0331
590	1788554421255367665	0x7f27a1e2f3b0	1	0dfa7fc3533697c4	bf4695d7b8bc75bc	1459	1	1	512	-1	1	1	0	none	-1	-	-	-	1	1	replay	none	476	3.7671
591	1788554421260045222	0x7f27a1e2f3b0	1	0dfa7fc3533697c4	bf4695d7b8bc75bc	1459	1	1	512	-1	1	1	0	none	-1	-	-	-	1	1	replay	none	479	3.7490
592	1788554421264598465	0x7f27a1e2f3b0	1	0dfa7fc3533697c4	bf4695d7b8bc75bc	1459	1	1	512	-1	1	1	0	none	-1	-	-	-	1	1	replay	none	616	4.0773
593	1788554421269615369	0x7f27a1e2f3b0	1	0dfa7fc3533697c4	bf4695d7b8bc75bc	1459	1	1	512	-1	1	1	0	none	-1	-	-	-	1	1	replay	none	478	3.9249
594	1788554421274415506	0x7f27a1e2f3b0	1	0dfa7fc3533697c4	bf4695d7b8bc75bc	1459	1	1	512	-1	1	1	0	none	-1	-	-	-	1	1	replay	none	546	3.8250
595	1788554421279187811	0x7f27a1e2f3b0	1	0dfa7fc3533697c4	bf4695d7b8bc75bc	1459	1	1	512	-1	1	1	0	none	-1	-	-	-	1	1	replay	none	502	3.7407
596	1788554421283995612	0x7f27a1e2f3b0	1	0dfa7fc3533697c4	bf4695d7b8bc75bc	1459	1	1	512	-1	1	1	0	none	-1	-	-	-	1	1	replay	none	499	3.8011
597	1788554421288626712	0x7f27a1e2f3b0	1	0dfa7fc3533697c4	bf4695d7b8bc75bc	1459	1	1	512	-1	1	1	0	none	-1	-	-	-	1	1	replay	none	514	4.0044
598	1788554421293573784	0x7f27a1e2f3b0	1	0dfa7fc3533697c4	bf4695d7b8bc75bc	1459	1	1	512	-1	1	1	0	none	-1	-	-	-	1	1	replay	none	472	4.0439
599	1788554421298505078	0x7f27a1e2f3b0	1	0dfa7fc3533697c4	bf4695d7b8bc75bc	1459	1	1	512	-1	1	1	0	none	-1	-	-	-	1	1	replay	none	471	3.7251
600	1788554421303156686	0x7f27a1e2f3b0	1	0dfa7fc3533697c4	bf4695d7b8bc75bc	1459	1	1	512	-1	1	1	0	none	-1	-	-	-	1	1	replay	none	474	3.7418
601	1788554421307767287	0x7f27a1e2f3b0	1	0dfa7fc3533697c4	bf4695d7b8bc75bc	1459	1	1	512	-1	1	1	0	none	-1	-	-	-	1	1	replay	none	603	4.0050
602	1788554421312758482	0x7f27a1e2f3b0	1	0dfa7fc3533697c4	bf4695d7b8bc75bc	1459	1	1	512	-1	1	1	0	none	-1	-	-	-	1	1	replay	none	476	4.0204
603	1788554421317698091	0x7f27a1e2f3b0	1	0dfa7fc3533697c4	bf4695d7b8bc75bc	1459	1	1	512	-1	1	1	0	none	-1	-	-	-	1	1	replay	none	475	3.7363
604	1788554421322306007	0x7f27a1e2f3b0	1	0dfa7fc3533697c4	bf4695d7b8bc75bc	1459	1	1	512	-1	1	1	0	none	-1	-	-	-	1	1	replay	none	478	3.7477
605	1788554421326867736	0x7f27a1e2f3b0	1	0dfa7fc3533697c4	bf4695d7b8bc75bc	1459	1	1	512	-1	1	1	0	none	-1	-	-	-	1	1	replay	none	486	4.0098
606	1788554421331734739	0x7f27a1e2f3b0	1	0dfa7fc3533697c4	bf4695d7b8bc75bc	1459	1	1	512	-1	1	1	0	none	-1	-	-	-	1	1	replay	none	471	3.9679
607	1788554421336587174	0x7f27a1e2f3b0	1	0dfa7fc3533697c4	bf4695d7b8bc75bc	1459	1	1	512	-1	1	1	0	none	-1	-	-	-	1	1	replay	none	476	3.7804
608	1788554421341281121	0x7f27a1e2f3b0	1	0dfa7fc3533697c4	bf4695d7b8bc75bc	1459	1	1	512	-1	1	1	0	none	-1	-	-	-	1	1	replay	none	473	3.7350
609	1788554421345810279	0x7f27a1e2f3b0	1	0dfa7fc3533697c4	bf4695d7b8bc75bc	1459	1	1	512	-1	1	1	0	none	-1	-	-	-	1	1	replay	none	516	4.0911
610	1788554421350695496	0x7f27a1e2f3b0	1	0dfa7fc3533697c4	bf4695d7b8bc75bc	1459	1	1	512	-1	1	1	0	none	-1	-	-	-	1	1	replay	none	470	4.0057
611	1788554421355569993	0x7f27a1e2f3b0	1	0dfa7fc3533697c4	bf4695d7b8bc75bc	1459	1	1	512	-1	1	1	0	none	-1	-	-	-	1	1	replay	none	504	3.7766
612	1788554421360281283	0x7f27a1e2f3b0	1	0dfa7fc3533697c4	bf4695d7b8bc75bc	1459	1	1	512	-1	1	1	0	none	-1	-	-	-	1	1	replay	none	500	3.7356
613	1788554421364843813	0x7f27a1e2f3b0	1	0dfa7fc3533697c4	bf4695d7b8bc75bc	1459	1	1	512	-1	1	1	0	none	-1	-	-	-	1	1	replay	none	555	4.0511
614	1788554421369778042	0x7f27a1e2f3b0	1	0dfa7fc3533697c4	bf4695d7b8bc75bc	1459	1	1	512	-1	1	1	0	none	-1	-	-	-	1	1	replay	none	469	4.0030
615	1788554421374645746	0x7f27a1e2f3b0	1	0dfa7fc3533697c4	bf4695d7b8bc75bc	1459	1	1	512	-1	1	1	0	none	-1	-	-	-	1	1	replay	none	504	3.7760
616	1788554421379389918	0x7f27a1e2f3b0	1	0dfa7fc3533697c4	bf4695d7b8bc75bc	1459	1	1	512	-1	1	1	0	none	-1	-	-	-	1	1	replay	none	496	3.7388
617	1788554421384178763	0x7f27a1e2f3b0	1	0dfa7fc3533697c4	bf4695d7b8bc75bc	1459	1	1	512	-1	1	1	0	none	-1	-	-	-	1	1	replay	none	560	3.7988
618	1788554421388866690	0x7f27a1e2f3b0	1	0dfa7fc3533697c4	bf4695d7b8bc75bc	1459	1	1	512	-1	1	1	0	none	-1	-	-	-	1	1	replay	none	477	4.0016
619	1788554421393774579	0x7f27a1e2f3b0	1	0dfa7fc3533697c4	bf4695d7b8bc75bc	1459	1	1	512	-1	1	1	0	none	-1	-	-	-	1	1	replay	none	477	4.0292
620	1788554421398691666	0x7f27a1e2f3b0	1	0dfa7fc3533697c4	bf4695d7b8bc75bc	1459	1	1	512	-1	1	1	0	none	-1	-	-	-	1	1	replay	none	474	3.7451
621	1788554421403383569	0x7f27a1e2f3b0	1	0dfa7fc3533697c4	bf4695d7b8bc75bc	1459	1	1	512	-1	1	1	0	none	-1	-	-	-	1	1	replay	none	493	3.7950
622	1788554421408003928	0x7f27a1e2f3b0	1	0dfa7fc3533697c4	bf4695d7b8bc75bc	1459	1	1	512	-1	1	1	0	none	-1	-	-	-	1	1	replay	none	471	3.9541
623	1788554421412851174	0x7f27a1e2f3b0	1	0dfa7fc3533697c4	bf4695d7b8bc75bc	1459	1	1	512	-1	1	1	0	none	-1	-	-	-	1	1	replay	none	468	3.7724
624	1788554421417538308	0x7f27a1e2f3b0	1	0dfa7fc3533697c4	bf4695d7b8bc75bc	1459	1	1	512	-1	1	1	0	none	-1	-	-	-	1	1	replay	none	475	3.7406
625	1788554421422192671	0x7f27a1e2f3b0	1	0dfa7fc3533697c4	bf4695d7b8bc75bc	1459	1	1	512	-1	1	1	0	none	-1	-	-	-	1	1	replay	none	473	3.7414
626	1788554421426735265	0x7f27a1e2f3b0	1	0dfa7fc3533697c4	bf4695d7b8bc75bc	1459	1	1	512	-1	1	1	0	none	-1	-	-	-	1	1	replay	none	475	3.9969
627	1788554421431604982	0x7f27a1e2f3b0	1	0dfa7fc3533697c4	bf4695d7b8bc75bc	1459	1	1	512	-1	1	1	0	none	-1	-	-	-	1	1	replay	none	474	4.0375
628	1788554421436522620	0x7f27a1e2f3b0	1	0dfa7fc3533697c4	bf4695d7b8bc75bc	1459	1	1	512	-1	1	1	0	none	-1	-	-	-	1	1	replay	none	472	3.7649
629	1788554421441172164	0x7f27a1e2f3b0	1	0dfa7fc3533697c4	bf4695d7b8bc75bc	1459	1	1	512	-1	1	1	0	none	-1	-	-	-	1	1	replay	none	487	3.7518
630	1788554421445756205	0x7f27a1e2f3b0	1	0dfa7fc3533697c4	bf4695d7b8bc75bc	1459	1	1	512	-1	1	1	0	none	-1	-	-	-	1	1	replay	none	533	4.0572
631	1788554421450680575	0x7f27a1e2f3b0	1	0dfa7fc3533697c4	bf4695d7b8bc75bc	1459	1	1	512	-1	1	1	0	none	-1	-	-	-	1	1	replay	none	475	4.0000
632	1788554421455550584	0x7f27a1e2f3b0	1	0dfa7fc3533697c4	bf4695d7b8bc75bc	1459	1	1	512	-1	1	1	0	none	-1	-	-	-	1	1	replay	none	480	3.7773
633	1788554421460203183	0x7f27a1e2f3b0	1	0dfa7fc3533697c4	bf4695d7b8bc75bc	1459	1	1	512	-1	1	1	0	none	-1	-	-	-	1	1	replay	none	476	3.7403
634	1788554421465033437	0x7f27a1e2f3b0	1	0dfa7fc3533697c4	bf4695d7b8bc75bc	1459	1	1	512	-1	1	1	0	none	-1	-	-	-	1	1	replay	none	479	3.8242
635	1788554421469675487	0x7f27a1e2f3b0	1	0dfa7fc3533697c4	bf4695d7b8bc75bc	1459	1	1	512	-1	1	1	0	none	-1	-	-	-	1	1	replay	none	473	3.9999
636	1788554421474543501	0x7f27a1e2f3b0	1	0dfa7fc3533697c4	bf4695d7b8bc75bc	1459	1	1	512	-1	1	1	0	none	-1	-	-	-	1	1	replay	none	474	3.7836
637	1788554421479180371	0x7f27a1e2f3b0	1	0dfa7fc3533697c4	bf4695d7b8bc75bc	1459	1	1	512	-1	1	1	0	none	-1	-	-	-	1	1	replay	none	473	3.7257
638	1788554421483927218	0x7f27a1e2f3b0	1	0dfa7fc3533697c4	bf4695d7b8bc75bc	1459	1	1	512	-1	1	1	0	none	-1	-	-	-	1	1	replay	none	476	3.8062
639	1788554421488585438	0x7f27a1e2f3b0	1	0dfa7fc3533697c4	bf4695d7b8bc75bc	1459	1	1	512	-1	1	1	0	none	-1	-	-	-	1	1	replay	none	479	3.9996
640	1788554421493459484	0x7f27a1e2f3b0	1	0dfa7fc3533697c4	bf4695d7b8bc75bc	1459	1	1	512	-1	1	1	0	none	-1	-	-	-	1	1	replay	none	473	3.7873
641	1788554421498105963	0x7f27a1e2f3b0	1	0dfa7fc3533697c4	bf4695d7b8bc75bc	1459	1	1	512	-1	1	1	0	none	-1	-	-	-	1	1	replay	none	483	3.7389
642	1788554421502798087	0x7f27a1e2f3b0	1	0dfa7fc3533697c4	bf4695d7b8bc75bc	1459	1	1	512	-1	1	1	0	none	-1	-	-	-	1	1	replay	none	567	3.8027
643	1788554421507498837	0x7f27a1e2f3b0	1	0dfa7fc3533697c4	bf4695d7b8bc75bc	1459	1	1	512	-1	1	1	0	none	-1	-	-	-	1	1	replay	none	470	3.9995
644	1788554421512372913	0x7f27a1e2f3b0	1	0dfa7fc3533697c4	bf4695d7b8bc75bc	1459	1	1	512	-1	1	1	0	none	-1	-	-	-	1	1	replay	none	474	3.9900
645	1788554421517238593	0x7f27a1e2f3b0	1	0dfa7fc3533697c4	bf4695d7b8bc75bc	1459	1	1	512	-1	1	1	0	none	-1	-	-	-	1	1	replay	none	478	3.7453
646	1788554421522165508	0x7f27a1e2f3b0	1	0dfa7fc3533697c4	bf4695d7b8bc75bc	1459	1	1	512	-1	1	1	0	none	-1	-	-	-	1	1	replay	none	514	3.8102
647	1788554421526846250	0x7f27a1e2f3b0	1	0dfa7fc3533697c4	bf4695d7b8bc75bc	1459	1	1	512	-1	1	1	0	none	-1	-	-	-	1	1	replay	none	480	5.1086
648	1788554421533483799	0x7f27a1e2f3b0	1	0dfa7fc3533697c4	bf4695d7b8bc75bc	1459	1	1	512	-1	1	1	0	none	-1	-	-	-	1	1	replay	none	474	4.1315
649	1788554421538420432	0x7f27a1e2f3b0	1	0dfa7fc3533697c4	bf4695d7b8bc75bc	1459	1	1	512	-1	1	1	0	none	-1	-	-	-	1	1	replay	none	474	4.0003
650	1788554421543314395	0x7f27a1e2f3b0	1	0dfa7fc3533697c4	bf4695d7b8bc75bc	1459	1	1	512	-1	1	1	0	none	-1	-	-	-	1	1	replay	none	478	3.7912
651	1788554421547972345	0x7f27a1e2f3b0	1	0dfa7fc3533697c4	bf4695d7b8bc75bc	1459	1	1	512	-1	1	1	0	none	-1	-	-	-	1	1	replay	none	477	3.8919
652	1788554422060467433	0x7f27a1e2f3b0	1	802ba1f19f5ea689	7d1f90516afcefd3	1459	4	1	256	-1	1	1	1	structure	0	GET_ROWS	model.input_embed	shape,data	1	0	direct	none	2708	5.0360
653	1788554422067148013	0x7f27a1e2f3b0	1	0dfa7fc3533697c4	bf4695d7b8bc75bc	1459	1	1	512	-1	1	1	1	structure	0	GET_ROWS	model.input_embed	shape,data	0	0	direct	none	2242	4.2813
654	1788554422072367748	0x7f27a1e2f3b0	1	0dfa7fc3533697c4	bf4695d7b8bc75bc	1459	1	1	512	-1	1	1	0	none	-1	-	-	-	0	1	capture	update	1779	5.1127
655	1788554422078390511	0x7f27a1e2f3b0	1	0dfa7fc3533697c4	bf4695d7b8bc75bc	1459	1	1	512	-1	1	1	0	none	-1	-	-	-	1	1	replay	none	489	3.8660
656	1788554422083074009	0x7f27a1e2f3b0	1	0dfa7fc3533697c4	bf4695d7b8bc75bc	1459	1	1	512	-1	1	1	0	none	-1	-	-	-	1	1	replay	none	483	4.0038
657	1788554422088004150	0x7f27a1e2f3b0	1	0dfa7fc3533697c4	bf4695d7b8bc75bc	1459	1	1	512	-1	1	1	0	none	-1	-	-	-	1	1	replay	none	546	3.8889
658	1788554422092965911	0x7f27a1e2f3b0	1	0dfa7fc3533697c4	bf4695d7b8bc75bc	1459	1	1	512	-1	1	1	0	none	-1	-	-	-	1	1	replay	none	636	3.8037
659	1788554422097859283	0x7f27a1e2f3b0	1	0dfa7fc3533697c4	bf4695d7b8bc75bc	1459	1	1	512	-1	1	1	0	none	-1	-	-	-	1	1	replay	none	543	3.9838
660	1788554422103307437	0x7f27a1e2f3b0	1	0dfa7fc3533697c4	bf4695d7b8bc75bc	1459	1	1	512	-1	1	1	0	none	-1	-	-	-	1	1	replay	none	646	3.9068
661	1788554422108360880	0x7f27a1e2f3b0	1	0dfa7fc3533697c4	bf4695d7b8bc75bc	1459	1	1	512	-1	1	1	0	none	-1	-	-	-	1	1	replay	none	633	3.8401
662	1788554422113520552	0x7f27a1e2f3b0	1	0dfa7fc3533697c4	bf4695d7b8bc75bc	1459	1	1	512	-1	1	1	0	none	-1	-	-	-	1	1	replay	none	629	4.0163
663	1788554422118685504	0x7f27a1e2f3b0	1	0dfa7fc3533697c4	bf4695d7b8bc75bc	1459	1	1	512	-1	1	1	0	none	-1	-	-	-	1	1	replay	none	627	4.0307
664	1788554422123820841	0x7f27a1e2f3b0	1	0dfa7fc3533697c4	bf4695d7b8bc75bc	1459	1	1	512	-1	1	1	0	none	-1	-	-	-	1	1	replay	none	668	4.0126
665	1788554422129363362	0x7f27a1e2f3b0	1	0dfa7fc3533697c4	bf4695d7b8bc75bc	1459	1	1	512	-1	1	1	0	none	-1	-	-	-	1	1	replay	none	672	3.8793
666	1788554422134458984	0x7f27a1e2f3b0	1	0dfa7fc3533697c4	bf4695d7b8bc75bc	1459	1	1	512	-1	1	1	0	none	-1	-	-	-	1	1	replay	none	612	3.7558
667	1788554422139256877	0x7f27a1e2f3b0	1	0dfa7fc3533697c4	bf4695d7b8bc75bc	1459	1	1	512	-1	1	1	0	none	-1	-	-	-	1	1	replay	none	621	4.0240
668	1788554422144369702	0x7f27a1e2f3b0	1	0dfa7fc3533697c4	bf4695d7b8bc75bc	1459	1	1	512	-1	1	1	0	none	-1	-	-	-	1	1	replay	none	624	3.9993
669	1788554422149768253	0x7f27a1e2f3b0	1	0dfa7fc3533697c4	bf4695d7b8bc75bc	1459	1	1	512	-1	1	1	0	none	-1	-	-	-	1	1	replay	none	647	4.1165
670	1788554422155004048	0x7f27a1e2f3b0	1	0dfa7fc3533697c4	bf4695d7b8bc75bc	1459	1	1	512	-1	1	1	0	none	-1	-	-	-	1	1	replay	none	650	4.0191
671	1788554422160184108	0x7f27a1e2f3b0	1	0dfa7fc3533697c4	bf4695d7b8bc75bc	1459	1	1	512	-1	1	1	0	none	-1	-	-	-	1	1	replay	none	640	3.9512
672	1788554422165427358	0x7f27a1e2f3b0	1	0dfa7fc3533697c4	bf4695d7b8bc75bc	1459	1	1	512	-1	1	1	0	none	-1	-	-	-	1	1	replay	none	633	3.7686
673	1788554422170839234	0x7f27a1e2f3b0	1	0dfa7fc3533697c4	bf4695d7b8bc75bc	1459	1	1	512	-1	1	1	0	none	-1	-	-	-	1	1	replay	none	976	3.8567
674	1788554422176183974	0x7f27a1e2f3b0	1	0dfa7fc3533697c4	bf4695d7b8bc75bc	1459	1	1	512	-1	1	1	0	none	-1	-	-	-	1	1	replay	none	644	4.0283
675	1788554422181864945	0x7f27a1e2f3b0	1	0dfa7fc3533697c4	bf4695d7b8bc75bc	1459	1	1	512	-1	1	1	0	none	-1	-	-	-	1	1	replay	none	652	4.0544
676	1788554422187147438	0x7f27a1e2f3b0	1	0dfa7fc3533697c4	bf4695d7b8bc75bc	1459	1	1	512	-1	1	1	0	none	-1	-	-	-	1	1	replay	none	641	3.8281
677	1788554422193369506	0x7f27a1e2f3b0	1	94dc22ce3d23b91b	34e8b5fc5449164a	1459	2	1	512	-1	1	1	1	structure	0	GET_ROWS	model.input_embed	shape,data	1	0	direct	none	4620	5.4111
678	1788554422199508538	0x7f27a1e2f3b0	1	d8f873be867a8271	9d5ddbb51ea8b0f9	1459	251	0	256	-1	1	1	1	structure	0	GET_ROWS	model.input_embed	shape,data	0	0	direct	none	5632	17.2507
679	1788554422222985990	0x7f27a1e2f3b0	1	79cc5f245f480542	4057f96d76cc09c7	1459	2	1	512	-1	1	1	1	structure	0	GET_ROWS	model.input_embed	shape,data	0	0	direct	none	4401	5.1814
680	1788554422228934033	0x7f27a1e2f3b0	1	bcd06391008a2d68	0aefe615f57b2327	1459	3	1	256	-1	1	1	1	structure	0	GET_ROWS	model.input_embed	shape,data	0	0	direct	none	4468	4.8597
681	1788554422236375612	0x7f27a1e2f3b0	1	d702fd6fe588b6cb	4057f96d76cc09c7	1459	2	2	512	-1	1	1	1	structure	0	GET_ROWS	model.input_embed	shape,data	0	0	direct	none	4355	5.0946
682	1788554422242987612	0x7f27a1e2f3b0	1	d702fd6fe588b6cb	4057f96d76cc09c7	1459	2	2	512	-1	1	1	0	none	-1	-	-	-	0	1	capture	reinstantiate	5477	9.1007
683	1788554422253768975	0x7f27a1e2f3b0	1	d702fd6fe588b6cb	4057f96d76cc09c7	1459	2	2	512	-1	1	1	0	none	-1	-	-	-	1	1	replay	none	666	4.2111
684	1788554422259946499	0x7f27a1e2f3b0	1	d702fd6fe588b6cb	4057f96d76cc09c7	1459	2	2	512	-1	1	1	0	none	-1	-	-	-	1	1	replay	none	736	4.2075
685	1788554422266373001	0x7f27a1e2f3b0	1	d702fd6fe588b6cb	4057f96d76cc09c7	1459	2	2	512	-1	1	1	0	none	-1	-	-	-	1	1	replay	none	660	4.2886
686	1788554422272380196	0x7f27a1e2f3b0	1	d702fd6fe588b6cb	4057f96d76cc09c7	1459	2	2	512	-1	1	1	0	none	-1	-	-	-	1	1	replay	none	651	4.0589
687	1788554422278015341	0x7f27a1e2f3b0	1	d702fd6fe588b6cb	4057f96d76cc09c7	1459	2	2	512	-1	1	1	0	none	-1	-	-	-	1	1	replay	none	680	4.0632
688	1788554422283677557	0x7f27a1e2f3b0	1	d702fd6fe588b6cb	4057f96d76cc09c7	1459	2	2	512	-1	1	1	0	none	-1	-	-	-	1	1	replay	none	626	4.2630
689	1788554422289436596	0x7f27a1e2f3b0	1	d702fd6fe588b6cb	4057f96d76cc09c7	1459	2	2	512	-1	1	1	0	none	-1	-	-	-	1	1	replay	none	634	4.3200
690	1788554422295268361	0x7f27a1e2f3b0	1	d702fd6fe588b6cb	4057f96d76cc09c7	1459	2	2	512	-1	1	1	0	none	-1	-	-	-	1	1	replay	none	640	4.1952
691	1788554422301156571	0x7f27a1e2f3b0	1	d702fd6fe588b6cb	4057f96d76cc09c7	1459	2	2	512	-1	1	1	0	none	-1	-	-	-	1	1	replay	none	630	4.2984
692	1788554422307003364	0x7f27a1e2f3b0	1	d702fd6fe588b6cb	4057f96d76cc09c7	1459	2	2	512	-1	1	1	0	none	-1	-	-	-	1	1	replay	none	658	4.2445
693	1788554422312709193	0x7f27a1e2f3b0	1	d702fd6fe588b6cb	4057f96d76cc09c7	1459	2	2	512	-1	1	1	0	none	-1	-	-	-	1	1	replay	none	640	4.1081
694	1788554422318371880	0x7f27a1e2f3b0	1	d702fd6fe588b6cb	4057f96d76cc09c7	1459	2	2	512	-1	1	1	0	none	-1	-	-	-	1	1	replay	none	616	4.0900
695	1788554422324171885	0x7f27a1e2f3b0	1	d702fd6fe588b6cb	4057f96d76cc09c7	1459	2	2	512	-1	1	1	0	none	-1	-	-	-	1	1	replay	none	646	4.2513
696	1788554422330063833	0x7f27a1e2f3b0	1	d702fd6fe588b6cb	4057f96d76cc09c7	1459	2	2	512	-1	1	1	0	none	-1	-	-	-	1	1	replay	none	698	4.2644
697	1788554422335927207	0x7f27a1e2f3b0	1	d702fd6fe588b6cb	4057f96d76cc09c7	1459	2	2	512	-1	1	1	0	none	-1	-	-	-	1	1	replay	none	633	4.2831
698	1788554422341764252	0x7f27a1e2f3b0	1	d702fd6fe588b6cb	4057f96d76cc09c7	1459	2	2	512	-1	1	1	0	none	-1	-	-	-	1	1	replay	none	1419	4.0948
699	1788554422348183771	0x7f27a1e2f3b0	1	d702fd6fe588b6cb	4057f96d76cc09c7	1459	2	2	512	-1	1	1	0	none	-1	-	-	-	1	1	replay	none	655	4.2789
700	1788554422354026075	0x7f27a1e2f3b0	1	d702fd6fe588b6cb	4057f96d76cc09c7	1459	2	2	512	-1	1	1	0	none	-1	-	-	-	1	1	replay	none	656	4.0461
701	1788554422359548128	0x7f27a1e2f3b0	1	d702fd6fe588b6cb	4057f96d76cc09c7	1459	2	2	512	-1	1	1	0	none	-1	-	-	-	1	1	replay	none	629	4.0848
702	1788554422365071394	0x7f27a1e2f3b0	1	d702fd6fe588b6cb	4057f96d76cc09c7	1459	2	2	512	-1	1	1	0	none	-1	-	-	-	1	1	replay	none	639	4.1873
703	1788554422370872942	0x7f27a1e2f3b0	1	d702fd6fe588b6cb	4057f96d76cc09c7	1459	2	2	512	-1	1	1	0	none	-1	-	-	-	1	1	replay	none	627	4.2031
704	1788554422376693005	0x7f27a1e2f3b0	1	d702fd6fe588b6cb	4057f96d76cc09c7	1459	2	2	512	-1	1	1	0	none	-1	-	-	-	1	1	replay	none	622	4.2205
705	1788554422382438537	0x7f27a1e2f3b0	1	d702fd6fe588b6cb	4057f96d76cc09c7	1459	2	2	512	-1	1	1	0	none	-1	-	-	-	1	1	replay	none	633	4.3307
706	1788554422388292554	0x7f27a1e2f3b0	1	d702fd6fe588b6cb	4057f96d76cc09c7	1459	2	2	512	-1	1	1	0	none	-1	-	-	-	1	1	replay	none	643	4.2277
707	1788554422394169373	0x7f27a1e2f3b0	1	d702fd6fe588b6cb	4057f96d76cc09c7	1459	2	2	512	-1	1	1	0	none	-1	-	-	-	1	1	replay	none	642	4.2152
708	1788554422400109311	0x7f27a1e2f3b0	1	d702fd6fe588b6cb	4057f96d76cc09c7	1459	2	2	512	-1	1	1	0	none	-1	-	-	-	1	1	replay	none	644	4.3731
709	1788554422406141422	0x7f27a1e2f3b0	1	d702fd6fe588b6cb	4057f96d76cc09c7	1459	2	2	512	-1	1	1	0	none	-1	-	-	-	1	1	replay	none	658	4.4348
710	1788554422412172502	0x7f27a1e2f3b0	1	d702fd6fe588b6cb	4057f96d76cc09c7	1459	2	2	512	-1	1	1	0	none	-1	-	-	-	1	1	replay	none	635	4.3172
711	1788554422418183193	0x7f27a1e2f3b0	1	d702fd6fe588b6cb	4057f96d76cc09c7	1459	2	2	512	-1	1	1	0	none	-1	-	-	-	1	1	replay	none	636	4.2532
712	1788554422424853182	0x7f27a1e2f3b0	1	0dfa7fc3533697c4	bf4695d7b8bc75bc	1459	1	1	512	-1	1	1	1	structure	0	GET_ROWS	model.input_embed	shape,data	1	0	direct	none	4349	4.7608
713	1788554422430792459	0x7f27a1e2f3b0	1	0dfa7fc3533697c4	bf4695d7b8bc75bc	1459	1	1	512	-1	1	1	0	none	-1	-	-	-	0	1	capture	reinstantiate	5207	8.3849
714	1788554422440369790	0x7f27a1e2f3b0	1	0dfa7fc3533697c4	bf4695d7b8bc75bc	1459	1	1	512	-1	1	1	0	none	-1	-	-	-	1	1	replay	none	640	3.8490
715	1788554422445345276	0x7f27a1e2f3b0	1	0dfa7fc3533697c4	bf4695d7b8bc75bc	1459	1	1	512	-1	1	1	0	none	-1	-	-	-	1	1	replay	none	638	4.0529
716	1788554422450597061	0x7f27a1e2f3b0	1	0dfa7fc3533697c4	bf4695d7b8bc75bc	1459	1	1	512	-1	1	1	0	none	-1	-	-	-	1	1	replay	none	624	4.0861
717	1788554422455772583	0x7f27a1e2f3b0	1	0dfa7fc3533697c4	bf4695d7b8bc75bc	1459	1	1	512	-1	1	1	0	none	-1	-	-	-	1	1	replay	none	655	4.0402
718	1788554422461148772	0x7f27a1e2f3b0	1	0dfa7fc3533697c4	bf4695d7b8bc75bc	1459	1	1	512	-1	1	1	0	none	-1	-	-	-	1	1	replay	none	645	3.9989
719	1788554422466377855	0x7f27a1e2f3b0	1	0dfa7fc3533697c4	bf4695d7b8bc75bc	1459	1	1	512	-1	1	1	0	none	-1	-	-	-	1	1	replay	none	630	3.7557
720	1788554422471807214	0x7f27a1e2f3b0	1	0dfa7fc3533697c4	bf4695d7b8bc75bc	1459	1	1	512	-1	1	1	0	none	-1	-	-	-	1	1	replay	none	645	3.7597
721	1788554422476755629	0x7f27a1e2f3b0	1	0dfa7fc3533697c4	bf4695d7b8bc75bc	1459	1	1	512	-1	1	1	0	none	-1	-	-	-	1	1	replay	none	635	4.0942
722	1788554422481945749	0x7f27a1e2f3b0	1	0dfa7fc3533697c4	bf4695d7b8bc75bc	1459	1	1	512	-1	1	1	0	none	-1	-	-	-	1	1	replay	none	644	4.1462
723	1788554422487698375	0x7f27a1e2f3b0	1	0dfa7fc3533697c4	bf4695d7b8bc75bc	1459	1	1	512	-1	1	1	0	none	-1	-	-	-	1	1	replay	none	619	3.8035
724	1788554422492819765	0x7f27a1e2f3b0	1	0dfa7fc3533697c4	bf4695d7b8bc75bc	1459	1	1	512	-1	1	1	0	none	-1	-	-	-	1	1	replay	none	636	5.8279
725	1788554422499863066	0x7f27a1e2f3b0	1	0dfa7fc3533697c4	bf4695d7b8bc75bc	1459	1	1	512	-1	1	1	0	none	-1	-	-	-	1	1	replay	none	653	3.9880
726	1788554422505022829	0x7f27a1e2f3b0	1	0dfa7fc3533697c4	bf4695d7b8bc75bc	1459	1	1	512	-1	1	1	0	none	-1	-	-	-	1	1	replay	none	632	3.9181
727	1788554422510142696	0x7f27a1e2f3b0	1	0dfa7fc3533697c4	bf4695d7b8bc75bc	1459	1	1	512	-1	1	1	0	none	-1	-	-	-	1	1	replay	none	645	4.0055
728	1788554422515242456	0x7f27a1e2f3b0	1	0dfa7fc3533697c4	bf4695d7b8bc75bc	1459	1	1	512	-1	1	1	0	none	-1	-	-	-	1	1	replay	none	627	4.0587
729	1788554422520853155	0x7f27a1e2f3b0	1	0dfa7fc3533697c4	bf4695d7b8bc75bc	1459	1	1	512	-1	1	1	0	none	-1	-	-	-	1	1	replay	none	627	4.0336
730	1788554422526057151	0x7f27a1e2f3b0	1	0dfa7fc3533697c4	bf4695d7b8bc75bc	1459	1	1	512	-1	1	1	0	none	-1	-	-	-	1	1	replay	none	641	4.0829
731	1788554422531401831	0x7f27a1e2f3b0	1	0dfa7fc3533697c4	bf4695d7b8bc75bc	1459	1	1	512	-1	1	1	0	none	-1	-	-	-	1	1	replay	none	625	4.0581
732	1788554422536734758	0x7f27a1e2f3b0	1	0dfa7fc3533697c4	bf4695d7b8bc75bc	1459	1	1	512	-1	1	1	0	none	-1	-	-	-	1	1	replay	none	647	4.0603
733	1788554422541991934	0x7f27a1e2f3b0	1	0dfa7fc3533697c4	bf4695d7b8bc75bc	1459	1	1	512	-1	1	1	0	none	-1	-	-	-	1	1	replay	none	651	3.9869
734	1788554422547144042	0x7f27a1e2f3b0	1	0dfa7fc3533697c4	bf4695d7b8bc75bc	1459	1	1	512	-1	1	1	0	none	-1	-	-	-	1	1	replay	none	637	3.7616
735	1788554422552077018	0x7f27a1e2f3b0	1	0dfa7fc3533697c4	bf4695d7b8bc75bc	1459	1	1	512	-1	1	1	0	none	-1	-	-	-	1	1	replay	none	627	3.8476
736	1788554422557125081	0x7f27a1e2f3b0	1	0dfa7fc3533697c4	bf4695d7b8bc75bc	1459	1	1	512	-1	1	1	0	none	-1	-	-	-	1	1	replay	none	647	4.0821
737	1788554422562311193	0x7f27a1e2f3b0	1	0dfa7fc3533697c4	bf4695d7b8bc75bc	1459	1	1	512	-1	1	1	0	none	-1	-	-	-	1	1	replay	none	646	4.0154
738	1788554422567496694	0x7f27a1e2f3b0	1	0dfa7fc3533697c4	bf4695d7b8bc75bc	1459	1	1	512	-1	1	1	0	none	-1	-	-	-	1	1	replay	none	619	3.9956
739	1788554422572636990	0x7f27a1e2f3b0	1	0dfa7fc3533697c4	bf4695d7b8bc75bc	1459	1	1	512	-1	1	1	0	none	-1	-	-	-	1	1	replay	none	632	3.7757
740	1788554422577568323	0x7f27a1e2f3b0	1	0dfa7fc3533697c4	bf4695d7b8bc75bc	1459	1	1	512	-1	1	1	0	none	-1	-	-	-	1	1	replay	none	630	4.0700
741	1788554422582842010	0x7f27a1e2f3b0	1	0dfa7fc3533697c4	bf4695d7b8bc75bc	1459	1	1	512	-1	1	1	0	none	-1	-	-	-	1	1	replay	none	625	4.0108
742	1788554422587942521	0x7f27a1e2f3b0	1	0dfa7fc3533697c4	bf4695d7b8bc75bc	1459	1	1	512	-1	1	1	0	none	-1	-	-	-	1	1	replay	none	626	3.9124
743	1788554422592946781	0x7f27a1e2f3b0	1	0dfa7fc3533697c4	bf4695d7b8bc75bc	1459	1	1	512	-1	1	1	0	none	-1	-	-	-	1	1	replay	none	627	3.7955
744	1788554422597980617	0x7f27a1e2f3b0	1	0dfa7fc3533697c4	bf4695d7b8bc75bc	1459	1	1	512	-1	1	1	0	none	-1	-	-	-	1	1	replay	none	629	3.9449
745	1788554422603007510	0x7f27a1e2f3b0	1	0dfa7fc3533697c4	bf4695d7b8bc75bc	1459	1	1	512	-1	1	1	0	none	-1	-	-	-	1	1	replay	none	618	3.9802
746	1788554422608024053	0x7f27a1e2f3b0	1	0dfa7fc3533697c4	bf4695d7b8bc75bc	1459	1	1	512	-1	1	1	0	none	-1	-	-	-	1	1	replay	none	633	3.9477
747	1788554422613133381	0x7f27a1e2f3b0	1	0dfa7fc3533697c4	bf4695d7b8bc75bc	1459	1	1	512	-1	1	1	0	none	-1	-	-	-	1	1	replay	none	659	3.9451
748	1788554422618176184	0x7f27a1e2f3b0	1	0dfa7fc3533697c4	bf4695d7b8bc75bc	1459	1	1	512	-1	1	1	0	none	-1	-	-	-	1	1	replay	none	588	3.8472
749	1788554422623133697	0x7f27a1e2f3b0	1	0dfa7fc3533697c4	bf4695d7b8bc75bc	1459	1	1	512	-1	1	1	0	none	-1	-	-	-	1	1	replay	none	645	3.9873
750	1788554422628125554	0x7f27a1e2f3b0	1	0dfa7fc3533697c4	bf4695d7b8bc75bc	1459	1	1	512	-1	1	1	0	none	-1	-	-	-	1	1	replay	none	633	3.8209
751	1788554422633107201	0x7f27a1e2f3b0	1	0dfa7fc3533697c4	bf4695d7b8bc75bc	1459	1	1	512	-1	1	1	0	none	-1	-	-	-	1	1	replay	none	630	4.0469
752	1788554422638304735	0x7f27a1e2f3b0	1	0dfa7fc3533697c4	bf4695d7b8bc75bc	1459	1	1	512	-1	1	1	0	none	-1	-	-	-	1	1	replay	none	622	3.7808
753	1788554422643221902	0x7f27a1e2f3b0	1	0dfa7fc3533697c4	bf4695d7b8bc75bc	1459	1	1	512	-1	1	1	0	none	-1	-	-	-	1	1	replay	none	655	3.8947
754	1788554422648301013	0x7f27a1e2f3b0	1	0dfa7fc3533697c4	bf4695d7b8bc75bc	1459	1	1	512	-1	1	1	0	none	-1	-	-	-	1	1	replay	none	631	3.7695
755	1788554422653374603	0x7f27a1e2f3b0	1	0dfa7fc3533697c4	bf4695d7b8bc75bc	1459	1	1	512	-1	1	1	0	none	-1	-	-	-	1	1	replay	none	635	3.7603
756	1788554422658283945	0x7f27a1e2f3b0	1	0dfa7fc3533697c4	bf4695d7b8bc75bc	1459	1	1	512	-1	1	1	0	none	-1	-	-	-	1	1	replay	none	516	4.0176
757	1788554422663412579	0x7f27a1e2f3b0	1	0dfa7fc3533697c4	bf4695d7b8bc75bc	1459	1	1	512	-1	1	1	0	none	-1	-	-	-	1	1	replay	none	618	3.9230
758	1788554422668791904	0x7f27a1e2f3b0	1	0dfa7fc3533697c4	bf4695d7b8bc75bc	1459	1	1	512	-1	1	1	0	none	-1	-	-	-	1	1	replay	none	637	3.8630
759	1788554422673868030	0x7f27a1e2f3b0	1	0dfa7fc3533697c4	bf4695d7b8bc75bc	1459	1	1	512	-1	1	1	0	none	-1	-	-	-	1	1	replay	none	654	3.8469
760	1788554422678896766	0x7f27a1e2f3b0	1	0dfa7fc3533697c4	bf4695d7b8bc75bc	1459	1	1	512	-1	1	1	0	none	-1	-	-	-	1	1	replay	none	634	3.9012
761	1788554422683933577	0x7f27a1e2f3b0	1	0dfa7fc3533697c4	bf4695d7b8bc75bc	1459	1	1	512	-1	1	1	0	none	-1	-	-	-	1	1	replay	none	627	3.9716
762	1788554422689050900	0x7f27a1e2f3b0	1	0dfa7fc3533697c4	bf4695d7b8bc75bc	1459	1	1	512	-1	1	1	0	none	-1	-	-	-	1	1	replay	none	630	4.0264
763	1788554422694181007	0x7f27a1e2f3b0	1	0dfa7fc3533697c4	bf4695d7b8bc75bc	1459	1	1	512	-1	1	1	0	none	-1	-	-	-	1	1	replay	none	646	4.0912
764	1788554422699434225	0x7f27a1e2f3b0	1	0dfa7fc3533697c4	bf4695d7b8bc75bc	1459	1	1	512	-1	1	1	0	none	-1	-	-	-	1	1	replay	none	619	4.0360
765	1788554422704800906	0x7f27a1e2f3b0	1	0dfa7fc3533697c4	bf4695d7b8bc75bc	1459	1	1	512	-1	1	1	0	none	-1	-	-	-	1	1	replay	none	638	3.9538
766	1788554422709845793	0x7f27a1e2f3b0	1	0dfa7fc3533697c4	bf4695d7b8bc75bc	1459	1	1	512	-1	1	1	0	none	-1	-	-	-	1	1	replay	none	643	4.0639
767	1788554422715017478	0x7f27a1e2f3b0	1	0dfa7fc3533697c4	bf4695d7b8bc75bc	1459	1	1	512	-1	1	1	0	none	-1	-	-	-	1	1	replay	none	620	4.0489
768	1788554422720197308	0x7f27a1e2f3b0	1	0dfa7fc3533697c4	bf4695d7b8bc75bc	1459	1	1	512	-1	1	1	0	none	-1	-	-	-	1	1	replay	none	654	4.0311
769	1788554422725731253	0x7f27a1e2f3b0	1	0dfa7fc3533697c4	bf4695d7b8bc75bc	1459	1	1	512	-1	1	1	0	none	-1	-	-	-	1	1	replay	none	639	4.0503
770	1788554422730946370	0x7f27a1e2f3b0	1	0dfa7fc3533697c4	bf4695d7b8bc75bc	1459	1	1	512	-1	1	1	0	none	-1	-	-	-	1	1	replay	none	685	3.9028
771	1788554422736007777	0x7f27a1e2f3b0	1	0dfa7fc3533697c4	bf4695d7b8bc75bc	1459	1	1	512	-1	1	1	0	none	-1	-	-	-	1	1	replay	none	625	3.9796
772	1788554422741132354	0x7f27a1e2f3b0	1	0dfa7fc3533697c4	bf4695d7b8bc75bc	1459	1	1	512	-1	1	1	0	none	-1	-	-	-	1	1	replay	none	624	3.7640
773	1788554422746034673	0x7f27a1e2f3b0	1	0dfa7fc3533697c4	bf4695d7b8bc75bc	1459	1	1	512	-1	1	1	0	none	-1	-	-	-	1	1	replay	none	627	4.0530
774	1788554422751232266	0x7f27a1e2f3b0	1	0dfa7fc3533697c4	bf4695d7b8bc75bc	1459	1	1	512	-1	1	1	0	none	-1	-	-	-	1	1	replay	none	617	4.0319
775	1788554422756317278	0x7f27a1e2f3b0	1	0dfa7fc3533697c4	bf4695d7b8bc75bc	1459	1	1	512	-1	1	1	0	none	-1	-	-	-	1	1	replay	none	627	3.7963
776	1788554422761357005	0x7f27a1e2f3b0	1	0dfa7fc3533697c4	bf4695d7b8bc75bc	1459	1	1	512	-1	1	1	0	none	-1	-	-	-	1	1	replay	none	617	3.9032
777	1788554422766386904	0x7f27a1e2f3b0	1	0dfa7fc3533697c4	bf4695d7b8bc75bc	1459	1	1	512	-1	1	1	0	none	-1	-	-	-	1	1	replay	none	619	3.9340
778	1788554422771427272	0x7f27a1e2f3b0	1	0dfa7fc3533697c4	bf4695d7b8bc75bc	1459	1	1	512	-1	1	1	0	none	-1	-	-	-	1	1	replay	none	625	4.0569
779	1788554422776644753	0x7f27a1e2f3b0	1	0dfa7fc3533697c4	bf4695d7b8bc75bc	1459	1	1	512	-1	1	1	0	none	-1	-	-	-	1	1	replay	none	622	4.0148
780	1788554422781815175	0x7f27a1e2f3b0	1	0dfa7fc3533697c4	bf4695d7b8bc75bc	1459	1	1	512	-1	1	1	0	none	-1	-	-	-	1	1	replay	none	634	3.7960
781	1788554422786796643	0x7f27a1e2f3b0	1	0dfa7fc3533697c4	bf4695d7b8bc75bc	1459	1	1	512	-1	1	1	0	none	-1	-	-	-	1	1	replay	none	617	3.8628
782	1788554424390441926	0x7f27a1e2f3b0	1	dbdb0ad78cf67443	5cec8263b24f2d72	1459	252	0	256	-1	1	1	1	structure	0	GET_ROWS	model.input_embed	shape,data	1	0	direct	none	7461	18.3009
783	1788554424414167634	0x7f27a1e2f3b0	1	5e879b663492f411	4c833ba4bc1bea9f	1459	4	1	256	-1	1	1	1	structure	0	GET_ROWS	model.input_embed	shape,data	0	0	direct	none	4792	6.5669
784	1788554424423255596	0x7f27a1e2f3b0	1	0fdbf3977c990123	37ce4a3fd2247f32	1459	1	1	512	-1	1	1	1	structure	0	GET_ROWS	model.input_embed	shape,data	0	0	direct	none	3851	4.3946
785	1788554424429050652	0x7f27a1e2f3b0	1	0fdbf3977c990123	37ce4a3fd2247f32	1459	1	1	512	-1	1	1	0	none	-1	-	-	-	0	1	capture	update	5752	8.2606
786	1788554424439696921	0x7f27a1e2f3b0	1	0fdbf3977c990123	37ce4a3fd2247f32	1459	1	1	512	-1	1	1	0	none	-1	-	-	-	1	1	replay	none	687	4.0629
787	1788554424445009921	0x7f27a1e2f3b0	1	0fdbf3977c990123	37ce4a3fd2247f32	1459	1	1	512	-1	1	1	0	none	-1	-	-	-	1	1	replay	none	664	3.7967
788	1788554424450594411	0x7f27a1e2f3b0	1	0fdbf3977c990123	37ce4a3fd2247f32	1459	1	1	512	-1	1	1	0	none	-1	-	-	-	1	1	replay	none	648	3.7886
789	1788554424455866775	0x7f27a1e2f3b0	1	0fdbf3977c990123	37ce4a3fd2247f32	1459	1	1	512	-1	1	1	0	none	-1	-	-	-	1	1	replay	none	671	3.8070
790	1788554424461060421	0x7f27a1e2f3b0	1	0fdbf3977c990123	37ce4a3fd2247f32	1459	1	1	512	-1	1	1	0	none	-1	-	-	-	1	1	replay	none	652	3.8252
791	1788554424466087314	0x7f27a1e2f3b0	1	0fdbf3977c990123	37ce4a3fd2247f32	1459	1	1	512	-1	1	1	0	none	-1	-	-	-	1	1	replay	none	642	3.9839
792	1788554424471536510	0x7f27a1e2f3b0	1	0fdbf3977c990123	37ce4a3fd2247f32	1459	1	1	512	-1	1	1	0	none	-1	-	-	-	1	1	replay	none	638	4.1257
793	1788554424476751657	0x7f27a1e2f3b0	1	0fdbf3977c990123	37ce4a3fd2247f32	1459	1	1	512	-1	1	1	0	none	-1	-	-	-	1	1	replay	none	661	4.0314
794	1788554424482154957	0x7f27a1e2f3b0	1	0fdbf3977c990123	37ce4a3fd2247f32	1459	1	1	512	-1	1	1	0	none	-1	-	-	-	1	1	replay	none	596	3.7947
795	1788554424487154388	0x7f27a1e2f3b0	1	0fdbf3977c990123	37ce4a3fd2247f32	1459	1	1	512	-1	1	1	0	none	-1	-	-	-	1	1	replay	none	658	3.8255
796	1788554424492187943	0x7f27a1e2f3b0	1	0fdbf3977c990123	37ce4a3fd2247f32	1459	1	1	512	-1	1	1	0	none	-1	-	-	-	1	1	replay	none	661	3.8024
797	1788554424497189719	0x7f27a1e2f3b0	1	0fdbf3977c990123	37ce4a3fd2247f32	1459	1	1	512	-1	1	1	0	none	-1	-	-	-	1	1	replay	none	643	3.9652
798	1788554424502383556	0x7f27a1e2f3b0	1	0fdbf3977c990123	37ce4a3fd2247f32	1459	1	1	512	-1	1	1	0	none	-1	-	-	-	1	1	replay	none	641	4.0444
799	1788554424507612899	0x7f27a1e2f3b0	1	0fdbf3977c990123	37ce4a3fd2247f32	1459	1	1	512	-1	1	1	0	none	-1	-	-	-	1	1	replay	none	641	3.7788
800	1788554424512628170	0x7f27a1e2f3b0	1	0fdbf3977c990123	37ce4a3fd2247f32	1459	1	1	512	-1	1	1	0	none	-1	-	-	-	1	1	replay	none	639	3.7724
801	1788554424517624055	0x7f27a1e2f3b0	1	0fdbf3977c990123	37ce4a3fd2247f32	1459	1	1	512	-1	1	1	0	none	-1	-	-	-	1	1	replay	none	626	3.9367
802	1788554424522782625	0x7f27a1e2f3b0	1	0fdbf3977c990123	37ce4a3fd2247f32	1459	1	1	512	-1	1	1	0	none	-1	-	-	-	1	1	replay	none	644	3.8797
803	1788554424527806522	0x7f27a1e2f3b0	1	0fdbf3977c990123	37ce4a3fd2247f32	1459	1	1	512	-1	1	1	0	none	-1	-	-	-	1	1	replay	none	644	3.9293
804	1788554424532852300	0x7f27a1e2f3b0	1	0fdbf3977c990123	37ce4a3fd2247f32	1459	1	1	512	-1	1	1	0	none	-1	-	-	-	1	1	replay	none	615	3.8699
805	1788554424537851040	0x7f27a1e2f3b0	1	0fdbf3977c990123	37ce4a3fd2247f32	1459	1	1	512	-1	1	1	0	none	-1	-	-	-	1	1	replay	none	523	3.7929
806	1788554424542851033	0x7f27a1e2f3b0	1	0fdbf3977c990123	37ce4a3fd2247f32	1459	1	1	512	-1	1	1	0	none	-1	-	-	-	1	1	replay	none	651	4.0103
807	1788554424548178700	0x7f27a1e2f3b0	1	0fdbf3977c990123	37ce4a3fd2247f32	1459	1	1	512	-1	1	1	0	none	-1	-	-	-	1	1	replay	none	612	3.9673
808	1788554424554258892	0x7f27a1e2f3b0	1	0fdbf3977c990123	37ce4a3fd2247f32	1459	1	1	512	-1	1	1	0	none	-1	-	-	-	1	1	replay	none	612	3.9579
809	1788554424558910921	0x7f27a1e2f3b0	1	da7570afdbb81394	94a357743892276a	1459	252	0	256	-1	1	1	1	structure	0	GET_ROWS	model.input_embed	shape,data	1	0	direct	none	5361	17.4468
810	1788554424582164131	0x7f27a1e2f3b0	1	0fdbf3977c990123	37ce4a3fd2247f32	1459	1	1	512	-1	1	1	1	structure	0	GET_ROWS	model.input_embed	shape,data	0	0	direct	none	4147	4.6482
811	1788554424587616073	0x7f27a1e2f3b0	1	802ba1f19f5ea689	7d1f90516afcefd3	1459	4	1	256	-1	1	1	1	structure	0	GET_ROWS	model.input_embed	shape,data	0	0	direct	none	3647	4.7731
812	1788554424595234544	0x7f27a1e2f3b0	1	d702fd6fe588b6cb	4057f96d76cc09c7	1459	2	2	512	-1	1	1	1	structure	0	GET_ROWS	model.input_embed	shape,data	0	0	direct	none	4746	5.2062
813	1788554424601963844	0x7f27a1e2f3b0	1	d702fd6fe588b6cb	4057f96d76cc09c7	1459	2	2	512	-1	1	1	0	none	-1	-	-	-	0	1	capture	reinstantiate	4565	8.0761
814	1788554424611697439	0x7f27a1e2f3b0	1	d702fd6fe588b6cb	4057f96d76cc09c7	1459	2	2	512	-1	1	1	0	none	-1	-	-	-	1	1	replay	none	675	4.1836
815	1788554424617543581	0x7f27a1e2f3b0	1	d702fd6fe588b6cb	4057f96d76cc09c7	1459	2	2	512	-1	1	1	0	none	-1	-	-	-	1	1	replay	none	633	4.2933
816	1788554424623683174	0x7f27a1e2f3b0	1	d702fd6fe588b6cb	4057f96d76cc09c7	1459	2	2	512	-1	1	1	0	none	-1	-	-	-	1	1	replay	none	662	4.2482
817	1788554424629643219	0x7f27a1e2f3b0	1	d702fd6fe588b6cb	4057f96d76cc09c7	1459	2	2	512	-1	1	1	0	none	-1	-	-	-	1	1	replay	none	636	4.3174
818	1788554424635448464	0x7f27a1e2f3b0	1	d702fd6fe588b6cb	4057f96d76cc09c7	1459	2	2	512	-1	1	1	0	none	-1	-	-	-	1	1	replay	none	640	4.3169
819	1788554424641035399	0x7f27a1e2f3b0	1	d702fd6fe588b6cb	4057f96d76cc09c7	1459	2	2	512	-1	1	1	0	none	-1	-	-	-	1	1	replay	none	568	4.2955
820	1788554424646769360	0x7f27a1e2f3b0	1	d702fd6fe588b6cb	4057f96d76cc09c7	1459	2	2	512	-1	1	1	0	none	-1	-	-	-	1	1	replay	none	658	4.3108
821	1788554424652650348	0x7f27a1e2f3b0	1	d702fd6fe588b6cb	4057f96d76cc09c7	1459	2	2	512	-1	1	1	0	none	-1	-	-	-	1	1	replay	none	627	4.2383
822	1788554424658404146	0x7f27a1e2f3b0	1	d702fd6fe588b6cb	4057f96d76cc09c7	1459	2	2	512	-1	1	1	0	none	-1	-	-	-	1	1	replay	none	625	4.2953
823	1788554424664075229	0x7f27a1e2f3b0	1	d702fd6fe588b6cb	4057f96d76cc09c7	1459	2	2	512	-1	1	1	0	none	-1	-	-	-	1	1	replay	none	601	4.0687
824	1788554424669732075	0x7f27a1e2f3b0	1	d702fd6fe588b6cb	4057f96d76cc09c7	1459	2	2	512	-1	1	1	0	none	-1	-	-	-	1	1	replay	none	635	4.0893
825	1788554424675355969	0x7f27a1e2f3b0	1	d702fd6fe588b6cb	4057f96d76cc09c7	1459	2	2	512	-1	1	1	0	none	-1	-	-	-	1	1	replay	none	633	4.0884
826	1788554424681092636	0x7f27a1e2f3b0	1	d702fd6fe588b6cb	4057f96d76cc09c7	1459	2	2	512	-1	1	1	0	none	-1	-	-	-	1	1	replay	none	640	4.3738
827	1788554424686996165	0x7f27a1e2f3b0	1	d702fd6fe588b6cb	4057f96d76cc09c7	1459	2	2	512	-1	1	1	0	none	-1	-	-	-	1	1	replay	none	657	4.1787
828	1788554424692700130	0x7f27a1e2f3b0	1	d702fd6fe588b6cb	4057f96d76cc09c7	1459	2	2	512	-1	1	1	0	none	-1	-	-	-	1	1	replay	none	636	4.2203
829	1788554424698392964	0x7f27a1e2f3b0	1	d702fd6fe588b6cb	4057f96d76cc09c7	1459	2	2	512	-1	1	1	0	none	-1	-	-	-	1	1	replay	none	631	4.1743
830	1788554424704031145	0x7f27a1e2f3b0	1	d702fd6fe588b6cb	4057f96d76cc09c7	1459	2	2	512	-1	1	1	0	none	-1	-	-	-	1	1	replay	none	632	4.2967
831	1788554424709879441	0x7f27a1e2f3b0	1	d702fd6fe588b6cb	4057f96d76cc09c7	1459	2	2	512	-1	1	1	0	none	-1	-	-	-	1	1	replay	none	639	4.3427
832	1788554424715682832	0x7f27a1e2f3b0	1	d702fd6fe588b6cb	4057f96d76cc09c7	1459	2	2	512	-1	1	1	0	none	-1	-	-	-	1	1	replay	none	628	4.2950
833	1788554424721508175	0x7f27a1e2f3b0	1	d702fd6fe588b6cb	4057f96d76cc09c7	1459	2	2	512	-1	1	1	0	none	-1	-	-	-	1	1	replay	none	631	4.2579
834	1788554424727266342	0x7f27a1e2f3b0	1	d702fd6fe588b6cb	4057f96d76cc09c7	1459	2	2	512	-1	1	1	0	none	-1	-	-	-	1	1	replay	none	622	4.2968
835	1788554424733073811	0x7f27a1e2f3b0	1	d702fd6fe588b6cb	4057f96d76cc09c7	1459	2	2	512	-1	1	1	0	none	-1	-	-	-	1	1	replay	none	658	4.2594
836	1788554424738898432	0x7f27a1e2f3b0	1	d702fd6fe588b6cb	4057f96d76cc09c7	1459	2	2	512	-1	1	1	0	none	-1	-	-	-	1	1	replay	none	632	4.0665
837	1788554424744505425	0x7f27a1e2f3b0	1	d702fd6fe588b6cb	4057f96d76cc09c7	1459	2	2	512	-1	1	1	0	none	-1	-	-	-	1	1	replay	none	635	4.0853
838	1788554424750165587	0x7f27a1e2f3b0	1	d702fd6fe588b6cb	4057f96d76cc09c7	1459	2	2	512	-1	1	1	0	none	-1	-	-	-	1	1	replay	none	634	4.0957
839	1788554424755935666	0x7f27a1e2f3b0	1	d702fd6fe588b6cb	4057f96d76cc09c7	1459	2	2	512	-1	1	1	0	none	-1	-	-	-	1	1	replay	none	638	4.0938
840	1788554424761520788	0x7f27a1e2f3b0	1	d702fd6fe588b6cb	4057f96d76cc09c7	1459	2	2	512	-1	1	1	0	none	-1	-	-	-	1	1	replay	none	623	4.2886
841	1788554424767310694	0x7f27a1e2f3b0	1	d702fd6fe588b6cb	4057f96d76cc09c7	1459	2	2	512	-1	1	1	0	none	-1	-	-	-	1	1	replay	none	630	4.2648
842	1788554424772892078	0x7f27a1e2f3b0	1	d702fd6fe588b6cb	4057f96d76cc09c7	1459	2	2	512	-1	1	1	0	none	-1	-	-	-	1	1	replay	none	991	4.2341
843	1788554424779902257	0x7f27a1e2f3b0	1	0fdbf3977c990123	37ce4a3fd2247f32	1459	1	1	512	-1	1	1	1	structure	0	GET_ROWS	model.input_embed	shape,data	1	0	direct	none	4383	4.7840
844	1788554424786024557	0x7f27a1e2f3b0	1	0fdbf3977c990123	37ce4a3fd2247f32	1459	1	1	512	-1	1	1	0	none	-1	-	-	-	0	1	capture	reinstantiate	5245	8.7468
845	1788554424795877436	0x7f27a1e2f3b0	1	0fdbf3977c990123	37ce4a3fd2247f32	1459	1	1	512	-1	1	1	0	none	-1	-	-	-	1	1	replay	none	653	4.0405
846	1788554424801098744	0x7f27a1e2f3b0	1	0fdbf3977c990123	37ce4a3fd2247f32	1459	1	1	512	-1	1	1	0	none	-1	-	-	-	1	1	replay	none	630	3.7873
847	1788554424806053341	0x7f27a1e2f3b0	1	0fdbf3977c990123	37ce4a3fd2247f32	1459	1	1	512	-1	1	1	0	none	-1	-	-	-	1	1	replay	none	629	3.8704
848	1788554424811198045	0x7f27a1e2f3b0	1	0fdbf3977c990123	37ce4a3fd2247f32	1459	1	1	512	-1	1	1	0	none	-1	-	-	-	1	1	replay	none	608	3.9842
849	1788554424816269632	0x7f27a1e2f3b0	1	0fdbf3977c990123	37ce4a3fd2247f32	1459	1	1	512	-1	1	1	0	none	-1	-	-	-	1	1	replay	none	651	4.0189
850	1788554424821440525	0x7f27a1e2f3b0	1	0fdbf3977c990123	37ce4a3fd2247f32	1459	1	1	512	-1	1	1	0	none	-1	-	-	-	1	1	replay	none	645	5.3204
851	1788554424827856468	0x7f27a1e2f3b0	1	0fdbf3977c990123	37ce4a3fd2247f32	1459	1	1	512	-1	1	1	0	none	-1	-	-	-	1	1	replay	none	574	4.0591
852	1788554424833016020	0x7f27a1e2f3b0	1	0fdbf3977c990123	37ce4a3fd2247f32	1459	1	1	512	-1	1	1	0	none	-1	-	-	-	1	1	replay	none	633	4.0268
853	1788554424838161936	0x7f27a1e2f3b0	1	0fdbf3977c990123	37ce4a3fd2247f32	1459	1	1	512	-1	1	1	0	none	-1	-	-	-	1	1	replay	none	622	3.7903
854	1788554424843090173	0x7f27a1e2f3b0	1	0fdbf3977c990123	37ce4a3fd2247f32	1459	1	1	512	-1	1	1	0	none	-1	-	-	-	1	1	replay	none	663	3.8731
855	1788554424848080418	0x7f27a1e2f3b0	1	0fdbf3977c990123	37ce4a3fd2247f32	1459	1	1	512	-1	1	1	0	none	-1	-	-	-	1	1	replay	none	616	3.9428
856	1788554424853114344	0x7f27a1e2f3b0	1	0fdbf3977c990123	37ce4a3fd2247f32	1459	1	1	512	-1	1	1	0	none	-1	-	-	-	1	1	replay	none	657	3.9038
857	1788554424858292992	0x7f27a1e2f3b0	1	0fdbf3977c990123	37ce4a3fd2247f32	1459	1	1	512	-1	1	1	0	none	-1	-	-	-	1	1	replay	none	635	4.0364
858	1788554424863512176	0x7f27a1e2f3b0	1	0fdbf3977c990123	37ce4a3fd2247f32	1459	1	1	512	-1	1	1	0	none	-1	-	-	-	1	1	replay	none	634	3.7843
859	1788554424868440634	0x7f27a1e2f3b0	1	0fdbf3977c990123	37ce4a3fd2247f32	1459	1	1	512	-1	1	1	0	none	-1	-	-	-	1	1	replay	none	614	3.9369
860	1788554424873870604	0x7f27a1e2f3b0	1	0fdbf3977c990123	37ce4a3fd2247f32	1459	1	1	512	-1	1	1	0	none	-1	-	-	-	1	1	replay	none	655	3.9491
861	1788554424878939636	0x7f27a1e2f3b0	1	0fdbf3977c990123	37ce4a3fd2247f32	1459	1	1	512	-1	1	1	0	none	-1	-	-	-	1	1	replay	none	762	4.0377
862	1788554424884153019	0x7f27a1e2f3b0	1	0fdbf3977c990123	37ce4a3fd2247f32	1459	1	1	512	-1	1	1	0	none	-1	-	-	-	1	1	replay	none	638	4.0213
863	1788554424889337578	0x7f27a1e2f3b0	1	0fdbf3977c990123	37ce4a3fd2247f32	1459	1	1	512	-1	1	1	0	none	-1	-	-	-	1	1	replay	none	627	4.0556
864	1788554424894547334	0x7f27a1e2f3b0	1	0fdbf3977c990123	37ce4a3fd2247f32	1459	1	1	512	-1	1	1	0	none	-1	-	-	-	1	1	replay	none	629	3.7820
865	1788554424899608432	0x7f27a1e2f3b0	1	0fdbf3977c990123	37ce4a3fd2247f32	1459	1	1	512	-1	1	1	0	none	-1	-	-	-	1	1	replay	none	631	4.0510
866	1788554424904867791	0x7f27a1e2f3b0	1	0fdbf3977c990123	37ce4a3fd2247f32	1459	1	1	512	-1	1	1	0	none	-1	-	-	-	1	1	replay	none	629	4.0060
867	1788554424909869216	0x7f27a1e2f3b0	1	0fdbf3977c990123	37ce4a3fd2247f32	1459	1	1	512	-1	1	1	0	none	-1	-	-	-	1	1	replay	none	570	3.8874
868	1788554424914812522	0x7f27a1e2f3b0	1	0fdbf3977c990123	37ce4a3fd2247f32	1459	1	1	512	-1	1	1	0	none	-1	-	-	-	1	1	replay	none	590	4.0489
869	1788554424920006950	0x7f27a1e2f3b0	1	0fdbf3977c990123	37ce4a3fd2247f32	1459	1	1	512	-1	1	1	0	none	-1	-	-	-	1	1	replay	none	632	3.7993
870	1788554424925030686	0x7f27a1e2f3b0	1	0fdbf3977c990123	37ce4a3fd2247f32	1459	1	1	512	-1	1	1	0	none	-1	-	-	-	1	1	replay	none	635	3.8186
871	1788554424930200217	0x7f27a1e2f3b0	1	0fdbf3977c990123	37ce4a3fd2247f32	1459	1	1	512	-1	1	1	0	none	-1	-	-	-	1	1	replay	none	657	3.9124
872	1788554424935215559	0x7f27a1e2f3b0	1	0fdbf3977c990123	37ce4a3fd2247f32	1459	1	1	512	-1	1	1	0	none	-1	-	-	-	1	1	replay	none	681	4.1388
873	1788554424940483093	0x7f27a1e2f3b0	1	0fdbf3977c990123	37ce4a3fd2247f32	1459	1	1	512	-1	1	1	0	none	-1	-	-	-	1	1	replay	none	623	4.0432
874	1788554424945808677	0x7f27a1e2f3b0	1	0fdbf3977c990123	37ce4a3fd2247f32	1459	1	1	512	-1	1	1	0	none	-1	-	-	-	1	1	replay	none	631	4.0462
875	1788554424951041247	0x7f27a1e2f3b0	1	0fdbf3977c990123	37ce4a3fd2247f32	1459	1	1	512	-1	1	1	0	none	-1	-	-	-	1	1	replay	none	644	3.7668
876	1788554424956024187	0x7f27a1e2f3b0	1	0fdbf3977c990123	37ce4a3fd2247f32	1459	1	1	512	-1	1	1	0	none	-1	-	-	-	1	1	replay	none	748	3.8105
877	1788554424961243241	0x7f27a1e2f3b0	1	0fdbf3977c990123	37ce4a3fd2247f32	1459	1	1	512	-1	1	1	0	none	-1	-	-	-	1	1	replay	none	605	4.0325
878	1788554424966352589	0x7f27a1e2f3b0	1	0fdbf3977c990123	37ce4a3fd2247f32	1459	1	1	512	-1	1	1	0	none	-1	-	-	-	1	1	replay	none	547	4.1645
879	1788554424971550793	0x7f27a1e2f3b0	1	0fdbf3977c990123	37ce4a3fd2247f32	1459	1	1	512	-1	1	1	0	none	-1	-	-	-	1	1	replay	none	493	3.9830
880	1788554424976535777	0x7f27a1e2f3b0	1	0fdbf3977c990123	37ce4a3fd2247f32	1459	1	1	512	-1	1	1	0	none	-1	-	-	-	1	1	replay	none	515	3.8071
881	1788554424981341495	0x7f27a1e2f3b0	1	0fdbf3977c990123	37ce4a3fd2247f32	1459	1	1	512	-1	1	1	0	none	-1	-	-	-	1	1	replay	none	627	3.8130
882	1788554424986295831	0x7f27a1e2f3b0	1	0fdbf3977c990123	37ce4a3fd2247f32	1459	1	1	512	-1	1	1	0	none	-1	-	-	-	1	1	replay	none	624	3.9034
883	1788554424991269895	0x7f27a1e2f3b0	1	0fdbf3977c990123	37ce4a3fd2247f32	1459	1	1	512	-1	1	1	0	none	-1	-	-	-	1	1	replay	none	625	3.9846
884	1788554424996364796	0x7f27a1e2f3b0	1	0fdbf3977c990123	37ce4a3fd2247f32	1459	1	1	512	-1	1	1	0	none	-1	-	-	-	1	1	replay	none	631	4.0036
885	1788554425001544255	0x7f27a1e2f3b0	1	0fdbf3977c990123	37ce4a3fd2247f32	1459	1	1	512	-1	1	1	0	none	-1	-	-	-	1	1	replay	none	631	3.7858
886	1788554425006467594	0x7f27a1e2f3b0	1	0fdbf3977c990123	37ce4a3fd2247f32	1459	1	1	512	-1	1	1	0	none	-1	-	-	-	1	1	replay	none	607	3.7997
887	1788554425011406491	0x7f27a1e2f3b0	1	0fdbf3977c990123	37ce4a3fd2247f32	1459	1	1	512	-1	1	1	0	none	-1	-	-	-	1	1	replay	none	611	3.9067
888	1788554425016384252	0x7f27a1e2f3b0	1	0fdbf3977c990123	37ce4a3fd2247f32	1459	1	1	512	-1	1	1	0	none	-1	-	-	-	1	1	replay	none	624	4.0517
889	1788554425021536320	0x7f27a1e2f3b0	1	0fdbf3977c990123	37ce4a3fd2247f32	1459	1	1	512	-1	1	1	0	none	-1	-	-	-	1	1	replay	none	627	4.0601
890	1788554425026755394	0x7f27a1e2f3b0	1	0fdbf3977c990123	37ce4a3fd2247f32	1459	1	1	512	-1	1	1	0	none	-1	-	-	-	1	1	replay	none	634	3.7632
891	1788554425031693840	0x7f27a1e2f3b0	1	0fdbf3977c990123	37ce4a3fd2247f32	1459	1	1	512	-1	1	1	0	none	-1	-	-	-	1	1	replay	none	616	3.7903
892	1788554425036603453	0x7f27a1e2f3b0	1	0fdbf3977c990123	37ce4a3fd2247f32	1459	1	1	512	-1	1	1	0	none	-1	-	-	-	1	1	replay	none	610	3.8557
893	1788554425041523856	0x7f27a1e2f3b0	1	0fdbf3977c990123	37ce4a3fd2247f32	1459	1	1	512	-1	1	1	0	none	-1	-	-	-	1	1	replay	none	575	3.9592
894	1788554425046555077	0x7f27a1e2f3b0	1	0fdbf3977c990123	37ce4a3fd2247f32	1459	1	1	512	-1	1	1	0	none	-1	-	-	-	1	1	replay	none	550	4.0244
895	1788554425051607347	0x7f27a1e2f3b0	1	0fdbf3977c990123	37ce4a3fd2247f32	1459	1	1	512	-1	1	1	0	none	-1	-	-	-	1	1	replay	none	598	3.7894
896	1788554425056481944	0x7f27a1e2f3b0	1	0fdbf3977c990123	37ce4a3fd2247f32	1459	1	1	512	-1	1	1	0	none	-1	-	-	-	1	1	replay	none	589	3.8107
897	1788554425061602493	0x7f27a1e2f3b0	1	0fdbf3977c990123	37ce4a3fd2247f32	1459	1	1	512	-1	1	1	0	none	-1	-	-	-	1	1	replay	none	615	3.8218
898	1788554425066530630	0x7f27a1e2f3b0	1	0fdbf3977c990123	37ce4a3fd2247f32	1459	1	1	512	-1	1	1	0	none	-1	-	-	-	1	1	replay	none	620	3.9620
899	1788554425071606054	0x7f27a1e2f3b0	1	0fdbf3977c990123	37ce4a3fd2247f32	1459	1	1	512	-1	1	1	0	none	-1	-	-	-	1	1	replay	none	629	4.0980
900	1788554425076798158	0x7f27a1e2f3b0	1	0fdbf3977c990123	37ce4a3fd2247f32	1459	1	1	512	-1	1	1	0	none	-1	-	-	-	1	1	replay	none	634	4.0516
901	1788554425081921522	0x7f27a1e2f3b0	1	0fdbf3977c990123	37ce4a3fd2247f32	1459	1	1	512	-1	1	1	0	none	-1	-	-	-	1	1	replay	none	562	3.7790
902	1788554425086838759	0x7f27a1e2f3b0	1	0fdbf3977c990123	37ce4a3fd2247f32	1459	1	1	512	-1	1	1	0	none	-1	-	-	-	1	1	replay	none	640	3.8693
903	1788554425091817651	0x7f27a1e2f3b0	1	0fdbf3977c990123	37ce4a3fd2247f32	1459	1	1	512	-1	1	1	0	none	-1	-	-	-	1	1	replay	none	640	4.0465
904	1788554425096959690	0x7f27a1e2f3b0	1	0fdbf3977c990123	37ce4a3fd2247f32	1459	1	1	512	-1	1	1	0	none	-1	-	-	-	1	1	replay	none	645	3.9839
905	1788554425102068958	0x7f27a1e2f3b0	1	0fdbf3977c990123	37ce4a3fd2247f32	1459	1	1	512	-1	1	1	0	none	-1	-	-	-	1	1	replay	none	564	4.0240
906	1788554425107161113	0x7f27a1e2f3b0	1	0fdbf3977c990123	37ce4a3fd2247f32	1459	1	1	512	-1	1	1	0	none	-1	-	-	-	1	1	replay	none	603	3.7924
907	1788554425112057762	0x7f27a1e2f3b0	1	0fdbf3977c990123	37ce4a3fd2247f32	1459	1	1	512	-1	1	1	0	none	-1	-	-	-	1	1	replay	none	603	3.8153
908	1788554425117164364	0x7f27a1e2f3b0	1	0fdbf3977c990123	37ce4a3fd2247f32	1459	1	1	512	-1	1	1	0	none	-1	-	-	-	1	1	replay	none	632	3.9842
909	1788554425122214481	0x7f27a1e2f3b0	1	0fdbf3977c990123	37ce4a3fd2247f32	1459	1	1	512	-1	1	1	0	none	-1	-	-	-	1	1	replay	none	628	3.9852
910	1788554425127360708	0x7f27a1e2f3b0	1	0fdbf3977c990123	37ce4a3fd2247f32	1459	1	1	512	-1	1	1	0	none	-1	-	-	-	1	1	replay	none	499	4.0169
911	1788554425132433767	0x7f27a1e2f3b0	1	0fdbf3977c990123	37ce4a3fd2247f32	1459	1	1	512	-1	1	1	0	none	-1	-	-	-	1	1	replay	none	623	4.0628
912	1788554425137536262	0x7f27a1e2f3b0	1	0fdbf3977c990123	37ce4a3fd2247f32	1459	1	1	512	-1	1	1	0	none	-1	-	-	-	1	1	replay	none	616	3.7991
913	1788554425656211209	0x7f27a1e2f3b0	1	5e879b663492f411	4c833ba4bc1bea9f	1459	4	1	256	-1	1	1	1	structure	0	GET_ROWS	model.input_embed	shape,data	1	0	direct	none	5182	5.4644
914	1788554425663911283	0x7f27a1e2f3b0	1	0fdbf3977c990123	37ce4a3fd2247f32	1459	1	1	512	-1	1	1	1	structure	0	GET_ROWS	model.input_embed	shape,data	0	0	direct	none	4260	4.7634
915	1788554425669903600	0x7f27a1e2f3b0	1	0fdbf3977c990123	37ce4a3fd2247f32	1459	1	1	512	-1	1	1	0	none	-1	-	-	-	0	1	capture	update	3152	6.3907
916	1788554425677723910	0x7f27a1e2f3b0	1	0fdbf3977c990123	37ce4a3fd2247f32	1459	1	1	512	-1	1	1	0	none	-1	-	-	-	1	1	replay	none	669	4.0465
917	1788554425682955107	0x7f27a1e2f3b0	1	0fdbf3977c990123	37ce4a3fd2247f32	1459	1	1	512	-1	1	1	0	none	-1	-	-	-	1	1	replay	none	650	3.7855
918	1788554425687897480	0x7f27a1e2f3b0	1	0fdbf3977c990123	37ce4a3fd2247f32	1459	1	1	512	-1	1	1	0	none	-1	-	-	-	1	1	replay	none	640	3.8108
919	1788554425692887935	0x7f27a1e2f3b0	1	0fdbf3977c990123	37ce4a3fd2247f32	1459	1	1	512	-1	1	1	0	none	-1	-	-	-	1	1	replay	none	650	3.8995
920	1788554425697857350	0x7f27a1e2f3b0	1	0fdbf3977c990123	37ce4a3fd2247f32	1459	1	1	512	-1	1	1	0	none	-1	-	-	-	1	1	replay	none	642	4.0737
921	1788554425703040546	0x7f27a1e2f3b0	1	0fdbf3977c990123	37ce4a3fd2247f32	1459	1	1	512	-1	1	1	0	none	-1	-	-	-	1	1	replay	none	748	3.9074
922	1788554425708371290	0x7f27a1e2f3b0	1	0fdbf3977c990123	37ce4a3fd2247f32	1459	1	1	512	-1	1	1	0	none	-1	-	-	-	1	1	replay	none	631	3.7803
923	1788554425713298265	0x7f27a1e2f3b0	1	0fdbf3977c990123	37ce4a3fd2247f32	1459	1	1	512	-1	1	1	0	none	-1	-	-	-	1	1	replay	none	635	3.7916
924	1788554425718288670	0x7f27a1e2f3b0	1	0fdbf3977c990123	37ce4a3fd2247f32	1459	1	1	512	-1	1	1	0	none	-1	-	-	-	1	1	replay	none	675	3.8560
925	1788554425723308169	0x7f27a1e2f3b0	1	0fdbf3977c990123	37ce4a3fd2247f32	1459	1	1	512	-1	1	1	0	none	-1	-	-	-	1	1	replay	none	696	4.0454
926	1788554425728782262	0x7f27a1e2f3b0	1	0fdbf3977c990123	37ce4a3fd2247f32	1459	1	1	512	-1	1	1	0	none	-1	-	-	-	1	1	replay	none	654	3.9531
927	1788554425733839481	0x7f27a1e2f3b0	1	0fdbf3977c990123	37ce4a3fd2247f32	1459	1	1	512	-1	1	1	0	none	-1	-	-	-	1	1	replay	none	653	4.0182
928	1788554425739078883	0x7f27a1e2f3b0	1	0fdbf3977c990123	37ce4a3fd2247f32	1459	1	1	512	-1	1	1	0	none	-1	-	-	-	1	1	replay	none	655	3.7926
929	1788554425744074858	0x7f27a1e2f3b0	1	0fdbf3977c990123	37ce4a3fd2247f32	1459	1	1	512	-1	1	1	0	none	-1	-	-	-	1	1	replay	none	637	3.8099
930	1788554425749063429	0x7f27a1e2f3b0	1	0fdbf3977c990123	37ce4a3fd2247f32	1459	1	1	512	-1	1	1	0	none	-1	-	-	-	1	1	replay	none	680	3.8461
931	1788554425754081545	0x7f27a1e2f3b0	1	0fdbf3977c990123	37ce4a3fd2247f32	1459	1	1	512	-1	1	1	0	none	-1	-	-	-	1	1	replay	none	658	3.9293
932	1788554425759180754	0x7f27a1e2f3b0	1	0fdbf3977c990123	37ce4a3fd2247f32	1459	1	1	512	-1	1	1	0	none	-1	-	-	-	1	1	replay	none	637	4.0000
933	1788554425764373989	0x7f27a1e2f3b0	1	0fdbf3977c990123	37ce4a3fd2247f32	1459	1	1	512	-1	1	1	0	none	-1	-	-	-	1	1	replay	none	640	4.0310
934	1788554425769565401	0x7f27a1e2f3b0	1	0fdbf3977c990123	37ce4a3fd2247f32	1459	1	1	512	-1	1	1	0	none	-1	-	-	-	1	1	replay	none	633	3.7740
935	1788554425774540327	0x7f27a1e2f3b0	1	0fdbf3977c990123	37ce4a3fd2247f32	1459	1	1	512	-1	1	1	0	none	-1	-	-	-	1	1	replay	none	639	3.8626
936	1788554425779781061	0x7f27a1e2f3b0	1	0fdbf3977c990123	37ce4a3fd2247f32	1459	1	1	512	-1	1	1	0	none	-1	-	-	-	1	1	replay	none	632	3.9930
937	1788554425784856836	0x7f27a1e2f3b0	1	0fdbf3977c990123	37ce4a3fd2247f32	1459	1	1	512	-1	1	1	0	none	-1	-	-	-	1	1	replay	none	622	3.9710
938	1788554425790291866	0x7f27a1e2f3b0	1	0fdbf3977c990123	37ce4a3fd2247f32	1459	1	1	512	-1	1	1	0	none	-1	-	-	-	1	1	replay	none	643	4.0475
939	1788554425795140474	0x7f27a1e2f3b0	1	da7570afdbb81394	94a357743892276a	1459	252	0	256	-1	1	1	1	structure	0	GET_ROWS	model.input_embed	shape,data	1	0	direct	none	6316	17.0665
940	1788554425818160296	0x7f27a1e2f3b0	1	0fdbf3977c990123	37ce4a3fd2247f32	1459	1	1	512	-1	1	1	1	structure	0	GET_ROWS	model.input_embed	shape,data	0	0	direct	none	4263	4.5537
941	1788554425823757690	0x7f27a1e2f3b0	1	802ba1f19f5ea689	7d1f90516afcefd3	1459	4	1	256	-1	1	1	1	structure	0	GET_ROWS	model.input_embed	shape,data	0	0	direct	none	4935	5.2767
942	1788554425831654995	0x7f27a1e2f3b0	1	d702fd6fe588b6cb	4057f96d76cc09c7	1459	2	2	512	-1	1	1	1	structure	0	GET_ROWS	model.input_embed	shape,data	0	0	direct	none	4625	4.9700
943	1788554425838229014	0x7f27a1e2f3b0	1	d702fd6fe588b6cb	4057f96d76cc09c7	1459	2	2	512	-1	1	1	0	none	-1	-	-	-	0	1	capture	reinstantiate	6021	9.5226
944	1788554425849340948	0x7f27a1e2f3b0	1	d702fd6fe588b6cb	4057f96d76cc09c7	1459	2	2	512	-1	1	1	0	none	-1	-	-	-	1	1	replay	none	663	4.2918
945	1788554425855226103	0x7f27a1e2f3b0	1	d702fd6fe588b6cb	4057f96d76cc09c7	1459	2	2	512	-1	1	1	0	none	-1	-	-	-	1	1	replay	none	668	4.2388
946	1788554425861197259	0x7f27a1e2f3b0	1	d702fd6fe588b6cb	4057f96d76cc09c7	1459	2	2	512	-1	1	1	0	none	-1	-	-	-	1	1	replay	none	667	4.1845
947	1788554425866899421	0x7f27a1e2f3b0	1	d702fd6fe588b6cb	4057f96d76cc09c7	1459	2	2	512	-1	1	1	0	none	-1	-	-	-	1	1	replay	none	669	4.3807
948	1788554425872878602	0x7f27a1e2f3b0	1	d702fd6fe588b6cb	4057f96d76cc09c7	1459	2	2	512	-1	1	1	0	none	-1	-	-	-	1	1	replay	none	659	4.3589
949	1788554425878736126	0x7f27a1e2f3b0	1	d702fd6fe588b6cb	4057f96d76cc09c7	1459	2	2	512	-1	1	1	0	none	-1	-	-	-	1	1	replay	none	1049	4.3363
950	1788554425884914191	0x7f27a1e2f3b0	1	d702fd6fe588b6cb	4057f96d76cc09c7	1459	2	2	512	-1	1	1	0	none	-1	-	-	-	1	1	replay	none	663	4.2292
951	1788554425890688438	0x7f27a1e2f3b0	1	d702fd6fe588b6cb	4057f96d76cc09c7	1459	2	2	512	-1	1	1	0	none	-1	-	-	-	1	1	replay	none	643	4.3061
952	1788554425896530181	0x7f27a1e2f3b0	1	d702fd6fe588b6cb	4057f96d76cc09c7	1459	2	2	512	-1	1	1	0	none	-1	-	-	-	1	1	replay	none	640	4.3592
953	1788554425902434953	0x7f27a1e2f3b0	1	d702fd6fe588b6cb	4057f96d76cc09c7	1459	2	2	512	-1	1	1	0	none	-1	-	-	-	1	1	replay	none	639	4.2670
954	1788554425908196306	0x7f27a1e2f3b0	1	d702fd6fe588b6cb	4057f96d76cc09c7	1459	2	2	512	-1	1	1	0	none	-1	-	-	-	1	1	replay	none	662	4.3430
955	1788554425914070540	0x7f27a1e2f3b0	1	d702fd6fe588b6cb	4057f96d76cc09c7	1459	2	2	512	-1	1	1	0	none	-1	-	-	-	1	1	replay	none	646	4.0763
956	1788554425919702921	0x7f27a1e2f3b0	1	d702fd6fe588b6cb	4057f96d76cc09c7	1459	2	2	512	-1	1	1	0	none	-1	-	-	-	1	1	replay	none	640	4.0895
957	1788554425925406685	0x7f27a1e2f3b0	1	d702fd6fe588b6cb	4057f96d76cc09c7	1459	2	2	512	-1	1	1	0	none	-1	-	-	-	1	1	replay	none	643	4.0881
958	1788554425931236777	0x7f27a1e2f3b0	1	d702fd6fe588b6cb	4057f96d76cc09c7	1459	2	2	512	-1	1	1	0	none	-1	-	-	-	1	1	replay	none	701	4.1529
959	1788554425936975687	0x7f27a1e2f3b0	1	d702fd6fe588b6cb	4057f96d76cc09c7	1459	2	2	512	-1	1	1	0	none	-1	-	-	-	1	1	replay	none	658	4.1492
960	1788554425942645838	0x7f27a1e2f3b0	1	d702fd6fe588b6cb	4057f96d76cc09c7	1459	2	2	512	-1	1	1	0	none	-1	-	-	-	1	1	replay	none	627	4.2638
961	1788554425948696264	0x7f27a1e2f3b0	1	d702fd6fe588b6cb	4057f96d76cc09c7	1459	2	2	512	-1	1	1	0	none	-1	-	-	-	1	1	replay	none	644	4.2130
962	1788554425954673081	0x7f27a1e2f3b0	1	d702fd6fe588b6cb	4057f96d76cc09c7	1459	2	2	512	-1	1	1	0	none	-1	-	-	-	1	1	replay	none	628	4.2428
963	1788554425960337842	0x7f27a1e2f3b0	1	d702fd6fe588b6cb	4057f96d76cc09c7	1459	2	2	512	-1	1	1	0	none	-1	-	-	-	1	1	replay	none	640	4.2620
964	1788554425966072094	0x7f27a1e2f3b0	1	d702fd6fe588b6cb	4057f96d76cc09c7	1459	2	2	512	-1	1	1	0	none	-1	-	-	-	1	1	replay	none	661	4.3495
965	1788554425971997935	0x7f27a1e2f3b0	1	d702fd6fe588b6cb	4057f96d76cc09c7	1459	2	2	512	-1	1	1	0	none	-1	-	-	-	1	1	replay	none	614	4.2768
966	1788554425977787922	0x7f27a1e2f3b0	1	d702fd6fe588b6cb	4057f96d76cc09c7	1459	2	2	512	-1	1	1	0	none	-1	-	-	-	1	1	replay	none	649	4.2757
967	1788554425983594118	0x7f27a1e2f3b0	1	d702fd6fe588b6cb	4057f96d76cc09c7	1459	2	2	512	-1	1	1	0	none	-1	-	-	-	1	1	replay	none	624	4.3300
968	1788554425989471849	0x7f27a1e2f3b0	1	d702fd6fe588b6cb	4057f96d76cc09c7	1459	2	2	512	-1	1	1	0	none	-1	-	-	-	1	1	replay	none	630	4.3334
969	1788554425995286402	0x7f27a1e2f3b0	1	d702fd6fe588b6cb	4057f96d76cc09c7	1459	2	2	512	-1	1	1	0	none	-1	-	-	-	1	1	replay	none	641	4.0716
970	1788554426000892964	0x7f27a1e2f3b0	1	d702fd6fe588b6cb	4057f96d76cc09c7	1459	2	2	512	-1	1	1	0	none	-1	-	-	-	1	1	replay	none	648	4.0858
971	1788554426006454190	0x7f27a1e2f3b0	1	d702fd6fe588b6cb	4057f96d76cc09c7	1459	2	2	512	-1	1	1	0	none	-1	-	-	-	1	1	replay	none	623	4.0727
972	1788554426012080239	0x7f27a1e2f3b0	1	d702fd6fe588b6cb	4057f96d76cc09c7	1459	2	2	512	-1	1	1	0	none	-1	-	-	-	1	1	replay	none	639	4.0983
973	1788554426018579207	0x7f27a1e2f3b0	1	0fdbf3977c990123	37ce4a3fd2247f32	1459	1	1	512	-1	1	1	1	structure	0	GET_ROWS	model.input_embed	shape,data	1	0	direct	none	4148	4.6409
974	1788554426024408026	0x7f27a1e2f3b0	1	0fdbf3977c990123	37ce4a3fd2247f32	1459	1	1	512	-1	1	1	0	none	-1	-	-	-	0	1	capture	reinstantiate	5083	8.5021
975	1788554426034011266	0x7f27a1e2f3b0	1	0fdbf3977c990123	37ce4a3fd2247f32	1459	1	1	512	-1	1	1	0	none	-1	-	-	-	1	1	replay	none	642	4.0495
976	1788554426039217495	0x7f27a1e2f3b0	1	0fdbf3977c990123	37ce4a3fd2247f32	1459	1	1	512	-1	1	1	0	none	-1	-	-	-	1	1	replay	none	628	3.7875
977	1788554426044162514	0x7f27a1e2f3b0	1	0fdbf3977c990123	37ce4a3fd2247f32	1459	1	1	512	-1	1	1	0	none	-1	-	-	-	1	1	replay	none	651	3.8542
978	1788554426049141688	0x7f27a1e2f3b0	1	0fdbf3977c990123	37ce4a3fd2247f32	1459	1	1	512	-1	1	1	0	none	-1	-	-	-	1	1	replay	none	656	3.9632
979	1788554426054211000	0x7f27a1e2f3b0	1	0fdbf3977c990123	37ce4a3fd2247f32	1459	1	1	512	-1	1	1	0	none	-1	-	-	-	1	1	replay	none	652	4.0421
980	1788554426059370642	0x7f27a1e2f3b0	1	0fdbf3977c990123	37ce4a3fd2247f32	1459	1	1	512	-1	1	1	0	none	-1	-	-	-	1	1	replay	none	636	3.9803
981	1788554426064434505	0x7f27a1e2f3b0	1	0fdbf3977c990123	37ce4a3fd2247f32	1459	1	1	512	-1	1	1	0	none	-1	-	-	-	1	1	replay	none	618	3.7775
982	1788554426069346362	0x7f27a1e2f3b0	1	0fdbf3977c990123	37ce4a3fd2247f32	1459	1	1	512	-1	1	1	0	none	-1	-	-	-	1	1	replay	none	633	4.0520
983	1788554426074551980	0x7f27a1e2f3b0	1	0fdbf3977c990123	37ce4a3fd2247f32	1459	1	1	512	-1	1	1	0	none	-1	-	-	-	1	1	replay	none	627	3.8898
984	1788554426079705311	0x7f27a1e2f3b0	1	0fdbf3977c990123	37ce4a3fd2247f32	1459	1	1	512	-1	1	1	0	none	-1	-	-	-	1	1	replay	none	638	3.9599
985	1788554426084769423	0x7f27a1e2f3b0	1	0fdbf3977c990123	37ce4a3fd2247f32	1459	1	1	512	-1	1	1	0	none	-1	-	-	-	1	1	replay	none	642	3.9751
986	1788554426089813759	0x7f27a1e2f3b0	1	0fdbf3977c990123	37ce4a3fd2247f32	1459	1	1	512	-1	1	1	0	none	-1	-	-	-	1	1	replay	none	654	4.0342
987	1788554426095070193	0x7f27a1e2f3b0	1	0fdbf3977c990123	37ce4a3fd2247f32	1459	1	1	512	-1	1	1	0	none	-1	-	-	-	1	1	replay	none	587	3.7748
988	1788554426099964868	0x7f27a1e2f3b0	1	0fdbf3977c990123	37ce4a3fd2247f32	1459	1	1	512	-1	1	1	0	none	-1	-	-	-	1	1	replay	none	662	3.8360
989	1788554426105008332	0x7f27a1e2f3b0	1	0fdbf3977c990123	37ce4a3fd2247f32	1459	1	1	512	-1	1	1	0	none	-1	-	-	-	1	1	replay	none	644	4.0346
990	1788554426110026929	0x7f27a1e2f3b0	1	0fdbf3977c990123	37ce4a3fd2247f32	1459	1	1	512	-1	1	1	0	none	-1	-	-	-	1	1	replay	none	550	3.9565
991	1788554426115064572	0x7f27a1e2f3b0	1	0fdbf3977c990123	37ce4a3fd2247f32	1459	1	1	512	-1	1	1	0	none	-1	-	-	-	1	1	replay	none	620	4.0442
992	1788554426120149454	0x7f27a1e2f3b0	1	0fdbf3977c990123	37ce4a3fd2247f32	1459	1	1	512	-1	1	1	0	none	-1	-	-	-	1	1	replay	none	584	3.7894
993	1788554426125027066	0x7f27a1e2f3b0	1	0fdbf3977c990123	37ce4a3fd2247f32	1459	1	1	512	-1	1	1	0	none	-1	-	-	-	1	1	replay	none	640	3.8028
994	1788554426129967376	0x7f27a1e2f3b0	1	0fdbf3977c990123	37ce4a3fd2247f32	1459	1	1	512	-1	1	1	0	none	-1	-	-	-	1	1	replay	none	622	4.0204
995	1788554426135164078	0x7f27a1e2f3b0	1	0fdbf3977c990123	37ce4a3fd2247f32	1459	1	1	512	-1	1	1	0	none	-1	-	-	-	1	1	replay	none	637	4.0462
996	1788554426140216229	0x7f27a1e2f3b0	1	0fdbf3977c990123	37ce4a3fd2247f32	1459	1	1	512	-1	1	1	0	none	-1	-	-	-	1	1	replay	none	670	3.9828
997	1788554426145363608	0x7f27a1e2f3b0	1	0fdbf3977c990123	37ce4a3fd2247f32	1459	1	1	512	-1	1	1	0	none	-1	-	-	-	1	1	replay	none	499	3.7467
998	1788554426150156151	0x7f27a1e2f3b0	1	0fdbf3977c990123	37ce4a3fd2247f32	1459	1	1	512	-1	1	1	0	none	-1	-	-	-	1	1	replay	none	559	3.7875
999	1788554426155043942	0x7f27a1e2f3b0	1	0fdbf3977c990123	37ce4a3fd2247f32	1459	1	1	512	-1	1	1	0	none	-1	-	-	-	1	1	replay	none	635	3.9767
1000	1788554426160089129	0x7f27a1e2f3b0	1	0fdbf3977c990123	37ce4a3fd2247f32	1459	1	1	512	-1	1	1	0	none	-1	-	-	-	1	1	replay	none	595	3.9825
1001	1788554426165061420	0x7f27a1e2f3b0	1	0fdbf3977c990123	37ce4a3fd2247f32	1459	1	1	512	-1	1	1	0	none	-1	-	-	-	1	1	replay	none	629	4.0556
1002	1788554426170298768	0x7f27a1e2f3b0	1	0fdbf3977c990123	37ce4a3fd2247f32	1459	1	1	512	-1	1	1	0	none	-1	-	-	-	1	1	replay	none	649	3.7933
1003	1788554426175462738	0x7f27a1e2f3b0	1	0fdbf3977c990123	37ce4a3fd2247f32	1459	1	1	512	-1	1	1	0	none	-1	-	-	-	1	1	replay	none	632	3.8047
1004	1788554426180449937	0x7f27a1e2f3b0	1	0fdbf3977c990123	37ce4a3fd2247f32	1459	1	1	512	-1	1	1	0	none	-1	-	-	-	1	1	replay	none	647	3.8508
1005	1788554426185644204	0x7f27a1e2f3b0	1	0fdbf3977c990123	37ce4a3fd2247f32	1459	1	1	512	-1	1	1	0	none	-1	-	-	-	1	1	replay	none	614	4.0405
1006	1788554426190772147	0x7f27a1e2f3b0	1	0fdbf3977c990123	37ce4a3fd2247f32	1459	1	1	512	-1	1	1	0	none	-1	-	-	-	1	1	replay	none	818	4.0487
1007	1788554426196108922	0x7f27a1e2f3b0	1	0fdbf3977c990123	37ce4a3fd2247f32	1459	1	1	512	-1	1	1	0	none	-1	-	-	-	1	1	replay	none	640	4.0408
1008	1788554426201543270	0x7f27a1e2f3b0	1	0fdbf3977c990123	37ce4a3fd2247f32	1459	1	1	512	-1	1	1	0	none	-1	-	-	-	1	1	replay	none	616	3.7843
1009	1788554426206473050	0x7f27a1e2f3b0	1	0fdbf3977c990123	37ce4a3fd2247f32	1459	1	1	512	-1	1	1	0	none	-1	-	-	-	1	1	replay	none	631	3.8050
1010	1788554426211505804	0x7f27a1e2f3b0	1	0fdbf3977c990123	37ce4a3fd2247f32	1459	1	1	512	-1	1	1	0	none	-1	-	-	-	1	1	replay	none	647	3.8812
1011	1788554426216490578	0x7f27a1e2f3b0	1	0fdbf3977c990123	37ce4a3fd2247f32	1459	1	1	512	-1	1	1	0	none	-1	-	-	-	1	1	replay	none	506	3.9409
1012	1788554426221326241	0x7f27a1e2f3b0	1	0fdbf3977c990123	37ce4a3fd2247f32	1459	1	1	512	-1	1	1	0	none	-1	-	-	-	1	1	replay	none	521	4.0297
1013	1788554426226449946	0x7f27a1e2f3b0	1	0fdbf3977c990123	37ce4a3fd2247f32	1459	1	1	512	-1	1	1	0	none	-1	-	-	-	1	1	replay	none	650	3.7764
1014	1788554426231351694	0x7f27a1e2f3b0	1	0fdbf3977c990123	37ce4a3fd2247f32	1459	1	1	512	-1	1	1	0	none	-1	-	-	-	1	1	replay	none	632	3.8083
1015	1788554426236299398	0x7f27a1e2f3b0	1	0fdbf3977c990123	37ce4a3fd2247f32	1459	1	1	512	-1	1	1	0	none	-1	-	-	-	1	1	replay	none	636	3.9137
1016	1788554426241342712	0x7f27a1e2f3b0	1	0fdbf3977c990123	37ce4a3fd2247f32	1459	1	1	512	-1	1	1	0	none	-1	-	-	-	1	1	replay	none	802	3.9506
1017	1788554426246686981	0x7f27a1e2f3b0	1	0fdbf3977c990123	37ce4a3fd2247f32	1459	1	1	512	-1	1	1	0	none	-1	-	-	-	1	1	replay	none	630	4.0928
1018	1788554426251867773	0x7f27a1e2f3b0	1	0fdbf3977c990123	37ce4a3fd2247f32	1459	1	1	512	-1	1	1	0	none	-1	-	-	-	1	1	replay	none	614	4.0011
1019	1788554426257014872	0x7f27a1e2f3b0	1	0fdbf3977c990123	37ce4a3fd2247f32	1459	1	1	512	-1	1	1	0	none	-1	-	-	-	1	1	replay	none	559	3.7600
1020	1788554426261853631	0x7f27a1e2f3b0	1	0fdbf3977c990123	37ce4a3fd2247f32	1459	1	1	512	-1	1	1	0	none	-1	-	-	-	1	1	replay	none	682	3.8612
1021	1788554426267179185	0x7f27a1e2f3b0	1	0fdbf3977c990123	37ce4a3fd2247f32	1459	1	1	512	-1	1	1	0	none	-1	-	-	-	1	1	replay	none	654	4.0044
1022	1788554426272185820	0x7f27a1e2f3b0	1	0fdbf3977c990123	37ce4a3fd2247f32	1459	1	1	512	-1	1	1	0	none	-1	-	-	-	1	1	replay	none	605	4.0184
1023	1788554426277186784	0x7f27a1e2f3b0	1	0fdbf3977c990123	37ce4a3fd2247f32	1459	1	1	512	-1	1	1	0	none	-1	-	-	-	1	1	replay	none	576	4.0384
1024	1788554426282306852	0x7f27a1e2f3b0	1	0fdbf3977c990123	37ce4a3fd2247f32	1459	1	1	512	-1	1	1	0	none	-1	-	-	-	1	1	replay	none	506	3.7712
1025	1788554426287100887	0x7f27a1e2f3b0	1	0fdbf3977c990123	37ce4a3fd2247f32	1459	1	1	512	-1	1	1	0	none	-1	-	-	-	1	1	replay	none	633	3.8120
1026	1788554426291890324	0x7f27a1e2f3b0	1	0fdbf3977c990123	37ce4a3fd2247f32	1459	1	1	512	-1	1	1	0	none	-1	-	-	-	1	1	replay	none	566	4.0322
1027	1788554426296965969	0x7f27a1e2f3b0	1	0fdbf3977c990123	37ce4a3fd2247f32	1459	1	1	512	-1	1	1	0	none	-1	-	-	-	1	1	replay	none	572	4.0414
1028	1788554426301953668	0x7f27a1e2f3b0	1	0fdbf3977c990123	37ce4a3fd2247f32	1459	1	1	512	-1	1	1	0	none	-1	-	-	-	1	1	replay	none	531	3.9943
1029	1788554426306922051	0x7f27a1e2f3b0	1	0fdbf3977c990123	37ce4a3fd2247f32	1459	1	1	512	-1	1	1	0	none	-1	-	-	-	1	1	replay	none	529	3.8012
1030	1788554426311859386	0x7f27a1e2f3b0	1	0fdbf3977c990123	37ce4a3fd2247f32	1459	1	1	512	-1	1	1	0	none	-1	-	-	-	1	1	replay	none	648	3.8565
1031	1788554426316802020	0x7f27a1e2f3b0	1	0fdbf3977c990123	37ce4a3fd2247f32	1459	1	1	512	-1	1	1	0	none	-1	-	-	-	1	1	replay	none	655	4.1793
1032	1788554426322084964	0x7f27a1e2f3b0	1	0fdbf3977c990123	37ce4a3fd2247f32	1459	1	1	512	-1	1	1	0	none	-1	-	-	-	1	1	replay	none	624	4.0028
1033	1788554426327174304	0x7f27a1e2f3b0	1	0fdbf3977c990123	37ce4a3fd2247f32	1459	1	1	512	-1	1	1	0	none	-1	-	-	-	1	1	replay	none	635	3.8173
1034	1788554426333885110	0x7f27a1e2f3b0	1	0fdbf3977c990123	37ce4a3fd2247f32	1459	1	1	512	-1	1	1	0	none	-1	-	-	-	1	1	replay	none	639	4.0239
1035	1788554426339071192	0x7f27a1e2f3b0	1	0fdbf3977c990123	37ce4a3fd2247f32	1459	1	1	512	-1	1	1	0	none	-1	-	-	-	1	1	replay	none	584	3.7562
1036	1788554426343949706	0x7f27a1e2f3b0	1	0fdbf3977c990123	37ce4a3fd2247f32	1459	1	1	512	-1	1	1	0	none	-1	-	-	-	1	1	replay	none	629	3.8594
1037	1788554426348943297	0x7f27a1e2f3b0	1	0fdbf3977c990123	37ce4a3fd2247f32	1459	1	1	512	-1	1	1	0	none	-1	-	-	-	1	1	replay	none	629	4.1170
1038	1788554426354151871	0x7f27a1e2f3b0	1	0fdbf3977c990123	37ce4a3fd2247f32	1459	1	1	512	-1	1	1	0	none	-1	-	-	-	1	1	replay	none	638	3.8061
1039	1788554426359131274	0x7f27a1e2f3b0	1	0fdbf3977c990123	37ce4a3fd2247f32	1459	1	1	512	-1	1	1	0	none	-1	-	-	-	1	1	replay	none	630	3.7716
1040	1788554426364135184	0x7f27a1e2f3b0	1	0fdbf3977c990123	37ce4a3fd2247f32	1459	1	1	512	-1	1	1	0	none	-1	-	-	-	1	1	replay	none	602	4.0296
1041	1788554426369330313	0x7f27a1e2f3b0	1	0fdbf3977c990123	37ce4a3fd2247f32	1459	1	1	512	-1	1	1	0	none	-1	-	-	-	1	1	replay	none	611	4.0506
1042	1788554426374469787	0x7f27a1e2f3b0	1	0fdbf3977c990123	37ce4a3fd2247f32	1459	1	1	512	-1	1	1	0	none	-1	-	-	-	1	1	replay	none	616	3.9236
1043	1788554426889969399	0x7f27a1e2f3b0	1	5e879b663492f411	4c833ba4bc1bea9f	1459	4	1	256	-1	1	1	1	structure	0	GET_ROWS	model.input_embed	shape,data	1	0	direct	none	4937	5.3307
1044	1788554426897467163	0x7f27a1e2f3b0	1	0fdbf3977c990123	37ce4a3fd2247f32	1459	1	1	512	-1	1	1	1	structure	0	GET_ROWS	model.input_embed	shape,data	0	0	direct	none	4184	4.8360
1045	1788554426903530363	0x7f27a1e2f3b0	1	0fdbf3977c990123	37ce4a3fd2247f32	1459	1	1	512	-1	1	1	0	none	-1	-	-	-	0	1	capture	update	3027	6.4371
1046	1788554426911170234	0x7f27a1e2f3b0	1	0fdbf3977c990123	37ce4a3fd2247f32	1459	1	1	512	-1	1	1	0	none	-1	-	-	-	1	1	replay	none	652	4.0017
1047	1788554426916318044	0x7f27a1e2f3b0	1	0fdbf3977c990123	37ce4a3fd2247f32	1459	1	1	512	-1	1	1	0	none	-1	-	-	-	1	1	replay	none	650	3.8020
1048	1788554426921339006	0x7f27a1e2f3b0	1	0fdbf3977c990123	37ce4a3fd2247f32	1459	1	1	512	-1	1	1	0	none	-1	-	-	-	1	1	replay	none	639	4.0496
1049	1788554426926542210	0x7f27a1e2f3b0	1	0fdbf3977c990123	37ce4a3fd2247f32	1459	1	1	512	-1	1	1	0	none	-1	-	-	-	1	1	replay	none	632	4.0305
1050	1788554426931709747	0x7f27a1e2f3b0	1	0fdbf3977c990123	37ce4a3fd2247f32	1459	1	1	512	-1	1	1	0	none	-1	-	-	-	1	1	replay	none	516	4.1028
1051	1788554426936800961	0x7f27a1e2f3b0	1	0fdbf3977c990123	37ce4a3fd2247f32	1459	1	1	512	-1	1	1	0	none	-1	-	-	-	1	1	replay	none	644	4.0311
1052	1788554426941995879	0x7f27a1e2f3b0	1	0fdbf3977c990123	37ce4a3fd2247f32	1459	1	1	512	-1	1	1	0	none	-1	-	-	-	1	1	replay	none	655	3.9898
1053	1788554426947112260	0x7f27a1e2f3b0	1	0fdbf3977c990123	37ce4a3fd2247f32	1459	1	1	512	-1	1	1	0	none	-1	-	-	-	1	1	replay	none	642	3.8119
1054	1788554426952152248	0x7f27a1e2f3b0	1	0fdbf3977c990123	37ce4a3fd2247f32	1459	1	1	512	-1	1	1	0	none	-1	-	-	-	1	1	replay	none	648	4.0464
1055	1788554426957404985	0x7f27a1e2f3b0	1	0fdbf3977c990123	37ce4a3fd2247f32	1459	1	1	512	-1	1	1	0	none	-1	-	-	-	1	1	replay	none	638	3.9249
1056	1788554426962493433	0x7f27a1e2f3b0	1	0fdbf3977c990123	37ce4a3fd2247f32	1459	1	1	512	-1	1	1	0	none	-1	-	-	-	1	1	replay	none	611	3.8510
1057	1788554426967502012	0x7f27a1e2f3b0	1	0fdbf3977c990123	37ce4a3fd2247f32	1459	1	1	512	-1	1	1	0	none	-1	-	-	-	1	1	replay	none	640	3.9970
1058	1788554426972580572	0x7f27a1e2f3b0	1	0fdbf3977c990123	37ce4a3fd2247f32	1459	1	1	512	-1	1	1	0	none	-1	-	-	-	1	1	replay	none	626	3.8980
1059	1788554426977666626	0x7f27a1e2f3b0	1	0fdbf3977c990123	37ce4a3fd2247f32	1459	1	1	512	-1	1	1	0	none	-1	-	-	-	1	1	replay	none	750	4.0260
1060	1788554426982979255	0x7f27a1e2f3b0	1	0fdbf3977c990123	37ce4a3fd2247f32	1459	1	1	512	-1	1	1	0	none	-1	-	-	-	1	1	replay	none	653	3.7919
1061	1788554426987993064	0x7f27a1e2f3b0	1	0fdbf3977c990123	37ce4a3fd2247f32	1459	1	1	512	-1	1	1	0	none	-1	-	-	-	1	1	replay	none	577	3.7956
1062	1788554426992895112	0x7f27a1e2f3b0	1	0fdbf3977c990123	37ce4a3fd2247f32	1459	1	1	512	-1	1	1	0	none	-1	-	-	-	1	1	replay	none	676	3.9483
1063	1788554426998030829	0x7f27a1e2f3b0	1	0fdbf3977c990123	37ce4a3fd2247f32	1459	1	1	512	-1	1	1	0	none	-1	-	-	-	1	1	replay	none	687	3.8811
1064	1788554427003027966	0x7f27a1e2f3b0	1	0fdbf3977c990123	37ce4a3fd2247f32	1459	1	1	512	-1	1	1	0	none	-1	-	-	-	1	1	replay	none	666	3.8230
1065	1788554427008105564	0x7f27a1e2f3b0	1	0fdbf3977c990123	37ce4a3fd2247f32	1459	1	1	512	-1	1	1	0	none	-1	-	-	-	1	1	replay	none	663	4.0422
1066	1788554427013517430	0x7f27a1e2f3b0	1	0fdbf3977c990123	37ce4a3fd2247f32	1459	1	1	512	-1	1	1	0	none	-1	-	-	-	1	1	replay	none	649	3.8817
1067	1788554427018854676	0x7f27a1e2f3b0	1	0fdbf3977c990123	37ce4a3fd2247f32	1459	1	1	512	-1	1	1	0	none	-1	-	-	-	1	1	replay	none	698	3.8468
1068	1788554427024256804	0x7f27a1e2f3b0	1	0fdbf3977c990123	37ce4a3fd2247f32	1459	1	1	512	-1	1	1	0	none	-1	-	-	-	1	1	replay	none	664	3.8683
1069	1788554427028871332	0x7f27a1e2f3b0	1	da7570afdbb81394	94a357743892276a	1459	252	0	256	-1	1	1	1	structure	0	GET_ROWS	model.input_embed	shape,data	1	0	direct	none	6206	17.1151
1070	1788554427052861898	0x7f27a1e2f3b0	1	0fdbf3977c990123	37ce4a3fd2247f32	1459	1	1	512	-1	1	1	1	structure	0	GET_ROWS	model.input_embed	shape,data	0	0	direct	none	4359	4.6971
1071	1788554427058376547	0x7f27a1e2f3b0	1	802ba1f19f5ea689	7d1f90516afcefd3	1459	4	1	256	-1	1	1	1	structure	0	GET_ROWS	model.input_embed	shape,data	0	0	direct	none	4447	4.9946
1072	1788554427066088193	0x7f27a1e2f3b0	1	d702fd6fe588b6cb	4057f96d76cc09c7	1459	2	2	512	-1	1	1	1	structure	0	GET_ROWS	model.input_embed	shape,data	0	0	direct	none	4310	4.8080
1073	1788554427072734167	0x7f27a1e2f3b0	1	d702fd6fe588b6cb	4057f96d76cc09c7	1459	2	2	512	-1	1	1	0	none	-1	-	-	-	0	1	capture	reinstantiate	5584	9.2385
1074	1788554427083630105	0x7f27a1e2f3b0	1	d702fd6fe588b6cb	4057f96d76cc09c7	1459	2	2	512	-1	1	1	0	none	-1	-	-	-	1	1	replay	none	645	4.3573
1075	1788554427089573520	0x7f27a1e2f3b0	1	d702fd6fe588b6cb	4057f96d76cc09c7	1459	2	2	512	-1	1	1	0	none	-1	-	-	-	1	1	replay	none	640	4.2314
1076	1788554427095369828	0x7f27a1e2f3b0	1	d702fd6fe588b6cb	4057f96d76cc09c7	1459	2	2	512	-1	1	1	0	none	-1	-	-	-	1	1	replay	none	639	4.2426
1077	1788554427101188448	0x7f27a1e2f3b0	1	d702fd6fe588b6cb	4057f96d76cc09c7	1459	2	2	512	-1	1	1	0	none	-1	-	-	-	1	1	replay	none	667	4.0746
1078	1788554427106747020	0x7f27a1e2f3b0	1	d702fd6fe588b6cb	4057f96d76cc09c7	1459	2	2	512	-1	1	1	0	none	-1	-	-	-	1	1	replay	none	632	4.2453
1079	1788554427112475450	0x7f27a1e2f3b0	1	d702fd6fe588b6cb	4057f96d76cc09c7	1459	2	2	512	-1	1	1	0	none	-1	-	-	-	1	1	replay	none	627	4.1017
1080	1788554427118294090	0x7f27a1e2f3b0	1	d702fd6fe588b6cb	4057f96d76cc09c7	1459	2	2	512	-1	1	1	0	none	-1	-	-	-	1	1	replay	none	650	4.1055
1081	1788554427123908196	0x7f27a1e2f3b0	1	d702fd6fe588b6cb	4057f96d76cc09c7	1459	2	2	512	-1	1	1	0	none	-1	-	-	-	1	1	replay	none	656	4.1466
1082	1788554427129644261	0x7f27a1e2f3b0	1	d702fd6fe588b6cb	4057f96d76cc09c7	1459	2	2	512	-1	1	1	0	none	-1	-	-	-	1	1	replay	none	631	4.2727
1083	1788554427135426603	0x7f27a1e2f3b0	1	d702fd6fe588b6cb	4057f96d76cc09c7	1459	2	2	512	-1	1	1	0	none	-1	-	-	-	1	1	replay	none	633	4.2834
1084	1788554427141157308	0x7f27a1e2f3b0	1	d702fd6fe588b6cb	4057f96d76cc09c7	1459	2	2	512	-1	1	1	0	none	-1	-	-	-	1	1	replay	none	723	4.3368
1085	1788554427147070446	0x7f27a1e2f3b0	1	d702fd6fe588b6cb	4057f96d76cc09c7	1459	2	2	512	-1	1	1	0	none	-1	-	-	-	1	1	replay	none	645	4.2803
1086	1788554427152891701	0x7f27a1e2f3b0	1	d702fd6fe588b6cb	4057f96d76cc09c7	1459	2	2	512	-1	1	1	0	none	-1	-	-	-	1	1	replay	none	868	4.1037
1087	1788554427158773390	0x7f27a1e2f3b0	1	d702fd6fe588b6cb	4057f96d76cc09c7	1459	2	2	512	-1	1	1	0	none	-1	-	-	-	1	1	replay	none	656	4.2402
1088	1788554427164731381	0x7f27a1e2f3b0	1	d702fd6fe588b6cb	4057f96d76cc09c7	1459	2	2	512	-1	1	1	0	none	-1	-	-	-	1	1	replay	none	640	4.3017
1089	1788554427170664697	0x7f27a1e2f3b0	1	d702fd6fe588b6cb	4057f96d76cc09c7	1459	2	2	512	-1	1	1	0	none	-1	-	-	-	1	1	replay	none	622	4.2725
1090	1788554427176404419	0x7f27a1e2f3b0	1	d702fd6fe588b6cb	4057f96d76cc09c7	1459	2	2	512	-1	1	1	0	none	-1	-	-	-	1	1	replay	none	629	4.2004
1091	1788554427182133080	0x7f27a1e2f3b0	1	d702fd6fe588b6cb	4057f96d76cc09c7	1459	2	2	512	-1	1	1	0	none	-1	-	-	-	1	1	replay	none	646	4.0684
1092	1788554427187831575	0x7f27a1e2f3b0	1	d702fd6fe588b6cb	4057f96d76cc09c7	1459	2	2	512	-1	1	1	0	none	-1	-	-	-	1	1	replay	none	638	4.0896
1093	1788554427193414873	0x7f27a1e2f3b0	1	d702fd6fe588b6cb	4057f96d76cc09c7	1459	2	2	512	-1	1	1	0	none	-1	-	-	-	1	1	replay	none	629	4.1875
1094	1788554427199172508	0x7f27a1e2f3b0	1	d702fd6fe588b6cb	4057f96d76cc09c7	1459	2	2	512	-1	1	1	0	none	-1	-	-	-	1	1	replay	none	654	4.2106
1095	1788554427204953618	0x7f27a1e2f3b0	1	d702fd6fe588b6cb	4057f96d76cc09c7	1459	2	2	512	-1	1	1	0	none	-1	-	-	-	1	1	replay	none	666	4.1791
1096	1788554427210927269	0x7f27a1e2f3b0	1	d702fd6fe588b6cb	4057f96d76cc09c7	1459	2	2	512	-1	1	1	0	none	-1	-	-	-	1	1	replay	none	637	4.2291
1097	1788554427216682330	0x7f27a1e2f3b0	1	d702fd6fe588b6cb	4057f96d76cc09c7	1459	2	2	512	-1	1	1	0	none	-1	-	-	-	1	1	replay	none	632	4.2267
1098	1788554427222273723	0x7f27a1e2f3b0	1	d702fd6fe588b6cb	4057f96d76cc09c7	1459	2	2	512	-1	1	1	0	none	-1	-	-	-	1	1	replay	none	618	4.0799
1099	1788554427227876177	0x7f27a1e2f3b0	1	d702fd6fe588b6cb	4057f96d76cc09c7	1459	2	2	512	-1	1	1	0	none	-1	-	-	-	1	1	replay	none	679	4.4141
1100	1788554427233821175	0x7f27a1e2f3b0	1	d702fd6fe588b6cb	4057f96d76cc09c7	1459	2	2	512	-1	1	1	0	none	-1	-	-	-	1	1	replay	none	684	4.1214
1101	1788554427239520100	0x7f27a1e2f3b0	1	d702fd6fe588b6cb	4057f96d76cc09c7	1459	2	2	512	-1	1	1	0	none	-1	-	-	-	1	1	replay	none	644	4.3282
1102	1788554427245383655	0x7f27a1e2f3b0	1	d702fd6fe588b6cb	4057f96d76cc09c7	1459	2	2	512	-1	1	1	0	none	-1	-	-	-	1	1	replay	none	631	4.2359
1103	1788554427252047663	0x7f27a1e2f3b0	1	0fdbf3977c990123	37ce4a3fd2247f32	1459	1	1	512	-1	1	1	1	structure	0	GET_ROWS	model.input_embed	shape,data	1	0	direct	none	3308	4.5752
1104	1788554427257687096	0x7f27a1e2f3b0	1	0fdbf3977c990123	37ce4a3fd2247f32	1459	1	1	512	-1	1	1	0	none	-1	-	-	-	0	1	capture	reinstantiate	4622	7.9664
1105	1788554427266791058	0x7f27a1e2f3b0	1	0fdbf3977c990123	37ce4a3fd2247f32	1459	1	1	512	-1	1	1	0	none	-1	-	-	-	1	1	replay	none	670	3.8916
1106	1788554427271798724	0x7f27a1e2f3b0	1	0fdbf3977c990123	37ce4a3fd2247f32	1459	1	1	512	-1	1	1	0	none	-1	-	-	-	1	1	replay	none	631	3.9916
1107	1788554427276802183	0x7f27a1e2f3b0	1	0fdbf3977c990123	37ce4a3fd2247f32	1459	1	1	512	-1	1	1	0	none	-1	-	-	-	1	1	replay	none	531	4.0818
1108	1788554427281997282	0x7f27a1e2f3b0	1	0fdbf3977c990123	37ce4a3fd2247f32	1459	1	1	512	-1	1	1	0	none	-1	-	-	-	1	1	replay	none	628	3.8186
1109	1788554427286965465	0x7f27a1e2f3b0	1	0fdbf3977c990123	37ce4a3fd2247f32	1459	1	1	512	-1	1	1	0	none	-1	-	-	-	1	1	replay	none	636	3.8601
1110	1788554427291963303	0x7f27a1e2f3b0	1	0fdbf3977c990123	37ce4a3fd2247f32	1459	1	1	512	-1	1	1	0	none	-1	-	-	-	1	1	replay	none	680	3.9868
1111	1788554427298801989	0x7f27a1e2f3b0	1	0fdbf3977c990123	37ce4a3fd2247f32	1459	1	1	512	-1	1	1	0	none	-1	-	-	-	1	1	replay	none	645	4.0486
1112	1788554427303849531	0x7f27a1e2f3b0	1	0fdbf3977c990123	37ce4a3fd2247f32	1459	1	1	512	-1	1	1	0	none	-1	-	-	-	1	1	replay	none	514	3.9553
1113	1788554427309981229	0x7f27a1e2f3b0	1	0fdbf3977c990123	37ce4a3fd2247f32	1459	1	1	512	-1	1	1	0	none	-1	-	-	-	1	1	replay	none	630	3.9614
1114	1788554427315039591	0x7f27a1e2f3b0	1	0fdbf3977c990123	37ce4a3fd2247f32	1459	1	1	512	-1	1	1	0	none	-1	-	-	-	1	1	replay	none	712	4.0230
1115	1788554427320338455	0x7f27a1e2f3b0	1	0fdbf3977c990123	37ce4a3fd2247f32	1459	1	1	512	-1	1	1	0	none	-1	-	-	-	1	1	replay	none	629	3.7907
1116	1788554427325241856	0x7f27a1e2f3b0	1	0fdbf3977c990123	37ce4a3fd2247f32	1459	1	1	512	-1	1	1	0	none	-1	-	-	-	1	1	replay	none	634	3.7984
1117	1788554427330196764	0x7f27a1e2f3b0	1	0fdbf3977c990123	37ce4a3fd2247f32	1459	1	1	512	-1	1	1	0	none	-1	-	-	-	1	1	replay	none	640	4.0590
1118	1788554427335421939	0x7f27a1e2f3b0	1	0fdbf3977c990123	37ce4a3fd2247f32	1459	1	1	512	-1	1	1	0	none	-1	-	-	-	1	1	replay	none	627	3.7626
1119	1788554427340229189	0x7f27a1e2f3b0	1	0fdbf3977c990123	37ce4a3fd2247f32	1459	1	1	512	-1	1	1	0	none	-1	-	-	-	1	1	replay	none	594	4.0196
1120	1788554427345358655	0x7f27a1e2f3b0	1	0fdbf3977c990123	37ce4a3fd2247f32	1459	1	1	512	-1	1	1	0	none	-1	-	-	-	1	1	replay	none	623	3.7876
1121	1788554427350366592	0x7f27a1e2f3b0	1	0fdbf3977c990123	37ce4a3fd2247f32	1459	1	1	512	-1	1	1	0	none	-1	-	-	-	1	1	replay	none	629	4.0550
1122	1788554427355420686	0x7f27a1e2f3b0	1	0fdbf3977c990123	37ce4a3fd2247f32	1459	1	1	512	-1	1	1	0	none	-1	-	-	-	1	1	replay	none	625	4.0432
1123	1788554427360452358	0x7f27a1e2f3b0	1	0fdbf3977c990123	37ce4a3fd2247f32	1459	1	1	512	-1	1	1	0	none	-1	-	-	-	1	1	replay	none	630	3.8025
1124	1788554427365288202	0x7f27a1e2f3b0	1	0fdbf3977c990123	37ce4a3fd2247f32	1459	1	1	512	-1	1	1	0	none	-1	-	-	-	1	1	replay	none	569	3.9413
1125	1788554427370340873	0x7f27a1e2f3b0	1	0fdbf3977c990123	37ce4a3fd2247f32	1459	1	1	512	-1	1	1	0	none	-1	-	-	-	1	1	replay	none	624	3.7847
1126	1788554427375247110	0x7f27a1e2f3b0	1	0fdbf3977c990123	37ce4a3fd2247f32	1459	1	1	512	-1	1	1	0	none	-1	-	-	-	1	1	replay	none	622	3.8532
1127	1788554427380213789	0x7f27a1e2f3b0	1	0fdbf3977c990123	37ce4a3fd2247f32	1459	1	1	512	-1	1	1	0	none	-1	-	-	-	1	1	replay	none	589	3.9343
1128	1788554427385275327	0x7f27a1e2f3b0	1	0fdbf3977c990123	37ce4a3fd2247f32	1459	1	1	512	-1	1	1	0	none	-1	-	-	-	1	1	replay	none	929	3.9567
1129	1788554427390618654	0x7f27a1e2f3b0	1	0fdbf3977c990123	37ce4a3fd2247f32	1459	1	1	512	-1	1	1	0	none	-1	-	-	-	1	1	replay	none	624	4.0415
1130	1788554427395741287	0x7f27a1e2f3b0	1	0fdbf3977c990123	37ce4a3fd2247f32	1459	1	1	512	-1	1	1	0	none	-1	-	-	-	1	1	replay	none	631	4.0288
1131	1788554427400908985	0x7f27a1e2f3b0	1	0fdbf3977c990123	37ce4a3fd2247f32	1459	1	1	512	-1	1	1	0	none	-1	-	-	-	1	1	replay	none	620	3.7856
1132	1788554427406931017	0x7f27a1e2f3b0	1	0fdbf3977c990123	37ce4a3fd2247f32	1459	1	1	512	-1	1	1	0	none	-1	-	-	-	1	1	replay	none	584	3.7794
1133	1788554427411733698	0x7f27a1e2f3b0	1	0fdbf3977c990123	37ce4a3fd2247f32	1459	1	1	512	-1	1	1	0	none	-1	-	-	-	1	1	replay	none	514	3.9243
1134	1788554427416646106	0x7f27a1e2f3b0	1	0fdbf3977c990123	37ce4a3fd2247f32	1459	1	1	512	-1	1	1	0	none	-1	-	-	-	1	1	replay	none	627	4.0269
1135	1788554427421670835	0x7f27a1e2f3b0	1	0fdbf3977c990123	37ce4a3fd2247f32	1459	1	1	512	-1	1	1	0	none	-1	-	-	-	1	1	replay	none	533	4.0026
1136	1788554427426733285	0x7f27a1e2f3b0	1	0fdbf3977c990123	37ce4a3fd2247f32	1459	1	1	512	-1	1	1	0	none	-1	-	-	-	1	1	replay	none	641	4.0454
1137	1788554427431923835	0x7f27a1e2f3b0	1	0fdbf3977c990123	37ce4a3fd2247f32	1459	1	1	512	-1	1	1	0	none	-1	-	-	-	1	1	replay	none	629	3.7983
1138	1788554427437867690	0x7f27a1e2f3b0	1	0fdbf3977c990123	37ce4a3fd2247f32	1459	1	1	512	-1	1	1	0	none	-1	-	-	-	1	1	replay	none	653	4.0105
1139	1788554427443042992	0x7f27a1e2f3b0	1	0fdbf3977c990123	37ce4a3fd2247f32	1459	1	1	512	-1	1	1	0	none	-1	-	-	-	1	1	replay	none	561	3.9620
1140	1788554427448041762	0x7f27a1e2f3b0	1	0fdbf3977c990123	37ce4a3fd2247f32	1459	1	1	512	-1	1	1	0	none	-1	-	-	-	1	1	replay	none	623	3.9678
1141	1788554427453106556	0x7f27a1e2f3b0	1	0fdbf3977c990123	37ce4a3fd2247f32	1459	1	1	512	-1	1	1	0	none	-1	-	-	-	1	1	replay	none	634	4.0063
1142	1788554427458341360	0x7f27a1e2f3b0	1	0fdbf3977c990123	37ce4a3fd2247f32	1459	1	1	512	-1	1	1	0	none	-1	-	-	-	1	1	replay	none	633	4.0402
1143	1788554427463599156	0x7f27a1e2f3b0	1	0fdbf3977c990123	37ce4a3fd2247f32	1459	1	1	512	-1	1	1	0	none	-1	-	-	-	1	1	replay	none	626	3.7715
1144	1788554427468514730	0x7f27a1e2f3b0	1	0fdbf3977c990123	37ce4a3fd2247f32	1459	1	1	512	-1	1	1	0	none	-1	-	-	-	1	1	replay	none	632	3.8653
1145	1788554427473521645	0x7f27a1e2f3b0	1	0fdbf3977c990123	37ce4a3fd2247f32	1459	1	1	512	-1	1	1	0	none	-1	-	-	-	1	1	replay	none	627	4.0733
1146	1788554427478686427	0x7f27a1e2f3b0	1	0fdbf3977c990123	37ce4a3fd2247f32	1459	1	1	512	-1	1	1	0	none	-1	-	-	-	1	1	replay	none	632	4.0545
1147	1788554427483743918	0x7f27a1e2f3b0	1	0fdbf3977c990123	37ce4a3fd2247f32	1459	1	1	512	-1	1	1	0	none	-1	-	-	-	1	1	replay	none	499	4.0105
1148	1788554427488848917	0x7f27a1e2f3b0	1	0fdbf3977c990123	37ce4a3fd2247f32	1459	1	1	512	-1	1	1	0	none	-1	-	-	-	1	1	replay	none	648	3.7918
1149	1788554427493848930	0x7f27a1e2f3b0	1	0fdbf3977c990123	37ce4a3fd2247f32	1459	1	1	512	-1	1	1	0	none	-1	-	-	-	1	1	replay	none	640	3.8150
1150	1788554427498799679	0x7f27a1e2f3b0	1	0fdbf3977c990123	37ce4a3fd2247f32	1459	1	1	512	-1	1	1	0	none	-1	-	-	-	1	1	replay	none	643	3.9300
1151	1788554427503745841	0x7f27a1e2f3b0	1	0fdbf3977c990123	37ce4a3fd2247f32	1459	1	1	512	-1	1	1	0	none	-1	-	-	-	1	1	replay	none	492	3.9960
1152	1788554427508767283	0x7f27a1e2f3b0	1	0fdbf3977c990123	37ce4a3fd2247f32	1459	1	1	512	-1	1	1	0	none	-1	-	-	-	1	1	replay	none	630	4.0377
1153	1788554427513942685	0x7f27a1e2f3b0	1	0fdbf3977c990123	37ce4a3fd2247f32	1459	1	1	512	-1	1	1	0	none	-1	-	-	-	1	1	replay	none	630	3.7841
1154	1788554427518760475	0x7f27a1e2f3b0	1	0fdbf3977c990123	37ce4a3fd2247f32	1459	1	1	512	-1	1	1	0	none	-1	-	-	-	1	1	replay	none	491	3.7848
1155	1788554427523521178	0x7f27a1e2f3b0	1	0fdbf3977c990123	37ce4a3fd2247f32	1459	1	1	512	-1	1	1	0	none	-1	-	-	-	1	1	replay	none	565	3.9346
1156	1788554427528505190	0x7f27a1e2f3b0	1	0fdbf3977c990123	37ce4a3fd2247f32	1459	1	1	512	-1	1	1	0	none	-1	-	-	-	1	1	replay	none	621	4.0126
1157	1788554427533588630	0x7f27a1e2f3b0	1	0fdbf3977c990123	37ce4a3fd2247f32	1459	1	1	512	-1	1	1	0	none	-1	-	-	-	1	1	replay	none	627	4.0551
1158	1788554427538788908	0x7f27a1e2f3b0	1	0fdbf3977c990123	37ce4a3fd2247f32	1459	1	1	512	-1	1	1	0	none	-1	-	-	-	1	1	replay	none	638	3.7951
1159	1788554427543745389	0x7f27a1e2f3b0	1	0fdbf3977c990123	37ce4a3fd2247f32	1459	1	1	512	-1	1	1	0	none	-1	-	-	-	1	1	replay	none	634	4.1579
1160	1788554427549063228	0x7f27a1e2f3b0	1	0fdbf3977c990123	37ce4a3fd2247f32	1459	1	1	512	-1	1	1	0	none	-1	-	-	-	1	1	replay	none	665	4.0594
1161	1788554427554156646	0x7f27a1e2f3b0	1	0fdbf3977c990123	37ce4a3fd2247f32	1459	1	1	512	-1	1	1	0	none	-1	-	-	-	1	1	replay	none	582	4.0793
1162	1788554427559285029	0x7f27a1e2f3b0	1	0fdbf3977c990123	37ce4a3fd2247f32	1459	1	1	512	-1	1	1	0	none	-1	-	-	-	1	1	replay	none	724	3.8189
1163	1788554427564244846	0x7f27a1e2f3b0	1	0fdbf3977c990123	37ce4a3fd2247f32	1459	1	1	512	-1	1	1	0	none	-1	-	-	-	1	1	replay	none	594	4.0308
1164	1788554427569387507	0x7f27a1e2f3b0	1	0fdbf3977c990123	37ce4a3fd2247f32	1459	1	1	512	-1	1	1	0	none	-1	-	-	-	1	1	replay	none	504	4.0329
1165	1788554427574472839	0x7f27a1e2f3b0	1	0fdbf3977c990123	37ce4a3fd2247f32	1459	1	1	512	-1	1	1	0	none	-1	-	-	-	1	1	replay	none	615	3.9954
1166	1788554427579884966	0x7f27a1e2f3b0	1	0fdbf3977c990123	37ce4a3fd2247f32	1459	1	1	512	-1	1	1	0	none	-1	-	-	-	1	1	replay	none	516	3.9987
1167	1788554427584909805	0x7f27a1e2f3b0	1	0fdbf3977c990123	37ce4a3fd2247f32	1459	1	1	512	-1	1	1	0	none	-1	-	-	-	1	1	replay	none	994	4.0401
1168	1788554427590366165	0x7f27a1e2f3b0	1	0fdbf3977c990123	37ce4a3fd2247f32	1459	1	1	512	-1	1	1	0	none	-1	-	-	-	1	1	replay	none	506	4.0465
1169	1788554427595371958	0x7f27a1e2f3b0	1	0fdbf3977c990123	37ce4a3fd2247f32	1459	1	1	512	-1	1	1	0	none	-1	-	-	-	1	1	replay	none	612	3.7636
1170	1788554427600248288	0x7f27a1e2f3b0	1	0fdbf3977c990123	37ce4a3fd2247f32	1459	1	1	512	-1	1	1	0	none	-1	-	-	-	1	1	replay	none	637	3.8089
1171	1788554427605153913	0x7f27a1e2f3b0	1	0fdbf3977c990123	37ce4a3fd2247f32	1459	1	1	512	-1	1	1	0	none	-1	-	-	-	1	1	replay	none	581	3.8544
1172	1788554427610105184	0x7f27a1e2f3b0	1	0fdbf3977c990123	37ce4a3fd2247f32	1459	1	1	512	-1	1	1	0	none	-1	-	-	-	1	1	replay	none	551	3.9309
1173	1788554428125849845	0x7f27a1e2f3b0	1	5e879b663492f411	4c833ba4bc1bea9f	1459	4	1	256	-1	1	1	1	structure	0	GET_ROWS	model.input_embed	shape,data	1	0	direct	none	4676	5.5049
1174	1788554428133587691	0x7f27a1e2f3b0	1	0fdbf3977c990123	37ce4a3fd2247f32	1459	1	1	512	-1	1	1	1	structure	0	GET_ROWS	model.input_embed	shape,data	0	0	direct	none	3968	4.8820
1175	1788554428139598893	0x7f27a1e2f3b0	1	0fdbf3977c990123	37ce4a3fd2247f32	1459	1	1	512	-1	1	1	0	none	-1	-	-	-	0	1	capture	update	3447	6.8645
1176	1788554428147623366	0x7f27a1e2f3b0	1	0fdbf3977c990123	37ce4a3fd2247f32	1459	1	1	512	-1	1	1	0	none	-1	-	-	-	1	1	replay	none	657	3.9923
1177	1788554428152794029	0x7f27a1e2f3b0	1	0fdbf3977c990123	37ce4a3fd2247f32	1459	1	1	512	-1	1	1	0	none	-1	-	-	-	1	1	replay	none	648	4.0029
1178	1788554428157958571	0x7f27a1e2f3b0	1	0fdbf3977c990123	37ce4a3fd2247f32	1459	1	1	512	-1	1	1	0	none	-1	-	-	-	1	1	replay	none	650	4.0271
1179	1788554428163156295	0x7f27a1e2f3b0	1	0fdbf3977c990123	37ce4a3fd2247f32	1459	1	1	512	-1	1	1	0	none	-1	-	-	-	1	1	replay	none	664	3.7976
1180	1788554428168140978	0x7f27a1e2f3b0	1	0fdbf3977c990123	37ce4a3fd2247f32	1459	1	1	512	-1	1	1	0	none	-1	-	-	-	1	1	replay	none	663	3.8685
1181	1788554428173144357	0x7f27a1e2f3b0	1	0fdbf3977c990123	37ce4a3fd2247f32	1459	1	1	512	-1	1	1	0	none	-1	-	-	-	1	1	replay	none	644	4.0280
1182	1788554428178276888	0x7f27a1e2f3b0	1	0fdbf3977c990123	37ce4a3fd2247f32	1459	1	1	512	-1	1	1	0	none	-1	-	-	-	1	1	replay	none	666	3.8149
1183	1788554428183286008	0x7f27a1e2f3b0	1	0fdbf3977c990123	37ce4a3fd2247f32	1459	1	1	512	-1	1	1	0	none	-1	-	-	-	1	1	replay	none	644	3.7820
1184	1788554428188260813	0x7f27a1e2f3b0	1	0fdbf3977c990123	37ce4a3fd2247f32	1459	1	1	512	-1	1	1	0	none	-1	-	-	-	1	1	replay	none	647	3.7968
1185	1788554428193224657	0x7f27a1e2f3b0	1	0fdbf3977c990123	37ce4a3fd2247f32	1459	1	1	512	-1	1	1	0	none	-1	-	-	-	1	1	replay	none	649	3.9677
1186	1788554428198370103	0x7f27a1e2f3b0	1	0fdbf3977c990123	37ce4a3fd2247f32	1459	1	1	512	-1	1	1	0	none	-1	-	-	-	1	1	replay	none	648	3.9791
1187	1788554428203419368	0x7f27a1e2f3b0	1	0fdbf3977c990123	37ce4a3fd2247f32	1459	1	1	512	-1	1	1	0	none	-1	-	-	-	1	1	replay	none	636	3.8203
1188	1788554428208464635	0x7f27a1e2f3b0	1	0fdbf3977c990123	37ce4a3fd2247f32	1459	1	1	512	-1	1	1	0	none	-1	-	-	-	1	1	replay	none	636	3.7809
1189	1788554428213775501	0x7f27a1e2f3b0	1	0fdbf3977c990123	37ce4a3fd2247f32	1459	1	1	512	-1	1	1	0	none	-1	-	-	-	1	1	replay	none	642	3.7787
1190	1788554428218853230	0x7f27a1e2f3b0	1	0fdbf3977c990123	37ce4a3fd2247f32	1459	1	1	512	-1	1	1	0	none	-1	-	-	-	1	1	replay	none	667	3.8626
1191	1788554428223874241	0x7f27a1e2f3b0	1	0fdbf3977c990123	37ce4a3fd2247f32	1459	1	1	512	-1	1	1	0	none	-1	-	-	-	1	1	replay	none	676	4.0276
1192	1788554428229054753	0x7f27a1e2f3b0	1	0fdbf3977c990123	37ce4a3fd2247f32	1459	1	1	512	-1	1	1	0	none	-1	-	-	-	1	1	replay	none	636	3.9593
1193	1788554428234128754	0x7f27a1e2f3b0	1	0fdbf3977c990123	37ce4a3fd2247f32	1459	1	1	512	-1	1	1	0	none	-1	-	-	-	1	1	replay	none	651	4.0251
1194	1788554428239376933	0x7f27a1e2f3b0	1	0fdbf3977c990123	37ce4a3fd2247f32	1459	1	1	512	-1	1	1	0	none	-1	-	-	-	1	1	replay	none	638	4.0336
1195	1788554428244593292	0x7f27a1e2f3b0	1	0fdbf3977c990123	37ce4a3fd2247f32	1459	1	1	512	-1	1	1	0	none	-1	-	-	-	1	1	replay	none	643	3.8293
1196	1788554428249738066	0x7f27a1e2f3b0	1	0fdbf3977c990123	37ce4a3fd2247f32	1459	1	1	512	-1	1	1	0	none	-1	-	-	-	1	1	replay	none	646	3.8798
1197	1788554428255654149	0x7f27a1e2f3b0	1	0fdbf3977c990123	37ce4a3fd2247f32	1459	1	1	512	-1	1	1	0	none	-1	-	-	-	1	1	replay	none	644	5.1478
1198	1788554428262293691	0x7f27a1e2f3b0	1	0fdbf3977c990123	37ce4a3fd2247f32	1459	1	1	512	-1	1	1	0	none	-1	-	-	-	1	1	replay	none	684	3.8878
1199	1788554428267036451	0x7f27a1e2f3b0	1	da7570afdbb81394	94a357743892276a	1459	252	0	256	-1	1	1	1	structure	0	GET_ROWS	model.input_embed	shape,data	1	0	direct	none	6006	17.0866
1200	1788554428290129220	0x7f27a1e2f3b0	1	0fdbf3977c990123	37ce4a3fd2247f32	1459	1	1	512	-1	1	1	1	structure	0	GET_ROWS	model.input_embed	shape,data	0	0	direct	none	4200	4.9090
1201	1788554428295785855	0x7f27a1e2f3b0	1	802ba1f19f5ea689	7d1f90516afcefd3	1459	4	1	256	-1	1	1	1	structure	0	GET_ROWS	model.input_embed	shape,data	0	0	direct	none	4531	4.8869
1202	1788554428303230750	0x7f27a1e2f3b0	1	d702fd6fe588b6cb	4057f96d76cc09c7	1459	2	2	512	-1	1	1	1	structure	0	GET_ROWS	model.input_embed	shape,data	0	0	direct	none	4734	5.0767
1203	1788554428309949091	0x7f27a1e2f3b0	1	d702fd6fe588b6cb	4057f96d76cc09c7	1459	2	2	512	-1	1	1	0	none	-1	-	-	-	0	1	capture	reinstantiate	5500	9.2332
1204	1788554428320819771	0x7f27a1e2f3b0	1	d702fd6fe588b6cb	4057f96d76cc09c7	1459	2	2	512	-1	1	1	0	none	-1	-	-	-	1	1	replay	none	657	4.2463
1205	1788554428326619766	0x7f27a1e2f3b0	1	d702fd6fe588b6cb	4057f96d76cc09c7	1459	2	2	512	-1	1	1	0	none	-1	-	-	-	1	1	replay	none	612	4.0760
1206	1788554428332176965	0x7f27a1e2f3b0	1	d702fd6fe588b6cb	4057f96d76cc09c7	1459	2	2	512	-1	1	1	0	none	-1	-	-	-	1	1	replay	none	648	4.2040
1207	1788554428337846455	0x7f27a1e2f3b0	1	d702fd6fe588b6cb	4057f96d76cc09c7	1459	2	2	512	-1	1	1	0	none	-1	-	-	-	1	1	replay	none	640	4.2768
1208	1788554428343682909	0x7f27a1e2f3b0	1	d702fd6fe588b6cb	4057f96d76cc09c7	1459	2	2	512	-1	1	1	0	none	-1	-	-	-	1	1	replay	none	631	4.3010
1209	1788554428349931416	0x7f27a1e2f3b0	1	d702fd6fe588b6cb	4057f96d76cc09c7	1459	2	2	512	-1	1	1	0	none	-1	-	-	-	1	1	replay	none	669	4.3852
1210	1788554428355847650	0x7f27a1e2f3b0	1	d702fd6fe588b6cb	4057f96d76cc09c7	1459	2	2	512	-1	1	1	0	none	-1	-	-	-	1	1	replay	none	629	4.3274
1211	1788554428361688512	0x7f27a1e2f3b0	1	d702fd6fe588b6cb	4057f96d76cc09c7	1459	2	2	512	-1	1	1	0	none	-1	-	-	-	1	1	replay	none	630	4.1051
1212	1788554428367223679	0x7f27a1e2f3b0	1	d702fd6fe588b6cb	4057f96d76cc09c7	1459	2	2	512	-1	1	1	0	none	-1	-	-	-	1	1	replay	none	606	4.1864
1213	1788554428372828308	0x7f27a1e2f3b0	1	d702fd6fe588b6cb	4057f96d76cc09c7	1459	2	2	512	-1	1	1	0	none	-1	-	-	-	1	1	replay	none	717	4.3347
1214	1788554428379118383	0x7f27a1e2f3b0	1	d702fd6fe588b6cb	4057f96d76cc09c7	1459	2	2	512	-1	1	1	0	none	-1	-	-	-	1	1	replay	none	659	4.3368
1215	1788554428384921945	0x7f27a1e2f3b0	1	d702fd6fe588b6cb	4057f96d76cc09c7	1459	2	2	512	-1	1	1	0	none	-1	-	-	-	1	1	replay	none	642	4.2955
1216	1788554428390720557	0x7f27a1e2f3b0	1	d702fd6fe588b6cb	4057f96d76cc09c7	1459	2	2	512	-1	1	1	0	none	-1	-	-	-	1	1	replay	none	639	4.2994
1217	1788554428396464487	0x7f27a1e2f3b0	1	d702fd6fe588b6cb	4057f96d76cc09c7	1459	2	2	512	-1	1	1	0	none	-1	-	-	-	1	1	replay	none	633	4.2660
1218	1788554428402251688	0x7f27a1e2f3b0	1	d702fd6fe588b6cb	4057f96d76cc09c7	1459	2	2	512	-1	1	1	0	none	-1	-	-	-	1	1	replay	none	651	4.3361
1219	1788554428408179844	0x7f27a1e2f3b0	1	d702fd6fe588b6cb	4057f96d76cc09c7	1459	2	2	512	-1	1	1	0	none	-1	-	-	-	1	1	replay	none	652	4.2325
1220	1788554428414155740	0x7f27a1e2f3b0	1	d702fd6fe588b6cb	4057f96d76cc09c7	1459	2	2	512	-1	1	1	0	none	-1	-	-	-	1	1	replay	none	648	4.2774
1221	1788554428420077253	0x7f27a1e2f3b0	1	d702fd6fe588b6cb	4057f96d76cc09c7	1459	2	2	512	-1	1	1	0	none	-1	-	-	-	1	1	replay	none	682	4.0716
1222	1788554428425777110	0x7f27a1e2f3b0	1	d702fd6fe588b6cb	4057f96d76cc09c7	1459	2	2	512	-1	1	1	0	none	-1	-	-	-	1	1	replay	none	683	4.3152
1223	1788554428431723701	0x7f27a1e2f3b0	1	d702fd6fe588b6cb	4057f96d76cc09c7	1459	2	2	512	-1	1	1	0	none	-1	-	-	-	1	1	replay	none	638	4.1523
1224	1788554428437427004	0x7f27a1e2f3b0	1	d702fd6fe588b6cb	4057f96d76cc09c7	1459	2	2	512	-1	1	1	0	none	-1	-	-	-	1	1	replay	none	636	4.3283
1225	1788554428443305878	0x7f27a1e2f3b0	1	d702fd6fe588b6cb	4057f96d76cc09c7	1459	2	2	512	-1	1	1	0	none	-1	-	-	-	1	1	replay	none	659	4.2382
1226	1788554428449124678	0x7f27a1e2f3b0	1	d702fd6fe588b6cb	4057f96d76cc09c7	1459	2	2	512	-1	1	1	0	none	-1	-	-	-	1	1	replay	none	696	4.3830
1227	1788554428455183680	0x7f27a1e2f3b0	1	d702fd6fe588b6cb	4057f96d76cc09c7	1459	2	2	512	-1	1	1	0	none	-1	-	-	-	1	1	replay	none	665	4.2397
1228	1788554428461156750	0x7f27a1e2f3b0	1	d702fd6fe588b6cb	4057f96d76cc09c7	1459	2	2	512	-1	1	1	0	none	-1	-	-	-	1	1	replay	none	663	4.2364
1229	1788554428466927921	0x7f27a1e2f3b0	1	d702fd6fe588b6cb	4057f96d76cc09c7	1459	2	2	512	-1	1	1	0	none	-1	-	-	-	1	1	replay	none	655	4.2916
1230	1788554428472749226	0x7f27a1e2f3b0	1	d702fd6fe588b6cb	4057f96d76cc09c7	1459	2	2	512	-1	1	1	0	none	-1	-	-	-	1	1	replay	none	646	4.3839
1231	1788554428478637317	0x7f27a1e2f3b0	1	d702fd6fe588b6cb	4057f96d76cc09c7	1459	2	2	512	-1	1	1	0	none	-1	-	-	-	1	1	replay	none	636	4.2667
1232	1788554428484439265	0x7f27a1e2f3b0	1	d702fd6fe588b6cb	4057f96d76cc09c7	1459	2	2	512	-1	1	1	0	none	-1	-	-	-	1	1	replay	none	636	4.2968
1233	1788554428491125475	0x7f27a1e2f3b0	1	0fdbf3977c990123	37ce4a3fd2247f32	1459	1	1	512	-1	1	1	1	structure	0	GET_ROWS	model.input_embed	shape,data	1	0	direct	none	4159	4.7721
1234	1788554428497038513	0x7f27a1e2f3b0	1	0fdbf3977c990123	37ce4a3fd2247f32	1459	1	1	512	-1	1	1	0	none	-1	-	-	-	0	1	capture	reinstantiate	5543	8.9729
1235	1788554428507266426	0x7f27a1e2f3b0	1	0fdbf3977c990123	37ce4a3fd2247f32	1459	1	1	512	-1	1	1	0	none	-1	-	-	-	1	1	replay	none	668	3.7996
1236	1788554428512245128	0x7f27a1e2f3b0	1	0fdbf3977c990123	37ce4a3fd2247f32	1459	1	1	512	-1	1	1	0	none	-1	-	-	-	1	1	replay	none	662	3.8658
1237	1788554428517244980	0x7f27a1e2f3b0	1	0fdbf3977c990123	37ce4a3fd2247f32	1459	1	1	512	-1	1	1	0	none	-1	-	-	-	1	1	replay	none	634	4.0507
1238	1788554428522763917	0x7f27a1e2f3b0	1	0fdbf3977c990123	37ce4a3fd2247f32	1459	1	1	512	-1	1	1	0	none	-1	-	-	-	1	1	replay	none	676	3.8836
1239	1788554428527810307	0x7f27a1e2f3b0	1	0fdbf3977c990123	37ce4a3fd2247f32	1459	1	1	512	-1	1	1	0	none	-1	-	-	-	1	1	replay	none	723	3.9947
1240	1788554428533062603	0x7f27a1e2f3b0	1	0fdbf3977c990123	37ce4a3fd2247f32	1459	1	1	512	-1	1	1	0	none	-1	-	-	-	1	1	replay	none	647	4.0333
1241	1788554428538218508	0x7f27a1e2f3b0	1	0fdbf3977c990123	37ce4a3fd2247f32	1459	1	1	512	-1	1	1	0	none	-1	-	-	-	1	1	replay	none	662	4.0162
1242	1788554428543404620	0x7f27a1e2f3b0	1	0fdbf3977c990123	37ce4a3fd2247f32	1459	1	1	512	-1	1	1	0	none	-1	-	-	-	1	1	replay	none	638	4.0492
1243	1788554428548796739	0x7f27a1e2f3b0	1	0fdbf3977c990123	37ce4a3fd2247f32	1459	1	1	512	-1	1	1	0	none	-1	-	-	-	1	1	replay	none	652	3.8875
1244	1788554428553807953	0x7f27a1e2f3b0	1	0fdbf3977c990123	37ce4a3fd2247f32	1459	1	1	512	-1	1	1	0	none	-1	-	-	-	1	1	replay	none	665	3.9038
1245	1788554428558905488	0x7f27a1e2f3b0	1	0fdbf3977c990123	37ce4a3fd2247f32	1459	1	1	512	-1	1	1	0	none	-1	-	-	-	1	1	replay	none	625	4.1323
1246	1788554428564176239	0x7f27a1e2f3b0	1	0fdbf3977c990123	37ce4a3fd2247f32	1459	1	1	512	-1	1	1	0	none	-1	-	-	-	1	1	replay	none	657	4.0232
1247	1788554428569434667	0x7f27a1e2f3b0	1	0fdbf3977c990123	37ce4a3fd2247f32	1459	1	1	512	-1	1	1	0	none	-1	-	-	-	1	1	replay	none	621	4.2309
1248	1788554428574859457	0x7f27a1e2f3b0	1	0fdbf3977c990123	37ce4a3fd2247f32	1459	1	1	512	-1	1	1	0	none	-1	-	-	-	1	1	replay	none	657	3.9381
1249	1788554428579957674	0x7f27a1e2f3b0	1	0fdbf3977c990123	37ce4a3fd2247f32	1459	1	1	512	-1	1	1	0	none	-1	-	-	-	1	1	replay	none	633	4.0243
1250	1788554428585078273	0x7f27a1e2f3b0	1	0fdbf3977c990123	37ce4a3fd2247f32	1459	1	1	512	-1	1	1	0	none	-1	-	-	-	1	1	replay	none	637	4.0799
1251	1788554428590258624	0x7f27a1e2f3b0	1	0fdbf3977c990123	37ce4a3fd2247f32	1459	1	1	512	-1	1	1	0	none	-1	-	-	-	1	1	replay	none	703	3.9076
1252	1788554428595540346	0x7f27a1e2f3b0	1	0fdbf3977c990123	37ce4a3fd2247f32	1459	1	1	512	-1	1	1	0	none	-1	-	-	-	1	1	replay	none	626	3.7829
1253	1788554428600473352	0x7f27a1e2f3b0	1	0fdbf3977c990123	37ce4a3fd2247f32	1459	1	1	512	-1	1	1	0	none	-1	-	-	-	1	1	replay	none	640	3.8048
1254	1788554428605845053	0x7f27a1e2f3b0	1	0fdbf3977c990123	37ce4a3fd2247f32	1459	1	1	512	-1	1	1	0	none	-1	-	-	-	1	1	replay	none	636	3.8752
1255	1788554428610809378	0x7f27a1e2f3b0	1	0fdbf3977c990123	37ce4a3fd2247f32	1459	1	1	512	-1	1	1	0	none	-1	-	-	-	1	1	replay	none	631	4.0332
1256	1788554428616031818	0x7f27a1e2f3b0	1	0fdbf3977c990123	37ce4a3fd2247f32	1459	1	1	512	-1	1	1	0	none	-1	-	-	-	1	1	replay	none	642	3.9924
1257	1788554428621102904	0x7f27a1e2f3b0	1	0fdbf3977c990123	37ce4a3fd2247f32	1459	1	1	512	-1	1	1	0	none	-1	-	-	-	1	1	replay	none	613	4.0402
1258	1788554428626350512	0x7f27a1e2f3b0	1	0fdbf3977c990123	37ce4a3fd2247f32	1459	1	1	512	-1	1	1	0	none	-1	-	-	-	1	1	replay	none	618	3.7852
1259	1788554428631491780	0x7f27a1e2f3b0	1	0fdbf3977c990123	37ce4a3fd2247f32	1459	1	1	512	-1	1	1	0	none	-1	-	-	-	1	1	replay	none	638	3.7956
1260	1788554428636566342	0x7f27a1e2f3b0	1	0fdbf3977c990123	37ce4a3fd2247f32	1459	1	1	512	-1	1	1	0	none	-1	-	-	-	1	1	replay	none	629	3.8519
1261	1788554428641505720	0x7f27a1e2f3b0	1	0fdbf3977c990123	37ce4a3fd2247f32	1459	1	1	512	-1	1	1	0	none	-1	-	-	-	1	1	replay	none	1041	4.0534
1262	1788554428647066867	0x7f27a1e2f3b0	1	0fdbf3977c990123	37ce4a3fd2247f32	1459	1	1	512	-1	1	1	0	none	-1	-	-	-	1	1	replay	none	638	4.0058
1263	1788554428652155916	0x7f27a1e2f3b0	1	0fdbf3977c990123	37ce4a3fd2247f32	1459	1	1	512	-1	1	1	0	none	-1	-	-	-	1	1	replay	none	638	4.0452
1264	1788554428657395208	0x7f27a1e2f3b0	1	0fdbf3977c990123	37ce4a3fd2247f32	1459	1	1	512	-1	1	1	0	none	-1	-	-	-	1	1	replay	none	629	4.0124
1265	1788554428662721694	0x7f27a1e2f3b0	1	0fdbf3977c990123	37ce4a3fd2247f32	1459	1	1	512	-1	1	1	0	none	-1	-	-	-	1	1	replay	none	640	3.8095
1266	1788554428667712229	0x7f27a1e2f3b0	1	0fdbf3977c990123	37ce4a3fd2247f32	1459	1	1	512	-1	1	1	0	none	-1	-	-	-	1	1	replay	none	646	4.0516
1267	1788554428672824382	0x7f27a1e2f3b0	1	0fdbf3977c990123	37ce4a3fd2247f32	1459	1	1	512	-1	1	1	0	none	-1	-	-	-	1	1	replay	none	629	4.1328
1268	1788554428678064836	0x7f27a1e2f3b0	1	0fdbf3977c990123	37ce4a3fd2247f32	1459	1	1	512	-1	1	1	0	none	-1	-	-	-	1	1	replay	none	640	4.0927
1269	1788554428683258331	0x7f27a1e2f3b0	1	0fdbf3977c990123	37ce4a3fd2247f32	1459	1	1	512	-1	1	1	0	none	-1	-	-	-	1	1	replay	none	638	4.0109
1270	1788554428688568396	0x7f27a1e2f3b0	1	0fdbf3977c990123	37ce4a3fd2247f32	1459	1	1	512	-1	1	1	0	none	-1	-	-	-	1	1	replay	none	627	3.7876
1271	1788554428693621308	0x7f27a1e2f3b0	1	0fdbf3977c990123	37ce4a3fd2247f32	1459	1	1	512	-1	1	1	0	none	-1	-	-	-	1	1	replay	none	626	3.8058
1272	1788554428698737659	0x7f27a1e2f3b0	1	0fdbf3977c990123	37ce4a3fd2247f32	1459	1	1	512	-1	1	1	0	none	-1	-	-	-	1	1	replay	none	648	3.9445
1273	1788554428703762037	0x7f27a1e2f3b0	1	0fdbf3977c990123	37ce4a3fd2247f32	1459	1	1	512	-1	1	1	0	none	-1	-	-	-	1	1	replay	none	556	3.9669
1274	1788554428708811983	0x7f27a1e2f3b0	1	0fdbf3977c990123	37ce4a3fd2247f32	1459	1	1	512	-1	1	1	0	none	-1	-	-	-	1	1	replay	none	661	4.0632
1275	1788554428714024455	0x7f27a1e2f3b0	1	0fdbf3977c990123	37ce4a3fd2247f32	1459	1	1	512	-1	1	1	0	none	-1	-	-	-	1	1	replay	none	625	3.7707
1276	1788554428719023646	0x7f27a1e2f3b0	1	0fdbf3977c990123	37ce4a3fd2247f32	1459	1	1	512	-1	1	1	0	none	-1	-	-	-	1	1	replay	none	624	3.8003
1277	1788554428723969496	0x7f27a1e2f3b0	1	0fdbf3977c990123	37ce4a3fd2247f32	1459	1	1	512	-1	1	1	0	none	-1	-	-	-	1	1	replay	none	643	3.9271
1278	1788554428729020575	0x7f27a1e2f3b0	1	0fdbf3977c990123	37ce4a3fd2247f32	1459	1	1	512	-1	1	1	0	none	-1	-	-	-	1	1	replay	none	656	3.9712
1279	1788554428734126035	0x7f27a1e2f3b0	1	0fdbf3977c990123	37ce4a3fd2247f32	1459	1	1	512	-1	1	1	0	none	-1	-	-	-	1	1	replay	none	636	4.0202
1280	1788554428739333777	0x7f27a1e2f3b0	1	0fdbf3977c990123	37ce4a3fd2247f32	1459	1	1	512	-1	1	1	0	none	-1	-	-	-	1	1	replay	none	640	3.7891
1281	1788554428744280620	0x7f27a1e2f3b0	1	0fdbf3977c990123	37ce4a3fd2247f32	1459	1	1	512	-1	1	1	0	none	-1	-	-	-	1	1	replay	none	637	3.8056
1282	1788554428749309126	0x7f27a1e2f3b0	1	0fdbf3977c990123	37ce4a3fd2247f32	1459	1	1	512	-1	1	1	0	none	-1	-	-	-	1	1	replay	none	662	3.8594
1283	1788554428754304429	0x7f27a1e2f3b0	1	0fdbf3977c990123	37ce4a3fd2247f32	1459	1	1	512	-1	1	1	0	none	-1	-	-	-	1	1	replay	none	637	4.0434
1284	1788554428759700957	0x7f27a1e2f3b0	1	0fdbf3977c990123	37ce4a3fd2247f32	1459	1	1	512	-1	1	1	0	none	-1	-	-	-	1	1	replay	none	638	3.9755
1285	1788554428764795697	0x7f27a1e2f3b0	1	0fdbf3977c990123	37ce4a3fd2247f32	1459	1	1	512	-1	1	1	0	none	-1	-	-	-	1	1	replay	none	650	4.0542
1286	1788554428770028767	0x7f27a1e2f3b0	1	0fdbf3977c990123	37ce4a3fd2247f32	1459	1	1	512	-1	1	1	0	none	-1	-	-	-	1	1	replay	none	636	3.7807
1287	1788554428774952416	0x7f27a1e2f3b0	1	0fdbf3977c990123	37ce4a3fd2247f32	1459	1	1	512	-1	1	1	0	none	-1	-	-	-	1	1	replay	none	636	3.9860
1288	1788554428780115946	0x7f27a1e2f3b0	1	0fdbf3977c990123	37ce4a3fd2247f32	1459	1	1	512	-1	1	1	0	none	-1	-	-	-	1	1	replay	none	673	3.9727
1289	1788554428785255711	0x7f27a1e2f3b0	1	0fdbf3977c990123	37ce4a3fd2247f32	1459	1	1	512	-1	1	1	0	none	-1	-	-	-	1	1	replay	none	1025	4.1816
1290	1788554428790957341	0x7f27a1e2f3b0	1	0fdbf3977c990123	37ce4a3fd2247f32	1459	1	1	512	-1	1	1	0	none	-1	-	-	-	1	1	replay	none	639	3.9586
1291	1788554428796082659	0x7f27a1e2f3b0	1	0fdbf3977c990123	37ce4a3fd2247f32	1459	1	1	512	-1	1	1	0	none	-1	-	-	-	1	1	replay	none	603	4.0572
1292	1788554428801187698	0x7f27a1e2f3b0	1	0fdbf3977c990123	37ce4a3fd2247f32	1459	1	1	512	-1	1	1	0	none	-1	-	-	-	1	1	replay	none	601	3.7850
1293	1788554428806168915	0x7f27a1e2f3b0	1	0fdbf3977c990123	37ce4a3fd2247f32	1459	1	1	512	-1	1	1	0	none	-1	-	-	-	1	1	replay	none	600	3.8141
1294	1788554428811111630	0x7f27a1e2f3b0	1	0fdbf3977c990123	37ce4a3fd2247f32	1459	1	1	512	-1	1	1	0	none	-1	-	-	-	1	1	replay	none	632	4.0225
1295	1788554428816271553	0x7f27a1e2f3b0	1	0fdbf3977c990123	37ce4a3fd2247f32	1459	1	1	512	-1	1	1	0	none	-1	-	-	-	1	1	replay	none	637	4.1769
1296	1788554428821595053	0x7f27a1e2f3b0	1	0fdbf3977c990123	37ce4a3fd2247f32	1459	1	1	512	-1	1	1	0	none	-1	-	-	-	1	1	replay	none	630	4.0354
1297	1788554428826885291	0x7f27a1e2f3b0	1	0fdbf3977c990123	37ce4a3fd2247f32	1459	1	1	512	-1	1	1	0	none	-1	-	-	-	1	1	replay	none	589	4.0281
1298	1788554428832086541	0x7f27a1e2f3b0	1	0fdbf3977c990123	37ce4a3fd2247f32	1459	1	1	512	-1	1	1	0	none	-1	-	-	-	1	1	replay	none	620	3.7728
1299	1788554428837011943	0x7f27a1e2f3b0	1	0fdbf3977c990123	37ce4a3fd2247f32	1459	1	1	512	-1	1	1	0	none	-1	-	-	-	1	1	replay	none	713	3.8609
1300	1788554428842045048	0x7f27a1e2f3b0	1	0fdbf3977c990123	37ce4a3fd2247f32	1459	1	1	512	-1	1	1	0	none	-1	-	-	-	1	1	replay	none	626	4.0462
1301	1788554428847160477	0x7f27a1e2f3b0	1	0fdbf3977c990123	37ce4a3fd2247f32	1459	1	1	512	-1	1	1	0	none	-1	-	-	-	1	1	replay	none	633	3.9582
1302	1788554428852111497	0x7f27a1e2f3b0	1	0fdbf3977c990123	37ce4a3fd2247f32	1459	1	1	512	-1	1	1	0	none	-1	-	-	-	1	1	replay	none	570	4.0395
1303	1788554429366188306	0x7f27a1e2f3b0	1	5e879b663492f411	4c833ba4bc1bea9f	1459	4	1	256	-1	1	1	1	structure	0	GET_ROWS	model.input_embed	shape,data	1	0	direct	none	5048	5.3289
1304	1788554429373790476	0x7f27a1e2f3b0	1	0fdbf3977c990123	37ce4a3fd2247f32	1459	1	1	512	-1	1	1	1	structure	0	GET_ROWS	model.input_embed	shape,data	0	0	direct	none	4033	4.5585
1305	1788554429379726146	0x7f27a1e2f3b0	1	0fdbf3977c990123	37ce4a3fd2247f32	1459	1	1	512	-1	1	1	0	none	-1	-	-	-	0	1	capture	update	2723	5.9226
1306	1788554429386829800	0x7f27a1e2f3b0	1	0fdbf3977c990123	37ce4a3fd2247f32	1459	1	1	512	-1	1	1	0	none	-1	-	-	-	1	1	replay	none	660	3.8543
1307	1788554429391804124	0x7f27a1e2f3b0	1	0fdbf3977c990123	37ce4a3fd2247f32	1459	1	1	512	-1	1	1	0	none	-1	-	-	-	1	1	replay	none	971	4.0476
1308	1788554429397309887	0x7f27a1e2f3b0	1	0fdbf3977c990123	37ce4a3fd2247f32	1459	1	1	512	-1	1	1	0	none	-1	-	-	-	1	1	replay	none	660	4.0685
1309	1788554429402517259	0x7f27a1e2f3b0	1	0fdbf3977c990123	37ce4a3fd2247f32	1459	1	1	512	-1	1	1	0	none	-1	-	-	-	1	1	replay	none	612	3.7895
1310	1788554429407444915	0x7f27a1e2f3b0	1	0fdbf3977c990123	37ce4a3fd2247f32	1459	1	1	512	-1	1	1	0	none	-1	-	-	-	1	1	replay	none	629	3.7820
1311	1788554429412390014	0x7f27a1e2f3b0	1	0fdbf3977c990123	37ce4a3fd2247f32	1459	1	1	512	-1	1	1	0	none	-1	-	-	-	1	1	replay	none	620	3.9700
1312	1788554429417835514	0x7f27a1e2f3b0	1	0fdbf3977c990123	37ce4a3fd2247f32	1459	1	1	512	-1	1	1	0	none	-1	-	-	-	1	1	replay	none	660	4.0460
1313	1788554429423072471	0x7f27a1e2f3b0	1	0fdbf3977c990123	37ce4a3fd2247f32	1459	1	1	512	-1	1	1	0	none	-1	-	-	-	1	1	replay	none	694	3.8060
1314	1788554429428228998	0x7f27a1e2f3b0	1	0fdbf3977c990123	37ce4a3fd2247f32	1459	1	1	512	-1	1	1	0	none	-1	-	-	-	1	1	replay	none	680	4.0019
1315	1788554429433465785	0x7f27a1e2f3b0	1	0fdbf3977c990123	37ce4a3fd2247f32	1459	1	1	512	-1	1	1	0	none	-1	-	-	-	1	1	replay	none	642	3.9977
1316	1788554429438691621	0x7f27a1e2f3b0	1	0fdbf3977c990123	37ce4a3fd2247f32	1459	1	1	512	-1	1	1	0	none	-1	-	-	-	1	1	replay	none	628	3.7780
1317	1788554429443861192	0x7f27a1e2f3b0	1	0fdbf3977c990123	37ce4a3fd2247f32	1459	1	1	512	-1	1	1	0	none	-1	-	-	-	1	1	replay	none	659	3.8460
1318	1788554429448878848	0x7f27a1e2f3b0	1	0fdbf3977c990123	37ce4a3fd2247f32	1459	1	1	512	-1	1	1	0	none	-1	-	-	-	1	1	replay	none	634	3.9968
1319	1788554429453994798	0x7f27a1e2f3b0	1	0fdbf3977c990123	37ce4a3fd2247f32	1459	1	1	512	-1	1	1	0	none	-1	-	-	-	1	1	replay	none	735	3.8148
1320	1788554429459151164	0x7f27a1e2f3b0	1	0fdbf3977c990123	37ce4a3fd2247f32	1459	1	1	512	-1	1	1	0	none	-1	-	-	-	1	1	replay	none	662	4.0159
1321	1788554429464395415	0x7f27a1e2f3b0	1	0fdbf3977c990123	37ce4a3fd2247f32	1459	1	1	512	-1	1	1	0	none	-1	-	-	-	1	1	replay	none	645	3.9979
1322	1788554429469618336	0x7f27a1e2f3b0	1	0fdbf3977c990123	37ce4a3fd2247f32	1459	1	1	512	-1	1	1	0	none	-1	-	-	-	1	1	replay	none	643	3.8214
1323	1788554429474863199	0x7f27a1e2f3b0	1	0fdbf3977c990123	37ce4a3fd2247f32	1459	1	1	512	-1	1	1	0	none	-1	-	-	-	1	1	replay	none	683	3.8932
1324	1788554429479987434	0x7f27a1e2f3b0	1	0fdbf3977c990123	37ce4a3fd2247f32	1459	1	1	512	-1	1	1	0	none	-1	-	-	-	1	1	replay	none	647	4.0237
1325	1788554429485118633	0x7f27a1e2f3b0	1	0fdbf3977c990123	37ce4a3fd2247f32	1459	1	1	512	-1	1	1	0	none	-1	-	-	-	1	1	replay	none	646	4.0130
1326	1788554429490262195	0x7f27a1e2f3b0	1	0fdbf3977c990123	37ce4a3fd2247f32	1459	1	1	512	-1	1	1	0	none	-1	-	-	-	1	1	replay	none	640	4.0127
1327	1788554429495390458	0x7f27a1e2f3b0	1	0fdbf3977c990123	37ce4a3fd2247f32	1459	1	1	512	-1	1	1	0	none	-1	-	-	-	1	1	replay	none	639	3.7770
1328	1788554429500785102	0x7f27a1e2f3b0	1	0fdbf3977c990123	37ce4a3fd2247f32	1459	1	1	512	-1	1	1	0	none	-1	-	-	-	1	1	replay	none	649	3.7988
1329	1788554429505430318	0x7f27a1e2f3b0	1	da7570afdbb81394	94a357743892276a	1459	252	0	256	-1	1	1	1	structure	0	GET_ROWS	model.input_embed	shape,data	1	0	direct	none	5396	16.7852
1330	1788554429528085385	0x7f27a1e2f3b0	1	0fdbf3977c990123	37ce4a3fd2247f32	1459	1	1	512	-1	1	1	1	structure	0	GET_ROWS	model.input_embed	shape,data	0	0	direct	none	3926	4.5906
1331	1788554429533398846	0x7f27a1e2f3b0	1	802ba1f19f5ea689	7d1f90516afcefd3	1459	4	1	256	-1	1	1	1	structure	0	GET_ROWS	model.input_embed	shape,data	0	0	direct	none	4613	5.2263
1332	1788554429541171226	0x7f27a1e2f3b0	1	d702fd6fe588b6cb	4057f96d76cc09c7	1459	2	2	512	-1	1	1	1	structure	0	GET_ROWS	model.input_embed	shape,data	0	0	direct	none	4468	5.0879
1333	1788554429547801701	0x7f27a1e2f3b0	1	d702fd6fe588b6cb	4057f96d76cc09c7	1459	2	2	512	-1	1	1	0	none	-1	-	-	-	0	1	capture	reinstantiate	5230	8.9140
1334	1788554429558299361	0x7f27a1e2f3b0	1	d702fd6fe588b6cb	4057f96d76cc09c7	1459	2	2	512	-1	1	1	0	none	-1	-	-	-	1	1	replay	none	647	4.0872
1335	1788554429563973680	0x7f27a1e2f3b0	1	d702fd6fe588b6cb	4057f96d76cc09c7	1459	2	2	512	-1	1	1	0	none	-1	-	-	-	1	1	replay	none	652	4.0881
1336	1788554429569659300	0x7f27a1e2f3b0	1	d702fd6fe588b6cb	4057f96d76cc09c7	1459	2	2	512	-1	1	1	0	none	-1	-	-	-	1	1	replay	none	630	4.1444
1337	1788554429575386399	0x7f27a1e2f3b0	1	d702fd6fe588b6cb	4057f96d76cc09c7	1459	2	2	512	-1	1	1	0	none	-1	-	-	-	1	1	replay	none	635	4.5823
1338	1788554429581559514	0x7f27a1e2f3b0	1	d702fd6fe588b6cb	4057f96d76cc09c7	1459	2	2	512	-1	1	1	0	none	-1	-	-	-	1	1	replay	none	641	4.1629
1339	1788554429587356113	0x7f27a1e2f3b0	1	d702fd6fe588b6cb	4057f96d76cc09c7	1459	2	2	512	-1	1	1	0	none	-1	-	-	-	1	1	replay	none	704	4.1430
1340	1788554429593175124	0x7f27a1e2f3b0	1	d702fd6fe588b6cb	4057f96d76cc09c7	1459	2	2	512	-1	1	1	0	none	-1	-	-	-	1	1	replay	none	620	4.1354
1341	1788554429598816040	0x7f27a1e2f3b0	1	d702fd6fe588b6cb	4057f96d76cc09c7	1459	2	2	512	-1	1	1	0	none	-1	-	-	-	1	1	replay	none	631	4.2759
1342	1788554429604747763	0x7f27a1e2f3b0	1	d702fd6fe588b6cb	4057f96d76cc09c7	1459	2	2	512	-1	1	1	0	none	-1	-	-	-	1	1	replay	none	642	4.2713
1343	1788554429610497764	0x7f27a1e2f3b0	1	d702fd6fe588b6cb	4057f96d76cc09c7	1459	2	2	512	-1	1	1	0	none	-1	-	-	-	1	1	replay	none	576	4.3211
1344	1788554429616221466	0x7f27a1e2f3b0	1	d702fd6fe588b6cb	4057f96d76cc09c7	1459	2	2	512	-1	1	1	0	none	-1	-	-	-	1	1	replay	none	659	4.4648
1345	1788554429622153469	0x7f27a1e2f3b0	1	d702fd6fe588b6cb	4057f96d76cc09c7	1459	2	2	512	-1	1	1	0	none	-1	-	-	-	1	1	replay	none	629	4.3439
1346	1788554429627942363	0x7f27a1e2f3b0	1	d702fd6fe588b6cb	4057f96d76cc09c7	1459	2	2	512	-1	1	1	0	none	-1	-	-	-	1	1	replay	none	674	4.3032
1347	1788554429633736608	0x7f27a1e2f3b0	1	d702fd6fe588b6cb	4057f96d76cc09c7	1459	2	2	512	-1	1	1	0	none	-1	-	-	-	1	1	replay	none	644	4.3124
1348	1788554429639554897	0x7f27a1e2f3b0	1	d702fd6fe588b6cb	4057f96d76cc09c7	1459	2	2	512	-1	1	1	0	none	-1	-	-	-	1	1	replay	none	635	4.2444
1349	1788554429645324385	0x7f27a1e2f3b0	1	d702fd6fe588b6cb	4057f96d76cc09c7	1459	2	2	512	-1	1	1	0	none	-1	-	-	-	1	1	replay	none	629	4.0569
1350	1788554429650848221	0x7f27a1e2f3b0	1	d702fd6fe588b6cb	4057f96d76cc09c7	1459	2	2	512	-1	1	1	0	none	-1	-	-	-	1	1	replay	none	585	4.1280
1351	1788554429656610345	0x7f27a1e2f3b0	1	d702fd6fe588b6cb	4057f96d76cc09c7	1459	2	2	512	-1	1	1	0	none	-1	-	-	-	1	1	replay	none	665	4.0884
1352	1788554429662245852	0x7f27a1e2f3b0	1	d702fd6fe588b6cb	4057f96d76cc09c7	1459	2	2	512	-1	1	1	0	none	-1	-	-	-	1	1	replay	none	634	4.1025
1353	1788554429667777302	0x7f27a1e2f3b0	1	d702fd6fe588b6cb	4057f96d76cc09c7	1459	2	2	512	-1	1	1	0	none	-1	-	-	-	1	1	replay	none	588	4.1565
1354	1788554429673493099	0x7f27a1e2f3b0	1	d702fd6fe588b6cb	4057f96d76cc09c7	1459	2	2	512	-1	1	1	0	none	-1	-	-	-	1	1	replay	none	618	4.1910
1355	1788554429679102686	0x7f27a1e2f3b0	1	d702fd6fe588b6cb	4057f96d76cc09c7	1459	2	2	512	-1	1	1	0	none	-1	-	-	-	1	1	replay	none	628	4.4088
1356	1788554429684956372	0x7f27a1e2f3b0	1	d702fd6fe588b6cb	4057f96d76cc09c7	1459	2	2	512	-1	1	1	0	none	-1	-	-	-	1	1	replay	none	636	4.2688
1357	1788554429690852338	0x7f27a1e2f3b0	1	d702fd6fe588b6cb	4057f96d76cc09c7	1459	2	2	512	-1	1	1	0	none	-1	-	-	-	1	1	replay	none	641	4.2842
1358	1788554429696650540	0x7f27a1e2f3b0	1	d702fd6fe588b6cb	4057f96d76cc09c7	1459	2	2	512	-1	1	1	0	none	-1	-	-	-	1	1	replay	none	715	4.3081
1359	1788554429702574187	0x7f27a1e2f3b0	1	d702fd6fe588b6cb	4057f96d76cc09c7	1459	2	2	512	-1	1	1	0	none	-1	-	-	-	1	1	replay	none	622	4.2360
1360	1788554429708435738	0x7f27a1e2f3b0	1	d702fd6fe588b6cb	4057f96d76cc09c7	1459	2	2	512	-1	1	1	0	none	-1	-	-	-	1	1	replay	none	597	4.2416
1361	1788554429714171643	0x7f27a1e2f3b0	1	d702fd6fe588b6cb	4057f96d76cc09c7	1459	2	2	512	-1	1	1	0	none	-1	-	-	-	1	1	replay	none	654	4.0739
1362	1788554429719854498	0x7f27a1e2f3b0	1	d702fd6fe588b6cb	4057f96d76cc09c7	1459	2	2	512	-1	1	1	0	none	-1	-	-	-	1	1	replay	none	645	4.0753
1363	1788554429726336203	0x7f27a1e2f3b0	1	0fdbf3977c990123	37ce4a3fd2247f32	1459	1	1	512	-1	1	1	1	structure	0	GET_ROWS	model.input_embed	shape,data	1	0	direct	none	4260	4.6614
1364	1788554429732149233	0x7f27a1e2f3b0	1	0fdbf3977c990123	37ce4a3fd2247f32	1459	1	1	512	-1	1	1	0	none	-1	-	-	-	0	1	capture	reinstantiate	4930	8.1270
1365	1788554429741368531	0x7f27a1e2f3b0	1	0fdbf3977c990123	37ce4a3fd2247f32	1459	1	1	512	-1	1	1	0	none	-1	-	-	-	1	1	replay	none	622	4.0918
1366	1788554429746561406	0x7f27a1e2f3b0	1	0fdbf3977c990123	37ce4a3fd2247f32	1459	1	1	512	-1	1	1	0	none	-1	-	-	-	1	1	replay	none	634	4.0565
1367	1788554429751831486	0x7f27a1e2f3b0	1	0fdbf3977c990123	37ce4a3fd2247f32	1459	1	1	512	-1	1	1	0	none	-1	-	-	-	1	1	replay	none	618	3.7712
1368	1788554429756811851	0x7f27a1e2f3b0	1	0fdbf3977c990123	37ce4a3fd2247f32	1459	1	1	512	-1	1	1	0	none	-1	-	-	-	1	1	replay	none	621	3.7653
1369	1788554429761717897	0x7f27a1e2f3b0	1	0fdbf3977c990123	37ce4a3fd2247f32	1459	1	1	512	-1	1	1	0	none	-1	-	-	-	1	1	replay	none	517	3.8314
1370	1788554429766558049	0x7f27a1e2f3b0	1	0fdbf3977c990123	37ce4a3fd2247f32	1459	1	1	512	-1	1	1	0	none	-1	-	-	-	1	1	replay	none	621	4.0465
1371	1788554429771616581	0x7f27a1e2f3b0	1	0fdbf3977c990123	37ce4a3fd2247f32	1459	1	1	512	-1	1	1	0	none	-1	-	-	-	1	1	replay	none	735	4.0353
1372	1788554429776821909	0x7f27a1e2f3b0	1	0fdbf3977c990123	37ce4a3fd2247f32	1459	1	1	512	-1	1	1	0	none	-1	-	-	-	1	1	replay	none	597	3.9993
1373	1788554429781954000	0x7f27a1e2f3b0	1	0fdbf3977c990123	37ce4a3fd2247f32	1459	1	1	512	-1	1	1	0	none	-1	-	-	-	1	1	replay	none	574	3.7744
1374	1788554429786866568	0x7f27a1e2f3b0	1	0fdbf3977c990123	37ce4a3fd2247f32	1459	1	1	512	-1	1	1	0	none	-1	-	-	-	1	1	replay	none	644	3.8530
1375	1788554429791815194	0x7f27a1e2f3b0	1	0fdbf3977c990123	37ce4a3fd2247f32	1459	1	1	512	-1	1	1	0	none	-1	-	-	-	1	1	replay	none	588	4.0335
1376	1788554429796903813	0x7f27a1e2f3b0	1	0fdbf3977c990123	37ce4a3fd2247f32	1459	1	1	512	-1	1	1	0	none	-1	-	-	-	1	1	replay	none	595	3.9269
1377	1788554429801885200	0x7f27a1e2f3b0	1	0fdbf3977c990123	37ce4a3fd2247f32	1459	1	1	512	-1	1	1	0	none	-1	-	-	-	1	1	replay	none	602	4.0247
1378	1788554429807053068	0x7f27a1e2f3b0	1	0fdbf3977c990123	37ce4a3fd2247f32	1459	1	1	512	-1	1	1	0	none	-1	-	-	-	1	1	replay	none	634	3.8037
1379	1788554429812127129	0x7f27a1e2f3b0	1	0fdbf3977c990123	37ce4a3fd2247f32	1459	1	1	512	-1	1	1	0	none	-1	-	-	-	1	1	replay	none	693	3.8815
1380	1788554429817297131	0x7f27a1e2f3b0	1	0fdbf3977c990123	37ce4a3fd2247f32	1459	1	1	512	-1	1	1	0	none	-1	-	-	-	1	1	replay	none	631	3.9932
1381	1788554429822437307	0x7f27a1e2f3b0	1	0fdbf3977c990123	37ce4a3fd2247f32	1459	1	1	512	-1	1	1	0	none	-1	-	-	-	1	1	replay	none	625	3.9757
1382	1788554429827471012	0x7f27a1e2f3b0	1	0fdbf3977c990123	37ce4a3fd2247f32	1459	1	1	512	-1	1	1	0	none	-1	-	-	-	1	1	replay	none	625	4.0519
1383	1788554429832681109	0x7f27a1e2f3b0	1	0fdbf3977c990123	37ce4a3fd2247f32	1459	1	1	512	-1	1	1	0	none	-1	-	-	-	1	1	replay	none	626	3.7698
1384	1788554429837543924	0x7f27a1e2f3b0	1	0fdbf3977c990123	37ce4a3fd2247f32	1459	1	1	512	-1	1	1	0	none	-1	-	-	-	1	1	replay	none	559	3.7956
1385	1788554429842456011	0x7f27a1e2f3b0	1	0fdbf3977c990123	37ce4a3fd2247f32	1459	1	1	512	-1	1	1	0	none	-1	-	-	-	1	1	replay	none	634	4.0337
1386	1788554429847570699	0x7f27a1e2f3b0	1	0fdbf3977c990123	37ce4a3fd2247f32	1459	1	1	512	-1	1	1	0	none	-1	-	-	-	1	1	replay	none	610	4.0124
1387	1788554429852693071	0x7f27a1e2f3b0	1	0fdbf3977c990123	37ce4a3fd2247f32	1459	1	1	512	-1	1	1	0	none	-1	-	-	-	1	1	replay	none	640	3.7746
1388	1788554429857689617	0x7f27a1e2f3b0	1	0fdbf3977c990123	37ce4a3fd2247f32	1459	1	1	512	-1	1	1	0	none	-1	-	-	-	1	1	replay	none	653	3.8059
1389	1788554429862752367	0x7f27a1e2f3b0	1	0fdbf3977c990123	37ce4a3fd2247f32	1459	1	1	512	-1	1	1	0	none	-1	-	-	-	1	1	replay	none	639	3.8107
1390	1788554429867713026	0x7f27a1e2f3b0	1	0fdbf3977c990123	37ce4a3fd2247f32	1459	1	1	512	-1	1	1	0	none	-1	-	-	-	1	1	replay	none	691	3.8102
1391	1788554429872688973	0x7f27a1e2f3b0	1	0fdbf3977c990123	37ce4a3fd2247f32	1459	1	1	512	-1	1	1	0	none	-1	-	-	-	1	1	replay	none	652	3.9601
1392	1788554429877908377	0x7f27a1e2f3b0	1	0fdbf3977c990123	37ce4a3fd2247f32	1459	1	1	512	-1	1	1	0	none	-1	-	-	-	1	1	replay	none	679	4.0322
1393	1788554429883136849	0x7f27a1e2f3b0	1	0fdbf3977c990123	37ce4a3fd2247f32	1459	1	1	512	-1	1	1	0	none	-1	-	-	-	1	1	replay	none	653	3.7959
1394	1788554429888137302	0x7f27a1e2f3b0	1	0fdbf3977c990123	37ce4a3fd2247f32	1459	1	1	512	-1	1	1	0	none	-1	-	-	-	1	1	replay	none	641	3.7933
1395	1788554429893166089	0x7f27a1e2f3b0	1	0fdbf3977c990123	37ce4a3fd2247f32	1459	1	1	512	-1	1	1	0	none	-1	-	-	-	1	1	replay	none	652	3.9267
1396	1788554429898233738	0x7f27a1e2f3b0	1	0fdbf3977c990123	37ce4a3fd2247f32	1459	1	1	512	-1	1	1	0	none	-1	-	-	-	1	1	replay	none	647	4.0569
1397	1788554429903770459	0x7f27a1e2f3b0	1	0fdbf3977c990123	37ce4a3fd2247f32	1459	1	1	512	-1	1	1	0	none	-1	-	-	-	1	1	replay	none	657	3.9179
1398	1788554429908883784	0x7f27a1e2f3b0	1	0fdbf3977c990123	37ce4a3fd2247f32	1459	1	1	512	-1	1	1	0	none	-1	-	-	-	1	1	replay	none	643	4.0504
1399	1788554429914297734	0x7f27a1e2f3b0	1	0fdbf3977c990123	37ce4a3fd2247f32	1459	1	1	512	-1	1	1	0	none	-1	-	-	-	1	1	replay	none	651	3.8217
1400	1788554429919290673	0x7f27a1e2f3b0	1	0fdbf3977c990123	37ce4a3fd2247f32	1459	1	1	512	-1	1	1	0	none	-1	-	-	-	1	1	replay	none	662	3.8040
1401	1788554429924343033	0x7f27a1e2f3b0	1	0fdbf3977c990123	37ce4a3fd2247f32	1459	1	1	512	-1	1	1	0	none	-1	-	-	-	1	1	replay	none	637	3.9684
1402	1788554429929377671	0x7f27a1e2f3b0	1	0fdbf3977c990123	37ce4a3fd2247f32	1459	1	1	512	-1	1	1	0	none	-1	-	-	-	1	1	replay	none	633	4.0414
1403	1788554429934454217	0x7f27a1e2f3b0	1	0fdbf3977c990123	37ce4a3fd2247f32	1459	1	1	512	-1	1	1	0	none	-1	-	-	-	1	1	replay	none	510	4.0762
1404	1788554429939533849	0x7f27a1e2f3b0	1	0fdbf3977c990123	37ce4a3fd2247f32	1459	1	1	512	-1	1	1	0	none	-1	-	-	-	1	1	replay	none	599	4.0278
1405	1788554429944674135	0x7f27a1e2f3b0	1	0fdbf3977c990123	37ce4a3fd2247f32	1459	1	1	512	-1	1	1	0	none	-1	-	-	-	1	1	replay	none	586	3.7951
1406	1788554429949774606	0x7f27a1e2f3b0	1	0fdbf3977c990123	37ce4a3fd2247f32	1459	1	1	512	-1	1	1	0	none	-1	-	-	-	1	1	replay	none	647	3.8140
1407	1788554429954878343	0x7f27a1e2f3b0	1	0fdbf3977c990123	37ce4a3fd2247f32	1459	1	1	512	-1	1	1	0	none	-1	-	-	-	1	1	replay	none	661	4.0044
1408	1788554429960019721	0x7f27a1e2f3b0	1	0fdbf3977c990123	37ce4a3fd2247f32	1459	1	1	512	-1	1	1	0	none	-1	-	-	-	1	1	replay	none	647	3.9917
1409	1788554429965132345	0x7f27a1e2f3b0	1	0fdbf3977c990123	37ce4a3fd2247f32	1459	1	1	512	-1	1	1	0	none	-1	-	-	-	1	1	replay	none	648	3.9071
1410	1788554429970260859	0x7f27a1e2f3b0	1	0fdbf3977c990123	37ce4a3fd2247f32	1459	1	1	512	-1	1	1	0	none	-1	-	-	-	1	1	replay	none	639	3.7821
1411	1788554429975215967	0x7f27a1e2f3b0	1	0fdbf3977c990123	37ce4a3fd2247f32	1459	1	1	512	-1	1	1	0	none	-1	-	-	-	1	1	replay	none	639	4.0107
1412	1788554429980392541	0x7f27a1e2f3b0	1	0fdbf3977c990123	37ce4a3fd2247f32	1459	1	1	512	-1	1	1	0	none	-1	-	-	-	1	1	replay	none	622	3.8522
1413	1788554429985327451	0x7f27a1e2f3b0	1	0fdbf3977c990123	37ce4a3fd2247f32	1459	1	1	512	-1	1	1	0	none	-1	-	-	-	1	1	replay	none	679	4.0284
1414	1788554429990472436	0x7f27a1e2f3b0	1	0fdbf3977c990123	37ce4a3fd2247f32	1459	1	1	512	-1	1	1	0	none	-1	-	-	-	1	1	replay	none	512	4.0308
1415	1788554429995582565	0x7f27a1e2f3b0	1	0fdbf3977c990123	37ce4a3fd2247f32	1459	1	1	512	-1	1	1	0	none	-1	-	-	-	1	1	replay	none	625	3.7871
1416	1788554430000842646	0x7f27a1e2f3b0	1	0fdbf3977c990123	37ce4a3fd2247f32	1459	1	1	512	-1	1	1	0	none	-1	-	-	-	1	1	replay	none	657	3.8026
1417	1788554430005817681	0x7f27a1e2f3b0	1	0fdbf3977c990123	37ce4a3fd2247f32	1459	1	1	512	-1	1	1	0	none	-1	-	-	-	1	1	replay	none	1614	3.7655
1418	1788554430011860112	0x7f27a1e2f3b0	1	0fdbf3977c990123	37ce4a3fd2247f32	1459	1	1	512	-1	1	1	0	none	-1	-	-	-	1	1	replay	none	645	3.9552
1419	1788554430017868158	0x7f27a1e2f3b0	1	0fdbf3977c990123	37ce4a3fd2247f32	1459	1	1	512	-1	1	1	0	none	-1	-	-	-	1	1	replay	none	702	4.2033
1420	1788554430023214921	0x7f27a1e2f3b0	1	0fdbf3977c990123	37ce4a3fd2247f32	1459	1	1	512	-1	1	1	0	none	-1	-	-	-	1	1	replay	none	645	4.0099
1421	1788554430028357311	0x7f27a1e2f3b0	1	0fdbf3977c990123	37ce4a3fd2247f32	1459	1	1	512	-1	1	1	0	none	-1	-	-	-	1	1	replay	none	634	4.0324
1422	1788554430033601512	0x7f27a1e2f3b0	1	0fdbf3977c990123	37ce4a3fd2247f32	1459	1	1	512	-1	1	1	0	none	-1	-	-	-	1	1	replay	none	642	4.0554
1423	1788554430038897120	0x7f27a1e2f3b0	1	0fdbf3977c990123	37ce4a3fd2247f32	1459	1	1	512	-1	1	1	0	none	-1	-	-	-	1	1	replay	none	655	3.7925
1424	1788554430043851417	0x7f27a1e2f3b0	1	0fdbf3977c990123	37ce4a3fd2247f32	1459	1	1	512	-1	1	1	0	none	-1	-	-	-	1	1	replay	none	507	3.8060
1425	1788554430048712869	0x7f27a1e2f3b0	1	0fdbf3977c990123	37ce4a3fd2247f32	1459	1	1	512	-1	1	1	0	none	-1	-	-	-	1	1	replay	none	626	3.8129
1426	1788554430053621409	0x7f27a1e2f3b0	1	0fdbf3977c990123	37ce4a3fd2247f32	1459	1	1	512	-1	1	1	0	none	-1	-	-	-	1	1	replay	none	624	3.9677
1427	1788554430058678489	0x7f27a1e2f3b0	1	0fdbf3977c990123	37ce4a3fd2247f32	1459	1	1	512	-1	1	1	0	none	-1	-	-	-	1	1	replay	none	633	4.0455
1428	1788554430063883056	0x7f27a1e2f3b0	1	0fdbf3977c990123	37ce4a3fd2247f32	1459	1	1	512	-1	1	1	0	none	-1	-	-	-	1	1	replay	none	600	3.7703
1429	1788554430068830359	0x7f27a1e2f3b0	1	0fdbf3977c990123	37ce4a3fd2247f32	1459	1	1	512	-1	1	1	0	none	-1	-	-	-	1	1	replay	none	632	4.0472
1430	1788554430074044073	0x7f27a1e2f3b0	1	0fdbf3977c990123	37ce4a3fd2247f32	1459	1	1	512	-1	1	1	0	none	-1	-	-	-	1	1	replay	none	606	3.8795
1431	1788554430079056198	0x7f27a1e2f3b0	1	0fdbf3977c990123	37ce4a3fd2247f32	1459	1	1	512	-1	1	1	0	none	-1	-	-	-	1	1	replay	none	1015	4.0548
1432	1788554430084506837	0x7f27a1e2f3b0	1	0fdbf3977c990123	37ce4a3fd2247f32	1459	1	1	512	-1	1	1	0	none	-1	-	-	-	1	1	replay	none	623	4.0110
1433	1788554430599360144	0x7f27a1e2f3b0	1	5e879b663492f411	4c833ba4bc1bea9f	1459	4	1	256	-1	1	1	1	structure	0	GET_ROWS	model.input_embed	shape,data	1	0	direct	none	5140	5.3755
1434	1788554430607050259	0x7f27a1e2f3b0	1	0fdbf3977c990123	37ce4a3fd2247f32	1459	1	1	512	-1	1	1	1	structure	0	GET_ROWS	model.input_embed	shape,data	0	0	direct	none	4159	4.6602
1435	1788554430612899898	0x7f27a1e2f3b0	1	0fdbf3977c990123	37ce4a3fd2247f32	1459	1	1	512	-1	1	1	0	none	-1	-	-	-	0	1	capture	update	2907	6.3012
1436	1788554430620437347	0x7f27a1e2f3b0	1	0fdbf3977c990123	37ce4a3fd2247f32	1459	1	1	512	-1	1	1	0	none	-1	-	-	-	1	1	replay	none	654	3.7856
1437	1788554430625432129	0x7f27a1e2f3b0	1	0fdbf3977c990123	37ce4a3fd2247f32	1459	1	1	512	-1	1	1	0	none	-1	-	-	-	1	1	replay	none	500	3.7834
1438	1788554430630135975	0x7f27a1e2f3b0	1	0fdbf3977c990123	37ce4a3fd2247f32	1459	1	1	512	-1	1	1	0	none	-1	-	-	-	1	1	replay	none	584	4.0052
1439	1788554430635097606	0x7f27a1e2f3b0	1	0fdbf3977c990123	37ce4a3fd2247f32	1459	1	1	512	-1	1	1	0	none	-1	-	-	-	1	1	replay	none	577	4.1441
1440	1788554430640348098	0x7f27a1e2f3b0	1	0fdbf3977c990123	37ce4a3fd2247f32	1459	1	1	512	-1	1	1	0	none	-1	-	-	-	1	1	replay	none	636	3.9085
1441	1788554430645451936	0x7f27a1e2f3b0	1	0fdbf3977c990123	37ce4a3fd2247f32	1459	1	1	512	-1	1	1	0	none	-1	-	-	-	1	1	replay	none	638	3.7652
1442	1788554430650370245	0x7f27a1e2f3b0	1	0fdbf3977c990123	37ce4a3fd2247f32	1459	1	1	512	-1	1	1	0	none	-1	-	-	-	1	1	replay	none	637	3.9994
1443	1788554430655553161	0x7f27a1e2f3b0	1	0fdbf3977c990123	37ce4a3fd2247f32	1459	1	1	512	-1	1	1	0	none	-1	-	-	-	1	1	replay	none	630	3.8417
1444	1788554430660493140	0x7f27a1e2f3b0	1	0fdbf3977c990123	37ce4a3fd2247f32	1459	1	1	512	-1	1	1	0	none	-1	-	-	-	1	1	replay	none	639	3.9647
1445	1788554430665561631	0x7f27a1e2f3b0	1	0fdbf3977c990123	37ce4a3fd2247f32	1459	1	1	512	-1	1	1	0	none	-1	-	-	-	1	1	replay	none	630	4.0290
1446	1788554430670873680	0x7f27a1e2f3b0	1	0fdbf3977c990123	37ce4a3fd2247f32	1459	1	1	512	-1	1	1	0	none	-1	-	-	-	1	1	replay	none	637	4.0316
1447	1788554430676061134	0x7f27a1e2f3b0	1	0fdbf3977c990123	37ce4a3fd2247f32	1459	1	1	512	-1	1	1	0	none	-1	-	-	-	1	1	replay	none	646	3.7828
1448	1788554430680989021	0x7f27a1e2f3b0	1	0fdbf3977c990123	37ce4a3fd2247f32	1459	1	1	512	-1	1	1	0	none	-1	-	-	-	1	1	replay	none	635	3.8658
1449	1788554430686128345	0x7f27a1e2f3b0	1	0fdbf3977c990123	37ce4a3fd2247f32	1459	1	1	512	-1	1	1	0	none	-1	-	-	-	1	1	replay	none	636	3.9883
1450	1788554430691218747	0x7f27a1e2f3b0	1	0fdbf3977c990123	37ce4a3fd2247f32	1459	1	1	512	-1	1	1	0	none	-1	-	-	-	1	1	replay	none	643	4.0626
1451	1788554430696400401	0x7f27a1e2f3b0	1	0fdbf3977c990123	37ce4a3fd2247f32	1459	1	1	512	-1	1	1	0	none	-1	-	-	-	1	1	replay	none	625	4.1115
1452	1788554430701653539	0x7f27a1e2f3b0	1	0fdbf3977c990123	37ce4a3fd2247f32	1459	1	1	512	-1	1	1	0	none	-1	-	-	-	1	1	replay	none	638	3.8105
1453	1788554430706650135	0x7f27a1e2f3b0	1	0fdbf3977c990123	37ce4a3fd2247f32	1459	1	1	512	-1	1	1	0	none	-1	-	-	-	1	1	replay	none	628	3.7966
1454	1788554430711700642	0x7f27a1e2f3b0	1	0fdbf3977c990123	37ce4a3fd2247f32	1459	1	1	512	-1	1	1	0	none	-1	-	-	-	1	1	replay	none	714	3.8764
1455	1788554430716747823	0x7f27a1e2f3b0	1	0fdbf3977c990123	37ce4a3fd2247f32	1459	1	1	512	-1	1	1	0	none	-1	-	-	-	1	1	replay	none	727	4.0401
1456	1788554430721995240	0x7f27a1e2f3b0	1	0fdbf3977c990123	37ce4a3fd2247f32	1459	1	1	512	-1	1	1	0	none	-1	-	-	-	1	1	replay	none	635	3.9797
1457	1788554430727081635	0x7f27a1e2f3b0	1	0fdbf3977c990123	37ce4a3fd2247f32	1459	1	1	512	-1	1	1	0	none	-1	-	-	-	1	1	replay	none	646	4.0316
1458	1788554430732669842	0x7f27a1e2f3b0	1	0fdbf3977c990123	37ce4a3fd2247f32	1459	1	1	512	-1	1	1	0	none	-1	-	-	-	1	1	replay	none	640	3.7915
1459	1788554430737412631	0x7f27a1e2f3b0	1	da7570afdbb81394	94a357743892276a	1459	252	0	256	-1	1	1	1	structure	0	GET_ROWS	model.input_embed	shape,data	1	0	direct	none	5184	16.9902
1460	1788554430760610508	0x7f27a1e2f3b0	1	0fdbf3977c990123	37ce4a3fd2247f32	1459	1	1	512	-1	1	1	1	structure	0	GET_ROWS	model.input_embed	shape,data	0	0	direct	none	3009	4.5100
1461	1788554430765875278	0x7f27a1e2f3b0	1	802ba1f19f5ea689	7d1f90516afcefd3	1459	4	1	256	-1	1	1	1	structure	0	GET_ROWS	model.input_embed	shape,data	0	0	direct	none	4390	4.8379
1462	1788554430773251464	0x7f27a1e2f3b0	1	d702fd6fe588b6cb	4057f96d76cc09c7	1459	2	2	512	-1	1	1	1	structure	0	GET_ROWS	model.input_embed	shape,data	0	0	direct	none	4618	5.0061
1463	1788554430779773796	0x7f27a1e2f3b0	1	d702fd6fe588b6cb	4057f96d76cc09c7	1459	2	2	512	-1	1	1	0	none	-1	-	-	-	0	1	capture	reinstantiate	4986	8.6514
1464	1788554430790077481	0x7f27a1e2f3b0	1	d702fd6fe588b6cb	4057f96d76cc09c7	1459	2	2	512	-1	1	1	0	none	-1	-	-	-	1	1	replay	none	696	4.2564
1465	1788554430796086228	0x7f27a1e2f3b0	1	d702fd6fe588b6cb	4057f96d76cc09c7	1459	2	2	512	-1	1	1	0	none	-1	-	-	-	1	1	replay	none	675	4.3120
1466	1788554430801895451	0x7f27a1e2f3b0	1	d702fd6fe588b6cb	4057f96d76cc09c7	1459	2	2	512	-1	1	1	0	none	-1	-	-	-	1	1	replay	none	631	4.3093
1467	1788554430807751701	0x7f27a1e2f3b0	1	d702fd6fe588b6cb	4057f96d76cc09c7	1459	2	2	512	-1	1	1	0	none	-1	-	-	-	1	1	replay	none	646	4.0810
1468	1788554430813446789	0x7f27a1e2f3b0	1	d702fd6fe588b6cb	4057f96d76cc09c7	1459	2	2	512	-1	1	1	0	none	-1	-	-	-	1	1	replay	none	648	4.0843
1469	1788554430819175761	0x7f27a1e2f3b0	1	d702fd6fe588b6cb	4057f96d76cc09c7	1459	2	2	512	-1	1	1	0	none	-1	-	-	-	1	1	replay	none	652	4.1134
1470	1788554430824842326	0x7f27a1e2f3b0	1	d702fd6fe588b6cb	4057f96d76cc09c7	1459	2	2	512	-1	1	1	0	none	-1	-	-	-	1	1	replay	none	648	4.0923
1471	1788554430830482981	0x7f27a1e2f3b0	1	d702fd6fe588b6cb	4057f96d76cc09c7	1459	2	2	512	-1	1	1	0	none	-1	-	-	-	1	1	replay	none	642	4.3040
1472	1788554430836280161	0x7f27a1e2f3b0	1	d702fd6fe588b6cb	4057f96d76cc09c7	1459	2	2	512	-1	1	1	0	none	-1	-	-	-	1	1	replay	none	650	4.2183
1473	1788554430841975530	0x7f27a1e2f3b0	1	d702fd6fe588b6cb	4057f96d76cc09c7	1459	2	2	512	-1	1	1	0	none	-1	-	-	-	1	1	replay	none	671	4.2327
1474	1788554430847761288	0x7f27a1e2f3b0	1	d702fd6fe588b6cb	4057f96d76cc09c7	1459	2	2	512	-1	1	1	0	none	-1	-	-	-	1	1	replay	none	645	4.3392
1475	1788554430853622158	0x7f27a1e2f3b0	1	d702fd6fe588b6cb	4057f96d76cc09c7	1459	2	2	512	-1	1	1	0	none	-1	-	-	-	1	1	replay	none	622	4.3234
1476	1788554430859392698	0x7f27a1e2f3b0	1	d702fd6fe588b6cb	4057f96d76cc09c7	1459	2	2	512	-1	1	1	0	none	-1	-	-	-	1	1	replay	none	635	4.2777
1477	1788554430865175861	0x7f27a1e2f3b0	1	d702fd6fe588b6cb	4057f96d76cc09c7	1459	2	2	512	-1	1	1	0	none	-1	-	-	-	1	1	replay	none	639	4.2833
1478	1788554430870937744	0x7f27a1e2f3b0	1	d702fd6fe588b6cb	4057f96d76cc09c7	1459	2	2	512	-1	1	1	0	none	-1	-	-	-	1	1	replay	none	645	4.3237
1479	1788554430876837136	0x7f27a1e2f3b0	1	d702fd6fe588b6cb	4057f96d76cc09c7	1459	2	2	512	-1	1	1	0	none	-1	-	-	-	1	1	replay	none	609	4.2063
1480	1788554430882551901	0x7f27a1e2f3b0	1	d702fd6fe588b6cb	4057f96d76cc09c7	1459	2	2	512	-1	1	1	0	none	-1	-	-	-	1	1	replay	none	644	4.0847
1481	1788554430888133436	0x7f27a1e2f3b0	1	d702fd6fe588b6cb	4057f96d76cc09c7	1459	2	2	512	-1	1	1	0	none	-1	-	-	-	1	1	replay	none	653	4.0720
1482	1788554430893655419	0x7f27a1e2f3b0	1	d702fd6fe588b6cb	4057f96d76cc09c7	1459	2	2	512	-1	1	1	0	none	-1	-	-	-	1	1	replay	none	597	4.1403
1483	1788554430899211636	0x7f27a1e2f3b0	1	d702fd6fe588b6cb	4057f96d76cc09c7	1459	2	2	512	-1	1	1	0	none	-1	-	-	-	1	1	replay	none	632	4.2417
1484	1788554430904901515	0x7f27a1e2f3b0	1	d702fd6fe588b6cb	4057f96d76cc09c7	1459	2	2	512	-1	1	1	0	none	-1	-	-	-	1	1	replay	none	670	4.2129
1485	1788554430910598035	0x7f27a1e2f3b0	1	d702fd6fe588b6cb	4057f96d76cc09c7	1459	2	2	512	-1	1	1	0	none	-1	-	-	-	1	1	replay	none	633	4.3156
1486	1788554430916511924	0x7f27a1e2f3b0	1	d702fd6fe588b6cb	4057f96d76cc09c7	1459	2	2	512	-1	1	1	0	none	-1	-	-	-	1	1	replay	none	648	4.3403
1487	1788554430922288315	0x7f27a1e2f3b0	1	d702fd6fe588b6cb	4057f96d76cc09c7	1459	2	2	512	-1	1	1	0	none	-1	-	-	-	1	1	replay	none	631	4.3580
1488	1788554430928104120	0x7f27a1e2f3b0	1	d702fd6fe588b6cb	4057f96d76cc09c7	1459	2	2	512	-1	1	1	0	none	-1	-	-	-	1	1	replay	none	718	4.2773
1489	1788554430933863409	0x7f27a1e2f3b0	1	d702fd6fe588b6cb	4057f96d76cc09c7	1459	2	2	512	-1	1	1	0	none	-1	-	-	-	1	1	replay	none	736	4.3082
1490	1788554430939862448	0x7f27a1e2f3b0	1	d702fd6fe588b6cb	4057f96d76cc09c7	1459	2	2	512	-1	1	1	0	none	-1	-	-	-	1	1	replay	none	667	4.3313
1491	1788554430945734248	0x7f27a1e2f3b0	1	d702fd6fe588b6cb	4057f96d76cc09c7	1459	2	2	512	-1	1	1	0	none	-1	-	-	-	1	1	replay	none	646	4.3447
1492	1788554430951540144	0x7f27a1e2f3b0	1	d702fd6fe588b6cb	4057f96d76cc09c7	1459	2	2	512	-1	1	1	0	none	-1	-	-	-	1	1	replay	none	508	4.0572
1493	1788554430957559481	0x7f27a1e2f3b0	1	0fdbf3977c990123	37ce4a3fd2247f32	1459	1	1	512	-1	1	1	1	structure	0	GET_ROWS	model.input_embed	shape,data	1	0	direct	none	3464	4.5889
1494	1788554430963301247	0x7f27a1e2f3b0	1	0fdbf3977c990123	37ce4a3fd2247f32	1459	1	1	512	-1	1	1	0	none	-1	-	-	-	0	1	capture	reinstantiate	4696	8.1267
1495	1788554430972562694	0x7f27a1e2f3b0	1	0fdbf3977c990123	37ce4a3fd2247f32	1459	1	1	512	-1	1	1	0	none	-1	-	-	-	1	1	replay	none	643	3.9050
1496	1788554430977698261	0x7f27a1e2f3b0	1	0fdbf3977c990123	37ce4a3fd2247f32	1459	1	1	512	-1	1	1	0	none	-1	-	-	-	1	1	replay	none	659	4.0500
1497	1788554430982904210	0x7f27a1e2f3b0	1	0fdbf3977c990123	37ce4a3fd2247f32	1459	1	1	512	-1	1	1	0	none	-1	-	-	-	1	1	replay	none	639	3.7952
1498	1788554430987876671	0x7f27a1e2f3b0	1	0fdbf3977c990123	37ce4a3fd2247f32	1459	1	1	512	-1	1	1	0	none	-1	-	-	-	1	1	replay	none	646	3.7940
1499	1788554430992795861	0x7f27a1e2f3b0	1	0fdbf3977c990123	37ce4a3fd2247f32	1459	1	1	512	-1	1	1	0	none	-1	-	-	-	1	1	replay	none	608	3.9132
1500	1788554430997777600	0x7f27a1e2f3b0	1	0fdbf3977c990123	37ce4a3fd2247f32	1459	1	1	512	-1	1	1	0	none	-1	-	-	-	1	1	replay	none	668	3.9655
1501	1788554431002890113	0x7f27a1e2f3b0	1	0fdbf3977c990123	37ce4a3fd2247f32	1459	1	1	512	-1	1	1	0	none	-1	-	-	-	1	1	replay	none	635	4.0208
1502	1788554431008067940	0x7f27a1e2f3b0	1	0fdbf3977c990123	37ce4a3fd2247f32	1459	1	1	512	-1	1	1	0	none	-1	-	-	-	1	1	replay	none	644	3.7874
1503	1788554431013138905	0x7f27a1e2f3b0	1	0fdbf3977c990123	37ce4a3fd2247f32	1459	1	1	512	-1	1	1	0	none	-1	-	-	-	1	1	replay	none	642	3.7963
1504	1788554431018218176	0x7f27a1e2f3b0	1	0fdbf3977c990123	37ce4a3fd2247f32	1459	1	1	512	-1	1	1	0	none	-1	-	-	-	1	1	replay	none	644	3.8404
1505	1788554431023203772	0x7f27a1e2f3b0	1	0fdbf3977c990123	37ce4a3fd2247f32	1459	1	1	512	-1	1	1	0	none	-1	-	-	-	1	1	replay	none	624	4.0101
1506	1788554431028415742	0x7f27a1e2f3b0	1	0fdbf3977c990123	37ce4a3fd2247f32	1459	1	1	512	-1	1	1	0	none	-1	-	-	-	1	1	replay	none	530	4.0470
1507	1788554431033492940	0x7f27a1e2f3b0	1	0fdbf3977c990123	37ce4a3fd2247f32	1459	1	1	512	-1	1	1	0	none	-1	-	-	-	1	1	replay	none	634	4.0574
1508	1788554431038679302	0x7f27a1e2f3b0	1	0fdbf3977c990123	37ce4a3fd2247f32	1459	1	1	512	-1	1	1	0	none	-1	-	-	-	1	1	replay	none	639	3.7889
1509	1788554431043735640	0x7f27a1e2f3b0	1	0fdbf3977c990123	37ce4a3fd2247f32	1459	1	1	512	-1	1	1	0	none	-1	-	-	-	1	1	replay	none	649	3.8216
1510	1788554431048737526	0x7f27a1e2f3b0	1	0fdbf3977c990123	37ce4a3fd2247f32	1459	1	1	512	-1	1	1	0	none	-1	-	-	-	1	1	replay	none	656	3.9158
1511	1788554431053761433	0x7f27a1e2f3b0	1	0fdbf3977c990123	37ce4a3fd2247f32	1459	1	1	512	-1	1	1	0	none	-1	-	-	-	1	1	replay	none	636	3.9686
1512	1788554431058841687	0x7f27a1e2f3b0	1	0fdbf3977c990123	37ce4a3fd2247f32	1459	1	1	512	-1	1	1	0	none	-1	-	-	-	1	1	replay	none	641	4.0482
1513	1788554431064064397	0x7f27a1e2f3b0	1	0fdbf3977c990123	37ce4a3fd2247f32	1459	1	1	512	-1	1	1	0	none	-1	-	-	-	1	1	replay	none	631	3.7868
1514	1788554431069007403	0x7f27a1e2f3b0	1	0fdbf3977c990123	37ce4a3fd2247f32	1459	1	1	512	-1	1	1	0	none	-1	-	-	-	1	1	replay	none	634	4.0338
1515	1788554431074195568	0x7f27a1e2f3b0	1	0fdbf3977c990123	37ce4a3fd2247f32	1459	1	1	512	-1	1	1	0	none	-1	-	-	-	1	1	replay	none	637	3.8848
1516	1788554431079171696	0x7f27a1e2f3b0	1	0fdbf3977c990123	37ce4a3fd2247f32	1459	1	1	512	-1	1	1	0	none	-1	-	-	-	1	1	replay	none	627	3.9449
1517	1788554431084205903	0x7f27a1e2f3b0	1	0fdbf3977c990123	37ce4a3fd2247f32	1459	1	1	512	-1	1	1	0	none	-1	-	-	-	1	1	replay	none	630	3.9921
1518	1788554431089378189	0x7f27a1e2f3b0	1	0fdbf3977c990123	37ce4a3fd2247f32	1459	1	1	512	-1	1	1	0	none	-1	-	-	-	1	1	replay	none	638	3.7676
1519	1788554431094357552	0x7f27a1e2f3b0	1	0fdbf3977c990123	37ce4a3fd2247f32	1459	1	1	512	-1	1	1	0	none	-1	-	-	-	1	1	replay	none	621	3.7944
1520	1788554431099313492	0x7f27a1e2f3b0	1	0fdbf3977c990123	37ce4a3fd2247f32	1459	1	1	512	-1	1	1	0	none	-1	-	-	-	1	1	replay	none	653	3.8660
1521	1788554431104182538	0x7f27a1e2f3b0	1	0fdbf3977c990123	37ce4a3fd2247f32	1459	1	1	512	-1	1	1	0	none	-1	-	-	-	1	1	replay	none	592	4.0930
1522	1788554431109366967	0x7f27a1e2f3b0	1	0fdbf3977c990123	37ce4a3fd2247f32	1459	1	1	512	-1	1	1	0	none	-1	-	-	-	1	1	replay	none	617	4.0670
1523	1788554431114487285	0x7f27a1e2f3b0	1	0fdbf3977c990123	37ce4a3fd2247f32	1459	1	1	512	-1	1	1	0	none	-1	-	-	-	1	1	replay	none	631	4.0265
1524	1788554431119755652	0x7f27a1e2f3b0	1	0fdbf3977c990123	37ce4a3fd2247f32	1459	1	1	512	-1	1	1	0	none	-1	-	-	-	1	1	replay	none	626	3.7973
1525	1788554431124749523	0x7f27a1e2f3b0	1	0fdbf3977c990123	37ce4a3fd2247f32	1459	1	1	512	-1	1	1	0	none	-1	-	-	-	1	1	replay	none	656	3.8273
1526	1788554431129824205	0x7f27a1e2f3b0	1	0fdbf3977c990123	37ce4a3fd2247f32	1459	1	1	512	-1	1	1	0	none	-1	-	-	-	1	1	replay	none	1198	3.8273
1527	1788554431136362667	0x7f27a1e2f3b0	1	0fdbf3977c990123	37ce4a3fd2247f32	1459	1	1	512	-1	1	1	0	none	-1	-	-	-	1	1	replay	none	620	5.0906
1528	1788554431142813966	0x7f27a1e2f3b0	1	0fdbf3977c990123	37ce4a3fd2247f32	1459	1	1	512	-1	1	1	0	none	-1	-	-	-	1	1	replay	none	634	4.1188
1529	1788554431148278451	0x7f27a1e2f3b0	1	0fdbf3977c990123	37ce4a3fd2247f32	1459	1	1	512	-1	1	1	0	none	-1	-	-	-	1	1	replay	none	648	3.9131
1530	1788554431153718540	0x7f27a1e2f3b0	1	0fdbf3977c990123	37ce4a3fd2247f32	1459	1	1	512	-1	1	1	0	none	-1	-	-	-	1	1	replay	none	704	3.9876
1531	1788554431158840151	0x7f27a1e2f3b0	1	0fdbf3977c990123	37ce4a3fd2247f32	1459	1	1	512	-1	1	1	0	none	-1	-	-	-	1	1	replay	none	617	4.0308
1532	1788554431164003861	0x7f27a1e2f3b0	1	0fdbf3977c990123	37ce4a3fd2247f32	1459	1	1	512	-1	1	1	0	none	-1	-	-	-	1	1	replay	none	664	3.7757
1533	1788554431169183440	0x7f27a1e2f3b0	1	0fdbf3977c990123	37ce4a3fd2247f32	1459	1	1	512	-1	1	1	0	none	-1	-	-	-	1	1	replay	none	614	3.7897
1534	1788554431174120024	0x7f27a1e2f3b0	1	0fdbf3977c990123	37ce4a3fd2247f32	1459	1	1	512	-1	1	1	0	none	-1	-	-	-	1	1	replay	none	635	3.9554
1535	1788554431179158468	0x7f27a1e2f3b0	1	0fdbf3977c990123	37ce4a3fd2247f32	1459	1	1	512	-1	1	1	0	none	-1	-	-	-	1	1	replay	none	782	4.0411
1536	1788554431184444167	0x7f27a1e2f3b0	1	0fdbf3977c990123	37ce4a3fd2247f32	1459	1	1	512	-1	1	1	0	none	-1	-	-	-	1	1	replay	none	645	4.0070
1537	1788554431189587970	0x7f27a1e2f3b0	1	0fdbf3977c990123	37ce4a3fd2247f32	1459	1	1	512	-1	1	1	0	none	-1	-	-	-	1	1	replay	none	633	3.7796
1538	1788554431194529302	0x7f27a1e2f3b0	1	0fdbf3977c990123	37ce4a3fd2247f32	1459	1	1	512	-1	1	1	0	none	-1	-	-	-	1	1	replay	none	630	3.8006
1539	1788554431199447601	0x7f27a1e2f3b0	1	0fdbf3977c990123	37ce4a3fd2247f32	1459	1	1	512	-1	1	1	0	none	-1	-	-	-	1	1	replay	none	660	3.9571
1540	1788554431204718492	0x7f27a1e2f3b0	1	0fdbf3977c990123	37ce4a3fd2247f32	1459	1	1	512	-1	1	1	0	none	-1	-	-	-	1	1	replay	none	1042	4.0605
1541	1788554431210362775	0x7f27a1e2f3b0	1	0fdbf3977c990123	37ce4a3fd2247f32	1459	1	1	512	-1	1	1	0	none	-1	-	-	-	1	1	replay	none	631	4.0550
1542	1788554431215533247	0x7f27a1e2f3b0	1	0fdbf3977c990123	37ce4a3fd2247f32	1459	1	1	512	-1	1	1	0	none	-1	-	-	-	1	1	replay	none	622	4.0353
1543	1788554431220705503	0x7f27a1e2f3b0	1	0fdbf3977c990123	37ce4a3fd2247f32	1459	1	1	512	-1	1	1	0	none	-1	-	-	-	1	1	replay	none	627	3.7843
1544	1788554431225633901	0x7f27a1e2f3b0	1	0fdbf3977c990123	37ce4a3fd2247f32	1459	1	1	512	-1	1	1	0	none	-1	-	-	-	1	1	replay	none	629	3.8056
1545	1788554431230579721	0x7f27a1e2f3b0	1	0fdbf3977c990123	37ce4a3fd2247f32	1459	1	1	512	-1	1	1	0	none	-1	-	-	-	1	1	replay	none	619	3.8663
1546	1788554431235540801	0x7f27a1e2f3b0	1	0fdbf3977c990123	37ce4a3fd2247f32	1459	1	1	512	-1	1	1	0	none	-1	-	-	-	1	1	replay	none	628	4.0328
1547	1788554431240626654	0x7f27a1e2f3b0	1	0fdbf3977c990123	37ce4a3fd2247f32	1459	1	1	512	-1	1	1	0	none	-1	-	-	-	1	1	replay	none	606	4.0136
1548	1788554431245839446	0x7f27a1e2f3b0	1	0fdbf3977c990123	37ce4a3fd2247f32	1459	1	1	512	-1	1	1	0	none	-1	-	-	-	1	1	replay	none	629	4.0249
1549	1788554431251006473	0x7f27a1e2f3b0	1	0fdbf3977c990123	37ce4a3fd2247f32	1459	1	1	512	-1	1	1	0	none	-1	-	-	-	1	1	replay	none	572	3.7749
1550	1788554431255899534	0x7f27a1e2f3b0	1	0fdbf3977c990123	37ce4a3fd2247f32	1459	1	1	512	-1	1	1	0	none	-1	-	-	-	1	1	replay	none	623	4.2094
1551	1788554431261158974	0x7f27a1e2f3b0	1	0fdbf3977c990123	37ce4a3fd2247f32	1459	1	1	512	-1	1	1	0	none	-1	-	-	-	1	1	replay	none	565	4.0346
1552	1788554431266187139	0x7f27a1e2f3b0	1	0fdbf3977c990123	37ce4a3fd2247f32	1459	1	1	512	-1	1	1	0	none	-1	-	-	-	1	1	replay	none	581	3.9751
1553	1788554431271253225	0x7f27a1e2f3b0	1	0fdbf3977c990123	37ce4a3fd2247f32	1459	1	1	512	-1	1	1	0	none	-1	-	-	-	1	1	replay	none	1646	4.0871
1554	1788554431277832024	0x7f27a1e2f3b0	1	0fdbf3977c990123	37ce4a3fd2247f32	1459	1	1	512	-1	1	1	0	none	-1	-	-	-	1	1	replay	none	1628	3.9694
1555	1788554431283802840	0x7f27a1e2f3b0	1	0fdbf3977c990123	37ce4a3fd2247f32	1459	1	1	512	-1	1	1	0	none	-1	-	-	-	1	1	replay	none	538	4.0420
1556	1788554431288859168	0x7f27a1e2f3b0	1	0fdbf3977c990123	37ce4a3fd2247f32	1459	1	1	512	-1	1	1	0	none	-1	-	-	-	1	1	replay	none	620	3.7834
1557	1788554431293791202	0x7f27a1e2f3b0	1	0fdbf3977c990123	37ce4a3fd2247f32	1459	1	1	512	-1	1	1	0	none	-1	-	-	-	1	1	replay	none	622	3.8476
1558	1788554431298799821	0x7f27a1e2f3b0	1	0fdbf3977c990123	37ce4a3fd2247f32	1459	1	1	512	-1	1	1	0	none	-1	-	-	-	1	1	replay	none	607	3.8714
1559	1788554431303792259	0x7f27a1e2f3b0	1	0fdbf3977c990123	37ce4a3fd2247f32	1459	1	1	512	-1	1	1	0	none	-1	-	-	-	1	1	replay	none	617	3.9612
1560	1788554431308738641	0x7f27a1e2f3b0	1	0fdbf3977c990123	37ce4a3fd2247f32	1459	1	1	512	-1	1	1	0	none	-1	-	-	-	1	1	replay	none	497	4.0258
1561	1788554431313702806	0x7f27a1e2f3b0	1	0fdbf3977c990123	37ce4a3fd2247f32	1459	1	1	512	-1	1	1	0	none	-1	-	-	-	1	1	replay	none	486	3.7657
